{"credit":"Made with Blockbench","texture_size":[64,64],"textures":{"0":"customhatsv1:hats/farmer_hat_texture","particle":"customhatsv1:hats/farmer_hat_texture"},"elements":[{"from":[3,7,3],"to":[13,11,13],"faces":{"north":{"uv":[3.5,4.5,6,5.5],"texture":"#0"},"east":{"uv":[0,5,2.5,6],"texture":"#0"},"south":{"uv":[5.5,0,8,1],"texture":"#0"},"west":{"uv":[5.5,1,8,2],"texture":"#0"},"up":{"uv":[2.5,2.5,0,0],"texture":"#0"},"down":{"uv":[2.5,2.5,0,5],"texture":"#0"}}},{"from":[11,11,4],"to":[12,12,4],"faces":{"north":{"uv":[5.5,4,5.75,4.25],"texture":"#0"},"east":{"uv":[0,0,0,0.25],"texture":"#0"},"south":{"uv":[5.5,4.25,5.75,4.5],"texture":"#0"},"west":{"uv":[0,0,0,0.25],"texture":"#0"},"up":{"uv":[0.25,0,0,0],"texture":"#0"},"down":{"uv":[0.25,0,0,0],"texture":"#0"}}},{"from":[13,8,8],"to":[14,9,8],"faces":{"north":{"uv":[5.75,4,6,4.25],"texture":"#0"},"east":{"uv":[0,0,0,0.25],"texture":"#0"},"south":{"uv":[5.75,4.25,6,4.5],"texture":"#0"},"west":{"uv":[0,0,0,0.25],"texture":"#0"},"up":{"uv":[0.25,0,0,0],"texture":"#0"},"down":{"uv":[0.25,0,0,0],"texture":"#0"}}},{"from":[2,8,8],"to":[3,9,8],"rotation":{"angle":0,"axis":"y","origin":[16,0,0]},"faces":{"north":{"uv":[6,4,6.25,4.25],"texture":"#0"},"east":{"uv":[0,0,0,0.25],"texture":"#0"},"south":{"uv":[6,4.25,6.25,4.5],"texture":"#0"},"west":{"uv":[0,0,0,0.25],"texture":"#0"},"up":{"uv":[0.25,0,0,0],"texture":"#0"},"down":{"uv":[0.25,0,0,0],"texture":"#0"}}},{"from":[5,11,6],"to":[6,12,6],"faces":{"north":{"uv":[6,4.5,6.25,4.75],"texture":"#0"},"east":{"uv":[0,0,0,0.25],"texture":"#0"},"south":{"uv":[6,4.75,6.25,5],"texture":"#0"},"west":{"uv":[0,0,0,0.25],"texture":"#0"},"up":{"uv":[0.25,0,0,0],"texture":"#0"},"down":{"uv":[0.25,0,0,0],"texture":"#0"}}},{"from":[3,8,2],"to":[3,9,3],"rotation":{"angle":45,"axis":"y","origin":[3,11.5,3]},"faces":{"north":{"uv":[0,0,0,0.25],"texture":"#0"},"east":{"uv":[6,5,6.25,5.25],"texture":"#0"},"south":{"uv":[0,0,0,0.25],"texture":"#0"},"west":{"uv":[6,5.25,6.25,5.5],"texture":"#0"},"up":{"uv":[0,0.25,0,0],"texture":"#0"},"down":{"uv":[0,0,0,0.25],"texture":"#0"}}},{"from":[13,9,13],"to":[13,10,14],"rotation":{"angle":45,"axis":"y","origin":[13,11.5,13]},"faces":{"north":{"uv":[0,0,0,0.25],"texture":"#0"},"east":{"uv":[6,5.5,6.25,5.75],"texture":"#0"},"south":{"uv":[0,0,0,0.25],"texture":"#0"},"west":{"uv":[6,5.75,6.25,6],"texture":"#0"},"up":{"uv":[0,0.25,0,0],"texture":"#0"},"down":{"uv":[0,0,0,0.25],"texture":"#0"}}},{"from":[11,8,2],"to":[11,9,3],"faces":{"north":{"uv":[0,0,0,0.25],"texture":"#0"},"east":{"uv":[6,6,6.25,6.25],"texture":"#0"},"south":{"uv":[0,0,0,0.25],"texture":"#0"},"west":{"uv":[6.25,4,6.5,4.25],"texture":"#0"},"up":{"uv":[0,0.25,0,0],"texture":"#0"},"down":{"uv":[0,0,0,0.25],"texture":"#0"}}},{"from":[5,8,13],"to":[5,9,14],"rotation":{"angle":0,"axis":"y","origin":[0,0,16]},"faces":{"north":{"uv":[0,0,0,0.25],"texture":"#0"},"east":{"uv":[6.25,4.25,6.5,4.5],"texture":"#0"},"south":{"uv":[0,0,0,0.25],"texture":"#0"},"west":{"uv":[6.25,4.5,6.5,4.75],"texture":"#0"},"up":{"uv":[0,0.25,0,0],"texture":"#0"},"down":{"uv":[0,0,0,0.25],"texture":"#0"}}},{"from":[11,9,13],"to":[11,10,14],"rotation":{"angle":0,"axis":"y","origin":[0,0,16]},"faces":{"north":{"uv":[0,0,0,0.25],"texture":"#0"},"east":{"uv":[6.25,4.75,6.5,5],"texture":"#0"},"south":{"uv":[0,0,0,0.25],"texture":"#0"},"west":{"uv":[6.25,5,6.5,5.25],"texture":"#0"},"up":{"uv":[0,0.25,0,0],"texture":"#0"},"down":{"uv":[0,0,0,0.25],"texture":"#0"}}},{"from":[8,11,11],"to":[9,12,11],"faces":{"north":{"uv":[6.25,5.25,6.5,5.5],"texture":"#0"},"east":{"uv":[0,0,0,0.25],"texture":"#0"},"south":{"uv":[6.25,5.5,6.5,5.75],"texture":"#0"},"west":{"uv":[0,0,0,0.25],"texture":"#0"},"up":{"uv":[0.25,0,0,0],"texture":"#0"},"down":{"uv":[0.25,0,0,0],"texture":"#0"}}},{"from":[-1,7,-1],"to":[3,7,17],"faces":{"north":{"uv":[0,0,1,0],"texture":"#0"},"east":{"uv":[0,0,4.5,0],"texture":"#0"},"south":{"uv":[0,0,1,0],"texture":"#0"},"west":{"uv":[0,0,4.5,0],"texture":"#0"},"up":{"uv":[13.5,4.5,12.5,0],"texture":"#0"},"down":{"uv":[13.5,0,12.5,4.5],"texture":"#0"}}},{"from":[13,7,-1],"to":[17,7,17],"rotation":{"angle":0,"axis":"y","origin":[16,0,0]},"faces":{"north":{"uv":[0,0,1,0],"texture":"#0"},"east":{"uv":[0,0,4.5,0],"texture":"#0"},"south":{"uv":[0,0,1,0],"texture":"#0"},"west":{"uv":[0,0,4.5,0],"texture":"#0"},"up":{"uv":[16,4.5,15,0],"texture":"#0"},"down":{"uv":[16,0,15,4.5],"texture":"#0"}}},{"from":[3,7,-1],"to":[13,7,3],"rotation":{"angle":0,"axis":"y","origin":[16,0,0]},"faces":{"north":{"uv":[0,0,2.5,0],"texture":"#0"},"east":{"uv":[0,0,1,0],"texture":"#0"},"south":{"uv":[0,0,2.5,0],"texture":"#0"},"west":{"uv":[0,0,1,0],"texture":"#0"},"up":{"uv":[16,8.75,13.5,7.75],"texture":"#0"},"down":{"uv":[16,7.75,13.5,8.75],"texture":"#0"}}},{"from":[3,7,13],"to":[13,7,17],"rotation":{"angle":0,"axis":"y","origin":[16,0,16]},"faces":{"north":{"uv":[0,0,2.5,0],"texture":"#0"},"east":{"uv":[0,0,1,0],"texture":"#0"},"south":{"uv":[0,0,2.5,0],"texture":"#0"},"west":{"uv":[0,0,1,0],"texture":"#0"},"up":{"uv":[16,6.75,13.5,5.75],"texture":"#0"},"down":{"uv":[16,5.75,13.5,6.75],"texture":"#0"}}}],"gui_light":"front","display":{"thirdperson_righthand":{"translation":[0,0,-3.25],"scale":[0.6,0.6,0.6]},"thirdperson_lefthand":{"translation":[0,0,-3.25],"scale":[0.6,0.6,0.6]},"firstperson_righthand":{"translation":[3.5,0,0],"scale":[0.86,0.86,0.86]},"firstperson_lefthand":{"translation":[3.5,0,0],"scale":[0.86,0.86,0.86]},"ground":{"translation":[0,0.5,0],"scale":[0.75,0.75,0.75]},"gui":{"rotation":[40,45,0],"scale":[0.66,0.66,0.66]},"head":{"translation":[0,3.25,-0.25],"scale":[1.65,1.65,1.65]},"fixed":{"rotation":[-90,0,0],"translation":[0,0,-1.75],"scale":[1.81,1.81,1.81]}},"groups":[{"name":"farmer_hat","origin":[16,0,16],"color":0,"nbt":"{}","children":[0,1,2,3,4,5,6,7,8,9,10,11,12,13,14]}]}