{"credit":"Pologony Creation Co.,Ltd.","texture_size":[24,24],"textures":{"2":"darkwitherset:animations/soul_animation_sword_2","5":"darkwitherset:key","particle":"darkwitherset:key"},"elements":[{"from":[7.25,10.7552,3.7448],"to":[8.75,12.2552,5.2448],"rotation":{"angle":-45,"axis":"x","origin":[8,8,8]},"faces":{"north":{"uv":[9.66667,10,8.66667,11],"rotation":180,"texture":"#5"},"east":{"uv":[10,0,11,1],"rotation":270,"texture":"#5"},"south":{"uv":[7.66667,11,6.66667,10],"texture":"#5"},"west":{"uv":[10,2,11,3],"rotation":90,"texture":"#5"},"up":{"uv":[0,10,1,11],"rotation":180,"texture":"#5"},"down":{"uv":[2,10,3,11],"texture":"#5"}}},{"from":[7.475,10.05876,3.04835],"to":[8.525,11.10876,4.09835],"rotation":{"angle":-45,"axis":"x","origin":[8,8,8]},"faces":{"north":{"uv":[14,6,13.33333,6.66667],"rotation":180,"texture":"#5"},"east":{"uv":[3.33333,13.33333,4,14],"rotation":270,"texture":"#5"},"south":{"uv":[14,5.33333,13.33333,4.66667],"texture":"#5"},"west":{"uv":[4.66667,13.33333,5.33333,14],"rotation":90,"texture":"#5"},"up":{"uv":[13.33333,2,14,2.66667],"rotation":180,"texture":"#5"},"down":{"uv":[13.33333,3.33333,14,4],"texture":"#5"}}},{"from":[7.5,10.28553,4.71447],"to":[8.5,11.28553,5.71447],"rotation":{"angle":-45,"axis":"x","origin":[8,8,8]},"faces":{"north":{"uv":[9.33333,14,8.66667,14.66667],"rotation":180,"texture":"#5"},"east":{"uv":[12.66667,13.33333,13.33333,14],"rotation":270,"texture":"#5"},"south":{"uv":[8,14.66667,7.33333,14],"texture":"#5"},"west":{"uv":[14,0,14.66667,0.66667],"rotation":90,"texture":"#5"},"up":{"uv":[13.33333,7.33333,14,8],"rotation":180,"texture":"#5"},"down":{"uv":[0,14,0.66667,14.66667],"texture":"#5"}}},{"from":[7.25,7.25,4.51777],"to":[8.75,8.75,5.01777],"rotation":{"angle":0,"axis":"y","origin":[8,8,8]},"faces":{"north":{"uv":[5,11.33333,4,12.33333],"rotation":180,"texture":"#5"},"east":{"uv":[14,11.33333,15,11.66667],"rotation":270,"texture":"#5"},"south":{"uv":[11.66667,11,10.66667,10],"texture":"#5"},"west":{"uv":[14,14,15,14.33333],"rotation":90,"texture":"#5"},"up":{"uv":[14,10,15,10.33333],"rotation":180,"texture":"#5"},"down":{"uv":[14,12.66667,15,13],"texture":"#5"}}},{"from":[7.25,7.25,10.51777],"to":[8.75,8.75,11.01777],"rotation":{"angle":0,"axis":"y","origin":[8,8,8]},"faces":{"north":{"uv":[13,0,12,1],"rotation":180,"texture":"#5"},"east":{"uv":[14.66667,1.33333,15.66667,1.66667],"rotation":270,"texture":"#5"},"south":{"uv":[1,13,0,12],"texture":"#5"},"west":{"uv":[3.33333,14.66667,4.33333,15],"rotation":90,"texture":"#5"},"up":{"uv":[1.33333,14.66667,2.33333,15],"rotation":180,"texture":"#5"},"down":{"uv":[14.66667,2.66667,15.66667,3],"texture":"#5"}}},{"from":[7.5,7.5,5.01777],"to":[8.5,8.5,6.51777],"rotation":{"angle":0,"axis":"y","origin":[8,8,8]},"faces":{"east":{"uv":[7.33333,12,8,13],"rotation":270,"texture":"#5"},"south":{"uv":[14.66667,9.33333,14,8.66667],"texture":"#5"},"west":{"uv":[8.66667,12,9.33333,13],"rotation":90,"texture":"#5"},"up":{"uv":[4,7.33333,4.66667,8.33333],"rotation":180,"texture":"#5"},"down":{"uv":[12,7.33333,12.66667,8.33333],"texture":"#5"}}},{"from":[7.5,7.5,9.01777],"to":[8.5,8.5,10.51777],"rotation":{"angle":0,"axis":"y","origin":[8,8,8]},"faces":{"north":{"uv":[10.66667,14,10,14.66667],"rotation":180,"texture":"#5"},"east":{"uv":[11.33333,12,12,13],"rotation":270,"texture":"#5"},"west":{"uv":[12.66667,11.33333,13.33333,12.33333],"rotation":90,"texture":"#5"},"up":{"uv":[10,12,10.66667,13],"rotation":180,"texture":"#5"},"down":{"uv":[12.66667,9.33333,13.33333,10.33333],"texture":"#5"}}},{"from":[7.625,7.625,6.51777],"to":[8.375,8.375,9.01777],"rotation":{"angle":0,"axis":"y","origin":[8,8,8]},"faces":{"east":{"uv":[12,2,12.5,3.66667],"rotation":270,"texture":"#5"},"west":{"uv":[6,12,6.5,13.66667],"rotation":90,"texture":"#5"},"up":{"uv":[2,12,2.5,13.66667],"rotation":180,"texture":"#5"},"down":{"uv":[12,4.66667,12.5,6.33333],"texture":"#5"}}},{"from":[7,7,11.01777],"to":[9,9,13.01777],"rotation":{"angle":0,"axis":"y","origin":[8,8,8]},"faces":{"north":{"uv":[9.33333,0,8,1.33333],"rotation":180,"texture":"#5"},"east":{"uv":[7.33333,4,8.66667,5.33333],"rotation":270,"texture":"#5"},"west":{"uv":[7.33333,6,8.66667,7.33333],"rotation":90,"texture":"#5"}}},{"from":[6.875,6.95821,11.14208],"to":[9.125,8.45821,14.14208],"rotation":{"angle":-22.5,"axis":"x","origin":[8,8,8]},"faces":{"north":{"uv":[10.83333,4,9.33333,5],"rotation":180,"texture":"#5"},"east":{"uv":[5.33333,4,6.33333,6],"rotation":270,"texture":"#5"},"south":{"uv":[5.5,10.33333,4,9.33333],"texture":"#5"},"west":{"uv":[5.33333,6.66667,6.33333,8.66667],"rotation":90,"texture":"#5"},"up":{"uv":[0,0,1.5,2],"rotation":180,"texture":"#5"},"down":{"uv":[0,2.66667,1.5,4.66667],"texture":"#5"}}},{"from":[6.75,3.4948,10.5052],"to":[9.25,5.4948,12.5052],"rotation":{"angle":-45,"axis":"x","origin":[8,8,8]},"faces":{"north":{"uv":[4.33333,5.33333,2.66667,6.66667],"rotation":180,"texture":"#5"},"east":{"uv":[8,2,9.33333,3.33333],"rotation":270,"texture":"#5"},"south":{"uv":[7,3.33333,5.33333,2],"texture":"#5"},"west":{"uv":[7.33333,8,8.66667,9.33333],"rotation":90,"texture":"#5"},"up":{"uv":[0,5.33333,1.66667,6.66667],"rotation":180,"texture":"#5"},"down":{"uv":[5.33333,0,7,1.33333],"texture":"#5"}}},{"from":[6.875,7.54179,11.14208],"to":[9.125,9.04179,14.14208],"rotation":{"angle":22.5,"axis":"x","origin":[8,8,8]},"faces":{"north":{"uv":[10.83333,8,9.33333,9],"rotation":180,"texture":"#5"},"east":{"uv":[0,7.33333,1,9.33333],"rotation":270,"texture":"#5"},"south":{"uv":[10.83333,7,9.33333,6],"texture":"#5"},"west":{"uv":[2,7.33333,3,9.33333],"rotation":90,"texture":"#5"},"up":{"uv":[2.66667,0,4.16667,2],"rotation":180,"texture":"#5"},"down":{"uv":[2.66667,2.66667,4.16667,4.66667],"texture":"#5"}}},{"from":[9.73777,6.5,-1],"to":[9.76777,9.5,17],"rotation":{"angle":0,"axis":"y","origin":[8.81106,8,8]},"faces":{"east":{"uv":[10.8,0,8.4,14.4],"rotation":270,"texture":"#2"},"west":{"uv":[8.4,0,10.8,14.4],"rotation":90,"texture":"#2"}}},{"from":[10.88582,4.73223,-1],"to":[10.91582,7.23223,17],"rotation":{"angle":-45,"axis":"z","origin":[9.45791,8.25194,8]},"faces":{"east":{"uv":[12.8,0,10.8,14.4],"rotation":270,"texture":"#2"},"west":{"uv":[10.8,0,12.8,14.4],"rotation":90,"texture":"#2"}}},{"from":[10.88582,8.76776,-1],"to":[10.91582,11.26776,17],"rotation":{"angle":45,"axis":"z","origin":[9.45791,7.74806,8]},"faces":{"east":{"uv":[8.4,0,6.4,14.4],"rotation":270,"texture":"#2"},"west":{"uv":[6.4,0,8.4,14.4],"rotation":90,"texture":"#2"}}},{"from":[5.08418,8.76777,-1],"to":[5.11418,11.26777,17],"rotation":{"angle":-45,"axis":"z","origin":[6.54209,7.74807,8]},"faces":{"east":{"uv":[4.4,0,6.4,14.4],"rotation":270,"texture":"#2"},"west":{"uv":[6.4,0,4.4,14.4],"rotation":90,"texture":"#2"}}},{"from":[6.23223,6.5,-1],"to":[6.26223,9.5,17],"rotation":{"angle":0,"axis":"y","origin":[7.18894,8,8]},"faces":{"east":{"uv":[2,0,4.4,14.4],"rotation":270,"texture":"#2"},"west":{"uv":[4.4,0,2,14.4],"rotation":90,"texture":"#2"}}},{"from":[5.08418,4.73223,-1],"to":[5.11418,7.23223,17],"rotation":{"angle":45,"axis":"z","origin":[6.54209,8.25194,8]},"faces":{"east":{"uv":[0,0,2,14.4],"rotation":270,"texture":"#2"},"west":{"uv":[2,0,0,14.4],"rotation":90,"texture":"#2"}}}],"gui_light":"front","display":{"thirdperson_righthand":{"rotation":[90,0,0],"translation":[0,5.5,1]},"thirdperson_lefthand":{"rotation":[90,0,0],"translation":[0,5.5,1]},"firstperson_righthand":{"rotation":[67.5,0,-17],"translation":[2,4.5,0.75],"scale":[0.7,0.7,0.7]},"firstperson_lefthand":{"rotation":[67.5,0,-17],"translation":[2,4.5,0.75],"scale":[0.7,0.7,0.7]},"ground":{"rotation":[45,0,0],"translation":[0,3,0],"scale":[0.7,0.7,0.7]},"gui":{"rotation":[-90,135,90],"translation":[-0.75,0.75,0],"scale":[1.3,1.3,1.3]},"head":{"rotation":[0,-90,0]},"fixed":{"rotation":[0,-90,0],"translation":[0,0,-1.75],"scale":[2,2,2]}},"mcmodels":"4ebf10fe68645e475963b35a0d647cc7"}