{"credit":"MadewithBlockbench","texture_size":[32,32],"textures":{"0":"elitecreatures:spooky_furniture_v1/frame1","1":"elitecreatures:spooky_furniture_v1/frame2-sheet","particle":"elitecreatures:spooky_furniture_v1/frame1"},"elements":[{"name":"pix","from":[7.5,0.5,2.5],"to":[7.5,15.5,13.5],"rotation":{"angle":0,"axis":"y","origin":[7.9,8,8]},"faces":{"north":{"uv":[0,0,0,7.5],"texture":"#1"},"east":{"uv":[0,0,0,0],"texture":"#1"},"south":{"uv":[0,0,0,7.5],"texture":"#1"},"west":{"uv":[0,0,8.125,11.125],"texture":"#1"},"up":{"uv":[0,5.5,0,0],"texture":"#1"},"down":{"uv":[0,0,0,5.5],"texture":"#1"}}},{"name":"pix","from":[7.5,0.5,2.5],"to":[7.5,15.5,13.5],"rotation":{"angle":0,"axis":"y","origin":[7.9,8,8]},"faces":{"north":{"uv":[0,0,0,3.75],"texture":"#0"},"south":{"uv":[0,0,0,3.75],"texture":"#0"},"west":{"uv":[0.375,8.375,3.125,12.125],"texture":"#0"},"up":{"uv":[0,2.75,0,0],"texture":"#0"},"down":{"uv":[0,0,0,2.75],"texture":"#0"}}},{"from":[8.1,0.5,2.5],"to":[8.5,15.5,13.5],"rotation":{"angle":0,"axis":"y","origin":[7.9,8,8]},"faces":{"north":{"uv":[6.75,5.5,6.875,9.25],"texture":"#0"},"east":{"uv":[0,0,2.75,3.75],"texture":"#0"},"south":{"uv":[7,0.5,7.125,4.25],"texture":"#0"},"west":{"uv":[2.75,0,5.5,3.75],"texture":"#0"},"up":{"uv":[7.125,8.25,7,5.5],"texture":"#0"},"down":{"uv":[7.375,0.5,7.25,3.25],"texture":"#0"}}},{"from":[7.1,0.5,2.5],"to":[8.1,15.5,3.5],"rotation":{"angle":0,"axis":"y","origin":[7.9,8,8]},"faces":{"north":{"uv":[5.5,0,5.75,3.75],"texture":"#0"},"east":{"uv":[5.5,3.75,5.75,7.5],"texture":"#0"},"south":{"uv":[5.75,0,6,3.75],"texture":"#0"},"west":{"uv":[5.75,3.75,6,7.5],"texture":"#0"},"up":{"uv":[7,3.5,6.75,3.25],"texture":"#0"},"down":{"uv":[7,3.5,6.75,3.75],"texture":"#0"}}},{"from":[7.1,0.5,12.5],"to":[8.1,15.5,13.5],"rotation":{"angle":0,"axis":"y","origin":[7.9,8,8]},"faces":{"north":{"uv":[6,0,6.25,3.75],"texture":"#0"},"east":{"uv":[6,3.75,6.25,7.5],"texture":"#0"},"south":{"uv":[6.25,0,6.5,3.75],"texture":"#0"},"west":{"uv":[6.25,3.75,6.5,7.5],"texture":"#0"},"up":{"uv":[7,4,6.75,3.75],"texture":"#0"},"down":{"uv":[7,4,6.75,4.25],"texture":"#0"}}},{"from":[7.1,14.5,3.5],"to":[8.1,15.5,12.5],"rotation":{"angle":0,"axis":"y","origin":[7.9,8,8]},"faces":{"north":{"uv":[6.75,2.75,7,3],"texture":"#0"},"east":{"uv":[6.5,0,8.75,0.25],"texture":"#0"},"south":{"uv":[6.75,3,7,3.25],"texture":"#0"},"west":{"uv":[6.5,0.25,8.75,0.5],"texture":"#0"},"up":{"uv":[6.75,2.75,6.5,0.5],"texture":"#0"},"down":{"uv":[6.75,2.75,6.5,5],"texture":"#0"}}},{"from":[7.1,0.5,3.5],"to":[8.1,1.5,12.5],"rotation":{"angle":0,"axis":"y","origin":[7.9,8,8]},"faces":{"north":{"uv":[6.75,4.25,7,4.5],"texture":"#0"},"east":{"uv":[6.5,5,8.75,5.25],"texture":"#0"},"south":{"uv":[6.75,4.5,7,4.75],"texture":"#0"},"west":{"uv":[6.5,5.25,8.75,5.5],"texture":"#0"},"up":{"uv":[6.75,7.75,6.5,5.5],"texture":"#0"},"down":{"uv":[7,0.5,6.75,2.75],"texture":"#0"}}},{"name":"rope","from":[8.5,5.5,2.5],"to":[8.5,20.5,13.5],"rotation":{"angle":0,"axis":"y","origin":[-1.9,2,3.5]},"faces":{"north":{"uv":[0,12.25,2.75,16],"texture":"#0"},"east":{"uv":[3.25,12.25,6,16],"texture":"#0"},"south":{"uv":[0,0,0,3.75],"texture":"#0"},"west":{"uv":[3.25,12.25,6,16],"texture":"#0"},"up":{"uv":[0,2.75,0,0],"texture":"#0"},"down":{"uv":[0,0,0,2.75],"texture":"#0"}}}],"gui_light":"front","display":{"thirdperson_righthand":{"rotation":[67.5,-90,0],"translation":[0,0,-0.25],"scale":[0.33594,0.33594,0.33594]},"thirdperson_lefthand":{"rotation":[67.5,90,0],"translation":[0,0,-0.25],"scale":[0.33594,0.33594,0.33594]},"firstperson_righthand":{"rotation":[0,-90,0],"translation":[0,4.25,1.5],"scale":[0.66016,0.66016,0.66016]},"firstperson_lefthand":{"rotation":[0,90,0],"translation":[0,4.25,1.5],"scale":[0.66016,0.66016,0.66016]},"ground":{"translation":[0,7,0]},"gui":{"rotation":[30,135,0],"translation":[0,-1,0],"scale":[0.74297,0.74297,0.74297]},"head":{"translation":[0,-30.25,0.75],"scale":[0,0,0]},"fixed":{"rotation":[0,-90,0],"translation":[0,0,-1.25],"scale":[2.26172,2.26172,2.26172]}},"groups":[{"name":"all_frame","origin":[8,8,8],"color":0,"children":[{"name":"frame","origin":[-1.8,1.5,3.5],"color":0,"children":[{"name":"pix","origin":[-1.8,1.5,3.5],"color":0,"children":[0,1]},{"name":"wood_frame","origin":[-1.8,1.5,3.5],"color":0,"children":[2,3,4,5,6]}]},7]}]}