{
  "credit": "Made by PolygonMC",
  "texture_size": [
    32,
    32
  ],
  "textures": {
    "2": "littlepandaset:crossbow"
  },
  "elements": [
    {
      "from": [
        7.325,
        5.67352,
        10.23133
      ],
      "to": [
        8.675,
        8.37352,
        11.58133
      ],
      "rotation": {
        "angle": -22.5,
        "axis": "x",
        "origin": [
          8,
          7.02352,
          10.90633
        ]
      },
      "faces": {
        "north": {
          "uv": [
            13.5,
            0,
            14.25,
            1.25
          ],
          "texture": "#2"
        },
        "east": {
          "uv": [
            6.5,
            9,
            7.25,
            10.25
          ],
          "texture": "#2"
        },
        "south": {
          "uv": [
            5,
            10,
            5.75,
            11.25
          ],
          "texture": "#2"
        },
        "west": {
          "uv": [
            10,
            5,
            10.75,
            6.25
          ],
          "texture": "#2"
        },
        "up": {
          "uv": [
            12.25,
            3.75,
            11.5,
            3
          ],
          "texture": "#2"
        },
        "down": {
          "uv": [
            4.75,
            11.5,
            4,
            12.25
          ],
          "texture": "#2"
        }
      }
    },
    {
      "from": [
        7.33175,
        5.51797,
        10.79932
      ],
      "to": [
        8.66825,
        7.54297,
        16.87432
      ],
      "rotation": {
        "angle": 0,
        "axis": "x",
        "origin": [
          8.00675,
          6.19297,
          12.48682
        ]
      },
      "faces": {
        "east": {
          "uv": [
            1.5,
            8,
            4.5,
            9
          ],
          "texture": "#2"
        },
        "west": {
          "uv": [
            4.5,
            8,
            7.5,
            9
          ],
          "texture": "#2"
        },
        "up": {
          "uv": [
            0.75,
            12,
            0,
            9
          ],
          "texture": "#2"
        },
        "down": {
          "uv": [
            1.75,
            9,
            1,
            12
          ],
          "texture": "#2"
        }
      }
    },
    {
      "from": [
        7.19675,
        5.38297,
        16.87432
      ],
      "to": [
        8.80325,
        7.67797,
        17.54932
      ],
      "rotation": {
        "angle": 0,
        "axis": "x",
        "origin": [
          8.14175,
          6.19297,
          18.56182
        ]
      },
      "faces": {
        "north": {
          "uv": [
            10,
            6.5,
            10.75,
            7.75
          ],
          "texture": "#2"
        },
        "east": {
          "uv": [
            2.5,
            12.5,
            2.75,
            13.75
          ],
          "texture": "#2"
        },
        "south": {
          "uv": [
            10,
            8,
            10.75,
            9.25
          ],
          "texture": "#2"
        },
        "west": {
          "uv": [
            3,
            12.5,
            3.25,
            13.75
          ],
          "texture": "#2"
        },
        "up": {
          "uv": [
            13.25,
            4.75,
            12.5,
            4.5
          ],
          "texture": "#2"
        },
        "down": {
          "uv": [
            5.75,
            12.5,
            5,
            12.75
          ],
          "texture": "#2"
        }
      }
    },
    {
      "from": [
        7.6625,
        6.35136,
        10.22709
      ],
      "to": [
        8.3375,
        7.70136,
        10.90209
      ],
      "rotation": {
        "angle": -22.5,
        "axis": "x",
        "origin": [
          7.6625,
          5.00136,
          9.55209
        ]
      },
      "faces": {
        "north": {
          "uv": [
            12.5,
            5,
            12.75,
            5.75
          ],
          "texture": "#2"
        },
        "east": {
          "uv": [
            12.5,
            6,
            12.75,
            6.75
          ],
          "texture": "#2"
        },
        "west": {
          "uv": [
            7,
            12.5,
            7.25,
            13.25
          ],
          "texture": "#2"
        },
        "down": {
          "uv": [
            13.25,
            6,
            13,
            6.25
          ],
          "texture": "#2"
        }
      }
    },
    {
      "from": [
        6.48028,
        9.05382,
        0.99594
      ],
      "to": [
        7.13028,
        10.35382,
        1.97094
      ],
      "rotation": {
        "angle": 0,
        "axis": "z",
        "origin": [
          4.47413,
          9.14074,
          2.39568
        ]
      },
      "faces": {
        "north": {
          "uv": [
            8.5,
            12.5,
            8.75,
            13.25
          ],
          "texture": "#2"
        },
        "east": {
          "uv": [
            7,
            11.5,
            7.5,
            12.25
          ],
          "texture": "#2"
        },
        "south": {
          "uv": [
            9,
            12.5,
            9.25,
            13.25
          ],
          "texture": "#2"
        },
        "west": {
          "uv": [
            10.5,
            12,
            11,
            12.75
          ],
          "texture": "#2"
        },
        "up": {
          "uv": [
            6.25,
            10.5,
            6,
            10
          ],
          "texture": "#2"
        },
        "down": {
          "uv": [
            13.25,
            3.5,
            13,
            4
          ],
          "texture": "#2"
        }
      }
    },
    {
      "from": [
        6.2943,
        6.99272,
        0.99594
      ],
      "to": [
        6.9443,
        8.29272,
        1.97094
      ],
      "rotation": {
        "angle": 22.5,
        "axis": "z",
        "origin": [
          4.47413,
          9.14074,
          2.39568
        ]
      },
      "faces": {
        "north": {
          "uv": [
            12.5,
            9.5,
            12.75,
            10.25
          ],
          "texture": "#2"
        },
        "east": {
          "uv": [
            12,
            10.5,
            12.5,
            11.25
          ],
          "texture": "#2"
        },
        "south": {
          "uv": [
            12.5,
            10.5,
            12.75,
            11.25
          ],
          "texture": "#2"
        },
        "west": {
          "uv": [
            12,
            11.5,
            12.5,
            12.25
          ],
          "texture": "#2"
        },
        "up": {
          "uv": [
            13.25,
            4.5,
            13,
            4
          ],
          "texture": "#2"
        },
        "down": {
          "uv": [
            5.25,
            13,
            5,
            13.5
          ],
          "texture": "#2"
        }
      }
    },
    {
      "from": [
        3.98776,
        8.82778,
        1.1663
      ],
      "to": [
        6.58776,
        10.12778,
        1.8163
      ],
      "rotation": {
        "angle": 0,
        "axis": "y",
        "origin": [
          4.47413,
          9.14074,
          2.39568
        ]
      },
      "faces": {
        "north": {
          "uv": [
            8.5,
            10,
            9.75,
            10.75
          ],
          "texture": "#2"
        },
        "south": {
          "uv": [
            10,
            9.5,
            11.25,
            10.25
          ],
          "texture": "#2"
        },
        "up": {
          "uv": [
            13.25,
            9.25,
            12,
            9
          ],
          "texture": "#2"
        },
        "down": {
          "uv": [
            13.75,
            3,
            12.5,
            3.25
          ],
          "texture": "#2"
        }
      }
    },
    {
      "from": [
        3.19525,
        8.82778,
        1.07375
      ],
      "to": [
        4.49525,
        10.12778,
        1.72375
      ],
      "rotation": {
        "angle": 22.5,
        "axis": "y",
        "origin": [
          4.47413,
          9.14074,
          2.39568
        ]
      },
      "faces": {
        "north": {
          "uv": [
            11.5,
            4,
            12.25,
            4.75
          ],
          "texture": "#2"
        },
        "south": {
          "uv": [
            5,
            11.5,
            5.75,
            12.25
          ],
          "texture": "#2"
        },
        "up": {
          "uv": [
            11.75,
            12.75,
            11,
            12.5
          ],
          "texture": "#2"
        },
        "down": {
          "uv": [
            13.25,
            11.5,
            12.5,
            11.75
          ],
          "texture": "#2"
        }
      }
    },
    {
      "from": [
        2.49847,
        8.82778,
        0.68497
      ],
      "to": [
        3.79847,
        10.12778,
        1.33497
      ],
      "rotation": {
        "angle": 45,
        "axis": "y",
        "origin": [
          4.47413,
          9.14074,
          2.39568
        ]
      },
      "faces": {
        "north": {
          "uv": [
            11.5,
            9.5,
            12.25,
            10.25
          ],
          "texture": "#2"
        },
        "south": {
          "uv": [
            11,
            11.5,
            11.75,
            12.25
          ],
          "texture": "#2"
        },
        "up": {
          "uv": [
            12.75,
            12.75,
            12,
            12.5
          ],
          "texture": "#2"
        },
        "down": {
          "uv": [
            13.25,
            12,
            12.5,
            12.25
          ],
          "texture": "#2"
        }
      }
    },
    {
      "from": [
        2.13759,
        8.82778,
        3.56629
      ],
      "to": [
        2.78759,
        10.12778,
        4.86629
      ],
      "rotation": {
        "angle": -22.5,
        "axis": "y",
        "origin": [
          4.47413,
          9.14074,
          2.39568
        ]
      },
      "faces": {
        "east": {
          "uv": [
            0,
            12,
            0.75,
            12.75
          ],
          "texture": "#2"
        },
        "south": {
          "uv": [
            0,
            13,
            0.25,
            13.75
          ],
          "texture": "#2"
        },
        "west": {
          "uv": [
            12,
            0,
            12.75,
            0.75
          ],
          "texture": "#2"
        },
        "up": {
          "uv": [
            13.25,
            0.75,
            13,
            0
          ],
          "texture": "#2"
        },
        "down": {
          "uv": [
            0.75,
            13,
            0.5,
            13.75
          ],
          "texture": "#2"
        }
      }
    },
    {
      "from": [
        8.86972,
        9.05382,
        0.99594
      ],
      "to": [
        9.51972,
        10.35382,
        1.97094
      ],
      "rotation": {
        "angle": 0,
        "axis": "z",
        "origin": [
          11.52587,
          9.14074,
          2.39568
        ]
      },
      "faces": {
        "north": {
          "uv": [
            8.75,
            12.5,
            8.5,
            13.25
          ],
          "texture": "#2"
        },
        "east": {
          "uv": [
            11,
            12,
            10.5,
            12.75
          ],
          "texture": "#2"
        },
        "south": {
          "uv": [
            9.25,
            12.5,
            9,
            13.25
          ],
          "texture": "#2"
        },
        "west": {
          "uv": [
            7.5,
            11.5,
            7,
            12.25
          ],
          "texture": "#2"
        },
        "up": {
          "uv": [
            6,
            10.5,
            6.25,
            10
          ],
          "texture": "#2"
        },
        "down": {
          "uv": [
            13,
            3.5,
            13.25,
            4
          ],
          "texture": "#2"
        }
      }
    },
    {
      "from": [
        9.0557,
        6.99272,
        0.99594
      ],
      "to": [
        9.7057,
        8.29272,
        1.97094
      ],
      "rotation": {
        "angle": -22.5,
        "axis": "z",
        "origin": [
          11.52587,
          9.14074,
          2.39568
        ]
      },
      "faces": {
        "north": {
          "uv": [
            12.75,
            9.5,
            12.5,
            10.25
          ],
          "texture": "#2"
        },
        "east": {
          "uv": [
            12.5,
            11.5,
            12,
            12.25
          ],
          "texture": "#2"
        },
        "south": {
          "uv": [
            12.75,
            10.5,
            12.5,
            11.25
          ],
          "texture": "#2"
        },
        "west": {
          "uv": [
            12.5,
            10.5,
            12,
            11.25
          ],
          "texture": "#2"
        },
        "up": {
          "uv": [
            13,
            4.5,
            13.25,
            4
          ],
          "texture": "#2"
        },
        "down": {
          "uv": [
            5,
            13,
            5.25,
            13.5
          ],
          "texture": "#2"
        }
      }
    },
    {
      "from": [
        9.41224,
        8.82778,
        1.1663
      ],
      "to": [
        12.01224,
        10.12778,
        1.8163
      ],
      "rotation": {
        "angle": 0,
        "axis": "y",
        "origin": [
          11.52587,
          9.14074,
          2.39568
        ]
      },
      "faces": {
        "north": {
          "uv": [
            9.75,
            10,
            8.5,
            10.75
          ],
          "texture": "#2"
        },
        "south": {
          "uv": [
            11.25,
            9.5,
            10,
            10.25
          ],
          "texture": "#2"
        },
        "up": {
          "uv": [
            12,
            9.25,
            13.25,
            9
          ],
          "texture": "#2"
        },
        "down": {
          "uv": [
            12.5,
            3,
            13.75,
            3.25
          ],
          "texture": "#2"
        }
      }
    },
    {
      "from": [
        11.50475,
        8.82778,
        1.07375
      ],
      "to": [
        12.80475,
        10.12778,
        1.72375
      ],
      "rotation": {
        "angle": -22.5,
        "axis": "y",
        "origin": [
          11.52587,
          9.14074,
          2.39568
        ]
      },
      "faces": {
        "north": {
          "uv": [
            12.25,
            4,
            11.5,
            4.75
          ],
          "texture": "#2"
        },
        "south": {
          "uv": [
            5.75,
            11.5,
            5,
            12.25
          ],
          "texture": "#2"
        },
        "up": {
          "uv": [
            11,
            12.75,
            11.75,
            12.5
          ],
          "texture": "#2"
        },
        "down": {
          "uv": [
            12.5,
            11.5,
            13.25,
            11.75
          ],
          "texture": "#2"
        }
      }
    },
    {
      "from": [
        12.20153,
        8.82778,
        0.68497
      ],
      "to": [
        13.50153,
        10.12778,
        1.33497
      ],
      "rotation": {
        "angle": -45,
        "axis": "y",
        "origin": [
          11.52587,
          9.14074,
          2.39568
        ]
      },
      "faces": {
        "north": {
          "uv": [
            12.25,
            9.5,
            11.5,
            10.25
          ],
          "texture": "#2"
        },
        "south": {
          "uv": [
            11.75,
            11.5,
            11,
            12.25
          ],
          "texture": "#2"
        },
        "up": {
          "uv": [
            12,
            12.75,
            12.75,
            12.5
          ],
          "texture": "#2"
        },
        "down": {
          "uv": [
            12.5,
            12,
            13.25,
            12.25
          ],
          "texture": "#2"
        }
      }
    },
    {
      "from": [
        13.21241,
        8.82778,
        3.56629
      ],
      "to": [
        13.86241,
        10.12778,
        4.86629
      ],
      "rotation": {
        "angle": 22.5,
        "axis": "y",
        "origin": [
          11.52587,
          9.14074,
          2.39568
        ]
      },
      "faces": {
        "east": {
          "uv": [
            12.75,
            0,
            12,
            0.75
          ],
          "texture": "#2"
        },
        "south": {
          "uv": [
            0.25,
            13,
            0,
            13.75
          ],
          "texture": "#2"
        },
        "west": {
          "uv": [
            0.75,
            12,
            0,
            12.75
          ],
          "texture": "#2"
        },
        "up": {
          "uv": [
            13,
            0.75,
            13.25,
            0
          ],
          "texture": "#2"
        },
        "down": {
          "uv": [
            0.5,
            13,
            0.75,
            13.75
          ],
          "texture": "#2"
        }
      }
    },
    {
      "from": [
        6,
        9.25,
        10.24174
      ],
      "to": [
        10,
        13.25,
        14.24174
      ],
      "rotation": {
        "angle": 0,
        "axis": "y",
        "origin": [
          7.7045,
          11.75,
          11.52835
        ]
      },
      "faces": {
        "north": {
          "uv": [
            1.5,
            6,
            3.5,
            8
          ],
          "texture": "#2"
        },
        "east": {
          "uv": [
            1.5,
            4,
            3.5,
            6
          ],
          "texture": "#2"
        },
        "south": {
          "uv": [
            3.5,
            4,
            5.5,
            6
          ],
          "texture": "#2"
        },
        "west": {
          "uv": [
            5.5,
            4,
            7.5,
            6
          ],
          "texture": "#2"
        },
        "up": {
          "uv": [
            5.5,
            8,
            3.5,
            6
          ],
          "rotation": 90,
          "texture": "#2"
        },
        "down": {
          "uv": [
            5.5,
            6,
            7.5,
            8
          ],
          "rotation": 270,
          "texture": "#2"
        }
      }
    },
    {
      "from": [
        7,
        9.25,
        9.24174
      ],
      "to": [
        9,
        10.75,
        10.24174
      ],
      "rotation": {
        "angle": 0,
        "axis": "y",
        "origin": [
          7.7045,
          11.75,
          11.52835
        ]
      },
      "faces": {
        "north": {
          "uv": [
            11,
            8.5,
            12,
            9.25
          ],
          "texture": "#2"
        },
        "east": {
          "uv": [
            2,
            12.5,
            2.5,
            13.25
          ],
          "texture": "#2"
        },
        "west": {
          "uv": [
            12.5,
            2,
            13,
            2.75
          ],
          "texture": "#2"
        },
        "up": {
          "uv": [
            7.5,
            11.5,
            7,
            10.5
          ],
          "rotation": 90,
          "texture": "#2"
        },
        "down": {
          "uv": [
            10,
            11,
            9.5,
            12
          ],
          "rotation": 270,
          "texture": "#2"
        }
      }
    },
    {
      "from": [
        9,
        12.75,
        11.99174
      ],
      "to": [
        11,
        14.25,
        12.49174
      ],
      "rotation": {
        "angle": 0,
        "axis": "y",
        "origin": [
          7.7045,
          11.75,
          11.52835
        ]
      },
      "faces": {
        "north": {
          "uv": [
            2,
            11.5,
            3,
            12.25
          ],
          "texture": "#2"
        },
        "east": {
          "uv": [
            1,
            13,
            1.25,
            13.75
          ],
          "texture": "#2"
        },
        "south": {
          "uv": [
            11,
            10.5,
            12,
            11.25
          ],
          "texture": "#2"
        },
        "west": {
          "uv": [
            13,
            1,
            13.25,
            1.75
          ],
          "texture": "#2"
        },
        "up": {
          "uv": [
            3.75,
            13.5,
            3.5,
            12.5
          ],
          "rotation": 90,
          "texture": "#2"
        },
        "down": {
          "uv": [
            12.75,
            3.5,
            12.5,
            4.5
          ],
          "rotation": 270,
          "texture": "#2"
        }
      }
    },
    {
      "from": [
        5,
        12.75,
        11.99174
      ],
      "to": [
        7,
        14.25,
        12.49174
      ],
      "rotation": {
        "angle": 0,
        "axis": "y",
        "origin": [
          7.7045,
          11.75,
          11.52835
        ]
      },
      "faces": {
        "north": {
          "uv": [
            3,
            11.5,
            4,
            12.25
          ],
          "texture": "#2"
        },
        "east": {
          "uv": [
            1.5,
            13,
            1.75,
            13.75
          ],
          "texture": "#2"
        },
        "south": {
          "uv": [
            11.5,
            2,
            12.5,
            2.75
          ],
          "texture": "#2"
        },
        "west": {
          "uv": [
            13,
            2,
            13.25,
            2.75
          ],
          "texture": "#2"
        },
        "up": {
          "uv": [
            4.25,
            13.5,
            4,
            12.5
          ],
          "rotation": 90,
          "texture": "#2"
        },
        "down": {
          "uv": [
            4.75,
            12.5,
            4.5,
            13.5
          ],
          "rotation": 270,
          "texture": "#2"
        }
      }
    },
    {
      "from": [
        6.5,
        8.25,
        13
      ],
      "to": [
        9.5,
        11.25,
        17
      ],
      "rotation": {
        "angle": 22.5,
        "axis": "x",
        "origin": [
          8,
          8.625,
          14.8
        ]
      },
      "faces": {
        "north": {
          "uv": [
            3.5,
            10.5,
            2,
            9
          ],
          "rotation": 180,
          "texture": "#2"
        },
        "east": {
          "uv": [
            8.5,
            4,
            10,
            6
          ],
          "rotation": 90,
          "texture": "#2"
        },
        "south": {
          "uv": [
            5,
            9,
            3.5,
            10.5
          ],
          "texture": "#2"
        },
        "west": {
          "uv": [
            8.5,
            8,
            10,
            10
          ],
          "rotation": 270,
          "texture": "#2"
        },
        "up": {
          "uv": [
            8.5,
            6,
            10,
            8
          ],
          "texture": "#2"
        },
        "down": {
          "uv": [
            8.5,
            2,
            10,
            4
          ],
          "rotation": 180,
          "texture": "#2"
        }
      }
    },
    {
      "from": [
        8.75,
        5.74248,
        13.04851
      ],
      "to": [
        10.25,
        8.24248,
        14.54851
      ],
      "rotation": {
        "angle": 45,
        "axis": "x",
        "origin": [
          8,
          8.625,
          14.8
        ]
      },
      "faces": {
        "north": {
          "uv": [
            6.75,
            11.75,
            6,
            10.5
          ],
          "rotation": 180,
          "texture": "#2"
        },
        "east": {
          "uv": [
            2,
            10.5,
            3.25,
            11.25
          ],
          "rotation": 90,
          "texture": "#2"
        },
        "south": {
          "uv": [
            10.75,
            10.5,
            10,
            11.75
          ],
          "texture": "#2"
        },
        "west": {
          "uv": [
            3.5,
            10.5,
            4.75,
            11.25
          ],
          "rotation": 270,
          "texture": "#2"
        },
        "up": {
          "uv": [
            12,
            1,
            12.75,
            1.75
          ],
          "texture": "#2"
        },
        "down": {
          "uv": [
            1,
            12,
            1.75,
            12.75
          ],
          "rotation": 180,
          "texture": "#2"
        }
      }
    },
    {
      "from": [
        8.75,
        5.99248,
        15.55149
      ],
      "to": [
        10.25,
        8.49248,
        17.05149
      ],
      "rotation": {
        "angle": -22.5,
        "axis": "x",
        "origin": [
          8,
          7.24248,
          16.30149
        ]
      },
      "faces": {
        "north": {
          "uv": [
            11.75,
            8.25,
            11,
            7
          ],
          "rotation": 180,
          "texture": "#2"
        },
        "east": {
          "uv": [
            11,
            5,
            12.25,
            5.75
          ],
          "rotation": 90,
          "texture": "#2"
        },
        "south": {
          "uv": [
            9.25,
            11,
            8.5,
            12.25
          ],
          "texture": "#2"
        },
        "west": {
          "uv": [
            11,
            6,
            12.25,
            6.75
          ],
          "rotation": 270,
          "texture": "#2"
        },
        "up": {
          "uv": [
            12,
            7,
            12.75,
            7.75
          ],
          "texture": "#2"
        },
        "down": {
          "uv": [
            6,
            12,
            6.75,
            12.75
          ],
          "rotation": 180,
          "texture": "#2"
        }
      }
    },
    {
      "from": [
        5.75,
        5.74248,
        13.04851
      ],
      "to": [
        7.25,
        8.24248,
        14.54851
      ],
      "rotation": {
        "angle": 45,
        "axis": "x",
        "origin": [
          8,
          8.625,
          14.8
        ]
      },
      "faces": {
        "north": {
          "uv": [
            6,
            11.75,
            6.75,
            10.5
          ],
          "rotation": 180,
          "texture": "#2"
        },
        "east": {
          "uv": [
            4.75,
            10.5,
            3.5,
            11.25
          ],
          "rotation": 90,
          "texture": "#2"
        },
        "south": {
          "uv": [
            10,
            10.5,
            10.75,
            11.75
          ],
          "texture": "#2"
        },
        "west": {
          "uv": [
            3.25,
            10.5,
            2,
            11.25
          ],
          "rotation": 270,
          "texture": "#2"
        },
        "up": {
          "uv": [
            12.75,
            1,
            12,
            1.75
          ],
          "texture": "#2"
        },
        "down": {
          "uv": [
            1.75,
            12,
            1,
            12.75
          ],
          "rotation": 180,
          "texture": "#2"
        }
      }
    },
    {
      "from": [
        5.75,
        5.99248,
        15.55149
      ],
      "to": [
        7.25,
        8.49248,
        17.05149
      ],
      "rotation": {
        "angle": -22.5,
        "axis": "x",
        "origin": [
          8,
          7.24248,
          16.30149
        ]
      },
      "faces": {
        "north": {
          "uv": [
            11,
            8.25,
            11.75,
            7
          ],
          "rotation": 180,
          "texture": "#2"
        },
        "east": {
          "uv": [
            12.25,
            6,
            11,
            6.75
          ],
          "rotation": 90,
          "texture": "#2"
        },
        "south": {
          "uv": [
            8.5,
            11,
            9.25,
            12.25
          ],
          "texture": "#2"
        },
        "west": {
          "uv": [
            12.25,
            5,
            11,
            5.75
          ],
          "rotation": 270,
          "texture": "#2"
        },
        "up": {
          "uv": [
            12.75,
            7,
            12,
            7.75
          ],
          "texture": "#2"
        },
        "down": {
          "uv": [
            6.75,
            12,
            6,
            12.75
          ],
          "rotation": 180,
          "texture": "#2"
        }
      }
    },
    {
      "from": [
        7.25,
        7.5075,
        1.2575
      ],
      "to": [
        8.75,
        9.0075,
        11.7575
      ],
      "rotation": {
        "angle": 0,
        "axis": "x",
        "origin": [
          7.875,
          8.2575,
          4.75
        ]
      },
      "faces": {
        "north": {
          "uv": [
            12,
            8,
            12.75,
            8.75
          ],
          "texture": "#2"
        },
        "east": {
          "uv": [
            0,
            15.25,
            5.25,
            16
          ],
          "texture": "#2"
        },
        "south": {
          "uv": [
            9.5,
            12,
            10.25,
            12.75
          ],
          "texture": "#2"
        },
        "west": {
          "uv": [
            0,
            14.25,
            5.25,
            15
          ],
          "texture": "#2"
        },
        "up": {
          "uv": [
            8.25,
            7.25,
            7.5,
            2
          ],
          "texture": "#2"
        },
        "down": {
          "uv": [
            8.25,
            7.5,
            7.5,
            12.75
          ],
          "texture": "#2"
        }
      }
    },
    {
      "from": [
        4.25,
        6.99976,
        5.75726
      ],
      "to": [
        7.25,
        7.02976,
        7.25726
      ],
      "rotation": {
        "angle": 45,
        "axis": "x",
        "origin": [
          7.875,
          8.2575,
          7.75
        ]
      },
      "faces": {
        "up": {
          "uv": [
            6.5,
            9.75,
            5,
            9
          ],
          "texture": "#2"
        },
        "down": {
          "uv": [
            11.5,
            2,
            10,
            2.75
          ],
          "texture": "#2"
        }
      }
    },
    {
      "from": [
        8.7541,
        8.2425,
        8.24918
      ],
      "to": [
        11.7541,
        8.2725,
        9.74918
      ],
      "rotation": {
        "angle": 22.5,
        "axis": "x",
        "origin": [
          10.2541,
          8.2575,
          8.99918
        ]
      },
      "faces": {
        "up": {
          "uv": [
            11.5,
            3.75,
            10,
            3
          ],
          "texture": "#2"
        },
        "down": {
          "uv": [
            11.5,
            4,
            10,
            4.75
          ],
          "texture": "#2"
        }
      }
    },
    {
      "from": [
        7.75,
        9.0075,
        10.7575
      ],
      "to": [
        8.25,
        10.0075,
        11.7575
      ],
      "rotation": {
        "angle": 0,
        "axis": "y",
        "origin": [
          7.75,
          9.0075,
          10.7575
        ]
      },
      "faces": {
        "north": {
          "uv": [
            13,
            5,
            13.25,
            5.5
          ],
          "texture": "#2"
        },
        "east": {
          "uv": [
            13.25,
            2,
            13.75,
            2.5
          ],
          "texture": "#2"
        },
        "south": {
          "uv": [
            5.5,
            13,
            5.75,
            13.5
          ],
          "texture": "#2"
        },
        "west": {
          "uv": [
            13.75,
            2,
            14.25,
            2.5
          ],
          "texture": "#2"
        },
        "up": {
          "uv": [
            13.25,
            6,
            13,
            5.5
          ],
          "texture": "#2"
        },
        "down": {
          "uv": [
            6.25,
            13,
            6,
            13.5
          ],
          "texture": "#2"
        }
      }
    },
    {
      "from": [
        1.5,
        9.47678,
        3.78407
      ],
      "to": [
        14.5,
        9.50678,
        11.28407
      ],
      "rotation": {
        "angle": 0,
        "axis": "y",
        "origin": [
          7.5,
          9.47678,
          3.78407
        ]
      },
      "faces": {
        "up": {
          "uv": [
            6.5,
            3.75,
            0,
            0
          ],
          "texture": "#2"
        },
        "down": {
          "uv": [
            6.5,
            0,
            0,
            3.75
          ],
          "texture": "#2"
        }
      }
    }
  ],
  "gui_light": "front",
  "display": {
    "thirdperson_righthand": {
      "translation": [
        0,
        0.5,
        -1
      ]
    },
    "thirdperson_lefthand": {
      "translation": [
        0,
        0.5,
        -1
      ]
    },
    "firstperson_righthand": {
      "translation": [
        0,
        2.25,
        -2.25
      ]
    },
    "firstperson_lefthand": {
      "translation": [
        0,
        2.25,
        -2.25
      ]
    },
    "ground": {
      "rotation": [
        45,
        0,
        0
      ],
      "translation": [
        0,
        8.75,
        0
      ]
    },
    "gui": {
      "rotation": [
        90,
        45,
        0
      ],
      "translation": [
        0.25,
        -0.25,
        0
      ],
      "scale": [
        0.98438,
        0.98438,
        0.98438
      ]
    },
    "head": {
      "rotation": [
        135,
        0,
        -180
      ]
    },
    "fixed": {
      "rotation": [
        -90,
        0,
        0
      ],
      "translation": [
        0,
        -1.5,
        -4.25
      ],
      "scale": [
        2,
        2,
        2
      ]
    }
  }
}