{
	"credit": "Made with Blockbench",
	"textures": {
		"1": "cosmo_pack:sword",
		"3": "cosmo_pack:ring",
		"4": "cosmo_pack:gravity_1",
		"5": "cosmo_pack:gravity_2",
		"6": "cosmo_pack:lighting_small"
	},
	"elements": [
		{
			"from": [6, 1.62454, 7.4],
			"to": [10, 5.62454, 8.6],
			"rotation": {"angle": 45, "axis": "z", "origin": [8, 3.62454, 8]},
			"faces": {
				"north": {"uv": [4.75, 0, 5.75, 1], "rotation": 270, "texture": "#1"},
				"east": {"uv": [7, 2.8125, 6, 2.5], "rotation": 90, "texture": "#1"},
				"south": {"uv": [4.75, 0, 5.75, 1], "texture": "#1"},
				"west": {"uv": [7, 3, 6, 3.3125], "rotation": 90, "texture": "#1"},
				"up": {"uv": [6, 1.5, 6.3125, 2.5], "rotation": 90, "texture": "#1"},
				"down": {"uv": [5.5, 2.75, 5.8125, 3.75], "rotation": 90, "texture": "#1"}
			}
		},
		{
			"from": [5, 1.62454, 7.65],
			"to": [11, 3.62454, 8.35],
			"rotation": {"angle": 0, "axis": "y", "origin": [8, 2.62454, 8]},
			"faces": {
				"north": {"uv": [3.75, 4.75, 5.25, 5.25], "texture": "#1"},
				"east": {"uv": [7.25, 1, 7.4375, 1.5], "texture": "#1"},
				"south": {"uv": [3.75, 4.75, 5.25, 5.25], "texture": "#1"},
				"west": {"uv": [7.25, 3.5, 7.4375, 4], "texture": "#1"},
				"up": {"uv": [7.5, 5.4375, 6, 5.25], "texture": "#1"},
				"down": {"uv": [7.5, 5.5, 6, 5.6875], "texture": "#1"}
			}
		},
		{
			"from": [11, 2.02454, 7.65],
			"to": [13, 4.02454, 8.35],
			"rotation": {"angle": 0, "axis": "y", "origin": [11, 3.02454, 8]},
			"faces": {
				"north": {"uv": [6, 5.75, 6.5, 6.25], "texture": "#1"},
				"east": {"uv": [7.25, 4, 7.4375, 4.5], "texture": "#1"},
				"south": {"uv": [6.5, 5.75, 6, 6.25], "texture": "#1"},
				"west": {"uv": [4.25, 7.25, 4.4375, 7.75], "texture": "#1"},
				"up": {"uv": [5.25, 4.6875, 4.75, 4.5], "texture": "#1"},
				"down": {"uv": [6, 3.75, 5.5, 3.9375], "texture": "#1"}
			}
		},
		{
			"from": [6.71967, -14.25579, 7.7],
			"to": [8.21967, -12.75579, 8.3],
			"rotation": {"angle": 45, "axis": "z", "origin": [8, -12.97546, 8]},
			"faces": {
				"north": {"uv": [6.75, 4, 7.125, 4.375], "texture": "#1"},
				"east": {"uv": [7.75, 2.25, 7.875, 2.625], "texture": "#1"},
				"south": {"uv": [6.75, 4, 7.125, 4.375], "rotation": 90, "texture": "#1"},
				"west": {"uv": [7.75, 3.75, 7.875, 4.125], "texture": "#1"},
				"up": {"uv": [7.875, 6.625, 7.5, 6.5], "texture": "#1"},
				"down": {"uv": [4.625, 7.75, 4.25, 7.875], "texture": "#1"}
			}
		},
		{
			"from": [6.71967, -9.25579, 7.7],
			"to": [8.21967, -7.75579, 8.3],
			"rotation": {"angle": 45, "axis": "z", "origin": [8, -7.97546, 8]},
			"faces": {
				"north": {"uv": [6.75, 4, 7.125, 4.375], "texture": "#1"},
				"east": {"uv": [7.75, 2.25, 7.875, 2.625], "texture": "#1"},
				"south": {"uv": [6.75, 4, 7.125, 4.375], "rotation": 90, "texture": "#1"},
				"west": {"uv": [7.75, 3.75, 7.875, 4.125], "texture": "#1"},
				"up": {"uv": [7.875, 6.625, 7.5, 6.5], "texture": "#1"},
				"down": {"uv": [4.625, 7.75, 4.25, 7.875], "texture": "#1"}
			}
		},
		{
			"from": [12, 2.92454, 7.7],
			"to": [13.5, 5.02454, 8.3],
			"rotation": {"angle": -22.5, "axis": "z", "origin": [12.5, 4.02454, 7.95]},
			"faces": {
				"north": {"uv": [6.5, 5.75, 6.875, 6.25], "texture": "#1"},
				"east": {"uv": [7.5, 3.75, 7.625, 4.25], "texture": "#1"},
				"south": {"uv": [6.875, 5.75, 6.5, 6.25], "texture": "#1"},
				"west": {"uv": [7.5, 4.25, 7.625, 4.75], "texture": "#1"},
				"up": {"uv": [8.125, 4.375, 7.75, 4.25], "texture": "#1"},
				"down": {"uv": [8.125, 4.5, 7.75, 4.625], "texture": "#1"}
			}
		},
		{
			"from": [7.635, -11.05612, 7.75],
			"to": [9.135, -8.95612, 8.25],
			"rotation": {"angle": -22.5, "axis": "z", "origin": [8.385, -10.00612, 7.95]},
			"faces": {
				"north": {"uv": [6.5, 5.75, 6.875, 6.25], "texture": "#1"},
				"east": {"uv": [7.5, 3.75, 7.625, 4.25], "texture": "#1"},
				"south": {"uv": [6.875, 5.75, 6.5, 6.25], "texture": "#1"},
				"west": {"uv": [7.5, 4.25, 7.625, 4.75], "texture": "#1"},
				"up": {"uv": [8.125, 4.375, 7.75, 4.25], "texture": "#1"},
				"down": {"uv": [8.125, 4.5, 7.75, 4.625], "texture": "#1"}
			}
		},
		{
			"from": [6.865, -11.05612, 7.75],
			"to": [8.365, -8.95612, 8.25],
			"rotation": {"angle": 22.5, "axis": "z", "origin": [7.615, -10.00612, 7.95]},
			"faces": {
				"north": {"uv": [6.875, 5.75, 6.5, 6.25], "texture": "#1"},
				"east": {"uv": [7.625, 4.25, 7.5, 4.75], "texture": "#1"},
				"south": {"uv": [6.5, 5.75, 6.875, 6.25], "texture": "#1"},
				"west": {"uv": [7.625, 3.75, 7.5, 4.25], "texture": "#1"},
				"up": {"uv": [7.75, 4.375, 8.125, 4.25], "texture": "#1"},
				"down": {"uv": [7.75, 4.5, 8.125, 4.625], "texture": "#1"}
			}
		},
		{
			"from": [9.08652, -13.14785, 7.75],
			"to": [9.83652, -11.29785, 8.25],
			"rotation": {"angle": -45, "axis": "z", "origin": [9.35797, -11.68179, 8]},
			"faces": {
				"north": {"uv": [7.5, 1.75, 7.6875, 2.1875], "texture": "#1"},
				"east": {"uv": [5.25, 7.5, 5.375, 7.9375], "texture": "#1"},
				"south": {"uv": [7.6875, 1.75, 7.5, 2.1875], "texture": "#1"},
				"west": {"uv": [7.5, 5.25, 7.625, 5.6875], "texture": "#1"},
				"up": {"uv": [8.1875, 0.375, 8, 0.25], "texture": "#1"},
				"down": {"uv": [8.1875, 0.5, 8, 0.625], "texture": "#1"}
			}
		},
		{
			"from": [8.69373, -11.72828, 7.7],
			"to": [9.69373, -10.07828, 8.3],
			"rotation": {"angle": 22.5, "axis": "z", "origin": [9.35797, -11.68179, 8]},
			"faces": {
				"north": {"uv": [5.75, 1.5, 6, 1.9375], "texture": "#1"},
				"east": {"uv": [5.5, 7.5, 5.625, 7.9375], "texture": "#1"},
				"south": {"uv": [6, 1.5, 5.75, 1.9375], "texture": "#1"},
				"west": {"uv": [7.5, 5.75, 7.625, 6.1875], "texture": "#1"},
				"up": {"uv": [8, 7.875, 7.75, 7.75], "texture": "#1"},
				"down": {"uv": [8.25, 0, 8, 0.125], "texture": "#1"}
			}
		},
		{
			"from": [6.16348, -13.14785, 7.75],
			"to": [6.91348, -11.29785, 8.25],
			"rotation": {"angle": 45, "axis": "z", "origin": [6.64203, -11.68179, 8]},
			"faces": {
				"north": {"uv": [7.6875, 1.75, 7.5, 2.1875], "texture": "#1"},
				"east": {"uv": [7.625, 5.25, 7.5, 5.6875], "texture": "#1"},
				"south": {"uv": [7.5, 1.75, 7.6875, 2.1875], "texture": "#1"},
				"west": {"uv": [5.375, 7.5, 5.25, 7.9375], "texture": "#1"},
				"up": {"uv": [8, 0.375, 8.1875, 0.25], "texture": "#1"},
				"down": {"uv": [8, 0.5, 8.1875, 0.625], "texture": "#1"}
			}
		},
		{
			"from": [6.30627, -11.72828, 7.7],
			"to": [7.30627, -10.07828, 8.3],
			"rotation": {"angle": -22.5, "axis": "z", "origin": [6.64203, -11.68179, 8]},
			"faces": {
				"north": {"uv": [6, 1.5, 5.75, 1.9375], "texture": "#1"},
				"east": {"uv": [7.625, 5.75, 7.5, 6.1875], "texture": "#1"},
				"south": {"uv": [5.75, 1.5, 6, 1.9375], "texture": "#1"},
				"west": {"uv": [5.625, 7.5, 5.5, 7.9375], "texture": "#1"},
				"up": {"uv": [7.75, 7.875, 8, 7.75], "texture": "#1"},
				"down": {"uv": [8, 0, 8.25, 0.125], "texture": "#1"}
			}
		},
		{
			"from": [6.30627, -1.92172, 7.7],
			"to": [7.30627, -0.27172, 8.3],
			"rotation": {"angle": 22.5, "axis": "z", "origin": [6.64203, -0.31821, 8]},
			"faces": {
				"north": {"uv": [6, 1.9375, 5.75, 1.5], "texture": "#1"},
				"east": {"uv": [7.625, 6.1875, 7.5, 5.75], "texture": "#1"},
				"south": {"uv": [5.75, 1.9375, 6, 1.5], "texture": "#1"},
				"west": {"uv": [5.625, 7.9375, 5.5, 7.5], "texture": "#1"},
				"up": {"uv": [8, 0.125, 8.25, 0], "texture": "#1"},
				"down": {"uv": [7.75, 7.75, 8, 7.875], "texture": "#1"}
			}
		},
		{
			"from": [6.16348, -0.70215, 7.75],
			"to": [6.91348, 1.14785, 8.25],
			"rotation": {"angle": -45, "axis": "z", "origin": [6.64203, -0.31821, 8]},
			"faces": {
				"north": {"uv": [7.6875, 2.1875, 7.5, 1.75], "texture": "#1"},
				"east": {"uv": [7.625, 5.6875, 7.5, 5.25], "texture": "#1"},
				"south": {"uv": [7.5, 2.1875, 7.6875, 1.75], "texture": "#1"},
				"west": {"uv": [5.375, 7.9375, 5.25, 7.5], "texture": "#1"},
				"up": {"uv": [8, 0.625, 8.1875, 0.5], "texture": "#1"},
				"down": {"uv": [8, 0.25, 8.1875, 0.375], "texture": "#1"}
			}
		},
		{
			"from": [8.69373, -1.92172, 7.7],
			"to": [9.69373, -0.27172, 8.3],
			"rotation": {"angle": -22.5, "axis": "z", "origin": [9.35797, -0.31821, 8]},
			"faces": {
				"north": {"uv": [5.75, 1.9375, 6, 1.5], "texture": "#1"},
				"east": {"uv": [5.5, 7.9375, 5.625, 7.5], "texture": "#1"},
				"south": {"uv": [6, 1.9375, 5.75, 1.5], "texture": "#1"},
				"west": {"uv": [7.5, 6.1875, 7.625, 5.75], "texture": "#1"},
				"up": {"uv": [8.25, 0.125, 8, 0], "texture": "#1"},
				"down": {"uv": [8, 7.75, 7.75, 7.875], "texture": "#1"}
			}
		},
		{
			"from": [9.08652, -0.70215, 7.75],
			"to": [9.83652, 1.14785, 8.25],
			"rotation": {"angle": 45, "axis": "z", "origin": [9.35797, -0.31821, 8]},
			"faces": {
				"north": {"uv": [7.5, 2.1875, 7.6875, 1.75], "texture": "#1"},
				"east": {"uv": [5.25, 7.9375, 5.375, 7.5], "texture": "#1"},
				"south": {"uv": [7.6875, 2.1875, 7.5, 1.75], "texture": "#1"},
				"west": {"uv": [7.5, 5.6875, 7.625, 5.25], "texture": "#1"},
				"up": {"uv": [8.1875, 0.625, 8, 0.5], "texture": "#1"},
				"down": {"uv": [8.1875, 0.25, 8, 0.375], "texture": "#1"}
			}
		},
		{
			"from": [10, 1.62454, 7.6],
			"to": [12, 4.62454, 8.4],
			"rotation": {"angle": 22.5, "axis": "z", "origin": [11, 2.62454, 8.05]},
			"faces": {
				"north": {"uv": [5, 5.25, 5.5, 6], "texture": "#1"},
				"east": {"uv": [6, 6.75, 6.1875, 7.5], "texture": "#1"},
				"south": {"uv": [7.125, 0, 6.75, 0.5], "texture": "#1"},
				"west": {"uv": [6.25, 6.75, 6.4375, 7.5], "texture": "#1"},
				"up": {"uv": [7.75, 5.1875, 7.25, 5], "texture": "#1"},
				"down": {"uv": [7, 7.25, 6.5, 7.4375], "texture": "#1"}
			}
		},
		{
			"from": [2.5, 2.92454, 7.7],
			"to": [4, 5.02454, 8.3],
			"rotation": {"angle": 22.5, "axis": "z", "origin": [3.5, 4.02454, 7.95]},
			"faces": {
				"north": {"uv": [6.875, 5.75, 6.5, 6.25], "texture": "#1"},
				"east": {"uv": [7.625, 4.25, 7.5, 4.75], "texture": "#1"},
				"south": {"uv": [6.5, 5.75, 6.875, 6.25], "texture": "#1"},
				"west": {"uv": [7.625, 3.75, 7.5, 4.25], "texture": "#1"},
				"up": {"uv": [7.75, 4.375, 8.125, 4.25], "texture": "#1"},
				"down": {"uv": [7.75, 4.5, 8.125, 4.625], "texture": "#1"}
			}
		},
		{
			"from": [4, 1.62454, 7.6],
			"to": [6, 4.62454, 8.4],
			"rotation": {"angle": -22.5, "axis": "z", "origin": [5, 2.62454, 8.05]},
			"faces": {
				"north": {"uv": [5.5, 5.25, 5, 6], "texture": "#1"},
				"east": {"uv": [6.4375, 6.75, 6.25, 7.5], "texture": "#1"},
				"south": {"uv": [6.75, 0, 7.125, 0.5], "texture": "#1"},
				"west": {"uv": [6.1875, 6.75, 6, 7.5], "texture": "#1"},
				"up": {"uv": [7.25, 5.1875, 7.75, 5], "texture": "#1"},
				"down": {"uv": [6.5, 7.25, 7, 7.4375], "texture": "#1"}
			}
		},
		{
			"from": [3, 2.02454, 7.65],
			"to": [5, 4.02454, 8.35],
			"rotation": {"angle": 0, "axis": "y", "origin": [5, 3.02454, 8]},
			"faces": {
				"north": {"uv": [6.5, 5.75, 6, 6.25], "texture": "#1"},
				"east": {"uv": [4.4375, 7.25, 4.25, 7.75], "texture": "#1"},
				"south": {"uv": [6, 5.75, 6.5, 6.25], "texture": "#1"},
				"west": {"uv": [7.4375, 4, 7.25, 4.5], "texture": "#1"},
				"up": {"uv": [4.75, 4.6875, 5.25, 4.5], "texture": "#1"},
				"down": {"uv": [5.5, 3.75, 6, 3.9375], "texture": "#1"}
			}
		},
		{
			"from": [7.45, -8.027, 7.45],
			"to": [8.55, -2.027, 8.55],
			"rotation": {"angle": 0, "axis": "y", "origin": [8.05, 11, 8.05]},
			"faces": {
				"north": {"uv": [5.5, 5.25, 5.75, 6.75], "texture": "#1"},
				"east": {"uv": [5.5, 5.25, 5.75, 6.75], "texture": "#1"},
				"south": {"uv": [5.5, 5.25, 5.75, 6.75], "texture": "#1"},
				"west": {"uv": [5.5, 5.25, 5.75, 6.75], "texture": "#1"},
				"up": {"uv": [5.5, 6.75, 5.25, 6.5], "texture": "#1"},
				"down": {"uv": [7.75, 4.75, 7.5, 5], "texture": "#1"}
			}
		},
		{
			"from": [11.875, -2.277, 8],
			"to": [16.125, 6.5, 8],
			"rotation": {"angle": -22.5, "axis": "z", "origin": [14, 2.1115, 8]},
			"faces": {
				"north": {"uv": [9.75, 0, 11, 2.4375], "texture": "#1"},
				"east": {"uv": [0, 0, 0, 10.6875], "texture": "#1"},
				"south": {"uv": [11, 0, 9.75, 2.4375], "texture": "#1"},
				"west": {"uv": [0, 0, 0, 10.6875], "texture": "#1"},
				"up": {"uv": [3.75, 0, 0, 0], "texture": "#1"},
				"down": {"uv": [3.75, 0, 0, 0], "texture": "#1"}
			}
		},
		{
			"from": [3.5, -1.277, 7.7],
			"to": [12.5, 7.723, 8.3],
			"rotation": {"angle": 0, "axis": "y", "origin": [8.5, 16.223, 8.05]},
			"faces": {
				"north": {"uv": [0, 0, 16, 16], "rotation": 270, "texture": "#3"},
				"east": {"uv": [0.75, 0, 0, 0.66667], "rotation": 90, "texture": "#3"},
				"south": {"uv": [16, 0, 0, 16], "rotation": 90, "texture": "#3"},
				"west": {"uv": [0.75, 0, 0, 1], "rotation": 90, "texture": "#3"},
				"up": {"uv": [0, 0, 0.66667, 0.6875], "rotation": 90, "texture": "#3"},
				"down": {"uv": [0, 0, 0.66667, 1.02083], "rotation": 90, "texture": "#3"}
			}
		},
		{
			"from": [4, -2.477, 7.2],
			"to": [12, 5.523, 8.8],
			"rotation": {"angle": 0, "axis": "y", "origin": [9, 16.223, 12.05]},
			"faces": {
				"north": {"uv": [0, 0, 16, 16], "rotation": 270, "texture": "#4"},
				"east": {"uv": [0.75, 0, 0, 1], "rotation": 90, "texture": "#4"},
				"south": {"uv": [16, 0, 0, 16], "rotation": 90, "texture": "#4"},
				"west": {"uv": [0.75, 0, 0, 1], "rotation": 90, "texture": "#4"},
				"up": {"uv": [0, 0, 1, 0.6875], "rotation": 90, "texture": "#4"},
				"down": {"uv": [0, 0, 1, 0.6875], "rotation": 90, "texture": "#4"}
			}
		},
		{
			"from": [4.5, -15.777, 7.875],
			"to": [11.5, -8.777, 8.125],
			"rotation": {"angle": 0, "axis": "y", "origin": [8.5, 12.723, 11.8]},
			"faces": {
				"north": {"uv": [0, 0, 16, 16], "rotation": 270, "texture": "#5"},
				"south": {"uv": [16, 0, 0, 16], "rotation": 90, "texture": "#5"}
			}
		},
		{
			"from": [-1, -1.527, 7.875],
			"to": [9, 8.473, 8.125],
			"rotation": {"angle": -45, "axis": "z", "origin": [4, 3.473, 8]},
			"faces": {
				"north": {"uv": [16, 0, 0, 16], "rotation": 180, "texture": "#6"},
				"south": {"uv": [0, 0, 16, 16], "rotation": 180, "texture": "#6"}
			}
		},
		{
			"from": [7.2, -2.027, 7.2],
			"to": [8.8, -1.027, 8.8],
			"rotation": {"angle": 0, "axis": "y", "origin": [8, -2.027, 8]},
			"faces": {
				"north": {"uv": [7.25, 6.75, 7.625, 7], "texture": "#1"},
				"east": {"uv": [7.25, 6.75, 7.625, 7], "texture": "#1"},
				"south": {"uv": [7.25, 6.75, 7.625, 7], "texture": "#1"},
				"west": {"uv": [7.25, 6.75, 7.625, 7], "texture": "#1"},
				"up": {"uv": [6.875, 7.125, 6.5, 6.75], "texture": "#1"},
				"down": {"uv": [7.375, 1.5, 7, 1.875], "texture": "#1"}
			}
		},
		{
			"from": [10.9814, 1.7686, 7],
			"to": [13.4814, 4.2686, 9],
			"rotation": {"angle": -45, "axis": "z", "origin": [8, 7.25, 8]},
			"faces": {
				"north": {"uv": [4.25, 5.25, 4.875, 5.875], "texture": "#1"},
				"east": {"uv": [4.25, 6, 4.75, 6.625], "texture": "#1"},
				"south": {"uv": [4.25, 5.25, 4.875, 5.875], "rotation": 270, "texture": "#1"},
				"west": {"uv": [6, 4.5, 6.5, 5.125], "texture": "#1"},
				"up": {"uv": [6.625, 4, 6, 3.5], "texture": "#1"},
				"down": {"uv": [5.375, 6, 4.75, 6.5], "texture": "#1"}
			}
		},
		{
			"from": [7, 0.2659, 7.125],
			"to": [9, 2.2659, 8.875],
			"rotation": {"angle": 0, "axis": "y", "origin": [8, 1.2659, 8]},
			"faces": {
				"north": {"uv": [6.25, 0.5, 6.75, 1], "texture": "#1"},
				"east": {"uv": [6.25, 4, 6.6875, 4.5], "texture": "#1"},
				"south": {"uv": [6.25, 0.5, 6.75, 1], "texture": "#1"},
				"west": {"uv": [6, 6.25, 6.4375, 6.75], "texture": "#1"},
				"up": {"uv": [7, 1.9375, 6.5, 1.5], "texture": "#1"},
				"down": {"uv": [7, 2, 6.5, 2.4375], "texture": "#1"}
			}
		},
		{
			"from": [21.13089, -5.63089, 7.375],
			"to": [22.88089, -3.88089, 8.625],
			"rotation": {"angle": -45, "axis": "z", "origin": [8, 9.25, 7.875]},
			"faces": {
				"north": {"uv": [6.5, 4.5, 6.9375, 4.9375], "texture": "#1"},
				"east": {"uv": [4.75, 7, 5.0625, 7.4375], "texture": "#1"},
				"south": {"uv": [4.75, 6.5, 5.1875, 6.9375], "texture": "#1"},
				"west": {"uv": [5.25, 7, 5.5625, 7.4375], "texture": "#1"},
				"up": {"uv": [7.4375, 6.0625, 7, 5.75], "texture": "#1"},
				"down": {"uv": [7.4375, 6.25, 7, 6.5625], "texture": "#1"}
			}
		},
		{
			"from": [7.25, -11.2841, 7.5],
			"to": [8.75, -9.7841, 8.5],
			"rotation": {"angle": 0, "axis": "y", "origin": [8, -10.5341, 7.875]},
			"faces": {
				"north": {"uv": [7, 2, 7.375, 2.375], "texture": "#1"},
				"east": {"uv": [4.5, 7.25, 4.75, 7.625], "texture": "#1"},
				"south": {"uv": [7, 2, 7.375, 2.375], "texture": "#1"},
				"west": {"uv": [7.5, 1, 7.75, 1.375], "texture": "#1"},
				"up": {"uv": [7.875, 0.5, 7.5, 0.25], "texture": "#1"},
				"down": {"uv": [7.875, 1.5, 7.5, 1.75], "texture": "#1"}
			}
		},
		{
			"from": [7.2, -2.777, 7.2],
			"to": [8.8, -2.277, 8.8],
			"rotation": {"angle": 0, "axis": "y", "origin": [8, -2.027, 8]},
			"faces": {
				"north": {"uv": [7.75, 5.25, 8.125, 5.375], "texture": "#1"},
				"east": {"uv": [7.75, 5.25, 8.125, 5.375], "texture": "#1"},
				"south": {"uv": [7.75, 5.25, 8.125, 5.375], "texture": "#1"},
				"west": {"uv": [7.75, 5.25, 8.125, 5.375], "texture": "#1"},
				"up": {"uv": [7.375, 3.375, 7, 3], "texture": "#1"},
				"down": {"uv": [7.375, 4.5, 7, 4.875], "texture": "#1"}
			}
		},
		{
			"from": [7.2, -7.027, 7.2],
			"to": [8.8, -6.527, 8.8],
			"rotation": {"angle": 0, "axis": "y", "origin": [8, -7.277, 8]},
			"faces": {
				"north": {"uv": [7.75, 5.25, 8.125, 5.375], "rotation": 180, "texture": "#1"},
				"east": {"uv": [7.75, 5.25, 8.125, 5.375], "rotation": 180, "texture": "#1"},
				"south": {"uv": [7.75, 5.25, 8.125, 5.375], "rotation": 180, "texture": "#1"},
				"west": {"uv": [7.75, 5.25, 8.125, 5.375], "rotation": 180, "texture": "#1"},
				"up": {"uv": [7.375, 4.5, 7, 4.875], "rotation": 180, "texture": "#1"},
				"down": {"uv": [7.375, 3.375, 7, 3], "rotation": 180, "texture": "#1"}
			}
		},
		{
			"from": [7.2, -8.277, 7.2],
			"to": [8.8, -7.277, 8.8],
			"rotation": {"angle": 0, "axis": "y", "origin": [8, -7.277, 8]},
			"faces": {
				"north": {"uv": [7.25, 6.75, 7.625, 7], "rotation": 180, "texture": "#1"},
				"east": {"uv": [7.25, 6.75, 7.625, 7], "rotation": 180, "texture": "#1"},
				"south": {"uv": [7.25, 6.75, 7.625, 7], "rotation": 180, "texture": "#1"},
				"west": {"uv": [7.25, 6.75, 7.625, 7], "rotation": 180, "texture": "#1"},
				"up": {"uv": [7.375, 1.5, 7, 1.875], "rotation": 180, "texture": "#1"},
				"down": {"uv": [6.875, 7.125, 6.5, 6.75], "rotation": 180, "texture": "#1"}
			}
		}
	],
	"gui_light": "front",
	"display": {
		"thirdperson_righthand": {
			"rotation": [0, 90, 0],
			"translation": [0, 14.25, 1]
		},
		"thirdperson_lefthand": {
			"rotation": [0, -90, 0],
			"translation": [0, 14.25, 1]
		},
		"firstperson_righthand": {
			"rotation": [-9, 90, 0],
			"translation": [9.5, 11.25, -9.75]
		},
		"firstperson_lefthand": {
			"rotation": [-9, -90, 0],
			"translation": [9.5, 11.25, -9.75]
		},
		"ground": {
			"rotation": [80, 0, 0],
			"translation": [0, 0, 7.75],
			"scale": [0.67, 0.67, 0.67]
		},
		"gui": {
			"rotation": [-180, 0, 135],
			"translation": [-4.75, 4.75, 0],
			"scale": [0.7, 0.7, 0.7]
		},
		"head": {
			"scale": [0.01, 0.01, 0.01]
		},
		"fixed": {
			"translation": [0, 21.25, -1.25],
			"scale": [1.8, 1.8, 1.8]
		}
	}
}