{
  "credit": "Made with Blockbench",
  "textures": {
    "0": "empowered_glorious_set:empowered_glorious_set/wings",
    "1": "empowered_glorious_set:empowered_glorious_set/eff_01",
    "particle": "empowered_glorious_set:empowered_glorious_set/wings"
  },
  "elements": [
    {
      "from": [
        7.375,
        5.7279,
        -4.42331
      ],
      "to": [
        8.625,
        6.9779,
        -3.17331
      ],
      "rotation": {
        "angle": 22.5,
        "axis": "x",
        "origin": [
          7.95,
          4.28992,
          8
        ]
      },
      "faces": {
        "north": {
          "uv": [
            4,
            11.5,
            3.5,
            12.25
          ],
          "texture": "#0"
        },
        "east": {
          "uv": [
            2.75,
            10.5,
            2,
            11.25
          ],
          "texture": "#0"
        },
        "south": {
          "uv": [
            3.5,
            11.5,
            3,
            12.25
          ],
          "texture": "#0"
        },
        "west": {
          "uv": [
            11.25,
            2,
            10.5,
            2.75
          ],
          "texture": "#0"
        },
        "up": {
          "uv": [
            12,
            3.5,
            11.5,
            4.25
          ],
          "texture": "#0"
        },
        "down": {
          "uv": [
            4.5,
            12.25,
            4,
            11.5
          ],
          "texture": "#0"
        }
      }
    },
    {
      "from": [
        8,
        -3.8293,
        -16
      ],
      "to": [
        8,
        5.1707,
        -1
      ],
      "rotation": {
        "angle": 45,
        "axis": "x",
        "origin": [
          7.95,
          4.28992,
          8
        ]
      },
      "faces": {
        "north": {
          "uv": [
            0,
            0,
            0,
            4.5
          ],
          "texture": "#0"
        },
        "east": {
          "uv": [
            7.5,
            0,
            0,
            4.5
          ],
          "texture": "#0"
        },
        "south": {
          "uv": [
            0,
            0,
            0,
            4.5
          ],
          "texture": "#0"
        },
        "west": {
          "uv": [
            7.5,
            4.5,
            0,
            9
          ],
          "texture": "#0"
        },
        "up": {
          "uv": [
            0,
            0,
            0,
            7.5
          ],
          "texture": "#0"
        },
        "down": {
          "uv": [
            0,
            7.5,
            0,
            0
          ],
          "texture": "#0"
        }
      }
    },
    {
      "from": [
        7.9,
        13.92831,
        -3.08225
      ],
      "to": [
        7.9,
        24.12831,
        3.03775
      ],
      "rotation": {
        "angle": -22.5,
        "axis": "x",
        "origin": [
          7.95,
          4.28992,
          8
        ]
      },
      "faces": {
        "north": {
          "uv": [
            0,
            0,
            0,
            7.5
          ],
          "texture": "#0"
        },
        "east": {
          "uv": [
            0,
            4.5,
            7.5,
            0
          ],
          "rotation": 90,
          "texture": "#0"
        },
        "south": {
          "uv": [
            0,
            7.5,
            0,
            0
          ],
          "rotation": 180,
          "texture": "#0"
        },
        "west": {
          "uv": [
            0,
            9,
            7.5,
            4.5
          ],
          "rotation": 270,
          "texture": "#0"
        },
        "up": {
          "uv": [
            0,
            4.5,
            0,
            0
          ],
          "texture": "#0"
        },
        "down": {
          "uv": [
            0,
            4.5,
            0,
            0
          ],
          "rotation": 180,
          "texture": "#0"
        }
      }
    },
    {
      "from": [
        7.5,
        14.45713,
        0.6346
      ],
      "to": [
        8.5,
        16.45713,
        1.6346
      ],
      "rotation": {
        "angle": -22.5,
        "axis": "x",
        "origin": [
          7.95,
          4.28992,
          8
        ]
      },
      "faces": {
        "north": {
          "uv": [
            5,
            10.5,
            4.5,
            11.5
          ],
          "texture": "#0"
        },
        "east": {
          "uv": [
            11,
            4,
            10.5,
            5
          ],
          "texture": "#0"
        },
        "south": {
          "uv": [
            4.5,
            10.5,
            4,
            11.5
          ],
          "texture": "#0"
        },
        "west": {
          "uv": [
            5.5,
            10.5,
            5,
            11.5
          ],
          "texture": "#0"
        },
        "up": {
          "uv": [
            7.5,
            11.5,
            7,
            12
          ],
          "texture": "#0"
        },
        "down": {
          "uv": [
            12,
            7.5,
            11.5,
            7
          ],
          "texture": "#0"
        }
      }
    },
    {
      "from": [
        7.505,
        7.39242,
        -8.10453
      ],
      "to": [
        8.495,
        8.39242,
        -5.10453
      ],
      "rotation": {
        "angle": 22.5,
        "axis": "x",
        "origin": [
          7.95,
          4.28992,
          8
        ]
      },
      "faces": {
        "north": {
          "uv": [
            8,
            12,
            8.5,
            11.5
          ],
          "texture": "#0"
        },
        "east": {
          "uv": [
            1.5,
            10.5,
            2,
            9
          ],
          "rotation": 270,
          "texture": "#0"
        },
        "south": {
          "uv": [
            11.5,
            8,
            12,
            8.5
          ],
          "rotation": 180,
          "texture": "#0"
        },
        "west": {
          "uv": [
            2.5,
            10.5,
            3,
            9
          ],
          "rotation": 90,
          "texture": "#0"
        },
        "up": {
          "uv": [
            1,
            10.5,
            1.5,
            9
          ],
          "rotation": 180,
          "texture": "#0"
        },
        "down": {
          "uv": [
            2,
            10.5,
            2.5,
            9
          ],
          "texture": "#0"
        }
      }
    },
    {
      "from": [
        7.5,
        17.87134,
        -1.19383
      ],
      "to": [
        8.5,
        19.87134,
        -0.19383
      ],
      "rotation": {
        "angle": -22.5,
        "axis": "x",
        "origin": [
          7.95,
          4.28992,
          8
        ]
      },
      "faces": {
        "north": {
          "uv": [
            7,
            10.5,
            6.5,
            11.5
          ],
          "texture": "#0"
        },
        "east": {
          "uv": [
            11,
            6,
            10.5,
            7
          ],
          "texture": "#0"
        },
        "south": {
          "uv": [
            6,
            10.5,
            5.5,
            11.5
          ],
          "texture": "#0"
        },
        "west": {
          "uv": [
            7.5,
            10.5,
            7,
            11.5
          ],
          "texture": "#0"
        },
        "up": {
          "uv": [
            8,
            11.5,
            7.5,
            12
          ],
          "texture": "#0"
        },
        "down": {
          "uv": [
            12,
            8,
            11.5,
            7.5
          ],
          "texture": "#0"
        }
      }
    },
    {
      "from": [
        7.505,
        -0.86483,
        2.54815
      ],
      "to": [
        8.495,
        2.38517,
        3.54815
      ],
      "rotation": {
        "angle": 45,
        "axis": "x",
        "origin": [
          7.95,
          4.28992,
          8
        ]
      },
      "faces": {
        "north": {
          "uv": [
            0.5,
            9,
            0,
            10.5
          ],
          "texture": "#0"
        },
        "east": {
          "uv": [
            9,
            7.5,
            8.5,
            9
          ],
          "texture": "#0"
        },
        "south": {
          "uv": [
            9,
            6,
            8.5,
            7.5
          ],
          "texture": "#0"
        },
        "west": {
          "uv": [
            1,
            9,
            0.5,
            10.5
          ],
          "texture": "#0"
        },
        "up": {
          "uv": [
            6,
            11.5,
            5.5,
            12
          ],
          "texture": "#0"
        },
        "down": {
          "uv": [
            7,
            12,
            6.5,
            11.5
          ],
          "texture": "#0"
        }
      }
    },
    {
      "from": [
        7.5,
        6.09099,
        2.5052
      ],
      "to": [
        8.5,
        7.34099,
        3.5052
      ],
      "rotation": {
        "angle": 0,
        "axis": "y",
        "origin": [
          7.95,
          4.28992,
          8
        ]
      },
      "faces": {
        "north": {
          "uv": [
            3,
            11.5,
            2.5,
            12.25
          ],
          "texture": "#0"
        },
        "east": {
          "uv": [
            2.5,
            11.5,
            2,
            12.25
          ],
          "texture": "#0"
        },
        "south": {
          "uv": [
            12,
            1.5,
            11.5,
            2.25
          ],
          "texture": "#0"
        },
        "west": {
          "uv": [
            12,
            2.5,
            11.5,
            3.25
          ],
          "texture": "#0"
        },
        "up": {
          "uv": [
            12,
            8.5,
            11.5,
            9
          ],
          "texture": "#0"
        },
        "down": {
          "uv": [
            12,
            9.5,
            11.5,
            9
          ],
          "texture": "#0"
        }
      }
    },
    {
      "from": [
        7.505,
        9.62565,
        5.97914
      ],
      "to": [
        8.495,
        12.62565,
        6.97914
      ],
      "rotation": {
        "angle": -45,
        "axis": "x",
        "origin": [
          7.95,
          4.28992,
          8
        ]
      },
      "faces": {
        "north": {
          "uv": [
            4.5,
            9,
            4,
            10.5
          ],
          "texture": "#0"
        },
        "east": {
          "uv": [
            4,
            9,
            3.5,
            10.5
          ],
          "texture": "#0"
        },
        "south": {
          "uv": [
            3.5,
            9,
            3,
            10.5
          ],
          "texture": "#0"
        },
        "west": {
          "uv": [
            5,
            9,
            4.5,
            10.5
          ],
          "texture": "#0"
        },
        "up": {
          "uv": [
            12,
            9.5,
            11.5,
            10
          ],
          "texture": "#0"
        },
        "down": {
          "uv": [
            12,
            10.5,
            11.5,
            10
          ],
          "texture": "#0"
        }
      }
    },
    {
      "from": [
        7.5,
        8.7552,
        0.67678
      ],
      "to": [
        8.5,
        10.7552,
        1.67678
      ],
      "rotation": {
        "angle": 0,
        "axis": "y",
        "origin": [
          7.95,
          4.28992,
          8
        ]
      },
      "faces": {
        "north": {
          "uv": [
            11,
            10.5,
            10.5,
            11.5
          ],
          "texture": "#0"
        },
        "east": {
          "uv": [
            11,
            9.5,
            10.5,
            10.5
          ],
          "texture": "#0"
        },
        "south": {
          "uv": [
            11,
            8.5,
            10.5,
            9.5
          ],
          "texture": "#0"
        },
        "west": {
          "uv": [
            11.5,
            4,
            11,
            5
          ],
          "texture": "#0"
        },
        "up": {
          "uv": [
            11,
            11.5,
            10.5,
            12
          ],
          "texture": "#0"
        },
        "down": {
          "uv": [
            11.5,
            12,
            11,
            11.5
          ],
          "texture": "#0"
        }
      }
    },
    {
      "from": [
        7.55,
        0.04124,
        2.28388
      ],
      "to": [
        8.45,
        0.94124,
        4.28388
      ],
      "rotation": {
        "angle": 0,
        "axis": "y",
        "origin": [
          7.95,
          4.28992,
          8
        ]
      },
      "faces": {
        "north": {
          "uv": [
            1,
            12,
            0.5,
            12.5
          ],
          "texture": "#0"
        },
        "east": {
          "uv": [
            11.5,
            7,
            10.5,
            7.5
          ],
          "texture": "#0"
        },
        "south": {
          "uv": [
            12,
            11.5,
            11.5,
            12
          ],
          "texture": "#0"
        },
        "west": {
          "uv": [
            12,
            5,
            11,
            5.5
          ],
          "texture": "#0"
        },
        "up": {
          "uv": [
            11.5,
            5.5,
            11,
            6.5
          ],
          "texture": "#0"
        },
        "down": {
          "uv": [
            6.5,
            12,
            6,
            11
          ],
          "texture": "#0"
        }
      }
    },
    {
      "from": [
        7.605,
        -2.75626,
        6.96236
      ],
      "to": [
        8.395,
        -1.95626,
        8.96236
      ],
      "rotation": {
        "angle": 45,
        "axis": "x",
        "origin": [
          7.95,
          4.28992,
          8
        ]
      },
      "faces": {
        "north": {
          "uv": [
            1.5,
            12,
            1,
            12.5
          ],
          "texture": "#0"
        },
        "east": {
          "uv": [
            12,
            6.5,
            11,
            7
          ],
          "texture": "#0"
        },
        "south": {
          "uv": [
            12.5,
            0.5,
            12,
            1
          ],
          "texture": "#0"
        },
        "west": {
          "uv": [
            8.5,
            11,
            7.5,
            11.5
          ],
          "texture": "#0"
        },
        "up": {
          "uv": [
            11.5,
            7.5,
            11,
            8.5
          ],
          "texture": "#0"
        },
        "down": {
          "uv": [
            9,
            12,
            8.5,
            11
          ],
          "texture": "#0"
        }
      }
    },
    {
      "from": [
        7.6,
        -3.84907,
        5.6988
      ],
      "to": [
        8.4,
        -1.84907,
        6.4988
      ],
      "rotation": {
        "angle": 22.5,
        "axis": "x",
        "origin": [
          7.95,
          4.28992,
          8
        ]
      },
      "faces": {
        "north": {
          "uv": [
            10,
            11,
            9.5,
            12
          ],
          "texture": "#0"
        },
        "east": {
          "uv": [
            9.5,
            11,
            9,
            12
          ],
          "texture": "#0"
        },
        "south": {
          "uv": [
            11.5,
            8.5,
            11,
            9.5
          ],
          "texture": "#0"
        },
        "west": {
          "uv": [
            11.5,
            9.5,
            11,
            10.5
          ],
          "texture": "#0"
        },
        "up": {
          "uv": [
            12.5,
            1,
            12,
            1.5
          ],
          "texture": "#0"
        },
        "down": {
          "uv": [
            12.5,
            2,
            12,
            1.5
          ],
          "texture": "#0"
        }
      }
    },
    {
      "from": [
        7.45,
        3.91334,
        2.36804
      ],
      "to": [
        8.55,
        5.01334,
        5.36804
      ],
      "rotation": {
        "angle": -45,
        "axis": "x",
        "origin": [
          7.95,
          4.28992,
          8
        ]
      },
      "faces": {
        "north": {
          "uv": [
            12.5,
            2.5,
            12,
            3
          ],
          "texture": "#0"
        },
        "east": {
          "uv": [
            6.5,
            9,
            5,
            9.5
          ],
          "texture": "#0"
        },
        "south": {
          "uv": [
            12.5,
            2,
            12,
            2.5
          ],
          "texture": "#0"
        },
        "west": {
          "uv": [
            10.5,
            6,
            9,
            6.5
          ],
          "texture": "#0"
        },
        "up": {
          "uv": [
            7,
            9,
            6.5,
            10.5
          ],
          "texture": "#0"
        },
        "down": {
          "uv": [
            9.5,
            8,
            9,
            6.5
          ],
          "texture": "#0"
        }
      }
    },
    {
      "from": [
        7.375,
        3.81334,
        4.25947
      ],
      "to": [
        8.625,
        6.91334,
        5.50947
      ],
      "rotation": {
        "angle": -45,
        "axis": "x",
        "origin": [
          7.95,
          4.28992,
          8
        ]
      },
      "faces": {
        "north": {
          "uv": [
            9.25,
            3,
            8.5,
            4.5
          ],
          "texture": "#0"
        },
        "east": {
          "uv": [
            9.25,
            1.5,
            8.5,
            3
          ],
          "texture": "#0"
        },
        "south": {
          "uv": [
            9.25,
            0,
            8.5,
            1.5
          ],
          "texture": "#0"
        },
        "west": {
          "uv": [
            9.25,
            4.5,
            8.5,
            6
          ],
          "texture": "#0"
        },
        "up": {
          "uv": [
            9.25,
            10,
            8.5,
            10.75
          ],
          "texture": "#0"
        },
        "down": {
          "uv": [
            10.25,
            10.75,
            9.5,
            10
          ],
          "texture": "#0"
        }
      }
    },
    {
      "from": [
        7.375,
        10.23797,
        3.86302
      ],
      "to": [
        8.625,
        11.98797,
        5.61302
      ],
      "rotation": {
        "angle": -45,
        "axis": "x",
        "origin": [
          7.95,
          4.28992,
          8
        ]
      },
      "faces": {
        "north": {
          "uv": [
            10.25,
            0,
            9.5,
            0.75
          ],
          "texture": "#0"
        },
        "east": {
          "uv": [
            9.25,
            9,
            8.5,
            9.75
          ],
          "texture": "#0"
        },
        "south": {
          "uv": [
            9.75,
            8,
            9,
            8.75
          ],
          "texture": "#0"
        },
        "west": {
          "uv": [
            10.25,
            1,
            9.5,
            1.75
          ],
          "texture": "#0"
        },
        "up": {
          "uv": [
            0.75,
            10.5,
            0,
            11.25
          ],
          "texture": "#0"
        },
        "down": {
          "uv": [
            11.25,
            0.75,
            10.5,
            0
          ],
          "texture": "#0"
        }
      }
    },
    {
      "from": [
        7.375,
        5.48797,
        2.11302
      ],
      "to": [
        8.625,
        7.23797,
        3.86302
      ],
      "rotation": {
        "angle": -45,
        "axis": "x",
        "origin": [
          7.95,
          4.28992,
          8
        ]
      },
      "faces": {
        "north": {
          "uv": [
            1,
            11.25,
            1.75,
            10.5
          ],
          "texture": "#0"
        },
        "east": {
          "uv": [
            9.5,
            3.75,
            10.25,
            3
          ],
          "rotation": 270,
          "texture": "#0"
        },
        "south": {
          "uv": [
            10.5,
            1,
            11.25,
            1.75
          ],
          "rotation": 180,
          "texture": "#0"
        },
        "west": {
          "uv": [
            5,
            10.25,
            5.75,
            9.5
          ],
          "rotation": 90,
          "texture": "#0"
        },
        "up": {
          "uv": [
            9.5,
            2.75,
            10.25,
            2
          ],
          "rotation": 180,
          "texture": "#0"
        },
        "down": {
          "uv": [
            9.5,
            4.75,
            10.25,
            4
          ],
          "texture": "#0"
        }
      }
    },
    {
      "from": [
        7.375,
        8.11665,
        5.98434
      ],
      "to": [
        8.625,
        9.86665,
        7.73434
      ],
      "rotation": {
        "angle": -45,
        "axis": "x",
        "origin": [
          7.95,
          4.28992,
          8
        ]
      },
      "faces": {
        "north": {
          "uv": [
            8.25,
            10,
            7.5,
            10.75
          ],
          "texture": "#0"
        },
        "east": {
          "uv": [
            10.25,
            9,
            9.5,
            9.75
          ],
          "texture": "#0"
        },
        "south": {
          "uv": [
            10.25,
            6.5,
            9.5,
            7.25
          ],
          "texture": "#0"
        },
        "west": {
          "uv": [
            10.75,
            7.5,
            10,
            8.25
          ],
          "texture": "#0"
        },
        "up": {
          "uv": [
            3.75,
            10.5,
            3,
            11.25
          ],
          "texture": "#0"
        },
        "down": {
          "uv": [
            11.25,
            3.75,
            10.5,
            3
          ],
          "texture": "#0"
        }
      }
    },
    {
      "from": [
        7.375,
        7.78606,
        2.14335
      ],
      "to": [
        8.625,
        8.53606,
        2.89335
      ],
      "rotation": {
        "angle": -45,
        "axis": "x",
        "origin": [
          7.95,
          4.28992,
          8
        ]
      },
      "faces": {
        "north": {
          "uv": [
            12.25,
            4.5,
            11.5,
            5
          ],
          "texture": "#0"
        },
        "east": {
          "uv": [
            12.5,
            3,
            12,
            3.5
          ],
          "texture": "#0"
        },
        "south": {
          "uv": [
            5.25,
            11.5,
            4.5,
            12
          ],
          "texture": "#0"
        },
        "west": {
          "uv": [
            12.5,
            3.5,
            12,
            4
          ],
          "texture": "#0"
        },
        "up": {
          "uv": [
            12.25,
            5.5,
            11.5,
            6
          ],
          "texture": "#0"
        },
        "down": {
          "uv": [
            12.25,
            6.5,
            11.5,
            6
          ],
          "texture": "#0"
        }
      }
    },
    {
      "from": [
        7.4375,
        5.13677,
        -2.4355
      ],
      "to": [
        8.5625,
        6.26177,
        -1.3105
      ],
      "rotation": {
        "angle": 0,
        "axis": "x",
        "origin": [
          7.95,
          4.28992,
          8
        ]
      },
      "faces": {
        "north": {
          "uv": [
            4,
            11.5,
            3.5,
            12.25
          ],
          "texture": "#0"
        },
        "east": {
          "uv": [
            2.75,
            10.5,
            2,
            11.25
          ],
          "texture": "#0"
        },
        "south": {
          "uv": [
            3.5,
            11.5,
            3,
            12.25
          ],
          "texture": "#0"
        },
        "west": {
          "uv": [
            11.25,
            2,
            10.5,
            2.75
          ],
          "texture": "#0"
        },
        "up": {
          "uv": [
            12,
            3.5,
            11.5,
            4.25
          ],
          "texture": "#0"
        },
        "down": {
          "uv": [
            4.5,
            12.25,
            4,
            11.5
          ],
          "texture": "#0"
        }
      }
    },
    {
      "from": [
        8,
        -3.14538,
        -13.59674
      ],
      "to": [
        8,
        4.95462,
        -0.09674
      ],
      "rotation": {
        "angle": 22.5,
        "axis": "x",
        "origin": [
          7.95,
          4.28992,
          8
        ]
      },
      "faces": {
        "north": {
          "uv": [
            0,
            0,
            0,
            4.5
          ],
          "texture": "#0"
        },
        "east": {
          "uv": [
            7.5,
            0,
            0,
            4.5
          ],
          "texture": "#0"
        },
        "south": {
          "uv": [
            0,
            0,
            0,
            4.5
          ],
          "texture": "#0"
        },
        "west": {
          "uv": [
            7.5,
            4.5,
            0,
            9
          ],
          "texture": "#0"
        },
        "up": {
          "uv": [
            0,
            0,
            0,
            7.5
          ],
          "texture": "#0"
        },
        "down": {
          "uv": [
            0,
            7.5,
            0,
            0
          ],
          "texture": "#0"
        }
      }
    },
    {
      "from": [
        7.9,
        -5.17553,
        -8.77647
      ],
      "to": [
        7.9,
        0.33247,
        0.40353
      ],
      "rotation": {
        "angle": 45,
        "axis": "x",
        "origin": [
          7.95,
          4.28992,
          8
        ]
      },
      "faces": {
        "north": {
          "uv": [
            0,
            0,
            0,
            4.5
          ],
          "texture": "#0"
        },
        "east": {
          "uv": [
            7.5,
            0,
            0,
            4.5
          ],
          "texture": "#0"
        },
        "south": {
          "uv": [
            0,
            0,
            0,
            4.5
          ],
          "texture": "#0"
        },
        "west": {
          "uv": [
            7.5,
            4.5,
            0,
            9
          ],
          "texture": "#0"
        },
        "up": {
          "uv": [
            0,
            0,
            0,
            7.5
          ],
          "texture": "#0"
        },
        "down": {
          "uv": [
            0,
            7.5,
            0,
            0
          ],
          "texture": "#0"
        }
      }
    },
    {
      "from": [
        7.55,
        12.59696,
        1.58196
      ],
      "to": [
        8.45,
        14.39696,
        2.48196
      ],
      "rotation": {
        "angle": -45,
        "axis": "x",
        "origin": [
          7.95,
          4.28992,
          8
        ]
      },
      "faces": {
        "north": {
          "uv": [
            5,
            10.5,
            4.5,
            11.5
          ],
          "texture": "#0"
        },
        "east": {
          "uv": [
            11,
            4,
            10.5,
            5
          ],
          "texture": "#0"
        },
        "south": {
          "uv": [
            4.5,
            10.5,
            4,
            11.5
          ],
          "texture": "#0"
        },
        "west": {
          "uv": [
            5.5,
            10.5,
            5,
            11.5
          ],
          "texture": "#0"
        },
        "up": {
          "uv": [
            7.5,
            11.5,
            7,
            12
          ],
          "texture": "#0"
        },
        "down": {
          "uv": [
            12,
            7.5,
            11.5,
            7
          ],
          "texture": "#0"
        }
      }
    },
    {
      "from": [
        7.5545,
        6.63483,
        -5.7486
      ],
      "to": [
        8.4455,
        7.53483,
        -3.0486
      ],
      "rotation": {
        "angle": 0,
        "axis": "x",
        "origin": [
          7.95,
          4.28992,
          8
        ]
      },
      "faces": {
        "north": {
          "uv": [
            8,
            12,
            8.5,
            11.5
          ],
          "texture": "#0"
        },
        "east": {
          "uv": [
            1.5,
            10.5,
            2,
            9
          ],
          "rotation": 270,
          "texture": "#0"
        },
        "south": {
          "uv": [
            11.5,
            8,
            12,
            8.5
          ],
          "rotation": 180,
          "texture": "#0"
        },
        "west": {
          "uv": [
            2.5,
            10.5,
            3,
            9
          ],
          "rotation": 90,
          "texture": "#0"
        },
        "up": {
          "uv": [
            1,
            10.5,
            1.5,
            9
          ],
          "rotation": 180,
          "texture": "#0"
        },
        "down": {
          "uv": [
            2,
            10.5,
            2.5,
            9
          ],
          "texture": "#0"
        }
      }
    },
    {
      "from": [
        7.55,
        15.66975,
        -0.06363
      ],
      "to": [
        8.45,
        17.46975,
        0.83637
      ],
      "rotation": {
        "angle": -45,
        "axis": "x",
        "origin": [
          7.95,
          4.28992,
          8
        ]
      },
      "faces": {
        "north": {
          "uv": [
            7,
            10.5,
            6.5,
            11.5
          ],
          "texture": "#0"
        },
        "east": {
          "uv": [
            11,
            6,
            10.5,
            7
          ],
          "texture": "#0"
        },
        "south": {
          "uv": [
            6,
            10.5,
            5.5,
            11.5
          ],
          "texture": "#0"
        },
        "west": {
          "uv": [
            7.5,
            10.5,
            7,
            11.5
          ],
          "texture": "#0"
        },
        "up": {
          "uv": [
            8,
            11.5,
            7.5,
            12
          ],
          "texture": "#0"
        },
        "down": {
          "uv": [
            12,
            8,
            11.5,
            7.5
          ],
          "texture": "#0"
        }
      }
    },
    {
      "from": [
        7.5,
        4.72896,
        -1.65968
      ],
      "to": [
        8.5,
        5.72896,
        -0.65968
      ],
      "rotation": {
        "angle": -22.5,
        "axis": "x",
        "origin": [
          7.95,
          4.28992,
          8
        ]
      },
      "faces": {
        "north": {
          "uv": [
            4,
            11.5,
            3.5,
            12.25
          ],
          "texture": "#0"
        },
        "east": {
          "uv": [
            2.75,
            10.5,
            2,
            11.25
          ],
          "texture": "#0"
        },
        "south": {
          "uv": [
            3.5,
            11.5,
            3,
            12.25
          ],
          "texture": "#0"
        },
        "west": {
          "uv": [
            11.25,
            2,
            10.5,
            2.75
          ],
          "texture": "#0"
        },
        "up": {
          "uv": [
            12,
            3.5,
            11.5,
            4.25
          ],
          "texture": "#0"
        },
        "down": {
          "uv": [
            4.5,
            12.25,
            4,
            11.5
          ],
          "texture": "#0"
        }
      }
    },
    {
      "from": [
        8,
        -2.7559,
        -11.43153
      ],
      "to": [
        8,
        4.4441,
        0.56847
      ],
      "rotation": {
        "angle": 0,
        "axis": "x",
        "origin": [
          7.95,
          4.28992,
          8
        ]
      },
      "faces": {
        "north": {
          "uv": [
            0,
            0,
            0,
            4.5
          ],
          "texture": "#0"
        },
        "east": {
          "uv": [
            7.5,
            0,
            0,
            4.5
          ],
          "texture": "#0"
        },
        "south": {
          "uv": [
            0,
            0,
            0,
            4.5
          ],
          "texture": "#0"
        },
        "west": {
          "uv": [
            7.5,
            4.5,
            0,
            9
          ],
          "texture": "#0"
        },
        "up": {
          "uv": [
            0,
            0,
            0,
            7.5
          ],
          "texture": "#0"
        },
        "down": {
          "uv": [
            0,
            7.5,
            0,
            0
          ],
          "texture": "#0"
        }
      }
    },
    {
      "from": [
        7.9,
        -4.53317,
        -5.27338
      ],
      "to": [
        7.9,
        -0.15557,
        2.02262
      ],
      "rotation": {
        "angle": 22.5,
        "axis": "x",
        "origin": [
          7.95,
          4.28992,
          8
        ]
      },
      "faces": {
        "north": {
          "uv": [
            0,
            0,
            0,
            4.5
          ],
          "texture": "#0"
        },
        "east": {
          "uv": [
            7.5,
            0,
            0,
            4.5
          ],
          "texture": "#0"
        },
        "south": {
          "uv": [
            0,
            0,
            0,
            4.5
          ],
          "texture": "#0"
        },
        "west": {
          "uv": [
            7.5,
            4.5,
            0,
            9
          ],
          "texture": "#0"
        },
        "up": {
          "uv": [
            0,
            0,
            0,
            7.5
          ],
          "texture": "#0"
        },
        "down": {
          "uv": [
            0,
            7.5,
            0,
            0
          ],
          "texture": "#0"
        }
      }
    },
    {
      "from": [
        8,
        -15.62586,
        1.08504
      ],
      "to": [
        8,
        -0.62586,
        10.08504
      ],
      "rotation": {
        "angle": 22.5,
        "axis": "x",
        "origin": [
          7.95,
          4.28992,
          8
        ]
      },
      "faces": {
        "north": {
          "uv": [
            0,
            7.5,
            0,
            0
          ],
          "texture": "#0"
        },
        "east": {
          "uv": [
            0,
            4.5,
            7.5,
            0
          ],
          "rotation": 270,
          "texture": "#0"
        },
        "south": {
          "uv": [
            0,
            0,
            0,
            7.5
          ],
          "rotation": 180,
          "texture": "#0"
        },
        "west": {
          "uv": [
            0,
            9,
            7.5,
            4.5
          ],
          "rotation": 90,
          "texture": "#0"
        },
        "up": {
          "uv": [
            0,
            4.5,
            0,
            0
          ],
          "rotation": 180,
          "texture": "#0"
        },
        "down": {
          "uv": [
            0,
            4.5,
            0,
            0
          ],
          "texture": "#0"
        }
      }
    },
    {
      "from": [
        7.6,
        -1.90814,
        -1.03351
      ],
      "to": [
        8.4,
        -1.10814,
        0.56649
      ],
      "rotation": {
        "angle": 22.5,
        "axis": "x",
        "origin": [
          7.95,
          4.28992,
          8
        ]
      },
      "faces": {
        "north": {
          "uv": [
            7,
            12,
            7.5,
            11.5
          ],
          "texture": "#0"
        },
        "east": {
          "uv": [
            10.5,
            5,
            11,
            4
          ],
          "rotation": 270,
          "texture": "#0"
        },
        "south": {
          "uv": [
            11.5,
            7,
            12,
            7.5
          ],
          "rotation": 180,
          "texture": "#0"
        },
        "west": {
          "uv": [
            5,
            11.5,
            5.5,
            10.5
          ],
          "rotation": 90,
          "texture": "#0"
        },
        "up": {
          "uv": [
            4,
            11.5,
            4.5,
            10.5
          ],
          "rotation": 180,
          "texture": "#0"
        },
        "down": {
          "uv": [
            4.5,
            11.5,
            5,
            10.5
          ],
          "texture": "#0"
        }
      }
    },
    {
      "from": [
        7.604,
        6.06057,
        -4.60466
      ],
      "to": [
        8.396,
        6.86057,
        -2.20466
      ],
      "rotation": {
        "angle": -22.5,
        "axis": "x",
        "origin": [
          7.95,
          4.28992,
          8
        ]
      },
      "faces": {
        "north": {
          "uv": [
            8,
            12,
            8.5,
            11.5
          ],
          "texture": "#0"
        },
        "east": {
          "uv": [
            1.5,
            10.5,
            2,
            9
          ],
          "rotation": 270,
          "texture": "#0"
        },
        "south": {
          "uv": [
            11.5,
            8,
            12,
            8.5
          ],
          "rotation": 180,
          "texture": "#0"
        },
        "west": {
          "uv": [
            2.5,
            10.5,
            3,
            9
          ],
          "rotation": 90,
          "texture": "#0"
        },
        "up": {
          "uv": [
            1,
            10.5,
            1.5,
            9
          ],
          "rotation": 180,
          "texture": "#0"
        },
        "down": {
          "uv": [
            2,
            10.5,
            2.5,
            9
          ],
          "texture": "#0"
        }
      }
    },
    {
      "from": [
        7.6,
        -3.37088,
        -3.76488
      ],
      "to": [
        8.4,
        -2.57088,
        -2.16488
      ],
      "rotation": {
        "angle": 22.5,
        "axis": "x",
        "origin": [
          7.95,
          4.28992,
          8
        ]
      },
      "faces": {
        "north": {
          "uv": [
            7.5,
            12,
            8,
            11.5
          ],
          "texture": "#0"
        },
        "east": {
          "uv": [
            10.5,
            7,
            11,
            6
          ],
          "rotation": 270,
          "texture": "#0"
        },
        "south": {
          "uv": [
            11.5,
            7.5,
            12,
            8
          ],
          "rotation": 180,
          "texture": "#0"
        },
        "west": {
          "uv": [
            7,
            11.5,
            7.5,
            10.5
          ],
          "rotation": 90,
          "texture": "#0"
        },
        "up": {
          "uv": [
            5.5,
            11.5,
            6,
            10.5
          ],
          "rotation": 180,
          "texture": "#0"
        },
        "down": {
          "uv": [
            6.5,
            11.5,
            7,
            10.5
          ],
          "texture": "#0"
        }
      }
    },
    {
      "from": [
        7.375,
        5.7279,
        19.17331
      ],
      "to": [
        8.625,
        6.9779,
        20.42331
      ],
      "rotation": {
        "angle": -22.5,
        "axis": "x",
        "origin": [
          7.95,
          4.28992,
          8
        ]
      },
      "faces": {
        "north": {
          "uv": [
            3,
            11.5,
            3.5,
            12.25
          ],
          "texture": "#0"
        },
        "east": {
          "uv": [
            2,
            10.5,
            2.75,
            11.25
          ],
          "texture": "#0"
        },
        "south": {
          "uv": [
            3.5,
            11.5,
            4,
            12.25
          ],
          "texture": "#0"
        },
        "west": {
          "uv": [
            10.5,
            2,
            11.25,
            2.75
          ],
          "texture": "#0"
        },
        "up": {
          "uv": [
            12,
            4.25,
            11.5,
            3.5
          ],
          "texture": "#0"
        },
        "down": {
          "uv": [
            4.5,
            11.5,
            4,
            12.25
          ],
          "texture": "#0"
        }
      }
    },
    {
      "from": [
        8,
        -3.8293,
        17
      ],
      "to": [
        8,
        5.1707,
        32
      ],
      "rotation": {
        "angle": -45,
        "axis": "x",
        "origin": [
          7.95,
          4.28992,
          8
        ]
      },
      "faces": {
        "north": {
          "uv": [
            0,
            0,
            0,
            4.5
          ],
          "texture": "#0"
        },
        "east": {
          "uv": [
            0,
            0,
            7.5,
            4.5
          ],
          "texture": "#0"
        },
        "south": {
          "uv": [
            0,
            0,
            0,
            4.5
          ],
          "texture": "#0"
        },
        "west": {
          "uv": [
            0,
            4.5,
            7.5,
            9
          ],
          "texture": "#0"
        },
        "up": {
          "uv": [
            0,
            7.5,
            0,
            0
          ],
          "texture": "#0"
        },
        "down": {
          "uv": [
            0,
            0,
            0,
            7.5
          ],
          "texture": "#0"
        }
      }
    },
    {
      "from": [
        7.9,
        13.92831,
        12.96225
      ],
      "to": [
        7.9,
        24.12831,
        19.08225
      ],
      "rotation": {
        "angle": 22.5,
        "axis": "x",
        "origin": [
          7.95,
          4.28992,
          8
        ]
      },
      "faces": {
        "north": {
          "uv": [
            0,
            7.5,
            0,
            0
          ],
          "rotation": 180,
          "texture": "#0"
        },
        "east": {
          "uv": [
            0,
            0,
            7.5,
            4.5
          ],
          "rotation": 90,
          "texture": "#0"
        },
        "south": {
          "uv": [
            0,
            0,
            0,
            7.5
          ],
          "texture": "#0"
        },
        "west": {
          "uv": [
            0,
            4.5,
            7.5,
            9
          ],
          "rotation": 270,
          "texture": "#0"
        },
        "up": {
          "uv": [
            0,
            0,
            0,
            4.5
          ],
          "texture": "#0"
        },
        "down": {
          "uv": [
            0,
            0,
            0,
            4.5
          ],
          "rotation": 180,
          "texture": "#0"
        }
      }
    },
    {
      "from": [
        7.5,
        14.45713,
        14.3654
      ],
      "to": [
        8.5,
        16.45713,
        15.3654
      ],
      "rotation": {
        "angle": 22.5,
        "axis": "x",
        "origin": [
          7.95,
          4.28992,
          8
        ]
      },
      "faces": {
        "north": {
          "uv": [
            4,
            10.5,
            4.5,
            11.5
          ],
          "texture": "#0"
        },
        "east": {
          "uv": [
            10.5,
            4,
            11,
            5
          ],
          "texture": "#0"
        },
        "south": {
          "uv": [
            4.5,
            10.5,
            5,
            11.5
          ],
          "texture": "#0"
        },
        "west": {
          "uv": [
            5,
            10.5,
            5.5,
            11.5
          ],
          "texture": "#0"
        },
        "up": {
          "uv": [
            7.5,
            12,
            7,
            11.5
          ],
          "texture": "#0"
        },
        "down": {
          "uv": [
            12,
            7,
            11.5,
            7.5
          ],
          "texture": "#0"
        }
      }
    },
    {
      "from": [
        7.505,
        7.39242,
        21.10453
      ],
      "to": [
        8.495,
        8.39242,
        24.10453
      ],
      "rotation": {
        "angle": -22.5,
        "axis": "x",
        "origin": [
          7.95,
          4.28992,
          8
        ]
      },
      "faces": {
        "north": {
          "uv": [
            12,
            8,
            11.5,
            8.5
          ],
          "rotation": 180,
          "texture": "#0"
        },
        "east": {
          "uv": [
            1.5,
            9,
            2,
            10.5
          ],
          "rotation": 270,
          "texture": "#0"
        },
        "south": {
          "uv": [
            8.5,
            12,
            8,
            11.5
          ],
          "texture": "#0"
        },
        "west": {
          "uv": [
            2.5,
            9,
            3,
            10.5
          ],
          "rotation": 90,
          "texture": "#0"
        },
        "up": {
          "uv": [
            1,
            9,
            1.5,
            10.5
          ],
          "rotation": 180,
          "texture": "#0"
        },
        "down": {
          "uv": [
            2,
            9,
            2.5,
            10.5
          ],
          "texture": "#0"
        }
      }
    },
    {
      "from": [
        7.5,
        17.87134,
        16.19383
      ],
      "to": [
        8.5,
        19.87134,
        17.19383
      ],
      "rotation": {
        "angle": 22.5,
        "axis": "x",
        "origin": [
          7.95,
          4.28992,
          8
        ]
      },
      "faces": {
        "north": {
          "uv": [
            5.5,
            10.5,
            6,
            11.5
          ],
          "texture": "#0"
        },
        "east": {
          "uv": [
            10.5,
            6,
            11,
            7
          ],
          "texture": "#0"
        },
        "south": {
          "uv": [
            6.5,
            10.5,
            7,
            11.5
          ],
          "texture": "#0"
        },
        "west": {
          "uv": [
            7,
            10.5,
            7.5,
            11.5
          ],
          "texture": "#0"
        },
        "up": {
          "uv": [
            8,
            12,
            7.5,
            11.5
          ],
          "texture": "#0"
        },
        "down": {
          "uv": [
            12,
            7.5,
            11.5,
            8
          ],
          "texture": "#0"
        }
      }
    },
    {
      "from": [
        7.505,
        -0.86483,
        12.45185
      ],
      "to": [
        8.495,
        2.38517,
        13.45185
      ],
      "rotation": {
        "angle": -45,
        "axis": "x",
        "origin": [
          7.95,
          4.28992,
          8
        ]
      },
      "faces": {
        "north": {
          "uv": [
            8.5,
            6,
            9,
            7.5
          ],
          "texture": "#0"
        },
        "east": {
          "uv": [
            8.5,
            7.5,
            9,
            9
          ],
          "texture": "#0"
        },
        "south": {
          "uv": [
            0,
            9,
            0.5,
            10.5
          ],
          "texture": "#0"
        },
        "west": {
          "uv": [
            0.5,
            9,
            1,
            10.5
          ],
          "texture": "#0"
        },
        "up": {
          "uv": [
            6,
            12,
            5.5,
            11.5
          ],
          "texture": "#0"
        },
        "down": {
          "uv": [
            7,
            11.5,
            6.5,
            12
          ],
          "texture": "#0"
        }
      }
    },
    {
      "from": [
        7.5,
        6.09099,
        12.4948
      ],
      "to": [
        8.5,
        7.34099,
        13.4948
      ],
      "rotation": {
        "angle": 0,
        "axis": "y",
        "origin": [
          7.95,
          4.28992,
          8
        ]
      },
      "faces": {
        "north": {
          "uv": [
            11.5,
            1.5,
            12,
            2.25
          ],
          "texture": "#0"
        },
        "east": {
          "uv": [
            2,
            11.5,
            2.5,
            12.25
          ],
          "texture": "#0"
        },
        "south": {
          "uv": [
            2.5,
            11.5,
            3,
            12.25
          ],
          "texture": "#0"
        },
        "west": {
          "uv": [
            11.5,
            2.5,
            12,
            3.25
          ],
          "texture": "#0"
        },
        "up": {
          "uv": [
            12,
            9,
            11.5,
            8.5
          ],
          "texture": "#0"
        },
        "down": {
          "uv": [
            12,
            9,
            11.5,
            9.5
          ],
          "texture": "#0"
        }
      }
    },
    {
      "from": [
        7.505,
        9.62565,
        9.02086
      ],
      "to": [
        8.495,
        12.62565,
        10.02086
      ],
      "rotation": {
        "angle": 45,
        "axis": "x",
        "origin": [
          7.95,
          4.28992,
          8
        ]
      },
      "faces": {
        "north": {
          "uv": [
            3,
            9,
            3.5,
            10.5
          ],
          "texture": "#0"
        },
        "east": {
          "uv": [
            3.5,
            9,
            4,
            10.5
          ],
          "texture": "#0"
        },
        "south": {
          "uv": [
            4,
            9,
            4.5,
            10.5
          ],
          "texture": "#0"
        },
        "west": {
          "uv": [
            4.5,
            9,
            5,
            10.5
          ],
          "texture": "#0"
        },
        "up": {
          "uv": [
            12,
            10,
            11.5,
            9.5
          ],
          "texture": "#0"
        },
        "down": {
          "uv": [
            12,
            10,
            11.5,
            10.5
          ],
          "texture": "#0"
        }
      }
    },
    {
      "from": [
        7.5,
        8.7552,
        14.32322
      ],
      "to": [
        8.5,
        10.7552,
        15.32322
      ],
      "rotation": {
        "angle": 0,
        "axis": "y",
        "origin": [
          7.95,
          4.28992,
          8
        ]
      },
      "faces": {
        "north": {
          "uv": [
            10.5,
            8.5,
            11,
            9.5
          ],
          "texture": "#0"
        },
        "east": {
          "uv": [
            10.5,
            9.5,
            11,
            10.5
          ],
          "texture": "#0"
        },
        "south": {
          "uv": [
            10.5,
            10.5,
            11,
            11.5
          ],
          "texture": "#0"
        },
        "west": {
          "uv": [
            11,
            4,
            11.5,
            5
          ],
          "texture": "#0"
        },
        "up": {
          "uv": [
            11,
            12,
            10.5,
            11.5
          ],
          "texture": "#0"
        },
        "down": {
          "uv": [
            11.5,
            11.5,
            11,
            12
          ],
          "texture": "#0"
        }
      }
    },
    {
      "from": [
        7.55,
        0.04124,
        11.71612
      ],
      "to": [
        8.45,
        0.94124,
        13.71612
      ],
      "rotation": {
        "angle": 0,
        "axis": "y",
        "origin": [
          7.95,
          4.28992,
          8
        ]
      },
      "faces": {
        "north": {
          "uv": [
            11.5,
            11.5,
            12,
            12
          ],
          "texture": "#0"
        },
        "east": {
          "uv": [
            10.5,
            7,
            11.5,
            7.5
          ],
          "texture": "#0"
        },
        "south": {
          "uv": [
            0.5,
            12,
            1,
            12.5
          ],
          "texture": "#0"
        },
        "west": {
          "uv": [
            11,
            5,
            12,
            5.5
          ],
          "texture": "#0"
        },
        "up": {
          "uv": [
            11.5,
            6.5,
            11,
            5.5
          ],
          "texture": "#0"
        },
        "down": {
          "uv": [
            6.5,
            11,
            6,
            12
          ],
          "texture": "#0"
        }
      }
    },
    {
      "from": [
        7.605,
        -2.75626,
        7.03764
      ],
      "to": [
        8.395,
        -1.95626,
        9.03764
      ],
      "rotation": {
        "angle": -45,
        "axis": "x",
        "origin": [
          7.95,
          4.28992,
          8
        ]
      },
      "faces": {
        "north": {
          "uv": [
            12,
            0.5,
            12.5,
            1
          ],
          "texture": "#0"
        },
        "east": {
          "uv": [
            11,
            6.5,
            12,
            7
          ],
          "texture": "#0"
        },
        "south": {
          "uv": [
            1,
            12,
            1.5,
            12.5
          ],
          "texture": "#0"
        },
        "west": {
          "uv": [
            7.5,
            11,
            8.5,
            11.5
          ],
          "texture": "#0"
        },
        "up": {
          "uv": [
            11.5,
            8.5,
            11,
            7.5
          ],
          "texture": "#0"
        },
        "down": {
          "uv": [
            9,
            11,
            8.5,
            12
          ],
          "texture": "#0"
        }
      }
    },
    {
      "from": [
        7.6,
        -3.84907,
        9.5012
      ],
      "to": [
        8.4,
        -1.84907,
        10.3012
      ],
      "rotation": {
        "angle": -22.5,
        "axis": "x",
        "origin": [
          7.95,
          4.28992,
          8
        ]
      },
      "faces": {
        "north": {
          "uv": [
            11,
            8.5,
            11.5,
            9.5
          ],
          "texture": "#0"
        },
        "east": {
          "uv": [
            9,
            11,
            9.5,
            12
          ],
          "texture": "#0"
        },
        "south": {
          "uv": [
            9.5,
            11,
            10,
            12
          ],
          "texture": "#0"
        },
        "west": {
          "uv": [
            11,
            9.5,
            11.5,
            10.5
          ],
          "texture": "#0"
        },
        "up": {
          "uv": [
            12.5,
            1.5,
            12,
            1
          ],
          "texture": "#0"
        },
        "down": {
          "uv": [
            12.5,
            1.5,
            12,
            2
          ],
          "texture": "#0"
        }
      }
    },
    {
      "from": [
        7.45,
        3.91334,
        10.63196
      ],
      "to": [
        8.55,
        5.01334,
        13.63196
      ],
      "rotation": {
        "angle": 45,
        "axis": "x",
        "origin": [
          7.95,
          4.28992,
          8
        ]
      },
      "faces": {
        "north": {
          "uv": [
            12,
            2,
            12.5,
            2.5
          ],
          "texture": "#0"
        },
        "east": {
          "uv": [
            5,
            9,
            6.5,
            9.5
          ],
          "texture": "#0"
        },
        "south": {
          "uv": [
            12,
            2.5,
            12.5,
            3
          ],
          "texture": "#0"
        },
        "west": {
          "uv": [
            9,
            6,
            10.5,
            6.5
          ],
          "texture": "#0"
        },
        "up": {
          "uv": [
            7,
            10.5,
            6.5,
            9
          ],
          "texture": "#0"
        },
        "down": {
          "uv": [
            9.5,
            6.5,
            9,
            8
          ],
          "texture": "#0"
        }
      }
    },
    {
      "from": [
        7.375,
        3.81334,
        10.49053
      ],
      "to": [
        8.625,
        6.91334,
        11.74053
      ],
      "rotation": {
        "angle": 45,
        "axis": "x",
        "origin": [
          7.95,
          4.28992,
          8
        ]
      },
      "faces": {
        "north": {
          "uv": [
            8.5,
            0,
            9.25,
            1.5
          ],
          "texture": "#0"
        },
        "east": {
          "uv": [
            8.5,
            1.5,
            9.25,
            3
          ],
          "texture": "#0"
        },
        "south": {
          "uv": [
            8.5,
            3,
            9.25,
            4.5
          ],
          "texture": "#0"
        },
        "west": {
          "uv": [
            8.5,
            4.5,
            9.25,
            6
          ],
          "texture": "#0"
        },
        "up": {
          "uv": [
            9.25,
            10.75,
            8.5,
            10
          ],
          "texture": "#0"
        },
        "down": {
          "uv": [
            10.25,
            10,
            9.5,
            10.75
          ],
          "texture": "#0"
        }
      }
    },
    {
      "from": [
        7.375,
        10.23797,
        10.38698
      ],
      "to": [
        8.625,
        11.98797,
        12.13698
      ],
      "rotation": {
        "angle": 45,
        "axis": "x",
        "origin": [
          7.95,
          4.28992,
          8
        ]
      },
      "faces": {
        "north": {
          "uv": [
            9,
            8,
            9.75,
            8.75
          ],
          "texture": "#0"
        },
        "east": {
          "uv": [
            8.5,
            9,
            9.25,
            9.75
          ],
          "texture": "#0"
        },
        "south": {
          "uv": [
            9.5,
            0,
            10.25,
            0.75
          ],
          "texture": "#0"
        },
        "west": {
          "uv": [
            9.5,
            1,
            10.25,
            1.75
          ],
          "texture": "#0"
        },
        "up": {
          "uv": [
            0.75,
            11.25,
            0,
            10.5
          ],
          "texture": "#0"
        },
        "down": {
          "uv": [
            11.25,
            0,
            10.5,
            0.75
          ],
          "texture": "#0"
        }
      }
    },
    {
      "from": [
        7.375,
        5.48797,
        12.13698
      ],
      "to": [
        8.625,
        7.23797,
        13.88698
      ],
      "rotation": {
        "angle": 45,
        "axis": "x",
        "origin": [
          7.95,
          4.28992,
          8
        ]
      },
      "faces": {
        "north": {
          "uv": [
            11.25,
            1,
            10.5,
            1.75
          ],
          "rotation": 180,
          "texture": "#0"
        },
        "east": {
          "uv": [
            9.5,
            3,
            10.25,
            3.75
          ],
          "rotation": 270,
          "texture": "#0"
        },
        "south": {
          "uv": [
            1.75,
            11.25,
            1,
            10.5
          ],
          "texture": "#0"
        },
        "west": {
          "uv": [
            5,
            9.5,
            5.75,
            10.25
          ],
          "rotation": 90,
          "texture": "#0"
        },
        "up": {
          "uv": [
            9.5,
            2,
            10.25,
            2.75
          ],
          "rotation": 180,
          "texture": "#0"
        },
        "down": {
          "uv": [
            9.5,
            4,
            10.25,
            4.75
          ],
          "texture": "#0"
        }
      }
    },
    {
      "from": [
        7.375,
        8.11665,
        8.26566
      ],
      "to": [
        8.625,
        9.86665,
        10.01566
      ],
      "rotation": {
        "angle": 45,
        "axis": "x",
        "origin": [
          7.95,
          4.28992,
          8
        ]
      },
      "faces": {
        "north": {
          "uv": [
            9.5,
            6.5,
            10.25,
            7.25
          ],
          "texture": "#0"
        },
        "east": {
          "uv": [
            9.5,
            9,
            10.25,
            9.75
          ],
          "texture": "#0"
        },
        "south": {
          "uv": [
            7.5,
            10,
            8.25,
            10.75
          ],
          "texture": "#0"
        },
        "west": {
          "uv": [
            10,
            7.5,
            10.75,
            8.25
          ],
          "texture": "#0"
        },
        "up": {
          "uv": [
            3.75,
            11.25,
            3,
            10.5
          ],
          "texture": "#0"
        },
        "down": {
          "uv": [
            11.25,
            3,
            10.5,
            3.75
          ],
          "texture": "#0"
        }
      }
    },
    {
      "from": [
        7.375,
        7.78606,
        13.10665
      ],
      "to": [
        8.625,
        8.53606,
        13.85665
      ],
      "rotation": {
        "angle": 45,
        "axis": "x",
        "origin": [
          7.95,
          4.28992,
          8
        ]
      },
      "faces": {
        "north": {
          "uv": [
            4.5,
            11.5,
            5.25,
            12
          ],
          "texture": "#0"
        },
        "east": {
          "uv": [
            12,
            3,
            12.5,
            3.5
          ],
          "texture": "#0"
        },
        "south": {
          "uv": [
            11.5,
            4.5,
            12.25,
            5
          ],
          "texture": "#0"
        },
        "west": {
          "uv": [
            12,
            3.5,
            12.5,
            4
          ],
          "texture": "#0"
        },
        "up": {
          "uv": [
            12.25,
            6,
            11.5,
            5.5
          ],
          "texture": "#0"
        },
        "down": {
          "uv": [
            12.25,
            6,
            11.5,
            6.5
          ],
          "texture": "#0"
        }
      }
    },
    {
      "from": [
        7.4375,
        5.13677,
        17.3105
      ],
      "to": [
        8.5625,
        6.26177,
        18.4355
      ],
      "rotation": {
        "angle": 0,
        "axis": "x",
        "origin": [
          7.95,
          4.28992,
          8
        ]
      },
      "faces": {
        "north": {
          "uv": [
            3,
            11.5,
            3.5,
            12.25
          ],
          "texture": "#0"
        },
        "east": {
          "uv": [
            2,
            10.5,
            2.75,
            11.25
          ],
          "texture": "#0"
        },
        "south": {
          "uv": [
            3.5,
            11.5,
            4,
            12.25
          ],
          "texture": "#0"
        },
        "west": {
          "uv": [
            10.5,
            2,
            11.25,
            2.75
          ],
          "texture": "#0"
        },
        "up": {
          "uv": [
            12,
            4.25,
            11.5,
            3.5
          ],
          "texture": "#0"
        },
        "down": {
          "uv": [
            4.5,
            11.5,
            4,
            12.25
          ],
          "texture": "#0"
        }
      }
    },
    {
      "from": [
        8,
        -3.14538,
        16.09674
      ],
      "to": [
        8,
        4.95462,
        29.59674
      ],
      "rotation": {
        "angle": -22.5,
        "axis": "x",
        "origin": [
          7.95,
          4.28992,
          8
        ]
      },
      "faces": {
        "north": {
          "uv": [
            0,
            0,
            0,
            4.5
          ],
          "texture": "#0"
        },
        "east": {
          "uv": [
            0,
            0,
            7.5,
            4.5
          ],
          "texture": "#0"
        },
        "south": {
          "uv": [
            0,
            0,
            0,
            4.5
          ],
          "texture": "#0"
        },
        "west": {
          "uv": [
            0,
            4.5,
            7.5,
            9
          ],
          "texture": "#0"
        },
        "up": {
          "uv": [
            0,
            7.5,
            0,
            0
          ],
          "texture": "#0"
        },
        "down": {
          "uv": [
            0,
            0,
            0,
            7.5
          ],
          "texture": "#0"
        }
      }
    },
    {
      "from": [
        7.9,
        -5.17553,
        15.59647
      ],
      "to": [
        7.9,
        0.33247,
        24.77647
      ],
      "rotation": {
        "angle": -45,
        "axis": "x",
        "origin": [
          7.95,
          4.28992,
          8
        ]
      },
      "faces": {
        "north": {
          "uv": [
            0,
            0,
            0,
            4.5
          ],
          "texture": "#0"
        },
        "east": {
          "uv": [
            0,
            0,
            7.5,
            4.5
          ],
          "texture": "#0"
        },
        "south": {
          "uv": [
            0,
            0,
            0,
            4.5
          ],
          "texture": "#0"
        },
        "west": {
          "uv": [
            0,
            4.5,
            7.5,
            9
          ],
          "texture": "#0"
        },
        "up": {
          "uv": [
            0,
            7.5,
            0,
            0
          ],
          "texture": "#0"
        },
        "down": {
          "uv": [
            0,
            0,
            0,
            7.5
          ],
          "texture": "#0"
        }
      }
    },
    {
      "from": [
        7.55,
        12.59696,
        13.51804
      ],
      "to": [
        8.45,
        14.39696,
        14.41804
      ],
      "rotation": {
        "angle": 45,
        "axis": "x",
        "origin": [
          7.95,
          4.28992,
          8
        ]
      },
      "faces": {
        "north": {
          "uv": [
            4,
            10.5,
            4.5,
            11.5
          ],
          "texture": "#0"
        },
        "east": {
          "uv": [
            10.5,
            4,
            11,
            5
          ],
          "texture": "#0"
        },
        "south": {
          "uv": [
            4.5,
            10.5,
            5,
            11.5
          ],
          "texture": "#0"
        },
        "west": {
          "uv": [
            5,
            10.5,
            5.5,
            11.5
          ],
          "texture": "#0"
        },
        "up": {
          "uv": [
            7.5,
            12,
            7,
            11.5
          ],
          "texture": "#0"
        },
        "down": {
          "uv": [
            12,
            7,
            11.5,
            7.5
          ],
          "texture": "#0"
        }
      }
    },
    {
      "from": [
        7.5545,
        6.63483,
        19.0486
      ],
      "to": [
        8.4455,
        7.53483,
        21.7486
      ],
      "rotation": {
        "angle": 0,
        "axis": "x",
        "origin": [
          7.95,
          4.28992,
          8
        ]
      },
      "faces": {
        "north": {
          "uv": [
            12,
            8,
            11.5,
            8.5
          ],
          "rotation": 180,
          "texture": "#0"
        },
        "east": {
          "uv": [
            1.5,
            9,
            2,
            10.5
          ],
          "rotation": 270,
          "texture": "#0"
        },
        "south": {
          "uv": [
            8.5,
            12,
            8,
            11.5
          ],
          "texture": "#0"
        },
        "west": {
          "uv": [
            2.5,
            9,
            3,
            10.5
          ],
          "rotation": 90,
          "texture": "#0"
        },
        "up": {
          "uv": [
            1,
            9,
            1.5,
            10.5
          ],
          "rotation": 180,
          "texture": "#0"
        },
        "down": {
          "uv": [
            2,
            9,
            2.5,
            10.5
          ],
          "texture": "#0"
        }
      }
    },
    {
      "from": [
        7.55,
        15.66975,
        15.16363
      ],
      "to": [
        8.45,
        17.46975,
        16.06363
      ],
      "rotation": {
        "angle": 45,
        "axis": "x",
        "origin": [
          7.95,
          4.28992,
          8
        ]
      },
      "faces": {
        "north": {
          "uv": [
            5.5,
            10.5,
            6,
            11.5
          ],
          "texture": "#0"
        },
        "east": {
          "uv": [
            10.5,
            6,
            11,
            7
          ],
          "texture": "#0"
        },
        "south": {
          "uv": [
            6.5,
            10.5,
            7,
            11.5
          ],
          "texture": "#0"
        },
        "west": {
          "uv": [
            7,
            10.5,
            7.5,
            11.5
          ],
          "texture": "#0"
        },
        "up": {
          "uv": [
            8,
            12,
            7.5,
            11.5
          ],
          "texture": "#0"
        },
        "down": {
          "uv": [
            12,
            7.5,
            11.5,
            8
          ],
          "texture": "#0"
        }
      }
    },
    {
      "from": [
        7.5,
        4.72896,
        16.65968
      ],
      "to": [
        8.5,
        5.72896,
        17.65968
      ],
      "rotation": {
        "angle": 22.5,
        "axis": "x",
        "origin": [
          7.95,
          4.28992,
          8
        ]
      },
      "faces": {
        "north": {
          "uv": [
            3,
            11.5,
            3.5,
            12.25
          ],
          "texture": "#0"
        },
        "east": {
          "uv": [
            2,
            10.5,
            2.75,
            11.25
          ],
          "texture": "#0"
        },
        "south": {
          "uv": [
            3.5,
            11.5,
            4,
            12.25
          ],
          "texture": "#0"
        },
        "west": {
          "uv": [
            10.5,
            2,
            11.25,
            2.75
          ],
          "texture": "#0"
        },
        "up": {
          "uv": [
            12,
            4.25,
            11.5,
            3.5
          ],
          "texture": "#0"
        },
        "down": {
          "uv": [
            4.5,
            11.5,
            4,
            12.25
          ],
          "texture": "#0"
        }
      }
    },
    {
      "from": [
        8,
        -2.7559,
        15.43153
      ],
      "to": [
        8,
        4.4441,
        27.43153
      ],
      "rotation": {
        "angle": 0,
        "axis": "x",
        "origin": [
          7.95,
          4.28992,
          8
        ]
      },
      "faces": {
        "north": {
          "uv": [
            0,
            0,
            0,
            4.5
          ],
          "texture": "#0"
        },
        "east": {
          "uv": [
            0,
            0,
            7.5,
            4.5
          ],
          "texture": "#0"
        },
        "south": {
          "uv": [
            0,
            0,
            0,
            4.5
          ],
          "texture": "#0"
        },
        "west": {
          "uv": [
            0,
            4.5,
            7.5,
            9
          ],
          "texture": "#0"
        },
        "up": {
          "uv": [
            0,
            7.5,
            0,
            0
          ],
          "texture": "#0"
        },
        "down": {
          "uv": [
            0,
            0,
            0,
            7.5
          ],
          "texture": "#0"
        }
      }
    },
    {
      "from": [
        7.9,
        -4.53317,
        13.97738
      ],
      "to": [
        7.9,
        -0.15557,
        21.27338
      ],
      "rotation": {
        "angle": -22.5,
        "axis": "x",
        "origin": [
          7.95,
          4.28992,
          8
        ]
      },
      "faces": {
        "north": {
          "uv": [
            0,
            0,
            0,
            4.5
          ],
          "texture": "#0"
        },
        "east": {
          "uv": [
            0,
            0,
            7.5,
            4.5
          ],
          "texture": "#0"
        },
        "south": {
          "uv": [
            0,
            0,
            0,
            4.5
          ],
          "texture": "#0"
        },
        "west": {
          "uv": [
            0,
            4.5,
            7.5,
            9
          ],
          "texture": "#0"
        },
        "up": {
          "uv": [
            0,
            7.5,
            0,
            0
          ],
          "texture": "#0"
        },
        "down": {
          "uv": [
            0,
            0,
            0,
            7.5
          ],
          "texture": "#0"
        }
      }
    },
    {
      "from": [
        8,
        -15.62586,
        5.91496
      ],
      "to": [
        8,
        -0.62586,
        14.91496
      ],
      "rotation": {
        "angle": -22.5,
        "axis": "x",
        "origin": [
          7.95,
          4.28992,
          8
        ]
      },
      "faces": {
        "north": {
          "uv": [
            0,
            0,
            0,
            7.5
          ],
          "rotation": 180,
          "texture": "#0"
        },
        "east": {
          "uv": [
            0,
            0,
            7.5,
            4.5
          ],
          "rotation": 270,
          "texture": "#0"
        },
        "south": {
          "uv": [
            0,
            7.5,
            0,
            0
          ],
          "texture": "#0"
        },
        "west": {
          "uv": [
            0,
            4.5,
            7.5,
            9
          ],
          "rotation": 90,
          "texture": "#0"
        },
        "up": {
          "uv": [
            0,
            0,
            0,
            4.5
          ],
          "rotation": 180,
          "texture": "#0"
        },
        "down": {
          "uv": [
            0,
            0,
            0,
            4.5
          ],
          "texture": "#0"
        }
      }
    },
    {
      "from": [
        7.6,
        -1.90814,
        15.43351
      ],
      "to": [
        8.4,
        -1.10814,
        17.03351
      ],
      "rotation": {
        "angle": -22.5,
        "axis": "x",
        "origin": [
          7.95,
          4.28992,
          8
        ]
      },
      "faces": {
        "north": {
          "uv": [
            12,
            7,
            11.5,
            7.5
          ],
          "rotation": 180,
          "texture": "#0"
        },
        "east": {
          "uv": [
            10.5,
            4,
            11,
            5
          ],
          "rotation": 270,
          "texture": "#0"
        },
        "south": {
          "uv": [
            7.5,
            12,
            7,
            11.5
          ],
          "texture": "#0"
        },
        "west": {
          "uv": [
            5,
            10.5,
            5.5,
            11.5
          ],
          "rotation": 90,
          "texture": "#0"
        },
        "up": {
          "uv": [
            4,
            10.5,
            4.5,
            11.5
          ],
          "rotation": 180,
          "texture": "#0"
        },
        "down": {
          "uv": [
            4.5,
            10.5,
            5,
            11.5
          ],
          "texture": "#0"
        }
      }
    },
    {
      "from": [
        7.604,
        6.06057,
        18.20466
      ],
      "to": [
        8.396,
        6.86057,
        20.60466
      ],
      "rotation": {
        "angle": 22.5,
        "axis": "x",
        "origin": [
          7.95,
          4.28992,
          8
        ]
      },
      "faces": {
        "north": {
          "uv": [
            12,
            8,
            11.5,
            8.5
          ],
          "rotation": 180,
          "texture": "#0"
        },
        "east": {
          "uv": [
            1.5,
            9,
            2,
            10.5
          ],
          "rotation": 270,
          "texture": "#0"
        },
        "south": {
          "uv": [
            8.5,
            12,
            8,
            11.5
          ],
          "texture": "#0"
        },
        "west": {
          "uv": [
            2.5,
            9,
            3,
            10.5
          ],
          "rotation": 90,
          "texture": "#0"
        },
        "up": {
          "uv": [
            1,
            9,
            1.5,
            10.5
          ],
          "rotation": 180,
          "texture": "#0"
        },
        "down": {
          "uv": [
            2,
            9,
            2.5,
            10.5
          ],
          "texture": "#0"
        }
      }
    },
    {
      "from": [
        7.6,
        -3.37088,
        18.16488
      ],
      "to": [
        8.4,
        -2.57088,
        19.76488
      ],
      "rotation": {
        "angle": -22.5,
        "axis": "x",
        "origin": [
          7.95,
          4.28992,
          8
        ]
      },
      "faces": {
        "north": {
          "uv": [
            12,
            7.5,
            11.5,
            8
          ],
          "rotation": 180,
          "texture": "#0"
        },
        "east": {
          "uv": [
            10.5,
            6,
            11,
            7
          ],
          "rotation": 270,
          "texture": "#0"
        },
        "south": {
          "uv": [
            8,
            12,
            7.5,
            11.5
          ],
          "texture": "#0"
        },
        "west": {
          "uv": [
            7,
            10.5,
            7.5,
            11.5
          ],
          "rotation": 90,
          "texture": "#0"
        },
        "up": {
          "uv": [
            5.5,
            10.5,
            6,
            11.5
          ],
          "rotation": 180,
          "texture": "#0"
        },
        "down": {
          "uv": [
            6.5,
            10.5,
            7,
            11.5
          ],
          "texture": "#0"
        }
      }
    },
    {
      "from": [
        8,
        -0.25,
        3
      ],
      "to": [
        8,
        9.75,
        13
      ],
      "rotation": {
        "angle": 0,
        "axis": "y",
        "origin": [
          8,
          4.75,
          8
        ]
      },
      "faces": {
        "north": {
          "uv": [
            0,
            0,
            0,
            9
          ],
          "texture": "#1"
        },
        "east": {
          "uv": [
            0,
            0,
            16,
            16
          ],
          "texture": "#1"
        },
        "south": {
          "uv": [
            0,
            0,
            0,
            9
          ],
          "texture": "#1"
        },
        "west": {
          "uv": [
            0,
            0,
            16,
            16
          ],
          "texture": "#1"
        },
        "up": {
          "uv": [
            0,
            15,
            0,
            0
          ],
          "texture": "#1"
        },
        "down": {
          "uv": [
            0,
            0,
            0,
            15
          ],
          "texture": "#1"
        }
      }
    },
    {
      "from": [
        8,
        3.75,
        12.25
      ],
      "to": [
        8,
        10.75,
        19.25
      ],
      "rotation": {
        "angle": -45,
        "axis": "x",
        "origin": [
          8,
          7.25,
          15.75
        ]
      },
      "faces": {
        "north": {
          "uv": [
            0,
            0,
            0,
            9
          ],
          "texture": "#1"
        },
        "east": {
          "uv": [
            0,
            0,
            16,
            16
          ],
          "texture": "#1"
        },
        "south": {
          "uv": [
            0,
            0,
            0,
            9
          ],
          "texture": "#1"
        },
        "west": {
          "uv": [
            0,
            0,
            16,
            16
          ],
          "texture": "#1"
        },
        "up": {
          "uv": [
            0,
            15,
            0,
            0
          ],
          "texture": "#1"
        },
        "down": {
          "uv": [
            0,
            0,
            0,
            15
          ],
          "texture": "#1"
        }
      }
    },
    {
      "from": [
        8,
        -0.25,
        10.25
      ],
      "to": [
        8,
        5.75,
        16.25
      ],
      "rotation": {
        "angle": -45,
        "axis": "x",
        "origin": [
          8,
          2.25,
          12.75
        ]
      },
      "faces": {
        "north": {
          "uv": [
            0,
            0,
            0,
            9
          ],
          "texture": "#1"
        },
        "east": {
          "uv": [
            16,
            0,
            0,
            16
          ],
          "texture": "#1"
        },
        "south": {
          "uv": [
            0,
            0,
            0,
            9
          ],
          "texture": "#1"
        },
        "west": {
          "uv": [
            16,
            0,
            0,
            16
          ],
          "texture": "#1"
        },
        "up": {
          "uv": [
            0,
            15,
            0,
            0
          ],
          "texture": "#1"
        },
        "down": {
          "uv": [
            0,
            0,
            0,
            15
          ],
          "texture": "#1"
        }
      }
    },
    {
      "from": [
        8,
        3.75,
        -3.25
      ],
      "to": [
        8,
        10.75,
        3.75
      ],
      "rotation": {
        "angle": 45,
        "axis": "x",
        "origin": [
          8,
          7.25,
          0.25
        ]
      },
      "faces": {
        "north": {
          "uv": [
            0,
            0,
            0,
            9
          ],
          "texture": "#1"
        },
        "east": {
          "uv": [
            16,
            0,
            0,
            16
          ],
          "texture": "#1"
        },
        "south": {
          "uv": [
            0,
            0,
            0,
            9
          ],
          "texture": "#1"
        },
        "west": {
          "uv": [
            16,
            0,
            0,
            16
          ],
          "texture": "#1"
        },
        "up": {
          "uv": [
            0,
            0,
            0,
            15
          ],
          "texture": "#1"
        },
        "down": {
          "uv": [
            0,
            15,
            0,
            0
          ],
          "texture": "#1"
        }
      }
    },
    {
      "from": [
        8,
        -0.25,
        -0.25
      ],
      "to": [
        8,
        5.75,
        5.75
      ],
      "rotation": {
        "angle": 45,
        "axis": "x",
        "origin": [
          8,
          2.25,
          3.25
        ]
      },
      "faces": {
        "north": {
          "uv": [
            0,
            0,
            0,
            9
          ],
          "texture": "#1"
        },
        "east": {
          "uv": [
            0,
            0,
            16,
            16
          ],
          "texture": "#1"
        },
        "south": {
          "uv": [
            0,
            0,
            0,
            9
          ],
          "texture": "#1"
        },
        "west": {
          "uv": [
            0,
            0,
            16,
            16
          ],
          "texture": "#1"
        },
        "up": {
          "uv": [
            0,
            0,
            0,
            15
          ],
          "texture": "#1"
        },
        "down": {
          "uv": [
            0,
            15,
            0,
            0
          ],
          "texture": "#1"
        }
      }
    }
  ],
  "gui_light": "front",
  "display": {
    "thirdperson_righthand": {
      "rotation": [
        -139.7,
        79.21,
        -179
      ],
      "translation": [
        0.25,
        0.5,
        2.5
      ],
      "scale": [
        0.44258,
        0.44258,
        0.44258
      ]
    },
    "thirdperson_lefthand": {
      "rotation": [
        67.25,
        90,
        0
      ],
      "translation": [
        -6,
        -4.5,
        11.75
      ],
      "scale": [
        0.9,
        0.9,
        0.9
      ]
    },
    "firstperson_righthand": {
      "rotation": [
        -180,
        87.75,
        -180
      ],
      "translation": [
        5.25,
        1,
        -7.75
      ],
      "scale": [
        0.96484,
        0.96484,
        0.96484
      ]
    },
    "firstperson_lefthand": {
      "scale": [
        0,
        0,
        0
      ]
    },
    "ground": {
      "rotation": [
        0,
        0,
        -77
      ],
      "translation": [
        4.75,
        3.25,
        0
      ],
      "scale": [
        0.78906,
        0.78906,
        0.78906
      ]
    },
    "gui": {
      "rotation": [
        0,
        90,
        0
      ],
      "translation": [
        0,
        1.75,
        0
      ],
      "scale": [
        0.40742,
        0.40742,
        0.40742
      ]
    },
    "head": {
      "scale": [
        0,
        0,
        0
      ]
    },
    "fixed": {
      "rotation": [
        -90,
        90,
        90
      ],
      "translation": [
        0,
        14.5,
        -3
      ],
      "scale": [
        1.90937,
        1.90937,
        1.90937
      ]
    }
  },
  "groups": [
    {
      "name": "wings",
      "origin": [
        8,
        8,
        8
      ],
      "color": 0,
      "nbt": "{}",
      "armAnimationEnabled": false,
      "children": [
        {
          "name": "group",
          "origin": [
            8,
            8,
            8
          ],
          "color": 0,
          "nbt": "{}",
          "armAnimationEnabled": false,
          "children": [
            {
              "name": "group",
              "origin": [
                8,
                12.57265,
                13.50512
              ],
              "color": 0,
              "nbt": "{}",
              "armAnimationEnabled": false,
              "children": [
                0,
                1,
                2,
                3,
                4,
                5
              ]
            },
            {
              "name": "group",
              "origin": [
                8.125,
                9.58579,
                9.62868
              ],
              "color": 0,
              "nbt": "{}",
              "armAnimationEnabled": false,
              "children": [
                6,
                7,
                8,
                9,
                10,
                11,
                12,
                13,
                14,
                15,
                16,
                17,
                18
              ]
            },
            {
              "name": "group",
              "origin": [
                8,
                12.57265,
                13.50512
              ],
              "color": 0,
              "nbt": "{}",
              "armAnimationEnabled": false,
              "children": [
                19,
                20,
                21,
                22,
                23,
                24
              ]
            },
            {
              "name": "group",
              "origin": [
                8,
                12.57265,
                13.50512
              ],
              "color": 0,
              "nbt": "{}",
              "armAnimationEnabled": false,
              "children": [
                25,
                26,
                27,
                28,
                29,
                30,
                31
              ]
            }
          ]
        },
        {
          "name": "group",
          "origin": [
            8,
            8,
            8
          ],
          "color": 0,
          "nbt": "{}",
          "armAnimationEnabled": false,
          "children": [
            {
              "name": "group",
              "origin": [
                8,
                12.57265,
                13.50512
              ],
              "color": 0,
              "nbt": "{}",
              "armAnimationEnabled": false,
              "children": [
                32,
                33,
                34,
                35,
                36,
                37
              ]
            },
            {
              "name": "group",
              "origin": [
                8.125,
                9.58579,
                9.62868
              ],
              "color": 0,
              "nbt": "{}",
              "armAnimationEnabled": false,
              "children": [
                38,
                39,
                40,
                41,
                42,
                43,
                44,
                45,
                46,
                47,
                48,
                49,
                50
              ]
            },
            {
              "name": "group",
              "origin": [
                8,
                12.57265,
                13.50512
              ],
              "color": 0,
              "nbt": "{}",
              "armAnimationEnabled": false,
              "children": [
                51,
                52,
                53,
                54,
                55,
                56
              ]
            },
            {
              "name": "group",
              "origin": [
                8,
                12.57265,
                13.50512
              ],
              "color": 0,
              "nbt": "{}",
              "armAnimationEnabled": false,
              "children": [
                57,
                58,
                59,
                60,
                61,
                62,
                63
              ]
            }
          ]
        },
        64,
        65,
        66,
        67,
        68
      ]
    }
  ]
}