{
  "credit": "MadebyPolygonMC",
  "texture_size": [
    12,
    12
  ],
  "textures": {
    "1": "evergreenset:animations/animations_1",
    "2": "evergreenset:key",
    "particle": "evergreenset:animations/animations_1"
  },
  "elements": [
    {
      "from": [
        7.64,
        7.64,
        5.92102
      ],
      "to": [
        8.36,
        8.36,
        6.22102
      ],
      "rotation": {
        "angle": 0,
        "axis": "x",
        "origin": [
          8,
          8,
          8
        ]
      },
      "faces": {
        "east": {
          "uv": [
            13.33333,
            4,
            14.33333,
            4.33333
          ],
          "rotation": 270,
          "texture": "#2"
        },
        "west": {
          "uv": [
            13.33333,
            5.33333,
            14.33333,
            5.66667
          ],
          "rotation": 90,
          "texture": "#2"
        },
        "up": {
          "uv": [
            4,
            13.33333,
            5,
            13.66667
          ],
          "rotation": 180,
          "texture": "#2"
        },
        "down": {
          "uv": [
            5.33333,
            13.33333,
            6.33333,
            13.66667
          ],
          "texture": "#2"
        }
      }
    },
    {
      "from": [
        7.58,
        7.58,
        5.62102
      ],
      "to": [
        8.42,
        8.42,
        5.92102
      ],
      "rotation": {
        "angle": 0,
        "axis": "x",
        "origin": [
          8,
          8,
          8
        ]
      },
      "faces": {
        "north": {
          "uv": [
            5,
            9.33333,
            4,
            10.33333
          ],
          "rotation": 180,
          "texture": "#2"
        },
        "east": {
          "uv": [
            13.33333,
            6.66667,
            14.33333,
            7
          ],
          "rotation": 270,
          "texture": "#2"
        },
        "south": {
          "uv": [
            3.66667,
            10.33333,
            2.66667,
            9.33333
          ],
          "texture": "#2"
        },
        "west": {
          "uv": [
            13.33333,
            8,
            14.33333,
            8.33333
          ],
          "rotation": 90,
          "texture": "#2"
        },
        "up": {
          "uv": [
            6.66667,
            13.33333,
            7.66667,
            13.66667
          ],
          "rotation": 180,
          "texture": "#2"
        },
        "down": {
          "uv": [
            8,
            13.33333,
            9,
            13.66667
          ],
          "texture": "#2"
        }
      }
    },
    {
      "from": [
        7.58,
        7.58,
        7.12102
      ],
      "to": [
        8.42,
        8.42,
        7.42102
      ],
      "rotation": {
        "angle": 0,
        "axis": "x",
        "origin": [
          8,
          8,
          8
        ]
      },
      "faces": {
        "north": {
          "uv": [
            6.33333,
            9.33333,
            5.33333,
            10.33333
          ],
          "rotation": 180,
          "texture": "#2"
        },
        "east": {
          "uv": [
            13.33333,
            9.33333,
            14.33333,
            9.66667
          ],
          "rotation": 270,
          "texture": "#2"
        },
        "south": {
          "uv": [
            10.33333,
            5,
            9.33333,
            4
          ],
          "texture": "#2"
        },
        "west": {
          "uv": [
            13.33333,
            10.66667,
            14.33333,
            11
          ],
          "rotation": 90,
          "texture": "#2"
        },
        "up": {
          "uv": [
            9.33333,
            13.33333,
            10.33333,
            13.66667
          ],
          "rotation": 180,
          "texture": "#2"
        },
        "down": {
          "uv": [
            10.66667,
            13.33333,
            11.66667,
            13.66667
          ],
          "texture": "#2"
        }
      }
    },
    {
      "from": [
        7.58,
        7.58,
        6.22102
      ],
      "to": [
        8.42,
        8.42,
        6.52102
      ],
      "rotation": {
        "angle": 0,
        "axis": "x",
        "origin": [
          8,
          8,
          8
        ]
      },
      "faces": {
        "north": {
          "uv": [
            10.33333,
            6.66667,
            9.33333,
            7.66667
          ],
          "rotation": 180,
          "texture": "#2"
        },
        "east": {
          "uv": [
            13.33333,
            12,
            14.33333,
            12.33333
          ],
          "rotation": 270,
          "texture": "#2"
        },
        "south": {
          "uv": [
            10.33333,
            6.33333,
            9.33333,
            5.33333
          ],
          "texture": "#2"
        },
        "west": {
          "uv": [
            0,
            14.66667,
            1,
            15
          ],
          "rotation": 90,
          "texture": "#2"
        },
        "up": {
          "uv": [
            12,
            13.33333,
            13,
            13.66667
          ],
          "rotation": 180,
          "texture": "#2"
        },
        "down": {
          "uv": [
            13.33333,
            13.33333,
            14.33333,
            13.66667
          ],
          "texture": "#2"
        }
      }
    },
    {
      "from": [
        7.58,
        7.58,
        9.82102
      ],
      "to": [
        8.42,
        8.42,
        10.12102
      ],
      "rotation": {
        "angle": 0,
        "axis": "x",
        "origin": [
          8,
          8,
          8
        ]
      },
      "faces": {
        "north": {
          "uv": [
            10.33333,
            8,
            9.33333,
            9
          ],
          "rotation": 180,
          "texture": "#2"
        },
        "east": {
          "uv": [
            1.33333,
            14.66667,
            2.33333,
            15
          ],
          "rotation": 270,
          "texture": "#2"
        },
        "south": {
          "uv": [
            9,
            10.33333,
            8,
            9.33333
          ],
          "texture": "#2"
        },
        "west": {
          "uv": [
            2.66667,
            14.66667,
            3.66667,
            15
          ],
          "rotation": 90,
          "texture": "#2"
        },
        "up": {
          "uv": [
            14.66667,
            0,
            15.66667,
            0.33333
          ],
          "rotation": 180,
          "texture": "#2"
        },
        "down": {
          "uv": [
            14.66667,
            1.33333,
            15.66667,
            1.66667
          ],
          "texture": "#2"
        }
      }
    },
    {
      "from": [
        7.64,
        7.64,
        10.12102
      ],
      "to": [
        8.36,
        8.36,
        10.42102
      ],
      "rotation": {
        "angle": 0,
        "axis": "x",
        "origin": [
          8,
          8,
          8
        ]
      },
      "faces": {
        "east": {
          "uv": [
            4,
            14.66667,
            5,
            15
          ],
          "rotation": 270,
          "texture": "#2"
        },
        "west": {
          "uv": [
            5.33333,
            14.66667,
            6.33333,
            15
          ],
          "rotation": 90,
          "texture": "#2"
        },
        "up": {
          "uv": [
            14.66667,
            2.66667,
            15.66667,
            3
          ],
          "rotation": 180,
          "texture": "#2"
        },
        "down": {
          "uv": [
            14.66667,
            4,
            15.66667,
            4.33333
          ],
          "texture": "#2"
        }
      }
    },
    {
      "from": [
        7.7,
        7.7,
        6.52102
      ],
      "to": [
        8.3,
        8.3,
        7.12102
      ],
      "rotation": {
        "angle": 0,
        "axis": "x",
        "origin": [
          8,
          8,
          8
        ]
      },
      "faces": {
        "north": {
          "uv": [
            11.33333,
            8,
            10.66667,
            8.66667
          ],
          "rotation": 180,
          "texture": "#2"
        },
        "east": {
          "uv": [
            10.66667,
            5.33333,
            11.33333,
            6
          ],
          "rotation": 270,
          "texture": "#2"
        },
        "south": {
          "uv": [
            8.66667,
            11.33333,
            8,
            10.66667
          ],
          "texture": "#2"
        },
        "west": {
          "uv": [
            10.66667,
            6.66667,
            11.33333,
            7.33333
          ],
          "rotation": 90,
          "texture": "#2"
        },
        "up": {
          "uv": [
            5.33333,
            10.66667,
            6,
            11.33333
          ],
          "rotation": 180,
          "texture": "#2"
        },
        "down": {
          "uv": [
            6.66667,
            10.66667,
            7.33333,
            11.33333
          ],
          "texture": "#2"
        }
      }
    },
    {
      "from": [
        7.52,
        7.4,
        10.42102
      ],
      "to": [
        8.48,
        8.6,
        11.32102
      ],
      "rotation": {
        "angle": 0,
        "axis": "x",
        "origin": [
          8,
          8,
          8
        ]
      },
      "faces": {
        "north": {
          "uv": [
            6.66667,
            2.66667,
            5.33333,
            4.33333
          ],
          "rotation": 180,
          "texture": "#2"
        },
        "east": {
          "uv": [
            5.33333,
            0,
            7,
            1.33333
          ],
          "rotation": 270,
          "texture": "#2"
        },
        "south": {
          "uv": [
            1.33333,
            7,
            0,
            5.33333
          ],
          "texture": "#2"
        },
        "west": {
          "uv": [
            5.33333,
            1.33333,
            7,
            2.66667
          ],
          "rotation": 90,
          "texture": "#2"
        },
        "up": {
          "uv": [
            6.66667,
            6.66667,
            8,
            8
          ],
          "rotation": 180,
          "texture": "#2"
        },
        "down": {
          "uv": [
            0,
            8,
            1.33333,
            9.33333
          ],
          "texture": "#2"
        }
      }
    },
    {
      "from": [
        7.523,
        9.87258,
        8.72405
      ],
      "to": [
        8.477,
        10.77258,
        9.92405
      ],
      "rotation": {
        "angle": 45,
        "axis": "x",
        "origin": [
          8,
          8,
          8
        ]
      },
      "faces": {
        "north": {
          "uv": [
            8,
            0,
            9.33333,
            1.33333
          ],
          "texture": "#2"
        },
        "east": {
          "uv": [
            5.33333,
            5.33333,
            7,
            6.66667
          ],
          "texture": "#2"
        },
        "west": {
          "uv": [
            1.33333,
            6.66667,
            3,
            8
          ],
          "texture": "#2"
        },
        "up": {
          "uv": [
            8,
            4.33333,
            6.66667,
            2.66667
          ],
          "texture": "#2"
        },
        "down": {
          "uv": [
            6.66667,
            6.66667,
            5.33333,
            8.33333
          ],
          "texture": "#2"
        }
      }
    },
    {
      "from": [
        7.523,
        8.72405,
        9.87258
      ],
      "to": [
        8.477,
        9.92405,
        10.77258
      ],
      "rotation": {
        "angle": 45,
        "axis": "x",
        "origin": [
          8,
          8,
          8
        ]
      },
      "faces": {
        "north": {
          "uv": [
            6.66667,
            8.33333,
            5.33333,
            6.66667
          ],
          "rotation": 180,
          "texture": "#2"
        },
        "east": {
          "uv": [
            7,
            5.33333,
            5.33333,
            6.66667
          ],
          "rotation": 270,
          "texture": "#2"
        },
        "south": {
          "uv": [
            8,
            2.66667,
            6.66667,
            4.33333
          ],
          "texture": "#2"
        },
        "west": {
          "uv": [
            3,
            6.66667,
            1.33333,
            8
          ],
          "rotation": 90,
          "texture": "#2"
        },
        "down": {
          "uv": [
            9.33333,
            0,
            8,
            1.33333
          ],
          "texture": "#2"
        }
      }
    },
    {
      "from": [
        7.7,
        8.57,
        10.75102
      ],
      "to": [
        8.3,
        10.07,
        11.35102
      ],
      "rotation": {
        "angle": 0,
        "axis": "x",
        "origin": [
          8,
          8,
          8
        ]
      },
      "faces": {
        "north": {
          "uv": [
            7.33333,
            8,
            6.66667,
            10
          ],
          "rotation": 180,
          "texture": "#2"
        },
        "east": {
          "uv": [
            2.66667,
            8,
            4.66667,
            8.66667
          ],
          "rotation": 270,
          "texture": "#2"
        },
        "south": {
          "uv": [
            8.66667,
            6,
            8,
            4
          ],
          "texture": "#2"
        },
        "west": {
          "uv": [
            8,
            2.66667,
            10,
            3.33333
          ],
          "rotation": 90,
          "texture": "#2"
        },
        "up": {
          "uv": [
            9.33333,
            10.66667,
            10,
            11.33333
          ],
          "rotation": 180,
          "texture": "#2"
        },
        "down": {
          "uv": [
            10.66667,
            9.33333,
            11.33333,
            10
          ],
          "texture": "#2"
        }
      }
    },
    {
      "from": [
        7.7,
        8.57,
        11.35102
      ],
      "to": [
        8.3,
        9.07,
        11.95102
      ],
      "rotation": {
        "angle": 0,
        "axis": "x",
        "origin": [
          8,
          8,
          8
        ]
      },
      "faces": {
        "north": {
          "uv": [
            3.33333,
            12,
            2.66667,
            12.66667
          ],
          "rotation": 180,
          "texture": "#2"
        },
        "east": {
          "uv": [
            0,
            12,
            0.66667,
            12.66667
          ],
          "rotation": 270,
          "texture": "#2"
        },
        "south": {
          "uv": [
            12.66667,
            2,
            12,
            1.33333
          ],
          "texture": "#2"
        },
        "west": {
          "uv": [
            1.33333,
            12,
            2,
            12.66667
          ],
          "rotation": 90,
          "texture": "#2"
        },
        "up": {
          "uv": [
            10.66667,
            10.66667,
            11.33333,
            11.33333
          ],
          "rotation": 180,
          "texture": "#2"
        },
        "down": {
          "uv": [
            12,
            0,
            12.66667,
            0.66667
          ],
          "texture": "#2"
        }
      }
    },
    {
      "from": [
        7.703,
        6.87656,
        11.60974
      ],
      "to": [
        8.297,
        7.47656,
        12.05974
      ],
      "rotation": {
        "angle": -22.5,
        "axis": "x",
        "origin": [
          8,
          8,
          8
        ]
      },
      "faces": {
        "north": {
          "uv": [
            7.33333,
            12,
            6.66667,
            12.66667
          ],
          "rotation": 180,
          "texture": "#2"
        },
        "east": {
          "uv": [
            4,
            12,
            4.66667,
            12.66667
          ],
          "rotation": 270,
          "texture": "#2"
        },
        "south": {
          "uv": [
            12.66667,
            6,
            12,
            5.33333
          ],
          "texture": "#2"
        },
        "west": {
          "uv": [
            5.33333,
            12,
            6,
            12.66667
          ],
          "rotation": 90,
          "texture": "#2"
        },
        "up": {
          "uv": [
            12,
            2.66667,
            12.66667,
            3.33333
          ],
          "rotation": 180,
          "texture": "#2"
        },
        "down": {
          "uv": [
            12,
            4,
            12.66667,
            4.66667
          ],
          "texture": "#2"
        }
      }
    },
    {
      "from": [
        7.703,
        8.52344,
        11.60974
      ],
      "to": [
        8.297,
        9.12344,
        12.05974
      ],
      "rotation": {
        "angle": 22.5,
        "axis": "x",
        "origin": [
          8,
          8,
          8
        ]
      },
      "faces": {
        "north": {
          "uv": [
            7.33333,
            12.66667,
            6.66667,
            12
          ],
          "rotation": 180,
          "texture": "#2"
        },
        "east": {
          "uv": [
            4.66667,
            12,
            4,
            12.66667
          ],
          "rotation": 270,
          "texture": "#2"
        },
        "south": {
          "uv": [
            12.66667,
            5.33333,
            12,
            6
          ],
          "texture": "#2"
        },
        "west": {
          "uv": [
            6,
            12,
            5.33333,
            12.66667
          ],
          "rotation": 90,
          "texture": "#2"
        },
        "up": {
          "uv": [
            12.66667,
            4,
            12,
            4.66667
          ],
          "rotation": 180,
          "texture": "#2"
        },
        "down": {
          "uv": [
            12.66667,
            2.66667,
            12,
            3.33333
          ],
          "texture": "#2"
        }
      }
    },
    {
      "from": [
        7.7,
        6.93,
        11.35102
      ],
      "to": [
        8.3,
        7.43,
        11.95102
      ],
      "rotation": {
        "angle": 0,
        "axis": "x",
        "origin": [
          8,
          8,
          8
        ]
      },
      "faces": {
        "north": {
          "uv": [
            3.33333,
            12.66667,
            2.66667,
            12
          ],
          "rotation": 180,
          "texture": "#2"
        },
        "east": {
          "uv": [
            0.66667,
            12,
            0,
            12.66667
          ],
          "rotation": 270,
          "texture": "#2"
        },
        "south": {
          "uv": [
            12.66667,
            1.33333,
            12,
            2
          ],
          "texture": "#2"
        },
        "west": {
          "uv": [
            2,
            12,
            1.33333,
            12.66667
          ],
          "rotation": 90,
          "texture": "#2"
        },
        "up": {
          "uv": [
            12.66667,
            0,
            12,
            0.66667
          ],
          "rotation": 180,
          "texture": "#2"
        },
        "down": {
          "uv": [
            11.33333,
            10.66667,
            10.66667,
            11.33333
          ],
          "texture": "#2"
        }
      }
    },
    {
      "from": [
        7.7,
        5.93,
        10.75102
      ],
      "to": [
        8.3,
        7.43,
        11.35102
      ],
      "rotation": {
        "angle": 0,
        "axis": "x",
        "origin": [
          8,
          8,
          8
        ]
      },
      "faces": {
        "north": {
          "uv": [
            7.33333,
            10,
            6.66667,
            8
          ],
          "rotation": 180,
          "texture": "#2"
        },
        "east": {
          "uv": [
            4.66667,
            8,
            2.66667,
            8.66667
          ],
          "rotation": 270,
          "texture": "#2"
        },
        "south": {
          "uv": [
            8.66667,
            4,
            8,
            6
          ],
          "texture": "#2"
        },
        "west": {
          "uv": [
            10,
            2.66667,
            8,
            3.33333
          ],
          "rotation": 90,
          "texture": "#2"
        },
        "up": {
          "uv": [
            11.33333,
            9.33333,
            10.66667,
            10
          ],
          "rotation": 180,
          "texture": "#2"
        },
        "down": {
          "uv": [
            10,
            10.66667,
            9.33333,
            11.33333
          ],
          "texture": "#2"
        }
      }
    },
    {
      "from": [
        7.763,
        7.58234,
        9.77518
      ],
      "to": [
        8.237,
        8.18234,
        10.22518
      ],
      "rotation": {
        "angle": -22.5,
        "axis": "x",
        "origin": [
          8,
          8,
          8
        ]
      },
      "faces": {
        "north": {
          "uv": [
            11.33333,
            12,
            10.66667,
            12.66667
          ],
          "rotation": 180,
          "texture": "#2"
        },
        "east": {
          "uv": [
            8,
            12,
            8.66667,
            12.66667
          ],
          "rotation": 270,
          "texture": "#2"
        },
        "south": {
          "uv": [
            12.66667,
            10,
            12,
            9.33333
          ],
          "texture": "#2"
        },
        "west": {
          "uv": [
            9.33333,
            12,
            10,
            12.66667
          ],
          "rotation": 90,
          "texture": "#2"
        },
        "up": {
          "uv": [
            12,
            6.66667,
            12.66667,
            7.33333
          ],
          "rotation": 180,
          "texture": "#2"
        },
        "down": {
          "uv": [
            12,
            8,
            12.66667,
            8.66667
          ],
          "texture": "#2"
        }
      }
    },
    {
      "from": [
        7.76,
        8.57,
        8.48602
      ],
      "to": [
        8.24,
        9.02,
        9.98602
      ],
      "rotation": {
        "angle": 0,
        "axis": "x",
        "origin": [
          8,
          8,
          8
        ]
      },
      "faces": {
        "north": {
          "uv": [
            12.66667,
            12,
            12,
            12.66667
          ],
          "rotation": 180,
          "texture": "#2"
        },
        "east": {
          "uv": [
            0,
            9.33333,
            0.66667,
            11.33333
          ],
          "rotation": 270,
          "texture": "#2"
        },
        "south": {
          "uv": [
            12.66667,
            11.33333,
            12,
            10.66667
          ],
          "texture": "#2"
        },
        "west": {
          "uv": [
            1.33333,
            9.33333,
            2,
            11.33333
          ],
          "rotation": 90,
          "texture": "#2"
        },
        "up": {
          "uv": [
            8,
            6.66667,
            8.66667,
            8.66667
          ],
          "rotation": 180,
          "texture": "#2"
        },
        "down": {
          "uv": [
            9.33333,
            0,
            10,
            2
          ],
          "texture": "#2"
        }
      }
    },
    {
      "from": [
        7.763,
        8.52835,
        8.05869
      ],
      "to": [
        8.237,
        9.12835,
        8.50869
      ],
      "rotation": {
        "angle": 22.5,
        "axis": "x",
        "origin": [
          8,
          8,
          8
        ]
      },
      "faces": {
        "north": {
          "uv": [
            14,
            2.66667,
            13.33333,
            3.33333
          ],
          "rotation": 180,
          "texture": "#2"
        },
        "east": {
          "uv": [
            13.33333,
            0,
            14,
            0.66667
          ],
          "rotation": 270,
          "texture": "#2"
        },
        "south": {
          "uv": [
            3.33333,
            14,
            2.66667,
            13.33333
          ],
          "texture": "#2"
        },
        "west": {
          "uv": [
            13.33333,
            1.33333,
            14,
            2
          ],
          "rotation": 90,
          "texture": "#2"
        },
        "up": {
          "uv": [
            0,
            13.33333,
            0.66667,
            14
          ],
          "rotation": 180,
          "texture": "#2"
        },
        "down": {
          "uv": [
            1.33333,
            13.33333,
            2,
            14
          ],
          "texture": "#2"
        }
      }
    },
    {
      "from": [
        7.76,
        6.98,
        8.48602
      ],
      "to": [
        8.24,
        7.43,
        9.98602
      ],
      "rotation": {
        "angle": 0,
        "axis": "x",
        "origin": [
          8,
          8,
          8
        ]
      },
      "faces": {
        "north": {
          "uv": [
            12.66667,
            12.66667,
            12,
            12
          ],
          "rotation": 180,
          "texture": "#2"
        },
        "east": {
          "uv": [
            0.66667,
            9.33333,
            0,
            11.33333
          ],
          "rotation": 270,
          "texture": "#2"
        },
        "south": {
          "uv": [
            12.66667,
            10.66667,
            12,
            11.33333
          ],
          "texture": "#2"
        },
        "west": {
          "uv": [
            2,
            9.33333,
            1.33333,
            11.33333
          ],
          "rotation": 90,
          "texture": "#2"
        },
        "up": {
          "uv": [
            10,
            0,
            9.33333,
            2
          ],
          "rotation": 180,
          "texture": "#2"
        },
        "down": {
          "uv": [
            8.66667,
            6.66667,
            8,
            8.66667
          ],
          "texture": "#2"
        }
      }
    },
    {
      "from": [
        7.763,
        6.87165,
        8.05869
      ],
      "to": [
        8.237,
        7.47165,
        8.50869
      ],
      "rotation": {
        "angle": -22.5,
        "axis": "x",
        "origin": [
          8,
          8,
          8
        ]
      },
      "faces": {
        "north": {
          "uv": [
            14,
            3.33333,
            13.33333,
            2.66667
          ],
          "rotation": 180,
          "texture": "#2"
        },
        "east": {
          "uv": [
            14,
            0,
            13.33333,
            0.66667
          ],
          "rotation": 270,
          "texture": "#2"
        },
        "south": {
          "uv": [
            3.33333,
            13.33333,
            2.66667,
            14
          ],
          "texture": "#2"
        },
        "west": {
          "uv": [
            14,
            1.33333,
            13.33333,
            2
          ],
          "rotation": 90,
          "texture": "#2"
        },
        "up": {
          "uv": [
            2,
            13.33333,
            1.33333,
            14
          ],
          "rotation": 180,
          "texture": "#2"
        },
        "down": {
          "uv": [
            0.66667,
            13.33333,
            0,
            14
          ],
          "texture": "#2"
        }
      }
    },
    {
      "from": [
        7.763,
        7.81766,
        9.77518
      ],
      "to": [
        8.237,
        8.41766,
        10.22518
      ],
      "rotation": {
        "angle": 22.5,
        "axis": "x",
        "origin": [
          8,
          8,
          8
        ]
      },
      "faces": {
        "north": {
          "uv": [
            11.33333,
            12.66667,
            10.66667,
            12
          ],
          "rotation": 180,
          "texture": "#2"
        },
        "east": {
          "uv": [
            8.66667,
            12,
            8,
            12.66667
          ],
          "rotation": 270,
          "texture": "#2"
        },
        "south": {
          "uv": [
            12.66667,
            9.33333,
            12,
            10
          ],
          "texture": "#2"
        },
        "west": {
          "uv": [
            10,
            12,
            9.33333,
            12.66667
          ],
          "rotation": 90,
          "texture": "#2"
        },
        "up": {
          "uv": [
            12.66667,
            8,
            12,
            8.66667
          ],
          "rotation": 180,
          "texture": "#2"
        },
        "down": {
          "uv": [
            12.66667,
            6.66667,
            12,
            7.33333
          ],
          "texture": "#2"
        }
      }
    },
    {
      "from": [
        7.5985,
        9.92292,
        9.92292
      ],
      "to": [
        8.4015,
        10.77372,
        10.77372
      ],
      "rotation": {
        "angle": 45,
        "axis": "x",
        "origin": [
          8,
          8,
          8
        ]
      },
      "faces": {
        "north": {
          "uv": [
            14.66667,
            5.33333,
            15,
            6.33333
          ],
          "texture": "#2"
        },
        "east": {
          "uv": [
            9.33333,
            9.33333,
            10.33333,
            10.33333
          ],
          "texture": "#2"
        },
        "south": {
          "uv": [
            6.66667,
            14.66667,
            7,
            15.66667
          ],
          "texture": "#2"
        },
        "west": {
          "uv": [
            10.66667,
            0,
            11.66667,
            1
          ],
          "texture": "#2"
        },
        "up": {
          "uv": [
            15,
            7.66667,
            14.66667,
            6.66667
          ],
          "texture": "#2"
        },
        "down": {
          "uv": [
            8.33333,
            14.66667,
            8,
            15.66667
          ],
          "texture": "#2"
        }
      }
    },
    {
      "from": [
        7.64,
        7.64,
        7.42102
      ],
      "to": [
        8.36,
        8.36,
        9.82102
      ],
      "rotation": {
        "angle": 0,
        "axis": "x",
        "origin": [
          8,
          8,
          8
        ]
      },
      "faces": {
        "east": {
          "uv": [
            2.66667,
            2.66667,
            3.66667,
            6
          ],
          "rotation": 270,
          "texture": "#2"
        },
        "west": {
          "uv": [
            4,
            4,
            5,
            7.33333
          ],
          "rotation": 90,
          "texture": "#2"
        },
        "up": {
          "uv": [
            1.33333,
            2.66667,
            2.33333,
            6
          ],
          "rotation": 180,
          "texture": "#2"
        },
        "down": {
          "uv": [
            4,
            0,
            5,
            3.33333
          ],
          "texture": "#2"
        }
      }
    },
    {
      "from": [
        7.5,
        7.5,
        3.64205
      ],
      "to": [
        8.5,
        8.5,
        5.64205
      ],
      "rotation": {
        "angle": 0,
        "axis": "x",
        "origin": [
          8,
          8,
          8
        ]
      },
      "faces": {
        "north": {
          "uv": [
            9.33333,
            1.33333,
            8,
            2.66667
          ],
          "rotation": 180,
          "texture": "#2"
        },
        "east": {
          "uv": [
            1.33333,
            0,
            2.66667,
            2.66667
          ],
          "rotation": 270,
          "texture": "#2"
        },
        "south": {
          "uv": [
            2.66667,
            9.33333,
            1.33333,
            8
          ],
          "texture": "#2"
        },
        "west": {
          "uv": [
            2.66667,
            0,
            4,
            2.66667
          ],
          "rotation": 90,
          "texture": "#2"
        },
        "up": {
          "uv": [
            0,
            0,
            1.33333,
            2.66667
          ],
          "rotation": 180,
          "texture": "#2"
        },
        "down": {
          "uv": [
            0,
            2.66667,
            1.33333,
            5.33333
          ],
          "texture": "#2"
        }
      }
    },
    {
      "from": [
        7.75,
        6.6,
        4.84205
      ],
      "to": [
        8.25,
        7.85,
        5.44205
      ],
      "rotation": {
        "angle": 0,
        "axis": "x",
        "origin": [
          8,
          8,
          8
        ]
      },
      "faces": {
        "north": {
          "uv": [
            4.66667,
            10.66667,
            4,
            12
          ],
          "rotation": 180,
          "texture": "#2"
        },
        "east": {
          "uv": [
            10.66667,
            1.33333,
            12,
            2
          ],
          "rotation": 270,
          "texture": "#2"
        },
        "south": {
          "uv": [
            11.33333,
            4,
            10.66667,
            2.66667
          ],
          "texture": "#2"
        },
        "west": {
          "uv": [
            2.66667,
            10.66667,
            4,
            11.33333
          ],
          "rotation": 90,
          "texture": "#2"
        },
        "down": {
          "uv": [
            10.66667,
            4,
            11.33333,
            4.66667
          ],
          "texture": "#2"
        }
      }
    },
    {
      "from": [
        7.75,
        6.6,
        3.84205
      ],
      "to": [
        8.25,
        7.85,
        4.44205
      ],
      "rotation": {
        "angle": 0,
        "axis": "x",
        "origin": [
          8,
          8,
          8
        ]
      },
      "faces": {
        "north": {
          "uv": [
            4.66667,
            10.66667,
            4,
            12
          ],
          "rotation": 180,
          "texture": "#2"
        },
        "east": {
          "uv": [
            10.66667,
            1.33333,
            12,
            2
          ],
          "rotation": 270,
          "texture": "#2"
        },
        "south": {
          "uv": [
            11.33333,
            4,
            10.66667,
            2.66667
          ],
          "texture": "#2"
        },
        "west": {
          "uv": [
            2.66667,
            10.66667,
            4,
            11.33333
          ],
          "rotation": 90,
          "texture": "#2"
        },
        "down": {
          "uv": [
            10.66667,
            4,
            11.33333,
            4.66667
          ],
          "texture": "#2"
        }
      }
    },
    {
      "from": [
        7.65,
        6.90336,
        3.39805
      ],
      "to": [
        7.65,
        11.90336,
        8.39805
      ],
      "rotation": {
        "angle": -22.5,
        "axis": "x",
        "origin": [
          7.65,
          9.97836,
          6.14805
        ]
      },
      "faces": {
        "north": {
          "uv": [
            0,
            0,
            0,
            6.66667
          ],
          "texture": "#1"
        },
        "south": {
          "uv": [
            0,
            0,
            0,
            6.66667
          ],
          "texture": "#1"
        },
        "west": {
          "uv": [
            0,
            0,
            10.66667,
            10.66667
          ],
          "texture": "#1"
        },
        "up": {
          "uv": [
            0,
            6.66667,
            0,
            0
          ],
          "texture": "#1"
        },
        "down": {
          "uv": [
            0,
            0,
            0,
            6.66667
          ],
          "texture": "#1"
        }
      }
    },
    {
      "from": [
        8.35,
        6.90336,
        3.39805
      ],
      "to": [
        8.35,
        11.90336,
        8.39805
      ],
      "rotation": {
        "angle": -22.5,
        "axis": "x",
        "origin": [
          8.35,
          9.97836,
          6.14805
        ]
      },
      "faces": {
        "north": {
          "uv": [
            0,
            0,
            0,
            6.66667
          ],
          "texture": "#1"
        },
        "east": {
          "uv": [
            10.66667,
            0,
            0,
            10.66667
          ],
          "texture": "#1"
        },
        "south": {
          "uv": [
            0,
            0,
            0,
            6.66667
          ],
          "texture": "#1"
        },
        "up": {
          "uv": [
            0,
            6.66667,
            0,
            0
          ],
          "texture": "#1"
        },
        "down": {
          "uv": [
            0,
            0,
            0,
            6.66667
          ],
          "texture": "#1"
        }
      }
    }
  ],
  "gui_light": "front",
  "display": {
    "thirdperson_righthand": {
      "rotation": [
        72,
        0,
        0
      ],
      "translation": [
        0,
        2.75,
        -1
      ]
    },
    "thirdperson_lefthand": {
      "rotation": [
        72,
        0,
        0
      ],
      "translation": [
        0,
        2.75,
        -1
      ]
    },
    "firstperson_righthand": {
      "rotation": [
        55,
        0,
        -26
      ],
      "translation": [
        -3.5,
        6,
        3.25
      ]
    },
    "firstperson_lefthand": {
      "rotation": [
        55,
        0,
        -26
      ],
      "translation": [
        -3.5,
        6,
        3.25
      ]
    },
    "ground": {
      "rotation": [
        45,
        0,
        0
      ],
      "translation": [
        0,
        6.5,
        0
      ],
      "scale": [
        1.67773,
        1.67773,
        1.67773
      ]
    },
    "gui": {
      "rotation": [
        -90,
        135,
        90
      ],
      "scale": [
        1.9668,
        1.9668,
        1.9668
      ]
    },
    "head": {
      "scale": [
        0,
        0,
        0
      ]
    },
    "fixed": {
      "rotation": [
        -90,
        -135,
        -90
      ],
      "scale": [
        2.04883,
        2.04883,
        2.04883
      ]
    }
  }
}