{"credit":"Made by PolygonMC","textures":{"0":"halloween23:pumpkin_warlock_staff","particle":"halloween23:pumpkin_warlock_staff"},"elements":[{"from":[7.6,0,7.6],"to":[8.4,4,8.4],"rotation":{"angle":0,"axis":"y","origin":[7.5,0,7.5]},"faces":{"north":{"uv":[2,9,2.75,13],"texture":"#0"},"east":{"uv":[3,10,3.75,14],"texture":"#0"},"south":{"uv":[4,10,4.75,14],"texture":"#0"},"west":{"uv":[5,10,5.75,14],"texture":"#0"},"down":{"uv":[13.75,7,13,7.75],"texture":"#0"}}},{"from":[7.5,4,7.5],"to":[8.5,10,8.5],"rotation":{"angle":0,"axis":"y","origin":[7.5,0,7.5]},"faces":{"north":{"uv":[0,0,1,6],"texture":"#0"},"east":{"uv":[1,0,2,6],"texture":"#0"},"south":{"uv":[2,0,3,6],"texture":"#0"},"west":{"uv":[3,0,4,6],"texture":"#0"},"up":{"uv":[7,3,6,2],"texture":"#0"},"down":{"uv":[13,0,12,1],"texture":"#0"}}},{"from":[7.5,14.77791,7.5],"to":[8.5,18.77791,8.5],"rotation":{"angle":0,"axis":"y","origin":[7.5,10.77791,7.5]},"faces":{"north":{"uv":[3,6,4,10],"texture":"#0"},"east":{"uv":[4,6,5,10],"texture":"#0"},"south":{"uv":[5,6,6,10],"texture":"#0"},"west":{"uv":[6,6,7,10],"texture":"#0"},"down":{"uv":[13,2,12,3],"texture":"#0"}}},{"from":[7.4975,18.02791,5.62868],"to":[8.5025,20.27791,7.87868],"rotation":{"angle":45,"axis":"x","origin":[7.9975,18.77791,6.37868]},"faces":{"north":{"uv":[11,5,12,7.25],"texture":"#0"},"east":{"uv":[4,3,6.25,5.25],"texture":"#0"},"south":{"uv":[11,8,12,10.25],"texture":"#0"},"west":{"uv":[0,6,2.25,8.25],"texture":"#0"},"up":{"uv":[11,13.25,10,11],"texture":"#0"},"down":{"uv":[12,11,11,13.25],"texture":"#0"}}},{"from":[7.502,9.69448,6.96404],"to":[8.498,12.69448,7.96404],"rotation":{"angle":-22.5,"axis":"x","origin":[8.002,11.19448,7.46404]},"faces":{"north":{"uv":[9,5,10,8],"texture":"#0"},"east":{"uv":[10,5,11,8],"texture":"#0"},"south":{"uv":[6,10,7,13],"texture":"#0"},"west":{"uv":[7,10,8,13],"texture":"#0"},"up":{"uv":[13,2,12,1],"texture":"#0"}}},{"from":[7.5035,12.08343,6.96404],"to":[8.4965,15.08343,7.96404],"rotation":{"angle":22.5,"axis":"x","origin":[8.0035,13.58343,7.46404]},"faces":{"north":{"uv":[8,10,9,13],"texture":"#0"},"east":{"uv":[10,8,11,11],"texture":"#0"},"south":{"uv":[9,10,10,13],"texture":"#0"},"west":{"uv":[11,0,12,3],"texture":"#0"}}},{"from":[6.9925,14.78591,4.86534],"to":[8.9925,14.81591,7.86534],"rotation":{"angle":-45,"axis":"x","origin":[8,15.66841,2.24034]},"faces":{"up":{"uv":[6,3,4,0],"texture":"#0"},"down":{"uv":[6,0,4,3],"texture":"#0"}}},{"from":[7.9925,14.28591,4.36534],"to":[8.0225,15.28591,5.36534],"rotation":{"angle":-45,"axis":"x","origin":[8,15.66841,2.24034]},"faces":{"east":{"uv":[3,13,2,14],"texture":"#0"},"west":{"uv":[2,13,3,14],"texture":"#0"}}},{"from":[7.985,19.67691,7.51802],"to":[8.015,21.17691,9.51802],"rotation":{"angle":-22.5,"axis":"x","origin":[7.985,20.02691,8.61802]},"faces":{"east":{"uv":[15.25,0,13.25,1.5],"texture":"#0"},"west":{"uv":[13.25,0,15.25,1.5],"texture":"#0"}}},{"from":[6.9925,13.78691,3.36534],"to":[8.9925,15.78691,3.86534],"rotation":{"angle":-45,"axis":"x","origin":[8,15.66841,2.24034]},"faces":{"north":{"uv":[6,0,8,2],"texture":"#0"},"east":{"uv":[12,5,12.5,7],"texture":"#0"},"south":{"uv":[7,2,9,4],"texture":"#0"},"west":{"uv":[12,7,12.5,9],"texture":"#0"},"up":{"uv":[14,9.5,12,9],"texture":"#0"},"down":{"uv":[14,10,12,10.5],"texture":"#0"}}},{"from":[6.9925,13.66191,0.36534],"to":[8.9925,15.66191,0.86534],"rotation":{"angle":-45,"axis":"x","origin":[8,15.66841,2.24034]},"faces":{"north":{"uv":[6,0,8,2],"texture":"#0"},"east":{"uv":[12,5,12.5,7],"texture":"#0"},"south":{"uv":[7,2,9,4],"texture":"#0"},"west":{"uv":[12,7,12.5,9],"texture":"#0"},"up":{"uv":[14,9.5,12,9],"texture":"#0"},"down":{"uv":[14,10,12,10.5],"texture":"#0"}}},{"from":[7.2425,14.03691,3.86534],"to":[8.7425,15.53691,4.36534],"rotation":{"angle":-45,"axis":"x","origin":[8,15.66841,2.24034]},"faces":{"east":{"uv":[13,4,13.5,5.5],"texture":"#0"},"south":{"uv":[0,12,1.5,13.5],"texture":"#0"},"west":{"uv":[6,13,6.5,14.5],"texture":"#0"},"up":{"uv":[14.5,6.5,13,6],"texture":"#0"},"down":{"uv":[8.5,13,7,13.5],"texture":"#0"}}},{"from":[7.2425,14.03691,0.86534],"to":[8.7425,15.53691,3.36534],"rotation":{"angle":-45,"axis":"x","origin":[8,15.66841,2.24034]},"faces":{"east":{"uv":[8,0,10.5,1.5],"texture":"#0"},"west":{"uv":[7,8,9.5,9.5],"texture":"#0"},"up":{"uv":[1.5,11.5,0,9],"texture":"#0"},"down":{"uv":[10.5,2,9,4.5],"texture":"#0"}}}],"gui_light":"front","display":{"thirdperson_righthand":{"rotation":[13.25,0,0],"translation":[0,-4.5,1]},"thirdperson_lefthand":{"rotation":[13.25,0,0],"translation":[0,-4.5,1]},"firstperson_righthand":{"rotation":[-20,0,0],"translation":[0,-0.5,3.75]},"firstperson_lefthand":{"rotation":[-20,0,0],"translation":[0,-0.5,3.75]},"ground":{"rotation":[-45,0,0],"translation":[0,8,0]},"gui":{"rotation":[-90,45,90],"translation":[1.75,-2,0],"scale":[1.07031,1.07031,1.07031]},"head":{"rotation":[-90,45,90]},"fixed":{"rotation":[0,-90,0],"translation":[-0.5,-4.5,-1.5],"scale":[2.5,2.5,2.5]}}}