{
  "credit": "Made by PolygonMC",
  "texture_size": [
    32,
    32
  ],
  "textures": {
    "1": "littlesharkset:animations/animations_1",
    "3": "littlesharkset:hoe",
    "particle": "littlesharkset:animations/animations_1"
  },
  "elements": [
    {
      "from": [
        7.5,
        0,
        7.5
      ],
      "to": [
        8.5,
        1,
        8.5
      ],
      "rotation": {
        "angle": -45,
        "axis": "x",
        "origin": [
          8,
          0.5,
          8
        ]
      },
      "faces": {
        "north": {
          "uv": [
            5.5,
            10,
            6,
            10.5
          ],
          "texture": "#3"
        },
        "east": {
          "uv": [
            10.5,
            0.5,
            11,
            1
          ],
          "texture": "#3"
        },
        "south": {
          "uv": [
            10.5,
            1.5,
            11,
            2
          ],
          "texture": "#3"
        },
        "west": {
          "uv": [
            10.5,
            2,
            11,
            2.5
          ],
          "texture": "#3"
        },
        "up": {
          "uv": [
            11,
            3,
            10.5,
            2.5
          ],
          "texture": "#3"
        },
        "down": {
          "uv": [
            11,
            3,
            10.5,
            3.5
          ],
          "texture": "#3"
        }
      }
    },
    {
      "from": [
        7.55,
        0.75,
        7.55
      ],
      "to": [
        8.45,
        1.75,
        8.45
      ],
      "rotation": {
        "angle": 0,
        "axis": "y",
        "origin": [
          7.5,
          0,
          7.5
        ]
      },
      "faces": {
        "north": {
          "uv": [
            3.5,
            10.5,
            4,
            11
          ],
          "texture": "#3"
        },
        "east": {
          "uv": [
            10.5,
            3.5,
            11,
            4
          ],
          "texture": "#3"
        },
        "south": {
          "uv": [
            4,
            10.5,
            4.5,
            11
          ],
          "texture": "#3"
        },
        "west": {
          "uv": [
            10.5,
            4,
            11,
            4.5
          ],
          "texture": "#3"
        }
      }
    },
    {
      "from": [
        7.55,
        4.25,
        7.55
      ],
      "to": [
        8.45,
        5.25,
        8.45
      ],
      "rotation": {
        "angle": 0,
        "axis": "y",
        "origin": [
          7.5,
          0,
          7.5
        ]
      },
      "faces": {
        "north": {
          "uv": [
            4.5,
            10.5,
            5,
            11
          ],
          "texture": "#3"
        },
        "east": {
          "uv": [
            5,
            10.5,
            5.5,
            11
          ],
          "texture": "#3"
        },
        "south": {
          "uv": [
            5.5,
            10.5,
            6,
            11
          ],
          "texture": "#3"
        },
        "west": {
          "uv": [
            6.5,
            10.5,
            7,
            11
          ],
          "texture": "#3"
        }
      }
    },
    {
      "from": [
        7.55,
        13.20711,
        7.55
      ],
      "to": [
        8.45,
        14.20711,
        8.45
      ],
      "rotation": {
        "angle": 0,
        "axis": "y",
        "origin": [
          7.5,
          -0.04289,
          7.5
        ]
      },
      "faces": {
        "north": {
          "uv": [
            7,
            10.5,
            7.5,
            11
          ],
          "texture": "#3"
        },
        "east": {
          "uv": [
            7.5,
            10.5,
            8,
            11
          ],
          "texture": "#3"
        },
        "south": {
          "uv": [
            8,
            10.5,
            8.5,
            11
          ],
          "texture": "#3"
        },
        "west": {
          "uv": [
            8.5,
            10.5,
            9,
            11
          ],
          "texture": "#3"
        }
      }
    },
    {
      "from": [
        7.55,
        6.20711,
        7.55
      ],
      "to": [
        8.45,
        7.20711,
        8.45
      ],
      "rotation": {
        "angle": 0,
        "axis": "y",
        "origin": [
          7.5,
          -0.04289,
          7.5
        ]
      },
      "faces": {
        "north": {
          "uv": [
            10.5,
            8.5,
            11,
            9
          ],
          "texture": "#3"
        },
        "east": {
          "uv": [
            10.5,
            9,
            11,
            9.5
          ],
          "texture": "#3"
        },
        "south": {
          "uv": [
            9.5,
            10.5,
            10,
            11
          ],
          "texture": "#3"
        },
        "west": {
          "uv": [
            10.5,
            9.5,
            11,
            10
          ],
          "texture": "#3"
        }
      }
    },
    {
      "from": [
        7.6,
        2.25,
        7.6
      ],
      "to": [
        8.4,
        3.75,
        8.4
      ],
      "rotation": {
        "angle": 0,
        "axis": "y",
        "origin": [
          7.5,
          0,
          7.5
        ]
      },
      "faces": {
        "north": {
          "uv": [
            8.5,
            9.5,
            9,
            10.25
          ],
          "texture": "#3"
        },
        "east": {
          "uv": [
            0,
            10,
            0.5,
            10.75
          ],
          "texture": "#3"
        },
        "south": {
          "uv": [
            0.5,
            10,
            1,
            10.75
          ],
          "texture": "#3"
        },
        "west": {
          "uv": [
            1,
            10,
            1.5,
            10.75
          ],
          "texture": "#3"
        }
      }
    },
    {
      "from": [
        7.5,
        1.75,
        7.5
      ],
      "to": [
        8.5,
        2.25,
        8.5
      ],
      "rotation": {
        "angle": 0,
        "axis": "y",
        "origin": [
          7.5,
          1.75,
          7.5
        ]
      },
      "faces": {
        "north": {
          "uv": [
            10.5,
            11,
            11,
            11.25
          ],
          "texture": "#3"
        },
        "east": {
          "uv": [
            11,
            10.5,
            11.5,
            10.75
          ],
          "texture": "#3"
        },
        "south": {
          "uv": [
            11,
            11,
            11.5,
            11.25
          ],
          "texture": "#3"
        },
        "west": {
          "uv": [
            0,
            11.5,
            0.5,
            11.75
          ],
          "texture": "#3"
        },
        "up": {
          "uv": [
            10.5,
            11,
            10,
            10.5
          ],
          "texture": "#3"
        },
        "down": {
          "uv": [
            11,
            10,
            10.5,
            10.5
          ],
          "texture": "#3"
        }
      }
    },
    {
      "from": [
        7.5,
        3.75,
        7.5
      ],
      "to": [
        8.5,
        4.25,
        8.5
      ],
      "rotation": {
        "angle": 0,
        "axis": "y",
        "origin": [
          7.5,
          1.75,
          7.5
        ]
      },
      "faces": {
        "north": {
          "uv": [
            0.5,
            11.5,
            1,
            11.75
          ],
          "texture": "#3"
        },
        "east": {
          "uv": [
            11.5,
            0.5,
            12,
            0.75
          ],
          "texture": "#3"
        },
        "south": {
          "uv": [
            1,
            11.5,
            1.5,
            11.75
          ],
          "texture": "#3"
        },
        "west": {
          "uv": [
            1.5,
            11.5,
            2,
            11.75
          ],
          "texture": "#3"
        },
        "up": {
          "uv": [
            11,
            11,
            10.5,
            10.5
          ],
          "texture": "#3"
        },
        "down": {
          "uv": [
            0.5,
            11,
            0,
            11.5
          ],
          "texture": "#3"
        }
      }
    },
    {
      "from": [
        7.45,
        5,
        7.5
      ],
      "to": [
        8.55,
        6.5,
        9
      ],
      "rotation": {
        "angle": 45,
        "axis": "x",
        "origin": [
          8,
          6,
          8
        ]
      },
      "faces": {
        "north": {
          "uv": [
            1.5,
            10,
            2,
            10.75
          ],
          "texture": "#3"
        },
        "east": {
          "uv": [
            9.5,
            2.5,
            10.25,
            3.25
          ],
          "texture": "#3"
        },
        "south": {
          "uv": [
            2,
            10,
            2.5,
            10.75
          ],
          "texture": "#3"
        },
        "west": {
          "uv": [
            9.5,
            3.5,
            10.25,
            4.25
          ],
          "texture": "#3"
        },
        "up": {
          "uv": [
            3,
            10.75,
            2.5,
            10
          ],
          "texture": "#3"
        },
        "down": {
          "uv": [
            3.5,
            10,
            3,
            10.75
          ],
          "texture": "#3"
        }
      }
    },
    {
      "from": [
        7.25,
        5.2,
        7.7
      ],
      "to": [
        8.75,
        6.3,
        8.8
      ],
      "rotation": {
        "angle": 45,
        "axis": "x",
        "origin": [
          8,
          6,
          8
        ]
      },
      "faces": {
        "north": {
          "uv": [
            5,
            4.25,
            5.75,
            4.75
          ],
          "texture": "#3"
        },
        "east": {
          "uv": [
            0.5,
            11,
            1,
            11.5
          ],
          "texture": "#3"
        },
        "south": {
          "uv": [
            9,
            1,
            9.75,
            1.5
          ],
          "texture": "#3"
        },
        "west": {
          "uv": [
            11,
            0.5,
            11.5,
            1
          ],
          "texture": "#3"
        },
        "up": {
          "uv": [
            10.75,
            1.5,
            10,
            1
          ],
          "texture": "#3"
        },
        "down": {
          "uv": [
            4.25,
            10,
            3.5,
            10.5
          ],
          "texture": "#3"
        }
      }
    },
    {
      "from": [
        7.975,
        -1.75,
        6
      ],
      "to": [
        8.025,
        0.75,
        10
      ],
      "rotation": {
        "angle": 0,
        "axis": "y",
        "origin": [
          7.975,
          -1.25,
          6
        ]
      },
      "faces": {
        "east": {
          "uv": [
            16,
            1.75,
            14,
            3
          ],
          "texture": "#3"
        },
        "west": {
          "uv": [
            14,
            1.75,
            16,
            3
          ],
          "texture": "#3"
        }
      }
    },
    {
      "from": [
        6.75,
        14.5,
        5
      ],
      "to": [
        9.25,
        17,
        7
      ],
      "rotation": {
        "angle": 0,
        "axis": "y",
        "origin": [
          7,
          14.75,
          4.5
        ]
      },
      "faces": {
        "north": {
          "uv": [
            3,
            5,
            4.25,
            6.25
          ],
          "texture": "#3"
        },
        "east": {
          "uv": [
            7.5,
            2.5,
            8.5,
            3.75
          ],
          "texture": "#3"
        },
        "south": {
          "uv": [
            4.5,
            5,
            5.75,
            6.25
          ],
          "texture": "#3"
        },
        "west": {
          "uv": [
            7.5,
            4,
            8.5,
            5.25
          ],
          "texture": "#3"
        },
        "up": {
          "uv": [
            8.75,
            6.5,
            7.5,
            5.5
          ],
          "texture": "#3"
        },
        "down": {
          "uv": [
            7.25,
            7.5,
            6,
            8.5
          ],
          "texture": "#3"
        }
      }
    },
    {
      "from": [
        6.875,
        14.5,
        3.4
      ],
      "to": [
        9.125,
        15.75,
        5
      ],
      "rotation": {
        "angle": 0,
        "axis": "y",
        "origin": [
          7,
          14.75,
          5
        ]
      },
      "faces": {
        "north": {
          "uv": [
            8.5,
            4.5,
            9.75,
            5.25
          ],
          "texture": "#3"
        },
        "east": {
          "uv": [
            6.5,
            9.5,
            7.25,
            10.25
          ],
          "texture": "#3"
        },
        "south": {
          "uv": [
            6,
            8.5,
            7.25,
            9.25
          ],
          "texture": "#3"
        },
        "west": {
          "uv": [
            7.5,
            9.5,
            8.25,
            10.25
          ],
          "texture": "#3"
        },
        "up": {
          "uv": [
            9.75,
            7.25,
            8.5,
            6.5
          ],
          "texture": "#3"
        },
        "down": {
          "uv": [
            8.75,
            8.5,
            7.5,
            9.25
          ],
          "texture": "#3"
        }
      }
    },
    {
      "from": [
        6.755,
        15.32874,
        2.88216
      ],
      "to": [
        9.245,
        16.57874,
        5.38216
      ],
      "rotation": {
        "angle": -22.5,
        "axis": "x",
        "origin": [
          8.005,
          15.82874,
          4.13216
        ]
      },
      "faces": {
        "north": {
          "uv": [
            8.5,
            7.5,
            9.75,
            8.25
          ],
          "texture": "#3"
        },
        "east": {
          "uv": [
            0,
            9,
            1.25,
            9.75
          ],
          "texture": "#3"
        },
        "south": {
          "uv": [
            9,
            0,
            10.25,
            0.75
          ],
          "texture": "#3"
        },
        "west": {
          "uv": [
            1.5,
            9,
            2.75,
            9.75
          ],
          "texture": "#3"
        },
        "up": {
          "uv": [
            7.25,
            1.25,
            6,
            0
          ],
          "texture": "#3"
        },
        "down": {
          "uv": [
            7.25,
            1.5,
            6,
            2.75
          ],
          "texture": "#3"
        }
      }
    },
    {
      "from": [
        6.755,
        14.82874,
        2.88216
      ],
      "to": [
        6.755,
        15.32874,
        5.38216
      ],
      "rotation": {
        "angle": -22.5,
        "axis": "x",
        "origin": [
          8.005,
          15.82874,
          4.13216
        ]
      },
      "faces": {
        "east": {
          "uv": [
            10,
            6,
            11.25,
            6.25
          ],
          "texture": "#3"
        },
        "west": {
          "uv": [
            10,
            6.5,
            11.25,
            6.75
          ],
          "texture": "#3"
        }
      }
    },
    {
      "from": [
        9.245,
        14.82874,
        2.88216
      ],
      "to": [
        9.245,
        15.32874,
        5.38216
      ],
      "rotation": {
        "angle": -22.5,
        "axis": "x",
        "origin": [
          7.995,
          15.82874,
          4.13216
        ]
      },
      "faces": {
        "east": {
          "uv": [
            10,
            7,
            11.25,
            7.25
          ],
          "texture": "#3"
        },
        "west": {
          "uv": [
            10,
            7.5,
            11.25,
            7.75
          ],
          "texture": "#3"
        }
      }
    },
    {
      "from": [
        6.755,
        14.40747,
        3.26433
      ],
      "to": [
        9.245,
        14.90747,
        3.26433
      ],
      "rotation": {
        "angle": -22.5,
        "axis": "x",
        "origin": [
          8.005,
          14.65747,
          3.26433
        ]
      },
      "faces": {
        "north": {
          "uv": [
            10,
            8,
            11.25,
            8.25
          ],
          "texture": "#3"
        },
        "south": {
          "uv": [
            10.5,
            0,
            11.75,
            0.25
          ],
          "texture": "#3"
        }
      }
    },
    {
      "from": [
        6.5,
        13.575,
        6.725
      ],
      "to": [
        9.5,
        16.575,
        9.725
      ],
      "rotation": {
        "angle": 22.5,
        "axis": "x",
        "origin": [
          8,
          16.07201,
          8.38264
        ]
      },
      "faces": {
        "north": {
          "uv": [
            13,
            0,
            14.5,
            1.5
          ],
          "texture": "#3"
        },
        "east": {
          "uv": [
            0,
            12.75,
            1.5,
            14.25
          ],
          "texture": "#3"
        },
        "south": {
          "uv": [
            1.5,
            12.75,
            3,
            14.25
          ],
          "texture": "#3"
        },
        "west": {
          "uv": [
            14.5,
            0,
            16,
            1.5
          ],
          "texture": "#3"
        },
        "up": {
          "uv": [
            4.5,
            14.25,
            3,
            12.75
          ],
          "texture": "#3"
        },
        "down": {
          "uv": [
            6,
            12.75,
            4.5,
            14.25
          ],
          "texture": "#3"
        }
      }
    },
    {
      "from": [
        5.175,
        14.96903,
        6.80433
      ],
      "to": [
        6.675,
        15.46903,
        8.80433
      ],
      "rotation": {
        "angle": 22.5,
        "axis": "z",
        "origin": [
          5.925,
          15.21903,
          7.80433
        ]
      },
      "faces": {
        "north": {
          "uv": [
            6.5,
            11,
            7.25,
            11.25
          ],
          "texture": "#3"
        },
        "east": {
          "uv": [
            1,
            11,
            2,
            11.25
          ],
          "texture": "#3"
        },
        "south": {
          "uv": [
            7.5,
            11,
            8.25,
            11.25
          ],
          "texture": "#3"
        },
        "west": {
          "uv": [
            11,
            1,
            12,
            1.25
          ],
          "texture": "#3"
        },
        "up": {
          "uv": [
            3.75,
            10,
            3,
            9
          ],
          "texture": "#3"
        },
        "down": {
          "uv": [
            4.75,
            9,
            4,
            10
          ],
          "texture": "#3"
        }
      }
    },
    {
      "from": [
        5.83,
        13.72418,
        10.2332
      ],
      "to": [
        6.83,
        14.72418,
        10.7332
      ],
      "rotation": {
        "angle": -22.5,
        "axis": "x",
        "origin": [
          8,
          12.88858,
          10.43825
        ]
      },
      "faces": {
        "north": {
          "uv": [
            2.5,
            11,
            2,
            11.5
          ],
          "rotation": 180,
          "texture": "#3"
        },
        "east": {
          "uv": [
            2,
            11.5,
            2.5,
            11.75
          ],
          "rotation": 270,
          "texture": "#3"
        },
        "south": {
          "uv": [
            11.5,
            2,
            11,
            1.5
          ],
          "texture": "#3"
        },
        "west": {
          "uv": [
            11.5,
            2.5,
            12,
            2.75
          ],
          "rotation": 90,
          "texture": "#3"
        },
        "up": {
          "uv": [
            11.5,
            1.5,
            12,
            1.75
          ],
          "rotation": 180,
          "texture": "#3"
        },
        "down": {
          "uv": [
            11.5,
            2,
            12,
            2.25
          ],
          "texture": "#3"
        }
      }
    },
    {
      "from": [
        9.17,
        13.72418,
        10.2332
      ],
      "to": [
        10.17,
        14.72418,
        10.7332
      ],
      "rotation": {
        "angle": -22.5,
        "axis": "x",
        "origin": [
          8,
          12.88858,
          10.43825
        ]
      },
      "faces": {
        "north": {
          "uv": [
            2,
            11,
            2.5,
            11.5
          ],
          "rotation": 180,
          "texture": "#3"
        },
        "east": {
          "uv": [
            12,
            2.5,
            11.5,
            2.75
          ],
          "rotation": 270,
          "texture": "#3"
        },
        "south": {
          "uv": [
            11,
            2,
            11.5,
            1.5
          ],
          "texture": "#3"
        },
        "west": {
          "uv": [
            2.5,
            11.5,
            2,
            11.75
          ],
          "rotation": 90,
          "texture": "#3"
        },
        "up": {
          "uv": [
            12,
            1.5,
            11.5,
            1.75
          ],
          "rotation": 180,
          "texture": "#3"
        },
        "down": {
          "uv": [
            12,
            2,
            11.5,
            2.25
          ],
          "texture": "#3"
        }
      }
    },
    {
      "from": [
        9.325,
        14.96903,
        6.80433
      ],
      "to": [
        10.825,
        15.46903,
        8.80433
      ],
      "rotation": {
        "angle": -22.5,
        "axis": "z",
        "origin": [
          10.075,
          15.21903,
          7.80433
        ]
      },
      "faces": {
        "north": {
          "uv": [
            7.25,
            11,
            6.5,
            11.25
          ],
          "texture": "#3"
        },
        "east": {
          "uv": [
            12,
            1,
            11,
            1.25
          ],
          "texture": "#3"
        },
        "south": {
          "uv": [
            8.25,
            11,
            7.5,
            11.25
          ],
          "texture": "#3"
        },
        "west": {
          "uv": [
            2,
            11,
            1,
            11.25
          ],
          "texture": "#3"
        },
        "up": {
          "uv": [
            3,
            10,
            3.75,
            9
          ],
          "texture": "#3"
        },
        "down": {
          "uv": [
            4,
            9,
            4.75,
            10
          ],
          "texture": "#3"
        }
      }
    },
    {
      "from": [
        6.83,
        12.07957,
        7.75168
      ],
      "to": [
        9.17,
        14.41957,
        10.09168
      ],
      "rotation": {
        "angle": 45,
        "axis": "x",
        "origin": [
          8,
          12.88858,
          10.43825
        ]
      },
      "faces": {
        "north": {
          "uv": [
            6,
            3,
            7.25,
            4.25
          ],
          "texture": "#3"
        },
        "east": {
          "uv": [
            6,
            4.5,
            7.25,
            5.75
          ],
          "texture": "#3"
        },
        "south": {
          "uv": [
            6,
            6,
            7.25,
            7.25
          ],
          "texture": "#3"
        },
        "west": {
          "uv": [
            3,
            6.5,
            4.25,
            7.75
          ],
          "texture": "#3"
        },
        "up": {
          "uv": [
            5.75,
            7.75,
            4.5,
            6.5
          ],
          "texture": "#3"
        },
        "down": {
          "uv": [
            8.75,
            0,
            7.5,
            1.25
          ],
          "texture": "#3"
        }
      }
    },
    {
      "from": [
        7.0406,
        11.89025,
        9.71568
      ],
      "to": [
        8.9594,
        13.80905,
        11.63448
      ],
      "rotation": {
        "angle": -22.5,
        "axis": "x",
        "origin": [
          8,
          12.88858,
          10.43825
        ]
      },
      "faces": {
        "north": {
          "uv": [
            4,
            8,
            3,
            9
          ],
          "rotation": 180,
          "texture": "#3"
        },
        "east": {
          "uv": [
            7.5,
            7.5,
            8.5,
            8.5
          ],
          "rotation": 270,
          "texture": "#3"
        },
        "south": {
          "uv": [
            3,
            9,
            2,
            8
          ],
          "texture": "#3"
        },
        "west": {
          "uv": [
            1,
            8,
            2,
            9
          ],
          "rotation": 90,
          "texture": "#3"
        },
        "up": {
          "uv": [
            7.5,
            6.5,
            8.5,
            7.5
          ],
          "rotation": 180,
          "texture": "#3"
        },
        "down": {
          "uv": [
            0,
            8,
            1,
            9
          ],
          "texture": "#3"
        }
      }
    },
    {
      "from": [
        7.75,
        16.05345,
        7.14675
      ],
      "to": [
        8.25,
        18.05345,
        9.14675
      ],
      "rotation": {
        "angle": 45,
        "axis": "x",
        "origin": [
          8,
          16.07201,
          8.38264
        ]
      },
      "faces": {
        "north": {
          "uv": [
            11,
            2,
            11.25,
            3
          ],
          "texture": "#3"
        },
        "east": {
          "uv": [
            4,
            8,
            5,
            9
          ],
          "texture": "#3"
        },
        "south": {
          "uv": [
            2.5,
            11,
            2.75,
            12
          ],
          "texture": "#3"
        },
        "west": {
          "uv": [
            5,
            8,
            6,
            9
          ],
          "texture": "#3"
        },
        "up": {
          "uv": [
            3.25,
            12,
            3,
            11
          ],
          "texture": "#3"
        },
        "down": {
          "uv": [
            11.25,
            3,
            11,
            4
          ],
          "texture": "#3"
        }
      }
    },
    {
      "from": [
        7.75,
        11.4429,
        11.13733
      ],
      "to": [
        8.25,
        13.4429,
        13.13733
      ],
      "rotation": {
        "angle": 0,
        "axis": "x",
        "origin": [
          8,
          12.88858,
          10.43825
        ]
      },
      "faces": {
        "north": {
          "uv": [
            3.5,
            11,
            3.75,
            12
          ],
          "texture": "#3"
        },
        "east": {
          "uv": [
            8.5,
            2.5,
            9.5,
            3.5
          ],
          "texture": "#3"
        },
        "south": {
          "uv": [
            4,
            11,
            4.25,
            12
          ],
          "texture": "#3"
        },
        "west": {
          "uv": [
            8.5,
            3.5,
            9.5,
            4.5
          ],
          "texture": "#3"
        },
        "up": {
          "uv": [
            11.25,
            5,
            11,
            4
          ],
          "texture": "#3"
        },
        "down": {
          "uv": [
            4.75,
            11,
            4.5,
            12
          ],
          "texture": "#3"
        }
      }
    },
    {
      "from": [
        7.775,
        11.12729,
        10.45725
      ],
      "to": [
        8.225,
        12.87729,
        11.95725
      ],
      "rotation": {
        "angle": 45,
        "axis": "x",
        "origin": [
          8,
          12.88858,
          10.43825
        ]
      },
      "faces": {
        "north": {
          "uv": [
            5,
            11,
            5.25,
            12
          ],
          "texture": "#3"
        },
        "east": {
          "uv": [
            5,
            9,
            5.75,
            10
          ],
          "texture": "#3"
        },
        "south": {
          "uv": [
            11,
            5,
            11.25,
            6
          ],
          "texture": "#3"
        },
        "west": {
          "uv": [
            9,
            5.5,
            9.75,
            6.5
          ],
          "texture": "#3"
        },
        "up": {
          "uv": [
            5.75,
            11.75,
            5.5,
            11
          ],
          "texture": "#3"
        },
        "down": {
          "uv": [
            8.75,
            11,
            8.5,
            11.75
          ],
          "texture": "#3"
        }
      }
    },
    {
      "from": [
        7.375,
        7.20711,
        7.375
      ],
      "to": [
        8.625,
        13.20711,
        8.625
      ],
      "rotation": {
        "angle": 0,
        "axis": "y",
        "origin": [
          7.375,
          6.70711,
          7.375
        ]
      },
      "faces": {
        "north": {
          "uv": [
            0,
            5,
            0.75,
            8
          ],
          "texture": "#3"
        },
        "east": {
          "uv": [
            12.25,
            0,
            13,
            3
          ],
          "texture": "#3"
        },
        "south": {
          "uv": [
            1,
            5,
            1.75,
            8
          ],
          "texture": "#3"
        },
        "west": {
          "uv": [
            2,
            5,
            2.75,
            8
          ],
          "texture": "#3"
        },
        "up": {
          "uv": [
            10.25,
            9.25,
            9.5,
            8.5
          ],
          "texture": "#3"
        },
        "down": {
          "uv": [
            10.25,
            9.5,
            9.5,
            10.25
          ],
          "texture": "#3"
        }
      }
    },
    {
      "from": [
        7.75,
        12.1,
        1.9
      ],
      "to": [
        8.25,
        13.1,
        7.9
      ],
      "rotation": {
        "angle": -22.5,
        "axis": "x",
        "origin": [
          8,
          11.425,
          2.6187
        ]
      },
      "faces": {
        "north": {
          "uv": [
            11.5,
            3,
            11.75,
            3.5
          ],
          "texture": "#3"
        },
        "east": {
          "uv": [
            7.5,
            1.5,
            10.5,
            2
          ],
          "texture": "#3"
        },
        "south": {
          "uv": [
            11.5,
            3.5,
            11.75,
            4
          ],
          "texture": "#3"
        },
        "west": {
          "uv": [
            7.5,
            2,
            10.5,
            2.5
          ],
          "texture": "#3"
        },
        "up": {
          "uv": [
            9.25,
            11.5,
            9,
            8.5
          ],
          "texture": "#3"
        },
        "down": {
          "uv": [
            6.25,
            9.5,
            6,
            12.5
          ],
          "texture": "#3"
        }
      }
    },
    {
      "from": [
        7.755,
        12.24753,
        1.0957
      ],
      "to": [
        8.245,
        13.24753,
        2.5957
      ],
      "rotation": {
        "angle": -45,
        "axis": "x",
        "origin": [
          8,
          11.425,
          2.6187
        ]
      },
      "faces": {
        "north": {
          "uv": [
            11.5,
            4,
            11.75,
            4.5
          ],
          "texture": "#3"
        },
        "east": {
          "uv": [
            4.5,
            10,
            5.25,
            10.5
          ],
          "texture": "#3"
        },
        "west": {
          "uv": [
            10,
            4.5,
            10.75,
            5
          ],
          "texture": "#3"
        },
        "up": {
          "uv": [
            11.25,
            9.25,
            11,
            8.5
          ],
          "texture": "#3"
        },
        "down": {
          "uv": [
            9.75,
            11,
            9.5,
            11.75
          ],
          "texture": "#3"
        }
      }
    },
    {
      "from": [
        7.76,
        9.21539,
        0.35207
      ],
      "to": [
        8.24,
        10.71539,
        1.35207
      ],
      "rotation": {
        "angle": 22.5,
        "axis": "x",
        "origin": [
          8,
          11.425,
          2.6187
        ]
      },
      "faces": {
        "north": {
          "uv": [
            11.25,
            10.25,
            11,
            9.5
          ],
          "rotation": 180,
          "texture": "#3"
        },
        "east": {
          "uv": [
            10,
            5,
            10.75,
            5.5
          ],
          "rotation": 90,
          "texture": "#3"
        },
        "south": {
          "uv": [
            10.25,
            11,
            10,
            11.75
          ],
          "texture": "#3"
        },
        "west": {
          "uv": [
            10,
            5.5,
            10.75,
            6
          ],
          "rotation": 270,
          "texture": "#3"
        },
        "down": {
          "uv": [
            11.5,
            4.5,
            11.75,
            5
          ],
          "rotation": 180,
          "texture": "#3"
        }
      }
    },
    {
      "from": [
        7.975,
        8.25,
        -1.7
      ],
      "to": [
        8.025,
        12.25,
        8.3
      ],
      "rotation": {
        "angle": -22.5,
        "axis": "x",
        "origin": [
          8,
          11.425,
          2.6187
        ]
      },
      "faces": {
        "east": {
          "uv": [
            5,
            0,
            0,
            2
          ],
          "texture": "#3"
        },
        "west": {
          "uv": [
            0,
            0,
            5,
            2
          ],
          "texture": "#3"
        }
      }
    },
    {
      "from": [
        7.85,
        8.89,
        -3.655
      ],
      "to": [
        7.85,
        11.81,
        8.755
      ],
      "rotation": {
        "angle": -22.5,
        "axis": "x",
        "origin": [
          8,
          11.425,
          2.6187
        ]
      },
      "faces": {
        "west": {
          "uv": [
            0,
            0,
            2.33334,
            11.33333
          ],
          "rotation": 270,
          "texture": "#1"
        }
      }
    },
    {
      "from": [
        8.15,
        8.89,
        -3.655
      ],
      "to": [
        8.15,
        11.81,
        8.755
      ],
      "rotation": {
        "angle": -22.5,
        "axis": "x",
        "origin": [
          8,
          11.425,
          2.6187
        ]
      },
      "faces": {
        "east": {
          "uv": [
            0,
            11.33333,
            2.33334,
            0
          ],
          "rotation": 270,
          "texture": "#1"
        }
      }
    }
  ],
  "gui_light": "front",
  "display": {
    "thirdperson_righthand": {
      "translation": [
        0,
        3,
        1
      ]
    },
    "thirdperson_lefthand": {
      "translation": [
        0,
        3,
        1
      ]
    },
    "firstperson_righthand": {
      "rotation": [
        -10,
        0,
        0
      ],
      "translation": [
        0,
        1.75,
        0
      ]
    },
    "firstperson_lefthand": {
      "rotation": [
        -10,
        0,
        0
      ],
      "translation": [
        0,
        1.75,
        0
      ]
    },
    "ground": {
      "rotation": [
        -40,
        0,
        0
      ],
      "translation": [
        0,
        10.5,
        0
      ]
    },
    "gui": {
      "rotation": [
        -90,
        45,
        90
      ],
      "translation": [
        0.5,
        0,
        0
      ],
      "scale": [
        0.8,
        0.8,
        0.8
      ]
    },
    "head": {
      "rotation": [
        0,
        90,
        0
      ]
    },
    "fixed": {
      "rotation": [
        90,
        -90,
        90
      ],
      "translation": [
        0,
        -0.5,
        -1.75
      ],
      "scale": [
        1.5,
        1.5,
        1.5
      ]
    }
  }
}