{"credit":"Made with Blockbench","texture_size":[64,64],"textures":{"0":"playbox_cherryblossomfurniture:pond","particle":"playbox_cherryblossomfurniture:pond"},"elements":[{"from":[-9,0,2.25],"to":[4,4,12.25],"rotation":{"angle":0,"axis":"y","origin":[-4,0,5.25]},"faces":{"north":{"uv":[9.75,3.25,13,4.25],"texture":"#0"},"east":{"uv":[2.25,13.75,4.75,14.75],"texture":"#0"},"south":{"uv":[12.25,8,15.5,9],"texture":"#0"},"west":{"uv":[4.75,13.75,7.25,14.75],"texture":"#0"},"up":{"uv":[8.75,2.5,5.5,0],"texture":"#0"},"down":{"uv":[3.25,6.25,0,8.75],"texture":"#0"}}},{"from":[-4,4.25,4.25],"to":[1,4.25,9.25],"rotation":{"angle":-22.5,"axis":"y","origin":[-1.5,4.25,6.75]},"faces":{"north":{"uv":[0,0,1.25,0],"texture":"#0"},"east":{"uv":[0,0,1.25,0],"texture":"#0"},"south":{"uv":[0,0,1.25,0],"texture":"#0"},"west":{"uv":[0,0,1.25,0],"texture":"#0"},"up":{"uv":[4.75,16,3.5,14.75],"texture":"#0"},"down":{"uv":[3.5,16,4.75,14.75],"texture":"#0"}}},{"from":[-11,7.25,11.25],"to":[-6,7.25,16.25],"rotation":{"angle":45,"axis":"y","origin":[-8.5,7.25,13.75]},"faces":{"north":{"uv":[0,0,1.25,0],"texture":"#0"},"east":{"uv":[0,0,1.25,0],"texture":"#0"},"south":{"uv":[0,0,1.25,0],"texture":"#0"},"west":{"uv":[0,0,1.25,0],"texture":"#0"},"up":{"uv":[4.75,16,3.5,14.75],"texture":"#0"},"down":{"uv":[3.5,16,4.75,14.75],"texture":"#0"}}},{"from":[8,8,-0.25],"to":[13,8,4.75],"rotation":{"angle":-22.5,"axis":"x","origin":[7.5,7.25,1.75]},"faces":{"north":{"uv":[0,0,1.25,0],"texture":"#0"},"east":{"uv":[0,0,1.25,0],"texture":"#0"},"south":{"uv":[0,0,1.25,0],"texture":"#0"},"west":{"uv":[0,0,1.25,0],"texture":"#0"},"up":{"uv":[4.75,16,3.5,14.75],"texture":"#0"},"down":{"uv":[3.5,16,4.75,14.75],"texture":"#0"}}},{"from":[4,0,-0.75],"to":[15,7,16.25],"rotation":{"angle":0,"axis":"y","origin":[-4,0,5.25]},"faces":{"north":{"uv":[9.5,12.5,12.25,14.25],"texture":"#0"},"east":{"uv":[7.75,6,12,7.75],"texture":"#0"},"south":{"uv":[12.25,12.5,9.5,14.25],"texture":"#0"},"west":{"uv":[12,6,7.75,7.75],"texture":"#0"},"up":{"uv":[2.75,4.25,0,0],"texture":"#0"},"down":{"uv":[5.5,0,2.75,4.25],"texture":"#0"}}},{"from":[-14,7,15.25],"to":[-11,9,18.25],"rotation":{"angle":0,"axis":"y","origin":[-4,0,5.25]},"faces":{"north":{"uv":[9.5,5.75,10.25,6.25],"texture":"#0"},"east":{"uv":[10.25,5.75,11,6.25],"texture":"#0"},"south":{"uv":[11,5.75,11.75,6.25],"texture":"#0"},"west":{"uv":[7.25,13.75,8,14.25],"texture":"#0"},"up":{"uv":[9.5,2.5,8.75,1.75],"texture":"#0"},"down":{"uv":[15.5,11.25,14.75,12],"texture":"#0"}}},{"from":[-16,0,11.25],"to":[-5,7,20.25],"rotation":{"angle":0,"axis":"y","origin":[-4,0,5.25]},"faces":{"north":{"uv":[0,11,2.75,12.75],"texture":"#0"},"east":{"uv":[12.75,0,15,1.75],"texture":"#0"},"south":{"uv":[10,11,12.75,12.75],"texture":"#0"},"west":{"uv":[12.75,0,15,1.75],"texture":"#0"},"up":{"uv":[2.75,11,0,8.75],"texture":"#0"},"down":{"uv":[10,9.25,7.25,11.5],"texture":"#0"}}},{"from":[-7,0,-4.75],"to":[12,6,3.25],"rotation":{"angle":0,"axis":"y","origin":[-4,0,5.25]},"faces":{"north":{"uv":[7.5,6.25,12.25,7.75],"texture":"#0"},"east":{"uv":[8.5,12.75,10.5,14.25],"texture":"#0"},"south":{"uv":[12.25,6.25,7.5,7.75],"texture":"#0"},"west":{"uv":[10.5,12.75,8.5,14.25],"texture":"#0"},"up":{"uv":[4.75,6.25,0,4.25],"texture":"#0"},"down":{"uv":[9.5,4.25,4.75,6.25],"texture":"#0"}}},{"from":[-1,6,-2.75],"to":[3,7,1.25],"rotation":{"angle":0,"axis":"y","origin":[-4,0,5.25]},"faces":{"north":{"uv":[14.75,13.75,15.75,14],"texture":"#0"},"east":{"uv":[14.75,14,15.75,14.25],"texture":"#0"},"south":{"uv":[14.75,14.25,15.75,14.5],"texture":"#0"},"west":{"uv":[14.75,14.5,15.75,14.75],"texture":"#0"},"up":{"uv":[15,8,14,7],"texture":"#0"},"down":{"uv":[15.75,10.25,14.75,11.25],"texture":"#0"}}},{"from":[-4,6,-0.75],"to":[-2,7,1.25],"rotation":{"angle":0,"axis":"y","origin":[-4,0,5.25]},"faces":{"north":{"uv":[6.75,11.25,7.25,11.5],"texture":"#0"},"east":{"uv":[11.75,5.75,12.25,6],"texture":"#0"},"south":{"uv":[11.75,6,12.25,6.25],"texture":"#0"},"west":{"uv":[12.25,9,12.75,9.25],"texture":"#0"},"up":{"uv":[3.25,9.25,2.75,8.75],"texture":"#0"},"down":{"uv":[3.25,9.25,2.75,9.75],"texture":"#0"}}},{"from":[-6,0,12.25],"to":[10,6,19.25],"rotation":{"angle":0,"axis":"y","origin":[-4,0,5.25]},"faces":{"north":{"uv":[8,6.25,12,7.75],"texture":"#0"},"east":{"uv":[9,13,10.75,14.5],"texture":"#0"},"south":{"uv":[8,6.25,12,7.75],"texture":"#0"},"west":{"uv":[13.75,1.75,15.5,3.25],"texture":"#0"},"up":{"uv":[12.25,14.5,8.25,12.75],"texture":"#0"},"down":{"uv":[12.75,0,8.75,1.75],"texture":"#0"}}},{"from":[-15,0,-3.75],"to":[-7,5,2.25],"rotation":{"angle":0,"axis":"y","origin":[-4,0,5.25]},"faces":{"north":{"uv":[9.25,14.25,11.25,15.5],"texture":"#0"},"east":{"uv":[8.5,11.5,10,12.75],"texture":"#0"},"south":{"uv":[0,14.5,2,15.75],"texture":"#0"},"west":{"uv":[2,14.75,3.5,16],"texture":"#0"},"up":{"uv":[12.5,14.25,10.5,12.75],"texture":"#0"},"down":{"uv":[14.75,10.5,12.75,12],"texture":"#0"}}},{"from":[-16,0,2.25],"to":[-9,5,11.25],"rotation":{"angle":0,"axis":"y","origin":[-4,0,5.25]},"faces":{"north":{"uv":[11.25,14.5,13,15.75],"texture":"#0"},"east":{"uv":[13.5,3.25,15.75,4.5],"texture":"#0"},"south":{"uv":[13,14.5,14.75,15.75],"texture":"#0"},"west":{"uv":[13.5,4.5,15.75,5.75],"texture":"#0"},"up":{"uv":[8.5,13.75,6.75,11.5],"texture":"#0"},"down":{"uv":[14,5.75,12.25,8],"texture":"#0"}}},{"from":[-14,5,6.25],"to":[-10,6,11.25],"rotation":{"angle":0,"axis":"y","origin":[-4,0,5.25]},"faces":{"north":{"uv":[14.75,13.25,15.75,13.5],"texture":"#0"},"east":{"uv":[5.5,11.25,6.75,11.5],"texture":"#0"},"south":{"uv":[14.75,13.5,15.75,13.75],"texture":"#0"},"west":{"uv":[11.25,14.25,12.5,14.5],"texture":"#0"},"up":{"uv":[7,16,6,14.75],"texture":"#0"},"down":{"uv":[15.75,9,14.75,10.25],"texture":"#0"}}},{"from":[6,5,4.25],"to":[14,10,13.25],"rotation":{"angle":0,"axis":"y","origin":[-4,0,5.25]},"faces":{"north":{"uv":[10,6.25,12,7.5],"texture":"#0"},"east":{"uv":[10,11.75,12.25,13],"texture":"#0"},"south":{"uv":[9.25,13.75,11.25,15],"texture":"#0"},"west":{"uv":[9,13.25,11.25,14.5],"texture":"#0"},"up":{"uv":[2.5,11,0.5,8.75],"texture":"#0"},"down":{"uv":[6.75,11.5,4.75,13.75],"texture":"#0"}}}],"gui_light":"front","display":{"thirdperson_righthand":{"rotation":[41.75,0,0],"translation":[3.75,3.5,-0.5],"scale":[0.43,0.43,0.43]},"thirdperson_lefthand":{"rotation":[41.75,0,0],"translation":[-2.25,3.5,-0.5],"scale":[0.43,0.43,0.43]},"firstperson_righthand":{"rotation":[0,0,12.25],"translation":[2.75,3.25,0],"scale":[0.38,0.38,0.38]},"firstperson_lefthand":{"rotation":[0,0,12.25],"translation":[-1.5,3.25,0],"scale":[0.38,0.38,0.38]},"ground":{"translation":[0,6.75,0],"scale":[0.36,0.36,0.36]},"gui":{"rotation":[90,0,0],"translation":[4.25,0,0],"scale":[0.48,0.48,0.48]},"head":{"translation":[0,-30.5,0],"scale":[1.6,1.6,1.6]},"fixed":{"rotation":[-90,0,0],"translation":[0,0,-10.75],"scale":[1.6,1.6,1.6]}}}