{"credit":"MadewithBlockbench","textures":{"1":"elitecreatures:spooky_furniture_v1/tomb1","particle":"elitecreatures:spooky_furniture_v1/tomb1"},"elements":[{"name":"web","from":[6.45944,-0.98352,12.575],"to":[9.98444,3.56648,12.575],"rotation":{"angle":-22.5,"axis":"x","origin":[7.82194,1.99148,12.275]},"faces":{"north":{"uv":[10.75,2.25,9,0],"texture":"#1"},"south":{"uv":[9,0,10.75,2.25],"rotation":180,"texture":"#1"}}},{"name":"web","from":[6.82194,3.24526,5.46536],"to":[6.82194,7.79526,8.99036],"rotation":{"angle":-22.5,"axis":"z","origin":[6.82194,5.52026,7.22786]},"faces":{"east":{"uv":[10.75,2.25,9,0],"rotation":180,"texture":"#1"},"west":{"uv":[9,0,10.75,2.25],"texture":"#1"}}},{"name":"web","from":[6.05657,1.91,2.95286],"to":[6.05657,5.435,7.50286],"rotation":{"angle":-22.5,"axis":"z","origin":[6.05657,3.6725,5.22786]},"faces":{"east":{"uv":[10.75,2.25,9,0],"rotation":270,"texture":"#1"},"west":{"uv":[9,0,10.75,2.25],"rotation":270,"texture":"#1"}}},{"name":"web","from":[7.85657,0.84082,1.31536],"to":[7.85657,5.39082,4.84036],"rotation":{"angle":-22.5,"axis":"y","origin":[6.05657,0.41582,0.67786]},"faces":{"east":{"uv":[10.75,2.25,9,0],"texture":"#1"},"west":{"uv":[9,0,10.75,2.25],"rotation":180,"texture":"#1"}}},{"name":"web","from":[7.45657,-0.3025,4.56536],"to":[7.45657,4.2475,8.09036],"rotation":{"angle":-22.5,"axis":"z","origin":[6.05657,3.6725,5.22786]},"faces":{"east":{"uv":[10.75,2.25,9,0],"texture":"#1"},"west":{"uv":[9,0,10.75,2.25],"rotation":180,"texture":"#1"}}},{"name":"web","from":[9.52194,0.91648,3.2375],"to":[9.52194,5.46648,6.7625],"rotation":{"angle":22.5,"axis":"z","origin":[10.52194,1.19148,6.275]},"faces":{"east":{"uv":[9,0,10.75,2.25],"texture":"#1"},"west":{"uv":[10.75,2.25,9,0],"rotation":180,"texture":"#1"}}},{"name":"web","from":[4.44694,-0.17102,3.975],"to":[8.99694,3.35398,3.975],"rotation":{"angle":-22.5,"axis":"y","origin":[10.52194,1.19148,6.275]},"faces":{"north":{"uv":[9,0,10.75,2.25],"rotation":90,"texture":"#1"},"south":{"uv":[10.75,2.25,9,0],"rotation":90,"texture":"#1"}}},{"name":"web","from":[9.52194,-0.07102,5.225],"to":[9.52194,3.45398,9.775],"rotation":{"angle":22.5,"axis":"z","origin":[10.52194,1.19148,6.275]},"faces":{"east":{"uv":[9,0,10.75,2.25],"rotation":270,"texture":"#1"},"west":{"uv":[10.75,2.25,9,0],"rotation":270,"texture":"#1"}}},{"from":[6.5,0,3],"to":[9.5,1,13],"rotation":{"angle":0,"axis":"y","origin":[8.14375,6.33979,8]},"faces":{"north":{"uv":[11,2,12.5,2.5],"texture":"#1"},"east":{"uv":[9,2.5,14,3],"texture":"#1"},"south":{"uv":[11,8.5,12.5,9],"texture":"#1"},"west":{"uv":[9,3,14,3.5],"texture":"#1"},"up":{"uv":[6,10.5,4.5,5.5],"texture":"#1"},"down":{"uv":[7.5,5.5,6,10.5],"texture":"#1"}}},{"from":[7,1,3.5],"to":[9,2,12.5],"rotation":{"angle":0,"axis":"y","origin":[8.14375,6.33979,8]},"faces":{"north":{"uv":[11,12,12,12.5],"texture":"#1"},"east":{"uv":[9,3.5,13.5,4],"texture":"#1"},"south":{"uv":[12,11,13,11.5],"texture":"#1"},"west":{"uv":[9,4,13.5,4.5],"texture":"#1"},"up":{"uv":[8.5,10,7.5,5.5],"texture":"#1"},"down":{"uv":[9,0,8,4.5],"texture":"#1"}}},{"from":[8.275,1.5,11.23697],"to":[8.75,10.5,12.26197],"rotation":{"angle":0,"axis":"y","origin":[8.14375,6.33979,8]},"faces":{"north":{"uv":[6,10.5,6.25,15],"texture":"#1"},"east":{"uv":[2,10,2.5,14.5],"texture":"#1"},"south":{"uv":[6.5,10.5,6.75,15],"texture":"#1"},"west":{"uv":[2.5,10,3,14.5],"texture":"#1"},"up":{"uv":[13.25,0.5,13,0],"texture":"#1"},"down":{"uv":[13.25,0.5,13,1],"texture":"#1"}}},{"from":[8.275,11.29517,6.07196],"to":[8.75,12.29517,8.07196],"rotation":{"angle":45,"axis":"x","origin":[8.14375,6.33979,8]},"faces":{"north":{"uv":[4,10,4.25,10.5],"texture":"#1"},"east":{"uv":[12,5.5,13,6],"texture":"#1"},"south":{"uv":[10.5,6.5,10.75,7],"texture":"#1"},"west":{"uv":[12,6,13,6.5],"texture":"#1"},"up":{"uv":[7.25,13,7,12],"texture":"#1"},"down":{"uv":[12.25,11.5,12,12.5],"texture":"#1"}}},{"from":[8.275,11.57968,6.49775],"to":[8.75,12.57968,8.49775],"rotation":{"angle":22.5,"axis":"x","origin":[8.14375,6.33979,8]},"faces":{"north":{"uv":[12.5,2,12.75,2.5],"texture":"#1"},"east":{"uv":[12,6.5,13,7],"texture":"#1"},"south":{"uv":[12.5,8.5,12.75,9],"texture":"#1"},"west":{"uv":[12,7,13,7.5],"texture":"#1"},"up":{"uv":[12.75,1,12.5,0],"texture":"#1"},"down":{"uv":[12.75,1,12.5,2],"texture":"#1"}}},{"from":[8.275,11.67958,7],"to":[8.75,12.67958,9],"rotation":{"angle":0,"axis":"y","origin":[8.14375,6.33979,8]},"faces":{"north":{"uv":[10,12.5,10.25,13],"texture":"#1"},"east":{"uv":[12,7.5,13,8],"texture":"#1"},"south":{"uv":[10.5,12.5,10.75,13],"texture":"#1"},"west":{"uv":[12,8,13,8.5],"texture":"#1"},"up":{"uv":[12.75,5.5,12.5,4.5],"texture":"#1"},"down":{"uv":[7.75,12.5,7.5,13.5],"texture":"#1"}}},{"from":[8.275,11.57968,7.50225],"to":[8.75,12.57968,9.50225],"rotation":{"angle":-22.5,"axis":"x","origin":[8.14375,6.33979,8]},"faces":{"north":{"uv":[11,12.5,11.25,13],"texture":"#1"},"east":{"uv":[12,9,13,9.5],"texture":"#1"},"south":{"uv":[11.5,12.5,11.75,13],"texture":"#1"},"west":{"uv":[12,9.5,13,10],"texture":"#1"},"up":{"uv":[8.25,13.5,8,12.5],"texture":"#1"},"down":{"uv":[8.75,12.5,8.5,13.5],"texture":"#1"}}},{"from":[8.275,11.29517,7.92804],"to":[8.75,12.29517,9.92804],"rotation":{"angle":-45,"axis":"x","origin":[8.14375,6.33979,8]},"faces":{"north":{"uv":[12.5,11.5,12.75,12],"texture":"#1"},"east":{"uv":[12,10,13,10.5],"texture":"#1"},"south":{"uv":[12,12.5,12.25,13],"texture":"#1"},"west":{"uv":[12,10.5,13,11],"texture":"#1"},"up":{"uv":[9.25,13.5,9,12.5],"texture":"#1"},"down":{"uv":[9.75,12.5,9.5,13.5],"texture":"#1"}}},{"from":[8.275,1.5,3.73803],"to":[8.75,10.5,4.76303],"rotation":{"angle":0,"axis":"y","origin":[8.14375,6.33979,8]},"faces":{"north":{"uv":[5,10.5,5.25,15],"texture":"#1"},"east":{"uv":[1,10,1.5,14.5],"texture":"#1"},"south":{"uv":[5.5,10.5,5.75,15],"texture":"#1"},"west":{"uv":[1.5,10,2,14.5],"texture":"#1"},"up":{"uv":[12.75,12.5,12.5,12],"texture":"#1"},"down":{"uv":[12.75,12.5,12.5,13],"texture":"#1"}}},{"from":[7.275,10.57968,6.49775],"to":[8.275,12.57968,8.49775],"rotation":{"angle":22.5,"axis":"x","origin":[8.14375,6.33979,8]},"faces":{"north":{"uv":[10,11.5,10.5,12.5],"texture":"#1"},"east":{"uv":[11,0,12,1],"texture":"#1"},"south":{"uv":[11.5,10,12,11],"texture":"#1"},"west":{"uv":[11,1,12,2],"texture":"#1"},"up":{"uv":[12,12,11.5,11],"texture":"#1"},"down":{"uv":[12.5,0,12,1],"texture":"#1"}}},{"from":[7.274,1.5,3.73803],"to":[8.274,10.5,12.26303],"rotation":{"angle":0,"axis":"y","origin":[8.14375,6.33979,8]},"faces":{"north":{"uv":[0,10,0.5,14.5],"texture":"#1"},"south":{"uv":[0.5,10,1,14.5],"texture":"#1"},"west":{"uv":[0,5.5,4.25,10],"texture":"#1"},"up":{"uv":[3.5,14.25,3,10],"texture":"#1"},"down":{"uv":[4,10,3.5,14.25],"texture":"#1"}}},{"from":[7.275,10.29517,7.92804],"to":[8.275,12.29517,9.92804],"rotation":{"angle":-45,"axis":"x","origin":[8.14375,6.33979,8]},"faces":{"north":{"uv":[8,4.5,8.5,5.5],"texture":"#1"},"east":{"uv":[10.5,4.5,11.5,5.5],"texture":"#1"},"south":{"uv":[11,11,11.5,12],"texture":"#1"},"west":{"uv":[10.5,5.5,11.5,6.5],"texture":"#1"},"up":{"uv":[12,5.5,11.5,4.5],"texture":"#1"},"down":{"uv":[12,5.5,11.5,6.5],"texture":"#1"}}},{"from":[7.275,10.37958,7],"to":[8.275,12.67958,9],"rotation":{"angle":0,"axis":"y","origin":[8.14375,6.33979,8]},"faces":{"north":{"uv":[7,10.5,7.5,11.75],"texture":"#1"},"east":{"uv":[7.5,10,8.5,11.25],"texture":"#1"},"south":{"uv":[10.5,11,11,12.25],"texture":"#1"},"west":{"uv":[4,10.5,5,11.75],"texture":"#1"},"up":{"uv":[12,10,11.5,9],"texture":"#1"},"down":{"uv":[10,11.5,9.5,12.5],"texture":"#1"}}},{"from":[7.275,10.57968,7.50225],"to":[8.275,12.57968,9.50225],"rotation":{"angle":-22.5,"axis":"x","origin":[8.14375,6.33979,8]},"faces":{"north":{"uv":[7.5,11.5,8,12.5],"texture":"#1"},"east":{"uv":[10.5,9,11.5,10],"texture":"#1"},"south":{"uv":[8,11.5,8.5,12.5],"texture":"#1"},"west":{"uv":[10.5,10,11.5,11],"texture":"#1"},"up":{"uv":[9,12.5,8.5,11.5],"texture":"#1"},"down":{"uv":[9.5,11.5,9,12.5],"texture":"#1"}}},{"from":[7.275,10.29517,6.07196],"to":[8.275,12.29517,8.07196],"rotation":{"angle":45,"axis":"x","origin":[8.14375,6.33979,8]},"faces":{"north":{"uv":[12,1,12.5,2],"texture":"#1"},"east":{"uv":[11,6.5,12,7.5],"texture":"#1"},"south":{"uv":[4,12,4.5,13],"texture":"#1"},"west":{"uv":[11,7.5,12,8.5],"texture":"#1"},"up":{"uv":[5,13,4.5,12],"texture":"#1"},"down":{"uv":[12.5,4.5,12,5.5],"texture":"#1"}}},{"name":"rip_face","from":[8.35,1.4,4.2375],"to":[8.35,12,11.7625],"rotation":{"angle":0,"axis":"y","origin":[8.14375,6.33979,8.49947]},"faces":{"east":{"uv":[4,0,7.75,5.25],"texture":"#1"}}}],"gui_light":"front","display":{"thirdperson_righthand":{"rotation":[67.5,90,0],"translation":[0,0.75,1.5],"scale":[0.53141,0.53141,0.53141]},"thirdperson_lefthand":{"rotation":[67.5,-90,0],"translation":[0,0.75,1.5],"scale":[0.53141,0.53141,0.53141]},"firstperson_righthand":{"rotation":[0,-90,0],"translation":[1.25,5.5,0],"scale":[0.7418,0.7418,0.7418]},"firstperson_lefthand":{"rotation":[0,90,0],"translation":[1.25,5.5,0],"scale":[0.7418,0.7418,0.7418]},"ground":{"translation":[0,3,0],"scale":[0.63,0.63,0.63]},"gui":{"rotation":[30,-45,0],"translation":[0.25,2.25,0],"scale":[1.02742,1.02742,1.02742]},"head":{"translation":[0,-30.25,0.75],"scale":[0,0,0]},"fixed":{"rotation":[-90,90,0],"translation":[0,0,-26.25],"scale":[3.21484,3.21484,3.21484]}},"groups":[{"name":"all_tomb1","origin":[8,8,8],"color":0,"children":[{"name":"webs","origin":[9.82194,1.19148,12],"color":0,"children":[0,1,2,3,4,5,6,7]},{"name":"base","origin":[8.14375,6.33979,8],"color":0,"children":[8,9]},{"name":"rip","origin":[8,9.85355,8.84196],"color":0,"children":[{"name":"group","origin":[5,3.5,12.5],"color":0,"children":[10,11,12,13,14,15,16]},{"name":"group","origin":[8,9.85355,8.84196],"color":0,"children":[17,18,19,20,21,22]}]},23]}]}