{
  "credit": "MadebyPolygonMC",
  "texture_size": [
    12,
    12
  ],
  "textures": {
    "2": "xmasset:animations/animation_1",
    "particle": "xmasset:axe"
  },
  "elements": [
    {
      "from": [
        7.35,
        1.25,
        7.35
      ],
      "to": [
        8.65,
        1.75,
        8.65
      ],
      "rotation": {
        "angle": 0,
        "axis": "y",
        "origin": [
          7.5,
          0.75,
          6.5
        ]
      },
      "faces": {
        "north": {
          "uv": [
            12.8,
            1.6,
            13.8,
            2
          ],
          "texture": "#particle"
        },
        "east": {
          "uv": [
            2.4,
            12.8,
            3.4,
            13.2
          ],
          "texture": "#particle"
        },
        "south": {
          "uv": [
            12.8,
            2.4,
            13.8,
            2.8
          ],
          "texture": "#particle"
        },
        "west": {
          "uv": [
            12.8,
            3.2,
            13.8,
            3.6
          ],
          "texture": "#particle"
        },
        "up": {
          "uv": [
            10.6,
            10.6,
            9.6,
            9.6
          ],
          "texture": "#particle"
        },
        "down": {
          "uv": [
            1,
            10.4,
            0,
            11.4
          ],
          "texture": "#particle"
        }
      }
    },
    {
      "from": [
        7.35,
        5.8,
        7.35
      ],
      "to": [
        8.65,
        6.3,
        8.65
      ],
      "rotation": {
        "angle": 0,
        "axis": "y",
        "origin": [
          7.5,
          5.3,
          6.5
        ]
      },
      "faces": {
        "north": {
          "uv": [
            4,
            12.8,
            5,
            13.2
          ],
          "texture": "#particle"
        },
        "east": {
          "uv": [
            12.8,
            4,
            13.8,
            4.4
          ],
          "texture": "#particle"
        },
        "south": {
          "uv": [
            12.8,
            4.8,
            13.8,
            5.2
          ],
          "texture": "#particle"
        },
        "west": {
          "uv": [
            5.6,
            12.8,
            6.6,
            13.2
          ],
          "texture": "#particle"
        },
        "up": {
          "uv": [
            11.4,
            1,
            10.4,
            0
          ],
          "texture": "#particle"
        },
        "down": {
          "uv": [
            11.4,
            1.6,
            10.4,
            2.6
          ],
          "texture": "#particle"
        }
      }
    },
    {
      "from": [
        7.35,
        11.8,
        7.35
      ],
      "to": [
        8.65,
        12.3,
        8.65
      ],
      "rotation": {
        "angle": 0,
        "axis": "y",
        "origin": [
          7.5,
          11.3,
          6.5
        ]
      },
      "faces": {
        "north": {
          "uv": [
            12.8,
            5.6,
            13.8,
            6
          ],
          "texture": "#particle"
        },
        "east": {
          "uv": [
            12.8,
            6.4,
            13.8,
            6.8
          ],
          "texture": "#particle"
        },
        "south": {
          "uv": [
            7.2,
            12.8,
            8.2,
            13.2
          ],
          "texture": "#particle"
        },
        "west": {
          "uv": [
            12.8,
            7.2,
            13.8,
            7.6
          ],
          "texture": "#particle"
        },
        "up": {
          "uv": [
            10.6,
            12.2,
            9.6,
            11.2
          ],
          "texture": "#particle"
        },
        "down": {
          "uv": [
            12.2,
            9.6,
            11.2,
            10.6
          ],
          "texture": "#particle"
        }
      }
    },
    {
      "from": [
        7.5,
        1.75,
        7.5
      ],
      "to": [
        8.5,
        2.75,
        8.5
      ],
      "rotation": {
        "angle": 0,
        "axis": "y",
        "origin": [
          7.5,
          0.75,
          6.5
        ]
      },
      "faces": {
        "north": {
          "uv": [
            10.4,
            8,
            11.2,
            8.8
          ],
          "texture": "#particle"
        },
        "east": {
          "uv": [
            12,
            0,
            12.8,
            0.8
          ],
          "texture": "#particle"
        },
        "south": {
          "uv": [
            0.8,
            12,
            1.6,
            12.8
          ],
          "texture": "#particle"
        },
        "west": {
          "uv": [
            12,
            0.8,
            12.8,
            1.6
          ],
          "texture": "#particle"
        },
        "up": {
          "uv": [
            2.4,
            12.8,
            1.6,
            12
          ],
          "texture": "#particle"
        },
        "down": {
          "uv": [
            12.8,
            1.6,
            12,
            2.4
          ],
          "texture": "#particle"
        }
      }
    },
    {
      "from": [
        7.5,
        4.8,
        7.5
      ],
      "to": [
        8.5,
        5.8,
        8.5
      ],
      "rotation": {
        "angle": 0,
        "axis": "y",
        "origin": [
          7.5,
          3.8,
          6.5
        ]
      },
      "faces": {
        "north": {
          "uv": [
            2.4,
            12,
            3.2,
            12.8
          ],
          "texture": "#particle"
        },
        "east": {
          "uv": [
            12,
            2.4,
            12.8,
            3.2
          ],
          "texture": "#particle"
        },
        "south": {
          "uv": [
            12,
            3.2,
            12.8,
            4
          ],
          "texture": "#particle"
        },
        "west": {
          "uv": [
            12,
            4,
            12.8,
            4.8
          ],
          "texture": "#particle"
        },
        "up": {
          "uv": [
            12.8,
            5.6,
            12,
            4.8
          ],
          "texture": "#particle"
        },
        "down": {
          "uv": [
            12.8,
            5.6,
            12,
            6.4
          ],
          "texture": "#particle"
        }
      }
    },
    {
      "from": [
        7.6,
        2.75,
        7.6
      ],
      "to": [
        8.4,
        3.55,
        8.4
      ],
      "rotation": {
        "angle": 0,
        "axis": "y",
        "origin": [
          7.5,
          1.75,
          6.5
        ]
      },
      "faces": {
        "north": {
          "uv": [
            12.8,
            8,
            13.4,
            8.6
          ],
          "texture": "#particle"
        },
        "east": {
          "uv": [
            8.8,
            12.8,
            9.4,
            13.4
          ],
          "texture": "#particle"
        },
        "south": {
          "uv": [
            12.8,
            8.8,
            13.4,
            9.4
          ],
          "texture": "#particle"
        },
        "west": {
          "uv": [
            9.6,
            12.8,
            10.2,
            13.4
          ],
          "texture": "#particle"
        },
        "up": {
          "uv": [
            13.4,
            10.2,
            12.8,
            9.6
          ],
          "texture": "#particle"
        },
        "down": {
          "uv": [
            11,
            12.8,
            10.4,
            13.4
          ],
          "texture": "#particle"
        }
      }
    },
    {
      "from": [
        7.6,
        4.05,
        7.6
      ],
      "to": [
        8.4,
        4.85,
        8.4
      ],
      "rotation": {
        "angle": 0,
        "axis": "y",
        "origin": [
          7.5,
          3.05,
          6.5
        ]
      },
      "faces": {
        "north": {
          "uv": [
            12.8,
            10.4,
            13.4,
            11
          ],
          "texture": "#particle"
        },
        "east": {
          "uv": [
            11.2,
            12.8,
            11.8,
            13.4
          ],
          "texture": "#particle"
        },
        "south": {
          "uv": [
            12.8,
            11.2,
            13.4,
            11.8
          ],
          "texture": "#particle"
        },
        "west": {
          "uv": [
            12,
            12.8,
            12.6,
            13.4
          ],
          "texture": "#particle"
        },
        "up": {
          "uv": [
            13.4,
            13.4,
            12.8,
            12.8
          ],
          "texture": "#particle"
        },
        "down": {
          "uv": [
            0.6,
            13.6,
            0,
            14.2
          ],
          "texture": "#particle"
        }
      }
    },
    {
      "from": [
        7.41,
        0.26,
        7.41
      ],
      "to": [
        8.59,
        1.44,
        8.59
      ],
      "rotation": {
        "angle": -45,
        "axis": "x",
        "origin": [
          8,
          0.85,
          8
        ]
      },
      "faces": {
        "north": {
          "uv": [
            10.4,
            3.2,
            11.4,
            4.2
          ],
          "texture": "#particle"
        },
        "east": {
          "uv": [
            10.4,
            4.8,
            11.4,
            5.8
          ],
          "texture": "#particle"
        },
        "south": {
          "uv": [
            10.4,
            6.4,
            11.4,
            7.4
          ],
          "texture": "#particle"
        },
        "west": {
          "uv": [
            3.2,
            11.2,
            4.2,
            12.2
          ],
          "texture": "#particle"
        },
        "up": {
          "uv": [
            5.8,
            12.2,
            4.8,
            11.2
          ],
          "texture": "#particle"
        },
        "down": {
          "uv": [
            12.2,
            8,
            11.2,
            9
          ],
          "texture": "#particle"
        }
      }
    },
    {
      "from": [
        7.51,
        3.31,
        7.51
      ],
      "to": [
        8.49,
        4.29,
        8.49
      ],
      "rotation": {
        "angle": -45,
        "axis": "x",
        "origin": [
          8,
          3.8,
          8
        ]
      },
      "faces": {
        "north": {
          "uv": [
            12,
            6.4,
            12.8,
            7.2
          ],
          "texture": "#particle"
        },
        "east": {
          "uv": [
            7.2,
            12,
            8,
            12.8
          ],
          "texture": "#particle"
        },
        "south": {
          "uv": [
            12,
            7.2,
            12.8,
            8
          ],
          "texture": "#particle"
        },
        "west": {
          "uv": [
            8,
            12,
            8.8,
            12.8
          ],
          "texture": "#particle"
        },
        "up": {
          "uv": [
            9.6,
            12.8,
            8.8,
            12
          ],
          "texture": "#particle"
        },
        "down": {
          "uv": [
            12.8,
            11.2,
            12,
            12
          ],
          "texture": "#particle"
        }
      }
    },
    {
      "from": [
        7.4,
        12.25,
        7
      ],
      "to": [
        8.6,
        14.25,
        9
      ],
      "rotation": {
        "angle": -45,
        "axis": "x",
        "origin": [
          8,
          13.25,
          8
        ]
      },
      "faces": {
        "north": {
          "uv": [
            1.6,
            8,
            2.6,
            9.6
          ],
          "texture": "#particle"
        },
        "east": {
          "uv": [
            7.2,
            0,
            8.8,
            1.6
          ],
          "texture": "#particle"
        },
        "south": {
          "uv": [
            7.2,
            8,
            8.2,
            9.6
          ],
          "texture": "#particle"
        },
        "west": {
          "uv": [
            7.2,
            1.6,
            8.8,
            3.2
          ],
          "texture": "#particle"
        },
        "up": {
          "uv": [
            9.8,
            1.6,
            8.8,
            0
          ],
          "texture": "#particle"
        },
        "down": {
          "uv": [
            9.8,
            1.6,
            8.8,
            3.2
          ],
          "texture": "#particle"
        }
      }
    },
    {
      "from": [
        7.15,
        12.5,
        7.25
      ],
      "to": [
        8.85,
        14,
        8.75
      ],
      "rotation": {
        "angle": -45,
        "axis": "x",
        "origin": [
          8,
          13.25,
          8
        ]
      },
      "faces": {
        "north": {
          "uv": [
            7.2,
            3.2,
            8.6,
            4.4
          ],
          "texture": "#particle"
        },
        "east": {
          "uv": [
            8.8,
            5.6,
            10,
            6.8
          ],
          "texture": "#particle"
        },
        "south": {
          "uv": [
            7.2,
            4.8,
            8.6,
            6
          ],
          "texture": "#particle"
        },
        "west": {
          "uv": [
            8.8,
            7.2,
            10,
            8.4
          ],
          "texture": "#particle"
        },
        "up": {
          "uv": [
            8.6,
            7.6,
            7.2,
            6.4
          ],
          "texture": "#particle"
        },
        "down": {
          "uv": [
            1.4,
            8,
            0,
            9.2
          ],
          "texture": "#particle"
        }
      }
    },
    {
      "from": [
        7.6,
        12.45,
        5
      ],
      "to": [
        8.4,
        13.2,
        7.75
      ],
      "rotation": {
        "angle": -22.5,
        "axis": "x",
        "origin": [
          8,
          12.95,
          6
        ]
      },
      "faces": {
        "north": {
          "uv": [
            0,
            0,
            0,
            0
          ],
          "texture": "#particle"
        },
        "east": {
          "uv": [
            8.8,
            8.8,
            11,
            9.4
          ],
          "texture": "#particle"
        },
        "south": {
          "uv": [
            0,
            0,
            0,
            0
          ],
          "texture": "#particle"
        },
        "west": {
          "uv": [
            0,
            9.6,
            2.2,
            10.2
          ],
          "texture": "#particle"
        },
        "up": {
          "uv": [
            7,
            11,
            6.4,
            8.8
          ],
          "texture": "#particle"
        },
        "down": {
          "uv": [
            3,
            9.6,
            2.4,
            11.8
          ],
          "texture": "#particle"
        }
      }
    },
    {
      "from": [
        7.6,
        13.2,
        7
      ],
      "to": [
        8.4,
        13.95,
        7.75
      ],
      "rotation": {
        "angle": -22.5,
        "axis": "x",
        "origin": [
          8,
          12.95,
          6
        ]
      },
      "faces": {
        "north": {
          "uv": [
            13.6,
            0.8,
            14.2,
            1.4
          ],
          "texture": "#particle"
        },
        "east": {
          "uv": [
            1.6,
            13.6,
            2.2,
            14.2
          ],
          "texture": "#particle"
        },
        "south": {
          "uv": [
            2.4,
            13.6,
            3,
            14.2
          ],
          "texture": "#particle"
        },
        "west": {
          "uv": [
            3.2,
            13.6,
            3.8,
            14.2
          ],
          "texture": "#particle"
        },
        "up": {
          "uv": [
            4.6,
            14.2,
            4,
            13.6
          ],
          "texture": "#particle"
        },
        "down": {
          "uv": [
            0,
            0,
            0,
            0
          ],
          "texture": "#particle"
        }
      }
    },
    {
      "from": [
        7.775,
        13.20381,
        5.01913
      ],
      "to": [
        8.225,
        13.80381,
        7.01913
      ],
      "rotation": {
        "angle": -22.5,
        "axis": "x",
        "origin": [
          8,
          12.90381,
          6.01913
        ]
      },
      "faces": {
        "north": {
          "uv": [
            0,
            0,
            0,
            0
          ],
          "texture": "#particle"
        },
        "east": {
          "uv": [
            12,
            12,
            13.6,
            12.4
          ],
          "texture": "#particle"
        },
        "south": {
          "uv": [
            0,
            0,
            0,
            0
          ],
          "texture": "#particle"
        },
        "west": {
          "uv": [
            12.8,
            0,
            14.4,
            0.4
          ],
          "texture": "#particle"
        },
        "up": {
          "uv": [
            1.2,
            14.4,
            0.8,
            12.8
          ],
          "texture": "#particle"
        },
        "down": {
          "uv": [
            0,
            0,
            0,
            0
          ],
          "texture": "#particle"
        }
      }
    },
    {
      "from": [
        7.5,
        11.85,
        4.15
      ],
      "to": [
        8.5,
        14.35,
        5.15
      ],
      "rotation": {
        "angle": -45,
        "axis": "x",
        "origin": [
          8,
          12.9,
          5
        ]
      },
      "faces": {
        "north": {
          "uv": [
            4.8,
            6.4,
            5.6,
            8.4
          ],
          "texture": "#particle"
        },
        "east": {
          "uv": [
            8.8,
            3.2,
            9.6,
            5.2
          ],
          "texture": "#particle"
        },
        "south": {
          "uv": [
            4.8,
            8.8,
            5.6,
            10.8
          ],
          "texture": "#particle"
        },
        "west": {
          "uv": [
            5.6,
            8.8,
            6.4,
            10.8
          ],
          "texture": "#particle"
        },
        "up": {
          "uv": [
            13.6,
            1.6,
            12.8,
            0.8
          ],
          "texture": "#particle"
        },
        "down": {
          "uv": [
            2.4,
            12.8,
            1.6,
            13.6
          ],
          "texture": "#particle"
        }
      }
    },
    {
      "from": [
        7.565,
        13.1521,
        3.71915
      ],
      "to": [
        8.435,
        14.7321,
        4.58915
      ],
      "rotation": {
        "angle": 22.5,
        "axis": "x",
        "origin": [
          8,
          13.9671,
          4.17915
        ]
      },
      "faces": {
        "north": {
          "uv": [
            1.6,
            10.4,
            2.2,
            11.6
          ],
          "texture": "#particle"
        },
        "east": {
          "uv": [
            6.4,
            11.2,
            7,
            12.4
          ],
          "texture": "#particle"
        },
        "south": {
          "uv": [
            11.2,
            11.2,
            11.8,
            12.4
          ],
          "texture": "#particle"
        },
        "west": {
          "uv": [
            0,
            12,
            0.6,
            13.2
          ],
          "texture": "#particle"
        },
        "up": {
          "uv": [
            5.4,
            14.2,
            4.8,
            13.6
          ],
          "texture": "#particle"
        },
        "down": {
          "uv": [
            0,
            0,
            0,
            0
          ],
          "texture": "#particle"
        }
      }
    },
    {
      "from": [
        8,
        -2,
        6.875
      ],
      "to": [
        8,
        1,
        9.125
      ],
      "rotation": {
        "angle": 0,
        "axis": "y",
        "origin": [
          8,
          -1,
          7.125
        ]
      },
      "faces": {
        "north": {
          "uv": [
            0,
            0,
            0,
            2.4
          ],
          "texture": "#particle"
        },
        "east": {
          "uv": [
            3.2,
            4,
            5,
            6.4
          ],
          "texture": "#particle"
        },
        "south": {
          "uv": [
            0,
            0,
            0,
            2.4
          ],
          "texture": "#particle"
        },
        "west": {
          "uv": [
            3.2,
            4,
            5,
            6.4
          ],
          "texture": "#particle"
        },
        "up": {
          "uv": [
            0,
            1.8,
            0,
            0
          ],
          "texture": "#particle"
        },
        "down": {
          "uv": [
            0,
            0,
            0,
            1.8
          ],
          "texture": "#particle"
        }
      }
    },
    {
      "from": [
        7.3,
        10.85,
        5.5
      ],
      "to": [
        7.3,
        15.85,
        10.5
      ],
      "rotation": {
        "angle": 0,
        "axis": "y",
        "origin": [
          8,
          22.2,
          8
        ]
      },
      "faces": {
        "north": {
          "uv": [
            0,
            0,
            0,
            4
          ],
          "texture": "#particle"
        },
        "south": {
          "uv": [
            0,
            0,
            0,
            4
          ],
          "texture": "#particle"
        },
        "west": {
          "uv": [
            3.2,
            0,
            7.2,
            4
          ],
          "texture": "#particle"
        },
        "up": {
          "uv": [
            0,
            4,
            0,
            0
          ],
          "texture": "#particle"
        },
        "down": {
          "uv": [
            0,
            0,
            0,
            4
          ],
          "texture": "#particle"
        }
      }
    },
    {
      "from": [
        8.7,
        10.85,
        5.5
      ],
      "to": [
        8.7,
        15.85,
        10.5
      ],
      "rotation": {
        "angle": 0,
        "axis": "y",
        "origin": [
          8,
          22.2,
          8
        ]
      },
      "faces": {
        "north": {
          "uv": [
            0,
            0,
            0,
            4
          ],
          "texture": "#particle"
        },
        "east": {
          "uv": [
            7.2,
            0,
            3.2,
            4
          ],
          "texture": "#particle"
        },
        "south": {
          "uv": [
            0,
            0,
            0,
            4
          ],
          "texture": "#particle"
        },
        "up": {
          "uv": [
            0,
            4,
            0,
            0
          ],
          "texture": "#particle"
        },
        "down": {
          "uv": [
            0,
            0,
            0,
            4
          ],
          "texture": "#particle"
        }
      }
    },
    {
      "from": [
        7.5,
        6.3,
        7.5
      ],
      "to": [
        8.5,
        11.8,
        8.5
      ],
      "rotation": {
        "angle": 0,
        "axis": "y",
        "origin": [
          6.5,
          6.3,
          7.5
        ]
      },
      "faces": {
        "north": {
          "uv": [
            5.6,
            4,
            6.4,
            8.4
          ],
          "texture": "#particle"
        },
        "east": {
          "uv": [
            3.2,
            6.4,
            4,
            10.8
          ],
          "texture": "#particle"
        },
        "south": {
          "uv": [
            4,
            6.4,
            4.8,
            10.8
          ],
          "texture": "#particle"
        },
        "west": {
          "uv": [
            6.4,
            4,
            7.2,
            8.4
          ],
          "texture": "#particle"
        },
        "up": {
          "uv": [
            0,
            0,
            0,
            0
          ],
          "texture": "#particle"
        },
        "down": {
          "uv": [
            0,
            0,
            0,
            0
          ],
          "texture": "#particle"
        }
      }
    },
    {
      "from": [
        7.6,
        9.8,
        4.7
      ],
      "to": [
        8.4,
        12.1,
        5.5
      ],
      "rotation": {
        "angle": 0,
        "axis": "y",
        "origin": [
          6.5,
          6.6,
          4.6
        ]
      },
      "faces": {
        "north": {
          "uv": [
            9.6,
            3.2,
            10.2,
            5
          ],
          "texture": "#particle"
        },
        "east": {
          "uv": [
            7.2,
            9.6,
            7.8,
            11.4
          ],
          "texture": "#particle"
        },
        "south": {
          "uv": [
            8,
            9.6,
            8.6,
            11.4
          ],
          "texture": "#particle"
        },
        "west": {
          "uv": [
            8.8,
            9.6,
            9.4,
            11.4
          ],
          "texture": "#particle"
        },
        "up": {
          "uv": [
            6.2,
            14.2,
            5.6,
            13.6
          ],
          "texture": "#particle"
        },
        "down": {
          "uv": [
            7,
            13.6,
            6.4,
            14.2
          ],
          "texture": "#particle"
        }
      }
    },
    {
      "from": [
        7.7,
        8.96561,
        5.18464
      ],
      "to": [
        8.3,
        10.01561,
        5.78464
      ],
      "rotation": {
        "angle": -22.5,
        "axis": "x",
        "origin": [
          8,
          8.86561,
          5.48464
        ]
      },
      "faces": {
        "north": {
          "uv": [
            7.2,
            13.6,
            7.6,
            14.4
          ],
          "texture": "#particle"
        },
        "east": {
          "uv": [
            8,
            13.6,
            8.4,
            14.4
          ],
          "texture": "#particle"
        },
        "south": {
          "uv": [
            13.6,
            8,
            14,
            8.8
          ],
          "texture": "#particle"
        },
        "west": {
          "uv": [
            8.8,
            13.6,
            9.2,
            14.4
          ],
          "texture": "#particle"
        },
        "up": {
          "uv": [
            14,
            10.8,
            13.6,
            10.4
          ],
          "texture": "#particle"
        },
        "down": {
          "uv": [
            11.6,
            13.6,
            11.2,
            14
          ],
          "texture": "#particle"
        }
      }
    },
    {
      "from": [
        7.8,
        8.43974,
        5.81163
      ],
      "to": [
        8.2,
        9.23974,
        6.21163
      ],
      "rotation": {
        "angle": -45,
        "axis": "x",
        "origin": [
          8,
          8.36474,
          5.93663
        ]
      },
      "faces": {
        "north": {
          "uv": [
            13.6,
            8.8,
            14,
            9.4
          ],
          "texture": "#particle"
        },
        "east": {
          "uv": [
            9.6,
            13.6,
            10,
            14.2
          ],
          "texture": "#particle"
        },
        "south": {
          "uv": [
            13.6,
            9.6,
            14,
            10.2
          ],
          "texture": "#particle"
        },
        "west": {
          "uv": [
            10.4,
            13.6,
            10.8,
            14.2
          ],
          "texture": "#particle"
        },
        "up": {
          "uv": [
            14,
            11.6,
            13.6,
            11.2
          ],
          "texture": "#particle"
        },
        "down": {
          "uv": [
            12.4,
            13.6,
            12,
            14
          ],
          "texture": "#particle"
        }
      }
    },
    {
      "from": [
        8,
        7,
        2.5
      ],
      "to": [
        8,
        17,
        6.5
      ],
      "rotation": {
        "angle": 0,
        "axis": "y",
        "origin": [
          8,
          0,
          0
        ]
      },
      "faces": {
        "north": {
          "uv": [
            0,
            0,
            0,
            8
          ],
          "texture": "#particle"
        },
        "east": {
          "uv": [
            3.2,
            0,
            0,
            8
          ],
          "texture": "#particle"
        },
        "south": {
          "uv": [
            0,
            0,
            0,
            8
          ],
          "texture": "#particle"
        },
        "west": {
          "uv": [
            0,
            0,
            3.2,
            8
          ],
          "texture": "#particle"
        },
        "up": {
          "uv": [
            0,
            3.2,
            0,
            0
          ],
          "texture": "#particle"
        },
        "down": {
          "uv": [
            0,
            0,
            0,
            3.2
          ],
          "texture": "#particle"
        }
      }
    },
    {
      "from": [
        7.6,
        12.45,
        8.25
      ],
      "to": [
        8.4,
        13.2,
        11
      ],
      "rotation": {
        "angle": 22.5,
        "axis": "x",
        "origin": [
          8,
          12.95,
          10
        ]
      },
      "faces": {
        "north": {
          "uv": [
            0,
            0,
            0,
            0
          ],
          "texture": "#particle"
        },
        "east": {
          "uv": [
            11,
            8.8,
            8.8,
            9.4
          ],
          "texture": "#particle"
        },
        "south": {
          "uv": [
            0,
            0,
            0,
            0
          ],
          "texture": "#particle"
        },
        "west": {
          "uv": [
            2.2,
            9.6,
            0,
            10.2
          ],
          "texture": "#particle"
        },
        "up": {
          "uv": [
            7,
            8.8,
            6.4,
            11
          ],
          "texture": "#particle"
        },
        "down": {
          "uv": [
            3,
            11.8,
            2.4,
            9.6
          ],
          "texture": "#particle"
        }
      }
    },
    {
      "from": [
        7.775,
        13.20381,
        8.98087
      ],
      "to": [
        8.225,
        13.80381,
        10.98087
      ],
      "rotation": {
        "angle": 22.5,
        "axis": "x",
        "origin": [
          8,
          12.90381,
          9.98087
        ]
      },
      "faces": {
        "north": {
          "uv": [
            0,
            0,
            0,
            0
          ],
          "texture": "#particle"
        },
        "east": {
          "uv": [
            13.6,
            12,
            12,
            12.4
          ],
          "texture": "#particle"
        },
        "south": {
          "uv": [
            0,
            0,
            0,
            0
          ],
          "texture": "#particle"
        },
        "west": {
          "uv": [
            14.4,
            0,
            12.8,
            0.4
          ],
          "texture": "#particle"
        },
        "up": {
          "uv": [
            1.2,
            12.8,
            0.8,
            14.4
          ],
          "texture": "#particle"
        },
        "down": {
          "uv": [
            0,
            0,
            0,
            0
          ],
          "texture": "#particle"
        }
      }
    },
    {
      "from": [
        7.5,
        11.85,
        10.85
      ],
      "to": [
        8.5,
        14.35,
        11.85
      ],
      "rotation": {
        "angle": 45,
        "axis": "x",
        "origin": [
          8,
          12.9,
          11
        ]
      },
      "faces": {
        "north": {
          "uv": [
            5.6,
            8.8,
            4.8,
            10.8
          ],
          "texture": "#particle"
        },
        "east": {
          "uv": [
            9.6,
            3.2,
            8.8,
            5.2
          ],
          "texture": "#particle"
        },
        "south": {
          "uv": [
            5.6,
            6.4,
            4.8,
            8.4
          ],
          "texture": "#particle"
        },
        "west": {
          "uv": [
            6.4,
            8.8,
            5.6,
            10.8
          ],
          "texture": "#particle"
        },
        "up": {
          "uv": [
            13.6,
            0.8,
            12.8,
            1.6
          ],
          "texture": "#particle"
        },
        "down": {
          "uv": [
            2.4,
            13.6,
            1.6,
            12.8
          ],
          "texture": "#particle"
        }
      }
    },
    {
      "from": [
        7.565,
        13.1521,
        11.41085
      ],
      "to": [
        8.435,
        14.7321,
        12.28085
      ],
      "rotation": {
        "angle": -22.5,
        "axis": "x",
        "origin": [
          8,
          13.9671,
          11.82085
        ]
      },
      "faces": {
        "north": {
          "uv": [
            11.8,
            11.2,
            11.2,
            12.4
          ],
          "texture": "#particle"
        },
        "east": {
          "uv": [
            7,
            11.2,
            6.4,
            12.4
          ],
          "texture": "#particle"
        },
        "south": {
          "uv": [
            2.2,
            10.4,
            1.6,
            11.6
          ],
          "texture": "#particle"
        },
        "west": {
          "uv": [
            0.6,
            12,
            0,
            13.2
          ],
          "texture": "#particle"
        },
        "up": {
          "uv": [
            5.4,
            13.6,
            4.8,
            14.2
          ],
          "texture": "#particle"
        },
        "down": {
          "uv": [
            0,
            0,
            0,
            0
          ],
          "texture": "#particle"
        }
      }
    },
    {
      "from": [
        7.6,
        9.8,
        10.5
      ],
      "to": [
        8.4,
        12.1,
        11.3
      ],
      "rotation": {
        "angle": 0,
        "axis": "y",
        "origin": [
          6.5,
          6.6,
          11.4
        ]
      },
      "faces": {
        "north": {
          "uv": [
            8.6,
            9.6,
            8,
            11.4
          ],
          "texture": "#particle"
        },
        "east": {
          "uv": [
            7.8,
            9.6,
            7.2,
            11.4
          ],
          "texture": "#particle"
        },
        "south": {
          "uv": [
            10.2,
            3.2,
            9.6,
            5
          ],
          "texture": "#particle"
        },
        "west": {
          "uv": [
            9.4,
            9.6,
            8.8,
            11.4
          ],
          "texture": "#particle"
        },
        "up": {
          "uv": [
            6.2,
            13.6,
            5.6,
            14.2
          ],
          "texture": "#particle"
        },
        "down": {
          "uv": [
            7,
            14.2,
            6.4,
            13.6
          ],
          "texture": "#particle"
        }
      }
    },
    {
      "from": [
        7.7,
        8.96561,
        10.21536
      ],
      "to": [
        8.3,
        10.01561,
        10.81536
      ],
      "rotation": {
        "angle": 22.5,
        "axis": "x",
        "origin": [
          8,
          8.86561,
          10.51536
        ]
      },
      "faces": {
        "north": {
          "uv": [
            14,
            8,
            13.6,
            8.8
          ],
          "texture": "#particle"
        },
        "east": {
          "uv": [
            8.4,
            13.6,
            8,
            14.4
          ],
          "texture": "#particle"
        },
        "south": {
          "uv": [
            7.6,
            13.6,
            7.2,
            14.4
          ],
          "texture": "#particle"
        },
        "west": {
          "uv": [
            9.2,
            13.6,
            8.8,
            14.4
          ],
          "texture": "#particle"
        },
        "up": {
          "uv": [
            14,
            10.4,
            13.6,
            10.8
          ],
          "texture": "#particle"
        },
        "down": {
          "uv": [
            11.6,
            14,
            11.2,
            13.6
          ],
          "texture": "#particle"
        }
      }
    },
    {
      "from": [
        7.8,
        8.43974,
        9.78837
      ],
      "to": [
        8.2,
        9.23974,
        10.18837
      ],
      "rotation": {
        "angle": 45,
        "axis": "x",
        "origin": [
          8,
          8.36474,
          10.06337
        ]
      },
      "faces": {
        "north": {
          "uv": [
            14,
            9.6,
            13.6,
            10.2
          ],
          "texture": "#particle"
        },
        "east": {
          "uv": [
            10,
            13.6,
            9.6,
            14.2
          ],
          "texture": "#particle"
        },
        "south": {
          "uv": [
            14,
            8.8,
            13.6,
            9.4
          ],
          "texture": "#particle"
        },
        "west": {
          "uv": [
            10.8,
            13.6,
            10.4,
            14.2
          ],
          "texture": "#particle"
        },
        "up": {
          "uv": [
            14,
            11.2,
            13.6,
            11.6
          ],
          "texture": "#particle"
        },
        "down": {
          "uv": [
            12.4,
            14,
            12,
            13.6
          ],
          "texture": "#particle"
        }
      }
    },
    {
      "from": [
        8,
        7,
        9.5
      ],
      "to": [
        8,
        17,
        13.5
      ],
      "rotation": {
        "angle": 0,
        "axis": "y",
        "origin": [
          8,
          0,
          16
        ]
      },
      "faces": {
        "north": {
          "uv": [
            0,
            0,
            0,
            8
          ],
          "texture": "#particle"
        },
        "east": {
          "uv": [
            0,
            0,
            3.2,
            8
          ],
          "texture": "#particle"
        },
        "south": {
          "uv": [
            0,
            0,
            0,
            8
          ],
          "texture": "#particle"
        },
        "west": {
          "uv": [
            3.2,
            0,
            0,
            8
          ],
          "texture": "#particle"
        },
        "up": {
          "uv": [
            0,
            0,
            0,
            3.2
          ],
          "texture": "#particle"
        },
        "down": {
          "uv": [
            0,
            3.2,
            0,
            0
          ],
          "texture": "#particle"
        }
      }
    },
    {
      "from": [
        7.6,
        13.2,
        8.25
      ],
      "to": [
        8.4,
        13.95,
        9
      ],
      "rotation": {
        "angle": 22.5,
        "axis": "x",
        "origin": [
          8,
          12.95,
          10
        ]
      },
      "faces": {
        "north": {
          "uv": [
            3,
            13.6,
            2.4,
            14.2
          ],
          "texture": "#particle"
        },
        "east": {
          "uv": [
            2.2,
            13.6,
            1.6,
            14.2
          ],
          "texture": "#particle"
        },
        "south": {
          "uv": [
            14.2,
            0.8,
            13.6,
            1.4
          ],
          "texture": "#particle"
        },
        "west": {
          "uv": [
            3.8,
            13.6,
            3.2,
            14.2
          ],
          "texture": "#particle"
        },
        "up": {
          "uv": [
            4.6,
            13.6,
            4,
            14.2
          ],
          "texture": "#particle"
        },
        "down": {
          "uv": [
            0,
            0,
            0,
            0
          ],
          "texture": "#particle"
        }
      }
    },
    {
      "from": [
        7.4,
        7,
        2
      ],
      "to": [
        7.4,
        17,
        6
      ],
      "rotation": {
        "angle": 0,
        "axis": "x",
        "origin": [
          7.25,
          12,
          4.5
        ]
      },
      "faces": {
        "north": {
          "uv": [
            0,
            0,
            0,
            13.33333
          ],
          "texture": "#2"
        },
        "south": {
          "uv": [
            0,
            0,
            0,
            13.33333
          ],
          "texture": "#2"
        },
        "west": {
          "uv": [
            0,
            0,
            5.33333,
            13.33333
          ],
          "texture": "#2"
        },
        "up": {
          "uv": [
            0,
            5.33333,
            0,
            0
          ],
          "texture": "#2"
        },
        "down": {
          "uv": [
            0,
            0,
            0,
            5.33333
          ],
          "texture": "#2"
        }
      }
    },
    {
      "from": [
        7.4,
        7,
        10
      ],
      "to": [
        7.4,
        17,
        14
      ],
      "rotation": {
        "angle": 0,
        "axis": "x",
        "origin": [
          7.25,
          12,
          11.5
        ]
      },
      "faces": {
        "north": {
          "uv": [
            0,
            0,
            0,
            13.33333
          ],
          "texture": "#2"
        },
        "south": {
          "uv": [
            0,
            0,
            0,
            13.33333
          ],
          "texture": "#2"
        },
        "west": {
          "uv": [
            5.33333,
            0,
            0,
            13.33333
          ],
          "texture": "#2"
        },
        "up": {
          "uv": [
            0,
            0,
            0,
            5.33333
          ],
          "texture": "#2"
        },
        "down": {
          "uv": [
            0,
            5.33333,
            0,
            0
          ],
          "texture": "#2"
        }
      }
    },
    {
      "from": [
        8.6,
        7,
        2
      ],
      "to": [
        8.6,
        17,
        6
      ],
      "rotation": {
        "angle": 0,
        "axis": "x",
        "origin": [
          8.75,
          12,
          4.5
        ]
      },
      "faces": {
        "north": {
          "uv": [
            0,
            0,
            0,
            13.33333
          ],
          "texture": "#2"
        },
        "east": {
          "uv": [
            5.33333,
            0,
            0,
            13.33333
          ],
          "texture": "#2"
        },
        "south": {
          "uv": [
            0,
            0,
            0,
            13.33333
          ],
          "texture": "#2"
        },
        "up": {
          "uv": [
            0,
            5.33333,
            0,
            0
          ],
          "texture": "#2"
        },
        "down": {
          "uv": [
            0,
            0,
            0,
            5.33333
          ],
          "texture": "#2"
        }
      }
    },
    {
      "from": [
        8.6,
        7,
        10
      ],
      "to": [
        8.6,
        17,
        14
      ],
      "rotation": {
        "angle": 0,
        "axis": "x",
        "origin": [
          8.75,
          12,
          11.5
        ]
      },
      "faces": {
        "north": {
          "uv": [
            0,
            0,
            0,
            13.33333
          ],
          "texture": "#2"
        },
        "east": {
          "uv": [
            0,
            0,
            5.33333,
            13.33333
          ],
          "texture": "#2"
        },
        "south": {
          "uv": [
            0,
            0,
            0,
            13.33333
          ],
          "texture": "#2"
        },
        "up": {
          "uv": [
            0,
            0,
            0,
            5.33333
          ],
          "texture": "#2"
        },
        "down": {
          "uv": [
            0,
            5.33333,
            0,
            0
          ],
          "texture": "#2"
        }
      }
    }
  ],
  "gui_light": "front",
  "display": {
    "thirdperson_righthand": {
      "translation": [
        0,
        2.25,
        1
      ]
    },
    "thirdperson_lefthand": {
      "translation": [
        0,
        2.25,
        1
      ]
    },
    "firstperson_righthand": {
      "rotation": [
        -10,
        0,
        0
      ],
      "translation": [
        -1,
        3.75,
        1
      ]
    },
    "firstperson_lefthand": {
      "rotation": [
        -10,
        0,
        0
      ],
      "translation": [
        -1,
        3.75,
        1
      ]
    },
    "ground": {
      "translation": [
        0,
        10.5,
        0
      ]
    },
    "gui": {
      "rotation": [
        90,
        -45,
        90
      ],
      "translation": [
        1,
        -1,
        0
      ],
      "scale": [
        0.95313,
        0.95313,
        0.95313
      ]
    },
    "head": {
      "scale": [
        0,
        0,
        0
      ]
    },
    "fixed": {
      "rotation": [
        90,
        -90,
        90
      ],
      "translation": [
        0,
        2.5,
        -1
      ],
      "scale": [
        2.17383,
        2.17383,
        2.17383
      ]
    }
  }
}