{
  "credit": "MadebyPolygonMC",
  "texture_size": [
    20,
    20
  ],
  "textures": {
    "1": "xmasset:bow",
    "2": "xmasset:animations/animation_1",
    "particle": "xmasset:animations/animation_1"
  },
  "elements": [
    {
      "from": [
        7.35,
        5.475,
        7.35
      ],
      "to": [
        8.65,
        5.975,
        8.65
      ],
      "rotation": {
        "angle": 0,
        "axis": "y",
        "origin": [
          7.5,
          4.975,
          6.5
        ]
      },
      "faces": {
        "north": {
          "uv": [
            5.6,
            14.4,
            6.6,
            14.8
          ],
          "texture": "#1"
        },
        "east": {
          "uv": [
            14.4,
            5.6,
            15.4,
            6
          ],
          "texture": "#1"
        },
        "south": {
          "uv": [
            14.4,
            6.4,
            15.4,
            6.8
          ],
          "texture": "#1"
        },
        "west": {
          "uv": [
            7.2,
            14.4,
            8.2,
            14.8
          ],
          "texture": "#1"
        },
        "up": {
          "uv": [
            13.8,
            12.2,
            12.8,
            11.2
          ],
          "texture": "#1"
        },
        "down": {
          "uv": [
            13.8,
            12.8,
            12.8,
            13.8
          ],
          "texture": "#1"
        }
      }
    },
    {
      "from": [
        7.35,
        10.025,
        7.35
      ],
      "to": [
        8.65,
        10.525,
        8.65
      ],
      "rotation": {
        "angle": 0,
        "axis": "y",
        "origin": [
          7.5,
          9.525,
          6.5
        ]
      },
      "faces": {
        "north": {
          "uv": [
            14.4,
            3.2,
            15.4,
            3.6
          ],
          "texture": "#1"
        },
        "east": {
          "uv": [
            4,
            14.4,
            5,
            14.8
          ],
          "texture": "#1"
        },
        "south": {
          "uv": [
            14.4,
            4,
            15.4,
            4.4
          ],
          "texture": "#1"
        },
        "west": {
          "uv": [
            14.4,
            4.8,
            15.4,
            5.2
          ],
          "texture": "#1"
        },
        "up": {
          "uv": [
            9,
            11.4,
            8,
            10.4
          ],
          "texture": "#1"
        },
        "down": {
          "uv": [
            11.4,
            8.8,
            10.4,
            9.8
          ],
          "texture": "#1"
        }
      }
    },
    {
      "from": [
        7.5,
        5.975,
        7.5
      ],
      "to": [
        8.5,
        6.975,
        8.5
      ],
      "rotation": {
        "angle": 0,
        "axis": "y",
        "origin": [
          7.5,
          4.975,
          6.5
        ]
      },
      "faces": {
        "north": {
          "uv": [
            11.2,
            4,
            12,
            4.8
          ],
          "texture": "#1"
        },
        "east": {
          "uv": [
            11.2,
            8,
            12,
            8.8
          ],
          "texture": "#1"
        },
        "south": {
          "uv": [
            12,
            1.6,
            12.8,
            2.4
          ],
          "texture": "#1"
        },
        "west": {
          "uv": [
            12,
            5.6,
            12.8,
            6.4
          ],
          "texture": "#1"
        },
        "up": {
          "uv": [
            12.8,
            10.4,
            12,
            9.6
          ],
          "texture": "#1"
        },
        "down": {
          "uv": [
            7.2,
            13.6,
            6.4,
            14.4
          ],
          "texture": "#1"
        }
      }
    },
    {
      "from": [
        7.5,
        9.025,
        7.5
      ],
      "to": [
        8.5,
        10.025,
        8.5
      ],
      "rotation": {
        "angle": 0,
        "axis": "y",
        "origin": [
          7.5,
          8.025,
          6.5
        ]
      },
      "faces": {
        "north": {
          "uv": [
            7.2,
            13.6,
            8,
            14.4
          ],
          "texture": "#1"
        },
        "east": {
          "uv": [
            8,
            13.6,
            8.8,
            14.4
          ],
          "texture": "#1"
        },
        "south": {
          "uv": [
            13.6,
            8,
            14.4,
            8.8
          ],
          "texture": "#1"
        },
        "west": {
          "uv": [
            8.8,
            13.6,
            9.6,
            14.4
          ],
          "texture": "#1"
        },
        "up": {
          "uv": [
            14.4,
            9.6,
            13.6,
            8.8
          ],
          "texture": "#1"
        },
        "down": {
          "uv": [
            10.4,
            13.6,
            9.6,
            14.4
          ],
          "texture": "#1"
        }
      }
    },
    {
      "from": [
        7.6,
        6.975,
        7.6
      ],
      "to": [
        8.4,
        7.775,
        8.4
      ],
      "rotation": {
        "angle": 0,
        "axis": "y",
        "origin": [
          7.5,
          5.975,
          6.5
        ]
      },
      "faces": {
        "north": {
          "uv": [
            14.4,
            7.2,
            15,
            7.8
          ],
          "texture": "#1"
        },
        "east": {
          "uv": [
            14.4,
            8,
            15,
            8.6
          ],
          "texture": "#1"
        },
        "south": {
          "uv": [
            8.8,
            14.4,
            9.4,
            15
          ],
          "texture": "#1"
        },
        "west": {
          "uv": [
            14.4,
            8.8,
            15,
            9.4
          ],
          "texture": "#1"
        },
        "up": {
          "uv": [
            10.2,
            15,
            9.6,
            14.4
          ],
          "texture": "#1"
        },
        "down": {
          "uv": [
            15,
            9.6,
            14.4,
            10.2
          ],
          "texture": "#1"
        }
      }
    },
    {
      "from": [
        7.6,
        8.275,
        7.6
      ],
      "to": [
        8.4,
        9.075,
        8.4
      ],
      "rotation": {
        "angle": 0,
        "axis": "y",
        "origin": [
          7.5,
          7.275,
          6.5
        ]
      },
      "faces": {
        "north": {
          "uv": [
            10.4,
            14.4,
            11,
            15
          ],
          "texture": "#1"
        },
        "east": {
          "uv": [
            14.4,
            10.4,
            15,
            11
          ],
          "texture": "#1"
        },
        "south": {
          "uv": [
            11.2,
            14.4,
            11.8,
            15
          ],
          "texture": "#1"
        },
        "west": {
          "uv": [
            14.4,
            11.2,
            15,
            11.8
          ],
          "texture": "#1"
        },
        "up": {
          "uv": [
            12.6,
            15,
            12,
            14.4
          ],
          "texture": "#1"
        },
        "down": {
          "uv": [
            15,
            12,
            14.4,
            12.6
          ],
          "texture": "#1"
        }
      }
    },
    {
      "from": [
        7.41,
        10.535,
        9.56
      ],
      "to": [
        8.59,
        11.715,
        10.74
      ],
      "rotation": {
        "angle": -45,
        "axis": "x",
        "origin": [
          8,
          11.125,
          5.15
        ]
      },
      "faces": {
        "north": {
          "uv": [
            9.6,
            10.4,
            10.6,
            11.4
          ],
          "texture": "#1"
        },
        "east": {
          "uv": [
            11.2,
            2.4,
            12.2,
            3.4
          ],
          "texture": "#1"
        },
        "south": {
          "uv": [
            11.2,
            6.4,
            12.2,
            7.4
          ],
          "texture": "#1"
        },
        "west": {
          "uv": [
            11.2,
            10.4,
            12.2,
            11.4
          ],
          "texture": "#1"
        },
        "up": {
          "uv": [
            13,
            1,
            12,
            0
          ],
          "texture": "#1"
        },
        "down": {
          "uv": [
            13,
            4,
            12,
            5
          ],
          "texture": "#1"
        }
      }
    },
    {
      "from": [
        7.41,
        15.66061,
        11.4727
      ],
      "to": [
        8.59,
        16.84061,
        12.6527
      ],
      "rotation": {
        "angle": -45,
        "axis": "x",
        "origin": [
          8,
          16.25061,
          12.0627
        ]
      },
      "faces": {
        "north": {
          "uv": [
            1.6,
            12.8,
            2.6,
            13.8
          ],
          "texture": "#1"
        },
        "east": {
          "uv": [
            12.8,
            1.6,
            13.8,
            2.6
          ],
          "texture": "#1"
        },
        "south": {
          "uv": [
            3.2,
            12.8,
            4.2,
            13.8
          ],
          "texture": "#1"
        },
        "west": {
          "uv": [
            4.8,
            12.8,
            5.8,
            13.8
          ],
          "texture": "#1"
        },
        "up": {
          "uv": [
            13.8,
            6.6,
            12.8,
            5.6
          ],
          "texture": "#1"
        },
        "down": {
          "uv": [
            13.8,
            9.6,
            12.8,
            10.6
          ],
          "texture": "#1"
        }
      }
    },
    {
      "from": [
        7.41,
        10.07053,
        7.41
      ],
      "to": [
        8.59,
        11.25053,
        8.59
      ],
      "rotation": {
        "angle": 45,
        "axis": "x",
        "origin": [
          8,
          10.66053,
          8
        ]
      },
      "faces": {
        "north": {
          "uv": [
            6.4,
            12,
            7.4,
            13
          ],
          "texture": "#1"
        },
        "east": {
          "uv": [
            8,
            12,
            9,
            13
          ],
          "texture": "#1"
        },
        "south": {
          "uv": [
            12,
            8,
            13,
            9
          ],
          "texture": "#1"
        },
        "west": {
          "uv": [
            9.6,
            12,
            10.6,
            13
          ],
          "texture": "#1"
        },
        "up": {
          "uv": [
            12.2,
            13,
            11.2,
            12
          ],
          "texture": "#1"
        },
        "down": {
          "uv": [
            1,
            12.8,
            0,
            13.8
          ],
          "texture": "#1"
        }
      }
    },
    {
      "from": [
        7.51,
        7.535,
        7.51
      ],
      "to": [
        8.49,
        8.515,
        8.49
      ],
      "rotation": {
        "angle": -45,
        "axis": "x",
        "origin": [
          8,
          8.025,
          8
        ]
      },
      "faces": {
        "north": {
          "uv": [
            10.4,
            13.6,
            11.2,
            14.4
          ],
          "texture": "#1"
        },
        "east": {
          "uv": [
            11.2,
            13.6,
            12,
            14.4
          ],
          "texture": "#1"
        },
        "south": {
          "uv": [
            12,
            13.6,
            12.8,
            14.4
          ],
          "texture": "#1"
        },
        "west": {
          "uv": [
            0,
            14.4,
            0.8,
            15.2
          ],
          "texture": "#1"
        },
        "up": {
          "uv": [
            15.2,
            0.8,
            14.4,
            0
          ],
          "texture": "#1"
        },
        "down": {
          "uv": [
            1.6,
            14.4,
            0.8,
            15.2
          ],
          "texture": "#1"
        }
      }
    },
    {
      "from": [
        7.6,
        10.0186,
        6.94057
      ],
      "to": [
        8.4,
        12.7686,
        7.69057
      ],
      "rotation": {
        "angle": -22.5,
        "axis": "x",
        "origin": [
          8,
          12.42072,
          6.79042
        ]
      },
      "faces": {
        "north": {
          "uv": [
            6.4,
            9.6,
            7,
            11.8
          ],
          "texture": "#1"
        },
        "east": {
          "uv": [
            7.2,
            9.6,
            7.8,
            11.8
          ],
          "texture": "#1"
        },
        "south": {
          "uv": [
            9.6,
            8,
            10.2,
            10.2
          ],
          "texture": "#1"
        },
        "west": {
          "uv": [
            4.8,
            10.4,
            5.4,
            12.6
          ],
          "texture": "#1"
        }
      }
    },
    {
      "from": [
        7.6,
        10.0186,
        7.69057
      ],
      "to": [
        8.4,
        10.7686,
        8.44057
      ],
      "rotation": {
        "angle": -22.5,
        "axis": "x",
        "origin": [
          8,
          12.42072,
          6.79042
        ]
      },
      "faces": {
        "east": {
          "uv": [
            12.8,
            14.4,
            13.4,
            15
          ],
          "texture": "#1"
        },
        "south": {
          "uv": [
            14.4,
            12.8,
            15,
            13.4
          ],
          "texture": "#1"
        },
        "west": {
          "uv": [
            13.6,
            14.4,
            14.2,
            15
          ],
          "texture": "#1"
        },
        "up": {
          "uv": [
            15,
            14.2,
            14.4,
            13.6
          ],
          "texture": "#1"
        },
        "down": {
          "uv": [
            15,
            14.4,
            14.4,
            15
          ],
          "texture": "#1"
        }
      }
    },
    {
      "from": [
        7.775,
        10.7686,
        7.69057
      ],
      "to": [
        8.225,
        12.7686,
        8.29057
      ],
      "rotation": {
        "angle": -22.5,
        "axis": "x",
        "origin": [
          8,
          12.42072,
          6.79042
        ]
      },
      "faces": {
        "east": {
          "uv": [
            14.4,
            0.8,
            14.8,
            2.4
          ],
          "texture": "#1"
        },
        "south": {
          "uv": [
            1.6,
            14.4,
            2,
            16
          ],
          "texture": "#1"
        },
        "west": {
          "uv": [
            2.4,
            14.4,
            2.8,
            16
          ],
          "texture": "#1"
        }
      }
    },
    {
      "from": [
        7.5,
        12.1619,
        6.76327
      ],
      "to": [
        8.5,
        13.1619,
        9.26327
      ],
      "rotation": {
        "angle": -45,
        "axis": "x",
        "origin": [
          8,
          12.42072,
          6.79042
        ]
      },
      "faces": {
        "north": {
          "uv": [
            14.4,
            2.4,
            15.2,
            3.2
          ],
          "texture": "#1"
        },
        "east": {
          "uv": [
            8,
            6.4,
            10,
            7.2
          ],
          "texture": "#1"
        },
        "south": {
          "uv": [
            3.2,
            14.4,
            4,
            15.2
          ],
          "texture": "#1"
        },
        "west": {
          "uv": [
            8,
            7.2,
            10,
            8
          ],
          "texture": "#1"
        },
        "up": {
          "uv": [
            8.8,
            10,
            8,
            8
          ],
          "texture": "#1"
        },
        "down": {
          "uv": [
            9.6,
            8,
            8.8,
            10
          ],
          "texture": "#1"
        }
      }
    },
    {
      "from": [
        7.565,
        14.08079,
        7.13914
      ],
      "to": [
        8.435,
        14.95079,
        8.71914
      ],
      "rotation": {
        "angle": 22.5,
        "axis": "x",
        "origin": [
          8,
          12.42072,
          6.79042
        ]
      },
      "faces": {
        "east": {
          "uv": [
            12.8,
            3.2,
            14,
            3.8
          ],
          "texture": "#1"
        },
        "south": {
          "uv": [
            0,
            15.2,
            0.6,
            15.8
          ],
          "texture": "#1"
        },
        "west": {
          "uv": [
            12.8,
            7.2,
            14,
            7.8
          ],
          "texture": "#1"
        },
        "up": {
          "uv": [
            14.2,
            1.2,
            13.6,
            0
          ],
          "texture": "#1"
        },
        "down": {
          "uv": [
            14.2,
            4,
            13.6,
            5.2
          ],
          "texture": "#1"
        }
      }
    },
    {
      "from": [
        7.5,
        15.53558,
        8.71375
      ],
      "to": [
        8.5,
        16.53558,
        12.21375
      ],
      "rotation": {
        "angle": -22.5,
        "axis": "x",
        "origin": [
          8,
          15.92923,
          11.42963
        ]
      },
      "faces": {
        "east": {
          "uv": [
            6.4,
            4.8,
            9.2,
            5.6
          ],
          "texture": "#1"
        },
        "west": {
          "uv": [
            6.4,
            5.6,
            9.2,
            6.4
          ],
          "texture": "#1"
        },
        "up": {
          "uv": [
            7.2,
            9.2,
            6.4,
            6.4
          ],
          "texture": "#1"
        },
        "down": {
          "uv": [
            8,
            6.4,
            7.2,
            9.2
          ],
          "texture": "#1"
        }
      }
    },
    {
      "from": [
        7.6,
        10.14204,
        5.24064
      ],
      "to": [
        8.4,
        10.94204,
        7.54064
      ],
      "rotation": {
        "angle": 0,
        "axis": "x",
        "origin": [
          8,
          9.99572,
          7.54042
        ]
      },
      "faces": {
        "north": {
          "uv": [
            15.2,
            0,
            15.8,
            0.6
          ],
          "texture": "#1"
        },
        "east": {
          "uv": [
            9.6,
            4.8,
            11.4,
            5.4
          ],
          "texture": "#1"
        },
        "south": {
          "uv": [
            0.8,
            15.2,
            1.4,
            15.8
          ],
          "texture": "#1"
        },
        "west": {
          "uv": [
            9.6,
            5.6,
            11.4,
            6.2
          ],
          "texture": "#1"
        },
        "up": {
          "uv": [
            6.2,
            12.2,
            5.6,
            10.4
          ],
          "texture": "#1"
        },
        "down": {
          "uv": [
            11,
            6.4,
            10.4,
            8.2
          ],
          "texture": "#1"
        }
      }
    },
    {
      "from": [
        7.7,
        11.08276,
        4.7143
      ],
      "to": [
        8.3,
        11.68276,
        5.7643
      ],
      "rotation": {
        "angle": -22.5,
        "axis": "x",
        "origin": [
          8,
          9.99572,
          7.54042
        ]
      },
      "faces": {
        "north": {
          "uv": [
            7.2,
            15.2,
            7.6,
            15.6
          ],
          "texture": "#1"
        },
        "east": {
          "uv": [
            15.2,
            0.8,
            16,
            1.2
          ],
          "texture": "#1"
        },
        "south": {
          "uv": [
            15.2,
            7.2,
            15.6,
            7.6
          ],
          "texture": "#1"
        },
        "west": {
          "uv": [
            15.2,
            1.6,
            16,
            2
          ],
          "texture": "#1"
        },
        "up": {
          "uv": [
            15.6,
            3.2,
            15.2,
            2.4
          ],
          "texture": "#1"
        },
        "down": {
          "uv": [
            3.6,
            15.2,
            3.2,
            16
          ],
          "texture": "#1"
        }
      }
    },
    {
      "from": [
        7.8,
        12.15651,
        4.76906
      ],
      "to": [
        8.2,
        12.55651,
        5.56906
      ],
      "rotation": {
        "angle": -45,
        "axis": "x",
        "origin": [
          8,
          9.99572,
          7.54042
        ]
      },
      "faces": {
        "north": {
          "uv": [
            8,
            15.2,
            8.4,
            15.6
          ],
          "texture": "#1"
        },
        "east": {
          "uv": [
            4,
            15.2,
            4.6,
            15.6
          ],
          "texture": "#1"
        },
        "south": {
          "uv": [
            15.2,
            8,
            15.6,
            8.4
          ],
          "texture": "#1"
        },
        "west": {
          "uv": [
            4.8,
            15.2,
            5.4,
            15.6
          ],
          "texture": "#1"
        },
        "up": {
          "uv": [
            6,
            15.8,
            5.6,
            15.2
          ],
          "texture": "#1"
        },
        "down": {
          "uv": [
            6.8,
            15.2,
            6.4,
            15.8
          ],
          "texture": "#1"
        }
      }
    },
    {
      "from": [
        8,
        14.025,
        7.25
      ],
      "to": [
        8,
        16.775,
        14.25
      ],
      "rotation": {
        "angle": -22.5,
        "axis": "x",
        "origin": [
          8,
          14.025,
          7
        ]
      },
      "faces": {
        "north": {
          "uv": [
            0,
            0,
            0,
            2.2
          ],
          "texture": "#1"
        },
        "east": {
          "uv": [
            12,
            0,
            6.4,
            2.2
          ],
          "texture": "#1"
        },
        "south": {
          "uv": [
            0,
            0,
            0,
            2.2
          ],
          "texture": "#1"
        },
        "west": {
          "uv": [
            6.4,
            0,
            12,
            2.2
          ],
          "texture": "#1"
        },
        "up": {
          "uv": [
            0,
            5.6,
            0,
            0
          ],
          "texture": "#1"
        },
        "down": {
          "uv": [
            0,
            0,
            0,
            5.6
          ],
          "texture": "#1"
        }
      }
    },
    {
      "from": [
        8,
        10.03441,
        1.74949
      ],
      "to": [
        8,
        12.53441,
        7.74949
      ],
      "rotation": {
        "angle": 0,
        "axis": "x",
        "origin": [
          8,
          13.78441,
          2.49949
        ]
      },
      "faces": {
        "north": {
          "uv": [
            0,
            0,
            0,
            2
          ],
          "texture": "#1"
        },
        "east": {
          "uv": [
            11.2,
            2.4,
            6.4,
            4.4
          ],
          "texture": "#1"
        },
        "south": {
          "uv": [
            0,
            0,
            0,
            2
          ],
          "texture": "#1"
        },
        "west": {
          "uv": [
            6.4,
            2.4,
            11.2,
            4.4
          ],
          "texture": "#1"
        },
        "up": {
          "uv": [
            0,
            4.8,
            0,
            0
          ],
          "texture": "#1"
        },
        "down": {
          "uv": [
            0,
            0,
            0,
            4.8
          ],
          "texture": "#1"
        }
      }
    },
    {
      "from": [
        7.41,
        4.285,
        9.56
      ],
      "to": [
        8.59,
        5.465,
        10.74
      ],
      "rotation": {
        "angle": 45,
        "axis": "x",
        "origin": [
          8,
          4.875,
          5.15
        ]
      },
      "faces": {
        "north": {
          "uv": [
            9.6,
            11.4,
            10.6,
            10.4
          ],
          "texture": "#1"
        },
        "east": {
          "uv": [
            11.2,
            3.4,
            12.2,
            2.4
          ],
          "texture": "#1"
        },
        "south": {
          "uv": [
            11.2,
            7.4,
            12.2,
            6.4
          ],
          "texture": "#1"
        },
        "west": {
          "uv": [
            11.2,
            11.4,
            12.2,
            10.4
          ],
          "texture": "#1"
        },
        "up": {
          "uv": [
            13,
            5,
            12,
            4
          ],
          "texture": "#1"
        },
        "down": {
          "uv": [
            13,
            0,
            12,
            1
          ],
          "texture": "#1"
        }
      }
    },
    {
      "from": [
        7.6,
        3.2314,
        6.94057
      ],
      "to": [
        8.4,
        5.9814,
        7.69057
      ],
      "rotation": {
        "angle": 22.5,
        "axis": "x",
        "origin": [
          8,
          3.57928,
          6.79042
        ]
      },
      "faces": {
        "north": {
          "uv": [
            6.4,
            11.8,
            7,
            9.6
          ],
          "texture": "#1"
        },
        "east": {
          "uv": [
            7.2,
            11.8,
            7.8,
            9.6
          ],
          "texture": "#1"
        },
        "south": {
          "uv": [
            9.6,
            10.2,
            10.2,
            8
          ],
          "texture": "#1"
        },
        "west": {
          "uv": [
            4.8,
            12.6,
            5.4,
            10.4
          ],
          "texture": "#1"
        }
      }
    },
    {
      "from": [
        7.6,
        5.2314,
        7.69057
      ],
      "to": [
        8.4,
        5.9814,
        8.44057
      ],
      "rotation": {
        "angle": 22.5,
        "axis": "x",
        "origin": [
          8,
          3.57928,
          6.79042
        ]
      },
      "faces": {
        "east": {
          "uv": [
            12.8,
            15,
            13.4,
            14.4
          ],
          "texture": "#1"
        },
        "south": {
          "uv": [
            14.4,
            13.4,
            15,
            12.8
          ],
          "texture": "#1"
        },
        "west": {
          "uv": [
            13.6,
            15,
            14.2,
            14.4
          ],
          "texture": "#1"
        },
        "up": {
          "uv": [
            15,
            15,
            14.4,
            14.4
          ],
          "texture": "#1"
        },
        "down": {
          "uv": [
            15,
            13.6,
            14.4,
            14.2
          ],
          "texture": "#1"
        }
      }
    },
    {
      "from": [
        7.775,
        3.2314,
        7.69057
      ],
      "to": [
        8.225,
        5.2314,
        8.29057
      ],
      "rotation": {
        "angle": 22.5,
        "axis": "x",
        "origin": [
          8,
          3.57928,
          6.79042
        ]
      },
      "faces": {
        "east": {
          "uv": [
            14.4,
            2.4,
            14.8,
            0.8
          ],
          "texture": "#1"
        },
        "south": {
          "uv": [
            1.6,
            16,
            2,
            14.4
          ],
          "texture": "#1"
        },
        "west": {
          "uv": [
            2.4,
            16,
            2.8,
            14.4
          ],
          "texture": "#1"
        }
      }
    },
    {
      "from": [
        7.5,
        2.8381,
        6.76327
      ],
      "to": [
        8.5,
        3.8381,
        9.26327
      ],
      "rotation": {
        "angle": 45,
        "axis": "x",
        "origin": [
          8,
          3.57928,
          6.79042
        ]
      },
      "faces": {
        "north": {
          "uv": [
            14.4,
            3.2,
            15.2,
            2.4
          ],
          "texture": "#1"
        },
        "east": {
          "uv": [
            8,
            7.2,
            10,
            6.4
          ],
          "texture": "#1"
        },
        "south": {
          "uv": [
            3.2,
            15.2,
            4,
            14.4
          ],
          "texture": "#1"
        },
        "west": {
          "uv": [
            8,
            8,
            10,
            7.2
          ],
          "texture": "#1"
        },
        "up": {
          "uv": [
            9.6,
            10,
            8.8,
            8
          ],
          "texture": "#1"
        },
        "down": {
          "uv": [
            8.8,
            8,
            8,
            10
          ],
          "texture": "#1"
        }
      }
    },
    {
      "from": [
        7.565,
        1.04921,
        7.13914
      ],
      "to": [
        8.435,
        1.91921,
        8.71914
      ],
      "rotation": {
        "angle": -22.5,
        "axis": "x",
        "origin": [
          8,
          3.57928,
          6.79042
        ]
      },
      "faces": {
        "east": {
          "uv": [
            12.8,
            3.8,
            14,
            3.2
          ],
          "texture": "#1"
        },
        "south": {
          "uv": [
            0,
            15.8,
            0.6,
            15.2
          ],
          "texture": "#1"
        },
        "west": {
          "uv": [
            12.8,
            7.8,
            14,
            7.2
          ],
          "texture": "#1"
        },
        "up": {
          "uv": [
            14.2,
            5.2,
            13.6,
            4
          ],
          "texture": "#1"
        },
        "down": {
          "uv": [
            14.2,
            0,
            13.6,
            1.2
          ],
          "texture": "#1"
        }
      }
    },
    {
      "from": [
        7.5,
        -0.53558,
        8.71375
      ],
      "to": [
        8.5,
        0.46442,
        12.21375
      ],
      "rotation": {
        "angle": 22.5,
        "axis": "x",
        "origin": [
          8,
          0.07077,
          11.42963
        ]
      },
      "faces": {
        "east": {
          "uv": [
            6.4,
            5.6,
            9.2,
            4.8
          ],
          "texture": "#1"
        },
        "west": {
          "uv": [
            6.4,
            6.4,
            9.2,
            5.6
          ],
          "texture": "#1"
        },
        "up": {
          "uv": [
            8,
            9.2,
            7.2,
            6.4
          ],
          "texture": "#1"
        },
        "down": {
          "uv": [
            7.2,
            6.4,
            6.4,
            9.2
          ],
          "texture": "#1"
        }
      }
    },
    {
      "from": [
        7.6,
        5.05796,
        5.24064
      ],
      "to": [
        8.4,
        5.85796,
        7.54064
      ],
      "rotation": {
        "angle": 0,
        "axis": "x",
        "origin": [
          8,
          6.00428,
          7.54042
        ]
      },
      "faces": {
        "north": {
          "uv": [
            15.2,
            0.6,
            15.8,
            0
          ],
          "texture": "#1"
        },
        "east": {
          "uv": [
            9.6,
            5.4,
            11.4,
            4.8
          ],
          "texture": "#1"
        },
        "south": {
          "uv": [
            0.8,
            15.8,
            1.4,
            15.2
          ],
          "texture": "#1"
        },
        "west": {
          "uv": [
            9.6,
            6.2,
            11.4,
            5.6
          ],
          "texture": "#1"
        },
        "up": {
          "uv": [
            11,
            8.2,
            10.4,
            6.4
          ],
          "texture": "#1"
        },
        "down": {
          "uv": [
            6.2,
            10.4,
            5.6,
            12.2
          ],
          "texture": "#1"
        }
      }
    },
    {
      "from": [
        7.41,
        4.74947,
        7.41
      ],
      "to": [
        8.59,
        5.92947,
        8.59
      ],
      "rotation": {
        "angle": -45,
        "axis": "x",
        "origin": [
          8,
          5.33947,
          8
        ]
      },
      "faces": {
        "north": {
          "uv": [
            6.4,
            13,
            7.4,
            12
          ],
          "texture": "#1"
        },
        "east": {
          "uv": [
            8,
            13,
            9,
            12
          ],
          "texture": "#1"
        },
        "south": {
          "uv": [
            12,
            9,
            13,
            8
          ],
          "texture": "#1"
        },
        "west": {
          "uv": [
            9.6,
            13,
            10.6,
            12
          ],
          "texture": "#1"
        },
        "up": {
          "uv": [
            1,
            13.8,
            0,
            12.8
          ],
          "texture": "#1"
        },
        "down": {
          "uv": [
            12.2,
            12,
            11.2,
            13
          ],
          "texture": "#1"
        }
      }
    },
    {
      "from": [
        7.41,
        -0.84061,
        11.4727
      ],
      "to": [
        8.59,
        0.33939,
        12.6527
      ],
      "rotation": {
        "angle": 45,
        "axis": "x",
        "origin": [
          8,
          -0.25061,
          12.0627
        ]
      },
      "faces": {
        "north": {
          "uv": [
            1.6,
            13.8,
            2.6,
            12.8
          ],
          "texture": "#1"
        },
        "east": {
          "uv": [
            12.8,
            2.6,
            13.8,
            1.6
          ],
          "texture": "#1"
        },
        "south": {
          "uv": [
            3.2,
            13.8,
            4.2,
            12.8
          ],
          "texture": "#1"
        },
        "west": {
          "uv": [
            4.8,
            13.8,
            5.8,
            12.8
          ],
          "texture": "#1"
        },
        "up": {
          "uv": [
            13.8,
            10.6,
            12.8,
            9.6
          ],
          "texture": "#1"
        },
        "down": {
          "uv": [
            13.8,
            5.6,
            12.8,
            6.6
          ],
          "texture": "#1"
        }
      }
    },
    {
      "from": [
        8,
        -0.775,
        7.25
      ],
      "to": [
        8,
        1.975,
        14.25
      ],
      "rotation": {
        "angle": 22.5,
        "axis": "x",
        "origin": [
          8,
          1.975,
          7
        ]
      },
      "faces": {
        "north": {
          "uv": [
            0,
            2.2,
            0,
            0
          ],
          "texture": "#1"
        },
        "east": {
          "uv": [
            12,
            2.2,
            6.4,
            0
          ],
          "texture": "#1"
        },
        "south": {
          "uv": [
            0,
            2.2,
            0,
            0
          ],
          "texture": "#1"
        },
        "west": {
          "uv": [
            6.4,
            2.2,
            12,
            0
          ],
          "texture": "#1"
        },
        "up": {
          "uv": [
            0,
            5.6,
            0,
            0
          ],
          "texture": "#1"
        },
        "down": {
          "uv": [
            0,
            0,
            0,
            5.6
          ],
          "texture": "#1"
        }
      }
    },
    {
      "from": [
        8,
        3.46559,
        1.74949
      ],
      "to": [
        8,
        5.96559,
        7.74949
      ],
      "rotation": {
        "angle": 0,
        "axis": "x",
        "origin": [
          8,
          2.21559,
          2.49949
        ]
      },
      "faces": {
        "north": {
          "uv": [
            0,
            2,
            0,
            0
          ],
          "texture": "#1"
        },
        "east": {
          "uv": [
            11.2,
            4.4,
            6.4,
            2.4
          ],
          "texture": "#1"
        },
        "south": {
          "uv": [
            0,
            2,
            0,
            0
          ],
          "texture": "#1"
        },
        "west": {
          "uv": [
            6.4,
            4.4,
            11.2,
            2.4
          ],
          "texture": "#1"
        },
        "up": {
          "uv": [
            0,
            4.8,
            0,
            0
          ],
          "texture": "#1"
        },
        "down": {
          "uv": [
            0,
            0,
            0,
            4.8
          ],
          "texture": "#1"
        }
      }
    },
    {
      "from": [
        7.7,
        4.31724,
        4.7143
      ],
      "to": [
        8.3,
        4.91724,
        5.7643
      ],
      "rotation": {
        "angle": 22.5,
        "axis": "x",
        "origin": [
          8,
          6.00428,
          7.54042
        ]
      },
      "faces": {
        "north": {
          "uv": [
            7.2,
            15.6,
            7.6,
            15.2
          ],
          "texture": "#1"
        },
        "east": {
          "uv": [
            15.2,
            1.2,
            16,
            0.8
          ],
          "texture": "#1"
        },
        "south": {
          "uv": [
            15.2,
            7.6,
            15.6,
            7.2
          ],
          "texture": "#1"
        },
        "west": {
          "uv": [
            15.2,
            2,
            16,
            1.6
          ],
          "texture": "#1"
        },
        "up": {
          "uv": [
            3.6,
            16,
            3.2,
            15.2
          ],
          "texture": "#1"
        },
        "down": {
          "uv": [
            15.6,
            2.4,
            15.2,
            3.2
          ],
          "texture": "#1"
        }
      }
    },
    {
      "from": [
        7.8,
        3.44349,
        4.76906
      ],
      "to": [
        8.2,
        3.84349,
        5.56906
      ],
      "rotation": {
        "angle": 45,
        "axis": "x",
        "origin": [
          8,
          6.00428,
          7.54042
        ]
      },
      "faces": {
        "north": {
          "uv": [
            8,
            15.6,
            8.4,
            15.2
          ],
          "texture": "#1"
        },
        "east": {
          "uv": [
            4,
            15.6,
            4.6,
            15.2
          ],
          "texture": "#1"
        },
        "south": {
          "uv": [
            15.2,
            8.4,
            15.6,
            8
          ],
          "texture": "#1"
        },
        "west": {
          "uv": [
            4.8,
            15.6,
            5.4,
            15.2
          ],
          "texture": "#1"
        },
        "up": {
          "uv": [
            6.8,
            15.8,
            6.4,
            15.2
          ],
          "texture": "#1"
        },
        "down": {
          "uv": [
            6,
            15.2,
            5.6,
            15.8
          ],
          "texture": "#1"
        }
      }
    },
    {
      "from": [
        8,
        0,
        11.825
      ],
      "to": [
        8,
        16,
        17.825
      ],
      "rotation": {
        "angle": 0,
        "axis": "y",
        "origin": [
          8,
          0,
          0
        ]
      },
      "faces": {
        "north": {
          "uv": [
            0,
            0,
            0,
            12.8
          ],
          "texture": "#1"
        },
        "east": {
          "uv": [
            4.8,
            0,
            0,
            12.8
          ],
          "texture": "#1"
        },
        "south": {
          "uv": [
            0,
            0,
            0,
            12.8
          ],
          "texture": "#1"
        },
        "west": {
          "uv": [
            0,
            0,
            4.8,
            12.8
          ],
          "texture": "#1"
        },
        "up": {
          "uv": [
            0,
            4.8,
            0,
            0
          ],
          "texture": "#1"
        },
        "down": {
          "uv": [
            0,
            0,
            0,
            4.8
          ],
          "texture": "#1"
        }
      }
    },
    {
      "from": [
        7.3,
        9,
        6
      ],
      "to": [
        7.3,
        19,
        10
      ],
      "rotation": {
        "angle": 45,
        "axis": "x",
        "origin": [
          7.3,
          14,
          8
        ]
      },
      "faces": {
        "north": {
          "uv": [
            0,
            0,
            0,
            8
          ],
          "texture": "#2"
        },
        "south": {
          "uv": [
            0,
            0,
            0,
            8
          ],
          "texture": "#2"
        },
        "west": {
          "uv": [
            0,
            0,
            5.33333,
            13.33333
          ],
          "texture": "#2"
        },
        "up": {
          "uv": [
            0,
            3.2,
            0,
            0
          ],
          "texture": "#2"
        },
        "down": {
          "uv": [
            0,
            0,
            0,
            3.2
          ],
          "texture": "#2"
        }
      }
    },
    {
      "from": [
        7.3,
        -3,
        6
      ],
      "to": [
        7.3,
        7,
        10
      ],
      "rotation": {
        "angle": -45,
        "axis": "x",
        "origin": [
          7.3,
          2,
          8
        ]
      },
      "faces": {
        "north": {
          "uv": [
            0,
            8,
            0,
            0
          ],
          "texture": "#2"
        },
        "south": {
          "uv": [
            0,
            8,
            0,
            0
          ],
          "texture": "#2"
        },
        "west": {
          "uv": [
            0,
            13.33333,
            5.33333,
            0
          ],
          "texture": "#2"
        },
        "up": {
          "uv": [
            0,
            3.2,
            0,
            0
          ],
          "texture": "#2"
        },
        "down": {
          "uv": [
            0,
            0,
            0,
            3.2
          ],
          "texture": "#2"
        }
      }
    },
    {
      "from": [
        8.7,
        -3,
        6
      ],
      "to": [
        8.7,
        7,
        10
      ],
      "rotation": {
        "angle": -45,
        "axis": "x",
        "origin": [
          8.7,
          2,
          8
        ]
      },
      "faces": {
        "north": {
          "uv": [
            0,
            8,
            0,
            0
          ],
          "texture": "#2"
        },
        "east": {
          "uv": [
            5.33333,
            13.33333,
            0,
            0
          ],
          "texture": "#2"
        },
        "south": {
          "uv": [
            0,
            8,
            0,
            0
          ],
          "texture": "#2"
        },
        "up": {
          "uv": [
            0,
            3.2,
            0,
            0
          ],
          "texture": "#2"
        },
        "down": {
          "uv": [
            0,
            0,
            0,
            3.2
          ],
          "texture": "#2"
        }
      }
    },
    {
      "from": [
        8.7,
        9,
        6
      ],
      "to": [
        8.7,
        19,
        10
      ],
      "rotation": {
        "angle": 45,
        "axis": "x",
        "origin": [
          8.7,
          14,
          8
        ]
      },
      "faces": {
        "north": {
          "uv": [
            0,
            0,
            0,
            8
          ],
          "texture": "#2"
        },
        "east": {
          "uv": [
            5.33333,
            0,
            0,
            13.33333
          ],
          "texture": "#2"
        },
        "south": {
          "uv": [
            0,
            0,
            0,
            8
          ],
          "texture": "#2"
        },
        "up": {
          "uv": [
            0,
            3.2,
            0,
            0
          ],
          "texture": "#2"
        },
        "down": {
          "uv": [
            0,
            0,
            0,
            3.2
          ],
          "texture": "#2"
        }
      }
    }
  ],
  "gui_light": "front",
  "display": {
    "thirdperson_righthand": {
      "translation": [
        0,
        -2,
        1
      ]
    },
    "thirdperson_lefthand": {
      "translation": [
        0,
        -2,
        1
      ]
    },
    "firstperson_righthand": {
      "translation": [
        -1.25,
        4.5,
        1
      ]
    },
    "firstperson_lefthand": {
      "translation": [
        -1.25,
        4.5,
        1
      ]
    },
    "ground": {
      "translation": [
        0,
        10.5,
        0
      ]
    },
    "gui": {
      "rotation": [
        90,
        45,
        90
      ],
      "translation": [
        -2,
        2,
        0
      ],
      "scale": [
        0.95313,
        0.95313,
        0.95313
      ]
    },
    "head": {
      "scale": [
        0,
        0,
        0
      ]
    },
    "fixed": {
      "rotation": [
        90,
        -90,
        90
      ],
      "translation": [
        0.25,
        0,
        -1
      ],
      "scale": [
        2.17383,
        2.17383,
        2.17383
      ]
    }
  }
}