{
  "credit": "MadebyPolygonMC",
  "texture_size": [
    32,
    32
  ],
  "textures": {
    "1": "xmasset:animations/animation_1",
    "2": "xmasset:chest",
    "particle": "xmasset:chest"
  },
  "elements": [
    {
      "from": [
        4,
        7.42725,
        4
      ],
      "to": [
        12,
        8.42725,
        12
      ],
      "rotation": {
        "angle": 0,
        "axis": "x",
        "origin": [
          7.975,
          7.425,
          11.98775
        ]
      },
      "faces": {
        "north": {
          "uv": [
            11.5,
            7.5,
            15.5,
            8
          ],
          "texture": "#2"
        },
        "east": {
          "uv": [
            8,
            11.5,
            12,
            12
          ],
          "texture": "#2"
        },
        "south": {
          "uv": [
            0,
            12,
            4,
            12.5
          ],
          "texture": "#2"
        },
        "west": {
          "uv": [
            12,
            0,
            16,
            0.5
          ],
          "texture": "#2"
        },
        "up": {
          "uv": [
            4,
            12,
            0,
            8
          ],
          "texture": "#2"
        },
        "down": {
          "uv": [
            12,
            0,
            8,
            4
          ],
          "texture": "#2"
        }
      }
    },
    {
      "from": [
        4.875,
        8.42725,
        4.48633
      ],
      "to": [
        11.125,
        9.92725,
        4.48633
      ],
      "rotation": {
        "angle": 0,
        "axis": "x",
        "origin": [
          7.975,
          7.425,
          11.98775
        ]
      },
      "faces": {
        "north": {
          "uv": [
            10.5,
            4,
            13.625,
            4.75
          ],
          "texture": "#2"
        },
        "east": {
          "uv": [
            0,
            0,
            0,
            0.75
          ],
          "texture": "#2"
        },
        "west": {
          "uv": [
            0,
            0,
            0,
            0.75
          ],
          "texture": "#2"
        },
        "up": {
          "uv": [
            3.125,
            0,
            0,
            0
          ],
          "texture": "#2"
        },
        "down": {
          "uv": [
            3.125,
            0,
            0,
            0
          ],
          "texture": "#2"
        }
      }
    },
    {
      "from": [
        4.875,
        6.86611,
        4.09977
      ],
      "to": [
        11.125,
        7.86611,
        4.09977
      ],
      "rotation": {
        "angle": 22.5,
        "axis": "x",
        "origin": [
          7.975,
          7.425,
          11.98775
        ]
      },
      "faces": {
        "north": {
          "uv": [
            4,
            12,
            7.125,
            12.5
          ],
          "texture": "#2"
        },
        "east": {
          "uv": [
            0,
            0,
            0,
            0.5
          ],
          "texture": "#2"
        },
        "west": {
          "uv": [
            0,
            0,
            0,
            0.5
          ],
          "texture": "#2"
        },
        "up": {
          "uv": [
            3.125,
            0,
            0,
            0
          ],
          "texture": "#2"
        },
        "down": {
          "uv": [
            3.125,
            0,
            0,
            0
          ],
          "texture": "#2"
        }
      }
    },
    {
      "from": [
        4.875,
        4.81393,
        4.53141
      ],
      "to": [
        11.125,
        5.81393,
        4.53141
      ],
      "rotation": {
        "angle": 45,
        "axis": "x",
        "origin": [
          7.975,
          7.425,
          11.98775
        ]
      },
      "faces": {
        "north": {
          "uv": [
            7.5,
            12,
            10.625,
            12.5
          ],
          "texture": "#2"
        },
        "east": {
          "uv": [
            0,
            0,
            0,
            0.5
          ],
          "texture": "#2"
        },
        "west": {
          "uv": [
            0,
            0,
            0,
            0.5
          ],
          "texture": "#2"
        },
        "up": {
          "uv": [
            3.125,
            0,
            0,
            0
          ],
          "texture": "#2"
        },
        "down": {
          "uv": [
            3.125,
            0,
            0,
            0
          ],
          "texture": "#2"
        }
      }
    },
    {
      "from": [
        4.875,
        13.69624,
        7.6459
      ],
      "to": [
        11.125,
        13.69624,
        8.6459
      ],
      "rotation": {
        "angle": -22.5,
        "axis": "x",
        "origin": [
          7.975,
          7.425,
          11.98775
        ]
      },
      "faces": {
        "north": {
          "uv": [
            0,
            0,
            3.125,
            0
          ],
          "texture": "#2"
        },
        "east": {
          "uv": [
            0,
            0,
            0.5,
            0
          ],
          "texture": "#2"
        },
        "south": {
          "uv": [
            0,
            0,
            3.125,
            0
          ],
          "texture": "#2"
        },
        "west": {
          "uv": [
            0,
            0,
            0.5,
            0
          ],
          "texture": "#2"
        },
        "up": {
          "uv": [
            15.125,
            4,
            12,
            3.5
          ],
          "texture": "#2"
        }
      }
    },
    {
      "from": [
        4.875,
        11.93992,
        6.5
      ],
      "to": [
        11.125,
        11.93992,
        9.5
      ],
      "rotation": {
        "angle": 0,
        "axis": "x",
        "origin": [
          7.975,
          7.425,
          11.98775
        ]
      },
      "faces": {
        "north": {
          "uv": [
            0,
            0,
            3.125,
            0
          ],
          "texture": "#2"
        },
        "east": {
          "uv": [
            0,
            0,
            1.5,
            0
          ],
          "texture": "#2"
        },
        "south": {
          "uv": [
            0,
            0,
            3.125,
            0
          ],
          "texture": "#2"
        },
        "west": {
          "uv": [
            0,
            0,
            1.5,
            0
          ],
          "texture": "#2"
        },
        "up": {
          "uv": [
            11.125,
            8,
            8,
            6.5
          ],
          "texture": "#2"
        }
      }
    },
    {
      "from": [
        11.75,
        7.92725,
        5
      ],
      "to": [
        11.75,
        11.67725,
        11
      ],
      "rotation": {
        "angle": 0,
        "axis": "x",
        "origin": [
          7.975,
          7.425,
          11.98775
        ]
      },
      "faces": {
        "north": {
          "uv": [
            0,
            0,
            0,
            1.875
          ],
          "texture": "#2"
        },
        "east": {
          "uv": [
            6.5,
            8,
            9.5,
            9.875
          ],
          "texture": "#2"
        },
        "south": {
          "uv": [
            0,
            0,
            0,
            1.875
          ],
          "texture": "#2"
        },
        "up": {
          "uv": [
            0,
            3,
            0,
            0
          ],
          "texture": "#2"
        },
        "down": {
          "uv": [
            0,
            0,
            0,
            3
          ],
          "texture": "#2"
        }
      }
    },
    {
      "from": [
        11,
        7.67725,
        3.75
      ],
      "to": [
        12.25,
        9.67725,
        5
      ],
      "rotation": {
        "angle": 0,
        "axis": "x",
        "origin": [
          7.975,
          7.425,
          11.98775
        ]
      },
      "faces": {
        "north": {
          "uv": [
            11,
            13,
            11.625,
            14
          ],
          "texture": "#2"
        },
        "east": {
          "uv": [
            13,
            11,
            13.625,
            12
          ],
          "texture": "#2"
        },
        "south": {
          "uv": [
            12,
            13,
            12.625,
            14
          ],
          "texture": "#2"
        },
        "west": {
          "uv": [
            13,
            12,
            13.625,
            13
          ],
          "texture": "#2"
        },
        "up": {
          "uv": [
            10.625,
            14.625,
            10,
            14
          ],
          "texture": "#2"
        },
        "down": {
          "uv": [
            11.625,
            14,
            11,
            14.625
          ],
          "texture": "#2"
        }
      }
    },
    {
      "from": [
        11.02,
        11.44775,
        6.7705
      ],
      "to": [
        12.23,
        12.69775,
        9.2305
      ],
      "rotation": {
        "angle": 0,
        "axis": "x",
        "origin": [
          7.975,
          7.425,
          11.98775
        ]
      },
      "faces": {
        "north": {
          "uv": [
            6,
            14,
            6.625,
            14.625
          ],
          "texture": "#2"
        },
        "east": {
          "uv": [
            7,
            12.5,
            8.25,
            13.125
          ],
          "texture": "#2"
        },
        "south": {
          "uv": [
            14,
            8,
            14.625,
            8.625
          ],
          "texture": "#2"
        },
        "west": {
          "uv": [
            8.5,
            12.5,
            9.75,
            13.125
          ],
          "texture": "#2"
        },
        "up": {
          "uv": [
            10.625,
            13.75,
            10,
            12.5
          ],
          "texture": "#2"
        },
        "down": {
          "uv": [
            13.625,
            8,
            13,
            9.25
          ],
          "texture": "#2"
        }
      }
    },
    {
      "from": [
        11.015,
        13.04294,
        7.68544
      ],
      "to": [
        12.235,
        14.29294,
        9.18544
      ],
      "rotation": {
        "angle": -22.5,
        "axis": "x",
        "origin": [
          7.975,
          7.425,
          11.98775
        ]
      },
      "faces": {
        "east": {
          "uv": [
            8,
            13.5,
            8.75,
            14.125
          ],
          "texture": "#2"
        },
        "west": {
          "uv": [
            9,
            13.5,
            9.75,
            14.125
          ],
          "texture": "#2"
        },
        "up": {
          "uv": [
            14.125,
            10.75,
            13.5,
            10
          ],
          "texture": "#2"
        },
        "down": {
          "uv": [
            3.625,
            14,
            3,
            14.75
          ],
          "texture": "#2"
        }
      }
    },
    {
      "from": [
        11.01,
        4.57843,
        3.99618
      ],
      "to": [
        12.24,
        6.07843,
        5.24618
      ],
      "rotation": {
        "angle": 45,
        "axis": "x",
        "origin": [
          7.975,
          7.425,
          11.98775
        ]
      },
      "faces": {
        "north": {
          "uv": [
            13.5,
            1.5,
            14.125,
            2.25
          ],
          "texture": "#2"
        },
        "east": {
          "uv": [
            2,
            13.5,
            2.625,
            14.25
          ],
          "texture": "#2"
        },
        "south": {
          "uv": [
            13.5,
            2.5,
            14.125,
            3.25
          ],
          "texture": "#2"
        },
        "west": {
          "uv": [
            7,
            13.5,
            7.625,
            14.25
          ],
          "texture": "#2"
        },
        "up": {
          "uv": [
            5.625,
            14.625,
            5,
            14
          ],
          "texture": "#2"
        }
      }
    },
    {
      "from": [
        11.005,
        6.35335,
        3.51516
      ],
      "to": [
        12.245,
        7.85335,
        4.76516
      ],
      "rotation": {
        "angle": 22.5,
        "axis": "x",
        "origin": [
          7.975,
          7.425,
          11.98775
        ]
      },
      "faces": {
        "north": {
          "uv": [
            13,
            13,
            13.625,
            13.75
          ],
          "texture": "#2"
        },
        "east": {
          "uv": [
            0,
            13.5,
            0.625,
            14.25
          ],
          "texture": "#2"
        },
        "south": {
          "uv": [
            13.5,
            0.5,
            14.125,
            1.25
          ],
          "texture": "#2"
        },
        "west": {
          "uv": [
            1,
            13.5,
            1.625,
            14.25
          ],
          "texture": "#2"
        },
        "up": {
          "uv": [
            14.625,
            4.625,
            14,
            4
          ],
          "texture": "#2"
        }
      }
    },
    {
      "from": [
        11,
        7.67725,
        11
      ],
      "to": [
        12.25,
        9.67725,
        12.25
      ],
      "rotation": {
        "angle": 0,
        "axis": "x",
        "origin": [
          7.975,
          7.425,
          11.98775
        ]
      },
      "faces": {
        "north": {
          "uv": [
            12.625,
            13,
            12,
            14
          ],
          "texture": "#2"
        },
        "east": {
          "uv": [
            13.625,
            11,
            13,
            12
          ],
          "texture": "#2"
        },
        "south": {
          "uv": [
            11.625,
            13,
            11,
            14
          ],
          "texture": "#2"
        },
        "west": {
          "uv": [
            13.625,
            12,
            13,
            13
          ],
          "texture": "#2"
        },
        "up": {
          "uv": [
            10.625,
            14,
            10,
            14.625
          ],
          "texture": "#2"
        },
        "down": {
          "uv": [
            11.625,
            14.625,
            11,
            14
          ],
          "texture": "#2"
        }
      }
    },
    {
      "from": [
        11.005,
        9.40545,
        11.84194
      ],
      "to": [
        12.245,
        10.90545,
        13.09194
      ],
      "rotation": {
        "angle": -22.5,
        "axis": "x",
        "origin": [
          7.975,
          7.425,
          11.98775
        ]
      },
      "faces": {
        "north": {
          "uv": [
            14.125,
            0.5,
            13.5,
            1.25
          ],
          "texture": "#2"
        },
        "east": {
          "uv": [
            0.625,
            13.5,
            0,
            14.25
          ],
          "texture": "#2"
        },
        "south": {
          "uv": [
            13.625,
            13,
            13,
            13.75
          ],
          "texture": "#2"
        },
        "west": {
          "uv": [
            1.625,
            13.5,
            1,
            14.25
          ],
          "texture": "#2"
        },
        "up": {
          "uv": [
            14.625,
            4,
            14,
            4.625
          ],
          "texture": "#2"
        }
      }
    },
    {
      "from": [
        11.01,
        10.21796,
        13.08979
      ],
      "to": [
        12.24,
        11.71796,
        14.33979
      ],
      "rotation": {
        "angle": -45,
        "axis": "x",
        "origin": [
          7.975,
          7.425,
          11.98775
        ]
      },
      "faces": {
        "north": {
          "uv": [
            14.125,
            2.5,
            13.5,
            3.25
          ],
          "texture": "#2"
        },
        "east": {
          "uv": [
            2.625,
            13.5,
            2,
            14.25
          ],
          "texture": "#2"
        },
        "south": {
          "uv": [
            14.125,
            1.5,
            13.5,
            2.25
          ],
          "texture": "#2"
        },
        "west": {
          "uv": [
            7.625,
            13.5,
            7,
            14.25
          ],
          "texture": "#2"
        },
        "up": {
          "uv": [
            5.625,
            14,
            5,
            14.625
          ],
          "texture": "#2"
        }
      }
    },
    {
      "from": [
        11.015,
        9.99085,
        7.42166
      ],
      "to": [
        12.235,
        11.24085,
        8.92166
      ],
      "rotation": {
        "angle": 22.5,
        "axis": "x",
        "origin": [
          7.975,
          7.425,
          11.98775
        ]
      },
      "faces": {
        "east": {
          "uv": [
            8.75,
            13.5,
            8,
            14.125
          ],
          "texture": "#2"
        },
        "west": {
          "uv": [
            9.75,
            13.5,
            9,
            14.125
          ],
          "texture": "#2"
        },
        "up": {
          "uv": [
            14.125,
            10,
            13.5,
            10.75
          ],
          "texture": "#2"
        },
        "down": {
          "uv": [
            3.625,
            14.75,
            3,
            14
          ],
          "texture": "#2"
        }
      }
    },
    {
      "from": [
        3.75,
        7.67725,
        11
      ],
      "to": [
        5,
        9.67725,
        12.25
      ],
      "rotation": {
        "angle": 0,
        "axis": "x",
        "origin": [
          7.975,
          7.425,
          11.98775
        ]
      },
      "faces": {
        "north": {
          "uv": [
            12,
            13,
            12.625,
            14
          ],
          "texture": "#2"
        },
        "east": {
          "uv": [
            13,
            12,
            13.625,
            13
          ],
          "texture": "#2"
        },
        "south": {
          "uv": [
            11,
            13,
            11.625,
            14
          ],
          "texture": "#2"
        },
        "west": {
          "uv": [
            13,
            11,
            13.625,
            12
          ],
          "texture": "#2"
        },
        "up": {
          "uv": [
            10,
            14,
            10.625,
            14.625
          ],
          "texture": "#2"
        },
        "down": {
          "uv": [
            11,
            14.625,
            11.625,
            14
          ],
          "texture": "#2"
        }
      }
    },
    {
      "from": [
        3.755,
        9.40545,
        11.84194
      ],
      "to": [
        4.995,
        10.90545,
        13.09194
      ],
      "rotation": {
        "angle": -22.5,
        "axis": "x",
        "origin": [
          7.975,
          7.425,
          11.98775
        ]
      },
      "faces": {
        "north": {
          "uv": [
            13.5,
            0.5,
            14.125,
            1.25
          ],
          "texture": "#2"
        },
        "east": {
          "uv": [
            1,
            13.5,
            1.625,
            14.25
          ],
          "texture": "#2"
        },
        "south": {
          "uv": [
            13,
            13,
            13.625,
            13.75
          ],
          "texture": "#2"
        },
        "west": {
          "uv": [
            0,
            13.5,
            0.625,
            14.25
          ],
          "texture": "#2"
        },
        "up": {
          "uv": [
            14,
            4,
            14.625,
            4.625
          ],
          "texture": "#2"
        }
      }
    },
    {
      "from": [
        3.76,
        10.21796,
        13.08979
      ],
      "to": [
        4.99,
        11.71796,
        14.33979
      ],
      "rotation": {
        "angle": -45,
        "axis": "x",
        "origin": [
          7.975,
          7.425,
          11.98775
        ]
      },
      "faces": {
        "north": {
          "uv": [
            13.5,
            2.5,
            14.125,
            3.25
          ],
          "texture": "#2"
        },
        "east": {
          "uv": [
            7,
            13.5,
            7.625,
            14.25
          ],
          "texture": "#2"
        },
        "south": {
          "uv": [
            13.5,
            1.5,
            14.125,
            2.25
          ],
          "texture": "#2"
        },
        "west": {
          "uv": [
            2,
            13.5,
            2.625,
            14.25
          ],
          "texture": "#2"
        },
        "up": {
          "uv": [
            5,
            14,
            5.625,
            14.625
          ],
          "texture": "#2"
        }
      }
    },
    {
      "from": [
        3.765,
        9.99085,
        7.42166
      ],
      "to": [
        4.985,
        11.24085,
        8.92166
      ],
      "rotation": {
        "angle": 22.5,
        "axis": "x",
        "origin": [
          7.975,
          7.425,
          11.98775
        ]
      },
      "faces": {
        "east": {
          "uv": [
            9,
            13.5,
            9.75,
            14.125
          ],
          "texture": "#2"
        },
        "west": {
          "uv": [
            8,
            13.5,
            8.75,
            14.125
          ],
          "texture": "#2"
        },
        "up": {
          "uv": [
            13.5,
            10,
            14.125,
            10.75
          ],
          "texture": "#2"
        },
        "down": {
          "uv": [
            3,
            14.75,
            3.625,
            14
          ],
          "texture": "#2"
        }
      }
    },
    {
      "from": [
        3.77,
        11.44775,
        6.7705
      ],
      "to": [
        4.98,
        12.69775,
        9.2305
      ],
      "rotation": {
        "angle": 0,
        "axis": "x",
        "origin": [
          7.975,
          7.425,
          11.98775
        ]
      },
      "faces": {
        "north": {
          "uv": [
            6.625,
            14,
            6,
            14.625
          ],
          "texture": "#2"
        },
        "east": {
          "uv": [
            9.75,
            12.5,
            8.5,
            13.125
          ],
          "texture": "#2"
        },
        "south": {
          "uv": [
            14.625,
            8,
            14,
            8.625
          ],
          "texture": "#2"
        },
        "west": {
          "uv": [
            8.25,
            12.5,
            7,
            13.125
          ],
          "texture": "#2"
        },
        "up": {
          "uv": [
            10,
            13.75,
            10.625,
            12.5
          ],
          "texture": "#2"
        },
        "down": {
          "uv": [
            13,
            8,
            13.625,
            9.25
          ],
          "texture": "#2"
        }
      }
    },
    {
      "from": [
        3.765,
        13.04294,
        7.68544
      ],
      "to": [
        4.985,
        14.29294,
        9.18544
      ],
      "rotation": {
        "angle": -22.5,
        "axis": "x",
        "origin": [
          7.975,
          7.425,
          11.98775
        ]
      },
      "faces": {
        "east": {
          "uv": [
            9.75,
            13.5,
            9,
            14.125
          ],
          "texture": "#2"
        },
        "west": {
          "uv": [
            8.75,
            13.5,
            8,
            14.125
          ],
          "texture": "#2"
        },
        "up": {
          "uv": [
            13.5,
            10.75,
            14.125,
            10
          ],
          "texture": "#2"
        },
        "down": {
          "uv": [
            3,
            14,
            3.625,
            14.75
          ],
          "texture": "#2"
        }
      }
    },
    {
      "from": [
        3.76,
        4.57843,
        3.99618
      ],
      "to": [
        4.99,
        6.07843,
        5.24618
      ],
      "rotation": {
        "angle": 45,
        "axis": "x",
        "origin": [
          7.975,
          7.425,
          11.98775
        ]
      },
      "faces": {
        "north": {
          "uv": [
            14.125,
            1.5,
            13.5,
            2.25
          ],
          "texture": "#2"
        },
        "east": {
          "uv": [
            7.625,
            13.5,
            7,
            14.25
          ],
          "texture": "#2"
        },
        "south": {
          "uv": [
            14.125,
            2.5,
            13.5,
            3.25
          ],
          "texture": "#2"
        },
        "west": {
          "uv": [
            2.625,
            13.5,
            2,
            14.25
          ],
          "texture": "#2"
        },
        "up": {
          "uv": [
            5,
            14.625,
            5.625,
            14
          ],
          "texture": "#2"
        }
      }
    },
    {
      "from": [
        3.755,
        6.35335,
        3.51516
      ],
      "to": [
        4.995,
        7.85335,
        4.76516
      ],
      "rotation": {
        "angle": 22.5,
        "axis": "x",
        "origin": [
          7.975,
          7.425,
          11.98775
        ]
      },
      "faces": {
        "north": {
          "uv": [
            13.625,
            13,
            13,
            13.75
          ],
          "texture": "#2"
        },
        "east": {
          "uv": [
            1.625,
            13.5,
            1,
            14.25
          ],
          "texture": "#2"
        },
        "south": {
          "uv": [
            14.125,
            0.5,
            13.5,
            1.25
          ],
          "texture": "#2"
        },
        "west": {
          "uv": [
            0.625,
            13.5,
            0,
            14.25
          ],
          "texture": "#2"
        },
        "up": {
          "uv": [
            14,
            4.625,
            14.625,
            4
          ],
          "texture": "#2"
        }
      }
    },
    {
      "from": [
        3.75,
        7.67725,
        3.75
      ],
      "to": [
        5,
        9.67725,
        5
      ],
      "rotation": {
        "angle": 0,
        "axis": "x",
        "origin": [
          7.975,
          7.425,
          11.98775
        ]
      },
      "faces": {
        "north": {
          "uv": [
            11.625,
            13,
            11,
            14
          ],
          "texture": "#2"
        },
        "east": {
          "uv": [
            13.625,
            12,
            13,
            13
          ],
          "texture": "#2"
        },
        "south": {
          "uv": [
            12.625,
            13,
            12,
            14
          ],
          "texture": "#2"
        },
        "west": {
          "uv": [
            13.625,
            11,
            13,
            12
          ],
          "texture": "#2"
        },
        "up": {
          "uv": [
            10,
            14.625,
            10.625,
            14
          ],
          "texture": "#2"
        },
        "down": {
          "uv": [
            11,
            14,
            11.625,
            14.625
          ],
          "texture": "#2"
        }
      }
    },
    {
      "from": [
        4.25,
        7.92725,
        5
      ],
      "to": [
        4.25,
        11.67725,
        11
      ],
      "rotation": {
        "angle": 0,
        "axis": "x",
        "origin": [
          7.975,
          7.425,
          11.98775
        ]
      },
      "faces": {
        "north": {
          "uv": [
            0,
            0,
            0,
            1.875
          ],
          "texture": "#2"
        },
        "south": {
          "uv": [
            0,
            0,
            0,
            1.875
          ],
          "texture": "#2"
        },
        "west": {
          "uv": [
            9.5,
            8,
            6.5,
            9.875
          ],
          "texture": "#2"
        },
        "up": {
          "uv": [
            0,
            3,
            0,
            0
          ],
          "texture": "#2"
        },
        "down": {
          "uv": [
            0,
            0,
            0,
            3
          ],
          "texture": "#2"
        }
      }
    },
    {
      "from": [
        4.875,
        8.42725,
        11.51367
      ],
      "to": [
        11.125,
        9.92725,
        11.51367
      ],
      "rotation": {
        "angle": 0,
        "axis": "x",
        "origin": [
          7.975,
          7.425,
          11.98775
        ]
      },
      "faces": {
        "east": {
          "uv": [
            0,
            0,
            0,
            0.75
          ],
          "texture": "#2"
        },
        "south": {
          "uv": [
            13.625,
            4,
            10.5,
            4.75
          ],
          "texture": "#2"
        },
        "west": {
          "uv": [
            0,
            0,
            0,
            0.75
          ],
          "texture": "#2"
        },
        "up": {
          "uv": [
            3.125,
            0,
            0,
            0
          ],
          "texture": "#2"
        },
        "down": {
          "uv": [
            3.125,
            0,
            0,
            0
          ],
          "texture": "#2"
        }
      }
    },
    {
      "from": [
        4.875,
        9.9182,
        12.50733
      ],
      "to": [
        11.125,
        10.9182,
        12.50733
      ],
      "rotation": {
        "angle": -22.5,
        "axis": "x",
        "origin": [
          7.975,
          7.425,
          11.98775
        ]
      },
      "faces": {
        "east": {
          "uv": [
            0,
            0,
            0,
            0.5
          ],
          "texture": "#2"
        },
        "south": {
          "uv": [
            7.125,
            12,
            4,
            12.5
          ],
          "texture": "#2"
        },
        "west": {
          "uv": [
            0,
            0,
            0,
            0.5
          ],
          "texture": "#2"
        },
        "up": {
          "uv": [
            3.125,
            0,
            0,
            0
          ],
          "texture": "#2"
        },
        "down": {
          "uv": [
            3.125,
            0,
            0,
            0
          ],
          "texture": "#2"
        }
      }
    },
    {
      "from": [
        4.875,
        10.45346,
        13.80457
      ],
      "to": [
        11.125,
        11.45346,
        13.80457
      ],
      "rotation": {
        "angle": -45,
        "axis": "x",
        "origin": [
          7.975,
          7.425,
          11.98775
        ]
      },
      "faces": {
        "east": {
          "uv": [
            0,
            0,
            0,
            0.5
          ],
          "texture": "#2"
        },
        "south": {
          "uv": [
            10.625,
            12,
            7.5,
            12.5
          ],
          "texture": "#2"
        },
        "west": {
          "uv": [
            0,
            0,
            0,
            0.5
          ],
          "texture": "#2"
        },
        "up": {
          "uv": [
            3.125,
            0,
            0,
            0
          ],
          "texture": "#2"
        },
        "down": {
          "uv": [
            3.125,
            0,
            0,
            0
          ],
          "texture": "#2"
        }
      }
    },
    {
      "from": [
        4.875,
        10.64414,
        7.9612
      ],
      "to": [
        11.125,
        10.64414,
        8.9612
      ],
      "rotation": {
        "angle": 22.5,
        "axis": "x",
        "origin": [
          7.975,
          7.425,
          11.98775
        ]
      },
      "faces": {
        "north": {
          "uv": [
            3.125,
            0,
            0,
            0
          ],
          "texture": "#2"
        },
        "east": {
          "uv": [
            0.5,
            0,
            0,
            0
          ],
          "texture": "#2"
        },
        "south": {
          "uv": [
            3.125,
            0,
            0,
            0
          ],
          "texture": "#2"
        },
        "west": {
          "uv": [
            0.5,
            0,
            0,
            0
          ],
          "texture": "#2"
        },
        "up": {
          "uv": [
            15.125,
            3.5,
            12,
            4
          ],
          "texture": "#2"
        }
      }
    },
    {
      "from": [
        11,
        2.92725,
        3
      ],
      "to": [
        13,
        4.92725,
        5
      ],
      "rotation": {
        "angle": 0,
        "axis": "y",
        "origin": [
          16,
          2.92725,
          0
        ]
      },
      "faces": {
        "north": {
          "uv": [
            11,
            12,
            12,
            13
          ],
          "texture": "#2"
        },
        "east": {
          "uv": [
            12,
            11,
            13,
            12
          ],
          "texture": "#2"
        },
        "south": {
          "uv": [
            12,
            12,
            13,
            13
          ],
          "texture": "#2"
        },
        "west": {
          "uv": [
            13,
            12,
            12,
            13
          ],
          "texture": "#2"
        },
        "up": {
          "uv": [
            2,
            13.5,
            1,
            12.5
          ],
          "texture": "#2"
        },
        "down": {
          "uv": [
            3,
            12.5,
            2,
            13.5
          ],
          "texture": "#2"
        }
      }
    },
    {
      "from": [
        4,
        3.42725,
        4
      ],
      "to": [
        12,
        4.42725,
        12
      ],
      "rotation": {
        "angle": 0,
        "axis": "y",
        "origin": [
          0,
          2.92725,
          0
        ]
      },
      "faces": {
        "north": {
          "uv": [
            10.5,
            5,
            14.5,
            5.5
          ],
          "texture": "#2"
        },
        "east": {
          "uv": [
            10.5,
            5.5,
            14.5,
            6
          ],
          "texture": "#2"
        },
        "south": {
          "uv": [
            10.5,
            6,
            14.5,
            6.5
          ],
          "texture": "#2"
        },
        "west": {
          "uv": [
            4,
            11,
            8,
            11.5
          ],
          "texture": "#2"
        },
        "up": {
          "uv": [
            4,
            4,
            0,
            0
          ],
          "texture": "#2"
        },
        "down": {
          "uv": [
            4,
            4,
            0,
            8
          ],
          "texture": "#2"
        }
      }
    },
    {
      "from": [
        4.5,
        4.42725,
        4.5
      ],
      "to": [
        11.5,
        6.42725,
        11.5
      ],
      "rotation": {
        "angle": 0,
        "axis": "y",
        "origin": [
          0,
          2.92725,
          0
        ]
      },
      "faces": {
        "north": {
          "uv": [
            9.5,
            8,
            13,
            9
          ],
          "texture": "#2"
        },
        "east": {
          "uv": [
            9.5,
            9,
            13,
            10
          ],
          "texture": "#2"
        },
        "south": {
          "uv": [
            6.5,
            10,
            10,
            11
          ],
          "texture": "#2"
        },
        "west": {
          "uv": [
            10,
            10,
            13.5,
            11
          ],
          "texture": "#2"
        }
      }
    },
    {
      "from": [
        4,
        6.42725,
        4
      ],
      "to": [
        12,
        7.42725,
        12
      ],
      "rotation": {
        "angle": 0,
        "axis": "y",
        "origin": [
          0,
          2.92725,
          0
        ]
      },
      "faces": {
        "north": {
          "uv": [
            8,
            11,
            12,
            11.5
          ],
          "texture": "#2"
        },
        "east": {
          "uv": [
            4,
            11.5,
            8,
            12
          ],
          "texture": "#2"
        },
        "south": {
          "uv": [
            11.5,
            6.5,
            15.5,
            7
          ],
          "texture": "#2"
        },
        "west": {
          "uv": [
            11.5,
            7,
            15.5,
            7.5
          ],
          "texture": "#2"
        },
        "up": {
          "uv": [
            8,
            4,
            4,
            0
          ],
          "texture": "#2"
        },
        "down": {
          "uv": [
            8,
            4,
            4,
            8
          ],
          "texture": "#2"
        }
      }
    },
    {
      "from": [
        11,
        4.92725,
        3.75
      ],
      "to": [
        12.25,
        7.67725,
        5
      ],
      "rotation": {
        "angle": 0,
        "axis": "y",
        "origin": [
          16,
          2.92725,
          0
        ]
      },
      "faces": {
        "north": {
          "uv": [
            3,
            12.5,
            3.625,
            13.875
          ],
          "texture": "#2"
        },
        "east": {
          "uv": [
            4,
            12.5,
            4.625,
            13.875
          ],
          "texture": "#2"
        },
        "south": {
          "uv": [
            5,
            12.5,
            5.625,
            13.875
          ],
          "texture": "#2"
        },
        "west": {
          "uv": [
            6,
            12.5,
            6.625,
            13.875
          ],
          "texture": "#2"
        },
        "up": {
          "uv": [
            4.625,
            14.625,
            4,
            14
          ],
          "texture": "#2"
        }
      }
    },
    {
      "from": [
        5.5,
        4.67725,
        3.9
      ],
      "to": [
        10.5,
        9.67725,
        3.9
      ],
      "rotation": {
        "angle": 0,
        "axis": "y",
        "origin": [
          8,
          6.43975,
          3.35
        ]
      },
      "faces": {
        "north": {
          "uv": [
            10.5,
            4,
            8,
            6.5
          ],
          "texture": "#2"
        },
        "east": {
          "uv": [
            0,
            0,
            0,
            2.5
          ],
          "texture": "#2"
        },
        "south": {
          "uv": [
            6.5,
            8,
            4,
            10.5
          ],
          "texture": "#2"
        },
        "west": {
          "uv": [
            0,
            0,
            0,
            2.5
          ],
          "texture": "#2"
        },
        "up": {
          "uv": [
            2.5,
            0,
            0,
            0
          ],
          "texture": "#2"
        },
        "down": {
          "uv": [
            2.5,
            0,
            0,
            0
          ],
          "texture": "#2"
        }
      }
    },
    {
      "from": [
        8.02149,
        6.46124,
        3.65
      ],
      "to": [
        9.02149,
        7.46124,
        4.15
      ],
      "rotation": {
        "angle": 45,
        "axis": "z",
        "origin": [
          8,
          6.43975,
          3.35
        ]
      },
      "faces": {
        "north": {
          "uv": [
            14.5,
            12,
            14,
            12.5
          ],
          "texture": "#2"
        },
        "east": {
          "uv": [
            0.75,
            14.5,
            0.5,
            15
          ],
          "texture": "#2"
        },
        "south": {
          "uv": [
            12.5,
            14,
            12,
            14.5
          ],
          "texture": "#2"
        },
        "west": {
          "uv": [
            14.75,
            0.5,
            14.5,
            1
          ],
          "texture": "#2"
        },
        "up": {
          "uv": [
            1.5,
            14.5,
            1,
            14.75
          ],
          "texture": "#2"
        },
        "down": {
          "uv": [
            15,
            1.25,
            14.5,
            1
          ],
          "texture": "#2"
        }
      }
    },
    {
      "from": [
        6.75,
        6.67725,
        3.8
      ],
      "to": [
        9.25,
        7.67725,
        3.8
      ],
      "rotation": {
        "angle": 0,
        "axis": "y",
        "origin": [
          8,
          6.43975,
          3.35
        ]
      },
      "faces": {
        "north": {
          "uv": [
            14.25,
            9.5,
            13,
            10
          ],
          "texture": "#2"
        },
        "east": {
          "uv": [
            0,
            0,
            0,
            0.5
          ],
          "texture": "#2"
        },
        "south": {
          "uv": [
            5.25,
            10.5,
            4,
            11
          ],
          "texture": "#2"
        },
        "west": {
          "uv": [
            0,
            0,
            0,
            0.5
          ],
          "texture": "#2"
        },
        "up": {
          "uv": [
            1.25,
            0,
            0,
            0
          ],
          "texture": "#2"
        },
        "down": {
          "uv": [
            1.25,
            0,
            0,
            0
          ],
          "texture": "#2"
        }
      }
    },
    {
      "from": [
        6.5,
        4.45225,
        3.775
      ],
      "to": [
        9.5,
        6.95225,
        3.775
      ],
      "rotation": {
        "angle": 0,
        "axis": "y",
        "origin": [
          8,
          6.43975,
          3.35
        ]
      },
      "faces": {
        "north": {
          "uv": [
            13.5,
            2,
            12,
            3.25
          ],
          "texture": "#2"
        },
        "east": {
          "uv": [
            0,
            0,
            0,
            1.25
          ],
          "texture": "#2"
        },
        "south": {
          "uv": [
            13.5,
            0.5,
            12,
            1.75
          ],
          "texture": "#2"
        },
        "west": {
          "uv": [
            0,
            0,
            0,
            1.25
          ],
          "texture": "#2"
        },
        "up": {
          "uv": [
            1.5,
            0,
            0,
            0
          ],
          "texture": "#2"
        },
        "down": {
          "uv": [
            1.5,
            0,
            0,
            0
          ],
          "texture": "#2"
        }
      }
    },
    {
      "from": [
        6.75,
        6.67725,
        2.8
      ],
      "to": [
        6.75,
        7.67725,
        3.8
      ],
      "rotation": {
        "angle": 0,
        "axis": "y",
        "origin": [
          8,
          6.43975,
          3.35
        ]
      },
      "faces": {
        "north": {
          "uv": [
            0,
            0,
            0,
            0.5
          ],
          "texture": "#2"
        },
        "east": {
          "uv": [
            13,
            14,
            12.5,
            14.5
          ],
          "texture": "#2"
        },
        "south": {
          "uv": [
            0,
            0,
            0,
            0.5
          ],
          "texture": "#2"
        },
        "west": {
          "uv": [
            14.5,
            12.5,
            14,
            13
          ],
          "texture": "#2"
        },
        "up": {
          "uv": [
            0,
            0,
            0,
            0.5
          ],
          "texture": "#2"
        },
        "down": {
          "uv": [
            0,
            0.5,
            0,
            0
          ],
          "texture": "#2"
        }
      }
    },
    {
      "from": [
        7.9,
        6.67725,
        2.8
      ],
      "to": [
        7.9,
        7.67725,
        3.7
      ],
      "rotation": {
        "angle": 0,
        "axis": "y",
        "origin": [
          8,
          6.43975,
          3.35
        ]
      },
      "faces": {
        "north": {
          "uv": [
            0,
            0,
            0,
            0.5
          ],
          "texture": "#2"
        },
        "east": {
          "uv": [
            13.5,
            14,
            13,
            14.5
          ],
          "texture": "#2"
        },
        "south": {
          "uv": [
            0,
            0,
            0,
            0.5
          ],
          "texture": "#2"
        },
        "west": {
          "uv": [
            14.5,
            13,
            14,
            13.5
          ],
          "texture": "#2"
        },
        "up": {
          "uv": [
            0,
            0,
            0,
            0.5
          ],
          "texture": "#2"
        },
        "down": {
          "uv": [
            0,
            0.5,
            0,
            0
          ],
          "texture": "#2"
        }
      }
    },
    {
      "from": [
        6.75,
        6.67725,
        2.8
      ],
      "to": [
        7.9,
        7.67725,
        2.8
      ],
      "rotation": {
        "angle": 0,
        "axis": "y",
        "origin": [
          8,
          6.43975,
          3.35
        ]
      },
      "faces": {
        "north": {
          "uv": [
            14.625,
            9,
            14,
            9.5
          ],
          "texture": "#2"
        },
        "east": {
          "uv": [
            0,
            0,
            0,
            0.5
          ],
          "texture": "#2"
        },
        "south": {
          "uv": [
            6.125,
            10.5,
            5.5,
            11
          ],
          "texture": "#2"
        },
        "west": {
          "uv": [
            0,
            0,
            0,
            0.5
          ],
          "texture": "#2"
        },
        "up": {
          "uv": [
            0.625,
            0,
            0,
            0
          ],
          "texture": "#2"
        },
        "down": {
          "uv": [
            0.625,
            0,
            0,
            0
          ],
          "texture": "#2"
        }
      }
    },
    {
      "from": [
        9.25,
        6.67725,
        2.8
      ],
      "to": [
        9.25,
        7.67725,
        3.8
      ],
      "rotation": {
        "angle": 0,
        "axis": "y",
        "origin": [
          8,
          6.43975,
          3.35
        ]
      },
      "faces": {
        "north": {
          "uv": [
            0,
            0,
            0,
            0.5
          ],
          "texture": "#2"
        },
        "east": {
          "uv": [
            14,
            14,
            13.5,
            14.5
          ],
          "texture": "#2"
        },
        "south": {
          "uv": [
            0,
            0,
            0,
            0.5
          ],
          "texture": "#2"
        },
        "west": {
          "uv": [
            14.5,
            13.5,
            14,
            14
          ],
          "texture": "#2"
        },
        "up": {
          "uv": [
            0,
            0,
            0,
            0.5
          ],
          "texture": "#2"
        },
        "down": {
          "uv": [
            0,
            0.5,
            0,
            0
          ],
          "texture": "#2"
        }
      }
    },
    {
      "from": [
        8.1,
        6.67725,
        2.8
      ],
      "to": [
        9.25,
        7.67725,
        2.8
      ],
      "rotation": {
        "angle": 0,
        "axis": "y",
        "origin": [
          8,
          6.43975,
          3.35
        ]
      },
      "faces": {
        "north": {
          "uv": [
            14.625,
            11.5,
            14,
            12
          ],
          "texture": "#2"
        },
        "east": {
          "uv": [
            0,
            0,
            0,
            0.5
          ],
          "texture": "#2"
        },
        "south": {
          "uv": [
            14.625,
            11,
            14,
            11.5
          ],
          "texture": "#2"
        },
        "west": {
          "uv": [
            0,
            0,
            0,
            0.5
          ],
          "texture": "#2"
        },
        "up": {
          "uv": [
            0.625,
            0,
            0,
            0
          ],
          "texture": "#2"
        },
        "down": {
          "uv": [
            0.625,
            0,
            0,
            0
          ],
          "texture": "#2"
        }
      }
    },
    {
      "from": [
        8.1,
        6.67725,
        2.8
      ],
      "to": [
        8.1,
        7.67725,
        3.7
      ],
      "rotation": {
        "angle": 0,
        "axis": "y",
        "origin": [
          8,
          6.43975,
          3.35
        ]
      },
      "faces": {
        "north": {
          "uv": [
            0,
            0,
            0,
            0.5
          ],
          "texture": "#2"
        },
        "east": {
          "uv": [
            14.5,
            14,
            14,
            14.5
          ],
          "texture": "#2"
        },
        "south": {
          "uv": [
            0,
            0,
            0,
            0.5
          ],
          "texture": "#2"
        },
        "west": {
          "uv": [
            0.5,
            14.5,
            0,
            15
          ],
          "texture": "#2"
        },
        "up": {
          "uv": [
            0,
            0,
            0,
            0.5
          ],
          "texture": "#2"
        },
        "down": {
          "uv": [
            0,
            0.5,
            0,
            0
          ],
          "texture": "#2"
        }
      }
    },
    {
      "from": [
        3,
        2.92725,
        3
      ],
      "to": [
        5,
        4.92725,
        5
      ],
      "rotation": {
        "angle": 0,
        "axis": "y",
        "origin": [
          0,
          2.92725,
          0
        ]
      },
      "faces": {
        "north": {
          "uv": [
            12,
            12,
            11,
            13
          ],
          "texture": "#2"
        },
        "east": {
          "uv": [
            12,
            12,
            13,
            13
          ],
          "texture": "#2"
        },
        "south": {
          "uv": [
            13,
            12,
            12,
            13
          ],
          "texture": "#2"
        },
        "west": {
          "uv": [
            13,
            11,
            12,
            12
          ],
          "texture": "#2"
        },
        "up": {
          "uv": [
            1,
            13.5,
            2,
            12.5
          ],
          "texture": "#2"
        },
        "down": {
          "uv": [
            2,
            12.5,
            3,
            13.5
          ],
          "texture": "#2"
        }
      }
    },
    {
      "from": [
        3.75,
        4.92725,
        3.75
      ],
      "to": [
        5,
        7.67725,
        5
      ],
      "rotation": {
        "angle": 0,
        "axis": "y",
        "origin": [
          0,
          2.92725,
          0
        ]
      },
      "faces": {
        "north": {
          "uv": [
            3.625,
            12.5,
            3,
            13.875
          ],
          "texture": "#2"
        },
        "east": {
          "uv": [
            6.625,
            12.5,
            6,
            13.875
          ],
          "texture": "#2"
        },
        "south": {
          "uv": [
            5.625,
            12.5,
            5,
            13.875
          ],
          "texture": "#2"
        },
        "west": {
          "uv": [
            4.625,
            12.5,
            4,
            13.875
          ],
          "texture": "#2"
        },
        "up": {
          "uv": [
            4,
            14.625,
            4.625,
            14
          ],
          "texture": "#2"
        }
      }
    },
    {
      "from": [
        11,
        2.92725,
        11
      ],
      "to": [
        13,
        4.92725,
        13
      ],
      "rotation": {
        "angle": 0,
        "axis": "y",
        "origin": [
          16,
          2.92725,
          16
        ]
      },
      "faces": {
        "north": {
          "uv": [
            13,
            12,
            12,
            13
          ],
          "texture": "#2"
        },
        "east": {
          "uv": [
            13,
            11,
            12,
            12
          ],
          "texture": "#2"
        },
        "south": {
          "uv": [
            12,
            12,
            11,
            13
          ],
          "texture": "#2"
        },
        "west": {
          "uv": [
            12,
            12,
            13,
            13
          ],
          "texture": "#2"
        },
        "up": {
          "uv": [
            2,
            12.5,
            1,
            13.5
          ],
          "texture": "#2"
        },
        "down": {
          "uv": [
            3,
            13.5,
            2,
            12.5
          ],
          "texture": "#2"
        }
      }
    },
    {
      "from": [
        11,
        4.92725,
        11
      ],
      "to": [
        12.25,
        7.67725,
        12.25
      ],
      "rotation": {
        "angle": 0,
        "axis": "y",
        "origin": [
          16,
          2.92725,
          16
        ]
      },
      "faces": {
        "north": {
          "uv": [
            5.625,
            12.5,
            5,
            13.875
          ],
          "texture": "#2"
        },
        "east": {
          "uv": [
            4.625,
            12.5,
            4,
            13.875
          ],
          "texture": "#2"
        },
        "south": {
          "uv": [
            3.625,
            12.5,
            3,
            13.875
          ],
          "texture": "#2"
        },
        "west": {
          "uv": [
            6.625,
            12.5,
            6,
            13.875
          ],
          "texture": "#2"
        },
        "up": {
          "uv": [
            4.625,
            14,
            4,
            14.625
          ],
          "texture": "#2"
        }
      }
    },
    {
      "from": [
        3,
        2.92725,
        11
      ],
      "to": [
        5,
        4.92725,
        13
      ],
      "rotation": {
        "angle": 0,
        "axis": "y",
        "origin": [
          0,
          2.92725,
          16
        ]
      },
      "faces": {
        "north": {
          "uv": [
            12,
            12,
            13,
            13
          ],
          "texture": "#2"
        },
        "east": {
          "uv": [
            13,
            12,
            12,
            13
          ],
          "texture": "#2"
        },
        "south": {
          "uv": [
            11,
            12,
            12,
            13
          ],
          "texture": "#2"
        },
        "west": {
          "uv": [
            12,
            11,
            13,
            12
          ],
          "texture": "#2"
        },
        "up": {
          "uv": [
            1,
            12.5,
            2,
            13.5
          ],
          "texture": "#2"
        },
        "down": {
          "uv": [
            2,
            13.5,
            3,
            12.5
          ],
          "texture": "#2"
        }
      }
    },
    {
      "from": [
        3.75,
        4.92725,
        11
      ],
      "to": [
        5,
        7.67725,
        12.25
      ],
      "rotation": {
        "angle": 0,
        "axis": "y",
        "origin": [
          0,
          2.92725,
          16
        ]
      },
      "faces": {
        "north": {
          "uv": [
            5,
            12.5,
            5.625,
            13.875
          ],
          "texture": "#2"
        },
        "east": {
          "uv": [
            6,
            12.5,
            6.625,
            13.875
          ],
          "texture": "#2"
        },
        "south": {
          "uv": [
            3,
            12.5,
            3.625,
            13.875
          ],
          "texture": "#2"
        },
        "west": {
          "uv": [
            4,
            12.5,
            4.625,
            13.875
          ],
          "texture": "#2"
        },
        "up": {
          "uv": [
            4,
            14,
            4.625,
            14.625
          ],
          "texture": "#2"
        }
      }
    },
    {
      "from": [
        4.75,
        6.4,
        3.7
      ],
      "to": [
        7.75,
        9.4,
        3.7
      ],
      "rotation": {
        "angle": 0,
        "axis": "y",
        "origin": [
          4.75,
          6.4,
          3.7
        ]
      },
      "faces": {
        "north": {
          "uv": [
            0,
            0,
            4.33333,
            4.33335
          ],
          "texture": "#1"
        },
        "east": {
          "uv": [
            0,
            0,
            0,
            1.5
          ],
          "texture": "#missing"
        },
        "west": {
          "uv": [
            0,
            0,
            0,
            1.5
          ],
          "texture": "#missing"
        },
        "up": {
          "uv": [
            0,
            0,
            1.5,
            0
          ],
          "texture": "#missing"
        },
        "down": {
          "uv": [
            0,
            0,
            1.5,
            0
          ],
          "texture": "#missing"
        }
      }
    },
    {
      "from": [
        10,
        9.5,
        4
      ],
      "to": [
        13,
        12.5,
        4
      ],
      "rotation": {
        "angle": 0,
        "axis": "y",
        "origin": [
          10,
          9.5,
          4
        ]
      },
      "faces": {
        "north": {
          "uv": [
            0,
            4.66667,
            4.33333,
            9.00002
          ],
          "texture": "#1"
        },
        "east": {
          "uv": [
            0,
            0,
            0,
            1.5
          ],
          "texture": "#missing"
        },
        "west": {
          "uv": [
            0,
            0,
            0,
            1.5
          ],
          "texture": "#missing"
        },
        "up": {
          "uv": [
            0,
            0,
            1.5,
            0
          ],
          "texture": "#missing"
        },
        "down": {
          "uv": [
            0,
            0,
            1.5,
            0
          ],
          "texture": "#missing"
        }
      }
    },
    {
      "from": [
        3.45,
        3.35,
        2.95
      ],
      "to": [
        6.45,
        6.35,
        2.95
      ],
      "rotation": {
        "angle": 0,
        "axis": "y",
        "origin": [
          3.45,
          3.35,
          2.95
        ]
      },
      "faces": {
        "north": {
          "uv": [
            0,
            4.66667,
            4.33333,
            9.00002
          ],
          "texture": "#1"
        },
        "east": {
          "uv": [
            0,
            0,
            0,
            1.5
          ],
          "texture": "#missing"
        },
        "west": {
          "uv": [
            0,
            0,
            0,
            1.5
          ],
          "texture": "#missing"
        },
        "up": {
          "uv": [
            0,
            0,
            1.5,
            0
          ],
          "texture": "#missing"
        },
        "down": {
          "uv": [
            0,
            0,
            1.5,
            0
          ],
          "texture": "#missing"
        }
      }
    },
    {
      "from": [
        9.75,
        3.25,
        2.85
      ],
      "to": [
        12.75,
        6.25,
        2.85
      ],
      "rotation": {
        "angle": 0,
        "axis": "y",
        "origin": [
          9.75,
          3.25,
          2.85
        ]
      },
      "faces": {
        "north": {
          "uv": [
            1,
            10,
            5.33333,
            14.33335
          ],
          "texture": "#1"
        },
        "east": {
          "uv": [
            0,
            0,
            0,
            1.5
          ],
          "texture": "#missing"
        },
        "west": {
          "uv": [
            0,
            0,
            0,
            1.5
          ],
          "texture": "#missing"
        },
        "up": {
          "uv": [
            0,
            0,
            1.5,
            0
          ],
          "texture": "#missing"
        },
        "down": {
          "uv": [
            0,
            0,
            1.5,
            0
          ],
          "texture": "#missing"
        }
      }
    }
  ],
  "gui_light": "front",
  "display": {
    "thirdperson_righthand": {
      "rotation": [
        66.75,
        0,
        0
      ],
      "translation": [
        0,
        2,
        2
      ],
      "scale": [
        0.60547,
        0.60547,
        0.60547
      ]
    },
    "thirdperson_lefthand": {
      "rotation": [
        66.75,
        0,
        0
      ],
      "translation": [
        0,
        2,
        2
      ],
      "scale": [
        0.60547,
        0.60547,
        0.60547
      ]
    },
    "firstperson_righthand": {
      "rotation": [
        154,
        0,
        -180
      ],
      "translation": [
        -3,
        4,
        1
      ],
      "scale": [
        0.81836,
        0.81836,
        0.81836
      ]
    },
    "firstperson_lefthand": {
      "rotation": [
        154,
        0,
        -180
      ],
      "translation": [
        -3,
        4,
        1
      ],
      "scale": [
        0.81836,
        0.81836,
        0.81836
      ]
    },
    "ground": {
      "translation": [
        0,
        5.5,
        0
      ]
    },
    "gui": {
      "rotation": [
        0,
        135,
        0
      ],
      "translation": [
        0,
        0.25,
        0
      ],
      "scale": [
        1.22461,
        1.22461,
        1.22461
      ]
    },
    "head": {
      "rotation": [
        0,
        180,
        0
      ],
      "translation": [
        0,
        -28.25,
        0
      ],
      "scale": [
        3.5,
        3.25,
        3.5
      ]
    },
    "fixed": {
      "rotation": [
        -90,
        0,
        0
      ],
      "translation": [
        0,
        0,
        -14.25
      ],
      "scale": [
        3.23438,
        3.23438,
        3.23438
      ]
    }
  },
  "groups": [
    {
      "name": "group",
      "origin": [
        9.875,
        14.07275,
        9.81225
      ],
      "color": 0,
      "children": [
        0,
        1,
        2,
        3,
        4,
        5,
        6,
        7,
        8,
        9,
        10,
        11,
        12,
        13,
        14,
        15,
        16,
        17,
        18,
        19,
        20,
        21,
        22,
        23,
        24,
        25,
        26,
        27,
        28,
        29
      ]
    },
    {
      "name": "group",
      "origin": [
        0,
        0,
        16
      ],
      "color": 0,
      "children": [
        30,
        31,
        32,
        33,
        34,
        35,
        36,
        37,
        38,
        39,
        40,
        41,
        42,
        43,
        44,
        45,
        46,
        47,
        48,
        49,
        50
      ]
    },
    51,
    52,
    53,
    54
  ]
}