{
  "credit": "MadebyPolygonMC",
  "texture_size": [
    20,
    20
  ],
  "textures": {
    "1": "xmasset:animations/animation_1",
    "2": "xmasset:crossbow",
    "particle": "xmasset:crossbow"
  },
  "elements": [
    {
      "from": [
        7.25,
        7.99231,
        4
      ],
      "to": [
        8.75,
        9.74231,
        7
      ],
      "rotation": {
        "angle": 0,
        "axis": "y",
        "origin": [
          7.5,
          5.74231,
          0
        ]
      },
      "faces": {
        "north": {
          "uv": [
            9.6,
            7.2,
            10.8,
            8.6
          ],
          "texture": "#2"
        },
        "east": {
          "uv": [
            5.6,
            1.6,
            8,
            3
          ],
          "texture": "#2"
        },
        "south": {
          "uv": [
            9.6,
            8.8,
            10.8,
            10.2
          ],
          "texture": "#2"
        },
        "west": {
          "uv": [
            1.6,
            7.2,
            4,
            8.6
          ],
          "texture": "#2"
        },
        "up": {
          "uv": [
            9.2,
            4,
            8,
            1.6
          ],
          "texture": "#2"
        },
        "down": {
          "uv": [
            9.2,
            4,
            8,
            6.4
          ],
          "texture": "#2"
        }
      }
    },
    {
      "from": [
        7.25,
        7.99231,
        9
      ],
      "to": [
        8.75,
        9.74231,
        10
      ],
      "rotation": {
        "angle": 0,
        "axis": "y",
        "origin": [
          7.5,
          5.74231,
          0
        ]
      },
      "faces": {
        "north": {
          "uv": [
            10.4,
            0,
            11.6,
            1.4
          ],
          "texture": "#2"
        },
        "east": {
          "uv": [
            12.8,
            4,
            13.6,
            5.4
          ],
          "texture": "#2"
        },
        "south": {
          "uv": [
            1.6,
            10.4,
            2.8,
            11.8
          ],
          "texture": "#2"
        },
        "west": {
          "uv": [
            5.6,
            12.8,
            6.4,
            14.2
          ],
          "texture": "#2"
        },
        "up": {
          "uv": [
            14,
            9.6,
            12.8,
            8.8
          ],
          "texture": "#2"
        },
        "down": {
          "uv": [
            14,
            9.6,
            12.8,
            10.4
          ],
          "texture": "#2"
        }
      }
    },
    {
      "from": [
        7.275,
        7.29355,
        9.51291
      ],
      "to": [
        8.725,
        9.04355,
        13.51291
      ],
      "rotation": {
        "angle": 22.5,
        "axis": "x",
        "origin": [
          8,
          8.16855,
          11.51291
        ]
      },
      "faces": {
        "north": {
          "uv": [
            10.4,
            1.6,
            11.6,
            3
          ],
          "texture": "#2"
        },
        "east": {
          "uv": [
            1.6,
            4,
            4.8,
            5.4
          ],
          "texture": "#2"
        },
        "south": {
          "uv": [
            4,
            10.4,
            5.2,
            11.8
          ],
          "texture": "#2"
        },
        "west": {
          "uv": [
            4.8,
            4,
            8,
            5.4
          ],
          "texture": "#2"
        },
        "up": {
          "uv": [
            6,
            8.8,
            4.8,
            5.6
          ],
          "texture": "#2"
        },
        "down": {
          "uv": [
            7.6,
            5.6,
            6.4,
            8.8
          ],
          "texture": "#2"
        }
      }
    },
    {
      "from": [
        7.525,
        6.9614,
        8.99097
      ],
      "to": [
        8.475,
        8.7114,
        12.99097
      ],
      "rotation": {
        "angle": 22.5,
        "axis": "x",
        "origin": [
          8,
          5.7864,
          12.69097
        ]
      },
      "faces": {
        "north": {
          "uv": [
            12.8,
            5.6,
            13.6,
            7
          ],
          "texture": "#2"
        },
        "east": {
          "uv": [
            5.6,
            0,
            8.8,
            1.4
          ],
          "texture": "#2"
        },
        "south": {
          "uv": [
            6.4,
            12.8,
            7.2,
            14.2
          ],
          "texture": "#2"
        },
        "west": {
          "uv": [
            1.6,
            5.6,
            4.8,
            7
          ],
          "texture": "#2"
        },
        "up": {
          "uv": [
            4.8,
            10.4,
            4,
            7.2
          ],
          "texture": "#2"
        },
        "down": {
          "uv": [
            8.8,
            6.4,
            8,
            9.6
          ],
          "texture": "#2"
        }
      }
    },
    {
      "from": [
        7.25,
        8.49231,
        7
      ],
      "to": [
        8.75,
        9.74231,
        9
      ],
      "rotation": {
        "angle": 0,
        "axis": "y",
        "origin": [
          7.5,
          5.74231,
          0
        ]
      },
      "faces": {
        "east": {
          "uv": [
            11.2,
            3.2,
            12.8,
            4.2
          ],
          "texture": "#2"
        },
        "west": {
          "uv": [
            11.2,
            4.8,
            12.8,
            5.8
          ],
          "texture": "#2"
        },
        "up": {
          "uv": [
            6,
            10.4,
            4.8,
            8.8
          ],
          "texture": "#2"
        },
        "down": {
          "uv": [
            7.6,
            8.8,
            6.4,
            10.4
          ],
          "texture": "#2"
        }
      }
    },
    {
      "from": [
        7.5,
        8.49231,
        3.75
      ],
      "to": [
        8.5,
        9.99231,
        5.75
      ],
      "rotation": {
        "angle": 0,
        "axis": "y",
        "origin": [
          7.5,
          5.74231,
          0
        ]
      },
      "faces": {
        "north": {
          "uv": [
            12.8,
            10.4,
            13.6,
            11.6
          ],
          "texture": "#2"
        },
        "east": {
          "uv": [
            9.6,
            4,
            11.2,
            5.2
          ],
          "texture": "#2"
        },
        "south": {
          "uv": [
            11.2,
            12.8,
            12,
            14
          ],
          "texture": "#2"
        },
        "west": {
          "uv": [
            9.6,
            5.6,
            11.2,
            6.8
          ],
          "texture": "#2"
        },
        "up": {
          "uv": [
            10.4,
            13.6,
            9.6,
            12
          ],
          "texture": "#2"
        },
        "down": {
          "uv": [
            11.2,
            12,
            10.4,
            13.6
          ],
          "texture": "#2"
        }
      }
    },
    {
      "from": [
        7.5,
        5.99231,
        8.75
      ],
      "to": [
        8.5,
        8.99231,
        9.75
      ],
      "rotation": {
        "angle": -22.5,
        "axis": "x",
        "origin": [
          8,
          7.99231,
          9.25
        ]
      },
      "faces": {
        "north": {
          "uv": [
            3.2,
            8.8,
            4,
            11.2
          ],
          "texture": "#2"
        },
        "east": {
          "uv": [
            8.8,
            6.4,
            9.6,
            8.8
          ],
          "texture": "#2"
        },
        "south": {
          "uv": [
            8.8,
            8.8,
            9.6,
            11.2
          ],
          "texture": "#2"
        },
        "west": {
          "uv": [
            9.6,
            1.6,
            10.4,
            4
          ],
          "texture": "#2"
        },
        "up": {
          "uv": [
            8.8,
            10.4,
            8,
            9.6
          ],
          "texture": "#2"
        },
        "down": {
          "uv": [
            11.2,
            3.2,
            10.4,
            4
          ],
          "texture": "#2"
        }
      }
    },
    {
      "from": [
        7.4,
        5.8359,
        9.07731
      ],
      "to": [
        8.6,
        6.3359,
        10.57731
      ],
      "rotation": {
        "angle": 0,
        "axis": "x",
        "origin": [
          8,
          6.0859,
          9.97731
        ]
      },
      "faces": {
        "north": {
          "uv": [
            13.6,
            12.8,
            14.6,
            13.2
          ],
          "texture": "#2"
        },
        "east": {
          "uv": [
            13.6,
            11.2,
            14.8,
            11.6
          ],
          "texture": "#2"
        },
        "south": {
          "uv": [
            13.6,
            13.6,
            14.6,
            14
          ],
          "texture": "#2"
        },
        "west": {
          "uv": [
            12,
            13.6,
            13.2,
            14
          ],
          "texture": "#2"
        },
        "up": {
          "uv": [
            1,
            14,
            0,
            12.8
          ],
          "texture": "#2"
        },
        "down": {
          "uv": [
            5,
            12.8,
            4,
            14
          ],
          "texture": "#2"
        }
      }
    },
    {
      "from": [
        7.75,
        7.74231,
        8.55
      ],
      "to": [
        8.25,
        8.74231,
        9.55
      ],
      "rotation": {
        "angle": -22.5,
        "axis": "x",
        "origin": [
          7.5,
          6.74231,
          8.75
        ]
      },
      "faces": {
        "north": {
          "uv": [
            4,
            14.4,
            4.4,
            15.2
          ],
          "texture": "#2"
        },
        "east": {
          "uv": [
            2.4,
            13.6,
            3.2,
            14.4
          ],
          "texture": "#2"
        },
        "west": {
          "uv": [
            3.2,
            13.6,
            4,
            14.4
          ],
          "texture": "#2"
        },
        "down": {
          "uv": [
            14.8,
            4,
            14.4,
            4.8
          ],
          "texture": "#2"
        }
      }
    },
    {
      "from": [
        7.75,
        8.9141,
        7.5
      ],
      "to": [
        8.25,
        9.9141,
        8.5
      ],
      "rotation": {
        "angle": -45,
        "axis": "x",
        "origin": [
          8,
          11.1641,
          8.5
        ]
      },
      "faces": {
        "north": {
          "uv": [
            4.8,
            14.4,
            5.2,
            15.2
          ],
          "texture": "#2"
        },
        "east": {
          "uv": [
            13.6,
            4,
            14.4,
            4.8
          ],
          "texture": "#2"
        },
        "south": {
          "uv": [
            14.4,
            4.8,
            14.8,
            5.6
          ],
          "texture": "#2"
        },
        "west": {
          "uv": [
            13.6,
            4.8,
            14.4,
            5.6
          ],
          "texture": "#2"
        },
        "up": {
          "uv": [
            6,
            15.2,
            5.6,
            14.4
          ],
          "texture": "#2"
        },
        "down": {
          "uv": [
            6.8,
            14.4,
            6.4,
            15.2
          ],
          "texture": "#2"
        }
      }
    },
    {
      "from": [
        7,
        9.3141,
        2.75
      ],
      "to": [
        9,
        10.5141,
        4.75
      ],
      "rotation": {
        "angle": 45,
        "axis": "y",
        "origin": [
          8,
          9.9141,
          3.75
        ]
      },
      "faces": {
        "north": {
          "uv": [
            12.8,
            9,
            11.2,
            8
          ],
          "texture": "#2"
        },
        "east": {
          "uv": [
            11.2,
            8,
            12.8,
            9
          ],
          "texture": "#2"
        },
        "south": {
          "uv": [
            11.2,
            9.6,
            12.8,
            10.6
          ],
          "texture": "#2"
        },
        "west": {
          "uv": [
            11.2,
            11.2,
            12.8,
            12.2
          ],
          "texture": "#2"
        },
        "up": {
          "uv": [
            10.4,
            1.6,
            8.8,
            0
          ],
          "texture": "#2"
        },
        "down": {
          "uv": [
            3.2,
            8.8,
            1.6,
            10.4
          ],
          "texture": "#2"
        }
      }
    },
    {
      "from": [
        7.25,
        9.0641,
        3
      ],
      "to": [
        8.75,
        10.7641,
        4.5
      ],
      "rotation": {
        "angle": 45,
        "axis": "y",
        "origin": [
          8,
          9.9141,
          3.75
        ]
      },
      "faces": {
        "north": {
          "uv": [
            9.6,
            10.4,
            10.8,
            11.8
          ],
          "texture": "#2"
        },
        "east": {
          "uv": [
            0,
            11.2,
            1.2,
            12.6
          ],
          "texture": "#2"
        },
        "south": {
          "uv": [
            5.6,
            10.4,
            6.8,
            11.8
          ],
          "texture": "#2"
        },
        "west": {
          "uv": [
            7.2,
            10.4,
            8.4,
            11.8
          ],
          "texture": "#2"
        },
        "up": {
          "uv": [
            13.2,
            2,
            12,
            0.8
          ],
          "rotation": 180,
          "texture": "#2"
        },
        "down": {
          "uv": [
            2.8,
            12,
            1.6,
            13.2
          ],
          "rotation": 180,
          "texture": "#2"
        }
      }
    },
    {
      "from": [
        8.25,
        9.5141,
        2.95
      ],
      "to": [
        11,
        10.3141,
        3.7
      ],
      "rotation": {
        "angle": 22.5,
        "axis": "y",
        "origin": [
          10,
          9.9141,
          3.45
        ]
      },
      "faces": {
        "north": {
          "uv": [
            12,
            2.4,
            14.2,
            3
          ],
          "texture": "#2"
        },
        "south": {
          "uv": [
            4,
            12,
            6.2,
            12.6
          ],
          "texture": "#2"
        },
        "up": {
          "uv": [
            8.6,
            12.6,
            6.4,
            12
          ],
          "texture": "#2"
        },
        "down": {
          "uv": [
            15,
            3.2,
            12.8,
            3.8
          ],
          "texture": "#2"
        }
      }
    },
    {
      "from": [
        8.25,
        9.5141,
        3.7
      ],
      "to": [
        9,
        10.3141,
        4.45
      ],
      "rotation": {
        "angle": 22.5,
        "axis": "y",
        "origin": [
          10,
          9.9141,
          3.45
        ]
      },
      "faces": {
        "east": {
          "uv": [
            0,
            14.4,
            0.6,
            15
          ],
          "texture": "#2"
        },
        "south": {
          "uv": [
            14.4,
            0,
            15,
            0.6
          ],
          "texture": "#2"
        },
        "west": {
          "uv": [
            0.8,
            14.4,
            1.4,
            15
          ],
          "texture": "#2"
        },
        "up": {
          "uv": [
            15,
            1.4,
            14.4,
            0.8
          ],
          "texture": "#2"
        },
        "down": {
          "uv": [
            15,
            1.6,
            14.4,
            2.2
          ],
          "texture": "#2"
        }
      }
    },
    {
      "from": [
        8.98087,
        9.6891,
        3.70381
      ],
      "to": [
        10.98087,
        10.1391,
        4.30381
      ],
      "rotation": {
        "angle": 22.5,
        "axis": "y",
        "origin": [
          9.98087,
          9.9141,
          3.40381
        ]
      },
      "faces": {
        "south": {
          "uv": [
            13.6,
            5.6,
            15.2,
            6
          ],
          "texture": "#2"
        },
        "up": {
          "uv": [
            15.2,
            6.8,
            13.6,
            6.4
          ],
          "texture": "#2"
        },
        "down": {
          "uv": [
            10.4,
            13.6,
            8.8,
            14
          ],
          "texture": "#2"
        }
      }
    },
    {
      "from": [
        10.85,
        9.4141,
        2.35
      ],
      "to": [
        11.85,
        10.4141,
        4.85
      ],
      "rotation": {
        "angle": 45,
        "axis": "y",
        "origin": [
          11,
          9.9141,
          3.4
        ]
      },
      "faces": {
        "north": {
          "uv": [
            10.4,
            13.6,
            11.2,
            14.4
          ],
          "texture": "#2"
        },
        "east": {
          "uv": [
            5.6,
            3.2,
            7.6,
            4
          ],
          "texture": "#2"
        },
        "south": {
          "uv": [
            13.6,
            10.4,
            14.4,
            11.2
          ],
          "texture": "#2"
        },
        "west": {
          "uv": [
            12,
            0,
            14,
            0.8
          ],
          "texture": "#2"
        },
        "up": {
          "uv": [
            4,
            13.2,
            3.2,
            11.2
          ],
          "texture": "#2"
        },
        "down": {
          "uv": [
            9.6,
            11.2,
            8.8,
            13.2
          ],
          "texture": "#2"
        }
      }
    },
    {
      "from": [
        11.41085,
        9.4791,
        3.6521
      ],
      "to": [
        12.28085,
        10.3491,
        5.2321
      ],
      "rotation": {
        "angle": -22.5,
        "axis": "y",
        "origin": [
          11.82085,
          9.9141,
          4.4671
        ]
      },
      "faces": {
        "east": {
          "uv": [
            12,
            12.8,
            13.2,
            13.4
          ],
          "texture": "#2"
        },
        "south": {
          "uv": [
            2.4,
            14.4,
            3,
            15
          ],
          "texture": "#2"
        },
        "west": {
          "uv": [
            12.8,
            12,
            14,
            12.6
          ],
          "texture": "#2"
        },
        "up": {
          "uv": [
            14.2,
            2,
            13.6,
            0.8
          ],
          "texture": "#2"
        },
        "down": {
          "uv": [
            2.2,
            13.6,
            1.6,
            14.8
          ],
          "texture": "#2"
        }
      }
    },
    {
      "from": [
        7,
        9.5141,
        3.7
      ],
      "to": [
        7.75,
        10.3141,
        4.45
      ],
      "rotation": {
        "angle": -22.5,
        "axis": "y",
        "origin": [
          6,
          9.9141,
          3.45
        ]
      },
      "faces": {
        "east": {
          "uv": [
            1.4,
            14.4,
            0.8,
            15
          ],
          "texture": "#2"
        },
        "south": {
          "uv": [
            15,
            0,
            14.4,
            0.6
          ],
          "texture": "#2"
        },
        "west": {
          "uv": [
            0.6,
            14.4,
            0,
            15
          ],
          "texture": "#2"
        },
        "up": {
          "uv": [
            14.4,
            1.4,
            15,
            0.8
          ],
          "texture": "#2"
        },
        "down": {
          "uv": [
            14.4,
            1.6,
            15,
            2.2
          ],
          "texture": "#2"
        }
      }
    },
    {
      "from": [
        5,
        9.5141,
        2.95
      ],
      "to": [
        7.75,
        10.3141,
        3.7
      ],
      "rotation": {
        "angle": -22.5,
        "axis": "y",
        "origin": [
          6,
          9.9141,
          3.45
        ]
      },
      "faces": {
        "north": {
          "uv": [
            14.2,
            2.4,
            12,
            3
          ],
          "texture": "#2"
        },
        "south": {
          "uv": [
            6.2,
            12,
            4,
            12.6
          ],
          "texture": "#2"
        },
        "up": {
          "uv": [
            6.4,
            12.6,
            8.6,
            12
          ],
          "texture": "#2"
        },
        "down": {
          "uv": [
            12.8,
            3.2,
            15,
            3.8
          ],
          "texture": "#2"
        }
      }
    },
    {
      "from": [
        5.01913,
        9.6891,
        3.70381
      ],
      "to": [
        7.01913,
        10.1391,
        4.30381
      ],
      "rotation": {
        "angle": -22.5,
        "axis": "y",
        "origin": [
          6.01913,
          9.9141,
          3.40381
        ]
      },
      "faces": {
        "south": {
          "uv": [
            15.2,
            5.6,
            13.6,
            6
          ],
          "texture": "#2"
        },
        "up": {
          "uv": [
            13.6,
            6.8,
            15.2,
            6.4
          ],
          "texture": "#2"
        },
        "down": {
          "uv": [
            8.8,
            13.6,
            10.4,
            14
          ],
          "texture": "#2"
        }
      }
    },
    {
      "from": [
        4.15,
        9.4141,
        2.35
      ],
      "to": [
        5.15,
        10.4141,
        4.85
      ],
      "rotation": {
        "angle": -45,
        "axis": "y",
        "origin": [
          5,
          9.9141,
          3.4
        ]
      },
      "faces": {
        "north": {
          "uv": [
            11.2,
            13.6,
            10.4,
            14.4
          ],
          "texture": "#2"
        },
        "east": {
          "uv": [
            14,
            0,
            12,
            0.8
          ],
          "texture": "#2"
        },
        "south": {
          "uv": [
            14.4,
            10.4,
            13.6,
            11.2
          ],
          "texture": "#2"
        },
        "west": {
          "uv": [
            7.6,
            3.2,
            5.6,
            4
          ],
          "texture": "#2"
        },
        "up": {
          "uv": [
            3.2,
            13.2,
            4,
            11.2
          ],
          "texture": "#2"
        },
        "down": {
          "uv": [
            8.8,
            11.2,
            9.6,
            13.2
          ],
          "texture": "#2"
        }
      }
    },
    {
      "from": [
        3.71915,
        9.4791,
        3.6521
      ],
      "to": [
        4.58915,
        10.3491,
        5.2321
      ],
      "rotation": {
        "angle": 22.5,
        "axis": "y",
        "origin": [
          4.17915,
          9.9141,
          4.4671
        ]
      },
      "faces": {
        "east": {
          "uv": [
            14,
            12,
            12.8,
            12.6
          ],
          "texture": "#2"
        },
        "south": {
          "uv": [
            3,
            14.4,
            2.4,
            15
          ],
          "texture": "#2"
        },
        "west": {
          "uv": [
            13.2,
            12.8,
            12,
            13.4
          ],
          "texture": "#2"
        },
        "up": {
          "uv": [
            13.6,
            2,
            14.2,
            0.8
          ],
          "texture": "#2"
        },
        "down": {
          "uv": [
            1.6,
            13.6,
            2.2,
            14.8
          ],
          "texture": "#2"
        }
      }
    },
    {
      "from": [
        4.43838,
        9.5141,
        1.75
      ],
      "to": [
        5.23838,
        10.3141,
        4.05
      ],
      "rotation": {
        "angle": -22.5,
        "axis": "y",
        "origin": [
          5.07109,
          9.9141,
          1.84602
        ]
      },
      "faces": {
        "north": {
          "uv": [
            15,
            2.4,
            14.4,
            3
          ],
          "texture": "#2"
        },
        "east": {
          "uv": [
            14.6,
            8,
            12.8,
            8.6
          ],
          "texture": "#2"
        },
        "south": {
          "uv": [
            3.8,
            14.4,
            3.2,
            15
          ],
          "texture": "#2"
        },
        "west": {
          "uv": [
            14.6,
            7.2,
            12.8,
            7.8
          ],
          "texture": "#2"
        },
        "up": {
          "uv": [
            7.2,
            14.6,
            7.8,
            12.8
          ],
          "texture": "#2"
        },
        "down": {
          "uv": [
            8,
            12.8,
            8.6,
            14.6
          ],
          "texture": "#2"
        }
      }
    },
    {
      "from": [
        4.9312,
        9.6141,
        1.29206
      ],
      "to": [
        5.9812,
        10.2141,
        1.89206
      ],
      "rotation": {
        "angle": 45,
        "axis": "y",
        "origin": [
          5.07109,
          9.9141,
          1.84602
        ]
      },
      "faces": {
        "north": {
          "uv": [
            9.6,
            14.4,
            8.8,
            14.8
          ],
          "texture": "#2"
        },
        "east": {
          "uv": [
            10.8,
            14.4,
            10.4,
            14.8
          ],
          "texture": "#2"
        },
        "south": {
          "uv": [
            15.2,
            8.8,
            14.4,
            9.2
          ],
          "texture": "#2"
        },
        "west": {
          "uv": [
            14.8,
            10.4,
            14.4,
            10.8
          ],
          "texture": "#2"
        },
        "up": {
          "uv": [
            9.6,
            15.2,
            10,
            14.4
          ],
          "rotation": 90,
          "texture": "#2"
        },
        "down": {
          "uv": [
            14.4,
            9.6,
            14.8,
            10.4
          ],
          "rotation": 270,
          "texture": "#2"
        }
      }
    },
    {
      "from": [
        5.70591,
        9.7141,
        1.06528
      ],
      "to": [
        6.25591,
        10.1141,
        1.46528
      ],
      "rotation": {
        "angle": 22.5,
        "axis": "y",
        "origin": [
          5.07109,
          9.9141,
          1.84602
        ]
      },
      "faces": {
        "north": {
          "uv": [
            12.4,
            14.4,
            12,
            14.8
          ],
          "texture": "#2"
        },
        "east": {
          "uv": [
            11.6,
            14.4,
            11.2,
            14.8
          ],
          "texture": "#2"
        },
        "south": {
          "uv": [
            13.2,
            14.4,
            12.8,
            14.8
          ],
          "texture": "#2"
        },
        "west": {
          "uv": [
            14.8,
            12,
            14.4,
            12.4
          ],
          "texture": "#2"
        },
        "up": {
          "uv": [
            13.6,
            14.8,
            14,
            14.4
          ],
          "rotation": 90,
          "texture": "#2"
        },
        "down": {
          "uv": [
            14.4,
            14.4,
            14.8,
            14.8
          ],
          "rotation": 270,
          "texture": "#2"
        }
      }
    },
    {
      "from": [
        9.74409,
        9.7141,
        1.06528
      ],
      "to": [
        10.29409,
        10.1141,
        1.46528
      ],
      "rotation": {
        "angle": -22.5,
        "axis": "y",
        "origin": [
          10.92891,
          9.9141,
          1.84602
        ]
      },
      "faces": {
        "north": {
          "uv": [
            12,
            14.4,
            12.4,
            14.8
          ],
          "texture": "#2"
        },
        "east": {
          "uv": [
            14.4,
            12,
            14.8,
            12.4
          ],
          "texture": "#2"
        },
        "south": {
          "uv": [
            12.8,
            14.4,
            13.2,
            14.8
          ],
          "texture": "#2"
        },
        "west": {
          "uv": [
            11.2,
            14.4,
            11.6,
            14.8
          ],
          "texture": "#2"
        },
        "up": {
          "uv": [
            13.6,
            14.4,
            14,
            14.8
          ],
          "rotation": 90,
          "texture": "#2"
        },
        "down": {
          "uv": [
            14.4,
            14.8,
            14.8,
            14.4
          ],
          "rotation": 270,
          "texture": "#2"
        }
      }
    },
    {
      "from": [
        10.0188,
        9.6141,
        1.29206
      ],
      "to": [
        11.0688,
        10.2141,
        1.89206
      ],
      "rotation": {
        "angle": -45,
        "axis": "y",
        "origin": [
          10.92891,
          9.9141,
          1.84602
        ]
      },
      "faces": {
        "north": {
          "uv": [
            8.8,
            14.4,
            9.6,
            14.8
          ],
          "texture": "#2"
        },
        "east": {
          "uv": [
            14.4,
            10.4,
            14.8,
            10.8
          ],
          "texture": "#2"
        },
        "south": {
          "uv": [
            14.4,
            8.8,
            15.2,
            9.2
          ],
          "texture": "#2"
        },
        "west": {
          "uv": [
            10.4,
            14.4,
            10.8,
            14.8
          ],
          "texture": "#2"
        },
        "up": {
          "uv": [
            9.6,
            14.4,
            10,
            15.2
          ],
          "rotation": 90,
          "texture": "#2"
        },
        "down": {
          "uv": [
            14.4,
            10.4,
            14.8,
            9.6
          ],
          "rotation": 270,
          "texture": "#2"
        }
      }
    },
    {
      "from": [
        10.76162,
        9.5141,
        1.75
      ],
      "to": [
        11.56162,
        10.3141,
        4.05
      ],
      "rotation": {
        "angle": 22.5,
        "axis": "y",
        "origin": [
          10.92891,
          9.9141,
          1.84602
        ]
      },
      "faces": {
        "north": {
          "uv": [
            14.4,
            2.4,
            15,
            3
          ],
          "texture": "#2"
        },
        "east": {
          "uv": [
            12.8,
            7.2,
            14.6,
            7.8
          ],
          "texture": "#2"
        },
        "south": {
          "uv": [
            3.2,
            14.4,
            3.8,
            15
          ],
          "texture": "#2"
        },
        "west": {
          "uv": [
            12.8,
            8,
            14.6,
            8.6
          ],
          "texture": "#2"
        },
        "up": {
          "uv": [
            7.8,
            14.6,
            7.2,
            12.8
          ],
          "texture": "#2"
        },
        "down": {
          "uv": [
            8.6,
            12.8,
            8,
            14.6
          ],
          "texture": "#2"
        }
      }
    },
    {
      "from": [
        4.5,
        10,
        4.75
      ],
      "to": [
        11.5,
        10,
        9.5
      ],
      "rotation": {
        "angle": 0,
        "axis": "y",
        "origin": [
          4.5,
          8,
          7
        ]
      },
      "faces": {
        "north": {
          "uv": [
            0,
            0,
            5.6,
            0
          ],
          "texture": "#2"
        },
        "east": {
          "uv": [
            0,
            0,
            3.8,
            0
          ],
          "texture": "#2"
        },
        "south": {
          "uv": [
            0,
            0,
            5.6,
            0
          ],
          "texture": "#2"
        },
        "west": {
          "uv": [
            0,
            0,
            3.8,
            0
          ],
          "texture": "#2"
        },
        "up": {
          "uv": [
            5.6,
            3.8,
            0,
            0
          ],
          "texture": "#2"
        },
        "down": {
          "uv": [
            5.6,
            0,
            0,
            3.8
          ],
          "texture": "#2"
        }
      }
    },
    {
      "from": [
        8.75,
        10.4,
        0.25
      ],
      "to": [
        12.75,
        10.4,
        6.25
      ],
      "rotation": {
        "angle": 22.5,
        "axis": "y",
        "origin": [
          10.75,
          10.4,
          3.25
        ]
      },
      "faces": {
        "north": {
          "uv": [
            0,
            0,
            0,
            3.2
          ],
          "rotation": 90,
          "texture": "#1"
        },
        "east": {
          "uv": [
            0,
            8,
            0,
            0
          ],
          "rotation": 270,
          "texture": "#1"
        },
        "south": {
          "uv": [
            0,
            3.2,
            0,
            0
          ],
          "rotation": 90,
          "texture": "#1"
        },
        "west": {
          "uv": [
            0,
            8,
            0,
            0
          ],
          "rotation": 90,
          "texture": "#1"
        },
        "up": {
          "uv": [
            5.33333,
            0,
            0,
            8
          ],
          "texture": "#1"
        },
        "down": {
          "uv": [
            0,
            0,
            0,
            0
          ],
          "rotation": 180,
          "texture": "#1"
        }
      }
    },
    {
      "from": [
        3.25,
        10.4,
        0.25
      ],
      "to": [
        7.25,
        10.4,
        6.25
      ],
      "rotation": {
        "angle": -22.5,
        "axis": "y",
        "origin": [
          5.25,
          10.4,
          3.25
        ]
      },
      "faces": {
        "north": {
          "uv": [
            0,
            3.2,
            0,
            0
          ],
          "rotation": 90,
          "texture": "#1"
        },
        "east": {
          "uv": [
            0,
            0,
            0,
            8
          ],
          "rotation": 90,
          "texture": "#1"
        },
        "south": {
          "uv": [
            0,
            0,
            0,
            3.2
          ],
          "rotation": 90,
          "texture": "#1"
        },
        "west": {
          "uv": [
            0,
            0,
            0,
            8
          ],
          "rotation": 270,
          "texture": "#1"
        },
        "up": {
          "uv": [
            0,
            0,
            5.33333,
            8
          ],
          "texture": "#1"
        },
        "down": {
          "uv": [
            0,
            0,
            0,
            0
          ],
          "rotation": 180,
          "texture": "#1"
        }
      }
    }
  ],
  "gui_light": "front",
  "display": {
    "thirdperson_righthand": {
      "translation": [
        0,
        -0.5,
        0.5
      ]
    },
    "thirdperson_lefthand": {
      "translation": [
        0,
        -0.5,
        0.5
      ]
    },
    "firstperson_righthand": {
      "translation": [
        -2.75,
        2.75,
        3.75
      ]
    },
    "firstperson_lefthand": {
      "translation": [
        -2.75,
        2.75,
        3.75
      ]
    },
    "ground": {
      "translation": [
        0,
        3.75,
        0
      ]
    },
    "gui": {
      "rotation": [
        90,
        45,
        0
      ],
      "translation": [
        1.5,
        -1.5,
        0
      ],
      "scale": [
        1.33984,
        1.33984,
        1.33984
      ]
    },
    "head": {
      "scale": [
        0,
        0,
        0
      ]
    },
    "fixed": {
      "rotation": [
        -90,
        0,
        0
      ],
      "translation": [
        0,
        0,
        -0.25
      ],
      "scale": [
        2.74219,
        2.74219,
        2.74219
      ]
    }
  }
}