{
  "credit": "MadebyPolygonMC",
  "texture_size": [
    24,
    24
  ],
  "textures": {
    "1": "xmasset:animations/animation_1",
    "2": "xmasset:greatsword",
    "particle": "xmasset:greatsword"
  },
  "elements": [
    {
      "from": [
        7.35,
        1.25,
        7.35
      ],
      "to": [
        8.65,
        1.75,
        8.65
      ],
      "rotation": {
        "angle": 0,
        "axis": "y",
        "origin": [
          7.5,
          0.75,
          6.5
        ]
      },
      "faces": {
        "north": {
          "uv": [
            13.33333,
            11.33333,
            14.16667,
            11.66667
          ],
          "texture": "#2"
        },
        "east": {
          "uv": [
            12,
            13.33333,
            12.83333,
            13.66667
          ],
          "texture": "#2"
        },
        "south": {
          "uv": [
            13.33333,
            12,
            14.16667,
            12.33333
          ],
          "texture": "#2"
        },
        "west": {
          "uv": [
            13.33333,
            12.66667,
            14.16667,
            13
          ],
          "texture": "#2"
        },
        "up": {
          "uv": [
            12.16667,
            10.83333,
            11.33333,
            10
          ],
          "texture": "#2"
        },
        "down": {
          "uv": [
            11.5,
            11.33333,
            10.66667,
            12.16667
          ],
          "texture": "#2"
        }
      }
    },
    {
      "from": [
        7.35,
        5.8,
        7.35
      ],
      "to": [
        8.65,
        6.3,
        8.65
      ],
      "rotation": {
        "angle": 0,
        "axis": "y",
        "origin": [
          7.5,
          5.3,
          6.5
        ]
      },
      "faces": {
        "north": {
          "uv": [
            13.33333,
            13.33333,
            14.16667,
            13.66667
          ],
          "texture": "#2"
        },
        "east": {
          "uv": [
            14,
            0,
            14.83333,
            0.33333
          ],
          "texture": "#2"
        },
        "south": {
          "uv": [
            14,
            0.66667,
            14.83333,
            1
          ],
          "texture": "#2"
        },
        "west": {
          "uv": [
            14,
            1.33333,
            14.83333,
            1.66667
          ],
          "texture": "#2"
        },
        "up": {
          "uv": [
            12.83333,
            0.83333,
            12,
            0
          ],
          "texture": "#2"
        },
        "down": {
          "uv": [
            12.83333,
            1.33333,
            12,
            2.16667
          ],
          "texture": "#2"
        }
      }
    },
    {
      "from": [
        7.5,
        1.75,
        7.5
      ],
      "to": [
        8.5,
        2.75,
        8.5
      ],
      "rotation": {
        "angle": 0,
        "axis": "y",
        "origin": [
          7.5,
          0.75,
          6.5
        ]
      },
      "faces": {
        "north": {
          "uv": [
            9.33333,
            2.66667,
            10,
            3.33333
          ],
          "texture": "#2"
        },
        "east": {
          "uv": [
            10.66667,
            8,
            11.33333,
            8.66667
          ],
          "texture": "#2"
        },
        "south": {
          "uv": [
            11.33333,
            4.66667,
            12,
            5.33333
          ],
          "texture": "#2"
        },
        "west": {
          "uv": [
            12.66667,
            10,
            13.33333,
            10.66667
          ],
          "texture": "#2"
        },
        "up": {
          "uv": [
            11.33333,
            13.33333,
            10.66667,
            12.66667
          ],
          "texture": "#2"
        },
        "down": {
          "uv": [
            13.33333,
            10.66667,
            12.66667,
            11.33333
          ],
          "texture": "#2"
        }
      }
    },
    {
      "from": [
        7.5,
        4.8,
        7.5
      ],
      "to": [
        8.5,
        5.8,
        8.5
      ],
      "rotation": {
        "angle": 0,
        "axis": "y",
        "origin": [
          7.5,
          3.8,
          6.5
        ]
      },
      "faces": {
        "north": {
          "uv": [
            11.33333,
            12.66667,
            12,
            13.33333
          ],
          "texture": "#2"
        },
        "east": {
          "uv": [
            12.66667,
            12,
            13.33333,
            12.66667
          ],
          "texture": "#2"
        },
        "south": {
          "uv": [
            12.66667,
            12.66667,
            13.33333,
            13.33333
          ],
          "texture": "#2"
        },
        "west": {
          "uv": [
            13.33333,
            0,
            14,
            0.66667
          ],
          "texture": "#2"
        },
        "up": {
          "uv": [
            14,
            1.33333,
            13.33333,
            0.66667
          ],
          "texture": "#2"
        },
        "down": {
          "uv": [
            14,
            1.33333,
            13.33333,
            2
          ],
          "texture": "#2"
        }
      }
    },
    {
      "from": [
        7.6,
        2.75,
        7.6
      ],
      "to": [
        8.4,
        3.55,
        8.4
      ],
      "rotation": {
        "angle": 0,
        "axis": "y",
        "origin": [
          7.5,
          1.75,
          6.5
        ]
      },
      "faces": {
        "north": {
          "uv": [
            14,
            4.66667,
            14.5,
            5.16667
          ],
          "texture": "#2"
        },
        "east": {
          "uv": [
            5.33333,
            14,
            5.83333,
            14.5
          ],
          "texture": "#2"
        },
        "south": {
          "uv": [
            14,
            5.33333,
            14.5,
            5.83333
          ],
          "texture": "#2"
        },
        "west": {
          "uv": [
            14,
            6,
            14.5,
            6.5
          ],
          "texture": "#2"
        },
        "up": {
          "uv": [
            14.5,
            7.16667,
            14,
            6.66667
          ],
          "texture": "#2"
        },
        "down": {
          "uv": [
            14.5,
            7.33333,
            14,
            7.83333
          ],
          "texture": "#2"
        }
      }
    },
    {
      "from": [
        7.6,
        4.05,
        7.6
      ],
      "to": [
        8.4,
        4.85,
        8.4
      ],
      "rotation": {
        "angle": 0,
        "axis": "y",
        "origin": [
          7.5,
          3.05,
          6.5
        ]
      },
      "faces": {
        "north": {
          "uv": [
            8,
            14,
            8.5,
            14.5
          ],
          "texture": "#2"
        },
        "east": {
          "uv": [
            14,
            8,
            14.5,
            8.5
          ],
          "texture": "#2"
        },
        "south": {
          "uv": [
            8.66667,
            14,
            9.16667,
            14.5
          ],
          "texture": "#2"
        },
        "west": {
          "uv": [
            14,
            8.66667,
            14.5,
            9.16667
          ],
          "texture": "#2"
        },
        "up": {
          "uv": [
            14.5,
            9.83333,
            14,
            9.33333
          ],
          "texture": "#2"
        },
        "down": {
          "uv": [
            14.5,
            10,
            14,
            10.5
          ],
          "texture": "#2"
        }
      }
    },
    {
      "from": [
        7.41,
        0.26,
        7.41
      ],
      "to": [
        8.59,
        1.44,
        8.59
      ],
      "rotation": {
        "angle": -45,
        "axis": "x",
        "origin": [
          8,
          0.85,
          8
        ]
      },
      "faces": {
        "north": {
          "uv": [
            12,
            2.66667,
            12.83333,
            3.5
          ],
          "texture": "#2"
        },
        "east": {
          "uv": [
            12,
            4,
            12.83333,
            4.83333
          ],
          "texture": "#2"
        },
        "south": {
          "uv": [
            12,
            5.33333,
            12.83333,
            6.16667
          ],
          "texture": "#2"
        },
        "west": {
          "uv": [
            12,
            6.66667,
            12.83333,
            7.5
          ],
          "texture": "#2"
        },
        "up": {
          "uv": [
            12.83333,
            8.83333,
            12,
            8
          ],
          "texture": "#2"
        },
        "down": {
          "uv": [
            9.5,
            12,
            8.66667,
            12.83333
          ],
          "texture": "#2"
        }
      }
    },
    {
      "from": [
        7.51,
        3.31,
        7.51
      ],
      "to": [
        8.49,
        4.29,
        8.49
      ],
      "rotation": {
        "angle": -45,
        "axis": "x",
        "origin": [
          8,
          3.8,
          8
        ]
      },
      "faces": {
        "north": {
          "uv": [
            13.33333,
            2,
            14,
            2.66667
          ],
          "texture": "#2"
        },
        "east": {
          "uv": [
            13.33333,
            2.66667,
            14,
            3.33333
          ],
          "texture": "#2"
        },
        "south": {
          "uv": [
            13.33333,
            3.33333,
            14,
            4
          ],
          "texture": "#2"
        },
        "west": {
          "uv": [
            13.33333,
            4,
            14,
            4.66667
          ],
          "texture": "#2"
        },
        "up": {
          "uv": [
            14,
            5.33333,
            13.33333,
            4.66667
          ],
          "texture": "#2"
        },
        "down": {
          "uv": [
            6,
            13.33333,
            5.33333,
            14
          ],
          "texture": "#2"
        }
      }
    },
    {
      "from": [
        7.4,
        6.25,
        7
      ],
      "to": [
        8.6,
        8.25,
        9
      ],
      "rotation": {
        "angle": -45,
        "axis": "x",
        "origin": [
          8,
          7.25,
          8
        ]
      },
      "faces": {
        "north": {
          "uv": [
            8.66667,
            9.33333,
            9.5,
            10.66667
          ],
          "texture": "#2"
        },
        "east": {
          "uv": [
            8.66667,
            5.33333,
            10,
            6.66667
          ],
          "texture": "#2"
        },
        "south": {
          "uv": [
            10,
            2.66667,
            10.83333,
            4
          ],
          "texture": "#2"
        },
        "west": {
          "uv": [
            6.66667,
            8.66667,
            8,
            10
          ],
          "texture": "#2"
        },
        "up": {
          "uv": [
            10.83333,
            5.33333,
            10,
            4
          ],
          "texture": "#2"
        },
        "down": {
          "uv": [
            5.5,
            10,
            4.66667,
            11.33333
          ],
          "texture": "#2"
        }
      }
    },
    {
      "from": [
        7.15,
        6.5,
        7.25
      ],
      "to": [
        8.85,
        8,
        8.75
      ],
      "rotation": {
        "angle": -45,
        "axis": "x",
        "origin": [
          8,
          7.25,
          8
        ]
      },
      "faces": {
        "north": {
          "uv": [
            8.66667,
            6.66667,
            9.83333,
            7.66667
          ],
          "texture": "#2"
        },
        "east": {
          "uv": [
            10,
            8.66667,
            11,
            9.66667
          ],
          "texture": "#2"
        },
        "south": {
          "uv": [
            8.66667,
            8,
            9.83333,
            9
          ],
          "texture": "#2"
        },
        "west": {
          "uv": [
            10,
            10,
            11,
            11
          ],
          "texture": "#2"
        },
        "up": {
          "uv": [
            10.5,
            1,
            9.33333,
            0
          ],
          "texture": "#2"
        },
        "down": {
          "uv": [
            10.5,
            1.33333,
            9.33333,
            2.33333
          ],
          "texture": "#2"
        }
      }
    },
    {
      "from": [
        7.745,
        11.35355,
        6.93934
      ],
      "to": [
        8.255,
        12.85355,
        8.43934
      ],
      "rotation": {
        "angle": -45,
        "axis": "x",
        "origin": [
          7.995,
          12.35355,
          7.93934
        ]
      },
      "faces": {
        "north": {
          "uv": [
            10,
            13.33333,
            10.33333,
            14.33333
          ],
          "texture": "#2"
        },
        "east": {
          "uv": [
            10.66667,
            0,
            11.66667,
            1
          ],
          "texture": "#2"
        },
        "south": {
          "uv": [
            13.33333,
            10,
            13.66667,
            11
          ],
          "texture": "#2"
        },
        "west": {
          "uv": [
            10.66667,
            1.33333,
            11.66667,
            2.33333
          ],
          "texture": "#2"
        },
        "up": {
          "uv": [
            11,
            14.33333,
            10.66667,
            13.33333
          ],
          "texture": "#2"
        },
        "down": {
          "uv": [
            11.66667,
            13.33333,
            11.33333,
            14.33333
          ],
          "texture": "#2"
        }
      }
    },
    {
      "from": [
        7.745,
        24.53033,
        7.38388
      ],
      "to": [
        8.255,
        25.78033,
        9.13388
      ],
      "rotation": {
        "angle": -45,
        "axis": "x",
        "origin": [
          7.995,
          25.53033,
          8.38388
        ]
      },
      "faces": {
        "north": {
          "uv": [
            14,
            2,
            14.33333,
            2.83333
          ],
          "texture": "#2"
        },
        "east": {
          "uv": [
            10.66667,
            6.66667,
            11.83333,
            7.5
          ],
          "texture": "#2"
        },
        "south": {
          "uv": [
            14,
            3.33333,
            14.33333,
            4.16667
          ],
          "texture": "#2"
        },
        "west": {
          "uv": [
            8.66667,
            10.66667,
            9.83333,
            11.5
          ],
          "texture": "#2"
        },
        "up": {
          "uv": [
            13.66667,
            9.83333,
            13.33333,
            8.66667
          ],
          "texture": "#2"
        },
        "down": {
          "uv": [
            9.66667,
            13.33333,
            9.33333,
            14.5
          ],
          "texture": "#2"
        }
      }
    },
    {
      "from": [
        7.75,
        7.65,
        7
      ],
      "to": [
        8.25,
        12,
        9
      ],
      "rotation": {
        "angle": 0,
        "axis": "y",
        "origin": [
          7.75,
          0,
          0
        ]
      },
      "faces": {
        "north": {
          "uv": [
            7.33333,
            10,
            7.66667,
            12.83333
          ],
          "texture": "#2"
        },
        "east": {
          "uv": [
            4.66667,
            6.66667,
            6,
            9.5
          ],
          "texture": "#2"
        },
        "south": {
          "uv": [
            4.66667,
            11.33333,
            5,
            14.16667
          ],
          "texture": "#2"
        },
        "west": {
          "uv": [
            8,
            0,
            9.33333,
            2.83333
          ],
          "texture": "#2"
        },
        "down": {
          "uv": [
            13.66667,
            5.33333,
            13.33333,
            6.66667
          ],
          "texture": "#2"
        }
      }
    },
    {
      "from": [
        7.75,
        12,
        7.5
      ],
      "to": [
        8.25,
        25,
        9
      ],
      "rotation": {
        "angle": 0,
        "axis": "y",
        "origin": [
          7.75,
          7,
          0
        ]
      },
      "faces": {
        "north": {
          "uv": [
            6,
            6.66667,
            6.33333,
            15.33333
          ],
          "texture": "#2"
        },
        "east": {
          "uv": [
            6.66667,
            0,
            7.66667,
            8.66667
          ],
          "texture": "#2"
        },
        "south": {
          "uv": [
            8,
            5.33333,
            8.33333,
            14
          ],
          "texture": "#2"
        },
        "west": {
          "uv": [
            3.33333,
            6.66667,
            4.33333,
            15.33333
          ],
          "texture": "#2"
        }
      }
    },
    {
      "from": [
        8,
        -2,
        6.875
      ],
      "to": [
        8,
        1,
        9.125
      ],
      "rotation": {
        "angle": 0,
        "axis": "y",
        "origin": [
          8,
          -1,
          7.125
        ]
      },
      "faces": {
        "north": {
          "uv": [
            0,
            0,
            0,
            2
          ],
          "texture": "#2"
        },
        "east": {
          "uv": [
            8,
            3.33333,
            9.5,
            5.33333
          ],
          "texture": "#2"
        },
        "south": {
          "uv": [
            0,
            0,
            0,
            2
          ],
          "texture": "#2"
        },
        "west": {
          "uv": [
            8,
            3.33333,
            9.5,
            5.33333
          ],
          "texture": "#2"
        },
        "up": {
          "uv": [
            0,
            1.5,
            0,
            0
          ],
          "texture": "#2"
        },
        "down": {
          "uv": [
            0,
            0,
            0,
            1.5
          ],
          "texture": "#2"
        }
      }
    },
    {
      "from": [
        7.6,
        6.1252,
        8.85624
      ],
      "to": [
        8.4,
        8.8752,
        9.60624
      ],
      "rotation": {
        "angle": 0,
        "axis": "x",
        "origin": [
          8,
          8.07377,
          8.51118
        ]
      },
      "faces": {
        "north": {
          "uv": [
            11.33333,
            2.66667,
            11.83333,
            4.5
          ],
          "texture": "#2"
        },
        "east": {
          "uv": [
            5.33333,
            11.33333,
            5.83333,
            13.16667
          ],
          "texture": "#2"
        },
        "south": {
          "uv": [
            11.33333,
            8,
            11.83333,
            9.83333
          ],
          "texture": "#2"
        },
        "west": {
          "uv": [
            10,
            11.33333,
            10.5,
            13.16667
          ],
          "texture": "#2"
        },
        "down": {
          "uv": [
            14.5,
            10.66667,
            14,
            11.16667
          ],
          "texture": "#2"
        }
      }
    },
    {
      "from": [
        7.6,
        6.1252,
        8.10624
      ],
      "to": [
        8.4,
        6.8752,
        8.85624
      ],
      "rotation": {
        "angle": 0,
        "axis": "x",
        "origin": [
          8,
          8.07377,
          8.51118
        ]
      },
      "faces": {
        "north": {
          "uv": [
            12,
            14,
            12.5,
            14.5
          ],
          "texture": "#2"
        },
        "east": {
          "uv": [
            12.66667,
            14,
            13.16667,
            14.5
          ],
          "texture": "#2"
        },
        "west": {
          "uv": [
            13.33333,
            14,
            13.83333,
            14.5
          ],
          "texture": "#2"
        },
        "up": {
          "uv": [
            14.5,
            14.5,
            14,
            14
          ],
          "texture": "#2"
        },
        "down": {
          "uv": [
            15.16667,
            2,
            14.66667,
            2.5
          ],
          "texture": "#2"
        }
      }
    },
    {
      "from": [
        7.775,
        6.9752,
        8.90623
      ],
      "to": [
        8.225,
        8.9752,
        9.50623
      ],
      "rotation": {
        "angle": 0,
        "axis": "x",
        "origin": [
          8,
          8.17377,
          9.16118
        ]
      },
      "faces": {
        "north": {
          "uv": [
            6.66667,
            13.33333,
            7,
            14.66667
          ],
          "texture": "#2"
        },
        "east": {
          "uv": [
            13.33333,
            6.66667,
            13.66667,
            8
          ],
          "texture": "#2"
        },
        "west": {
          "uv": [
            7.33333,
            13.33333,
            7.66667,
            14.66667
          ],
          "texture": "#2"
        }
      }
    },
    {
      "from": [
        8,
        5.65,
        7.1
      ],
      "to": [
        8,
        10.65,
        12.1
      ],
      "rotation": {
        "angle": 0,
        "axis": "y",
        "origin": [
          8,
          5.9,
          15.35
        ]
      },
      "faces": {
        "north": {
          "uv": [
            0,
            0,
            0,
            3.33333
          ],
          "texture": "#2"
        },
        "east": {
          "uv": [
            6.66667,
            0,
            3.33333,
            3.33333
          ],
          "texture": "#2"
        },
        "south": {
          "uv": [
            0,
            0,
            0,
            3.33333
          ],
          "texture": "#2"
        },
        "west": {
          "uv": [
            3.33333,
            0,
            6.66667,
            3.33333
          ],
          "texture": "#2"
        },
        "up": {
          "uv": [
            0,
            3.33333,
            0,
            0
          ],
          "texture": "#2"
        },
        "down": {
          "uv": [
            0,
            0,
            0,
            3.33333
          ],
          "texture": "#2"
        }
      }
    },
    {
      "from": [
        7.565,
        9.17406,
        7.78367
      ],
      "to": [
        8.435,
        10.04406,
        9.36367
      ],
      "rotation": {
        "angle": -45,
        "axis": "x",
        "origin": [
          8,
          8.07377,
          8.51118
        ]
      },
      "faces": {
        "north": {
          "uv": [
            14.66667,
            2.66667,
            15.16667,
            3.16667
          ],
          "texture": "#2"
        },
        "east": {
          "uv": [
            12,
            9.33333,
            13,
            9.83333
          ],
          "texture": "#2"
        },
        "west": {
          "uv": [
            12,
            11.33333,
            13,
            11.83333
          ],
          "texture": "#2"
        },
        "up": {
          "uv": [
            7.16667,
            13,
            6.66667,
            12
          ],
          "texture": "#2"
        },
        "down": {
          "uv": [
            12.5,
            12,
            12,
            13
          ],
          "texture": "#2"
        }
      }
    },
    {
      "from": [
        7.5,
        8.7105,
        7.01518
      ],
      "to": [
        8.5,
        9.7105,
        9.51518
      ],
      "rotation": {
        "angle": 22.5,
        "axis": "x",
        "origin": [
          8,
          8.07377,
          8.51118
        ]
      },
      "faces": {
        "north": {
          "uv": [
            13.33333,
            8,
            14,
            8.66667
          ],
          "texture": "#2"
        },
        "east": {
          "uv": [
            10,
            5.33333,
            11.66667,
            6
          ],
          "texture": "#2"
        },
        "south": {
          "uv": [
            8.66667,
            13.33333,
            9.33333,
            14
          ],
          "texture": "#2"
        },
        "west": {
          "uv": [
            10,
            6,
            11.66667,
            6.66667
          ],
          "texture": "#2"
        },
        "up": {
          "uv": [
            7.33333,
            11.66667,
            6.66667,
            10
          ],
          "texture": "#2"
        },
        "down": {
          "uv": [
            10.66667,
            6.66667,
            10,
            8.33333
          ],
          "texture": "#2"
        }
      }
    },
    {
      "from": [
        8,
        7,
        5.375
      ],
      "to": [
        8,
        30,
        9.625
      ],
      "rotation": {
        "angle": 0,
        "axis": "y",
        "origin": [
          8,
          8,
          4.625
        ]
      },
      "faces": {
        "north": {
          "uv": [
            0,
            0,
            0,
            15.33333
          ],
          "texture": "#2"
        },
        "east": {
          "uv": [
            2.83333,
            0,
            0,
            15.33333
          ],
          "texture": "#2"
        },
        "south": {
          "uv": [
            0,
            0,
            0,
            15.33333
          ],
          "texture": "#2"
        },
        "west": {
          "uv": [
            0,
            0,
            2.83333,
            15.33333
          ],
          "texture": "#2"
        },
        "up": {
          "uv": [
            0,
            2.83333,
            0,
            0
          ],
          "texture": "#2"
        },
        "down": {
          "uv": [
            0,
            0,
            0,
            2.83333
          ],
          "texture": "#2"
        }
      }
    },
    {
      "from": [
        7.3,
        4.7,
        5.5
      ],
      "to": [
        7.3,
        9.7,
        10.5
      ],
      "rotation": {
        "angle": 0,
        "axis": "y",
        "origin": [
          8,
          7.2,
          8
        ]
      },
      "faces": {
        "north": {
          "uv": [
            0,
            0,
            0,
            3.33333
          ],
          "texture": "#2"
        },
        "south": {
          "uv": [
            0,
            0,
            0,
            3.33333
          ],
          "texture": "#2"
        },
        "west": {
          "uv": [
            3.33333,
            3.33333,
            6.66667,
            6.66667
          ],
          "texture": "#2"
        },
        "up": {
          "uv": [
            0,
            3.33333,
            0,
            0
          ],
          "texture": "#2"
        },
        "down": {
          "uv": [
            0,
            0,
            0,
            3.33333
          ],
          "texture": "#2"
        }
      }
    },
    {
      "from": [
        8.7,
        4.7,
        5.5
      ],
      "to": [
        8.7,
        9.7,
        10.5
      ],
      "rotation": {
        "angle": 0,
        "axis": "y",
        "origin": [
          8,
          7.2,
          8
        ]
      },
      "faces": {
        "north": {
          "uv": [
            0,
            0,
            0,
            3.33333
          ],
          "texture": "#2"
        },
        "east": {
          "uv": [
            6.66667,
            3.33333,
            3.33333,
            6.66667
          ],
          "texture": "#2"
        },
        "south": {
          "uv": [
            0,
            0,
            0,
            3.33333
          ],
          "texture": "#2"
        },
        "up": {
          "uv": [
            0,
            3.33333,
            0,
            0
          ],
          "texture": "#2"
        },
        "down": {
          "uv": [
            0,
            0,
            0,
            3.33333
          ],
          "texture": "#2"
        }
      }
    },
    {
      "from": [
        7.1,
        4,
        6
      ],
      "to": [
        7.1,
        14,
        10
      ],
      "rotation": {
        "angle": 0,
        "axis": "y",
        "origin": [
          6.95,
          9,
          8.5
        ]
      },
      "faces": {
        "north": {
          "uv": [
            0,
            0,
            0,
            6.66667
          ],
          "texture": "#1"
        },
        "south": {
          "uv": [
            0,
            0,
            0,
            6.66667
          ],
          "texture": "#1"
        },
        "west": {
          "uv": [
            0,
            0,
            5.33056,
            13.33056
          ],
          "texture": "#1"
        },
        "up": {
          "uv": [
            0,
            2.66667,
            0,
            0
          ],
          "texture": "#1"
        },
        "down": {
          "uv": [
            0,
            0,
            0,
            2.66667
          ],
          "texture": "#1"
        }
      }
    },
    {
      "from": [
        8.9,
        4,
        6
      ],
      "to": [
        8.9,
        14,
        10
      ],
      "rotation": {
        "angle": 0,
        "axis": "y",
        "origin": [
          9.05,
          9,
          8.5
        ]
      },
      "faces": {
        "north": {
          "uv": [
            0,
            0,
            0,
            6.66667
          ],
          "texture": "#1"
        },
        "east": {
          "uv": [
            5.33056,
            0,
            0,
            13.33056
          ],
          "texture": "#1"
        },
        "south": {
          "uv": [
            0,
            0,
            0,
            6.66667
          ],
          "texture": "#1"
        },
        "up": {
          "uv": [
            0,
            2.66667,
            0,
            0
          ],
          "texture": "#1"
        },
        "down": {
          "uv": [
            0,
            0,
            0,
            2.66667
          ],
          "texture": "#1"
        }
      }
    }
  ],
  "gui_light": "front",
  "display": {
    "thirdperson_righthand": {
      "translation": [
        0,
        2.25,
        1
      ]
    },
    "thirdperson_lefthand": {
      "translation": [
        0,
        2.25,
        1
      ]
    },
    "firstperson_righthand": {
      "rotation": [
        -10,
        0,
        0
      ],
      "translation": [
        0,
        2.25,
        0
      ]
    },
    "firstperson_lefthand": {
      "rotation": [
        -10,
        0,
        0
      ],
      "translation": [
        0,
        2.25,
        0
      ]
    },
    "ground": {
      "translation": [
        0,
        10.5,
        0
      ]
    },
    "gui": {
      "rotation": [
        -90,
        45,
        90
      ],
      "translation": [
        3,
        -3,
        0
      ],
      "scale": [
        0.75586,
        0.75586,
        0.75586
      ]
    },
    "head": {
      "scale": [
        0,
        0,
        0
      ]
    },
    "fixed": {
      "rotation": [
        90,
        -90,
        90
      ],
      "translation": [
        0,
        -12.75,
        -1
      ],
      "scale": [
        2.17383,
        2.17383,
        2.17383
      ]
    }
  }
}