{
  "credit": "MadebyPolygonMC",
  "texture_size": [
    24,
    24
  ],
  "textures": {
    "1": "xmasset:animations/animation_1",
    "2": "xmasset:hammer",
    "particle": "xmasset:hammer"
  },
  "elements": [
    {
      "from": [
        7.35,
        1.25,
        7.35
      ],
      "to": [
        8.65,
        1.75,
        8.65
      ],
      "rotation": {
        "angle": 0,
        "axis": "y",
        "origin": [
          7.5,
          0.75,
          6.5
        ]
      },
      "faces": {
        "north": {
          "uv": [
            14,
            0.66667,
            14.83333,
            1
          ],
          "texture": "#2"
        },
        "east": {
          "uv": [
            14,
            1.33333,
            14.83333,
            1.66667
          ],
          "texture": "#2"
        },
        "south": {
          "uv": [
            14,
            2,
            14.83333,
            2.33333
          ],
          "texture": "#2"
        },
        "west": {
          "uv": [
            2.66667,
            14,
            3.5,
            14.33333
          ],
          "texture": "#2"
        },
        "up": {
          "uv": [
            12.83333,
            2.83333,
            12,
            2
          ],
          "texture": "#2"
        },
        "down": {
          "uv": [
            6.83333,
            12,
            6,
            12.83333
          ],
          "texture": "#2"
        }
      }
    },
    {
      "from": [
        7.35,
        5.8,
        7.35
      ],
      "to": [
        8.65,
        6.3,
        8.65
      ],
      "rotation": {
        "angle": 0,
        "axis": "y",
        "origin": [
          7.5,
          5.3,
          6.5
        ]
      },
      "faces": {
        "north": {
          "uv": [
            14,
            2.66667,
            14.83333,
            3
          ],
          "texture": "#2"
        },
        "east": {
          "uv": [
            14,
            3.33333,
            14.83333,
            3.66667
          ],
          "texture": "#2"
        },
        "south": {
          "uv": [
            4,
            14,
            4.83333,
            14.33333
          ],
          "texture": "#2"
        },
        "west": {
          "uv": [
            14,
            4,
            14.83333,
            4.33333
          ],
          "texture": "#2"
        },
        "up": {
          "uv": [
            12.83333,
            8.16667,
            12,
            7.33333
          ],
          "texture": "#2"
        },
        "down": {
          "uv": [
            12.16667,
            12,
            11.33333,
            12.83333
          ],
          "texture": "#2"
        }
      }
    },
    {
      "from": [
        7.35,
        11.8,
        7.35
      ],
      "to": [
        8.65,
        12.3,
        8.65
      ],
      "rotation": {
        "angle": 0,
        "axis": "y",
        "origin": [
          7.5,
          11.3,
          6.5
        ]
      },
      "faces": {
        "north": {
          "uv": [
            14,
            4.66667,
            14.83333,
            5
          ],
          "texture": "#2"
        },
        "east": {
          "uv": [
            5.33333,
            14,
            6.16667,
            14.33333
          ],
          "texture": "#2"
        },
        "south": {
          "uv": [
            14,
            5.33333,
            14.83333,
            5.66667
          ],
          "texture": "#2"
        },
        "west": {
          "uv": [
            14,
            6,
            14.83333,
            6.33333
          ],
          "texture": "#2"
        },
        "up": {
          "uv": [
            0.83333,
            13.5,
            0,
            12.66667
          ],
          "texture": "#2"
        },
        "down": {
          "uv": [
            13.5,
            3.33333,
            12.66667,
            4.16667
          ],
          "texture": "#2"
        }
      }
    },
    {
      "from": [
        7.5,
        1.75,
        7.5
      ],
      "to": [
        8.5,
        2.75,
        8.5
      ],
      "rotation": {
        "angle": 0,
        "axis": "y",
        "origin": [
          7.5,
          0.75,
          6.5
        ]
      },
      "faces": {
        "north": {
          "uv": [
            6.66667,
            6,
            7.33333,
            6.66667
          ],
          "texture": "#2"
        },
        "east": {
          "uv": [
            7.33333,
            6,
            8,
            6.66667
          ],
          "texture": "#2"
        },
        "south": {
          "uv": [
            8,
            6,
            8.66667,
            6.66667
          ],
          "texture": "#2"
        },
        "west": {
          "uv": [
            8,
            9.33333,
            8.66667,
            10
          ],
          "texture": "#2"
        },
        "up": {
          "uv": [
            10.66667,
            2.66667,
            10,
            2
          ],
          "texture": "#2"
        },
        "down": {
          "uv": [
            8,
            10.66667,
            7.33333,
            11.33333
          ],
          "texture": "#2"
        }
      }
    },
    {
      "from": [
        7.5,
        4.8,
        7.5
      ],
      "to": [
        8.5,
        5.8,
        8.5
      ],
      "rotation": {
        "angle": 0,
        "axis": "y",
        "origin": [
          7.5,
          3.8,
          6.5
        ]
      },
      "faces": {
        "north": {
          "uv": [
            10.66667,
            9.33333,
            11.33333,
            10
          ],
          "texture": "#2"
        },
        "east": {
          "uv": [
            1.33333,
            11.33333,
            2,
            12
          ],
          "texture": "#2"
        },
        "south": {
          "uv": [
            11.33333,
            4.66667,
            12,
            5.33333
          ],
          "texture": "#2"
        },
        "west": {
          "uv": [
            11.33333,
            7.33333,
            12,
            8
          ],
          "texture": "#2"
        },
        "up": {
          "uv": [
            12.66667,
            5.33333,
            12,
            4.66667
          ],
          "texture": "#2"
        },
        "down": {
          "uv": [
            12.66667,
            8.66667,
            12,
            9.33333
          ],
          "texture": "#2"
        }
      }
    },
    {
      "from": [
        7.6,
        2.75,
        7.6
      ],
      "to": [
        8.4,
        3.55,
        8.4
      ],
      "rotation": {
        "angle": 0,
        "axis": "y",
        "origin": [
          7.5,
          1.75,
          6.5
        ]
      },
      "faces": {
        "north": {
          "uv": [
            6.66667,
            14,
            7.16667,
            14.5
          ],
          "texture": "#2"
        },
        "east": {
          "uv": [
            14,
            6.66667,
            14.5,
            7.16667
          ],
          "texture": "#2"
        },
        "south": {
          "uv": [
            7.33333,
            14,
            7.83333,
            14.5
          ],
          "texture": "#2"
        },
        "west": {
          "uv": [
            14,
            7.33333,
            14.5,
            7.83333
          ],
          "texture": "#2"
        },
        "up": {
          "uv": [
            8.5,
            14.5,
            8,
            14
          ],
          "texture": "#2"
        },
        "down": {
          "uv": [
            14.5,
            8,
            14,
            8.5
          ],
          "texture": "#2"
        }
      }
    },
    {
      "from": [
        7.6,
        4.05,
        7.6
      ],
      "to": [
        8.4,
        4.85,
        8.4
      ],
      "rotation": {
        "angle": 0,
        "axis": "y",
        "origin": [
          7.5,
          3.05,
          6.5
        ]
      },
      "faces": {
        "north": {
          "uv": [
            8.66667,
            14,
            9.16667,
            14.5
          ],
          "texture": "#2"
        },
        "east": {
          "uv": [
            14,
            8.66667,
            14.5,
            9.16667
          ],
          "texture": "#2"
        },
        "south": {
          "uv": [
            9.33333,
            14,
            9.83333,
            14.5
          ],
          "texture": "#2"
        },
        "west": {
          "uv": [
            14,
            9.33333,
            14.5,
            9.83333
          ],
          "texture": "#2"
        },
        "up": {
          "uv": [
            10.5,
            14.5,
            10,
            14
          ],
          "texture": "#2"
        },
        "down": {
          "uv": [
            14.5,
            10,
            14,
            10.5
          ],
          "texture": "#2"
        }
      }
    },
    {
      "from": [
        7.41,
        0.26,
        7.41
      ],
      "to": [
        8.59,
        1.44,
        8.59
      ],
      "rotation": {
        "angle": -45,
        "axis": "x",
        "origin": [
          8,
          0.85,
          8
        ]
      },
      "faces": {
        "north": {
          "uv": [
            12.66667,
            6,
            13.5,
            6.83333
          ],
          "texture": "#2"
        },
        "east": {
          "uv": [
            7.33333,
            12.66667,
            8.16667,
            13.5
          ],
          "texture": "#2"
        },
        "south": {
          "uv": [
            8.66667,
            12.66667,
            9.5,
            13.5
          ],
          "texture": "#2"
        },
        "west": {
          "uv": [
            12.66667,
            8.66667,
            13.5,
            9.5
          ],
          "texture": "#2"
        },
        "up": {
          "uv": [
            10.83333,
            13.5,
            10,
            12.66667
          ],
          "texture": "#2"
        },
        "down": {
          "uv": [
            13.5,
            10,
            12.66667,
            10.83333
          ],
          "texture": "#2"
        }
      }
    },
    {
      "from": [
        7.51,
        3.31,
        7.51
      ],
      "to": [
        8.49,
        4.29,
        8.49
      ],
      "rotation": {
        "angle": -45,
        "axis": "x",
        "origin": [
          8,
          3.8,
          8
        ]
      },
      "faces": {
        "north": {
          "uv": [
            12.66667,
            4.66667,
            13.33333,
            5.33333
          ],
          "texture": "#2"
        },
        "east": {
          "uv": [
            13.33333,
            2,
            14,
            2.66667
          ],
          "texture": "#2"
        },
        "south": {
          "uv": [
            2.66667,
            13.33333,
            3.33333,
            14
          ],
          "texture": "#2"
        },
        "west": {
          "uv": [
            13.33333,
            2.66667,
            14,
            3.33333
          ],
          "texture": "#2"
        },
        "up": {
          "uv": [
            4,
            14,
            3.33333,
            13.33333
          ],
          "texture": "#2"
        },
        "down": {
          "uv": [
            4.66667,
            13.33333,
            4,
            14
          ],
          "texture": "#2"
        }
      }
    },
    {
      "from": [
        7.4,
        12.25,
        7
      ],
      "to": [
        8.6,
        14.25,
        9
      ],
      "rotation": {
        "angle": -45,
        "axis": "x",
        "origin": [
          8,
          13.25,
          8
        ]
      },
      "faces": {
        "north": {
          "uv": [
            11.33333,
            6,
            12.16667,
            7.33333
          ],
          "texture": "#2"
        },
        "east": {
          "uv": [
            10,
            10,
            11.33333,
            11.33333
          ],
          "texture": "#2"
        },
        "south": {
          "uv": [
            7.33333,
            11.33333,
            8.16667,
            12.66667
          ],
          "texture": "#2"
        },
        "west": {
          "uv": [
            10.66667,
            2,
            12,
            3.33333
          ],
          "texture": "#2"
        },
        "up": {
          "uv": [
            9.5,
            12.66667,
            8.66667,
            11.33333
          ],
          "texture": "#2"
        },
        "down": {
          "uv": [
            12.16667,
            9.33333,
            11.33333,
            10.66667
          ],
          "texture": "#2"
        }
      }
    },
    {
      "from": [
        7.15,
        12.5,
        7.25
      ],
      "to": [
        8.85,
        14,
        8.75
      ],
      "rotation": {
        "angle": -45,
        "axis": "x",
        "origin": [
          8,
          13.25,
          8
        ]
      },
      "faces": {
        "north": {
          "uv": [
            6,
            10.66667,
            7.16667,
            11.66667
          ],
          "texture": "#2"
        },
        "east": {
          "uv": [
            10,
            11.33333,
            11,
            12.33333
          ],
          "texture": "#2"
        },
        "south": {
          "uv": [
            10.66667,
            8,
            11.83333,
            9
          ],
          "texture": "#2"
        },
        "west": {
          "uv": [
            11.33333,
            10.66667,
            12.33333,
            11.66667
          ],
          "texture": "#2"
        },
        "up": {
          "uv": [
            1.16667,
            12.33333,
            0,
            11.33333
          ],
          "texture": "#2"
        },
        "down": {
          "uv": [
            12.5,
            3.33333,
            11.33333,
            4.33333
          ],
          "texture": "#2"
        }
      }
    },
    {
      "from": [
        8,
        -2,
        6.875
      ],
      "to": [
        8,
        1,
        9.125
      ],
      "rotation": {
        "angle": 0,
        "axis": "y",
        "origin": [
          8,
          -1,
          7.125
        ]
      },
      "faces": {
        "north": {
          "uv": [
            0,
            0,
            0,
            2
          ],
          "texture": "#2"
        },
        "east": {
          "uv": [
            8.66667,
            8,
            10.16667,
            10
          ],
          "texture": "#2"
        },
        "south": {
          "uv": [
            0,
            0,
            0,
            2
          ],
          "texture": "#2"
        },
        "west": {
          "uv": [
            0,
            9.33333,
            1.5,
            11.33333
          ],
          "texture": "#2"
        },
        "up": {
          "uv": [
            0,
            1.5,
            0,
            0
          ],
          "texture": "#2"
        },
        "down": {
          "uv": [
            0,
            0,
            0,
            1.5
          ],
          "texture": "#2"
        }
      }
    },
    {
      "from": [
        7.5,
        6.3,
        7.5
      ],
      "to": [
        8.5,
        11.8,
        8.5
      ],
      "rotation": {
        "angle": 0,
        "axis": "y",
        "origin": [
          6.5,
          6.3,
          7.5
        ]
      },
      "faces": {
        "north": {
          "uv": [
            3.33333,
            9.33333,
            4,
            13
          ],
          "texture": "#2"
        },
        "east": {
          "uv": [
            4,
            9.33333,
            4.66667,
            13
          ],
          "texture": "#2"
        },
        "south": {
          "uv": [
            4.66667,
            9.33333,
            5.33333,
            13
          ],
          "texture": "#2"
        },
        "west": {
          "uv": [
            5.33333,
            9.33333,
            6,
            13
          ],
          "texture": "#2"
        }
      }
    },
    {
      "from": [
        7.5,
        12.5,
        5
      ],
      "to": [
        8.5,
        14,
        8
      ],
      "rotation": {
        "angle": 0,
        "axis": "y",
        "origin": [
          7.5,
          0,
          0
        ]
      },
      "faces": {
        "north": {
          "uv": [
            2.66667,
            12,
            3.33333,
            13
          ],
          "texture": "#2"
        },
        "east": {
          "uv": [
            6,
            9.33333,
            8,
            10.33333
          ],
          "texture": "#2"
        },
        "south": {
          "uv": [
            12.66667,
            11.33333,
            13.33333,
            12.33333
          ],
          "texture": "#2"
        },
        "west": {
          "uv": [
            8,
            10,
            10,
            11
          ],
          "texture": "#2"
        },
        "up": {
          "uv": [
            3.33333,
            9.33333,
            2.66667,
            7.33333
          ],
          "texture": "#2"
        },
        "down": {
          "uv": [
            11.33333,
            3.33333,
            10.66667,
            5.33333
          ],
          "texture": "#2"
        }
      }
    },
    {
      "from": [
        7.5,
        12.5,
        8
      ],
      "to": [
        8.5,
        14,
        11
      ],
      "rotation": {
        "angle": 0,
        "axis": "y",
        "origin": [
          7.5,
          0,
          16
        ]
      },
      "faces": {
        "north": {
          "uv": [
            13.33333,
            11.33333,
            12.66667,
            12.33333
          ],
          "texture": "#2"
        },
        "east": {
          "uv": [
            8,
            9.33333,
            6,
            10.33333
          ],
          "texture": "#2"
        },
        "south": {
          "uv": [
            3.33333,
            12,
            2.66667,
            13
          ],
          "texture": "#2"
        },
        "west": {
          "uv": [
            10,
            10,
            8,
            11
          ],
          "texture": "#2"
        },
        "up": {
          "uv": [
            3.33333,
            7.33333,
            2.66667,
            9.33333
          ],
          "texture": "#2"
        },
        "down": {
          "uv": [
            11.33333,
            5.33333,
            10.66667,
            3.33333
          ],
          "texture": "#2"
        }
      }
    },
    {
      "from": [
        6,
        11,
        0
      ],
      "to": [
        10,
        15,
        5
      ],
      "rotation": {
        "angle": 0,
        "axis": "y",
        "origin": [
          6,
          11,
          5.5
        ]
      },
      "faces": {
        "north": {
          "uv": [
            3.33333,
            6.66667,
            6,
            9.33333
          ],
          "texture": "#2"
        },
        "east": {
          "uv": [
            3.33333,
            4,
            6.66667,
            6.66667
          ],
          "texture": "#2"
        },
        "south": {
          "uv": [
            6,
            6.66667,
            8.66667,
            9.33333
          ],
          "texture": "#2"
        },
        "west": {
          "uv": [
            6.66667,
            0,
            10,
            2.66667
          ],
          "texture": "#2"
        },
        "down": {
          "uv": [
            9.33333,
            2.66667,
            6.66667,
            6
          ],
          "texture": "#2"
        }
      }
    },
    {
      "from": [
        5.75,
        15,
        -0.25
      ],
      "to": [
        10.25,
        16,
        5.25
      ],
      "rotation": {
        "angle": 0,
        "axis": "y",
        "origin": [
          6,
          12,
          5.5
        ]
      },
      "faces": {
        "north": {
          "uv": [
            10,
            0.66667,
            13,
            1.33333
          ],
          "texture": "#2"
        },
        "east": {
          "uv": [
            9.33333,
            5.33333,
            13,
            6
          ],
          "texture": "#2"
        },
        "south": {
          "uv": [
            10,
            1.33333,
            13,
            2
          ],
          "texture": "#2"
        },
        "west": {
          "uv": [
            10,
            0,
            13.66667,
            0.66667
          ],
          "texture": "#2"
        },
        "up": {
          "uv": [
            3,
            7,
            0,
            3.33333
          ],
          "texture": "#2"
        },
        "down": {
          "uv": [
            6.33333,
            0,
            3.33333,
            3.66667
          ],
          "texture": "#2"
        }
      }
    },
    {
      "from": [
        7.25,
        16,
        1.75
      ],
      "to": [
        8.75,
        16.5,
        3.25
      ],
      "rotation": {
        "angle": 0,
        "axis": "x",
        "origin": [
          13,
          10,
          7
        ]
      },
      "faces": {
        "north": {
          "uv": [
            11.33333,
            13.33333,
            12.33333,
            13.66667
          ],
          "texture": "#2"
        },
        "east": {
          "uv": [
            13.33333,
            11.33333,
            14.33333,
            11.66667
          ],
          "texture": "#2"
        },
        "south": {
          "uv": [
            13.33333,
            12,
            14.33333,
            12.33333
          ],
          "texture": "#2"
        },
        "west": {
          "uv": [
            13.33333,
            12.66667,
            14.33333,
            13
          ],
          "texture": "#2"
        },
        "up": {
          "uv": [
            2.33333,
            13,
            1.33333,
            12
          ],
          "texture": "#2"
        }
      }
    },
    {
      "from": [
        7.5,
        16.19042,
        0.78768
      ],
      "to": [
        8.5,
        16.19042,
        1.78768
      ],
      "rotation": {
        "angle": 0,
        "axis": "x",
        "origin": [
          8,
          5.19042,
          0.78768
        ]
      },
      "faces": {
        "north": {
          "uv": [
            0,
            0,
            0.66667,
            0
          ],
          "texture": "#2"
        },
        "east": {
          "uv": [
            0,
            0,
            0.66667,
            0
          ],
          "texture": "#2"
        },
        "south": {
          "uv": [
            0,
            0,
            0.66667,
            0
          ],
          "texture": "#2"
        },
        "west": {
          "uv": [
            0,
            0,
            0.66667,
            0
          ],
          "texture": "#2"
        },
        "up": {
          "uv": [
            5.33333,
            14,
            4.66667,
            13.33333
          ],
          "texture": "#2"
        },
        "down": {
          "uv": [
            14,
            4.66667,
            13.33333,
            5.33333
          ],
          "texture": "#2"
        }
      }
    },
    {
      "from": [
        7.5,
        16.19142,
        0.78768
      ],
      "to": [
        8.5,
        17.19142,
        0.78768
      ],
      "rotation": {
        "angle": 0,
        "axis": "x",
        "origin": [
          8,
          5.69142,
          0.28768
        ]
      },
      "faces": {
        "north": {
          "uv": [
            5.33333,
            13.33333,
            6,
            14
          ],
          "texture": "#2"
        },
        "east": {
          "uv": [
            0,
            0,
            0,
            0.66667
          ],
          "texture": "#2"
        },
        "south": {
          "uv": [
            13.33333,
            5.33333,
            14,
            6
          ],
          "texture": "#2"
        },
        "west": {
          "uv": [
            0,
            0,
            0,
            0.66667
          ],
          "texture": "#2"
        },
        "up": {
          "uv": [
            0.66667,
            0,
            0,
            0
          ],
          "texture": "#2"
        },
        "down": {
          "uv": [
            0.66667,
            0,
            0,
            0
          ],
          "texture": "#2"
        }
      }
    },
    {
      "from": [
        7.5,
        17.19042,
        0.78768
      ],
      "to": [
        8.5,
        17.19042,
        2.28768
      ],
      "rotation": {
        "angle": 0,
        "axis": "x",
        "origin": [
          8,
          6.19042,
          0.78768
        ]
      },
      "faces": {
        "north": {
          "uv": [
            0,
            0,
            0.66667,
            0
          ],
          "texture": "#2"
        },
        "east": {
          "uv": [
            0,
            0,
            1,
            0
          ],
          "texture": "#2"
        },
        "south": {
          "uv": [
            0,
            0,
            0.66667,
            0
          ],
          "texture": "#2"
        },
        "west": {
          "uv": [
            0,
            0,
            1,
            0
          ],
          "texture": "#2"
        },
        "up": {
          "uv": [
            13.33333,
            13.66667,
            12.66667,
            12.66667
          ],
          "texture": "#2"
        },
        "down": {
          "uv": [
            14,
            0.66667,
            13.33333,
            1.66667
          ],
          "texture": "#2"
        }
      }
    },
    {
      "from": [
        7.5,
        16.44142,
        2.28768
      ],
      "to": [
        8.5,
        17.19142,
        2.28768
      ],
      "rotation": {
        "angle": 0,
        "axis": "x",
        "origin": [
          8,
          5.69142,
          0.28768
        ]
      },
      "faces": {
        "north": {
          "uv": [
            13.33333,
            13.33333,
            14,
            13.83333
          ],
          "texture": "#2"
        },
        "east": {
          "uv": [
            0,
            0,
            0,
            0.5
          ],
          "texture": "#2"
        },
        "south": {
          "uv": [
            0,
            14,
            0.66667,
            14.5
          ],
          "texture": "#2"
        },
        "west": {
          "uv": [
            0,
            0,
            0,
            0.5
          ],
          "texture": "#2"
        },
        "up": {
          "uv": [
            0.66667,
            0,
            0,
            0
          ],
          "texture": "#2"
        },
        "down": {
          "uv": [
            0.66667,
            0,
            0,
            0
          ],
          "texture": "#2"
        }
      }
    },
    {
      "from": [
        5.6,
        16.25,
        0.75
      ],
      "to": [
        7.25,
        16.25,
        4.25
      ],
      "rotation": {
        "angle": 0,
        "axis": "x",
        "origin": [
          13,
          10,
          7
        ]
      },
      "faces": {
        "north": {
          "uv": [
            0,
            0,
            1.16667,
            0
          ],
          "texture": "#2"
        },
        "east": {
          "uv": [
            0,
            0,
            2.33333,
            0
          ],
          "texture": "#2"
        },
        "south": {
          "uv": [
            0,
            0,
            1.16667,
            0
          ],
          "texture": "#2"
        },
        "west": {
          "uv": [
            0,
            0,
            2.33333,
            0
          ],
          "texture": "#2"
        },
        "up": {
          "uv": [
            3.16667,
            11.66667,
            2,
            9.33333
          ],
          "texture": "#2"
        },
        "down": {
          "uv": [
            10.5,
            2.66667,
            9.33333,
            5
          ],
          "texture": "#2"
        }
      }
    },
    {
      "from": [
        5.6,
        13.751,
        0.75
      ],
      "to": [
        5.6,
        16.251,
        4.25
      ],
      "rotation": {
        "angle": 0,
        "axis": "z",
        "origin": [
          5.6,
          4.376,
          2
        ]
      },
      "faces": {
        "north": {
          "uv": [
            0,
            0,
            0,
            1.66667
          ],
          "texture": "#2"
        },
        "east": {
          "uv": [
            0,
            7.33333,
            2.33333,
            9
          ],
          "texture": "#2"
        },
        "south": {
          "uv": [
            0,
            0,
            0,
            1.66667
          ],
          "texture": "#2"
        },
        "west": {
          "uv": [
            8.66667,
            6,
            11,
            7.66667
          ],
          "texture": "#2"
        },
        "up": {
          "uv": [
            0,
            2.33333,
            0,
            0
          ],
          "texture": "#2"
        },
        "down": {
          "uv": [
            0,
            0,
            0,
            2.33333
          ],
          "texture": "#2"
        }
      }
    },
    {
      "from": [
        7.5,
        16.19042,
        3.21232
      ],
      "to": [
        8.5,
        16.19042,
        4.21232
      ],
      "rotation": {
        "angle": 0,
        "axis": "x",
        "origin": [
          8,
          5.19042,
          15.21232
        ]
      },
      "faces": {
        "north": {
          "uv": [
            0,
            0,
            0.66667,
            0
          ],
          "texture": "#2"
        },
        "east": {
          "uv": [
            0,
            0,
            0.66667,
            0
          ],
          "texture": "#2"
        },
        "south": {
          "uv": [
            0,
            0,
            0.66667,
            0
          ],
          "texture": "#2"
        },
        "west": {
          "uv": [
            0,
            0,
            0.66667,
            0
          ],
          "texture": "#2"
        },
        "up": {
          "uv": [
            6.66667,
            14,
            6,
            13.33333
          ],
          "texture": "#2"
        },
        "down": {
          "uv": [
            7.33333,
            13.33333,
            6.66667,
            14
          ],
          "texture": "#2"
        }
      }
    },
    {
      "from": [
        7.5,
        16.19142,
        4.21232
      ],
      "to": [
        8.5,
        17.19142,
        4.21232
      ],
      "rotation": {
        "angle": 0,
        "axis": "x",
        "origin": [
          8,
          5.69142,
          15.71232
        ]
      },
      "faces": {
        "north": {
          "uv": [
            13.33333,
            7.33333,
            14,
            8
          ],
          "texture": "#2"
        },
        "east": {
          "uv": [
            0,
            0,
            0,
            0.66667
          ],
          "texture": "#2"
        },
        "south": {
          "uv": [
            13.33333,
            8,
            14,
            8.66667
          ],
          "texture": "#2"
        },
        "west": {
          "uv": [
            0,
            0,
            0,
            0.66667
          ],
          "texture": "#2"
        },
        "up": {
          "uv": [
            0.66667,
            0,
            0,
            0
          ],
          "texture": "#2"
        },
        "down": {
          "uv": [
            0.66667,
            0,
            0,
            0
          ],
          "texture": "#2"
        }
      }
    },
    {
      "from": [
        7.5,
        17.19042,
        2.71232
      ],
      "to": [
        8.5,
        17.19042,
        4.21232
      ],
      "rotation": {
        "angle": 0,
        "axis": "x",
        "origin": [
          8,
          6.19042,
          15.21232
        ]
      },
      "faces": {
        "north": {
          "uv": [
            0,
            0,
            0.66667,
            0
          ],
          "texture": "#2"
        },
        "east": {
          "uv": [
            0,
            0,
            1,
            0
          ],
          "texture": "#2"
        },
        "south": {
          "uv": [
            0,
            0,
            0.66667,
            0
          ],
          "texture": "#2"
        },
        "west": {
          "uv": [
            0,
            0,
            1,
            0
          ],
          "texture": "#2"
        },
        "up": {
          "uv": [
            2,
            14.33333,
            1.33333,
            13.33333
          ],
          "texture": "#2"
        },
        "down": {
          "uv": [
            2.66667,
            13.33333,
            2,
            14.33333
          ],
          "texture": "#2"
        }
      }
    },
    {
      "from": [
        7.5,
        16.44142,
        2.71232
      ],
      "to": [
        8.5,
        17.19142,
        2.71232
      ],
      "rotation": {
        "angle": 0,
        "axis": "x",
        "origin": [
          8,
          5.69142,
          15.71232
        ]
      },
      "faces": {
        "north": {
          "uv": [
            14,
            0,
            14.66667,
            0.5
          ],
          "texture": "#2"
        },
        "east": {
          "uv": [
            0,
            0,
            0,
            0.5
          ],
          "texture": "#2"
        },
        "south": {
          "uv": [
            0.66667,
            14,
            1.33333,
            14.5
          ],
          "texture": "#2"
        },
        "west": {
          "uv": [
            0,
            0,
            0,
            0.5
          ],
          "texture": "#2"
        },
        "up": {
          "uv": [
            0.66667,
            0,
            0,
            0
          ],
          "texture": "#2"
        },
        "down": {
          "uv": [
            0.66667,
            0,
            0,
            0
          ],
          "texture": "#2"
        }
      }
    },
    {
      "from": [
        6,
        11,
        11
      ],
      "to": [
        10,
        15,
        16
      ],
      "rotation": {
        "angle": 0,
        "axis": "y",
        "origin": [
          10,
          11,
          10.5
        ]
      },
      "faces": {
        "north": {
          "uv": [
            6,
            6.66667,
            8.66667,
            9.33333
          ],
          "texture": "#2"
        },
        "east": {
          "uv": [
            6.66667,
            0,
            10,
            2.66667
          ],
          "texture": "#2"
        },
        "south": {
          "uv": [
            3.33333,
            6.66667,
            6,
            9.33333
          ],
          "texture": "#2"
        },
        "west": {
          "uv": [
            3.33333,
            4,
            6.66667,
            6.66667
          ],
          "texture": "#2"
        },
        "down": {
          "uv": [
            6.66667,
            6,
            9.33333,
            2.66667
          ],
          "texture": "#2"
        }
      }
    },
    {
      "from": [
        5.75,
        15,
        10.75
      ],
      "to": [
        10.25,
        16,
        16.25
      ],
      "rotation": {
        "angle": 0,
        "axis": "y",
        "origin": [
          10,
          12,
          10.5
        ]
      },
      "faces": {
        "north": {
          "uv": [
            10,
            1.33333,
            13,
            2
          ],
          "texture": "#2"
        },
        "east": {
          "uv": [
            10,
            0,
            13.66667,
            0.66667
          ],
          "texture": "#2"
        },
        "south": {
          "uv": [
            10,
            0.66667,
            13,
            1.33333
          ],
          "texture": "#2"
        },
        "west": {
          "uv": [
            9.33333,
            5.33333,
            13,
            6
          ],
          "texture": "#2"
        },
        "up": {
          "uv": [
            0,
            3.33333,
            3,
            7
          ],
          "texture": "#2"
        },
        "down": {
          "uv": [
            3.33333,
            3.66667,
            6.33333,
            0
          ],
          "texture": "#2"
        }
      }
    },
    {
      "from": [
        7.25,
        16,
        12.75
      ],
      "to": [
        8.75,
        16.5,
        14.25
      ],
      "rotation": {
        "angle": 0,
        "axis": "x",
        "origin": [
          3,
          10,
          9
        ]
      },
      "faces": {
        "north": {
          "uv": [
            13.33333,
            12,
            14.33333,
            12.33333
          ],
          "texture": "#2"
        },
        "east": {
          "uv": [
            13.33333,
            12.66667,
            14.33333,
            13
          ],
          "texture": "#2"
        },
        "south": {
          "uv": [
            11.33333,
            13.33333,
            12.33333,
            13.66667
          ],
          "texture": "#2"
        },
        "west": {
          "uv": [
            13.33333,
            11.33333,
            14.33333,
            11.66667
          ],
          "texture": "#2"
        },
        "up": {
          "uv": [
            1.33333,
            12,
            2.33333,
            13
          ],
          "texture": "#2"
        }
      }
    },
    {
      "from": [
        7.5,
        16.19042,
        14.21232
      ],
      "to": [
        8.5,
        16.19042,
        15.21232
      ],
      "rotation": {
        "angle": 0,
        "axis": "x",
        "origin": [
          8,
          5.19042,
          15.21232
        ]
      },
      "faces": {
        "north": {
          "uv": [
            0,
            0,
            0.66667,
            0
          ],
          "texture": "#2"
        },
        "east": {
          "uv": [
            0,
            0,
            0.66667,
            0
          ],
          "texture": "#2"
        },
        "south": {
          "uv": [
            0,
            0,
            0.66667,
            0
          ],
          "texture": "#2"
        },
        "west": {
          "uv": [
            0,
            0,
            0.66667,
            0
          ],
          "texture": "#2"
        },
        "up": {
          "uv": [
            4.66667,
            13.33333,
            5.33333,
            14
          ],
          "texture": "#2"
        },
        "down": {
          "uv": [
            13.33333,
            5.33333,
            14,
            4.66667
          ],
          "texture": "#2"
        }
      }
    },
    {
      "from": [
        7.5,
        16.19142,
        15.21232
      ],
      "to": [
        8.5,
        17.19142,
        15.21232
      ],
      "rotation": {
        "angle": 0,
        "axis": "x",
        "origin": [
          8,
          5.69142,
          15.71232
        ]
      },
      "faces": {
        "north": {
          "uv": [
            13.33333,
            5.33333,
            14,
            6
          ],
          "texture": "#2"
        },
        "east": {
          "uv": [
            0,
            0,
            0,
            0.66667
          ],
          "texture": "#2"
        },
        "south": {
          "uv": [
            5.33333,
            13.33333,
            6,
            14
          ],
          "texture": "#2"
        },
        "west": {
          "uv": [
            0,
            0,
            0,
            0.66667
          ],
          "texture": "#2"
        },
        "up": {
          "uv": [
            0,
            0,
            0.66667,
            0
          ],
          "texture": "#2"
        },
        "down": {
          "uv": [
            0,
            0,
            0.66667,
            0
          ],
          "texture": "#2"
        }
      }
    },
    {
      "from": [
        7.5,
        17.19042,
        13.71232
      ],
      "to": [
        8.5,
        17.19042,
        15.21232
      ],
      "rotation": {
        "angle": 0,
        "axis": "x",
        "origin": [
          8,
          6.19042,
          15.21232
        ]
      },
      "faces": {
        "north": {
          "uv": [
            0,
            0,
            0.66667,
            0
          ],
          "texture": "#2"
        },
        "east": {
          "uv": [
            0,
            0,
            1,
            0
          ],
          "texture": "#2"
        },
        "south": {
          "uv": [
            0,
            0,
            0.66667,
            0
          ],
          "texture": "#2"
        },
        "west": {
          "uv": [
            0,
            0,
            1,
            0
          ],
          "texture": "#2"
        },
        "up": {
          "uv": [
            12.66667,
            12.66667,
            13.33333,
            13.66667
          ],
          "texture": "#2"
        },
        "down": {
          "uv": [
            13.33333,
            1.66667,
            14,
            0.66667
          ],
          "texture": "#2"
        }
      }
    },
    {
      "from": [
        7.5,
        16.44142,
        13.71232
      ],
      "to": [
        8.5,
        17.19142,
        13.71232
      ],
      "rotation": {
        "angle": 0,
        "axis": "x",
        "origin": [
          8,
          5.69142,
          15.71232
        ]
      },
      "faces": {
        "north": {
          "uv": [
            0,
            14,
            0.66667,
            14.5
          ],
          "texture": "#2"
        },
        "east": {
          "uv": [
            0,
            0,
            0,
            0.5
          ],
          "texture": "#2"
        },
        "south": {
          "uv": [
            13.33333,
            13.33333,
            14,
            13.83333
          ],
          "texture": "#2"
        },
        "west": {
          "uv": [
            0,
            0,
            0,
            0.5
          ],
          "texture": "#2"
        },
        "up": {
          "uv": [
            0,
            0,
            0.66667,
            0
          ],
          "texture": "#2"
        },
        "down": {
          "uv": [
            0,
            0,
            0.66667,
            0
          ],
          "texture": "#2"
        }
      }
    },
    {
      "from": [
        8.75,
        16.25,
        11.75
      ],
      "to": [
        10.4,
        16.25,
        15.25
      ],
      "rotation": {
        "angle": 0,
        "axis": "x",
        "origin": [
          3,
          10,
          9
        ]
      },
      "faces": {
        "north": {
          "uv": [
            0,
            0,
            1.16667,
            0
          ],
          "texture": "#2"
        },
        "east": {
          "uv": [
            0,
            0,
            2.33333,
            0
          ],
          "texture": "#2"
        },
        "south": {
          "uv": [
            0,
            0,
            1.16667,
            0
          ],
          "texture": "#2"
        },
        "west": {
          "uv": [
            0,
            0,
            2.33333,
            0
          ],
          "texture": "#2"
        },
        "up": {
          "uv": [
            2,
            9.33333,
            3.16667,
            11.66667
          ],
          "texture": "#2"
        },
        "down": {
          "uv": [
            9.33333,
            5,
            10.5,
            2.66667
          ],
          "texture": "#2"
        }
      }
    },
    {
      "from": [
        10.4,
        13.751,
        11.75
      ],
      "to": [
        10.4,
        16.251,
        15.25
      ],
      "rotation": {
        "angle": 0,
        "axis": "z",
        "origin": [
          10.4,
          4.376,
          14
        ]
      },
      "faces": {
        "north": {
          "uv": [
            0,
            0,
            0,
            1.66667
          ],
          "texture": "#2"
        },
        "east": {
          "uv": [
            8.66667,
            6,
            11,
            7.66667
          ],
          "texture": "#2"
        },
        "south": {
          "uv": [
            0,
            0,
            0,
            1.66667
          ],
          "texture": "#2"
        },
        "west": {
          "uv": [
            0,
            7.33333,
            2.33333,
            9
          ],
          "texture": "#2"
        },
        "up": {
          "uv": [
            0,
            0,
            0,
            2.33333
          ],
          "texture": "#2"
        },
        "down": {
          "uv": [
            0,
            2.33333,
            0,
            0
          ],
          "texture": "#2"
        }
      }
    },
    {
      "from": [
        7.5,
        16.19042,
        11.78768
      ],
      "to": [
        8.5,
        16.19042,
        12.78768
      ],
      "rotation": {
        "angle": 0,
        "axis": "x",
        "origin": [
          8,
          5.19042,
          0.78768
        ]
      },
      "faces": {
        "north": {
          "uv": [
            0,
            0,
            0.66667,
            0
          ],
          "texture": "#2"
        },
        "east": {
          "uv": [
            0,
            0,
            0.66667,
            0
          ],
          "texture": "#2"
        },
        "south": {
          "uv": [
            0,
            0,
            0.66667,
            0
          ],
          "texture": "#2"
        },
        "west": {
          "uv": [
            0,
            0,
            0.66667,
            0
          ],
          "texture": "#2"
        },
        "up": {
          "uv": [
            6,
            13.33333,
            6.66667,
            14
          ],
          "texture": "#2"
        },
        "down": {
          "uv": [
            6.66667,
            14,
            7.33333,
            13.33333
          ],
          "texture": "#2"
        }
      }
    },
    {
      "from": [
        7.5,
        16.19142,
        11.78768
      ],
      "to": [
        8.5,
        17.19142,
        11.78768
      ],
      "rotation": {
        "angle": 0,
        "axis": "x",
        "origin": [
          8,
          5.69142,
          0.28768
        ]
      },
      "faces": {
        "north": {
          "uv": [
            13.33333,
            8,
            14,
            8.66667
          ],
          "texture": "#2"
        },
        "east": {
          "uv": [
            0,
            0,
            0,
            0.66667
          ],
          "texture": "#2"
        },
        "south": {
          "uv": [
            13.33333,
            7.33333,
            14,
            8
          ],
          "texture": "#2"
        },
        "west": {
          "uv": [
            0,
            0,
            0,
            0.66667
          ],
          "texture": "#2"
        },
        "up": {
          "uv": [
            0,
            0,
            0.66667,
            0
          ],
          "texture": "#2"
        },
        "down": {
          "uv": [
            0,
            0,
            0.66667,
            0
          ],
          "texture": "#2"
        }
      }
    },
    {
      "from": [
        7.5,
        17.19042,
        11.78768
      ],
      "to": [
        8.5,
        17.19042,
        13.28768
      ],
      "rotation": {
        "angle": 0,
        "axis": "x",
        "origin": [
          8,
          6.19042,
          0.78768
        ]
      },
      "faces": {
        "north": {
          "uv": [
            0,
            0,
            0.66667,
            0
          ],
          "texture": "#2"
        },
        "east": {
          "uv": [
            0,
            0,
            1,
            0
          ],
          "texture": "#2"
        },
        "south": {
          "uv": [
            0,
            0,
            0.66667,
            0
          ],
          "texture": "#2"
        },
        "west": {
          "uv": [
            0,
            0,
            1,
            0
          ],
          "texture": "#2"
        },
        "up": {
          "uv": [
            1.33333,
            13.33333,
            2,
            14.33333
          ],
          "texture": "#2"
        },
        "down": {
          "uv": [
            2,
            14.33333,
            2.66667,
            13.33333
          ],
          "texture": "#2"
        }
      }
    },
    {
      "from": [
        7.5,
        16.44142,
        13.28768
      ],
      "to": [
        8.5,
        17.19142,
        13.28768
      ],
      "rotation": {
        "angle": 0,
        "axis": "x",
        "origin": [
          8,
          5.69142,
          0.28768
        ]
      },
      "faces": {
        "north": {
          "uv": [
            0.66667,
            14,
            1.33333,
            14.5
          ],
          "texture": "#2"
        },
        "east": {
          "uv": [
            0,
            0,
            0,
            0.5
          ],
          "texture": "#2"
        },
        "south": {
          "uv": [
            14,
            0,
            14.66667,
            0.5
          ],
          "texture": "#2"
        },
        "west": {
          "uv": [
            0,
            0,
            0,
            0.5
          ],
          "texture": "#2"
        },
        "up": {
          "uv": [
            0,
            0,
            0.66667,
            0
          ],
          "texture": "#2"
        },
        "down": {
          "uv": [
            0,
            0,
            0.66667,
            0
          ],
          "texture": "#2"
        }
      }
    },
    {
      "from": [
        7,
        10.85,
        5.5
      ],
      "to": [
        7,
        15.85,
        10.5
      ],
      "rotation": {
        "angle": 0,
        "axis": "y",
        "origin": [
          8,
          22.2,
          8
        ]
      },
      "faces": {
        "north": {
          "uv": [
            0,
            0,
            0,
            3.33333
          ],
          "texture": "#2"
        },
        "south": {
          "uv": [
            0,
            0,
            0,
            3.33333
          ],
          "texture": "#2"
        },
        "west": {
          "uv": [
            0,
            0,
            3.33333,
            3.33333
          ],
          "texture": "#2"
        },
        "up": {
          "uv": [
            0,
            3.33333,
            0,
            0
          ],
          "texture": "#2"
        },
        "down": {
          "uv": [
            0,
            0,
            0,
            3.33333
          ],
          "texture": "#2"
        }
      }
    },
    {
      "from": [
        9,
        10.85,
        5.5
      ],
      "to": [
        9,
        15.85,
        10.5
      ],
      "rotation": {
        "angle": 0,
        "axis": "y",
        "origin": [
          8,
          22.2,
          8
        ]
      },
      "faces": {
        "north": {
          "uv": [
            0,
            0,
            0,
            3.33333
          ],
          "texture": "#2"
        },
        "east": {
          "uv": [
            3.33333,
            0,
            0,
            3.33333
          ],
          "texture": "#2"
        },
        "south": {
          "uv": [
            0,
            0,
            0,
            3.33333
          ],
          "texture": "#2"
        },
        "up": {
          "uv": [
            0,
            3.33333,
            0,
            0
          ],
          "texture": "#2"
        },
        "down": {
          "uv": [
            0,
            0,
            0,
            3.33333
          ],
          "texture": "#2"
        }
      }
    },
    {
      "from": [
        5.525,
        13.8,
        3.625
      ],
      "to": [
        5.525,
        16.8,
        6.625
      ],
      "rotation": {
        "angle": 0,
        "axis": "y",
        "origin": [
          5.1,
          13.725,
          6.975
        ]
      },
      "faces": {
        "north": {
          "uv": [
            0,
            0,
            0,
            2
          ],
          "texture": "#1"
        },
        "south": {
          "uv": [
            0,
            0,
            0,
            2
          ],
          "texture": "#1"
        },
        "west": {
          "uv": [
            4.34444,
            0,
            0,
            4.34447
          ],
          "texture": "#1"
        },
        "up": {
          "uv": [
            2,
            0,
            0,
            0
          ],
          "rotation": 270,
          "texture": "#1"
        },
        "down": {
          "uv": [
            2,
            0,
            0,
            0
          ],
          "rotation": 90,
          "texture": "#1"
        }
      }
    },
    {
      "from": [
        5.875,
        9.6,
        -1.325
      ],
      "to": [
        5.875,
        12.6,
        1.675
      ],
      "rotation": {
        "angle": 0,
        "axis": "y",
        "origin": [
          6.2,
          12.575,
          3.325
        ]
      },
      "faces": {
        "north": {
          "uv": [
            0,
            0,
            0,
            2
          ],
          "texture": "#1"
        },
        "south": {
          "uv": [
            0,
            0,
            0,
            2
          ],
          "texture": "#1"
        },
        "west": {
          "uv": [
            5.34447,
            9.88889,
            1,
            14.23336
          ],
          "texture": "#1"
        },
        "up": {
          "uv": [
            2,
            0,
            0,
            0
          ],
          "rotation": 270,
          "texture": "#1"
        },
        "down": {
          "uv": [
            2,
            0,
            0,
            0
          ],
          "rotation": 90,
          "texture": "#1"
        }
      }
    },
    {
      "from": [
        5.875,
        11.25,
        14.375
      ],
      "to": [
        5.875,
        14.25,
        17.375
      ],
      "rotation": {
        "angle": 0,
        "axis": "y",
        "origin": [
          6.3,
          14.325,
          12.725
        ]
      },
      "faces": {
        "north": {
          "uv": [
            0,
            0,
            0,
            2
          ],
          "texture": "#1"
        },
        "south": {
          "uv": [
            0,
            0,
            0,
            2
          ],
          "texture": "#1"
        },
        "west": {
          "uv": [
            4.34447,
            4.66667,
            0,
            9.01113
          ],
          "texture": "#1"
        },
        "up": {
          "uv": [
            2,
            0,
            0,
            0
          ],
          "rotation": 270,
          "texture": "#1"
        },
        "down": {
          "uv": [
            2,
            0,
            0,
            0
          ],
          "rotation": 90,
          "texture": "#1"
        }
      }
    },
    {
      "from": [
        10.475,
        13.8,
        9.375
      ],
      "to": [
        10.475,
        16.8,
        12.375
      ],
      "rotation": {
        "angle": 0,
        "axis": "y",
        "origin": [
          10.9,
          13.725,
          9.025
        ]
      },
      "faces": {
        "north": {
          "uv": [
            0,
            0,
            0,
            2
          ],
          "texture": "#1"
        },
        "east": {
          "uv": [
            4.34444,
            0,
            0,
            4.34447
          ],
          "texture": "#1"
        },
        "south": {
          "uv": [
            0,
            0,
            0,
            2
          ],
          "texture": "#1"
        },
        "up": {
          "uv": [
            0,
            0,
            2,
            0
          ],
          "rotation": 270,
          "texture": "#1"
        },
        "down": {
          "uv": [
            0,
            0,
            2,
            0
          ],
          "rotation": 90,
          "texture": "#1"
        }
      }
    },
    {
      "from": [
        10.125,
        9.6,
        14.325
      ],
      "to": [
        10.125,
        12.6,
        17.325
      ],
      "rotation": {
        "angle": 0,
        "axis": "y",
        "origin": [
          9.8,
          12.575,
          12.675
        ]
      },
      "faces": {
        "north": {
          "uv": [
            0,
            0,
            0,
            2
          ],
          "texture": "#1"
        },
        "east": {
          "uv": [
            5.34447,
            9.88889,
            1,
            14.23336
          ],
          "texture": "#1"
        },
        "south": {
          "uv": [
            0,
            0,
            0,
            2
          ],
          "texture": "#1"
        },
        "up": {
          "uv": [
            0,
            0,
            2,
            0
          ],
          "rotation": 270,
          "texture": "#1"
        },
        "down": {
          "uv": [
            0,
            0,
            2,
            0
          ],
          "rotation": 90,
          "texture": "#1"
        }
      }
    },
    {
      "from": [
        10.125,
        11.25,
        -1.375
      ],
      "to": [
        10.125,
        14.25,
        1.625
      ],
      "rotation": {
        "angle": 0,
        "axis": "y",
        "origin": [
          9.7,
          14.325,
          3.275
        ]
      },
      "faces": {
        "north": {
          "uv": [
            0,
            0,
            0,
            2
          ],
          "texture": "#1"
        },
        "east": {
          "uv": [
            4.34447,
            4.66667,
            0,
            9.01113
          ],
          "texture": "#1"
        },
        "south": {
          "uv": [
            0,
            0,
            0,
            2
          ],
          "texture": "#1"
        },
        "up": {
          "uv": [
            0,
            0,
            2,
            0
          ],
          "rotation": 270,
          "texture": "#1"
        },
        "down": {
          "uv": [
            0,
            0,
            2,
            0
          ],
          "rotation": 90,
          "texture": "#1"
        }
      }
    }
  ],
  "gui_light": "front",
  "display": {
    "thirdperson_righthand": {
      "translation": [
        0,
        2.25,
        1
      ]
    },
    "thirdperson_lefthand": {
      "translation": [
        0,
        2.25,
        1
      ]
    },
    "firstperson_righthand": {
      "rotation": [
        -10,
        0,
        0
      ],
      "translation": [
        -1,
        3.75,
        1
      ]
    },
    "firstperson_lefthand": {
      "rotation": [
        -10,
        0,
        0
      ],
      "translation": [
        -1,
        3.75,
        1
      ]
    },
    "ground": {
      "translation": [
        0,
        10.5,
        0
      ]
    },
    "gui": {
      "rotation": [
        90,
        -45,
        90
      ],
      "translation": [
        0.25,
        -0.25,
        0
      ],
      "scale": [
        0.95313,
        0.95313,
        0.95313
      ]
    },
    "head": {
      "scale": [
        0,
        0,
        0
      ]
    },
    "fixed": {
      "rotation": [
        90,
        -90,
        90
      ],
      "translation": [
        0,
        2.75,
        -1
      ],
      "scale": [
        2.17383,
        2.17383,
        2.17383
      ]
    }
  },
  "groups": [
    0,
    1,
    2,
    3,
    4,
    5,
    6,
    7,
    8,
    9,
    10,
    11,
    12,
    13,
    14,
    {
      "name": "group",
      "origin": [
        8,
        5.69142,
        15.71232
      ],
      "color": 0,
      "children": [
        15,
        16,
        17,
        18,
        19,
        20,
        21,
        22,
        23,
        24,
        25,
        26,
        27,
        28,
        29,
        30,
        31,
        32,
        33,
        34,
        35,
        36,
        37,
        38,
        39,
        40
      ]
    },
    {
      "name": "group",
      "origin": [
        8,
        5.69142,
        15.71232
      ],
      "color": 0,
      "children": []
    },
    41,
    42,
    43,
    44,
    45,
    46,
    47,
    48
  ]
}