{
  "credit": "MadebyPolygonMC",
  "texture_size": [
    12,
    12
  ],
  "textures": {
    "1": "xmasset:key"
  },
  "elements": [
    {
      "from": [
        7.5,
        8.22612,
        10.975
      ],
      "to": [
        8.5,
        9.22612,
        11.475
      ],
      "rotation": {
        "angle": 45,
        "axis": "z",
        "origin": [
          8,
          8.72612,
          11.225
        ]
      },
      "faces": {
        "north": {
          "uv": [
            6.66667,
            13.33333,
            8,
            14.66667
          ],
          "texture": "#1"
        },
        "east": {
          "uv": [
            4,
            14.66667,
            4.66667,
            16
          ],
          "texture": "#1"
        },
        "south": {
          "uv": [
            5.33333,
            13.33333,
            6.66667,
            14.66667
          ],
          "texture": "#1"
        },
        "west": {
          "uv": [
            2.66667,
            14.66667,
            3.33333,
            16
          ],
          "texture": "#1"
        },
        "up": {
          "uv": [
            6.66667,
            15.33333,
            5.33333,
            14.66667
          ],
          "rotation": 180,
          "texture": "#1"
        },
        "down": {
          "uv": [
            16,
            5.33333,
            14.66667,
            6
          ],
          "rotation": 180,
          "texture": "#1"
        }
      }
    },
    {
      "from": [
        6.75,
        8.22612,
        11.325
      ],
      "to": [
        9.25,
        9.22612,
        11.325
      ],
      "rotation": {
        "angle": 0,
        "axis": "y",
        "origin": [
          8,
          7.98862,
          25.775
        ]
      },
      "faces": {
        "north": {
          "uv": [
            6.66667,
            4,
            10,
            5.33333
          ],
          "texture": "#1"
        },
        "east": {
          "uv": [
            0,
            0,
            0,
            1.33333
          ],
          "texture": "#1"
        },
        "south": {
          "uv": [
            6.66667,
            2.66667,
            10,
            4
          ],
          "texture": "#1"
        },
        "west": {
          "uv": [
            0,
            0,
            0,
            1.33333
          ],
          "texture": "#1"
        },
        "up": {
          "uv": [
            3.33333,
            0,
            0,
            0
          ],
          "rotation": 180,
          "texture": "#1"
        },
        "down": {
          "uv": [
            3.33333,
            0,
            0,
            0
          ],
          "rotation": 180,
          "texture": "#1"
        }
      }
    },
    {
      "from": [
        6.5,
        6.00112,
        11.35
      ],
      "to": [
        9.5,
        8.50112,
        11.35
      ],
      "rotation": {
        "angle": 0,
        "axis": "y",
        "origin": [
          8,
          7.98862,
          25.775
        ]
      },
      "faces": {
        "north": {
          "uv": [
            0,
            4,
            4,
            7.33333
          ],
          "texture": "#1"
        },
        "east": {
          "uv": [
            0,
            0,
            0,
            3.33333
          ],
          "texture": "#1"
        },
        "south": {
          "uv": [
            0,
            0,
            4,
            3.33333
          ],
          "texture": "#1"
        },
        "west": {
          "uv": [
            0,
            0,
            0,
            3.33333
          ],
          "texture": "#1"
        },
        "up": {
          "uv": [
            4,
            0,
            0,
            0
          ],
          "rotation": 180,
          "texture": "#1"
        },
        "down": {
          "uv": [
            4,
            0,
            0,
            0
          ],
          "rotation": 180,
          "texture": "#1"
        }
      }
    },
    {
      "from": [
        9.25,
        8.22612,
        11.325
      ],
      "to": [
        9.25,
        9.22612,
        12.325
      ],
      "rotation": {
        "angle": 0,
        "axis": "y",
        "origin": [
          8,
          7.98862,
          25.775
        ]
      },
      "faces": {
        "north": {
          "uv": [
            0,
            0,
            0,
            1.33333
          ],
          "texture": "#1"
        },
        "east": {
          "uv": [
            8,
            13.33333,
            9.33333,
            14.66667
          ],
          "texture": "#1"
        },
        "south": {
          "uv": [
            0,
            0,
            0,
            1.33333
          ],
          "texture": "#1"
        },
        "west": {
          "uv": [
            13.33333,
            6.66667,
            14.66667,
            8
          ],
          "texture": "#1"
        },
        "up": {
          "uv": [
            0,
            1.33333,
            0,
            0
          ],
          "rotation": 180,
          "texture": "#1"
        },
        "down": {
          "uv": [
            0,
            0,
            0,
            1.33333
          ],
          "rotation": 180,
          "texture": "#1"
        }
      }
    },
    {
      "from": [
        8.1,
        8.22612,
        11.425
      ],
      "to": [
        8.1,
        9.22612,
        12.325
      ],
      "rotation": {
        "angle": 0,
        "axis": "y",
        "origin": [
          8,
          7.98862,
          25.775
        ]
      },
      "faces": {
        "north": {
          "uv": [
            0,
            0,
            0,
            1.33333
          ],
          "texture": "#1"
        },
        "east": {
          "uv": [
            9.33333,
            13.33333,
            10.66667,
            14.66667
          ],
          "texture": "#1"
        },
        "south": {
          "uv": [
            0,
            0,
            0,
            1.33333
          ],
          "texture": "#1"
        },
        "west": {
          "uv": [
            13.33333,
            8,
            14.66667,
            9.33333
          ],
          "texture": "#1"
        },
        "up": {
          "uv": [
            0,
            1.33333,
            0,
            0
          ],
          "rotation": 180,
          "texture": "#1"
        },
        "down": {
          "uv": [
            0,
            0,
            0,
            1.33333
          ],
          "rotation": 180,
          "texture": "#1"
        }
      }
    },
    {
      "from": [
        8.1,
        8.22612,
        12.325
      ],
      "to": [
        9.25,
        9.22612,
        12.325
      ],
      "rotation": {
        "angle": 0,
        "axis": "y",
        "origin": [
          8,
          7.98862,
          25.775
        ]
      },
      "faces": {
        "north": {
          "uv": [
            2.66667,
            13.33333,
            4.33333,
            14.66667
          ],
          "texture": "#1"
        },
        "east": {
          "uv": [
            0,
            0,
            0,
            1.33333
          ],
          "texture": "#1"
        },
        "south": {
          "uv": [
            12,
            9.33333,
            13.66667,
            10.66667
          ],
          "texture": "#1"
        },
        "west": {
          "uv": [
            0,
            0,
            0,
            1.33333
          ],
          "texture": "#1"
        },
        "up": {
          "uv": [
            1.66667,
            0,
            0,
            0
          ],
          "rotation": 180,
          "texture": "#1"
        },
        "down": {
          "uv": [
            1.66667,
            0,
            0,
            0
          ],
          "rotation": 180,
          "texture": "#1"
        }
      }
    },
    {
      "from": [
        6.75,
        8.22612,
        11.325
      ],
      "to": [
        6.75,
        9.22612,
        12.325
      ],
      "rotation": {
        "angle": 0,
        "axis": "y",
        "origin": [
          8,
          7.98862,
          25.775
        ]
      },
      "faces": {
        "north": {
          "uv": [
            0,
            0,
            0,
            1.33333
          ],
          "texture": "#1"
        },
        "east": {
          "uv": [
            13.33333,
            10.66667,
            14.66667,
            12
          ],
          "texture": "#1"
        },
        "south": {
          "uv": [
            0,
            0,
            0,
            1.33333
          ],
          "texture": "#1"
        },
        "west": {
          "uv": [
            10.66667,
            13.33333,
            12,
            14.66667
          ],
          "texture": "#1"
        },
        "up": {
          "uv": [
            0,
            1.33333,
            0,
            0
          ],
          "rotation": 180,
          "texture": "#1"
        },
        "down": {
          "uv": [
            0,
            0,
            0,
            1.33333
          ],
          "rotation": 180,
          "texture": "#1"
        }
      }
    },
    {
      "from": [
        6.75,
        8.22612,
        12.325
      ],
      "to": [
        7.9,
        9.22612,
        12.325
      ],
      "rotation": {
        "angle": 0,
        "axis": "y",
        "origin": [
          8,
          7.98862,
          25.775
        ]
      },
      "faces": {
        "north": {
          "uv": [
            13.33333,
            4,
            15,
            5.33333
          ],
          "texture": "#1"
        },
        "east": {
          "uv": [
            0,
            0,
            0,
            1.33333
          ],
          "texture": "#1"
        },
        "south": {
          "uv": [
            13.33333,
            2.66667,
            15,
            4
          ],
          "texture": "#1"
        },
        "west": {
          "uv": [
            0,
            0,
            0,
            1.33333
          ],
          "texture": "#1"
        },
        "up": {
          "uv": [
            1.66667,
            0,
            0,
            0
          ],
          "rotation": 180,
          "texture": "#1"
        },
        "down": {
          "uv": [
            1.66667,
            0,
            0,
            0
          ],
          "rotation": 180,
          "texture": "#1"
        }
      }
    },
    {
      "from": [
        7.9,
        8.22612,
        11.425
      ],
      "to": [
        7.9,
        9.22612,
        12.325
      ],
      "rotation": {
        "angle": 0,
        "axis": "y",
        "origin": [
          8,
          7.98862,
          25.775
        ]
      },
      "faces": {
        "north": {
          "uv": [
            0,
            0,
            0,
            1.33333
          ],
          "texture": "#1"
        },
        "east": {
          "uv": [
            13.33333,
            12,
            14.66667,
            13.33333
          ],
          "texture": "#1"
        },
        "south": {
          "uv": [
            0,
            0,
            0,
            1.33333
          ],
          "texture": "#1"
        },
        "west": {
          "uv": [
            12,
            13.33333,
            13.33333,
            14.66667
          ],
          "texture": "#1"
        },
        "up": {
          "uv": [
            0,
            1.33333,
            0,
            0
          ],
          "rotation": 180,
          "texture": "#1"
        },
        "down": {
          "uv": [
            0,
            0,
            0,
            1.33333
          ],
          "rotation": 180,
          "texture": "#1"
        }
      }
    },
    {
      "from": [
        7.5,
        7.74888,
        9
      ],
      "to": [
        8.5,
        9.74888,
        11
      ],
      "rotation": {
        "angle": -45,
        "axis": "x",
        "origin": [
          8,
          8.74888,
          10
        ]
      },
      "faces": {
        "north": {
          "uv": [
            10.66667,
            5.33333,
            12,
            8
          ],
          "texture": "#1"
        },
        "east": {
          "uv": [
            4,
            0,
            6.66667,
            2.66667
          ],
          "texture": "#1"
        },
        "south": {
          "uv": [
            8,
            10.66667,
            9.33333,
            13.33333
          ],
          "texture": "#1"
        },
        "west": {
          "uv": [
            4,
            2.66667,
            6.66667,
            5.33333
          ],
          "texture": "#1"
        },
        "up": {
          "uv": [
            12,
            10.66667,
            10.66667,
            8
          ],
          "texture": "#1"
        },
        "down": {
          "uv": [
            10.66667,
            10.66667,
            9.33333,
            13.33333
          ],
          "texture": "#1"
        }
      }
    },
    {
      "from": [
        7.25,
        7.99888,
        9.25
      ],
      "to": [
        8.75,
        9.49888,
        10.75
      ],
      "rotation": {
        "angle": -45,
        "axis": "x",
        "origin": [
          8,
          8.74888,
          10
        ]
      },
      "faces": {
        "north": {
          "uv": [
            5.33333,
            8,
            7.33333,
            10
          ],
          "texture": "#1"
        },
        "east": {
          "uv": [
            8,
            5.33333,
            10,
            7.33333
          ],
          "texture": "#1"
        },
        "south": {
          "uv": [
            8,
            8,
            10,
            10
          ],
          "texture": "#1"
        },
        "west": {
          "uv": [
            10.66667,
            0,
            12.66667,
            2
          ],
          "texture": "#1"
        },
        "up": {
          "uv": [
            12.66667,
            4.66667,
            10.66667,
            2.66667
          ],
          "texture": "#1"
        },
        "down": {
          "uv": [
            7.33333,
            10.66667,
            5.33333,
            12.66667
          ],
          "texture": "#1"
        }
      }
    },
    {
      "from": [
        7.6,
        8.34888,
        7.25
      ],
      "to": [
        8.4,
        9.14888,
        9.25
      ],
      "rotation": {
        "angle": 0,
        "axis": "y",
        "origin": [
          7.5,
          2.74888,
          0
        ]
      },
      "faces": {
        "east": {
          "uv": [
            2.66667,
            12,
            5.33333,
            13
          ],
          "texture": "#1"
        },
        "west": {
          "uv": [
            12,
            5.33333,
            14.66667,
            6.33333
          ],
          "texture": "#1"
        },
        "up": {
          "uv": [
            13,
            9.33333,
            12,
            6.66667
          ],
          "texture": "#1"
        },
        "down": {
          "uv": [
            14.33333,
            0,
            13.33333,
            2.66667
          ],
          "texture": "#1"
        }
      }
    },
    {
      "from": [
        7.5,
        8.24888,
        6.25
      ],
      "to": [
        8.5,
        9.24888,
        7.25
      ],
      "rotation": {
        "angle": 0,
        "axis": "y",
        "origin": [
          7.5,
          2.74888,
          0
        ]
      },
      "faces": {
        "east": {
          "uv": [
            13.33333,
            13.33333,
            14.66667,
            14.66667
          ],
          "texture": "#1"
        },
        "south": {
          "uv": [
            0,
            14.66667,
            1.33333,
            16
          ],
          "texture": "#1"
        },
        "west": {
          "uv": [
            14.66667,
            0,
            16,
            1.33333
          ],
          "texture": "#1"
        },
        "up": {
          "uv": [
            2.66667,
            16,
            1.33333,
            14.66667
          ],
          "texture": "#1"
        },
        "down": {
          "uv": [
            16,
            1.33333,
            14.66667,
            2.66667
          ],
          "texture": "#1"
        }
      }
    },
    {
      "from": [
        7.75,
        7.19888,
        5.3
      ],
      "to": [
        8.25,
        8.14888,
        5.9
      ],
      "rotation": {
        "angle": 0,
        "axis": "y",
        "origin": [
          7.5,
          2.74888,
          0
        ]
      },
      "faces": {
        "north": {
          "uv": [
            6.66667,
            14.66667,
            7.33333,
            15.66667
          ],
          "texture": "#1"
        },
        "east": {
          "uv": [
            14.66667,
            6.66667,
            15.33333,
            7.66667
          ],
          "texture": "#1"
        },
        "south": {
          "uv": [
            8,
            14.66667,
            8.66667,
            15.66667
          ],
          "texture": "#1"
        },
        "west": {
          "uv": [
            14.66667,
            8,
            15.33333,
            9
          ],
          "texture": "#1"
        },
        "up": {
          "uv": [
            10,
            15.33333,
            9.33333,
            14.66667
          ],
          "texture": "#1"
        },
        "down": {
          "uv": [
            15.33333,
            9.33333,
            14.66667,
            10
          ],
          "texture": "#1"
        }
      }
    },
    {
      "from": [
        7.75,
        7.19888,
        4.35
      ],
      "to": [
        8.25,
        8.14888,
        4.95
      ],
      "rotation": {
        "angle": 0,
        "axis": "y",
        "origin": [
          7.5,
          2.74888,
          0
        ]
      },
      "faces": {
        "north": {
          "uv": [
            6.66667,
            14.66667,
            7.33333,
            15.66667
          ],
          "texture": "#1"
        },
        "east": {
          "uv": [
            14.66667,
            6.66667,
            15.33333,
            7.66667
          ],
          "texture": "#1"
        },
        "south": {
          "uv": [
            8,
            14.66667,
            8.66667,
            15.66667
          ],
          "texture": "#1"
        },
        "west": {
          "uv": [
            14.66667,
            8,
            15.33333,
            9
          ],
          "texture": "#1"
        },
        "up": {
          "uv": [
            10,
            15.33333,
            9.33333,
            14.66667
          ],
          "texture": "#1"
        },
        "down": {
          "uv": [
            15.33333,
            9.33333,
            14.66667,
            10
          ],
          "texture": "#1"
        }
      }
    },
    {
      "from": [
        7.4,
        8.14888,
        4
      ],
      "to": [
        8.6,
        9.34888,
        6.25
      ],
      "rotation": {
        "angle": 0,
        "axis": "y",
        "origin": [
          7.5,
          2.74888,
          0
        ]
      },
      "faces": {
        "north": {
          "uv": [
            10.66667,
            10.66667,
            12.33333,
            12.33333
          ],
          "texture": "#1"
        },
        "east": {
          "uv": [
            4,
            5.33333,
            7,
            7
          ],
          "texture": "#1"
        },
        "south": {
          "uv": [
            0,
            12,
            1.66667,
            13.66667
          ],
          "texture": "#1"
        },
        "west": {
          "uv": [
            6.66667,
            0,
            9.66667,
            1.66667
          ],
          "texture": "#1"
        },
        "up": {
          "uv": [
            1.66667,
            11,
            0,
            8
          ],
          "texture": "#1"
        },
        "down": {
          "uv": [
            4.33333,
            8,
            2.66667,
            11
          ],
          "texture": "#1"
        }
      }
    }
  ],
  "gui_light": "front",
  "display": {
    "thirdperson_righthand": {
      "rotation": [
        66.75,
        0,
        0
      ],
      "translation": [
        0,
        2,
        -1.75
      ]
    },
    "thirdperson_lefthand": {
      "rotation": [
        66.75,
        0,
        0
      ],
      "translation": [
        0,
        2,
        -1.75
      ]
    },
    "firstperson_righthand": {
      "rotation": [
        54.5,
        0,
        -26
      ],
      "translation": [
        -4.75,
        6,
        4.75
      ]
    },
    "firstperson_lefthand": {
      "rotation": [
        54.5,
        0,
        -26
      ],
      "translation": [
        -4.75,
        6,
        4.75
      ]
    },
    "ground": {
      "rotation": [
        45,
        0,
        0
      ],
      "translation": [
        0,
        5.5,
        0
      ],
      "scale": [
        1.50977,
        1.50977,
        1.50977
      ]
    },
    "gui": {
      "rotation": [
        -90,
        135,
        90
      ],
      "translation": [
        -1,
        -1.25,
        0
      ],
      "scale": [
        2.27148,
        2.27148,
        2.27148
      ]
    },
    "head": {
      "translation": [
        0,
        -30,
        0
      ],
      "scale": [
        0,
        0,
        0
      ]
    },
    "fixed": {
      "rotation": [
        90,
        -45,
        90
      ],
      "translation": [
        1.5,
        -0.5,
        0
      ],
      "scale": [
        2.66797,
        2.66797,
        2.66797
      ]
    }
  },
  "groups": [
    {
      "name": "group",
      "origin": [
        9.875,
        14.07275,
        9.81225
      ],
      "color": 0,
      "children": []
    },
    {
      "name": "group",
      "origin": [
        0,
        0,
        16
      ],
      "color": 0,
      "children": [
        0,
        1,
        2,
        3,
        4,
        5,
        6,
        7,
        8,
        9,
        10
      ]
    },
    11,
    12,
    13,
    14,
    15
  ]
}