{
  "credit": "MadebyPolygonMC",
  "texture_size": [
    20,
    20
  ],
  "textures": {
    "1": "xmasset:pickaxe",
    "2": "xmasset:animations/animation_1",
    "particle": "xmasset:animations/animation_1"
  },
  "elements": [
    {
      "from": [
        7.35,
        1.25,
        7.35
      ],
      "to": [
        8.65,
        1.75,
        8.65
      ],
      "rotation": {
        "angle": 0,
        "axis": "y",
        "origin": [
          7.5,
          0.75,
          6.5
        ]
      },
      "faces": {
        "north": {
          "uv": [
            12,
            12,
            13,
            12.4
          ],
          "texture": "#1"
        },
        "east": {
          "uv": [
            0,
            12.8,
            1,
            13.2
          ],
          "texture": "#1"
        },
        "south": {
          "uv": [
            12.8,
            0,
            13.8,
            0.4
          ],
          "texture": "#1"
        },
        "west": {
          "uv": [
            12.8,
            0.8,
            13.8,
            1.2
          ],
          "texture": "#1"
        },
        "up": {
          "uv": [
            7.4,
            10.6,
            6.4,
            9.6
          ],
          "texture": "#1"
        },
        "down": {
          "uv": [
            10.6,
            8.8,
            9.6,
            9.8
          ],
          "texture": "#1"
        }
      }
    },
    {
      "from": [
        7.35,
        5.8,
        7.35
      ],
      "to": [
        8.65,
        6.3,
        8.65
      ],
      "rotation": {
        "angle": 0,
        "axis": "y",
        "origin": [
          7.5,
          5.3,
          6.5
        ]
      },
      "faces": {
        "north": {
          "uv": [
            1.6,
            12.8,
            2.6,
            13.2
          ],
          "texture": "#1"
        },
        "east": {
          "uv": [
            12.8,
            1.6,
            13.8,
            2
          ],
          "texture": "#1"
        },
        "south": {
          "uv": [
            12.8,
            2.4,
            13.8,
            2.8
          ],
          "texture": "#1"
        },
        "west": {
          "uv": [
            3.2,
            12.8,
            4.2,
            13.2
          ],
          "texture": "#1"
        },
        "up": {
          "uv": [
            1.8,
            11.4,
            0.8,
            10.4
          ],
          "texture": "#1"
        },
        "down": {
          "uv": [
            11.4,
            1.6,
            10.4,
            2.6
          ],
          "texture": "#1"
        }
      }
    },
    {
      "from": [
        7.35,
        11.8,
        7.35
      ],
      "to": [
        8.65,
        12.3,
        8.65
      ],
      "rotation": {
        "angle": 0,
        "axis": "y",
        "origin": [
          7.5,
          11.3,
          6.5
        ]
      },
      "faces": {
        "north": {
          "uv": [
            12.8,
            3.2,
            13.8,
            3.6
          ],
          "texture": "#1"
        },
        "east": {
          "uv": [
            12.8,
            4,
            13.8,
            4.4
          ],
          "texture": "#1"
        },
        "south": {
          "uv": [
            4.8,
            12.8,
            5.8,
            13.2
          ],
          "texture": "#1"
        },
        "west": {
          "uv": [
            12.8,
            4.8,
            13.8,
            5.2
          ],
          "texture": "#1"
        },
        "up": {
          "uv": [
            5,
            11.4,
            4,
            10.4
          ],
          "texture": "#1"
        },
        "down": {
          "uv": [
            11.4,
            4.8,
            10.4,
            5.8
          ],
          "texture": "#1"
        }
      }
    },
    {
      "from": [
        7.5,
        1.75,
        7.5
      ],
      "to": [
        8.5,
        2.75,
        8.5
      ],
      "rotation": {
        "angle": 0,
        "axis": "y",
        "origin": [
          7.5,
          0.75,
          6.5
        ]
      },
      "faces": {
        "north": {
          "uv": [
            9.6,
            1.6,
            10.4,
            2.4
          ],
          "texture": "#1"
        },
        "east": {
          "uv": [
            9.6,
            7.2,
            10.4,
            8
          ],
          "texture": "#1"
        },
        "south": {
          "uv": [
            10.4,
            3.2,
            11.2,
            4
          ],
          "texture": "#1"
        },
        "west": {
          "uv": [
            5.6,
            10.4,
            6.4,
            11.2
          ],
          "texture": "#1"
        },
        "up": {
          "uv": [
            8.8,
            11.2,
            8,
            10.4
          ],
          "texture": "#1"
        },
        "down": {
          "uv": [
            12,
            11.2,
            11.2,
            12
          ],
          "texture": "#1"
        }
      }
    },
    {
      "from": [
        7.5,
        4.8,
        7.5
      ],
      "to": [
        8.5,
        5.8,
        8.5
      ],
      "rotation": {
        "angle": 0,
        "axis": "y",
        "origin": [
          7.5,
          3.8,
          6.5
        ]
      },
      "faces": {
        "north": {
          "uv": [
            12,
            0,
            12.8,
            0.8
          ],
          "texture": "#1"
        },
        "east": {
          "uv": [
            0.8,
            12,
            1.6,
            12.8
          ],
          "texture": "#1"
        },
        "south": {
          "uv": [
            12,
            0.8,
            12.8,
            1.6
          ],
          "texture": "#1"
        },
        "west": {
          "uv": [
            1.6,
            12,
            2.4,
            12.8
          ],
          "texture": "#1"
        },
        "up": {
          "uv": [
            12.8,
            2.4,
            12,
            1.6
          ],
          "texture": "#1"
        },
        "down": {
          "uv": [
            12.8,
            2.4,
            12,
            3.2
          ],
          "texture": "#1"
        }
      }
    },
    {
      "from": [
        7.6,
        2.75,
        7.6
      ],
      "to": [
        8.4,
        3.55,
        8.4
      ],
      "rotation": {
        "angle": 0,
        "axis": "y",
        "origin": [
          7.5,
          1.75,
          6.5
        ]
      },
      "faces": {
        "north": {
          "uv": [
            12.8,
            5.6,
            13.4,
            6.2
          ],
          "texture": "#1"
        },
        "east": {
          "uv": [
            6.4,
            12.8,
            7,
            13.4
          ],
          "texture": "#1"
        },
        "south": {
          "uv": [
            12.8,
            6.4,
            13.4,
            7
          ],
          "texture": "#1"
        },
        "west": {
          "uv": [
            7.2,
            12.8,
            7.8,
            13.4
          ],
          "texture": "#1"
        },
        "up": {
          "uv": [
            8.6,
            13.4,
            8,
            12.8
          ],
          "texture": "#1"
        },
        "down": {
          "uv": [
            13.4,
            8,
            12.8,
            8.6
          ],
          "texture": "#1"
        }
      }
    },
    {
      "from": [
        7.6,
        4.05,
        7.6
      ],
      "to": [
        8.4,
        4.85,
        8.4
      ],
      "rotation": {
        "angle": 0,
        "axis": "y",
        "origin": [
          7.5,
          3.05,
          6.5
        ]
      },
      "faces": {
        "north": {
          "uv": [
            8.8,
            12.8,
            9.4,
            13.4
          ],
          "texture": "#1"
        },
        "east": {
          "uv": [
            12.8,
            8.8,
            13.4,
            9.4
          ],
          "texture": "#1"
        },
        "south": {
          "uv": [
            9.6,
            12.8,
            10.2,
            13.4
          ],
          "texture": "#1"
        },
        "west": {
          "uv": [
            12.8,
            9.6,
            13.4,
            10.2
          ],
          "texture": "#1"
        },
        "up": {
          "uv": [
            11,
            13.4,
            10.4,
            12.8
          ],
          "texture": "#1"
        },
        "down": {
          "uv": [
            13.4,
            10.4,
            12.8,
            11
          ],
          "texture": "#1"
        }
      }
    },
    {
      "from": [
        7.41,
        0.26,
        7.41
      ],
      "to": [
        8.59,
        1.44,
        8.59
      ],
      "rotation": {
        "angle": -45,
        "axis": "x",
        "origin": [
          8,
          0.85,
          8
        ]
      },
      "faces": {
        "north": {
          "uv": [
            10.4,
            6.4,
            11.4,
            7.4
          ],
          "texture": "#1"
        },
        "east": {
          "uv": [
            9.6,
            10.4,
            10.6,
            11.4
          ],
          "texture": "#1"
        },
        "south": {
          "uv": [
            11.2,
            3.2,
            12.2,
            4.2
          ],
          "texture": "#1"
        },
        "west": {
          "uv": [
            5.6,
            11.2,
            6.6,
            12.2
          ],
          "texture": "#1"
        },
        "up": {
          "uv": [
            8.2,
            12.2,
            7.2,
            11.2
          ],
          "texture": "#1"
        },
        "down": {
          "uv": [
            12.2,
            8,
            11.2,
            9
          ],
          "texture": "#1"
        }
      }
    },
    {
      "from": [
        7.51,
        3.31,
        7.51
      ],
      "to": [
        8.49,
        4.29,
        8.49
      ],
      "rotation": {
        "angle": -45,
        "axis": "x",
        "origin": [
          8,
          3.8,
          8
        ]
      },
      "faces": {
        "north": {
          "uv": [
            3.2,
            12,
            4,
            12.8
          ],
          "texture": "#1"
        },
        "east": {
          "uv": [
            4,
            12,
            4.8,
            12.8
          ],
          "texture": "#1"
        },
        "south": {
          "uv": [
            4.8,
            12,
            5.6,
            12.8
          ],
          "texture": "#1"
        },
        "west": {
          "uv": [
            12,
            4.8,
            12.8,
            5.6
          ],
          "texture": "#1"
        },
        "up": {
          "uv": [
            12.8,
            6.4,
            12,
            5.6
          ],
          "texture": "#1"
        },
        "down": {
          "uv": [
            12.8,
            6.4,
            12,
            7.2
          ],
          "texture": "#1"
        }
      }
    },
    {
      "from": [
        7.4,
        12.25,
        7
      ],
      "to": [
        8.6,
        14.25,
        9
      ],
      "rotation": {
        "angle": -45,
        "axis": "x",
        "origin": [
          8,
          13.25,
          8
        ]
      },
      "faces": {
        "north": {
          "uv": [
            7.2,
            3.2,
            8.2,
            4.8
          ],
          "texture": "#1"
        },
        "east": {
          "uv": [
            6.4,
            4.8,
            8,
            6.4
          ],
          "texture": "#1"
        },
        "south": {
          "uv": [
            8,
            4.8,
            9,
            6.4
          ],
          "texture": "#1"
        },
        "west": {
          "uv": [
            6.4,
            6.4,
            8,
            8
          ],
          "texture": "#1"
        },
        "up": {
          "uv": [
            7.4,
            9.6,
            6.4,
            8
          ],
          "texture": "#1"
        },
        "down": {
          "uv": [
            9,
            6.4,
            8,
            8
          ],
          "texture": "#1"
        }
      }
    },
    {
      "from": [
        7.15,
        12.5,
        7.25
      ],
      "to": [
        8.85,
        14,
        8.75
      ],
      "rotation": {
        "angle": -45,
        "axis": "x",
        "origin": [
          8,
          13.25,
          8
        ]
      },
      "faces": {
        "north": {
          "uv": [
            0,
            7.2,
            1.4,
            8.4
          ],
          "texture": "#1"
        },
        "east": {
          "uv": [
            0.8,
            8.8,
            2,
            10
          ],
          "texture": "#1"
        },
        "south": {
          "uv": [
            7.2,
            0,
            8.6,
            1.2
          ],
          "texture": "#1"
        },
        "west": {
          "uv": [
            8.8,
            2.4,
            10,
            3.6
          ],
          "texture": "#1"
        },
        "up": {
          "uv": [
            3,
            8.4,
            1.6,
            7.2
          ],
          "texture": "#1"
        },
        "down": {
          "uv": [
            8.6,
            1.6,
            7.2,
            2.8
          ],
          "texture": "#1"
        }
      }
    },
    {
      "from": [
        7.6,
        12.45,
        5
      ],
      "to": [
        8.4,
        13.2,
        7.75
      ],
      "rotation": {
        "angle": -22.5,
        "axis": "x",
        "origin": [
          8,
          12.95,
          6
        ]
      },
      "faces": {
        "east": {
          "uv": [
            8.8,
            4,
            11,
            4.6
          ],
          "texture": "#1"
        },
        "west": {
          "uv": [
            8.8,
            8,
            11,
            8.6
          ],
          "texture": "#1"
        },
        "up": {
          "uv": [
            3,
            11,
            2.4,
            8.8
          ],
          "texture": "#1"
        },
        "down": {
          "uv": [
            9.4,
            8.8,
            8.8,
            11
          ],
          "texture": "#1"
        }
      }
    },
    {
      "from": [
        7.6,
        13.2,
        7
      ],
      "to": [
        8.4,
        13.95,
        7.75
      ],
      "rotation": {
        "angle": -22.5,
        "axis": "x",
        "origin": [
          8,
          12.95,
          6
        ]
      },
      "faces": {
        "north": {
          "uv": [
            11.2,
            12.8,
            11.8,
            13.4
          ],
          "texture": "#1"
        },
        "east": {
          "uv": [
            12.8,
            11.2,
            13.4,
            11.8
          ],
          "texture": "#1"
        },
        "south": {
          "uv": [
            12,
            12.8,
            12.6,
            13.4
          ],
          "texture": "#1"
        },
        "west": {
          "uv": [
            12.8,
            12.8,
            13.4,
            13.4
          ],
          "texture": "#1"
        },
        "up": {
          "uv": [
            0.6,
            14.2,
            0,
            13.6
          ],
          "texture": "#1"
        }
      }
    },
    {
      "from": [
        7.775,
        13.20381,
        5.01913
      ],
      "to": [
        8.225,
        13.80381,
        7.01913
      ],
      "rotation": {
        "angle": -22.5,
        "axis": "x",
        "origin": [
          8,
          12.90381,
          6.01913
        ]
      },
      "faces": {
        "east": {
          "uv": [
            12,
            7.2,
            13.6,
            7.6
          ],
          "texture": "#1"
        },
        "west": {
          "uv": [
            9.6,
            12,
            11.2,
            12.4
          ],
          "texture": "#1"
        },
        "up": {
          "uv": [
            12.4,
            11.2,
            12,
            9.6
          ],
          "texture": "#1"
        }
      }
    },
    {
      "from": [
        7.5,
        11.85,
        4.15
      ],
      "to": [
        8.5,
        14.35,
        5.15
      ],
      "rotation": {
        "angle": -45,
        "axis": "x",
        "origin": [
          8,
          12.9,
          5
        ]
      },
      "faces": {
        "north": {
          "uv": [
            3.2,
            7.2,
            4,
            9.2
          ],
          "texture": "#1"
        },
        "east": {
          "uv": [
            8,
            8,
            8.8,
            10
          ],
          "texture": "#1"
        },
        "south": {
          "uv": [
            0,
            8.8,
            0.8,
            10.8
          ],
          "texture": "#1"
        },
        "west": {
          "uv": [
            8.8,
            0,
            9.6,
            2
          ],
          "texture": "#1"
        },
        "up": {
          "uv": [
            12,
            12.8,
            11.2,
            12
          ],
          "texture": "#1"
        },
        "down": {
          "uv": [
            12.8,
            11.2,
            12,
            12
          ],
          "texture": "#1"
        }
      }
    },
    {
      "from": [
        7.565,
        13.1521,
        3.71915
      ],
      "to": [
        8.435,
        14.7321,
        4.58915
      ],
      "rotation": {
        "angle": 22.5,
        "axis": "x",
        "origin": [
          8,
          13.9671,
          4.17915
        ]
      },
      "faces": {
        "north": {
          "uv": [
            0,
            11.2,
            0.6,
            12.4
          ],
          "texture": "#1"
        },
        "east": {
          "uv": [
            2.4,
            11.2,
            3,
            12.4
          ],
          "texture": "#1"
        },
        "south": {
          "uv": [
            8.8,
            11.2,
            9.4,
            12.4
          ],
          "texture": "#1"
        },
        "west": {
          "uv": [
            11.2,
            9.6,
            11.8,
            10.8
          ],
          "texture": "#1"
        },
        "up": {
          "uv": [
            1.4,
            14.2,
            0.8,
            13.6
          ],
          "texture": "#1"
        }
      }
    },
    {
      "from": [
        8,
        -2,
        6.875
      ],
      "to": [
        8,
        1,
        9.125
      ],
      "rotation": {
        "angle": 0,
        "axis": "y",
        "origin": [
          8,
          -1,
          7.125
        ]
      },
      "faces": {
        "north": {
          "uv": [
            0,
            0,
            0,
            2.4
          ],
          "texture": "#1"
        },
        "east": {
          "uv": [
            4,
            3.2,
            5.8,
            5.6
          ],
          "texture": "#1"
        },
        "south": {
          "uv": [
            0,
            0,
            0,
            2.4
          ],
          "texture": "#1"
        },
        "west": {
          "uv": [
            4,
            3.2,
            5.8,
            5.6
          ],
          "texture": "#1"
        },
        "up": {
          "uv": [
            0,
            1.8,
            0,
            0
          ],
          "texture": "#1"
        },
        "down": {
          "uv": [
            0,
            0,
            0,
            1.8
          ],
          "texture": "#1"
        }
      }
    },
    {
      "from": [
        7.3,
        10.85,
        5.5
      ],
      "to": [
        7.3,
        15.85,
        10.5
      ],
      "rotation": {
        "angle": 0,
        "axis": "y",
        "origin": [
          8,
          22.2,
          8
        ]
      },
      "faces": {
        "north": {
          "uv": [
            0,
            0,
            0,
            4
          ],
          "texture": "#1"
        },
        "south": {
          "uv": [
            0,
            0,
            0,
            4
          ],
          "texture": "#1"
        },
        "west": {
          "uv": [
            0,
            3.2,
            4,
            7.2
          ],
          "texture": "#1"
        },
        "up": {
          "uv": [
            0,
            4,
            0,
            0
          ],
          "texture": "#1"
        },
        "down": {
          "uv": [
            0,
            0,
            0,
            4
          ],
          "texture": "#1"
        }
      }
    },
    {
      "from": [
        8.7,
        10.85,
        5.5
      ],
      "to": [
        8.7,
        15.85,
        10.5
      ],
      "rotation": {
        "angle": 0,
        "axis": "y",
        "origin": [
          8,
          22.2,
          8
        ]
      },
      "faces": {
        "north": {
          "uv": [
            0,
            0,
            0,
            4
          ],
          "texture": "#1"
        },
        "east": {
          "uv": [
            4,
            3.2,
            0,
            7.2
          ],
          "texture": "#1"
        },
        "south": {
          "uv": [
            0,
            0,
            0,
            4
          ],
          "texture": "#1"
        },
        "up": {
          "uv": [
            0,
            4,
            0,
            0
          ],
          "texture": "#1"
        },
        "down": {
          "uv": [
            0,
            0,
            0,
            4
          ],
          "texture": "#1"
        }
      }
    },
    {
      "from": [
        7.5,
        6.3,
        7.5
      ],
      "to": [
        8.5,
        11.8,
        8.5
      ],
      "rotation": {
        "angle": 0,
        "axis": "y",
        "origin": [
          6.5,
          6.3,
          7.5
        ]
      },
      "faces": {
        "north": {
          "uv": [
            4,
            5.6,
            4.8,
            10
          ],
          "texture": "#1"
        },
        "east": {
          "uv": [
            4.8,
            5.6,
            5.6,
            10
          ],
          "texture": "#1"
        },
        "south": {
          "uv": [
            5.6,
            5.6,
            6.4,
            10
          ],
          "texture": "#1"
        },
        "west": {
          "uv": [
            6.4,
            0,
            7.2,
            4.4
          ],
          "texture": "#1"
        }
      }
    },
    {
      "from": [
        7.6,
        12.17872,
        2.22507
      ],
      "to": [
        8.4,
        12.97872,
        4.52507
      ],
      "rotation": {
        "angle": 0,
        "axis": "y",
        "origin": [
          8,
          12.30182,
          2.27689
        ]
      },
      "faces": {
        "north": {
          "uv": [
            1.6,
            13.6,
            2.2,
            14.2
          ],
          "texture": "#1"
        },
        "east": {
          "uv": [
            9.6,
            0,
            11.4,
            0.6
          ],
          "texture": "#1"
        },
        "south": {
          "uv": [
            2.4,
            13.6,
            3,
            14.2
          ],
          "texture": "#1"
        },
        "west": {
          "uv": [
            9.6,
            0.8,
            11.4,
            1.4
          ],
          "texture": "#1"
        },
        "up": {
          "uv": [
            3.8,
            11.4,
            3.2,
            9.6
          ],
          "texture": "#1"
        },
        "down": {
          "uv": [
            10.2,
            4.8,
            9.6,
            6.6
          ],
          "texture": "#1"
        }
      }
    },
    {
      "from": [
        7.7,
        12.27969,
        1.42452
      ],
      "to": [
        8.3,
        12.87969,
        2.47452
      ],
      "rotation": {
        "angle": -22.5,
        "axis": "x",
        "origin": [
          8,
          12.30182,
          2.27689
        ]
      },
      "faces": {
        "north": {
          "uv": [
            13.6,
            7.2,
            14,
            7.6
          ],
          "texture": "#1"
        },
        "east": {
          "uv": [
            3.2,
            13.6,
            4,
            14
          ],
          "texture": "#1"
        },
        "south": {
          "uv": [
            8,
            13.6,
            8.4,
            14
          ],
          "texture": "#1"
        },
        "west": {
          "uv": [
            4,
            13.6,
            4.8,
            14
          ],
          "texture": "#1"
        },
        "up": {
          "uv": [
            5.2,
            14.4,
            4.8,
            13.6
          ],
          "texture": "#1"
        },
        "down": {
          "uv": [
            6,
            13.6,
            5.6,
            14.4
          ],
          "texture": "#1"
        }
      }
    },
    {
      "from": [
        7.8,
        11.1795,
        1.49616
      ],
      "to": [
        8.2,
        11.7295,
        1.89616
      ],
      "rotation": {
        "angle": 45,
        "axis": "x",
        "origin": [
          8,
          12.30182,
          2.27689
        ]
      },
      "faces": {
        "north": {
          "uv": [
            13.6,
            5.6,
            14,
            6.2
          ],
          "texture": "#1"
        },
        "east": {
          "uv": [
            6.4,
            13.6,
            6.8,
            14.2
          ],
          "texture": "#1"
        },
        "south": {
          "uv": [
            13.6,
            6.4,
            14,
            7
          ],
          "texture": "#1"
        },
        "west": {
          "uv": [
            7.2,
            13.6,
            7.6,
            14.2
          ],
          "texture": "#1"
        },
        "up": {
          "uv": [
            14,
            8.4,
            13.6,
            8
          ],
          "texture": "#1"
        },
        "down": {
          "uv": [
            9.2,
            13.6,
            8.8,
            14
          ],
          "texture": "#1"
        }
      }
    },
    {
      "from": [
        8,
        10,
        -0.5
      ],
      "to": [
        8,
        13.5,
        7.5
      ],
      "rotation": {
        "angle": 0,
        "axis": "y",
        "origin": [
          8,
          0,
          0
        ]
      },
      "faces": {
        "north": {
          "uv": [
            0,
            0,
            0,
            2.8
          ],
          "texture": "#1"
        },
        "east": {
          "uv": [
            6.4,
            0,
            0,
            2.8
          ],
          "texture": "#1"
        },
        "south": {
          "uv": [
            0,
            0,
            0,
            2.8
          ],
          "texture": "#1"
        },
        "west": {
          "uv": [
            0,
            0,
            6.4,
            2.8
          ],
          "texture": "#1"
        },
        "up": {
          "uv": [
            0,
            6.4,
            0,
            0
          ],
          "texture": "#1"
        },
        "down": {
          "uv": [
            0,
            0,
            0,
            6.4
          ],
          "texture": "#1"
        }
      }
    },
    {
      "from": [
        7.6,
        12.45,
        8.25
      ],
      "to": [
        8.4,
        13.2,
        11
      ],
      "rotation": {
        "angle": 22.5,
        "axis": "x",
        "origin": [
          8,
          12.95,
          10
        ]
      },
      "faces": {
        "east": {
          "uv": [
            11,
            4,
            8.8,
            4.6
          ],
          "texture": "#1"
        },
        "west": {
          "uv": [
            11,
            8,
            8.8,
            8.6
          ],
          "texture": "#1"
        },
        "up": {
          "uv": [
            3,
            8.8,
            2.4,
            11
          ],
          "texture": "#1"
        },
        "down": {
          "uv": [
            9.4,
            11,
            8.8,
            8.8
          ],
          "texture": "#1"
        }
      }
    },
    {
      "from": [
        7.775,
        13.20381,
        8.98087
      ],
      "to": [
        8.225,
        13.80381,
        10.98087
      ],
      "rotation": {
        "angle": 22.5,
        "axis": "x",
        "origin": [
          8,
          12.90381,
          9.98087
        ]
      },
      "faces": {
        "north": {
          "uv": [
            0,
            0,
            0,
            0
          ],
          "texture": "#2"
        },
        "east": {
          "uv": [
            13.6,
            7.2,
            12,
            7.6
          ],
          "texture": "#2"
        },
        "south": {
          "uv": [
            0,
            0,
            0,
            0
          ],
          "texture": "#2"
        },
        "west": {
          "uv": [
            11.2,
            12,
            9.6,
            12.4
          ],
          "texture": "#2"
        },
        "up": {
          "uv": [
            12.4,
            9.6,
            12,
            11.2
          ],
          "texture": "#2"
        },
        "down": {
          "uv": [
            0,
            0,
            0,
            0
          ],
          "texture": "#2"
        }
      }
    },
    {
      "from": [
        7.5,
        11.85,
        10.85
      ],
      "to": [
        8.5,
        14.35,
        11.85
      ],
      "rotation": {
        "angle": 45,
        "axis": "x",
        "origin": [
          8,
          12.9,
          11
        ]
      },
      "faces": {
        "north": {
          "uv": [
            0.8,
            8.8,
            0,
            10.8
          ],
          "texture": "#1"
        },
        "east": {
          "uv": [
            8.8,
            8,
            8,
            10
          ],
          "texture": "#1"
        },
        "south": {
          "uv": [
            4,
            7.2,
            3.2,
            9.2
          ],
          "texture": "#1"
        },
        "west": {
          "uv": [
            9.6,
            0,
            8.8,
            2
          ],
          "texture": "#1"
        },
        "up": {
          "uv": [
            12,
            12,
            11.2,
            12.8
          ],
          "texture": "#1"
        },
        "down": {
          "uv": [
            12.8,
            12,
            12,
            11.2
          ],
          "texture": "#1"
        }
      }
    },
    {
      "from": [
        7.565,
        13.1521,
        11.41085
      ],
      "to": [
        8.435,
        14.7321,
        12.28085
      ],
      "rotation": {
        "angle": -22.5,
        "axis": "x",
        "origin": [
          8,
          13.9671,
          11.82085
        ]
      },
      "faces": {
        "north": {
          "uv": [
            9.4,
            11.2,
            8.8,
            12.4
          ],
          "texture": "#1"
        },
        "east": {
          "uv": [
            3,
            11.2,
            2.4,
            12.4
          ],
          "texture": "#1"
        },
        "south": {
          "uv": [
            0.6,
            11.2,
            0,
            12.4
          ],
          "texture": "#1"
        },
        "west": {
          "uv": [
            11.8,
            9.6,
            11.2,
            10.8
          ],
          "texture": "#1"
        },
        "up": {
          "uv": [
            1.4,
            13.6,
            0.8,
            14.2
          ],
          "texture": "#1"
        }
      }
    },
    {
      "from": [
        7.6,
        12.17872,
        11.47493
      ],
      "to": [
        8.4,
        12.97872,
        13.77493
      ],
      "rotation": {
        "angle": 0,
        "axis": "y",
        "origin": [
          8,
          12.30182,
          13.72311
        ]
      },
      "faces": {
        "north": {
          "uv": [
            3,
            13.6,
            2.4,
            14.2
          ],
          "texture": "#1"
        },
        "east": {
          "uv": [
            11.4,
            0,
            9.6,
            0.6
          ],
          "texture": "#1"
        },
        "south": {
          "uv": [
            2.2,
            13.6,
            1.6,
            14.2
          ],
          "texture": "#1"
        },
        "west": {
          "uv": [
            11.4,
            0.8,
            9.6,
            1.4
          ],
          "texture": "#1"
        },
        "up": {
          "uv": [
            3.8,
            9.6,
            3.2,
            11.4
          ],
          "texture": "#1"
        },
        "down": {
          "uv": [
            10.2,
            6.6,
            9.6,
            4.8
          ],
          "texture": "#1"
        }
      }
    },
    {
      "from": [
        7.7,
        12.27969,
        13.52548
      ],
      "to": [
        8.3,
        12.87969,
        14.57548
      ],
      "rotation": {
        "angle": 22.5,
        "axis": "x",
        "origin": [
          8,
          12.30182,
          13.72311
        ]
      },
      "faces": {
        "north": {
          "uv": [
            8.4,
            13.6,
            8,
            14
          ],
          "texture": "#1"
        },
        "east": {
          "uv": [
            4,
            13.6,
            3.2,
            14
          ],
          "texture": "#1"
        },
        "south": {
          "uv": [
            14,
            7.2,
            13.6,
            7.6
          ],
          "texture": "#1"
        },
        "west": {
          "uv": [
            4.8,
            13.6,
            4,
            14
          ],
          "texture": "#1"
        },
        "up": {
          "uv": [
            5.2,
            13.6,
            4.8,
            14.4
          ],
          "texture": "#1"
        },
        "down": {
          "uv": [
            6,
            14.4,
            5.6,
            13.6
          ],
          "texture": "#1"
        }
      }
    },
    {
      "from": [
        7.8,
        11.1795,
        14.10384
      ],
      "to": [
        8.2,
        11.7295,
        14.50384
      ],
      "rotation": {
        "angle": -45,
        "axis": "x",
        "origin": [
          8,
          12.30182,
          13.72311
        ]
      },
      "faces": {
        "north": {
          "uv": [
            14,
            6.4,
            13.6,
            7
          ],
          "texture": "#1"
        },
        "east": {
          "uv": [
            6.8,
            13.6,
            6.4,
            14.2
          ],
          "texture": "#1"
        },
        "south": {
          "uv": [
            14,
            5.6,
            13.6,
            6.2
          ],
          "texture": "#1"
        },
        "west": {
          "uv": [
            7.6,
            13.6,
            7.2,
            14.2
          ],
          "texture": "#1"
        },
        "up": {
          "uv": [
            14,
            8,
            13.6,
            8.4
          ],
          "texture": "#1"
        },
        "down": {
          "uv": [
            9.2,
            14,
            8.8,
            13.6
          ],
          "texture": "#1"
        }
      }
    },
    {
      "from": [
        8,
        10,
        8.5
      ],
      "to": [
        8,
        13.5,
        16.5
      ],
      "rotation": {
        "angle": 0,
        "axis": "y",
        "origin": [
          8,
          0,
          16
        ]
      },
      "faces": {
        "north": {
          "uv": [
            0,
            0,
            0,
            2.8
          ],
          "texture": "#1"
        },
        "east": {
          "uv": [
            0,
            0,
            6.4,
            2.8
          ],
          "texture": "#1"
        },
        "south": {
          "uv": [
            0,
            0,
            0,
            2.8
          ],
          "texture": "#1"
        },
        "west": {
          "uv": [
            6.4,
            0,
            0,
            2.8
          ],
          "texture": "#1"
        },
        "up": {
          "uv": [
            0,
            0,
            0,
            6.4
          ],
          "texture": "#1"
        },
        "down": {
          "uv": [
            0,
            6.4,
            0,
            0
          ],
          "texture": "#1"
        }
      }
    },
    {
      "from": [
        7.6,
        13.2,
        8.25
      ],
      "to": [
        8.4,
        13.95,
        9
      ],
      "rotation": {
        "angle": 22.5,
        "axis": "x",
        "origin": [
          8,
          12.95,
          10
        ]
      },
      "faces": {
        "north": {
          "uv": [
            12.6,
            12.8,
            12,
            13.4
          ],
          "texture": "#1"
        },
        "east": {
          "uv": [
            13.4,
            11.2,
            12.8,
            11.8
          ],
          "texture": "#1"
        },
        "south": {
          "uv": [
            11.8,
            12.8,
            11.2,
            13.4
          ],
          "texture": "#1"
        },
        "west": {
          "uv": [
            13.4,
            12.8,
            12.8,
            13.4
          ],
          "texture": "#1"
        },
        "up": {
          "uv": [
            0.6,
            13.6,
            0,
            14.2
          ],
          "texture": "#1"
        }
      }
    },
    {
      "from": [
        7.475,
        9.65,
        -0.55
      ],
      "to": [
        7.475,
        12.65,
        2.45
      ],
      "rotation": {
        "angle": 0,
        "axis": "y",
        "origin": [
          7.3,
          13.25,
          8.8
        ]
      },
      "faces": {
        "north": {
          "uv": [
            0,
            0,
            0,
            2.4
          ],
          "texture": "#2"
        },
        "south": {
          "uv": [
            0,
            0,
            0,
            2.4
          ],
          "texture": "#2"
        },
        "west": {
          "uv": [
            0,
            4.61667,
            4.33336,
            8.95003
          ],
          "texture": "#2"
        },
        "up": {
          "uv": [
            0,
            0,
            2.4,
            0
          ],
          "rotation": 90,
          "texture": "#2"
        },
        "down": {
          "uv": [
            0,
            0,
            2.4,
            0
          ],
          "rotation": 270,
          "texture": "#2"
        }
      }
    },
    {
      "from": [
        7.475,
        12.65,
        10.6
      ],
      "to": [
        7.475,
        15.65,
        13.6
      ],
      "rotation": {
        "angle": 0,
        "axis": "y",
        "origin": [
          7.3,
          14.6,
          4.25
        ]
      },
      "faces": {
        "north": {
          "uv": [
            0,
            0,
            0,
            2.4
          ],
          "texture": "#2"
        },
        "south": {
          "uv": [
            0,
            0,
            0,
            2.4
          ],
          "texture": "#2"
        },
        "west": {
          "uv": [
            0.99669,
            10.03333,
            5.33008,
            14.36669
          ],
          "texture": "#2"
        },
        "up": {
          "uv": [
            0,
            0,
            2.4,
            0
          ],
          "rotation": 90,
          "texture": "#2"
        },
        "down": {
          "uv": [
            0,
            0,
            2.4,
            0
          ],
          "rotation": 270,
          "texture": "#2"
        }
      }
    },
    {
      "from": [
        7.475,
        8.475,
        9.15
      ],
      "to": [
        7.475,
        11.475,
        12.15
      ],
      "rotation": {
        "angle": 0,
        "axis": "y",
        "origin": [
          7.475,
          9.975,
          10.65
        ]
      },
      "faces": {
        "north": {
          "uv": [
            0,
            0,
            0,
            2.4
          ],
          "texture": "#2"
        },
        "south": {
          "uv": [
            0,
            0,
            0,
            2.4
          ],
          "texture": "#2"
        },
        "west": {
          "uv": [
            0,
            0,
            4.33336,
            4.33336
          ],
          "texture": "#2"
        },
        "up": {
          "uv": [
            0,
            0,
            2.4,
            0
          ],
          "rotation": 90,
          "texture": "#2"
        },
        "down": {
          "uv": [
            0,
            0,
            2.4,
            0
          ],
          "rotation": 270,
          "texture": "#2"
        }
      }
    },
    {
      "from": [
        8.525,
        12.65,
        10.6
      ],
      "to": [
        8.525,
        15.65,
        13.6
      ],
      "rotation": {
        "angle": 0,
        "axis": "y",
        "origin": [
          8.7,
          14.6,
          4.25
        ]
      },
      "faces": {
        "north": {
          "uv": [
            0,
            0,
            0,
            2.4
          ],
          "texture": "#2"
        },
        "east": {
          "uv": [
            5.33008,
            10.03333,
            0.99669,
            14.36669
          ],
          "texture": "#2"
        },
        "south": {
          "uv": [
            0,
            0,
            0,
            2.4
          ],
          "texture": "#2"
        },
        "up": {
          "uv": [
            0,
            0,
            2.4,
            0
          ],
          "rotation": 90,
          "texture": "#2"
        },
        "down": {
          "uv": [
            0,
            0,
            2.4,
            0
          ],
          "rotation": 270,
          "texture": "#2"
        }
      }
    },
    {
      "from": [
        8.525,
        8.475,
        9.15
      ],
      "to": [
        8.525,
        11.475,
        12.15
      ],
      "rotation": {
        "angle": 0,
        "axis": "y",
        "origin": [
          8.525,
          9.975,
          10.65
        ]
      },
      "faces": {
        "north": {
          "uv": [
            0,
            0,
            0,
            2.4
          ],
          "texture": "#2"
        },
        "east": {
          "uv": [
            4.33336,
            0,
            0,
            4.33336
          ],
          "texture": "#2"
        },
        "south": {
          "uv": [
            0,
            0,
            0,
            2.4
          ],
          "texture": "#2"
        },
        "up": {
          "uv": [
            0,
            0,
            2.4,
            0
          ],
          "rotation": 90,
          "texture": "#2"
        },
        "down": {
          "uv": [
            0,
            0,
            2.4,
            0
          ],
          "rotation": 270,
          "texture": "#2"
        }
      }
    },
    {
      "from": [
        8.525,
        9.65,
        -0.55
      ],
      "to": [
        8.525,
        12.65,
        2.45
      ],
      "rotation": {
        "angle": 0,
        "axis": "y",
        "origin": [
          8.7,
          13.25,
          8.8
        ]
      },
      "faces": {
        "north": {
          "uv": [
            0,
            0,
            0,
            2.4
          ],
          "texture": "#2"
        },
        "east": {
          "uv": [
            4.33336,
            4.61667,
            0,
            8.95003
          ],
          "texture": "#2"
        },
        "south": {
          "uv": [
            0,
            0,
            0,
            2.4
          ],
          "texture": "#2"
        },
        "up": {
          "uv": [
            0,
            0,
            2.4,
            0
          ],
          "rotation": 90,
          "texture": "#2"
        },
        "down": {
          "uv": [
            0,
            0,
            2.4,
            0
          ],
          "rotation": 270,
          "texture": "#2"
        }
      }
    }
  ],
  "gui_light": "front",
  "display": {
    "thirdperson_righthand": {
      "translation": [
        0,
        2.25,
        1
      ]
    },
    "thirdperson_lefthand": {
      "translation": [
        0,
        2.25,
        1
      ]
    },
    "firstperson_righthand": {
      "rotation": [
        -10,
        0,
        0
      ],
      "translation": [
        -1,
        3.75,
        1
      ]
    },
    "firstperson_lefthand": {
      "rotation": [
        -10,
        0,
        0
      ],
      "translation": [
        -1,
        3.75,
        1
      ]
    },
    "ground": {
      "translation": [
        0,
        10.5,
        0
      ]
    },
    "gui": {
      "rotation": [
        90,
        -45,
        90
      ],
      "translation": [
        0.25,
        -0.25,
        0
      ],
      "scale": [
        0.95313,
        0.95313,
        0.95313
      ]
    },
    "head": {
      "scale": [
        0,
        0,
        0
      ]
    },
    "fixed": {
      "rotation": [
        90,
        -90,
        90
      ],
      "translation": [
        0,
        2.75,
        -1
      ],
      "scale": [
        2.17383,
        2.17383,
        2.17383
      ]
    }
  }
}