{
  "credit": "MadebyPolygonMC",
  "texture_size": [
    24,
    24
  ],
  "textures": {
    "1": "xmasset:animations/animation_1",
    "3": "xmasset:scythe",
    "particle": "xmasset:animations/animation_1"
  },
  "elements": [
    {
      "from": [
        7.35,
        1.25,
        7.35
      ],
      "to": [
        8.65,
        1.75,
        8.65
      ],
      "rotation": {
        "angle": 0,
        "axis": "y",
        "origin": [
          7.5,
          0.75,
          6.5
        ]
      },
      "faces": {
        "north": {
          "uv": [
            13.33333,
            8.66667,
            14.16667,
            9
          ],
          "texture": "#3"
        },
        "east": {
          "uv": [
            9.33333,
            13.33333,
            10.16667,
            13.66667
          ],
          "texture": "#3"
        },
        "south": {
          "uv": [
            13.33333,
            9.33333,
            14.16667,
            9.66667
          ],
          "texture": "#3"
        },
        "west": {
          "uv": [
            13.33333,
            10,
            14.16667,
            10.33333
          ],
          "texture": "#3"
        },
        "up": {
          "uv": [
            2.83333,
            11.5,
            2,
            10.66667
          ],
          "texture": "#3"
        },
        "down": {
          "uv": [
            11.5,
            6.66667,
            10.66667,
            7.5
          ],
          "texture": "#3"
        }
      }
    },
    {
      "from": [
        7.35,
        5.8,
        7.35
      ],
      "to": [
        8.65,
        6.3,
        8.65
      ],
      "rotation": {
        "angle": 0,
        "axis": "y",
        "origin": [
          7.5,
          5.3,
          6.5
        ]
      },
      "faces": {
        "north": {
          "uv": [
            10.66667,
            13.33333,
            11.5,
            13.66667
          ],
          "texture": "#3"
        },
        "east": {
          "uv": [
            13.33333,
            10.66667,
            14.16667,
            11
          ],
          "texture": "#3"
        },
        "south": {
          "uv": [
            13.33333,
            11.33333,
            14.16667,
            11.66667
          ],
          "texture": "#3"
        },
        "west": {
          "uv": [
            12,
            13.33333,
            12.83333,
            13.66667
          ],
          "texture": "#3"
        },
        "up": {
          "uv": [
            8.83333,
            11.5,
            8,
            10.66667
          ],
          "texture": "#3"
        },
        "down": {
          "uv": [
            11.5,
            8,
            10.66667,
            8.83333
          ],
          "texture": "#3"
        }
      }
    },
    {
      "from": [
        7.35,
        11.8,
        7.35
      ],
      "to": [
        8.65,
        12.3,
        8.65
      ],
      "rotation": {
        "angle": 0,
        "axis": "y",
        "origin": [
          7.5,
          11.3,
          6.5
        ]
      },
      "faces": {
        "north": {
          "uv": [
            13.33333,
            12,
            14.16667,
            12.33333
          ],
          "texture": "#3"
        },
        "east": {
          "uv": [
            13.33333,
            12.66667,
            14.16667,
            13
          ],
          "texture": "#3"
        },
        "south": {
          "uv": [
            13.33333,
            13.33333,
            14.16667,
            13.66667
          ],
          "texture": "#3"
        },
        "west": {
          "uv": [
            0,
            14,
            0.83333,
            14.33333
          ],
          "texture": "#3"
        },
        "up": {
          "uv": [
            10.16667,
            11.5,
            9.33333,
            10.66667
          ],
          "texture": "#3"
        },
        "down": {
          "uv": [
            11.5,
            9.33333,
            10.66667,
            10.16667
          ],
          "texture": "#3"
        }
      }
    },
    {
      "from": [
        7.5,
        1.75,
        7.5
      ],
      "to": [
        8.5,
        2.75,
        8.5
      ],
      "rotation": {
        "angle": 0,
        "axis": "y",
        "origin": [
          7.5,
          0.75,
          6.5
        ]
      },
      "faces": {
        "north": {
          "uv": [
            9.33333,
            4.66667,
            10,
            5.33333
          ],
          "texture": "#3"
        },
        "east": {
          "uv": [
            10.66667,
            3.33333,
            11.33333,
            4
          ],
          "texture": "#3"
        },
        "south": {
          "uv": [
            11.33333,
            12,
            12,
            12.66667
          ],
          "texture": "#3"
        },
        "west": {
          "uv": [
            12,
            12,
            12.66667,
            12.66667
          ],
          "texture": "#3"
        },
        "up": {
          "uv": [
            13.33333,
            0.66667,
            12.66667,
            0
          ],
          "texture": "#3"
        },
        "down": {
          "uv": [
            13.33333,
            0.66667,
            12.66667,
            1.33333
          ],
          "texture": "#3"
        }
      }
    },
    {
      "from": [
        7.5,
        4.8,
        7.5
      ],
      "to": [
        8.5,
        5.8,
        8.5
      ],
      "rotation": {
        "angle": 0,
        "axis": "y",
        "origin": [
          7.5,
          3.8,
          6.5
        ]
      },
      "faces": {
        "north": {
          "uv": [
            1.33333,
            12.66667,
            2,
            13.33333
          ],
          "texture": "#3"
        },
        "east": {
          "uv": [
            12.66667,
            1.33333,
            13.33333,
            2
          ],
          "texture": "#3"
        },
        "south": {
          "uv": [
            12.66667,
            2,
            13.33333,
            2.66667
          ],
          "texture": "#3"
        },
        "west": {
          "uv": [
            12.66667,
            2.66667,
            13.33333,
            3.33333
          ],
          "texture": "#3"
        },
        "up": {
          "uv": [
            13.33333,
            4,
            12.66667,
            3.33333
          ],
          "texture": "#3"
        },
        "down": {
          "uv": [
            4.66667,
            12.66667,
            4,
            13.33333
          ],
          "texture": "#3"
        }
      }
    },
    {
      "from": [
        7.6,
        2.75,
        7.6
      ],
      "to": [
        8.4,
        3.55,
        8.4
      ],
      "rotation": {
        "angle": 0,
        "axis": "y",
        "origin": [
          7.5,
          1.75,
          6.5
        ]
      },
      "faces": {
        "north": {
          "uv": [
            14,
            4,
            14.5,
            4.5
          ],
          "texture": "#3"
        },
        "east": {
          "uv": [
            14,
            4.66667,
            14.5,
            5.16667
          ],
          "texture": "#3"
        },
        "south": {
          "uv": [
            5.33333,
            14,
            5.83333,
            14.5
          ],
          "texture": "#3"
        },
        "west": {
          "uv": [
            6,
            14,
            6.5,
            14.5
          ],
          "texture": "#3"
        },
        "up": {
          "uv": [
            14.5,
            6.5,
            14,
            6
          ],
          "texture": "#3"
        },
        "down": {
          "uv": [
            14.5,
            6.66667,
            14,
            7.16667
          ],
          "texture": "#3"
        }
      }
    },
    {
      "from": [
        7.6,
        4.05,
        7.6
      ],
      "to": [
        8.4,
        4.85,
        8.4
      ],
      "rotation": {
        "angle": 0,
        "axis": "y",
        "origin": [
          7.5,
          3.05,
          6.5
        ]
      },
      "faces": {
        "north": {
          "uv": [
            14,
            7.33333,
            14.5,
            7.83333
          ],
          "texture": "#3"
        },
        "east": {
          "uv": [
            14,
            8,
            14.5,
            8.5
          ],
          "texture": "#3"
        },
        "south": {
          "uv": [
            9.33333,
            14,
            9.83333,
            14.5
          ],
          "texture": "#3"
        },
        "west": {
          "uv": [
            10,
            14,
            10.5,
            14.5
          ],
          "texture": "#3"
        },
        "up": {
          "uv": [
            11.16667,
            14.5,
            10.66667,
            14
          ],
          "texture": "#3"
        },
        "down": {
          "uv": [
            11.83333,
            14,
            11.33333,
            14.5
          ],
          "texture": "#3"
        }
      }
    },
    {
      "from": [
        7.41,
        0.26,
        7.41
      ],
      "to": [
        8.59,
        1.44,
        8.59
      ],
      "rotation": {
        "angle": -45,
        "axis": "x",
        "origin": [
          8,
          0.85,
          8
        ]
      },
      "faces": {
        "north": {
          "uv": [
            10.66667,
            10.66667,
            11.5,
            11.5
          ],
          "texture": "#3"
        },
        "east": {
          "uv": [
            11.33333,
            1.33333,
            12.16667,
            2.16667
          ],
          "texture": "#3"
        },
        "south": {
          "uv": [
            11.33333,
            2.66667,
            12.16667,
            3.5
          ],
          "texture": "#3"
        },
        "west": {
          "uv": [
            4,
            11.33333,
            4.83333,
            12.16667
          ],
          "texture": "#3"
        },
        "up": {
          "uv": [
            12.16667,
            4.83333,
            11.33333,
            4
          ],
          "texture": "#3"
        },
        "down": {
          "uv": [
            6.16667,
            11.33333,
            5.33333,
            12.16667
          ],
          "texture": "#3"
        }
      }
    },
    {
      "from": [
        7.51,
        3.31,
        7.51
      ],
      "to": [
        8.49,
        4.29,
        8.49
      ],
      "rotation": {
        "angle": -45,
        "axis": "x",
        "origin": [
          8,
          3.8,
          8
        ]
      },
      "faces": {
        "north": {
          "uv": [
            12.66667,
            4,
            13.33333,
            4.66667
          ],
          "texture": "#3"
        },
        "east": {
          "uv": [
            4.66667,
            12.66667,
            5.33333,
            13.33333
          ],
          "texture": "#3"
        },
        "south": {
          "uv": [
            12.66667,
            4.66667,
            13.33333,
            5.33333
          ],
          "texture": "#3"
        },
        "west": {
          "uv": [
            5.33333,
            12.66667,
            6,
            13.33333
          ],
          "texture": "#3"
        },
        "up": {
          "uv": [
            13.33333,
            6,
            12.66667,
            5.33333
          ],
          "texture": "#3"
        },
        "down": {
          "uv": [
            6.66667,
            12.66667,
            6,
            13.33333
          ],
          "texture": "#3"
        }
      }
    },
    {
      "from": [
        7.35,
        16.3,
        7.35
      ],
      "to": [
        8.65,
        16.8,
        8.65
      ],
      "rotation": {
        "angle": 0,
        "axis": "y",
        "origin": [
          7.5,
          15.8,
          6.5
        ]
      },
      "faces": {
        "north": {
          "uv": [
            14,
            0,
            14.83333,
            0.33333
          ],
          "texture": "#3"
        },
        "east": {
          "uv": [
            14,
            0.66667,
            14.83333,
            1
          ],
          "texture": "#3"
        },
        "south": {
          "uv": [
            1.33333,
            14,
            2.16667,
            14.33333
          ],
          "texture": "#3"
        },
        "west": {
          "uv": [
            14,
            1.33333,
            14.83333,
            1.66667
          ],
          "texture": "#3"
        },
        "up": {
          "uv": [
            12.16667,
            6.16667,
            11.33333,
            5.33333
          ],
          "texture": "#3"
        },
        "down": {
          "uv": [
            0.83333,
            12,
            0,
            12.83333
          ],
          "texture": "#3"
        }
      }
    },
    {
      "from": [
        7.35,
        22.3,
        7.35
      ],
      "to": [
        8.65,
        22.8,
        8.65
      ],
      "rotation": {
        "angle": 0,
        "axis": "y",
        "origin": [
          7.5,
          21.8,
          6.5
        ]
      },
      "faces": {
        "north": {
          "uv": [
            14,
            2,
            14.83333,
            2.33333
          ],
          "texture": "#3"
        },
        "east": {
          "uv": [
            2.66667,
            14,
            3.5,
            14.33333
          ],
          "texture": "#3"
        },
        "south": {
          "uv": [
            14,
            3.33333,
            14.83333,
            3.66667
          ],
          "texture": "#3"
        },
        "west": {
          "uv": [
            4,
            14,
            4.83333,
            14.33333
          ],
          "texture": "#3"
        },
        "up": {
          "uv": [
            2.83333,
            12.83333,
            2,
            12
          ],
          "texture": "#3"
        },
        "down": {
          "uv": [
            7.5,
            12,
            6.66667,
            12.83333
          ],
          "texture": "#3"
        }
      }
    },
    {
      "from": [
        7.5,
        12.25,
        7.5
      ],
      "to": [
        8.5,
        13.25,
        8.5
      ],
      "rotation": {
        "angle": 0,
        "axis": "y",
        "origin": [
          7.5,
          11.25,
          6.5
        ]
      },
      "faces": {
        "north": {
          "uv": [
            12.66667,
            6,
            13.33333,
            6.66667
          ],
          "texture": "#3"
        },
        "east": {
          "uv": [
            12.66667,
            8,
            13.33333,
            8.66667
          ],
          "texture": "#3"
        },
        "south": {
          "uv": [
            12.66667,
            8.66667,
            13.33333,
            9.33333
          ],
          "texture": "#3"
        },
        "west": {
          "uv": [
            12.66667,
            9.33333,
            13.33333,
            10
          ],
          "texture": "#3"
        },
        "up": {
          "uv": [
            13.33333,
            10.66667,
            12.66667,
            10
          ],
          "texture": "#3"
        },
        "down": {
          "uv": [
            13.33333,
            10.66667,
            12.66667,
            11.33333
          ],
          "texture": "#3"
        }
      }
    },
    {
      "from": [
        7.5,
        15.3,
        7.5
      ],
      "to": [
        8.5,
        16.3,
        8.5
      ],
      "rotation": {
        "angle": 0,
        "axis": "y",
        "origin": [
          7.5,
          14.3,
          6.5
        ]
      },
      "faces": {
        "north": {
          "uv": [
            11.33333,
            12.66667,
            12,
            13.33333
          ],
          "texture": "#3"
        },
        "east": {
          "uv": [
            12.66667,
            11.33333,
            13.33333,
            12
          ],
          "texture": "#3"
        },
        "south": {
          "uv": [
            12,
            12.66667,
            12.66667,
            13.33333
          ],
          "texture": "#3"
        },
        "west": {
          "uv": [
            12.66667,
            12,
            13.33333,
            12.66667
          ],
          "texture": "#3"
        },
        "up": {
          "uv": [
            13.33333,
            13.33333,
            12.66667,
            12.66667
          ],
          "texture": "#3"
        },
        "down": {
          "uv": [
            0.66667,
            13.33333,
            0,
            14
          ],
          "texture": "#3"
        }
      }
    },
    {
      "from": [
        7.6,
        13.25,
        7.6
      ],
      "to": [
        8.4,
        14.05,
        8.4
      ],
      "rotation": {
        "angle": 0,
        "axis": "y",
        "origin": [
          7.5,
          12.25,
          6.5
        ]
      },
      "faces": {
        "north": {
          "uv": [
            12,
            14,
            12.5,
            14.5
          ],
          "texture": "#3"
        },
        "east": {
          "uv": [
            12.66667,
            14,
            13.16667,
            14.5
          ],
          "texture": "#3"
        },
        "south": {
          "uv": [
            13.33333,
            14,
            13.83333,
            14.5
          ],
          "texture": "#3"
        },
        "west": {
          "uv": [
            14,
            14,
            14.5,
            14.5
          ],
          "texture": "#3"
        },
        "up": {
          "uv": [
            0.5,
            15.16667,
            0,
            14.66667
          ],
          "texture": "#3"
        },
        "down": {
          "uv": [
            1.16667,
            14.66667,
            0.66667,
            15.16667
          ],
          "texture": "#3"
        }
      }
    },
    {
      "from": [
        7.6,
        14.55,
        7.6
      ],
      "to": [
        8.4,
        15.35,
        8.4
      ],
      "rotation": {
        "angle": 0,
        "axis": "y",
        "origin": [
          7.5,
          13.55,
          6.5
        ]
      },
      "faces": {
        "north": {
          "uv": [
            1.33333,
            14.66667,
            1.83333,
            15.16667
          ],
          "texture": "#3"
        },
        "east": {
          "uv": [
            2,
            14.66667,
            2.5,
            15.16667
          ],
          "texture": "#3"
        },
        "south": {
          "uv": [
            2.66667,
            14.66667,
            3.16667,
            15.16667
          ],
          "texture": "#3"
        },
        "west": {
          "uv": [
            14.66667,
            2.66667,
            15.16667,
            3.16667
          ],
          "texture": "#3"
        },
        "up": {
          "uv": [
            3.83333,
            15.16667,
            3.33333,
            14.66667
          ],
          "texture": "#3"
        },
        "down": {
          "uv": [
            4.5,
            14.66667,
            4,
            15.16667
          ],
          "texture": "#3"
        }
      }
    },
    {
      "from": [
        7.51,
        13.81,
        7.51
      ],
      "to": [
        8.49,
        14.79,
        8.49
      ],
      "rotation": {
        "angle": -45,
        "axis": "x",
        "origin": [
          8,
          14.3,
          8
        ]
      },
      "faces": {
        "north": {
          "uv": [
            13.33333,
            0,
            14,
            0.66667
          ],
          "texture": "#3"
        },
        "east": {
          "uv": [
            0.66667,
            13.33333,
            1.33333,
            14
          ],
          "texture": "#3"
        },
        "south": {
          "uv": [
            13.33333,
            0.66667,
            14,
            1.33333
          ],
          "texture": "#3"
        },
        "west": {
          "uv": [
            1.33333,
            13.33333,
            2,
            14
          ],
          "texture": "#3"
        },
        "up": {
          "uv": [
            14,
            2,
            13.33333,
            1.33333
          ],
          "texture": "#3"
        },
        "down": {
          "uv": [
            2.66667,
            13.33333,
            2,
            14
          ],
          "texture": "#3"
        }
      }
    },
    {
      "from": [
        8,
        -2,
        6.875
      ],
      "to": [
        8,
        1,
        9.125
      ],
      "rotation": {
        "angle": 0,
        "axis": "y",
        "origin": [
          8,
          -1,
          7.125
        ]
      },
      "faces": {
        "north": {
          "uv": [
            0,
            0,
            0,
            2
          ],
          "texture": "#3"
        },
        "east": {
          "uv": [
            3.33333,
            6,
            4.83333,
            8
          ],
          "texture": "#3"
        },
        "south": {
          "uv": [
            0,
            0,
            0,
            2
          ],
          "texture": "#3"
        },
        "west": {
          "uv": [
            5.33333,
            6,
            6.83333,
            8
          ],
          "texture": "#3"
        },
        "up": {
          "uv": [
            0,
            1.5,
            0,
            0
          ],
          "texture": "#3"
        },
        "down": {
          "uv": [
            0,
            0,
            0,
            1.5
          ],
          "texture": "#3"
        }
      }
    },
    {
      "from": [
        7.5,
        6.3,
        7.5
      ],
      "to": [
        8.5,
        11.8,
        8.5
      ],
      "rotation": {
        "angle": 0,
        "axis": "y",
        "origin": [
          6.5,
          6.3,
          7.5
        ]
      },
      "faces": {
        "north": {
          "uv": [
            0,
            6.66667,
            0.66667,
            10.33333
          ],
          "texture": "#3"
        },
        "east": {
          "uv": [
            0.66667,
            6.66667,
            1.33333,
            10.33333
          ],
          "texture": "#3"
        },
        "south": {
          "uv": [
            1.33333,
            6.66667,
            2,
            10.33333
          ],
          "texture": "#3"
        },
        "west": {
          "uv": [
            2,
            6.66667,
            2.66667,
            10.33333
          ],
          "texture": "#3"
        }
      }
    },
    {
      "from": [
        7.5,
        16.8,
        7.5
      ],
      "to": [
        8.5,
        22.3,
        8.5
      ],
      "rotation": {
        "angle": 0,
        "axis": "y",
        "origin": [
          6.5,
          16.8,
          7.5
        ]
      },
      "faces": {
        "north": {
          "uv": [
            2.66667,
            6.66667,
            3.33333,
            10.33333
          ],
          "texture": "#3"
        },
        "east": {
          "uv": [
            7.33333,
            6,
            8,
            9.66667
          ],
          "texture": "#3"
        },
        "south": {
          "uv": [
            8,
            0,
            8.66667,
            3.66667
          ],
          "texture": "#3"
        },
        "west": {
          "uv": [
            3.33333,
            8,
            4,
            11.66667
          ],
          "texture": "#3"
        }
      }
    },
    {
      "from": [
        7.6,
        23.7,
        8.25
      ],
      "to": [
        8.4,
        24.45,
        9
      ],
      "rotation": {
        "angle": 22.5,
        "axis": "x",
        "origin": [
          8,
          23.45,
          10
        ]
      },
      "faces": {
        "north": {
          "uv": [
            14.66667,
            4,
            15.16667,
            4.5
          ],
          "texture": "#3"
        },
        "east": {
          "uv": [
            4.66667,
            14.66667,
            5.16667,
            15.16667
          ],
          "texture": "#3"
        },
        "south": {
          "uv": [
            14.66667,
            4.66667,
            15.16667,
            5.16667
          ],
          "texture": "#3"
        },
        "west": {
          "uv": [
            5.33333,
            14.66667,
            5.83333,
            15.16667
          ],
          "texture": "#3"
        },
        "up": {
          "uv": [
            15.16667,
            5.83333,
            14.66667,
            5.33333
          ],
          "texture": "#3"
        }
      }
    },
    {
      "from": [
        7.775,
        23.70381,
        8.98087
      ],
      "to": [
        8.225,
        24.30381,
        9.98087
      ],
      "rotation": {
        "angle": 22.5,
        "axis": "x",
        "origin": [
          8,
          23.40381,
          9.98087
        ]
      },
      "faces": {
        "east": {
          "uv": [
            8.66667,
            14.66667,
            9.33333,
            15
          ],
          "texture": "#3"
        },
        "west": {
          "uv": [
            14.66667,
            8.66667,
            15.33333,
            9
          ],
          "texture": "#3"
        },
        "up": {
          "uv": [
            9.66667,
            15.33333,
            9.33333,
            14.66667
          ],
          "texture": "#3"
        }
      }
    },
    {
      "from": [
        7.6,
        22.95,
        8.25
      ],
      "to": [
        8.4,
        23.7,
        10
      ],
      "rotation": {
        "angle": 22.5,
        "axis": "x",
        "origin": [
          8,
          23.45,
          10
        ]
      },
      "faces": {
        "east": {
          "uv": [
            12,
            6.66667,
            13.16667,
            7.16667
          ],
          "texture": "#3"
        },
        "west": {
          "uv": [
            12,
            7.33333,
            13.16667,
            7.83333
          ],
          "texture": "#3"
        },
        "up": {
          "uv": [
            9.16667,
            3.83333,
            8.66667,
            2.66667
          ],
          "texture": "#3"
        },
        "down": {
          "uv": [
            3.83333,
            12,
            3.33333,
            13.16667
          ],
          "texture": "#3"
        }
      }
    },
    {
      "from": [
        7.5,
        22.75,
        9.85
      ],
      "to": [
        8.5,
        25.25,
        10.85
      ],
      "rotation": {
        "angle": 45,
        "axis": "x",
        "origin": [
          8,
          23.8,
          10
        ]
      },
      "faces": {
        "north": {
          "uv": [
            6.66667,
            8,
            7.33333,
            9.66667
          ],
          "texture": "#3"
        },
        "east": {
          "uv": [
            9.33333,
            2.66667,
            10,
            4.33333
          ],
          "texture": "#3"
        },
        "south": {
          "uv": [
            4,
            9.33333,
            4.66667,
            11
          ],
          "texture": "#3"
        },
        "west": {
          "uv": [
            4.66667,
            9.33333,
            5.33333,
            11
          ],
          "texture": "#3"
        },
        "up": {
          "uv": [
            14,
            2.66667,
            13.33333,
            2
          ],
          "texture": "#3"
        },
        "down": {
          "uv": [
            3.33333,
            13.33333,
            2.66667,
            14
          ],
          "texture": "#3"
        }
      }
    },
    {
      "from": [
        7.565,
        24.0521,
        10.41085
      ],
      "to": [
        8.435,
        25.6321,
        11.28085
      ],
      "rotation": {
        "angle": -22.5,
        "axis": "x",
        "origin": [
          8,
          24.8671,
          10.82085
        ]
      },
      "faces": {
        "north": {
          "uv": [
            8,
            12,
            8.5,
            13
          ],
          "texture": "#3"
        },
        "east": {
          "uv": [
            12,
            8,
            12.5,
            9
          ],
          "texture": "#3"
        },
        "south": {
          "uv": [
            8.66667,
            12,
            9.16667,
            13
          ],
          "texture": "#3"
        },
        "west": {
          "uv": [
            9.33333,
            12,
            9.83333,
            13
          ],
          "texture": "#3"
        },
        "up": {
          "uv": [
            6.5,
            15.16667,
            6,
            14.66667
          ],
          "texture": "#3"
        }
      }
    },
    {
      "from": [
        7.4,
        22.75,
        7
      ],
      "to": [
        8.6,
        24.75,
        9
      ],
      "rotation": {
        "angle": -45,
        "axis": "x",
        "origin": [
          8,
          23.75,
          8
        ]
      },
      "faces": {
        "north": {
          "uv": [
            9.33333,
            6.66667,
            10.16667,
            8
          ],
          "texture": "#3"
        },
        "east": {
          "uv": [
            4,
            8,
            5.33333,
            9.33333
          ],
          "texture": "#3"
        },
        "south": {
          "uv": [
            8,
            9.33333,
            8.83333,
            10.66667
          ],
          "texture": "#3"
        },
        "west": {
          "uv": [
            8,
            4,
            9.33333,
            5.33333
          ],
          "texture": "#3"
        },
        "up": {
          "uv": [
            10.16667,
            9.33333,
            9.33333,
            8
          ],
          "texture": "#3"
        },
        "down": {
          "uv": [
            10.16667,
            9.33333,
            9.33333,
            10.66667
          ],
          "texture": "#3"
        }
      }
    },
    {
      "from": [
        7.15,
        23,
        7.25
      ],
      "to": [
        8.85,
        24.5,
        8.75
      ],
      "rotation": {
        "angle": -45,
        "axis": "x",
        "origin": [
          8,
          23.75,
          8
        ]
      },
      "faces": {
        "north": {
          "uv": [
            8,
            6.66667,
            9.16667,
            7.66667
          ],
          "texture": "#3"
        },
        "east": {
          "uv": [
            10,
            4,
            11,
            5
          ],
          "texture": "#3"
        },
        "south": {
          "uv": [
            8,
            8,
            9.16667,
            9
          ],
          "texture": "#3"
        },
        "west": {
          "uv": [
            0,
            10.66667,
            1,
            11.66667
          ],
          "texture": "#3"
        },
        "up": {
          "uv": [
            9.83333,
            1,
            8.66667,
            0
          ],
          "texture": "#3"
        },
        "down": {
          "uv": [
            9.83333,
            1.33333,
            8.66667,
            2.33333
          ],
          "texture": "#3"
        }
      }
    },
    {
      "from": [
        7.6,
        22.95,
        5
      ],
      "to": [
        8.4,
        23.7,
        7.75
      ],
      "rotation": {
        "angle": -22.5,
        "axis": "x",
        "origin": [
          8,
          23.45,
          6
        ]
      },
      "faces": {
        "east": {
          "uv": [
            10.66667,
            0,
            12.5,
            0.5
          ],
          "texture": "#3"
        },
        "west": {
          "uv": [
            10.66667,
            0.66667,
            12.5,
            1.16667
          ],
          "texture": "#3"
        },
        "up": {
          "uv": [
            1.83333,
            12.5,
            1.33333,
            10.66667
          ],
          "texture": "#3"
        },
        "down": {
          "uv": [
            11.16667,
            1.33333,
            10.66667,
            3.16667
          ],
          "texture": "#3"
        }
      }
    },
    {
      "from": [
        7.6,
        23.7,
        7
      ],
      "to": [
        8.4,
        24.45,
        7.75
      ],
      "rotation": {
        "angle": -22.5,
        "axis": "x",
        "origin": [
          8,
          23.45,
          6
        ]
      },
      "faces": {
        "north": {
          "uv": [
            14.66667,
            6,
            15.16667,
            6.5
          ],
          "texture": "#3"
        },
        "east": {
          "uv": [
            6.66667,
            14.66667,
            7.16667,
            15.16667
          ],
          "texture": "#3"
        },
        "south": {
          "uv": [
            14.66667,
            6.66667,
            15.16667,
            7.16667
          ],
          "texture": "#3"
        },
        "west": {
          "uv": [
            7.33333,
            14.66667,
            7.83333,
            15.16667
          ],
          "texture": "#3"
        },
        "up": {
          "uv": [
            15.16667,
            7.83333,
            14.66667,
            7.33333
          ],
          "texture": "#3"
        }
      }
    },
    {
      "from": [
        7.775,
        23.70381,
        5.01913
      ],
      "to": [
        8.225,
        24.30381,
        7.01913
      ],
      "rotation": {
        "angle": -22.5,
        "axis": "x",
        "origin": [
          8,
          23.40381,
          6.01913
        ]
      },
      "faces": {
        "east": {
          "uv": [
            13.33333,
            2.66667,
            14.66667,
            3
          ],
          "texture": "#3"
        },
        "west": {
          "uv": [
            3.33333,
            13.33333,
            4.66667,
            13.66667
          ],
          "texture": "#3"
        },
        "up": {
          "uv": [
            13.66667,
            4.66667,
            13.33333,
            3.33333
          ],
          "texture": "#3"
        }
      }
    },
    {
      "from": [
        7.5,
        22.35,
        4.15
      ],
      "to": [
        8.5,
        24.85,
        5.15
      ],
      "rotation": {
        "angle": -45,
        "axis": "x",
        "origin": [
          8,
          23.4,
          5
        ]
      },
      "faces": {
        "north": {
          "uv": [
            10,
            0,
            10.66667,
            1.66667
          ],
          "texture": "#3"
        },
        "east": {
          "uv": [
            10,
            2,
            10.66667,
            3.66667
          ],
          "texture": "#3"
        },
        "south": {
          "uv": [
            6.66667,
            10,
            7.33333,
            11.66667
          ],
          "texture": "#3"
        },
        "west": {
          "uv": [
            7.33333,
            10,
            8,
            11.66667
          ],
          "texture": "#3"
        },
        "up": {
          "uv": [
            5.33333,
            14,
            4.66667,
            13.33333
          ],
          "texture": "#3"
        },
        "down": {
          "uv": [
            14,
            4.66667,
            13.33333,
            5.33333
          ],
          "texture": "#3"
        }
      }
    },
    {
      "from": [
        7.565,
        23.6521,
        3.71915
      ],
      "to": [
        8.435,
        25.2321,
        4.58915
      ],
      "rotation": {
        "angle": 22.5,
        "axis": "x",
        "origin": [
          8,
          24.4671,
          4.17915
        ]
      },
      "faces": {
        "north": {
          "uv": [
            12,
            9.33333,
            12.5,
            10.33333
          ],
          "texture": "#3"
        },
        "east": {
          "uv": [
            10,
            12,
            10.5,
            13
          ],
          "texture": "#3"
        },
        "south": {
          "uv": [
            10.66667,
            12,
            11.16667,
            13
          ],
          "texture": "#3"
        },
        "west": {
          "uv": [
            12,
            10.66667,
            12.5,
            11.66667
          ],
          "texture": "#3"
        },
        "up": {
          "uv": [
            8.5,
            15.16667,
            8,
            14.66667
          ],
          "texture": "#3"
        }
      }
    },
    {
      "from": [
        7.6,
        20.92872,
        0.72507
      ],
      "to": [
        8.4,
        21.72872,
        5.02507
      ],
      "rotation": {
        "angle": -22.5,
        "axis": "x",
        "origin": [
          8,
          20.7364,
          0.68647
        ]
      },
      "faces": {
        "north": {
          "uv": [
            14.66667,
            8,
            15.16667,
            8.5
          ],
          "texture": "#3"
        },
        "east": {
          "uv": [
            8,
            5.33333,
            10.83333,
            5.83333
          ],
          "texture": "#3"
        },
        "west": {
          "uv": [
            8,
            6,
            10.83333,
            6.5
          ],
          "texture": "#3"
        },
        "up": {
          "uv": [
            5.83333,
            10.83333,
            5.33333,
            8
          ],
          "texture": "#3"
        },
        "down": {
          "uv": [
            6.5,
            8,
            6,
            10.83333
          ],
          "texture": "#3"
        }
      }
    },
    {
      "from": [
        7.7,
        20.97108,
        -0.96166
      ],
      "to": [
        8.3,
        21.57108,
        1.08834
      ],
      "rotation": {
        "angle": -45,
        "axis": "x",
        "origin": [
          8,
          20.7364,
          0.68647
        ]
      },
      "faces": {
        "north": {
          "uv": [
            10,
            14.66667,
            10.33333,
            15
          ],
          "texture": "#3"
        },
        "east": {
          "uv": [
            5.33333,
            13.33333,
            6.66667,
            13.66667
          ],
          "texture": "#3"
        },
        "west": {
          "uv": [
            13.33333,
            5.33333,
            14.66667,
            5.66667
          ],
          "texture": "#3"
        },
        "up": {
          "uv": [
            13.66667,
            7.33333,
            13.33333,
            6
          ],
          "texture": "#3"
        },
        "down": {
          "uv": [
            7,
            13.33333,
            6.66667,
            14.66667
          ],
          "texture": "#3"
        }
      }
    },
    {
      "from": [
        7.8,
        17.99499,
        -0.64227
      ],
      "to": [
        8.2,
        19.54499,
        -0.24227
      ],
      "rotation": {
        "angle": 22.5,
        "axis": "x",
        "origin": [
          8,
          20.7364,
          0.68647
        ]
      },
      "faces": {
        "north": {
          "uv": [
            7.33333,
            13.33333,
            7.66667,
            14.33333
          ],
          "texture": "#3"
        },
        "east": {
          "uv": [
            13.33333,
            7.33333,
            13.66667,
            8.33333
          ],
          "texture": "#3"
        },
        "south": {
          "uv": [
            8,
            13.33333,
            8.33333,
            14.33333
          ],
          "texture": "#3"
        },
        "west": {
          "uv": [
            8.66667,
            13.33333,
            9,
            14.33333
          ],
          "texture": "#3"
        },
        "down": {
          "uv": [
            15,
            9.33333,
            14.66667,
            9.66667
          ],
          "texture": "#3"
        }
      }
    },
    {
      "from": [
        8,
        17.15,
        -4
      ],
      "to": [
        8,
        21.65,
        8
      ],
      "rotation": {
        "angle": -22.5,
        "axis": "x",
        "origin": [
          8,
          20.7364,
          0.68647
        ]
      },
      "faces": {
        "north": {
          "uv": [
            0,
            0,
            0,
            3
          ],
          "texture": "#3"
        },
        "east": {
          "uv": [
            8,
            0,
            0,
            3
          ],
          "texture": "#3"
        },
        "south": {
          "uv": [
            0,
            0,
            0,
            3
          ],
          "texture": "#3"
        },
        "west": {
          "uv": [
            0,
            0,
            8,
            3
          ],
          "texture": "#3"
        },
        "up": {
          "uv": [
            0,
            8,
            0,
            0
          ],
          "texture": "#3"
        },
        "down": {
          "uv": [
            0,
            0,
            0,
            8
          ],
          "texture": "#3"
        }
      }
    },
    {
      "from": [
        8,
        17.25,
        8
      ],
      "to": [
        8,
        20.75,
        15
      ],
      "rotation": {
        "angle": -22.5,
        "axis": "x",
        "origin": [
          8,
          20.7364,
          0.68647
        ]
      },
      "faces": {
        "north": {
          "uv": [
            0,
            0,
            0,
            2.33333
          ],
          "texture": "#3"
        },
        "east": {
          "uv": [
            8,
            3.33333,
            3.33333,
            5.66667
          ],
          "texture": "#3"
        },
        "south": {
          "uv": [
            0,
            0,
            0,
            2.33333
          ],
          "texture": "#3"
        },
        "west": {
          "uv": [
            3.33333,
            3.33333,
            8,
            5.66667
          ],
          "texture": "#3"
        },
        "up": {
          "uv": [
            0,
            4.66667,
            0,
            0
          ],
          "texture": "#3"
        },
        "down": {
          "uv": [
            0,
            0,
            0,
            4.66667
          ],
          "texture": "#3"
        }
      }
    },
    {
      "from": [
        7.3,
        21.3,
        5.5
      ],
      "to": [
        7.3,
        26.3,
        10.5
      ],
      "rotation": {
        "angle": 0,
        "axis": "y",
        "origin": [
          13,
          32.65,
          0
        ]
      },
      "faces": {
        "north": {
          "uv": [
            0,
            0,
            0,
            3.33333
          ],
          "texture": "#3"
        },
        "south": {
          "uv": [
            0,
            0,
            0,
            3.33333
          ],
          "texture": "#3"
        },
        "west": {
          "uv": [
            0,
            3.33333,
            3.33333,
            6.66667
          ],
          "texture": "#3"
        },
        "up": {
          "uv": [
            0,
            3.33333,
            0,
            0
          ],
          "texture": "#3"
        },
        "down": {
          "uv": [
            0,
            0,
            0,
            3.33333
          ],
          "texture": "#3"
        }
      }
    },
    {
      "from": [
        8.7,
        21.3,
        5.5
      ],
      "to": [
        8.7,
        26.3,
        10.5
      ],
      "rotation": {
        "angle": 0,
        "axis": "y",
        "origin": [
          3,
          32.65,
          0
        ]
      },
      "faces": {
        "north": {
          "uv": [
            0,
            0,
            0,
            3.33333
          ],
          "texture": "#3"
        },
        "east": {
          "uv": [
            3.33333,
            3.33333,
            0,
            6.66667
          ],
          "texture": "#3"
        },
        "south": {
          "uv": [
            0,
            0,
            0,
            3.33333
          ],
          "texture": "#3"
        },
        "up": {
          "uv": [
            0,
            3.33333,
            0,
            0
          ],
          "texture": "#3"
        },
        "down": {
          "uv": [
            0,
            0,
            0,
            3.33333
          ],
          "texture": "#3"
        }
      }
    },
    {
      "from": [
        8.575,
        18.2,
        -2.25
      ],
      "to": [
        8.575,
        22.2,
        7.75
      ],
      "rotation": {
        "angle": -22.5,
        "axis": "x",
        "origin": [
          8.65,
          19.7,
          2.75
        ]
      },
      "faces": {
        "north": {
          "uv": [
            0,
            0,
            0,
            2.66667
          ],
          "rotation": 180,
          "texture": "#1"
        },
        "east": {
          "uv": [
            0,
            13.33611,
            5.33611,
            0
          ],
          "rotation": 90,
          "texture": "#1"
        },
        "south": {
          "uv": [
            0,
            2.66667,
            0,
            0
          ],
          "texture": "#1"
        },
        "up": {
          "uv": [
            0,
            0,
            0,
            6.66667
          ],
          "rotation": 180,
          "texture": "#1"
        },
        "down": {
          "uv": [
            0,
            0,
            0,
            6.66667
          ],
          "texture": "#1"
        }
      }
    },
    {
      "from": [
        7.775,
        18.425,
        1.95
      ],
      "to": [
        7.775,
        21.425,
        4.95
      ],
      "rotation": {
        "angle": 0,
        "axis": "y",
        "origin": [
          7.475,
          9.975,
          10.65
        ]
      },
      "faces": {
        "north": {
          "uv": [
            0,
            0,
            0,
            2
          ],
          "texture": "#1"
        },
        "south": {
          "uv": [
            0,
            0,
            0,
            2
          ],
          "texture": "#1"
        },
        "west": {
          "uv": [
            0,
            0,
            4.33613,
            4.33613
          ],
          "texture": "#1"
        },
        "up": {
          "uv": [
            0,
            0,
            2,
            0
          ],
          "rotation": 90,
          "texture": "#1"
        },
        "down": {
          "uv": [
            0,
            0,
            2,
            0
          ],
          "rotation": 270,
          "texture": "#1"
        }
      }
    },
    {
      "from": [
        7.475,
        16.15,
        -3.3
      ],
      "to": [
        7.475,
        19.15,
        -0.3
      ],
      "rotation": {
        "angle": 0,
        "axis": "y",
        "origin": [
          7.3,
          13.25,
          8.8
        ]
      },
      "faces": {
        "north": {
          "uv": [
            0,
            0,
            0,
            2
          ],
          "texture": "#1"
        },
        "south": {
          "uv": [
            0,
            0,
            0,
            2
          ],
          "texture": "#1"
        },
        "west": {
          "uv": [
            0,
            4.51389,
            4.33613,
            8.85002
          ],
          "texture": "#1"
        },
        "up": {
          "uv": [
            0,
            0,
            2,
            0
          ],
          "rotation": 90,
          "texture": "#1"
        },
        "down": {
          "uv": [
            0,
            0,
            2,
            0
          ],
          "rotation": 270,
          "texture": "#1"
        }
      }
    },
    {
      "from": [
        7.475,
        22.8,
        10.025
      ],
      "to": [
        7.475,
        25.8,
        13.025
      ],
      "rotation": {
        "angle": 0,
        "axis": "y",
        "origin": [
          7.3,
          14.6,
          4.25
        ]
      },
      "faces": {
        "north": {
          "uv": [
            0,
            0,
            0,
            2
          ],
          "texture": "#1"
        },
        "south": {
          "uv": [
            0,
            0,
            0,
            2
          ],
          "texture": "#1"
        },
        "west": {
          "uv": [
            1,
            9.92778,
            5.33613,
            14.26391
          ],
          "texture": "#1"
        },
        "up": {
          "uv": [
            0,
            0,
            2,
            0
          ],
          "rotation": 90,
          "texture": "#1"
        },
        "down": {
          "uv": [
            0,
            0,
            2,
            0
          ],
          "rotation": 270,
          "texture": "#1"
        }
      }
    },
    {
      "from": [
        8.525,
        16.15,
        -3.3
      ],
      "to": [
        8.525,
        19.15,
        -0.3
      ],
      "rotation": {
        "angle": 0,
        "axis": "y",
        "origin": [
          8.7,
          13.25,
          8.8
        ]
      },
      "faces": {
        "north": {
          "uv": [
            0,
            0,
            0,
            2
          ],
          "texture": "#1"
        },
        "east": {
          "uv": [
            4.33613,
            4.51389,
            0,
            8.85002
          ],
          "texture": "#1"
        },
        "south": {
          "uv": [
            0,
            0,
            0,
            2
          ],
          "texture": "#1"
        },
        "up": {
          "uv": [
            0,
            0,
            2,
            0
          ],
          "rotation": 90,
          "texture": "#1"
        },
        "down": {
          "uv": [
            0,
            0,
            2,
            0
          ],
          "rotation": 270,
          "texture": "#1"
        }
      }
    },
    {
      "from": [
        8.225,
        18.425,
        1.95
      ],
      "to": [
        8.225,
        21.425,
        4.95
      ],
      "rotation": {
        "angle": 0,
        "axis": "y",
        "origin": [
          8.525,
          9.975,
          10.65
        ]
      },
      "faces": {
        "north": {
          "uv": [
            0,
            0,
            0,
            2
          ],
          "texture": "#1"
        },
        "east": {
          "uv": [
            4.33613,
            0,
            0,
            4.33613
          ],
          "texture": "#1"
        },
        "south": {
          "uv": [
            0,
            0,
            0,
            2
          ],
          "texture": "#1"
        },
        "up": {
          "uv": [
            0,
            0,
            2,
            0
          ],
          "rotation": 90,
          "texture": "#1"
        },
        "down": {
          "uv": [
            0,
            0,
            2,
            0
          ],
          "rotation": 270,
          "texture": "#1"
        }
      }
    },
    {
      "from": [
        8.525,
        22.8,
        10.025
      ],
      "to": [
        8.525,
        25.8,
        13.025
      ],
      "rotation": {
        "angle": 0,
        "axis": "y",
        "origin": [
          8.7,
          14.6,
          4.25
        ]
      },
      "faces": {
        "north": {
          "uv": [
            0,
            0,
            0,
            2
          ],
          "texture": "#1"
        },
        "east": {
          "uv": [
            5.33613,
            9.92778,
            1,
            14.26391
          ],
          "texture": "#1"
        },
        "south": {
          "uv": [
            0,
            0,
            0,
            2
          ],
          "texture": "#1"
        },
        "up": {
          "uv": [
            0,
            0,
            2,
            0
          ],
          "rotation": 90,
          "texture": "#1"
        },
        "down": {
          "uv": [
            0,
            0,
            2,
            0
          ],
          "rotation": 270,
          "texture": "#1"
        }
      }
    }
  ],
  "gui_light": "front",
  "display": {
    "thirdperson_righthand": {
      "translation": [
        0,
        -3.75,
        1
      ]
    },
    "thirdperson_lefthand": {
      "translation": [
        0,
        -3.75,
        1
      ]
    },
    "firstperson_righthand": {
      "rotation": [
        -25,
        0,
        0
      ],
      "translation": [
        -1,
        -2.5,
        2.25
      ]
    },
    "firstperson_lefthand": {
      "rotation": [
        -25,
        0,
        0
      ],
      "translation": [
        -1,
        -2.5,
        2.25
      ]
    },
    "ground": {
      "translation": [
        0,
        10.5,
        0
      ]
    },
    "gui": {
      "rotation": [
        -90,
        45,
        90
      ],
      "translation": [
        2.75,
        -3,
        0
      ],
      "scale": [
        0.69922,
        0.69922,
        0.69922
      ]
    },
    "head": {
      "scale": [
        0,
        0,
        0
      ]
    },
    "fixed": {
      "rotation": [
        90,
        -90,
        90
      ],
      "translation": [
        0,
        -13.5,
        -1
      ],
      "scale": [
        2.17383,
        2.17383,
        2.17383
      ]
    }
  }
}