{
	"credit": "Made by PolygonMC",
	"texture_size": [28, 28],
	"textures": {
		"1": "xmasset:animations/animation_1",
		"3": "xmasset:shield",
		"particle": "xmasset:animations/animation_1"
	},
	"elements": [
		{
			"from": [7.35, 6.14726, 9.925],
			"to": [8.65, 6.64726, 11.225],
			"rotation": {"angle": 0, "axis": "y", "origin": [8, 8, 8]},
			"faces": {
				"north": {"uv": [13.71429, 6.28571, 14.42857, 6.57143], "texture": "#3"},
				"east": {"uv": [13.71429, 5.14286, 14.42857, 5.42857], "texture": "#3"},
				"south": {"uv": [5.71429, 13.71429, 6.42857, 14], "texture": "#3"},
				"west": {"uv": [13.71429, 5.71429, 14.42857, 6], "texture": "#3"},
				"up": {"uv": [11.57143, 11.57143, 10.85714, 10.85714], "rotation": 90, "texture": "#3"},
				"down": {"uv": [0.71429, 11.42857, 0, 12.14286], "rotation": 270, "texture": "#3"}
			}
		},
		{
			"from": [7.35, 10.69726, 9.925],
			"to": [8.65, 11.19726, 11.225],
			"rotation": {"angle": 0, "axis": "y", "origin": [8, 8, 8]},
			"faces": {
				"north": {"uv": [13.71429, 10.85714, 14.42857, 11.14286], "texture": "#3"},
				"east": {"uv": [8, 13.71429, 8.71429, 14], "texture": "#3"},
				"south": {"uv": [13.71429, 8.57143, 14.42857, 8.85714], "texture": "#3"},
				"west": {"uv": [13.71429, 9.14286, 14.42857, 9.42857], "texture": "#3"},
				"up": {"uv": [12.14286, 3.57143, 11.42857, 2.85714], "rotation": 90, "texture": "#3"},
				"down": {"uv": [12.14286, 7.42857, 11.42857, 8.14286], "rotation": 270, "texture": "#3"}
			}
		},
		{
			"from": [7.5, 6.64726, 10.075],
			"to": [8.5, 7.64726, 11.075],
			"rotation": {"angle": 0, "axis": "y", "origin": [8, 8, 8]},
			"faces": {
				"north": {"uv": [13.14286, 0, 13.71429, 0.57143], "texture": "#3"},
				"east": {"uv": [10.28571, 11.42857, 10.85714, 12], "texture": "#3"},
				"south": {"uv": [9.14286, 12.57143, 9.71429, 13.14286], "texture": "#3"},
				"west": {"uv": [9.71429, 12.57143, 10.28571, 13.14286], "texture": "#3"},
				"up": {"uv": [13.71429, 1.14286, 13.14286, 0.57143], "rotation": 90, "texture": "#3"},
				"down": {"uv": [1.71429, 13.14286, 1.14286, 13.71429], "rotation": 270, "texture": "#3"}
			}
		},
		{
			"from": [7.5, 9.69726, 10.075],
			"to": [8.5, 10.69726, 11.075],
			"rotation": {"angle": 0, "axis": "y", "origin": [8, 8, 8]},
			"faces": {
				"north": {"uv": [2.28571, 13.14286, 2.85714, 13.71429], "texture": "#3"},
				"east": {"uv": [13.14286, 1.14286, 13.71429, 1.71429], "texture": "#3"},
				"south": {"uv": [1.71429, 13.14286, 2.28571, 13.71429], "texture": "#3"},
				"west": {"uv": [13.14286, 1.71429, 13.71429, 2.28571], "texture": "#3"},
				"up": {"uv": [13.71429, 2.85714, 13.14286, 2.28571], "rotation": 90, "texture": "#3"},
				"down": {"uv": [3.42857, 13.14286, 2.85714, 13.71429], "rotation": 270, "texture": "#3"}
			}
		},
		{
			"from": [7.6, 7.64726, 10.175],
			"to": [8.4, 8.44726, 10.975],
			"rotation": {"angle": 0, "axis": "y", "origin": [8, 8, 8]},
			"faces": {
				"north": {"uv": [14.28571, 2.28571, 14.71429, 2.71429], "texture": "#3"},
				"east": {"uv": [13.71429, 11.42857, 14.14286, 11.85714], "texture": "#3"},
				"south": {"uv": [14.28571, 1.71429, 14.71429, 2.14286], "texture": "#3"},
				"west": {"uv": [2.28571, 14.28571, 2.71429, 14.71429], "texture": "#3"},
				"up": {"uv": [3.28571, 14.71429, 2.85714, 14.28571], "rotation": 90, "texture": "#3"},
				"down": {"uv": [14.71429, 2.85714, 14.28571, 3.28571], "rotation": 270, "texture": "#3"}
			}
		},
		{
			"from": [7.6, 8.94726, 10.175],
			"to": [8.4, 9.74726, 10.975],
			"rotation": {"angle": 0, "axis": "y", "origin": [8, 8, 8]},
			"faces": {
				"north": {"uv": [5.71429, 14.28571, 6.14286, 14.71429], "texture": "#3"},
				"east": {"uv": [14.28571, 3.42857, 14.71429, 3.85714], "texture": "#3"},
				"south": {"uv": [14.28571, 4, 14.71429, 4.42857], "texture": "#3"},
				"west": {"uv": [14.28571, 4.57143, 14.71429, 5], "texture": "#3"},
				"up": {"uv": [6.71429, 14.71429, 6.28571, 14.28571], "rotation": 90, "texture": "#3"},
				"down": {"uv": [14.71429, 6.85714, 14.28571, 7.28571], "rotation": 270, "texture": "#3"}
			}
		},
		{
			"from": [8.98525, 5.83475, 9.985],
			"to": [10.16525, 7.01475, 11.165],
			"rotation": {"angle": -45, "axis": "z", "origin": [8, 8, 8]},
			"faces": {
				"north": {"uv": [11.42857, 9.71429, 12.14286, 10.42857], "texture": "#3"},
				"east": {"uv": [8, 11.42857, 8.71429, 12.14286], "texture": "#3"},
				"south": {"uv": [11.42857, 8.57143, 12.14286, 9.28571], "texture": "#3"},
				"west": {"uv": [9.14286, 11.42857, 9.85714, 12.14286], "texture": "#3"},
				"up": {"uv": [12.71429, 0.71429, 12, 0], "rotation": 90, "texture": "#3"},
				"down": {"uv": [1.85714, 12, 1.14286, 12.71429], "rotation": 270, "texture": "#3"}
			}
		},
		{
			"from": [7.01696, 8.00304, 10.085],
			"to": [7.99696, 8.98304, 11.065],
			"rotation": {"angle": -45, "axis": "z", "origin": [8, 8, 8]},
			"faces": {
				"north": {"uv": [6.28571, 13.14286, 6.85714, 13.71429], "texture": "#3"},
				"east": {"uv": [13.14286, 2.85714, 13.71429, 3.42857], "texture": "#3"},
				"south": {"uv": [13.14286, 5.14286, 13.71429, 5.71429], "texture": "#3"},
				"west": {"uv": [13.14286, 5.71429, 13.71429, 6.28571], "texture": "#3"},
				"up": {"uv": [13.71429, 6.85714, 13.14286, 6.28571], "rotation": 90, "texture": "#3"},
				"down": {"uv": [7.42857, 13.14286, 6.85714, 13.71429], "rotation": 270, "texture": "#3"}
			}
		},
		{
			"from": [2.81233, 11.18767, 6.975],
			"to": [4.81233, 13.18767, 8.175],
			"rotation": {"angle": -45, "axis": "z", "origin": [8, 8, 8]},
			"faces": {
				"north": {"uv": [8.57143, 8, 9.71429, 9.14286], "texture": "#3"},
				"east": {"uv": [9.71429, 6.85714, 10.42857, 8], "texture": "#3"},
				"south": {"uv": [8.57143, 6.85714, 9.71429, 8], "texture": "#3"},
				"west": {"uv": [9.71429, 8, 10.42857, 9.14286], "texture": "#3"},
				"up": {"uv": [10.42857, 10.28571, 9.71429, 9.14286], "rotation": 90, "texture": "#3"},
				"down": {"uv": [0.71429, 10.28571, 0, 11.42857], "rotation": 270, "texture": "#3"}
			}
		},
		{
			"from": [3.06233, 11.43767, 6.725],
			"to": [4.56233, 12.93767, 8.425],
			"rotation": {"angle": -45, "axis": "z", "origin": [8, 8, 8]},
			"faces": {
				"north": {"uv": [9.71429, 10.28571, 10.57143, 11.14286], "texture": "#3"},
				"east": {"uv": [0, 9.14286, 1, 10], "texture": "#3"},
				"south": {"uv": [8.57143, 10.28571, 9.42857, 11.14286], "texture": "#3"},
				"west": {"uv": [1.14286, 9.14286, 2.14286, 10], "texture": "#3"},
				"up": {"uv": [3.28571, 10, 2.28571, 9.14286], "rotation": 90, "texture": "#3"},
				"down": {"uv": [9.57143, 9.14286, 8.57143, 10], "rotation": 270, "texture": "#3"}
			}
		},
		{
			"from": [5.94621, 13.45966, 7.175],
			"to": [8.69621, 14.20966, 7.975],
			"rotation": {"angle": -22.5, "axis": "z", "origin": [8, 8, 8]},
			"faces": {
				"north": {"uv": [10.85714, 2.28571, 12.42857, 2.71429], "texture": "#3"},
				"south": {"uv": [10.28571, 6.28571, 11.85714, 6.71429], "texture": "#3"},
				"up": {"uv": [7.85714, 11.85714, 7.42857, 10.28571], "rotation": 90, "texture": "#3"},
				"down": {"uv": [11.28571, 2.85714, 10.85714, 4.42857], "rotation": 270, "texture": "#3"}
			}
		},
		{
			"from": [5.94621, 14.20966, 7.175],
			"to": [6.69621, 14.95966, 7.975],
			"rotation": {"angle": -22.5, "axis": "z", "origin": [8, 8, 8]},
			"faces": {
				"north": {"uv": [14.28571, 8, 14.71429, 8.42857], "texture": "#3"},
				"east": {"uv": [7.42857, 14.28571, 7.85714, 14.71429], "texture": "#3"},
				"south": {"uv": [14.28571, 7.42857, 14.71429, 7.85714], "texture": "#3"},
				"west": {"uv": [8, 14.28571, 8.42857, 14.71429], "texture": "#3"},
				"up": {"uv": [9, 14.71429, 8.57143, 14.28571], "rotation": 90, "texture": "#3"}
			}
		},
		{
			"from": [6.69622, 14.20966, 7.35],
			"to": [8.69622, 14.80966, 7.8],
			"rotation": {"angle": -22.5, "axis": "z", "origin": [8, 8, 8]},
			"faces": {
				"north": {"uv": [13.14286, 8, 14.28571, 8.28571], "texture": "#3"},
				"south": {"uv": [13.14286, 7.42857, 14.28571, 7.71429], "texture": "#3"},
				"up": {"uv": [7.71429, 14.28571, 7.42857, 13.14286], "rotation": 90, "texture": "#3"}
			}
		},
		{
			"from": [6.03114, 13.0115, 7.075],
			"to": [7.03114, 15.5115, 8.075],
			"rotation": {"angle": -45, "axis": "z", "origin": [8, 8, 8]},
			"faces": {
				"north": {"uv": [1.71429, 10.28571, 2.28571, 11.71429], "texture": "#3"},
				"east": {"uv": [7.42857, 8.57143, 8, 10], "texture": "#3"},
				"south": {"uv": [10.28571, 0, 10.85714, 1.42857], "texture": "#3"},
				"west": {"uv": [1.14286, 10.28571, 1.71429, 11.71429], "texture": "#3"},
				"up": {"uv": [13.71429, 9.14286, 13.14286, 8.57143], "rotation": 90, "texture": "#3"},
				"down": {"uv": [9.71429, 13.14286, 9.14286, 13.71429], "rotation": 270, "texture": "#3"}
			}
		},
		{
			"from": [13.66078, 11.85679, 7.14],
			"to": [14.53078, 13.43679, 8.01],
			"rotation": {"angle": 22.5, "axis": "z", "origin": [8, 8, 8]},
			"faces": {
				"north": {"uv": [12.57143, 2.28571, 13, 3.14286], "texture": "#3"},
				"east": {"uv": [7.42857, 12, 7.85714, 12.85714], "texture": "#3"},
				"south": {"uv": [0, 12.57143, 0.42857, 13.42857], "texture": "#3"},
				"west": {"uv": [0.57143, 12.57143, 1, 13.42857], "texture": "#3"},
				"up": {"uv": [10.14286, 14.71429, 9.71429, 14.28571], "rotation": 90, "texture": "#3"}
			}
		},
		{
			"from": [7.30378, 14.20966, 7.35],
			"to": [9.30378, 14.80966, 7.8],
			"rotation": {"angle": 22.5, "axis": "z", "origin": [8, 8, 8]},
			"faces": {
				"north": {"uv": [0.57143, 13.71429, 1.71429, 14], "texture": "#3"},
				"south": {"uv": [13.71429, 0, 14.85714, 0.28571], "texture": "#3"},
				"up": {"uv": [14, 1.71429, 13.71429, 0.57143], "rotation": 90, "texture": "#3"}
			}
		},
		{
			"from": [7.30379, 13.45966, 7.175],
			"to": [10.05379, 14.20966, 7.975],
			"rotation": {"angle": 22.5, "axis": "z", "origin": [8, 8, 8]},
			"faces": {
				"north": {"uv": [10.85714, 6.85714, 12.42857, 7.28571], "texture": "#3"},
				"south": {"uv": [10.85714, 4.57143, 12.42857, 5], "texture": "#3"},
				"up": {"uv": [11.28571, 9, 10.85714, 7.42857], "rotation": 90, "texture": "#3"},
				"down": {"uv": [11.28571, 9.14286, 10.85714, 10.71429], "rotation": 270, "texture": "#3"}
			}
		},
		{
			"from": [9.30379, 14.20966, 7.175],
			"to": [10.05379, 14.95966, 7.975],
			"rotation": {"angle": 22.5, "axis": "z", "origin": [8, 8, 8]},
			"faces": {
				"north": {"uv": [12.57143, 14.28571, 13, 14.71429], "texture": "#3"},
				"east": {"uv": [14.28571, 11.42857, 14.71429, 11.85714], "texture": "#3"},
				"south": {"uv": [12, 14.28571, 12.42857, 14.71429], "texture": "#3"},
				"west": {"uv": [14.28571, 12, 14.71429, 12.42857], "texture": "#3"},
				"up": {"uv": [14.71429, 13, 14.28571, 12.57143], "rotation": 90, "texture": "#3"}
			}
		},
		{
			"from": [8.96886, 13.0115, 7.075],
			"to": [9.96886, 15.5115, 8.075],
			"rotation": {"angle": 45, "axis": "z", "origin": [8, 8, 8]},
			"faces": {
				"north": {"uv": [10.28571, 3.42857, 10.85714, 4.85714], "texture": "#3"},
				"east": {"uv": [10.28571, 1.71429, 10.85714, 3.14286], "texture": "#3"},
				"south": {"uv": [2.28571, 10.28571, 2.85714, 11.71429], "texture": "#3"},
				"west": {"uv": [2.85714, 10.28571, 3.42857, 11.71429], "texture": "#3"},
				"up": {"uv": [13.71429, 9.71429, 13.14286, 9.14286], "rotation": 90, "texture": "#3"},
				"down": {"uv": [0.57143, 13.71429, 0, 14.28571], "rotation": 270, "texture": "#3"}
			}
		},
		{
			"from": [1.46922, 11.85679, 7.14],
			"to": [2.33922, 13.43679, 8.01],
			"rotation": {"angle": -22.5, "axis": "z", "origin": [8, 8, 8]},
			"faces": {
				"north": {"uv": [12.57143, 8.57143, 13, 9.42857], "texture": "#3"},
				"east": {"uv": [12.57143, 7.42857, 13, 8.28571], "texture": "#3"},
				"south": {"uv": [8, 12.57143, 8.42857, 13.42857], "texture": "#3"},
				"west": {"uv": [8.57143, 12.57143, 9, 13.42857], "texture": "#3"},
				"up": {"uv": [11.85714, 14.71429, 11.42857, 14.28571], "rotation": 90, "texture": "#3"}
			}
		},
		{
			"from": [6.875, 2.92226, 10.575],
			"to": [9.125, 5.92226, 10.575],
			"rotation": {"angle": 0, "axis": "y", "origin": [8, 8, 8]},
			"faces": {
				"north": {"uv": [8.57143, 1.71429, 9.85714, 3.42857], "texture": "#3"},
				"east": {"uv": [0, 0, 0, 1.71429], "texture": "#3"},
				"south": {"uv": [8.57143, 0, 9.85714, 1.71429], "texture": "#3"},
				"west": {"uv": [0, 0, 0, 1.71429], "texture": "#3"},
				"up": {"uv": [0, 1.28571, 0, 0], "rotation": 90, "texture": "#3"},
				"down": {"uv": [0, 0, 0, 1.28571], "rotation": 270, "texture": "#3"}
			}
		},
		{
			"from": [6.875, 11.42226, 10.575],
			"to": [9.125, 14.42226, 10.575],
			"rotation": {"angle": 0, "axis": "y", "origin": [8, 8, 8]},
			"faces": {
				"north": {"uv": [8.57143, 5.14286, 9.85714, 6.85714], "texture": "#3"},
				"east": {"uv": [0, 0, 0, 1.71429], "texture": "#3"},
				"south": {"uv": [8.57143, 3.42857, 9.85714, 5.14286], "texture": "#3"},
				"west": {"uv": [0, 0, 0, 1.71429], "texture": "#3"},
				"up": {"uv": [0, 1.28571, 0, 0], "rotation": 90, "texture": "#3"},
				"down": {"uv": [0, 0, 0, 1.28571], "rotation": 270, "texture": "#3"}
			}
		},
		{
			"from": [4.88403, 9.93597, 9.985],
			"to": [6.06403, 11.11597, 11.165],
			"rotation": {"angle": -45, "axis": "z", "origin": [8, 8, 8]},
			"faces": {
				"north": {"uv": [10.28571, 12, 11, 12.71429], "texture": "#3"},
				"east": {"uv": [12, 1.14286, 12.71429, 1.85714], "texture": "#3"},
				"south": {"uv": [2.28571, 12, 3, 12.71429], "texture": "#3"},
				"west": {"uv": [12, 5.14286, 12.71429, 5.85714], "texture": "#3"},
				"up": {"uv": [12.71429, 11.57143, 12, 10.85714], "rotation": 90, "texture": "#3"},
				"down": {"uv": [12.14286, 12, 11.42857, 12.71429], "rotation": 270, "texture": "#3"}
			}
		},
		{
			"from": [10.51162, 3.42226, 7.175],
			"to": [11.31162, 12.72226, 7.975],
			"rotation": {"angle": 0, "axis": "x", "origin": [8, 8, 8]},
			"faces": {
				"north": {"uv": [4, 8, 4.42857, 13.28571], "texture": "#3"},
				"east": {"uv": [7.42857, 2.85714, 7.85714, 8.14286], "texture": "#3"},
				"south": {"uv": [8, 0, 8.42857, 5.28571], "texture": "#3"},
				"west": {"uv": [3.42857, 8, 3.85714, 13.28571], "texture": "#3"},
				"up": {"uv": [14.71429, 10.14286, 14.28571, 9.71429], "rotation": 90, "texture": "#3"},
				"down": {"uv": [10.71429, 14.28571, 10.28571, 14.71429], "rotation": 270, "texture": "#3"}
			}
		},
		{
			"from": [12.14199, 2.99949, 7.275],
			"to": [12.74199, 5.04949, 7.875],
			"rotation": {"angle": -22.5, "axis": "z", "origin": [8, 8, 8]},
			"faces": {
				"north": {"uv": [13.14286, 10.85714, 13.42857, 12], "texture": "#3"},
				"east": {"uv": [9.71429, 13.14286, 10, 14.28571], "texture": "#3"},
				"south": {"uv": [10.28571, 13.14286, 10.57143, 14.28571], "texture": "#3"},
				"west": {"uv": [10.85714, 13.14286, 11.14286, 14.28571], "texture": "#3"},
				"down": {"uv": [14.57143, 14.28571, 14.28571, 14.57143], "rotation": 270, "texture": "#3"}
			}
		},
		{
			"from": [13.83298, 3.87116, 7.375],
			"to": [14.23298, 5.17116, 7.775],
			"rotation": {"angle": -45, "axis": "z", "origin": [8, 8, 8]},
			"faces": {
				"north": {"uv": [0, 14.28571, 0.28571, 15], "texture": "#3"},
				"east": {"uv": [6.85714, 13.71429, 7.14286, 14.42857], "texture": "#3"},
				"south": {"uv": [9.14286, 13.71429, 9.42857, 14.42857], "texture": "#3"},
				"west": {"uv": [13.71429, 13.14286, 14, 13.85714], "texture": "#3"},
				"down": {"uv": [15.14286, 0, 14.85714, 0.28571], "rotation": 270, "texture": "#3"}
			}
		},
		{
			"from": [4.68838, 3.42226, 7.175],
			"to": [5.48838, 12.72226, 7.975],
			"rotation": {"angle": 0, "axis": "x", "origin": [8, 8, 8]},
			"faces": {
				"north": {"uv": [8, 5.71429, 8.42857, 11], "texture": "#3"},
				"east": {"uv": [4.57143, 8, 5, 13.28571], "texture": "#3"},
				"south": {"uv": [5.14286, 8, 5.57143, 13.28571], "texture": "#3"},
				"west": {"uv": [5.71429, 8, 6.14286, 13.28571], "texture": "#3"},
				"up": {"uv": [14.71429, 10.71429, 14.28571, 10.28571], "rotation": 90, "texture": "#3"},
				"down": {"uv": [11.28571, 14.28571, 10.85714, 14.71429], "rotation": 270, "texture": "#3"}
			}
		},
		{
			"from": [3.25801, 2.99949, 7.275],
			"to": [3.85801, 5.04949, 7.875],
			"rotation": {"angle": 22.5, "axis": "z", "origin": [8, 8, 8]},
			"faces": {
				"north": {"uv": [13.14286, 13.14286, 13.42857, 14.28571], "texture": "#3"},
				"east": {"uv": [11.42857, 13.14286, 11.71429, 14.28571], "texture": "#3"},
				"south": {"uv": [12, 13.14286, 12.28571, 14.28571], "texture": "#3"},
				"west": {"uv": [12.57143, 13.14286, 12.85714, 14.28571], "texture": "#3"},
				"down": {"uv": [15.14286, 1.14286, 14.85714, 1.42857], "rotation": 270, "texture": "#3"}
			}
		},
		{
			"from": [1.76702, 3.87116, 7.375],
			"to": [2.16702, 5.17116, 7.775],
			"rotation": {"angle": 45, "axis": "z", "origin": [8, 8, 8]},
			"faces": {
				"north": {"uv": [1.71429, 14.28571, 2, 15], "texture": "#3"},
				"east": {"uv": [0.57143, 14.28571, 0.85714, 15], "texture": "#3"},
				"south": {"uv": [14.28571, 0.57143, 14.57143, 1.28571], "texture": "#3"},
				"west": {"uv": [1.14286, 14.28571, 1.42857, 15], "texture": "#3"},
				"down": {"uv": [15.14286, 0.57143, 14.85714, 0.85714], "rotation": 270, "texture": "#3"}
			}
		},
		{
			"from": [9.42629, 5.07371, 7.32],
			"to": [10.92629, 6.57371, 7.83],
			"rotation": {"angle": -45, "axis": "z", "origin": [8, 8, 8]},
			"faces": {
				"north": {"uv": [10.85714, 1.14286, 11.71429, 2], "texture": "#3"},
				"east": {"uv": [3.42857, 13.71429, 3.71429, 14.57143], "texture": "#3"},
				"south": {"uv": [10.85714, 0, 11.71429, 0.85714], "texture": "#3"},
				"west": {"uv": [4, 13.71429, 4.28571, 14.57143], "texture": "#3"},
				"up": {"uv": [4.85714, 14.57143, 4.57143, 13.71429], "rotation": 90, "texture": "#3"},
				"down": {"uv": [5.42857, 13.71429, 5.14286, 14.57143], "rotation": 270, "texture": "#3"}
			}
		},
		{
			"from": [7, 4.92226, 7.325],
			"to": [9, 13.67226, 7.825],
			"rotation": {"angle": 0, "axis": "x", "origin": [8, 8, 8]},
			"faces": {
				"north": {"uv": [6.28571, 2.85714, 7.42857, 7.85714], "texture": "#3"},
				"east": {"uv": [6.28571, 8, 6.57143, 13], "texture": "#3"},
				"south": {"uv": [5.14286, 2.85714, 6.28571, 7.85714], "texture": "#3"},
				"west": {"uv": [6.85714, 8, 7.14286, 13], "texture": "#3"}
			}
		},
		{
			"from": [5, 0.67226, 7.575],
			"to": [11, 13.67226, 7.575],
			"rotation": {"angle": 0, "axis": "y", "origin": [8, 8, 8]},
			"faces": {
				"north": {"uv": [0, 0, 3.42857, 7.42857], "texture": "#3"},
				"east": {"uv": [0, 0, 0, 7.42857], "texture": "#3"},
				"south": {"uv": [3.42857, 0, 0, 7.42857], "texture": "#3"},
				"west": {"uv": [0, 0, 0, 7.42857], "texture": "#3"},
				"up": {"uv": [0, 3.42857, 0, 0], "rotation": 90, "texture": "#3"},
				"down": {"uv": [0, 0, 0, 3.42857], "rotation": 270, "texture": "#3"}
			}
		},
		{
			"from": [10.609, 0.67226, 6.4593],
			"to": [13.609, 14.67226, 6.4593],
			"rotation": {"angle": -22.5, "axis": "y", "origin": [8, 8, 8]},
			"faces": {
				"north": {"uv": [3.42857, 0, 5.14286, 8], "texture": "#3"},
				"east": {"uv": [0, 0, 0, 8], "texture": "#3"},
				"south": {"uv": [5.14286, 0, 3.42857, 8], "texture": "#3"},
				"west": {"uv": [0, 0, 0, 8], "texture": "#3"},
				"up": {"uv": [0, 1.71429, 0, 0], "rotation": 90, "texture": "#3"},
				"down": {"uv": [0, 0, 0, 1.71429], "rotation": 270, "texture": "#3"}
			}
		},
		{
			"from": [2.391, 0.67226, 6.4593],
			"to": [5.391, 14.67226, 6.4593],
			"rotation": {"angle": 22.5, "axis": "y", "origin": [8, 8, 8]},
			"faces": {
				"north": {"uv": [5.14286, 0, 3.42857, 8], "texture": "#3"},
				"east": {"uv": [0, 0, 0, 8], "texture": "#3"},
				"south": {"uv": [3.42857, 0, 5.14286, 8], "texture": "#3"},
				"west": {"uv": [0, 0, 0, 8], "texture": "#3"},
				"up": {"uv": [0, 0, 0, 1.71429], "rotation": 90, "texture": "#3"},
				"down": {"uv": [0, 1.71429, 0, 0], "rotation": 270, "texture": "#3"}
			}
		},
		{
			"from": [5.17403, 10.22597, 7.775],
			"to": [5.77403, 10.82597, 10.075],
			"rotation": {"angle": -45, "axis": "z", "origin": [8, 8, 8]},
			"faces": {
				"east": {"uv": [12.57143, 3.42857, 13.85714, 3.71429], "texture": "#3"},
				"west": {"uv": [12.57143, 4, 13.85714, 4.28571], "texture": "#3"},
				"up": {"uv": [13.85714, 4.85714, 12.57143, 4.57143], "rotation": 90, "texture": "#3"},
				"down": {"uv": [13.85714, 6.85714, 12.57143, 7.14286], "rotation": 270, "texture": "#3"}
			}
		},
		{
			"from": [9.27525, 6.12475, 7.775],
			"to": [9.87525, 6.72475, 10.075],
			"rotation": {"angle": -45, "axis": "z", "origin": [8, 8, 8]},
			"faces": {
				"east": {"uv": [12.57143, 9.71429, 13.85714, 10], "texture": "#3"},
				"west": {"uv": [12.57143, 10.28571, 13.85714, 10.57143], "texture": "#3"},
				"up": {"uv": [13.85714, 12.28571, 12.57143, 12], "rotation": 90, "texture": "#3"},
				"down": {"uv": [13.85714, 12.57143, 12.57143, 12.85714], "rotation": 270, "texture": "#3"}
			}
		},
		{
			"from": [5.5, 11.42226, 6.525],
			"to": [10.5, 16.42226, 6.525],
			"rotation": {"angle": 0, "axis": "y", "origin": [8, 8, 8]},
			"faces": {
				"north": {"uv": [5.14286, 0, 8, 2.85714], "texture": "#3"},
				"east": {"uv": [0, 0, 0, 2.85714], "texture": "#3"},
				"south": {"uv": [5.14286, 0, 8, 2.85714], "texture": "#3"},
				"west": {"uv": [0, 0, 0, 2.85714], "texture": "#3"},
				"up": {"uv": [0, 2.85714, 0, 0], "rotation": 90, "texture": "#3"},
				"down": {"uv": [0, 0, 0, 2.85714], "rotation": 270, "texture": "#3"}
			}
		},
		{
			"from": [3.31233, 11.68767, 6.275],
			"to": [4.31233, 12.68767, 6.775],
			"rotation": {"angle": -45, "axis": "z", "origin": [8, 8, 8]},
			"faces": {
				"north": {"uv": [13.71429, 1.71429, 14.28571, 2.28571], "texture": "#3"},
				"east": {"uv": [13.14286, 14.28571, 13.42857, 14.85714], "texture": "#3"},
				"south": {"uv": [1.71429, 13.71429, 2.28571, 14.28571], "texture": "#3"},
				"west": {"uv": [14.28571, 13.14286, 14.57143, 13.71429], "texture": "#3"},
				"up": {"uv": [14, 14.85714, 13.71429, 14.28571], "rotation": 90, "texture": "#3"},
				"down": {"uv": [14.57143, 13.71429, 14.28571, 14.28571], "rotation": 270, "texture": "#3"}
			}
		},
		{
			"from": [6.75, 13.42226, 6.425],
			"to": [9.25, 14.42226, 6.425],
			"rotation": {"angle": 0, "axis": "y", "origin": [8, 8, 8]},
			"faces": {
				"north": {"uv": [10.28571, 5.71429, 11.71429, 6.28571], "texture": "#3"},
				"east": {"uv": [0, 0, 0, 0.57143], "texture": "#3"},
				"south": {"uv": [10.28571, 5.14286, 11.71429, 5.71429], "texture": "#3"},
				"west": {"uv": [0, 0, 0, 0.57143], "texture": "#3"},
				"up": {"uv": [0, 1.42857, 0, 0], "rotation": 90, "texture": "#3"},
				"down": {"uv": [0, 0, 0, 1.42857], "rotation": 270, "texture": "#3"}
			}
		},
		{
			"from": [6.5, 11.19726, 6.4],
			"to": [9.5, 13.69726, 6.4],
			"rotation": {"angle": 0, "axis": "y", "origin": [8, 8, 8]},
			"faces": {
				"north": {"uv": [1.71429, 7.42857, 3.42857, 8.85714], "texture": "#3"},
				"east": {"uv": [0, 0, 0, 1.42857], "texture": "#3"},
				"south": {"uv": [0, 7.42857, 1.71429, 8.85714], "texture": "#3"},
				"west": {"uv": [0, 0, 0, 1.42857], "texture": "#3"},
				"up": {"uv": [0, 1.71429, 0, 0], "rotation": 90, "texture": "#3"},
				"down": {"uv": [0, 0, 0, 1.71429], "rotation": 270, "texture": "#3"}
			}
		},
		{
			"from": [9.25, 13.42226, 5.425],
			"to": [9.25, 14.42226, 6.425],
			"rotation": {"angle": 0, "axis": "y", "origin": [8, 8, 8]},
			"faces": {
				"north": {"uv": [0, 0, 0, 0.57143], "texture": "#3"},
				"east": {"uv": [2.28571, 13.71429, 2.85714, 14.28571], "texture": "#3"},
				"south": {"uv": [0, 0, 0, 0.57143], "texture": "#3"},
				"west": {"uv": [13.71429, 2.28571, 14.28571, 2.85714], "texture": "#3"},
				"up": {"uv": [0.57143, 0, 0, 0], "rotation": 90, "texture": "#3"},
				"down": {"uv": [0.57143, 0, 0, 0], "rotation": 270, "texture": "#3"}
			}
		},
		{
			"from": [8.1, 13.42226, 5.425],
			"to": [8.1, 14.42226, 6.325],
			"rotation": {"angle": 0, "axis": "y", "origin": [8, 8, 8]},
			"faces": {
				"north": {"uv": [0, 0, 0, 0.57143], "texture": "#3"},
				"east": {"uv": [2.85714, 13.71429, 3.42857, 14.28571], "texture": "#3"},
				"south": {"uv": [0, 0, 0, 0.57143], "texture": "#3"},
				"west": {"uv": [13.71429, 2.85714, 14.28571, 3.42857], "texture": "#3"},
				"up": {"uv": [0.57143, 0, 0, 0], "rotation": 90, "texture": "#3"},
				"down": {"uv": [0.57143, 0, 0, 0], "rotation": 270, "texture": "#3"}
			}
		},
		{
			"from": [8.1, 13.42226, 5.425],
			"to": [9.25, 14.42226, 5.425],
			"rotation": {"angle": 0, "axis": "y", "origin": [8, 8, 8]},
			"faces": {
				"north": {"uv": [12, 6.28571, 12.71429, 6.85714], "texture": "#3"},
				"east": {"uv": [0, 0, 0, 0.57143], "texture": "#3"},
				"south": {"uv": [11.42857, 4, 12.14286, 4.57143], "texture": "#3"},
				"west": {"uv": [0, 0, 0, 0.57143], "texture": "#3"},
				"up": {"uv": [0, 0.71429, 0, 0], "rotation": 90, "texture": "#3"},
				"down": {"uv": [0, 0, 0, 0.71429], "rotation": 270, "texture": "#3"}
			}
		},
		{
			"from": [6.75, 13.42226, 5.425],
			"to": [6.75, 14.42226, 6.425],
			"rotation": {"angle": 0, "axis": "y", "origin": [8, 8, 8]},
			"faces": {
				"north": {"uv": [0, 0, 0, 0.57143], "texture": "#3"},
				"east": {"uv": [14.28571, 2.28571, 13.71429, 2.85714], "texture": "#3"},
				"south": {"uv": [0, 0, 0, 0.57143], "texture": "#3"},
				"west": {"uv": [2.85714, 13.71429, 2.28571, 14.28571], "texture": "#3"},
				"up": {"uv": [0.57143, 0, 0, 0], "rotation": 90, "texture": "#3"},
				"down": {"uv": [0.57143, 0, 0, 0], "rotation": 270, "texture": "#3"}
			}
		},
		{
			"from": [6.75, 13.42226, 5.425],
			"to": [7.9, 14.42226, 5.425],
			"rotation": {"angle": 0, "axis": "y", "origin": [8, 8, 8]},
			"faces": {
				"north": {"uv": [12.71429, 6.28571, 12, 6.85714], "texture": "#3"},
				"east": {"uv": [0, 0, 0, 0.57143], "texture": "#3"},
				"south": {"uv": [12.14286, 4, 11.42857, 4.57143], "texture": "#3"},
				"west": {"uv": [0, 0, 0, 0.57143], "texture": "#3"},
				"up": {"uv": [0, 0, 0, 0.71429], "rotation": 90, "texture": "#3"},
				"down": {"uv": [0, 0.71429, 0, 0], "rotation": 270, "texture": "#3"}
			}
		},
		{
			"from": [7.9, 13.42226, 5.425],
			"to": [7.9, 14.42226, 6.325],
			"rotation": {"angle": 0, "axis": "y", "origin": [8, 8, 8]},
			"faces": {
				"north": {"uv": [0, 0, 0, 0.57143], "texture": "#3"},
				"east": {"uv": [14.28571, 2.85714, 13.71429, 3.42857], "texture": "#3"},
				"south": {"uv": [0, 0, 0, 0.57143], "texture": "#3"},
				"west": {"uv": [3.42857, 13.71429, 2.85714, 14.28571], "texture": "#3"},
				"up": {"uv": [0.57143, 0, 0, 0], "rotation": 90, "texture": "#3"},
				"down": {"uv": [0.57143, 0, 0, 0], "rotation": 270, "texture": "#3"}
			}
		},
		{
			"from": [2.4, 3, 6.825],
			"to": [6.4, 13, 6.825],
			"rotation": {"angle": 0, "axis": "y", "origin": [8.65, 19.7, 2.75]},
			"faces": {
				"north": {"uv": [5.33214, 0, 0, 13.33095], "texture": "#1"},
				"east": {"uv": [0, 0, 0, 5.71429], "texture": "#1"},
				"west": {"uv": [0, 0, 0, 5.71429], "texture": "#1"},
				"up": {"uv": [0, 0, 0, 2.28571], "rotation": 90, "texture": "#1"},
				"down": {"uv": [0, 2.28571, 0, 0], "rotation": 270, "texture": "#1"}
			}
		},
		{
			"from": [9.6, 3, 6.825],
			"to": [13.6, 13, 6.825],
			"rotation": {"angle": 0, "axis": "y", "origin": [7.35, 19.7, 2.75]},
			"faces": {
				"north": {"uv": [0, 0, 5.33214, 13.33095], "texture": "#1"},
				"east": {"uv": [0, 0, 0, 5.71429], "texture": "#1"},
				"west": {"uv": [0, 0, 0, 5.71429], "texture": "#1"},
				"up": {"uv": [0, 2.28571, 0, 0], "rotation": 90, "texture": "#1"},
				"down": {"uv": [0, 0, 0, 2.28571], "rotation": 270, "texture": "#1"}
			}
		}
	],
	"gui_light": "front",
	"display": {
		"thirdperson_righthand": {
			"rotation": [45, -35, 0],
			"translation": [1.75, -0.25, -1.75]
		},
		"thirdperson_lefthand": {
			"rotation": [45, -35, 0],
			"translation": [1.75, -0.25, -1.75]
		},
		"firstperson_righthand": {
			"rotation": [0, 0, 9.75],
			"translation": [-8, 2.25, 3.25]
		},
		"firstperson_lefthand": {
			"rotation": [0, 0, 9.75],
			"translation": [-8, 2.25, 3.25]
		},
		"ground": {
			"rotation": [40, 0, 0],
			"translation": [0, 8.75, 0]
		},
		"gui": {
			"rotation": [0, 0, 45],
			"translation": [0.5, -0.75, -2.25],
			"scale": [1.11133, 1.11133, 1.11133]
		},
		"head": {
			"scale": [0, 0, 0]
		},
		"fixed": {
			"translation": [0, -1.75, -2.25],
			"scale": [2.17383, 2.17383, 2.17383]
		}
	}
}