{
  "credit": "MadebyPolygonMC",
  "texture_size": [
    24,
    24
  ],
  "textures": {
    "1": "xmasset:animations/animation_1",
    "2": "xmasset:staff",
    "particle": "xmasset:staff"
  },
  "elements": [
    {
      "from": [
        7.35,
        1.25,
        7.35
      ],
      "to": [
        8.65,
        1.75,
        8.65
      ],
      "rotation": {
        "angle": 0,
        "axis": "y",
        "origin": [
          7.5,
          0.75,
          6.5
        ]
      },
      "faces": {
        "north": {
          "uv": [
            4,
            13.33333,
            4.83333,
            13.66667
          ],
          "texture": "#2"
        },
        "east": {
          "uv": [
            13.33333,
            4,
            14.16667,
            4.33333
          ],
          "texture": "#2"
        },
        "south": {
          "uv": [
            13.33333,
            4.66667,
            14.16667,
            5
          ],
          "texture": "#2"
        },
        "west": {
          "uv": [
            5.33333,
            13.33333,
            6.16667,
            13.66667
          ],
          "texture": "#2"
        },
        "up": {
          "uv": [
            6.16667,
            11.5,
            5.33333,
            10.66667
          ],
          "texture": "#2"
        },
        "down": {
          "uv": [
            11.5,
            6.66667,
            10.66667,
            7.5
          ],
          "texture": "#2"
        }
      }
    },
    {
      "from": [
        7.35,
        5.8,
        7.35
      ],
      "to": [
        8.65,
        6.3,
        8.65
      ],
      "rotation": {
        "angle": 0,
        "axis": "y",
        "origin": [
          7.5,
          5.3,
          6.5
        ]
      },
      "faces": {
        "north": {
          "uv": [
            13.33333,
            5.33333,
            14.16667,
            5.66667
          ],
          "texture": "#2"
        },
        "east": {
          "uv": [
            13.33333,
            6,
            14.16667,
            6.33333
          ],
          "texture": "#2"
        },
        "south": {
          "uv": [
            6.66667,
            13.33333,
            7.5,
            13.66667
          ],
          "texture": "#2"
        },
        "west": {
          "uv": [
            13.33333,
            6.66667,
            14.16667,
            7
          ],
          "texture": "#2"
        },
        "up": {
          "uv": [
            11.5,
            8.83333,
            10.66667,
            8
          ],
          "texture": "#2"
        },
        "down": {
          "uv": [
            11.5,
            9.33333,
            10.66667,
            10.16667
          ],
          "texture": "#2"
        }
      }
    },
    {
      "from": [
        7.35,
        11.8,
        7.35
      ],
      "to": [
        8.65,
        12.3,
        8.65
      ],
      "rotation": {
        "angle": 0,
        "axis": "y",
        "origin": [
          7.5,
          11.3,
          6.5
        ]
      },
      "faces": {
        "north": {
          "uv": [
            13.33333,
            7.33333,
            14.16667,
            7.66667
          ],
          "texture": "#2"
        },
        "east": {
          "uv": [
            8,
            13.33333,
            8.83333,
            13.66667
          ],
          "texture": "#2"
        },
        "south": {
          "uv": [
            13.33333,
            8,
            14.16667,
            8.33333
          ],
          "texture": "#2"
        },
        "west": {
          "uv": [
            13.33333,
            8.66667,
            14.16667,
            9
          ],
          "texture": "#2"
        },
        "up": {
          "uv": [
            10.83333,
            11.5,
            10,
            10.66667
          ],
          "texture": "#2"
        },
        "down": {
          "uv": [
            0.83333,
            11.33333,
            0,
            12.16667
          ],
          "texture": "#2"
        }
      }
    },
    {
      "from": [
        7.5,
        1.75,
        7.5
      ],
      "to": [
        8.5,
        2.75,
        8.5
      ],
      "rotation": {
        "angle": 0,
        "axis": "y",
        "origin": [
          7.5,
          0.75,
          6.5
        ]
      },
      "faces": {
        "north": {
          "uv": [
            6,
            2,
            6.66667,
            2.66667
          ],
          "texture": "#2"
        },
        "east": {
          "uv": [
            4,
            6,
            4.66667,
            6.66667
          ],
          "texture": "#2"
        },
        "south": {
          "uv": [
            1.33333,
            7.33333,
            2,
            8
          ],
          "texture": "#2"
        },
        "west": {
          "uv": [
            8,
            1.33333,
            8.66667,
            2
          ],
          "texture": "#2"
        },
        "up": {
          "uv": [
            12.66667,
            10.66667,
            12,
            10
          ],
          "texture": "#2"
        },
        "down": {
          "uv": [
            0.66667,
            12.66667,
            0,
            13.33333
          ],
          "texture": "#2"
        }
      }
    },
    {
      "from": [
        7.5,
        4.8,
        7.5
      ],
      "to": [
        8.5,
        5.8,
        8.5
      ],
      "rotation": {
        "angle": 0,
        "axis": "y",
        "origin": [
          7.5,
          3.8,
          6.5
        ]
      },
      "faces": {
        "north": {
          "uv": [
            12.66667,
            0,
            13.33333,
            0.66667
          ],
          "texture": "#2"
        },
        "east": {
          "uv": [
            0.66667,
            12.66667,
            1.33333,
            13.33333
          ],
          "texture": "#2"
        },
        "south": {
          "uv": [
            12.66667,
            0.66667,
            13.33333,
            1.33333
          ],
          "texture": "#2"
        },
        "west": {
          "uv": [
            1.33333,
            12.66667,
            2,
            13.33333
          ],
          "texture": "#2"
        },
        "up": {
          "uv": [
            13.33333,
            2,
            12.66667,
            1.33333
          ],
          "texture": "#2"
        },
        "down": {
          "uv": [
            2.66667,
            12.66667,
            2,
            13.33333
          ],
          "texture": "#2"
        }
      }
    },
    {
      "from": [
        7.6,
        2.75,
        7.6
      ],
      "to": [
        8.4,
        3.55,
        8.4
      ],
      "rotation": {
        "angle": 0,
        "axis": "y",
        "origin": [
          7.5,
          1.75,
          6.5
        ]
      },
      "faces": {
        "north": {
          "uv": [
            13.33333,
            10.66667,
            13.83333,
            11.16667
          ],
          "texture": "#2"
        },
        "east": {
          "uv": [
            13.33333,
            11.33333,
            13.83333,
            11.83333
          ],
          "texture": "#2"
        },
        "south": {
          "uv": [
            12,
            13.33333,
            12.5,
            13.83333
          ],
          "texture": "#2"
        },
        "west": {
          "uv": [
            13.33333,
            12,
            13.83333,
            12.5
          ],
          "texture": "#2"
        },
        "up": {
          "uv": [
            13.16667,
            13.83333,
            12.66667,
            13.33333
          ],
          "texture": "#2"
        },
        "down": {
          "uv": [
            13.83333,
            12.66667,
            13.33333,
            13.16667
          ],
          "texture": "#2"
        }
      }
    },
    {
      "from": [
        7.6,
        4.05,
        7.6
      ],
      "to": [
        8.4,
        4.85,
        8.4
      ],
      "rotation": {
        "angle": 0,
        "axis": "y",
        "origin": [
          7.5,
          3.05,
          6.5
        ]
      },
      "faces": {
        "north": {
          "uv": [
            13.33333,
            13.33333,
            13.83333,
            13.83333
          ],
          "texture": "#2"
        },
        "east": {
          "uv": [
            0,
            14,
            0.5,
            14.5
          ],
          "texture": "#2"
        },
        "south": {
          "uv": [
            14,
            0,
            14.5,
            0.5
          ],
          "texture": "#2"
        },
        "west": {
          "uv": [
            0.66667,
            14,
            1.16667,
            14.5
          ],
          "texture": "#2"
        },
        "up": {
          "uv": [
            14.5,
            1.16667,
            14,
            0.66667
          ],
          "texture": "#2"
        },
        "down": {
          "uv": [
            1.83333,
            14,
            1.33333,
            14.5
          ],
          "texture": "#2"
        }
      }
    },
    {
      "from": [
        7.41,
        0.26,
        7.41
      ],
      "to": [
        8.59,
        1.44,
        8.59
      ],
      "rotation": {
        "angle": -45,
        "axis": "x",
        "origin": [
          8,
          0.85,
          8
        ]
      },
      "faces": {
        "north": {
          "uv": [
            11.33333,
            0,
            12.16667,
            0.83333
          ],
          "texture": "#2"
        },
        "east": {
          "uv": [
            1.33333,
            11.33333,
            2.16667,
            12.16667
          ],
          "texture": "#2"
        },
        "south": {
          "uv": [
            11.33333,
            1.33333,
            12.16667,
            2.16667
          ],
          "texture": "#2"
        },
        "west": {
          "uv": [
            2.66667,
            11.33333,
            3.5,
            12.16667
          ],
          "texture": "#2"
        },
        "up": {
          "uv": [
            12.16667,
            3.5,
            11.33333,
            2.66667
          ],
          "texture": "#2"
        },
        "down": {
          "uv": [
            4.83333,
            11.33333,
            4,
            12.16667
          ],
          "texture": "#2"
        }
      }
    },
    {
      "from": [
        7.51,
        3.31,
        7.51
      ],
      "to": [
        8.49,
        4.29,
        8.49
      ],
      "rotation": {
        "angle": -45,
        "axis": "x",
        "origin": [
          8,
          3.8,
          8
        ]
      },
      "faces": {
        "north": {
          "uv": [
            12.66667,
            2,
            13.33333,
            2.66667
          ],
          "texture": "#2"
        },
        "east": {
          "uv": [
            2.66667,
            12.66667,
            3.33333,
            13.33333
          ],
          "texture": "#2"
        },
        "south": {
          "uv": [
            12.66667,
            2.66667,
            13.33333,
            3.33333
          ],
          "texture": "#2"
        },
        "west": {
          "uv": [
            3.33333,
            12.66667,
            4,
            13.33333
          ],
          "texture": "#2"
        },
        "up": {
          "uv": [
            13.33333,
            4,
            12.66667,
            3.33333
          ],
          "texture": "#2"
        },
        "down": {
          "uv": [
            4.66667,
            12.66667,
            4,
            13.33333
          ],
          "texture": "#2"
        }
      }
    },
    {
      "from": [
        7.35,
        16.3,
        7.35
      ],
      "to": [
        8.65,
        16.8,
        8.65
      ],
      "rotation": {
        "angle": 0,
        "axis": "y",
        "origin": [
          7.5,
          15.8,
          6.5
        ]
      },
      "faces": {
        "north": {
          "uv": [
            9.33333,
            13.33333,
            10.16667,
            13.66667
          ],
          "texture": "#2"
        },
        "east": {
          "uv": [
            13.33333,
            9.33333,
            14.16667,
            9.66667
          ],
          "texture": "#2"
        },
        "south": {
          "uv": [
            13.33333,
            10,
            14.16667,
            10.33333
          ],
          "texture": "#2"
        },
        "west": {
          "uv": [
            10.66667,
            13.33333,
            11.5,
            13.66667
          ],
          "texture": "#2"
        },
        "up": {
          "uv": [
            12.16667,
            4.83333,
            11.33333,
            4
          ],
          "texture": "#2"
        },
        "down": {
          "uv": [
            12.16667,
            5.33333,
            11.33333,
            6.16667
          ],
          "texture": "#2"
        }
      }
    },
    {
      "from": [
        7.5,
        12.25,
        7.5
      ],
      "to": [
        8.5,
        13.25,
        8.5
      ],
      "rotation": {
        "angle": 0,
        "axis": "y",
        "origin": [
          7.5,
          11.25,
          6.5
        ]
      },
      "faces": {
        "north": {
          "uv": [
            12.66667,
            4,
            13.33333,
            4.66667
          ],
          "texture": "#2"
        },
        "east": {
          "uv": [
            4.66667,
            12.66667,
            5.33333,
            13.33333
          ],
          "texture": "#2"
        },
        "south": {
          "uv": [
            12.66667,
            4.66667,
            13.33333,
            5.33333
          ],
          "texture": "#2"
        },
        "west": {
          "uv": [
            12.66667,
            5.33333,
            13.33333,
            6
          ],
          "texture": "#2"
        },
        "up": {
          "uv": [
            13.33333,
            6.66667,
            12.66667,
            6
          ],
          "texture": "#2"
        },
        "down": {
          "uv": [
            7.33333,
            12.66667,
            6.66667,
            13.33333
          ],
          "texture": "#2"
        }
      }
    },
    {
      "from": [
        7.5,
        15.3,
        7.5
      ],
      "to": [
        8.5,
        16.3,
        8.5
      ],
      "rotation": {
        "angle": 0,
        "axis": "y",
        "origin": [
          7.5,
          14.3,
          6.5
        ]
      },
      "faces": {
        "north": {
          "uv": [
            7.33333,
            12.66667,
            8,
            13.33333
          ],
          "texture": "#2"
        },
        "east": {
          "uv": [
            12.66667,
            7.33333,
            13.33333,
            8
          ],
          "texture": "#2"
        },
        "south": {
          "uv": [
            12.66667,
            8,
            13.33333,
            8.66667
          ],
          "texture": "#2"
        },
        "west": {
          "uv": [
            8.66667,
            12.66667,
            9.33333,
            13.33333
          ],
          "texture": "#2"
        },
        "up": {
          "uv": [
            13.33333,
            9.33333,
            12.66667,
            8.66667
          ],
          "texture": "#2"
        },
        "down": {
          "uv": [
            10,
            12.66667,
            9.33333,
            13.33333
          ],
          "texture": "#2"
        }
      }
    },
    {
      "from": [
        7.6,
        13.25,
        7.6
      ],
      "to": [
        8.4,
        14.05,
        8.4
      ],
      "rotation": {
        "angle": 0,
        "axis": "y",
        "origin": [
          7.5,
          12.25,
          6.5
        ]
      },
      "faces": {
        "north": {
          "uv": [
            2,
            14,
            2.5,
            14.5
          ],
          "texture": "#2"
        },
        "east": {
          "uv": [
            2.66667,
            14,
            3.16667,
            14.5
          ],
          "texture": "#2"
        },
        "south": {
          "uv": [
            3.33333,
            14,
            3.83333,
            14.5
          ],
          "texture": "#2"
        },
        "west": {
          "uv": [
            4,
            14,
            4.5,
            14.5
          ],
          "texture": "#2"
        },
        "up": {
          "uv": [
            5.16667,
            14.5,
            4.66667,
            14
          ],
          "texture": "#2"
        },
        "down": {
          "uv": [
            5.83333,
            14,
            5.33333,
            14.5
          ],
          "texture": "#2"
        }
      }
    },
    {
      "from": [
        7.6,
        14.55,
        7.6
      ],
      "to": [
        8.4,
        15.35,
        8.4
      ],
      "rotation": {
        "angle": 0,
        "axis": "y",
        "origin": [
          7.5,
          13.55,
          6.5
        ]
      },
      "faces": {
        "north": {
          "uv": [
            6,
            14,
            6.5,
            14.5
          ],
          "texture": "#2"
        },
        "east": {
          "uv": [
            6.66667,
            14,
            7.16667,
            14.5
          ],
          "texture": "#2"
        },
        "south": {
          "uv": [
            7.33333,
            14,
            7.83333,
            14.5
          ],
          "texture": "#2"
        },
        "west": {
          "uv": [
            8,
            14,
            8.5,
            14.5
          ],
          "texture": "#2"
        },
        "up": {
          "uv": [
            9.16667,
            14.5,
            8.66667,
            14
          ],
          "texture": "#2"
        },
        "down": {
          "uv": [
            9.83333,
            14,
            9.33333,
            14.5
          ],
          "texture": "#2"
        }
      }
    },
    {
      "from": [
        7.51,
        13.81,
        7.51
      ],
      "to": [
        8.49,
        14.79,
        8.49
      ],
      "rotation": {
        "angle": -45,
        "axis": "x",
        "origin": [
          8,
          14.3,
          8
        ]
      },
      "faces": {
        "north": {
          "uv": [
            12.66667,
            9.33333,
            13.33333,
            10
          ],
          "texture": "#2"
        },
        "east": {
          "uv": [
            12.66667,
            10,
            13.33333,
            10.66667
          ],
          "texture": "#2"
        },
        "south": {
          "uv": [
            12.66667,
            10.66667,
            13.33333,
            11.33333
          ],
          "texture": "#2"
        },
        "west": {
          "uv": [
            12.66667,
            11.33333,
            13.33333,
            12
          ],
          "texture": "#2"
        },
        "up": {
          "uv": [
            13.33333,
            12.66667,
            12.66667,
            12
          ],
          "texture": "#2"
        },
        "down": {
          "uv": [
            13.33333,
            12.66667,
            12.66667,
            13.33333
          ],
          "texture": "#2"
        }
      }
    },
    {
      "from": [
        7.4,
        16.75,
        7
      ],
      "to": [
        8.6,
        18.75,
        9
      ],
      "rotation": {
        "angle": -45,
        "axis": "x",
        "origin": [
          8,
          17.75,
          8
        ]
      },
      "faces": {
        "north": {
          "uv": [
            4,
            8.66667,
            4.83333,
            10
          ],
          "texture": "#2"
        },
        "east": {
          "uv": [
            7.33333,
            6,
            8.66667,
            7.33333
          ],
          "texture": "#2"
        },
        "south": {
          "uv": [
            8.66667,
            6.66667,
            9.5,
            8
          ],
          "texture": "#2"
        },
        "west": {
          "uv": [
            7.33333,
            7.33333,
            8.66667,
            8.66667
          ],
          "texture": "#2"
        },
        "up": {
          "uv": [
            8.16667,
            10,
            7.33333,
            8.66667
          ],
          "texture": "#2"
        },
        "down": {
          "uv": [
            9.5,
            8,
            8.66667,
            9.33333
          ],
          "texture": "#2"
        }
      }
    },
    {
      "from": [
        7.15,
        17,
        7.25
      ],
      "to": [
        8.85,
        18.5,
        8.75
      ],
      "rotation": {
        "angle": -45,
        "axis": "x",
        "origin": [
          8,
          17.75,
          8
        ]
      },
      "faces": {
        "north": {
          "uv": [
            1.33333,
            8,
            2.5,
            9
          ],
          "texture": "#2"
        },
        "east": {
          "uv": [
            10,
            2,
            11,
            3
          ],
          "texture": "#2"
        },
        "south": {
          "uv": [
            2.66667,
            8,
            3.83333,
            9
          ],
          "texture": "#2"
        },
        "west": {
          "uv": [
            4,
            10,
            5,
            11
          ],
          "texture": "#2"
        },
        "up": {
          "uv": [
            9.83333,
            2.33333,
            8.66667,
            1.33333
          ],
          "texture": "#2"
        },
        "down": {
          "uv": [
            9.83333,
            2.66667,
            8.66667,
            3.66667
          ],
          "texture": "#2"
        }
      }
    },
    {
      "from": [
        7.6,
        16.95,
        6
      ],
      "to": [
        8.4,
        17.7,
        7.75
      ],
      "rotation": {
        "angle": -22.5,
        "axis": "x",
        "origin": [
          8,
          17.45,
          6
        ]
      },
      "faces": {
        "east": {
          "uv": [
            3.33333,
            2.66667,
            4.5,
            3.16667
          ],
          "texture": "#2"
        },
        "west": {
          "uv": [
            10,
            3.33333,
            11.16667,
            3.83333
          ],
          "texture": "#2"
        },
        "up": {
          "uv": [
            9.83333,
            1.16667,
            9.33333,
            0
          ],
          "texture": "#2"
        },
        "down": {
          "uv": [
            9.16667,
            11.33333,
            8.66667,
            12.5
          ],
          "texture": "#2"
        }
      }
    },
    {
      "from": [
        7.6,
        17.7,
        7
      ],
      "to": [
        8.4,
        18.45,
        7.75
      ],
      "rotation": {
        "angle": -22.5,
        "axis": "x",
        "origin": [
          8,
          17.45,
          6
        ]
      },
      "faces": {
        "north": {
          "uv": [
            10,
            14,
            10.5,
            14.5
          ],
          "texture": "#2"
        },
        "east": {
          "uv": [
            10.66667,
            14,
            11.16667,
            14.5
          ],
          "texture": "#2"
        },
        "south": {
          "uv": [
            14,
            10.66667,
            14.5,
            11.16667
          ],
          "texture": "#2"
        },
        "west": {
          "uv": [
            11.33333,
            14,
            11.83333,
            14.5
          ],
          "texture": "#2"
        },
        "up": {
          "uv": [
            14.5,
            11.83333,
            14,
            11.33333
          ],
          "texture": "#2"
        }
      }
    },
    {
      "from": [
        7.775,
        17.70381,
        6.01913
      ],
      "to": [
        8.225,
        18.30381,
        7.01913
      ],
      "rotation": {
        "angle": -22.5,
        "axis": "x",
        "origin": [
          8,
          17.40381,
          6.01913
        ]
      },
      "faces": {
        "east": {
          "uv": [
            0.66667,
            14.66667,
            1.33333,
            15
          ],
          "texture": "#2"
        },
        "west": {
          "uv": [
            14.66667,
            0.66667,
            15.33333,
            1
          ],
          "texture": "#2"
        },
        "up": {
          "uv": [
            1.66667,
            15.33333,
            1.33333,
            14.66667
          ],
          "texture": "#2"
        }
      }
    },
    {
      "from": [
        7.5,
        16.75,
        5.15
      ],
      "to": [
        8.5,
        19.25,
        6.15
      ],
      "rotation": {
        "angle": -45,
        "axis": "x",
        "origin": [
          8,
          17.8,
          6
        ]
      },
      "faces": {
        "north": {
          "uv": [
            5.33333,
            8.66667,
            6,
            10.33333
          ],
          "texture": "#2"
        },
        "east": {
          "uv": [
            1.33333,
            9.33333,
            2,
            11
          ],
          "texture": "#2"
        },
        "south": {
          "uv": [
            2,
            9.33333,
            2.66667,
            11
          ],
          "texture": "#2"
        },
        "west": {
          "uv": [
            2.66667,
            9.33333,
            3.33333,
            11
          ],
          "texture": "#2"
        },
        "up": {
          "uv": [
            0.66667,
            14,
            0,
            13.33333
          ],
          "texture": "#2"
        },
        "down": {
          "uv": [
            14,
            0,
            13.33333,
            0.66667
          ],
          "texture": "#2"
        }
      }
    },
    {
      "from": [
        7.565,
        18.0521,
        4.71915
      ],
      "to": [
        8.435,
        19.6321,
        5.58915
      ],
      "rotation": {
        "angle": 22.5,
        "axis": "x",
        "origin": [
          8,
          18.8671,
          5.17915
        ]
      },
      "faces": {
        "north": {
          "uv": [
            6,
            12,
            6.5,
            13
          ],
          "texture": "#2"
        },
        "east": {
          "uv": [
            12,
            7.33333,
            12.5,
            8.33333
          ],
          "texture": "#2"
        },
        "south": {
          "uv": [
            8,
            12,
            8.5,
            13
          ],
          "texture": "#2"
        },
        "west": {
          "uv": [
            12,
            8.66667,
            12.5,
            9.66667
          ],
          "texture": "#2"
        },
        "up": {
          "uv": [
            12.5,
            14.5,
            12,
            14
          ],
          "texture": "#2"
        }
      }
    },
    {
      "from": [
        8,
        -2,
        6.875
      ],
      "to": [
        8,
        1,
        9.125
      ],
      "rotation": {
        "angle": 0,
        "axis": "y",
        "origin": [
          8,
          -1,
          7.125
        ]
      },
      "faces": {
        "north": {
          "uv": [
            0,
            0,
            0,
            2
          ],
          "texture": "#2"
        },
        "east": {
          "uv": [
            4.66667,
            4.66667,
            6.16667,
            6.66667
          ],
          "texture": "#2"
        },
        "south": {
          "uv": [
            0,
            0,
            0,
            2
          ],
          "texture": "#2"
        },
        "west": {
          "uv": [
            6,
            0,
            7.5,
            2
          ],
          "texture": "#2"
        },
        "up": {
          "uv": [
            0,
            1.5,
            0,
            0
          ],
          "texture": "#2"
        },
        "down": {
          "uv": [
            0,
            0,
            0,
            1.5
          ],
          "texture": "#2"
        }
      }
    },
    {
      "from": [
        7.5,
        6.3,
        7.5
      ],
      "to": [
        8.5,
        11.8,
        8.5
      ],
      "rotation": {
        "angle": 0,
        "axis": "y",
        "origin": [
          6.5,
          6.3,
          7.5
        ]
      },
      "faces": {
        "north": {
          "uv": [
            6,
            6.66667,
            6.66667,
            10.33333
          ],
          "texture": "#2"
        },
        "east": {
          "uv": [
            6.66667,
            6,
            7.33333,
            9.66667
          ],
          "texture": "#2"
        },
        "south": {
          "uv": [
            0,
            7.33333,
            0.66667,
            11
          ],
          "texture": "#2"
        },
        "west": {
          "uv": [
            0.66667,
            7.33333,
            1.33333,
            11
          ],
          "texture": "#2"
        }
      }
    },
    {
      "from": [
        7.625,
        19.16703,
        11.00379
      ],
      "to": [
        8.375,
        21.46703,
        11.75379
      ],
      "rotation": {
        "angle": 22.5,
        "axis": "x",
        "origin": [
          8,
          21.37102,
          11.14609
        ]
      },
      "faces": {
        "north": {
          "uv": [
            10,
            6.66667,
            10.5,
            8.16667
          ],
          "texture": "#2"
        },
        "east": {
          "uv": [
            8,
            10,
            8.5,
            11.5
          ],
          "texture": "#2"
        },
        "south": {
          "uv": [
            10,
            8.66667,
            10.5,
            10.16667
          ],
          "texture": "#2"
        },
        "west": {
          "uv": [
            10.66667,
            0,
            11.16667,
            1.5
          ],
          "texture": "#2"
        },
        "up": {
          "uv": [
            14.5,
            12.5,
            14,
            12
          ],
          "texture": "#2"
        },
        "down": {
          "uv": [
            13.16667,
            14,
            12.66667,
            14.5
          ],
          "texture": "#2"
        }
      }
    },
    {
      "from": [
        7.7,
        21.23113,
        11.10004
      ],
      "to": [
        8.3,
        22.28113,
        11.70004
      ],
      "rotation": {
        "angle": 0,
        "axis": "x",
        "origin": [
          8,
          21.37102,
          11.14609
        ]
      },
      "faces": {
        "north": {
          "uv": [
            14.66667,
            1.33333,
            15,
            2
          ],
          "texture": "#2"
        },
        "east": {
          "uv": [
            2,
            14.66667,
            2.33333,
            15.33333
          ],
          "texture": "#2"
        },
        "south": {
          "uv": [
            14.66667,
            2,
            15,
            2.66667
          ],
          "texture": "#2"
        },
        "west": {
          "uv": [
            2.66667,
            14.66667,
            3,
            15.33333
          ],
          "texture": "#2"
        },
        "up": {
          "uv": [
            4.33333,
            15,
            4,
            14.66667
          ],
          "texture": "#2"
        },
        "down": {
          "uv": [
            15,
            4,
            14.66667,
            4.33333
          ],
          "texture": "#2"
        }
      }
    },
    {
      "from": [
        7.8,
        22.00585,
        11.52682
      ],
      "to": [
        8.2,
        22.55585,
        11.92682
      ],
      "rotation": {
        "angle": -22.5,
        "axis": "x",
        "origin": [
          8,
          21.37102,
          11.14609
        ]
      },
      "faces": {
        "north": {
          "uv": [
            4.66667,
            14.66667,
            5,
            15
          ],
          "texture": "#2"
        },
        "east": {
          "uv": [
            14.66667,
            4.66667,
            15,
            5
          ],
          "texture": "#2"
        },
        "south": {
          "uv": [
            5.33333,
            14.66667,
            5.66667,
            15
          ],
          "texture": "#2"
        },
        "west": {
          "uv": [
            14.66667,
            5.33333,
            15,
            5.66667
          ],
          "texture": "#2"
        },
        "up": {
          "uv": [
            6.33333,
            15,
            6,
            14.66667
          ],
          "texture": "#2"
        },
        "down": {
          "uv": [
            15,
            6,
            14.66667,
            6.33333
          ],
          "texture": "#2"
        }
      }
    },
    {
      "from": [
        7.6,
        17.7,
        8.25
      ],
      "to": [
        8.4,
        18.45,
        9
      ],
      "rotation": {
        "angle": 22.5,
        "axis": "x",
        "origin": [
          8,
          17.45,
          10
        ]
      },
      "faces": {
        "north": {
          "uv": [
            14,
            12.66667,
            14.5,
            13.16667
          ],
          "texture": "#2"
        },
        "east": {
          "uv": [
            13.33333,
            14,
            13.83333,
            14.5
          ],
          "texture": "#2"
        },
        "south": {
          "uv": [
            14,
            13.33333,
            14.5,
            13.83333
          ],
          "texture": "#2"
        },
        "west": {
          "uv": [
            14,
            14,
            14.5,
            14.5
          ],
          "texture": "#2"
        },
        "up": {
          "uv": [
            0.5,
            15.16667,
            0,
            14.66667
          ],
          "texture": "#2"
        }
      }
    },
    {
      "from": [
        7.775,
        17.70381,
        8.98087
      ],
      "to": [
        8.225,
        18.30381,
        9.98087
      ],
      "rotation": {
        "angle": 22.5,
        "axis": "x",
        "origin": [
          8,
          17.40381,
          9.98087
        ]
      },
      "faces": {
        "east": {
          "uv": [
            14.66667,
            2.66667,
            15.33333,
            3
          ],
          "texture": "#2"
        },
        "west": {
          "uv": [
            3.33333,
            14.66667,
            4,
            15
          ],
          "texture": "#2"
        },
        "up": {
          "uv": [
            15,
            4,
            14.66667,
            3.33333
          ],
          "texture": "#2"
        }
      }
    },
    {
      "from": [
        7.6,
        16.95,
        8.25
      ],
      "to": [
        8.4,
        17.7,
        10
      ],
      "rotation": {
        "angle": 22.5,
        "axis": "x",
        "origin": [
          8,
          17.45,
          10
        ]
      },
      "faces": {
        "east": {
          "uv": [
            11.33333,
            10.66667,
            12.5,
            11.16667
          ],
          "texture": "#2"
        },
        "west": {
          "uv": [
            11.33333,
            11.33333,
            12.5,
            11.83333
          ],
          "texture": "#2"
        },
        "up": {
          "uv": [
            9.83333,
            12.5,
            9.33333,
            11.33333
          ],
          "texture": "#2"
        },
        "down": {
          "uv": [
            5.83333,
            12,
            5.33333,
            13.16667
          ],
          "texture": "#2"
        }
      }
    },
    {
      "from": [
        7.5,
        16.75,
        9.85
      ],
      "to": [
        8.5,
        19.25,
        10.85
      ],
      "rotation": {
        "angle": 45,
        "axis": "x",
        "origin": [
          8,
          17.8,
          10
        ]
      },
      "faces": {
        "north": {
          "uv": [
            3.33333,
            9.33333,
            4,
            11
          ],
          "texture": "#2"
        },
        "east": {
          "uv": [
            8.66667,
            9.33333,
            9.33333,
            11
          ],
          "texture": "#2"
        },
        "south": {
          "uv": [
            9.33333,
            9.33333,
            10,
            11
          ],
          "texture": "#2"
        },
        "west": {
          "uv": [
            10,
            0,
            10.66667,
            1.66667
          ],
          "texture": "#2"
        },
        "up": {
          "uv": [
            1.33333,
            14,
            0.66667,
            13.33333
          ],
          "texture": "#2"
        },
        "down": {
          "uv": [
            14,
            0.66667,
            13.33333,
            1.33333
          ],
          "texture": "#2"
        }
      }
    },
    {
      "from": [
        7.565,
        18.0521,
        10.41085
      ],
      "to": [
        8.435,
        19.6321,
        11.28085
      ],
      "rotation": {
        "angle": -22.5,
        "axis": "x",
        "origin": [
          8,
          18.8671,
          10.82085
        ]
      },
      "faces": {
        "north": {
          "uv": [
            10,
            12,
            10.5,
            13
          ],
          "texture": "#2"
        },
        "east": {
          "uv": [
            10.66667,
            12,
            11.16667,
            13
          ],
          "texture": "#2"
        },
        "south": {
          "uv": [
            11.33333,
            12,
            11.83333,
            13
          ],
          "texture": "#2"
        },
        "west": {
          "uv": [
            12,
            12,
            12.5,
            13
          ],
          "texture": "#2"
        },
        "up": {
          "uv": [
            15.16667,
            0.5,
            14.66667,
            0
          ],
          "texture": "#2"
        }
      }
    },
    {
      "from": [
        6.5,
        19.5,
        6.5
      ],
      "to": [
        9.5,
        21.75,
        9.5
      ],
      "rotation": {
        "angle": 0,
        "axis": "y",
        "origin": [
          6.5,
          19.5,
          6.5
        ]
      },
      "faces": {
        "north": {
          "uv": [
            2,
            6,
            4,
            7.5
          ],
          "texture": "#2"
        },
        "east": {
          "uv": [
            6.66667,
            2,
            8.66667,
            3.5
          ],
          "texture": "#2"
        },
        "south": {
          "uv": [
            4,
            6.66667,
            6,
            8.16667
          ],
          "texture": "#2"
        },
        "west": {
          "uv": [
            6.66667,
            4,
            8.66667,
            5.5
          ],
          "texture": "#2"
        },
        "down": {
          "uv": [
            6.66667,
            2.66667,
            4.66667,
            4.66667
          ],
          "texture": "#2"
        }
      }
    },
    {
      "from": [
        6.25,
        21.75,
        6.25
      ],
      "to": [
        9.75,
        22.5,
        9.75
      ],
      "rotation": {
        "angle": 0,
        "axis": "y",
        "origin": [
          6.5,
          21.75,
          6.5
        ]
      },
      "faces": {
        "north": {
          "uv": [
            8.66667,
            4,
            11,
            4.5
          ],
          "texture": "#2"
        },
        "east": {
          "uv": [
            8.66667,
            4.66667,
            11,
            5.16667
          ],
          "texture": "#2"
        },
        "south": {
          "uv": [
            8.66667,
            5.33333,
            11,
            5.83333
          ],
          "texture": "#2"
        },
        "west": {
          "uv": [
            8.66667,
            6,
            11,
            6.5
          ],
          "texture": "#2"
        },
        "up": {
          "uv": [
            5.66667,
            2.33333,
            3.33333,
            0
          ],
          "texture": "#2"
        },
        "down": {
          "uv": [
            4.66667,
            3.33333,
            2.33333,
            5.66667
          ],
          "texture": "#2"
        }
      }
    },
    {
      "from": [
        6.15,
        22.6,
        7
      ],
      "to": [
        7.65,
        22.6,
        9
      ],
      "rotation": {
        "angle": 0,
        "axis": "y",
        "origin": [
          5.4,
          22.6,
          6.5
        ]
      },
      "faces": {
        "north": {
          "uv": [
            0,
            0,
            1,
            0
          ],
          "texture": "#2"
        },
        "east": {
          "uv": [
            0,
            0,
            1.33333,
            0
          ],
          "texture": "#2"
        },
        "south": {
          "uv": [
            0,
            0,
            1,
            0
          ],
          "texture": "#2"
        },
        "west": {
          "uv": [
            0,
            0,
            1.33333,
            0
          ],
          "texture": "#2"
        },
        "up": {
          "uv": [
            9,
            1.33333,
            8,
            0
          ],
          "texture": "#2"
        },
        "down": {
          "uv": [
            9,
            1.33333,
            8,
            0
          ],
          "texture": "#2"
        }
      }
    },
    {
      "from": [
        7.375,
        22.749,
        6.5
      ],
      "to": [
        8.625,
        22.749,
        7.25
      ],
      "rotation": {
        "angle": 0,
        "axis": "y",
        "origin": [
          7.375,
          22.749,
          5.25
        ]
      },
      "faces": {
        "north": {
          "uv": [
            0,
            0,
            0.83333,
            0
          ],
          "texture": "#2"
        },
        "east": {
          "uv": [
            0,
            0,
            0.5,
            0
          ],
          "texture": "#2"
        },
        "south": {
          "uv": [
            0,
            0,
            0.83333,
            0
          ],
          "texture": "#2"
        },
        "west": {
          "uv": [
            0,
            0,
            0.5,
            0
          ],
          "texture": "#2"
        },
        "up": {
          "uv": [
            1.33333,
            13.83333,
            2.16667,
            13.33333
          ],
          "texture": "#2"
        },
        "down": {
          "uv": [
            2.16667,
            13.33333,
            1.33333,
            13.83333
          ],
          "texture": "#2"
        }
      }
    },
    {
      "from": [
        7.375,
        23.749,
        6.5
      ],
      "to": [
        8.625,
        23.749,
        7.75
      ],
      "rotation": {
        "angle": 0,
        "axis": "y",
        "origin": [
          7.375,
          23.749,
          5.25
        ]
      },
      "faces": {
        "north": {
          "uv": [
            0,
            0,
            0.83333,
            0
          ],
          "texture": "#2"
        },
        "east": {
          "uv": [
            0,
            0,
            0.83333,
            0
          ],
          "texture": "#2"
        },
        "south": {
          "uv": [
            0,
            0,
            0.83333,
            0
          ],
          "texture": "#2"
        },
        "west": {
          "uv": [
            0,
            0,
            0.83333,
            0
          ],
          "texture": "#2"
        },
        "up": {
          "uv": [
            7.5,
            12.16667,
            6.66667,
            11.33333
          ],
          "texture": "#2"
        },
        "down": {
          "uv": [
            6.66667,
            11.33333,
            7.5,
            12.16667
          ],
          "texture": "#2"
        }
      }
    },
    {
      "from": [
        7.375,
        22.75,
        6.5
      ],
      "to": [
        8.625,
        23.75,
        6.5
      ],
      "rotation": {
        "angle": 0,
        "axis": "x",
        "origin": [
          8,
          23.125,
          6.5
        ]
      },
      "faces": {
        "north": {
          "uv": [
            12,
            6.66667,
            12.83333,
            7.33333
          ],
          "texture": "#2"
        },
        "east": {
          "uv": [
            0,
            0,
            0,
            0.66667
          ],
          "texture": "#2"
        },
        "south": {
          "uv": [
            12,
            6.66667,
            12.83333,
            7.33333
          ],
          "texture": "#2"
        },
        "west": {
          "uv": [
            0,
            0,
            0,
            0.66667
          ],
          "texture": "#2"
        },
        "up": {
          "uv": [
            0.83333,
            0,
            0,
            0
          ],
          "texture": "#2"
        },
        "down": {
          "uv": [
            0.83333,
            0,
            0,
            0
          ],
          "texture": "#2"
        }
      }
    },
    {
      "from": [
        7.375,
        23,
        7.75
      ],
      "to": [
        8.625,
        23.75,
        7.75
      ],
      "rotation": {
        "angle": 0,
        "axis": "x",
        "origin": [
          8,
          23.125,
          7.75
        ]
      },
      "faces": {
        "north": {
          "uv": [
            13.33333,
            1.33333,
            14.16667,
            1.83333
          ],
          "texture": "#2"
        },
        "east": {
          "uv": [
            0,
            0,
            0,
            0.5
          ],
          "texture": "#2"
        },
        "south": {
          "uv": [
            13.33333,
            1.33333,
            14.16667,
            1.83333
          ],
          "texture": "#2"
        },
        "west": {
          "uv": [
            0,
            0,
            0,
            0.5
          ],
          "texture": "#2"
        },
        "up": {
          "uv": [
            0.83333,
            0,
            0,
            0
          ],
          "texture": "#2"
        },
        "down": {
          "uv": [
            0.83333,
            0,
            0,
            0
          ],
          "texture": "#2"
        }
      }
    },
    {
      "from": [
        7.375,
        23,
        8.25
      ],
      "to": [
        8.625,
        23.75,
        8.25
      ],
      "rotation": {
        "angle": 0,
        "axis": "x",
        "origin": [
          8,
          23.125,
          8.25
        ]
      },
      "faces": {
        "north": {
          "uv": [
            14.16667,
            1.33333,
            13.33333,
            1.83333
          ],
          "texture": "#2"
        },
        "east": {
          "uv": [
            0,
            0,
            0,
            0.5
          ],
          "texture": "#2"
        },
        "south": {
          "uv": [
            14.16667,
            1.33333,
            13.33333,
            1.83333
          ],
          "texture": "#2"
        },
        "west": {
          "uv": [
            0,
            0,
            0,
            0.5
          ],
          "texture": "#2"
        },
        "up": {
          "uv": [
            0.83333,
            0,
            0,
            0
          ],
          "texture": "#2"
        },
        "down": {
          "uv": [
            0.83333,
            0,
            0,
            0
          ],
          "texture": "#2"
        }
      }
    },
    {
      "from": [
        7.375,
        23.749,
        8.25
      ],
      "to": [
        8.625,
        23.749,
        9.5
      ],
      "rotation": {
        "angle": 0,
        "axis": "y",
        "origin": [
          7.375,
          23.749,
          10.75
        ]
      },
      "faces": {
        "north": {
          "uv": [
            0.83333,
            0,
            0,
            0
          ],
          "texture": "#2"
        },
        "east": {
          "uv": [
            0.83333,
            0,
            0,
            0
          ],
          "texture": "#2"
        },
        "south": {
          "uv": [
            0.83333,
            0,
            0,
            0
          ],
          "texture": "#2"
        },
        "west": {
          "uv": [
            0.83333,
            0,
            0,
            0
          ],
          "texture": "#2"
        },
        "up": {
          "uv": [
            7.5,
            11.33333,
            6.66667,
            12.16667
          ],
          "texture": "#2"
        },
        "down": {
          "uv": [
            6.66667,
            12.16667,
            7.5,
            11.33333
          ],
          "texture": "#2"
        }
      }
    },
    {
      "from": [
        7.375,
        22.75,
        9.5
      ],
      "to": [
        8.625,
        23.75,
        9.5
      ],
      "rotation": {
        "angle": 0,
        "axis": "x",
        "origin": [
          8,
          23.125,
          9.5
        ]
      },
      "faces": {
        "north": {
          "uv": [
            12.83333,
            6.66667,
            12,
            7.33333
          ],
          "texture": "#2"
        },
        "east": {
          "uv": [
            0,
            0,
            0,
            0.66667
          ],
          "texture": "#2"
        },
        "south": {
          "uv": [
            12.83333,
            6.66667,
            12,
            7.33333
          ],
          "texture": "#2"
        },
        "west": {
          "uv": [
            0,
            0,
            0,
            0.66667
          ],
          "texture": "#2"
        },
        "up": {
          "uv": [
            0.83333,
            0,
            0,
            0
          ],
          "texture": "#2"
        },
        "down": {
          "uv": [
            0.83333,
            0,
            0,
            0
          ],
          "texture": "#2"
        }
      }
    },
    {
      "from": [
        7.375,
        22.749,
        8.75
      ],
      "to": [
        8.625,
        22.749,
        9.5
      ],
      "rotation": {
        "angle": 0,
        "axis": "y",
        "origin": [
          7.375,
          22.749,
          10.75
        ]
      },
      "faces": {
        "north": {
          "uv": [
            0.83333,
            0,
            0,
            0
          ],
          "texture": "#2"
        },
        "east": {
          "uv": [
            0.5,
            0,
            0,
            0
          ],
          "texture": "#2"
        },
        "south": {
          "uv": [
            0.83333,
            0,
            0,
            0
          ],
          "texture": "#2"
        },
        "west": {
          "uv": [
            0.5,
            0,
            0,
            0
          ],
          "texture": "#2"
        },
        "up": {
          "uv": [
            1.33333,
            13.33333,
            2.16667,
            13.83333
          ],
          "texture": "#2"
        },
        "down": {
          "uv": [
            2.16667,
            13.83333,
            1.33333,
            13.33333
          ],
          "texture": "#2"
        }
      }
    },
    {
      "from": [
        7.25,
        22.5,
        7.25
      ],
      "to": [
        8.75,
        23,
        8.75
      ],
      "rotation": {
        "angle": 0,
        "axis": "y",
        "origin": [
          13.5,
          25.5,
          9.5
        ]
      },
      "faces": {
        "north": {
          "uv": [
            13.33333,
            2,
            14.33333,
            2.33333
          ],
          "texture": "#2"
        },
        "east": {
          "uv": [
            2.66667,
            13.33333,
            3.66667,
            13.66667
          ],
          "texture": "#2"
        },
        "south": {
          "uv": [
            13.33333,
            2.66667,
            14.33333,
            3
          ],
          "texture": "#2"
        },
        "west": {
          "uv": [
            13.33333,
            3.33333,
            14.33333,
            3.66667
          ],
          "texture": "#2"
        },
        "up": {
          "uv": [
            7.66667,
            11,
            6.66667,
            10
          ],
          "texture": "#2"
        }
      }
    },
    {
      "from": [
        8,
        18,
        9.75
      ],
      "to": [
        8,
        24,
        12.75
      ],
      "rotation": {
        "angle": 0,
        "axis": "y",
        "origin": [
          8,
          18,
          8.75
        ]
      },
      "faces": {
        "north": {
          "uv": [
            0,
            0,
            0,
            4
          ],
          "texture": "#2"
        },
        "east": {
          "uv": [
            2,
            3.33333,
            0,
            7.33333
          ],
          "texture": "#2"
        },
        "south": {
          "uv": [
            0,
            0,
            0,
            4
          ],
          "texture": "#2"
        },
        "west": {
          "uv": [
            0,
            3.33333,
            2,
            7.33333
          ],
          "texture": "#2"
        },
        "up": {
          "uv": [
            0,
            2,
            0,
            0
          ],
          "texture": "#2"
        },
        "down": {
          "uv": [
            0,
            0,
            0,
            2
          ],
          "texture": "#2"
        }
      }
    },
    {
      "from": [
        7.625,
        19.16703,
        4.24621
      ],
      "to": [
        8.375,
        21.46703,
        4.99621
      ],
      "rotation": {
        "angle": -22.5,
        "axis": "x",
        "origin": [
          8,
          21.37102,
          4.85391
        ]
      },
      "faces": {
        "north": {
          "uv": [
            10.5,
            8.66667,
            10,
            10.16667
          ],
          "texture": "#2"
        },
        "east": {
          "uv": [
            8.5,
            10,
            8,
            11.5
          ],
          "texture": "#2"
        },
        "south": {
          "uv": [
            10.5,
            6.66667,
            10,
            8.16667
          ],
          "texture": "#2"
        },
        "west": {
          "uv": [
            11.16667,
            0,
            10.66667,
            1.5
          ],
          "texture": "#2"
        },
        "up": {
          "uv": [
            14.5,
            12,
            14,
            12.5
          ],
          "texture": "#2"
        },
        "down": {
          "uv": [
            13.16667,
            14.5,
            12.66667,
            14
          ],
          "texture": "#2"
        }
      }
    },
    {
      "from": [
        7.7,
        21.23113,
        4.29996
      ],
      "to": [
        8.3,
        22.28113,
        4.89996
      ],
      "rotation": {
        "angle": 0,
        "axis": "x",
        "origin": [
          8,
          21.37102,
          4.85391
        ]
      },
      "faces": {
        "north": {
          "uv": [
            15,
            2,
            14.66667,
            2.66667
          ],
          "texture": "#2"
        },
        "east": {
          "uv": [
            2.33333,
            14.66667,
            2,
            15.33333
          ],
          "texture": "#2"
        },
        "south": {
          "uv": [
            15,
            1.33333,
            14.66667,
            2
          ],
          "texture": "#2"
        },
        "west": {
          "uv": [
            3,
            14.66667,
            2.66667,
            15.33333
          ],
          "texture": "#2"
        },
        "up": {
          "uv": [
            4.33333,
            14.66667,
            4,
            15
          ],
          "texture": "#2"
        },
        "down": {
          "uv": [
            15,
            4.33333,
            14.66667,
            4
          ],
          "texture": "#2"
        }
      }
    },
    {
      "from": [
        8,
        18,
        3.25
      ],
      "to": [
        8,
        24,
        6.25
      ],
      "rotation": {
        "angle": 0,
        "axis": "y",
        "origin": [
          8,
          18,
          7.25
        ]
      },
      "faces": {
        "north": {
          "uv": [
            0,
            0,
            0,
            4
          ],
          "texture": "#2"
        },
        "east": {
          "uv": [
            0,
            3.33333,
            2,
            7.33333
          ],
          "texture": "#2"
        },
        "south": {
          "uv": [
            0,
            0,
            0,
            4
          ],
          "texture": "#2"
        },
        "west": {
          "uv": [
            2,
            3.33333,
            0,
            7.33333
          ],
          "texture": "#2"
        },
        "up": {
          "uv": [
            0,
            0,
            0,
            2
          ],
          "texture": "#2"
        },
        "down": {
          "uv": [
            0,
            2,
            0,
            0
          ],
          "texture": "#2"
        }
      }
    },
    {
      "from": [
        7.8,
        22.00585,
        4.07318
      ],
      "to": [
        8.2,
        22.55585,
        4.47318
      ],
      "rotation": {
        "angle": 22.5,
        "axis": "x",
        "origin": [
          8,
          21.37102,
          4.85391
        ]
      },
      "faces": {
        "north": {
          "uv": [
            5.66667,
            14.66667,
            5.33333,
            15
          ],
          "texture": "#2"
        },
        "east": {
          "uv": [
            15,
            4.66667,
            14.66667,
            5
          ],
          "texture": "#2"
        },
        "south": {
          "uv": [
            5,
            14.66667,
            4.66667,
            15
          ],
          "texture": "#2"
        },
        "west": {
          "uv": [
            15,
            5.33333,
            14.66667,
            5.66667
          ],
          "texture": "#2"
        },
        "up": {
          "uv": [
            6.33333,
            14.66667,
            6,
            15
          ],
          "texture": "#2"
        },
        "down": {
          "uv": [
            15,
            6.33333,
            14.66667,
            6
          ],
          "texture": "#2"
        }
      }
    },
    {
      "from": [
        7.3,
        15.3,
        5.5
      ],
      "to": [
        7.3,
        20.3,
        10.5
      ],
      "rotation": {
        "angle": 0,
        "axis": "y",
        "origin": [
          13,
          26.65,
          8
        ]
      },
      "faces": {
        "north": {
          "uv": [
            0,
            0,
            0,
            3.33333
          ],
          "texture": "#2"
        },
        "south": {
          "uv": [
            0,
            0,
            0,
            3.33333
          ],
          "texture": "#2"
        },
        "west": {
          "uv": [
            0,
            0,
            3.33333,
            3.33333
          ],
          "texture": "#2"
        },
        "up": {
          "uv": [
            0,
            3.33333,
            0,
            0
          ],
          "texture": "#2"
        },
        "down": {
          "uv": [
            0,
            0,
            0,
            3.33333
          ],
          "texture": "#2"
        }
      }
    },
    {
      "from": [
        8.7,
        15.3,
        5.5
      ],
      "to": [
        8.7,
        20.3,
        10.5
      ],
      "rotation": {
        "angle": 0,
        "axis": "y",
        "origin": [
          3,
          26.65,
          8
        ]
      },
      "faces": {
        "north": {
          "uv": [
            0,
            0,
            0,
            3.33333
          ],
          "texture": "#2"
        },
        "east": {
          "uv": [
            3.33333,
            0,
            0,
            3.33333
          ],
          "texture": "#2"
        },
        "south": {
          "uv": [
            0,
            0,
            0,
            3.33333
          ],
          "texture": "#2"
        },
        "up": {
          "uv": [
            0,
            3.33333,
            0,
            0
          ],
          "texture": "#2"
        },
        "down": {
          "uv": [
            0,
            0,
            0,
            3.33333
          ],
          "texture": "#2"
        }
      }
    },
    {
      "from": [
        6.975,
        21.425,
        7.7
      ],
      "to": [
        6.975,
        24.425,
        10.7
      ],
      "rotation": {
        "angle": 0,
        "axis": "y",
        "origin": [
          7.475,
          9.975,
          10.65
        ]
      },
      "faces": {
        "north": {
          "uv": [
            0,
            0,
            0,
            2
          ],
          "texture": "#1"
        },
        "south": {
          "uv": [
            0,
            0,
            0,
            2
          ],
          "texture": "#1"
        },
        "west": {
          "uv": [
            0,
            0,
            4.3278,
            4.3278
          ],
          "texture": "#1"
        },
        "up": {
          "uv": [
            0,
            0,
            2,
            0
          ],
          "rotation": 90,
          "texture": "#1"
        },
        "down": {
          "uv": [
            0,
            0,
            2,
            0
          ],
          "rotation": 270,
          "texture": "#1"
        }
      }
    },
    {
      "from": [
        6.975,
        16.5,
        3.2
      ],
      "to": [
        6.975,
        19.5,
        6.2
      ],
      "rotation": {
        "angle": 0,
        "axis": "y",
        "origin": [
          7.3,
          13.25,
          8.8
        ]
      },
      "faces": {
        "north": {
          "uv": [
            0,
            0,
            0,
            2
          ],
          "texture": "#1"
        },
        "south": {
          "uv": [
            0,
            0,
            0,
            2
          ],
          "texture": "#1"
        },
        "west": {
          "uv": [
            0,
            4.51389,
            4.3278,
            8.84169
          ],
          "texture": "#1"
        },
        "up": {
          "uv": [
            0,
            0,
            2,
            0
          ],
          "rotation": 90,
          "texture": "#1"
        },
        "down": {
          "uv": [
            0,
            0,
            2,
            0
          ],
          "rotation": 270,
          "texture": "#1"
        }
      }
    },
    {
      "from": [
        6.725,
        15.4,
        8.675
      ],
      "to": [
        6.725,
        18.4,
        11.675
      ],
      "rotation": {
        "angle": 0,
        "axis": "y",
        "origin": [
          7.3,
          14.6,
          4.25
        ]
      },
      "faces": {
        "north": {
          "uv": [
            0,
            0,
            0,
            2
          ],
          "texture": "#1"
        },
        "south": {
          "uv": [
            0,
            0,
            0,
            2
          ],
          "texture": "#1"
        },
        "west": {
          "uv": [
            1.00558,
            9.96111,
            5.3334,
            14.28891
          ],
          "texture": "#1"
        },
        "up": {
          "uv": [
            0,
            0,
            2,
            0
          ],
          "rotation": 90,
          "texture": "#1"
        },
        "down": {
          "uv": [
            0,
            0,
            2,
            0
          ],
          "rotation": 270,
          "texture": "#1"
        }
      }
    },
    {
      "from": [
        9.025,
        16.5,
        3.2
      ],
      "to": [
        9.025,
        19.5,
        6.2
      ],
      "rotation": {
        "angle": 0,
        "axis": "y",
        "origin": [
          8.7,
          13.25,
          8.8
        ]
      },
      "faces": {
        "north": {
          "uv": [
            0,
            0,
            0,
            2
          ],
          "texture": "#1"
        },
        "east": {
          "uv": [
            4.3278,
            4.51389,
            0,
            8.84169
          ],
          "texture": "#1"
        },
        "south": {
          "uv": [
            0,
            0,
            0,
            2
          ],
          "texture": "#1"
        },
        "up": {
          "uv": [
            0,
            0,
            2,
            0
          ],
          "rotation": 90,
          "texture": "#1"
        },
        "down": {
          "uv": [
            0,
            0,
            2,
            0
          ],
          "rotation": 270,
          "texture": "#1"
        }
      }
    },
    {
      "from": [
        9.275,
        15.4,
        8.675
      ],
      "to": [
        9.275,
        18.4,
        11.675
      ],
      "rotation": {
        "angle": 0,
        "axis": "y",
        "origin": [
          8.7,
          14.6,
          4.25
        ]
      },
      "faces": {
        "north": {
          "uv": [
            0,
            0,
            0,
            2
          ],
          "texture": "#1"
        },
        "east": {
          "uv": [
            5.3334,
            9.96111,
            1.00558,
            14.28891
          ],
          "texture": "#1"
        },
        "south": {
          "uv": [
            0,
            0,
            0,
            2
          ],
          "texture": "#1"
        },
        "up": {
          "uv": [
            0,
            0,
            2,
            0
          ],
          "rotation": 90,
          "texture": "#1"
        },
        "down": {
          "uv": [
            0,
            0,
            2,
            0
          ],
          "rotation": 270,
          "texture": "#1"
        }
      }
    },
    {
      "from": [
        9.025,
        21.425,
        7.7
      ],
      "to": [
        9.025,
        24.425,
        10.7
      ],
      "rotation": {
        "angle": 0,
        "axis": "y",
        "origin": [
          8.525,
          9.975,
          10.65
        ]
      },
      "faces": {
        "north": {
          "uv": [
            0,
            0,
            0,
            2
          ],
          "texture": "#1"
        },
        "east": {
          "uv": [
            4.3278,
            0,
            0,
            4.3278
          ],
          "texture": "#1"
        },
        "south": {
          "uv": [
            0,
            0,
            0,
            2
          ],
          "texture": "#1"
        },
        "up": {
          "uv": [
            0,
            0,
            2,
            0
          ],
          "rotation": 90,
          "texture": "#1"
        },
        "down": {
          "uv": [
            0,
            0,
            2,
            0
          ],
          "rotation": 270,
          "texture": "#1"
        }
      }
    }
  ],
  "gui_light": "front",
  "display": {
    "thirdperson_righthand": {
      "translation": [
        0,
        -3,
        1
      ]
    },
    "thirdperson_lefthand": {
      "translation": [
        0,
        -3,
        1
      ]
    },
    "firstperson_righthand": {
      "rotation": [
        -10,
        10,
        0
      ],
      "translation": [
        -1,
        -0.75,
        2.25
      ]
    },
    "firstperson_lefthand": {
      "rotation": [
        -10,
        10,
        0
      ],
      "translation": [
        -1,
        -0.75,
        2.25
      ]
    },
    "ground": {
      "translation": [
        0,
        10.5,
        0
      ]
    },
    "gui": {
      "rotation": [
        90,
        -45,
        90
      ],
      "translation": [
        2.5,
        -2.5,
        0
      ],
      "scale": [
        0.81641,
        0.81641,
        0.81641
      ]
    },
    "head": {
      "scale": [
        0,
        0,
        0
      ]
    },
    "fixed": {
      "rotation": [
        90,
        -90,
        90
      ],
      "translation": [
        0,
        -6.5,
        -1
      ],
      "scale": [
        2.17383,
        2.17383,
        2.17383
      ]
    }
  }
}