{
  "credit": "MadebyPolygonMC",
  "texture_size": [
    24,
    24
  ],
  "textures": {
    "1": "xmasset:sword",
    "2": "xmasset:animations/animation_1",
    "particle": "xmasset:animations/animation_1"
  },
  "elements": [
    {
      "from": [
        7.35,
        1.25,
        7.35
      ],
      "to": [
        8.65,
        1.75,
        8.65
      ],
      "rotation": {
        "angle": 0,
        "axis": "y",
        "origin": [
          7.5,
          0.75,
          6.5
        ]
      },
      "faces": {
        "north": {
          "uv": [
            14,
            5.33333,
            14.83333,
            5.66667
          ],
          "texture": "#1"
        },
        "east": {
          "uv": [
            14,
            6,
            14.83333,
            6.33333
          ],
          "texture": "#1"
        },
        "south": {
          "uv": [
            6.66667,
            14,
            7.5,
            14.33333
          ],
          "texture": "#1"
        },
        "west": {
          "uv": [
            14,
            6.66667,
            14.83333,
            7
          ],
          "texture": "#1"
        },
        "up": {
          "uv": [
            12.16667,
            12.16667,
            11.33333,
            11.33333
          ],
          "texture": "#1"
        },
        "down": {
          "uv": [
            12.83333,
            0,
            12,
            0.83333
          ],
          "texture": "#1"
        }
      }
    },
    {
      "from": [
        7.35,
        5.8,
        7.35
      ],
      "to": [
        8.65,
        6.3,
        8.65
      ],
      "rotation": {
        "angle": 0,
        "axis": "y",
        "origin": [
          7.5,
          5.3,
          6.5
        ]
      },
      "faces": {
        "north": {
          "uv": [
            14,
            7.33333,
            14.83333,
            7.66667
          ],
          "texture": "#1"
        },
        "east": {
          "uv": [
            8,
            14,
            8.83333,
            14.33333
          ],
          "texture": "#1"
        },
        "south": {
          "uv": [
            14,
            8,
            14.83333,
            8.33333
          ],
          "texture": "#1"
        },
        "west": {
          "uv": [
            14,
            9.33333,
            14.83333,
            9.66667
          ],
          "texture": "#1"
        },
        "up": {
          "uv": [
            12.83333,
            8.83333,
            12,
            8
          ],
          "texture": "#1"
        },
        "down": {
          "uv": [
            10.16667,
            12,
            9.33333,
            12.83333
          ],
          "texture": "#1"
        }
      }
    },
    {
      "from": [
        7.5,
        1.75,
        7.5
      ],
      "to": [
        8.5,
        2.75,
        8.5
      ],
      "rotation": {
        "angle": 0,
        "axis": "y",
        "origin": [
          7.5,
          0.75,
          6.5
        ]
      },
      "faces": {
        "north": {
          "uv": [
            11.33333,
            6.66667,
            12,
            7.33333
          ],
          "texture": "#1"
        },
        "east": {
          "uv": [
            12,
            9.33333,
            12.66667,
            10
          ],
          "texture": "#1"
        },
        "south": {
          "uv": [
            13.33333,
            0,
            14,
            0.66667
          ],
          "texture": "#1"
        },
        "west": {
          "uv": [
            13.33333,
            0.66667,
            14,
            1.33333
          ],
          "texture": "#1"
        },
        "up": {
          "uv": [
            14,
            2,
            13.33333,
            1.33333
          ],
          "texture": "#1"
        },
        "down": {
          "uv": [
            14,
            2,
            13.33333,
            2.66667
          ],
          "texture": "#1"
        }
      }
    },
    {
      "from": [
        7.5,
        4.8,
        7.5
      ],
      "to": [
        8.5,
        5.8,
        8.5
      ],
      "rotation": {
        "angle": 0,
        "axis": "y",
        "origin": [
          7.5,
          3.8,
          6.5
        ]
      },
      "faces": {
        "north": {
          "uv": [
            13.33333,
            2.66667,
            14,
            3.33333
          ],
          "texture": "#1"
        },
        "east": {
          "uv": [
            13.33333,
            3.33333,
            14,
            4
          ],
          "texture": "#1"
        },
        "south": {
          "uv": [
            13.33333,
            4,
            14,
            4.66667
          ],
          "texture": "#1"
        },
        "west": {
          "uv": [
            13.33333,
            4.66667,
            14,
            5.33333
          ],
          "texture": "#1"
        },
        "up": {
          "uv": [
            14,
            6,
            13.33333,
            5.33333
          ],
          "texture": "#1"
        },
        "down": {
          "uv": [
            14,
            6,
            13.33333,
            6.66667
          ],
          "texture": "#1"
        }
      }
    },
    {
      "from": [
        7.6,
        2.75,
        7.6
      ],
      "to": [
        8.4,
        3.55,
        8.4
      ],
      "rotation": {
        "angle": 0,
        "axis": "y",
        "origin": [
          7.5,
          1.75,
          6.5
        ]
      },
      "faces": {
        "north": {
          "uv": [
            14,
            11.33333,
            14.5,
            11.83333
          ],
          "texture": "#1"
        },
        "east": {
          "uv": [
            12,
            14,
            12.5,
            14.5
          ],
          "texture": "#1"
        },
        "south": {
          "uv": [
            14,
            12,
            14.5,
            12.5
          ],
          "texture": "#1"
        },
        "west": {
          "uv": [
            12.66667,
            14,
            13.16667,
            14.5
          ],
          "texture": "#1"
        },
        "up": {
          "uv": [
            14.5,
            13.16667,
            14,
            12.66667
          ],
          "texture": "#1"
        },
        "down": {
          "uv": [
            13.83333,
            14,
            13.33333,
            14.5
          ],
          "texture": "#1"
        }
      }
    },
    {
      "from": [
        7.6,
        4.05,
        7.6
      ],
      "to": [
        8.4,
        4.85,
        8.4
      ],
      "rotation": {
        "angle": 0,
        "axis": "y",
        "origin": [
          7.5,
          3.05,
          6.5
        ]
      },
      "faces": {
        "north": {
          "uv": [
            14,
            13.33333,
            14.5,
            13.83333
          ],
          "texture": "#1"
        },
        "east": {
          "uv": [
            14,
            14,
            14.5,
            14.5
          ],
          "texture": "#1"
        },
        "south": {
          "uv": [
            14.66667,
            0,
            15.16667,
            0.5
          ],
          "texture": "#1"
        },
        "west": {
          "uv": [
            14.66667,
            0.66667,
            15.16667,
            1.16667
          ],
          "texture": "#1"
        },
        "up": {
          "uv": [
            15.16667,
            1.83333,
            14.66667,
            1.33333
          ],
          "texture": "#1"
        },
        "down": {
          "uv": [
            15.16667,
            2,
            14.66667,
            2.5
          ],
          "texture": "#1"
        }
      }
    },
    {
      "from": [
        7.41,
        0.26,
        7.41
      ],
      "to": [
        8.59,
        1.44,
        8.59
      ],
      "rotation": {
        "angle": -45,
        "axis": "x",
        "origin": [
          8,
          0.85,
          8
        ]
      },
      "faces": {
        "north": {
          "uv": [
            12,
            1.33333,
            12.83333,
            2.16667
          ],
          "texture": "#1"
        },
        "east": {
          "uv": [
            12,
            2.66667,
            12.83333,
            3.5
          ],
          "texture": "#1"
        },
        "south": {
          "uv": [
            12,
            4,
            12.83333,
            4.83333
          ],
          "texture": "#1"
        },
        "west": {
          "uv": [
            12,
            5.33333,
            12.83333,
            6.16667
          ],
          "texture": "#1"
        },
        "up": {
          "uv": [
            7.5,
            12.83333,
            6.66667,
            12
          ],
          "texture": "#1"
        },
        "down": {
          "uv": [
            12.83333,
            6.66667,
            12,
            7.5
          ],
          "texture": "#1"
        }
      }
    },
    {
      "from": [
        7.51,
        3.31,
        7.51
      ],
      "to": [
        8.49,
        4.29,
        8.49
      ],
      "rotation": {
        "angle": -45,
        "axis": "x",
        "origin": [
          8,
          3.8,
          8
        ]
      },
      "faces": {
        "north": {
          "uv": [
            6.66667,
            13.33333,
            7.33333,
            14
          ],
          "texture": "#1"
        },
        "east": {
          "uv": [
            13.33333,
            6.66667,
            14,
            7.33333
          ],
          "texture": "#1"
        },
        "south": {
          "uv": [
            7.33333,
            13.33333,
            8,
            14
          ],
          "texture": "#1"
        },
        "west": {
          "uv": [
            13.33333,
            7.33333,
            14,
            8
          ],
          "texture": "#1"
        },
        "up": {
          "uv": [
            8.66667,
            14,
            8,
            13.33333
          ],
          "texture": "#1"
        },
        "down": {
          "uv": [
            14,
            8,
            13.33333,
            8.66667
          ],
          "texture": "#1"
        }
      }
    },
    {
      "from": [
        7.4,
        6.25,
        7
      ],
      "to": [
        8.6,
        8.25,
        9
      ],
      "rotation": {
        "angle": -45,
        "axis": "x",
        "origin": [
          8,
          7.25,
          8
        ]
      },
      "faces": {
        "north": {
          "uv": [
            9.33333,
            6.66667,
            10.16667,
            8
          ],
          "texture": "#1"
        },
        "east": {
          "uv": [
            8.66667,
            0,
            10,
            1.33333
          ],
          "texture": "#1"
        },
        "south": {
          "uv": [
            9.33333,
            8,
            10.16667,
            9.33333
          ],
          "texture": "#1"
        },
        "west": {
          "uv": [
            8.66667,
            1.33333,
            10,
            2.66667
          ],
          "texture": "#1"
        },
        "up": {
          "uv": [
            10.16667,
            10.66667,
            9.33333,
            9.33333
          ],
          "texture": "#1"
        },
        "down": {
          "uv": [
            10.83333,
            0,
            10,
            1.33333
          ],
          "texture": "#1"
        }
      }
    },
    {
      "from": [
        7.15,
        6.5,
        7.25
      ],
      "to": [
        8.85,
        8,
        8.75
      ],
      "rotation": {
        "angle": -45,
        "axis": "x",
        "origin": [
          8,
          7.25,
          8
        ]
      },
      "faces": {
        "north": {
          "uv": [
            9.33333,
            2.66667,
            10.5,
            3.66667
          ],
          "texture": "#1"
        },
        "east": {
          "uv": [
            6.66667,
            10.66667,
            7.66667,
            11.66667
          ],
          "texture": "#1"
        },
        "south": {
          "uv": [
            9.33333,
            4,
            10.5,
            5
          ],
          "texture": "#1"
        },
        "west": {
          "uv": [
            10.66667,
            7.33333,
            11.66667,
            8.33333
          ],
          "texture": "#1"
        },
        "up": {
          "uv": [
            10.5,
            6.33333,
            9.33333,
            5.33333
          ],
          "texture": "#1"
        },
        "down": {
          "uv": [
            7.83333,
            9.33333,
            6.66667,
            10.33333
          ],
          "texture": "#1"
        }
      }
    },
    {
      "from": [
        7.6,
        6.45,
        5
      ],
      "to": [
        8.4,
        7.2,
        7.75
      ],
      "rotation": {
        "angle": -22.5,
        "axis": "x",
        "origin": [
          8,
          6.95,
          6
        ]
      },
      "faces": {
        "east": {
          "uv": [
            10.66667,
            10,
            12.5,
            10.5
          ],
          "texture": "#1"
        },
        "west": {
          "uv": [
            10.66667,
            10.66667,
            12.5,
            11.16667
          ],
          "texture": "#1"
        },
        "up": {
          "uv": [
            11.83333,
            1.83333,
            11.33333,
            0
          ],
          "texture": "#1"
        },
        "down": {
          "uv": [
            11.83333,
            2,
            11.33333,
            3.83333
          ],
          "texture": "#1"
        }
      }
    },
    {
      "from": [
        7.6,
        7.2,
        7
      ],
      "to": [
        8.4,
        7.95,
        7.75
      ],
      "rotation": {
        "angle": -22.5,
        "axis": "x",
        "origin": [
          8,
          6.95,
          6
        ]
      },
      "faces": {
        "north": {
          "uv": [
            14.66667,
            2.66667,
            15.16667,
            3.16667
          ],
          "texture": "#1"
        },
        "east": {
          "uv": [
            14.66667,
            3.33333,
            15.16667,
            3.83333
          ],
          "texture": "#1"
        },
        "south": {
          "uv": [
            14.66667,
            4,
            15.16667,
            4.5
          ],
          "texture": "#1"
        },
        "west": {
          "uv": [
            14.66667,
            4.66667,
            15.16667,
            5.16667
          ],
          "texture": "#1"
        },
        "up": {
          "uv": [
            7.16667,
            15.16667,
            6.66667,
            14.66667
          ],
          "texture": "#1"
        }
      }
    },
    {
      "from": [
        7.775,
        7.20381,
        5.01913
      ],
      "to": [
        8.225,
        7.80381,
        7.01913
      ],
      "rotation": {
        "angle": -22.5,
        "axis": "x",
        "origin": [
          8,
          6.90381,
          6.01913
        ]
      },
      "faces": {
        "east": {
          "uv": [
            8.66667,
            13.33333,
            10,
            13.66667
          ],
          "texture": "#1"
        },
        "west": {
          "uv": [
            13.33333,
            8.66667,
            14.66667,
            9
          ],
          "texture": "#1"
        },
        "up": {
          "uv": [
            10.33333,
            14.66667,
            10,
            13.33333
          ],
          "texture": "#1"
        }
      }
    },
    {
      "from": [
        7.5,
        5.85,
        4.15
      ],
      "to": [
        8.5,
        8.35,
        5.15
      ],
      "rotation": {
        "angle": -45,
        "axis": "x",
        "origin": [
          8,
          6.9,
          5
        ]
      },
      "faces": {
        "north": {
          "uv": [
            7.33333,
            4.66667,
            8,
            6.33333
          ],
          "texture": "#1"
        },
        "east": {
          "uv": [
            10.66667,
            1.33333,
            11.33333,
            3
          ],
          "texture": "#1"
        },
        "south": {
          "uv": [
            10.66667,
            3.33333,
            11.33333,
            5
          ],
          "texture": "#1"
        },
        "west": {
          "uv": [
            10.66667,
            5.33333,
            11.33333,
            7
          ],
          "texture": "#1"
        },
        "up": {
          "uv": [
            14,
            12.66667,
            13.33333,
            12
          ],
          "texture": "#1"
        },
        "down": {
          "uv": [
            13.33333,
            13.33333,
            12.66667,
            14
          ],
          "texture": "#1"
        }
      }
    },
    {
      "from": [
        7.565,
        7.1521,
        3.71915
      ],
      "to": [
        8.435,
        8.7321,
        4.58915
      ],
      "rotation": {
        "angle": 22.5,
        "axis": "x",
        "origin": [
          8,
          7.9671,
          4.17915
        ]
      },
      "faces": {
        "north": {
          "uv": [
            10,
            1.33333,
            10.5,
            2.33333
          ],
          "texture": "#1"
        },
        "east": {
          "uv": [
            11.33333,
            12.66667,
            11.83333,
            13.66667
          ],
          "texture": "#1"
        },
        "south": {
          "uv": [
            12,
            12.66667,
            12.5,
            13.66667
          ],
          "texture": "#1"
        },
        "west": {
          "uv": [
            12.66667,
            12,
            13.16667,
            13
          ],
          "texture": "#1"
        },
        "up": {
          "uv": [
            7.83333,
            15.16667,
            7.33333,
            14.66667
          ],
          "texture": "#1"
        }
      }
    },
    {
      "from": [
        7.745,
        11.35,
        7
      ],
      "to": [
        8.255,
        12.85,
        8.5
      ],
      "rotation": {
        "angle": -45,
        "axis": "x",
        "origin": [
          7.995,
          12.35,
          8
        ]
      },
      "faces": {
        "north": {
          "uv": [
            14,
            0,
            14.33333,
            1
          ],
          "texture": "#1"
        },
        "east": {
          "uv": [
            10.66667,
            8.66667,
            11.66667,
            9.66667
          ],
          "texture": "#1"
        },
        "south": {
          "uv": [
            14,
            1.33333,
            14.33333,
            2.33333
          ],
          "texture": "#1"
        },
        "west": {
          "uv": [
            9.33333,
            10.66667,
            10.33333,
            11.66667
          ],
          "texture": "#1"
        },
        "up": {
          "uv": [
            14.33333,
            3.66667,
            14,
            2.66667
          ],
          "texture": "#1"
        },
        "down": {
          "uv": [
            14.33333,
            4,
            14,
            5
          ],
          "texture": "#1"
        }
      }
    },
    {
      "from": [
        7.745,
        24.73033,
        7
      ],
      "to": [
        8.255,
        25.98033,
        8.25
      ],
      "rotation": {
        "angle": -45,
        "axis": "x",
        "origin": [
          7.995,
          25.73033,
          8
        ]
      },
      "faces": {
        "north": {
          "uv": [
            9.33333,
            14,
            9.66667,
            14.83333
          ],
          "texture": "#1"
        },
        "east": {
          "uv": [
            12.66667,
            9.33333,
            13.5,
            10.16667
          ],
          "texture": "#1"
        },
        "south": {
          "uv": [
            14,
            10,
            14.33333,
            10.83333
          ],
          "texture": "#1"
        },
        "west": {
          "uv": [
            12.66667,
            10.66667,
            13.5,
            11.5
          ],
          "texture": "#1"
        },
        "up": {
          "uv": [
            11,
            14.83333,
            10.66667,
            14
          ],
          "texture": "#1"
        },
        "down": {
          "uv": [
            11.66667,
            14,
            11.33333,
            14.83333
          ],
          "texture": "#1"
        }
      }
    },
    {
      "from": [
        7.75,
        8,
        7
      ],
      "to": [
        8.25,
        12,
        9
      ],
      "rotation": {
        "angle": 0,
        "axis": "y",
        "origin": [
          7.75,
          0,
          0
        ]
      },
      "faces": {
        "north": {
          "uv": [
            11.33333,
            4,
            11.66667,
            6.66667
          ],
          "texture": "#1"
        },
        "east": {
          "uv": [
            6.66667,
            6.66667,
            8,
            9.33333
          ],
          "texture": "#1"
        },
        "south": {
          "uv": [
            10.66667,
            11.33333,
            11,
            14
          ],
          "texture": "#1"
        },
        "west": {
          "uv": [
            7.33333,
            0,
            8.66667,
            2.66667
          ],
          "texture": "#1"
        },
        "down": {
          "uv": [
            13.66667,
            12.66667,
            13.33333,
            14
          ],
          "texture": "#1"
        }
      }
    },
    {
      "from": [
        7.75,
        12.2,
        7.25
      ],
      "to": [
        8.25,
        25.2,
        8.75
      ],
      "rotation": {
        "angle": 0,
        "axis": "y",
        "origin": [
          7.75,
          7.2,
          0
        ]
      },
      "faces": {
        "north": {
          "uv": [
            8,
            4.66667,
            8.33333,
            13.33333
          ],
          "texture": "#1"
        },
        "east": {
          "uv": [
            4,
            6.66667,
            5,
            15.33333
          ],
          "texture": "#1"
        },
        "south": {
          "uv": [
            8.66667,
            4.66667,
            9,
            13.33333
          ],
          "texture": "#1"
        },
        "west": {
          "uv": [
            5.33333,
            6.66667,
            6.33333,
            15.33333
          ],
          "texture": "#1"
        }
      }
    },
    {
      "from": [
        8,
        -2,
        6.875
      ],
      "to": [
        8,
        1,
        9.125
      ],
      "rotation": {
        "angle": 0,
        "axis": "y",
        "origin": [
          8,
          -1,
          7.125
        ]
      },
      "faces": {
        "north": {
          "uv": [
            0,
            0,
            0,
            2
          ],
          "texture": "#1"
        },
        "east": {
          "uv": [
            7.33333,
            2.66667,
            8.83333,
            4.66667
          ],
          "texture": "#1"
        },
        "south": {
          "uv": [
            0,
            0,
            0,
            2
          ],
          "texture": "#1"
        },
        "west": {
          "uv": [
            7.33333,
            2.66667,
            8.83333,
            4.66667
          ],
          "texture": "#1"
        },
        "up": {
          "uv": [
            0,
            1.5,
            0,
            0
          ],
          "texture": "#1"
        },
        "down": {
          "uv": [
            0,
            0,
            0,
            1.5
          ],
          "texture": "#1"
        }
      }
    },
    {
      "from": [
        8,
        5,
        1
      ],
      "to": [
        8,
        10,
        6
      ],
      "rotation": {
        "angle": 0,
        "axis": "y",
        "origin": [
          8,
          6,
          0
        ]
      },
      "faces": {
        "north": {
          "uv": [
            0,
            0,
            0,
            3.33333
          ],
          "texture": "#1"
        },
        "east": {
          "uv": [
            7.33333,
            0,
            4,
            3.33333
          ],
          "texture": "#1"
        },
        "south": {
          "uv": [
            0,
            0,
            0,
            3.33333
          ],
          "texture": "#1"
        },
        "west": {
          "uv": [
            4,
            0,
            7.33333,
            3.33333
          ],
          "texture": "#1"
        },
        "up": {
          "uv": [
            0,
            3.33333,
            0,
            0
          ],
          "texture": "#1"
        },
        "down": {
          "uv": [
            0,
            0,
            0,
            3.33333
          ],
          "texture": "#1"
        }
      }
    },
    {
      "from": [
        7.6,
        6.45,
        8.25
      ],
      "to": [
        8.4,
        7.2,
        11
      ],
      "rotation": {
        "angle": 22.5,
        "axis": "x",
        "origin": [
          8,
          6.95,
          10
        ]
      },
      "faces": {
        "east": {
          "uv": [
            12.5,
            10,
            10.66667,
            10.5
          ],
          "texture": "#1"
        },
        "west": {
          "uv": [
            12.5,
            10.66667,
            10.66667,
            11.16667
          ],
          "texture": "#1"
        },
        "up": {
          "uv": [
            11.83333,
            0,
            11.33333,
            1.83333
          ],
          "texture": "#1"
        },
        "down": {
          "uv": [
            11.83333,
            3.83333,
            11.33333,
            2
          ],
          "texture": "#1"
        }
      }
    },
    {
      "from": [
        7.6,
        7.2,
        8.25
      ],
      "to": [
        8.4,
        7.95,
        9
      ],
      "rotation": {
        "angle": 22.5,
        "axis": "x",
        "origin": [
          8,
          6.95,
          10
        ]
      },
      "faces": {
        "north": {
          "uv": [
            15.16667,
            4,
            14.66667,
            4.5
          ],
          "texture": "#1"
        },
        "east": {
          "uv": [
            15.16667,
            3.33333,
            14.66667,
            3.83333
          ],
          "texture": "#1"
        },
        "south": {
          "uv": [
            15.16667,
            2.66667,
            14.66667,
            3.16667
          ],
          "texture": "#1"
        },
        "west": {
          "uv": [
            15.16667,
            4.66667,
            14.66667,
            5.16667
          ],
          "texture": "#1"
        },
        "up": {
          "uv": [
            7.16667,
            14.66667,
            6.66667,
            15.16667
          ],
          "texture": "#1"
        }
      }
    },
    {
      "from": [
        7.775,
        7.20381,
        8.98087
      ],
      "to": [
        8.225,
        7.80381,
        10.98087
      ],
      "rotation": {
        "angle": 22.5,
        "axis": "x",
        "origin": [
          8,
          6.90381,
          9.98087
        ]
      },
      "faces": {
        "east": {
          "uv": [
            10,
            13.33333,
            8.66667,
            13.66667
          ],
          "texture": "#1"
        },
        "west": {
          "uv": [
            14.66667,
            8.66667,
            13.33333,
            9
          ],
          "texture": "#1"
        },
        "up": {
          "uv": [
            10.33333,
            13.33333,
            10,
            14.66667
          ],
          "texture": "#1"
        }
      }
    },
    {
      "from": [
        8,
        5,
        10
      ],
      "to": [
        8,
        10,
        15
      ],
      "rotation": {
        "angle": 0,
        "axis": "y",
        "origin": [
          8,
          6,
          16
        ]
      },
      "faces": {
        "north": {
          "uv": [
            0,
            0,
            0,
            3.33333
          ],
          "texture": "#1"
        },
        "east": {
          "uv": [
            4,
            0,
            7.33333,
            3.33333
          ],
          "texture": "#1"
        },
        "south": {
          "uv": [
            0,
            0,
            0,
            3.33333
          ],
          "texture": "#1"
        },
        "west": {
          "uv": [
            7.33333,
            0,
            4,
            3.33333
          ],
          "texture": "#1"
        },
        "up": {
          "uv": [
            0,
            0,
            0,
            3.33333
          ],
          "texture": "#1"
        },
        "down": {
          "uv": [
            0,
            3.33333,
            0,
            0
          ],
          "texture": "#1"
        }
      }
    },
    {
      "from": [
        7.565,
        7.1521,
        11.41085
      ],
      "to": [
        8.435,
        8.7321,
        12.28085
      ],
      "rotation": {
        "angle": -22.5,
        "axis": "x",
        "origin": [
          8,
          7.9671,
          11.82085
        ]
      },
      "faces": {
        "north": {
          "uv": [
            12.5,
            12.66667,
            12,
            13.66667
          ],
          "texture": "#1"
        },
        "east": {
          "uv": [
            11.83333,
            12.66667,
            11.33333,
            13.66667
          ],
          "texture": "#1"
        },
        "south": {
          "uv": [
            10.5,
            1.33333,
            10,
            2.33333
          ],
          "texture": "#1"
        },
        "west": {
          "uv": [
            13.16667,
            12,
            12.66667,
            13
          ],
          "texture": "#1"
        },
        "up": {
          "uv": [
            7.83333,
            14.66667,
            7.33333,
            15.16667
          ],
          "texture": "#1"
        }
      }
    },
    {
      "from": [
        7.5,
        5.85,
        10.85
      ],
      "to": [
        8.5,
        8.35,
        11.85
      ],
      "rotation": {
        "angle": 45,
        "axis": "x",
        "origin": [
          8,
          6.9,
          11
        ]
      },
      "faces": {
        "north": {
          "uv": [
            11.33333,
            3.33333,
            10.66667,
            5
          ],
          "texture": "#1"
        },
        "east": {
          "uv": [
            11.33333,
            1.33333,
            10.66667,
            3
          ],
          "texture": "#1"
        },
        "south": {
          "uv": [
            8,
            4.66667,
            7.33333,
            6.33333
          ],
          "texture": "#1"
        },
        "west": {
          "uv": [
            11.33333,
            5.33333,
            10.66667,
            7
          ],
          "texture": "#1"
        },
        "up": {
          "uv": [
            14,
            12,
            13.33333,
            12.66667
          ],
          "texture": "#1"
        },
        "down": {
          "uv": [
            13.33333,
            14,
            12.66667,
            13.33333
          ],
          "texture": "#1"
        }
      }
    },
    {
      "from": [
        8,
        7,
        5.375
      ],
      "to": [
        8,
        30,
        10.625
      ],
      "rotation": {
        "angle": 0,
        "axis": "y",
        "origin": [
          8,
          8,
          4.625
        ]
      },
      "faces": {
        "north": {
          "uv": [
            0,
            0,
            0,
            15.33333
          ],
          "texture": "#1"
        },
        "east": {
          "uv": [
            0,
            0,
            3.5,
            15.33333
          ],
          "texture": "#1"
        },
        "south": {
          "uv": [
            0,
            0,
            0,
            15.33333
          ],
          "texture": "#1"
        },
        "west": {
          "uv": [
            0,
            0,
            3.5,
            15.33333
          ],
          "texture": "#1"
        },
        "up": {
          "uv": [
            0,
            3.5,
            0,
            0
          ],
          "texture": "#1"
        },
        "down": {
          "uv": [
            0,
            0,
            0,
            3.5
          ],
          "texture": "#1"
        }
      }
    },
    {
      "from": [
        7.3,
        4.7,
        5.5
      ],
      "to": [
        7.3,
        9.7,
        10.5
      ],
      "rotation": {
        "angle": 0,
        "axis": "y",
        "origin": [
          8,
          7.2,
          8
        ]
      },
      "faces": {
        "north": {
          "uv": [
            0,
            0,
            0,
            3.33333
          ],
          "texture": "#1"
        },
        "south": {
          "uv": [
            0,
            0,
            0,
            3.33333
          ],
          "texture": "#1"
        },
        "west": {
          "uv": [
            4,
            3.33333,
            7.33333,
            6.66667
          ],
          "texture": "#1"
        },
        "up": {
          "uv": [
            0,
            3.33333,
            0,
            0
          ],
          "texture": "#1"
        },
        "down": {
          "uv": [
            0,
            0,
            0,
            3.33333
          ],
          "texture": "#1"
        }
      }
    },
    {
      "from": [
        8.7,
        4.7,
        5.5
      ],
      "to": [
        8.7,
        9.7,
        10.5
      ],
      "rotation": {
        "angle": 0,
        "axis": "y",
        "origin": [
          8,
          7.2,
          8
        ]
      },
      "faces": {
        "north": {
          "uv": [
            0,
            0,
            0,
            3.33333
          ],
          "texture": "#1"
        },
        "east": {
          "uv": [
            7.33333,
            3.33333,
            4,
            6.66667
          ],
          "texture": "#1"
        },
        "south": {
          "uv": [
            0,
            0,
            0,
            3.33333
          ],
          "texture": "#1"
        },
        "up": {
          "uv": [
            0,
            3.33333,
            0,
            0
          ],
          "texture": "#1"
        },
        "down": {
          "uv": [
            0,
            0,
            0,
            3.33333
          ],
          "texture": "#1"
        }
      }
    },
    {
      "from": [
        7.15,
        5.4,
        3.675
      ],
      "to": [
        7.15,
        8.4,
        6.675
      ],
      "rotation": {
        "angle": 0,
        "axis": "y",
        "origin": [
          7.3,
          14.6,
          4.25
        ]
      },
      "faces": {
        "north": {
          "uv": [
            0,
            0,
            0,
            2
          ],
          "texture": "#2"
        },
        "south": {
          "uv": [
            0,
            0,
            0,
            2
          ],
          "texture": "#2"
        },
        "west": {
          "uv": [
            1.00558,
            9.96111,
            5.3334,
            14.28891
          ],
          "texture": "#2"
        },
        "up": {
          "uv": [
            0,
            0,
            2,
            0
          ],
          "rotation": 90,
          "texture": "#2"
        },
        "down": {
          "uv": [
            0,
            0,
            2,
            0
          ],
          "rotation": 270,
          "texture": "#2"
        }
      }
    },
    {
      "from": [
        7.4,
        7,
        0.95
      ],
      "to": [
        7.4,
        10,
        3.95
      ],
      "rotation": {
        "angle": 0,
        "axis": "y",
        "origin": [
          7.3,
          13.25,
          8.8
        ]
      },
      "faces": {
        "north": {
          "uv": [
            0,
            0,
            0,
            2
          ],
          "texture": "#2"
        },
        "south": {
          "uv": [
            0,
            0,
            0,
            2
          ],
          "texture": "#2"
        },
        "west": {
          "uv": [
            0,
            4.51389,
            4.3278,
            8.84169
          ],
          "texture": "#2"
        },
        "up": {
          "uv": [
            0,
            0,
            2,
            0
          ],
          "rotation": 90,
          "texture": "#2"
        },
        "down": {
          "uv": [
            0,
            0,
            2,
            0
          ],
          "rotation": 270,
          "texture": "#2"
        }
      }
    },
    {
      "from": [
        7.4,
        20.675,
        5.2
      ],
      "to": [
        7.4,
        23.675,
        8.2
      ],
      "rotation": {
        "angle": 0,
        "axis": "y",
        "origin": [
          7.475,
          9.975,
          10.65
        ]
      },
      "faces": {
        "north": {
          "uv": [
            0,
            0,
            0,
            2
          ],
          "texture": "#2"
        },
        "south": {
          "uv": [
            0,
            0,
            0,
            2
          ],
          "texture": "#2"
        },
        "west": {
          "uv": [
            0,
            0,
            4.3278,
            4.3278
          ],
          "texture": "#2"
        },
        "up": {
          "uv": [
            0,
            0,
            2,
            0
          ],
          "rotation": 90,
          "texture": "#2"
        },
        "down": {
          "uv": [
            0,
            0,
            2,
            0
          ],
          "rotation": 270,
          "texture": "#2"
        }
      }
    },
    {
      "from": [
        7.4,
        7,
        12.05
      ],
      "to": [
        7.4,
        10,
        15.05
      ],
      "rotation": {
        "angle": 0,
        "axis": "y",
        "origin": [
          7.3,
          13.25,
          7.2
        ]
      },
      "faces": {
        "north": {
          "uv": [
            0,
            0,
            0,
            2
          ],
          "texture": "#2"
        },
        "south": {
          "uv": [
            0,
            0,
            0,
            2
          ],
          "texture": "#2"
        },
        "west": {
          "uv": [
            4.3278,
            4.51389,
            0,
            8.84169
          ],
          "texture": "#2"
        },
        "up": {
          "uv": [
            2,
            0,
            0,
            0
          ],
          "rotation": 90,
          "texture": "#2"
        },
        "down": {
          "uv": [
            2,
            0,
            0,
            0
          ],
          "rotation": 270,
          "texture": "#2"
        }
      }
    },
    {
      "from": [
        7.15,
        5.4,
        9.325
      ],
      "to": [
        7.15,
        8.4,
        12.325
      ],
      "rotation": {
        "angle": 0,
        "axis": "y",
        "origin": [
          7.3,
          14.6,
          11.75
        ]
      },
      "faces": {
        "north": {
          "uv": [
            0,
            0,
            0,
            2
          ],
          "texture": "#2"
        },
        "south": {
          "uv": [
            0,
            0,
            0,
            2
          ],
          "texture": "#2"
        },
        "west": {
          "uv": [
            5.3334,
            9.96111,
            1.00558,
            14.28891
          ],
          "texture": "#2"
        },
        "up": {
          "uv": [
            2,
            0,
            0,
            0
          ],
          "rotation": 90,
          "texture": "#2"
        },
        "down": {
          "uv": [
            2,
            0,
            0,
            0
          ],
          "rotation": 270,
          "texture": "#2"
        }
      }
    },
    {
      "from": [
        7.4,
        14.675,
        7.8
      ],
      "to": [
        7.4,
        17.675,
        10.8
      ],
      "rotation": {
        "angle": 0,
        "axis": "y",
        "origin": [
          7.475,
          9.975,
          5.35
        ]
      },
      "faces": {
        "north": {
          "uv": [
            0,
            0,
            0,
            2
          ],
          "texture": "#2"
        },
        "south": {
          "uv": [
            0,
            0,
            0,
            2
          ],
          "texture": "#2"
        },
        "west": {
          "uv": [
            4.3278,
            0,
            0,
            4.3278
          ],
          "texture": "#2"
        },
        "up": {
          "uv": [
            2,
            0,
            0,
            0
          ],
          "rotation": 90,
          "texture": "#2"
        },
        "down": {
          "uv": [
            2,
            0,
            0,
            0
          ],
          "rotation": 270,
          "texture": "#2"
        }
      }
    },
    {
      "from": [
        8.6,
        7,
        12.05
      ],
      "to": [
        8.6,
        10,
        15.05
      ],
      "rotation": {
        "angle": 0,
        "axis": "y",
        "origin": [
          8.7,
          13.25,
          7.2
        ]
      },
      "faces": {
        "north": {
          "uv": [
            0,
            0,
            0,
            2
          ],
          "texture": "#2"
        },
        "east": {
          "uv": [
            0,
            4.51389,
            4.3278,
            8.84169
          ],
          "texture": "#2"
        },
        "south": {
          "uv": [
            0,
            0,
            0,
            2
          ],
          "texture": "#2"
        },
        "up": {
          "uv": [
            2,
            0,
            0,
            0
          ],
          "rotation": 90,
          "texture": "#2"
        },
        "down": {
          "uv": [
            2,
            0,
            0,
            0
          ],
          "rotation": 270,
          "texture": "#2"
        }
      }
    },
    {
      "from": [
        8.85,
        5.4,
        9.325
      ],
      "to": [
        8.85,
        8.4,
        12.325
      ],
      "rotation": {
        "angle": 0,
        "axis": "y",
        "origin": [
          8.7,
          14.6,
          11.75
        ]
      },
      "faces": {
        "north": {
          "uv": [
            0,
            0,
            0,
            2
          ],
          "texture": "#2"
        },
        "east": {
          "uv": [
            1.00558,
            9.96111,
            5.3334,
            14.28891
          ],
          "texture": "#2"
        },
        "south": {
          "uv": [
            0,
            0,
            0,
            2
          ],
          "texture": "#2"
        },
        "up": {
          "uv": [
            2,
            0,
            0,
            0
          ],
          "rotation": 90,
          "texture": "#2"
        },
        "down": {
          "uv": [
            2,
            0,
            0,
            0
          ],
          "rotation": 270,
          "texture": "#2"
        }
      }
    },
    {
      "from": [
        8.85,
        5.4,
        3.675
      ],
      "to": [
        8.85,
        8.4,
        6.675
      ],
      "rotation": {
        "angle": 0,
        "axis": "y",
        "origin": [
          8.7,
          14.6,
          4.25
        ]
      },
      "faces": {
        "north": {
          "uv": [
            0,
            0,
            0,
            2
          ],
          "texture": "#2"
        },
        "east": {
          "uv": [
            5.3334,
            9.96111,
            1.00558,
            14.28891
          ],
          "texture": "#2"
        },
        "south": {
          "uv": [
            0,
            0,
            0,
            2
          ],
          "texture": "#2"
        },
        "up": {
          "uv": [
            0,
            0,
            2,
            0
          ],
          "rotation": 90,
          "texture": "#2"
        },
        "down": {
          "uv": [
            0,
            0,
            2,
            0
          ],
          "rotation": 270,
          "texture": "#2"
        }
      }
    },
    {
      "from": [
        8.6,
        7,
        0.95
      ],
      "to": [
        8.6,
        10,
        3.95
      ],
      "rotation": {
        "angle": 0,
        "axis": "y",
        "origin": [
          8.7,
          13.25,
          8.8
        ]
      },
      "faces": {
        "north": {
          "uv": [
            0,
            0,
            0,
            2
          ],
          "texture": "#2"
        },
        "east": {
          "uv": [
            4.3278,
            4.51389,
            0,
            8.84169
          ],
          "texture": "#2"
        },
        "south": {
          "uv": [
            0,
            0,
            0,
            2
          ],
          "texture": "#2"
        },
        "up": {
          "uv": [
            0,
            0,
            2,
            0
          ],
          "rotation": 90,
          "texture": "#2"
        },
        "down": {
          "uv": [
            0,
            0,
            2,
            0
          ],
          "rotation": 270,
          "texture": "#2"
        }
      }
    },
    {
      "from": [
        8.6,
        20.675,
        5.2
      ],
      "to": [
        8.6,
        23.675,
        8.2
      ],
      "rotation": {
        "angle": 0,
        "axis": "y",
        "origin": [
          8.525,
          9.975,
          10.65
        ]
      },
      "faces": {
        "north": {
          "uv": [
            0,
            0,
            0,
            2
          ],
          "texture": "#2"
        },
        "east": {
          "uv": [
            4.3278,
            0,
            0,
            4.3278
          ],
          "texture": "#2"
        },
        "south": {
          "uv": [
            0,
            0,
            0,
            2
          ],
          "texture": "#2"
        },
        "up": {
          "uv": [
            0,
            0,
            2,
            0
          ],
          "rotation": 90,
          "texture": "#2"
        },
        "down": {
          "uv": [
            0,
            0,
            2,
            0
          ],
          "rotation": 270,
          "texture": "#2"
        }
      }
    },
    {
      "from": [
        8.6,
        14.675,
        7.8
      ],
      "to": [
        8.6,
        17.675,
        10.8
      ],
      "rotation": {
        "angle": 0,
        "axis": "y",
        "origin": [
          8.525,
          9.975,
          5.35
        ]
      },
      "faces": {
        "north": {
          "uv": [
            0,
            0,
            0,
            2
          ],
          "texture": "#2"
        },
        "east": {
          "uv": [
            0,
            0,
            4.3278,
            4.3278
          ],
          "texture": "#2"
        },
        "south": {
          "uv": [
            0,
            0,
            0,
            2
          ],
          "texture": "#2"
        },
        "up": {
          "uv": [
            2,
            0,
            0,
            0
          ],
          "rotation": 90,
          "texture": "#2"
        },
        "down": {
          "uv": [
            2,
            0,
            0,
            0
          ],
          "rotation": 270,
          "texture": "#2"
        }
      }
    }
  ],
  "gui_light": "front",
  "display": {
    "thirdperson_righthand": {
      "translation": [
        0,
        1.75,
        1
      ]
    },
    "thirdperson_lefthand": {
      "translation": [
        0,
        1.75,
        1
      ]
    },
    "firstperson_righthand": {
      "rotation": [
        -10,
        0,
        0
      ],
      "translation": [
        0,
        2.25,
        0
      ]
    },
    "firstperson_lefthand": {
      "rotation": [
        -10,
        0,
        0
      ],
      "translation": [
        0,
        2.25,
        0
      ]
    },
    "ground": {
      "translation": [
        0,
        10.5,
        0
      ]
    },
    "gui": {
      "rotation": [
        90,
        -45,
        90
      ],
      "translation": [
        3,
        -3,
        0
      ],
      "scale": [
        0.75586,
        0.75586,
        0.75586
      ]
    },
    "head": {
      "scale": [
        0,
        0,
        0
      ]
    },
    "fixed": {
      "rotation": [
        90,
        -90,
        90
      ],
      "translation": [
        0,
        -12.75,
        -1
      ],
      "scale": [
        2.17383,
        2.17383,
        2.17383
      ]
    }
  }
}