{
  "credit": "MadebyPolygonMC",
  "texture_size": [
    28,
    28
  ],
  "textures": {
    "0": "xmasset:wings",
    "1": "xmasset:animations/animation_1",
    "particle": "xmasset:wings"
  },
  "elements": [
    {
      "from": [
        6.5,
        6.5,
        7.4
      ],
      "to": [
        9.5,
        9.5,
        8.6
      ],
      "rotation": {
        "angle": -45,
        "axis": "z",
        "origin": [
          8,
          8,
          8
        ]
      },
      "faces": {
        "north": {
          "uv": [
            8,
            13.71429,
            9.71429,
            15.42857
          ],
          "texture": "#0"
        },
        "east": {
          "uv": [
            7.42857,
            11.42857,
            8.14286,
            13.14286
          ],
          "texture": "#0"
        },
        "south": {
          "uv": [
            9.71429,
            13.71429,
            11.42857,
            15.42857
          ],
          "texture": "#0"
        },
        "west": {
          "uv": [
            8.57143,
            11.42857,
            9.28571,
            13.14286
          ],
          "texture": "#0"
        },
        "up": {
          "uv": [
            11.42857,
            12.14286,
            9.71429,
            11.42857
          ],
          "texture": "#0"
        },
        "down": {
          "uv": [
            14.14286,
            9.71429,
            12.42857,
            10.42857
          ],
          "texture": "#0"
        }
      }
    },
    {
      "from": [
        6.9,
        6.9,
        7.15
      ],
      "to": [
        9.1,
        9.1,
        8.85
      ],
      "rotation": {
        "angle": -45,
        "axis": "z",
        "origin": [
          8,
          8,
          8
        ]
      },
      "faces": {
        "north": {
          "uv": [
            11.14286,
            0,
            12.42857,
            1.28571
          ],
          "texture": "#0"
        },
        "east": {
          "uv": [
            12.71429,
            5.85714,
            13.71429,
            7.14286
          ],
          "texture": "#0"
        },
        "south": {
          "uv": [
            11.14286,
            1.71429,
            12.42857,
            3
          ],
          "texture": "#0"
        },
        "west": {
          "uv": [
            13.85714,
            5.85714,
            14.85714,
            7.14286
          ],
          "texture": "#0"
        },
        "up": {
          "uv": [
            14,
            8.28571,
            12.71429,
            7.28571
          ],
          "texture": "#0"
        },
        "down": {
          "uv": [
            14,
            8.42857,
            12.71429,
            9.42857
          ],
          "texture": "#0"
        }
      }
    },
    {
      "from": [
        8.75,
        0,
        8
      ],
      "to": [
        27.75,
        17,
        8
      ],
      "rotation": {
        "angle": 0,
        "axis": "y",
        "origin": [
          23.75,
          0,
          8
        ]
      },
      "faces": {
        "north": {
          "uv": [
            0,
            0,
            10.85714,
            9.71429
          ],
          "texture": "#0"
        },
        "east": {
          "uv": [
            0,
            0,
            0,
            9.71429
          ],
          "texture": "#0"
        },
        "south": {
          "uv": [
            10.85714,
            0,
            0,
            9.71429
          ],
          "texture": "#0"
        },
        "west": {
          "uv": [
            0,
            0,
            0,
            9.71429
          ],
          "texture": "#0"
        },
        "up": {
          "uv": [
            10.85714,
            0,
            0,
            0
          ],
          "texture": "#0"
        },
        "down": {
          "uv": [
            10.85714,
            0,
            0,
            0
          ],
          "texture": "#0"
        }
      }
    },
    {
      "from": [
        -11.75,
        0,
        8
      ],
      "to": [
        7.25,
        17,
        8
      ],
      "rotation": {
        "angle": 0,
        "axis": "y",
        "origin": [
          -7.75,
          0,
          8
        ]
      },
      "faces": {
        "north": {
          "uv": [
            10.85714,
            0,
            0,
            9.71429
          ],
          "texture": "#0"
        },
        "east": {
          "uv": [
            0,
            0,
            0,
            9.71429
          ],
          "texture": "#0"
        },
        "south": {
          "uv": [
            0,
            0,
            10.85714,
            9.71429
          ],
          "texture": "#0"
        },
        "west": {
          "uv": [
            0,
            0,
            0,
            9.71429
          ],
          "texture": "#0"
        },
        "up": {
          "uv": [
            0,
            0,
            10.85714,
            0
          ],
          "texture": "#0"
        },
        "down": {
          "uv": [
            0,
            0,
            10.85714,
            0
          ],
          "texture": "#0"
        }
      }
    },
    {
      "from": [
        9.24236,
        0.80628,
        7.5
      ],
      "to": [
        10.24236,
        10.80628,
        8.5
      ],
      "rotation": {
        "angle": -45,
        "axis": "z",
        "origin": [
          11.02165,
          9.25892,
          8
        ]
      },
      "faces": {
        "north": {
          "uv": [
            2.85714,
            10.28571,
            3.42857,
            16
          ],
          "texture": "#0"
        },
        "east": {
          "uv": [
            3.42857,
            10.28571,
            4,
            16
          ],
          "texture": "#0"
        },
        "south": {
          "uv": [
            4,
            10.28571,
            4.57143,
            16
          ],
          "texture": "#0"
        },
        "west": {
          "uv": [
            4.57143,
            10.28571,
            5.14286,
            16
          ],
          "texture": "#0"
        },
        "up": {
          "uv": [
            8,
            11.42857,
            7.42857,
            10.85714
          ],
          "texture": "#0"
        },
        "down": {
          "uv": [
            12,
            10.85714,
            11.42857,
            11.42857
          ],
          "texture": "#0"
        }
      }
    },
    {
      "from": [
        11.77032,
        10.49491,
        7.505
      ],
      "to": [
        12.77032,
        11.49491,
        8.495
      ],
      "rotation": {
        "angle": 22.5,
        "axis": "z",
        "origin": [
          11.02165,
          9.25892,
          8
        ]
      },
      "faces": {
        "north": {
          "uv": [
            11.42857,
            11.42857,
            12,
            12
          ],
          "texture": "#0"
        },
        "east": {
          "uv": [
            0,
            12,
            0.57143,
            12.57143
          ],
          "texture": "#0"
        },
        "south": {
          "uv": [
            0.57143,
            12,
            1.14286,
            12.57143
          ],
          "texture": "#0"
        },
        "up": {
          "uv": [
            1.71429,
            12.57143,
            1.14286,
            12
          ],
          "texture": "#0"
        },
        "down": {
          "uv": [
            2.28571,
            12,
            1.71429,
            12.57143
          ],
          "texture": "#0"
        }
      }
    },
    {
      "from": [
        11.78153,
        10.9939,
        7.51
      ],
      "to": [
        12.78153,
        11.9939,
        8.49
      ],
      "rotation": {
        "angle": 0,
        "axis": "z",
        "origin": [
          11.02165,
          9.25892,
          8
        ]
      },
      "faces": {
        "north": {
          "uv": [
            2.28571,
            12,
            2.85714,
            12.57143
          ],
          "texture": "#0"
        },
        "east": {
          "uv": [
            12,
            4.57143,
            12.57143,
            5.14286
          ],
          "texture": "#0"
        },
        "south": {
          "uv": [
            5.14286,
            12,
            5.71429,
            12.57143
          ],
          "texture": "#0"
        },
        "up": {
          "uv": [
            12.57143,
            5.71429,
            12,
            5.14286
          ],
          "texture": "#0"
        },
        "down": {
          "uv": [
            6.28571,
            12,
            5.71429,
            12.57143
          ],
          "texture": "#0"
        }
      }
    },
    {
      "from": [
        11.60094,
        11.45919,
        7.515
      ],
      "to": [
        12.60094,
        12.45919,
        8.485
      ],
      "rotation": {
        "angle": -22.5,
        "axis": "z",
        "origin": [
          11.02165,
          9.25892,
          8
        ]
      },
      "faces": {
        "north": {
          "uv": [
            12,
            5.71429,
            12.57143,
            6.28571
          ],
          "texture": "#0"
        },
        "east": {
          "uv": [
            12,
            6.28571,
            12.57143,
            6.85714
          ],
          "texture": "#0"
        },
        "south": {
          "uv": [
            12,
            6.85714,
            12.57143,
            7.42857
          ],
          "texture": "#0"
        },
        "up": {
          "uv": [
            12.57143,
            11.42857,
            12,
            10.85714
          ],
          "texture": "#0"
        },
        "down": {
          "uv": [
            12,
            12,
            11.42857,
            12.57143
          ],
          "texture": "#0"
        }
      }
    },
    {
      "from": [
        11.25603,
        11.81995,
        7.52
      ],
      "to": [
        12.25603,
        12.81995,
        8.48
      ],
      "rotation": {
        "angle": -45,
        "axis": "z",
        "origin": [
          11.02165,
          9.25892,
          8
        ]
      },
      "faces": {
        "north": {
          "uv": [
            12,
            11.42857,
            12.57143,
            12
          ],
          "texture": "#0"
        },
        "east": {
          "uv": [
            12,
            12,
            12.57143,
            12.57143
          ],
          "texture": "#0"
        },
        "south": {
          "uv": [
            0,
            12.57143,
            0.57143,
            13.14286
          ],
          "texture": "#0"
        },
        "up": {
          "uv": [
            13.14286,
            0.57143,
            12.57143,
            0
          ],
          "texture": "#0"
        },
        "down": {
          "uv": [
            1.14286,
            12.57143,
            0.57143,
            13.14286
          ],
          "texture": "#0"
        }
      }
    },
    {
      "from": [
        13.78399,
        8.48124,
        7.525
      ],
      "to": [
        14.78399,
        9.48124,
        8.475
      ],
      "rotation": {
        "angle": 22.5,
        "axis": "z",
        "origin": [
          11.02165,
          9.25892,
          8
        ]
      },
      "faces": {
        "north": {
          "uv": [
            12.57143,
            0.57143,
            13.14286,
            1.14286
          ],
          "texture": "#0"
        },
        "east": {
          "uv": [
            1.14286,
            12.57143,
            1.71429,
            13.14286
          ],
          "texture": "#0"
        },
        "south": {
          "uv": [
            12.57143,
            1.14286,
            13.14286,
            1.71429
          ],
          "texture": "#0"
        },
        "west": {
          "uv": [
            1.71429,
            12.57143,
            2.28571,
            13.14286
          ],
          "texture": "#0"
        },
        "down": {
          "uv": [
            13.14286,
            1.71429,
            12.57143,
            2.28571
          ],
          "texture": "#0"
        }
      }
    },
    {
      "from": [
        5.75764,
        0.80628,
        7.5
      ],
      "to": [
        6.75764,
        10.80628,
        8.5
      ],
      "rotation": {
        "angle": 45,
        "axis": "z",
        "origin": [
          4.97835,
          9.25892,
          8
        ]
      },
      "faces": {
        "north": {
          "uv": [
            3.42857,
            10.28571,
            2.85714,
            16
          ],
          "texture": "#0"
        },
        "east": {
          "uv": [
            5.14286,
            10.28571,
            4.57143,
            16
          ],
          "texture": "#0"
        },
        "south": {
          "uv": [
            4.57143,
            10.28571,
            4,
            16
          ],
          "texture": "#0"
        },
        "west": {
          "uv": [
            4,
            10.28571,
            3.42857,
            16
          ],
          "texture": "#0"
        },
        "up": {
          "uv": [
            7.42857,
            11.42857,
            8,
            10.85714
          ],
          "texture": "#0"
        },
        "down": {
          "uv": [
            11.42857,
            10.85714,
            12,
            11.42857
          ],
          "texture": "#0"
        }
      }
    },
    {
      "from": [
        3.22968,
        10.49491,
        7.505
      ],
      "to": [
        4.22968,
        11.49491,
        8.495
      ],
      "rotation": {
        "angle": -22.5,
        "axis": "z",
        "origin": [
          4.97835,
          9.25892,
          8
        ]
      },
      "faces": {
        "north": {
          "uv": [
            12,
            11.42857,
            11.42857,
            12
          ],
          "texture": "#0"
        },
        "south": {
          "uv": [
            1.14286,
            12,
            0.57143,
            12.57143
          ],
          "texture": "#0"
        },
        "west": {
          "uv": [
            0.57143,
            12,
            0,
            12.57143
          ],
          "texture": "#0"
        },
        "up": {
          "uv": [
            1.14286,
            12.57143,
            1.71429,
            12
          ],
          "texture": "#0"
        },
        "down": {
          "uv": [
            1.71429,
            12,
            2.28571,
            12.57143
          ],
          "texture": "#0"
        }
      }
    },
    {
      "from": [
        3.21847,
        10.9939,
        7.51
      ],
      "to": [
        4.21847,
        11.9939,
        8.49
      ],
      "rotation": {
        "angle": 0,
        "axis": "z",
        "origin": [
          4.97835,
          9.25892,
          8
        ]
      },
      "faces": {
        "north": {
          "uv": [
            2.85714,
            12,
            2.28571,
            12.57143
          ],
          "texture": "#0"
        },
        "south": {
          "uv": [
            5.71429,
            12,
            5.14286,
            12.57143
          ],
          "texture": "#0"
        },
        "west": {
          "uv": [
            12.57143,
            4.57143,
            12,
            5.14286
          ],
          "texture": "#0"
        },
        "up": {
          "uv": [
            12,
            5.71429,
            12.57143,
            5.14286
          ],
          "texture": "#0"
        },
        "down": {
          "uv": [
            5.71429,
            12,
            6.28571,
            12.57143
          ],
          "texture": "#0"
        }
      }
    },
    {
      "from": [
        3.39906,
        11.45919,
        7.515
      ],
      "to": [
        4.39906,
        12.45919,
        8.485
      ],
      "rotation": {
        "angle": 22.5,
        "axis": "z",
        "origin": [
          4.97835,
          9.25892,
          8
        ]
      },
      "faces": {
        "north": {
          "uv": [
            12.57143,
            5.71429,
            12,
            6.28571
          ],
          "texture": "#0"
        },
        "south": {
          "uv": [
            12.57143,
            6.85714,
            12,
            7.42857
          ],
          "texture": "#0"
        },
        "west": {
          "uv": [
            12.57143,
            6.28571,
            12,
            6.85714
          ],
          "texture": "#0"
        },
        "up": {
          "uv": [
            12,
            11.42857,
            12.57143,
            10.85714
          ],
          "texture": "#0"
        },
        "down": {
          "uv": [
            11.42857,
            12,
            12,
            12.57143
          ],
          "texture": "#0"
        }
      }
    },
    {
      "from": [
        3.74397,
        11.81995,
        7.52
      ],
      "to": [
        4.74397,
        12.81995,
        8.48
      ],
      "rotation": {
        "angle": 45,
        "axis": "z",
        "origin": [
          4.97835,
          9.25892,
          8
        ]
      },
      "faces": {
        "north": {
          "uv": [
            12.57143,
            11.42857,
            12,
            12
          ],
          "texture": "#0"
        },
        "south": {
          "uv": [
            0.57143,
            12.57143,
            0,
            13.14286
          ],
          "texture": "#0"
        },
        "west": {
          "uv": [
            12.57143,
            12,
            12,
            12.57143
          ],
          "texture": "#0"
        },
        "up": {
          "uv": [
            12.57143,
            0.57143,
            13.14286,
            0
          ],
          "texture": "#0"
        },
        "down": {
          "uv": [
            0.57143,
            12.57143,
            1.14286,
            13.14286
          ],
          "texture": "#0"
        }
      }
    },
    {
      "from": [
        1.21601,
        8.48124,
        7.525
      ],
      "to": [
        2.21601,
        9.48124,
        8.475
      ],
      "rotation": {
        "angle": -22.5,
        "axis": "z",
        "origin": [
          4.97835,
          9.25892,
          8
        ]
      },
      "faces": {
        "north": {
          "uv": [
            13.14286,
            0.57143,
            12.57143,
            1.14286
          ],
          "texture": "#0"
        },
        "east": {
          "uv": [
            2.28571,
            12.57143,
            1.71429,
            13.14286
          ],
          "texture": "#0"
        },
        "south": {
          "uv": [
            13.14286,
            1.14286,
            12.57143,
            1.71429
          ],
          "texture": "#0"
        },
        "west": {
          "uv": [
            1.71429,
            12.57143,
            1.14286,
            13.14286
          ],
          "texture": "#0"
        },
        "down": {
          "uv": [
            12.57143,
            1.71429,
            13.14286,
            2.28571
          ],
          "texture": "#0"
        }
      }
    },
    {
      "from": [
        5.5,
        7,
        8.7
      ],
      "to": [
        10.5,
        9,
        8.7
      ],
      "rotation": {
        "angle": 0,
        "axis": "y",
        "origin": [
          5.5,
          1,
          16
        ]
      },
      "faces": {
        "north": {
          "uv": [
            5.14286,
            14,
            8,
            15.14286
          ],
          "texture": "#0"
        },
        "east": {
          "uv": [
            0,
            0,
            0,
            1.14286
          ],
          "texture": "#0"
        },
        "south": {
          "uv": [
            5.14286,
            14,
            8,
            15.14286
          ],
          "texture": "#0"
        },
        "west": {
          "uv": [
            0,
            0,
            0,
            1.14286
          ],
          "texture": "#0"
        },
        "up": {
          "uv": [
            2.85714,
            0,
            0,
            0
          ],
          "texture": "#0"
        },
        "down": {
          "uv": [
            2.85714,
            0,
            0,
            0
          ],
          "texture": "#0"
        }
      }
    },
    {
      "from": [
        5.5,
        3,
        8.7
      ],
      "to": [
        10.5,
        7,
        8.7
      ],
      "rotation": {
        "angle": 0,
        "axis": "y",
        "origin": [
          5.5,
          1,
          16
        ]
      },
      "faces": {
        "north": {
          "uv": [
            14.57143,
            13.71429,
            11.71429,
            16
          ],
          "texture": "#0"
        },
        "east": {
          "uv": [
            0,
            0,
            0,
            2.28571
          ],
          "texture": "#0"
        },
        "south": {
          "uv": [
            11.71429,
            13.71429,
            14.57143,
            16
          ],
          "texture": "#0"
        },
        "west": {
          "uv": [
            0,
            0,
            0,
            2.28571
          ],
          "texture": "#0"
        },
        "up": {
          "uv": [
            2.85714,
            0,
            0,
            0
          ],
          "texture": "#0"
        },
        "down": {
          "uv": [
            2.85714,
            0,
            0,
            0
          ],
          "texture": "#0"
        }
      }
    },
    {
      "from": [
        10.5,
        7,
        8.7
      ],
      "to": [
        10.5,
        9,
        10.7
      ],
      "rotation": {
        "angle": 0,
        "axis": "y",
        "origin": [
          10.5,
          8,
          11.2
        ]
      },
      "faces": {
        "north": {
          "uv": [
            0,
            0,
            0,
            1.14286
          ],
          "texture": "#0"
        },
        "east": {
          "uv": [
            5.14286,
            10.85714,
            6.28571,
            12
          ],
          "texture": "#0"
        },
        "south": {
          "uv": [
            0,
            0,
            0,
            1.14286
          ],
          "texture": "#0"
        },
        "west": {
          "uv": [
            6.28571,
            10.85714,
            5.14286,
            12
          ],
          "texture": "#0"
        },
        "up": {
          "uv": [
            0,
            1.14286,
            0,
            0
          ],
          "texture": "#0"
        },
        "down": {
          "uv": [
            0,
            0,
            0,
            1.14286
          ],
          "texture": "#0"
        }
      }
    },
    {
      "from": [
        8.25,
        7,
        8.7
      ],
      "to": [
        8.25,
        9,
        10.7
      ],
      "rotation": {
        "angle": 0,
        "axis": "y",
        "origin": [
          10.5,
          8,
          11.2
        ]
      },
      "faces": {
        "north": {
          "uv": [
            0,
            0,
            0,
            1.14286
          ],
          "texture": "#0"
        },
        "east": {
          "uv": [
            13.85714,
            4.57143,
            12.71429,
            5.71429
          ],
          "texture": "#0"
        },
        "south": {
          "uv": [
            0,
            0,
            0,
            1.14286
          ],
          "texture": "#0"
        },
        "west": {
          "uv": [
            12.71429,
            4.57143,
            13.85714,
            5.71429
          ],
          "texture": "#0"
        },
        "up": {
          "uv": [
            0,
            1.14286,
            0,
            0
          ],
          "texture": "#0"
        },
        "down": {
          "uv": [
            0,
            0,
            0,
            1.14286
          ],
          "texture": "#0"
        }
      }
    },
    {
      "from": [
        8.25,
        7,
        10.7
      ],
      "to": [
        10.5,
        9,
        10.7
      ],
      "rotation": {
        "angle": 0,
        "axis": "y",
        "origin": [
          9.5,
          8,
          10.7
        ]
      },
      "faces": {
        "north": {
          "uv": [
            14,
            3.42857,
            12.71429,
            4.57143
          ],
          "texture": "#0"
        },
        "east": {
          "uv": [
            0,
            0,
            0,
            1.14286
          ],
          "texture": "#0"
        },
        "south": {
          "uv": [
            12.71429,
            3.42857,
            14,
            4.57143
          ],
          "texture": "#0"
        },
        "west": {
          "uv": [
            0,
            0,
            0,
            1.14286
          ],
          "texture": "#0"
        },
        "up": {
          "uv": [
            1.28571,
            0,
            0,
            0
          ],
          "texture": "#0"
        },
        "down": {
          "uv": [
            1.28571,
            0,
            0,
            0
          ],
          "texture": "#0"
        }
      }
    },
    {
      "from": [
        7.75,
        7,
        8.7
      ],
      "to": [
        7.75,
        9,
        10.7
      ],
      "rotation": {
        "angle": 0,
        "axis": "y",
        "origin": [
          5.5,
          8,
          11.2
        ]
      },
      "faces": {
        "north": {
          "uv": [
            0,
            0,
            0,
            1.14286
          ],
          "texture": "#0"
        },
        "east": {
          "uv": [
            13.85714,
            4.57143,
            12.71429,
            5.71429
          ],
          "texture": "#0"
        },
        "south": {
          "uv": [
            0,
            0,
            0,
            1.14286
          ],
          "texture": "#0"
        },
        "west": {
          "uv": [
            12.71429,
            4.57143,
            13.85714,
            5.71429
          ],
          "texture": "#0"
        },
        "up": {
          "uv": [
            0,
            1.14286,
            0,
            0
          ],
          "texture": "#0"
        },
        "down": {
          "uv": [
            0,
            0,
            0,
            1.14286
          ],
          "texture": "#0"
        }
      }
    },
    {
      "from": [
        5.5,
        7,
        10.7
      ],
      "to": [
        7.75,
        9,
        10.7
      ],
      "rotation": {
        "angle": 0,
        "axis": "y",
        "origin": [
          6.5,
          8,
          10.7
        ]
      },
      "faces": {
        "north": {
          "uv": [
            12.71429,
            3.42857,
            14,
            4.57143
          ],
          "texture": "#0"
        },
        "east": {
          "uv": [
            0,
            0,
            0,
            1.14286
          ],
          "texture": "#0"
        },
        "south": {
          "uv": [
            14,
            3.42857,
            12.71429,
            4.57143
          ],
          "texture": "#0"
        },
        "west": {
          "uv": [
            0,
            0,
            0,
            1.14286
          ],
          "texture": "#0"
        },
        "up": {
          "uv": [
            0,
            0,
            1.28571,
            0
          ],
          "texture": "#0"
        },
        "down": {
          "uv": [
            0,
            0,
            1.28571,
            0
          ],
          "texture": "#0"
        }
      }
    },
    {
      "from": [
        5.5,
        7,
        8.7
      ],
      "to": [
        5.5,
        9,
        10.7
      ],
      "rotation": {
        "angle": 0,
        "axis": "y",
        "origin": [
          5.5,
          8,
          11.2
        ]
      },
      "faces": {
        "north": {
          "uv": [
            0,
            0,
            0,
            1.14286
          ],
          "texture": "#0"
        },
        "east": {
          "uv": [
            5.14286,
            10.85714,
            6.28571,
            12
          ],
          "texture": "#0"
        },
        "south": {
          "uv": [
            0,
            0,
            0,
            1.14286
          ],
          "texture": "#0"
        },
        "west": {
          "uv": [
            6.28571,
            10.85714,
            5.14286,
            12
          ],
          "texture": "#0"
        },
        "up": {
          "uv": [
            0,
            1.14286,
            0,
            0
          ],
          "texture": "#0"
        },
        "down": {
          "uv": [
            0,
            0,
            0,
            1.14286
          ],
          "texture": "#0"
        }
      }
    },
    {
      "from": [
        0.125,
        1.15,
        7.575
      ],
      "to": [
        3.125,
        4.15,
        7.575
      ],
      "rotation": {
        "angle": 0,
        "axis": "y",
        "origin": [
          8.7,
          14.6,
          4.25
        ]
      },
      "faces": {
        "north": {
          "uv": [
            1.00482,
            10.00476,
            5.33933,
            14.33928
          ],
          "texture": "#1"
        },
        "east": {
          "uv": [
            0,
            0,
            0,
            1.71429
          ],
          "texture": "#1"
        },
        "west": {
          "uv": [
            0,
            0,
            0,
            1.71429
          ],
          "texture": "#1"
        },
        "up": {
          "uv": [
            0,
            0,
            1.71429,
            0
          ],
          "texture": "#1"
        },
        "down": {
          "uv": [
            0,
            0,
            1.71429,
            0
          ],
          "texture": "#1"
        }
      }
    },
    {
      "from": [
        -8.6,
        9.75,
        7.825
      ],
      "to": [
        -5.6,
        12.75,
        7.825
      ],
      "rotation": {
        "angle": 0,
        "axis": "y",
        "origin": [
          13.25,
          13.25,
          4.25
        ]
      },
      "faces": {
        "north": {
          "uv": [
            0,
            4.86905,
            4.33451,
            9.20356
          ],
          "texture": "#1"
        },
        "east": {
          "uv": [
            0,
            0,
            0,
            1.71429
          ],
          "texture": "#1"
        },
        "west": {
          "uv": [
            0,
            0,
            0,
            1.71429
          ],
          "texture": "#1"
        },
        "up": {
          "uv": [
            0,
            0,
            1.71429,
            0
          ],
          "texture": "#1"
        },
        "down": {
          "uv": [
            0,
            0,
            1.71429,
            0
          ],
          "texture": "#1"
        }
      }
    },
    {
      "from": [
        -1.85,
        6.925,
        7.825
      ],
      "to": [
        1.15,
        9.925,
        7.825
      ],
      "rotation": {
        "angle": 0,
        "axis": "y",
        "origin": [
          15.1,
          9.975,
          4.425
        ]
      },
      "faces": {
        "north": {
          "uv": [
            4.33454,
            0,
            0,
            4.33451
          ],
          "texture": "#1"
        },
        "east": {
          "uv": [
            0,
            0,
            0,
            1.71429
          ],
          "texture": "#1"
        },
        "west": {
          "uv": [
            0,
            0,
            0,
            1.71429
          ],
          "texture": "#1"
        },
        "up": {
          "uv": [
            0,
            0,
            1.71429,
            0
          ],
          "texture": "#1"
        },
        "down": {
          "uv": [
            0,
            0,
            1.71429,
            0
          ],
          "texture": "#1"
        }
      }
    },
    {
      "from": [
        14.85,
        6.925,
        7.825
      ],
      "to": [
        17.85,
        9.925,
        7.825
      ],
      "rotation": {
        "angle": 0,
        "axis": "y",
        "origin": [
          0.9,
          9.975,
          4.425
        ]
      },
      "faces": {
        "north": {
          "uv": [
            0,
            0,
            4.33454,
            4.33451
          ],
          "texture": "#1"
        },
        "east": {
          "uv": [
            0,
            0,
            0,
            1.71429
          ],
          "texture": "#1"
        },
        "west": {
          "uv": [
            0,
            0,
            0,
            1.71429
          ],
          "texture": "#1"
        },
        "up": {
          "uv": [
            1.71429,
            0,
            0,
            0
          ],
          "texture": "#1"
        },
        "down": {
          "uv": [
            1.71429,
            0,
            0,
            0
          ],
          "texture": "#1"
        }
      }
    },
    {
      "from": [
        12.875,
        1.15,
        7.575
      ],
      "to": [
        15.875,
        4.15,
        7.575
      ],
      "rotation": {
        "angle": 0,
        "axis": "y",
        "origin": [
          7.3,
          14.6,
          4.25
        ]
      },
      "faces": {
        "north": {
          "uv": [
            5.33933,
            10.00476,
            1.00482,
            14.33928
          ],
          "texture": "#1"
        },
        "east": {
          "uv": [
            0,
            0,
            0,
            1.71429
          ],
          "texture": "#1"
        },
        "west": {
          "uv": [
            0,
            0,
            0,
            1.71429
          ],
          "texture": "#1"
        },
        "up": {
          "uv": [
            1.71429,
            0,
            0,
            0
          ],
          "texture": "#1"
        },
        "down": {
          "uv": [
            1.71429,
            0,
            0,
            0
          ],
          "texture": "#1"
        }
      }
    },
    {
      "from": [
        21.6,
        9.75,
        7.825
      ],
      "to": [
        24.6,
        12.75,
        7.825
      ],
      "rotation": {
        "angle": 0,
        "axis": "y",
        "origin": [
          2.75,
          13.25,
          4.25
        ]
      },
      "faces": {
        "north": {
          "uv": [
            4.33451,
            4.86905,
            0,
            9.20356
          ],
          "texture": "#1"
        },
        "east": {
          "uv": [
            0,
            0,
            0,
            1.71429
          ],
          "texture": "#1"
        },
        "west": {
          "uv": [
            0,
            0,
            0,
            1.71429
          ],
          "texture": "#1"
        },
        "up": {
          "uv": [
            1.71429,
            0,
            0,
            0
          ],
          "texture": "#1"
        },
        "down": {
          "uv": [
            1.71429,
            0,
            0,
            0
          ],
          "texture": "#1"
        }
      }
    },
    {
      "from": [
        -1.85,
        6.925,
        8.175
      ],
      "to": [
        1.15,
        9.925,
        8.175
      ],
      "rotation": {
        "angle": 0,
        "axis": "y",
        "origin": [
          15.1,
          9.975,
          11.575
        ]
      },
      "faces": {
        "east": {
          "uv": [
            0,
            0,
            0,
            1.71429
          ],
          "texture": "#1"
        },
        "south": {
          "uv": [
            0,
            0,
            4.33454,
            4.33451
          ],
          "texture": "#1"
        },
        "west": {
          "uv": [
            0,
            0,
            0,
            1.71429
          ],
          "texture": "#1"
        },
        "up": {
          "uv": [
            0,
            0,
            1.71429,
            0
          ],
          "texture": "#1"
        },
        "down": {
          "uv": [
            0,
            0,
            1.71429,
            0
          ],
          "texture": "#1"
        }
      }
    },
    {
      "from": [
        -8.6,
        9.75,
        8.175
      ],
      "to": [
        -5.6,
        12.75,
        8.175
      ],
      "rotation": {
        "angle": 0,
        "axis": "y",
        "origin": [
          13.25,
          13.25,
          11.75
        ]
      },
      "faces": {
        "east": {
          "uv": [
            0,
            0,
            0,
            1.71429
          ],
          "texture": "#1"
        },
        "south": {
          "uv": [
            4.33451,
            4.86905,
            0,
            9.20356
          ],
          "texture": "#1"
        },
        "west": {
          "uv": [
            0,
            0,
            0,
            1.71429
          ],
          "texture": "#1"
        },
        "up": {
          "uv": [
            0,
            0,
            1.71429,
            0
          ],
          "texture": "#1"
        },
        "down": {
          "uv": [
            0,
            0,
            1.71429,
            0
          ],
          "texture": "#1"
        }
      }
    },
    {
      "from": [
        0.125,
        1.15,
        8.425
      ],
      "to": [
        3.125,
        4.15,
        8.425
      ],
      "rotation": {
        "angle": 0,
        "axis": "y",
        "origin": [
          8.7,
          14.6,
          11.75
        ]
      },
      "faces": {
        "east": {
          "uv": [
            0,
            0,
            0,
            1.71429
          ],
          "texture": "#1"
        },
        "south": {
          "uv": [
            5.33933,
            10.00476,
            1.00482,
            14.33928
          ],
          "texture": "#1"
        },
        "west": {
          "uv": [
            0,
            0,
            0,
            1.71429
          ],
          "texture": "#1"
        },
        "up": {
          "uv": [
            0,
            0,
            1.71429,
            0
          ],
          "texture": "#1"
        },
        "down": {
          "uv": [
            0,
            0,
            1.71429,
            0
          ],
          "texture": "#1"
        }
      }
    },
    {
      "from": [
        12.875,
        1.15,
        8.425
      ],
      "to": [
        15.875,
        4.15,
        8.425
      ],
      "rotation": {
        "angle": 0,
        "axis": "y",
        "origin": [
          7.3,
          14.6,
          11.75
        ]
      },
      "faces": {
        "east": {
          "uv": [
            0,
            0,
            0,
            1.71429
          ],
          "texture": "#1"
        },
        "south": {
          "uv": [
            1.00482,
            10.00476,
            5.33933,
            14.33928
          ],
          "texture": "#1"
        },
        "west": {
          "uv": [
            0,
            0,
            0,
            1.71429
          ],
          "texture": "#1"
        },
        "up": {
          "uv": [
            1.71429,
            0,
            0,
            0
          ],
          "texture": "#1"
        },
        "down": {
          "uv": [
            1.71429,
            0,
            0,
            0
          ],
          "texture": "#1"
        }
      }
    },
    {
      "from": [
        14.85,
        6.925,
        8.175
      ],
      "to": [
        17.85,
        9.925,
        8.175
      ],
      "rotation": {
        "angle": 0,
        "axis": "y",
        "origin": [
          0.9,
          9.975,
          11.575
        ]
      },
      "faces": {
        "east": {
          "uv": [
            0,
            0,
            0,
            1.71429
          ],
          "texture": "#1"
        },
        "south": {
          "uv": [
            4.33454,
            0,
            0,
            4.33451
          ],
          "texture": "#1"
        },
        "west": {
          "uv": [
            0,
            0,
            0,
            1.71429
          ],
          "texture": "#1"
        },
        "up": {
          "uv": [
            1.71429,
            0,
            0,
            0
          ],
          "texture": "#1"
        },
        "down": {
          "uv": [
            1.71429,
            0,
            0,
            0
          ],
          "texture": "#1"
        }
      }
    },
    {
      "from": [
        21.6,
        9.75,
        8.175
      ],
      "to": [
        24.6,
        12.75,
        8.175
      ],
      "rotation": {
        "angle": 0,
        "axis": "y",
        "origin": [
          2.75,
          13.25,
          11.75
        ]
      },
      "faces": {
        "east": {
          "uv": [
            0,
            0,
            0,
            1.71429
          ],
          "texture": "#1"
        },
        "south": {
          "uv": [
            0,
            4.86905,
            4.33451,
            9.20356
          ],
          "texture": "#1"
        },
        "west": {
          "uv": [
            0,
            0,
            0,
            1.71429
          ],
          "texture": "#1"
        },
        "up": {
          "uv": [
            1.71429,
            0,
            0,
            0
          ],
          "texture": "#1"
        },
        "down": {
          "uv": [
            1.71429,
            0,
            0,
            0
          ],
          "texture": "#1"
        }
      }
    }
  ],
  "gui_light": "front",
  "display": {
    "thirdperson_righthand": {
      "rotation": [
        -148.75,
        0,
        -180
      ],
      "translation": [
        0,
        0.25,
        -0.5
      ],
      "scale": [
        0.46484,
        0.46484,
        0.46484
      ]
    },
    "thirdperson_lefthand": {
      "rotation": [
        66.75,
        0,
        0
      ],
      "translation": [
        -5.5,
        -6.5,
        9.25
      ],
      "scale": [
        1.53906,
        1.53906,
        1.53906
      ]
    },
    "firstperson_righthand": {
      "rotation": [
        0,
        180,
        0
      ],
      "translation": [
        0,
        1,
        0
      ],
      "scale": [
        0.86523,
        0.86523,
        0.86523
      ]
    },
    "firstperson_lefthand": {
      "scale": [
        0,
        0,
        0
      ]
    },
    "ground": {
      "rotation": [
        -35,
        0,
        0
      ],
      "translation": [
        0,
        9.5,
        0
      ]
    },
    "gui": {
      "scale": [
        0.44922,
        0.44922,
        0.44922
      ]
    },
    "head": {
      "translation": [
        0,
        -47.25,
        7.75
      ],
      "scale": [
        2.66797,
        2.66797,
        2.66797
      ]
    },
    "fixed": {
      "rotation": [
        0,
        180,
        0
      ],
      "translation": [
        0,
        1.5,
        -0.25
      ]
    }
  }
}