{
  "credit": "MadebyBlockbench.",
  "texture_size": [
    32,
    32
  ],
  "textures": {
    "0": "elitecreatures:santa_decoration/jingle_bells_0"
  },
  "elements": [
    {
      "from": [
        8,
        0,
        6
      ],
      "to": [
        15,
        2,
        13
      ],
      "rotation": {
        "angle": 45,
        "axis": "y",
        "origin": [
          10.5,
          6,
          8.5
        ]
      },
      "faces": {
        "north": {
          "uv": [
            9,
            6,
            12.5,
            7
          ],
          "texture": "#0"
        },
        "east": {
          "uv": [
            9,
            6,
            12.5,
            7
          ],
          "texture": "#0"
        },
        "south": {
          "uv": [
            9,
            6,
            12.5,
            7
          ],
          "texture": "#0"
        },
        "west": {
          "uv": [
            9,
            6,
            12.5,
            7
          ],
          "texture": "#0"
        },
        "up": {
          "uv": [
            9,
            3.5,
            5.5,
            0
          ],
          "texture": "#0"
        },
        "down": {
          "uv": [
            9,
            3.5,
            5.5,
            7
          ],
          "texture": "#0"
        }
      }
    },
    {
      "from": [
        9,
        2,
        7
      ],
      "to": [
        14,
        8,
        12
      ],
      "rotation": {
        "angle": 45,
        "axis": "y",
        "origin": [
          10.5,
          6,
          8.5
        ]
      },
      "faces": {
        "north": {
          "uv": [
            5.5,
            7,
            8,
            10
          ],
          "texture": "#0"
        },
        "east": {
          "uv": [
            5.5,
            7,
            8,
            10
          ],
          "texture": "#0"
        },
        "south": {
          "uv": [
            5.5,
            7,
            8,
            10
          ],
          "texture": "#0"
        },
        "west": {
          "uv": [
            5.5,
            7,
            8,
            10
          ],
          "texture": "#0"
        },
        "up": {
          "uv": [
            2.5,
            12.5,
            0,
            10
          ],
          "texture": "#0"
        },
        "down": {
          "uv": [
            5,
            10,
            2.5,
            12.5
          ],
          "texture": "#0"
        }
      }
    },
    {
      "from": [
        12,
        9,
        9
      ],
      "to": [
        15,
        11,
        10
      ],
      "rotation": {
        "angle": 45,
        "axis": "y",
        "origin": [
          10.5,
          6,
          8.5
        ]
      },
      "faces": {
        "north": {
          "uv": [
            6.5,
            11,
            8,
            12
          ],
          "texture": "#0"
        },
        "east": {
          "uv": [
            6.5,
            12,
            7,
            13
          ],
          "texture": "#0"
        },
        "south": {
          "uv": [
            8,
            11,
            6.5,
            12
          ],
          "texture": "#0"
        },
        "west": {
          "uv": [
            7,
            12,
            7.5,
            13
          ],
          "texture": "#0"
        },
        "up": {
          "uv": [
            12,
            10,
            10.5,
            9.5
          ],
          "texture": "#0"
        },
        "down": {
          "uv": [
            13,
            4,
            11.5,
            4.5
          ],
          "texture": "#0"
        }
      }
    },
    {
      "from": [
        10,
        8,
        8
      ],
      "to": [
        13,
        10,
        11
      ],
      "rotation": {
        "angle": 45,
        "axis": "y",
        "origin": [
          10.5,
          6,
          8.5
        ]
      },
      "faces": {
        "north": {
          "uv": [
            9.5,
            11,
            11,
            12
          ],
          "texture": "#0"
        },
        "east": {
          "uv": [
            11,
            11,
            12.5,
            12
          ],
          "texture": "#0"
        },
        "south": {
          "uv": [
            11,
            11,
            9.5,
            12
          ],
          "texture": "#0"
        },
        "west": {
          "uv": [
            12.5,
            11,
            11,
            12
          ],
          "texture": "#0"
        },
        "up": {
          "uv": [
            12,
            9.5,
            10.5,
            8
          ],
          "texture": "#0"
        },
        "down": {
          "uv": [
            6.5,
            11,
            5,
            12.5
          ],
          "texture": "#0"
        }
      }
    },
    {
      "from": [
        8,
        9,
        9
      ],
      "to": [
        11,
        11,
        10
      ],
      "rotation": {
        "angle": 45,
        "axis": "y",
        "origin": [
          10.5,
          6,
          8.5
        ]
      },
      "faces": {
        "north": {
          "uv": [
            11.5,
            2,
            13,
            3
          ],
          "texture": "#0"
        },
        "east": {
          "uv": [
            7.5,
            12,
            8,
            13
          ],
          "texture": "#0"
        },
        "south": {
          "uv": [
            13,
            2,
            11.5,
            3
          ],
          "texture": "#0"
        },
        "west": {
          "uv": [
            8,
            12,
            8.5,
            13
          ],
          "texture": "#0"
        },
        "up": {
          "uv": [
            13,
            5,
            11.5,
            4.5
          ],
          "texture": "#0"
        },
        "down": {
          "uv": [
            13,
            5,
            11.5,
            5.5
          ],
          "texture": "#0"
        }
      }
    },
    {
      "from": [
        6,
        6,
        9.5
      ],
      "to": [
        17,
        16,
        9.5
      ],
      "rotation": {
        "angle": 45,
        "axis": "y",
        "origin": [
          10.5,
          6,
          8.5
        ]
      },
      "faces": {
        "north": {
          "uv": [
            0,
            0,
            5.5,
            5
          ],
          "texture": "#0"
        },
        "east": {
          "uv": [
            0,
            0,
            0,
            5
          ],
          "texture": "#0"
        },
        "south": {
          "uv": [
            5.5,
            0,
            0,
            5
          ],
          "texture": "#0"
        },
        "west": {
          "uv": [
            0,
            0,
            0,
            5
          ],
          "texture": "#0"
        },
        "up": {
          "uv": [
            5.5,
            0,
            0,
            0
          ],
          "texture": "#0"
        },
        "down": {
          "uv": [
            5.5,
            0,
            0,
            0
          ],
          "texture": "#0"
        }
      }
    },
    {
      "from": [
        -2,
        6,
        8.5
      ],
      "to": [
        9,
        16,
        8.5
      ],
      "rotation": {
        "angle": -22.5,
        "axis": "y",
        "origin": [
          10.5,
          6,
          8.5
        ]
      },
      "faces": {
        "north": {
          "uv": [
            0,
            0,
            5.5,
            5
          ],
          "texture": "#0"
        },
        "east": {
          "uv": [
            0,
            0,
            0,
            5
          ],
          "texture": "#0"
        },
        "south": {
          "uv": [
            5.5,
            0,
            0,
            5
          ],
          "texture": "#0"
        },
        "west": {
          "uv": [
            0,
            0,
            0,
            5
          ],
          "texture": "#0"
        },
        "up": {
          "uv": [
            5.5,
            0,
            0,
            0
          ],
          "texture": "#0"
        },
        "down": {
          "uv": [
            5.5,
            0,
            0,
            0
          ],
          "texture": "#0"
        }
      }
    },
    {
      "from": [
        0,
        9,
        8
      ],
      "to": [
        3,
        11,
        9
      ],
      "rotation": {
        "angle": -22.5,
        "axis": "y",
        "origin": [
          10.5,
          6,
          8.5
        ]
      },
      "faces": {
        "north": {
          "uv": [
            11.5,
            2,
            13,
            3
          ],
          "texture": "#0"
        },
        "east": {
          "uv": [
            7.5,
            12,
            8,
            13
          ],
          "texture": "#0"
        },
        "south": {
          "uv": [
            13,
            2,
            11.5,
            3
          ],
          "texture": "#0"
        },
        "west": {
          "uv": [
            8,
            12,
            8.5,
            13
          ],
          "texture": "#0"
        },
        "up": {
          "uv": [
            13,
            5,
            11.5,
            4.5
          ],
          "texture": "#0"
        },
        "down": {
          "uv": [
            13,
            5,
            11.5,
            5.5
          ],
          "texture": "#0"
        }
      }
    },
    {
      "from": [
        2,
        8,
        7
      ],
      "to": [
        5,
        10,
        10
      ],
      "rotation": {
        "angle": -22.5,
        "axis": "y",
        "origin": [
          10.5,
          6,
          8.5
        ]
      },
      "faces": {
        "north": {
          "uv": [
            9.5,
            11,
            11,
            12
          ],
          "texture": "#0"
        },
        "east": {
          "uv": [
            11,
            11,
            12.5,
            12
          ],
          "texture": "#0"
        },
        "south": {
          "uv": [
            11,
            11,
            9.5,
            12
          ],
          "texture": "#0"
        },
        "west": {
          "uv": [
            12.5,
            11,
            11,
            12
          ],
          "texture": "#0"
        },
        "up": {
          "uv": [
            12,
            9.5,
            10.5,
            8
          ],
          "texture": "#0"
        },
        "down": {
          "uv": [
            6.5,
            11,
            5,
            12.5
          ],
          "texture": "#0"
        }
      }
    },
    {
      "from": [
        4,
        9,
        8
      ],
      "to": [
        7,
        11,
        9
      ],
      "rotation": {
        "angle": -22.5,
        "axis": "y",
        "origin": [
          10.5,
          6,
          8.5
        ]
      },
      "faces": {
        "north": {
          "uv": [
            6.5,
            11,
            8,
            12
          ],
          "texture": "#0"
        },
        "east": {
          "uv": [
            6.5,
            12,
            7,
            13
          ],
          "texture": "#0"
        },
        "south": {
          "uv": [
            8,
            11,
            6.5,
            12
          ],
          "texture": "#0"
        },
        "west": {
          "uv": [
            7,
            12,
            7.5,
            13
          ],
          "texture": "#0"
        },
        "up": {
          "uv": [
            12,
            10,
            10.5,
            9.5
          ],
          "texture": "#0"
        },
        "down": {
          "uv": [
            13,
            4,
            11.5,
            4.5
          ],
          "texture": "#0"
        }
      }
    },
    {
      "from": [
        1,
        2,
        6
      ],
      "to": [
        6,
        8,
        11
      ],
      "rotation": {
        "angle": -22.5,
        "axis": "y",
        "origin": [
          10.5,
          6,
          8.5
        ]
      },
      "faces": {
        "north": {
          "uv": [
            5.5,
            7,
            8,
            10
          ],
          "texture": "#0"
        },
        "east": {
          "uv": [
            5.5,
            7,
            8,
            10
          ],
          "texture": "#0"
        },
        "south": {
          "uv": [
            5.5,
            7,
            8,
            10
          ],
          "texture": "#0"
        },
        "west": {
          "uv": [
            5.5,
            7,
            8,
            10
          ],
          "texture": "#0"
        },
        "up": {
          "uv": [
            2.5,
            12.5,
            0,
            10
          ],
          "texture": "#0"
        },
        "down": {
          "uv": [
            5,
            10,
            2.5,
            12.5
          ],
          "texture": "#0"
        }
      }
    },
    {
      "from": [
        0,
        0,
        5
      ],
      "to": [
        7,
        2,
        12
      ],
      "rotation": {
        "angle": -22.5,
        "axis": "y",
        "origin": [
          10.5,
          6,
          8.5
        ]
      },
      "faces": {
        "north": {
          "uv": [
            9,
            6,
            12.5,
            7
          ],
          "texture": "#0"
        },
        "east": {
          "uv": [
            9,
            6,
            12.5,
            7
          ],
          "texture": "#0"
        },
        "south": {
          "uv": [
            9,
            6,
            12.5,
            7
          ],
          "texture": "#0"
        },
        "west": {
          "uv": [
            9,
            6,
            12.5,
            7
          ],
          "texture": "#0"
        },
        "up": {
          "uv": [
            9,
            3.5,
            5.5,
            0
          ],
          "texture": "#0"
        },
        "down": {
          "uv": [
            9,
            3.5,
            5.5,
            7
          ],
          "texture": "#0"
        }
      }
    }
  ],
  "gui_light": "front",
  "display": {
    "thirdperson_righthand": {
      "rotation": [
        75,
        45,
        0
      ],
      "translation": [
        0,
        2.5,
        0
      ],
      "scale": [
        0.375,
        0.375,
        0.375
      ]
    },
    "thirdperson_lefthand": {
      "rotation": [
        75,
        45,
        0
      ],
      "translation": [
        0,
        2.5,
        0
      ],
      "scale": [
        0.375,
        0.375,
        0.375
      ]
    },
    "firstperson_righthand": {
      "rotation": [
        -180,
        45,
        -180
      ],
      "translation": [
        0,
        3,
        0
      ],
      "scale": [
        0.4,
        0.4,
        0.4
      ]
    },
    "firstperson_lefthand": {
      "rotation": [
        0,
        -90,
        0
      ],
      "translation": [
        0,
        3,
        0
      ],
      "scale": [
        0.4,
        0.4,
        0.4
      ]
    },
    "ground": {
      "translation": [
        0,
        2,
        0
      ],
      "scale": [
        0.5,
        0.5,
        0.5
      ]
    },
    "gui": {
      "rotation": [
        30,
        45,
        0
      ],
      "translation": [
        1,
        1.65,
        0
      ],
      "scale": [
        0.87109,
        0.87109,
        0.87109
      ]
    },
    "head": {
      "translation": [
        0,
        -30.4,
        0
      ],
      "scale": [
        1.6,
        1.6,
        1.6
      ]
    },
    "fixed": {
      "rotation": [
        -90,
        180,
        0
      ],
      "translation": [
        0,
        0,
        -16
      ],
      "scale": [
        2.01,
        2.01,
        2.01
      ]
    }
  }
}