{
	"credit": "Made with Blockbench",
	"texture_size": [64, 64],
	"textures": {
		"1": "modelengine:entity/chinese_dragon"
	},
	"elements": [
		{
			"from": [8.5, 7, 3],
			"to": [8.5, 8, 9],
			"rotation": {"angle": 0, "axis": "y", "origin": [7.5, 8, 6]},
			"faces": {
				"north": {"uv": [0.025, 0.025, 0.025, 0.225], "texture": "#1"},
				"east": {"uv": [12.525, 1.275, 13.975, 1.475], "texture": "#1"},
				"south": {"uv": [0.025, 0.025, 0.025, 0.225], "texture": "#1"},
				"west": {"uv": [12.525, 1.525, 13.975, 1.725], "texture": "#1"},
				"up": {"uv": [0.025, 1.475, 0.025, 0.025], "texture": "#1"},
				"down": {"uv": [0.025, 0.025, 0.025, 1.475], "texture": "#1"}
			}
		},
		{
			"from": [5, 10, 5],
			"to": [9, 12, 9],
			"rotation": {"angle": 0, "axis": "y", "origin": [6, 10, 6]},
			"faces": {
				"north": {"uv": [6.025, 1.025, 6.975, 1.475], "texture": "#1"},
				"east": {"uv": [7.775, 3.025, 8.725, 3.475], "texture": "#1"},
				"south": {"uv": [1.025, 8.275, 1.975, 8.725], "texture": "#1"},
				"west": {"uv": [12.025, 4.275, 12.975, 4.725], "texture": "#1"},
				"up": {"uv": [7.975, 11.225, 7.025, 10.275], "texture": "#1"},
				"down": {"uv": [8.975, 10.275, 8.025, 11.225], "texture": "#1"}
			}
		},
		{
			"from": [5, 11.92388, 5.38268],
			"to": [9, 13.92388, 5.38268],
			"rotation": {"angle": 22.5, "axis": "x", "origin": [6, 12.92388, 5.38268]},
			"faces": {
				"north": {"uv": [12.025, 10.775, 12.975, 11.225], "texture": "#1"},
				"east": {"uv": [0.025, 0.025, 0.025, 0.475], "texture": "#1"},
				"south": {"uv": [0.025, 12.275, 0.975, 12.725], "texture": "#1"},
				"west": {"uv": [0.025, 0.025, 0.025, 0.475], "texture": "#1"},
				"up": {"uv": [0.975, 0.025, 0.025, 0.025], "texture": "#1"},
				"down": {"uv": [0.975, 0.025, 0.025, 0.025], "texture": "#1"}
			}
		},
		{
			"from": [5, 8, 1],
			"to": [9, 10, 9],
			"rotation": {"angle": 0, "axis": "y", "origin": [6, 8, 6]},
			"faces": {
				"north": {"uv": [12.025, 9.775, 12.975, 10.225], "texture": "#1"},
				"east": {"uv": [9.025, 10.275, 10.975, 10.725], "texture": "#1"},
				"south": {"uv": [12.025, 10.275, 12.975, 10.725], "texture": "#1"},
				"west": {"uv": [1.025, 10.525, 2.975, 10.975], "texture": "#1"},
				"up": {"uv": [4.975, 6.975, 4.025, 5.025], "texture": "#1"},
				"down": {"uv": [5.975, 5.025, 5.025, 6.975], "texture": "#1"}
			}
		},
		{
			"from": [5, 10, 1],
			"to": [9, 11, 3],
			"rotation": {"angle": 0, "axis": "y", "origin": [6, 8, 6]},
			"faces": {
				"north": {"uv": [10.025, 6.275, 10.975, 6.475], "texture": "#1"},
				"east": {"uv": [1.025, 6.025, 1.475, 6.225], "texture": "#1"},
				"south": {"uv": [12.525, 12.275, 13.475, 12.475], "texture": "#1"},
				"west": {"uv": [5.525, 10.275, 5.975, 10.475], "texture": "#1"},
				"up": {"uv": [13.225, 0.475, 12.275, 0.025], "texture": "#1"},
				"down": {"uv": [13.225, 0.525, 12.275, 0.975], "texture": "#1"}
			}
		},
		{
			"from": [5, 6, 9],
			"to": [9, 11, 12],
			"rotation": {"angle": 0, "axis": "y", "origin": [6, 8, 6]},
			"faces": {
				"north": {"uv": [5.025, 9.025, 5.975, 10.225], "texture": "#1"},
				"east": {"uv": [5.525, 11.525, 6.225, 12.725], "texture": "#1"},
				"south": {"uv": [9.775, 1.775, 10.725, 2.975], "texture": "#1"},
				"west": {"uv": [11.775, 1.025, 12.475, 2.225], "texture": "#1"},
				"up": {"uv": [11.475, 12.475, 10.525, 11.775], "texture": "#1"},
				"down": {"uv": [12.475, 11.775, 11.525, 12.475], "texture": "#1"}
			}
		},
		{
			"from": [4, 12.14713, 11.77202],
			"to": [10, 12.14713, 17.77202],
			"rotation": {"angle": -22.5, "axis": "x", "origin": [6, 12.14713, 14.77202]},
			"faces": {
				"north": {"uv": [0.025, 0.025, 1.475, 0.025], "texture": "#1"},
				"east": {"uv": [0.025, 0.025, 1.475, 0.025], "texture": "#1"},
				"south": {"uv": [0.025, 0.025, 1.475, 0.025], "texture": "#1"},
				"west": {"uv": [0.025, 0.025, 1.475, 0.025], "texture": "#1"},
				"up": {"uv": [1.475, 5.975, 0.025, 4.525], "texture": "#1"},
				"down": {"uv": [5.975, 0.025, 4.525, 1.475], "texture": "#1"}
			}
		},
		{
			"from": [3.23223, 4, 11.26777],
			"to": [3.23223, 11, 16.26777],
			"rotation": {"angle": -45, "axis": "y", "origin": [3.23223, 7.5, 13.76777]},
			"faces": {
				"north": {"uv": [0.025, 0.025, 0.025, 1.725], "texture": "#1"},
				"east": {"uv": [1.525, 4.525, 2.725, 6.225], "texture": "#1"},
				"south": {"uv": [0.025, 0.025, 0.025, 1.725], "texture": "#1"},
				"west": {"uv": [4.525, 1.525, 5.725, 3.225], "texture": "#1"},
				"up": {"uv": [0.025, 1.225, 0.025, 0.025], "texture": "#1"},
				"down": {"uv": [0.025, 0.025, 0.025, 1.225], "texture": "#1"}
			}
		},
		{
			"from": [5.5, 7, 3],
			"to": [5.5, 8, 9],
			"rotation": {"angle": 0, "axis": "y", "origin": [6.5, 8, 6]},
			"faces": {
				"north": {"uv": [0.025, 0.025, 0.025, 0.225], "texture": "#1"},
				"east": {"uv": [6.775, 12.275, 8.225, 12.475], "texture": "#1"},
				"south": {"uv": [0.025, 0.025, 0.025, 0.225], "texture": "#1"},
				"west": {"uv": [12.525, 1.025, 13.975, 1.225], "texture": "#1"},
				"up": {"uv": [0.025, 1.475, 0.025, 0.025], "texture": "#1"},
				"down": {"uv": [0.025, 0.025, 0.025, 1.475], "texture": "#1"}
			}
		},
		{
			"from": [0.73294, 6.23153, 1],
			"to": [5.73294, 6.23153, 11],
			"rotation": {"angle": 45, "axis": "z", "origin": [3.23294, 6.23153, 6]},
			"faces": {
				"north": {"uv": [0.025, 0.025, 1.225, 0.025], "texture": "#1"},
				"east": {"uv": [0.025, 0.025, 2.475, 0.025], "texture": "#1"},
				"south": {"uv": [0.025, 0.025, 1.225, 0.025], "texture": "#1"},
				"west": {"uv": [0.025, 0.025, 2.475, 0.025], "texture": "#1"},
				"up": {"uv": [4.475, 2.475, 3.275, 0.025], "texture": "#1"},
				"down": {"uv": [4.475, 2.525, 3.275, 4.975], "texture": "#1"}
			}
		},
		{
			"from": [8.26706, 6.23153, 1],
			"to": [13.26706, 6.23153, 11],
			"rotation": {"angle": -45, "axis": "z", "origin": [10.76706, 6.23153, 6]},
			"faces": {
				"north": {"uv": [1.225, 0.025, 0.025, 0.025], "texture": "#1"},
				"east": {"uv": [2.475, 0.025, 0.025, 0.025], "texture": "#1"},
				"south": {"uv": [1.225, 0.025, 0.025, 0.025], "texture": "#1"},
				"west": {"uv": [2.475, 0.025, 0.025, 0.025], "texture": "#1"},
				"up": {"uv": [3.275, 2.475, 4.475, 0.025], "texture": "#1"},
				"down": {"uv": [3.275, 2.525, 4.475, 4.975], "texture": "#1"}
			}
		},
		{
			"from": [4.5, 10.38268, 4.92388],
			"to": [6.5, 12.38268, 7.92388],
			"rotation": {"angle": -22.5, "axis": "x", "origin": [6.5, 10.38268, 5.92388]},
			"faces": {
				"north": {"uv": [2.775, 4.525, 3.225, 4.975], "texture": "#1"},
				"east": {"uv": [2.025, 6.275, 2.725, 6.725], "texture": "#1"},
				"south": {"uv": [8.025, 12.525, 8.475, 12.975], "texture": "#1"},
				"west": {"uv": [7.025, 1.025, 7.725, 1.475], "texture": "#1"},
				"up": {"uv": [6.975, 11.225, 6.525, 10.525], "texture": "#1"},
				"down": {"uv": [6.725, 12.275, 6.275, 12.975], "texture": "#1"}
			}
		},
		{
			"from": [5.5, 6, 6],
			"to": [8.5, 7, 6],
			"rotation": {"angle": -45, "axis": "x", "origin": [6.5, 4, 9]},
			"faces": {
				"north": {"uv": [1.025, 13.025, 1.725, 13.225], "texture": "#1"},
				"east": {"uv": [0.025, 0.025, 0.025, 0.225], "texture": "#1"},
				"south": {"uv": [1.775, 13.025, 2.475, 13.225], "texture": "#1"},
				"west": {"uv": [0.025, 0.025, 0.025, 0.225], "texture": "#1"},
				"up": {"uv": [0.725, 0.025, 0.025, 0.025], "texture": "#1"},
				"down": {"uv": [0.725, 0.025, 0.025, 0.025], "texture": "#1"}
			}
		},
		{
			"from": [5.5, 6, 7],
			"to": [5.5, 7, 12],
			"rotation": {"angle": -45, "axis": "x", "origin": [6.5, 4, 9]},
			"faces": {
				"north": {"uv": [0.025, 0.025, 0.025, 0.225], "texture": "#1"},
				"east": {"uv": [10.525, 12.525, 11.725, 12.725], "texture": "#1"},
				"south": {"uv": [0.025, 0.025, 0.025, 0.225], "texture": "#1"},
				"west": {"uv": [11.775, 12.525, 12.975, 12.725], "texture": "#1"},
				"up": {"uv": [0.025, 1.225, 0.025, 0.025], "texture": "#1"},
				"down": {"uv": [0.025, 0.025, 0.025, 1.225], "texture": "#1"}
			}
		},
		{
			"from": [5.5, 5, 6],
			"to": [8.5, 6, 12],
			"rotation": {"angle": -45, "axis": "x", "origin": [6.5, 4, 9]},
			"faces": {
				"north": {"uv": [12.025, 12.775, 12.725, 12.975], "texture": "#1"},
				"east": {"uv": [12.275, 5.775, 13.725, 5.975], "texture": "#1"},
				"south": {"uv": [12.775, 12.775, 13.475, 12.975], "texture": "#1"},
				"west": {"uv": [12.275, 6.025, 13.725, 6.225], "texture": "#1"},
				"up": {"uv": [3.725, 11.225, 3.025, 9.775], "texture": "#1"},
				"down": {"uv": [4.475, 9.775, 3.775, 11.225], "texture": "#1"}
			}
		},
		{
			"from": [5.5, -0.87092, 8.48127],
			"to": [8.5, 4.12908, 8.48127],
			"rotation": {"angle": -45, "axis": "x", "origin": [7, 1.62908, 8.48127]},
			"faces": {
				"north": {"uv": [9.025, 11.775, 9.725, 12.975], "texture": "#1"},
				"east": {"uv": [0.025, 0.025, 0.025, 1.225], "texture": "#1"},
				"south": {"uv": [9.775, 11.775, 10.475, 12.975], "texture": "#1"},
				"west": {"uv": [0.025, 0.025, 0.025, 1.225], "texture": "#1"},
				"up": {"uv": [0.725, 0.025, 0.025, 0.025], "texture": "#1"},
				"down": {"uv": [0.725, 0.025, 0.025, 0.025], "texture": "#1"}
			}
		},
		{
			"from": [5, 7.03806, 1.19134],
			"to": [9, 8.03806, 1.19134],
			"rotation": {"angle": -22.5, "axis": "x", "origin": [7, 7.53806, 1.19134]},
			"faces": {
				"north": {"uv": [3.025, 8.775, 3.975, 8.975], "texture": "#1"},
				"east": {"uv": [0.025, 0.025, 0.025, 0.225], "texture": "#1"},
				"south": {"uv": [9.025, 5.275, 9.975, 5.475], "texture": "#1"},
				"west": {"uv": [0.025, 0.025, 0.025, 0.225], "texture": "#1"},
				"up": {"uv": [0.975, 0.025, 0.025, 0.025], "texture": "#1"},
				"down": {"uv": [0.975, 0.025, 0.025, 0.025], "texture": "#1"}
			}
		},
		{
			"from": [4, 11, 8],
			"to": [6, 13, 17],
			"rotation": {"angle": -22.5, "axis": "x", "origin": [6, 11, 10.5]},
			"faces": {
				"north": {"uv": [0.025, 12.775, 0.475, 13.225], "texture": "#1"},
				"east": {"uv": [10.025, 0.025, 12.225, 0.475], "texture": "#1"},
				"south": {"uv": [0.525, 12.775, 0.975, 13.225], "texture": "#1"},
				"west": {"uv": [10.025, 0.525, 12.225, 0.975], "texture": "#1"},
				"up": {"uv": [4.975, 11.975, 4.525, 9.775], "texture": "#1"},
				"down": {"uv": [0.475, 10.025, 0.025, 12.225], "texture": "#1"}
			}
		},
		{
			"from": [7.5, 10.38268, 4.92388],
			"to": [9.5, 12.38268, 7.92388],
			"rotation": {"angle": -22.5, "axis": "x", "origin": [7.5, 10.38268, 5.92388]},
			"faces": {
				"north": {"uv": [12.775, 2.775, 13.225, 3.225], "texture": "#1"},
				"east": {"uv": [12.525, 1.775, 13.225, 2.225], "texture": "#1"},
				"south": {"uv": [3.025, 12.775, 3.475, 13.225], "texture": "#1"},
				"west": {"uv": [6.775, 12.525, 7.475, 12.975], "texture": "#1"},
				"up": {"uv": [5.475, 13.225, 5.025, 12.525], "texture": "#1"},
				"down": {"uv": [7.975, 12.525, 7.525, 13.225], "texture": "#1"}
			}
		},
		{
			"from": [8, 11, 8],
			"to": [10, 13, 17],
			"rotation": {"angle": -22.5, "axis": "x", "origin": [8, 11, 10.5]},
			"faces": {
				"north": {"uv": [12.775, 2.275, 13.225, 2.725], "texture": "#1"},
				"east": {"uv": [10.025, 5.275, 12.225, 5.725], "texture": "#1"},
				"south": {"uv": [2.525, 12.775, 2.975, 13.225], "texture": "#1"},
				"west": {"uv": [10.025, 5.775, 12.225, 6.225], "texture": "#1"},
				"up": {"uv": [0.975, 12.225, 0.525, 10.025], "texture": "#1"},
				"down": {"uv": [5.475, 10.275, 5.025, 12.475], "texture": "#1"}
			}
		},
		{
			"from": [10.76777, 4, 11.26777],
			"to": [10.76777, 11, 16.26777],
			"rotation": {"angle": 45, "axis": "y", "origin": [10.76777, 7.5, 13.76777]},
			"faces": {
				"north": {"uv": [0.025, 0.025, 0.025, 1.725], "texture": "#1"},
				"east": {"uv": [4.525, 3.275, 5.725, 4.975], "texture": "#1"},
				"south": {"uv": [0.025, 0.025, 0.025, 1.725], "texture": "#1"},
				"west": {"uv": [2.775, 5.025, 3.975, 6.725], "texture": "#1"},
				"up": {"uv": [0.025, 1.225, 0.025, 0.025], "texture": "#1"},
				"down": {"uv": [0.025, 0.025, 0.025, 1.225], "texture": "#1"}
			}
		},
		{
			"from": [8.5, 6, 7],
			"to": [8.5, 7, 12],
			"rotation": {"angle": -45, "axis": "x", "origin": [7.5, 4, 9]},
			"faces": {
				"north": {"uv": [0.025, 0.025, 0.025, 0.225], "texture": "#1"},
				"east": {"uv": [12.525, 11.775, 13.725, 11.975], "texture": "#1"},
				"south": {"uv": [0.025, 0.025, 0.025, 0.225], "texture": "#1"},
				"west": {"uv": [12.525, 12.025, 13.725, 12.225], "texture": "#1"},
				"up": {"uv": [0.025, 1.225, 0.025, 0.025], "texture": "#1"},
				"down": {"uv": [0.025, 0.025, 0.025, 1.225], "texture": "#1"}
			}
		}
	],
	"gui_light": "front",
	"display": {
		"gui": {
			"rotation": [8, -135, 14],
			"translation": [0.75, 0, 0]
		}
	},
	"groups": [
		{
			"name": "h_head",
			"origin": [1, 22.5, -5],
			"color": 0,
			"children": [0, 1, 2, 3, 4, 5, 6, 7, 8, 9, 10, 11, 12, 13, 14, 15, 16, 17, 18, 19, 20, 21]
		}
	]
}