{
  "credit": "Made by LZLeon with Blockbench, Contact - Discord: LZBlocks#0261 - E-Mail: lzblocks@outlook.com",
  "texture_size": [
    128,
    128
  ],
  "textures": {
    "0": "lzfurniture:furniture/medieval_market/medieval_market_bed",
    "particle": "lzfurniture:furniture/medieval_market/medieval_market_bed"
  },
  "elements": [
    {
      "from": [
        0.5,
        -0.7,
        22
      ],
      "to": [
        11.5,
        2.8,
        30
      ],
      "rotation": {
        "angle": -22.5,
        "axis": "x",
        "origin": [
          1,
          3,
          0
        ]
      },
      "faces": {
        "north": {
          "uv": [
            4.875,
            7.375,
            6.25,
            7.75
          ],
          "texture": "#0"
        },
        "east": {
          "uv": [
            3.875,
            7.375,
            4.875,
            7.75
          ],
          "texture": "#0"
        },
        "south": {
          "uv": [
            7.25,
            7.375,
            8.625,
            7.75
          ],
          "texture": "#0"
        },
        "west": {
          "uv": [
            6.25,
            7.375,
            7.25,
            7.75
          ],
          "texture": "#0"
        },
        "up": {
          "uv": [
            6.25,
            7.375,
            4.875,
            6.375
          ],
          "texture": "#0"
        },
        "down": {
          "uv": [
            7.625,
            6.375,
            6.25,
            7.375
          ],
          "texture": "#0"
        }
      }
    },
    {
      "from": [
        -11.5,
        -0.7,
        22
      ],
      "to": [
        -0.5,
        2.8,
        30
      ],
      "rotation": {
        "angle": -22.5,
        "axis": "x",
        "origin": [
          1,
          3,
          0
        ]
      },
      "faces": {
        "north": {
          "uv": [
            4.875,
            7.375,
            6.25,
            7.75
          ],
          "texture": "#0"
        },
        "east": {
          "uv": [
            3.875,
            7.375,
            4.875,
            7.75
          ],
          "texture": "#0"
        },
        "south": {
          "uv": [
            7.25,
            7.375,
            8.625,
            7.75
          ],
          "texture": "#0"
        },
        "west": {
          "uv": [
            6.25,
            7.375,
            7.25,
            7.75
          ],
          "texture": "#0"
        },
        "up": {
          "uv": [
            6.25,
            7.375,
            4.875,
            6.375
          ],
          "texture": "#0"
        },
        "down": {
          "uv": [
            7.625,
            6.375,
            6.25,
            7.375
          ],
          "texture": "#0"
        }
      }
    },
    {
      "from": [
        -13,
        5,
        1
      ],
      "to": [
        13,
        10,
        30
      ],
      "rotation": {
        "angle": 0,
        "axis": "y",
        "origin": [
          1,
          3,
          0
        ]
      },
      "faces": {
        "north": {
          "uv": [
            3.625,
            3.625,
            6.875,
            4.25
          ],
          "texture": "#0"
        },
        "east": {
          "uv": [
            0,
            3.625,
            3.625,
            4.25
          ],
          "texture": "#0"
        },
        "south": {
          "uv": [
            10.5,
            3.625,
            13.75,
            4.25
          ],
          "texture": "#0"
        },
        "west": {
          "uv": [
            6.875,
            3.625,
            10.5,
            4.25
          ],
          "texture": "#0"
        },
        "up": {
          "uv": [
            6.875,
            3.625,
            3.625,
            0
          ],
          "texture": "#0"
        },
        "down": {
          "uv": [
            10.125,
            0,
            6.875,
            3.625
          ],
          "texture": "#0"
        }
      }
    },
    {
      "from": [
        -12,
        12,
        30
      ],
      "to": [
        12,
        20,
        31
      ],
      "rotation": {
        "angle": 0,
        "axis": "y",
        "origin": [
          1,
          3,
          0
        ]
      },
      "faces": {
        "north": {
          "uv": [
            4,
            4.375,
            7,
            5.375
          ],
          "texture": "#0"
        },
        "east": {
          "uv": [
            3.875,
            4.375,
            4,
            5.375
          ],
          "texture": "#0"
        },
        "south": {
          "uv": [
            7.125,
            4.375,
            10.125,
            5.375
          ],
          "texture": "#0"
        },
        "west": {
          "uv": [
            7,
            4.375,
            7.125,
            5.375
          ],
          "texture": "#0"
        },
        "up": {
          "uv": [
            7,
            4.375,
            4,
            4.25
          ],
          "texture": "#0"
        },
        "down": {
          "uv": [
            10,
            4.25,
            7,
            4.375
          ],
          "texture": "#0"
        }
      }
    },
    {
      "from": [
        -12,
        4,
        0
      ],
      "to": [
        12,
        11,
        1
      ],
      "rotation": {
        "angle": 0,
        "axis": "y",
        "origin": [
          1,
          3,
          0
        ]
      },
      "faces": {
        "north": {
          "uv": [
            4,
            5.5,
            7,
            6.375
          ],
          "texture": "#0"
        },
        "east": {
          "uv": [
            3.875,
            5.5,
            4,
            6.375
          ],
          "texture": "#0"
        },
        "south": {
          "uv": [
            7.125,
            5.5,
            10.125,
            6.375
          ],
          "texture": "#0"
        },
        "west": {
          "uv": [
            7,
            5.5,
            7.125,
            6.375
          ],
          "texture": "#0"
        },
        "up": {
          "uv": [
            7,
            5.5,
            4,
            5.375
          ],
          "texture": "#0"
        },
        "down": {
          "uv": [
            10,
            5.375,
            7,
            5.5
          ],
          "texture": "#0"
        }
      }
    },
    {
      "from": [
        -12,
        4,
        30
      ],
      "to": [
        12,
        11,
        31
      ],
      "rotation": {
        "angle": 0,
        "axis": "y",
        "origin": [
          1,
          3,
          0
        ]
      },
      "faces": {
        "north": {
          "uv": [
            4,
            5.5,
            7,
            6.375
          ],
          "texture": "#0"
        },
        "east": {
          "uv": [
            3.875,
            5.5,
            4,
            6.375
          ],
          "texture": "#0"
        },
        "south": {
          "uv": [
            7.125,
            5.5,
            10.125,
            6.375
          ],
          "texture": "#0"
        },
        "west": {
          "uv": [
            7,
            5.5,
            7.125,
            6.375
          ],
          "texture": "#0"
        },
        "up": {
          "uv": [
            7,
            5.5,
            4,
            5.375
          ],
          "texture": "#0"
        },
        "down": {
          "uv": [
            10,
            5.375,
            7,
            5.5
          ],
          "texture": "#0"
        }
      }
    },
    {
      "from": [
        13,
        4,
        1
      ],
      "to": [
        14,
        11,
        30
      ],
      "rotation": {
        "angle": 0,
        "axis": "y",
        "origin": [
          1,
          3,
          0
        ]
      },
      "faces": {
        "north": {
          "uv": [
            3.625,
            7.875,
            3.75,
            8.75
          ],
          "texture": "#0"
        },
        "east": {
          "uv": [
            0,
            7.875,
            3.625,
            8.75
          ],
          "texture": "#0"
        },
        "south": {
          "uv": [
            7.375,
            7.875,
            7.5,
            8.75
          ],
          "texture": "#0"
        },
        "west": {
          "uv": [
            3.75,
            7.875,
            7.375,
            8.75
          ],
          "texture": "#0"
        },
        "up": {
          "uv": [
            3.75,
            7.875,
            3.625,
            4.25
          ],
          "texture": "#0"
        },
        "down": {
          "uv": [
            3.875,
            4.25,
            3.75,
            7.875
          ],
          "texture": "#0"
        }
      }
    },
    {
      "from": [
        12,
        0,
        -1
      ],
      "to": [
        15,
        13,
        2
      ],
      "rotation": {
        "angle": 0,
        "axis": "y",
        "origin": [
          1,
          3,
          0
        ]
      },
      "faces": {
        "north": {
          "uv": [
            1.875,
            0.375,
            2.25,
            2
          ],
          "texture": "#0"
        },
        "east": {
          "uv": [
            1.5,
            0.375,
            1.875,
            2
          ],
          "texture": "#0"
        },
        "south": {
          "uv": [
            2.625,
            0.375,
            3,
            2
          ],
          "texture": "#0"
        },
        "west": {
          "uv": [
            2.25,
            0.375,
            2.625,
            2
          ],
          "texture": "#0"
        },
        "up": {
          "uv": [
            2.25,
            0.375,
            1.875,
            0
          ],
          "texture": "#0"
        },
        "down": {
          "uv": [
            2.625,
            0,
            2.25,
            0.375
          ],
          "texture": "#0"
        }
      }
    },
    {
      "from": [
        12,
        0,
        29
      ],
      "to": [
        15,
        21,
        32
      ],
      "rotation": {
        "angle": 0,
        "axis": "y",
        "origin": [
          1,
          3,
          0
        ]
      },
      "faces": {
        "north": {
          "uv": [
            0.375,
            0.375,
            0.75,
            3
          ],
          "texture": "#0"
        },
        "east": {
          "uv": [
            0,
            0.375,
            0.375,
            3
          ],
          "texture": "#0"
        },
        "south": {
          "uv": [
            1.125,
            0.375,
            1.5,
            3
          ],
          "texture": "#0"
        },
        "west": {
          "uv": [
            0.75,
            0.375,
            1.125,
            3
          ],
          "texture": "#0"
        },
        "up": {
          "uv": [
            0.75,
            0.375,
            0.375,
            0
          ],
          "texture": "#0"
        },
        "down": {
          "uv": [
            1.125,
            0,
            0.75,
            0.375
          ],
          "texture": "#0"
        }
      }
    },
    {
      "from": [
        -15,
        0,
        29
      ],
      "to": [
        -12,
        21,
        32
      ],
      "shade": false,
      "rotation": {
        "angle": 0,
        "axis": "y",
        "origin": [
          15,
          3,
          0
        ]
      },
      "faces": {
        "north": {
          "uv": [
            0.75,
            0.375,
            0.375,
            3
          ],
          "texture": "#0"
        },
        "east": {
          "uv": [
            1.125,
            0.375,
            0.75,
            3
          ],
          "texture": "#0"
        },
        "south": {
          "uv": [
            1.5,
            0.375,
            1.125,
            3
          ],
          "texture": "#0"
        },
        "west": {
          "uv": [
            0.375,
            0.375,
            0,
            3
          ],
          "texture": "#0"
        },
        "up": {
          "uv": [
            0.375,
            0.375,
            0.75,
            0
          ],
          "texture": "#0"
        },
        "down": {
          "uv": [
            0.75,
            0,
            1.125,
            0.375
          ],
          "texture": "#0"
        }
      }
    },
    {
      "from": [
        -15,
        0,
        -1
      ],
      "to": [
        -12,
        13,
        2
      ],
      "shade": false,
      "rotation": {
        "angle": 0,
        "axis": "y",
        "origin": [
          15,
          3,
          0
        ]
      },
      "faces": {
        "north": {
          "uv": [
            2.25,
            0.375,
            1.875,
            2
          ],
          "texture": "#0"
        },
        "east": {
          "uv": [
            2.625,
            0.375,
            2.25,
            2
          ],
          "texture": "#0"
        },
        "south": {
          "uv": [
            3,
            0.375,
            2.625,
            2
          ],
          "texture": "#0"
        },
        "west": {
          "uv": [
            1.875,
            0.375,
            1.5,
            2
          ],
          "texture": "#0"
        },
        "up": {
          "uv": [
            1.875,
            0.375,
            2.25,
            0
          ],
          "texture": "#0"
        },
        "down": {
          "uv": [
            2.25,
            0,
            2.625,
            0.375
          ],
          "texture": "#0"
        }
      }
    },
    {
      "from": [
        -14,
        4,
        1
      ],
      "to": [
        -13,
        11,
        30
      ],
      "shade": false,
      "rotation": {
        "angle": 0,
        "axis": "y",
        "origin": [
          15,
          3,
          0
        ]
      },
      "faces": {
        "north": {
          "uv": [
            3.75,
            7.875,
            3.625,
            8.75
          ],
          "texture": "#0"
        },
        "east": {
          "uv": [
            7.375,
            7.875,
            3.75,
            8.75
          ],
          "texture": "#0"
        },
        "south": {
          "uv": [
            7.5,
            7.875,
            7.375,
            8.75
          ],
          "texture": "#0"
        },
        "west": {
          "uv": [
            3.625,
            7.875,
            0,
            8.75
          ],
          "texture": "#0"
        },
        "up": {
          "uv": [
            3.625,
            7.875,
            3.75,
            4.25
          ],
          "texture": "#0"
        },
        "down": {
          "uv": [
            3.75,
            4.25,
            3.875,
            7.875
          ],
          "texture": "#0"
        }
      }
    }
  ],
  "display": {
    "thirdperson_righthand": {
      "rotation": [
        60,
        -160,
        0
      ],
      "translation": [
        3.75,
        14.25,
        -6.25
      ],
      "scale": [
        -0.6,
        0.6,
        -0.6
      ]
    },
    "thirdperson_lefthand": {
      "rotation": [
        60,
        -160,
        0
      ],
      "translation": [
        -6,
        9.75,
        -5.75
      ],
      "scale": [
        -0.6,
        0.6,
        -0.6
      ]
    },
    "firstperson_righthand": {
      "rotation": [
        0,
        -73,
        6
      ],
      "translation": [
        -4,
        -0.5,
        0
      ],
      "scale": [
        -0.4,
        0.4,
        -0.4
      ]
    },
    "firstperson_lefthand": {
      "rotation": [
        0,
        -73,
        6
      ],
      "translation": [
        -2,
        -0.5,
        5.25
      ],
      "scale": [
        -0.4,
        0.4,
        -0.4
      ]
    },
    "ground": {
      "translation": [
        2,
        1.5,
        -3
      ],
      "scale": [
        0.35,
        0.35,
        0.35
      ]
    },
    "gui": {
      "rotation": [
        30,
        -40,
        0
      ],
      "translation": [
        -3.5,
        -1,
        0
      ],
      "scale": [
        -0.33,
        0.33,
        -0.33
      ]
    },
    "head": {
      "rotation": [
        0,
        -180,
        0
      ],
      "translation": [
        0,
        -30.4,
        0
      ],
      "scale": [
        1.6,
        1.6,
        1.6
      ]
    },
    "fixed": {
      "rotation": [
        90,
        -180,
        -180
      ],
      "translation": [
        0,
        0,
        -15
      ],
      "scale": [
        2,
        2,
        2
      ]
    }
  }
}