{"credit":"magic_store_official","texture_size":[32,32],"textures":{"0":"magic_store:furnitures/bank_pack/bank_glass","particle":"magic_store:furnitures/bank_pack/bank_glass"},"elements":[{"from":[9.25,0,9.5],"to":[13.25,1,13.5],"faces":{"north":{"uv":[6,7,8,7.5],"texture":"#0"},"east":{"uv":[6,7,8,7.5],"texture":"#0"},"south":{"uv":[6,7,8,7.5],"texture":"#0"},"west":{"uv":[6,7,8,7.5],"texture":"#0"},"up":{"uv":[4.5,7,2.5,5],"texture":"#0"},"down":{"uv":[4.5,7,2.5,5],"texture":"#0"}}},{"from":[10.25,1,10.5],"to":[12.25,5,12.5],"faces":{"north":{"uv":[5,5,6,7],"texture":"#0"},"east":{"uv":[5,5,6,7],"texture":"#0"},"south":{"uv":[5,5,6,7],"texture":"#0"},"west":{"uv":[5,5,6,7],"texture":"#0"},"up":{"uv":[8.5,2,7.5,1],"texture":"#0"},"down":{"uv":[8.5,2,7.5,3],"texture":"#0"}}},{"from":[8.75,5,9],"to":[13.75,11,14],"faces":{"north":{"uv":[0,0,2.5,3],"texture":"#0"},"east":{"uv":[0,0,2.5,3],"texture":"#0"},"south":{"uv":[0,0,2.5,3],"texture":"#0"},"west":{"uv":[0,0,2.5,3],"texture":"#0"},"up":{"uv":[2.5,7.5,0,5],"texture":"#0"},"down":{"uv":[7.5,0,5,2.5],"texture":"#0"}}},{"from":[8.75,11,9],"to":[13.75,5,14],"faces":{"north":{"uv":[0,3,2.5,0],"texture":"#0"},"east":{"uv":[0,3,2.5,0],"texture":"#0"},"south":{"uv":[0,3,2.5,0],"texture":"#0"},"west":{"uv":[0,3,2.5,0],"texture":"#0"},"up":{"uv":[7.5,2.5,5,0],"texture":"#0"}}},{"from":[2.25,0,3.5],"to":[6.25,1,7.5],"faces":{"north":{"uv":[6,7,8,7.5],"texture":"#0"},"east":{"uv":[6,7,8,7.5],"texture":"#0"},"south":{"uv":[6,7,8,7.5],"texture":"#0"},"west":{"uv":[6,7,8,7.5],"texture":"#0"},"up":{"uv":[4.5,7,2.5,5],"texture":"#0"},"down":{"uv":[4.5,7,2.5,5],"texture":"#0"}}},{"from":[3.25,1,4.5],"to":[5.25,5,6.5],"faces":{"north":{"uv":[5,5,6,7],"texture":"#0"},"east":{"uv":[5,5,6,7],"texture":"#0"},"south":{"uv":[5,5,6,7],"texture":"#0"},"west":{"uv":[5,5,6,7],"texture":"#0"},"up":{"uv":[8.5,2,7.5,1],"texture":"#0"},"down":{"uv":[8.5,2,7.5,3],"texture":"#0"}}},{"from":[1.75,5,3],"to":[6.75,11,8],"faces":{"north":{"uv":[0,0,2.5,3],"texture":"#0"},"east":{"uv":[0,0,2.5,3],"texture":"#0"},"south":{"uv":[0,0,2.5,3],"texture":"#0"},"west":{"uv":[0,0,2.5,3],"texture":"#0"},"up":{"uv":[2.5,7.5,0,5],"texture":"#0"},"down":{"uv":[7.5,0,5,2.5],"texture":"#0"}}},{"from":[1.75,11,3],"to":[6.75,5,8],"faces":{"north":{"uv":[0,3,2.5,0],"texture":"#0"},"east":{"uv":[0,3,2.5,0],"texture":"#0"},"south":{"uv":[0,3,2.5,0],"texture":"#0"},"west":{"uv":[0,3,2.5,0],"texture":"#0"},"up":{"uv":[7.5,2.5,5,0],"texture":"#0"}}}],"display":{"thirdperson_righthand":{"rotation":[49,36,0],"translation":[-0.5,2.5,1.75],"scale":[0.4,0.4,0.4]},"thirdperson_lefthand":{"rotation":[49,-21,0],"translation":[-0.5,2.5,1.75],"scale":[0.4,0.4,0.4]},"firstperson_righthand":{"rotation":[-180,65,-180],"translation":[9.75,-2.25,-9.25],"scale":[0.85,0.85,0.85]},"firstperson_lefthand":{"rotation":[-180,65,-180],"translation":[9.75,-2.25,-9.25],"scale":[0.85,0.85,0.85]},"ground":{"translation":[0,5.5,0],"scale":[0.4,0.4,0.4]},"gui":{"rotation":[30,45,0],"translation":[0,1,0],"scale":[0.75,0.75,0.75]},"head":{"translation":[0,-30.5,0],"scale":[1.6,1.6,1.6]},"fixed":{"rotation":[-90,0,0],"translation":[0,-3,-16],"scale":[2,2,2]}},"groups":[{"name":"group","origin":[0,0,0],"color":0,"children":[0,1,2,3,4,5,6,7]}]}