{
	"parent": "item/generated",
	"textures": {
	  "layer0": "item/leather_leggings",
	  "layer1": "item/leather_leggings_overlay"
	},
	"overrides": [
		{ "predicate": { "custom_model_data": 1}, "model": "item/protocol/leggings" },
		{
      "predicate": {
        "custom_model_data": 10000
      },
      "model": "discordnitroset:ia_auto_gen/discordnitroleggings"
    },
    {
      "predicate": {
        "custom_model_data": 10001
      },
      "model": "item/protocol/leggings"
    },
    {
      "predicate": {
        "custom_model_data": 10002
      },
      "model": "item/leather_leggings"
    }

	]
}