{
	"credit": "Made with Blockbench",
	"texture_size": [64, 64],
	"textures": {
		"0": "christmaspack:item/christmasgreenround",
		"particle": "item/christmasgreenround"
	},
	"elements": [
		{
			"from": [0, 3, 12],
			"to": [16, 7, 16],
			"rotation": {"angle": 0, "axis": "y", "origin": [0, 0, 6]},
			"faces": {
				"north": {"uv": [4, 0.75, 8, 1.75], "texture": "#0"},
				"east": {"uv": [7, 8.75, 8, 9.75], "texture": "#0"},
				"south": {"uv": [0, 4.5, 4, 5.5], "texture": "#0"},
				"west": {"uv": [9, 4.75, 10, 5.75], "texture": "#0"},
				"up": {"uv": [8, 5.5, 4, 4.5], "texture": "#0"},
				"down": {"uv": [4, 5.5, 0, 6.5], "texture": "#0"}
			}
		},
		{
			"from": [0, 16, 12],
			"to": [16, 20, 16],
			"rotation": {"angle": 0, "axis": "y", "origin": [0, 0, 6]},
			"faces": {
				"north": {"uv": [5.5, 1.75, 9.5, 2.75], "texture": "#0"},
				"east": {"uv": [9, 5.75, 10, 6.75], "texture": "#0"},
				"south": {"uv": [5.5, 2.75, 9.5, 3.75], "texture": "#0"},
				"west": {"uv": [9, 6.75, 10, 7.75], "texture": "#0"},
				"up": {"uv": [8, 6.5, 4, 5.5], "texture": "#0"},
				"down": {"uv": [4, 6.5, 0, 7.5], "texture": "#0"}
			}
		},
		{
			"from": [0, 7, 12],
			"to": [4, 16, 16],
			"rotation": {"angle": 0, "axis": "y", "origin": [0, 0, 6]},
			"faces": {
				"north": {"uv": [7, 6.5, 8, 8.75], "texture": "#0"},
				"east": {"uv": [0, 7.5, 1, 9.75], "texture": "#0"},
				"south": {"uv": [1, 7.5, 2, 9.75], "texture": "#0"},
				"west": {"uv": [2, 7.5, 3, 9.75], "texture": "#0"},
				"up": {"uv": [10, 8.75, 9, 7.75], "texture": "#0"},
				"down": {"uv": [10, 8.75, 9, 9.75], "texture": "#0"}
			}
		},
		{
			"from": [12, 7, 12],
			"to": [16, 16, 16],
			"rotation": {"angle": 0, "axis": "y", "origin": [0, 0, 6]},
			"faces": {
				"north": {"uv": [3, 7.5, 4, 9.75], "texture": "#0"},
				"east": {"uv": [8, 3.75, 9, 6], "texture": "#0"},
				"south": {"uv": [8, 6, 9, 8.25], "texture": "#0"},
				"west": {"uv": [8, 8.25, 9, 10.5], "texture": "#0"},
				"up": {"uv": [10.5, 2.75, 9.5, 1.75], "texture": "#0"},
				"down": {"uv": [10.5, 2.75, 9.5, 3.75], "texture": "#0"}
			}
		},
		{
			"from": [-3, 20, 14],
			"to": [19, 23, 14],
			"rotation": {"angle": 0, "axis": "y", "origin": [0, 0, 6]},
			"faces": {
				"north": {"uv": [0, 2.25, 5.5, 3], "texture": "#0"},
				"east": {"uv": [0, 0, 0, 0.75], "texture": "#0"},
				"south": {"uv": [0, 3, 5.5, 3.75], "texture": "#0"},
				"west": {"uv": [0, 0, 0, 0.75], "texture": "#0"},
				"up": {"uv": [5.5, 0, 0, 0], "texture": "#0"},
				"down": {"uv": [5.5, 0, 0, 0], "texture": "#0"}
			}
		},
		{
			"from": [-3, 0, 14],
			"to": [19, 3, 14],
			"rotation": {"angle": 0, "axis": "y", "origin": [0, 0, 6]},
			"faces": {
				"north": {"uv": [0, 3.75, 5.5, 4.5], "texture": "#0"},
				"east": {"uv": [0, 0, 0, 0.75], "texture": "#0"},
				"south": {"uv": [4, 0, 9.5, 0.75], "texture": "#0"},
				"west": {"uv": [0, 0, 0, 0.75], "texture": "#0"},
				"up": {"uv": [5.5, 0, 0, 0], "texture": "#0"},
				"down": {"uv": [5.5, 0, 0, 0], "texture": "#0"}
			}
		},
		{
			"from": [-3, 3, 14],
			"to": [0, 20, 14],
			"rotation": {"angle": 0, "axis": "y", "origin": [0, 0, 6]},
			"faces": {
				"north": {"uv": [4, 6.5, 4.75, 10.75], "texture": "#0"},
				"east": {"uv": [0, 0, 0, 4.25], "texture": "#0"},
				"south": {"uv": [4.75, 6.5, 5.5, 10.75], "texture": "#0"},
				"west": {"uv": [0, 0, 0, 4.25], "texture": "#0"},
				"up": {"uv": [0.75, 0, 0, 0], "texture": "#0"},
				"down": {"uv": [0.75, 0, 0, 0], "texture": "#0"}
			}
		},
		{
			"from": [16, 3, 14],
			"to": [19, 20, 14],
			"rotation": {"angle": 0, "axis": "y", "origin": [0, 0, 6]},
			"faces": {
				"north": {"uv": [5.5, 6.5, 6.25, 10.75], "texture": "#0"},
				"east": {"uv": [0, 0, 0, 4.25], "texture": "#0"},
				"south": {"uv": [6.25, 6.5, 7, 10.75], "texture": "#0"},
				"west": {"uv": [0, 0, 0, 4.25], "texture": "#0"},
				"up": {"uv": [0.75, 0, 0, 0], "texture": "#0"},
				"down": {"uv": [0.75, 0, 0, 0], "texture": "#0"}
			}
		},
		{
			"from": [4, 7, 14],
			"to": [12, 16, 14],
			"rotation": {"angle": 0, "axis": "y", "origin": [0, 0, 6]},
			"faces": {
				"north": {"uv": [0, 0, 2, 2.25], "texture": "#0"},
				"east": {"uv": [0, 0, 0, 2.25], "texture": "#0"},
				"south": {"uv": [2, 0, 4, 2.25], "texture": "#0"},
				"west": {"uv": [0, 0, 0, 2.25], "texture": "#0"},
				"up": {"uv": [2, 0, 0, 0], "texture": "#0"},
				"down": {"uv": [2, 0, 0, 0], "texture": "#0"}
			}
		},
		{
			"from": [6.75, 16.75, 10],
			"to": [9.25, 19.25, 12],
			"rotation": {"angle": 0, "axis": "y", "origin": [0, 0, 6]},
			"faces": {
				"north": {"uv": [0, 9.75, 0.625, 10.375], "texture": "#0"},
				"east": {"uv": [0.75, 9.75, 1.25, 10.375], "texture": "#0"},
				"south": {"uv": [9.75, 0.5, 10.375, 1.125], "texture": "#0"},
				"west": {"uv": [1.25, 9.75, 1.75, 10.375], "texture": "#0"},
				"up": {"uv": [10.375, 1.75, 9.75, 1.25], "texture": "#0"},
				"down": {"uv": [2.375, 9.75, 1.75, 10.25], "texture": "#0"}
			}
		},
		{
			"from": [2.75, 17.5, 11],
			"to": [7.25, 19.5, 11],
			"rotation": {"angle": -22.5, "axis": "z", "origin": [7, 17.75, 11]},
			"faces": {
				"north": {"uv": [4, 1.75, 5.125, 2.25], "texture": "#0"},
				"east": {"uv": [0, 0, 0, 0.5], "texture": "#0"},
				"south": {"uv": [5.5, 3.75, 6.625, 4.25], "texture": "#0"},
				"west": {"uv": [0, 0, 0, 0.5], "texture": "#0"},
				"up": {"uv": [1.125, 0, 0, 0], "texture": "#0"},
				"down": {"uv": [1.125, 0, 0, 0], "texture": "#0"}
			}
		},
		{
			"from": [7.93925, 16.20828, 11],
			"to": [12.43925, 18.20828, 11],
			"rotation": {"angle": 22.5, "axis": "z", "origin": [5.43925, 19.20828, 11]},
			"faces": {
				"north": {"uv": [6.75, 3.75, 7.875, 4.25], "texture": "#0"},
				"east": {"uv": [0, 0, 0, 0.5], "texture": "#0"},
				"south": {"uv": [9.5, 0, 10.625, 0.5], "texture": "#0"},
				"west": {"uv": [0, 0, 0, 0.5], "texture": "#0"},
				"up": {"uv": [1.125, 0, 0, 0], "texture": "#0"},
				"down": {"uv": [1.125, 0, 0, 0], "texture": "#0"}
			}
		}
	],
	"display": {
		"thirdperson_righthand": {
			"rotation": [70, 0, 0],
			"translation": [0, 4, 0],
			"scale": [0.6, 0.6, 0.6]
		},
		"thirdperson_lefthand": {
			"rotation": [70, 0, 0],
			"translation": [0, 4, 0],
			"scale": [0.6, 0.6, 0.6]
		},
		"firstperson_righthand": {
			"scale": [0.7, 0.7, 0.7]
		},
		"firstperson_lefthand": {
			"scale": [0.7, 0.7, 0.7]
		},
		"ground": {
			"translation": [0, 3.75, 0],
			"scale": [0.7, 0.7, 0.7]
		},
		"gui": {
			"rotation": [-160, 30, -180],
			"translation": [-2.5, -4, 0],
			"scale": [0.8, 0.8, 0.8]
		},
		"head": {
			"rotation": [180, 0, 180],
			"translation": [0, -11, 2.5],
			"scale": [2.5, 2.5, 2.5]
		},
		"fixed": {
			"translation": [0, -3.25, -6.25]
		}
	},
	"groups": [
		{
			"name": "christmasgreenround",
			"origin": [0, 0, 0],
			"color": 0,
			"children": [0, 1, 2, 3, 4, 5, 6, 7, 8, 9, 10, 11]
		}
	]
}