{"credit":"MadewithBlockbench","texture_size":[32,32],"textures":{"3":"royal:royal_vase_1"},"elements":[{"name":"0","from":[5,0,5],"to":[11,8,11],"rotation":{"angle":0,"axis":"y","origin":[7.5,12.75,8]},"faces":{"north":{"uv":[0,0,3,4],"texture":"#3"},"east":{"uv":[3,0,6,4],"texture":"#3"},"south":{"uv":[0,0,3,4],"texture":"#3"},"west":{"uv":[3,4,6,8],"texture":"#3"},"up":{"uv":[9,3,6,0],"texture":"#3"},"down":{"uv":[9,3,6,6],"texture":"#3"}}},{"name":"0","from":[7,8,7],"to":[9,15,9],"rotation":{"angle":0,"axis":"y","origin":[7.5,12.75,8]},"faces":{"north":{"uv":[8,6,9,9.5],"texture":"#3"},"east":{"uv":[8,6,9,9.5],"texture":"#3"},"south":{"uv":[8,6,9,9.5],"texture":"#3"},"west":{"uv":[8,6,9,9.5],"texture":"#3"}}},{"name":"0","from":[9,8,8],"to":[13,13,8],"rotation":{"angle":0,"axis":"y","origin":[7.5,12.75,8]},"faces":{"north":{"uv":[6,6,8,8.5],"texture":"#3"},"south":{"uv":[8,6,6,8.5],"texture":"#3"}}},{"name":"0","from":[3,8,8],"to":[7,13,8],"rotation":{"angle":0,"axis":"y","origin":[8.5,12.75,8]},"faces":{"north":{"uv":[8,6,6,8.5],"texture":"#3"},"south":{"uv":[6,6,8,8.5],"texture":"#3"}}},{"name":"0","from":[6,15,6],"to":[10,16,10],"rotation":{"angle":0,"axis":"y","origin":[7.5,12.75,8]},"faces":{"north":{"uv":[9,5.5,11,6],"texture":"#3"},"east":{"uv":[9,6,11,6.5],"texture":"#3"},"south":{"uv":[9,6.5,11,7],"texture":"#3"},"west":{"uv":[9,7,11,7.5],"texture":"#3"},"up":{"uv":[4,10,2,8],"texture":"#3"},"down":{"uv":[6,8,4,10],"texture":"#3"}}}],"display":{"thirdperson_righthand":{"rotation":[45,0,0],"translation":[0,1.75,1.5],"scale":[0.5,0.5,0.5]},"thirdperson_lefthand":{"rotation":[45,0,0],"translation":[0,1.75,1.5],"scale":[0.5,0.5,0.5]},"firstperson_righthand":{"translation":[13.5,-1,-10.25],"scale":[0.75,0.75,0.75]},"firstperson_lefthand":{"translation":[13.5,-1,-10.25],"scale":[0.75,0.75,0.75]},"ground":{"translation":[0,4.5,0],"scale":[0.8,0.8,0.8]},"gui":{"rotation":[15,-145,0],"scale":[0.8,0.8,0.8]},"head":{"translation":[0,-33.75,0],"scale":[1.2,1.2,1.2]},"fixed":{"rotation":[-90,0,0],"translation":[0,0,-16],"scale":[2,2,2]}}}