{"credit":"MadewithBlockbench","texture_size":[64,64],"textures":{"2":"royal:royal_table_3","particle":"royal:royal_statue"},"elements":[{"name":"0","from":[4,0,8],"to":[12,6,8],"rotation":{"angle":0,"axis":"y","origin":[7.5,12.75,8]},"faces":{"north":{"uv":[1.75,10.5,3.75,12],"texture":"#2"},"south":{"uv":[3.75,10.5,1.75,12],"texture":"#2"}}},{"name":"0","from":[8,0,4],"to":[8,6,12],"rotation":{"angle":0,"axis":"y","origin":[8,3,8]},"faces":{"east":{"uv":[1.75,10.5,3.75,12],"texture":"#2"},"west":{"uv":[3.75,10.5,1.75,12],"texture":"#2"}}},{"name":"0","from":[5,10,8],"to":[11,14,8],"rotation":{"angle":0,"axis":"y","origin":[7.5,12.75,8]},"faces":{"north":{"uv":[4.25,8.75,5.75,9.75],"texture":"#2"},"south":{"uv":[5.75,8.75,4.25,9.75],"texture":"#2"}}},{"name":"0","from":[6,14,6],"to":[10,15,10],"rotation":{"angle":0,"axis":"y","origin":[7.5,12.75,8]},"faces":{"north":{"uv":[3.25,10.25,4.25,10.5],"texture":"#2"},"east":{"uv":[3.25,10.25,4.25,10.5],"texture":"#2"},"south":{"uv":[3.25,10.25,4.25,10.5],"texture":"#2"},"west":{"uv":[3.25,10.25,4.25,10.5],"texture":"#2"},"up":{"uv":[3.25,9.25,4.25,10.25],"texture":"#2"},"down":{"uv":[3.25,9.25,4.25,10.25],"texture":"#2"}}},{"name":"0","from":[6,9,6],"to":[10,10,10],"rotation":{"angle":0,"axis":"y","origin":[7.5,12.75,8]},"faces":{"north":{"uv":[3.25,10.25,4.25,10.5],"texture":"#2"},"east":{"uv":[3.25,10.25,4.25,10.5],"texture":"#2"},"south":{"uv":[3.25,10.25,4.25,10.5],"texture":"#2"},"west":{"uv":[3.25,10.25,4.25,10.5],"texture":"#2"},"up":{"uv":[3.25,9.25,4.25,10.25],"texture":"#2"},"down":{"uv":[3.25,9.25,4.25,10.25],"texture":"#2"}}},{"name":"0","from":[7,6,7],"to":[9,7,9],"rotation":{"angle":0,"axis":"y","origin":[7.5,12.75,8]},"faces":{"north":{"uv":[3.5,10.25,4,10.5],"texture":"#2"},"east":{"uv":[3.5,10.25,4,10.5],"texture":"#2"},"south":{"uv":[3.5,10.25,4,10.5],"texture":"#2"},"west":{"uv":[3.5,10.25,4,10.5],"texture":"#2"},"up":{"uv":[3.5,9.5,4,10],"texture":"#2"},"down":{"uv":[3.5,9.5,4,10],"texture":"#2"}}},{"name":"0","from":[7,15,7],"to":[9,21,9],"rotation":{"angle":0,"axis":"y","origin":[7.5,12.75,8]},"faces":{"north":{"uv":[2.75,8,3.25,9.5],"texture":"#2"},"east":{"uv":[2.75,8,3.25,9.5],"texture":"#2"},"south":{"uv":[2.75,8,3.25,9.5],"texture":"#2"},"west":{"uv":[2.75,8,3.25,9.5],"texture":"#2"},"up":{"uv":[2.25,9,2.75,9.5],"texture":"#2"}}},{"name":"0","from":[11.75,11,7.25],"to":[13.25,15,8.75],"rotation":{"angle":0,"axis":"y","origin":[7.5,12.75,8]},"faces":{"north":{"uv":[2.75,8,3.25,9],"texture":"#2"},"east":{"uv":[2.75,8,3.25,9],"texture":"#2"},"south":{"uv":[2.75,8,3.25,9],"texture":"#2"},"west":{"uv":[2.75,8,3.25,9],"texture":"#2"},"up":{"uv":[2.25,9,2.75,9.5],"texture":"#2"}}},{"name":"0","from":[11.5,10,7],"to":[13.5,11,9],"rotation":{"angle":0,"axis":"y","origin":[7.5,12.75,8]},"faces":{"north":{"uv":[3.5,10.25,4,10.5],"texture":"#2"},"east":{"uv":[3.5,10.25,4,10.5],"texture":"#2"},"south":{"uv":[3.5,10.25,4,10.5],"texture":"#2"},"west":{"uv":[3.5,10.25,4,10.5],"texture":"#2"},"up":{"uv":[3.5,9.5,4,10],"texture":"#2"},"down":{"uv":[3.5,9.5,4,10],"texture":"#2"}}},{"name":"0","from":[2.75,11,7.25],"to":[4.25,15,8.75],"rotation":{"angle":0,"axis":"y","origin":[7.5,12.75,8]},"faces":{"north":{"uv":[2.75,8,3.25,9],"texture":"#2"},"east":{"uv":[2.75,8,3.25,9],"texture":"#2"},"south":{"uv":[2.75,8,3.25,9],"texture":"#2"},"west":{"uv":[2.75,8,3.25,9],"texture":"#2"},"up":{"uv":[2.25,9,2.75,9.5],"texture":"#2"}}},{"name":"0","from":[2.5,10,7],"to":[4.5,11,9],"rotation":{"angle":0,"axis":"y","origin":[7.5,12.75,8]},"faces":{"north":{"uv":[3.5,10.25,4,10.5],"texture":"#2"},"east":{"uv":[3.5,10.25,4,10.5],"texture":"#2"},"south":{"uv":[3.5,10.25,4,10.5],"texture":"#2"},"west":{"uv":[3.5,10.25,4,10.5],"texture":"#2"},"up":{"uv":[3.5,9.5,4,10],"texture":"#2"},"down":{"uv":[3.5,9.5,4,10],"texture":"#2"}}},{"name":"0","from":[2,7,8],"to":[14,10,8],"rotation":{"angle":0,"axis":"y","origin":[7.5,12.75,8]},"faces":{"north":{"uv":[4.25,9.75,7.25,10.5],"texture":"#2"},"south":{"uv":[7.25,9.75,4.25,10.5],"texture":"#2"}}}],"display":{"thirdperson_righthand":{"rotation":[45,0,0],"translation":[0,1.5,1.5],"scale":[0.5,0.5,0.5]},"thirdperson_lefthand":{"rotation":[45,0,0],"translation":[0,1.5,1.5],"scale":[0.5,0.5,0.5]},"firstperson_righthand":{"translation":[13.5,-1,-10.75],"scale":[0.75,0.75,0.75]},"firstperson_lefthand":{"translation":[13.5,-1,-10.75],"scale":[0.75,0.75,0.75]},"ground":{"translation":[0,3.25,0],"scale":[0.7,0.7,0.7]},"gui":{"rotation":[15,-145,0],"translation":[0,-1.75,0],"scale":[0.7,0.7,0.7]},"head":{"translation":[0,-27.25,0],"scale":[2,2,2]},"fixed":{"rotation":[-90,0,0],"translation":[0,0,-16],"scale":[2,2,2]}}}