{"credit":"MadewithBlockbench","texture_size":[64,64],"textures":{"0":"royal:royal_chair","1":"royal:royal_frame_2","particle":"royal:royal_chair"},"elements":[{"name":"0","from":[-2,-4,14],"to":[18,-2,16],"rotation":{"angle":0,"axis":"y","origin":[0,16,0]},"faces":{"north":{"uv":[1.25,10.25,6.25,9.75],"texture":"#0"},"east":{"uv":[5,7.5,5.5,7],"texture":"#0"},"south":{"uv":[1.25,10.25,6.25,9.75],"texture":"#0"},"west":{"uv":[5,7.5,5.5,7],"texture":"#0"},"up":{"uv":[6.25,9.25,1.25,9.75],"texture":"#0"},"down":{"uv":[6.25,9.25,1.25,9.75],"texture":"#0"}}},{"name":"0","from":[-2,-7,15],"to":[18,-4,15],"faces":{"north":{"uv":[1.25,11.25,6.25,10.5],"texture":"#0"},"south":{"uv":[1.25,11.25,6.25,10.5],"texture":"#0"}}},{"name":"0","from":[-1,28,15],"to":[17,30,15],"faces":{"north":{"uv":[3.25,8.75,7.75,9.25],"texture":"#0"},"south":{"uv":[3.25,8.75,7.75,9.25],"texture":"#0"}}},{"name":"0","from":[4,29,14.6],"to":[12,31,14.6],"rotation":{"angle":0,"axis":"y","origin":[1.75,10,8]},"faces":{"north":{"uv":[7,4.75,9,4.25],"texture":"#0"},"south":{"uv":[9,4.75,7,4.25],"texture":"#0"}}},{"name":"0","from":[-2,26,14],"to":[18,28,16],"faces":{"north":{"uv":[1.25,9.75,6.25,10.25],"texture":"#0"},"east":{"uv":[5,7,5.5,7.5],"texture":"#0"},"south":{"uv":[1.25,9.75,6.25,10.25],"texture":"#0"},"west":{"uv":[5,7,5.5,7.5],"texture":"#0"},"up":{"uv":[6.25,9.75,1.25,9.25],"texture":"#0"},"down":{"uv":[6.25,9.75,1.25,9.25],"texture":"#0"}}},{"name":"0","from":[0,-2,14.5],"to":[16,26,15.5],"faces":{"north":{"uv":[0,0,8,14],"texture":"#1"},"south":{"uv":[8,0,16,14],"texture":"#1"}}},{"name":"0","from":[17,21,15],"to":[22,28,15],"faces":{"north":{"uv":[12.75,8,11.5,9.75],"texture":"#0"},"south":{"uv":[11.5,8,12.75,9.75],"texture":"#0"}}},{"name":"0","from":[16,9,13],"to":[19,10,17],"faces":{"north":{"uv":[7,7,8,7.25],"texture":"#0"},"east":{"uv":[7,7,8,7.25],"texture":"#0"},"south":{"uv":[7,7,8,7.25],"texture":"#0"},"west":{"uv":[7,7,8,7.25],"texture":"#0"},"up":{"uv":[3.25,8,2.5,7],"texture":"#0"},"down":{"uv":[3.25,8,2.5,7],"texture":"#0"}}},{"name":"0","from":[16,-2,14],"to":[18,9,16],"faces":{"north":{"uv":[7.625,9.625,8.125,12.375],"texture":"#0"},"east":{"uv":[7.625,9.625,8.125,12.375],"texture":"#0"},"south":{"uv":[7.625,9.625,8.125,12.375],"texture":"#0"},"west":{"uv":[7.625,9.625,8.125,12.375],"texture":"#0"}}},{"name":"0","from":[16,10,14],"to":[18,26,16],"faces":{"north":{"uv":[8.75,6,9.25,10],"texture":"#0"},"east":{"uv":[8.75,6,9.25,10],"texture":"#0"},"south":{"uv":[8.75,6,9.25,10],"texture":"#0"},"west":{"uv":[8.75,6,9.25,10],"texture":"#0"}}},{"name":"0","from":[16,-5,15],"to":[21,2,15],"faces":{"north":{"uv":[12.75,8,11.5,9.75],"texture":"#0"},"south":{"uv":[11.5,8,12.75,9.75],"texture":"#0"}}},{"name":"0","from":[-6,21,15],"to":[-1,28,15],"rotation":{"angle":0,"axis":"y","origin":[16,0,0]},"faces":{"north":{"uv":[11.5,8,12.75,9.75],"texture":"#0"},"south":{"uv":[12.75,8,11.5,9.75],"texture":"#0"}}},{"name":"0","from":[-3,9,13],"to":[0,10,17],"rotation":{"angle":0,"axis":"y","origin":[16,0,0]},"faces":{"north":{"uv":[8,7,7,7.25],"texture":"#0"},"east":{"uv":[8,7,7,7.25],"texture":"#0"},"south":{"uv":[8,7,7,7.25],"texture":"#0"},"west":{"uv":[8,7,7,7.25],"texture":"#0"},"up":{"uv":[2.5,8,3.25,7],"texture":"#0"},"down":{"uv":[2.5,8,3.25,7],"texture":"#0"}}},{"name":"0","from":[-2,-2,14],"to":[0,9,16],"rotation":{"angle":0,"axis":"y","origin":[16,0,0]},"faces":{"north":{"uv":[8.125,9.625,7.625,12.375],"texture":"#0"},"east":{"uv":[8.125,9.625,7.625,12.375],"texture":"#0"},"south":{"uv":[8.125,9.625,7.625,12.375],"texture":"#0"},"west":{"uv":[8.125,9.625,7.625,12.375],"texture":"#0"}}},{"name":"0","from":[-2,10,14],"to":[0,26,16],"rotation":{"angle":0,"axis":"y","origin":[16,0,0]},"faces":{"north":{"uv":[9.25,6,8.75,10],"texture":"#0"},"east":{"uv":[9.25,6,8.75,10],"texture":"#0"},"south":{"uv":[9.25,6,8.75,10],"texture":"#0"},"west":{"uv":[9.25,6,8.75,10],"texture":"#0"}}},{"name":"0","from":[-5,-5,15],"to":[0,2,15],"rotation":{"angle":0,"axis":"y","origin":[16,0,0]},"faces":{"north":{"uv":[11.5,8,12.75,9.75],"texture":"#0"},"south":{"uv":[12.75,8,11.5,9.75],"texture":"#0"}}}],"display":{"thirdperson_righthand":{"rotation":[45,0,0],"translation":[0,1.25,-0.75],"scale":[0.25,0.25,0.25]},"thirdperson_lefthand":{"rotation":[45,0,0],"translation":[0,1,-0.75],"scale":[0.25,0.25,0.25]},"firstperson_righthand":{"rotation":[0,133,0],"translation":[19.25,-6.25,-17.75],"scale":[0.45,0.45,0.45]},"firstperson_lefthand":{"rotation":[0,133,0],"translation":[19.25,-6.25,-17.75],"scale":[0.45,0.45,0.45]},"ground":{"translation":[0,2,0],"scale":[0.35,0.35,0.35]},"gui":{"rotation":[15,-145,0],"translation":[1.5,-2,0],"scale":[0.4,0.4,0.4]},"fixed":{"translation":[0,-8,-16],"scale":[2,2,2]}}}