{"credit":"MadewithBlockbench","texture_size":[64,64],"textures":{"1":"royal:royal_statue","particle":"royal:royal_statue"},"elements":[{"name":"0","from":[0,12,0],"to":[16,16,16],"rotation":{"angle":0,"axis":"y","origin":[7.5,12.75,8]},"faces":{"north":{"uv":[3.5,8,7.5,9],"texture":"#1"},"east":{"uv":[3.5,8,7.5,9],"texture":"#1"},"south":{"uv":[3.5,8,7.5,9],"texture":"#1"},"west":{"uv":[3.5,8,7.5,9],"texture":"#1"},"up":{"uv":[8,4,4,0],"texture":"#1"},"down":{"uv":[8,4,4,8],"texture":"#1"}}},{"name":"0","from":[2,7,2],"to":[14,12,14],"rotation":{"angle":0,"axis":"y","origin":[7.5,12.75,8]},"faces":{"north":{"uv":[8,5,11,6.25],"texture":"#1"},"east":{"uv":[8,6.25,11,7.5],"texture":"#1"},"south":{"uv":[8,6.25,11,7.5],"texture":"#1"},"west":{"uv":[8,6.25,11,7.5],"texture":"#1"}}},{"name":"0","from":[1,4,1],"to":[15,7,15],"rotation":{"angle":0,"axis":"y","origin":[7.5,12.75,8]},"faces":{"north":{"uv":[9.25,9.25,12.75,10],"texture":"#1"},"east":{"uv":[9.25,9.25,12.75,10],"texture":"#1"},"south":{"uv":[9.25,9.25,12.75,10],"texture":"#1"},"west":{"uv":[9.25,9.25,12.75,10],"texture":"#1"},"up":{"uv":[3.5,11.5,0,8],"texture":"#1"}}},{"name":"0","from":[0,0,0],"to":[16,4,16],"rotation":{"angle":0,"axis":"y","origin":[7.5,12.75,8]},"faces":{"north":{"uv":[8,0,12,1],"texture":"#1"},"east":{"uv":[8,0,12,1],"texture":"#1"},"south":{"uv":[8,0,12,1],"texture":"#1"},"west":{"uv":[8,0,12,1],"texture":"#1"},"up":{"uv":[4,4,0,0],"texture":"#1"},"down":{"uv":[4,4,0,8],"texture":"#1"}}}],"display":{"thirdperson_righthand":{"rotation":[45,0,0],"translation":[0,0.5,-0.5],"scale":[0.25,0.25,0.25]},"thirdperson_lefthand":{"rotation":[45,0,0],"translation":[0,0.5,-0.5],"scale":[0.25,0.25,0.25]},"firstperson_righthand":{"translation":[13.5,-2.75,-12],"scale":[0.4,0.4,0.46]},"firstperson_lefthand":{"translation":[13.5,-2.75,-12],"scale":[0.4,0.4,0.46]},"ground":{"translation":[0,1.75,0],"scale":[0.45,0.45,0.45]},"gui":{"rotation":[15,-145,0],"translation":[0,-0.5,0],"scale":[0.6,0.6,0.6]},"head":{"translation":[0,-27,0],"scale":[2,2,2]},"fixed":{"rotation":[-90,0,0],"translation":[0,0,-16],"scale":[2,2,2]}}}