{"credit":"MadewithBlockbench","texture_size":[64,64],"textures":{"2":"royal:royal_table_3"},"elements":[{"name":"0","from":[-7,16,-7],"to":[23,16,23],"rotation":{"angle":0,"axis":"y","origin":[8,15,8]},"faces":{"up":{"uv":[7.5,7.5,0,0],"rotation":90,"texture":"#2"},"down":{"uv":[7.5,0,0,7.5],"rotation":90,"texture":"#2"}}},{"name":"0","from":[-7,14,23],"to":[23,16,24],"rotation":{"angle":0,"axis":"y","origin":[8,15,8]},"faces":{"north":{"uv":[15,0,7.5,0.5],"texture":"#2"},"south":{"uv":[15,0,7.5,0.5],"texture":"#2"},"up":{"uv":[0,15.5,0.25,8],"rotation":90,"texture":"#2"},"down":{"uv":[0,15.5,0.25,8],"rotation":270,"texture":"#2"}}},{"name":"0","from":[-7,14,-8],"to":[23,16,-7],"rotation":{"angle":0,"axis":"y","origin":[8,15,8]},"faces":{"north":{"uv":[7.5,0,15,0.5],"texture":"#2"},"south":{"uv":[7.5,0,15,0.5],"texture":"#2"},"up":{"uv":[0.25,15.5,0,8],"rotation":90,"texture":"#2"},"down":{"uv":[0.25,15.5,0,8],"rotation":270,"texture":"#2"}}},{"name":"0","from":[23,14,-8],"to":[24,16,24],"rotation":{"angle":0,"axis":"y","origin":[8,15,8]},"faces":{"north":{"uv":[8,3,8.25,3.5],"texture":"#2"},"east":{"uv":[0,7.5,8,8],"texture":"#2"},"south":{"uv":[8,3,8.25,3.5],"texture":"#2"},"west":{"uv":[0,7.5,8,8],"texture":"#2"},"up":{"uv":[15.5,0.75,7.5,0.5],"rotation":90,"texture":"#2"},"down":{"uv":[15.5,0.75,7.5,0.5],"rotation":270,"texture":"#2"}}},{"name":"0","from":[-8,14,-8],"to":[-7,16,24],"rotation":{"angle":0,"axis":"y","origin":[8,15,8]},"faces":{"north":{"uv":[8.25,3,8,3.5],"texture":"#2"},"east":{"uv":[8,7.5,0,8],"texture":"#2"},"south":{"uv":[8.25,3,8,3.5],"texture":"#2"},"west":{"uv":[8,7.5,0,8],"texture":"#2"},"up":{"uv":[15.5,0.5,7.5,0.75],"rotation":90,"texture":"#2"},"down":{"uv":[15.5,0.5,7.5,0.75],"rotation":270,"texture":"#2"}}},{"name":"0","from":[8,11,0.5],"to":[8,16,6.5],"rotation":{"angle":-22.5,"axis":"y","origin":[8,13.5,7.5]},"faces":{"east":{"uv":[9,0.75,7.5,2],"texture":"#2"},"west":{"uv":[7.5,0.75,9,2],"texture":"#2"}}},{"name":"0","from":[1,11,7.5],"to":[7,16,7.5],"rotation":{"angle":-22.5,"axis":"y","origin":[8,13.5,7.5]},"faces":{"north":{"uv":[9,0.75,7.5,2],"texture":"#2"},"south":{"uv":[7.5,0.75,9,2],"texture":"#2"}}},{"name":"0","from":[8,11,8.5],"to":[8,16,14.5],"rotation":{"angle":-22.5,"axis":"y","origin":[8,13.5,7.5]},"faces":{"east":{"uv":[7.5,0.75,9,2],"texture":"#2"},"west":{"uv":[9,0.75,7.5,2],"texture":"#2"}}},{"name":"0","from":[9,11,7.5],"to":[15,16,7.5],"rotation":{"angle":-22.5,"axis":"y","origin":[8,13.5,7.5]},"faces":{"north":{"uv":[7.5,0.75,9,2],"texture":"#2"},"south":{"uv":[9,0.75,7.5,2],"texture":"#2"}}},{"name":"0","from":[6,13,6],"to":[10,16,10],"rotation":{"angle":0,"axis":"y","origin":[8,13.5,8]},"faces":{"north":{"uv":[8,2,9,2.75],"texture":"#2"},"east":{"uv":[8,2,9,2.75],"texture":"#2"},"south":{"uv":[8,2,9,2.75],"texture":"#2"},"west":{"uv":[8,2,9,2.75],"texture":"#2"},"down":{"uv":[2.75,8,1.75,9],"texture":"#2"}}},{"name":"0","from":[6,0,6],"to":[10,1,10],"rotation":{"angle":0,"axis":"y","origin":[1,0,0]},"faces":{"north":{"uv":[7.5,7,8.5,7.25],"texture":"#2"},"east":{"uv":[7.5,7,8.5,7.25],"texture":"#2"},"south":{"uv":[7.5,7,8.5,7.25],"texture":"#2"},"west":{"uv":[7.5,7,8.5,7.25],"texture":"#2"},"up":{"uv":[8.5,6,7.5,5],"texture":"#2"},"down":{"uv":[8.5,6,7.5,7],"texture":"#2"}}},{"name":"0","from":[7,1,7],"to":[9,13,9],"rotation":{"angle":0,"axis":"y","origin":[1,0,0]},"faces":{"north":{"uv":[7.5,2,8,5],"texture":"#2"},"east":{"uv":[1.75,8,1.25,11],"texture":"#2"},"south":{"uv":[8,2,7.5,5],"texture":"#2"},"west":{"uv":[1.25,8,1.75,11],"texture":"#2"}}}],"display":{"thirdperson_righthand":{"rotation":[45,0,0],"translation":[0,0.75,-3],"scale":[0.25,0.25,0.25]},"thirdperson_lefthand":{"rotation":[45,0,0],"translation":[0,0.75,-3],"scale":[0.25,0.25,0.25]},"firstperson_righthand":{"translation":[13.5,-4.75,-12],"scale":[0.4,0.4,0.46]},"firstperson_lefthand":{"translation":[13.5,-4.75,-12],"scale":[0.4,0.4,0.46]},"ground":{"scale":[0.25,0.25,0.25]},"gui":{"rotation":[15,-145,0],"translation":[0,-1.5,0],"scale":[0.33,0.33,0.33]},"head":{"translation":[0,-30.5,0],"scale":[1.6,1.6,1.6]},"fixed":{"rotation":[-90,0,0],"translation":[-16,16,-16],"scale":[2,2,2]}}}