{"credit":"MadewithBlockbench","texture_size":[64,64],"textures":{"1":"royal:royal_carpet_2"},"elements":[{"name":"0","from":[-1,0.25,-1],"to":[17,0.25,17],"faces":{"up":{"uv":[0,0,16,16],"texture":"#1"},"down":{"uv":[0,0,16,16],"texture":"#1"}}}],"display":{"thirdperson_righthand":{"rotation":[45,0,0],"translation":[0,4.5,1.75],"scale":[0.5,0.5,0.5]},"thirdperson_lefthand":{"rotation":[45,0,0],"translation":[0,4.5,1.75],"scale":[0.5,0.5,0.5]},"firstperson_righthand":{"translation":[16,-1,-14.75],"scale":[0.75,0.75,0.75]},"firstperson_lefthand":{"translation":[16,-1,-14.75],"scale":[0.75,0.75,0.75]},"ground":{"translation":[0,2.75,0],"scale":[0.7,0.7,0.7]},"gui":{"rotation":[30,-145,0],"translation":[0,5.25,0],"scale":[0.8,0.8,0.8]},"head":{"translation":[0,-27.5,0],"scale":[2,2,2]},"fixed":{"rotation":[-90,0,0],"translation":[0,0,-19.376],"scale":[2.5,2.5,2.5]}}}