{"credit":"MadewithBlockbench","texture_size":[32,32],"textures":{"3":"royal:royal_vase_1"},"elements":[{"name":"0","from":[3,2,3],"to":[13,8,13],"rotation":{"angle":0,"axis":"y","origin":[7.5,12.75,8]},"faces":{"north":{"uv":[10.5,12,15.5,15],"texture":"#3"},"east":{"uv":[10.5,12,15.5,15],"texture":"#3"},"south":{"uv":[10.5,12,15.5,15],"texture":"#3"},"west":{"uv":[10.5,12,15.5,15],"texture":"#3"},"up":{"uv":[5.5,11,10.5,16],"texture":"#3"},"down":{"uv":[5.5,11,10.5,16],"texture":"#3"}}},{"name":"0","from":[3,0,3],"to":[13,1,13],"rotation":{"angle":0,"axis":"y","origin":[7.5,12.75,8]},"faces":{"north":{"uv":[10.5,15.5,15.5,16],"texture":"#3"},"east":{"uv":[10.5,15.5,15.5,16],"texture":"#3"},"south":{"uv":[10.5,15.5,15.5,16],"texture":"#3"},"west":{"uv":[10.5,15.5,15.5,16],"texture":"#3"},"up":{"uv":[5.5,11,10.5,16],"texture":"#3"},"down":{"uv":[5.5,11,10.5,16],"texture":"#3"}}},{"name":"0","from":[4,1,4],"to":[12,2,12],"rotation":{"angle":0,"axis":"y","origin":[7.5,12.75,8]},"faces":{"north":{"uv":[10.5,15,15.5,15.5],"texture":"#3"},"east":{"uv":[10.5,15,15.5,15.5],"texture":"#3"},"south":{"uv":[10.5,15,15.5,15.5],"texture":"#3"},"west":{"uv":[10.5,15,15.5,15.5],"texture":"#3"}}},{"name":"0","from":[5,8,5],"to":[11,9,11],"rotation":{"angle":0,"axis":"y","origin":[7.5,12.75,8]},"faces":{"north":{"uv":[0,4,3,4.5],"texture":"#3"},"east":{"uv":[0,4,3,4.5],"texture":"#3"},"south":{"uv":[0,4,3,4.5],"texture":"#3"},"west":{"uv":[0,4,3,4.5],"texture":"#3"},"up":{"uv":[0,4.5,3,7.5],"texture":"#3"}}},{"name":"0","from":[8,9,3],"to":[8,32,13],"rotation":{"angle":22.5,"axis":"y","origin":[8,20.5,8]},"faces":{"east":{"uv":[11,0,16,11.5],"texture":"#3"},"west":{"uv":[16,0,11,11.5],"texture":"#3"}}},{"name":"0","from":[3,9,8],"to":[13,32,8],"rotation":{"angle":22.5,"axis":"y","origin":[8,20.5,8]},"faces":{"north":{"uv":[16,0,11,11.5],"texture":"#3"},"south":{"uv":[11,0,16,11.5],"texture":"#3"}}}],"display":{"thirdperson_righthand":{"rotation":[45,0,0],"translation":[0,2.25,0],"scale":[0.5,0.5,0.5]},"thirdperson_lefthand":{"rotation":[45,0,0],"translation":[0,2.25,0],"scale":[0.5,0.5,0.5]},"firstperson_righthand":{"translation":[14.25,-2.5,-13.5],"scale":[0.7,0.7,0.7]},"firstperson_lefthand":{"translation":[14.25,-2.5,-13.5],"scale":[0.7,0.7,0.7]},"ground":{"translation":[0,1.5,0],"scale":[0.5,0.5,0.5]},"gui":{"rotation":[15,-145,0],"translation":[0,-3.25,0],"scale":[0.45,0.45,0.45]},"head":{"translation":[0,-27.1,0],"scale":[2,2,2]},"fixed":{"rotation":[-90,0,0],"translation":[0,0,-20],"scale":[2.5,2.5,2.5]}}}