{"credit":"MadewithBlockbench","texture_size":[64,64],"textures":{"1":"royal:royal_statue","particle":"royal:royal_statue"},"elements":[{"name":"0","from":[4,8,5],"to":[12,17,12],"rotation":{"angle":0,"axis":"y","origin":[7.5,20.75,8]},"faces":{"north":{"uv":[8,3,10,5],"texture":"#1"},"east":{"uv":[7.5,8,9.25,10],"texture":"#1"},"south":{"uv":[8,3,10,5],"texture":"#1"},"west":{"uv":[3.5,9,5.25,11],"texture":"#1"},"up":{"uv":[7.25,10.75,5.25,9],"texture":"#1"}}},{"name":"0","from":[4,21,6],"to":[12,25,11],"rotation":{"angle":0,"axis":"y","origin":[7.5,20.75,9]},"faces":{"north":{"uv":[8.75,10,10.75,11],"texture":"#1"},"east":{"uv":[1.5,11.5,2.75,12.5],"texture":"#1"},"south":{"uv":[5.25,10.75,7.25,11.75],"texture":"#1"},"west":{"uv":[11.5,3.5,12.75,4.5],"texture":"#1"},"up":{"uv":[12,2.25,10,1],"texture":"#1"},"down":{"uv":[12,2.25,10,3.5],"texture":"#1"}}},{"name":"0","from":[12,14,8],"to":[14,24,10],"rotation":{"angle":0,"axis":"y","origin":[12,23,9]},"faces":{"north":{"uv":[8.25,11.5,8.75,14],"texture":"#1"},"east":{"uv":[8.25,11.5,8.75,14],"texture":"#1"},"south":{"uv":[8.25,11.5,8.75,14],"texture":"#1"},"west":{"uv":[8.25,11.5,8.75,14],"texture":"#1"},"up":{"uv":[10.75,11.5,10.25,11],"texture":"#1"},"down":{"uv":[10.75,11.5,10.25,11],"texture":"#1"}}},{"name":"0","from":[2,22,0],"to":[4,24,10],"rotation":{"angle":45,"axis":"x","origin":[4,23,9]},"faces":{"north":{"uv":[10.25,11.5,10.75,11],"rotation":180,"texture":"#1"},"east":{"uv":[8.75,11.5,8.25,14],"rotation":270,"texture":"#1"},"south":{"uv":[10.25,11.5,10.75,11],"texture":"#1"},"west":{"uv":[8.75,11.5,8.25,14],"rotation":90,"texture":"#1"},"up":{"uv":[8.75,11.5,8.25,14],"rotation":180,"texture":"#1"},"down":{"uv":[8.75,11.5,8.25,14],"texture":"#1"}}},{"name":"0","from":[5.5,17,6],"to":[10.5,21,10],"rotation":{"angle":0,"axis":"y","origin":[7.5,20.75,9]},"faces":{"north":{"uv":[11,5,12.25,6],"texture":"#1"},"east":{"uv":[7.25,11.5,8.25,12.5],"texture":"#1"},"south":{"uv":[11,6.25,12.25,7.25],"texture":"#1"},"west":{"uv":[10.25,11.5,11.25,12.5],"texture":"#1"}}},{"name":"0","from":[5,21,3],"to":[11,25,6],"rotation":{"angle":-45,"axis":"x","origin":[8,25,6]},"faces":{"north":{"uv":[8.75,11,10.25,12],"texture":"#1"},"east":{"uv":[12,0,13,1],"texture":"#1"},"west":{"uv":[13,0,12,1],"texture":"#1"},"up":{"uv":[12.75,8.25,11.25,7.5],"texture":"#1"},"down":{"uv":[1.5,11.5,0,12.5],"texture":"#1"}}},{"name":"0","from":[7,25,7.5],"to":[9,27,9.5],"rotation":{"angle":0,"axis":"y","origin":[7.5,20.75,9]},"faces":{"north":{"uv":[8,7.5,8.5,8],"texture":"#1"},"east":{"uv":[8.5,7.5,9,8],"texture":"#1"}}},{"name":"0","from":[6,26,6],"to":[10,31,10],"rotation":{"angle":0,"axis":"y","origin":[8,28,5]},"faces":{"north":{"uv":[4.75,11.75,5.75,13],"texture":"#1"},"east":{"uv":[11.25,11.5,12.25,12.75],"texture":"#1"},"west":{"uv":[12.25,11.5,11.25,12.75],"texture":"#1"},"down":{"uv":[6.75,11.75,5.75,12.75],"rotation":270,"texture":"#1"}}},{"name":"0","from":[5,30,5.5],"to":[11,32,11],"rotation":{"angle":0,"axis":"y","origin":[8,28,5]},"faces":{"north":{"uv":[11.5,4.5,13,5],"texture":"#1"},"east":{"uv":[12.625,8.5,11.25,9],"texture":"#1"},"south":{"uv":[11.5,4.5,13,5],"texture":"#1"},"west":{"uv":[11.25,8.5,12.625,9],"texture":"#1"},"up":{"uv":[11.375,5,10,3.5],"rotation":90,"texture":"#1"},"down":{"uv":[8.625,10,7.25,11.5],"rotation":270,"texture":"#1"}}},{"name":"0","from":[5,25,8],"to":[11,30,11],"rotation":{"angle":0,"axis":"y","origin":[8,28,5]},"faces":{"north":{"uv":[13,0,14.5,1.25],"texture":"#1"},"east":{"uv":[14.5,0,15.25,1.25],"texture":"#1"},"south":{"uv":[13,0,14.5,1.25],"texture":"#1"},"west":{"uv":[14.5,0,15.25,1.25],"texture":"#1"}}},{"name":"0","from":[0,4,0],"to":[16,8,16],"rotation":{"angle":0,"axis":"y","origin":[7.5,20.75,8]},"faces":{"north":{"uv":[3.5,8,7.5,9],"texture":"#1"},"east":{"uv":[3.5,8,7.5,9],"texture":"#1"},"south":{"uv":[3.5,8,7.5,9],"texture":"#1"},"west":{"uv":[3.5,8,7.5,9],"texture":"#1"},"up":{"uv":[8,4,4,0],"texture":"#1"},"down":{"uv":[8,4,4,8],"texture":"#1"}}},{"name":"0","from":[2,-1,2],"to":[14,4,14],"rotation":{"angle":0,"axis":"y","origin":[7.5,20.75,8]},"faces":{"north":{"uv":[8,5,11,6.25],"texture":"#1"},"east":{"uv":[8,6.25,11,7.5],"texture":"#1"},"south":{"uv":[8,6.25,11,7.5],"texture":"#1"},"west":{"uv":[8,6.25,11,7.5],"texture":"#1"}}},{"name":"0","from":[1,-4,1],"to":[15,-1,15],"rotation":{"angle":0,"axis":"y","origin":[7.5,20.75,8]},"faces":{"north":{"uv":[9.25,9.25,12.75,10],"texture":"#1"},"east":{"uv":[9.25,9.25,12.75,10],"texture":"#1"},"south":{"uv":[9.25,9.25,12.75,10],"texture":"#1"},"west":{"uv":[9.25,9.25,12.75,10],"texture":"#1"},"up":{"uv":[3.5,11.5,0,8],"texture":"#1"}}},{"name":"0","from":[0,-8,0],"to":[16,-4,16],"rotation":{"angle":0,"axis":"y","origin":[7.5,20.75,8]},"faces":{"north":{"uv":[8,0,12,1],"texture":"#1"},"east":{"uv":[8,0,12,1],"texture":"#1"},"south":{"uv":[8,0,12,1],"texture":"#1"},"west":{"uv":[8,0,12,1],"texture":"#1"},"up":{"uv":[4,4,0,0],"texture":"#1"},"down":{"uv":[4,4,0,8],"texture":"#1"}}}],"display":{"thirdperson_righthand":{"rotation":[45,0,0],"translation":[0,-1,-0.5],"scale":[0.25,0.25,0.25]},"thirdperson_lefthand":{"rotation":[45,0,0],"translation":[0,-1,-0.5],"scale":[0.25,0.25,0.25]},"firstperson_righthand":{"translation":[13.5,-1,-12],"scale":[0.4,0.4,0.46]},"firstperson_lefthand":{"translation":[13.5,-1,-12],"scale":[0.4,0.4,0.46]},"ground":{"translation":[0,3,0],"scale":[0.35,0.35,0.35]},"gui":{"rotation":[15,-145,0],"translation":[0.25,-1,0],"scale":[0.35,0.35,0.35]},"head":{"translation":[0,-11,0],"scale":[2,2,2]},"fixed":{"rotation":[-90,0,0],"translation":[0,0,-32],"scale":[2,2,2]}}}