{"credit":"MadewithBlockbench","texture_size":[64,64],"textures":{"2":"royal:royal_table_3","particle":"royal:royal_statue"},"elements":[{"name":"0","from":[2,1,8],"to":[14,4,8],"rotation":{"angle":0,"axis":"y","origin":[7.5,12.75,8]},"faces":{"north":{"uv":[4.25,8,7.25,8.75],"texture":"#2"},"south":{"uv":[7.25,8,4.25,8.75],"texture":"#2"}}},{"name":"0","from":[6,3,6],"to":[10,4,10],"rotation":{"angle":0,"axis":"y","origin":[7.5,12.75,8]},"faces":{"north":{"uv":[3.25,9,4.25,9.25],"texture":"#2"},"east":{"uv":[3.25,9,4.25,9.25],"texture":"#2"},"south":{"uv":[3.25,9,4.25,9.25],"texture":"#2"},"west":{"uv":[3.25,9,4.25,9.25],"texture":"#2"},"up":{"uv":[3.25,8,4.25,9],"texture":"#2"},"down":{"uv":[3.25,8,4.25,9],"texture":"#2"}}},{"name":"0","from":[7,0,7],"to":[9,1,9],"rotation":{"angle":0,"axis":"y","origin":[7.5,12.75,8]},"faces":{"north":{"uv":[3.5,9,4,9.25],"texture":"#2"},"east":{"uv":[3.5,9,4,9.25],"texture":"#2"},"south":{"uv":[3.5,9,4,9.25],"texture":"#2"},"west":{"uv":[3.5,9,4,9.25],"texture":"#2"},"up":{"uv":[3.5,8.25,4,8.75],"texture":"#2"},"down":{"uv":[3.5,8.25,4,8.75],"texture":"#2"}}},{"name":"0","from":[2.5,4,7],"to":[4.5,5,9],"rotation":{"angle":0,"axis":"y","origin":[7.5,12.75,8]},"faces":{"north":{"uv":[3.5,9,4,9.25],"texture":"#2"},"east":{"uv":[3.5,9,4,9.25],"texture":"#2"},"south":{"uv":[3.5,9,4,9.25],"texture":"#2"},"west":{"uv":[3.5,9,4,9.25],"texture":"#2"},"up":{"uv":[3.5,8.25,4,8.75],"texture":"#2"},"down":{"uv":[3.5,8.25,4,8.75],"texture":"#2"}}},{"name":"0","from":[11.5,4,7],"to":[13.5,5,9],"rotation":{"angle":0,"axis":"y","origin":[7.5,12.75,8]},"faces":{"north":{"uv":[3.5,9,4,9.25],"texture":"#2"},"east":{"uv":[3.5,9,4,9.25],"texture":"#2"},"south":{"uv":[3.5,9,4,9.25],"texture":"#2"},"west":{"uv":[3.5,9,4,9.25],"texture":"#2"},"up":{"uv":[3.5,8.25,4,8.75],"texture":"#2"},"down":{"uv":[3.5,8.25,4,8.75],"texture":"#2"}}},{"name":"0","from":[7,4,7],"to":[9,10,9],"rotation":{"angle":0,"axis":"y","origin":[7.5,12.75,8]},"faces":{"north":{"uv":[2.75,8,3.25,9.5],"texture":"#2"},"east":{"uv":[2.75,8,3.25,9.5],"texture":"#2"},"south":{"uv":[2.75,8,3.25,9.5],"texture":"#2"},"west":{"uv":[2.75,8,3.25,9.5],"texture":"#2"},"up":{"uv":[2.25,9,2.75,9.5],"texture":"#2"}}},{"name":"0","from":[2.75,5,7.25],"to":[4.25,9,8.75],"rotation":{"angle":0,"axis":"y","origin":[7.5,12.75,8]},"faces":{"north":{"uv":[2.75,8,3.25,9],"texture":"#2"},"east":{"uv":[2.75,8,3.25,9],"texture":"#2"},"south":{"uv":[2.75,8,3.25,9],"texture":"#2"},"west":{"uv":[2.75,8,3.25,9],"texture":"#2"},"up":{"uv":[2.25,9,2.75,9.5],"texture":"#2"}}},{"name":"0","from":[11.75,5,7.25],"to":[13.25,9,8.75],"rotation":{"angle":0,"axis":"y","origin":[7.5,12.75,8]},"faces":{"north":{"uv":[2.75,8,3.25,9],"texture":"#2"},"east":{"uv":[2.75,8,3.25,9],"texture":"#2"},"south":{"uv":[2.75,8,3.25,9],"texture":"#2"},"west":{"uv":[2.75,8,3.25,9],"texture":"#2"},"up":{"uv":[2.25,9,2.75,9.5],"texture":"#2"}}}],"display":{"thirdperson_righthand":{"rotation":[45,0,0],"translation":[0,1.5,1.5],"scale":[0.5,0.5,0.5]},"thirdperson_lefthand":{"rotation":[45,0,0],"translation":[0,1.5,1.5],"scale":[0.5,0.5,0.5]},"firstperson_righthand":{"translation":[13.5,-1,-10.75],"scale":[0.75,0.75,0.75]},"firstperson_lefthand":{"translation":[13.5,-1,-10.75],"scale":[0.75,0.75,0.75]},"ground":{"translation":[0,3,0],"scale":[0.7,0.7,0.7]},"gui":{"rotation":[15,-145,0],"translation":[0,3.25,0],"scale":[1.25,1.25,1.25]},"head":{"translation":[0,-27,0],"scale":[2,2,2]},"fixed":{"rotation":[-90,0,0],"translation":[0,0,-16],"scale":[2,2,2]}}}