{"credit":"MadewithBlockbench","texture_size":[64,64],"textures":{"0":"royal:royal_chair","particle":"royal:royal_chair"},"elements":[{"name":"0","from":[-7,7,1],"to":[23,9,15],"faces":{"north":{"uv":[0,12,7.5,12.5],"texture":"#0"},"east":{"uv":[0,11.5,3.5,12],"texture":"#0"},"south":{"uv":[0,12,7.5,12.5],"texture":"#0"},"west":{"uv":[0,11.5,3.5,12],"texture":"#0"},"up":{"uv":[15,16,7.5,12.5],"texture":"#0"},"down":{"uv":[7.5,12.5,0,16],"texture":"#0"}}},{"name":"0","from":[-4,9,14],"to":[20,18,14],"faces":{"north":{"uv":[10,10.125,16,12.375],"texture":"#0"},"south":{"uv":[16,10.125,10,12.375],"texture":"#0"}}},{"name":"0","from":[20,9,13],"to":[22,18,15],"faces":{"north":{"uv":[2,7,2.5,9.25],"texture":"#0"},"east":{"uv":[2,7,2.5,9.25],"texture":"#0"},"south":{"uv":[2,7,2.5,9.25],"texture":"#0"},"west":{"uv":[2,7,2.5,9.25],"texture":"#0"}}},{"name":"0","from":[-6,9,13],"to":[-4,18,15],"faces":{"north":{"uv":[2,7,2.5,9.25],"texture":"#0"},"east":{"uv":[2,7,2.5,9.25],"texture":"#0"},"south":{"uv":[2,7,2.5,9.25],"texture":"#0"},"west":{"uv":[2,7,2.5,9.25],"texture":"#0"}}},{"name":"0","from":[20.5,11,3],"to":[23.5,13,16],"faces":{"north":{"uv":[5.5,7,6.25,7.5],"texture":"#0"},"east":{"uv":[5.5,1,8.75,1.5],"texture":"#0"},"south":{"uv":[6.25,7,7,7.5],"texture":"#0"},"west":{"uv":[8.75,1,5.5,1.5],"texture":"#0"},"up":{"uv":[4.25,8,3.5,4.75],"texture":"#0"},"down":{"uv":[5,4.75,4.25,8],"texture":"#0"}}},{"name":"0","from":[22,9,3],"to":[22,11,13],"faces":{"east":{"uv":[5.5,1.5,8,2],"texture":"#0"},"west":{"uv":[8,1.5,5.5,2],"texture":"#0"}}},{"name":"0","from":[-7.5,11,3],"to":[-4.5,13,16],"rotation":{"angle":0,"axis":"y","origin":[16,0,0]},"faces":{"north":{"uv":[6.25,7,5.5,7.5],"texture":"#0"},"east":{"uv":[5.5,1,8.75,1.5],"texture":"#0"},"south":{"uv":[7,7,6.25,7.5],"texture":"#0"},"west":{"uv":[8.75,1,5.5,1.5],"texture":"#0"},"up":{"uv":[3.5,8,4.25,4.75],"texture":"#0"},"down":{"uv":[4.25,4.75,5,8],"texture":"#0"}}},{"name":"0","from":[-6,9,3],"to":[-6,11,13],"rotation":{"angle":0,"axis":"y","origin":[16,0,0]},"faces":{"east":{"uv":[5.5,1.5,8,2],"texture":"#0"},"west":{"uv":[8,1.5,5.5,2],"texture":"#0"}}},{"name":"0","from":[20,21,13],"to":[22,22,15],"faces":{"north":{"uv":[7,7.25,7.5,7.5],"texture":"#0"},"east":{"uv":[7,7.25,7.5,7.5],"texture":"#0"},"south":{"uv":[7,7.25,7.5,7.5],"texture":"#0"},"west":{"uv":[7,7.25,7.5,7.5],"texture":"#0"}}},{"name":"0","from":[19,22,12],"to":[23,23,16],"faces":{"north":{"uv":[7,7,8,7.25],"texture":"#0"},"east":{"uv":[7,7,8,7.25],"texture":"#0"},"south":{"uv":[7,7,8,7.25],"texture":"#0"},"west":{"uv":[7,7,8,7.25],"texture":"#0"},"up":{"uv":[3.5,8,2.5,7],"texture":"#0"},"down":{"uv":[3.5,8,2.5,7],"texture":"#0"}}},{"name":"0","from":[-6,21,13],"to":[-4,22,15],"rotation":{"angle":0,"axis":"y","origin":[16,0,0]},"faces":{"north":{"uv":[7.5,7.25,7,7.5],"texture":"#0"},"east":{"uv":[7.5,7.25,7,7.5],"texture":"#0"},"south":{"uv":[7.5,7.25,7,7.5],"texture":"#0"},"west":{"uv":[7.5,7.25,7,7.5],"texture":"#0"}}},{"name":"0","from":[-7,22,12],"to":[-3,23,16],"rotation":{"angle":0,"axis":"y","origin":[16,0,0]},"faces":{"north":{"uv":[8,7,7,7.25],"texture":"#0"},"east":{"uv":[8,7,7,7.25],"texture":"#0"},"south":{"uv":[8,7,7,7.25],"texture":"#0"},"west":{"uv":[8,7,7,7.25],"texture":"#0"},"up":{"uv":[2.5,8,3.5,7],"texture":"#0"},"down":{"uv":[2.5,8,3.5,7],"texture":"#0"}}},{"name":"0","from":[-7,18,13],"to":[23,21,15],"faces":{"north":{"uv":[0,9.75,7.5,10.5],"texture":"#0"},"east":{"uv":[0,8.5,0.75,9],"rotation":90,"texture":"#0"},"south":{"uv":[0,9.75,7.5,10.5],"texture":"#0"},"west":{"uv":[0,8.5,0.75,9],"rotation":90,"texture":"#0"},"up":{"uv":[7.5,9.75,0,9.25],"texture":"#0"},"down":{"uv":[7.5,9.75,0,9.25],"texture":"#0"}}},{"name":"0","from":[-7,21,14],"to":[23,25,14],"faces":{"north":{"uv":[0,10.5,7.5,11.5],"texture":"#0"},"south":{"uv":[7.5,10.5,0,11.5],"texture":"#0"}}},{"name":"0","from":[22.25,5,4],"to":[22.25,7,12],"faces":{"east":{"uv":[7,4.25,9,4.75],"texture":"#0"},"west":{"uv":[9,4.25,7,4.75],"texture":"#0"}}},{"name":"0","from":[-6.25,5,4],"to":[-6.25,7,12],"rotation":{"angle":0,"axis":"y","origin":[16,0,0]},"faces":{"east":{"uv":[7,4.25,9,4.75],"texture":"#0"},"west":{"uv":[9,4.25,7,4.75],"texture":"#0"}}},{"name":"0","from":[-4,5,14.1],"to":[20,7,14.1],"rotation":{"angle":0,"axis":"y","origin":[1.75,6,8]},"faces":{"north":{"uv":[2.5,8.75,8.5,9.25],"texture":"#0"},"south":{"uv":[8.5,8.75,2.5,9.25],"texture":"#0"}}},{"name":"0","from":[18,0,1],"to":[23,1,6],"rotation":{"angle":0,"axis":"y","origin":[1,0,0]},"faces":{"north":{"uv":[5.5,2,6.75,2.25],"texture":"#0"},"east":{"uv":[5.5,2,6.75,2.25],"texture":"#0"},"south":{"uv":[5.5,2,6.75,2.25],"texture":"#0"},"west":{"uv":[5.5,2,6.75,2.25],"texture":"#0"},"up":{"uv":[6.25,7,5,5.75],"texture":"#0"},"down":{"uv":[7.5,5.75,6.25,7],"texture":"#0"}}},{"name":"0","from":[19,1,2],"to":[22,7,5],"rotation":{"angle":0,"axis":"y","origin":[1,0,0]},"faces":{"north":{"uv":[0.75,7,1.5,8.5],"texture":"#0"},"east":{"uv":[0.75,7,1.5,8.5],"texture":"#0"},"south":{"uv":[0.75,7,1.5,8.5],"texture":"#0"},"west":{"uv":[0.75,7,1.5,8.5],"texture":"#0"}}},{"name":"0","from":[-7,0,1],"to":[-2,1,6],"rotation":{"angle":0,"axis":"y","origin":[15,0,0]},"faces":{"north":{"uv":[6.75,2,5.5,2.25],"texture":"#0"},"east":{"uv":[6.75,2,5.5,2.25],"texture":"#0"},"south":{"uv":[6.75,2,5.5,2.25],"texture":"#0"},"west":{"uv":[6.75,2,5.5,2.25],"texture":"#0"},"up":{"uv":[5,7,6.25,5.75],"texture":"#0"},"down":{"uv":[6.25,5.75,7.5,7],"texture":"#0"}}},{"name":"0","from":[-6,1,2],"to":[-3,7,5],"rotation":{"angle":0,"axis":"y","origin":[15,0,0]},"faces":{"north":{"uv":[1.5,7,0.75,8.5],"texture":"#0"},"east":{"uv":[1.5,7,0.75,8.5],"texture":"#0"},"south":{"uv":[1.5,7,0.75,8.5],"texture":"#0"},"west":{"uv":[1.5,7,0.75,8.5],"texture":"#0"}}},{"name":"0","from":[-7,0,10],"to":[-2,1,15],"rotation":{"angle":0,"axis":"y","origin":[15,0,16]},"faces":{"north":{"uv":[5.5,2,6.75,2.25],"texture":"#0"},"east":{"uv":[5.5,2,6.75,2.25],"texture":"#0"},"south":{"uv":[5.5,2,6.75,2.25],"texture":"#0"},"west":{"uv":[5.5,2,6.75,2.25],"texture":"#0"},"up":{"uv":[5,5.75,6.25,7],"texture":"#0"},"down":{"uv":[6.25,7,7.5,5.75],"texture":"#0"}}},{"name":"0","from":[-6,1,11],"to":[-3,7,14],"rotation":{"angle":0,"axis":"y","origin":[15,0,16]},"faces":{"north":{"uv":[0.75,7,1.5,8.5],"texture":"#0"},"east":{"uv":[0.75,7,1.5,8.5],"texture":"#0"},"south":{"uv":[0.75,7,1.5,8.5],"texture":"#0"},"west":{"uv":[0.75,7,1.5,8.5],"texture":"#0"}}},{"name":"0","from":[19,1,11],"to":[22,7,14],"rotation":{"angle":0,"axis":"y","origin":[1,0,16]},"faces":{"north":{"uv":[1.5,7,0.75,8.5],"texture":"#0"},"east":{"uv":[1.5,7,0.75,8.5],"texture":"#0"},"south":{"uv":[1.5,7,0.75,8.5],"texture":"#0"},"west":{"uv":[1.5,7,0.75,8.5],"texture":"#0"}}},{"name":"0","from":[18,0,10],"to":[23,1,15],"rotation":{"angle":0,"axis":"y","origin":[1,0,16]},"faces":{"north":{"uv":[6.75,2,5.5,2.25],"texture":"#0"},"east":{"uv":[6.75,2,5.5,2.25],"texture":"#0"},"south":{"uv":[6.75,2,5.5,2.25],"texture":"#0"},"west":{"uv":[6.75,2,5.5,2.25],"texture":"#0"},"up":{"uv":[6.25,5.75,5,7],"texture":"#0"},"down":{"uv":[7.5,7,6.25,5.75],"texture":"#0"}}}],"display":{"thirdperson_righthand":{"rotation":[45,0,0],"translation":[0,0.5,-0.5],"scale":[0.25,0.25,0.25]},"thirdperson_lefthand":{"rotation":[45,0,0],"translation":[0,0.5,-0.5],"scale":[0.25,0.25,0.25]},"firstperson_righthand":{"rotation":[0,133,0],"translation":[11,-3.75,-11.5],"scale":[0.4,0.4,0.4]},"firstperson_lefthand":{"rotation":[0,133,0],"translation":[11,-3.75,-11.5],"scale":[0.4,0.4,0.4]},"ground":{"scale":[0.35,0.35,0.35]},"gui":{"rotation":[15,-145,0],"translation":[0.25,-2,0],"scale":[0.45,0.45,0.45]},"head":{"translation":[0,-27.25,0],"scale":[2,2,2]},"fixed":{"rotation":[-90,0,0],"translation":[-16,0,-16],"scale":[2,2,2]}}}