{"credit":"MadewithBlockbench","texture_size":[32,32],"textures":{"1":"royal:royal_vase_2","3":"royal:royal_vase_1","particle":"royal:royal_vase_2"},"elements":[{"name":"0","from":[3,2,3],"to":[13,8,13],"rotation":{"angle":0,"axis":"y","origin":[7.5,12.75,8]},"faces":{"north":{"uv":[10.5,12,15.5,15],"texture":"#3"},"east":{"uv":[10.5,12,15.5,15],"texture":"#3"},"south":{"uv":[10.5,12,15.5,15],"texture":"#3"},"west":{"uv":[10.5,12,15.5,15],"texture":"#3"},"up":{"uv":[5.5,11,10.5,16],"texture":"#3"},"down":{"uv":[5.5,11,10.5,16],"texture":"#3"}}},{"name":"0","from":[3,0,3],"to":[13,1,13],"rotation":{"angle":0,"axis":"y","origin":[7.5,12.75,8]},"faces":{"north":{"uv":[10.5,15.5,15.5,16],"texture":"#3"},"east":{"uv":[10.5,15.5,15.5,16],"texture":"#3"},"south":{"uv":[10.5,15.5,15.5,16],"texture":"#3"},"west":{"uv":[10.5,15.5,15.5,16],"texture":"#3"},"up":{"uv":[5.5,11,10.5,16],"texture":"#3"},"down":{"uv":[5.5,11,10.5,16],"texture":"#3"}}},{"name":"0","from":[4,1,4],"to":[12,2,12],"rotation":{"angle":0,"axis":"y","origin":[7.5,12.75,8]},"faces":{"north":{"uv":[10.5,15,15.5,15.5],"texture":"#3"},"east":{"uv":[10.5,15,15.5,15.5],"texture":"#3"},"south":{"uv":[10.5,15,15.5,15.5],"texture":"#3"},"west":{"uv":[10.5,15,15.5,15.5],"texture":"#3"}}},{"name":"0","from":[5,8,5],"to":[11,9,11],"rotation":{"angle":0,"axis":"y","origin":[7.5,12.75,8]},"faces":{"north":{"uv":[0,4,3,4.5],"texture":"#3"},"east":{"uv":[0,4,3,4.5],"texture":"#3"},"south":{"uv":[0,4,3,4.5],"texture":"#3"},"west":{"uv":[0,4,3,4.5],"texture":"#3"},"up":{"uv":[0,4.5,3,7.5],"texture":"#3"}}},{"name":"0","from":[4,25,3],"to":[10,31,9],"rotation":{"angle":0,"axis":"y","origin":[7.5,12.75,8]},"faces":{"north":{"uv":[12.75,7.25,15.75,10.25],"texture":"#3"},"east":{"uv":[12.75,7.25,15.75,10.25],"texture":"#3"},"south":{"uv":[12.75,7.25,15.75,10.25],"texture":"#3"},"west":{"uv":[12.75,7.25,15.75,10.25],"texture":"#3"},"up":{"uv":[12.75,7.25,15.75,10.25],"texture":"#3"},"down":{"uv":[12.75,7.25,15.75,10.25],"texture":"#3"}}},{"name":"0","from":[1,18,6],"to":[7,24,12],"rotation":{"angle":0,"axis":"y","origin":[7.5,12.75,8]},"faces":{"north":{"uv":[12,3.25,15,6.25],"texture":"#3"},"east":{"uv":[12,3.25,15,6.25],"texture":"#3"},"south":{"uv":[12,3.25,15,6.25],"texture":"#3"},"west":{"uv":[12,3.25,15,6.25],"texture":"#3"},"up":{"uv":[12,3.25,15,6.25],"texture":"#3"},"down":{"uv":[12,3.25,15,6.25],"texture":"#3"}}},{"name":"0","from":[-2,19,7],"to":[1,23,11],"rotation":{"angle":0,"axis":"y","origin":[7.5,12.75,8]},"faces":{"north":{"uv":[12,3.25,13.5,5.25],"texture":"#3"},"south":{"uv":[12,3.25,13.5,5.25],"texture":"#3"},"west":{"uv":[12,3.25,14,5.25],"texture":"#3"},"up":{"uv":[12,3.25,13.5,5.25],"texture":"#3"},"down":{"uv":[12,3.25,13.5,5.25],"texture":"#3"}}},{"name":"0","from":[9,15,4],"to":[15,21,10],"rotation":{"angle":0,"axis":"y","origin":[7.5,12.75,8]},"faces":{"north":{"uv":[14.75,6.25,11.75,9.25],"texture":"#3"},"east":{"uv":[14.75,6.25,11.75,9.25],"texture":"#3"},"south":{"uv":[14.75,6.25,11.75,9.25],"texture":"#3"},"west":{"uv":[14.75,6.25,11.75,9.25],"texture":"#3"},"up":{"uv":[14.75,6.25,11.75,9.25],"texture":"#3"},"down":{"uv":[14.75,6.25,11.75,9.25],"texture":"#3"}}},{"name":"0","from":[13,16,3],"to":[17,20,7],"rotation":{"angle":0,"axis":"y","origin":[7.5,12.75,8]},"faces":{"north":{"uv":[13.75,6.25,11.75,8.25],"texture":"#3"},"east":{"uv":[13.75,6.25,11.75,8.25],"texture":"#3"},"south":{"uv":[13.75,6.25,11.75,8.25],"texture":"#3"},"west":{"uv":[13.75,6.25,11.75,8.25],"texture":"#3"},"up":{"uv":[13.75,6.25,11.75,8.25],"texture":"#3"},"down":{"uv":[13.75,6.25,11.75,8.25],"texture":"#3"}}},{"name":"0","from":[1,6,8],"to":[15,29,8],"rotation":{"angle":22.5,"axis":"y","origin":[8,20.5,8]},"faces":{"north":{"uv":[7,0,0,11.5],"texture":"#1"},"south":{"uv":[0,0,7,11.5],"texture":"#1"}}},{"name":"0","from":[8,9,1.5],"to":[8,32,15.5],"rotation":{"angle":45,"axis":"y","origin":[8,20.5,8]},"faces":{"east":{"uv":[0,0,7,11.5],"texture":"#1"},"west":{"uv":[7,0,0,11.5],"texture":"#1"}}}],"display":{"thirdperson_righthand":{"rotation":[45,0,0],"translation":[0,2.25,0],"scale":[0.5,0.5,0.5]},"thirdperson_lefthand":{"rotation":[45,0,0],"translation":[0,2.25,0],"scale":[0.5,0.5,0.5]},"firstperson_righthand":{"translation":[15.75,-2.75,-14.75],"scale":[0.75,0.75,0.75]},"firstperson_lefthand":{"translation":[15.75,-2.75,-14.75],"scale":[0.75,0.75,0.75]},"ground":{"translation":[0,1.75,0],"scale":[0.5,0.5,0.5]},"gui":{"rotation":[15,-145,0],"translation":[0,-3,0],"scale":[0.45,0.45,0.45]},"head":{"translation":[0,-27.25,0],"scale":[2,2,2]},"fixed":{"rotation":[-90,0,0],"translation":[0,0,-20],"scale":[2.5,2.5,2.5]}}}