{
	"credit": "MadewithBlockbench",
	"texture_size": [64, 64],
	"textures": {
		"0": "royal:royal_chair",
		"particle": "royal:royal_chair"
	},
	"elements": [
		{
			"name": "0",
			"from": [1, 7, 1],
			"to": [15, 9, 15],
			"faces": {
				"north": {"uv": [5.5, 0, 9, 0.5], "texture": "#0"},
				"east": {"uv": [5.5, 0.5, 9, 1], "texture": "#0"},
				"south": {"uv": [5.5, 0.5, 9, 1], "texture": "#0"},
				"west": {"uv": [5.5, 0.5, 9, 1], "texture": "#0"},
				"up": {"uv": [3.5, 3.5, 0, 0], "texture": "#0"},
				"down": {"uv": [3.5, 3.5, 0, 7], "texture": "#0"}
			}
		},
		{
			"name": "0",
			"from": [2, 1, 1],
			"to": [14, 7, 1],
			"faces": {
				"north": {"uv": [9, 0, 12, 1.5], "texture": "#0"},
				"south": {"uv": [12, 0, 9, 1.5], "texture": "#0"}
			}
		},
		{
			"name": "0",
			"from": [4, 9, 14],
			"to": [12, 18, 14],
			"faces": {
				"north": {"uv": [3.5, 0, 5.5, 2.25], "texture": "#0"},
				"south": {"uv": [5.5, 0, 3.5, 2.25], "texture": "#0"}
			}
		},
		{
			"name": "0",
			"from": [12, 9, 13],
			"to": [14, 18, 15],
			"faces": {
				"north": {"uv": [2, 7, 2.5, 9.25], "texture": "#0"},
				"east": {"uv": [2, 7, 2.5, 9.25], "texture": "#0"},
				"south": {"uv": [2, 7, 2.5, 9.25], "texture": "#0"},
				"west": {"uv": [2, 7, 2.5, 9.25], "texture": "#0"}
			}
		},
		{
			"name": "0",
			"from": [2, 9, 13],
			"to": [4, 18, 15],
			"faces": {
				"north": {"uv": [2, 7, 2.5, 9.25], "texture": "#0"},
				"east": {"uv": [2, 7, 2.5, 9.25], "texture": "#0"},
				"south": {"uv": [2, 7, 2.5, 9.25], "texture": "#0"},
				"west": {"uv": [2, 7, 2.5, 9.25], "texture": "#0"}
			}
		},
		{
			"name": "0",
			"from": [12.5, 11, 3],
			"to": [15.5, 13, 16],
			"faces": {
				"north": {"uv": [5.5, 7, 6.25, 7.5], "texture": "#0"},
				"east": {"uv": [5.5, 1, 8.75, 1.5], "texture": "#0"},
				"south": {"uv": [6.25, 7, 7, 7.5], "texture": "#0"},
				"west": {"uv": [8.75, 1, 5.5, 1.5], "texture": "#0"},
				"up": {"uv": [4.25, 8, 3.5, 4.75], "texture": "#0"},
				"down": {"uv": [5, 4.75, 4.25, 8], "texture": "#0"}
			}
		},
		{
			"name": "0",
			"from": [14, 9, 3],
			"to": [14, 11, 13],
			"faces": {
				"east": {"uv": [5.5, 1.5, 8, 2], "texture": "#0"},
				"west": {"uv": [8, 1.5, 5.5, 2], "texture": "#0"}
			}
		},
		{
			"name": "0",
			"from": [0.5, 11, 3],
			"to": [3.5, 13, 16],
			"rotation": {"angle": 0, "axis": "y", "origin": [16, 0, 0]},
			"faces": {
				"north": {"uv": [6.25, 7, 5.5, 7.5], "texture": "#0"},
				"east": {"uv": [5.5, 1, 8.75, 1.5], "texture": "#0"},
				"south": {"uv": [7, 7, 6.25, 7.5], "texture": "#0"},
				"west": {"uv": [8.75, 1, 5.5, 1.5], "texture": "#0"},
				"up": {"uv": [3.5, 8, 4.25, 4.75], "texture": "#0"},
				"down": {"uv": [4.25, 4.75, 5, 8], "texture": "#0"}
			}
		},
		{
			"name": "0",
			"from": [2, 9, 3],
			"to": [2, 11, 13],
			"rotation": {"angle": 0, "axis": "y", "origin": [16, 0, 0]},
			"faces": {
				"east": {"uv": [5.5, 1.5, 8, 2], "texture": "#0"},
				"west": {"uv": [8, 1.5, 5.5, 2], "texture": "#0"}
			}
		},
		{
			"name": "0",
			"from": [12, 21, 13],
			"to": [14, 22, 15],
			"faces": {
				"north": {"uv": [7, 7.25, 7.5, 7.5], "texture": "#0"},
				"east": {"uv": [7, 7.25, 7.5, 7.5], "texture": "#0"},
				"south": {"uv": [7, 7.25, 7.5, 7.5], "texture": "#0"},
				"west": {"uv": [7, 7.25, 7.5, 7.5], "texture": "#0"}
			}
		},
		{
			"name": "0",
			"from": [11, 22, 12],
			"to": [15, 23, 16],
			"faces": {
				"north": {"uv": [7, 7, 8, 7.25], "texture": "#0"},
				"east": {"uv": [7, 7, 8, 7.25], "texture": "#0"},
				"south": {"uv": [7, 7, 8, 7.25], "texture": "#0"},
				"west": {"uv": [7, 7, 8, 7.25], "texture": "#0"},
				"up": {"uv": [3.5, 8, 2.5, 7], "texture": "#0"},
				"down": {"uv": [3.5, 8, 2.5, 7], "texture": "#0"}
			}
		},
		{
			"name": "0",
			"from": [2, 21, 13],
			"to": [4, 22, 15],
			"rotation": {"angle": 0, "axis": "y", "origin": [16, 0, 0]},
			"faces": {
				"north": {"uv": [7.5, 7.25, 7, 7.5], "texture": "#0"},
				"east": {"uv": [7.5, 7.25, 7, 7.5], "texture": "#0"},
				"south": {"uv": [7.5, 7.25, 7, 7.5], "texture": "#0"},
				"west": {"uv": [7.5, 7.25, 7, 7.5], "texture": "#0"}
			}
		},
		{
			"name": "0",
			"from": [1, 22, 12],
			"to": [5, 23, 16],
			"rotation": {"angle": 0, "axis": "y", "origin": [16, 0, 0]},
			"faces": {
				"north": {"uv": [8, 7, 7, 7.25], "texture": "#0"},
				"east": {"uv": [8, 7, 7, 7.25], "texture": "#0"},
				"south": {"uv": [8, 7, 7, 7.25], "texture": "#0"},
				"west": {"uv": [8, 7, 7, 7.25], "texture": "#0"},
				"up": {"uv": [2.5, 8, 3.5, 7], "texture": "#0"},
				"down": {"uv": [2.5, 8, 3.5, 7], "texture": "#0"}
			}
		},
		{
			"name": "0",
			"from": [1, 18, 13],
			"to": [15, 21, 15],
			"faces": {
				"north": {"uv": [3.5, 3.25, 7, 4], "texture": "#0"},
				"east": {"uv": [5, 7, 5.5, 7.75], "texture": "#0"},
				"south": {"uv": [3.5, 3.25, 7, 4], "texture": "#0"},
				"west": {"uv": [5, 7, 5.5, 7.75], "texture": "#0"},
				"up": {"uv": [8.5, 5.25, 5, 4.75], "texture": "#0"},
				"down": {"uv": [8.5, 5.25, 5, 4.75], "texture": "#0"}
			}
		},
		{
			"name": "0",
			"from": [1, 21, 14],
			"to": [15, 25, 14],
			"faces": {
				"north": {"uv": [3.5, 2.25, 7, 3.25], "texture": "#0"},
				"south": {"uv": [7, 2.25, 3.5, 3.25], "texture": "#0"}
			}
		},
		{
			"name": "0",
			"from": [7, 25, 13],
			"to": [9, 27, 15],
			"faces": {
				"north": {"uv": [7, 3.75, 7.5, 4.25], "texture": "#0"},
				"east": {"uv": [7, 3.75, 7.5, 4.25], "texture": "#0"},
				"south": {"uv": [7, 3.75, 7.5, 4.25], "texture": "#0"},
				"west": {"uv": [7, 3.75, 7.5, 4.25], "texture": "#0"},
				"up": {"uv": [7, 3.25, 7.5, 3.75], "texture": "#0"},
				"down": {"uv": [7, 3.25, 7.5, 3.75], "texture": "#0"}
			}
		},
		{
			"name": "0",
			"from": [13, 25, 13],
			"to": [14.5, 26.5, 14.5],
			"faces": {
				"north": {"uv": [7, 3.75, 7.5, 4.25], "texture": "#0"},
				"east": {"uv": [7, 3.75, 7.5, 4.25], "texture": "#0"},
				"south": {"uv": [7, 3.75, 7.5, 4.25], "texture": "#0"},
				"west": {"uv": [7, 3.75, 7.5, 4.25], "texture": "#0"},
				"up": {"uv": [7, 3.25, 7.5, 3.75], "texture": "#0"},
				"down": {"uv": [7, 3.25, 7.5, 3.75], "texture": "#0"}
			}
		},
		{
			"name": "0",
			"from": [1.5, 25, 13],
			"to": [3, 26.5, 14.5],
			"rotation": {"angle": 0, "axis": "y", "origin": [16, 0, 0]},
			"faces": {
				"north": {"uv": [7.5, 3.75, 7, 4.25], "texture": "#0"},
				"east": {"uv": [7.5, 3.75, 7, 4.25], "texture": "#0"},
				"south": {"uv": [7.5, 3.75, 7, 4.25], "texture": "#0"},
				"west": {"uv": [7.5, 3.75, 7, 4.25], "texture": "#0"},
				"up": {"uv": [7.5, 3.25, 7, 3.75], "texture": "#0"},
				"down": {"uv": [7.5, 3.25, 7, 3.75], "texture": "#0"}
			}
		},
		{
			"name": "0",
			"from": [14.25, 5, 4],
			"to": [14.25, 7, 12],
			"faces": {
				"east": {"uv": [7, 4.25, 9, 4.75], "texture": "#0"},
				"west": {"uv": [9, 4.25, 7, 4.75], "texture": "#0"}
			}
		},
		{
			"name": "0",
			"from": [1.75, 5, 4],
			"to": [1.75, 7, 12],
			"rotation": {"angle": 0, "axis": "y", "origin": [16, 0, 0]},
			"faces": {
				"east": {"uv": [7, 4.25, 9, 4.75], "texture": "#0"},
				"west": {"uv": [9, 4.25, 7, 4.75], "texture": "#0"}
			}
		},
		{
			"name": "0",
			"from": [4, 5, 14.1],
			"to": [12, 7, 14.1],
			"rotation": {"angle": 0, "axis": "y", "origin": [1.75, 6, 8]},
			"faces": {
				"north": {"uv": [7, 4.25, 9, 4.75], "texture": "#0"},
				"south": {"uv": [9, 4.25, 7, 4.75], "texture": "#0"}
			}
		},
		{
			"name": "0",
			"from": [10, 0, 1],
			"to": [15, 1, 6],
			"rotation": {"angle": 0, "axis": "y", "origin": [1, 0, 0]},
			"faces": {
				"north": {"uv": [5.5, 2, 6.75, 2.25], "texture": "#0"},
				"east": {"uv": [5.5, 2, 6.75, 2.25], "texture": "#0"},
				"south": {"uv": [5.5, 2, 6.75, 2.25], "texture": "#0"},
				"west": {"uv": [5.5, 2, 6.75, 2.25], "texture": "#0"},
				"up": {"uv": [6.25, 7, 5, 5.75], "texture": "#0"},
				"down": {"uv": [7.5, 5.75, 6.25, 7], "texture": "#0"}
			}
		},
		{
			"name": "0",
			"from": [11, 1, 2],
			"to": [14, 7, 5],
			"rotation": {"angle": 0, "axis": "y", "origin": [1, 0, 0]},
			"faces": {
				"north": {"uv": [0.75, 7, 1.5, 8.5], "texture": "#0"},
				"east": {"uv": [0.75, 7, 1.5, 8.5], "texture": "#0"},
				"south": {"uv": [0.75, 7, 1.5, 8.5], "texture": "#0"},
				"west": {"uv": [0.75, 7, 1.5, 8.5], "texture": "#0"}
			}
		},
		{
			"name": "0",
			"from": [1, 0, 1],
			"to": [6, 1, 6],
			"rotation": {"angle": 0, "axis": "y", "origin": [15, 0, 0]},
			"faces": {
				"north": {"uv": [6.75, 2, 5.5, 2.25], "texture": "#0"},
				"east": {"uv": [6.75, 2, 5.5, 2.25], "texture": "#0"},
				"south": {"uv": [6.75, 2, 5.5, 2.25], "texture": "#0"},
				"west": {"uv": [6.75, 2, 5.5, 2.25], "texture": "#0"},
				"up": {"uv": [5, 7, 6.25, 5.75], "texture": "#0"},
				"down": {"uv": [6.25, 5.75, 7.5, 7], "texture": "#0"}
			}
		},
		{
			"name": "0",
			"from": [2, 1, 2],
			"to": [5, 7, 5],
			"rotation": {"angle": 0, "axis": "y", "origin": [15, 0, 0]},
			"faces": {
				"north": {"uv": [1.5, 7, 0.75, 8.5], "texture": "#0"},
				"east": {"uv": [1.5, 7, 0.75, 8.5], "texture": "#0"},
				"south": {"uv": [1.5, 7, 0.75, 8.5], "texture": "#0"},
				"west": {"uv": [1.5, 7, 0.75, 8.5], "texture": "#0"}
			}
		},
		{
			"name": "0",
			"from": [1, 0, 10],
			"to": [6, 1, 15],
			"rotation": {"angle": 0, "axis": "y", "origin": [15, 0, 16]},
			"faces": {
				"north": {"uv": [5.5, 2, 6.75, 2.25], "texture": "#0"},
				"east": {"uv": [5.5, 2, 6.75, 2.25], "texture": "#0"},
				"south": {"uv": [5.5, 2, 6.75, 2.25], "texture": "#0"},
				"west": {"uv": [5.5, 2, 6.75, 2.25], "texture": "#0"},
				"up": {"uv": [5, 5.75, 6.25, 7], "texture": "#0"},
				"down": {"uv": [6.25, 7, 7.5, 5.75], "texture": "#0"}
			}
		},
		{
			"name": "0",
			"from": [2, 1, 11],
			"to": [5, 7, 14],
			"rotation": {"angle": 0, "axis": "y", "origin": [15, 0, 16]},
			"faces": {
				"north": {"uv": [0.75, 7, 1.5, 8.5], "texture": "#0"},
				"east": {"uv": [0.75, 7, 1.5, 8.5], "texture": "#0"},
				"south": {"uv": [0.75, 7, 1.5, 8.5], "texture": "#0"},
				"west": {"uv": [0.75, 7, 1.5, 8.5], "texture": "#0"}
			}
		},
		{
			"name": "0",
			"from": [11, 1, 11],
			"to": [14, 7, 14],
			"rotation": {"angle": 0, "axis": "y", "origin": [1, 0, 16]},
			"faces": {
				"north": {"uv": [1.5, 7, 0.75, 8.5], "texture": "#0"},
				"east": {"uv": [1.5, 7, 0.75, 8.5], "texture": "#0"},
				"south": {"uv": [1.5, 7, 0.75, 8.5], "texture": "#0"},
				"west": {"uv": [1.5, 7, 0.75, 8.5], "texture": "#0"}
			}
		},
		{
			"name": "0",
			"from": [10, 0, 10],
			"to": [15, 1, 15],
			"rotation": {"angle": 0, "axis": "y", "origin": [1, 0, 16]},
			"faces": {
				"north": {"uv": [6.75, 2, 5.5, 2.25], "texture": "#0"},
				"east": {"uv": [6.75, 2, 5.5, 2.25], "texture": "#0"},
				"south": {"uv": [6.75, 2, 5.5, 2.25], "texture": "#0"},
				"west": {"uv": [6.75, 2, 5.5, 2.25], "texture": "#0"},
				"up": {"uv": [6.25, 5.75, 5, 7], "texture": "#0"},
				"down": {"uv": [7.5, 7, 6.25, 5.75], "texture": "#0"}
			}
		}
	],
	"display": {
		"thirdperson_righthand": {
			"rotation": [45, 0, 0],
			"translation": [0, 0.5, -0.5],
			"scale": [0.25, 0.25, 0.25]
		},
		"thirdperson_lefthand": {
			"rotation": [45, 0, 0],
			"translation": [0, 0.5, -0.5],
			"scale": [0.25, 0.25, 0.25]
		},
		"firstperson_righthand": {
			"rotation": [0, 133, 0],
			"translation": [14, -3.75, -11.5],
			"scale": [0.45, 0.45, 0.45]
		},
		"firstperson_lefthand": {
			"rotation": [0, 133, 0],
			"translation": [14, -3.75, -11.5],
			"scale": [0.45, 0.45, 0.45]
		},
		"ground": {
			"translation": [0, 1.75, 0],
			"scale": [0.5, 0.5, 0.5]
		},
		"gui": {
			"rotation": [15, -145, 0],
			"translation": [0.25, -2.5, 0],
			"scale": [0.5, 0.5, 0.5]
		},
		"head": {
			"rotation": [180, 0, 180],
			"translation": [0, -27, 0],
			"scale": [2, 2, 2]
		},
		"fixed": {
			"rotation": [-90, 0, 0],
			"translation": [0, -1, -16],
			"scale": [2, 2, 2]
		}
	}
}