{"credit":"MadewithBlockbench","texture_size":[64,64],"textures":{"0":"royal:royal_chair","particle":"royal:royal_chair"},"elements":[{"name":"0","from":[12,3,8],"to":[14,12,10],"faces":{"north":{"uv":[2,7,2.5,9.25],"texture":"#0"},"east":{"uv":[2,7,2.5,9.25],"texture":"#0"},"south":{"uv":[2,7,2.5,9.25],"texture":"#0"},"west":{"uv":[2,7,2.5,9.25],"texture":"#0"}}},{"name":"0","from":[2,3,8],"to":[4,12,10],"faces":{"north":{"uv":[2,7,2.5,9.25],"texture":"#0"},"east":{"uv":[2,7,2.5,9.25],"texture":"#0"},"south":{"uv":[2,7,2.5,9.25],"texture":"#0"},"west":{"uv":[2,7,2.5,9.25],"texture":"#0"}}},{"name":"0","from":[4,3,8.5],"to":[12,12,9.5],"faces":{"north":{"uv":[9.375,7.625,11.375,9.875],"texture":"#0"},"south":{"uv":[6.25,5.75,7.5,7],"texture":"#0"}}},{"name":"0","from":[12,15,8],"to":[14,16,10],"faces":{"north":{"uv":[7,7.25,7.5,7.5],"texture":"#0"},"east":{"uv":[7,7.25,7.5,7.5],"texture":"#0"},"south":{"uv":[7,7.25,7.5,7.5],"texture":"#0"},"west":{"uv":[7,7.25,7.5,7.5],"texture":"#0"}}},{"name":"0","from":[11,16,7],"to":[15,17,11],"faces":{"north":{"uv":[7,7,8,7.25],"texture":"#0"},"east":{"uv":[7,7,8,7.25],"texture":"#0"},"south":{"uv":[7,7,8,7.25],"texture":"#0"},"west":{"uv":[7,7,8,7.25],"texture":"#0"},"up":{"uv":[3.5,8,2.5,7],"texture":"#0"},"down":{"uv":[3.5,8,2.5,7],"texture":"#0"}}},{"name":"0","from":[2,15,8],"to":[4,16,10],"rotation":{"angle":0,"axis":"y","origin":[16,0,0]},"faces":{"north":{"uv":[7.5,7.25,7,7.5],"texture":"#0"},"east":{"uv":[7.5,7.25,7,7.5],"texture":"#0"},"south":{"uv":[7.5,7.25,7,7.5],"texture":"#0"},"west":{"uv":[7.5,7.25,7,7.5],"texture":"#0"}}},{"name":"0","from":[1,16,7],"to":[5,17,11],"rotation":{"angle":0,"axis":"y","origin":[16,0,0]},"faces":{"north":{"uv":[8,7,7,7.25],"texture":"#0"},"east":{"uv":[8,7,7,7.25],"texture":"#0"},"south":{"uv":[8,7,7,7.25],"texture":"#0"},"west":{"uv":[8,7,7,7.25],"texture":"#0"},"up":{"uv":[2.5,8,3.5,7],"texture":"#0"},"down":{"uv":[2.5,8,3.5,7],"texture":"#0"}}},{"name":"0","from":[1,12,8],"to":[15,15,10],"faces":{"north":{"uv":[3.5,3.25,7,4],"texture":"#0"},"east":{"uv":[5,7,5.5,7.75],"texture":"#0"},"south":{"uv":[3.5,3.25,7,4],"texture":"#0"},"west":{"uv":[5,7,5.5,7.75],"texture":"#0"},"up":{"uv":[8.5,5.25,5,4.75],"texture":"#0"},"down":{"uv":[8.5,5.25,5,4.75],"texture":"#0"}}},{"name":"0","from":[1,0,8],"to":[15,3,10],"rotation":{"angle":0,"axis":"y","origin":[0,16,0]},"faces":{"north":{"uv":[3.5,4,7,3.25],"texture":"#0"},"east":{"uv":[5,7.75,5.5,7],"texture":"#0"},"south":{"uv":[3.5,4,7,3.25],"texture":"#0"},"west":{"uv":[5,7.75,5.5,7],"texture":"#0"},"up":{"uv":[8.5,4.75,5,5.25],"texture":"#0"},"down":{"uv":[8.5,4.75,5,5.25],"texture":"#0"}}},{"name":"0","from":[1,15,9],"to":[15,19,9],"faces":{"north":{"uv":[3.5,2.25,7,3.25],"texture":"#0"},"south":{"uv":[7,2.25,3.5,3.25],"texture":"#0"}}},{"name":"0","from":[4,-2,8.6],"to":[12,0,8.6],"rotation":{"angle":0,"axis":"y","origin":[1.75,6,8]},"faces":{"north":{"uv":[7,4.25,9,4.75],"texture":"#0"},"south":{"uv":[9,4.25,7,4.75],"texture":"#0"}}},{"name":"0","from":[9,-11,9.1],"to":[10,0,9.1],"rotation":{"angle":0,"axis":"y","origin":[1.75,6,8]},"faces":{"north":{"uv":[8.75,1.5,9,4.25],"texture":"#0"},"south":{"uv":[9,1.5,8.75,4.25],"texture":"#0"}}},{"name":"0","from":[6,-7,9.1],"to":[7,4,9.1],"rotation":{"angle":0,"axis":"y","origin":[1.75,6,8]},"faces":{"north":{"uv":[8.75,1.5,9,4.25],"texture":"#0"},"south":{"uv":[9,1.5,8.75,4.25],"texture":"#0"}}},{"name":"0","from":[7.75,-12.5,9],"to":[11.25,-9,9],"rotation":{"angle":0,"axis":"y","origin":[1.75,6,8]},"faces":{"north":{"uv":[7.875,3.375,8.75,4.25],"texture":"#0"},"south":{"uv":[8.75,3.375,7.875,4.25],"texture":"#0"}}},{"name":"0","from":[7.75,-12.5,9.2],"to":[11.25,-9,9.2],"rotation":{"angle":0,"axis":"y","origin":[1.75,6,8]},"faces":{"north":{"uv":[7.875,3.375,8.75,4.25],"texture":"#0"},"south":{"uv":[8.75,3.375,7.875,4.25],"texture":"#0"}}},{"name":"0","from":[5.75,-7.5,9],"to":[7.25,-6,9],"rotation":{"angle":0,"axis":"y","origin":[1.75,6,8]},"faces":{"north":{"uv":[8.125,3.625,8.5,4],"texture":"#0"},"south":{"uv":[8.5,3.625,8.125,4],"texture":"#0"}}},{"name":"0","from":[5.75,-7.5,9.2],"to":[7.25,-6,9.2],"rotation":{"angle":0,"axis":"y","origin":[1.75,6,8]},"faces":{"north":{"uv":[8.125,3.625,8.5,4],"texture":"#0"},"south":{"uv":[8.5,3.625,8.125,4],"texture":"#0"}}}],"display":{"thirdperson_righthand":{"rotation":[65,0,0],"translation":[0,-0.25,0.25],"scale":[0.4,0.4,0.4]},"thirdperson_lefthand":{"rotation":[65,0,0],"translation":[0,-0.25,0.25],"scale":[0.4,0.4,0.4]},"firstperson_righthand":{"rotation":[0,133,0],"translation":[14.25,-1.75,-11],"scale":[0.45,0.45,0.45]},"firstperson_lefthand":{"rotation":[0,133,0],"translation":[14.25,-1.75,-11],"scale":[0.45,0.45,0.45]},"ground":{"translation":[0,3.5,0],"scale":[0.5,0.5,0.5]},"gui":{"rotation":[15,-145,0],"translation":[0.25,2,0],"scale":[0.48,0.48,0.48]},"head":{"translation":[0,-23,-1]},"fixed":{"translation":[0,0,-4],"scale":[2,2,2]}}}