{"credit":"MadewithBlockbench","texture_size":[64,64],"textures":{"0":"royal:royal_chair","1":"royal:royal_frame_1","particle":"royal:royal_chair"},"elements":[{"name":"0","from":[-2,-3,6],"to":[18,-1,8],"rotation":{"angle":0,"axis":"y","origin":[0,16,0]},"faces":{"north":{"uv":[1.25,10.25,6.25,9.75],"texture":"#0"},"east":{"uv":[5,7.5,5.5,7],"texture":"#0"},"south":{"uv":[1.25,10.25,6.25,9.75],"texture":"#0"},"west":{"uv":[5,7.5,5.5,7],"texture":"#0"},"up":{"uv":[6.25,9.25,1.25,9.75],"texture":"#0"},"down":{"uv":[6.25,9.25,1.25,9.75],"texture":"#0"}}},{"name":"0","from":[-2,-6,7],"to":[18,-3,7],"faces":{"north":{"uv":[1.25,11.25,6.25,10.5],"texture":"#0"},"south":{"uv":[1.25,11.25,6.25,10.5],"texture":"#0"}}},{"name":"0","from":[-1,29,7],"to":[17,31,7],"faces":{"north":{"uv":[3.25,8.75,7.75,9.25],"texture":"#0"},"south":{"uv":[3.25,8.75,7.75,9.25],"texture":"#0"}}},{"name":"0","from":[4,30,6.6],"to":[12,32,6.6],"rotation":{"angle":0,"axis":"y","origin":[1.75,10,8]},"faces":{"north":{"uv":[7,4.75,9,4.25],"texture":"#0"},"south":{"uv":[9,4.75,7,4.25],"texture":"#0"}}},{"name":"0","from":[-2,27,6],"to":[18,29,8],"faces":{"north":{"uv":[1.25,9.75,6.25,10.25],"texture":"#0"},"east":{"uv":[5,7,5.5,7.5],"texture":"#0"},"south":{"uv":[1.25,9.75,6.25,10.25],"texture":"#0"},"west":{"uv":[5,7,5.5,7.5],"texture":"#0"},"up":{"uv":[6.25,9.75,1.25,9.25],"texture":"#0"},"down":{"uv":[6.25,9.75,1.25,9.25],"texture":"#0"}}},{"name":"0","from":[0,-1,6.5],"to":[16,27,7.5],"faces":{"north":{"uv":[0,0,8,14],"texture":"#1"},"south":{"uv":[8,0,16,14],"texture":"#1"}}},{"name":"0","from":[17,22,7],"to":[22,29,7],"faces":{"north":{"uv":[12.75,8,11.5,9.75],"texture":"#0"},"south":{"uv":[11.5,8,12.75,9.75],"texture":"#0"}}},{"name":"0","from":[16,10,5],"to":[19,11,9],"faces":{"north":{"uv":[7,7,8,7.25],"texture":"#0"},"east":{"uv":[7,7,8,7.25],"texture":"#0"},"south":{"uv":[7,7,8,7.25],"texture":"#0"},"west":{"uv":[7,7,8,7.25],"texture":"#0"},"up":{"uv":[3.25,8,2.5,7],"texture":"#0"},"down":{"uv":[3.25,8,2.5,7],"texture":"#0"}}},{"name":"0","from":[16,-1,6],"to":[18,10,8],"faces":{"north":{"uv":[7.625,9.625,8.125,12.375],"texture":"#0"},"east":{"uv":[7.625,9.625,8.125,12.375],"texture":"#0"},"south":{"uv":[7.625,9.625,8.125,12.375],"texture":"#0"},"west":{"uv":[7.625,9.625,8.125,12.375],"texture":"#0"}}},{"name":"0","from":[16,11,6],"to":[18,27,8],"faces":{"north":{"uv":[8.75,6,9.25,10],"texture":"#0"},"east":{"uv":[8.75,6,9.25,10],"texture":"#0"},"south":{"uv":[8.75,6,9.25,10],"texture":"#0"},"west":{"uv":[8.75,6,9.25,10],"texture":"#0"}}},{"name":"0","from":[16,-4,7],"to":[21,3,7],"faces":{"north":{"uv":[12.75,8,11.5,9.75],"texture":"#0"},"south":{"uv":[11.5,8,12.75,9.75],"texture":"#0"}}},{"name":"0","from":[-6,22,7],"to":[-1,29,7],"rotation":{"angle":0,"axis":"y","origin":[16,0,0]},"faces":{"north":{"uv":[11.5,8,12.75,9.75],"texture":"#0"},"south":{"uv":[12.75,8,11.5,9.75],"texture":"#0"}}},{"name":"0","from":[-3,10,5],"to":[0,11,9],"rotation":{"angle":0,"axis":"y","origin":[16,0,0]},"faces":{"north":{"uv":[8,7,7,7.25],"texture":"#0"},"east":{"uv":[8,7,7,7.25],"texture":"#0"},"south":{"uv":[8,7,7,7.25],"texture":"#0"},"west":{"uv":[8,7,7,7.25],"texture":"#0"},"up":{"uv":[2.5,8,3.25,7],"texture":"#0"},"down":{"uv":[2.5,8,3.25,7],"texture":"#0"}}},{"name":"0","from":[-2,-1,6],"to":[0,10,8],"rotation":{"angle":0,"axis":"y","origin":[16,0,0]},"faces":{"north":{"uv":[8.125,9.625,7.625,12.375],"texture":"#0"},"east":{"uv":[8.125,9.625,7.625,12.375],"texture":"#0"},"south":{"uv":[8.125,9.625,7.625,12.375],"texture":"#0"},"west":{"uv":[8.125,9.625,7.625,12.375],"texture":"#0"}}},{"name":"0","from":[-2,11,6],"to":[0,27,8],"rotation":{"angle":0,"axis":"y","origin":[16,0,0]},"faces":{"north":{"uv":[9.25,6,8.75,10],"texture":"#0"},"east":{"uv":[9.25,6,8.75,10],"texture":"#0"},"south":{"uv":[9.25,6,8.75,10],"texture":"#0"},"west":{"uv":[9.25,6,8.75,10],"texture":"#0"}}},{"name":"0","from":[-5,-4,7],"to":[0,3,7],"rotation":{"angle":0,"axis":"y","origin":[16,0,0]},"faces":{"north":{"uv":[11.5,8,12.75,9.75],"texture":"#0"},"south":{"uv":[12.75,8,11.5,9.75],"texture":"#0"}}}],"display":{"thirdperson_righthand":{"rotation":[45,0,0],"translation":[0,-0.75,0.25],"scale":[0.25,0.25,0.25]},"thirdperson_lefthand":{"rotation":[45,0,0],"translation":[0,-0.75,0.25],"scale":[0.25,0.25,0.25]},"firstperson_righthand":{"rotation":[0,133,0],"translation":[19.25,-6.25,-17.75],"scale":[0.45,0.45,0.45]},"firstperson_lefthand":{"rotation":[0,133,0],"translation":[19.25,-6.25,-17.75],"scale":[0.45,0.45,0.45]},"ground":{"translation":[0,2,0],"scale":[0.35,0.35,0.35]},"gui":{"rotation":[15,-145,0],"translation":[-0.25,-1.75,0],"scale":[0.4,0.4,0.4]},"head":{"translation":[0,-29.25,1]},"fixed":{"translation":[0,-10,0],"scale":[2,2,2]}}}