{"credit":"MadewithBlockbench","texture_size":[64,32],"textures":{"2":"royal:royal_carpet"},"elements":[{"name":"0","from":[-16,0.25,-8],"to":[32,0.25,24],"faces":{"up":{"uv":[12,16,0,0],"texture":"#2"},"down":{"uv":[12,0,0,16],"texture":"#2"}}}],"display":{"thirdperson_righthand":{"rotation":[45,0,0],"translation":[0,2.5,0.25],"scale":[0.2,0.2,0.2]},"thirdperson_lefthand":{"rotation":[45,0,0],"translation":[0,2.5,0.25],"scale":[0.2,0.2,0.2]},"firstperson_righthand":{"translation":[9.75,-0.75,-7.25],"scale":[0.25,0.25,0.25]},"firstperson_lefthand":{"translation":[9.75,-0.75,-7.25],"scale":[0.25,0.25,0.25]},"ground":{"scale":[0.3,0.3,0.3]},"gui":{"rotation":[30,-145,0],"translation":[0,1.5,0],"scale":[0.28,0.28,0.28]},"head":{"translation":[0,-27.5,0],"scale":[2,2,2]},"fixed":{"rotation":[-90,0,0],"translation":[-32,16,-15.501],"scale":[2,2,2]}}}