{"credit":"MadewithBlockbench","texture_size":[64,64],"textures":{"0":"royal:royal_chair","1":"royal:royal_table","particle":"royal:royal_chair"},"elements":[{"name":"0","from":[-8,14,-16],"to":[24,16,16],"faces":{"north":{"uv":[8,1.5,16,2],"texture":"#1"},"east":{"uv":[8,1.5,16,2],"texture":"#1"},"south":{"uv":[8,1.5,16,2],"texture":"#1"},"west":{"uv":[8,1.5,16,2],"texture":"#1"},"up":{"uv":[8,8,0,0],"texture":"#1"},"down":{"uv":[8,8,0,16],"texture":"#1"}}},{"name":"0","from":[-3.5,12,-15.5],"to":[19.5,14,-15.5],"faces":{"north":{"uv":[8.5,8.75,2.5,9.25],"texture":"#0"},"south":{"uv":[8.5,8.75,2.5,9.25],"texture":"#0"}}},{"name":"0","from":[-7.5,12,-11.5],"to":[-7.5,14,11.5],"faces":{"east":{"uv":[8.5,8.75,2.5,9.25],"texture":"#0"},"west":{"uv":[8.5,8.75,2.5,9.25],"texture":"#0"}}},{"name":"0","from":[-8,13,11],"to":[-3,14,16],"rotation":{"angle":0,"axis":"y","origin":[1,16,0]},"faces":{"north":{"uv":[6.125,2,7.375,1.75],"texture":"#0"},"east":{"uv":[6.125,2,7.375,1.75],"texture":"#0"},"south":{"uv":[6.125,2,7.375,1.75],"texture":"#0"},"west":{"uv":[6.125,2,7.375,1.75],"texture":"#0"},"down":{"uv":[8.75,5.75,7.5,7],"texture":"#0"}}},{"name":"0","from":[-8,0,11],"to":[-3,1,16],"rotation":{"angle":0,"axis":"y","origin":[1,0,0]},"faces":{"north":{"uv":[5.5,2,6.75,2.25],"texture":"#0"},"east":{"uv":[5.5,2,6.75,2.25],"texture":"#0"},"south":{"uv":[5.5,2,6.75,2.25],"texture":"#0"},"west":{"uv":[5.5,2,6.75,2.25],"texture":"#0"},"up":{"uv":[6.25,7,5,5.75],"texture":"#0"},"down":{"uv":[7.5,5.75,6.25,7],"texture":"#0"}}},{"name":"0","from":[-7,1,12],"to":[-4,13,15],"rotation":{"angle":0,"axis":"y","origin":[1,0,0]},"faces":{"north":{"uv":[7.5,9.5,8.25,12.5],"texture":"#0"},"east":{"uv":[7.5,9.5,8.25,12.5],"texture":"#0"},"south":{"uv":[7.5,9.5,8.25,12.5],"texture":"#0"},"west":{"uv":[7.5,9.5,8.25,12.5],"texture":"#0"}}},{"name":"0","from":[-3.5,12,15.5],"to":[19.5,14,15.5],"rotation":{"angle":0,"axis":"y","origin":[0,0,16]},"faces":{"north":{"uv":[8.5,8.75,2.5,9.25],"texture":"#0"},"south":{"uv":[2.5,8.75,8.5,9.25],"texture":"#0"}}},{"name":"0","from":[23.5,12,-11.5],"to":[23.5,14,11.5],"rotation":{"angle":0,"axis":"y","origin":[16,0,0]},"faces":{"east":{"uv":[2.5,8.75,8.5,9.25],"texture":"#0"},"west":{"uv":[8.5,8.75,2.5,9.25],"texture":"#0"}}},{"name":"0","from":[-8,0,-16],"to":[-3,1,-11],"rotation":{"angle":0,"axis":"y","origin":[1,0,16]},"faces":{"north":{"uv":[6.75,2,5.5,2.25],"texture":"#0"},"east":{"uv":[6.75,2,5.5,2.25],"texture":"#0"},"south":{"uv":[6.75,2,5.5,2.25],"texture":"#0"},"west":{"uv":[6.75,2,5.5,2.25],"texture":"#0"},"up":{"uv":[6.25,5.75,5,7],"texture":"#0"},"down":{"uv":[7.5,7,6.25,5.75],"texture":"#0"}}},{"name":"0","from":[-7,1,-15],"to":[-4,13,-12],"rotation":{"angle":0,"axis":"y","origin":[1,0,16]},"faces":{"north":{"uv":[8.25,9.5,7.5,12.5],"texture":"#0"},"east":{"uv":[8.25,9.5,7.5,12.5],"texture":"#0"},"south":{"uv":[8.25,9.5,7.5,12.5],"texture":"#0"},"west":{"uv":[8.25,9.5,7.5,12.5],"texture":"#0"}}},{"name":"0","from":[-8,13,-16],"to":[-3,14,-11],"rotation":{"angle":0,"axis":"y","origin":[1,16,16]},"faces":{"north":{"uv":[7.375,2,6.125,1.75],"texture":"#0"},"east":{"uv":[7.375,2,6.125,1.75],"texture":"#0"},"south":{"uv":[7.375,2,6.125,1.75],"texture":"#0"},"west":{"uv":[7.375,2,6.125,1.75],"texture":"#0"},"down":{"uv":[8.75,7,7.5,5.75],"texture":"#0"}}},{"name":"0","from":[19,0,-16],"to":[24,1,-11],"rotation":{"angle":0,"axis":"y","origin":[15,0,16]},"faces":{"north":{"uv":[5.5,2,6.75,2.25],"texture":"#0"},"east":{"uv":[5.5,2,6.75,2.25],"texture":"#0"},"south":{"uv":[5.5,2,6.75,2.25],"texture":"#0"},"west":{"uv":[5.5,2,6.75,2.25],"texture":"#0"},"up":{"uv":[5,5.75,6.25,7],"texture":"#0"},"down":{"uv":[6.25,7,7.5,5.75],"texture":"#0"}}},{"name":"0","from":[20,1,-15],"to":[23,13,-12],"rotation":{"angle":0,"axis":"y","origin":[15,0,16]},"faces":{"north":{"uv":[7.5,9.5,8.25,12.5],"texture":"#0"},"east":{"uv":[7.5,9.5,8.25,12.5],"texture":"#0"},"south":{"uv":[7.5,9.5,8.25,12.5],"texture":"#0"},"west":{"uv":[7.5,9.5,8.25,12.5],"texture":"#0"}}},{"name":"0","from":[19,13,-16],"to":[24,14,-11],"rotation":{"angle":0,"axis":"y","origin":[15,16,16]},"faces":{"north":{"uv":[6.125,2,7.375,1.75],"texture":"#0"},"east":{"uv":[6.125,2,7.375,1.75],"texture":"#0"},"south":{"uv":[6.125,2,7.375,1.75],"texture":"#0"},"west":{"uv":[6.125,2,7.375,1.75],"texture":"#0"},"down":{"uv":[7.5,7,8.75,5.75],"texture":"#0"}}},{"name":"0","from":[19,13,11],"to":[24,14,16],"rotation":{"angle":0,"axis":"y","origin":[15,16,0]},"faces":{"north":{"uv":[7.375,2,6.125,1.75],"texture":"#0"},"east":{"uv":[7.375,2,6.125,1.75],"texture":"#0"},"south":{"uv":[7.375,2,6.125,1.75],"texture":"#0"},"west":{"uv":[7.375,2,6.125,1.75],"texture":"#0"},"down":{"uv":[7.5,5.75,8.75,7],"texture":"#0"}}},{"name":"0","from":[19,0,11],"to":[24,1,16],"rotation":{"angle":0,"axis":"y","origin":[15,0,0]},"faces":{"north":{"uv":[6.75,2,5.5,2.25],"texture":"#0"},"east":{"uv":[6.75,2,5.5,2.25],"texture":"#0"},"south":{"uv":[6.75,2,5.5,2.25],"texture":"#0"},"west":{"uv":[6.75,2,5.5,2.25],"texture":"#0"},"up":{"uv":[5,7,6.25,5.75],"texture":"#0"},"down":{"uv":[6.25,5.75,7.5,7],"texture":"#0"}}},{"name":"0","from":[20,1,12],"to":[23,13,15],"rotation":{"angle":0,"axis":"y","origin":[15,0,0]},"faces":{"north":{"uv":[8.25,9.5,7.5,12.5],"texture":"#0"},"east":{"uv":[8.25,9.5,7.5,12.5],"texture":"#0"},"south":{"uv":[8.25,9.5,7.5,12.5],"texture":"#0"},"west":{"uv":[8.25,9.5,7.5,12.5],"texture":"#0"}}}],"display":{"thirdperson_righthand":{"rotation":[45,0,0],"translation":[0,-1,-0.5],"scale":[0.25,0.25,0.25]},"thirdperson_lefthand":{"rotation":[45,0,0],"translation":[0,-1,-0.5],"scale":[0.25,0.25,0.25]},"firstperson_righthand":{"translation":[13.5,-4.5,-12],"scale":[0.4,0.4,0.46]},"firstperson_lefthand":{"translation":[13.5,-4.5,-12],"scale":[0.4,0.4,0.46]},"ground":{"scale":[0.2,0.2,0.2]},"gui":{"rotation":[15,-145,0],"translation":[-1.5,-0.25,0],"scale":[0.33,0.33,0.33]},"head":{"translation":[0,-30.5,12.75],"scale":[1.6,1.6,1.6]},"fixed":{"rotation":[-90,0,0],"translation":[-16,32,-16],"scale":[2,2,2]}}}