{"credit":"MadewithBlockbench","texture_size":[32,32],"textures":{"1":"royal:royal_plate","3":"royal:royal_vase_1","particle":"royal:royal_plate"},"elements":[{"name":"0","from":[11,0.6,1.5],"to":[13.5,0.6,10.5],"rotation":{"angle":22.5,"axis":"y","origin":[12.25,0.6,6]},"faces":{"up":{"uv":[5.75,9,4.5,4.5],"texture":"#1"},"down":{"uv":[5.75,4.5,4.5,9],"texture":"#1"}}},{"name":"0","from":[2.5,0.6,1.5],"to":[5,0.6,10.5],"rotation":{"angle":-22.5,"axis":"y","origin":[3.75,0.6,6]},"faces":{"up":{"uv":[6,4.5,4.75,0],"texture":"#1"},"down":{"uv":[6,0,4.75,4.5],"texture":"#1"}}},{"name":"0","from":[5.5,0.5,4],"to":[10.5,2,9],"rotation":{"angle":0,"axis":"y","origin":[7.5,12.75,8]},"faces":{"north":{"uv":[8.5,0.25,6,1],"texture":"#1"},"east":{"uv":[8.5,0.25,6,1],"texture":"#1"},"south":{"uv":[8.5,0.25,6,1],"texture":"#1"},"west":{"uv":[8.5,0.25,6,1],"texture":"#1"},"up":{"uv":[8.5,1,6,3.5],"texture":"#1"}}},{"name":"0","from":[3.5,0,2],"to":[12.5,0.5,11],"rotation":{"angle":0,"axis":"y","origin":[7.5,12.75,8]},"faces":{"north":{"uv":[6,0,10.5,0.25],"texture":"#1"},"east":{"uv":[6,0,10.5,0.25],"texture":"#1"},"south":{"uv":[6,0,10.5,0.25],"texture":"#1"},"west":{"uv":[6,0,10.5,0.25],"texture":"#1"},"up":{"uv":[4.5,4.5,0,0],"texture":"#1"},"down":{"uv":[4.5,4.5,0,9],"texture":"#1"}}},{"name":"0","from":[12,0,12],"to":[15,0.5,15],"rotation":{"angle":0,"axis":"y","origin":[7.5,12.75,8]},"faces":{"north":{"uv":[3.5,10.25,2,10],"texture":"#3"},"east":{"uv":[3.5,10.25,2,10],"texture":"#3"},"south":{"uv":[3.5,10.25,2,10],"texture":"#3"},"west":{"uv":[3.5,10.25,2,10],"texture":"#3"},"up":{"uv":[3.5,11.75,2,10.25],"texture":"#3"},"down":{"uv":[3.5,11.75,2,10.25],"texture":"#3"}}},{"name":"0","from":[12,3.5,12],"to":[15,6.5,15],"rotation":{"angle":0,"axis":"y","origin":[7.5,12.75,8]},"faces":{"north":{"uv":[1.5,14.25,0,12.75],"texture":"#3"},"east":{"uv":[1.5,14.25,0,12.75],"texture":"#3"},"south":{"uv":[1.5,14.25,0,12.75],"texture":"#3"},"west":{"uv":[1.5,14.25,0,12.75],"texture":"#3"},"down":{"uv":[1.5,15.75,0,14.25],"texture":"#3"}}},{"name":"0","from":[11.5,6.5,11.5],"to":[15.5,7,15.5],"rotation":{"angle":0,"axis":"y","origin":[7.5,12.75,8]},"faces":{"north":{"uv":[2,10.75,0,10.5],"texture":"#3"},"east":{"uv":[2,10.75,0,10.5],"texture":"#3"},"south":{"uv":[2,10.75,0,10.5],"texture":"#3"},"west":{"uv":[2,10.75,0,10.5],"texture":"#3"},"up":{"uv":[2,12.75,0,10.75],"texture":"#3"},"down":{"uv":[2,12.75,0,10.75],"texture":"#3"}}},{"name":"0","from":[13,0.5,13],"to":[14,3.5,14],"rotation":{"angle":0,"axis":"y","origin":[7.5,12.75,8]},"faces":{"north":{"uv":[1.5,12.75,2,14.25],"texture":"#3"},"east":{"uv":[1.5,12.75,2,14.25],"texture":"#3"},"south":{"uv":[1.5,12.75,2,14.25],"texture":"#3"},"west":{"uv":[1.5,12.75,2,14.25],"texture":"#3"}}}],"display":{"thirdperson_righthand":{"rotation":[45,0,0],"translation":[0,3,2.75],"scale":[0.5,0.5,0.5]},"thirdperson_lefthand":{"rotation":[45,0,0],"translation":[0,3,2.75],"scale":[0.5,0.5,0.5]},"firstperson_righthand":{"rotation":[0,180,0],"translation":[16.25,-1.75,-15],"scale":[0.75,0.75,0.75]},"firstperson_lefthand":{"rotation":[0,180,0],"translation":[16.25,-1.75,-15],"scale":[0.75,0.75,0.75]},"ground":{"translation":[0,3,0],"scale":[0.65,0.65,0.65]},"gui":{"rotation":[30,-145,0],"translation":[1.25,3.25,0],"scale":[0.8,0.8,0.8]},"head":{"translation":[-0.25,-27.2,0],"scale":[2,2,2]},"fixed":{"rotation":[-90,0,0],"translation":[0,0,-16],"scale":[2,2,2]}}}