{"credit":"MadewithBlockbench","texture_size":[32,32],"textures":{"1":"royal:royal_plate","particle":"royal:royal_plate"},"elements":[{"name":"0","from":[-4.5,3.5,6.5],"to":[-2.5,4.5,7.5],"rotation":{"angle":-45,"axis":"z","origin":[3.5,2.25,8]},"faces":{"north":{"uv":[1,9.25,0,9.75],"texture":"#1"},"east":{"uv":[2.5,9.25,2,9.75],"texture":"#1"},"south":{"uv":[0,9.75,1,9.25],"texture":"#1"},"west":{"uv":[2.5,9.25,2,9.75],"texture":"#1"},"up":{"uv":[0,9.25,1,9.75],"texture":"#1"},"down":{"uv":[0,9.25,1,9.75],"texture":"#1"}}},{"name":"0","from":[-4.5,3.5,8.5],"to":[-2.5,4.5,9.5],"rotation":{"angle":-45,"axis":"z","origin":[3.5,2.25,8]},"faces":{"north":{"uv":[1,9.25,0,9.75],"texture":"#1"},"east":{"uv":[2.5,9.25,2,9.75],"texture":"#1"},"south":{"uv":[0,9.75,1,9.25],"texture":"#1"},"west":{"uv":[2.5,9.25,2,9.75],"texture":"#1"},"up":{"uv":[0,9.25,1,9.75],"texture":"#1"},"down":{"uv":[0,9.25,1,9.75],"texture":"#1"}}},{"name":"0","from":[-3.5,3.5,7.5],"to":[0.5,4.5,8.5],"rotation":{"angle":-45,"axis":"z","origin":[3.5,2.25,8]},"faces":{"north":{"uv":[2,9.25,0,9.75],"texture":"#1"},"south":{"uv":[0,9.75,2,9.25],"texture":"#1"},"west":{"uv":[2.5,9.25,2,9.75],"texture":"#1"},"up":{"uv":[0,9.25,2,9.75],"texture":"#1"},"down":{"uv":[0,9.25,2,9.75],"texture":"#1"}}},{"name":"0","from":[0.5,1.5,5],"to":[5.5,6,11],"rotation":{"angle":-45,"axis":"z","origin":[3.5,2.25,8]},"faces":{"north":{"uv":[16,0,13.5,2.25],"texture":"#1"},"south":{"uv":[13.5,0,16,2.25],"texture":"#1"},"west":{"uv":[10.5,7.5,7.5,9.75],"texture":"#1"},"up":{"uv":[10.5,4.5,8,7.5],"texture":"#1"},"down":{"uv":[10.5,4.5,8,7.5],"texture":"#1"}}},{"name":"0","from":[0.5,0.5,3.5],"to":[4.5,4,3.5],"rotation":{"angle":0,"axis":"y","origin":[2.5,2.25,4]},"faces":{"north":{"uv":[6,3.5,8,5.25],"texture":"#1"},"south":{"uv":[8,3.5,6,5.25],"texture":"#1"}}},{"name":"0","from":[0.5,0.5,3.5],"to":[4.5,5,3.5],"rotation":{"angle":45,"axis":"y","origin":[2.5,2.25,4]},"faces":{"north":{"uv":[6,3.5,8,5.75],"texture":"#1"},"south":{"uv":[8,3.5,6,5.75],"texture":"#1"}}},{"name":"0","from":[11.75,0,11.75],"to":[15.75,3.5,11.75],"rotation":{"angle":45,"axis":"y","origin":[14.5,2.25,12]},"faces":{"south":{"uv":[6,5.75,8,7.5],"texture":"#1"}}},{"name":"0","from":[12.5,0.5,11.5],"to":[16.5,4,11.5],"rotation":{"angle":45,"axis":"y","origin":[14.5,2.25,12]},"faces":{"south":{"uv":[6,5.75,8,7.5],"texture":"#1"}}},{"name":"0","from":[14.5,0.5,3],"to":[14.5,4,7],"rotation":{"angle":22.5,"axis":"y","origin":[14.5,2.25,5]},"faces":{"east":{"uv":[10.5,0.25,8.5,2],"texture":"#1"},"west":{"uv":[8.5,0.25,10.5,2],"texture":"#1"}}},{"name":"0","from":[12.5,0.5,4],"to":[16.5,4,4],"rotation":{"angle":-45,"axis":"y","origin":[14.5,2.25,4]},"faces":{"north":{"uv":[10.5,0.25,8.5,2],"texture":"#1"},"south":{"uv":[8.5,0.25,10.5,2],"texture":"#1"}}},{"name":"0","from":[2.5,0.5,0],"to":[9.5,0.5,4],"rotation":{"angle":22.5,"axis":"x","origin":[7,0.5,4]},"faces":{"up":{"uv":[12,4,8.5,2],"texture":"#1"},"down":{"uv":[12,2,8.5,4],"texture":"#1"}}},{"name":"0","from":[6.5,0.75,0],"to":[13.5,0.75,4],"rotation":{"angle":22.5,"axis":"x","origin":[7,0.5,4]},"faces":{"up":{"uv":[8.5,4,12,2],"texture":"#1"},"down":{"uv":[8.5,2,12,4],"texture":"#1"}}},{"name":"0","from":[6.5,0.75,12],"to":[13.5,0.75,16],"rotation":{"angle":-22.5,"axis":"x","origin":[7,0.5,12]},"faces":{"up":{"uv":[12,2,8.5,4],"texture":"#1"},"down":{"uv":[12,4,8.5,2],"texture":"#1"}}},{"name":"0","from":[2.5,0.5,12],"to":[9.5,0.5,16],"rotation":{"angle":-22.5,"axis":"x","origin":[7,0.5,12]},"faces":{"up":{"uv":[12,2,8.5,4],"texture":"#1"},"down":{"uv":[12,4,8.5,2],"texture":"#1"}}},{"name":"0","from":[2.5,0.5,4],"to":[13.5,4,12],"rotation":{"angle":0,"axis":"y","origin":[6.5,12.75,8]},"faces":{"north":{"uv":[16,4,10.5,5.75],"texture":"#1"},"east":{"uv":[16,2.25,12,4],"texture":"#1"},"south":{"uv":[10.5,4,16,5.75],"texture":"#1"},"west":{"uv":[16,2.25,12,4],"texture":"#1"},"up":{"uv":[16,5.75,10.5,9.75],"texture":"#1"}}},{"name":"0","from":[0,0,2],"to":[16,0.5,14],"rotation":{"angle":0,"axis":"y","origin":[7.5,12.75,8]},"faces":{"north":{"uv":[0,9.75,8,10],"texture":"#1"},"east":{"uv":[8,9.75,14,10],"texture":"#1"},"south":{"uv":[0,9.75,8,10],"texture":"#1"},"west":{"uv":[8,9.75,14,10],"texture":"#1"},"up":{"uv":[16,16,8,10],"texture":"#1"},"down":{"uv":[8,10,0,16],"texture":"#1"}}}],"display":{"thirdperson_righthand":{"rotation":[56,90,0],"translation":[0,2.15,1.5],"scale":[0.3,0.3,0.3]},"thirdperson_lefthand":{"rotation":[56,90,0],"translation":[0,2.15,1.5],"scale":[0.3,0.3,0.3]},"firstperson_righthand":{"rotation":[0,90,34],"translation":[2,5,0],"scale":[0.4,0.4,0.4]},"firstperson_lefthand":{"rotation":[0,90,34],"translation":[2,5,0],"scale":[0.4,0.4,0.4]},"ground":{"translation":[0,4,0],"scale":[0.6,0.6,0.6]},"gui":{"rotation":[15,-55,0],"translation":[0,2.5,0],"scale":[0.8,0.8,0.8]},"head":{"translation":[0,-27,0],"scale":[2,2,2]},"fixed":{"rotation":[-90,0,0],"translation":[0,0,-16],"scale":[2,2,2]}}}