{"credit":"MadewithBlockbench","texture_size":[32,32],"textures":{"3":"royal:royal_vase_1"},"elements":[{"name":"0","from":[10.5,0,9.5],"to":[13.5,0.5,12.5],"rotation":{"angle":0,"axis":"y","origin":[7.5,12.75,8]},"faces":{"north":{"uv":[3.5,10.25,2,10],"texture":"#3"},"east":{"uv":[3.5,10.25,2,10],"texture":"#3"},"south":{"uv":[3.5,10.25,2,10],"texture":"#3"},"west":{"uv":[3.5,10.25,2,10],"texture":"#3"},"up":{"uv":[3.5,11.75,2,10.25],"texture":"#3"},"down":{"uv":[3.5,11.75,2,10.25],"texture":"#3"}}},{"name":"0","from":[10.5,3.5,9.5],"to":[13.5,6.5,12.5],"rotation":{"angle":0,"axis":"y","origin":[7.5,12.75,8]},"faces":{"north":{"uv":[1.5,14.25,0,12.75],"texture":"#3"},"east":{"uv":[1.5,14.25,0,12.75],"texture":"#3"},"south":{"uv":[1.5,14.25,0,12.75],"texture":"#3"},"west":{"uv":[1.5,14.25,0,12.75],"texture":"#3"},"down":{"uv":[1.5,15.75,0,14.25],"texture":"#3"}}},{"name":"0","from":[10,6.5,9],"to":[14,7,13],"rotation":{"angle":0,"axis":"y","origin":[7.5,12.75,8]},"faces":{"north":{"uv":[2,10.75,0,10.5],"texture":"#3"},"east":{"uv":[2,10.75,0,10.5],"texture":"#3"},"south":{"uv":[2,10.75,0,10.5],"texture":"#3"},"west":{"uv":[2,10.75,0,10.5],"texture":"#3"},"up":{"uv":[2,12.75,0,10.75],"texture":"#3"},"down":{"uv":[2,12.75,0,10.75],"texture":"#3"}}},{"name":"0","from":[11.5,0.5,10.5],"to":[12.5,3.5,11.5],"rotation":{"angle":0,"axis":"y","origin":[7.5,12.75,8]},"faces":{"north":{"uv":[1.5,12.75,2,14.25],"texture":"#3"},"east":{"uv":[1.5,12.75,2,14.25],"texture":"#3"},"south":{"uv":[1.5,12.75,2,14.25],"texture":"#3"},"west":{"uv":[1.5,12.75,2,14.25],"texture":"#3"}}},{"name":"0","from":[4.25,11,10.25],"to":[5.75,12,11.75],"rotation":{"angle":0,"axis":"y","origin":[7.5,12.75,8]},"faces":{"north":{"uv":[2.25,15.25,1.5,14.75],"texture":"#3"},"east":{"uv":[2.25,15.25,1.5,14.75],"texture":"#3"},"south":{"uv":[2.25,15.25,1.5,14.75],"texture":"#3"},"west":{"uv":[2.25,15.25,1.5,14.75],"texture":"#3"},"up":{"uv":[2.25,16,1.5,15.25],"texture":"#3"},"down":{"uv":[2.25,16,1.5,15.25],"texture":"#3"}}},{"name":"0","from":[4.5,8,10.5],"to":[5.5,11,11.5],"rotation":{"angle":0,"axis":"y","origin":[7.5,12.75,8]},"faces":{"north":{"uv":[5.5,11.5,5,10],"texture":"#3"},"east":{"uv":[5.5,11.5,5,10],"texture":"#3"},"south":{"uv":[5.5,11.5,5,10],"texture":"#3"},"west":{"uv":[5.5,11.5,5,10],"texture":"#3"}}},{"name":"0","from":[3.5,0,9.5],"to":[6.5,8,12.5],"rotation":{"angle":0,"axis":"y","origin":[7.5,12.75,8]},"faces":{"north":{"uv":[5,14,3.5,10],"texture":"#3"},"east":{"uv":[5,14,3.5,10],"texture":"#3"},"south":{"uv":[5,14,3.5,10],"texture":"#3"},"west":{"uv":[5,14,3.5,10],"texture":"#3"},"up":{"uv":[3.5,14.75,2,13.25],"texture":"#3"},"down":{"uv":[3.5,13.25,2,11.75],"texture":"#3"}}},{"name":"0","from":[5.5,0,3.5],"to":[8.5,0.5,6.5],"rotation":{"angle":-45,"axis":"y","origin":[7,3.5,5]},"faces":{"north":{"uv":[3.5,10.25,2,10],"texture":"#3"},"east":{"uv":[3.5,10.25,2,10],"texture":"#3"},"south":{"uv":[3.5,10.25,2,10],"texture":"#3"},"west":{"uv":[3.5,10.25,2,10],"texture":"#3"},"up":{"uv":[3.5,11.75,2,10.25],"texture":"#3"},"down":{"uv":[3.5,11.75,2,10.25],"texture":"#3"}}},{"name":"0","from":[5.5,3.5,3.5],"to":[8.5,6.5,6.5],"rotation":{"angle":-45,"axis":"y","origin":[7,3.5,5]},"faces":{"north":{"uv":[1.5,14.25,0,12.75],"texture":"#3"},"east":{"uv":[1.5,14.25,0,12.75],"texture":"#3"},"south":{"uv":[1.5,14.25,0,12.75],"texture":"#3"},"west":{"uv":[1.5,14.25,0,12.75],"texture":"#3"},"down":{"uv":[1.5,15.75,0,14.25],"texture":"#3"}}},{"name":"0","from":[5,6.5,3],"to":[9,7,7],"rotation":{"angle":-45,"axis":"y","origin":[7,3.5,5]},"faces":{"north":{"uv":[2,10.75,0,10.5],"texture":"#3"},"east":{"uv":[2,10.75,0,10.5],"texture":"#3"},"south":{"uv":[2,10.75,0,10.5],"texture":"#3"},"west":{"uv":[2,10.75,0,10.5],"texture":"#3"},"up":{"uv":[2,12.75,0,10.75],"texture":"#3"},"down":{"uv":[2,12.75,0,10.75],"texture":"#3"}}},{"name":"0","from":[6.5,0.5,4.5],"to":[7.5,3.5,5.5],"rotation":{"angle":-45,"axis":"y","origin":[7,3.5,5]},"faces":{"north":{"uv":[1.5,12.75,2,14.25],"texture":"#3"},"east":{"uv":[1.5,12.75,2,14.25],"texture":"#3"},"south":{"uv":[1.5,12.75,2,14.25],"texture":"#3"},"west":{"uv":[1.5,12.75,2,14.25],"texture":"#3"}}}],"display":{"thirdperson_righthand":{"rotation":[45,0,0],"translation":[0,1.75,1.5],"scale":[0.5,0.5,0.5]},"thirdperson_lefthand":{"rotation":[45,0,0],"translation":[0,1.75,1.5],"scale":[0.5,0.5,0.5]},"firstperson_righthand":{"translation":[9.75,-1,-10.25],"scale":[0.75,0.75,0.75]},"firstperson_lefthand":{"translation":[9.75,-1,-10.25],"scale":[0.75,0.75,0.75]},"ground":{"translation":[0,4.75,0],"scale":[0.8,0.8,0.8]},"gui":{"rotation":[15,-115,0],"translation":[0.75,1.75,0]},"head":{"translation":[-0.25,-31.25,0],"scale":[1.5,1.5,1.5]},"fixed":{"rotation":[-90,0,0],"translation":[-1,0.75,-16],"scale":[2,2,2]}}}