{"credit":"MadewithBlockbench","texture_size":[128,128],"textures":{"0":"elitecreatures:industrial_kitchen_v1/ik_fridge_with_dish","particle":"elitecreatures:industrial_kitchen_v1/ik_fridge_with_dish"},"elements":[{"from":[4,2,2],"to":[16,15,14],"rotation":{"angle":0,"axis":"y","origin":[15,8,12]},"faces":{"north":{"uv":[4.5,1.625,6,3.25],"texture":"#0"},"east":{"uv":[1.5,3,3,4.625],"texture":"#0"},"south":{"uv":[3,3,4.5,4.625],"texture":"#0"},"west":{"uv":[4.5,0,6,1.625],"texture":"#0"},"up":{"uv":[4.5,6.125,3,4.625],"rotation":90,"texture":"#0"},"down":{"uv":[6,4.875,4.5,6.375],"rotation":270,"texture":"#0"}}},{"from":[-8,15,2],"to":[16,16,14],"rotation":{"angle":0,"axis":"y","origin":[15,8,12]},"faces":{"north":{"uv":[6,5.25,9,5.375],"texture":"#0"},"east":{"uv":[6.125,5.875,7.625,6],"texture":"#0"},"south":{"uv":[6,5.125,9,5.25],"texture":"#0"},"west":{"uv":[6.125,5.875,7.625,6],"texture":"#0"},"up":{"uv":[1.5,3,0,0],"rotation":90,"texture":"#0"},"down":{"uv":[3,0,1.5,3],"rotation":270,"texture":"#0"}}},{"from":[-8,1,2],"to":[16,2,14],"rotation":{"angle":0,"axis":"y","origin":[15,8,12]},"faces":{"north":{"uv":[6,5.5,9,5.625],"texture":"#0"},"east":{"uv":[6.125,6.125,7.625,6.25],"texture":"#0"},"south":{"uv":[6,5.375,9,5.5],"texture":"#0"},"west":{"uv":[6.125,6.125,7.625,6.25],"texture":"#0"},"up":{"uv":[7.375,4.5,5.875,1.5],"rotation":90,"texture":"#0"},"down":{"uv":[4.5,0,3,3],"rotation":270,"texture":"#0"}}},{"from":[-8,2,2],"to":[-7,15,14],"rotation":{"angle":0,"axis":"y","origin":[15,8,12]},"faces":{"north":{"uv":[3.125,6.125,3.25,7.75],"texture":"#0"},"east":{"uv":[4.5,3.25,6,4.875],"texture":"#0"},"south":{"uv":[3,6.125,3.125,7.75],"texture":"#0"},"west":{"uv":[1.5,3,3,4.625],"texture":"#0"},"up":{"uv":[7.625,5.75,6.125,5.625],"rotation":90,"texture":"#0"},"down":{"uv":[7.625,5.75,6.125,5.875],"rotation":270,"texture":"#0"}}},{"from":[-7,2,13],"to":[4,15,14],"rotation":{"angle":0,"axis":"y","origin":[15,8,12]},"faces":{"north":{"uv":[6,0,7.375,1.625],"texture":"#0"},"east":{"uv":[1.375,6,1.5,7.625],"texture":"#0"},"south":{"uv":[0,6,1.375,7.625],"texture":"#0"},"west":{"uv":[6,5.625,6.125,7.25],"texture":"#0"},"up":{"uv":[3,7.75,2.875,6.375],"rotation":90,"texture":"#0"},"down":{"uv":[6.25,6.375,6.125,7.75],"rotation":270,"texture":"#0"}}},{"from":[15,0,2],"to":[16,1,3],"rotation":{"angle":0,"axis":"y","origin":[15,8,12]},"faces":{"north":{"uv":[3.625,6.125,3.75,6.25],"texture":"#0"},"east":{"uv":[3.25,6.125,3.375,6.25],"texture":"#0"},"south":{"uv":[3.375,6.125,3.5,6.25],"texture":"#0"},"west":{"uv":[3.5,6.125,3.625,6.25],"texture":"#0"},"up":{"uv":[3.875,6.25,3.75,6.125],"rotation":90,"texture":"#0"},"down":{"uv":[4,6.125,3.875,6.25],"rotation":270,"texture":"#0"}}},{"from":[-7,8,2],"to":[4,9,13],"rotation":{"angle":0,"axis":"y","origin":[15,8,12]},"faces":{"north":{"uv":[4.625,6.375,6,6.5],"texture":"#0"},"east":{"uv":[6.125,6.25,7.5,6.375],"texture":"#0"},"south":{"uv":[1.5,6.375,2.875,6.5],"texture":"#0"},"west":{"uv":[3.25,6.375,4.625,6.5],"texture":"#0"},"up":{"uv":[7.375,3,6,1.625],"rotation":90,"texture":"#0"},"down":{"uv":[7.375,3,6,4.375],"rotation":270,"texture":"#0"}}},{"from":[-8,0,2],"to":[-7,1,3],"rotation":{"angle":0,"axis":"y","origin":[15,8,12]},"faces":{"north":{"uv":[3.625,6.125,3.75,6.25],"texture":"#0"},"east":{"uv":[3.25,6.125,3.375,6.25],"texture":"#0"},"south":{"uv":[3.375,6.125,3.5,6.25],"texture":"#0"},"west":{"uv":[3.5,6.125,3.625,6.25],"texture":"#0"},"up":{"uv":[3.875,6.25,3.75,6.125],"rotation":90,"texture":"#0"},"down":{"uv":[4,6.125,3.875,6.25],"rotation":270,"texture":"#0"}}},{"from":[15,0,13],"to":[16,1,14],"rotation":{"angle":0,"axis":"y","origin":[15,8,12]},"faces":{"north":{"uv":[3.625,6.125,3.75,6.25],"texture":"#0"},"east":{"uv":[3.25,6.125,3.375,6.25],"texture":"#0"},"south":{"uv":[3.375,6.125,3.5,6.25],"texture":"#0"},"west":{"uv":[3.5,6.125,3.625,6.25],"texture":"#0"},"up":{"uv":[3.875,6.25,3.75,6.125],"rotation":90,"texture":"#0"},"down":{"uv":[4,6.125,3.875,6.25],"rotation":270,"texture":"#0"}}},{"from":[-8,0,13],"to":[-7,1,14],"rotation":{"angle":0,"axis":"y","origin":[15,8,12]},"faces":{"north":{"uv":[3.625,6.125,3.75,6.25],"texture":"#0"},"east":{"uv":[3.25,6.125,3.375,6.25],"texture":"#0"},"south":{"uv":[3.375,6.125,3.5,6.25],"texture":"#0"},"west":{"uv":[3.5,6.125,3.625,6.25],"texture":"#0"},"up":{"uv":[3.875,6.25,3.75,6.125],"rotation":90,"texture":"#0"},"down":{"uv":[4,6.125,3.875,6.25],"rotation":270,"texture":"#0"}}},{"from":[-1,2.25,3],"to":[3,2.75,7],"rotation":{"angle":0,"axis":"y","origin":[15,8,12]},"faces":{"north":{"uv":[7.375,0.5,7.875,0.5625],"texture":"#0"},"east":{"uv":[7.375,0.5,7.875,0.5625],"texture":"#0"},"south":{"uv":[7.375,0.5,7.875,0.5625],"texture":"#0"},"west":{"uv":[7.375,0.5,7.875,0.5625],"texture":"#0"},"up":{"uv":[7.375,0,7.875,0.5],"rotation":90,"texture":"#0"},"down":{"uv":[7.375,0,7.875,0.5],"rotation":270,"texture":"#0"}}},{"from":[-0.5,2,3.5],"to":[2.5,2.25,6.5],"rotation":{"angle":0,"axis":"y","origin":[15,8,12]},"faces":{"north":{"uv":[7.875,0.375,8.25,0.40625],"texture":"#0"},"east":{"uv":[7.875,0.375,8.25,0.40625],"texture":"#0"},"south":{"uv":[7.875,0.375,8.25,0.40625],"texture":"#0"},"west":{"uv":[7.875,0.375,8.25,0.40625],"texture":"#0"},"up":{"uv":[7.875,0,8.25,0.375],"rotation":90,"texture":"#0"},"down":{"uv":[7.875,0,8.25,0.375],"rotation":270,"texture":"#0"}}},{"from":[-1,3,3],"to":[3,3.5,7],"rotation":{"angle":0,"axis":"y","origin":[15,8,12]},"faces":{"north":{"uv":[7.375,0.5,7.875,0.5625],"texture":"#0"},"east":{"uv":[7.375,0.5,7.875,0.5625],"texture":"#0"},"south":{"uv":[7.375,0.5,7.875,0.5625],"texture":"#0"},"west":{"uv":[7.375,0.5,7.875,0.5625],"texture":"#0"},"up":{"uv":[7.375,0,7.875,0.5],"rotation":90,"texture":"#0"},"down":{"uv":[7.375,0,7.875,0.5],"rotation":270,"texture":"#0"}}},{"from":[-0.5,2.75,3.5],"to":[2.5,3,6.5],"rotation":{"angle":0,"axis":"y","origin":[15,8,12]},"faces":{"north":{"uv":[7.875,0.375,8.25,0.40625],"texture":"#0"},"east":{"uv":[7.875,0.375,8.25,0.40625],"texture":"#0"},"south":{"uv":[7.875,0.375,8.25,0.40625],"texture":"#0"},"west":{"uv":[7.875,0.375,8.25,0.40625],"texture":"#0"},"up":{"uv":[7.875,0,8.25,0.375],"rotation":90,"texture":"#0"},"down":{"uv":[7.875,0,8.25,0.375],"rotation":270,"texture":"#0"}}},{"from":[-1,3.75,3],"to":[3,4.25,7],"rotation":{"angle":0,"axis":"y","origin":[15,8,12]},"faces":{"north":{"uv":[7.375,0.5,7.875,0.5625],"texture":"#0"},"east":{"uv":[7.375,0.5,7.875,0.5625],"texture":"#0"},"south":{"uv":[7.375,0.5,7.875,0.5625],"texture":"#0"},"west":{"uv":[7.375,0.5,7.875,0.5625],"texture":"#0"},"up":{"uv":[7.375,0,7.875,0.5],"rotation":90,"texture":"#0"},"down":{"uv":[7.375,0,7.875,0.5],"rotation":270,"texture":"#0"}}},{"from":[-0.5,3.5,3.5],"to":[2.5,3.75,6.5],"rotation":{"angle":0,"axis":"y","origin":[15,8,12]},"faces":{"north":{"uv":[7.875,0.375,8.25,0.40625],"texture":"#0"},"east":{"uv":[7.875,0.375,8.25,0.40625],"texture":"#0"},"south":{"uv":[7.875,0.375,8.25,0.40625],"texture":"#0"},"west":{"uv":[7.875,0.375,8.25,0.40625],"texture":"#0"},"up":{"uv":[7.875,0,8.25,0.375],"rotation":90,"texture":"#0"},"down":{"uv":[7.875,0,8.25,0.375],"rotation":270,"texture":"#0"}}},{"from":[-1,4.5,3],"to":[3,5,7],"rotation":{"angle":0,"axis":"y","origin":[15,8,12]},"faces":{"north":{"uv":[7.375,0.5,7.875,0.5625],"texture":"#0"},"east":{"uv":[7.375,0.5,7.875,0.5625],"texture":"#0"},"south":{"uv":[7.375,0.5,7.875,0.5625],"texture":"#0"},"west":{"uv":[7.375,0.5,7.875,0.5625],"texture":"#0"},"up":{"uv":[7.375,0,7.875,0.5],"rotation":90,"texture":"#0"},"down":{"uv":[7.375,0,7.875,0.5],"rotation":270,"texture":"#0"}}},{"from":[-0.5,4.25,3.5],"to":[2.5,4.5,6.5],"rotation":{"angle":0,"axis":"y","origin":[15,8,12]},"faces":{"north":{"uv":[7.875,0.375,8.25,0.40625],"texture":"#0"},"east":{"uv":[7.875,0.375,8.25,0.40625],"texture":"#0"},"south":{"uv":[7.875,0.375,8.25,0.40625],"texture":"#0"},"west":{"uv":[7.875,0.375,8.25,0.40625],"texture":"#0"},"up":{"uv":[7.875,0,8.25,0.375],"rotation":90,"texture":"#0"},"down":{"uv":[7.875,0,8.25,0.375],"rotation":270,"texture":"#0"}}},{"from":[-6,2.25,3],"to":[-2,2.75,7],"rotation":{"angle":0,"axis":"y","origin":[15,8,12]},"faces":{"north":{"uv":[7.375,0.5,7.875,0.5625],"texture":"#0"},"east":{"uv":[7.375,0.5,7.875,0.5625],"texture":"#0"},"south":{"uv":[7.375,0.5,7.875,0.5625],"texture":"#0"},"west":{"uv":[7.375,0.5,7.875,0.5625],"texture":"#0"},"up":{"uv":[7.375,0,7.875,0.5],"rotation":90,"texture":"#0"},"down":{"uv":[7.375,0,7.875,0.5],"rotation":270,"texture":"#0"}}},{"from":[-5.5,2,3.5],"to":[-2.5,2.25,6.5],"rotation":{"angle":0,"axis":"y","origin":[15,8,12]},"faces":{"north":{"uv":[7.875,0.375,8.25,0.40625],"texture":"#0"},"east":{"uv":[7.875,0.375,8.25,0.40625],"texture":"#0"},"south":{"uv":[7.875,0.375,8.25,0.40625],"texture":"#0"},"west":{"uv":[7.875,0.375,8.25,0.40625],"texture":"#0"},"up":{"uv":[7.875,0,8.25,0.375],"rotation":90,"texture":"#0"},"down":{"uv":[7.875,0,8.25,0.375],"rotation":270,"texture":"#0"}}},{"from":[-6,3,3],"to":[-2,3.5,7],"rotation":{"angle":0,"axis":"y","origin":[15,8,12]},"faces":{"north":{"uv":[7.375,0.5,7.875,0.5625],"texture":"#0"},"east":{"uv":[7.375,0.5,7.875,0.5625],"texture":"#0"},"south":{"uv":[7.375,0.5,7.875,0.5625],"texture":"#0"},"west":{"uv":[7.375,0.5,7.875,0.5625],"texture":"#0"},"up":{"uv":[7.375,0,7.875,0.5],"rotation":90,"texture":"#0"},"down":{"uv":[7.375,0,7.875,0.5],"rotation":270,"texture":"#0"}}},{"from":[-5.5,2.75,3.5],"to":[-2.5,3,6.5],"rotation":{"angle":0,"axis":"y","origin":[15,8,12]},"faces":{"north":{"uv":[7.875,0.375,8.25,0.40625],"texture":"#0"},"east":{"uv":[7.875,0.375,8.25,0.40625],"texture":"#0"},"south":{"uv":[7.875,0.375,8.25,0.40625],"texture":"#0"},"west":{"uv":[7.875,0.375,8.25,0.40625],"texture":"#0"},"up":{"uv":[7.875,0,8.25,0.375],"rotation":90,"texture":"#0"},"down":{"uv":[7.875,0,8.25,0.375],"rotation":270,"texture":"#0"}}},{"from":[-6,3.75,3],"to":[-2,4.25,7],"rotation":{"angle":0,"axis":"y","origin":[15,8,12]},"faces":{"north":{"uv":[7.375,0.5,7.875,0.5625],"texture":"#0"},"east":{"uv":[7.375,0.5,7.875,0.5625],"texture":"#0"},"south":{"uv":[7.375,0.5,7.875,0.5625],"texture":"#0"},"west":{"uv":[7.375,0.5,7.875,0.5625],"texture":"#0"},"up":{"uv":[7.375,0,7.875,0.5],"rotation":90,"texture":"#0"},"down":{"uv":[7.375,0,7.875,0.5],"rotation":270,"texture":"#0"}}},{"from":[-5.5,3.5,3.5],"to":[-2.5,3.75,6.5],"rotation":{"angle":0,"axis":"y","origin":[15,8,12]},"faces":{"north":{"uv":[7.875,0.375,8.25,0.40625],"texture":"#0"},"east":{"uv":[7.875,0.375,8.25,0.40625],"texture":"#0"},"south":{"uv":[7.875,0.375,8.25,0.40625],"texture":"#0"},"west":{"uv":[7.875,0.375,8.25,0.40625],"texture":"#0"},"up":{"uv":[7.875,0,8.25,0.375],"rotation":90,"texture":"#0"},"down":{"uv":[7.875,0,8.25,0.375],"rotation":270,"texture":"#0"}}},{"from":[-6,4.5,3],"to":[-2,5,7],"rotation":{"angle":0,"axis":"y","origin":[15,8,12]},"faces":{"north":{"uv":[7.375,0.5,7.875,0.5625],"texture":"#0"},"east":{"uv":[7.375,0.5,7.875,0.5625],"texture":"#0"},"south":{"uv":[7.375,0.5,7.875,0.5625],"texture":"#0"},"west":{"uv":[7.375,0.5,7.875,0.5625],"texture":"#0"},"up":{"uv":[7.375,0,7.875,0.5],"rotation":90,"texture":"#0"},"down":{"uv":[7.375,0,7.875,0.5],"rotation":270,"texture":"#0"}}},{"from":[-5.5,4.25,3.5],"to":[-2.5,4.5,6.5],"rotation":{"angle":0,"axis":"y","origin":[15,8,12]},"faces":{"north":{"uv":[7.875,0.375,8.25,0.40625],"texture":"#0"},"east":{"uv":[7.875,0.375,8.25,0.40625],"texture":"#0"},"south":{"uv":[7.875,0.375,8.25,0.40625],"texture":"#0"},"west":{"uv":[7.875,0.375,8.25,0.40625],"texture":"#0"},"up":{"uv":[7.875,0,8.25,0.375],"rotation":90,"texture":"#0"},"down":{"uv":[7.875,0,8.25,0.375],"rotation":270,"texture":"#0"}}},{"from":[-6,5.25,3],"to":[-2,5.75,7],"rotation":{"angle":0,"axis":"y","origin":[15,8,12]},"faces":{"north":{"uv":[7.375,0.5,7.875,0.5625],"texture":"#0"},"east":{"uv":[7.375,0.5,7.875,0.5625],"texture":"#0"},"south":{"uv":[7.375,0.5,7.875,0.5625],"texture":"#0"},"west":{"uv":[7.375,0.5,7.875,0.5625],"texture":"#0"},"up":{"uv":[7.375,0,7.875,0.5],"rotation":90,"texture":"#0"},"down":{"uv":[7.375,0,7.875,0.5],"rotation":270,"texture":"#0"}}},{"from":[-5.5,5,3.5],"to":[-2.5,5.25,6.5],"rotation":{"angle":0,"axis":"y","origin":[15,8,12]},"faces":{"north":{"uv":[7.875,0.375,8.25,0.40625],"texture":"#0"},"east":{"uv":[7.875,0.375,8.25,0.40625],"texture":"#0"},"south":{"uv":[7.875,0.375,8.25,0.40625],"texture":"#0"},"west":{"uv":[7.875,0.375,8.25,0.40625],"texture":"#0"},"up":{"uv":[7.875,0,8.25,0.375],"rotation":90,"texture":"#0"},"down":{"uv":[7.875,0,8.25,0.375],"rotation":270,"texture":"#0"}}},{"from":[-6,6,3],"to":[-2,6.5,7],"rotation":{"angle":0,"axis":"y","origin":[15,8,12]},"faces":{"north":{"uv":[7.375,0.5,7.875,0.5625],"texture":"#0"},"east":{"uv":[7.375,0.5,7.875,0.5625],"texture":"#0"},"south":{"uv":[7.375,0.5,7.875,0.5625],"texture":"#0"},"west":{"uv":[7.375,0.5,7.875,0.5625],"texture":"#0"},"up":{"uv":[7.375,0,7.875,0.5],"rotation":90,"texture":"#0"},"down":{"uv":[7.375,0,7.875,0.5],"rotation":270,"texture":"#0"}}},{"from":[-5.5,5.75,3.5],"to":[-2.5,6,6.5],"rotation":{"angle":0,"axis":"y","origin":[15,8,12]},"faces":{"north":{"uv":[7.875,0.375,8.25,0.40625],"texture":"#0"},"east":{"uv":[7.875,0.375,8.25,0.40625],"texture":"#0"},"south":{"uv":[7.875,0.375,8.25,0.40625],"texture":"#0"},"west":{"uv":[7.875,0.375,8.25,0.40625],"texture":"#0"},"up":{"uv":[7.875,0,8.25,0.375],"rotation":90,"texture":"#0"},"down":{"uv":[7.875,0,8.25,0.375],"rotation":270,"texture":"#0"}}},{"from":[-3,2.25,8],"to":[1,2.75,12],"rotation":{"angle":0,"axis":"y","origin":[15,8,12]},"faces":{"north":{"uv":[7.375,0.5,7.875,0.5625],"texture":"#0"},"east":{"uv":[7.375,0.5,7.875,0.5625],"texture":"#0"},"south":{"uv":[7.375,0.5,7.875,0.5625],"texture":"#0"},"west":{"uv":[7.375,0.5,7.875,0.5625],"texture":"#0"},"up":{"uv":[7.375,0,7.875,0.5],"rotation":90,"texture":"#0"},"down":{"uv":[7.375,0,7.875,0.5],"rotation":270,"texture":"#0"}}},{"from":[-2.5,2,8.5],"to":[0.5,2.25,11.5],"rotation":{"angle":0,"axis":"y","origin":[15,8,12]},"faces":{"north":{"uv":[7.875,0.375,8.25,0.40625],"texture":"#0"},"east":{"uv":[7.875,0.375,8.25,0.40625],"texture":"#0"},"south":{"uv":[7.875,0.375,8.25,0.40625],"texture":"#0"},"west":{"uv":[7.875,0.375,8.25,0.40625],"texture":"#0"},"up":{"uv":[7.875,0,8.25,0.375],"rotation":90,"texture":"#0"},"down":{"uv":[7.875,0,8.25,0.375],"rotation":270,"texture":"#0"}}},{"from":[-3,3,8],"to":[1,3.5,12],"rotation":{"angle":0,"axis":"y","origin":[15,8,12]},"faces":{"north":{"uv":[7.375,0.5,7.875,0.5625],"texture":"#0"},"east":{"uv":[7.375,0.5,7.875,0.5625],"texture":"#0"},"south":{"uv":[7.375,0.5,7.875,0.5625],"texture":"#0"},"west":{"uv":[7.375,0.5,7.875,0.5625],"texture":"#0"},"up":{"uv":[7.375,0,7.875,0.5],"rotation":90,"texture":"#0"},"down":{"uv":[7.375,0,7.875,0.5],"rotation":270,"texture":"#0"}}},{"from":[-2.5,2.75,8.5],"to":[0.5,3,11.5],"rotation":{"angle":0,"axis":"y","origin":[15,8,12]},"faces":{"north":{"uv":[7.875,0.375,8.25,0.40625],"texture":"#0"},"east":{"uv":[7.875,0.375,8.25,0.40625],"texture":"#0"},"south":{"uv":[7.875,0.375,8.25,0.40625],"texture":"#0"},"west":{"uv":[7.875,0.375,8.25,0.40625],"texture":"#0"},"up":{"uv":[7.875,0,8.25,0.375],"rotation":90,"texture":"#0"},"down":{"uv":[7.875,0,8.25,0.375],"rotation":270,"texture":"#0"}}},{"from":[-3,3.75,8],"to":[1,4.25,12],"rotation":{"angle":0,"axis":"y","origin":[15,8,12]},"faces":{"north":{"uv":[7.375,0.5,7.875,0.5625],"texture":"#0"},"east":{"uv":[7.375,0.5,7.875,0.5625],"texture":"#0"},"south":{"uv":[7.375,0.5,7.875,0.5625],"texture":"#0"},"west":{"uv":[7.375,0.5,7.875,0.5625],"texture":"#0"},"up":{"uv":[7.375,0,7.875,0.5],"rotation":90,"texture":"#0"},"down":{"uv":[7.375,0,7.875,0.5],"rotation":270,"texture":"#0"}}},{"from":[-2.5,3.5,8.5],"to":[0.5,3.75,11.5],"rotation":{"angle":0,"axis":"y","origin":[15,8,12]},"faces":{"north":{"uv":[7.875,0.375,8.25,0.40625],"texture":"#0"},"east":{"uv":[7.875,0.375,8.25,0.40625],"texture":"#0"},"south":{"uv":[7.875,0.375,8.25,0.40625],"texture":"#0"},"west":{"uv":[7.875,0.375,8.25,0.40625],"texture":"#0"},"up":{"uv":[7.875,0,8.25,0.375],"rotation":90,"texture":"#0"},"down":{"uv":[7.875,0,8.25,0.375],"rotation":270,"texture":"#0"}}},{"from":[-3,4.5,8],"to":[1,5,12],"rotation":{"angle":0,"axis":"y","origin":[15,8,12]},"faces":{"north":{"uv":[7.375,0.5,7.875,0.5625],"texture":"#0"},"east":{"uv":[7.375,0.5,7.875,0.5625],"texture":"#0"},"south":{"uv":[7.375,0.5,7.875,0.5625],"texture":"#0"},"west":{"uv":[7.375,0.5,7.875,0.5625],"texture":"#0"},"up":{"uv":[7.375,0,7.875,0.5],"rotation":90,"texture":"#0"},"down":{"uv":[7.375,0,7.875,0.5],"rotation":270,"texture":"#0"}}},{"from":[-2.5,4.25,8.5],"to":[0.5,4.5,11.5],"rotation":{"angle":0,"axis":"y","origin":[15,8,12]},"faces":{"north":{"uv":[7.875,0.375,8.25,0.40625],"texture":"#0"},"east":{"uv":[7.875,0.375,8.25,0.40625],"texture":"#0"},"south":{"uv":[7.875,0.375,8.25,0.40625],"texture":"#0"},"west":{"uv":[7.875,0.375,8.25,0.40625],"texture":"#0"},"up":{"uv":[7.875,0,8.25,0.375],"rotation":90,"texture":"#0"},"down":{"uv":[7.875,0,8.25,0.375],"rotation":270,"texture":"#0"}}},{"from":[-3,5.25,8],"to":[1,5.75,12],"rotation":{"angle":0,"axis":"y","origin":[15,8,12]},"faces":{"north":{"uv":[7.375,0.5,7.875,0.5625],"texture":"#0"},"east":{"uv":[7.375,0.5,7.875,0.5625],"texture":"#0"},"south":{"uv":[7.375,0.5,7.875,0.5625],"texture":"#0"},"west":{"uv":[7.375,0.5,7.875,0.5625],"texture":"#0"},"up":{"uv":[7.375,0,7.875,0.5],"rotation":90,"texture":"#0"},"down":{"uv":[7.375,0,7.875,0.5],"rotation":270,"texture":"#0"}}},{"from":[-2.5,5,8.5],"to":[0.5,5.25,11.5],"rotation":{"angle":0,"axis":"y","origin":[15,8,12]},"faces":{"north":{"uv":[7.875,0.375,8.25,0.40625],"texture":"#0"},"east":{"uv":[7.875,0.375,8.25,0.40625],"texture":"#0"},"south":{"uv":[7.875,0.375,8.25,0.40625],"texture":"#0"},"west":{"uv":[7.875,0.375,8.25,0.40625],"texture":"#0"},"up":{"uv":[7.875,0,8.25,0.375],"rotation":90,"texture":"#0"},"down":{"uv":[7.875,0,8.25,0.375],"rotation":270,"texture":"#0"}}},{"from":[-3,6,8],"to":[1,6.5,12],"rotation":{"angle":0,"axis":"y","origin":[15,8,12]},"faces":{"north":{"uv":[7.375,0.5,7.875,0.5625],"texture":"#0"},"east":{"uv":[7.375,0.5,7.875,0.5625],"texture":"#0"},"south":{"uv":[7.375,0.5,7.875,0.5625],"texture":"#0"},"west":{"uv":[7.375,0.5,7.875,0.5625],"texture":"#0"},"up":{"uv":[7.375,0,7.875,0.5],"rotation":90,"texture":"#0"},"down":{"uv":[7.375,0,7.875,0.5],"rotation":270,"texture":"#0"}}},{"from":[-2.5,5.75,8.5],"to":[0.5,6,11.5],"rotation":{"angle":0,"axis":"y","origin":[15,8,12]},"faces":{"north":{"uv":[7.875,0.375,8.25,0.40625],"texture":"#0"},"east":{"uv":[7.875,0.375,8.25,0.40625],"texture":"#0"},"south":{"uv":[7.875,0.375,8.25,0.40625],"texture":"#0"},"west":{"uv":[7.875,0.375,8.25,0.40625],"texture":"#0"},"up":{"uv":[7.875,0,8.25,0.375],"rotation":90,"texture":"#0"},"down":{"uv":[7.875,0,8.25,0.375],"rotation":270,"texture":"#0"}}},{"from":[-2,9,4],"to":[2,10,8],"rotation":{"angle":0,"axis":"y","origin":[15,8,12]},"faces":{"north":{"uv":[7.375,1.0625,7.875,1.1875],"texture":"#0"},"east":{"uv":[7.375,1.0625,7.875,1.1875],"texture":"#0"},"south":{"uv":[7.375,1.0625,7.875,1.1875],"texture":"#0"},"west":{"uv":[7.375,1.0625,7.875,1.1875],"texture":"#0"},"up":{"uv":[7.375,0.5625,7.875,1.0625],"rotation":90,"texture":"#0"},"down":{"uv":[7.375,0.5625,7.875,1.0625],"rotation":270,"texture":"#0"}}},{"from":[-2,10,3],"to":[2,12,4],"rotation":{"angle":0,"axis":"y","origin":[15,8,12]},"faces":{"north":{"uv":[7.875,0.5625,8.375,0.8125],"texture":"#0"},"east":{"uv":[7.875,0.8125,8,1.0625],"texture":"#0"},"south":{"uv":[7.875,0.5625,8.375,0.8125],"texture":"#0"},"west":{"uv":[7.875,0.8125,8,1.0625],"texture":"#0"},"up":{"uv":[7.875,0.4375,8.375,0.5625],"texture":"#0"},"down":{"uv":[7.375,1.1875,7.875,1.3125],"texture":"#0"}}},{"from":[-2,10,8],"to":[2,12,9],"rotation":{"angle":0,"axis":"y","origin":[15,8,12]},"faces":{"north":{"uv":[7.875,0.5625,8.375,0.8125],"texture":"#0"},"east":{"uv":[7.875,0.8125,8,1.0625],"texture":"#0"},"south":{"uv":[7.875,0.5625,8.375,0.8125],"texture":"#0"},"west":{"uv":[7.875,0.8125,8,1.0625],"texture":"#0"},"up":{"uv":[7.875,0.4375,8.375,0.5625],"rotation":180,"texture":"#0"},"down":{"uv":[7.375,1.1875,7.875,1.3125],"rotation":180,"texture":"#0"}}},{"from":[-3,10,4],"to":[-2,12,8],"rotation":{"angle":0,"axis":"y","origin":[15,8,12]},"faces":{"north":{"uv":[7.875,0.8125,8,1.0625],"texture":"#0"},"east":{"uv":[7.875,0.5625,8.375,0.8125],"texture":"#0"},"south":{"uv":[7.875,0.8125,8,1.0625],"texture":"#0"},"west":{"uv":[7.875,0.5625,8.375,0.8125],"texture":"#0"},"up":{"uv":[7.875,0.4375,8.375,0.5625],"rotation":270,"texture":"#0"},"down":{"uv":[7.375,1.1875,7.875,1.3125],"rotation":90,"texture":"#0"}}},{"from":[2,10,4],"to":[3,12,8],"rotation":{"angle":0,"axis":"y","origin":[15,8,12]},"faces":{"north":{"uv":[7.875,0.8125,8,1.0625],"texture":"#0"},"east":{"uv":[7.875,0.5625,8.375,0.8125],"texture":"#0"},"south":{"uv":[7.875,0.8125,8,1.0625],"texture":"#0"},"west":{"uv":[7.875,0.5625,8.375,0.8125],"texture":"#0"},"up":{"uv":[7.875,0.4375,8.375,0.5625],"rotation":90,"texture":"#0"},"down":{"uv":[7.375,1.1875,7.875,1.3125],"rotation":270,"texture":"#0"}}},{"from":[-2,11.5,4],"to":[2,12.5,8],"rotation":{"angle":0,"axis":"y","origin":[15,8,12]},"faces":{"north":{"uv":[7.375,1.0625,7.875,1.1875],"texture":"#0"},"east":{"uv":[7.375,1.0625,7.875,1.1875],"texture":"#0"},"south":{"uv":[7.375,1.0625,7.875,1.1875],"texture":"#0"},"west":{"uv":[7.375,1.0625,7.875,1.1875],"texture":"#0"},"up":{"uv":[7.375,0.5625,7.875,1.0625],"rotation":90,"texture":"#0"},"down":{"uv":[7.375,0.5625,7.875,1.0625],"rotation":270,"texture":"#0"}}},{"from":[-2,12.5,3],"to":[2,14.5,4],"rotation":{"angle":0,"axis":"y","origin":[15,8,12]},"faces":{"north":{"uv":[7.875,0.5625,8.375,0.8125],"texture":"#0"},"east":{"uv":[7.875,0.8125,8,1.0625],"texture":"#0"},"south":{"uv":[7.875,0.5625,8.375,0.8125],"texture":"#0"},"west":{"uv":[7.875,0.8125,8,1.0625],"texture":"#0"},"up":{"uv":[7.875,0.4375,8.375,0.5625],"texture":"#0"},"down":{"uv":[7.375,1.1875,7.875,1.3125],"texture":"#0"}}},{"from":[-2,12.5,8],"to":[2,14.5,9],"rotation":{"angle":0,"axis":"y","origin":[15,8,12]},"faces":{"north":{"uv":[7.875,0.5625,8.375,0.8125],"texture":"#0"},"east":{"uv":[7.875,0.8125,8,1.0625],"texture":"#0"},"south":{"uv":[7.875,0.5625,8.375,0.8125],"texture":"#0"},"west":{"uv":[7.875,0.8125,8,1.0625],"texture":"#0"},"up":{"uv":[7.875,0.4375,8.375,0.5625],"rotation":180,"texture":"#0"},"down":{"uv":[7.375,1.1875,7.875,1.3125],"rotation":180,"texture":"#0"}}},{"from":[2,12.5,4],"to":[3,14.5,8],"rotation":{"angle":0,"axis":"y","origin":[15,8,12]},"faces":{"north":{"uv":[7.875,0.8125,8,1.0625],"texture":"#0"},"east":{"uv":[7.875,0.5625,8.375,0.8125],"texture":"#0"},"south":{"uv":[7.875,0.8125,8,1.0625],"texture":"#0"},"west":{"uv":[7.875,0.5625,8.375,0.8125],"texture":"#0"},"up":{"uv":[7.875,0.4375,8.375,0.5625],"rotation":90,"texture":"#0"},"down":{"uv":[7.375,1.1875,7.875,1.3125],"rotation":270,"texture":"#0"}}},{"from":[-3,12.5,4],"to":[-2,14.5,8],"rotation":{"angle":0,"axis":"y","origin":[15,8,12]},"faces":{"north":{"uv":[7.875,0.8125,8,1.0625],"texture":"#0"},"east":{"uv":[7.875,0.5625,8.375,0.8125],"texture":"#0"},"south":{"uv":[7.875,0.8125,8,1.0625],"texture":"#0"},"west":{"uv":[7.875,0.5625,8.375,0.8125],"texture":"#0"},"up":{"uv":[7.875,0.4375,8.375,0.5625],"rotation":270,"texture":"#0"},"down":{"uv":[7.375,1.1875,7.875,1.3125],"rotation":90,"texture":"#0"}}}],"gui_light":"front","display":{"thirdperson_righthand":{"rotation":[-175.4,9.43,176.56],"translation":[-1.5,0,0.5],"scale":[0.26,0.26,0.26]},"thirdperson_lefthand":{"rotation":[-175.4,9.43,176.56],"translation":[-1.5,0,0.5],"scale":[0.26,0.26,0.26]},"firstperson_righthand":{"rotation":[-175.4,9.43,176.56],"translation":[-1.5,0,0.5],"scale":[0.26,0.26,0.26]},"firstperson_lefthand":{"rotation":[-175.4,9.43,176.56],"translation":[-1.5,0,0.5],"scale":[0.26,0.26,0.26]},"ground":{"translation":[3,5,0.75],"scale":[0.66,0.66,0.66]},"gui":{"rotation":[-146.25,46,-180],"translation":[-1.5,0.75,0],"scale":[0.48,0.48,0.48]},"head":{"rotation":[-180,0,-180],"translation":[-7.75,-30,0],"scale":[2.15,1.65,2.15]},"fixed":{"translation":[4,0,0]}},"groups":[{"name":"group","origin":[8,8,8],"color":0,"children":[{"name":"group","origin":[8,8,8],"color":0,"children":[]},{"name":"group","origin":[8,8,8],"color":0,"children":[]},{"name":"group","origin":[8,8,8],"color":0,"children":[]},{"name":"group","origin":[8,8,8],"color":0,"children":[]}]},{"name":"group","origin":[8,8,8],"color":0,"children":[{"name":"group","origin":[8,8,8],"color":0,"children":[]},{"name":"group","origin":[8,8,8],"color":0,"children":[]},{"name":"group","origin":[8,8,8],"color":0,"children":[]},{"name":"group","origin":[8,8,8],"color":0,"children":[]},{"name":"group","origin":[8,8,8],"color":0,"children":[]},{"name":"group","origin":[8,8,8],"color":0,"children":[]}]},{"name":"group","origin":[8,8,8],"color":0,"children":[{"name":"group","origin":[8,8,8],"color":0,"children":[]},{"name":"group","origin":[8,8,8],"color":0,"children":[]},{"name":"group","origin":[8,8,8],"color":0,"children":[]},{"name":"group","origin":[8,8,8],"color":0,"children":[]},{"name":"group","origin":[8,8,8],"color":0,"children":[]},{"name":"group","origin":[8,8,8],"color":0,"children":[]}]},{"name":"group","origin":[8,8,8],"color":0,"children":[]},{"name":"group","origin":[8,8,8],"color":0,"children":[{"name":"group","origin":[-5,2,4],"color":0,"children":[0,1,2,3,4,5,6,7,8,9,10,11,12,13,14,15,16,17,18,19,20,21,22,23,24,25,26,27,28,29,30,31,32,33,34,35,36,37,38,39,40,41,42,43,44,45,46,47,48,49,50,51]}]}]}