{"credit":"MadewithBlockbench","texture_size":[64,64],"textures":{"5":"elitecreatures:spooky_furniture_v1/scarecrow_blood","6":"elitecreatures:spooky_furniture_v1/scarecrow_head"},"elements":[{"from":[4.2848,16.0524,4.2535],"to":[11.7152,23.4828,11.6839],"rotation":{"angle":0,"axis":"y","origin":[3.0464,-8.7548,3.9783]},"faces":{"north":{"uv":[0,0,3.75,3.75],"texture":"#6"},"east":{"uv":[0,4,3.75,7.75],"texture":"#6"},"south":{"uv":[4,0,7.75,3.75],"texture":"#6"},"west":{"uv":[4,4,7.75,7.75],"texture":"#6"},"up":{"uv":[3.75,11.75,0,8],"texture":"#6"},"down":{"uv":[11.75,0,8,3.75],"texture":"#6"}}},{"from":[7.3808,22.8636,7.3495],"to":[8.6192,24.7212,8.5879],"rotation":{"angle":0,"axis":"y","origin":[3.0464,-14.9468,5.5263]},"faces":{"north":{"uv":[4,8,4.5,9],"texture":"#6"},"east":{"uv":[8,4,8.5,5],"texture":"#6"},"south":{"uv":[4.5,8,5,9],"texture":"#6"},"west":{"uv":[5,8,5.5,9],"texture":"#6"},"up":{"uv":[8.5,5.5,8,5],"texture":"#6"}}},{"name":"wood","from":[7.5,-15.5,7.5],"to":[8.5,12.5,8.5],"rotation":{"angle":0,"axis":"y","origin":[6.5,-1.5,0.5]},"faces":{"north":{"uv":[5.75,8.5,6,15.5],"texture":"#5"},"east":{"uv":[6,8.5,6.25,15.5],"texture":"#5"},"south":{"uv":[6.25,8.5,6.5,15.5],"texture":"#5"},"west":{"uv":[6.5,8.5,6.75,15.5],"texture":"#5"},"up":{"uv":[5.25,2.75,5,2.5],"texture":"#5"},"down":{"uv":[5.25,2.75,5,3],"texture":"#5"}}},{"from":[3,-2,5],"to":[13,4,5],"faces":{"north":{"uv":[6.75,2.5,9.25,4],"texture":"#5"},"east":{"uv":[0,0,0,1.5],"texture":"#5"},"south":{"uv":[6.75,4,9.25,5.5],"texture":"#5"},"west":{"uv":[0,0,0,1.5],"texture":"#5"},"up":{"uv":[2.5,0,0,0],"texture":"#5"},"down":{"uv":[2.5,0,0,0],"texture":"#5"}}},{"from":[13,-2,5],"to":[13,4,11],"faces":{"north":{"uv":[0,0,0,1.5],"texture":"#5"},"east":{"uv":[8.5,0,10,1.5],"texture":"#5"},"south":{"uv":[0,0,0,1.5],"texture":"#5"},"west":{"uv":[1.25,8.5,2.75,10],"texture":"#5"},"up":{"uv":[0,1.5,0,0],"texture":"#5"},"down":{"uv":[0,0,0,1.5],"texture":"#5"}}},{"from":[3,-2,10.999],"to":[13,4,10.999],"rotation":{"angle":0,"axis":"y","origin":[0,0,-0.001]},"faces":{"north":{"uv":[3,7,5.5,8.5],"texture":"#5"},"east":{"uv":[0,0,0,1.5],"texture":"#5"},"south":{"uv":[5.5,7,8,8.5],"texture":"#5"},"west":{"uv":[0,0,0,1.5],"texture":"#5"},"up":{"uv":[2.5,0,0,0],"texture":"#5"},"down":{"uv":[2.5,0,0,0],"texture":"#5"}}},{"from":[3,-2,5],"to":[3,4,11],"faces":{"north":{"uv":[0,0,0,1.5],"texture":"#5"},"east":{"uv":[2.75,8.5,4.25,10],"texture":"#5"},"south":{"uv":[0,0,0,1.5],"texture":"#5"},"west":{"uv":[4.25,8.5,5.75,10],"texture":"#5"},"up":{"uv":[0,1.5,0,0],"texture":"#5"},"down":{"uv":[0,0,0,1.5],"texture":"#5"}}},{"from":[3,4,5],"to":[13,16,11],"rotation":{"angle":0,"axis":"y","origin":[5,7,7]},"faces":{"north":{"uv":[0,0,2.5,3],"texture":"#5"},"east":{"uv":[0,5.5,1.5,8.5],"texture":"#5"},"south":{"uv":[2.5,0,5,3],"texture":"#5"},"west":{"uv":[1.5,5.5,3,8.5],"texture":"#5"},"up":{"uv":[5.5,7,3,5.5],"texture":"#5"},"down":{"uv":[8,5.5,5.5,7],"texture":"#5"}}},{"from":[3.5,-6,5.5],"to":[12.5,4,5.5],"rotation":{"angle":0,"axis":"y","origin":[4.5,7,6.5]},"faces":{"north":{"uv":[0,3,2.25,5.5],"texture":"#5"},"east":{"uv":[0,0,0,2.5],"texture":"#5"},"south":{"uv":[2.25,3,4.5,5.5],"texture":"#5"},"west":{"uv":[0,0,0,2.5],"texture":"#5"},"up":{"uv":[2.25,0,0,0],"texture":"#5"},"down":{"uv":[2.25,0,0,0],"texture":"#5"}}},{"from":[12.5,-6,5.5],"to":[12.5,4,10.5],"rotation":{"angle":0,"axis":"y","origin":[4.5,7,6.5]},"faces":{"north":{"uv":[0,0,0,2.5],"texture":"#5"},"east":{"uv":[8,8,9.25,10.5],"texture":"#5"},"south":{"uv":[0,0,0,2.5],"texture":"#5"},"west":{"uv":[0,8.5,1.25,11],"texture":"#5"},"up":{"uv":[0,1.25,0,0],"texture":"#5"},"down":{"uv":[0,0,0,1.25],"texture":"#5"}}},{"from":[3.5,-6,10.5],"to":[12.5,4,10.5],"rotation":{"angle":0,"axis":"y","origin":[4.5,7,6.5]},"faces":{"north":{"uv":[4.5,3,6.75,5.5],"texture":"#5"},"east":{"uv":[0,0,0,2.5],"texture":"#5"},"south":{"uv":[5,0,7.25,2.5],"texture":"#5"},"west":{"uv":[0,0,0,2.5],"texture":"#5"},"up":{"uv":[2.25,0,0,0],"texture":"#5"},"down":{"uv":[2.25,0,0,0],"texture":"#5"}}},{"from":[3.5,-6,5.5],"to":[3.5,4,10.5],"rotation":{"angle":0,"axis":"y","origin":[4.5,7,9.5]},"faces":{"north":{"uv":[0,0,0,2.5],"texture":"#5"},"east":{"uv":[7.25,0,8.5,2.5],"texture":"#5"},"south":{"uv":[0,0,0,2.5],"texture":"#5"},"west":{"uv":[8,5.5,9.25,8],"texture":"#5"},"up":{"uv":[0,1.25,0,0],"texture":"#5"},"down":{"uv":[0,0,0,1.25],"texture":"#5"}}},{"from":[-2.54293,-1.77965,10.005],"to":[1.45707,4.22035,10.005],"rotation":{"angle":-22.5,"axis":"z","origin":[-0.54293,7.22035,8.005]},"faces":{"north":{"uv":[10.25,3,11.25,4.5],"texture":"#5"},"east":{"uv":[0,0,0,1.5],"texture":"#5"},"south":{"uv":[10.25,4.5,11.25,6],"texture":"#5"},"west":{"uv":[0,0,0,1.5],"texture":"#5"},"up":{"uv":[1,0,0,0],"texture":"#5"},"down":{"uv":[1,0,0,0],"texture":"#5"}}},{"from":[-2.54293,4.22035,5.995],"to":[1.45707,10.22035,10.005],"rotation":{"angle":-22.5,"axis":"z","origin":[-0.54293,7.22035,8.005]},"faces":{"north":{"uv":[10.25,10,11.25,11.5],"texture":"#5"},"east":{"uv":[7.75,10.5,8.75,12],"texture":"#5"},"south":{"uv":[10.75,6,11.75,7.5],"texture":"#5"},"west":{"uv":[10.75,7.5,11.75,9],"texture":"#5"},"up":{"uv":[10.75,12.5,9.75,11.5],"texture":"#5"},"down":{"uv":[11.75,11.5,10.75,12.5],"texture":"#5"}}},{"from":[-0.70711,9.46447,6],"to":[5.29289,13.46447,10],"rotation":{"angle":45,"axis":"z","origin":[2.29289,11.46447,6.5]},"faces":{"north":{"uv":[10.75,9,12.25,10],"texture":"#5"},"east":{"uv":[11.75,6,12.75,7],"texture":"#5"},"south":{"uv":[11,0,12.5,1],"texture":"#5"},"west":{"uv":[11.75,7,12.75,8],"texture":"#5"},"up":{"uv":[12.75,2,11.25,1],"texture":"#5"},"down":{"uv":[12.75,2,11.25,3],"texture":"#5"}}},{"from":[-4.68587,-0.55794,5.995],"to":[-4.68587,5.44206,9.995],"rotation":{"angle":-22.5,"axis":"z","origin":[-4.68587,2.44206,7.995]},"faces":{"north":{"uv":[0,0,0,1.5],"texture":"#5"},"east":{"uv":[0,11,1,12.5],"texture":"#5"},"south":{"uv":[0,0,0,1.5],"texture":"#5"},"west":{"uv":[11.25,3,12.25,4.5],"texture":"#5"},"up":{"uv":[0,1,0,0],"texture":"#5"},"down":{"uv":[0,0,0,1],"texture":"#5"}}},{"from":[-4.83903,-1.32292,6.005],"to":[-0.83903,4.67708,6.005],"rotation":{"angle":-22.5,"axis":"z","origin":[-2.83903,1.67708,7.005]},"faces":{"north":{"uv":[11.25,4.5,12.25,6],"texture":"#5"},"east":{"uv":[0,0,0,1.5],"texture":"#5"},"south":{"uv":[11.25,10,12.25,11.5],"texture":"#5"},"west":{"uv":[0,0,0,1.5],"texture":"#5"},"up":{"uv":[1,0,0,0],"texture":"#5"},"down":{"uv":[1,0,0,0],"texture":"#5"}}},{"from":[-0.99035,-2.08867,5.995],"to":[-0.99035,3.91133,9.995],"rotation":{"angle":-22.5,"axis":"z","origin":[-0.99035,0.91133,7.995]},"faces":{"north":{"uv":[0,0,0,1.5],"texture":"#5"},"east":{"uv":[1,11.5,2,13],"texture":"#5"},"south":{"uv":[0,0,0,1.5],"texture":"#5"},"west":{"uv":[2,11.5,3,13],"texture":"#5"},"up":{"uv":[0,1,0,0],"texture":"#5"},"down":{"uv":[0,0,0,1],"texture":"#5"}}},{"from":[14.54293,-1.77965,10.005],"to":[18.54293,4.22035,10.005],"rotation":{"angle":22.5,"axis":"z","origin":[16.54293,7.22035,8.005]},"faces":{"north":{"uv":[2.25,10,3.25,11.5],"texture":"#5"},"east":{"uv":[0,0,0,1.5],"texture":"#5"},"south":{"uv":[3.25,10,4.25,11.5],"texture":"#5"},"west":{"uv":[0,0,0,1.5],"texture":"#5"},"up":{"uv":[1,0,0,0],"texture":"#5"},"down":{"uv":[1,0,0,0],"texture":"#5"}}},{"from":[14.54293,4.22035,5.995],"to":[18.54293,10.22035,10.005],"rotation":{"angle":22.5,"axis":"z","origin":[16.54293,7.22035,8.005]},"faces":{"north":{"uv":[6.75,8.5,7.75,10],"texture":"#5"},"east":{"uv":[9.25,1.5,10.25,3],"texture":"#5"},"south":{"uv":[9.25,3,10.25,4.5],"texture":"#5"},"west":{"uv":[9.25,4.5,10.25,6],"texture":"#5"},"up":{"uv":[4,12.5,3,11.5],"texture":"#5"},"down":{"uv":[5,11.5,4,12.5],"texture":"#5"}}},{"from":[10.70711,9.46447,6],"to":[16.70711,13.46447,10],"rotation":{"angle":-45,"axis":"z","origin":[13.70711,11.46447,6.5]},"faces":{"north":{"uv":[9.25,6,10.75,7],"texture":"#5"},"east":{"uv":[6.75,11.5,7.75,12.5],"texture":"#5"},"south":{"uv":[9.25,7,10.75,8],"texture":"#5"},"west":{"uv":[8.75,11.5,9.75,12.5],"texture":"#5"},"up":{"uv":[10.75,9,9.25,8],"texture":"#5"},"down":{"uv":[10.75,9,9.25,10],"texture":"#5"}}},{"from":[20.68587,-0.55794,5.995],"to":[20.68587,5.44206,9.995],"rotation":{"angle":22.5,"axis":"z","origin":[20.68587,2.44206,7.995]},"faces":{"north":{"uv":[0,0,0,1.5],"texture":"#5"},"east":{"uv":[4.25,10,5.25,11.5],"texture":"#5"},"south":{"uv":[0,0,0,1.5],"texture":"#5"},"west":{"uv":[6.75,10,7.75,11.5],"texture":"#5"},"up":{"uv":[0,1,0,0],"texture":"#5"},"down":{"uv":[0,0,0,1],"texture":"#5"}}},{"from":[16.83903,-1.32292,6.005],"to":[20.83903,4.67708,6.005],"rotation":{"angle":22.5,"axis":"z","origin":[18.83903,1.67708,7.005]},"faces":{"north":{"uv":[10,0,11,1.5],"texture":"#5"},"east":{"uv":[0,0,0,1.5],"texture":"#5"},"south":{"uv":[1.25,10,2.25,11.5],"texture":"#5"},"west":{"uv":[0,0,0,1.5],"texture":"#5"},"up":{"uv":[1,0,0,0],"texture":"#5"},"down":{"uv":[1,0,0,0],"texture":"#5"}}},{"from":[16.99035,-2.08867,5.995],"to":[16.99035,3.91133,9.995],"rotation":{"angle":22.5,"axis":"z","origin":[16.99035,0.91133,7.995]},"faces":{"north":{"uv":[0,0,0,1.5],"texture":"#5"},"east":{"uv":[9.25,10,10.25,11.5],"texture":"#5"},"south":{"uv":[0,0,0,1.5],"texture":"#5"},"west":{"uv":[10.25,1.5,11.25,3],"texture":"#5"},"up":{"uv":[0,1,0,0],"texture":"#5"},"down":{"uv":[0,0,0,1],"texture":"#5"}}}],"gui_light":"front","display":{"thirdperson_righthand":{"rotation":[67.5,0,0],"translation":[0,0.5,0.25],"scale":[0.31359,0.31359,0.31359]},"thirdperson_lefthand":{"rotation":[67.5,0,0],"translation":[0,0.5,0.25],"scale":[0.31359,0.31359,0.31359]},"firstperson_righthand":{"translation":[-0.25,6.75,2.25],"scale":[0.32617,0.32617,0.32617]},"firstperson_lefthand":{"translation":[-0.25,6.75,2.25],"scale":[0.32617,0.32617,0.32617]},"ground":{"translation":[0,6.5,0],"scale":[0.39453,0.39453,0.39453]},"gui":{"rotation":[30,135,0],"translation":[0.25,0.75,0],"scale":[0.39641,0.39641,0.39641]},"head":{"translation":[0,-30.25,0.75],"scale":[0,0,0]},"fixed":{"rotation":[-90,0,0],"translation":[0,0,-57.5],"scale":[2.45,2.45,2.45]}},"groups":[{"name":"all_scarecrow","origin":[8,8,8],"color":0,"children":[{"name":"pumpkin","origin":[2.24,-17.38,5.1236],"color":0,"children":[0,1]},{"name":"scarecrow_nohead","origin":[8,8,8],"color":0,"children":[2,{"name":"shirt_body","origin":[5,7,7],"color":0,"children":[3,4,5,6,7]},{"name":"leg","origin":[4.5,7,9.5],"color":0,"children":[8,9,10,11]},{"name":"arm","origin":[16.99035,15.91133,7.995],"color":0,"children":[12,13,14,15,16,17]},{"name":"arm","origin":[16.99035,15.91133,7.995],"color":0,"children":[18,19,20,21,22,23]}]}]}]}