{"credit":"MadewithBlockbench","texture_size":[32,32],"textures":{"2":"elitecreatures:spooky_furniture_v1/window","particle":"elitecreatures:spooky_furniture_v1/window"},"elements":[{"from":[7.2505,-2,2.25],"to":[9.2505,15,3.25],"rotation":{"angle":0,"axis":"y","origin":[-4.7495,-6,15.25]},"faces":{"north":{"uv":[8,3.25,8.5,7.5],"texture":"#2"},"east":{"uv":[9,9.5,9.25,13.75],"texture":"#2"},"south":{"uv":[8,7.5,8.5,11.75],"texture":"#2"},"west":{"uv":[9.25,9.5,9.5,13.75],"texture":"#2"},"up":{"uv":[6,10,5.5,9.75],"texture":"#2"},"down":{"uv":[10.25,5.5,9.75,5.75],"texture":"#2"}}},{"from":[8.2505,0,3.25],"to":[9.2505,13,13.25],"rotation":{"angle":0,"axis":"y","origin":[-4.7495,-6,3.25]},"faces":{"north":{"uv":[9.5,9.5,9.75,12.75],"texture":"#2"},"east":{"uv":[5,0,7.5,3.25],"texture":"#2"},"south":{"uv":[0,9.75,0.25,13],"texture":"#2"},"west":{"uv":[5,3.25,7.5,6.5],"texture":"#2"},"up":{"uv":[0.5,12.25,0.25,9.75],"texture":"#2"},"down":{"uv":[0.75,9.75,0.5,12.25],"texture":"#2"}}},{"name":"view","from":[7.9505,0,3.25],"to":[7.9505,13,13.25],"rotation":{"angle":0,"axis":"y","origin":[-4.7495,-6,3.25]},"faces":{"north":{"uv":[0,0,0,3.25],"texture":"#2"},"east":{"uv":[0,5.75,2.5,9],"texture":"#2"},"south":{"uv":[0,0,0,3.25],"texture":"#2"},"west":{"uv":[2.5,5.75,5,9],"texture":"#2"},"up":{"uv":[0,2.5,0,0],"texture":"#2"},"down":{"uv":[0,0,0,2.5],"texture":"#2"}}},{"name":"glass","from":[7.6505,0,3.25],"to":[7.6505,13,13.25],"rotation":{"angle":0,"axis":"y","origin":[-4.7495,-6,3.25]},"faces":{"north":{"uv":[0,0,0,3.25],"texture":"#2"},"east":{"uv":[5,6.5,7.5,9.75],"texture":"#2"},"south":{"uv":[0,0,0,3.25],"texture":"#2"},"west":{"uv":[7.5,0,10,3.25],"texture":"#2"},"up":{"uv":[0,2.5,0,0],"texture":"#2"},"down":{"uv":[0,0,0,2.5],"texture":"#2"}}},{"from":[7.2505,-2,3.25],"to":[9.2505,0,13.25],"rotation":{"angle":0,"axis":"y","origin":[-4.7495,-6,3.25]},"faces":{"north":{"uv":[3.75,9.75,4.25,10.25],"texture":"#2"},"east":{"uv":[8.5,3.25,11,3.75],"texture":"#2"},"south":{"uv":[4.25,9.75,4.75,10.25],"texture":"#2"},"west":{"uv":[8.5,3.75,11,4.25],"texture":"#2"},"up":{"uv":[9,6.75,8.5,4.25],"texture":"#2"},"down":{"uv":[9,6.75,8.5,9.25],"texture":"#2"}}},{"from":[7.2505,13,3.25],"to":[9.2505,15,13.25],"rotation":{"angle":0,"axis":"y","origin":[-4.7495,-6,3.25]},"faces":{"north":{"uv":[9.75,4.25,10.25,4.75],"texture":"#2"},"east":{"uv":[0,9,2.5,9.5],"texture":"#2"},"south":{"uv":[9.75,4.75,10.25,5.25],"texture":"#2"},"west":{"uv":[2.5,9,5,9.5],"texture":"#2"},"up":{"uv":[9.5,6.75,9,4.25],"texture":"#2"},"down":{"uv":[9.5,6.75,9,9.25],"texture":"#2"}}},{"from":[7.2505,8,3.25],"to":[8.2505,9,13.25],"rotation":{"angle":0,"axis":"y","origin":[-4.7495,-6,3.25]},"faces":{"north":{"uv":[9.75,5.75,10,6],"texture":"#2"},"east":{"uv":[9.5,9,12,9.25],"texture":"#2"},"south":{"uv":[6,9.75,6.25,10],"texture":"#2"},"west":{"uv":[0.75,9.75,3.25,10],"texture":"#2"},"up":{"uv":[3.5,12.25,3.25,9.75],"texture":"#2"},"down":{"uv":[3.75,9.75,3.5,12.25],"texture":"#2"}}},{"from":[7.2505,-2,13.25],"to":[9.2505,15,14.25],"rotation":{"angle":0,"axis":"y","origin":[-4.7495,-6,3.25]},"faces":{"north":{"uv":[7.5,3.25,8,7.5],"texture":"#2"},"east":{"uv":[8.5,9.5,8.75,13.75],"texture":"#2"},"south":{"uv":[7.5,7.5,8,11.75],"texture":"#2"},"west":{"uv":[8.75,9.5,9,13.75],"texture":"#2"},"up":{"uv":[5.5,10,5,9.75],"texture":"#2"},"down":{"uv":[10.25,5.25,9.75,5.5],"texture":"#2"}}}],"gui_light":"front","display":{"thirdperson_righthand":{"rotation":[67.5,-90,0],"translation":[0,0.75,0.75],"scale":[0.38313,0.38313,0.38313]},"thirdperson_lefthand":{"rotation":[67.5,90,0],"translation":[0,0.75,0.75],"scale":[0.38313,0.38313,0.38313]},"firstperson_righthand":{"rotation":[0,90,0],"translation":[1.75,5,0],"scale":[0.75586,0.75586,0.75586]},"firstperson_lefthand":{"rotation":[0,-90,0],"translation":[1.75,5,0],"scale":[0.75586,0.75586,0.75586]},"ground":{"translation":[0,10,0]},"gui":{"rotation":[30,129,0],"scale":[0.625,0.625,0.625]},"head":{"translation":[0,-30.25,0.75],"scale":[0,0,0]},"fixed":{"rotation":[0,-90,0],"translation":[0,2.85,-2.45],"scale":[1.88477,1.88477,1.88477]}},"groups":[{"name":"all_window","origin":[8,8,8],"color":0,"children":[{"name":"window","origin":[-4.7495,-6,3.25],"color":0,"children":[0,1,2,3,4,5,6,7]}]}]}