{"credit":"MadewithBlockbench","texture_size":[64,64],"textures":{"0":"elitecreatures:spooky_furniture_v1/witch_pot","2":"elitecreatures:spooky_furniture_v1/witch_pot_animation-sheet","6":"elitecreatures:spooky_furniture_v1/witch_pot_steam_animation-sheet","particle":"elitecreatures:spooky_furniture_v1/witch_pot"},"elements":[{"from":[8,9,-0.75],"to":[8,24.75,16.75],"rotation":{"angle":0,"axis":"y","origin":[8,21.875,8]},"faces":{"north":{"uv":[0,0,0,4.75],"texture":"#6"},"east":{"uv":[0,0.875,5.75,5.625],"texture":"#6"},"south":{"uv":[0,0,0,4.75],"texture":"#6"},"west":{"uv":[5.75,0.875,0,5.625],"texture":"#6"},"up":{"uv":[5.75,0,0,0],"rotation":270,"texture":"#6"}}},{"name":"green","from":[2,11,2],"to":[14,12,14],"faces":{"north":{"uv":[6,0,12,0.5],"texture":"#2"},"east":{"uv":[6,0.5,12,1],"texture":"#2"},"south":{"uv":[6,1,12,1.5],"texture":"#2"},"west":{"uv":[6,1.5,12,2],"texture":"#2"},"up":{"uv":[13.75,11,8.25,5.5],"texture":"#2"},"down":{"uv":[6,6,0,12],"texture":"#2"}}},{"from":[2,12,3],"to":[3,13,13],"rotation":{"angle":0,"axis":"y","origin":[8,15,8]},"faces":{"north":{"uv":[3.75,10,3.5,10.25],"texture":"#0"},"east":{"uv":[8.5,9.75,6,10],"texture":"#0"},"south":{"uv":[4,10,3.75,10.25],"texture":"#0"},"west":{"uv":[6,9.75,3.5,10],"texture":"#0"},"up":{"uv":[8.5,12.25,8.75,9.75],"texture":"#0"},"down":{"uv":[8.75,9.75,9,12.25],"texture":"#0"}}},{"from":[3,10,3],"to":[13,11,13],"faces":{"north":{"uv":[9.5,2.75,12,3],"texture":"#0"},"east":{"uv":[9.5,2.75,12,3],"texture":"#0"},"south":{"uv":[9.5,2.75,12,3],"texture":"#0"},"west":{"uv":[9.5,2.75,12,3],"texture":"#0"},"up":{"uv":[9,5.5,6.5,3],"texture":"#0"},"down":{"uv":[9,5.5,6.5,8],"texture":"#0"}}},{"from":[2,1,2],"to":[14,3,14],"faces":{"north":{"uv":[3.5,9,6.5,9.5],"texture":"#0"},"east":{"uv":[3.5,9,6.5,9.5],"texture":"#0"},"south":{"uv":[3.5,9,6.5,9.5],"texture":"#0"},"west":{"uv":[3.5,9,6.5,9.5],"texture":"#0"},"up":{"uv":[6.5,9,3.5,6],"texture":"#0"},"down":{"uv":[9.5,0,6.5,3],"texture":"#0"}}},{"from":[1,3,1],"to":[15,10,15],"faces":{"north":{"uv":[0,8.75,3.5,10.5],"texture":"#0"},"east":{"uv":[0,8.75,3.5,10.5],"texture":"#0"},"south":{"uv":[0,8.75,3.5,10.5],"texture":"#0"},"west":{"uv":[0,8.75,3.5,10.5],"texture":"#0"},"up":{"uv":[3.5,3.5,0,0],"texture":"#0"},"down":{"uv":[3.5,3.5,0,7],"texture":"#0"}}},{"from":[2,12,13],"to":[14,13,14],"faces":{"north":{"uv":[9.5,1.25,12.5,1.5],"texture":"#0"},"east":{"uv":[6,9.5,6.25,9.75],"texture":"#0"},"south":{"uv":[9.5,1.5,12.5,1.75],"texture":"#0"},"west":{"uv":[6.25,9.5,6.5,9.75],"texture":"#0"},"up":{"uv":[12.5,2,9.5,1.75],"texture":"#0"},"down":{"uv":[12.5,2,9.5,2.25],"texture":"#0"}}},{"from":[2,12,2],"to":[14,13,3],"rotation":{"angle":0,"axis":"y","origin":[0,0,16]},"faces":{"north":{"uv":[12.5,1.5,9.5,1.75],"texture":"#0"},"east":{"uv":[6.25,9.5,6,9.75],"texture":"#0"},"south":{"uv":[12.5,1.25,9.5,1.5],"texture":"#0"},"west":{"uv":[6.5,9.5,6.25,9.75],"texture":"#0"},"up":{"uv":[12.5,1.75,9.5,2],"texture":"#0"},"down":{"uv":[12.5,2.25,9.5,2],"texture":"#0"}}},{"from":[13,12,3],"to":[14,13,13],"rotation":{"angle":0,"axis":"y","origin":[8,15,8]},"faces":{"north":{"uv":[3.5,10,3.75,10.25],"texture":"#0"},"east":{"uv":[3.5,9.75,6,10],"texture":"#0"},"south":{"uv":[3.75,10,4,10.25],"texture":"#0"},"west":{"uv":[6,9.75,8.5,10],"texture":"#0"},"up":{"uv":[8.75,12.25,8.5,9.75],"texture":"#0"},"down":{"uv":[9,9.75,8.75,12.25],"texture":"#0"}}},{"from":[3,0,3],"to":[4,1,4],"faces":{"north":{"uv":[15.5,0,16,0.5],"texture":"#0"},"east":{"uv":[15.5,0,16,0.5],"texture":"#0"},"south":{"uv":[15.5,0,16,0.5],"texture":"#0"},"west":{"uv":[15.5,0,16,0.5],"texture":"#0"},"up":{"uv":[15.5,0,16,0.5],"texture":"#0"},"down":{"uv":[15.5,0.625,16,1.125],"texture":"#0"}}},{"from":[12,0,3],"to":[13,1,4],"faces":{"north":{"uv":[15.5,0,16,0.5],"texture":"#0"},"east":{"uv":[15.5,0,16,0.5],"texture":"#0"},"south":{"uv":[15.5,0,16,0.5],"texture":"#0"},"west":{"uv":[15.5,0,16,0.5],"texture":"#0"},"up":{"uv":[15.5,0,16,0.5],"texture":"#0"},"down":{"uv":[15.5,0.625,16,1.125],"texture":"#0"}}},{"from":[12,0,12],"to":[13,1,13],"faces":{"north":{"uv":[15.5,0,16,0.5],"texture":"#0"},"east":{"uv":[15.5,0,16,0.5],"texture":"#0"},"south":{"uv":[15.5,0,16,0.5],"texture":"#0"},"west":{"uv":[15.5,0,16,0.5],"texture":"#0"},"up":{"uv":[15.5,0,16,0.5],"texture":"#0"},"down":{"uv":[15.5,0.625,16,1.125],"texture":"#0"}}},{"from":[3,0,12],"to":[4,1,13],"faces":{"north":{"uv":[15.5,0,16,0.5],"texture":"#0"},"east":{"uv":[15.5,0,16,0.5],"texture":"#0"},"south":{"uv":[15.5,0,16,0.5],"texture":"#0"},"west":{"uv":[15.5,0,16,0.5],"texture":"#0"},"up":{"uv":[15.5,0,16,0.5],"texture":"#0"},"down":{"uv":[15.5,0.625,16,1.125],"texture":"#0"}}}],"gui_light":"front","display":{"thirdperson_righthand":{"rotation":[67.5,-90,0],"translation":[0,2.75,0],"scale":[0.36867,0.36867,0.36867]},"thirdperson_lefthand":{"rotation":[67.5,-90,0],"translation":[0,2.75,0],"scale":[0.36867,0.36867,0.36867]},"firstperson_righthand":{"translation":[1.5,2,0],"scale":[0.51,0.51,0.51]},"firstperson_lefthand":{"translation":[1.5,2,0],"scale":[0.51,0.51,0.51]},"ground":{"translation":[0,4.5,0],"scale":[0.66383,0.66383,0.66383]},"gui":{"rotation":[30,45,0],"translation":[0,-0.25,0],"scale":[0.65281,0.65281,0.65281]},"head":{"translation":[0,-30.25,0.75],"scale":[0,0,0]},"fixed":{"rotation":[-90,0,0],"translation":[0,0,-18.25],"scale":[2.28516,2.28516,2.28516]}},"groups":[{"name":"all_witch_pot","origin":[8,8,8],"color":0,"children":[{"name":"steam","origin":[0,0,0],"color":0,"children":[0]},{"name":"witch_pot","origin":[8,15,8],"color":0,"children":[1,2,3,4,5,6,7,8,9,10,11,12]}]}]}