{
  "credit": "MadebyPolygonMC",
  "texture_size": [
    24,
    24
  ],
  "textures": {
    "1": "evergreenset:animations/animations_1",
    "4": "evergreenset:hoe",
    "particle": "evergreenset:animations/animations_1"
  },
  "elements": [
    {
      "from": [
        7.3,
        2,
        7.3
      ],
      "to": [
        8.7,
        2.5,
        8.7
      ],
      "rotation": {
        "angle": 0,
        "axis": "y",
        "origin": [
          7.5,
          0,
          7.5
        ]
      },
      "faces": {
        "north": {
          "uv": [
            8.66667,
            12.66667,
            9.66667,
            13
          ],
          "texture": "#4"
        },
        "east": {
          "uv": [
            12.66667,
            8.66667,
            13.66667,
            9
          ],
          "texture": "#4"
        },
        "south": {
          "uv": [
            12.66667,
            9.33333,
            13.66667,
            9.66667
          ],
          "texture": "#4"
        },
        "west": {
          "uv": [
            10,
            12.66667,
            11,
            13
          ],
          "texture": "#4"
        },
        "up": {
          "uv": [
            10.33333,
            4.33333,
            9.33333,
            3.33333
          ],
          "texture": "#4"
        },
        "down": {
          "uv": [
            5,
            9.33333,
            4,
            10.33333
          ],
          "texture": "#4"
        }
      }
    },
    {
      "from": [
        7.3,
        6.25,
        7.3
      ],
      "to": [
        8.7,
        6.75,
        8.7
      ],
      "rotation": {
        "angle": 0,
        "axis": "y",
        "origin": [
          7.5,
          4.25,
          7.5
        ]
      },
      "faces": {
        "north": {
          "uv": [
            12.66667,
            10,
            13.66667,
            10.33333
          ],
          "texture": "#4"
        },
        "east": {
          "uv": [
            12.66667,
            10.66667,
            13.66667,
            11
          ],
          "texture": "#4"
        },
        "south": {
          "uv": [
            11.33333,
            12.66667,
            12.33333,
            13
          ],
          "texture": "#4"
        },
        "west": {
          "uv": [
            12.66667,
            11.33333,
            13.66667,
            11.66667
          ],
          "texture": "#4"
        },
        "up": {
          "uv": [
            10.33333,
            7,
            9.33333,
            6
          ],
          "texture": "#4"
        },
        "down": {
          "uv": [
            8.33333,
            9.33333,
            7.33333,
            10.33333
          ],
          "texture": "#4"
        }
      }
    },
    {
      "from": [
        7.4,
        6.75,
        7.4
      ],
      "to": [
        8.6,
        7.25,
        8.6
      ],
      "rotation": {
        "angle": 0,
        "axis": "y",
        "origin": [
          7.5,
          4.75,
          7.5
        ]
      },
      "faces": {
        "north": {
          "uv": [
            8.66667,
            14,
            9.5,
            14.33333
          ],
          "texture": "#4"
        },
        "east": {
          "uv": [
            14,
            9.33333,
            14.83333,
            9.66667
          ],
          "texture": "#4"
        },
        "south": {
          "uv": [
            10,
            14,
            10.83333,
            14.33333
          ],
          "texture": "#4"
        },
        "west": {
          "uv": [
            14,
            10,
            14.83333,
            10.33333
          ],
          "texture": "#4"
        }
      }
    },
    {
      "from": [
        7.5,
        1,
        7.5
      ],
      "to": [
        8.5,
        2,
        8.5
      ],
      "rotation": {
        "angle": 0,
        "axis": "y",
        "origin": [
          7.5,
          0,
          7.5
        ]
      },
      "faces": {
        "north": {
          "uv": [
            6,
            2.66667,
            6.66667,
            3.33333
          ],
          "texture": "#4"
        },
        "east": {
          "uv": [
            6.66667,
            5.33333,
            7.33333,
            6
          ],
          "texture": "#4"
        },
        "south": {
          "uv": [
            7.33333,
            6.66667,
            8,
            7.33333
          ],
          "texture": "#4"
        },
        "west": {
          "uv": [
            8.66667,
            6,
            9.33333,
            6.66667
          ],
          "texture": "#4"
        },
        "up": {
          "uv": [
            8,
            9.33333,
            7.33333,
            8.66667
          ],
          "texture": "#4"
        },
        "down": {
          "uv": [
            10,
            4.66667,
            9.33333,
            5.33333
          ],
          "texture": "#4"
        }
      }
    },
    {
      "from": [
        7.5,
        2.5,
        7.5
      ],
      "to": [
        8.5,
        3.5,
        8.5
      ],
      "rotation": {
        "angle": 0,
        "axis": "y",
        "origin": [
          7.5,
          0,
          7.5
        ]
      },
      "faces": {
        "north": {
          "uv": [
            9.33333,
            8.66667,
            10,
            9.33333
          ],
          "texture": "#4"
        },
        "east": {
          "uv": [
            10,
            4.66667,
            10.66667,
            5.33333
          ],
          "texture": "#4"
        },
        "south": {
          "uv": [
            11.33333,
            6.66667,
            12,
            7.33333
          ],
          "texture": "#4"
        },
        "west": {
          "uv": [
            4.66667,
            12,
            5.33333,
            12.66667
          ],
          "texture": "#4"
        },
        "up": {
          "uv": [
            12.66667,
            5.33333,
            12,
            4.66667
          ],
          "texture": "#4"
        },
        "down": {
          "uv": [
            12.66667,
            6.66667,
            12,
            7.33333
          ],
          "texture": "#4"
        }
      }
    },
    {
      "from": [
        7.5,
        5.25,
        7.5
      ],
      "to": [
        8.5,
        6.25,
        8.5
      ],
      "rotation": {
        "angle": 0,
        "axis": "y",
        "origin": [
          7.5,
          2.75,
          7.5
        ]
      },
      "faces": {
        "north": {
          "uv": [
            12,
            7.33333,
            12.66667,
            8
          ],
          "texture": "#4"
        },
        "east": {
          "uv": [
            12,
            8,
            12.66667,
            8.66667
          ],
          "texture": "#4"
        },
        "south": {
          "uv": [
            12,
            10,
            12.66667,
            10.66667
          ],
          "texture": "#4"
        },
        "west": {
          "uv": [
            12,
            10.66667,
            12.66667,
            11.33333
          ],
          "texture": "#4"
        },
        "up": {
          "uv": [
            12,
            12.66667,
            11.33333,
            12
          ],
          "texture": "#4"
        },
        "down": {
          "uv": [
            12.66667,
            11.33333,
            12,
            12
          ],
          "texture": "#4"
        }
      }
    },
    {
      "from": [
        7.6,
        3.5,
        7.6
      ],
      "to": [
        8.4,
        5.25,
        8.4
      ],
      "rotation": {
        "angle": 0,
        "axis": "y",
        "origin": [
          7.5,
          1,
          7.5
        ]
      },
      "faces": {
        "north": {
          "uv": [
            2.66667,
            9.33333,
            3.16667,
            10.5
          ],
          "texture": "#4"
        },
        "east": {
          "uv": [
            2,
            12,
            2.5,
            13.16667
          ],
          "texture": "#4"
        },
        "south": {
          "uv": [
            2.66667,
            12,
            3.16667,
            13.16667
          ],
          "texture": "#4"
        },
        "west": {
          "uv": [
            3.33333,
            12,
            3.83333,
            13.16667
          ],
          "texture": "#4"
        }
      }
    },
    {
      "from": [
        7.3,
        8.75,
        7.3
      ],
      "to": [
        8.7,
        9.25,
        8.7
      ],
      "rotation": {
        "angle": 0,
        "axis": "y",
        "origin": [
          7.5,
          6.75,
          7.5
        ]
      },
      "faces": {
        "north": {
          "uv": [
            12.66667,
            12,
            13.66667,
            12.33333
          ],
          "texture": "#4"
        },
        "east": {
          "uv": [
            12.66667,
            12.66667,
            13.66667,
            13
          ],
          "texture": "#4"
        },
        "south": {
          "uv": [
            0,
            13.33333,
            1,
            13.66667
          ],
          "texture": "#4"
        },
        "west": {
          "uv": [
            13.33333,
            0,
            14.33333,
            0.33333
          ],
          "texture": "#4"
        },
        "up": {
          "uv": [
            10.33333,
            8.33333,
            9.33333,
            7.33333
          ],
          "texture": "#4"
        },
        "down": {
          "uv": [
            9.66667,
            9.33333,
            8.66667,
            10.33333
          ],
          "texture": "#4"
        }
      }
    },
    {
      "from": [
        7.3,
        7.25,
        7.3
      ],
      "to": [
        8.7,
        7.75,
        8.7
      ],
      "rotation": {
        "angle": 0,
        "axis": "y",
        "origin": [
          7.5,
          5.25,
          7.5
        ]
      },
      "faces": {
        "north": {
          "uv": [
            13.33333,
            0.66667,
            14.33333,
            1
          ],
          "texture": "#4"
        },
        "east": {
          "uv": [
            13.33333,
            1.33333,
            14.33333,
            1.66667
          ],
          "texture": "#4"
        },
        "south": {
          "uv": [
            2,
            13.33333,
            3,
            13.66667
          ],
          "texture": "#4"
        },
        "west": {
          "uv": [
            13.33333,
            2,
            14.33333,
            2.33333
          ],
          "texture": "#4"
        },
        "up": {
          "uv": [
            1,
            11,
            0,
            10
          ],
          "texture": "#4"
        },
        "down": {
          "uv": [
            11,
            0,
            10,
            1
          ],
          "texture": "#4"
        }
      }
    },
    {
      "from": [
        7.3,
        13.25,
        7.3
      ],
      "to": [
        8.7,
        13.75,
        8.7
      ],
      "rotation": {
        "angle": 0,
        "axis": "y",
        "origin": [
          7.5,
          11.25,
          7.5
        ]
      },
      "faces": {
        "north": {
          "uv": [
            13.33333,
            2.66667,
            14.33333,
            3
          ],
          "texture": "#4"
        },
        "east": {
          "uv": [
            3.33333,
            13.33333,
            4.33333,
            13.66667
          ],
          "texture": "#4"
        },
        "south": {
          "uv": [
            13.33333,
            3.33333,
            14.33333,
            3.66667
          ],
          "texture": "#4"
        },
        "west": {
          "uv": [
            13.33333,
            4,
            14.33333,
            4.33333
          ],
          "texture": "#4"
        },
        "up": {
          "uv": [
            11,
            9.66667,
            10,
            8.66667
          ],
          "texture": "#4"
        },
        "down": {
          "uv": [
            11,
            10,
            10,
            11
          ],
          "texture": "#4"
        }
      }
    },
    {
      "from": [
        7.4,
        13.75,
        7.4
      ],
      "to": [
        8.6,
        14.25,
        8.6
      ],
      "rotation": {
        "angle": 0,
        "axis": "y",
        "origin": [
          7.5,
          11.75,
          7.5
        ]
      },
      "faces": {
        "north": {
          "uv": [
            14,
            10.66667,
            14.83333,
            11
          ],
          "texture": "#4"
        },
        "east": {
          "uv": [
            11.33333,
            14,
            12.16667,
            14.33333
          ],
          "texture": "#4"
        },
        "south": {
          "uv": [
            14,
            11.33333,
            14.83333,
            11.66667
          ],
          "texture": "#4"
        },
        "west": {
          "uv": [
            14,
            12,
            14.83333,
            12.33333
          ],
          "texture": "#4"
        }
      }
    },
    {
      "from": [
        7.5,
        7.75,
        7.5
      ],
      "to": [
        8.5,
        8.75,
        8.5
      ],
      "rotation": {
        "angle": 0,
        "axis": "y",
        "origin": [
          7.5,
          6.75,
          7.5
        ]
      },
      "faces": {
        "north": {
          "uv": [
            12,
            12,
            12.66667,
            12.66667
          ],
          "texture": "#4"
        },
        "east": {
          "uv": [
            0,
            12.66667,
            0.66667,
            13.33333
          ],
          "texture": "#4"
        },
        "south": {
          "uv": [
            12.66667,
            0,
            13.33333,
            0.66667
          ],
          "texture": "#4"
        },
        "west": {
          "uv": [
            0.66667,
            12.66667,
            1.33333,
            13.33333
          ],
          "texture": "#4"
        },
        "up": {
          "uv": [
            13.33333,
            1.33333,
            12.66667,
            0.66667
          ],
          "texture": "#4"
        },
        "down": {
          "uv": [
            13.33333,
            1.33333,
            12.66667,
            2
          ],
          "texture": "#4"
        }
      }
    },
    {
      "from": [
        7.39,
        0.265,
        7.39
      ],
      "to": [
        8.61,
        1.485,
        8.61
      ],
      "rotation": {
        "angle": -45,
        "axis": "x",
        "origin": [
          8,
          0.875,
          8
        ]
      },
      "faces": {
        "north": {
          "uv": [
            10.66667,
            7.33333,
            11.5,
            8.16667
          ],
          "texture": "#4"
        },
        "east": {
          "uv": [
            0,
            11.33333,
            0.83333,
            12.16667
          ],
          "texture": "#4"
        },
        "south": {
          "uv": [
            11.33333,
            0,
            12.16667,
            0.83333
          ],
          "texture": "#4"
        },
        "west": {
          "uv": [
            11.33333,
            5.33333,
            12.16667,
            6.16667
          ],
          "texture": "#4"
        },
        "up": {
          "uv": [
            12.16667,
            9.5,
            11.33333,
            8.66667
          ],
          "texture": "#4"
        },
        "down": {
          "uv": [
            10.83333,
            11.33333,
            10,
            12.16667
          ],
          "texture": "#4"
        }
      }
    },
    {
      "from": [
        7.2,
        14.25,
        7
      ],
      "to": [
        8.8,
        15.75,
        9
      ],
      "rotation": {
        "angle": 0,
        "axis": "y",
        "origin": [
          7,
          14.25,
          7
        ]
      },
      "faces": {
        "north": {
          "uv": [
            1.33333,
            10.66667,
            2.33333,
            11.66667
          ],
          "texture": "#4"
        },
        "east": {
          "uv": [
            6.66667,
            4,
            8,
            5
          ],
          "texture": "#4"
        },
        "south": {
          "uv": [
            10.66667,
            1.33333,
            11.66667,
            2.33333
          ],
          "texture": "#4"
        },
        "west": {
          "uv": [
            7.33333,
            0,
            8.66667,
            1
          ],
          "texture": "#4"
        },
        "up": {
          "uv": [
            2.33333,
            8.66667,
            1.33333,
            7.33333
          ],
          "texture": "#4"
        },
        "down": {
          "uv": [
            8.33333,
            1.33333,
            7.33333,
            2.66667
          ],
          "texture": "#4"
        }
      }
    },
    {
      "from": [
        7.205,
        13.76256,
        5.82322
      ],
      "to": [
        8.795,
        15.26256,
        7.82322
      ],
      "rotation": {
        "angle": -45,
        "axis": "x",
        "origin": [
          8.005,
          14.51256,
          6.82322
        ]
      },
      "faces": {
        "north": {
          "uv": [
            2.66667,
            10.66667,
            3.66667,
            11.66667
          ],
          "texture": "#4"
        },
        "east": {
          "uv": [
            2.66667,
            7.33333,
            4,
            8.33333
          ],
          "texture": "#4"
        },
        "west": {
          "uv": [
            4,
            7.33333,
            5.33333,
            8.33333
          ],
          "texture": "#4"
        },
        "up": {
          "uv": [
            6.33333,
            8.66667,
            5.33333,
            7.33333
          ],
          "texture": "#4"
        },
        "down": {
          "uv": [
            8.33333,
            5.33333,
            7.33333,
            6.66667
          ],
          "texture": "#4"
        }
      }
    },
    {
      "from": [
        7.205,
        13.76256,
        8.17678
      ],
      "to": [
        8.795,
        15.26256,
        10.17678
      ],
      "rotation": {
        "angle": 45,
        "axis": "x",
        "origin": [
          8.005,
          14.51256,
          9.17678
        ]
      },
      "faces": {
        "east": {
          "uv": [
            6.66667,
            7.33333,
            8,
            8.33333
          ],
          "texture": "#4"
        },
        "south": {
          "uv": [
            10.66667,
            2.66667,
            11.66667,
            3.66667
          ],
          "texture": "#4"
        },
        "west": {
          "uv": [
            8,
            4,
            9.33333,
            5
          ],
          "texture": "#4"
        },
        "up": {
          "uv": [
            9,
            8,
            8,
            6.66667
          ],
          "texture": "#4"
        },
        "down": {
          "uv": [
            9,
            8,
            8,
            9.33333
          ],
          "texture": "#4"
        }
      }
    },
    {
      "from": [
        7.5,
        14.8,
        4.55
      ],
      "to": [
        8.5,
        15.8,
        7.05
      ],
      "rotation": {
        "angle": 0,
        "axis": "y",
        "origin": [
          7.25,
          14.8,
          5.05
        ]
      },
      "faces": {
        "north": {
          "uv": [
            12.66667,
            2,
            13.33333,
            2.66667
          ],
          "texture": "#4"
        },
        "east": {
          "uv": [
            1.33333,
            8.66667,
            3,
            9.33333
          ],
          "texture": "#4"
        },
        "south": {
          "uv": [
            12.66667,
            2.66667,
            13.33333,
            3.33333
          ],
          "texture": "#4"
        },
        "west": {
          "uv": [
            8.66667,
            1.33333,
            10.33333,
            2
          ],
          "texture": "#4"
        },
        "up": {
          "uv": [
            9.33333,
            3.66667,
            8.66667,
            2
          ],
          "texture": "#4"
        },
        "down": {
          "uv": [
            4,
            8.66667,
            3.33333,
            10.33333
          ],
          "texture": "#4"
        }
      }
    },
    {
      "from": [
        7.5,
        15.8,
        6.3
      ],
      "to": [
        8.5,
        16.8,
        7.05
      ],
      "rotation": {
        "angle": 0,
        "axis": "x",
        "origin": [
          8,
          16.55,
          6.55
        ]
      },
      "faces": {
        "north": {
          "uv": [
            12.66667,
            3.33333,
            13.33333,
            4
          ],
          "texture": "#4"
        },
        "east": {
          "uv": [
            4.66667,
            13.33333,
            5.16667,
            14
          ],
          "texture": "#4"
        },
        "south": {
          "uv": [
            12.66667,
            4,
            13.33333,
            4.66667
          ],
          "texture": "#4"
        },
        "west": {
          "uv": [
            13.33333,
            4.66667,
            13.83333,
            5.33333
          ],
          "texture": "#4"
        },
        "up": {
          "uv": [
            6,
            13.83333,
            5.33333,
            13.33333
          ],
          "texture": "#4"
        },
        "down": {
          "uv": [
            14,
            5.33333,
            13.33333,
            5.83333
          ],
          "texture": "#4"
        }
      }
    },
    {
      "from": [
        7.505,
        16.35604,
        6.33858
      ],
      "to": [
        8.495,
        17.10604,
        7.33858
      ],
      "rotation": {
        "angle": -22.5,
        "axis": "x",
        "origin": [
          8.005,
          16.85604,
          7.08858
        ]
      },
      "faces": {
        "north": {
          "uv": [
            6,
            13.33333,
            6.66667,
            13.83333
          ],
          "texture": "#4"
        },
        "east": {
          "uv": [
            13.33333,
            6,
            14,
            6.5
          ],
          "texture": "#4"
        },
        "south": {
          "uv": [
            6.66667,
            13.33333,
            7.33333,
            13.83333
          ],
          "texture": "#4"
        },
        "west": {
          "uv": [
            13.33333,
            6.66667,
            14,
            7.16667
          ],
          "texture": "#4"
        },
        "up": {
          "uv": [
            5.33333,
            13.33333,
            4.66667,
            12.66667
          ],
          "texture": "#4"
        },
        "down": {
          "uv": [
            13.33333,
            4.66667,
            12.66667,
            5.33333
          ],
          "texture": "#4"
        }
      }
    },
    {
      "from": [
        7.505,
        16.35604,
        8.66142
      ],
      "to": [
        8.495,
        17.10604,
        9.66142
      ],
      "rotation": {
        "angle": 22.5,
        "axis": "x",
        "origin": [
          8.005,
          16.85604,
          8.91142
        ]
      },
      "faces": {
        "north": {
          "uv": [
            7.33333,
            13.33333,
            8,
            13.83333
          ],
          "texture": "#4"
        },
        "east": {
          "uv": [
            13.33333,
            7.33333,
            14,
            7.83333
          ],
          "texture": "#4"
        },
        "south": {
          "uv": [
            13.33333,
            8,
            14,
            8.5
          ],
          "texture": "#4"
        },
        "west": {
          "uv": [
            8.66667,
            13.33333,
            9.33333,
            13.83333
          ],
          "texture": "#4"
        },
        "up": {
          "uv": [
            13.33333,
            6,
            12.66667,
            5.33333
          ],
          "texture": "#4"
        },
        "down": {
          "uv": [
            6.66667,
            12.66667,
            6,
            13.33333
          ],
          "texture": "#4"
        }
      }
    },
    {
      "from": [
        7.5,
        15.8,
        8.95
      ],
      "to": [
        8.5,
        16.8,
        9.7
      ],
      "rotation": {
        "angle": 0,
        "axis": "x",
        "origin": [
          8,
          16.55,
          9.45
        ]
      },
      "faces": {
        "north": {
          "uv": [
            12.66667,
            6,
            13.33333,
            6.66667
          ],
          "texture": "#4"
        },
        "east": {
          "uv": [
            9.33333,
            13.33333,
            9.83333,
            14
          ],
          "texture": "#4"
        },
        "south": {
          "uv": [
            6.66667,
            12.66667,
            7.33333,
            13.33333
          ],
          "texture": "#4"
        },
        "west": {
          "uv": [
            10,
            13.33333,
            10.5,
            14
          ],
          "texture": "#4"
        },
        "up": {
          "uv": [
            11.33333,
            13.83333,
            10.66667,
            13.33333
          ],
          "texture": "#4"
        },
        "down": {
          "uv": [
            12,
            13.33333,
            11.33333,
            13.83333
          ],
          "texture": "#4"
        }
      }
    },
    {
      "from": [
        7.5,
        14.8,
        8.95
      ],
      "to": [
        8.5,
        15.8,
        11.45
      ],
      "rotation": {
        "angle": 0,
        "axis": "y",
        "origin": [
          7.25,
          14.8,
          10.95
        ]
      },
      "faces": {
        "north": {
          "uv": [
            12.66667,
            6.66667,
            13.33333,
            7.33333
          ],
          "texture": "#4"
        },
        "east": {
          "uv": [
            4,
            8.66667,
            5.66667,
            9.33333
          ],
          "texture": "#4"
        },
        "south": {
          "uv": [
            7.33333,
            12.66667,
            8,
            13.33333
          ],
          "texture": "#4"
        },
        "west": {
          "uv": [
            8.66667,
            5.33333,
            10.33333,
            6
          ],
          "texture": "#4"
        },
        "up": {
          "uv": [
            6.66667,
            10.33333,
            6,
            8.66667
          ],
          "texture": "#4"
        },
        "down": {
          "uv": [
            7.33333,
            8.66667,
            6.66667,
            10.33333
          ],
          "texture": "#4"
        }
      }
    },
    {
      "from": [
        7.605,
        13.08104,
        6.33858
      ],
      "to": [
        8.395,
        13.83104,
        7.33858
      ],
      "rotation": {
        "angle": -22.5,
        "axis": "x",
        "origin": [
          8.005,
          13.58104,
          7.08858
        ]
      },
      "faces": {
        "north": {
          "uv": [
            14.66667,
            0,
            15.16667,
            0.5
          ],
          "texture": "#4"
        },
        "east": {
          "uv": [
            12,
            13.33333,
            12.66667,
            13.83333
          ],
          "texture": "#4"
        },
        "south": {
          "uv": [
            0.66667,
            14.66667,
            1.16667,
            15.16667
          ],
          "texture": "#4"
        },
        "west": {
          "uv": [
            12.66667,
            13.33333,
            13.33333,
            13.83333
          ],
          "texture": "#4"
        },
        "up": {
          "uv": [
            13.83333,
            14,
            13.33333,
            13.33333
          ],
          "texture": "#4"
        },
        "down": {
          "uv": [
            0.5,
            14,
            0,
            14.66667
          ],
          "texture": "#4"
        }
      }
    },
    {
      "from": [
        7.6,
        11.025,
        6.3
      ],
      "to": [
        8.4,
        13.525,
        7.05
      ],
      "rotation": {
        "angle": 0,
        "axis": "x",
        "origin": [
          8,
          13.275,
          6.55
        ]
      },
      "faces": {
        "north": {
          "uv": [
            5.33333,
            9.33333,
            5.83333,
            11
          ],
          "texture": "#4"
        },
        "east": {
          "uv": [
            10.66667,
            5.33333,
            11.16667,
            7
          ],
          "texture": "#4"
        },
        "south": {
          "uv": [
            6,
            10.66667,
            6.5,
            12.33333
          ],
          "texture": "#4"
        },
        "west": {
          "uv": [
            6.66667,
            10.66667,
            7.16667,
            12.33333
          ],
          "texture": "#4"
        },
        "up": {
          "uv": [
            15.16667,
            1.16667,
            14.66667,
            0.66667
          ],
          "texture": "#4"
        },
        "down": {
          "uv": [
            1.83333,
            14.66667,
            1.33333,
            15.16667
          ],
          "texture": "#4"
        }
      }
    },
    {
      "from": [
        7.605,
        10.71896,
        6.33858
      ],
      "to": [
        8.395,
        11.46896,
        7.33858
      ],
      "rotation": {
        "angle": 22.5,
        "axis": "x",
        "origin": [
          8.005,
          10.96896,
          7.08858
        ]
      },
      "faces": {
        "north": {
          "uv": [
            14.66667,
            1.33333,
            15.16667,
            1.83333
          ],
          "texture": "#4"
        },
        "east": {
          "uv": [
            0.66667,
            14,
            1.33333,
            14.5
          ],
          "texture": "#4"
        },
        "south": {
          "uv": [
            2,
            14.66667,
            2.5,
            15.16667
          ],
          "texture": "#4"
        },
        "west": {
          "uv": [
            1.33333,
            14,
            2,
            14.5
          ],
          "texture": "#4"
        },
        "up": {
          "uv": [
            2.5,
            14.66667,
            2,
            14
          ],
          "texture": "#4"
        },
        "down": {
          "uv": [
            3.16667,
            14,
            2.66667,
            14.66667
          ],
          "texture": "#4"
        }
      }
    },
    {
      "from": [
        7.605,
        10.71896,
        8.66142
      ],
      "to": [
        8.395,
        11.46896,
        9.66142
      ],
      "rotation": {
        "angle": -22.5,
        "axis": "x",
        "origin": [
          8.005,
          10.96896,
          8.91142
        ]
      },
      "faces": {
        "north": {
          "uv": [
            14.66667,
            2,
            15.16667,
            2.5
          ],
          "texture": "#4"
        },
        "east": {
          "uv": [
            3.33333,
            14,
            4,
            14.5
          ],
          "texture": "#4"
        },
        "south": {
          "uv": [
            2.66667,
            14.66667,
            3.16667,
            15.16667
          ],
          "texture": "#4"
        },
        "west": {
          "uv": [
            4,
            14,
            4.66667,
            14.5
          ],
          "texture": "#4"
        },
        "up": {
          "uv": [
            5.16667,
            14.66667,
            4.66667,
            14
          ],
          "texture": "#4"
        },
        "down": {
          "uv": [
            14.5,
            4.66667,
            14,
            5.33333
          ],
          "texture": "#4"
        }
      }
    },
    {
      "from": [
        7.605,
        13.08104,
        8.66142
      ],
      "to": [
        8.395,
        13.83104,
        9.66142
      ],
      "rotation": {
        "angle": 22.5,
        "axis": "x",
        "origin": [
          8.005,
          13.58104,
          8.91142
        ]
      },
      "faces": {
        "north": {
          "uv": [
            14.66667,
            2.66667,
            15.16667,
            3.16667
          ],
          "texture": "#4"
        },
        "east": {
          "uv": [
            5.33333,
            14,
            6,
            14.5
          ],
          "texture": "#4"
        },
        "south": {
          "uv": [
            3.33333,
            14.66667,
            3.83333,
            15.16667
          ],
          "texture": "#4"
        },
        "west": {
          "uv": [
            14,
            5.33333,
            14.66667,
            5.83333
          ],
          "texture": "#4"
        },
        "up": {
          "uv": [
            6.5,
            14.66667,
            6,
            14
          ],
          "texture": "#4"
        },
        "down": {
          "uv": [
            14.5,
            6,
            14,
            6.66667
          ],
          "texture": "#4"
        }
      }
    },
    {
      "from": [
        7.6,
        11.025,
        8.95
      ],
      "to": [
        8.4,
        13.525,
        9.7
      ],
      "rotation": {
        "angle": 0,
        "axis": "x",
        "origin": [
          8,
          13.275,
          9.45
        ]
      },
      "faces": {
        "north": {
          "uv": [
            7.33333,
            10.66667,
            7.83333,
            12.33333
          ],
          "texture": "#4"
        },
        "east": {
          "uv": [
            8,
            10.66667,
            8.5,
            12.33333
          ],
          "texture": "#4"
        },
        "south": {
          "uv": [
            8.66667,
            10.66667,
            9.16667,
            12.33333
          ],
          "texture": "#4"
        },
        "west": {
          "uv": [
            9.33333,
            10.66667,
            9.83333,
            12.33333
          ],
          "texture": "#4"
        },
        "up": {
          "uv": [
            15.16667,
            3.83333,
            14.66667,
            3.33333
          ],
          "texture": "#4"
        },
        "down": {
          "uv": [
            4.5,
            14.66667,
            4,
            15.16667
          ],
          "texture": "#4"
        }
      }
    },
    {
      "from": [
        7.7475,
        15.16154,
        7
      ],
      "to": [
        8.2525,
        16.57954,
        8.418
      ],
      "rotation": {
        "angle": -45,
        "axis": "x",
        "origin": [
          7.9975,
          16.16154,
          8
        ]
      },
      "faces": {
        "north": {
          "uv": [
            6.66667,
            14,
            7,
            15
          ],
          "texture": "#4"
        },
        "east": {
          "uv": [
            4,
            10.66667,
            5,
            11.66667
          ],
          "texture": "#4"
        },
        "south": {
          "uv": [
            14,
            6.66667,
            14.33333,
            7.66667
          ],
          "texture": "#4"
        },
        "west": {
          "uv": [
            10.66667,
            4,
            11.66667,
            5
          ],
          "texture": "#4"
        },
        "up": {
          "uv": [
            7.66667,
            15,
            7.33333,
            14
          ],
          "texture": "#4"
        },
        "down": {
          "uv": [
            8.33333,
            14,
            8,
            15
          ],
          "texture": "#4"
        }
      }
    },
    {
      "from": [
        7.4,
        9.25,
        7.4
      ],
      "to": [
        8.6,
        13.25,
        8.6
      ],
      "rotation": {
        "angle": 0,
        "axis": "y",
        "origin": [
          6.8,
          10.5,
          6.8
        ]
      },
      "faces": {
        "north": {
          "uv": [
            4,
            3.33333,
            4.83333,
            6
          ],
          "texture": "#4"
        },
        "east": {
          "uv": [
            5.33333,
            3.33333,
            6.16667,
            6
          ],
          "texture": "#4"
        },
        "south": {
          "uv": [
            0,
            6,
            0.83333,
            8.66667
          ],
          "texture": "#4"
        },
        "west": {
          "uv": [
            6,
            0,
            6.83333,
            2.66667
          ],
          "texture": "#4"
        }
      }
    },
    {
      "from": [
        7.75,
        14.05,
        3.55
      ],
      "to": [
        8.25,
        15.3,
        6.55
      ],
      "rotation": {
        "angle": 0,
        "axis": "x",
        "origin": [
          8,
          13.14045,
          4.41096
        ]
      },
      "faces": {
        "north": {
          "uv": [
            12.66667,
            14,
            13,
            14.83333
          ],
          "texture": "#4"
        },
        "east": {
          "uv": [
            1.33333,
            6,
            3.33333,
            6.83333
          ],
          "texture": "#4"
        },
        "south": {
          "uv": [
            14,
            12.66667,
            14.33333,
            13.5
          ],
          "texture": "#4"
        },
        "west": {
          "uv": [
            3.33333,
            6,
            5.33333,
            6.83333
          ],
          "texture": "#4"
        },
        "up": {
          "uv": [
            5.66667,
            13.33333,
            5.33333,
            11.33333
          ],
          "texture": "#4"
        },
        "down": {
          "uv": [
            11.66667,
            10,
            11.33333,
            12
          ],
          "texture": "#4"
        }
      }
    },
    {
      "from": [
        7.755,
        13.42107,
        1.93568
      ],
      "to": [
        8.245,
        14.58107,
        3.93568
      ],
      "rotation": {
        "angle": -22.5,
        "axis": "x",
        "origin": [
          8.005,
          13.97107,
          1.93568
        ]
      },
      "faces": {
        "north": {
          "uv": [
            13.33333,
            14,
            13.66667,
            14.83333
          ],
          "texture": "#4"
        },
        "east": {
          "uv": [
            1.33333,
            9.33333,
            2.66667,
            10.16667
          ],
          "texture": "#4"
        },
        "west": {
          "uv": [
            9.33333,
            2,
            10.66667,
            2.83333
          ],
          "texture": "#4"
        },
        "up": {
          "uv": [
            13,
            8.66667,
            12.66667,
            7.33333
          ],
          "texture": "#4"
        },
        "down": {
          "uv": [
            8.33333,
            12.66667,
            8,
            14
          ],
          "texture": "#4"
        }
      }
    },
    {
      "from": [
        8,
        9.8,
        -2.5
      ],
      "to": [
        8,
        14.3,
        6.5
      ],
      "rotation": {
        "angle": -22.5,
        "axis": "x",
        "origin": [
          8,
          12.55,
          2.5
        ]
      },
      "faces": {
        "north": {
          "uv": [
            0,
            0,
            0,
            3
          ],
          "texture": "#4"
        },
        "east": {
          "uv": [
            6,
            0,
            0,
            3
          ],
          "texture": "#4"
        },
        "south": {
          "uv": [
            0,
            0,
            0,
            3
          ],
          "texture": "#4"
        },
        "west": {
          "uv": [
            0,
            0,
            6,
            3
          ],
          "texture": "#4"
        },
        "up": {
          "uv": [
            0,
            6,
            0,
            0
          ],
          "texture": "#4"
        },
        "down": {
          "uv": [
            0,
            0,
            0,
            6
          ],
          "texture": "#4"
        }
      }
    },
    {
      "from": [
        7.75,
        14.05,
        9.45
      ],
      "to": [
        8.25,
        15.3,
        12.45
      ],
      "rotation": {
        "angle": 0,
        "axis": "x",
        "origin": [
          8,
          13.14045,
          11.58904
        ]
      },
      "faces": {
        "north": {
          "uv": [
            14,
            14,
            14.33333,
            14.83333
          ],
          "texture": "#4"
        },
        "east": {
          "uv": [
            5.33333,
            6,
            7.33333,
            6.83333
          ],
          "texture": "#4"
        },
        "south": {
          "uv": [
            0,
            14.66667,
            0.33333,
            15.5
          ],
          "texture": "#4"
        },
        "west": {
          "uv": [
            6.66667,
            2.66667,
            8.66667,
            3.5
          ],
          "texture": "#4"
        },
        "up": {
          "uv": [
            1.66667,
            14,
            1.33333,
            12
          ],
          "texture": "#4"
        },
        "down": {
          "uv": [
            12.33333,
            1.33333,
            12,
            3.33333
          ],
          "texture": "#4"
        }
      }
    },
    {
      "from": [
        8,
        12.3,
        9.95
      ],
      "to": [
        8,
        15.8,
        15.95
      ],
      "rotation": {
        "angle": 0,
        "axis": "y",
        "origin": [
          8,
          0,
          16
        ]
      },
      "faces": {
        "north": {
          "uv": [
            0,
            0,
            0,
            2.33333
          ],
          "texture": "#4"
        },
        "east": {
          "uv": [
            4,
            3.33333,
            0,
            5.66667
          ],
          "texture": "#4"
        },
        "south": {
          "uv": [
            0,
            0,
            0,
            2.33333
          ],
          "texture": "#4"
        },
        "west": {
          "uv": [
            0,
            3.33333,
            4,
            5.66667
          ],
          "texture": "#4"
        },
        "up": {
          "uv": [
            0,
            4,
            0,
            0
          ],
          "texture": "#4"
        },
        "down": {
          "uv": [
            0,
            0,
            0,
            4
          ],
          "texture": "#4"
        }
      }
    },
    {
      "from": [
        7.76,
        13.63537,
        0.37651
      ],
      "to": [
        8.24,
        14.71037,
        2.12651
      ],
      "rotation": {
        "angle": -45,
        "axis": "x",
        "origin": [
          8.01,
          14.11037,
          2.12651
        ]
      },
      "faces": {
        "north": {
          "uv": [
            14,
            8,
            14.33333,
            8.83333
          ],
          "texture": "#4"
        },
        "east": {
          "uv": [
            0,
            8.66667,
            1.33333,
            9.5
          ],
          "texture": "#4"
        },
        "west": {
          "uv": [
            8.66667,
            0,
            10,
            0.83333
          ],
          "texture": "#4"
        },
        "up": {
          "uv": [
            12.33333,
            4.66667,
            12,
            3.33333
          ],
          "texture": "#4"
        },
        "down": {
          "uv": [
            4.33333,
            12,
            4,
            13.33333
          ],
          "texture": "#4"
        }
      }
    },
    {
      "from": [
        8.65,
        12.75,
        4.75
      ],
      "to": [
        8.65,
        17.75,
        9.75
      ],
      "rotation": {
        "angle": -22.5,
        "axis": "x",
        "origin": [
          8.35,
          12.75,
          5
        ]
      },
      "faces": {
        "north": {
          "uv": [
            0,
            0,
            0,
            3.33333
          ],
          "texture": "#1"
        },
        "east": {
          "uv": [
            10.33333,
            0,
            0,
            10.33333
          ],
          "texture": "#1"
        },
        "south": {
          "uv": [
            0,
            0,
            0,
            3.33333
          ],
          "texture": "#1"
        },
        "west": {
          "uv": [
            0,
            0,
            0,
            0
          ],
          "texture": "#1"
        },
        "up": {
          "uv": [
            0,
            3.33333,
            0,
            0
          ],
          "texture": "#1"
        },
        "down": {
          "uv": [
            0,
            0,
            0,
            3.33333
          ],
          "texture": "#1"
        }
      }
    },
    {
      "from": [
        7.35,
        12.75,
        4.75
      ],
      "to": [
        7.35,
        17.75,
        9.75
      ],
      "rotation": {
        "angle": -22.5,
        "axis": "x",
        "origin": [
          7.65,
          12.75,
          5
        ]
      },
      "faces": {
        "north": {
          "uv": [
            0,
            0,
            0,
            3.33333
          ],
          "texture": "#1"
        },
        "east": {
          "uv": [
            0,
            0,
            0,
            0
          ],
          "texture": "#1"
        },
        "south": {
          "uv": [
            0,
            0,
            0,
            3.33333
          ],
          "texture": "#1"
        },
        "west": {
          "uv": [
            0,
            0,
            10.33333,
            10.33333
          ],
          "texture": "#1"
        },
        "up": {
          "uv": [
            0,
            3.33333,
            0,
            0
          ],
          "texture": "#1"
        },
        "down": {
          "uv": [
            0,
            0,
            0,
            3.33333
          ],
          "texture": "#1"
        }
      }
    }
  ],
  "gui_light": "front",
  "display": {
    "thirdperson_righthand": {
      "translation": [
        0,
        1.75,
        1
      ]
    },
    "thirdperson_lefthand": {
      "translation": [
        0,
        1.75,
        1
      ]
    },
    "firstperson_righthand": {
      "rotation": [
        -5,
        0,
        0
      ],
      "translation": [
        -0.5,
        3.25,
        0.5
      ]
    },
    "firstperson_lefthand": {
      "rotation": [
        -5,
        0,
        0
      ],
      "translation": [
        -0.5,
        3.25,
        0.5
      ]
    },
    "ground": {
      "translation": [
        0,
        9.25,
        0
      ]
    },
    "gui": {
      "rotation": [
        -90,
        45,
        90
      ],
      "translation": [
        1.75,
        -1.75,
        0
      ]
    },
    "head": {
      "scale": [
        0,
        0,
        0
      ]
    },
    "fixed": {
      "rotation": [
        0,
        -90,
        0
      ],
      "translation": [
        0,
        -1.25,
        -1.5
      ],
      "scale": [
        2,
        2,
        2
      ]
    }
  }
}