{"credit":"Made with Blockbench","texture_size":[32,32],"textures":{"0":"elitecreatures:nightclub_furniture_v2/nightclub_ice_bucket","particle":"elitecreatures:nightclub_furniture_v2/nightclub_ice_bucket"},"elements":[{"from":[5,0,5],"to":[11,6,11],"faces":{"north":{"uv":[0,6,3,9],"texture":"#0"},"east":{"uv":[0,6,3,9],"texture":"#0"},"south":{"uv":[0,6,3,9],"texture":"#0"},"west":{"uv":[0,6,3,9],"texture":"#0"},"up":{"uv":[3,3,0,0],"texture":"#0"},"down":{"uv":[3,3,0,6],"texture":"#0"}}},{"from":[8.5,6,6.5],"to":[9.5,7,7.5],"faces":{"north":{"uv":[0.5,2.5,1,2],"texture":"#0"},"east":{"uv":[1.25,2.25,0.75,1.75],"texture":"#0"},"south":{"uv":[1,2.5,0.5,2],"texture":"#0"},"west":{"uv":[1.25,2.25,0.75,1.75],"texture":"#0"},"up":{"uv":[1.25,2.25,0.75,1.75],"texture":"#0"},"down":{"uv":[1.25,2.25,0.75,1.75],"texture":"#0"}}},{"from":[6.5,5.5,9],"to":[7.5,6.5,10],"faces":{"north":{"uv":[0.5,2.5,1,2],"texture":"#0"},"east":{"uv":[1.25,2.25,0.75,1.75],"texture":"#0"},"south":{"uv":[1,2.5,0.5,2],"texture":"#0"},"west":{"uv":[1.25,2.25,0.75,1.75],"texture":"#0"},"up":{"uv":[1.25,2.25,0.75,1.75],"texture":"#0"},"down":{"uv":[1.25,2.25,0.75,1.75],"texture":"#0"}}},{"from":[9,5.5,6],"to":[10,6.5,7],"faces":{"north":{"uv":[0.75,2.25,1.25,1.75],"texture":"#0"},"east":{"uv":[1.25,2.25,0.75,1.75],"texture":"#0"},"south":{"uv":[1,2.5,0.5,2],"texture":"#0"},"west":{"uv":[1.25,2.25,0.75,1.75],"texture":"#0"},"up":{"uv":[1.25,2.25,0.75,1.75],"texture":"#0"},"down":{"uv":[1.25,2.25,0.75,1.75],"texture":"#0"}}},{"from":[8.25,5,8],"to":[10.25,9,10],"rotation":{"angle":-22.5,"axis":"z","origin":[9,7,9]},"faces":{"north":{"uv":[4.5,7,5.5,9],"texture":"#0"},"east":{"uv":[4.5,7,5.5,9],"texture":"#0"},"south":{"uv":[4.5,7,5.5,9],"texture":"#0"},"west":{"uv":[4.5,7,5.5,9],"texture":"#0"},"up":{"uv":[5.5,7,4.5,6],"texture":"#0"},"down":{"uv":[5.5,6,4.5,7],"texture":"#0"}}},{"from":[8.75,9,8.5],"to":[9.75,11,9.5],"rotation":{"angle":-22.5,"axis":"z","origin":[9,7,9]},"faces":{"north":{"uv":[3.5,5.5,4,6.5],"texture":"#0"},"east":{"uv":[3.5,5.5,4,6.5],"texture":"#0"},"south":{"uv":[3.5,5.5,4,6.5],"texture":"#0"},"west":{"uv":[3.5,5.5,4,6.5],"texture":"#0"},"up":{"uv":[4,5.5,3.5,5],"texture":"#0"},"down":{"uv":[4,5,3.5,5.5],"texture":"#0"}}},{"from":[6,5,6.5],"to":[8,8,8.5],"rotation":{"angle":0,"axis":"y","origin":[6.70672,7.08606,7]},"faces":{"north":{"uv":[3.25,7.5,4.25,9],"texture":"#0"},"east":{"uv":[3.25,7.5,4.25,9],"texture":"#0"},"south":{"uv":[3.25,7.5,4.25,9],"texture":"#0"},"west":{"uv":[3.25,7.5,4.25,9],"texture":"#0"},"up":{"uv":[4.25,7.5,3.25,6.5],"texture":"#0"},"down":{"uv":[4.25,6.5,3.25,7.5],"texture":"#0"}}},{"from":[6.5,8,7],"to":[7.5,10,8],"rotation":{"angle":0,"axis":"y","origin":[6.70672,7.08606,7]},"faces":{"north":{"uv":[4.75,5,5.25,6],"texture":"#0"},"east":{"uv":[4.75,5,5.25,6],"texture":"#0"},"south":{"uv":[4.75,5,5.25,6],"texture":"#0"},"west":{"uv":[4.75,5,5.25,6],"texture":"#0"},"up":{"uv":[5.25,5,4.75,4.5],"texture":"#0"},"down":{"uv":[5.25,4.5,4.75,5],"texture":"#0"}}},{"from":[8.5,5.5,4],"to":[13.5,5.5,12],"rotation":{"angle":-22.5,"axis":"z","origin":[7.5,5.5,8]},"faces":{"up":{"uv":[5.5,4,3,0],"texture":"#0"},"down":{"uv":[5.5,0,3,4],"texture":"#0"}}}],"gui_light":"front","display":{"thirdperson_righthand":{"translation":[0,5,1.5],"scale":[0.65,0.65,0.65]},"thirdperson_lefthand":{"translation":[0,5,1.5],"scale":[0.65,0.65,0.65]},"firstperson_righthand":{"translation":[0,3.75,0]},"firstperson_lefthand":{"translation":[0,3.75,0]},"ground":{"translation":[0,2,0],"scale":[0.71,0.71,0.71]},"gui":{"rotation":[30,225,0],"translation":[0,2.5,0],"scale":[0.96,0.96,0.96]},"head":{"translation":[0,-34,0],"scale":[1.13,1.15,1.13]},"fixed":{"rotation":[-90,0,0],"translation":[0,0,-16.75],"scale":[2,2,2]}}}