{"credit":"By EliteCreatures","textures":{"0":"elitecreatures:collectibles_v2_32x/lovable_puppies_inside_32","particle":"elitecreatures:collectibles_v2_32x/lovable_puppies_inside_32"},"elements":[{"from":[2.5,8,2],"to":[13.5,17.5,12],"rotation":{"angle":0,"axis":"y","origin":[7,0,6]},"faces":{"north":{"uv":[2.75,0,5.5,2.375],"texture":"#0"},"east":{"uv":[0,5,2.5,7.375],"texture":"#0"},"south":{"uv":[2.75,2.5,5.5,4.875],"texture":"#0"},"west":{"uv":[2.5,5,5,7.375],"texture":"#0"},"up":{"uv":[2.75,2.5,0,0],"texture":"#0"},"down":{"uv":[2.75,2.5,0,5],"texture":"#0"}}},{"from":[4.5,0,5.5],"to":[11.5,8,12],"rotation":{"angle":0,"axis":"y","origin":[7,0,6]},"faces":{"north":{"uv":[5,5,6.75,7],"texture":"#0"},"east":{"uv":[5.5,2,7.125,4],"texture":"#0"},"south":{"uv":[5.5,0,7.25,2],"texture":"#0"},"west":{"uv":[6.75,4,8.375,6],"texture":"#0"},"up":{"uv":[8.5,7.625,6.75,6],"texture":"#0"},"down":{"uv":[6.75,7,5,8.625],"texture":"#0"}}},{"from":[6.75,0.05,11.5],"to":[9.25,10,13.5],"rotation":{"angle":22.5,"axis":"x","origin":[8,4,13]},"faces":{"north":{"uv":[7.25,0,7.875,2.5],"texture":"#0"},"east":{"uv":[2,7.5,2.5,10],"texture":"#0"},"south":{"uv":[0,7.5,0.625,10],"texture":"#0"},"west":{"uv":[2.5,7.5,3,10],"texture":"#0"},"up":{"uv":[4.375,9.5,3.75,9],"texture":"#0"},"down":{"uv":[9.875,2.25,9.25,2.75],"texture":"#0"}}},{"from":[2.5206,0,6.09672],"to":[5.5206,5,10.84672],"rotation":{"angle":45,"axis":"y","origin":[3.7706,2.5,8.09672]},"faces":{"north":{"uv":[8,0,8.75,1.25],"texture":"#0"},"east":{"uv":[7.25,2.5,8.375,3.75],"texture":"#0"},"south":{"uv":[8,1.25,8.75,2.5],"texture":"#0"},"west":{"uv":[0.75,7.5,1.875,8.75],"texture":"#0"},"up":{"uv":[9.25,3.625,8.5,2.5],"texture":"#0"},"down":{"uv":[9.25,3.75,8.5,4.875],"texture":"#0"}}},{"from":[0.32605,0,4.79862],"to":[3.32605,2,6.79862],"rotation":{"angle":45,"axis":"y","origin":[1.82605,1,5.79862]},"faces":{"north":{"uv":[5,8.75,5.75,9.25],"texture":"#0"},"east":{"uv":[9.25,2.75,9.75,3.25],"texture":"#0"},"south":{"uv":[5.75,8.75,6.5,9.25],"texture":"#0"},"west":{"uv":[9.25,3.25,9.75,3.75],"texture":"#0"},"up":{"uv":[9,9.25,8.25,8.75],"texture":"#0"},"down":{"uv":[3.75,9,3,9.5],"texture":"#0"}}},{"from":[3.5,2,3.5],"to":[6.5,8,6.5],"rotation":{"angle":0,"axis":"y","origin":[7,0,6]},"faces":{"north":{"uv":[3,7.5,3.75,9],"texture":"#0"},"east":{"uv":[3.75,7.5,4.5,9],"texture":"#0"},"south":{"uv":[6.75,7.75,7.5,9.25],"texture":"#0"},"west":{"uv":[7.5,7.75,8.25,9.25],"texture":"#0"},"up":{"uv":[9.25,7.75,8.5,7],"texture":"#0"},"down":{"uv":[9.5,0,8.75,0.75],"texture":"#0"}}},{"from":[3.498,-0.002,2.498],"to":[6.502,2.002,6.502],"rotation":{"angle":0,"axis":"y","origin":[7,0,6]},"faces":{"north":{"uv":[8.75,1.25,9.5,1.75],"texture":"#0"},"east":{"uv":[0.75,8.75,1.75,9.25],"texture":"#0"},"south":{"uv":[8.75,1.75,9.5,2.25],"texture":"#0"},"west":{"uv":[8.75,0.75,9.75,1.25],"texture":"#0"},"up":{"uv":[9.25,6,8.5,5],"texture":"#0"},"down":{"uv":[9.25,6,8.5,7],"texture":"#0"}}},{"from":[12.67395,0,4.79862],"to":[15.67395,2,6.79862],"rotation":{"angle":-45,"axis":"y","origin":[14.17395,1,5.79862]},"faces":{"north":{"uv":[5.75,8.75,5,9.25],"texture":"#0"},"east":{"uv":[9.75,3.25,9.25,3.75],"texture":"#0"},"south":{"uv":[6.5,8.75,5.75,9.25],"texture":"#0"},"west":{"uv":[9.75,2.75,9.25,3.25],"texture":"#0"},"up":{"uv":[8.25,9.25,9,8.75],"texture":"#0"},"down":{"uv":[3,9,3.75,9.5],"texture":"#0"}}},{"from":[10.4794,0,6.09672],"to":[13.4794,5,10.84672],"rotation":{"angle":-45,"axis":"y","origin":[12.2294,2.5,8.09672]},"faces":{"north":{"uv":[8.75,0,8,1.25],"texture":"#0"},"east":{"uv":[1.875,7.5,0.75,8.75],"texture":"#0"},"south":{"uv":[8.75,1.25,8,2.5],"texture":"#0"},"west":{"uv":[8.375,2.5,7.25,3.75],"texture":"#0"},"up":{"uv":[8.5,3.625,9.25,2.5],"texture":"#0"},"down":{"uv":[8.5,3.75,9.25,4.875],"texture":"#0"}}},{"from":[9.498,-0.002,2.498],"to":[12.502,2.002,6.502],"rotation":{"angle":0,"axis":"y","origin":[9,0,6]},"faces":{"north":{"uv":[9.5,1.25,8.75,1.75],"texture":"#0"},"east":{"uv":[9.75,0.75,8.75,1.25],"texture":"#0"},"south":{"uv":[9.5,1.75,8.75,2.25],"texture":"#0"},"west":{"uv":[1.75,8.75,0.75,9.25],"texture":"#0"},"up":{"uv":[8.5,6,9.25,5],"texture":"#0"},"down":{"uv":[8.5,6,9.25,7],"texture":"#0"}}},{"from":[9.5,2,3.5],"to":[12.5,8,6.5],"rotation":{"angle":0,"axis":"y","origin":[9,0,6]},"faces":{"north":{"uv":[3.75,7.5,3,9],"texture":"#0"},"east":{"uv":[8.25,7.75,7.5,9.25],"texture":"#0"},"south":{"uv":[7.5,7.75,6.75,9.25],"texture":"#0"},"west":{"uv":[4.5,7.5,3.75,9],"texture":"#0"},"up":{"uv":[8.5,7.75,9.25,7],"texture":"#0"},"down":{"uv":[8.75,0,9.5,0.75],"texture":"#0"}}},{"from":[1.25,16.5,5.25],"to":[4.75,20.5,6.75],"rotation":{"angle":22.5,"axis":"z","origin":[4,19.25,7]},"faces":{"north":{"uv":[5.5,4,6.375,5],"texture":"#0"},"east":{"uv":[4.5,7.5,4.875,8.5],"texture":"#0"},"south":{"uv":[8.25,7.75,9.125,8.75],"texture":"#0"},"west":{"uv":[4.5,8.5,4.875,9.5],"texture":"#0"},"up":{"uv":[9.875,9.125,9,8.75],"texture":"#0"},"down":{"uv":[1.625,9.25,0.75,9.625],"texture":"#0"}}},{"from":[11.25,16.5,5.25],"to":[14.75,20.5,6.75],"rotation":{"angle":-22.5,"axis":"z","origin":[12,19.25,7]},"faces":{"north":{"uv":[6.375,4,5.5,5],"texture":"#0"},"east":{"uv":[4.875,8.5,4.5,9.5],"texture":"#0"},"south":{"uv":[9.125,7.75,8.25,8.75],"texture":"#0"},"west":{"uv":[4.875,7.5,4.5,8.5],"texture":"#0"},"up":{"uv":[9,9.125,9.875,8.75],"texture":"#0"},"down":{"uv":[0.75,9.25,1.625,9.625],"texture":"#0"}}}],"gui_light":"front","display":{"thirdperson_righthand":{"rotation":[61.23,4.49,0.46],"translation":[0,1.75,0.75],"scale":[0.5,0.5,0.5]},"thirdperson_lefthand":{"rotation":[61.23,4.49,0.46],"translation":[0,1.75,0.75],"scale":[0.5,0.5,0.5]},"firstperson_righthand":{"rotation":[-166,53.68,171.1],"translation":[0.75,3.75,-0.75],"scale":[0.58336,0.58336,0.58336]},"firstperson_lefthand":{"rotation":[-166,53.68,171.1],"translation":[0.75,3.75,-0.75],"scale":[0.58336,0.58336,0.58336]},"ground":{"rotation":[68,0,0],"translation":[0,1.5,0],"scale":[0.5,0.5,0.5]},"gui":{"rotation":[-170,15,-180],"translation":[0.25,-2,0],"scale":[0.62,0.62,0.62]},"head":{"rotation":[7,180,1],"translation":[0,-48.75,11.25],"scale":[1.6,1.6,1.6]},"fixed":{"rotation":[-90,0,0],"translation":[0,0,-16.25],"scale":[2,2,2]}}}