{
  "credit": "Made by PolygonMC",
  "texture_size": [
    24,
    24
  ],
  "textures": {
    "1": "littlepandaset:backpack"
  },
  "elements": [
    {
      "from": [
        5,
        -16,
        6
      ],
      "to": [
        11,
        -11,
        10
      ],
      "rotation": {
        "angle": 0,
        "axis": "y",
        "origin": [
          5,
          0,
          0
        ]
      },
      "faces": {
        "north": {
          "uv": [
            0,
            0,
            4,
            3.33333
          ],
          "texture": "#1",
          "tintindex": 0
        },
        "east": {
          "uv": [
            4,
            5.33333,
            6.66667,
            8.66667
          ],
          "texture": "#1",
          "tintindex": 0
        },
        "south": {
          "uv": [
            0,
            3.33333,
            4,
            6.66667
          ],
          "texture": "#1",
          "tintindex": 0
        },
        "west": {
          "uv": [
            0,
            6.66667,
            2.66667,
            10
          ],
          "texture": "#1",
          "tintindex": 0
        },
        "up": {
          "uv": [
            8,
            2.66667,
            4,
            0
          ],
          "texture": "#1",
          "tintindex": 0
        },
        "down": {
          "uv": [
            8,
            2.66667,
            4,
            5.33333
          ],
          "texture": "#1",
          "tintindex": 0
        }
      }
    },
    {
      "from": [
        5,
        -11,
        6
      ],
      "to": [
        11,
        -8,
        9
      ],
      "rotation": {
        "angle": 0,
        "axis": "y",
        "origin": [
          5,
          0,
          0
        ]
      },
      "faces": {
        "north": {
          "uv": [
            6.66667,
            5.33333,
            10.66667,
            7.33333
          ],
          "texture": "#1",
          "tintindex": 0
        },
        "east": {
          "uv": [
            8,
            2,
            10,
            4
          ],
          "texture": "#1",
          "tintindex": 0
        },
        "south": {
          "uv": [
            6.66667,
            7.33333,
            10.66667,
            9.33333
          ],
          "texture": "#1",
          "tintindex": 0
        },
        "west": {
          "uv": [
            2.66667,
            8.66667,
            4.66667,
            10.66667
          ],
          "texture": "#1",
          "tintindex": 0
        },
        "up": {
          "uv": [
            12,
            2,
            8,
            0
          ],
          "texture": "#1",
          "tintindex": 0
        }
      }
    },
    {
      "from": [
        4,
        -15,
        7
      ],
      "to": [
        5,
        -13,
        9
      ],
      "rotation": {
        "angle": 0,
        "axis": "y",
        "origin": [
          4,
          0,
          8
        ]
      },
      "faces": {
        "north": {
          "uv": [
            2,
            10,
            2.66667,
            11.33333
          ],
          "texture": "#1",
          "tintindex": 0
        },
        "south": {
          "uv": [
            10,
            2.66667,
            10.66667,
            4
          ],
          "texture": "#1",
          "tintindex": 0
        },
        "west": {
          "uv": [
            2.66667,
            6.66667,
            4,
            8
          ],
          "texture": "#1",
          "tintindex": 0
        },
        "up": {
          "uv": [
            10.66667,
            5.33333,
            10,
            4
          ],
          "texture": "#1",
          "tintindex": 0
        },
        "down": {
          "uv": [
            0.66667,
            10.66667,
            0,
            12
          ],
          "texture": "#1",
          "tintindex": 0
        }
      }
    },
    {
      "from": [
        11,
        -15,
        7
      ],
      "to": [
        12,
        -13,
        9
      ],
      "rotation": {
        "angle": 0,
        "axis": "y",
        "origin": [
          12,
          0,
          8
        ]
      },
      "faces": {
        "north": {
          "uv": [
            2.66667,
            10,
            2,
            11.33333
          ],
          "texture": "#1",
          "tintindex": 0
        },
        "east": {
          "uv": [
            4,
            6.66667,
            2.66667,
            8
          ],
          "texture": "#1",
          "tintindex": 0
        },
        "south": {
          "uv": [
            10.66667,
            2.66667,
            10,
            4
          ],
          "texture": "#1",
          "tintindex": 0
        },
        "up": {
          "uv": [
            10,
            5.33333,
            10.66667,
            4
          ],
          "texture": "#1",
          "tintindex": 0
        },
        "down": {
          "uv": [
            0,
            10.66667,
            0.66667,
            12
          ],
          "texture": "#1",
          "tintindex": 0
        }
      }
    },
    {
      "from": [
        6.5,
        -8,
        7.499
      ],
      "to": [
        9.5,
        -6.5,
        7.549
      ],
      "rotation": {
        "angle": 0,
        "axis": "y",
        "origin": [
          6.5,
          8,
          7.499
        ]
      },
      "faces": {
        "north": {
          "uv": [
            7.33333,
            9.33333,
            5.33333,
            10.33333
          ],
          "texture": "#1",
          "tintindex": 0
        },
        "south": {
          "uv": [
            5.33333,
            9.33333,
            7.33333,
            10.33333
          ],
          "texture": "#1",
          "tintindex": 0
        }
      }
    },
    {
      "from": [
        5.5,
        -7.001,
        3
      ],
      "to": [
        6.5,
        -7.001,
        6
      ],
      "rotation": {
        "angle": 0,
        "axis": "x",
        "origin": [
          6,
          8.999,
          5
        ]
      },
      "faces": {
        "up": {
          "uv": [
            8,
            11.33333,
            7.33333,
            9.33333
          ],
          "texture": "#1",
          "tintindex": 0
        },
        "down": {
          "uv": [
            8,
            9.33333,
            7.33333,
            11.33333
          ],
          "texture": "#1",
          "tintindex": 0
        }
      }
    },
    {
      "from": [
        5.5,
        -14.001,
        3
      ],
      "to": [
        6.5,
        -14.001,
        6
      ],
      "rotation": {
        "angle": 0,
        "axis": "x",
        "origin": [
          6,
          8.999,
          5
        ]
      },
      "faces": {
        "up": {
          "uv": [
            8,
            11.33333,
            7.33333,
            9.33333
          ],
          "texture": "#1",
          "tintindex": 0
        },
        "down": {
          "uv": [
            8,
            9.33333,
            7.33333,
            11.33333
          ],
          "texture": "#1",
          "tintindex": 0
        }
      }
    },
    {
      "from": [
        5.5,
        -14,
        3
      ],
      "to": [
        6.5,
        -7,
        3
      ],
      "rotation": {
        "angle": 0,
        "axis": "y",
        "origin": [
          6.5,
          7,
          3
        ]
      },
      "faces": {
        "north": {
          "uv": [
            4.66667,
            8.66667,
            5.33333,
            13.33333
          ],
          "texture": "#1",
          "tintindex": 0
        },
        "south": {
          "uv": [
            5.33333,
            8.66667,
            4.66667,
            13.33333
          ],
          "texture": "#1",
          "tintindex": 0
        }
      }
    },
    {
      "from": [
        5.5,
        -8,
        6
      ],
      "to": [
        6.5,
        -7,
        6
      ],
      "rotation": {
        "angle": 0,
        "axis": "y",
        "origin": [
          6.5,
          8,
          6
        ]
      },
      "faces": {
        "north": {
          "uv": [
            3.33333,
            8,
            2.66667,
            8.66667
          ],
          "texture": "#1",
          "tintindex": 0
        },
        "south": {
          "uv": [
            2.66667,
            8,
            3.33333,
            8.66667
          ],
          "texture": "#1",
          "tintindex": 0
        }
      }
    },
    {
      "from": [
        9.5,
        -8,
        6
      ],
      "to": [
        10.5,
        -7,
        6
      ],
      "rotation": {
        "angle": 0,
        "axis": "y",
        "origin": [
          9.5,
          8,
          6
        ]
      },
      "faces": {
        "north": {
          "uv": [
            2.66667,
            8,
            3.33333,
            8.66667
          ],
          "texture": "#1",
          "tintindex": 0
        },
        "south": {
          "uv": [
            3.33333,
            8,
            2.66667,
            8.66667
          ],
          "texture": "#1",
          "tintindex": 0
        }
      }
    },
    {
      "from": [
        9.5,
        -7.001,
        3
      ],
      "to": [
        10.5,
        -7.001,
        6
      ],
      "rotation": {
        "angle": 0,
        "axis": "x",
        "origin": [
          10,
          8.999,
          5
        ]
      },
      "faces": {
        "up": {
          "uv": [
            7.33333,
            11.33333,
            8,
            9.33333
          ],
          "texture": "#1",
          "tintindex": 0
        },
        "down": {
          "uv": [
            7.33333,
            9.33333,
            8,
            11.33333
          ],
          "texture": "#1",
          "tintindex": 0
        }
      }
    },
    {
      "from": [
        9.5,
        -14,
        3
      ],
      "to": [
        10.5,
        -7,
        3
      ],
      "rotation": {
        "angle": 0,
        "axis": "y",
        "origin": [
          9.5,
          7,
          3
        ]
      },
      "faces": {
        "north": {
          "uv": [
            5.33333,
            8.66667,
            4.66667,
            13.33333
          ],
          "texture": "#1",
          "tintindex": 0
        },
        "south": {
          "uv": [
            4.66667,
            8.66667,
            5.33333,
            13.33333
          ],
          "texture": "#1",
          "tintindex": 0
        }
      }
    },
    {
      "from": [
        9.5,
        -14.001,
        3
      ],
      "to": [
        10.5,
        -14.001,
        6
      ],
      "rotation": {
        "angle": 0,
        "axis": "x",
        "origin": [
          10,
          8.999,
          5
        ]
      },
      "faces": {
        "up": {
          "uv": [
            7.33333,
            11.33333,
            8,
            9.33333
          ],
          "texture": "#1",
          "tintindex": 0
        },
        "down": {
          "uv": [
            7.33333,
            9.33333,
            8,
            11.33333
          ],
          "texture": "#1",
          "tintindex": 0
        }
      }
    },
    {
      "from": [
        4,
        -11.5,
        9.25
      ],
      "to": [
        6,
        -10,
        9.75
      ],
      "faces": {
        "north": {
          "uv": [
            8,
            9.33333,
            9.33333,
            10.33333
          ],
          "texture": "#1",
          "tintindex": 0
        },
        "east": {
          "uv": [
            10.66667,
            2.66667,
            11,
            3.66667
          ],
          "texture": "#1",
          "tintindex": 0
        },
        "south": {
          "uv": [
            9.33333,
            9.33333,
            10.66667,
            10.33333
          ],
          "texture": "#1",
          "tintindex": 0
        },
        "west": {
          "uv": [
            4,
            10.66667,
            4.33333,
            11.66667
          ],
          "texture": "#1",
          "tintindex": 0
        },
        "up": {
          "uv": [
            6.66667,
            9,
            5.33333,
            8.66667
          ],
          "texture": "#1",
          "tintindex": 0
        },
        "down": {
          "uv": [
            4,
            10.66667,
            2.66667,
            11
          ],
          "texture": "#1",
          "tintindex": 0
        }
      }
    },
    {
      "from": [
        10,
        -11.5,
        9.25
      ],
      "to": [
        12,
        -10,
        9.75
      ],
      "rotation": {
        "angle": 0,
        "axis": "y",
        "origin": [
          16,
          0,
          0
        ]
      },
      "faces": {
        "north": {
          "uv": [
            9.33333,
            9.33333,
            8,
            10.33333
          ],
          "texture": "#1",
          "tintindex": 0
        },
        "east": {
          "uv": [
            4.33333,
            10.66667,
            4,
            11.66667
          ],
          "texture": "#1",
          "tintindex": 0
        },
        "south": {
          "uv": [
            10.66667,
            9.33333,
            9.33333,
            10.33333
          ],
          "texture": "#1",
          "tintindex": 0
        },
        "west": {
          "uv": [
            11,
            2.66667,
            10.66667,
            3.66667
          ],
          "texture": "#1",
          "tintindex": 0
        },
        "up": {
          "uv": [
            5.33333,
            9,
            6.66667,
            8.66667
          ],
          "texture": "#1",
          "tintindex": 0
        },
        "down": {
          "uv": [
            2.66667,
            10.66667,
            4,
            11
          ],
          "texture": "#1",
          "tintindex": 0
        }
      }
    },
    {
      "from": [
        6.5,
        -16,
        10
      ],
      "to": [
        9.5,
        -14,
        11
      ],
      "rotation": {
        "angle": 0,
        "axis": "y",
        "origin": [
          0.5,
          0,
          0
        ]
      },
      "faces": {
        "east": {
          "uv": [
            0.66667,
            10.66667,
            1.33333,
            12
          ],
          "texture": "#1",
          "tintindex": 0
        },
        "south": {
          "uv": [
            8,
            4,
            10,
            5.33333
          ],
          "texture": "#1",
          "tintindex": 0
        },
        "west": {
          "uv": [
            1.33333,
            10.66667,
            2,
            12
          ],
          "texture": "#1",
          "tintindex": 0
        },
        "up": {
          "uv": [
            2,
            10.66667,
            0,
            10
          ],
          "texture": "#1",
          "tintindex": 0
        },
        "down": {
          "uv": [
            12,
            2,
            10,
            2.66667
          ],
          "texture": "#1",
          "tintindex": 0
        }
      }
    }
  ],
  "gui_light": "front",
  "display": {
    "thirdperson_righthand": {
      "rotation": [
        -122,
        0,
        -180
      ],
      "translation": [
        0,
        -0.5,
        -1.75
      ]
    },
    "thirdperson_lefthand": {
      "rotation": [
        66.75,
        0,
        0
      ],
      "translation": [
        -5.5,
        -5.75,
        12.5
      ],
      "scale": [
        1.32422,
        1.32422,
        1.32422
      ]
    },
    "firstperson_righthand": {
      "rotation": [
        -26.25,
        0,
        0
      ],
      "translation": [
        -1.5,
        7.75,
        0
      ]
    },
    "firstperson_lefthand": {
      "rotation": [
        -26.25,
        0,
        0
      ],
      "translation": [
        -1.5,
        7.75,
        0
      ],
      "scale": [
        0,
        0,
        0
      ]
    },
    "ground": {
      "rotation": [
        -40,
        0,
        0
      ],
      "translation": [
        0,
        7.5,
        -1.5
      ]
    },
    "gui": {
      "rotation": [
        30,
        -45,
        0
      ],
      "translation": [
        -1.25,
        3.5,
        0
      ],
      "scale": [
        1.33984,
        1.33984,
        1.33984
      ]
    },
    "head": {
      "translation": [
        0,
        -64.5,
        8
      ],
      "scale": [
        2.29882,
        2.29882,
        2.29882
      ]
    },
    "fixed": {
      "rotation": [
        -90,
        180,
        0
      ],
      "translation": [
        0,
        -4.5,
        -26.5
      ],
      "scale": [
        3.31641,
        3.31641,
        3.31641
      ]
    }
  }
}