{"credit":"MadewithBlockbench","texture_size":[64,64],"textures":{"0":"elitecreatures:industrial_kitchen_v1/ik_table_corner","particle":"elitecreatures:industrial_kitchen_v1/ik_table_corner"},"elements":[{"from":[12,16,3.5],"to":[12,17,27.5],"rotation":{"angle":0,"axis":"y","origin":[-2.25,-4,15.25]},"faces":{"north":{"uv":[0,0,0,0.25],"texture":"#0"},"east":{"uv":[9,3.25,15,3.5],"texture":"#0"},"south":{"uv":[0,0,0,0.25],"texture":"#0"},"west":{"uv":[9,3.25,15,3.5],"texture":"#0"},"up":{"uv":[6,0,0,0],"rotation":90,"texture":"#0"},"down":{"uv":[6,0,0,0],"rotation":270,"texture":"#0"}}},{"from":[-12,16,27.5],"to":[12,17,27.5],"rotation":{"angle":0,"axis":"y","origin":[-2.25,-4,15.25]},"faces":{"north":{"uv":[9,3.75,15,4],"texture":"#0"},"east":{"uv":[0,0,0,0.25],"texture":"#0"},"south":{"uv":[9,3.75,15,4],"texture":"#0"},"west":{"uv":[0,0,0,0.25],"texture":"#0"},"up":{"uv":[0,6,0,0],"rotation":90,"texture":"#0"},"down":{"uv":[0,0,0,6],"rotation":270,"texture":"#0"}}},{"from":[10,0,4.5],"to":[11,15,5.5],"rotation":{"angle":0,"axis":"y","origin":[-2.25,-4,15.25]},"faces":{"north":{"uv":[6.5,9,6.75,12.75],"texture":"#0"},"east":{"uv":[9,5,9.25,8.75],"texture":"#0"},"south":{"uv":[6,9,6.25,12.75],"texture":"#0"},"west":{"uv":[6.25,9,6.5,12.75],"texture":"#0"},"up":{"uv":[9.5,7.5,9.25,7.25],"rotation":90,"texture":"#0"},"down":{"uv":[9.5,7.5,9.25,7.75],"rotation":270,"texture":"#0"}}},{"from":[10,0,25.5],"to":[11,15,26.5],"rotation":{"angle":0,"axis":"y","origin":[-2.25,-4,15.25]},"faces":{"north":{"uv":[6.5,9,6.75,12.75],"texture":"#0"},"east":{"uv":[9,5,9.25,8.75],"texture":"#0"},"south":{"uv":[6,9,6.25,12.75],"texture":"#0"},"west":{"uv":[6.25,9,6.5,12.75],"texture":"#0"},"up":{"uv":[9.5,7.5,9.25,7.25],"rotation":90,"texture":"#0"},"down":{"uv":[9.5,7.5,9.25,7.75],"rotation":270,"texture":"#0"}}},{"from":[-11,0,25.5],"to":[-10,15,26.5],"rotation":{"angle":0,"axis":"y","origin":[-2.25,-4,15.25]},"faces":{"north":{"uv":[6.5,9,6.75,12.75],"texture":"#0"},"east":{"uv":[9,5,9.25,8.75],"texture":"#0"},"south":{"uv":[6,9,6.25,12.75],"texture":"#0"},"west":{"uv":[6.25,9,6.5,12.75],"texture":"#0"},"up":{"uv":[9.5,7.5,9.25,7.25],"rotation":90,"texture":"#0"},"down":{"uv":[9.5,7.5,9.25,7.75],"rotation":270,"texture":"#0"}}},{"from":[-11,0,16.5],"to":[-10,15,17.5],"rotation":{"angle":0,"axis":"y","origin":[-2.25,-4,15.25]},"faces":{"north":{"uv":[6.5,9,6.75,12.75],"texture":"#0"},"east":{"uv":[9,5,9.25,8.75],"texture":"#0"},"south":{"uv":[6,9,6.25,12.75],"texture":"#0"},"west":{"uv":[6.25,9,6.5,12.75],"texture":"#0"},"up":{"uv":[9.5,7.5,9.25,7.25],"rotation":90,"texture":"#0"},"down":{"uv":[9.5,7.5,9.25,7.75],"rotation":270,"texture":"#0"}}},{"from":[1,0,16.5],"to":[2,15,17.5],"rotation":{"angle":0,"axis":"y","origin":[7.75,1,24.25]},"faces":{"north":{"uv":[6.5,9,6.75,12.75],"texture":"#0"},"east":{"uv":[9,5,9.25,8.75],"texture":"#0"},"south":{"uv":[6,9,6.25,12.75],"texture":"#0"},"west":{"uv":[6.25,9,6.5,12.75],"texture":"#0"},"up":{"uv":[9.5,7.5,9.25,7.25],"rotation":90,"texture":"#0"},"down":{"uv":[9.5,7.5,9.25,7.75],"rotation":270,"texture":"#0"}}},{"from":[1,0,4.5],"to":[2,15,5.5],"rotation":{"angle":0,"axis":"y","origin":[-2.25,-4,15.25]},"faces":{"north":{"uv":[6.5,9,6.75,12.75],"texture":"#0"},"east":{"uv":[9,5,9.25,8.75],"texture":"#0"},"south":{"uv":[6,9,6.25,12.75],"texture":"#0"},"west":{"uv":[6.25,9,6.5,12.75],"texture":"#0"},"up":{"uv":[9.5,7.5,9.25,7.25],"rotation":90,"texture":"#0"},"down":{"uv":[9.5,7.5,9.25,7.75],"rotation":270,"texture":"#0"}}},{"from":[0,1,3.5],"to":[12,2,27.5],"rotation":{"angle":0,"axis":"y","origin":[-2.25,-4,15.25]},"faces":{"north":{"uv":[9,8.75,12,9],"texture":"#0"},"east":{"uv":[9,4,15,4.25],"texture":"#0"},"south":{"uv":[6.75,9,9.75,9.25],"texture":"#0"},"west":{"uv":[9,4.25,15,4.5],"texture":"#0"},"up":{"uv":[6,3,0,0],"rotation":90,"texture":"#0"},"down":{"uv":[6,3,0,6],"rotation":270,"texture":"#0"}}},{"from":[0,15,3.5],"to":[12,16,27.5],"rotation":{"angle":0,"axis":"y","origin":[-2.25,-4,15.25]},"faces":{"north":{"uv":[9.25,5.25,12.25,5.5],"texture":"#0"},"east":{"uv":[9,4.5,15,4.75],"texture":"#0"},"south":{"uv":[9.25,5,12.25,5.25],"texture":"#0"},"west":{"uv":[9,4.75,15,5],"texture":"#0"},"up":{"uv":[6,9,0,6],"rotation":90,"texture":"#0"},"down":{"uv":[6,3,0,6],"rotation":270,"texture":"#0"}}},{"from":[-12,15,15.5],"to":[0,16,27.5],"rotation":{"angle":0,"axis":"y","origin":[-2.25,-4,15.25]},"faces":{"north":{"uv":[9.25,6.25,12.25,6.5],"texture":"#0"},"east":{"uv":[9.25,5.5,12.25,5.75],"texture":"#0"},"south":{"uv":[9.25,5.75,12.25,6],"texture":"#0"},"west":{"uv":[9.25,6,12.25,6.25],"texture":"#0"},"up":{"uv":[9,6,6,3],"rotation":90,"texture":"#0"},"down":{"uv":[6,9,3,12],"rotation":270,"texture":"#0"}}},{"from":[-12,1,15.5],"to":[0,2,27.5],"rotation":{"angle":0,"axis":"y","origin":[-2.25,-4,15.25]},"faces":{"north":{"uv":[9.25,7,12.25,7.25],"texture":"#0"},"east":{"uv":[9.25,6.5,12.25,6.75],"texture":"#0"},"south":{"uv":[6.75,9.25,9.75,9.5],"texture":"#0"},"west":{"uv":[9.25,6.75,12.25,7],"texture":"#0"},"up":{"uv":[3,12,0,9],"rotation":90,"texture":"#0"},"down":{"uv":[6,9,3,12],"rotation":270,"texture":"#0"}}}],"gui_light":"front","display":{"thirdperson_righthand":{"rotation":[-14.13,-86.44,11.48],"translation":[2.25,0,0.5],"scale":[0.26,0.26,0.26]},"thirdperson_lefthand":{"rotation":[-14.13,-86.44,11.48],"translation":[2.25,0,0.5],"scale":[0.26,0.26,0.26]},"firstperson_righthand":{"rotation":[-14.13,-86.44,11.48],"translation":[2.25,0,0.5],"scale":[0.26,0.26,0.26]},"firstperson_lefthand":{"rotation":[-14.13,-86.44,11.48],"translation":[2.25,0,0.5],"scale":[0.26,0.26,0.26]},"ground":{"translation":[0,0,-4.75],"scale":[0.52,0.52,0.52]},"gui":{"rotation":[-156.04,50,179.9],"translation":[-3.25,-1,0.5],"scale":[0.34,0.34,0.34]},"head":{"rotation":[-180,-180,-180],"translation":[4.5,-30.25,-21.75],"scale":[1.7,1.7,1.7]},"fixed":{"rotation":[0.74,-42.72,3.13],"translation":[5.25,0,-2.25],"scale":[0.49,0.49,0.49]}},"groups":[{"name":"group","origin":[0,0,0],"color":0,"children":[0,1,2,3,4,5,6,7,8,9,10,11]}]}