{
  "credit": "Made by LZLeon with Blockbench, Contact - Discord: LZBlocks#0261 - E-Mail: lzblocks@outlook.com",
  "texture_size": [
    128,
    128
  ],
  "textures": {
    "0": "lzfurniture:furniture/outdoor/outdoor_sunbed",
    "particle": "lzfurniture:furniture/outdoor/outdoor_sunbed"
  },
  "elements": [
    {
      "from": [
        0,
        5,
        -1
      ],
      "to": [
        16,
        7,
        31
      ],
      "rotation": {
        "angle": 0,
        "axis": "y",
        "origin": [
          0,
          5,
          2
        ]
      },
      "faces": {
        "north": {
          "uv": [
            4,
            4,
            6,
            4.25
          ],
          "texture": "#0"
        },
        "east": {
          "uv": [
            0,
            4,
            4,
            4.25
          ],
          "texture": "#0"
        },
        "south": {
          "uv": [
            10,
            4,
            12,
            4.25
          ],
          "texture": "#0"
        },
        "west": {
          "uv": [
            6,
            4,
            10,
            4.25
          ],
          "texture": "#0"
        },
        "up": {
          "uv": [
            6,
            4,
            4,
            0
          ],
          "texture": "#0"
        },
        "down": {
          "uv": [
            8,
            0,
            6,
            4
          ],
          "texture": "#0"
        }
      }
    },
    {
      "from": [
        1,
        -1,
        0
      ],
      "to": [
        2,
        5,
        2
      ],
      "rotation": {
        "angle": 22.5,
        "axis": "x",
        "origin": [
          0,
          5,
          2
        ]
      },
      "faces": {
        "north": {
          "uv": [
            3.25,
            1.75,
            3.375,
            2.5
          ],
          "texture": "#0"
        },
        "east": {
          "uv": [
            3,
            1.75,
            3.25,
            2.5
          ],
          "texture": "#0"
        },
        "south": {
          "uv": [
            3.625,
            1.75,
            3.75,
            2.5
          ],
          "texture": "#0"
        },
        "west": {
          "uv": [
            3.375,
            1.75,
            3.625,
            2.5
          ],
          "texture": "#0"
        },
        "up": {
          "uv": [
            3.375,
            1.75,
            3.25,
            1.5
          ],
          "texture": "#0"
        },
        "down": {
          "uv": [
            3.5,
            1.5,
            3.375,
            1.75
          ],
          "texture": "#0"
        }
      }
    },
    {
      "from": [
        14,
        -1,
        0
      ],
      "to": [
        15,
        5,
        2
      ],
      "rotation": {
        "angle": 22.5,
        "axis": "x",
        "origin": [
          0,
          5,
          2
        ]
      },
      "faces": {
        "north": {
          "uv": [
            3.25,
            1.75,
            3.375,
            2.5
          ],
          "texture": "#0"
        },
        "east": {
          "uv": [
            3,
            1.75,
            3.25,
            2.5
          ],
          "texture": "#0"
        },
        "south": {
          "uv": [
            3.625,
            1.75,
            3.75,
            2.5
          ],
          "texture": "#0"
        },
        "west": {
          "uv": [
            3.375,
            1.75,
            3.625,
            2.5
          ],
          "texture": "#0"
        },
        "up": {
          "uv": [
            3.375,
            1.75,
            3.25,
            1.5
          ],
          "texture": "#0"
        },
        "down": {
          "uv": [
            3.5,
            1.5,
            3.375,
            1.75
          ],
          "texture": "#0"
        }
      }
    },
    {
      "from": [
        1,
        -11,
        26
      ],
      "to": [
        2,
        -5,
        28
      ],
      "rotation": {
        "angle": -22.5,
        "axis": "x",
        "origin": [
          0,
          5,
          2
        ]
      },
      "faces": {
        "north": {
          "uv": [
            3.25,
            1.75,
            3.375,
            2.5
          ],
          "texture": "#0"
        },
        "east": {
          "uv": [
            3,
            1.75,
            3.25,
            2.5
          ],
          "texture": "#0"
        },
        "south": {
          "uv": [
            3.625,
            1.75,
            3.75,
            2.5
          ],
          "texture": "#0"
        },
        "west": {
          "uv": [
            3.375,
            1.75,
            3.625,
            2.5
          ],
          "texture": "#0"
        },
        "up": {
          "uv": [
            3.375,
            1.75,
            3.25,
            1.5
          ],
          "texture": "#0"
        },
        "down": {
          "uv": [
            3.5,
            1.5,
            3.375,
            1.75
          ],
          "texture": "#0"
        }
      }
    },
    {
      "from": [
        14,
        -11,
        26
      ],
      "to": [
        15,
        -5,
        28
      ],
      "rotation": {
        "angle": -22.5,
        "axis": "x",
        "origin": [
          0,
          5,
          2
        ]
      },
      "faces": {
        "north": {
          "uv": [
            3.25,
            1.75,
            3.375,
            2.5
          ],
          "texture": "#0"
        },
        "east": {
          "uv": [
            3,
            1.75,
            3.25,
            2.5
          ],
          "texture": "#0"
        },
        "south": {
          "uv": [
            3.625,
            1.75,
            3.75,
            2.5
          ],
          "texture": "#0"
        },
        "west": {
          "uv": [
            3.375,
            1.75,
            3.625,
            2.5
          ],
          "texture": "#0"
        },
        "up": {
          "uv": [
            3.375,
            1.75,
            3.25,
            1.5
          ],
          "texture": "#0"
        },
        "down": {
          "uv": [
            3.5,
            1.5,
            3.375,
            1.75
          ],
          "texture": "#0"
        }
      }
    },
    {
      "from": [
        1,
        -5.5,
        13
      ],
      "to": [
        2,
        0.5,
        15
      ],
      "rotation": {
        "angle": -22.5,
        "axis": "x",
        "origin": [
          0,
          5,
          2
        ]
      },
      "faces": {
        "north": {
          "uv": [
            3.25,
            1.75,
            3.375,
            2.5
          ],
          "texture": "#0"
        },
        "east": {
          "uv": [
            3,
            1.75,
            3.25,
            2.5
          ],
          "texture": "#0"
        },
        "south": {
          "uv": [
            3.625,
            1.75,
            3.75,
            2.5
          ],
          "texture": "#0"
        },
        "west": {
          "uv": [
            3.375,
            1.75,
            3.625,
            2.5
          ],
          "texture": "#0"
        },
        "up": {
          "uv": [
            3.375,
            1.75,
            3.25,
            1.5
          ],
          "texture": "#0"
        },
        "down": {
          "uv": [
            3.5,
            1.5,
            3.375,
            1.75
          ],
          "texture": "#0"
        }
      }
    },
    {
      "from": [
        14,
        -5.5,
        13
      ],
      "to": [
        15,
        0.5,
        15
      ],
      "rotation": {
        "angle": -22.5,
        "axis": "x",
        "origin": [
          0,
          5,
          2
        ]
      },
      "faces": {
        "north": {
          "uv": [
            3.25,
            1.75,
            3.375,
            2.5
          ],
          "texture": "#0"
        },
        "east": {
          "uv": [
            3,
            1.75,
            3.25,
            2.5
          ],
          "texture": "#0"
        },
        "south": {
          "uv": [
            3.625,
            1.75,
            3.75,
            2.5
          ],
          "texture": "#0"
        },
        "west": {
          "uv": [
            3.375,
            1.75,
            3.625,
            2.5
          ],
          "texture": "#0"
        },
        "up": {
          "uv": [
            3.375,
            1.75,
            3.25,
            1.5
          ],
          "texture": "#0"
        },
        "down": {
          "uv": [
            3.5,
            1.5,
            3.375,
            1.75
          ],
          "texture": "#0"
        }
      }
    },
    {
      "from": [
        -0.00781,
        -4.77868,
        14.43654
      ],
      "to": [
        15.99219,
        -2.77868,
        28.43654
      ],
      "rotation": {
        "angle": -45,
        "axis": "x",
        "origin": [
          0,
          7.12132,
          4.73654
        ]
      },
      "faces": {
        "north": {
          "uv": [
            1.75,
            6.125,
            3.75,
            6.375
          ],
          "texture": "#0"
        },
        "east": {
          "uv": [
            0,
            6.125,
            1.75,
            6.375
          ],
          "texture": "#0"
        },
        "south": {
          "uv": [
            5.5,
            6.125,
            7.5,
            6.375
          ],
          "texture": "#0"
        },
        "west": {
          "uv": [
            3.75,
            6.125,
            5.5,
            6.375
          ],
          "texture": "#0"
        },
        "up": {
          "uv": [
            3.75,
            6.125,
            1.75,
            4.375
          ],
          "texture": "#0"
        },
        "down": {
          "uv": [
            5.75,
            4.375,
            3.75,
            6.125
          ],
          "texture": "#0"
        }
      }
    },
    {
      "from": [
        2,
        2,
        -0.5
      ],
      "to": [
        14,
        3,
        0.5
      ],
      "rotation": {
        "angle": 0,
        "axis": "y",
        "origin": [
          0,
          0,
          2
        ]
      },
      "faces": {
        "north": {
          "uv": [
            6,
            4.5,
            7.5,
            4.625
          ],
          "texture": "#0"
        },
        "east": {
          "uv": [
            5.875,
            4.5,
            6,
            4.625
          ],
          "texture": "#0"
        },
        "south": {
          "uv": [
            7.625,
            4.5,
            9.125,
            4.625
          ],
          "texture": "#0"
        },
        "west": {
          "uv": [
            7.5,
            4.5,
            7.625,
            4.625
          ],
          "texture": "#0"
        },
        "up": {
          "uv": [
            7.5,
            4.5,
            6,
            4.375
          ],
          "texture": "#0"
        },
        "down": {
          "uv": [
            9,
            4.375,
            7.5,
            4.5
          ],
          "texture": "#0"
        }
      }
    },
    {
      "from": [
        2,
        2,
        15.5
      ],
      "to": [
        14,
        3,
        16.5
      ],
      "rotation": {
        "angle": 0,
        "axis": "y",
        "origin": [
          0,
          0,
          2
        ]
      },
      "faces": {
        "north": {
          "uv": [
            6,
            4.5,
            7.5,
            4.625
          ],
          "texture": "#0"
        },
        "east": {
          "uv": [
            5.875,
            4.5,
            6,
            4.625
          ],
          "texture": "#0"
        },
        "south": {
          "uv": [
            7.625,
            4.5,
            9.125,
            4.625
          ],
          "texture": "#0"
        },
        "west": {
          "uv": [
            7.5,
            4.5,
            7.625,
            4.625
          ],
          "texture": "#0"
        },
        "up": {
          "uv": [
            7.5,
            4.5,
            6,
            4.375
          ],
          "texture": "#0"
        },
        "down": {
          "uv": [
            9,
            4.375,
            7.5,
            4.5
          ],
          "texture": "#0"
        }
      }
    },
    {
      "from": [
        2,
        2,
        29.5
      ],
      "to": [
        14,
        3,
        30.5
      ],
      "rotation": {
        "angle": 0,
        "axis": "y",
        "origin": [
          0,
          0,
          2
        ]
      },
      "faces": {
        "north": {
          "uv": [
            6,
            4.5,
            7.5,
            4.625
          ],
          "texture": "#0"
        },
        "east": {
          "uv": [
            5.875,
            4.5,
            6,
            4.625
          ],
          "texture": "#0"
        },
        "south": {
          "uv": [
            7.625,
            4.5,
            9.125,
            4.625
          ],
          "texture": "#0"
        },
        "west": {
          "uv": [
            7.5,
            4.5,
            7.625,
            4.625
          ],
          "texture": "#0"
        },
        "up": {
          "uv": [
            7.5,
            4.5,
            6,
            4.375
          ],
          "texture": "#0"
        },
        "down": {
          "uv": [
            9,
            4.375,
            7.5,
            4.5
          ],
          "texture": "#0"
        }
      }
    },
    {
      "from": [
        -1.01172,
        6,
        21
      ],
      "to": [
        -0.01172,
        11,
        22
      ],
      "rotation": {
        "angle": 0,
        "axis": "y",
        "origin": [
          0,
          0,
          2
        ]
      },
      "faces": {
        "north": {
          "uv": [
            6,
            4.875,
            6.125,
            5.5
          ],
          "texture": "#0"
        },
        "east": {
          "uv": [
            5.875,
            4.875,
            6,
            5.5
          ],
          "texture": "#0"
        },
        "south": {
          "uv": [
            6.25,
            4.875,
            6.375,
            5.5
          ],
          "texture": "#0"
        },
        "west": {
          "uv": [
            6.125,
            4.875,
            6.25,
            5.5
          ],
          "texture": "#0"
        },
        "up": {
          "uv": [
            6.125,
            4.875,
            6,
            4.75
          ],
          "texture": "#0"
        },
        "down": {
          "uv": [
            6.25,
            4.75,
            6.125,
            4.875
          ],
          "texture": "#0"
        }
      }
    },
    {
      "from": [
        2,
        -15,
        25
      ],
      "to": [
        3,
        -8,
        26
      ],
      "rotation": {
        "angle": -45,
        "axis": "x",
        "origin": [
          0,
          0,
          2
        ]
      },
      "faces": {
        "north": {
          "uv": [
            0.125,
            4.5,
            0.25,
            5.375
          ],
          "texture": "#0"
        },
        "east": {
          "uv": [
            0,
            4.5,
            0.125,
            5.375
          ],
          "texture": "#0"
        },
        "south": {
          "uv": [
            0.375,
            4.5,
            0.5,
            5.375
          ],
          "texture": "#0"
        },
        "west": {
          "uv": [
            0.25,
            4.5,
            0.375,
            5.375
          ],
          "texture": "#0"
        },
        "up": {
          "uv": [
            0.25,
            4.5,
            0.125,
            4.375
          ],
          "texture": "#0"
        },
        "down": {
          "uv": [
            0.375,
            4.375,
            0.25,
            4.5
          ],
          "texture": "#0"
        }
      }
    },
    {
      "from": [
        13,
        -15,
        25
      ],
      "to": [
        14,
        -8,
        26
      ],
      "rotation": {
        "angle": -45,
        "axis": "x",
        "origin": [
          0,
          0,
          2
        ]
      },
      "faces": {
        "north": {
          "uv": [
            0.125,
            4.5,
            0.25,
            5.375
          ],
          "texture": "#0"
        },
        "east": {
          "uv": [
            0,
            4.5,
            0.125,
            5.375
          ],
          "texture": "#0"
        },
        "south": {
          "uv": [
            0.375,
            4.5,
            0.5,
            5.375
          ],
          "texture": "#0"
        },
        "west": {
          "uv": [
            0.25,
            4.5,
            0.375,
            5.375
          ],
          "texture": "#0"
        },
        "up": {
          "uv": [
            0.25,
            4.5,
            0.125,
            4.375
          ],
          "texture": "#0"
        },
        "down": {
          "uv": [
            0.375,
            4.375,
            0.25,
            4.5
          ],
          "texture": "#0"
        }
      }
    },
    {
      "from": [
        -1.01172,
        6,
        14
      ],
      "to": [
        -0.01172,
        11,
        15
      ],
      "rotation": {
        "angle": 0,
        "axis": "y",
        "origin": [
          0,
          0,
          2
        ]
      },
      "faces": {
        "north": {
          "uv": [
            6,
            4.875,
            6.125,
            5.5
          ],
          "texture": "#0"
        },
        "east": {
          "uv": [
            5.875,
            4.875,
            6,
            5.5
          ],
          "texture": "#0"
        },
        "south": {
          "uv": [
            6.25,
            4.875,
            6.375,
            5.5
          ],
          "texture": "#0"
        },
        "west": {
          "uv": [
            6.125,
            4.875,
            6.25,
            5.5
          ],
          "texture": "#0"
        },
        "up": {
          "uv": [
            6.125,
            4.875,
            6,
            4.75
          ],
          "texture": "#0"
        },
        "down": {
          "uv": [
            6.25,
            4.75,
            6.125,
            4.875
          ],
          "texture": "#0"
        }
      }
    },
    {
      "from": [
        -2,
        11,
        13
      ],
      "to": [
        1,
        12,
        23
      ],
      "rotation": {
        "angle": 0,
        "axis": "y",
        "origin": [
          0,
          0,
          2
        ]
      },
      "faces": {
        "north": {
          "uv": [
            1.25,
            2.75,
            1.625,
            2.875
          ],
          "texture": "#0"
        },
        "east": {
          "uv": [
            0,
            2.75,
            1.25,
            2.875
          ],
          "texture": "#0"
        },
        "south": {
          "uv": [
            2.875,
            2.75,
            3.25,
            2.875
          ],
          "texture": "#0"
        },
        "west": {
          "uv": [
            1.625,
            2.75,
            2.875,
            2.875
          ],
          "texture": "#0"
        },
        "up": {
          "uv": [
            1.625,
            2.75,
            1.25,
            1.5
          ],
          "texture": "#0"
        },
        "down": {
          "uv": [
            2,
            1.5,
            1.625,
            2.75
          ],
          "texture": "#0"
        }
      }
    },
    {
      "from": [
        16.01172,
        6,
        14
      ],
      "to": [
        17.01172,
        11,
        15
      ],
      "rotation": {
        "angle": 0,
        "axis": "y",
        "origin": [
          0,
          0,
          2
        ]
      },
      "faces": {
        "north": {
          "uv": [
            6,
            4.875,
            6.125,
            5.5
          ],
          "texture": "#0"
        },
        "east": {
          "uv": [
            5.875,
            4.875,
            6,
            5.5
          ],
          "texture": "#0"
        },
        "south": {
          "uv": [
            6.25,
            4.875,
            6.375,
            5.5
          ],
          "texture": "#0"
        },
        "west": {
          "uv": [
            6.125,
            4.875,
            6.25,
            5.5
          ],
          "texture": "#0"
        },
        "up": {
          "uv": [
            6.125,
            4.875,
            6,
            4.75
          ],
          "texture": "#0"
        },
        "down": {
          "uv": [
            6.25,
            4.75,
            6.125,
            4.875
          ],
          "texture": "#0"
        }
      }
    },
    {
      "from": [
        16.01172,
        6,
        21
      ],
      "to": [
        17.01172,
        11,
        22
      ],
      "rotation": {
        "angle": 0,
        "axis": "y",
        "origin": [
          0,
          0,
          2
        ]
      },
      "faces": {
        "north": {
          "uv": [
            6,
            4.875,
            6.125,
            5.5
          ],
          "texture": "#0"
        },
        "east": {
          "uv": [
            5.875,
            4.875,
            6,
            5.5
          ],
          "texture": "#0"
        },
        "south": {
          "uv": [
            6.25,
            4.875,
            6.375,
            5.5
          ],
          "texture": "#0"
        },
        "west": {
          "uv": [
            6.125,
            4.875,
            6.25,
            5.5
          ],
          "texture": "#0"
        },
        "up": {
          "uv": [
            6.125,
            4.875,
            6,
            4.75
          ],
          "texture": "#0"
        },
        "down": {
          "uv": [
            6.25,
            4.75,
            6.125,
            4.875
          ],
          "texture": "#0"
        }
      }
    },
    {
      "from": [
        15,
        11,
        13
      ],
      "to": [
        18,
        12,
        23
      ],
      "rotation": {
        "angle": 0,
        "axis": "y",
        "origin": [
          0,
          0,
          2
        ]
      },
      "faces": {
        "north": {
          "uv": [
            1.25,
            2.75,
            1.625,
            2.875
          ],
          "texture": "#0"
        },
        "east": {
          "uv": [
            0,
            2.75,
            1.25,
            2.875
          ],
          "texture": "#0"
        },
        "south": {
          "uv": [
            2.875,
            2.75,
            3.25,
            2.875
          ],
          "texture": "#0"
        },
        "west": {
          "uv": [
            1.625,
            2.75,
            2.875,
            2.875
          ],
          "texture": "#0"
        },
        "up": {
          "uv": [
            1.625,
            2.75,
            1.25,
            1.5
          ],
          "texture": "#0"
        },
        "down": {
          "uv": [
            2,
            1.5,
            1.625,
            2.75
          ],
          "texture": "#0"
        }
      }
    },
    {
      "name": "cube inverted",
      "from": [
        16,
        7,
        31
      ],
      "to": [
        0,
        5,
        -1
      ],
      "rotation": {
        "angle": 0,
        "axis": "y",
        "origin": [
          0,
          5,
          2
        ]
      },
      "faces": {
        "north": {
          "uv": [
            10,
            4.25,
            12,
            4
          ],
          "texture": "#0"
        },
        "east": {
          "uv": [
            6,
            4.25,
            10,
            4
          ],
          "texture": "#0"
        },
        "south": {
          "uv": [
            4,
            4.25,
            6,
            4
          ],
          "texture": "#0"
        },
        "west": {
          "uv": [
            0,
            4.25,
            4,
            4
          ],
          "texture": "#0"
        },
        "up": {
          "uv": [
            6,
            0,
            8,
            4
          ],
          "texture": "#0"
        },
        "down": {
          "uv": [
            4,
            4,
            6,
            0
          ],
          "texture": "#0"
        }
      }
    }
  ],
  "display": {
    "thirdperson_righthand": {
      "rotation": [
        60,
        -160,
        0
      ],
      "translation": [
        -3.25,
        12,
        -2.25
      ],
      "scale": [
        -0.6,
        0.6,
        -0.6
      ]
    },
    "thirdperson_lefthand": {
      "rotation": [
        60,
        -160,
        0
      ],
      "translation": [
        -3.25,
        12,
        -2.25
      ],
      "scale": [
        -0.6,
        0.6,
        -0.6
      ]
    },
    "firstperson_righthand": {
      "rotation": [
        0,
        -73,
        6
      ],
      "translation": [
        -1.25,
        0.25,
        0
      ],
      "scale": [
        -0.4,
        0.4,
        -0.4
      ]
    },
    "firstperson_lefthand": {
      "rotation": [
        0,
        -73,
        6
      ],
      "translation": [
        -1.25,
        0.25,
        0
      ],
      "scale": [
        -0.4,
        0.4,
        -0.4
      ]
    },
    "ground": {
      "translation": [
        0,
        1.5,
        -1.75
      ],
      "scale": [
        0.35,
        0.35,
        0.35
      ]
    },
    "gui": {
      "rotation": [
        30,
        -40,
        0
      ],
      "translation": [
        -1.75,
        -0.75,
        0
      ],
      "scale": [
        -0.4,
        0.4,
        -0.4
      ]
    },
    "head": {
      "rotation": [
        0,
        -180,
        0
      ],
      "translation": [
        0,
        -30.4,
        0
      ],
      "scale": [
        1.6,
        1.6,
        1.6
      ]
    },
    "fixed": {
      "rotation": [
        90,
        -180,
        -180
      ],
      "translation": [
        0,
        0,
        -15
      ],
      "scale": [
        2,
        2,
        2
      ]
    }
  }
}