{
  "credit": "Made by PolygonMC",
  "texture_size": [
    24,
    24
  ],
  "textures": {
    "0": "littlesharkset:sword",
    "1": "littlesharkset:animations/animations_1",
    "particle": "littlesharkset:sword"
  },
  "elements": [
    {
      "from": [
        7.5,
        0,
        7.5
      ],
      "to": [
        8.5,
        1,
        8.5
      ],
      "rotation": {
        "angle": -45,
        "axis": "x",
        "origin": [
          8,
          0.5,
          8
        ]
      },
      "faces": {
        "north": {
          "uv": [
            10,
            9.33333,
            10.66667,
            10
          ],
          "texture": "#0"
        },
        "east": {
          "uv": [
            2,
            12,
            2.66667,
            12.66667
          ],
          "texture": "#0"
        },
        "south": {
          "uv": [
            6,
            13.33333,
            6.66667,
            14
          ],
          "texture": "#0"
        },
        "west": {
          "uv": [
            8,
            13.33333,
            8.66667,
            14
          ],
          "texture": "#0"
        },
        "up": {
          "uv": [
            9.33333,
            14,
            8.66667,
            13.33333
          ],
          "texture": "#0"
        },
        "down": {
          "uv": [
            14,
            9.33333,
            13.33333,
            10
          ],
          "texture": "#0"
        }
      }
    },
    {
      "from": [
        7.55,
        0.75,
        7.55
      ],
      "to": [
        8.45,
        1.75,
        8.45
      ],
      "rotation": {
        "angle": 0,
        "axis": "y",
        "origin": [
          7.5,
          0,
          7.5
        ]
      },
      "faces": {
        "north": {
          "uv": [
            13.33333,
            10,
            14,
            10.66667
          ],
          "texture": "#0"
        },
        "east": {
          "uv": [
            10.66667,
            13.33333,
            11.33333,
            14
          ],
          "texture": "#0"
        },
        "south": {
          "uv": [
            13.33333,
            10.66667,
            14,
            11.33333
          ],
          "texture": "#0"
        },
        "west": {
          "uv": [
            11.33333,
            13.33333,
            12,
            14
          ],
          "texture": "#0"
        }
      }
    },
    {
      "from": [
        7.55,
        4.25,
        7.55
      ],
      "to": [
        8.45,
        5.25,
        8.45
      ],
      "rotation": {
        "angle": 0,
        "axis": "y",
        "origin": [
          7.5,
          0,
          7.5
        ]
      },
      "faces": {
        "north": {
          "uv": [
            13.33333,
            12.66667,
            14,
            13.33333
          ],
          "texture": "#0"
        },
        "east": {
          "uv": [
            13.33333,
            13.33333,
            14,
            14
          ],
          "texture": "#0"
        },
        "south": {
          "uv": [
            14,
            0,
            14.66667,
            0.66667
          ],
          "texture": "#0"
        },
        "west": {
          "uv": [
            14,
            0.66667,
            14.66667,
            1.33333
          ],
          "texture": "#0"
        }
      }
    },
    {
      "from": [
        7.6,
        2.25,
        7.6
      ],
      "to": [
        8.4,
        3.75,
        8.4
      ],
      "rotation": {
        "angle": 0,
        "axis": "y",
        "origin": [
          7.5,
          0,
          7.5
        ]
      },
      "faces": {
        "north": {
          "uv": [
            1.33333,
            13.33333,
            0.66667,
            14.33333
          ],
          "texture": "#0"
        },
        "east": {
          "uv": [
            0.66667,
            13.33333,
            1.33333,
            14.33333
          ],
          "texture": "#0"
        },
        "south": {
          "uv": [
            1.33333,
            13.33333,
            0.66667,
            14.33333
          ],
          "texture": "#0"
        },
        "west": {
          "uv": [
            0.66667,
            13.33333,
            1.33333,
            14.33333
          ],
          "texture": "#0"
        }
      }
    },
    {
      "from": [
        7.5,
        1.75,
        7.5
      ],
      "to": [
        8.5,
        2.25,
        8.5
      ],
      "rotation": {
        "angle": 0,
        "axis": "y",
        "origin": [
          7.5,
          1.75,
          7.5
        ]
      },
      "faces": {
        "north": {
          "uv": [
            14.66667,
            0,
            15.33333,
            0.33333
          ],
          "texture": "#0"
        },
        "east": {
          "uv": [
            0.66667,
            14.66667,
            1.33333,
            15
          ],
          "texture": "#0"
        },
        "south": {
          "uv": [
            14.66667,
            0.66667,
            15.33333,
            1
          ],
          "texture": "#0"
        },
        "west": {
          "uv": [
            1.33333,
            14.66667,
            2,
            15
          ],
          "texture": "#0"
        },
        "up": {
          "uv": [
            14,
            12,
            13.33333,
            11.33333
          ],
          "texture": "#0"
        },
        "down": {
          "uv": [
            12.66667,
            13.33333,
            12,
            14
          ],
          "texture": "#0"
        }
      }
    },
    {
      "from": [
        7.5,
        3.75,
        7.5
      ],
      "to": [
        8.5,
        4.25,
        8.5
      ],
      "rotation": {
        "angle": 0,
        "axis": "y",
        "origin": [
          7.5,
          1.75,
          7.5
        ]
      },
      "faces": {
        "north": {
          "uv": [
            14.66667,
            1.33333,
            15.33333,
            1.66667
          ],
          "texture": "#0"
        },
        "east": {
          "uv": [
            2,
            14.66667,
            2.66667,
            15
          ],
          "texture": "#0"
        },
        "south": {
          "uv": [
            2.66667,
            14.66667,
            3.33333,
            15
          ],
          "texture": "#0"
        },
        "west": {
          "uv": [
            14.66667,
            2.66667,
            15.33333,
            3
          ],
          "texture": "#0"
        },
        "up": {
          "uv": [
            14,
            12.66667,
            13.33333,
            12
          ],
          "texture": "#0"
        },
        "down": {
          "uv": [
            13.33333,
            13.33333,
            12.66667,
            14
          ],
          "texture": "#0"
        }
      }
    },
    {
      "from": [
        7.45,
        5,
        7.5
      ],
      "to": [
        8.55,
        6.5,
        9
      ],
      "rotation": {
        "angle": 45,
        "axis": "x",
        "origin": [
          8,
          6,
          8
        ]
      },
      "faces": {
        "north": {
          "uv": [
            1.33333,
            13.33333,
            2,
            14.33333
          ],
          "texture": "#0"
        },
        "east": {
          "uv": [
            12,
            9.33333,
            13,
            10.33333
          ],
          "texture": "#0"
        },
        "south": {
          "uv": [
            13.33333,
            4,
            14,
            5
          ],
          "texture": "#0"
        },
        "west": {
          "uv": [
            10.66667,
            12,
            11.66667,
            13
          ],
          "texture": "#0"
        },
        "up": {
          "uv": [
            5.33333,
            14.33333,
            4.66667,
            13.33333
          ],
          "texture": "#0"
        },
        "down": {
          "uv": [
            6,
            13.33333,
            5.33333,
            14.33333
          ],
          "texture": "#0"
        }
      }
    },
    {
      "from": [
        7.25,
        5.2,
        7.7
      ],
      "to": [
        8.75,
        6.3,
        8.8
      ],
      "rotation": {
        "angle": 45,
        "axis": "x",
        "origin": [
          8,
          6,
          8
        ]
      },
      "faces": {
        "north": {
          "uv": [
            13.33333,
            5.33333,
            14.33333,
            6
          ],
          "texture": "#0"
        },
        "east": {
          "uv": [
            14,
            1.33333,
            14.66667,
            2
          ],
          "texture": "#0"
        },
        "south": {
          "uv": [
            13.33333,
            6,
            14.33333,
            6.66667
          ],
          "texture": "#0"
        },
        "west": {
          "uv": [
            2,
            14,
            2.66667,
            14.66667
          ],
          "texture": "#0"
        },
        "up": {
          "uv": [
            14.33333,
            7.33333,
            13.33333,
            6.66667
          ],
          "texture": "#0"
        },
        "down": {
          "uv": [
            14.33333,
            7.33333,
            13.33333,
            8
          ],
          "texture": "#0"
        }
      }
    },
    {
      "from": [
        7.975,
        -1.75,
        6
      ],
      "to": [
        8.025,
        0.75,
        10
      ],
      "rotation": {
        "angle": 0,
        "axis": "y",
        "origin": [
          7.975,
          -1.25,
          6
        ]
      },
      "faces": {
        "east": {
          "uv": [
            5.33333,
            0,
            2.66667,
            1.66667
          ],
          "texture": "#0"
        },
        "west": {
          "uv": [
            2.66667,
            0,
            5.33333,
            1.66667
          ],
          "texture": "#0"
        }
      }
    },
    {
      "from": [
        6.75,
        7,
        5
      ],
      "to": [
        9.25,
        9.5,
        7
      ],
      "rotation": {
        "angle": 0,
        "axis": "y",
        "origin": [
          7,
          7.25,
          4.5
        ]
      },
      "faces": {
        "north": {
          "uv": [
            4.66667,
            6,
            6.33333,
            7.66667
          ],
          "texture": "#0"
        },
        "east": {
          "uv": [
            8.66667,
            6,
            10,
            7.66667
          ],
          "texture": "#0"
        },
        "south": {
          "uv": [
            6.66667,
            2,
            8.33333,
            3.66667
          ],
          "texture": "#0"
        },
        "west": {
          "uv": [
            8.66667,
            8,
            10,
            9.66667
          ],
          "texture": "#0"
        },
        "up": {
          "uv": [
            11,
            1.33333,
            9.33333,
            0
          ],
          "texture": "#0"
        },
        "down": {
          "uv": [
            4.33333,
            10,
            2.66667,
            11.33333
          ],
          "texture": "#0"
        }
      }
    },
    {
      "from": [
        6.875,
        7,
        3.4
      ],
      "to": [
        9.125,
        8.25,
        5
      ],
      "rotation": {
        "angle": 0,
        "axis": "y",
        "origin": [
          7,
          7.25,
          5
        ]
      },
      "faces": {
        "north": {
          "uv": [
            8.66667,
            11.33333,
            10.33333,
            12.33333
          ],
          "texture": "#0"
        },
        "east": {
          "uv": [
            12,
            12,
            13,
            13
          ],
          "texture": "#0"
        },
        "south": {
          "uv": [
            0,
            12,
            1.66667,
            13
          ],
          "texture": "#0"
        },
        "west": {
          "uv": [
            2,
            12.66667,
            3,
            13.66667
          ],
          "texture": "#0"
        },
        "up": {
          "uv": [
            13.66667,
            2.33333,
            12,
            1.33333
          ],
          "texture": "#0"
        },
        "down": {
          "uv": [
            13.66667,
            2.66667,
            12,
            3.66667
          ],
          "texture": "#0"
        }
      }
    },
    {
      "from": [
        6.755,
        7.82874,
        2.88216
      ],
      "to": [
        9.245,
        9.07874,
        5.38216
      ],
      "rotation": {
        "angle": -22.5,
        "axis": "x",
        "origin": [
          8.005,
          8.32874,
          4.13216
        ]
      },
      "faces": {
        "north": {
          "uv": [
            10.66667,
            10.66667,
            12.33333,
            11.66667
          ],
          "texture": "#0"
        },
        "east": {
          "uv": [
            11.33333,
            0,
            13,
            1
          ],
          "texture": "#0"
        },
        "south": {
          "uv": [
            2.66667,
            11.33333,
            4.33333,
            12.33333
          ],
          "texture": "#0"
        },
        "west": {
          "uv": [
            6.66667,
            11.33333,
            8.33333,
            12.33333
          ],
          "texture": "#0"
        },
        "up": {
          "uv": [
            10.33333,
            3.66667,
            8.66667,
            2
          ],
          "texture": "#0"
        },
        "down": {
          "uv": [
            10.33333,
            4,
            8.66667,
            5.66667
          ],
          "texture": "#0"
        }
      }
    },
    {
      "from": [
        6.755,
        7.32874,
        2.88216
      ],
      "to": [
        6.755,
        7.82874,
        5.38216
      ],
      "rotation": {
        "angle": -22.5,
        "axis": "x",
        "origin": [
          8.005,
          8.32874,
          4.13216
        ]
      },
      "faces": {
        "east": {
          "uv": [
            13.33333,
            8,
            15,
            8.33333
          ],
          "texture": "#0"
        },
        "west": {
          "uv": [
            13.33333,
            8,
            15,
            8.33333
          ],
          "texture": "#0"
        }
      }
    },
    {
      "from": [
        9.245,
        7.32874,
        2.88216
      ],
      "to": [
        9.245,
        7.82874,
        5.38216
      ],
      "rotation": {
        "angle": -22.5,
        "axis": "x",
        "origin": [
          7.995,
          8.32874,
          4.13216
        ]
      },
      "faces": {
        "east": {
          "uv": [
            15,
            8,
            13.33333,
            8.33333
          ],
          "texture": "#0"
        },
        "west": {
          "uv": [
            15,
            8,
            13.33333,
            8.33333
          ],
          "texture": "#0"
        }
      }
    },
    {
      "from": [
        6.755,
        6.90747,
        3.26433
      ],
      "to": [
        9.245,
        7.40747,
        3.26433
      ],
      "rotation": {
        "angle": -22.5,
        "axis": "x",
        "origin": [
          8.005,
          7.15747,
          3.26433
        ]
      },
      "faces": {
        "north": {
          "uv": [
            13.33333,
            8.66667,
            15,
            9
          ],
          "texture": "#0"
        },
        "south": {
          "uv": [
            13.33333,
            8.66667,
            15,
            9
          ],
          "texture": "#0"
        }
      }
    },
    {
      "from": [
        6.5,
        6.15,
        6.3
      ],
      "to": [
        9.5,
        9.15,
        9.3
      ],
      "rotation": {
        "angle": 22.5,
        "axis": "x",
        "origin": [
          8,
          7.65,
          7.8
        ]
      },
      "faces": {
        "north": {
          "uv": [
            2.66667,
            2,
            4.66667,
            4
          ],
          "texture": "#0"
        },
        "east": {
          "uv": [
            2.66667,
            4,
            4.66667,
            6
          ],
          "texture": "#0"
        },
        "south": {
          "uv": [
            4.66667,
            2,
            6.66667,
            4
          ],
          "texture": "#0"
        },
        "west": {
          "uv": [
            4.66667,
            4,
            6.66667,
            6
          ],
          "texture": "#0"
        },
        "up": {
          "uv": [
            7.33333,
            2,
            5.33333,
            0
          ],
          "texture": "#0"
        },
        "down": {
          "uv": [
            4.66667,
            6,
            2.66667,
            8
          ],
          "texture": "#0"
        }
      }
    },
    {
      "from": [
        5.175,
        7.16903,
        6.70433
      ],
      "to": [
        6.675,
        7.66903,
        8.70433
      ],
      "rotation": {
        "angle": 22.5,
        "axis": "z",
        "origin": [
          5.925,
          7.41903,
          7.70433
        ]
      },
      "faces": {
        "north": {
          "uv": [
            12.66667,
            14,
            13.66667,
            14.33333
          ],
          "texture": "#0"
        },
        "east": {
          "uv": [
            14,
            2,
            15.33333,
            2.33333
          ],
          "texture": "#0"
        },
        "south": {
          "uv": [
            14,
            12.66667,
            15,
            13
          ],
          "texture": "#0"
        },
        "west": {
          "uv": [
            2.66667,
            14,
            4,
            14.33333
          ],
          "texture": "#0"
        },
        "up": {
          "uv": [
            13,
            5.33333,
            12,
            4
          ],
          "texture": "#0"
        },
        "down": {
          "uv": [
            13,
            5.33333,
            12,
            6.66667
          ],
          "texture": "#0"
        }
      }
    },
    {
      "from": [
        9.325,
        7.16903,
        6.70433
      ],
      "to": [
        10.825,
        7.66903,
        8.70433
      ],
      "rotation": {
        "angle": -22.5,
        "axis": "z",
        "origin": [
          10.075,
          7.41903,
          7.70433
        ]
      },
      "faces": {
        "north": {
          "uv": [
            13.66667,
            14,
            12.66667,
            14.33333
          ],
          "texture": "#0"
        },
        "east": {
          "uv": [
            4,
            14,
            2.66667,
            14.33333
          ],
          "texture": "#0"
        },
        "south": {
          "uv": [
            15,
            12.66667,
            14,
            13
          ],
          "texture": "#0"
        },
        "west": {
          "uv": [
            15.33333,
            2,
            14,
            2.33333
          ],
          "texture": "#0"
        },
        "up": {
          "uv": [
            12,
            5.33333,
            13,
            4
          ],
          "texture": "#0"
        },
        "down": {
          "uv": [
            12,
            5.33333,
            13,
            6.66667
          ],
          "texture": "#0"
        }
      }
    },
    {
      "from": [
        5.83,
        5.69166,
        10.13909
      ],
      "to": [
        6.83,
        6.69166,
        10.63909
      ],
      "rotation": {
        "angle": -22.5,
        "axis": "x",
        "origin": [
          6.33,
          5.36666,
          9.21409
        ]
      },
      "faces": {
        "north": {
          "uv": [
            6.66667,
            14,
            7.33333,
            14.66667
          ],
          "texture": "#0"
        },
        "east": {
          "uv": [
            3.33333,
            14.66667,
            3.66667,
            15.33333
          ],
          "texture": "#0"
        },
        "south": {
          "uv": [
            7.33333,
            14,
            8,
            14.66667
          ],
          "texture": "#0"
        },
        "west": {
          "uv": [
            14.66667,
            3.33333,
            15,
            4
          ],
          "texture": "#0"
        },
        "up": {
          "uv": [
            15.33333,
            4.33333,
            14.66667,
            4
          ],
          "texture": "#0"
        },
        "down": {
          "uv": [
            5.33333,
            14.66667,
            4.66667,
            15
          ],
          "texture": "#0"
        }
      }
    },
    {
      "from": [
        9.17,
        5.69166,
        10.13909
      ],
      "to": [
        10.17,
        6.69166,
        10.63909
      ],
      "rotation": {
        "angle": -22.5,
        "axis": "x",
        "origin": [
          9.67,
          5.36666,
          9.21409
        ]
      },
      "faces": {
        "north": {
          "uv": [
            7.33333,
            14,
            6.66667,
            14.66667
          ],
          "texture": "#0"
        },
        "east": {
          "uv": [
            15,
            3.33333,
            14.66667,
            4
          ],
          "texture": "#0"
        },
        "south": {
          "uv": [
            8,
            14,
            7.33333,
            14.66667
          ],
          "texture": "#0"
        },
        "west": {
          "uv": [
            3.66667,
            14.66667,
            3.33333,
            15.33333
          ],
          "texture": "#0"
        },
        "up": {
          "uv": [
            14.66667,
            4.33333,
            15.33333,
            4
          ],
          "texture": "#0"
        },
        "down": {
          "uv": [
            4.66667,
            14.66667,
            5.33333,
            15
          ],
          "texture": "#0"
        }
      }
    },
    {
      "from": [
        6.83,
        5.08502,
        8.63209
      ],
      "to": [
        9.17,
        7.42502,
        10.97209
      ],
      "rotation": {
        "angle": 45,
        "axis": "x",
        "origin": [
          8,
          6.65502,
          10.20209
        ]
      },
      "faces": {
        "north": {
          "uv": [
            6.66667,
            4,
            8.33333,
            5.66667
          ],
          "texture": "#0"
        },
        "east": {
          "uv": [
            6.66667,
            6,
            8.33333,
            7.66667
          ],
          "texture": "#0"
        },
        "south": {
          "uv": [
            7.33333,
            0,
            9,
            1.66667
          ],
          "texture": "#0"
        },
        "west": {
          "uv": [
            2.66667,
            8,
            4.33333,
            9.66667
          ],
          "texture": "#0"
        },
        "up": {
          "uv": [
            6.33333,
            9.66667,
            4.66667,
            8
          ],
          "texture": "#0"
        },
        "down": {
          "uv": [
            8.33333,
            8,
            6.66667,
            9.66667
          ],
          "texture": "#0"
        }
      }
    },
    {
      "from": [
        7.0406,
        4.39194,
        9.82343
      ],
      "to": [
        8.9594,
        6.31074,
        11.74223
      ],
      "rotation": {
        "angle": -22.5,
        "axis": "x",
        "origin": [
          8,
          5.12634,
          10.65783
        ]
      },
      "faces": {
        "north": {
          "uv": [
            6.66667,
            10,
            8,
            11.33333
          ],
          "texture": "#0"
        },
        "east": {
          "uv": [
            8,
            10,
            9.33333,
            11.33333
          ],
          "texture": "#0"
        },
        "south": {
          "uv": [
            9.33333,
            10,
            10.66667,
            11.33333
          ],
          "texture": "#0"
        },
        "west": {
          "uv": [
            10.66667,
            1.33333,
            12,
            2.66667
          ],
          "texture": "#0"
        },
        "up": {
          "uv": [
            12,
            4,
            10.66667,
            2.66667
          ],
          "texture": "#0"
        },
        "down": {
          "uv": [
            12,
            4,
            10.66667,
            5.33333
          ],
          "texture": "#0"
        }
      }
    },
    {
      "from": [
        7.75,
        8.4597,
        8.05671
      ],
      "to": [
        8.25,
        10.4597,
        10.05671
      ],
      "rotation": {
        "angle": 45,
        "axis": "x",
        "origin": [
          8,
          9.9597,
          8.75671
        ]
      },
      "faces": {
        "north": {
          "uv": [
            14,
            2.66667,
            14.33333,
            4
          ],
          "texture": "#0"
        },
        "east": {
          "uv": [
            10.66667,
            5.33333,
            12,
            6.66667
          ],
          "texture": "#0"
        },
        "south": {
          "uv": [
            4,
            14,
            4.33333,
            15.33333
          ],
          "texture": "#0"
        },
        "west": {
          "uv": [
            10.66667,
            6.66667,
            12,
            8
          ],
          "texture": "#0"
        },
        "up": {
          "uv": [
            14.33333,
            5.33333,
            14,
            4
          ],
          "texture": "#0"
        },
        "down": {
          "uv": [
            6.33333,
            14,
            6,
            15.33333
          ],
          "texture": "#0"
        }
      }
    },
    {
      "from": [
        7.75,
        3.8817,
        11.1526
      ],
      "to": [
        8.25,
        5.8817,
        13.1526
      ],
      "rotation": {
        "angle": 0,
        "axis": "x",
        "origin": [
          8,
          5.3817,
          12.3276
        ]
      },
      "faces": {
        "north": {
          "uv": [
            8,
            14,
            8.33333,
            15.33333
          ],
          "texture": "#0"
        },
        "east": {
          "uv": [
            10.66667,
            8,
            12,
            9.33333
          ],
          "texture": "#0"
        },
        "south": {
          "uv": [
            8.66667,
            14,
            9,
            15.33333
          ],
          "texture": "#0"
        },
        "west": {
          "uv": [
            10.66667,
            9.33333,
            12,
            10.66667
          ],
          "texture": "#0"
        },
        "up": {
          "uv": [
            9.66667,
            15.33333,
            9.33333,
            14
          ],
          "texture": "#0"
        },
        "down": {
          "uv": [
            14.33333,
            9.33333,
            14,
            10.66667
          ],
          "texture": "#0"
        }
      }
    },
    {
      "from": [
        7.775,
        2.8817,
        8.6776
      ],
      "to": [
        8.225,
        4.3817,
        10.4276
      ],
      "rotation": {
        "angle": -45,
        "axis": "x",
        "origin": [
          8,
          4.8817,
          9.3276
        ]
      },
      "faces": {
        "north": {
          "uv": [
            14,
            13.33333,
            14.33333,
            14.33333
          ],
          "texture": "#0"
        },
        "east": {
          "uv": [
            12,
            6.66667,
            13.33333,
            7.66667
          ],
          "texture": "#0"
        },
        "south": {
          "uv": [
            0,
            14.66667,
            0.33333,
            15.66667
          ],
          "texture": "#0"
        },
        "west": {
          "uv": [
            12,
            8,
            13.33333,
            9
          ],
          "texture": "#0"
        },
        "up": {
          "uv": [
            10.33333,
            15.33333,
            10,
            14
          ],
          "texture": "#0"
        },
        "down": {
          "uv": [
            11,
            14,
            10.66667,
            15.33333
          ],
          "texture": "#0"
        }
      }
    },
    {
      "from": [
        7.5,
        8.49619,
        9.04264
      ],
      "to": [
        8.5,
        10.49619,
        10.04264
      ],
      "rotation": {
        "angle": 22.5,
        "axis": "x",
        "origin": [
          8,
          9.49619,
          9.54264
        ]
      },
      "faces": {
        "north": {
          "uv": [
            3.33333,
            12.66667,
            4,
            14
          ],
          "texture": "#0"
        },
        "east": {
          "uv": [
            4,
            12.66667,
            4.66667,
            14
          ],
          "texture": "#0"
        },
        "south": {
          "uv": [
            6.66667,
            12.66667,
            7.33333,
            14
          ],
          "texture": "#0"
        },
        "west": {
          "uv": [
            7.33333,
            12.66667,
            8,
            14
          ],
          "texture": "#0"
        },
        "up": {
          "uv": [
            14.66667,
            11.33333,
            14,
            10.66667
          ],
          "texture": "#0"
        },
        "down": {
          "uv": [
            12,
            14,
            11.33333,
            14.66667
          ],
          "texture": "#0"
        }
      }
    },
    {
      "from": [
        7.5,
        14.79619,
        8.76764
      ],
      "to": [
        8.5,
        15.79619,
        10.76764
      ],
      "rotation": {
        "angle": -45,
        "axis": "x",
        "origin": [
          8,
          15.29619,
          9.76764
        ]
      },
      "faces": {
        "north": {
          "uv": [
            12,
            14,
            12.66667,
            14.66667
          ],
          "texture": "#0"
        },
        "east": {
          "uv": [
            9.33333,
            1.33333,
            10.66667,
            2
          ],
          "texture": "#0"
        },
        "south": {
          "uv": [
            14,
            12,
            14.66667,
            12.66667
          ],
          "texture": "#0"
        },
        "west": {
          "uv": [
            8,
            12.66667,
            9.33333,
            13.33333
          ],
          "texture": "#0"
        },
        "up": {
          "uv": [
            10,
            14,
            9.33333,
            12.66667
          ],
          "texture": "#0"
        },
        "down": {
          "uv": [
            10.66667,
            12.66667,
            10,
            14
          ],
          "texture": "#0"
        }
      }
    },
    {
      "from": [
        7.525,
        10.22873,
        9.43726
      ],
      "to": [
        8.475,
        15.22873,
        10.38726
      ],
      "rotation": {
        "angle": 0,
        "axis": "x",
        "origin": [
          8,
          11.22873,
          9.91226
        ]
      },
      "faces": {
        "north": {
          "uv": [
            4.66667,
            10,
            5.33333,
            13.33333
          ],
          "texture": "#0"
        },
        "east": {
          "uv": [
            5.33333,
            10,
            6,
            13.33333
          ],
          "texture": "#0"
        },
        "south": {
          "uv": [
            6,
            10,
            6.66667,
            13.33333
          ],
          "texture": "#0"
        },
        "west": {
          "uv": [
            10,
            6,
            10.66667,
            9.33333
          ],
          "texture": "#0"
        },
        "up": {
          "uv": [
            14.66667,
            12,
            14,
            11.33333
          ],
          "texture": "#0"
        }
      }
    },
    {
      "from": [
        7.975,
        9,
        6
      ],
      "to": [
        8.025,
        27,
        10
      ],
      "rotation": {
        "angle": 0,
        "axis": "y",
        "origin": [
          7.975,
          9,
          6
        ]
      },
      "faces": {
        "east": {
          "uv": [
            2.66667,
            0,
            0,
            12
          ],
          "texture": "#0"
        },
        "west": {
          "uv": [
            0,
            0,
            2.66667,
            12
          ],
          "texture": "#0"
        }
      }
    },
    {
      "from": [
        7.85,
        9.5,
        6
      ],
      "to": [
        7.85,
        26.5,
        10
      ],
      "rotation": {
        "angle": 0,
        "axis": "y",
        "origin": [
          0,
          0,
          10
        ]
      },
      "faces": {
        "west": {
          "uv": [
            2.66667,
            0,
            0,
            11.33333
          ],
          "texture": "#1"
        }
      }
    },
    {
      "from": [
        8.15,
        9.5,
        6
      ],
      "to": [
        8.15,
        26.5,
        10
      ],
      "rotation": {
        "angle": 0,
        "axis": "y",
        "origin": [
          16,
          0,
          10
        ]
      },
      "faces": {
        "east": {
          "uv": [
            0,
            0,
            2.66667,
            11.33333
          ],
          "texture": "#1"
        }
      }
    }
  ],
  "gui_light": "front",
  "display": {
    "thirdperson_righthand": {
      "translation": [
        0,
        3,
        1
      ]
    },
    "thirdperson_lefthand": {
      "translation": [
        0,
        3,
        1
      ]
    },
    "firstperson_righthand": {
      "rotation": [
        -10,
        0,
        0
      ],
      "translation": [
        0,
        1.75,
        0
      ]
    },
    "firstperson_lefthand": {
      "rotation": [
        -10,
        0,
        0
      ],
      "translation": [
        0,
        1.75,
        0
      ]
    },
    "ground": {
      "rotation": [
        -40,
        0,
        0
      ],
      "translation": [
        0,
        10.5,
        0
      ]
    },
    "gui": {
      "rotation": [
        -90,
        45,
        90
      ],
      "translation": [
        1.75,
        -2.75,
        0
      ],
      "scale": [
        0.8,
        0.8,
        0.8
      ]
    },
    "head": {
      "rotation": [
        0,
        90,
        0
      ]
    },
    "fixed": {
      "rotation": [
        90,
        -90,
        90
      ],
      "translation": [
        0,
        -5.5,
        -1.75
      ],
      "scale": [
        1.5,
        1.5,
        1.5
      ]
    }
  }
}