{
  "credit": "Made by LZLeon with Blockbench, Contact - Discord: LZBlocks#0261 - E-Mail: lzblocks@outlook.com",
  "texture_size": [
    128,
    128
  ],
  "textures": {
    "0": "lzfurniture:furniture/medieval_market/medieval_market_pot",
    "particle": "lzfurniture:furniture/medieval_market/medieval_market_pot"
  },
  "elements": [
    {
      "from": [
        -1,
        0,
        4
      ],
      "to": [
        1,
        2,
        10
      ],
      "faces": {
        "north": {
          "uv": [
            5.25,
            2.875,
            5.5,
            3.125
          ],
          "texture": "#0"
        },
        "east": {
          "uv": [
            4.5,
            2.875,
            5.25,
            3.125
          ],
          "texture": "#0"
        },
        "south": {
          "uv": [
            6.25,
            2.875,
            6.5,
            3.125
          ],
          "texture": "#0"
        },
        "west": {
          "uv": [
            5.5,
            2.875,
            6.25,
            3.125
          ],
          "texture": "#0"
        },
        "up": {
          "uv": [
            5.5,
            2.875,
            5.25,
            2.125
          ],
          "texture": "#0"
        },
        "down": {
          "uv": [
            5.75,
            2.125,
            5.5,
            2.875
          ],
          "texture": "#0"
        }
      }
    },
    {
      "from": [
        15,
        0,
        4
      ],
      "to": [
        17,
        2,
        10
      ],
      "faces": {
        "north": {
          "uv": [
            5.25,
            2.875,
            5.5,
            3.125
          ],
          "texture": "#0"
        },
        "east": {
          "uv": [
            4.5,
            2.875,
            5.25,
            3.125
          ],
          "texture": "#0"
        },
        "south": {
          "uv": [
            6.25,
            2.875,
            6.5,
            3.125
          ],
          "texture": "#0"
        },
        "west": {
          "uv": [
            5.5,
            2.875,
            6.25,
            3.125
          ],
          "texture": "#0"
        },
        "up": {
          "uv": [
            5.5,
            2.875,
            5.25,
            2.125
          ],
          "texture": "#0"
        },
        "down": {
          "uv": [
            5.75,
            2.125,
            5.5,
            2.875
          ],
          "texture": "#0"
        }
      }
    },
    {
      "from": [
        0,
        0,
        11
      ],
      "to": [
        1,
        1,
        14
      ],
      "faces": {
        "north": {
          "uv": [
            0.375,
            2.5,
            0.5,
            2.625
          ],
          "texture": "#0"
        },
        "east": {
          "uv": [
            0,
            2.5,
            0.375,
            2.625
          ],
          "texture": "#0"
        },
        "south": {
          "uv": [
            0.875,
            2.5,
            1,
            2.625
          ],
          "texture": "#0"
        },
        "west": {
          "uv": [
            0.5,
            2.5,
            0.875,
            2.625
          ],
          "texture": "#0"
        },
        "up": {
          "uv": [
            0.5,
            2.5,
            0.375,
            2.125
          ],
          "texture": "#0"
        },
        "down": {
          "uv": [
            0.625,
            2.125,
            0.5,
            2.5
          ],
          "texture": "#0"
        }
      }
    },
    {
      "from": [
        0,
        0,
        0
      ],
      "to": [
        3,
        1,
        3
      ],
      "faces": {
        "north": {
          "uv": [
            0.375,
            0.375,
            0.75,
            0.5
          ],
          "texture": "#0"
        },
        "east": {
          "uv": [
            0,
            0.375,
            0.375,
            0.5
          ],
          "texture": "#0"
        },
        "south": {
          "uv": [
            1.125,
            0.375,
            1.5,
            0.5
          ],
          "texture": "#0"
        },
        "west": {
          "uv": [
            0.75,
            0.375,
            1.125,
            0.5
          ],
          "texture": "#0"
        },
        "up": {
          "uv": [
            0.75,
            0.375,
            0.375,
            0
          ],
          "texture": "#0"
        },
        "down": {
          "uv": [
            1.125,
            0,
            0.75,
            0.375
          ],
          "texture": "#0"
        }
      }
    },
    {
      "from": [
        11,
        0,
        14
      ],
      "to": [
        14,
        1,
        17
      ],
      "faces": {
        "north": {
          "uv": [
            0.375,
            0.375,
            0.75,
            0.5
          ],
          "texture": "#0"
        },
        "east": {
          "uv": [
            0,
            0.375,
            0.375,
            0.5
          ],
          "texture": "#0"
        },
        "south": {
          "uv": [
            1.125,
            0.375,
            1.5,
            0.5
          ],
          "texture": "#0"
        },
        "west": {
          "uv": [
            0.75,
            0.375,
            1.125,
            0.5
          ],
          "texture": "#0"
        },
        "up": {
          "uv": [
            0.75,
            0.375,
            0.375,
            0
          ],
          "texture": "#0"
        },
        "down": {
          "uv": [
            1.125,
            0,
            0.75,
            0.375
          ],
          "texture": "#0"
        }
      }
    },
    {
      "from": [
        4,
        0,
        -1
      ],
      "to": [
        10,
        2,
        1
      ],
      "faces": {
        "north": {
          "uv": [
            4.75,
            3.375,
            5.5,
            3.625
          ],
          "texture": "#0"
        },
        "east": {
          "uv": [
            4.5,
            3.375,
            4.75,
            3.625
          ],
          "texture": "#0"
        },
        "south": {
          "uv": [
            5.75,
            3.375,
            6.5,
            3.625
          ],
          "texture": "#0"
        },
        "west": {
          "uv": [
            5.5,
            3.375,
            5.75,
            3.625
          ],
          "texture": "#0"
        },
        "up": {
          "uv": [
            5.5,
            3.375,
            4.75,
            3.125
          ],
          "texture": "#0"
        },
        "down": {
          "uv": [
            6.25,
            3.125,
            5.5,
            3.375
          ],
          "texture": "#0"
        }
      }
    },
    {
      "from": [
        4,
        0,
        15
      ],
      "to": [
        10,
        2,
        17
      ],
      "rotation": {
        "angle": 0,
        "axis": "y",
        "origin": [
          0,
          0,
          16
        ]
      },
      "faces": {
        "north": {
          "uv": [
            4.75,
            3.375,
            5.5,
            3.625
          ],
          "texture": "#0"
        },
        "east": {
          "uv": [
            4.5,
            3.375,
            4.75,
            3.625
          ],
          "texture": "#0"
        },
        "south": {
          "uv": [
            5.75,
            3.375,
            6.5,
            3.625
          ],
          "texture": "#0"
        },
        "west": {
          "uv": [
            5.5,
            3.375,
            5.75,
            3.625
          ],
          "texture": "#0"
        },
        "up": {
          "uv": [
            5.5,
            3.375,
            4.75,
            3.125
          ],
          "texture": "#0"
        },
        "down": {
          "uv": [
            6.25,
            3.125,
            5.5,
            3.375
          ],
          "texture": "#0"
        }
      }
    },
    {
      "from": [
        11,
        0,
        -2
      ],
      "to": [
        14,
        1,
        0
      ],
      "faces": {
        "north": {
          "uv": [
            0.25,
            1.25,
            0.625,
            1.375
          ],
          "texture": "#0"
        },
        "east": {
          "uv": [
            0,
            1.25,
            0.25,
            1.375
          ],
          "texture": "#0"
        },
        "south": {
          "uv": [
            0.875,
            1.25,
            1.25,
            1.375
          ],
          "texture": "#0"
        },
        "west": {
          "uv": [
            0.625,
            1.25,
            0.875,
            1.375
          ],
          "texture": "#0"
        },
        "up": {
          "uv": [
            0.625,
            1.25,
            0.25,
            1
          ],
          "texture": "#0"
        },
        "down": {
          "uv": [
            1,
            1,
            0.625,
            1.25
          ],
          "texture": "#0"
        }
      }
    },
    {
      "from": [
        16,
        0,
        2
      ],
      "to": [
        18,
        1,
        4
      ],
      "faces": {
        "north": {
          "uv": [
            0.25,
            1.625,
            0.5,
            1.75
          ],
          "texture": "#0"
        },
        "east": {
          "uv": [
            0,
            1.625,
            0.25,
            1.75
          ],
          "texture": "#0"
        },
        "south": {
          "uv": [
            0.75,
            1.625,
            1,
            1.75
          ],
          "texture": "#0"
        },
        "west": {
          "uv": [
            0.5,
            1.625,
            0.75,
            1.75
          ],
          "texture": "#0"
        },
        "up": {
          "uv": [
            0.5,
            1.625,
            0.25,
            1.375
          ],
          "texture": "#0"
        },
        "down": {
          "uv": [
            0.75,
            1.375,
            0.5,
            1.625
          ],
          "texture": "#0"
        }
      }
    },
    {
      "from": [
        -3,
        0,
        2
      ],
      "to": [
        -1,
        1,
        4
      ],
      "faces": {
        "north": {
          "uv": [
            0.25,
            1.625,
            0.5,
            1.75
          ],
          "texture": "#0"
        },
        "east": {
          "uv": [
            0,
            1.625,
            0.25,
            1.75
          ],
          "texture": "#0"
        },
        "south": {
          "uv": [
            0.75,
            1.625,
            1,
            1.75
          ],
          "texture": "#0"
        },
        "west": {
          "uv": [
            0.5,
            1.625,
            0.75,
            1.75
          ],
          "texture": "#0"
        },
        "up": {
          "uv": [
            0.5,
            1.625,
            0.25,
            1.375
          ],
          "texture": "#0"
        },
        "down": {
          "uv": [
            0.75,
            1.375,
            0.5,
            1.625
          ],
          "texture": "#0"
        }
      }
    },
    {
      "from": [
        0,
        0,
        15
      ],
      "to": [
        2,
        1,
        17
      ],
      "faces": {
        "north": {
          "uv": [
            0.25,
            1.625,
            0.5,
            1.75
          ],
          "texture": "#0"
        },
        "east": {
          "uv": [
            0,
            1.625,
            0.25,
            1.75
          ],
          "texture": "#0"
        },
        "south": {
          "uv": [
            0.75,
            1.625,
            1,
            1.75
          ],
          "texture": "#0"
        },
        "west": {
          "uv": [
            0.5,
            1.625,
            0.75,
            1.75
          ],
          "texture": "#0"
        },
        "up": {
          "uv": [
            0.5,
            1.625,
            0.25,
            1.375
          ],
          "texture": "#0"
        },
        "down": {
          "uv": [
            0.75,
            1.375,
            0.5,
            1.625
          ],
          "texture": "#0"
        }
      }
    },
    {
      "from": [
        17.5,
        0,
        8
      ],
      "to": [
        19.5,
        1,
        11
      ],
      "faces": {
        "north": {
          "uv": [
            0.375,
            0.875,
            0.625,
            1
          ],
          "texture": "#0"
        },
        "east": {
          "uv": [
            0,
            0.875,
            0.375,
            1
          ],
          "texture": "#0"
        },
        "south": {
          "uv": [
            1,
            0.875,
            1.25,
            1
          ],
          "texture": "#0"
        },
        "west": {
          "uv": [
            0.625,
            0.875,
            1,
            1
          ],
          "texture": "#0"
        },
        "up": {
          "uv": [
            0.625,
            0.875,
            0.375,
            0.5
          ],
          "texture": "#0"
        },
        "down": {
          "uv": [
            0.875,
            0.5,
            0.625,
            0.875
          ],
          "texture": "#0"
        }
      }
    },
    {
      "from": [
        15.5,
        0,
        13
      ],
      "to": [
        17.5,
        1,
        16
      ],
      "faces": {
        "north": {
          "uv": [
            0.375,
            0.875,
            0.625,
            1
          ],
          "texture": "#0"
        },
        "east": {
          "uv": [
            0,
            0.875,
            0.375,
            1
          ],
          "texture": "#0"
        },
        "south": {
          "uv": [
            1,
            0.875,
            1.25,
            1
          ],
          "texture": "#0"
        },
        "west": {
          "uv": [
            0.625,
            0.875,
            1,
            1
          ],
          "texture": "#0"
        },
        "up": {
          "uv": [
            0.625,
            0.875,
            0.375,
            0.5
          ],
          "texture": "#0"
        },
        "down": {
          "uv": [
            0.875,
            0.5,
            0.625,
            0.875
          ],
          "texture": "#0"
        }
      }
    },
    {
      "from": [
        1,
        0,
        1
      ],
      "to": [
        15,
        3,
        15
      ],
      "faces": {
        "north": {
          "uv": [
            1.75,
            1.75,
            3.5,
            2.125
          ],
          "texture": "#0"
        },
        "east": {
          "uv": [
            0,
            1.75,
            1.75,
            2.125
          ],
          "texture": "#0"
        },
        "south": {
          "uv": [
            5.25,
            1.75,
            7,
            2.125
          ],
          "texture": "#0"
        },
        "west": {
          "uv": [
            3.5,
            1.75,
            5.25,
            2.125
          ],
          "texture": "#0"
        },
        "up": {
          "uv": [
            3.5,
            1.75,
            1.75,
            0
          ],
          "texture": "#0"
        },
        "down": {
          "uv": [
            5.25,
            0,
            3.5,
            1.75
          ],
          "texture": "#0"
        }
      }
    },
    {
      "from": [
        2,
        3,
        2
      ],
      "to": [
        14,
        13,
        14
      ],
      "faces": {
        "north": {
          "uv": [
            1.5,
            3.625,
            3,
            4.875
          ],
          "texture": "#0"
        },
        "east": {
          "uv": [
            0,
            3.625,
            1.5,
            4.875
          ],
          "texture": "#0"
        },
        "south": {
          "uv": [
            4.5,
            3.625,
            6,
            4.875
          ],
          "texture": "#0"
        },
        "west": {
          "uv": [
            3,
            3.625,
            4.5,
            4.875
          ],
          "texture": "#0"
        },
        "up": {
          "uv": [
            3,
            3.625,
            1.5,
            2.125
          ],
          "texture": "#0"
        },
        "down": {
          "uv": [
            4.5,
            2.125,
            3,
            3.625
          ],
          "texture": "#0"
        }
      }
    },
    {
      "from": [
        3,
        13,
        3
      ],
      "to": [
        13,
        16,
        13
      ],
      "faces": {
        "north": {
          "uv": [
            6,
            4.875,
            7.25,
            5.25
          ],
          "texture": "#0"
        },
        "east": {
          "uv": [
            4.75,
            4.875,
            6,
            5.25
          ],
          "texture": "#0"
        },
        "south": {
          "uv": [
            8.5,
            4.875,
            9.75,
            5.25
          ],
          "texture": "#0"
        },
        "west": {
          "uv": [
            7.25,
            4.875,
            8.5,
            5.25
          ],
          "texture": "#0"
        },
        "up": {
          "uv": [
            7.25,
            4.875,
            6,
            3.625
          ],
          "texture": "#0"
        },
        "down": {
          "uv": [
            8.5,
            3.625,
            7.25,
            4.875
          ],
          "texture": "#0"
        }
      }
    },
    {
      "from": [
        9.8,
        3,
        7
      ],
      "to": [
        10.8,
        18,
        8
      ],
      "rotation": {
        "angle": 22.5,
        "axis": "z",
        "origin": [
          0,
          0,
          0
        ]
      },
      "faces": {
        "north": {
          "uv": [
            0.125,
            5,
            0.25,
            6.875
          ],
          "texture": "#0"
        },
        "east": {
          "uv": [
            0,
            5,
            0.125,
            6.875
          ],
          "texture": "#0"
        },
        "south": {
          "uv": [
            0.375,
            5,
            0.5,
            6.875
          ],
          "texture": "#0"
        },
        "west": {
          "uv": [
            0.25,
            5,
            0.375,
            6.875
          ],
          "texture": "#0"
        },
        "up": {
          "uv": [
            0.25,
            5,
            0.125,
            4.875
          ],
          "texture": "#0"
        },
        "down": {
          "uv": [
            0.375,
            4.875,
            0.25,
            5
          ],
          "texture": "#0"
        }
      }
    },
    {
      "name": "cube inverted",
      "from": [
        13,
        16,
        13
      ],
      "to": [
        3,
        13,
        3
      ],
      "faces": {
        "north": {
          "uv": [
            8.5,
            5.25,
            9.75,
            4.875
          ],
          "texture": "#0"
        },
        "east": {
          "uv": [
            7.25,
            5.25,
            8.5,
            4.875
          ],
          "texture": "#0"
        },
        "south": {
          "uv": [
            6,
            5.25,
            7.25,
            4.875
          ],
          "texture": "#0"
        },
        "west": {
          "uv": [
            4.75,
            5.25,
            6,
            4.875
          ],
          "texture": "#0"
        },
        "up": {
          "uv": [
            7.25,
            3.625,
            8.5,
            4.875
          ],
          "texture": "#0"
        },
        "down": {
          "uv": [
            6,
            4.875,
            7.25,
            3.625
          ],
          "texture": "#0"
        }
      }
    }
  ],
  "display": {
    "thirdperson_righthand": {
      "rotation": [
        60,
        -160,
        0
      ],
      "translation": [
        0,
        3.25,
        0
      ],
      "scale": [
        -0.6,
        0.6,
        -0.6
      ]
    },
    "thirdperson_lefthand": {
      "rotation": [
        60,
        -160,
        0
      ],
      "translation": [
        0,
        3.25,
        0
      ],
      "scale": [
        -0.6,
        0.6,
        -0.6
      ]
    },
    "firstperson_righthand": {
      "rotation": [
        0,
        -73,
        6
      ],
      "translation": [
        1.25,
        -0.25,
        0
      ],
      "scale": [
        -0.4,
        0.4,
        -0.4
      ]
    },
    "firstperson_lefthand": {
      "rotation": [
        0,
        -73,
        6
      ],
      "translation": [
        1.25,
        -0.25,
        0
      ],
      "scale": [
        -0.4,
        0.4,
        -0.4
      ]
    },
    "ground": {
      "translation": [
        0,
        1.5,
        0
      ],
      "scale": [
        0.35,
        0.35,
        0.35
      ]
    },
    "gui": {
      "rotation": [
        30,
        -40,
        0
      ],
      "translation": [
        0,
        0.5,
        0
      ],
      "scale": [
        -0.55,
        0.55,
        -0.55
      ]
    },
    "head": {
      "translation": [
        0,
        -30.4,
        0
      ],
      "scale": [
        1.6,
        1.6,
        1.6
      ]
    },
    "fixed": {
      "rotation": [
        -90,
        0,
        0
      ],
      "translation": [
        0,
        0,
        -15
      ],
      "scale": [
        2,
        2,
        2
      ]
    }
  }
}