{
  "credit": "Made by LZLeon with Blockbench, Contact - Discord: LZBlocks#0261 - E-Mail: lzblocks@outlook.com",
  "texture_size": [
    64,
    64
  ],
  "textures": {
    "2": "lzfurniture:furniture/medieval_market/medieval_market_box_apples",
    "particle": "lzfurniture:furniture/medieval_market/medieval_market_box_apples"
  },
  "elements": [
    {
      "from": [
        2,
        0.05078,
        1
      ],
      "to": [
        14,
        7.05078,
        15
      ],
      "faces": {
        "north": {
          "uv": [
            3.5,
            3.5,
            6.5,
            5.25
          ],
          "texture": "#2"
        },
        "east": {
          "uv": [
            0,
            3.5,
            3.5,
            5.25
          ],
          "texture": "#2"
        },
        "south": {
          "uv": [
            10,
            3.5,
            13,
            5.25
          ],
          "texture": "#2"
        },
        "west": {
          "uv": [
            6.5,
            3.5,
            10,
            5.25
          ],
          "texture": "#2"
        },
        "up": {
          "uv": [
            6.5,
            3.5,
            3.5,
            0
          ],
          "texture": "#2"
        },
        "down": {
          "uv": [
            9.5,
            0,
            6.5,
            3.5
          ],
          "texture": "#2"
        }
      }
    },
    {
      "from": [
        3,
        0.1,
        2
      ],
      "to": [
        6,
        3.1,
        5
      ],
      "rotation": {
        "angle": 0,
        "axis": "y",
        "origin": [
          17,
          -10.9,
          1
        ]
      },
      "faces": {
        "north": {
          "uv": [
            0.75,
            0.75,
            1.5,
            1.5
          ],
          "texture": "#2"
        },
        "east": {
          "uv": [
            0,
            0.75,
            0.75,
            1.5
          ],
          "texture": "#2"
        },
        "south": {
          "uv": [
            2.25,
            0.75,
            3,
            1.5
          ],
          "texture": "#2"
        },
        "west": {
          "uv": [
            1.5,
            0.75,
            2.25,
            1.5
          ],
          "texture": "#2"
        },
        "up": {
          "uv": [
            1.5,
            0.75,
            0.75,
            0
          ],
          "texture": "#2"
        },
        "down": {
          "uv": [
            2.25,
            0,
            1.5,
            0.75
          ],
          "texture": "#2"
        }
      }
    },
    {
      "from": [
        4.5,
        3.1,
        3
      ],
      "to": [
        4.5,
        4.1,
        4
      ],
      "rotation": {
        "angle": 45,
        "axis": "y",
        "origin": [
          4.5,
          3.1,
          3.5
        ]
      },
      "faces": {
        "north": {
          "uv": [
            0.25,
            0.25,
            0.25,
            0.5
          ],
          "texture": "#2"
        },
        "east": {
          "uv": [
            0,
            0.25,
            0.25,
            0.5
          ],
          "texture": "#2"
        },
        "south": {
          "uv": [
            0.5,
            0.25,
            0.5,
            0.5
          ],
          "texture": "#2"
        },
        "west": {
          "uv": [
            0.25,
            0.25,
            0.5,
            0.5
          ],
          "texture": "#2"
        },
        "up": {
          "uv": [
            0.25,
            0.25,
            0.25,
            0
          ],
          "texture": "#2"
        },
        "down": {
          "uv": [
            0.25,
            0,
            0.25,
            0.25
          ],
          "texture": "#2"
        }
      }
    },
    {
      "from": [
        7,
        0.1,
        3
      ],
      "to": [
        10,
        3.1,
        6
      ],
      "rotation": {
        "angle": 0,
        "axis": "y",
        "origin": [
          21,
          -10.9,
          2
        ]
      },
      "faces": {
        "north": {
          "uv": [
            0.75,
            0.75,
            1.5,
            1.5
          ],
          "texture": "#2"
        },
        "east": {
          "uv": [
            0,
            0.75,
            0.75,
            1.5
          ],
          "texture": "#2"
        },
        "south": {
          "uv": [
            2.25,
            0.75,
            3,
            1.5
          ],
          "texture": "#2"
        },
        "west": {
          "uv": [
            1.5,
            0.75,
            2.25,
            1.5
          ],
          "texture": "#2"
        },
        "up": {
          "uv": [
            1.5,
            0.75,
            0.75,
            0
          ],
          "texture": "#2"
        },
        "down": {
          "uv": [
            2.25,
            0,
            1.5,
            0.75
          ],
          "texture": "#2"
        }
      }
    },
    {
      "from": [
        8.5,
        3.1,
        4
      ],
      "to": [
        8.5,
        4.1,
        5
      ],
      "rotation": {
        "angle": 45,
        "axis": "y",
        "origin": [
          8.5,
          3.1,
          4.5
        ]
      },
      "faces": {
        "north": {
          "uv": [
            0.25,
            0.25,
            0.25,
            0.5
          ],
          "texture": "#2"
        },
        "east": {
          "uv": [
            0,
            0.25,
            0.25,
            0.5
          ],
          "texture": "#2"
        },
        "south": {
          "uv": [
            0.5,
            0.25,
            0.5,
            0.5
          ],
          "texture": "#2"
        },
        "west": {
          "uv": [
            0.25,
            0.25,
            0.5,
            0.5
          ],
          "texture": "#2"
        },
        "up": {
          "uv": [
            0.25,
            0.25,
            0.25,
            0
          ],
          "texture": "#2"
        },
        "down": {
          "uv": [
            0.25,
            0,
            0.25,
            0.25
          ],
          "texture": "#2"
        }
      }
    },
    {
      "from": [
        4,
        0.1,
        5.9
      ],
      "to": [
        7,
        3.1,
        8.9
      ],
      "rotation": {
        "angle": 0,
        "axis": "y",
        "origin": [
          18,
          -10.9,
          4.9
        ]
      },
      "faces": {
        "north": {
          "uv": [
            0.75,
            0.75,
            1.5,
            1.5
          ],
          "texture": "#2"
        },
        "east": {
          "uv": [
            0,
            0.75,
            0.75,
            1.5
          ],
          "texture": "#2"
        },
        "south": {
          "uv": [
            2.25,
            0.75,
            3,
            1.5
          ],
          "texture": "#2"
        },
        "west": {
          "uv": [
            1.5,
            0.75,
            2.25,
            1.5
          ],
          "texture": "#2"
        },
        "up": {
          "uv": [
            1.5,
            0.75,
            0.75,
            0
          ],
          "texture": "#2"
        },
        "down": {
          "uv": [
            2.25,
            0,
            1.5,
            0.75
          ],
          "texture": "#2"
        }
      }
    },
    {
      "from": [
        5.5,
        3.1,
        6.9
      ],
      "to": [
        5.5,
        4.1,
        7.9
      ],
      "rotation": {
        "angle": 45,
        "axis": "y",
        "origin": [
          5.5,
          3.1,
          7.4
        ]
      },
      "faces": {
        "north": {
          "uv": [
            0.25,
            0.25,
            0.25,
            0.5
          ],
          "texture": "#2"
        },
        "east": {
          "uv": [
            0,
            0.25,
            0.25,
            0.5
          ],
          "texture": "#2"
        },
        "south": {
          "uv": [
            0.5,
            0.25,
            0.5,
            0.5
          ],
          "texture": "#2"
        },
        "west": {
          "uv": [
            0.25,
            0.25,
            0.5,
            0.5
          ],
          "texture": "#2"
        },
        "up": {
          "uv": [
            0.25,
            0.25,
            0.25,
            0
          ],
          "texture": "#2"
        },
        "down": {
          "uv": [
            0.25,
            0,
            0.25,
            0.25
          ],
          "texture": "#2"
        }
      }
    },
    {
      "from": [
        8,
        0.1,
        6.8
      ],
      "to": [
        11,
        3.1,
        9.8
      ],
      "rotation": {
        "angle": 0,
        "axis": "y",
        "origin": [
          22,
          -10.9,
          5.8
        ]
      },
      "faces": {
        "north": {
          "uv": [
            0.75,
            0.75,
            1.5,
            1.5
          ],
          "texture": "#2"
        },
        "east": {
          "uv": [
            0,
            0.75,
            0.75,
            1.5
          ],
          "texture": "#2"
        },
        "south": {
          "uv": [
            2.25,
            0.75,
            3,
            1.5
          ],
          "texture": "#2"
        },
        "west": {
          "uv": [
            1.5,
            0.75,
            2.25,
            1.5
          ],
          "texture": "#2"
        },
        "up": {
          "uv": [
            1.5,
            0.75,
            0.75,
            0
          ],
          "texture": "#2"
        },
        "down": {
          "uv": [
            2.25,
            0,
            1.5,
            0.75
          ],
          "texture": "#2"
        }
      }
    },
    {
      "from": [
        9.5,
        3.1,
        7.8
      ],
      "to": [
        9.5,
        4.1,
        8.8
      ],
      "rotation": {
        "angle": 45,
        "axis": "y",
        "origin": [
          9.5,
          3.1,
          8.3
        ]
      },
      "faces": {
        "north": {
          "uv": [
            0.25,
            0.25,
            0.25,
            0.5
          ],
          "texture": "#2"
        },
        "east": {
          "uv": [
            0,
            0.25,
            0.25,
            0.5
          ],
          "texture": "#2"
        },
        "south": {
          "uv": [
            0.5,
            0.25,
            0.5,
            0.5
          ],
          "texture": "#2"
        },
        "west": {
          "uv": [
            0.25,
            0.25,
            0.5,
            0.5
          ],
          "texture": "#2"
        },
        "up": {
          "uv": [
            0.25,
            0.25,
            0.25,
            0
          ],
          "texture": "#2"
        },
        "down": {
          "uv": [
            0.25,
            0,
            0.25,
            0.25
          ],
          "texture": "#2"
        }
      }
    },
    {
      "from": [
        6,
        0.1,
        9.7
      ],
      "to": [
        9,
        3.1,
        12.7
      ],
      "rotation": {
        "angle": 0,
        "axis": "y",
        "origin": [
          20,
          -10.9,
          8.7
        ]
      },
      "faces": {
        "north": {
          "uv": [
            0.75,
            0.75,
            1.5,
            1.5
          ],
          "texture": "#2"
        },
        "east": {
          "uv": [
            0,
            0.75,
            0.75,
            1.5
          ],
          "texture": "#2"
        },
        "south": {
          "uv": [
            2.25,
            0.75,
            3,
            1.5
          ],
          "texture": "#2"
        },
        "west": {
          "uv": [
            1.5,
            0.75,
            2.25,
            1.5
          ],
          "texture": "#2"
        },
        "up": {
          "uv": [
            1.5,
            0.75,
            0.75,
            0
          ],
          "texture": "#2"
        },
        "down": {
          "uv": [
            2.25,
            0,
            1.5,
            0.75
          ],
          "texture": "#2"
        }
      }
    },
    {
      "from": [
        7.5,
        3.1,
        10.7
      ],
      "to": [
        7.5,
        4.1,
        11.7
      ],
      "rotation": {
        "angle": 45,
        "axis": "y",
        "origin": [
          7.5,
          3.1,
          11.2
        ]
      },
      "faces": {
        "north": {
          "uv": [
            0.25,
            0.25,
            0.25,
            0.5
          ],
          "texture": "#2"
        },
        "east": {
          "uv": [
            0,
            0.25,
            0.25,
            0.5
          ],
          "texture": "#2"
        },
        "south": {
          "uv": [
            0.5,
            0.25,
            0.5,
            0.5
          ],
          "texture": "#2"
        },
        "west": {
          "uv": [
            0.25,
            0.25,
            0.5,
            0.5
          ],
          "texture": "#2"
        },
        "up": {
          "uv": [
            0.25,
            0.25,
            0.25,
            0
          ],
          "texture": "#2"
        },
        "down": {
          "uv": [
            0.25,
            0,
            0.25,
            0.25
          ],
          "texture": "#2"
        }
      }
    },
    {
      "from": [
        2.5,
        0.1,
        10.7
      ],
      "to": [
        5.5,
        3.1,
        13.7
      ],
      "rotation": {
        "angle": 0,
        "axis": "y",
        "origin": [
          16.5,
          -10.9,
          9.7
        ]
      },
      "faces": {
        "north": {
          "uv": [
            0.75,
            0.75,
            1.5,
            1.5
          ],
          "texture": "#2"
        },
        "east": {
          "uv": [
            0,
            0.75,
            0.75,
            1.5
          ],
          "texture": "#2"
        },
        "south": {
          "uv": [
            2.25,
            0.75,
            3,
            1.5
          ],
          "texture": "#2"
        },
        "west": {
          "uv": [
            1.5,
            0.75,
            2.25,
            1.5
          ],
          "texture": "#2"
        },
        "up": {
          "uv": [
            1.5,
            0.75,
            0.75,
            0
          ],
          "texture": "#2"
        },
        "down": {
          "uv": [
            2.25,
            0,
            1.5,
            0.75
          ],
          "texture": "#2"
        }
      }
    },
    {
      "from": [
        4,
        3.1,
        11.7
      ],
      "to": [
        4,
        4.1,
        12.7
      ],
      "rotation": {
        "angle": 45,
        "axis": "y",
        "origin": [
          4,
          3.1,
          12.2
        ]
      },
      "faces": {
        "north": {
          "uv": [
            0.25,
            0.25,
            0.25,
            0.5
          ],
          "texture": "#2"
        },
        "east": {
          "uv": [
            0,
            0.25,
            0.25,
            0.5
          ],
          "texture": "#2"
        },
        "south": {
          "uv": [
            0.5,
            0.25,
            0.5,
            0.5
          ],
          "texture": "#2"
        },
        "west": {
          "uv": [
            0.25,
            0.25,
            0.5,
            0.5
          ],
          "texture": "#2"
        },
        "up": {
          "uv": [
            0.25,
            0.25,
            0.25,
            0
          ],
          "texture": "#2"
        },
        "down": {
          "uv": [
            0.25,
            0,
            0.25,
            0.25
          ],
          "texture": "#2"
        }
      }
    },
    {
      "from": [
        9.5,
        0.1,
        10.7
      ],
      "to": [
        12.5,
        3.1,
        13.7
      ],
      "rotation": {
        "angle": 0,
        "axis": "y",
        "origin": [
          23.5,
          -10.9,
          9.7
        ]
      },
      "faces": {
        "north": {
          "uv": [
            0.75,
            0.75,
            1.5,
            1.5
          ],
          "texture": "#2"
        },
        "east": {
          "uv": [
            0,
            0.75,
            0.75,
            1.5
          ],
          "texture": "#2"
        },
        "south": {
          "uv": [
            2.25,
            0.75,
            3,
            1.5
          ],
          "texture": "#2"
        },
        "west": {
          "uv": [
            1.5,
            0.75,
            2.25,
            1.5
          ],
          "texture": "#2"
        },
        "up": {
          "uv": [
            1.5,
            0.75,
            0.75,
            0
          ],
          "texture": "#2"
        },
        "down": {
          "uv": [
            2.25,
            0,
            1.5,
            0.75
          ],
          "texture": "#2"
        }
      }
    },
    {
      "from": [
        11,
        3.1,
        11.7
      ],
      "to": [
        11,
        4.1,
        12.7
      ],
      "rotation": {
        "angle": 45,
        "axis": "y",
        "origin": [
          11,
          3.1,
          12.2
        ]
      },
      "faces": {
        "north": {
          "uv": [
            0.25,
            0.25,
            0.25,
            0.5
          ],
          "texture": "#2"
        },
        "east": {
          "uv": [
            0,
            0.25,
            0.25,
            0.5
          ],
          "texture": "#2"
        },
        "south": {
          "uv": [
            0.5,
            0.25,
            0.5,
            0.5
          ],
          "texture": "#2"
        },
        "west": {
          "uv": [
            0.25,
            0.25,
            0.5,
            0.5
          ],
          "texture": "#2"
        },
        "up": {
          "uv": [
            0.25,
            0.25,
            0.25,
            0
          ],
          "texture": "#2"
        },
        "down": {
          "uv": [
            0.25,
            0,
            0.25,
            0.25
          ],
          "texture": "#2"
        }
      }
    },
    {
      "from": [
        10.5,
        0.1,
        1.7
      ],
      "to": [
        13.5,
        3.1,
        4.7
      ],
      "rotation": {
        "angle": 0,
        "axis": "y",
        "origin": [
          24.5,
          -10.9,
          0.7
        ]
      },
      "faces": {
        "north": {
          "uv": [
            0.75,
            0.75,
            1.5,
            1.5
          ],
          "texture": "#2"
        },
        "east": {
          "uv": [
            0,
            0.75,
            0.75,
            1.5
          ],
          "texture": "#2"
        },
        "south": {
          "uv": [
            2.25,
            0.75,
            3,
            1.5
          ],
          "texture": "#2"
        },
        "west": {
          "uv": [
            1.5,
            0.75,
            2.25,
            1.5
          ],
          "texture": "#2"
        },
        "up": {
          "uv": [
            1.5,
            0.75,
            0.75,
            0
          ],
          "texture": "#2"
        },
        "down": {
          "uv": [
            2.25,
            0,
            1.5,
            0.75
          ],
          "texture": "#2"
        }
      }
    },
    {
      "from": [
        12,
        3.1,
        2.7
      ],
      "to": [
        12,
        4.1,
        3.7
      ],
      "rotation": {
        "angle": 45,
        "axis": "y",
        "origin": [
          12,
          3.1,
          3.2
        ]
      },
      "faces": {
        "north": {
          "uv": [
            0.25,
            0.25,
            0.25,
            0.5
          ],
          "texture": "#2"
        },
        "east": {
          "uv": [
            0,
            0.25,
            0.25,
            0.5
          ],
          "texture": "#2"
        },
        "south": {
          "uv": [
            0.5,
            0.25,
            0.5,
            0.5
          ],
          "texture": "#2"
        },
        "west": {
          "uv": [
            0.25,
            0.25,
            0.5,
            0.5
          ],
          "texture": "#2"
        },
        "up": {
          "uv": [
            0.25,
            0.25,
            0.25,
            0
          ],
          "texture": "#2"
        },
        "down": {
          "uv": [
            0.25,
            0,
            0.25,
            0.25
          ],
          "texture": "#2"
        }
      }
    },
    {
      "from": [
        10.5,
        0.2,
        5.7
      ],
      "to": [
        13.5,
        3.2,
        8.7
      ],
      "rotation": {
        "angle": 0,
        "axis": "y",
        "origin": [
          24.5,
          -10.8,
          4.7
        ]
      },
      "faces": {
        "north": {
          "uv": [
            0.75,
            0.75,
            1.5,
            1.5
          ],
          "texture": "#2"
        },
        "east": {
          "uv": [
            0,
            0.75,
            0.75,
            1.5
          ],
          "texture": "#2"
        },
        "south": {
          "uv": [
            2.25,
            0.75,
            3,
            1.5
          ],
          "texture": "#2"
        },
        "west": {
          "uv": [
            1.5,
            0.75,
            2.25,
            1.5
          ],
          "texture": "#2"
        },
        "up": {
          "uv": [
            1.5,
            0.75,
            0.75,
            0
          ],
          "texture": "#2"
        },
        "down": {
          "uv": [
            2.25,
            0,
            1.5,
            0.75
          ],
          "texture": "#2"
        }
      }
    },
    {
      "from": [
        12,
        3.2,
        6.7
      ],
      "to": [
        12,
        4.2,
        7.7
      ],
      "rotation": {
        "angle": 45,
        "axis": "y",
        "origin": [
          12,
          3.2,
          7.2
        ]
      },
      "faces": {
        "north": {
          "uv": [
            0.25,
            0.25,
            0.25,
            0.5
          ],
          "texture": "#2"
        },
        "east": {
          "uv": [
            0,
            0.25,
            0.25,
            0.5
          ],
          "texture": "#2"
        },
        "south": {
          "uv": [
            0.5,
            0.25,
            0.5,
            0.5
          ],
          "texture": "#2"
        },
        "west": {
          "uv": [
            0.25,
            0.25,
            0.5,
            0.5
          ],
          "texture": "#2"
        },
        "up": {
          "uv": [
            0.25,
            0.25,
            0.25,
            0
          ],
          "texture": "#2"
        },
        "down": {
          "uv": [
            0.25,
            0,
            0.25,
            0.25
          ],
          "texture": "#2"
        }
      }
    },
    {
      "from": [
        9.5,
        3.2,
        8.7
      ],
      "to": [
        12.5,
        6.2,
        11.7
      ],
      "rotation": {
        "angle": 0,
        "axis": "y",
        "origin": [
          23.5,
          -7.8,
          7.7
        ]
      },
      "faces": {
        "north": {
          "uv": [
            0.75,
            0.75,
            1.5,
            1.5
          ],
          "texture": "#2"
        },
        "east": {
          "uv": [
            0,
            0.75,
            0.75,
            1.5
          ],
          "texture": "#2"
        },
        "south": {
          "uv": [
            2.25,
            0.75,
            3,
            1.5
          ],
          "texture": "#2"
        },
        "west": {
          "uv": [
            1.5,
            0.75,
            2.25,
            1.5
          ],
          "texture": "#2"
        },
        "up": {
          "uv": [
            1.5,
            0.75,
            0.75,
            0
          ],
          "texture": "#2"
        },
        "down": {
          "uv": [
            2.25,
            0,
            1.5,
            0.75
          ],
          "texture": "#2"
        }
      }
    },
    {
      "from": [
        11,
        6.2,
        9.7
      ],
      "to": [
        11,
        7.2,
        10.7
      ],
      "rotation": {
        "angle": 45,
        "axis": "y",
        "origin": [
          11,
          6.2,
          10.2
        ]
      },
      "faces": {
        "north": {
          "uv": [
            0.25,
            0.25,
            0.25,
            0.5
          ],
          "texture": "#2"
        },
        "east": {
          "uv": [
            0,
            0.25,
            0.25,
            0.5
          ],
          "texture": "#2"
        },
        "south": {
          "uv": [
            0.5,
            0.25,
            0.5,
            0.5
          ],
          "texture": "#2"
        },
        "west": {
          "uv": [
            0.25,
            0.25,
            0.5,
            0.5
          ],
          "texture": "#2"
        },
        "up": {
          "uv": [
            0.25,
            0.25,
            0.25,
            0
          ],
          "texture": "#2"
        },
        "down": {
          "uv": [
            0.25,
            0,
            0.25,
            0.25
          ],
          "texture": "#2"
        }
      }
    },
    {
      "from": [
        4.5,
        3.2,
        9.7
      ],
      "to": [
        7.5,
        6.2,
        12.7
      ],
      "rotation": {
        "angle": 0,
        "axis": "y",
        "origin": [
          18.5,
          -7.8,
          8.7
        ]
      },
      "faces": {
        "north": {
          "uv": [
            0.75,
            0.75,
            1.5,
            1.5
          ],
          "texture": "#2"
        },
        "east": {
          "uv": [
            0,
            0.75,
            0.75,
            1.5
          ],
          "texture": "#2"
        },
        "south": {
          "uv": [
            2.25,
            0.75,
            3,
            1.5
          ],
          "texture": "#2"
        },
        "west": {
          "uv": [
            1.5,
            0.75,
            2.25,
            1.5
          ],
          "texture": "#2"
        },
        "up": {
          "uv": [
            1.5,
            0.75,
            0.75,
            0
          ],
          "texture": "#2"
        },
        "down": {
          "uv": [
            2.25,
            0,
            1.5,
            0.75
          ],
          "texture": "#2"
        }
      }
    },
    {
      "from": [
        6,
        6.2,
        10.7
      ],
      "to": [
        6,
        7.2,
        11.7
      ],
      "rotation": {
        "angle": 45,
        "axis": "y",
        "origin": [
          6,
          6.2,
          11.2
        ]
      },
      "faces": {
        "north": {
          "uv": [
            0.25,
            0.25,
            0.25,
            0.5
          ],
          "texture": "#2"
        },
        "east": {
          "uv": [
            0,
            0.25,
            0.25,
            0.5
          ],
          "texture": "#2"
        },
        "south": {
          "uv": [
            0.5,
            0.25,
            0.5,
            0.5
          ],
          "texture": "#2"
        },
        "west": {
          "uv": [
            0.25,
            0.25,
            0.5,
            0.5
          ],
          "texture": "#2"
        },
        "up": {
          "uv": [
            0.25,
            0.25,
            0.25,
            0
          ],
          "texture": "#2"
        },
        "down": {
          "uv": [
            0.25,
            0,
            0.25,
            0.25
          ],
          "texture": "#2"
        }
      }
    },
    {
      "from": [
        4.5,
        3.2,
        2.7
      ],
      "to": [
        7.5,
        6.2,
        5.7
      ],
      "rotation": {
        "angle": 0,
        "axis": "y",
        "origin": [
          18.5,
          -7.8,
          1.7
        ]
      },
      "faces": {
        "north": {
          "uv": [
            0.75,
            0.75,
            1.5,
            1.5
          ],
          "texture": "#2"
        },
        "east": {
          "uv": [
            0,
            0.75,
            0.75,
            1.5
          ],
          "texture": "#2"
        },
        "south": {
          "uv": [
            2.25,
            0.75,
            3,
            1.5
          ],
          "texture": "#2"
        },
        "west": {
          "uv": [
            1.5,
            0.75,
            2.25,
            1.5
          ],
          "texture": "#2"
        },
        "up": {
          "uv": [
            1.5,
            0.75,
            0.75,
            0
          ],
          "texture": "#2"
        },
        "down": {
          "uv": [
            2.25,
            0,
            1.5,
            0.75
          ],
          "texture": "#2"
        }
      }
    },
    {
      "from": [
        6,
        6.2,
        3.7
      ],
      "to": [
        6,
        7.2,
        4.7
      ],
      "rotation": {
        "angle": 45,
        "axis": "y",
        "origin": [
          6,
          6.2,
          4.2
        ]
      },
      "faces": {
        "north": {
          "uv": [
            0.25,
            0.25,
            0.25,
            0.5
          ],
          "texture": "#2"
        },
        "east": {
          "uv": [
            0,
            0.25,
            0.25,
            0.5
          ],
          "texture": "#2"
        },
        "south": {
          "uv": [
            0.5,
            0.25,
            0.5,
            0.5
          ],
          "texture": "#2"
        },
        "west": {
          "uv": [
            0.25,
            0.25,
            0.5,
            0.5
          ],
          "texture": "#2"
        },
        "up": {
          "uv": [
            0.25,
            0.25,
            0.25,
            0
          ],
          "texture": "#2"
        },
        "down": {
          "uv": [
            0.25,
            0,
            0.25,
            0.25
          ],
          "texture": "#2"
        }
      }
    },
    {
      "from": [
        9.5,
        3.2,
        2.7
      ],
      "to": [
        12.5,
        6.2,
        5.7
      ],
      "rotation": {
        "angle": 0,
        "axis": "y",
        "origin": [
          23.5,
          -7.8,
          1.7
        ]
      },
      "faces": {
        "north": {
          "uv": [
            0.75,
            0.75,
            1.5,
            1.5
          ],
          "texture": "#2"
        },
        "east": {
          "uv": [
            0,
            0.75,
            0.75,
            1.5
          ],
          "texture": "#2"
        },
        "south": {
          "uv": [
            2.25,
            0.75,
            3,
            1.5
          ],
          "texture": "#2"
        },
        "west": {
          "uv": [
            1.5,
            0.75,
            2.25,
            1.5
          ],
          "texture": "#2"
        },
        "up": {
          "uv": [
            1.5,
            0.75,
            0.75,
            0
          ],
          "texture": "#2"
        },
        "down": {
          "uv": [
            2.25,
            0,
            1.5,
            0.75
          ],
          "texture": "#2"
        }
      }
    },
    {
      "from": [
        11,
        6.2,
        3.7
      ],
      "to": [
        11,
        7.2,
        4.7
      ],
      "rotation": {
        "angle": 45,
        "axis": "y",
        "origin": [
          11,
          6.2,
          4.2
        ]
      },
      "faces": {
        "north": {
          "uv": [
            0.25,
            0.25,
            0.25,
            0.5
          ],
          "texture": "#2"
        },
        "east": {
          "uv": [
            0,
            0.25,
            0.25,
            0.5
          ],
          "texture": "#2"
        },
        "south": {
          "uv": [
            0.5,
            0.25,
            0.5,
            0.5
          ],
          "texture": "#2"
        },
        "west": {
          "uv": [
            0.25,
            0.25,
            0.5,
            0.5
          ],
          "texture": "#2"
        },
        "up": {
          "uv": [
            0.25,
            0.25,
            0.25,
            0
          ],
          "texture": "#2"
        },
        "down": {
          "uv": [
            0.25,
            0,
            0.25,
            0.25
          ],
          "texture": "#2"
        }
      }
    },
    {
      "from": [
        5.5,
        3.2,
        6.2
      ],
      "to": [
        8.5,
        6.2,
        9.2
      ],
      "rotation": {
        "angle": 0,
        "axis": "y",
        "origin": [
          19.5,
          -7.8,
          5.2
        ]
      },
      "faces": {
        "north": {
          "uv": [
            0.75,
            0.75,
            1.5,
            1.5
          ],
          "texture": "#2"
        },
        "east": {
          "uv": [
            0,
            0.75,
            0.75,
            1.5
          ],
          "texture": "#2"
        },
        "south": {
          "uv": [
            2.25,
            0.75,
            3,
            1.5
          ],
          "texture": "#2"
        },
        "west": {
          "uv": [
            1.5,
            0.75,
            2.25,
            1.5
          ],
          "texture": "#2"
        },
        "up": {
          "uv": [
            1.5,
            0.75,
            0.75,
            0
          ],
          "texture": "#2"
        },
        "down": {
          "uv": [
            2.25,
            0,
            1.5,
            0.75
          ],
          "texture": "#2"
        }
      }
    },
    {
      "from": [
        7,
        6.2,
        7.2
      ],
      "to": [
        7,
        7.2,
        8.2
      ],
      "rotation": {
        "angle": 45,
        "axis": "y",
        "origin": [
          7,
          6.2,
          7.7
        ]
      },
      "faces": {
        "north": {
          "uv": [
            0.25,
            0.25,
            0.25,
            0.5
          ],
          "texture": "#2"
        },
        "east": {
          "uv": [
            0,
            0.25,
            0.25,
            0.5
          ],
          "texture": "#2"
        },
        "south": {
          "uv": [
            0.5,
            0.25,
            0.5,
            0.5
          ],
          "texture": "#2"
        },
        "west": {
          "uv": [
            0.25,
            0.25,
            0.5,
            0.5
          ],
          "texture": "#2"
        },
        "up": {
          "uv": [
            0.25,
            0.25,
            0.25,
            0
          ],
          "texture": "#2"
        },
        "down": {
          "uv": [
            0.25,
            0,
            0.25,
            0.25
          ],
          "texture": "#2"
        }
      }
    },
    {
      "from": [
        9,
        3.2,
        5.7
      ],
      "to": [
        12,
        6.2,
        8.7
      ],
      "rotation": {
        "angle": 0,
        "axis": "y",
        "origin": [
          23,
          -7.8,
          4.7
        ]
      },
      "faces": {
        "north": {
          "uv": [
            0.75,
            0.75,
            1.5,
            1.5
          ],
          "texture": "#2"
        },
        "east": {
          "uv": [
            0,
            0.75,
            0.75,
            1.5
          ],
          "texture": "#2"
        },
        "south": {
          "uv": [
            2.25,
            0.75,
            3,
            1.5
          ],
          "texture": "#2"
        },
        "west": {
          "uv": [
            1.5,
            0.75,
            2.25,
            1.5
          ],
          "texture": "#2"
        },
        "up": {
          "uv": [
            1.5,
            0.75,
            0.75,
            0
          ],
          "texture": "#2"
        },
        "down": {
          "uv": [
            2.25,
            0,
            1.5,
            0.75
          ],
          "texture": "#2"
        }
      }
    },
    {
      "from": [
        10.5,
        6.2,
        6.7
      ],
      "to": [
        10.5,
        7.2,
        7.7
      ],
      "rotation": {
        "angle": 45,
        "axis": "y",
        "origin": [
          10.5,
          6.2,
          7.2
        ]
      },
      "faces": {
        "north": {
          "uv": [
            0.25,
            0.25,
            0.25,
            0.5
          ],
          "texture": "#2"
        },
        "east": {
          "uv": [
            0,
            0.25,
            0.25,
            0.5
          ],
          "texture": "#2"
        },
        "south": {
          "uv": [
            0.5,
            0.25,
            0.5,
            0.5
          ],
          "texture": "#2"
        },
        "west": {
          "uv": [
            0.25,
            0.25,
            0.5,
            0.5
          ],
          "texture": "#2"
        },
        "up": {
          "uv": [
            0.25,
            0.25,
            0.25,
            0
          ],
          "texture": "#2"
        },
        "down": {
          "uv": [
            0.25,
            0,
            0.25,
            0.25
          ],
          "texture": "#2"
        }
      }
    },
    {
      "from": [
        7.3,
        6.1,
        7.6
      ],
      "to": [
        10.3,
        9.1,
        10.6
      ],
      "rotation": {
        "angle": 0,
        "axis": "y",
        "origin": [
          21.3,
          -4.9,
          6.6
        ]
      },
      "faces": {
        "north": {
          "uv": [
            0.75,
            0.75,
            1.5,
            1.5
          ],
          "texture": "#2"
        },
        "east": {
          "uv": [
            0,
            0.75,
            0.75,
            1.5
          ],
          "texture": "#2"
        },
        "south": {
          "uv": [
            2.25,
            0.75,
            3,
            1.5
          ],
          "texture": "#2"
        },
        "west": {
          "uv": [
            1.5,
            0.75,
            2.25,
            1.5
          ],
          "texture": "#2"
        },
        "up": {
          "uv": [
            1.5,
            0.75,
            0.75,
            0
          ],
          "texture": "#2"
        },
        "down": {
          "uv": [
            2.25,
            0,
            1.5,
            0.75
          ],
          "texture": "#2"
        }
      }
    },
    {
      "from": [
        8.8,
        9.1,
        8.6
      ],
      "to": [
        8.8,
        10.1,
        9.6
      ],
      "rotation": {
        "angle": 45,
        "axis": "y",
        "origin": [
          8.8,
          9.1,
          9.1
        ]
      },
      "faces": {
        "north": {
          "uv": [
            0.25,
            0.25,
            0.25,
            0.5
          ],
          "texture": "#2"
        },
        "east": {
          "uv": [
            0,
            0.25,
            0.25,
            0.5
          ],
          "texture": "#2"
        },
        "south": {
          "uv": [
            0.5,
            0.25,
            0.5,
            0.5
          ],
          "texture": "#2"
        },
        "west": {
          "uv": [
            0.25,
            0.25,
            0.5,
            0.5
          ],
          "texture": "#2"
        },
        "up": {
          "uv": [
            0.25,
            0.25,
            0.25,
            0
          ],
          "texture": "#2"
        },
        "down": {
          "uv": [
            0.25,
            0,
            0.25,
            0.25
          ],
          "texture": "#2"
        }
      }
    },
    {
      "from": [
        7.3,
        6.1,
        3.6
      ],
      "to": [
        10.3,
        9.1,
        6.6
      ],
      "rotation": {
        "angle": 0,
        "axis": "y",
        "origin": [
          21.3,
          -4.9,
          2.6
        ]
      },
      "faces": {
        "north": {
          "uv": [
            0.75,
            0.75,
            1.5,
            1.5
          ],
          "texture": "#2"
        },
        "east": {
          "uv": [
            0,
            0.75,
            0.75,
            1.5
          ],
          "texture": "#2"
        },
        "south": {
          "uv": [
            2.25,
            0.75,
            3,
            1.5
          ],
          "texture": "#2"
        },
        "west": {
          "uv": [
            1.5,
            0.75,
            2.25,
            1.5
          ],
          "texture": "#2"
        },
        "up": {
          "uv": [
            1.5,
            0.75,
            0.75,
            0
          ],
          "texture": "#2"
        },
        "down": {
          "uv": [
            2.25,
            0,
            1.5,
            0.75
          ],
          "texture": "#2"
        }
      }
    },
    {
      "from": [
        8.8,
        9.1,
        4.6
      ],
      "to": [
        8.8,
        10.1,
        5.6
      ],
      "rotation": {
        "angle": 45,
        "axis": "y",
        "origin": [
          8.8,
          9.1,
          5.1
        ]
      },
      "faces": {
        "north": {
          "uv": [
            0.25,
            0.25,
            0.25,
            0.5
          ],
          "texture": "#2"
        },
        "east": {
          "uv": [
            0,
            0.25,
            0.25,
            0.5
          ],
          "texture": "#2"
        },
        "south": {
          "uv": [
            0.5,
            0.25,
            0.5,
            0.5
          ],
          "texture": "#2"
        },
        "west": {
          "uv": [
            0.25,
            0.25,
            0.5,
            0.5
          ],
          "texture": "#2"
        },
        "up": {
          "uv": [
            0.25,
            0.25,
            0.25,
            0
          ],
          "texture": "#2"
        },
        "down": {
          "uv": [
            0.25,
            0,
            0.25,
            0.25
          ],
          "texture": "#2"
        }
      }
    },
    {
      "name": "cube inverted",
      "from": [
        14,
        7.05078,
        15
      ],
      "to": [
        2,
        0.05078,
        1
      ],
      "faces": {
        "north": {
          "uv": [
            10,
            5.25,
            13,
            3.5
          ],
          "texture": "#2"
        },
        "east": {
          "uv": [
            6.5,
            5.25,
            10,
            3.5
          ],
          "texture": "#2"
        },
        "south": {
          "uv": [
            3.5,
            5.25,
            6.5,
            3.5
          ],
          "texture": "#2"
        },
        "west": {
          "uv": [
            0,
            5.25,
            3.5,
            3.5
          ],
          "texture": "#2"
        },
        "up": {
          "uv": [
            6.5,
            0,
            9.5,
            3.5
          ],
          "texture": "#2"
        },
        "down": {
          "uv": [
            3.5,
            3.5,
            6.5,
            0
          ],
          "texture": "#2"
        }
      }
    }
  ],
  "display": {
    "thirdperson_righthand": {
      "rotation": [
        60,
        -160,
        0
      ],
      "translation": [
        -1.5,
        6,
        1
      ],
      "scale": [
        0.6,
        0.6,
        0.6
      ]
    },
    "thirdperson_lefthand": {
      "rotation": [
        60,
        -160,
        0
      ],
      "translation": [
        -1.5,
        6,
        1
      ],
      "scale": [
        0.6,
        0.6,
        0.6
      ]
    },
    "firstperson_righthand": {
      "rotation": [
        0,
        -73,
        6
      ],
      "translation": [
        0,
        2.25,
        0
      ],
      "scale": [
        0.5,
        0.5,
        0.5
      ]
    },
    "firstperson_lefthand": {
      "rotation": [
        0,
        -73,
        6
      ],
      "translation": [
        0,
        2.25,
        0
      ],
      "scale": [
        0.5,
        0.5,
        0.5
      ]
    },
    "ground": {
      "translation": [
        0,
        1.5,
        0
      ],
      "scale": [
        0.35,
        0.35,
        0.35
      ]
    },
    "gui": {
      "rotation": [
        30,
        -40,
        0
      ],
      "translation": [
        0,
        1.25,
        0
      ],
      "scale": [
        0.65,
        0.65,
        0.65
      ]
    },
    "head": {
      "translation": [
        0,
        -30.4,
        0
      ],
      "scale": [
        1.6,
        1.6,
        1.6
      ]
    },
    "fixed": {
      "rotation": [
        -90,
        0,
        0
      ],
      "translation": [
        0,
        0,
        -15
      ],
      "scale": [
        2,
        2,
        2
      ]
    }
  }
}