{
  "credit": "MadebyPolygonMC",
  "texture_size": [
    32,
    32
  ],
  "textures": {
    "1": "evergreenset:wings",
    "2": "evergreenset:animations/animations_2",
    "3": "evergreenset:animations/animations_1",
    "particle": "evergreenset:wings"
  },
  "elements": [
    {
      "from": [
        7,
        7.00886,
        7.2
      ],
      "to": [
        9,
        8.50886,
        8.8
      ],
      "rotation": {
        "angle": 0,
        "axis": "y",
        "origin": [
          8,
          6.67136,
          8
        ]
      },
      "faces": {
        "north": {
          "uv": [
            2.875,
            12.875,
            3.875,
            13.625
          ],
          "texture": "#1"
        },
        "east": {
          "uv": [
            0,
            11,
            0.75,
            11.75
          ],
          "texture": "#1"
        },
        "south": {
          "uv": [
            3.875,
            12.875,
            4.875,
            13.625
          ],
          "texture": "#1"
        },
        "west": {
          "uv": [
            11,
            0,
            11.75,
            0.75
          ],
          "texture": "#1"
        },
        "up": {
          "uv": [
            5.875,
            13.625,
            4.875,
            12.875
          ],
          "texture": "#1"
        },
        "down": {
          "uv": [
            6.875,
            12.875,
            5.875,
            13.625
          ],
          "texture": "#1"
        }
      }
    },
    {
      "from": [
        7.4078,
        7.17778,
        7.205
      ],
      "to": [
        9.4078,
        8.67778,
        8.795
      ],
      "rotation": {
        "angle": -45,
        "axis": "z",
        "origin": [
          8,
          6.67136,
          8
        ]
      },
      "faces": {
        "north": {
          "uv": [
            7.125,
            12.875,
            8.125,
            13.625
          ],
          "texture": "#1"
        },
        "east": {
          "uv": [
            1,
            11,
            1.75,
            11.75
          ],
          "texture": "#1"
        },
        "south": {
          "uv": [
            8.125,
            12.875,
            9.125,
            13.625
          ],
          "texture": "#1"
        },
        "up": {
          "uv": [
            10.125,
            13.625,
            9.125,
            12.875
          ],
          "texture": "#1"
        },
        "down": {
          "uv": [
            4,
            10,
            3,
            10.75
          ],
          "texture": "#1"
        }
      }
    },
    {
      "from": [
        6.5922,
        7.17778,
        7.205
      ],
      "to": [
        8.5922,
        8.67778,
        8.795
      ],
      "rotation": {
        "angle": 45,
        "axis": "z",
        "origin": [
          8,
          6.67136,
          8
        ]
      },
      "faces": {
        "north": {
          "uv": [
            4,
            10,
            5,
            10.75
          ],
          "texture": "#1"
        },
        "south": {
          "uv": [
            5,
            10,
            6,
            10.75
          ],
          "texture": "#1"
        },
        "west": {
          "uv": [
            11,
            1,
            11.75,
            1.75
          ],
          "texture": "#1"
        },
        "up": {
          "uv": [
            7,
            10.75,
            6,
            10
          ],
          "texture": "#1"
        },
        "down": {
          "uv": [
            8,
            10,
            7,
            10.75
          ],
          "texture": "#1"
        }
      }
    },
    {
      "from": [
        8.95,
        7.55886,
        7.5
      ],
      "to": [
        11.45,
        8.55886,
        8.5
      ],
      "rotation": {
        "angle": 0,
        "axis": "y",
        "origin": [
          8,
          6.67136,
          8
        ]
      },
      "faces": {
        "north": {
          "uv": [
            8,
            10,
            9.25,
            10.5
          ],
          "texture": "#1"
        },
        "east": {
          "uv": [
            7,
            11,
            7.5,
            11.5
          ],
          "texture": "#1"
        },
        "south": {
          "uv": [
            11,
            9,
            12.25,
            9.5
          ],
          "texture": "#1"
        },
        "west": {
          "uv": [
            11,
            7,
            11.5,
            7.5
          ],
          "texture": "#1"
        },
        "up": {
          "uv": [
            10.75,
            10.5,
            9.5,
            10
          ],
          "texture": "#1"
        },
        "down": {
          "uv": [
            12.25,
            9.5,
            11,
            10
          ],
          "texture": "#1"
        }
      }
    },
    {
      "from": [
        8.95,
        8.55886,
        7.5
      ],
      "to": [
        9.7,
        9.55886,
        8.5
      ],
      "rotation": {
        "angle": 0,
        "axis": "y",
        "origin": [
          8,
          6.67136,
          8
        ]
      },
      "faces": {
        "north": {
          "uv": [
            10.5,
            11,
            10.875,
            11.5
          ],
          "texture": "#1"
        },
        "east": {
          "uv": [
            7.5,
            11,
            8,
            11.5
          ],
          "texture": "#1"
        },
        "south": {
          "uv": [
            11,
            10.5,
            11.375,
            11
          ],
          "texture": "#1"
        },
        "west": {
          "uv": [
            11,
            7.5,
            11.5,
            8
          ],
          "texture": "#1"
        },
        "up": {
          "uv": [
            11.375,
            11.5,
            11,
            11
          ],
          "texture": "#1"
        },
        "down": {
          "uv": [
            11.875,
            2,
            11.5,
            2.5
          ],
          "texture": "#1"
        }
      }
    },
    {
      "from": [
        7.4656,
        9.23962,
        7.505
      ],
      "to": [
        8.4656,
        9.98962,
        8.495
      ],
      "rotation": {
        "angle": -22.5,
        "axis": "z",
        "origin": [
          8,
          6.67136,
          8
        ]
      },
      "faces": {
        "north": {
          "uv": [
            11.5,
            2.5,
            12,
            2.875
          ],
          "texture": "#1"
        },
        "east": {
          "uv": [
            11.5,
            3,
            12,
            3.375
          ],
          "texture": "#1"
        },
        "south": {
          "uv": [
            11.5,
            3.5,
            12,
            3.875
          ],
          "texture": "#1"
        },
        "west": {
          "uv": [
            11.5,
            4,
            12,
            4.375
          ],
          "texture": "#1"
        },
        "up": {
          "uv": [
            8.5,
            11.5,
            8,
            11
          ],
          "texture": "#1"
        },
        "down": {
          "uv": [
            11.5,
            8,
            11,
            8.5
          ],
          "texture": "#1"
        }
      }
    },
    {
      "from": [
        7.5344,
        9.23962,
        7.505
      ],
      "to": [
        8.5344,
        9.98962,
        8.495
      ],
      "rotation": {
        "angle": 22.5,
        "axis": "z",
        "origin": [
          8,
          6.67136,
          8
        ]
      },
      "faces": {
        "north": {
          "uv": [
            11.5,
            4.5,
            12,
            4.875
          ],
          "texture": "#1"
        },
        "east": {
          "uv": [
            11.5,
            5,
            12,
            5.375
          ],
          "texture": "#1"
        },
        "south": {
          "uv": [
            5.5,
            11.5,
            6,
            11.875
          ],
          "texture": "#1"
        },
        "west": {
          "uv": [
            11.5,
            5.5,
            12,
            5.875
          ],
          "texture": "#1"
        },
        "up": {
          "uv": [
            9,
            11.5,
            8.5,
            11
          ],
          "texture": "#1"
        },
        "down": {
          "uv": [
            11.5,
            8.5,
            11,
            9
          ],
          "texture": "#1"
        }
      }
    },
    {
      "from": [
        6.3,
        8.55886,
        7.5
      ],
      "to": [
        7.05,
        9.55886,
        8.5
      ],
      "rotation": {
        "angle": 0,
        "axis": "y",
        "origin": [
          8,
          6.67136,
          8
        ]
      },
      "faces": {
        "north": {
          "uv": [
            6,
            11.5,
            6.375,
            12
          ],
          "texture": "#1"
        },
        "east": {
          "uv": [
            9,
            11,
            9.5,
            11.5
          ],
          "texture": "#1"
        },
        "south": {
          "uv": [
            11.5,
            6,
            11.875,
            6.5
          ],
          "texture": "#1"
        },
        "west": {
          "uv": [
            9.5,
            11,
            10,
            11.5
          ],
          "texture": "#1"
        },
        "up": {
          "uv": [
            6.875,
            12,
            6.5,
            11.5
          ],
          "texture": "#1"
        },
        "down": {
          "uv": [
            7.375,
            11.5,
            7,
            12
          ],
          "texture": "#1"
        }
      }
    },
    {
      "from": [
        4.55,
        7.55886,
        7.5
      ],
      "to": [
        7.05,
        8.55886,
        8.5
      ],
      "rotation": {
        "angle": 0,
        "axis": "y",
        "origin": [
          8,
          6.67136,
          8
        ]
      },
      "faces": {
        "north": {
          "uv": [
            0,
            10.5,
            1.25,
            11
          ],
          "texture": "#1"
        },
        "east": {
          "uv": [
            10,
            11,
            10.5,
            11.5
          ],
          "texture": "#1"
        },
        "south": {
          "uv": [
            1.5,
            10.5,
            2.75,
            11
          ],
          "texture": "#1"
        },
        "west": {
          "uv": [
            11,
            10,
            11.5,
            10.5
          ],
          "texture": "#1"
        },
        "up": {
          "uv": [
            9.25,
            11,
            8,
            10.5
          ],
          "texture": "#1"
        },
        "down": {
          "uv": [
            10.75,
            10.5,
            9.5,
            11
          ],
          "texture": "#1"
        }
      }
    },
    {
      "from": [
        11.15223,
        6.45931,
        7.605
      ],
      "to": [
        11.90223,
        7.45931,
        8.395
      ],
      "rotation": {
        "angle": 22.5,
        "axis": "z",
        "origin": [
          10.55978,
          6.43386,
          8
        ]
      },
      "faces": {
        "north": {
          "uv": [
            11.5,
            7,
            11.875,
            7.5
          ],
          "texture": "#1"
        },
        "east": {
          "uv": [
            7.5,
            11.5,
            7.875,
            12
          ],
          "texture": "#1"
        },
        "south": {
          "uv": [
            11.5,
            7.5,
            11.875,
            8
          ],
          "texture": "#1"
        },
        "west": {
          "uv": [
            8,
            11.5,
            8.375,
            12
          ],
          "texture": "#1"
        },
        "up": {
          "uv": [
            11.875,
            11.375,
            11.5,
            11
          ],
          "texture": "#1"
        },
        "down": {
          "uv": [
            11.875,
            11.5,
            11.5,
            11.875
          ],
          "texture": "#1"
        }
      }
    },
    {
      "from": [
        10.3,
        5.18386,
        7.6
      ],
      "to": [
        11.05,
        7.68386,
        8.4
      ],
      "rotation": {
        "angle": -45,
        "axis": "z",
        "origin": [
          10.55978,
          6.43386,
          8
        ]
      },
      "faces": {
        "north": {
          "uv": [
            2,
            11,
            2.375,
            12.25
          ],
          "texture": "#1"
        },
        "east": {
          "uv": [
            11,
            2,
            11.375,
            3.25
          ],
          "texture": "#1"
        },
        "south": {
          "uv": [
            2.5,
            11,
            2.875,
            12.25
          ],
          "texture": "#1"
        },
        "west": {
          "uv": [
            3,
            11,
            3.375,
            12.25
          ],
          "texture": "#1"
        },
        "up": {
          "uv": [
            0.375,
            12.375,
            0,
            12
          ],
          "texture": "#1"
        },
        "down": {
          "uv": [
            12.375,
            0,
            12,
            0.375
          ],
          "texture": "#1"
        }
      }
    },
    {
      "from": [
        9.53433,
        5.09142,
        7.605
      ],
      "to": [
        10.53433,
        5.84142,
        8.395
      ],
      "rotation": {
        "angle": -22.5,
        "axis": "z",
        "origin": [
          10.55978,
          6.43386,
          8
        ]
      },
      "faces": {
        "north": {
          "uv": [
            11.5,
            8,
            12,
            8.375
          ],
          "texture": "#1"
        },
        "east": {
          "uv": [
            0.5,
            12,
            0.875,
            12.375
          ],
          "texture": "#1"
        },
        "south": {
          "uv": [
            8.5,
            11.5,
            9,
            11.875
          ],
          "texture": "#1"
        },
        "west": {
          "uv": [
            12,
            0.5,
            12.375,
            0.875
          ],
          "texture": "#1"
        },
        "up": {
          "uv": [
            12,
            8.875,
            11.5,
            8.5
          ],
          "texture": "#1"
        },
        "down": {
          "uv": [
            9.5,
            11.5,
            9,
            11.875
          ],
          "texture": "#1"
        }
      }
    },
    {
      "from": [
        4.09777,
        6.45931,
        7.605
      ],
      "to": [
        4.84777,
        7.45931,
        8.395
      ],
      "rotation": {
        "angle": -22.5,
        "axis": "z",
        "origin": [
          5.44022,
          6.43386,
          8
        ]
      },
      "faces": {
        "north": {
          "uv": [
            11.875,
            7,
            11.5,
            7.5
          ],
          "texture": "#1"
        },
        "east": {
          "uv": [
            8.375,
            11.5,
            8,
            12
          ],
          "texture": "#1"
        },
        "south": {
          "uv": [
            11.875,
            7.5,
            11.5,
            8
          ],
          "texture": "#1"
        },
        "west": {
          "uv": [
            7.875,
            11.5,
            7.5,
            12
          ],
          "texture": "#1"
        },
        "up": {
          "uv": [
            11.5,
            11.375,
            11.875,
            11
          ],
          "texture": "#1"
        },
        "down": {
          "uv": [
            11.5,
            11.5,
            11.875,
            11.875
          ],
          "texture": "#1"
        }
      }
    },
    {
      "from": [
        4.95,
        5.18386,
        7.6
      ],
      "to": [
        5.7,
        7.68386,
        8.4
      ],
      "rotation": {
        "angle": 45,
        "axis": "z",
        "origin": [
          5.44022,
          6.43386,
          8
        ]
      },
      "faces": {
        "north": {
          "uv": [
            2.375,
            11,
            2,
            12.25
          ],
          "texture": "#1"
        },
        "east": {
          "uv": [
            3.375,
            11,
            3,
            12.25
          ],
          "texture": "#1"
        },
        "south": {
          "uv": [
            2.875,
            11,
            2.5,
            12.25
          ],
          "texture": "#1"
        },
        "west": {
          "uv": [
            11.375,
            2,
            11,
            3.25
          ],
          "texture": "#1"
        },
        "up": {
          "uv": [
            0,
            12.375,
            0.375,
            12
          ],
          "texture": "#1"
        },
        "down": {
          "uv": [
            12,
            0,
            12.375,
            0.375
          ],
          "texture": "#1"
        }
      }
    },
    {
      "from": [
        5.46567,
        5.09142,
        7.605
      ],
      "to": [
        6.46567,
        5.84142,
        8.395
      ],
      "rotation": {
        "angle": 22.5,
        "axis": "z",
        "origin": [
          5.44022,
          6.43386,
          8
        ]
      },
      "faces": {
        "north": {
          "uv": [
            12,
            8,
            11.5,
            8.375
          ],
          "texture": "#1"
        },
        "east": {
          "uv": [
            12.375,
            0.5,
            12,
            0.875
          ],
          "texture": "#1"
        },
        "south": {
          "uv": [
            9,
            11.5,
            8.5,
            11.875
          ],
          "texture": "#1"
        },
        "west": {
          "uv": [
            0.875,
            12,
            0.5,
            12.375
          ],
          "texture": "#1"
        },
        "up": {
          "uv": [
            11.5,
            8.875,
            12,
            8.5
          ],
          "texture": "#1"
        },
        "down": {
          "uv": [
            9,
            11.5,
            9.5,
            11.875
          ],
          "texture": "#1"
        }
      }
    },
    {
      "from": [
        7.35,
        9.3599,
        7.725
      ],
      "to": [
        9.5,
        11.5099,
        8.275
      ],
      "rotation": {
        "angle": -45,
        "axis": "z",
        "origin": [
          8,
          10.8599,
          8
        ]
      },
      "faces": {
        "north": {
          "uv": [
            0,
            12.78125,
            1.125,
            13.90625
          ],
          "texture": "#1"
        },
        "east": {
          "uv": [
            5,
            11,
            5.25,
            12.125
          ],
          "texture": "#1"
        },
        "south": {
          "uv": [
            1.5,
            12.78125,
            2.625,
            13.90625
          ],
          "texture": "#1"
        },
        "west": {
          "uv": [
            11,
            5,
            11.25,
            6.125
          ],
          "texture": "#1"
        },
        "up": {
          "uv": [
            6.625,
            11.25,
            5.5,
            11
          ],
          "texture": "#1"
        },
        "down": {
          "uv": [
            12.125,
            6.5,
            11,
            6.75
          ],
          "texture": "#1"
        }
      }
    },
    {
      "from": [
        8.75,
        0,
        8
      ],
      "to": [
        30.25,
        18,
        8
      ],
      "rotation": {
        "angle": 0,
        "axis": "y",
        "origin": [
          8.75,
          7,
          8
        ]
      },
      "faces": {
        "north": {
          "uv": [
            0,
            0,
            10.75,
            9
          ],
          "texture": "#1"
        },
        "east": {
          "uv": [
            0,
            0,
            0,
            9
          ],
          "texture": "#1"
        },
        "south": {
          "uv": [
            10.75,
            0,
            0,
            9
          ],
          "texture": "#1"
        },
        "west": {
          "uv": [
            0,
            0,
            0,
            9
          ],
          "texture": "#1"
        },
        "up": {
          "uv": [
            10.75,
            0,
            0,
            0
          ],
          "texture": "#1"
        },
        "down": {
          "uv": [
            10.75,
            0,
            0,
            0
          ],
          "texture": "#1"
        }
      }
    },
    {
      "from": [
        -14.25,
        0,
        8
      ],
      "to": [
        7.25,
        18,
        8
      ],
      "rotation": {
        "angle": 0,
        "axis": "y",
        "origin": [
          7.25,
          7,
          8
        ]
      },
      "faces": {
        "north": {
          "uv": [
            10.75,
            0,
            0,
            9
          ],
          "texture": "#1"
        },
        "east": {
          "uv": [
            0,
            0,
            0,
            9
          ],
          "texture": "#1"
        },
        "south": {
          "uv": [
            0,
            0,
            10.75,
            9
          ],
          "texture": "#1"
        },
        "west": {
          "uv": [
            0,
            0,
            0,
            9
          ],
          "texture": "#1"
        },
        "up": {
          "uv": [
            0,
            0,
            10.75,
            0
          ],
          "texture": "#1"
        },
        "down": {
          "uv": [
            0,
            0,
            10.75,
            0
          ],
          "texture": "#1"
        }
      }
    },
    {
      "from": [
        4.5,
        5.5,
        9.25
      ],
      "to": [
        11.5,
        12.5,
        9.25
      ],
      "rotation": {
        "angle": 0,
        "axis": "y",
        "origin": [
          5.5,
          5.5,
          9.25
        ]
      },
      "faces": {
        "north": {
          "uv": [
            0,
            0,
            14,
            14
          ],
          "texture": "#2"
        },
        "east": {
          "uv": [
            0,
            0,
            0,
            3.5
          ],
          "texture": "#2"
        },
        "south": {
          "uv": [
            14,
            0,
            0,
            14
          ],
          "texture": "#2"
        },
        "west": {
          "uv": [
            0,
            0,
            0,
            3.5
          ],
          "texture": "#2"
        },
        "up": {
          "uv": [
            3.5,
            0,
            0,
            0
          ],
          "texture": "#2"
        },
        "down": {
          "uv": [
            3.5,
            0,
            0,
            0
          ],
          "texture": "#2"
        }
      }
    },
    {
      "from": [
        2.80357,
        5.61903,
        7.25
      ],
      "to": [
        7.80357,
        10.61903,
        7.25
      ],
      "rotation": {
        "angle": -22.5,
        "axis": "z",
        "origin": [
          7,
          8.82171,
          7.25
        ]
      },
      "faces": {
        "north": {
          "uv": [
            0,
            10.25,
            10.25,
            0
          ],
          "rotation": 270,
          "texture": "#3"
        },
        "east": {
          "uv": [
            0,
            0,
            0,
            2.5
          ],
          "texture": "#3"
        },
        "west": {
          "uv": [
            0,
            2.5,
            0,
            0
          ],
          "rotation": 180,
          "texture": "#3"
        },
        "up": {
          "uv": [
            0,
            0,
            0,
            2.5
          ],
          "rotation": 270,
          "texture": "#3"
        },
        "down": {
          "uv": [
            0,
            0,
            0,
            2.5
          ],
          "rotation": 270,
          "texture": "#3"
        }
      }
    },
    {
      "from": [
        8.19643,
        5.61903,
        7.25
      ],
      "to": [
        13.19643,
        10.61903,
        7.25
      ],
      "rotation": {
        "angle": 22.5,
        "axis": "z",
        "origin": [
          9,
          8.82171,
          7.25
        ]
      },
      "faces": {
        "north": {
          "uv": [
            0,
            0,
            10.25,
            10.25
          ],
          "rotation": 270,
          "texture": "#3"
        },
        "east": {
          "uv": [
            0,
            2.5,
            0,
            0
          ],
          "rotation": 180,
          "texture": "#3"
        },
        "west": {
          "uv": [
            0,
            0,
            0,
            2.5
          ],
          "texture": "#3"
        },
        "up": {
          "uv": [
            0,
            2.5,
            0,
            0
          ],
          "rotation": 270,
          "texture": "#3"
        },
        "down": {
          "uv": [
            0,
            2.5,
            0,
            0
          ],
          "rotation": 270,
          "texture": "#3"
        }
      }
    }
  ],
  "gui_light": "front",
  "display": {
    "thirdperson_righthand": {
      "rotation": [
        39.75,
        0,
        0
      ],
      "translation": [
        0,
        0.25,
        -0.5
      ],
      "scale": [
        0.44922,
        0.44922,
        0.44922
      ]
    },
    "thirdperson_lefthand": {
      "rotation": [
        67.25,
        0,
        0
      ],
      "translation": [
        -5.5,
        -7,
        8.25
      ],
      "scale": [
        1.22266,
        1.22266,
        1.22266
      ]
    },
    "firstperson_righthand": {
      "translation": [
        0,
        1.75,
        1.25
      ],
      "scale": [
        0.68945,
        0.68945,
        0.68945
      ]
    },
    "firstperson_lefthand": {
      "translation": [
        0,
        1.75,
        1.25
      ],
      "scale": [
        0,
        0,
        0
      ]
    },
    "ground": {
      "rotation": [
        45,
        0,
        0
      ],
      "translation": [
        0,
        6.5,
        0
      ]
    },
    "gui": {
      "rotation": [
        0,
        180,
        0
      ],
      "translation": [
        0,
        -0.5,
        0
      ],
      "scale": [
        0.40625,
        0.40625,
        0.40625
      ]
    },
    "head": {
      "translation": [
        0,
        -49,
        7
      ],
      "scale": [
        2,
        2,
        2
      ]
    },
    "fixed": {
      "translation": [
        0,
        0,
        -0.75
      ],
      "scale": [
        2,
        2,
        2
      ]
    }
  }
}