{
  "credit": "MadewithBlockbench",
  "texture_size": [
    64,
    64
  ],
  "textures": {
    "3": "sculkfurniture:sculk_vase"
  },
  "elements": [
    {
      "from": [
        4,
        0,
        4
      ],
      "to": [
        12,
        9,
        12
      ],
      "faces": {
        "north": {
          "uv": [
            0,
            0,
            2,
            2.25
          ],
          "texture": "#3"
        },
        "east": {
          "uv": [
            2,
            0,
            4,
            2.25
          ],
          "texture": "#3"
        },
        "south": {
          "uv": [
            0,
            2.25,
            2,
            4.5
          ],
          "texture": "#3"
        },
        "west": {
          "uv": [
            2,
            2.25,
            4,
            4.5
          ],
          "texture": "#3"
        },
        "up": {
          "uv": [
            7.5,
            2,
            5.5,
            0
          ],
          "texture": "#3"
        },
        "down": {
          "uv": [
            7.5,
            2,
            5.5,
            4
          ],
          "texture": "#3"
        }
      }
    },
    {
      "from": [
        6,
        9,
        6
      ],
      "to": [
        10,
        15,
        10
      ],
      "faces": {
        "north": {
          "uv": [
            4.25,
            5.5,
            5.25,
            7
          ],
          "texture": "#3"
        },
        "east": {
          "uv": [
            5.25,
            5.5,
            6.25,
            7
          ],
          "texture": "#3"
        },
        "south": {
          "uv": [
            6.25,
            5.25,
            7.25,
            6.75
          ],
          "texture": "#3"
        },
        "west": {
          "uv": [
            3,
            6.75,
            4,
            8.25
          ],
          "texture": "#3"
        },
        "up": {
          "uv": [
            4,
            5.5,
            3,
            4.5
          ],
          "texture": "#3"
        },
        "down": {
          "uv": [
            7.75,
            4,
            6.75,
            5
          ],
          "texture": "#3"
        }
      }
    },
    {
      "from": [
        5.4,
        15,
        5.5
      ],
      "to": [
        10.4,
        16,
        10.5
      ],
      "faces": {
        "north": {
          "uv": [
            6.75,
            5,
            8,
            5.25
          ],
          "texture": "#3"
        },
        "east": {
          "uv": [
            6.25,
            6.75,
            7.5,
            7
          ],
          "texture": "#3"
        },
        "south": {
          "uv": [
            4,
            7,
            5.25,
            7.25
          ],
          "texture": "#3"
        },
        "west": {
          "uv": [
            5.25,
            7,
            6.5,
            7.25
          ],
          "texture": "#3"
        },
        "up": {
          "uv": [
            4.25,
            6.75,
            3,
            5.5
          ],
          "texture": "#3"
        },
        "down": {
          "uv": [
            6.75,
            4,
            5.5,
            5.25
          ],
          "texture": "#3"
        }
      }
    },
    {
      "from": [
        0,
        4,
        8
      ],
      "to": [
        6,
        15,
        8
      ],
      "faces": {
        "north": {
          "uv": [
            4,
            0,
            5.5,
            2.75
          ],
          "texture": "#3"
        },
        "east": {
          "uv": [
            0,
            0,
            0,
            2.75
          ],
          "texture": "#3"
        },
        "south": {
          "uv": [
            4,
            2.75,
            5.5,
            5.5
          ],
          "texture": "#3"
        },
        "west": {
          "uv": [
            0,
            0,
            0,
            2.75
          ],
          "texture": "#3"
        },
        "up": {
          "uv": [
            1.5,
            0,
            0,
            0
          ],
          "texture": "#3"
        },
        "down": {
          "uv": [
            1.5,
            0,
            0,
            0
          ],
          "texture": "#3"
        }
      }
    },
    {
      "from": [
        10,
        4,
        8
      ],
      "to": [
        16,
        15,
        8
      ],
      "rotation": {
        "angle": 0,
        "axis": "y",
        "origin": [
          16,
          0,
          0
        ]
      },
      "faces": {
        "north": {
          "uv": [
            0,
            4.5,
            1.5,
            7.25
          ],
          "texture": "#3"
        },
        "east": {
          "uv": [
            0,
            0,
            0,
            2.75
          ],
          "texture": "#3"
        },
        "south": {
          "uv": [
            1.5,
            4.5,
            3,
            7.25
          ],
          "texture": "#3"
        },
        "west": {
          "uv": [
            0,
            0,
            0,
            2.75
          ],
          "texture": "#3"
        },
        "up": {
          "uv": [
            1.5,
            0,
            0,
            0
          ],
          "texture": "#3"
        },
        "down": {
          "uv": [
            1.5,
            0,
            0,
            0
          ],
          "texture": "#3"
        }
      }
    }
  ],
  "display": {
    "thirdperson_righthand": {
      "rotation": [
        75,
        45,
        0
      ],
      "translation": [
        0,
        2.5,
        0
      ],
      "scale": [
        0.375,
        0.375,
        0.375
      ]
    },
    "thirdperson_lefthand": {
      "rotation": [
        75,
        45,
        0
      ],
      "translation": [
        0,
        2.5,
        0
      ],
      "scale": [
        0.375,
        0.375,
        0.375
      ]
    },
    "firstperson_righthand": {
      "rotation": [
        0,
        45,
        0
      ],
      "scale": [
        0.4,
        0.4,
        0.4
      ]
    },
    "firstperson_lefthand": {
      "rotation": [
        0,
        225,
        0
      ],
      "scale": [
        0.4,
        0.4,
        0.4
      ]
    },
    "ground": {
      "translation": [
        0,
        3,
        0
      ],
      "scale": [
        0.25,
        0.25,
        0.25
      ]
    },
    "gui": {
      "rotation": [
        30,
        225,
        0
      ],
      "scale": [
        0.625,
        0.625,
        0.625
      ]
    },
    "head": {
      "translation": [
        0.25,
        -33.75,
        0
      ],
      "scale": [
        1.13,
        1.19,
        1
      ]
    },
    "fixed": {
      "rotation": [
        -90,
        0,
        0
      ],
      "translation": [
        0,
        0,
        -15.5
      ],
      "scale": [
        2,
        2,
        2
      ]
    }
  }
}