{
  "credit": "MadewithBlockbench",
  "texture_size": [
    64,
    64
  ],
  "textures": {
    "3": "sculkfurniture:sculk_big_table"
  },
  "elements": [
    {
      "from": [
        1,
        0,
        13
      ],
      "to": [
        3,
        14,
        15
      ],
      "faces": {
        "north": {
          "uv": [
            12,
            2,
            12.5,
            5.5
          ],
          "texture": "#3"
        },
        "east": {
          "uv": [
            12,
            5.5,
            12.5,
            9
          ],
          "texture": "#3"
        },
        "south": {
          "uv": [
            8,
            12,
            8.5,
            15.5
          ],
          "texture": "#3"
        },
        "west": {
          "uv": [
            8.5,
            12,
            9,
            15.5
          ],
          "texture": "#3"
        },
        "up": {
          "uv": [
            13.5,
            2.5,
            13,
            2
          ],
          "texture": "#3"
        },
        "down": {
          "uv": [
            13.5,
            2.5,
            13,
            3
          ],
          "texture": "#3"
        }
      }
    },
    {
      "from": [
        1,
        0,
        -15
      ],
      "to": [
        3,
        14,
        -13
      ],
      "rotation": {
        "angle": 0,
        "axis": "y",
        "origin": [
          0,
          0,
          16
        ]
      },
      "faces": {
        "north": {
          "uv": [
            9,
            12,
            9.5,
            15.5
          ],
          "texture": "#3"
        },
        "east": {
          "uv": [
            12,
            9,
            12.5,
            12.5
          ],
          "texture": "#3"
        },
        "south": {
          "uv": [
            9.5,
            12,
            10,
            15.5
          ],
          "texture": "#3"
        },
        "west": {
          "uv": [
            10,
            12,
            10.5,
            15.5
          ],
          "texture": "#3"
        },
        "up": {
          "uv": [
            13.5,
            3.5,
            13,
            3
          ],
          "texture": "#3"
        },
        "down": {
          "uv": [
            13.5,
            3.5,
            13,
            4
          ],
          "texture": "#3"
        }
      }
    },
    {
      "from": [
        29,
        0,
        -15
      ],
      "to": [
        31,
        14,
        -13
      ],
      "rotation": {
        "angle": 0,
        "axis": "y",
        "origin": [
          16,
          0,
          16
        ]
      },
      "faces": {
        "north": {
          "uv": [
            12.5,
            5.5,
            13,
            9
          ],
          "texture": "#3"
        },
        "east": {
          "uv": [
            12.5,
            9,
            13,
            12.5
          ],
          "texture": "#3"
        },
        "south": {
          "uv": [
            12,
            12.5,
            12.5,
            16
          ],
          "texture": "#3"
        },
        "west": {
          "uv": [
            12.5,
            12.5,
            13,
            16
          ],
          "texture": "#3"
        },
        "up": {
          "uv": [
            13.5,
            5.5,
            13,
            5
          ],
          "texture": "#3"
        },
        "down": {
          "uv": [
            13.5,
            5.5,
            13,
            6
          ],
          "texture": "#3"
        }
      }
    },
    {
      "from": [
        29,
        0,
        13
      ],
      "to": [
        31,
        14,
        15
      ],
      "rotation": {
        "angle": 0,
        "axis": "y",
        "origin": [
          16,
          0,
          0
        ]
      },
      "faces": {
        "north": {
          "uv": [
            10.5,
            12,
            11,
            15.5
          ],
          "texture": "#3"
        },
        "east": {
          "uv": [
            11,
            12,
            11.5,
            15.5
          ],
          "texture": "#3"
        },
        "south": {
          "uv": [
            11.5,
            12,
            12,
            15.5
          ],
          "texture": "#3"
        },
        "west": {
          "uv": [
            12.5,
            2,
            13,
            5.5
          ],
          "texture": "#3"
        },
        "up": {
          "uv": [
            13.5,
            4.5,
            13,
            4
          ],
          "texture": "#3"
        },
        "down": {
          "uv": [
            13.5,
            4.5,
            13,
            5
          ],
          "texture": "#3"
        }
      }
    },
    {
      "from": [
        0,
        14,
        -16
      ],
      "to": [
        32,
        16,
        16
      ],
      "faces": {
        "north": {
          "uv": [
            8,
            0,
            16,
            0.5
          ],
          "texture": "#3"
        },
        "east": {
          "uv": [
            8,
            0.5,
            16,
            1
          ],
          "texture": "#3"
        },
        "south": {
          "uv": [
            8,
            1,
            16,
            1.5
          ],
          "texture": "#3"
        },
        "west": {
          "uv": [
            8,
            1.5,
            16,
            2
          ],
          "texture": "#3"
        },
        "up": {
          "uv": [
            8,
            8,
            0,
            0
          ],
          "texture": "#3"
        },
        "down": {
          "uv": [
            8,
            8,
            0,
            16
          ],
          "texture": "#3"
        }
      }
    },
    {
      "from": [
        3,
        9,
        14
      ],
      "to": [
        11,
        14,
        14
      ],
      "faces": {
        "north": {
          "uv": [
            8,
            2,
            10,
            3.25
          ],
          "texture": "#3"
        },
        "east": {
          "uv": [
            0,
            0,
            0,
            1.25
          ],
          "texture": "#3"
        },
        "south": {
          "uv": [
            8,
            3.25,
            10,
            4.5
          ],
          "texture": "#3"
        },
        "west": {
          "uv": [
            0,
            0,
            0,
            1.25
          ],
          "texture": "#3"
        },
        "up": {
          "uv": [
            2,
            0,
            0,
            0
          ],
          "texture": "#3"
        },
        "down": {
          "uv": [
            2,
            0,
            0,
            0
          ],
          "texture": "#3"
        }
      }
    },
    {
      "from": [
        21,
        9,
        14
      ],
      "to": [
        29,
        14,
        14
      ],
      "rotation": {
        "angle": 0,
        "axis": "y",
        "origin": [
          16,
          0,
          0
        ]
      },
      "faces": {
        "north": {
          "uv": [
            8,
            4.5,
            10,
            5.75
          ],
          "texture": "#3"
        },
        "east": {
          "uv": [
            0,
            0,
            0,
            1.25
          ],
          "texture": "#3"
        },
        "south": {
          "uv": [
            8,
            5.75,
            10,
            7
          ],
          "texture": "#3"
        },
        "west": {
          "uv": [
            0,
            0,
            0,
            1.25
          ],
          "texture": "#3"
        },
        "up": {
          "uv": [
            2,
            0,
            0,
            0
          ],
          "texture": "#3"
        },
        "down": {
          "uv": [
            2,
            0,
            0,
            0
          ],
          "texture": "#3"
        }
      }
    },
    {
      "from": [
        21,
        9,
        -14
      ],
      "to": [
        29,
        14,
        -14
      ],
      "rotation": {
        "angle": 0,
        "axis": "y",
        "origin": [
          16,
          0,
          16
        ]
      },
      "faces": {
        "north": {
          "uv": [
            8,
            9.5,
            10,
            10.75
          ],
          "texture": "#3"
        },
        "east": {
          "uv": [
            0,
            0,
            0,
            1.25
          ],
          "texture": "#3"
        },
        "south": {
          "uv": [
            10,
            2,
            12,
            3.25
          ],
          "texture": "#3"
        },
        "west": {
          "uv": [
            0,
            0,
            0,
            1.25
          ],
          "texture": "#3"
        },
        "up": {
          "uv": [
            2,
            0,
            0,
            0
          ],
          "texture": "#3"
        },
        "down": {
          "uv": [
            2,
            0,
            0,
            0
          ],
          "texture": "#3"
        }
      }
    },
    {
      "from": [
        3,
        9,
        -14
      ],
      "to": [
        11,
        14,
        -14
      ],
      "rotation": {
        "angle": 0,
        "axis": "y",
        "origin": [
          0,
          0,
          16
        ]
      },
      "faces": {
        "north": {
          "uv": [
            8,
            7,
            10,
            8.25
          ],
          "texture": "#3"
        },
        "east": {
          "uv": [
            0,
            0,
            0,
            1.25
          ],
          "texture": "#3"
        },
        "south": {
          "uv": [
            8,
            8.25,
            10,
            9.5
          ],
          "texture": "#3"
        },
        "west": {
          "uv": [
            0,
            0,
            0,
            1.25
          ],
          "texture": "#3"
        },
        "up": {
          "uv": [
            2,
            0,
            0,
            0
          ],
          "texture": "#3"
        },
        "down": {
          "uv": [
            2,
            0,
            0,
            0
          ],
          "texture": "#3"
        }
      }
    },
    {
      "from": [
        30,
        9,
        5
      ],
      "to": [
        30,
        14,
        13
      ],
      "rotation": {
        "angle": 0,
        "axis": "y",
        "origin": [
          16,
          11.5,
          0
        ]
      },
      "faces": {
        "north": {
          "uv": [
            0,
            0,
            0,
            1.25
          ],
          "texture": "#3"
        },
        "east": {
          "uv": [
            8,
            10.75,
            10,
            12
          ],
          "texture": "#3"
        },
        "south": {
          "uv": [
            0,
            0,
            0,
            1.25
          ],
          "texture": "#3"
        },
        "west": {
          "uv": [
            10,
            10.75,
            12,
            12
          ],
          "texture": "#3"
        },
        "up": {
          "uv": [
            0,
            2,
            0,
            0
          ],
          "texture": "#3"
        },
        "down": {
          "uv": [
            0,
            0,
            0,
            2
          ],
          "texture": "#3"
        }
      }
    },
    {
      "from": [
        30,
        9,
        -13
      ],
      "to": [
        30,
        14,
        -5
      ],
      "rotation": {
        "angle": 0,
        "axis": "y",
        "origin": [
          16,
          11.5,
          0
        ]
      },
      "faces": {
        "north": {
          "uv": [
            0,
            0,
            0,
            1.25
          ],
          "texture": "#3"
        },
        "east": {
          "uv": [
            10,
            8.25,
            12,
            9.5
          ],
          "texture": "#3"
        },
        "south": {
          "uv": [
            0,
            0,
            0,
            1.25
          ],
          "texture": "#3"
        },
        "west": {
          "uv": [
            10,
            9.5,
            12,
            10.75
          ],
          "texture": "#3"
        },
        "up": {
          "uv": [
            0,
            2,
            0,
            0
          ],
          "texture": "#3"
        },
        "down": {
          "uv": [
            0,
            0,
            0,
            2
          ],
          "texture": "#3"
        }
      }
    },
    {
      "from": [
        2,
        9,
        -13
      ],
      "to": [
        2,
        14,
        -5
      ],
      "rotation": {
        "angle": 0,
        "axis": "y",
        "origin": [
          16,
          11.5,
          0
        ]
      },
      "faces": {
        "north": {
          "uv": [
            0,
            0,
            0,
            1.25
          ],
          "texture": "#3"
        },
        "east": {
          "uv": [
            10,
            5.75,
            12,
            7
          ],
          "texture": "#3"
        },
        "south": {
          "uv": [
            0,
            0,
            0,
            1.25
          ],
          "texture": "#3"
        },
        "west": {
          "uv": [
            10,
            7,
            12,
            8.25
          ],
          "texture": "#3"
        },
        "up": {
          "uv": [
            0,
            2,
            0,
            0
          ],
          "texture": "#3"
        },
        "down": {
          "uv": [
            0,
            0,
            0,
            2
          ],
          "texture": "#3"
        }
      }
    },
    {
      "from": [
        2,
        9,
        5
      ],
      "to": [
        2,
        14,
        13
      ],
      "rotation": {
        "angle": 0,
        "axis": "y",
        "origin": [
          16,
          11.5,
          0
        ]
      },
      "faces": {
        "north": {
          "uv": [
            0,
            0,
            0,
            1.25
          ],
          "texture": "#3"
        },
        "east": {
          "uv": [
            10,
            3.25,
            12,
            4.5
          ],
          "texture": "#3"
        },
        "south": {
          "uv": [
            0,
            0,
            0,
            1.25
          ],
          "texture": "#3"
        },
        "west": {
          "uv": [
            10,
            4.5,
            12,
            5.75
          ],
          "texture": "#3"
        },
        "up": {
          "uv": [
            0,
            2,
            0,
            0
          ],
          "texture": "#3"
        },
        "down": {
          "uv": [
            0,
            0,
            0,
            2
          ],
          "texture": "#3"
        }
      }
    }
  ],
  "display": {
    "thirdperson_righthand": {
      "rotation": [
        75,
        45,
        0
      ],
      "translation": [
        0,
        2.5,
        0
      ],
      "scale": [
        0.375,
        0.375,
        0.375
      ]
    },
    "thirdperson_lefthand": {
      "rotation": [
        75,
        45,
        0
      ],
      "translation": [
        0,
        2.5,
        0
      ],
      "scale": [
        0.375,
        0.375,
        0.375
      ]
    },
    "firstperson_righthand": {
      "rotation": [
        0,
        45,
        0
      ],
      "scale": [
        0.4,
        0.4,
        0.4
      ]
    },
    "firstperson_lefthand": {
      "rotation": [
        0,
        225,
        0
      ],
      "scale": [
        0.4,
        0.4,
        0.4
      ]
    },
    "ground": {
      "translation": [
        0,
        3,
        0
      ],
      "scale": [
        0.25,
        0.25,
        0.25
      ]
    },
    "gui": {
      "rotation": [
        30,
        225,
        0
      ],
      "scale": [
        0.3,
        0.3,
        0.3
      ]
    },
    "head": {
      "translation": [
        0,
        -31.5,
        0
      ],
      "scale": [
        1.43,
        1.47,
        1.49
      ]
    },
    "fixed": {
      "rotation": [
        -90,
        0,
        0
      ],
      "translation": [
        0,
        0,
        -15.5
      ],
      "scale": [
        2,
        2,
        2
      ]
    }
  }
}