{"credit":"Made with Blockbench","texture_size":[256,256],"textures":{"4":"elitecreatures:farmer_decoration_v1/farmer_pond"},"elements":[{"from":[-13,-3.5,-8.5],"to":[19.5,-2,-5],"rotation":{"angle":0,"axis":"y","origin":[3.75,-2.25,-6.25]},"faces":{"north":{"uv":[5,5.375,7.09375,5.46875],"texture":"#4"},"east":{"uv":[1.25,3.1875,1.46875,3.28125],"texture":"#4"},"south":{"uv":[5.4375,4.25,7.53125,4.34375],"texture":"#4"},"west":{"uv":[6.1875,3.125,6.40625,3.21875],"texture":"#4"},"up":{"uv":[7,0.21875,4.96875,0],"texture":"#4"},"down":{"uv":[7.03125,0.25,4.9375,0.46875],"texture":"#4"}}},{"from":[-10,-15,-5],"to":[16.5,-2,-2],"rotation":{"angle":0,"axis":"y","origin":[3.25,-8.5,-4]},"faces":{"north":{"uv":[2.5,3.375,4.15625,4.21875],"texture":"#4"},"east":{"uv":[2.5,3.375,2.70895,4.21079],"texture":"#4"},"south":{"uv":[2.5,3.375,4.15625,4.21875],"texture":"#4"},"west":{"uv":[2.70895,3.375,2.5,4.21079],"texture":"#4"},"up":{"uv":[6.59375,1.1875,4.9375,1],"texture":"#4"},"down":{"uv":[6.59375,1.25,4.9375,1.46875],"texture":"#4"}}},{"from":[-10,-15,18],"to":[16.5,-2,21],"rotation":{"angle":0,"axis":"y","origin":[3.25,-8.5,20]},"faces":{"north":{"uv":[4.15625,3.375,2.5,4.21875],"texture":"#4"},"east":{"uv":[2.70895,3.375,2.5,4.21079],"texture":"#4"},"south":{"uv":[4.15625,3.375,2.5,4.21875],"texture":"#4"},"west":{"uv":[2.5,3.375,2.70895,4.21079],"texture":"#4"},"up":{"uv":[6.59375,1,4.9375,1.1875],"texture":"#4"},"down":{"uv":[6.59375,1.46875,4.9375,1.25],"texture":"#4"}}},{"from":[-13,-3.5,21],"to":[19.5,-2,24.5],"rotation":{"angle":0,"axis":"y","origin":[3.75,-2.25,22.25]},"faces":{"north":{"uv":[7.53125,4.25,5.4375,4.34375],"texture":"#4"},"east":{"uv":[1.46875,3.1875,1.25,3.28125],"texture":"#4"},"south":{"uv":[7.09375,5.375,5,5.46875],"texture":"#4"},"west":{"uv":[6.40625,3.125,6.1875,3.21875],"texture":"#4"},"up":{"uv":[7,0,4.96875,0.21875],"texture":"#4"},"down":{"uv":[7.03125,0.46875,4.9375,0.25],"texture":"#4"}}},{"from":[13.5,-15,-2],"to":[16.5,-2,18],"rotation":{"angle":0,"axis":"y","origin":[14.5,-8.5,8]},"faces":{"north":{"uv":[5,5.5,5.21875,6.34375],"texture":"#4"},"east":{"uv":[2.75,3.375,4.00368,4.21079],"texture":"#4"},"south":{"uv":[5.25,5.5,5.46875,6.34375],"texture":"#4"},"west":{"uv":[0,4.4375,1.25,5.28125],"texture":"#4"},"up":{"uv":[3.71875,6.375,3.5,5.125],"texture":"#4"},"down":{"uv":[3.96875,5.125,3.75,6.375],"texture":"#4"}}},{"from":[-7,-15,-2],"to":[13.5,-15,18],"rotation":{"angle":0,"axis":"y","origin":[7.52112,7.91913,7.93984]},"faces":{"north":{"uv":[0,0,1.25,0],"texture":"#4"},"east":{"uv":[0,0,1.25,0],"texture":"#4"},"south":{"uv":[0,0,1.25,0],"texture":"#4"},"west":{"uv":[0,0,1.25,0],"texture":"#4"},"up":{"uv":[1.28125,3.5625,0,2.3125],"texture":"#4"},"down":{"uv":[2.5,3.375,1.25,4.625],"texture":"#4"}}},{"from":[16.5,-3.5,-5],"to":[19.5,-2,21],"rotation":{"angle":0,"axis":"y","origin":[7.52112,7.91913,7.93984]},"faces":{"north":{"uv":[0.25,6.3125,0.46875,6.40625],"texture":"#4"},"east":{"uv":[5.4375,4.625,7.09375,4.71875],"texture":"#4"},"south":{"uv":[0.5,6.3125,0.71875,6.40625],"texture":"#4"},"west":{"uv":[5.4375,4.75,7.09375,4.84375],"texture":"#4"},"up":{"uv":[1.71875,6.25,1.53125,4.625],"texture":"#4"},"down":{"uv":[1.96875,4.625,1.75,6.28125],"texture":"#4"}}},{"from":[-10,-15,-2],"to":[-7,-2,18],"rotation":{"angle":0,"axis":"y","origin":[5.5,-8.5,0]},"faces":{"north":{"uv":[5.25,5.5,5.46875,6.34375],"texture":"#4"},"east":{"uv":[0,4.4375,1.25,5.28125],"texture":"#4"},"south":{"uv":[5,5.5,5.21875,6.34375],"texture":"#4"},"west":{"uv":[2.75,3.375,4.00368,4.21079],"texture":"#4"},"up":{"uv":[3.5,5.125,3.71875,6.375],"texture":"#4"},"down":{"uv":[3.75,6.375,3.96875,5.125],"texture":"#4"}}},{"from":[-13,-3.5,-5],"to":[-10,-2,21],"rotation":{"angle":0,"axis":"y","origin":[12.47888,7.91913,0.06016]},"faces":{"north":{"uv":[0.5,6.3125,0.71875,6.40625],"texture":"#4"},"east":{"uv":[5.4375,4.75,7.09375,4.84375],"texture":"#4"},"south":{"uv":[0.25,6.3125,0.46875,6.40625],"texture":"#4"},"west":{"uv":[5.4375,4.625,7.09375,4.71875],"texture":"#4"},"up":{"uv":[1.53125,4.625,1.71875,6.25],"texture":"#4"},"down":{"uv":[1.75,6.28125,1.96875,4.625],"texture":"#4"}}},{"from":[23.5,-15,5],"to":[29.5,-7,11],"rotation":{"angle":0,"axis":"y","origin":[26,-11,7]},"faces":{"north":{"uv":[2.65625,3.70313,3.03125,4.20313],"texture":"#4"},"east":{"uv":[2.65625,3.70313,3.03125,4.20313],"texture":"#4"},"south":{"uv":[2.65625,3.70313,3.03125,4.20313],"texture":"#4"},"west":{"uv":[2.65625,3.70313,3.03125,4.20313],"texture":"#4"},"up":{"uv":[3.0625,3.6875,3.4375,4.0625],"texture":"#4"},"down":{"uv":[6.375,5.875,6,6.25],"texture":"#4"}}},{"from":[-8.0357,1.8533,-6.98404],"to":[3.66534,3.52487,-5.31246],"rotation":{"angle":-45,"axis":"z","origin":[12.47888,7.66913,8.06016]},"faces":{"north":{"uv":[5.875,4.125,6.59375,4.21875],"texture":"#4"},"east":{"uv":[1.125,5.3125,1.21875,5.40625],"texture":"#4"},"south":{"uv":[6.125,3.375,6.84375,3.46875],"texture":"#4"},"west":{"uv":[1.125,5.4375,1.21875,5.53125],"texture":"#4"},"up":{"uv":[6.84375,3.59375,6.125,3.5],"texture":"#4"},"down":{"uv":[6.84375,3.625,6.125,3.71875],"texture":"#4"}}},{"from":[1.6706,-1.94244,-7.65562],"to":[5.01375,18.11649,-4.31246],"rotation":{"angle":0,"axis":"y","origin":[7.52112,7.66913,8.06016]},"faces":{"north":{"uv":[4,5.125,4.21875,6.375],"texture":"#4"},"east":{"uv":[4.25,5.125,4.46875,6.375],"texture":"#4"},"south":{"uv":[4.5,5.125,4.71875,6.375],"texture":"#4"},"west":{"uv":[4.75,5.125,4.96875,6.375],"texture":"#4"},"up":{"uv":[1.21875,6.40625,1,6.1875],"texture":"#4"},"down":{"uv":[6.40625,2.625,6.1875,2.84375],"texture":"#4"}}},{"from":[-6.68729,18.11649,-8.65562],"to":[13.37164,21.45965,-5.31246],"rotation":{"angle":0,"axis":"y","origin":[7.52112,7.66913,8.06016]},"faces":{"north":{"uv":[4.9375,2.5,6.1875,2.71875],"texture":"#4"},"east":{"uv":[6.1875,2.875,6.40625,3.09375],"texture":"#4"},"south":{"uv":[4.9375,2.75,6.1875,2.96875],"texture":"#4"},"west":{"uv":[6.25,5.125,6.46875,5.34375],"texture":"#4"},"up":{"uv":[6.1875,3.21875,4.9375,3],"texture":"#4"},"down":{"uv":[6.25,5.125,5,5.34375],"texture":"#4"}}},{"from":[7.33466,11.3533,-6.98404],"to":[19.0357,13.02487,-5.31246],"rotation":{"angle":45,"axis":"z","origin":[7.52112,7.66913,8.06016]},"faces":{"north":{"uv":[6.125,3.75,6.84375,3.84375],"texture":"#4"},"east":{"uv":[1.125,5.5625,1.21875,5.65625],"texture":"#4"},"south":{"uv":[6.125,3.875,6.84375,3.96875],"texture":"#4"},"west":{"uv":[1.125,5.6875,1.21875,5.78125],"texture":"#4"},"up":{"uv":[0.96875,6.28125,0.25,6.1875],"texture":"#4"},"down":{"uv":[6.90625,2.5,6.1875,2.59375],"texture":"#4"}}},{"from":[1.6706,-1.94244,20.31246],"to":[5.01375,18.11649,23.65562],"rotation":{"angle":0,"axis":"y","origin":[7.52112,7.66913,7.93984]},"faces":{"north":{"uv":[4.71875,5.125,4.5,6.375],"texture":"#4"},"east":{"uv":[4.46875,5.125,4.25,6.375],"texture":"#4"},"south":{"uv":[4.21875,5.125,4,6.375],"texture":"#4"},"west":{"uv":[4.96875,5.125,4.75,6.375],"texture":"#4"},"up":{"uv":[1.21875,6.1875,1,6.40625],"texture":"#4"},"down":{"uv":[6.40625,2.84375,6.1875,2.625],"texture":"#4"}}},{"from":[-8.0357,1.8533,21.31246],"to":[3.66534,3.52487,22.98404],"rotation":{"angle":-45,"axis":"z","origin":[12.47888,7.66913,7.93984]},"faces":{"north":{"uv":[6.84375,3.375,6.125,3.46875],"texture":"#4"},"east":{"uv":[1.21875,5.3125,1.125,5.40625],"texture":"#4"},"south":{"uv":[6.59375,4.125,5.875,4.21875],"texture":"#4"},"west":{"uv":[1.21875,5.4375,1.125,5.53125],"texture":"#4"},"up":{"uv":[6.84375,3.5,6.125,3.59375],"texture":"#4"},"down":{"uv":[6.84375,3.71875,6.125,3.625],"texture":"#4"}}},{"from":[-6.68729,18.11649,21.31246],"to":[13.37164,21.45965,24.65562],"rotation":{"angle":0,"axis":"y","origin":[7.52112,7.66913,7.93984]},"faces":{"north":{"uv":[6.1875,2.75,4.9375,2.96875],"texture":"#4"},"east":{"uv":[6.40625,2.875,6.1875,3.09375],"texture":"#4"},"south":{"uv":[6.1875,2.5,4.9375,2.71875],"texture":"#4"},"west":{"uv":[6.46875,5.125,6.25,5.34375],"texture":"#4"},"up":{"uv":[6.1875,3,4.9375,3.21875],"texture":"#4"},"down":{"uv":[6.25,5.34375,5,5.125],"texture":"#4"}}},{"from":[7.33466,11.3533,21.31246],"to":[19.0357,13.02487,22.98404],"rotation":{"angle":45,"axis":"z","origin":[7.52112,7.66913,7.93984]},"faces":{"north":{"uv":[6.84375,3.875,6.125,3.96875],"texture":"#4"},"east":{"uv":[1.21875,5.5625,1.125,5.65625],"texture":"#4"},"south":{"uv":[6.84375,3.75,6.125,3.84375],"texture":"#4"},"west":{"uv":[1.21875,5.6875,1.125,5.78125],"texture":"#4"},"up":{"uv":[0.96875,6.1875,0.25,6.28125],"texture":"#4"},"down":{"uv":[6.90625,2.59375,6.1875,2.5],"texture":"#4"}}},{"from":[24.5,-7.25,6],"to":[28.5,2.75,10],"rotation":{"angle":0,"axis":"y","origin":[26.75,-1.25,7.75]},"faces":{"north":{"uv":[5.5,5.5,5.75,6.125],"texture":"#4"},"east":{"uv":[5.75,5.5,6,6.125],"texture":"#4"},"south":{"uv":[0,5.8125,0.25,6.4375],"texture":"#4"},"west":{"uv":[5.875,3.375,6.125,4],"texture":"#4"},"up":{"uv":[5.75,6.375,5.5,6.125],"texture":"#4"},"down":{"uv":[6,6.125,5.75,6.375],"texture":"#4"}}},{"from":[1.6706,6.41545,-4.43278],"to":[5.01375,9.7586,20.31246],"rotation":{"angle":0,"axis":"y","origin":[7.52112,7.66913,7.93984]},"faces":{"north":{"uv":[6,6.25,6.20895,6.45895],"texture":"#4"},"east":{"uv":[5,2,6.54658,2.20895],"texture":"#4"},"south":{"uv":[6.25,6.25,6.45895,6.45895],"texture":"#4"},"west":{"uv":[5,2.25,6.54658,2.45895],"texture":"#4"},"up":{"uv":[2.70895,6.67158,2.5,5.125],"texture":"#4"},"down":{"uv":[2.95895,5.125,2.75,6.67158],"texture":"#4"}}},{"from":[-11.70202,-14.98106,8.02384],"to":[15.04322,11.76418,8.02384],"rotation":{"angle":0,"axis":"y","origin":[7.52112,7.91913,7.93984]},"faces":{"north":{"uv":[3.21875,1.6875,1.5625,3.34375],"texture":"#4"},"east":{"uv":[0,0,0,1.65625],"texture":"#4"},"south":{"uv":[1.5625,1.6875,3.21875,3.34375],"texture":"#4"},"west":{"uv":[0,0,0,1.65625],"texture":"#4"},"up":{"uv":[1.65625,0,0,0],"texture":"#4"},"down":{"uv":[1.65625,0,0,0],"texture":"#4"}}},{"from":[0.76474,-4.79019,8.02384],"to":[27.50998,21.95505,8.02384],"rotation":{"angle":-22.5,"axis":"z","origin":[7.52112,7.91913,7.93984]},"faces":{"north":{"uv":[3.25,0,4.90625,1.65625],"texture":"#4"},"east":{"uv":[0,0,0,1.65625],"texture":"#4"},"south":{"uv":[3.25,1.6875,4.90625,3.34375],"texture":"#4"},"west":{"uv":[0,0,0,1.65625],"texture":"#4"},"up":{"uv":[1.65625,0,0,0],"texture":"#4"},"down":{"uv":[1.65625,0,0,0],"texture":"#4"}}},{"from":[1.6706,30.06754,-11.44751],"to":[5.01375,31.73911,27.32719],"rotation":{"angle":0,"axis":"y","origin":[7.52112,7.91913,7.93984]},"faces":{"north":{"uv":[2.25,6.3125,2.46875,6.40625],"texture":"#4"},"east":{"uv":[4.9375,3.25,7.25,3.34375],"texture":"#4"},"south":{"uv":[2.25,6.3125,2.46875,6.40625],"texture":"#4"},"west":{"uv":[4.9375,3.25,7.25,3.34375],"texture":"#4"},"up":{"uv":[1.46875,6.9375,1.25,4.625],"texture":"#4"},"down":{"uv":[1.46875,6.9375,1.25,4.625],"texture":"#4"}}},{"from":[-11.42392,20.99284,-10.44751],"to":[13.64974,21.99284,26.32719],"rotation":{"angle":-45,"axis":"z","origin":[7.52112,7.91913,7.93984]},"faces":{"north":{"uv":[5.875,4.0625,7.4375,4.125],"texture":"#4"},"east":{"uv":[5.875,4,8.1875,4.0625],"texture":"#4"},"south":{"uv":[7.4375,4.0625,5.875,4.125],"texture":"#4"},"west":{"uv":[5.875,4,8.1875,4.0625],"texture":"#4"},"up":{"uv":[1.5625,2.3125,0,0],"texture":"#4"},"down":{"uv":[1.5625,0,0,2.3125],"texture":"#4"}}},{"from":[-2.89974,30.24284,-10.44751],"to":[22.17392,31.24284,26.32719],"rotation":{"angle":45,"axis":"z","origin":[12.47888,7.91913,7.93984]},"faces":{"north":{"uv":[7.4375,4.0625,5.875,4.125],"texture":"#4"},"east":{"uv":[8.1875,4,5.875,4.0625],"texture":"#4"},"south":{"uv":[5.875,4.0625,7.4375,4.125],"texture":"#4"},"west":{"uv":[8.1875,4,5.875,4.0625],"texture":"#4"},"up":{"uv":[0,2.3125,1.5625,0],"texture":"#4"},"down":{"uv":[0,0,1.5625,2.3125],"texture":"#4"}}}],"gui_light":"front","display":{"thirdperson_righthand":{"translation":[0,3,1],"scale":[0.16,0.16,0.16]},"thirdperson_lefthand":{"translation":[0,3,1],"scale":[0.16,0.16,0.16]},"firstperson_righthand":{"translation":[0,3,1],"scale":[0.32,0.32,0.32]},"firstperson_lefthand":{"translation":[0,3,1],"scale":[0.32,0.32,0.32]},"ground":{"translation":[0,10.5,0],"scale":[0.5,0.5,0.5]},"gui":{"rotation":[30,225,0],"scale":[0.16,0.16,0.16]},"head":{"rotation":[0,-90,0],"translation":[0,-6.5,0],"scale":[1.6,1.6,1.6]},"fixed":{"rotation":[-88,45,88],"translation":[2.5,-3.5,-2],"scale":[0,0,0]}},"groups":[{"name":"Pond","origin":[0,0,0],"color":0,"children":[{"name":"Stone","origin":[5.52112,7.91913,11.93984],"color":0,"children":[0,1,2,3,4,5,6,7,8,9]},{"name":"Wood","origin":[10.47888,7.91913,11.93984],"color":0,"children":[10,11,12,13,14,15,16,17,18,19]},{"name":"Rob","origin":[5.52112,7.91913,11.93984],"color":0,"children":[20,21]},{"name":"Roof","origin":[5.52112,7.91913,11.93984],"color":0,"children":[22,23,24]}]}]}