{
  "credit": "MadebyPolygonMC",
  "texture_size": [
    24,
    24
  ],
  "textures": {
    "0": "lunarset:animations_2",
    "3": "lunarset:animations_1",
    "4": "lunarset:hoe",
    "particle": "lunarset:animations_2"
  },
  "elements": [
    {
      "from": [
        7.25,
        1,
        7.25
      ],
      "to": [
        8.75,
        1.5,
        8.75
      ],
      "rotation": {
        "angle": 0,
        "axis": "y",
        "origin": [
          7.5,
          0,
          7.5
        ]
      },
      "faces": {
        "north": {
          "uv": [
            12.66667,
            1.33333,
            13.66667,
            1.66667
          ],
          "texture": "#4"
        },
        "east": {
          "uv": [
            2,
            12.66667,
            3,
            13
          ],
          "texture": "#4"
        },
        "south": {
          "uv": [
            12.66667,
            2,
            13.66667,
            2.33333
          ],
          "texture": "#4"
        },
        "west": {
          "uv": [
            12.66667,
            2.66667,
            13.66667,
            3
          ],
          "texture": "#4"
        },
        "up": {
          "uv": [
            11,
            2.33333,
            10,
            1.33333
          ],
          "texture": "#4"
        },
        "down": {
          "uv": [
            3.66667,
            10,
            2.66667,
            11
          ],
          "texture": "#4"
        }
      }
    },
    {
      "from": [
        7.25,
        5.5,
        7.25
      ],
      "to": [
        8.75,
        6,
        8.75
      ],
      "rotation": {
        "angle": 0,
        "axis": "y",
        "origin": [
          7.5,
          0,
          7.5
        ]
      },
      "faces": {
        "north": {
          "uv": [
            3.33333,
            12.66667,
            4.33333,
            13
          ],
          "texture": "#4"
        },
        "east": {
          "uv": [
            12.66667,
            3.33333,
            13.66667,
            3.66667
          ],
          "texture": "#4"
        },
        "south": {
          "uv": [
            12.66667,
            4,
            13.66667,
            4.33333
          ],
          "texture": "#4"
        },
        "west": {
          "uv": [
            4.66667,
            12.66667,
            5.66667,
            13
          ],
          "texture": "#4"
        },
        "up": {
          "uv": [
            11,
            3.66667,
            10,
            2.66667
          ],
          "texture": "#4"
        },
        "down": {
          "uv": [
            5,
            10,
            4,
            11
          ],
          "texture": "#4"
        }
      }
    },
    {
      "from": [
        7.5,
        1.5,
        7.5
      ],
      "to": [
        8.5,
        2.5,
        8.5
      ],
      "rotation": {
        "angle": 0,
        "axis": "y",
        "origin": [
          7.5,
          0,
          7.5
        ]
      },
      "faces": {
        "north": {
          "uv": [
            6.66667,
            10,
            7.33333,
            10.66667
          ],
          "texture": "#4"
        },
        "east": {
          "uv": [
            11.33333,
            6.66667,
            12,
            7.33333
          ],
          "texture": "#4"
        },
        "south": {
          "uv": [
            11.33333,
            7.33333,
            12,
            8
          ],
          "texture": "#4"
        },
        "west": {
          "uv": [
            11.33333,
            8.66667,
            12,
            9.33333
          ],
          "texture": "#4"
        },
        "up": {
          "uv": [
            12,
            10,
            11.33333,
            9.33333
          ],
          "texture": "#4"
        }
      }
    },
    {
      "from": [
        7.5,
        4.5,
        7.5
      ],
      "to": [
        8.5,
        5.5,
        8.5
      ],
      "rotation": {
        "angle": 0,
        "axis": "y",
        "origin": [
          7.5,
          0.5,
          7.5
        ]
      },
      "faces": {
        "north": {
          "uv": [
            10,
            11.33333,
            10.66667,
            12
          ],
          "texture": "#4"
        },
        "east": {
          "uv": [
            11.33333,
            10,
            12,
            10.66667
          ],
          "texture": "#4"
        },
        "south": {
          "uv": [
            10.66667,
            11.33333,
            11.33333,
            12
          ],
          "texture": "#4"
        },
        "west": {
          "uv": [
            11.33333,
            10.66667,
            12,
            11.33333
          ],
          "texture": "#4"
        },
        "up": {
          "uv": [
            12,
            12,
            11.33333,
            11.33333
          ],
          "texture": "#4"
        },
        "down": {
          "uv": [
            0.66667,
            12,
            0,
            12.66667
          ],
          "texture": "#4"
        }
      }
    },
    {
      "from": [
        7.6,
        2.5,
        7.6
      ],
      "to": [
        8.4,
        4.5,
        8.4
      ],
      "rotation": {
        "angle": 0,
        "axis": "y",
        "origin": [
          7.5,
          0,
          7.5
        ]
      },
      "faces": {
        "north": {
          "uv": [
            2.66667,
            11.33333,
            3.16667,
            12.66667
          ],
          "texture": "#4"
        },
        "east": {
          "uv": [
            11.33333,
            2.66667,
            11.83333,
            4
          ],
          "texture": "#4"
        },
        "south": {
          "uv": [
            3.33333,
            11.33333,
            3.83333,
            12.66667
          ],
          "texture": "#4"
        },
        "west": {
          "uv": [
            4,
            11.33333,
            4.5,
            12.66667
          ],
          "texture": "#4"
        }
      }
    },
    {
      "from": [
        7.75,
        -0.75,
        7
      ],
      "to": [
        8.25,
        1.25,
        7.75
      ],
      "rotation": {
        "angle": -45,
        "axis": "x",
        "origin": [
          8,
          0.25,
          8
        ]
      },
      "faces": {
        "north": {
          "uv": [
            0.66667,
            12,
            1,
            13.33333
          ],
          "texture": "#4"
        },
        "east": {
          "uv": [
            4.66667,
            11.33333,
            5.16667,
            12.66667
          ],
          "texture": "#4"
        },
        "south": {
          "uv": [
            12,
            2.66667,
            12.33333,
            4
          ],
          "texture": "#4"
        },
        "west": {
          "uv": [
            5.33333,
            11.33333,
            5.83333,
            12.66667
          ],
          "texture": "#4"
        },
        "up": {
          "uv": [
            13,
            10.5,
            12.66667,
            10
          ],
          "texture": "#4"
        },
        "down": {
          "uv": [
            11,
            12.66667,
            10.66667,
            13.16667
          ],
          "texture": "#4"
        }
      }
    },
    {
      "from": [
        7.75,
        -0.75,
        8.25
      ],
      "to": [
        8.25,
        1.25,
        9
      ],
      "rotation": {
        "angle": -45,
        "axis": "x",
        "origin": [
          8,
          0.25,
          8
        ]
      },
      "faces": {
        "north": {
          "uv": [
            12,
            4,
            12.33333,
            5.33333
          ],
          "texture": "#4"
        },
        "east": {
          "uv": [
            11.33333,
            5.33333,
            11.83333,
            6.66667
          ],
          "texture": "#4"
        },
        "south": {
          "uv": [
            12,
            5.33333,
            12.33333,
            6.66667
          ],
          "texture": "#4"
        },
        "west": {
          "uv": [
            6,
            11.33333,
            6.5,
            12.66667
          ],
          "texture": "#4"
        },
        "up": {
          "uv": [
            13,
            11.16667,
            12.66667,
            10.66667
          ],
          "texture": "#4"
        },
        "down": {
          "uv": [
            11.66667,
            12.66667,
            11.33333,
            13.16667
          ],
          "texture": "#4"
        }
      }
    },
    {
      "from": [
        7.75,
        0.5,
        7.75
      ],
      "to": [
        8.25,
        1.25,
        8.25
      ],
      "rotation": {
        "angle": -45,
        "axis": "x",
        "origin": [
          8,
          0.25,
          8
        ]
      },
      "faces": {
        "east": {
          "uv": [
            12.66667,
            11.33333,
            13,
            11.83333
          ],
          "texture": "#4"
        },
        "west": {
          "uv": [
            12,
            12.66667,
            12.33333,
            13.16667
          ],
          "texture": "#4"
        },
        "up": {
          "uv": [
            13.66667,
            0.33333,
            13.33333,
            0
          ],
          "texture": "#4"
        },
        "down": {
          "uv": [
            1,
            13.33333,
            0.66667,
            13.66667
          ],
          "texture": "#4"
        }
      }
    },
    {
      "from": [
        7.75,
        -0.75,
        7.75
      ],
      "to": [
        8.25,
        0,
        8.25
      ],
      "rotation": {
        "angle": -45,
        "axis": "x",
        "origin": [
          8,
          0.25,
          8
        ]
      },
      "faces": {
        "east": {
          "uv": [
            12.66667,
            12,
            13,
            12.5
          ],
          "texture": "#4"
        },
        "west": {
          "uv": [
            12.66667,
            12.66667,
            13,
            13.16667
          ],
          "texture": "#4"
        },
        "up": {
          "uv": [
            13.66667,
            1,
            13.33333,
            0.66667
          ],
          "texture": "#4"
        },
        "down": {
          "uv": [
            2.33333,
            13.33333,
            2,
            13.66667
          ],
          "texture": "#4"
        }
      }
    },
    {
      "from": [
        7.4,
        14.3,
        6.9
      ],
      "to": [
        8.6,
        16.5,
        9.1
      ],
      "rotation": {
        "angle": -45,
        "axis": "x",
        "origin": [
          8,
          15.4,
          8
        ]
      },
      "faces": {
        "north": {
          "uv": [
            7.33333,
            8.66667,
            8.16667,
            10.16667
          ],
          "texture": "#4"
        },
        "east": {
          "uv": [
            8.33333,
            0,
            9.83333,
            1.5
          ],
          "texture": "#4"
        },
        "south": {
          "uv": [
            8.66667,
            8.66667,
            9.5,
            10.16667
          ],
          "texture": "#4"
        },
        "west": {
          "uv": [
            8.33333,
            2,
            9.83333,
            3.5
          ],
          "texture": "#4"
        },
        "up": {
          "uv": [
            6.16667,
            10.83333,
            5.33333,
            9.33333
          ],
          "texture": "#4"
        },
        "down": {
          "uv": [
            10.16667,
            6.66667,
            9.33333,
            8.16667
          ],
          "texture": "#4"
        }
      }
    },
    {
      "from": [
        7.1,
        14.6,
        7.2
      ],
      "to": [
        8.9,
        16.2,
        8.8
      ],
      "rotation": {
        "angle": -45,
        "axis": "x",
        "origin": [
          8,
          15.4,
          8
        ]
      },
      "faces": {
        "north": {
          "uv": [
            9.33333,
            4,
            10.5,
            5
          ],
          "texture": "#4"
        },
        "east": {
          "uv": [
            10,
            8.66667,
            11,
            9.66667
          ],
          "texture": "#4"
        },
        "south": {
          "uv": [
            0,
            10,
            1.16667,
            11
          ],
          "texture": "#4"
        },
        "west": {
          "uv": [
            10,
            10,
            11,
            11
          ],
          "texture": "#4"
        },
        "up": {
          "uv": [
            11.16667,
            1,
            10,
            0
          ],
          "texture": "#4"
        },
        "down": {
          "uv": [
            2.5,
            10,
            1.33333,
            11
          ],
          "texture": "#4"
        }
      }
    },
    {
      "from": [
        7.5,
        14.25,
        5
      ],
      "to": [
        8.5,
        16.25,
        8
      ],
      "rotation": {
        "angle": -22.5,
        "axis": "x",
        "origin": [
          8,
          15.25,
          6.5
        ]
      },
      "faces": {
        "north": {
          "uv": [
            10.66667,
            6.66667,
            11.33333,
            8
          ],
          "texture": "#4"
        },
        "east": {
          "uv": [
            14,
            0,
            16,
            1.33333
          ],
          "texture": "#4"
        },
        "south": {
          "uv": [
            8,
            10.66667,
            8.66667,
            12
          ],
          "texture": "#4"
        },
        "west": {
          "uv": [
            14,
            1.33333,
            16,
            2.66667
          ],
          "texture": "#4"
        },
        "up": {
          "uv": [
            7.33333,
            10,
            6.66667,
            8
          ],
          "texture": "#4"
        },
        "down": {
          "uv": [
            9.33333,
            6.66667,
            8.66667,
            8.66667
          ],
          "texture": "#4"
        }
      }
    },
    {
      "from": [
        7.5,
        14.25,
        8
      ],
      "to": [
        8.5,
        16.25,
        11
      ],
      "rotation": {
        "angle": 22.5,
        "axis": "x",
        "origin": [
          8,
          15.25,
          9.5
        ]
      },
      "faces": {
        "north": {
          "uv": [
            8.66667,
            10.66667,
            8,
            12
          ],
          "texture": "#4"
        },
        "east": {
          "uv": [
            16,
            0,
            14,
            1.33333
          ],
          "texture": "#4"
        },
        "south": {
          "uv": [
            11.33333,
            6.66667,
            10.66667,
            8
          ],
          "texture": "#4"
        },
        "west": {
          "uv": [
            16,
            1.33333,
            14,
            2.66667
          ],
          "texture": "#4"
        },
        "up": {
          "uv": [
            7.33333,
            8,
            6.66667,
            10
          ],
          "texture": "#4"
        },
        "down": {
          "uv": [
            9.33333,
            8.66667,
            8.66667,
            6.66667
          ],
          "texture": "#4"
        }
      }
    },
    {
      "from": [
        7.75,
        16.25,
        7
      ],
      "to": [
        8.25,
        18.25,
        9
      ],
      "rotation": {
        "angle": -45,
        "axis": "x",
        "origin": [
          8,
          17.25,
          8
        ]
      },
      "faces": {
        "north": {
          "uv": [
            6.66667,
            12,
            7,
            13.33333
          ],
          "texture": "#4"
        },
        "east": {
          "uv": [
            5.33333,
            6.5,
            6.66667,
            7.83333
          ],
          "texture": "#4"
        },
        "south": {
          "uv": [
            12,
            6.66667,
            12.33333,
            8
          ],
          "texture": "#4"
        },
        "west": {
          "uv": [
            5.33333,
            8,
            6.66667,
            9.33333
          ],
          "texture": "#4"
        },
        "up": {
          "uv": [
            7.66667,
            13.33333,
            7.33333,
            12
          ],
          "texture": "#4"
        },
        "down": {
          "uv": [
            8.33333,
            12,
            8,
            13.33333
          ],
          "texture": "#4"
        }
      }
    },
    {
      "from": [
        7.725,
        18.01295,
        7
      ],
      "to": [
        8.275,
        19.42895,
        8.416
      ],
      "rotation": {
        "angle": -45,
        "axis": "x",
        "origin": [
          8,
          19.01295,
          8
        ]
      },
      "faces": {
        "north": {
          "uv": [
            12.66667,
            4.66667,
            13,
            5.66667
          ],
          "texture": "#4"
        },
        "east": {
          "uv": [
            10.66667,
            4,
            11.66667,
            5
          ],
          "texture": "#4"
        },
        "south": {
          "uv": [
            6,
            12.66667,
            6.33333,
            13.66667
          ],
          "texture": "#4"
        },
        "west": {
          "uv": [
            6.66667,
            10.66667,
            7.66667,
            11.66667
          ],
          "texture": "#4"
        },
        "up": {
          "uv": [
            13,
            7,
            12.66667,
            6
          ],
          "texture": "#4"
        },
        "down": {
          "uv": [
            13,
            7.33333,
            12.66667,
            8.33333
          ],
          "texture": "#4"
        }
      }
    },
    {
      "from": [
        4,
        15.35,
        4
      ],
      "to": [
        12,
        15.4,
        12
      ],
      "rotation": {
        "angle": -45,
        "axis": "x",
        "origin": [
          8,
          15.375,
          8
        ]
      },
      "faces": {
        "up": {
          "uv": [
            0,
            0,
            16,
            16
          ],
          "rotation": 90,
          "texture": "#3"
        },
        "down": {
          "uv": [
            0,
            16,
            16,
            0
          ],
          "rotation": 270,
          "texture": "#3"
        }
      }
    },
    {
      "from": [
        4,
        11.375,
        7.975
      ],
      "to": [
        12,
        19.375,
        8.025
      ],
      "rotation": {
        "angle": -45,
        "axis": "x",
        "origin": [
          8,
          15.375,
          8
        ]
      },
      "faces": {
        "north": {
          "uv": [
            0,
            0,
            16,
            16
          ],
          "rotation": 90,
          "texture": "#3"
        },
        "south": {
          "uv": [
            0,
            16,
            16,
            0
          ],
          "rotation": 90,
          "texture": "#3"
        }
      }
    },
    {
      "from": [
        7.5,
        6,
        7.5
      ],
      "to": [
        8.5,
        7,
        8.5
      ],
      "rotation": {
        "angle": 0,
        "axis": "y",
        "origin": [
          7.5,
          6,
          7.5
        ]
      },
      "faces": {
        "north": {
          "uv": [
            12,
            8,
            12.66667,
            8.66667
          ],
          "texture": "#4"
        },
        "east": {
          "uv": [
            12,
            8.66667,
            12.66667,
            9.33333
          ],
          "texture": "#4"
        },
        "south": {
          "uv": [
            12,
            9.33333,
            12.66667,
            10
          ],
          "texture": "#4"
        },
        "west": {
          "uv": [
            10,
            12,
            10.66667,
            12.66667
          ],
          "texture": "#4"
        }
      }
    },
    {
      "from": [
        7.5,
        13.5,
        7.5
      ],
      "to": [
        8.5,
        14.5,
        8.5
      ],
      "rotation": {
        "angle": 0,
        "axis": "y",
        "origin": [
          7.5,
          13.5,
          7.5
        ]
      },
      "faces": {
        "north": {
          "uv": [
            12,
            10,
            12.66667,
            10.66667
          ],
          "texture": "#4"
        },
        "east": {
          "uv": [
            10.66667,
            12,
            11.33333,
            12.66667
          ],
          "texture": "#4"
        },
        "south": {
          "uv": [
            12,
            10.66667,
            12.66667,
            11.33333
          ],
          "texture": "#4"
        },
        "west": {
          "uv": [
            11.33333,
            12,
            12,
            12.66667
          ],
          "texture": "#4"
        }
      }
    },
    {
      "from": [
        7.35,
        7,
        7.35
      ],
      "to": [
        8.65,
        13.5,
        8.65
      ],
      "rotation": {
        "angle": 0,
        "axis": "y",
        "origin": [
          7.5,
          12.5,
          7.5
        ]
      },
      "faces": {
        "north": {
          "uv": [
            0,
            5.66667,
            0.83333,
            10
          ],
          "texture": "#4"
        },
        "east": {
          "uv": [
            1.33333,
            5.66667,
            2.16667,
            10
          ],
          "texture": "#4"
        },
        "south": {
          "uv": [
            2.66667,
            5.66667,
            3.5,
            10
          ],
          "texture": "#4"
        },
        "west": {
          "uv": [
            4,
            5.66667,
            4.83333,
            10
          ],
          "texture": "#4"
        },
        "up": {
          "uv": [
            2.16667,
            12.16667,
            1.33333,
            11.33333
          ],
          "texture": "#4"
        },
        "down": {
          "uv": [
            12.16667,
            1.33333,
            11.33333,
            2.16667
          ],
          "texture": "#4"
        }
      }
    },
    {
      "from": [
        7.75,
        12.73759,
        1.81616
      ],
      "to": [
        8.25,
        13.73759,
        5.81616
      ],
      "rotation": {
        "angle": -22.5,
        "axis": "x",
        "origin": [
          8,
          12.19224,
          1.84955
        ]
      },
      "faces": {
        "north": {
          "uv": [
            12.66667,
            8.66667,
            13,
            9.33333
          ],
          "texture": "#4"
        },
        "east": {
          "uv": [
            8.66667,
            5.33333,
            11.33333,
            6
          ],
          "texture": "#4"
        },
        "west": {
          "uv": [
            8.66667,
            6,
            11.33333,
            6.66667
          ],
          "texture": "#4"
        },
        "up": {
          "uv": [
            9,
            13.33333,
            8.66667,
            10.66667
          ],
          "texture": "#4"
        },
        "down": {
          "uv": [
            9.66667,
            10.66667,
            9.33333,
            13.33333
          ],
          "texture": "#4"
        }
      }
    },
    {
      "from": [
        7.755,
        12.22089,
        0.11367
      ],
      "to": [
        8.245,
        13.14589,
        1.86367
      ],
      "rotation": {
        "angle": -45,
        "axis": "x",
        "origin": [
          8,
          12.60839,
          0.98867
        ]
      },
      "faces": {
        "north": {
          "uv": [
            12.66667,
            9.33333,
            13,
            10
          ],
          "texture": "#4"
        },
        "east": {
          "uv": [
            10.66667,
            8,
            11.83333,
            8.66667
          ],
          "texture": "#4"
        },
        "west": {
          "uv": [
            0,
            11.33333,
            1.16667,
            12
          ],
          "texture": "#4"
        },
        "up": {
          "uv": [
            12.33333,
            12.5,
            12,
            11.33333
          ],
          "texture": "#4"
        },
        "down": {
          "uv": [
            0.33333,
            12.66667,
            0,
            13.83333
          ],
          "texture": "#4"
        }
      }
    },
    {
      "from": [
        7.76,
        10.46535,
        -0.38892
      ],
      "to": [
        8.24,
        12.21535,
        0.46608
      ],
      "rotation": {
        "angle": 22.5,
        "axis": "x",
        "origin": [
          8,
          11.34035,
          0.18858
        ]
      },
      "faces": {
        "north": {
          "uv": [
            13,
            1.16667,
            12.66667,
            0
          ],
          "rotation": 180,
          "texture": "#4"
        },
        "east": {
          "uv": [
            11.33333,
            0,
            12.5,
            0.66667
          ],
          "rotation": 90,
          "texture": "#4"
        },
        "south": {
          "uv": [
            1.66667,
            12.66667,
            1.33333,
            13.83333
          ],
          "texture": "#4"
        },
        "west": {
          "uv": [
            11.33333,
            0.66667,
            12.5,
            1.33333
          ],
          "rotation": 270,
          "texture": "#4"
        },
        "down": {
          "uv": [
            10,
            12.66667,
            10.33333,
            13.33333
          ],
          "rotation": 180,
          "texture": "#4"
        }
      }
    },
    {
      "from": [
        7.975,
        8.48759,
        -3.68384
      ],
      "to": [
        8.025,
        16.48759,
        8.31616
      ],
      "rotation": {
        "angle": -22.5,
        "axis": "x",
        "origin": [
          8,
          12.19224,
          1.84955
        ]
      },
      "faces": {
        "east": {
          "uv": [
            8,
            0,
            0,
            5.33333
          ],
          "texture": "#4"
        },
        "west": {
          "uv": [
            0,
            0,
            8,
            5.33333
          ],
          "texture": "#4"
        }
      }
    },
    {
      "from": [
        7.975,
        10.68986,
        9.95
      ],
      "to": [
        8.025,
        14.88986,
        11.75
      ],
      "rotation": {
        "angle": 22.5,
        "axis": "y",
        "origin": [
          8,
          12.78986,
          10.85
        ]
      },
      "faces": {
        "east": {
          "uv": [
            3.5,
            0,
            0,
            8.5
          ],
          "texture": "#0"
        },
        "west": {
          "uv": [
            0,
            0,
            3.5,
            8.5
          ],
          "texture": "#0"
        }
      }
    }
  ],
  "gui_light": "front",
  "display": {
    "thirdperson_righthand": {
      "translation": [
        0,
        2.5,
        1.25
      ]
    },
    "thirdperson_lefthand": {
      "translation": [
        0,
        2.5,
        1.25
      ]
    },
    "firstperson_righthand": {
      "rotation": [
        -10,
        0,
        0
      ],
      "translation": [
        0,
        2.75,
        0
      ]
    },
    "firstperson_lefthand": {
      "rotation": [
        -10,
        0,
        0
      ],
      "translation": [
        0,
        2.75,
        0
      ]
    },
    "ground": {
      "translation": [
        0,
        10,
        0
      ]
    },
    "gui": {
      "rotation": [
        -90,
        45,
        90
      ],
      "translation": [
        1.5,
        -0.5,
        0
      ],
      "scale": [
        0.90234,
        0.90234,
        0.90234
      ]
    },
    "head": {
      "scale": [
        0,
        0,
        0
      ]
    },
    "fixed": {
      "rotation": [
        0,
        -90,
        0
      ],
      "translation": [
        0,
        -3.5,
        -0.5
      ],
      "scale": [
        2.5,
        2.5,
        2.5
      ]
    }
  }
}