{
  "credit": "MadebyPolygonMC",
  "texture_size": [
    8,
    8
  ],
  "textures": {
    "0": "lunarset:key",
    "1": "lunarset:animations_2",
    "particle": "lunarset:animations_2"
  },
  "elements": [
    {
      "from": [
        7.5,
        7,
        8.80983
      ],
      "to": [
        8.5,
        7.5,
        10.80983
      ],
      "rotation": {
        "angle": -45,
        "axis": "x",
        "origin": [
          8,
          8,
          9.80983
        ]
      },
      "faces": {
        "north": {
          "uv": [
            14,
            0,
            16,
            1
          ],
          "texture": "#0"
        },
        "east": {
          "uv": [
            10,
            0,
            14,
            1
          ],
          "texture": "#0"
        },
        "south": {
          "uv": [
            2,
            14,
            4,
            15
          ],
          "texture": "#0"
        },
        "west": {
          "uv": [
            2,
            10,
            6,
            11
          ],
          "texture": "#0"
        },
        "up": {
          "uv": [
            6,
            8,
            4,
            4
          ],
          "texture": "#0"
        },
        "down": {
          "uv": [
            8,
            0,
            6,
            4
          ],
          "texture": "#0"
        }
      }
    },
    {
      "from": [
        7.5,
        7.5,
        8.80983
      ],
      "to": [
        8.5,
        8.5,
        9.30983
      ],
      "rotation": {
        "angle": -45,
        "axis": "x",
        "origin": [
          8,
          8,
          9.80983
        ]
      },
      "faces": {
        "north": {
          "uv": [
            10,
            6,
            12,
            8
          ],
          "texture": "#0"
        },
        "east": {
          "uv": [
            14,
            4,
            15,
            6
          ],
          "texture": "#0"
        },
        "south": {
          "uv": [
            10,
            8,
            12,
            10
          ],
          "texture": "#0"
        },
        "west": {
          "uv": [
            6,
            14,
            7,
            16
          ],
          "texture": "#0"
        }
      }
    },
    {
      "from": [
        7.6,
        7.5,
        9.30983
      ],
      "to": [
        8.4,
        8.5,
        10.30983
      ],
      "rotation": {
        "angle": -45,
        "axis": "x",
        "origin": [
          8,
          8,
          9.80983
        ]
      },
      "faces": {
        "north": {
          "uv": [
            10,
            12,
            11.5,
            14
          ],
          "texture": "#0"
        },
        "east": {
          "uv": [
            6,
            12,
            8,
            14
          ],
          "texture": "#0"
        },
        "south": {
          "uv": [
            12,
            10,
            13.5,
            12
          ],
          "texture": "#0"
        },
        "west": {
          "uv": [
            12,
            6,
            14,
            8
          ],
          "texture": "#0"
        }
      }
    },
    {
      "from": [
        7.5,
        7.5,
        10.30983
      ],
      "to": [
        8.5,
        8.5,
        10.80983
      ],
      "rotation": {
        "angle": -45,
        "axis": "x",
        "origin": [
          8,
          8,
          9.80983
        ]
      },
      "faces": {
        "north": {
          "uv": [
            10,
            10,
            12,
            12
          ],
          "texture": "#0"
        },
        "east": {
          "uv": [
            14,
            6,
            15,
            8
          ],
          "texture": "#0"
        },
        "south": {
          "uv": [
            2,
            12,
            4,
            14
          ],
          "texture": "#0"
        },
        "west": {
          "uv": [
            8,
            14,
            9,
            16
          ],
          "texture": "#0"
        }
      }
    },
    {
      "from": [
        7.5,
        8.5,
        8.80983
      ],
      "to": [
        8.5,
        9,
        10.80983
      ],
      "rotation": {
        "angle": -45,
        "axis": "x",
        "origin": [
          8,
          8,
          9.80983
        ]
      },
      "faces": {
        "north": {
          "uv": [
            14,
            2,
            16,
            3
          ],
          "texture": "#0"
        },
        "east": {
          "uv": [
            10,
            2,
            14,
            3
          ],
          "texture": "#0"
        },
        "south": {
          "uv": [
            4,
            14,
            6,
            15
          ],
          "texture": "#0"
        },
        "west": {
          "uv": [
            6,
            10,
            10,
            11
          ],
          "texture": "#0"
        },
        "up": {
          "uv": [
            8,
            8,
            6,
            4
          ],
          "texture": "#0"
        },
        "down": {
          "uv": [
            10,
            0,
            8,
            4
          ],
          "texture": "#0"
        }
      }
    },
    {
      "from": [
        7.55,
        7.55,
        6.90983
      ],
      "to": [
        8.45,
        8.45,
        8.90983
      ],
      "rotation": {
        "angle": 0,
        "axis": "y",
        "origin": [
          7.5,
          7.5,
          6.30983
        ]
      },
      "faces": {
        "east": {
          "uv": [
            4,
            8,
            8,
            10
          ],
          "texture": "#0"
        },
        "west": {
          "uv": [
            8,
            4,
            12,
            6
          ],
          "texture": "#0"
        },
        "up": {
          "uv": [
            10,
            10,
            8,
            6
          ],
          "texture": "#0"
        },
        "down": {
          "uv": [
            2,
            10,
            0,
            14
          ],
          "texture": "#0"
        }
      }
    },
    {
      "from": [
        7.45,
        7.45,
        4.40983
      ],
      "to": [
        8.55,
        8.55,
        6.90983
      ],
      "rotation": {
        "angle": 0,
        "axis": "y",
        "origin": [
          7.5,
          7.5,
          4.40983
        ]
      },
      "faces": {
        "north": {
          "uv": [
            4,
            12,
            6,
            14
          ],
          "texture": "#0"
        },
        "east": {
          "uv": [
            0,
            0,
            5,
            2
          ],
          "texture": "#0"
        },
        "south": {
          "uv": [
            12,
            4,
            14,
            6
          ],
          "texture": "#0"
        },
        "west": {
          "uv": [
            0,
            2,
            5,
            4
          ],
          "texture": "#0"
        },
        "up": {
          "uv": [
            2,
            9,
            0,
            4
          ],
          "texture": "#0"
        },
        "down": {
          "uv": [
            4,
            4,
            2,
            9
          ],
          "texture": "#0"
        }
      }
    },
    {
      "from": [
        7.75,
        6.45,
        4.68483
      ],
      "to": [
        8.25,
        7.45,
        5.43483
      ],
      "rotation": {
        "angle": 0,
        "axis": "y",
        "origin": [
          7.5,
          6.45,
          4.40983
        ]
      },
      "faces": {
        "north": {
          "uv": [
            12,
            12,
            13,
            14
          ],
          "texture": "#0"
        },
        "east": {
          "uv": [
            8,
            12,
            9.5,
            14
          ],
          "texture": "#0"
        },
        "south": {
          "uv": [
            0,
            14,
            1,
            16
          ],
          "texture": "#0"
        },
        "west": {
          "uv": [
            12,
            8,
            13.5,
            10
          ],
          "texture": "#0"
        },
        "down": {
          "uv": [
            15,
            8,
            14,
            9.5
          ],
          "texture": "#0"
        }
      }
    },
    {
      "from": [
        7.75,
        6.45,
        5.93483
      ],
      "to": [
        8.25,
        7.45,
        6.68483
      ],
      "rotation": {
        "angle": 0,
        "axis": "y",
        "origin": [
          7.5,
          6.45,
          4.40983
        ]
      },
      "faces": {
        "north": {
          "uv": [
            12,
            12,
            13,
            14
          ],
          "texture": "#0"
        },
        "east": {
          "uv": [
            8,
            12,
            9.5,
            14
          ],
          "texture": "#0"
        },
        "south": {
          "uv": [
            0,
            14,
            1,
            16
          ],
          "texture": "#0"
        },
        "west": {
          "uv": [
            12,
            8,
            13.5,
            10
          ],
          "texture": "#0"
        },
        "down": {
          "uv": [
            15,
            8,
            14,
            9.5
          ],
          "texture": "#0"
        }
      }
    },
    {
      "from": [
        7.975,
        3.79636,
        8.94008
      ],
      "to": [
        8.025,
        7.99636,
        10.74008
      ],
      "rotation": {
        "angle": 0,
        "axis": "x",
        "origin": [
          8,
          5.89636,
          8.59008
        ]
      },
      "faces": {
        "east": {
          "uv": [
            3.5,
            0,
            0,
            8.5
          ],
          "texture": "#1"
        },
        "west": {
          "uv": [
            0,
            0,
            3.5,
            8.5
          ],
          "texture": "#1"
        }
      }
    }
  ],
  "gui_light": "front",
  "display": {
    "thirdperson_righthand": {
      "rotation": [
        71.5,
        0,
        0
      ],
      "translation": [
        0,
        1.75,
        -1
      ]
    },
    "thirdperson_lefthand": {
      "rotation": [
        71.5,
        0,
        0
      ],
      "translation": [
        0,
        1.75,
        -1
      ]
    },
    "firstperson_righthand": {
      "rotation": [
        51.75,
        0,
        -27
      ],
      "translation": [
        -3,
        5.25,
        4
      ]
    },
    "firstperson_lefthand": {
      "rotation": [
        51.75,
        0,
        -27
      ],
      "translation": [
        -3,
        5.25,
        4
      ]
    },
    "ground": {
      "rotation": [
        45,
        0,
        0
      ],
      "translation": [
        0,
        5,
        0
      ],
      "scale": [
        1.64258,
        1.64258,
        1.64258
      ]
    },
    "gui": {
      "rotation": [
        -90,
        135,
        90
      ],
      "translation": [
        1.5,
        -0.75,
        0
      ],
      "scale": [
        2.72461,
        2.72461,
        2.72461
      ]
    },
    "head": {
      "scale": [
        0,
        0,
        0
      ]
    },
    "fixed": {
      "rotation": [
        90,
        -45,
        90
      ],
      "translation": [
        -1,
        -1,
        -1.5
      ],
      "scale": [
        3.65235,
        3.65235,
        3.65235
      ]
    }
  }
}