{
  "credit": "MadebyPolygonMC",
  "texture_size": [
    24,
    24
  ],
  "textures": {
    "0": "lunarset:animations_2",
    "3": "lunarset:animations_1",
    "4": "lunarset:scythe",
    "particle": "lunarset:animations_2"
  },
  "elements": [
    {
      "from": [
        7.25,
        1,
        7.25
      ],
      "to": [
        8.75,
        1.5,
        8.75
      ],
      "rotation": {
        "angle": 0,
        "axis": "y",
        "origin": [
          7.5,
          0,
          7.5
        ]
      },
      "faces": {
        "north": {
          "uv": [
            14,
            8.66667,
            15,
            9
          ],
          "texture": "#4"
        },
        "east": {
          "uv": [
            14,
            9.33333,
            15,
            9.66667
          ],
          "texture": "#4"
        },
        "south": {
          "uv": [
            14,
            10,
            15,
            10.33333
          ],
          "texture": "#4"
        },
        "west": {
          "uv": [
            14,
            10.66667,
            15,
            11
          ],
          "texture": "#4"
        },
        "up": {
          "uv": [
            12.33333,
            9,
            11.33333,
            8
          ],
          "texture": "#4"
        },
        "down": {
          "uv": [
            1,
            12,
            0,
            13
          ],
          "texture": "#4"
        }
      }
    },
    {
      "from": [
        7.75,
        -0.75,
        7
      ],
      "to": [
        8.25,
        1.25,
        7.75
      ],
      "rotation": {
        "angle": -45,
        "axis": "x",
        "origin": [
          8,
          0.25,
          8
        ]
      },
      "faces": {
        "north": {
          "uv": [
            13.33333,
            12,
            13.66667,
            13.33333
          ],
          "texture": "#4"
        },
        "east": {
          "uv": [
            12.66667,
            8,
            13.16667,
            9.33333
          ],
          "texture": "#4"
        },
        "south": {
          "uv": [
            12.66667,
            13.33333,
            13,
            14.66667
          ],
          "texture": "#4"
        },
        "west": {
          "uv": [
            8.66667,
            12.66667,
            9.16667,
            14
          ],
          "texture": "#4"
        },
        "up": {
          "uv": [
            15,
            3.83333,
            14.66667,
            3.33333
          ],
          "texture": "#4"
        },
        "down": {
          "uv": [
            4.33333,
            14.66667,
            4,
            15.16667
          ],
          "texture": "#4"
        }
      }
    },
    {
      "from": [
        7.75,
        -0.75,
        8.25
      ],
      "to": [
        8.25,
        1.25,
        9
      ],
      "rotation": {
        "angle": -45,
        "axis": "x",
        "origin": [
          8,
          0.25,
          8
        ]
      },
      "faces": {
        "north": {
          "uv": [
            13.33333,
            13.33333,
            13.66667,
            14.66667
          ],
          "texture": "#4"
        },
        "east": {
          "uv": [
            0,
            13.33333,
            0.5,
            14.66667
          ],
          "texture": "#4"
        },
        "south": {
          "uv": [
            14,
            0,
            14.33333,
            1.33333
          ],
          "texture": "#4"
        },
        "west": {
          "uv": [
            0.66667,
            13.33333,
            1.16667,
            14.66667
          ],
          "texture": "#4"
        },
        "up": {
          "uv": [
            15,
            4.5,
            14.66667,
            4
          ],
          "texture": "#4"
        },
        "down": {
          "uv": [
            5,
            14.66667,
            4.66667,
            15.16667
          ],
          "texture": "#4"
        }
      }
    },
    {
      "from": [
        7.75,
        0.5,
        7.75
      ],
      "to": [
        8.25,
        1.25,
        8.25
      ],
      "rotation": {
        "angle": -45,
        "axis": "x",
        "origin": [
          8,
          0.25,
          8
        ]
      },
      "faces": {
        "east": {
          "uv": [
            14.66667,
            4.66667,
            15,
            5.16667
          ],
          "texture": "#4"
        },
        "west": {
          "uv": [
            5.33333,
            14.66667,
            5.66667,
            15.16667
          ],
          "texture": "#4"
        },
        "up": {
          "uv": [
            15,
            6.33333,
            14.66667,
            6
          ],
          "texture": "#4"
        },
        "down": {
          "uv": [
            7,
            14.66667,
            6.66667,
            15
          ],
          "texture": "#4"
        }
      }
    },
    {
      "from": [
        7.75,
        -0.75,
        7.75
      ],
      "to": [
        8.25,
        0,
        8.25
      ],
      "rotation": {
        "angle": -45,
        "axis": "x",
        "origin": [
          8,
          0.25,
          8
        ]
      },
      "faces": {
        "east": {
          "uv": [
            14.66667,
            5.33333,
            15,
            5.83333
          ],
          "texture": "#4"
        },
        "west": {
          "uv": [
            6,
            14.66667,
            6.33333,
            15.16667
          ],
          "texture": "#4"
        },
        "up": {
          "uv": [
            15,
            7,
            14.66667,
            6.66667
          ],
          "texture": "#4"
        },
        "down": {
          "uv": [
            7.66667,
            14.66667,
            7.33333,
            15
          ],
          "texture": "#4"
        }
      }
    },
    {
      "from": [
        7.4,
        20.8,
        6.9
      ],
      "to": [
        8.6,
        23,
        9.1
      ],
      "rotation": {
        "angle": -45,
        "axis": "x",
        "origin": [
          8,
          21.9,
          8
        ]
      },
      "faces": {
        "north": {
          "uv": [
            10.66667,
            5.33333,
            11.5,
            6.83333
          ],
          "texture": "#4"
        },
        "east": {
          "uv": [
            8,
            9.33333,
            9.5,
            10.83333
          ],
          "texture": "#4"
        },
        "south": {
          "uv": [
            10.66667,
            9.33333,
            11.5,
            10.83333
          ],
          "texture": "#4"
        },
        "west": {
          "uv": [
            0,
            10,
            1.5,
            11.5
          ],
          "texture": "#4"
        },
        "up": {
          "uv": [
            12.16667,
            1.5,
            11.33333,
            0
          ],
          "texture": "#4"
        },
        "down": {
          "uv": [
            3.5,
            11.33333,
            2.66667,
            12.83333
          ],
          "texture": "#4"
        }
      }
    },
    {
      "from": [
        7.1,
        21.1,
        7.2
      ],
      "to": [
        8.9,
        22.7,
        8.8
      ],
      "rotation": {
        "angle": -45,
        "axis": "x",
        "origin": [
          8,
          21.9,
          8
        ]
      },
      "faces": {
        "north": {
          "uv": [
            11.33333,
            2.66667,
            12.5,
            3.66667
          ],
          "texture": "#4"
        },
        "east": {
          "uv": [
            12,
            5.33333,
            13,
            6.33333
          ],
          "texture": "#4"
        },
        "south": {
          "uv": [
            4,
            11.33333,
            5.16667,
            12.33333
          ],
          "texture": "#4"
        },
        "west": {
          "uv": [
            12,
            9.33333,
            13,
            10.33333
          ],
          "texture": "#4"
        },
        "up": {
          "uv": [
            6.5,
            12.33333,
            5.33333,
            11.33333
          ],
          "texture": "#4"
        },
        "down": {
          "uv": [
            9.16667,
            11.33333,
            8,
            12.33333
          ],
          "texture": "#4"
        }
      }
    },
    {
      "from": [
        7.5,
        20.75,
        5
      ],
      "to": [
        8.5,
        22.75,
        8
      ],
      "rotation": {
        "angle": -22.5,
        "axis": "x",
        "origin": [
          8,
          21.75,
          6.5
        ]
      },
      "faces": {
        "north": {
          "uv": [
            12.66667,
            1.33333,
            13.33333,
            2.66667
          ],
          "texture": "#4"
        },
        "east": {
          "uv": [
            8,
            8,
            10,
            9.33333
          ],
          "texture": "#4"
        },
        "south": {
          "uv": [
            12.66667,
            2.66667,
            13.33333,
            4
          ],
          "texture": "#4"
        },
        "west": {
          "uv": [
            8.66667,
            0,
            10.66667,
            1.33333
          ],
          "texture": "#4"
        },
        "up": {
          "uv": [
            7.5,
            5.66667,
            6.83333,
            3.66667
          ],
          "texture": "#4"
        },
        "down": {
          "uv": [
            10.66667,
            9.33333,
            10,
            11.33333
          ],
          "texture": "#4"
        }
      }
    },
    {
      "from": [
        7.75,
        22.75,
        7
      ],
      "to": [
        8.25,
        24.75,
        9
      ],
      "rotation": {
        "angle": -45,
        "axis": "x",
        "origin": [
          8,
          23.75,
          8
        ]
      },
      "faces": {
        "north": {
          "uv": [
            1.33333,
            14,
            1.66667,
            15.33333
          ],
          "texture": "#4"
        },
        "east": {
          "uv": [
            5.33333,
            10,
            6.66667,
            11.33333
          ],
          "texture": "#4"
        },
        "south": {
          "uv": [
            14,
            1.33333,
            14.33333,
            2.66667
          ],
          "texture": "#4"
        },
        "west": {
          "uv": [
            10,
            8,
            11.33333,
            9.33333
          ],
          "texture": "#4"
        },
        "up": {
          "uv": [
            2.33333,
            15.33333,
            2,
            14
          ],
          "texture": "#4"
        },
        "down": {
          "uv": [
            14.33333,
            2.66667,
            14,
            4
          ],
          "texture": "#4"
        }
      }
    },
    {
      "from": [
        7.725,
        24.51295,
        7
      ],
      "to": [
        8.275,
        25.92895,
        8.416
      ],
      "rotation": {
        "angle": -45,
        "axis": "x",
        "origin": [
          8,
          25.51295,
          8
        ]
      },
      "faces": {
        "north": {
          "uv": [
            8.66667,
            14,
            9,
            15
          ],
          "texture": "#4"
        },
        "east": {
          "uv": [
            12,
            10.66667,
            13,
            11.66667
          ],
          "texture": "#4"
        },
        "south": {
          "uv": [
            14,
            11.33333,
            14.33333,
            12.33333
          ],
          "texture": "#4"
        },
        "west": {
          "uv": [
            12,
            12,
            13,
            13
          ],
          "texture": "#4"
        },
        "up": {
          "uv": [
            14.33333,
            13.66667,
            14,
            12.66667
          ],
          "texture": "#4"
        },
        "down": {
          "uv": [
            14.33333,
            14,
            14,
            15
          ],
          "texture": "#4"
        }
      }
    },
    {
      "from": [
        7.25,
        12,
        7.25
      ],
      "to": [
        8.75,
        12.5,
        8.75
      ],
      "rotation": {
        "angle": 0,
        "axis": "y",
        "origin": [
          7.5,
          6.5,
          7.5
        ]
      },
      "faces": {
        "north": {
          "uv": [
            0,
            14.66667,
            1,
            15
          ],
          "texture": "#4"
        },
        "east": {
          "uv": [
            14.66667,
            0,
            15.66667,
            0.33333
          ],
          "texture": "#4"
        },
        "south": {
          "uv": [
            14.66667,
            0.66667,
            15.66667,
            1
          ],
          "texture": "#4"
        },
        "west": {
          "uv": [
            14.66667,
            1.33333,
            15.66667,
            1.66667
          ],
          "texture": "#4"
        },
        "up": {
          "uv": [
            13.66667,
            1,
            12.66667,
            0
          ],
          "texture": "#4"
        },
        "down": {
          "uv": [
            2.33333,
            12.66667,
            1.33333,
            13.66667
          ],
          "texture": "#4"
        }
      }
    },
    {
      "from": [
        7.5,
        8,
        7.5
      ],
      "to": [
        8.5,
        9,
        8.5
      ],
      "rotation": {
        "angle": 0,
        "axis": "y",
        "origin": [
          7.5,
          6.5,
          7.5
        ]
      },
      "faces": {
        "north": {
          "uv": [
            8.66667,
            2.66667,
            9.33333,
            3.33333
          ],
          "texture": "#4"
        },
        "east": {
          "uv": [
            4.66667,
            10.66667,
            5.33333,
            11.33333
          ],
          "texture": "#4"
        },
        "south": {
          "uv": [
            1.33333,
            12,
            2,
            12.66667
          ],
          "texture": "#4"
        },
        "west": {
          "uv": [
            12,
            6.66667,
            12.66667,
            7.33333
          ],
          "texture": "#4"
        },
        "up": {
          "uv": [
            14,
            6.66667,
            13.33333,
            6
          ],
          "texture": "#4"
        }
      }
    },
    {
      "from": [
        7.5,
        11,
        7.5
      ],
      "to": [
        8.5,
        12,
        8.5
      ],
      "rotation": {
        "angle": 0,
        "axis": "y",
        "origin": [
          7.5,
          7,
          7.5
        ]
      },
      "faces": {
        "north": {
          "uv": [
            4,
            14,
            4.66667,
            14.66667
          ],
          "texture": "#4"
        },
        "east": {
          "uv": [
            14,
            4,
            14.66667,
            4.66667
          ],
          "texture": "#4"
        },
        "south": {
          "uv": [
            4.66667,
            14,
            5.33333,
            14.66667
          ],
          "texture": "#4"
        },
        "west": {
          "uv": [
            14,
            4.66667,
            14.66667,
            5.33333
          ],
          "texture": "#4"
        },
        "up": {
          "uv": [
            6,
            14.66667,
            5.33333,
            14
          ],
          "texture": "#4"
        },
        "down": {
          "uv": [
            14.66667,
            5.33333,
            14,
            6
          ],
          "texture": "#4"
        }
      }
    },
    {
      "from": [
        7.6,
        9,
        7.6
      ],
      "to": [
        8.4,
        11,
        8.4
      ],
      "rotation": {
        "angle": 0,
        "axis": "y",
        "origin": [
          7.5,
          6.5,
          7.5
        ]
      },
      "faces": {
        "north": {
          "uv": [
            13.33333,
            1.33333,
            13.83333,
            2.66667
          ],
          "texture": "#4"
        },
        "east": {
          "uv": [
            2.66667,
            13.33333,
            3.16667,
            14.66667
          ],
          "texture": "#4"
        },
        "south": {
          "uv": [
            13.33333,
            2.66667,
            13.83333,
            4
          ],
          "texture": "#4"
        },
        "west": {
          "uv": [
            3.33333,
            13.33333,
            3.83333,
            14.66667
          ],
          "texture": "#4"
        }
      }
    },
    {
      "from": [
        7.5,
        12.5,
        7.5
      ],
      "to": [
        8.5,
        13.5,
        8.5
      ],
      "rotation": {
        "angle": 0,
        "axis": "y",
        "origin": [
          7.5,
          12.5,
          7.5
        ]
      },
      "faces": {
        "north": {
          "uv": [
            6,
            14,
            6.66667,
            14.66667
          ],
          "texture": "#4"
        },
        "east": {
          "uv": [
            14,
            6,
            14.66667,
            6.66667
          ],
          "texture": "#4"
        },
        "south": {
          "uv": [
            6.66667,
            14,
            7.33333,
            14.66667
          ],
          "texture": "#4"
        },
        "west": {
          "uv": [
            14,
            6.66667,
            14.66667,
            7.33333
          ],
          "texture": "#4"
        }
      }
    },
    {
      "from": [
        7.5,
        20,
        7.5
      ],
      "to": [
        8.5,
        21,
        8.5
      ],
      "rotation": {
        "angle": 0,
        "axis": "y",
        "origin": [
          7.5,
          20,
          7.5
        ]
      },
      "faces": {
        "north": {
          "uv": [
            7.33333,
            14,
            8,
            14.66667
          ],
          "texture": "#4"
        },
        "east": {
          "uv": [
            14,
            7.33333,
            14.66667,
            8
          ],
          "texture": "#4"
        },
        "south": {
          "uv": [
            8,
            14,
            8.66667,
            14.66667
          ],
          "texture": "#4"
        },
        "west": {
          "uv": [
            14,
            8,
            14.66667,
            8.66667
          ],
          "texture": "#4"
        }
      }
    },
    {
      "from": [
        7.35,
        1.5,
        7.35
      ],
      "to": [
        8.65,
        8,
        8.65
      ],
      "rotation": {
        "angle": 0,
        "axis": "y",
        "origin": [
          7.5,
          7,
          7.5
        ]
      },
      "faces": {
        "north": {
          "uv": [
            0,
            5.66667,
            0.83333,
            10
          ],
          "texture": "#4"
        },
        "east": {
          "uv": [
            1.33333,
            5.66667,
            2.16667,
            10
          ],
          "texture": "#4"
        },
        "south": {
          "uv": [
            2.66667,
            5.66667,
            3.5,
            10
          ],
          "texture": "#4"
        },
        "west": {
          "uv": [
            4,
            5.66667,
            4.83333,
            10
          ],
          "texture": "#4"
        },
        "up": {
          "uv": [
            5.5,
            13.5,
            4.66667,
            12.66667
          ],
          "texture": "#4"
        },
        "down": {
          "uv": [
            6.83333,
            12.66667,
            6,
            13.5
          ],
          "texture": "#4"
        }
      }
    },
    {
      "from": [
        7.35,
        13.5,
        7.35
      ],
      "to": [
        8.65,
        20,
        8.65
      ],
      "rotation": {
        "angle": 0,
        "axis": "y",
        "origin": [
          7.5,
          19,
          7.5
        ]
      },
      "faces": {
        "north": {
          "uv": [
            5.33333,
            5.66667,
            6.16667,
            10
          ],
          "texture": "#4"
        },
        "east": {
          "uv": [
            7.5,
            3.66667,
            8.33333,
            8
          ],
          "texture": "#4"
        },
        "south": {
          "uv": [
            8.33333,
            3.66667,
            9.16667,
            8
          ],
          "texture": "#4"
        },
        "west": {
          "uv": [
            6.66667,
            8,
            7.5,
            12.33333
          ],
          "texture": "#4"
        },
        "up": {
          "uv": [
            13.5,
            7.5,
            12.66667,
            6.66667
          ],
          "texture": "#4"
        },
        "down": {
          "uv": [
            8.16667,
            12.66667,
            7.33333,
            13.5
          ],
          "texture": "#4"
        }
      }
    },
    {
      "from": [
        7.5,
        20.75,
        8
      ],
      "to": [
        8.5,
        22.75,
        11
      ],
      "rotation": {
        "angle": 22.5,
        "axis": "x",
        "origin": [
          8,
          21.75,
          9.5
        ]
      },
      "faces": {
        "north": {
          "uv": [
            4,
            12.66667,
            4.66667,
            14
          ],
          "texture": "#4"
        },
        "east": {
          "uv": [
            8.66667,
            1.33333,
            10.66667,
            2.66667
          ],
          "texture": "#4"
        },
        "south": {
          "uv": [
            12.66667,
            4,
            13.33333,
            5.33333
          ],
          "texture": "#4"
        },
        "west": {
          "uv": [
            9.33333,
            2.66667,
            11.33333,
            4
          ],
          "texture": "#4"
        },
        "up": {
          "uv": [
            11.33333,
            2,
            10.66667,
            0
          ],
          "texture": "#4"
        },
        "down": {
          "uv": [
            2.66667,
            10.66667,
            2,
            12.66667
          ],
          "texture": "#4"
        }
      }
    },
    {
      "from": [
        7.225,
        17.875,
        4
      ],
      "to": [
        7.275,
        25.875,
        12
      ],
      "rotation": {
        "angle": 0,
        "axis": "z",
        "origin": [
          7.25,
          21.875,
          8
        ]
      },
      "faces": {
        "east": {
          "uv": [
            0,
            0,
            16,
            16
          ],
          "rotation": 180,
          "texture": "#3"
        },
        "west": {
          "uv": [
            0,
            16,
            16,
            0
          ],
          "texture": "#3"
        }
      }
    },
    {
      "from": [
        8.725,
        17.875,
        4
      ],
      "to": [
        8.775,
        25.875,
        12
      ],
      "rotation": {
        "angle": 0,
        "axis": "z",
        "origin": [
          8.75,
          21.875,
          8
        ]
      },
      "faces": {
        "east": {
          "uv": [
            0,
            16,
            16,
            0
          ],
          "texture": "#3"
        },
        "west": {
          "uv": [
            0,
            0,
            16,
            16
          ],
          "rotation": 180,
          "texture": "#3"
        }
      }
    },
    {
      "from": [
        7.75,
        21.00912,
        0.49998
      ],
      "to": [
        8.25,
        22.00912,
        5.49998
      ],
      "rotation": {
        "angle": 0,
        "axis": "x",
        "origin": [
          8,
          20.64505,
          0.89148
        ]
      },
      "faces": {
        "north": {
          "uv": [
            14.66667,
            2,
            15,
            2.66667
          ],
          "texture": "#4"
        },
        "east": {
          "uv": [
            9.33333,
            7.33333,
            12.66667,
            8
          ],
          "texture": "#4"
        },
        "west": {
          "uv": [
            2,
            10,
            5.33333,
            10.66667
          ],
          "texture": "#4"
        },
        "up": {
          "uv": [
            9.66667,
            14.66667,
            9.33333,
            11.33333
          ],
          "texture": "#4"
        },
        "down": {
          "uv": [
            10.33333,
            11.33333,
            10,
            14.66667
          ],
          "texture": "#4"
        }
      }
    },
    {
      "from": [
        7.75,
        21.00507,
        10.75663
      ],
      "to": [
        8.25,
        22.00507,
        13.75663
      ],
      "rotation": {
        "angle": 0,
        "axis": "x",
        "origin": [
          8,
          21.39079,
          13.13608
        ]
      },
      "faces": {
        "east": {
          "uv": [
            10.66667,
            4,
            12.66667,
            4.66667
          ],
          "texture": "#4"
        },
        "west": {
          "uv": [
            10.66667,
            4.66667,
            12.66667,
            5.33333
          ],
          "texture": "#4"
        },
        "up": {
          "uv": [
            13.66667,
            12,
            13.33333,
            10
          ],
          "texture": "#4"
        },
        "down": {
          "uv": [
            11,
            13.33333,
            10.66667,
            15.33333
          ],
          "texture": "#4"
        }
      }
    },
    {
      "from": [
        7.975,
        16.25912,
        -5.25002
      ],
      "to": [
        8.025,
        21.25912,
        7.74998
      ],
      "rotation": {
        "angle": 0,
        "axis": "x",
        "origin": [
          7.975,
          20.64505,
          0.89148
        ]
      },
      "faces": {
        "east": {
          "uv": [
            8.66667,
            0,
            0,
            3.33333
          ],
          "texture": "#4"
        },
        "west": {
          "uv": [
            0,
            0,
            8.66667,
            3.33333
          ],
          "texture": "#4"
        }
      }
    },
    {
      "from": [
        7.975,
        19.25507,
        8.25663
      ],
      "to": [
        8.025,
        22.25507,
        17.25663
      ],
      "rotation": {
        "angle": 0,
        "axis": "x",
        "origin": [
          7.975,
          21.39079,
          13.13608
        ]
      },
      "faces": {
        "east": {
          "uv": [
            6,
            3.33333,
            0,
            5.33333
          ],
          "texture": "#4"
        },
        "west": {
          "uv": [
            0,
            3.33333,
            6,
            5.33333
          ],
          "texture": "#4"
        }
      }
    },
    {
      "from": [
        7.755,
        21.13011,
        -1.94822
      ],
      "to": [
        8.245,
        22.05511,
        1.05178
      ],
      "rotation": {
        "angle": -22.5,
        "axis": "x",
        "origin": [
          8,
          20.64505,
          0.89148
        ]
      },
      "faces": {
        "north": {
          "uv": [
            2.66667,
            14.66667,
            3,
            15.33333
          ],
          "texture": "#4"
        },
        "east": {
          "uv": [
            10.66667,
            2,
            12.66667,
            2.66667
          ],
          "texture": "#4"
        },
        "west": {
          "uv": [
            2.66667,
            10.66667,
            4.66667,
            11.33333
          ],
          "texture": "#4"
        },
        "up": {
          "uv": [
            13.66667,
            6,
            13.33333,
            4
          ],
          "texture": "#4"
        },
        "down": {
          "uv": [
            13.66667,
            8,
            13.33333,
            10
          ],
          "texture": "#4"
        }
      }
    },
    {
      "from": [
        7.745,
        19.63635,
        13.25924
      ],
      "to": [
        8.255,
        22.13635,
        14.25924
      ],
      "rotation": {
        "angle": -45,
        "axis": "x",
        "origin": [
          8,
          21.39079,
          13.13608
        ]
      },
      "faces": {
        "north": {
          "uv": [
            11.33333,
            13.33333,
            11.66667,
            15
          ],
          "texture": "#4"
        },
        "east": {
          "uv": [
            10.66667,
            11.33333,
            11.33333,
            13
          ],
          "texture": "#4"
        },
        "south": {
          "uv": [
            12,
            13.33333,
            12.33333,
            15
          ],
          "texture": "#4"
        },
        "west": {
          "uv": [
            11.33333,
            11.33333,
            12,
            13
          ],
          "texture": "#4"
        },
        "up": {
          "uv": [
            15,
            3.33333,
            14.66667,
            2.66667
          ],
          "texture": "#4"
        },
        "down": {
          "uv": [
            3.66667,
            14.66667,
            3.33333,
            15.33333
          ],
          "texture": "#4"
        }
      }
    },
    {
      "from": [
        7.975,
        13.43986,
        4.35
      ],
      "to": [
        8.025,
        17.63986,
        6.15
      ],
      "rotation": {
        "angle": 22.5,
        "axis": "y",
        "origin": [
          8,
          15.53986,
          5.25
        ]
      },
      "faces": {
        "east": {
          "uv": [
            3.5,
            0,
            0,
            8.5
          ],
          "texture": "#0"
        },
        "west": {
          "uv": [
            0,
            0,
            3.5,
            8.5
          ],
          "texture": "#0"
        }
      }
    },
    {
      "from": [
        7.975,
        15.18986,
        9.1
      ],
      "to": [
        8.025,
        19.38986,
        10.9
      ],
      "rotation": {
        "angle": -22.5,
        "axis": "y",
        "origin": [
          8,
          17.28986,
          10
        ]
      },
      "faces": {
        "east": {
          "uv": [
            0,
            0,
            3.5,
            8.5
          ],
          "texture": "#0"
        },
        "west": {
          "uv": [
            3.5,
            0,
            0,
            8.5
          ],
          "texture": "#0"
        }
      }
    }
  ],
  "gui_light": "front",
  "display": {
    "thirdperson_righthand": {
      "translation": [
        0,
        -4,
        1.25
      ]
    },
    "thirdperson_lefthand": {
      "translation": [
        0,
        -4,
        1.25
      ]
    },
    "firstperson_righthand": {
      "rotation": [
        -10,
        0,
        0
      ]
    },
    "firstperson_lefthand": {
      "rotation": [
        -10,
        0,
        0
      ]
    },
    "ground": {
      "translation": [
        0,
        10,
        0
      ]
    },
    "gui": {
      "rotation": [
        -90,
        45,
        90
      ],
      "translation": [
        3.5,
        -3.5,
        0
      ],
      "scale": [
        0.73437,
        0.73437,
        0.73437
      ]
    },
    "head": {
      "scale": [
        0,
        0,
        0
      ]
    },
    "fixed": {
      "rotation": [
        0,
        -90,
        0
      ],
      "translation": [
        0,
        -13.5,
        -0.5
      ],
      "scale": [
        2.5,
        2.5,
        2.5
      ]
    }
  }
}