{
  "credit": "MadebyPolygonMC",
  "texture_size": [
    24,
    24
  ],
  "textures": {
    "0": "lunarset:animations_2",
    "2": "lunarset:shovel",
    "3": "lunarset:animations_1",
    "particle": "lunarset:animations_2"
  },
  "elements": [
    {
      "from": [
        7.25,
        1,
        7.25
      ],
      "to": [
        8.75,
        1.5,
        8.75
      ],
      "rotation": {
        "angle": 0,
        "axis": "y",
        "origin": [
          7.5,
          0,
          7.5
        ]
      },
      "faces": {
        "north": {
          "uv": [
            12,
            11.33333,
            13,
            11.66667
          ],
          "texture": "#2"
        },
        "east": {
          "uv": [
            12,
            12,
            13,
            12.33333
          ],
          "texture": "#2"
        },
        "south": {
          "uv": [
            12.66667,
            0,
            13.66667,
            0.33333
          ],
          "texture": "#2"
        },
        "west": {
          "uv": [
            0.66667,
            12.66667,
            1.66667,
            13
          ],
          "texture": "#2"
        },
        "up": {
          "uv": [
            11,
            1,
            10,
            0
          ],
          "texture": "#2"
        },
        "down": {
          "uv": [
            11,
            3.33333,
            10,
            4.33333
          ],
          "texture": "#2"
        }
      }
    },
    {
      "from": [
        7.25,
        5.5,
        7.25
      ],
      "to": [
        8.75,
        6,
        8.75
      ],
      "rotation": {
        "angle": 0,
        "axis": "y",
        "origin": [
          7.5,
          0,
          7.5
        ]
      },
      "faces": {
        "north": {
          "uv": [
            12.66667,
            0.66667,
            13.66667,
            1
          ],
          "texture": "#2"
        },
        "east": {
          "uv": [
            12.66667,
            1.33333,
            13.66667,
            1.66667
          ],
          "texture": "#2"
        },
        "south": {
          "uv": [
            12.66667,
            2,
            13.66667,
            2.33333
          ],
          "texture": "#2"
        },
        "west": {
          "uv": [
            12.66667,
            2.66667,
            13.66667,
            3
          ],
          "texture": "#2"
        },
        "up": {
          "uv": [
            6.33333,
            11,
            5.33333,
            10
          ],
          "texture": "#2"
        },
        "down": {
          "uv": [
            10.33333,
            10,
            9.33333,
            11
          ],
          "texture": "#2"
        }
      }
    },
    {
      "from": [
        7.5,
        1.5,
        7.5
      ],
      "to": [
        8.5,
        2.5,
        8.5
      ],
      "rotation": {
        "angle": 0,
        "axis": "y",
        "origin": [
          7.5,
          0,
          7.5
        ]
      },
      "faces": {
        "north": {
          "uv": [
            0.66667,
            10,
            1.33333,
            10.66667
          ],
          "texture": "#2"
        },
        "east": {
          "uv": [
            10,
            4.66667,
            10.66667,
            5.33333
          ],
          "texture": "#2"
        },
        "south": {
          "uv": [
            10.66667,
            2.66667,
            11.33333,
            3.33333
          ],
          "texture": "#2"
        },
        "west": {
          "uv": [
            11.33333,
            9.33333,
            12,
            10
          ],
          "texture": "#2"
        },
        "up": {
          "uv": [
            10.66667,
            12,
            10,
            11.33333
          ],
          "texture": "#2"
        }
      }
    },
    {
      "from": [
        7.5,
        4.5,
        7.5
      ],
      "to": [
        8.5,
        5.5,
        8.5
      ],
      "rotation": {
        "angle": 0,
        "axis": "y",
        "origin": [
          7.5,
          0.5,
          7.5
        ]
      },
      "faces": {
        "north": {
          "uv": [
            10.66667,
            11.33333,
            11.33333,
            12
          ],
          "texture": "#2"
        },
        "east": {
          "uv": [
            11.33333,
            11.33333,
            12,
            12
          ],
          "texture": "#2"
        },
        "south": {
          "uv": [
            0.66667,
            12,
            1.33333,
            12.66667
          ],
          "texture": "#2"
        },
        "west": {
          "uv": [
            1.33333,
            12,
            2,
            12.66667
          ],
          "texture": "#2"
        },
        "up": {
          "uv": [
            12.66667,
            2,
            12,
            1.33333
          ],
          "texture": "#2"
        },
        "down": {
          "uv": [
            2.66667,
            12,
            2,
            12.66667
          ],
          "texture": "#2"
        }
      }
    },
    {
      "from": [
        7.6,
        2.5,
        7.6
      ],
      "to": [
        8.4,
        4.5,
        8.4
      ],
      "rotation": {
        "angle": 0,
        "axis": "y",
        "origin": [
          7.5,
          0,
          7.5
        ]
      },
      "faces": {
        "north": {
          "uv": [
            11.33333,
            2.66667,
            11.83333,
            4
          ],
          "texture": "#2"
        },
        "east": {
          "uv": [
            11.33333,
            4,
            11.83333,
            5.33333
          ],
          "texture": "#2"
        },
        "south": {
          "uv": [
            5.33333,
            11.33333,
            5.83333,
            12.66667
          ],
          "texture": "#2"
        },
        "west": {
          "uv": [
            11.33333,
            5.33333,
            11.83333,
            6.66667
          ],
          "texture": "#2"
        }
      }
    },
    {
      "from": [
        7.75,
        -0.75,
        7
      ],
      "to": [
        8.25,
        1.25,
        7.75
      ],
      "rotation": {
        "angle": -45,
        "axis": "x",
        "origin": [
          8,
          0.25,
          8
        ]
      },
      "faces": {
        "north": {
          "uv": [
            12,
            2,
            12.33333,
            3.33333
          ],
          "texture": "#2"
        },
        "east": {
          "uv": [
            6,
            11.33333,
            6.5,
            12.66667
          ],
          "texture": "#2"
        },
        "south": {
          "uv": [
            2.66667,
            12,
            3,
            13.33333
          ],
          "texture": "#2"
        },
        "west": {
          "uv": [
            11.33333,
            6.66667,
            11.83333,
            8
          ],
          "texture": "#2"
        },
        "up": {
          "uv": [
            13,
            7.16667,
            12.66667,
            6.66667
          ],
          "texture": "#2"
        },
        "down": {
          "uv": [
            7.66667,
            12.66667,
            7.33333,
            13.16667
          ],
          "texture": "#2"
        }
      }
    },
    {
      "from": [
        7.75,
        -0.75,
        8.25
      ],
      "to": [
        8.25,
        1.25,
        9
      ],
      "rotation": {
        "angle": -45,
        "axis": "x",
        "origin": [
          8,
          0.25,
          8
        ]
      },
      "faces": {
        "north": {
          "uv": [
            3.33333,
            12,
            3.66667,
            13.33333
          ],
          "texture": "#2"
        },
        "east": {
          "uv": [
            11.33333,
            8,
            11.83333,
            9.33333
          ],
          "texture": "#2"
        },
        "south": {
          "uv": [
            12,
            3.33333,
            12.33333,
            4.66667
          ],
          "texture": "#2"
        },
        "west": {
          "uv": [
            9.33333,
            11.33333,
            9.83333,
            12.66667
          ],
          "texture": "#2"
        },
        "up": {
          "uv": [
            13,
            7.83333,
            12.66667,
            7.33333
          ],
          "texture": "#2"
        },
        "down": {
          "uv": [
            8.33333,
            12.66667,
            8,
            13.16667
          ],
          "texture": "#2"
        }
      }
    },
    {
      "from": [
        7.75,
        0.5,
        7.75
      ],
      "to": [
        8.25,
        1.25,
        8.25
      ],
      "rotation": {
        "angle": -45,
        "axis": "x",
        "origin": [
          8,
          0.25,
          8
        ]
      },
      "faces": {
        "east": {
          "uv": [
            12.66667,
            8,
            13,
            8.5
          ],
          "texture": "#2"
        },
        "west": {
          "uv": [
            8.66667,
            12.66667,
            9,
            13.16667
          ],
          "texture": "#2"
        },
        "up": {
          "uv": [
            13,
            9.66667,
            12.66667,
            9.33333
          ],
          "texture": "#2"
        },
        "down": {
          "uv": [
            13,
            10,
            12.66667,
            10.33333
          ],
          "texture": "#2"
        }
      }
    },
    {
      "from": [
        7.75,
        -0.75,
        7.75
      ],
      "to": [
        8.25,
        0,
        8.25
      ],
      "rotation": {
        "angle": -45,
        "axis": "x",
        "origin": [
          8,
          0.25,
          8
        ]
      },
      "faces": {
        "east": {
          "uv": [
            12.66667,
            8.66667,
            13,
            9.16667
          ],
          "texture": "#2"
        },
        "west": {
          "uv": [
            9.33333,
            12.66667,
            9.66667,
            13.16667
          ],
          "texture": "#2"
        },
        "up": {
          "uv": [
            13,
            11,
            12.66667,
            10.66667
          ],
          "texture": "#2"
        },
        "down": {
          "uv": [
            12.33333,
            12.66667,
            12,
            13
          ],
          "texture": "#2"
        }
      }
    },
    {
      "from": [
        7.4,
        11.3,
        6.9
      ],
      "to": [
        8.6,
        13.5,
        9.1
      ],
      "rotation": {
        "angle": -45,
        "axis": "x",
        "origin": [
          8,
          12.4,
          8
        ]
      },
      "faces": {
        "north": {
          "uv": [
            3.33333,
            8.66667,
            4.16667,
            10.16667
          ],
          "texture": "#2"
        },
        "east": {
          "uv": [
            1.33333,
            6.66667,
            2.83333,
            8.16667
          ],
          "texture": "#2"
        },
        "south": {
          "uv": [
            8.66667,
            3.33333,
            9.5,
            4.83333
          ],
          "texture": "#2"
        },
        "west": {
          "uv": [
            3.33333,
            6.66667,
            4.83333,
            8.16667
          ],
          "texture": "#2"
        },
        "up": {
          "uv": [
            10.16667,
            2.83333,
            9.33333,
            1.33333
          ],
          "texture": "#2"
        },
        "down": {
          "uv": [
            10.16667,
            5.33333,
            9.33333,
            6.83333
          ],
          "texture": "#2"
        }
      }
    },
    {
      "from": [
        7.1,
        11.6,
        7.2
      ],
      "to": [
        8.9,
        13.2,
        8.8
      ],
      "rotation": {
        "angle": -45,
        "axis": "x",
        "origin": [
          8,
          12.4,
          8
        ]
      },
      "faces": {
        "north": {
          "uv": [
            6.66667,
            9.33333,
            7.83333,
            10.33333
          ],
          "texture": "#2"
        },
        "east": {
          "uv": [
            0.66667,
            10.66667,
            1.66667,
            11.66667
          ],
          "texture": "#2"
        },
        "south": {
          "uv": [
            9.33333,
            7.33333,
            10.5,
            8.33333
          ],
          "texture": "#2"
        },
        "west": {
          "uv": [
            10.66667,
            1.33333,
            11.66667,
            2.33333
          ],
          "texture": "#2"
        },
        "up": {
          "uv": [
            9.16667,
            10.33333,
            8,
            9.33333
          ],
          "texture": "#2"
        },
        "down": {
          "uv": [
            10.5,
            8.66667,
            9.33333,
            9.66667
          ],
          "texture": "#2"
        }
      }
    },
    {
      "from": [
        7.5,
        11.25,
        5
      ],
      "to": [
        8.5,
        13.25,
        8
      ],
      "rotation": {
        "angle": -22.5,
        "axis": "x",
        "origin": [
          8,
          12.25,
          6.5
        ]
      },
      "faces": {
        "north": {
          "uv": [
            10.66667,
            4.66667,
            11.33333,
            6
          ],
          "texture": "#2"
        },
        "east": {
          "uv": [
            4,
            14.66667,
            6,
            16
          ],
          "texture": "#2"
        },
        "south": {
          "uv": [
            10.66667,
            6,
            11.33333,
            7.33333
          ],
          "texture": "#2"
        },
        "west": {
          "uv": [
            6,
            14.66667,
            8,
            16
          ],
          "texture": "#2"
        },
        "up": {
          "uv": [
            2,
            10.66667,
            1.33333,
            8.66667
          ],
          "texture": "#2"
        },
        "down": {
          "uv": [
            9.33333,
            1.33333,
            8.66667,
            3.33333
          ],
          "texture": "#2"
        }
      }
    },
    {
      "from": [
        7.75,
        13.25,
        7
      ],
      "to": [
        8.25,
        15.25,
        9
      ],
      "rotation": {
        "angle": -45,
        "axis": "x",
        "origin": [
          8,
          14.25,
          8
        ]
      },
      "faces": {
        "north": {
          "uv": [
            4,
            12,
            4.33333,
            13.33333
          ],
          "texture": "#2"
        },
        "east": {
          "uv": [
            8,
            8,
            9.33333,
            9.33333
          ],
          "texture": "#2"
        },
        "south": {
          "uv": [
            4.66667,
            12,
            5,
            13.33333
          ],
          "texture": "#2"
        },
        "west": {
          "uv": [
            8.66667,
            0,
            10,
            1.33333
          ],
          "texture": "#2"
        },
        "up": {
          "uv": [
            12.33333,
            6,
            12,
            4.66667
          ],
          "texture": "#2"
        },
        "down": {
          "uv": [
            12.33333,
            6,
            12,
            7.33333
          ],
          "texture": "#2"
        }
      }
    },
    {
      "from": [
        7.725,
        15.01295,
        7
      ],
      "to": [
        8.275,
        16.42895,
        8.416
      ],
      "rotation": {
        "angle": -45,
        "axis": "x",
        "origin": [
          8,
          16.01295,
          8
        ]
      },
      "faces": {
        "north": {
          "uv": [
            2,
            12.66667,
            2.33333,
            13.66667
          ],
          "texture": "#2"
        },
        "east": {
          "uv": [
            2,
            10.66667,
            3,
            11.66667
          ],
          "texture": "#2"
        },
        "south": {
          "uv": [
            12.66667,
            3.33333,
            13,
            4.33333
          ],
          "texture": "#2"
        },
        "west": {
          "uv": [
            3.33333,
            10.66667,
            4.33333,
            11.66667
          ],
          "texture": "#2"
        },
        "up": {
          "uv": [
            13,
            5.66667,
            12.66667,
            4.66667
          ],
          "texture": "#2"
        },
        "down": {
          "uv": [
            5.66667,
            12.66667,
            5.33333,
            13.66667
          ],
          "texture": "#2"
        }
      }
    },
    {
      "from": [
        7.725,
        20.01295,
        7
      ],
      "to": [
        8.275,
        21.42895,
        8.416
      ],
      "rotation": {
        "angle": -45,
        "axis": "x",
        "origin": [
          8,
          21.01295,
          8
        ]
      },
      "faces": {
        "north": {
          "uv": [
            2,
            12.66667,
            2.33333,
            13.66667
          ],
          "texture": "#2"
        },
        "east": {
          "uv": [
            2,
            10.66667,
            3,
            11.66667
          ],
          "texture": "#2"
        },
        "south": {
          "uv": [
            12.66667,
            3.33333,
            13,
            4.33333
          ],
          "texture": "#2"
        },
        "west": {
          "uv": [
            3.33333,
            10.66667,
            4.33333,
            11.66667
          ],
          "texture": "#2"
        },
        "up": {
          "uv": [
            13,
            5.66667,
            12.66667,
            4.66667
          ],
          "texture": "#2"
        },
        "down": {
          "uv": [
            5.66667,
            12.66667,
            5.33333,
            13.66667
          ],
          "texture": "#2"
        }
      }
    },
    {
      "from": [
        7.225,
        8.375,
        4
      ],
      "to": [
        7.275,
        16.375,
        12
      ],
      "rotation": {
        "angle": 0,
        "axis": "z",
        "origin": [
          7.25,
          12.375,
          8
        ]
      },
      "faces": {
        "east": {
          "uv": [
            0,
            0,
            16,
            16
          ],
          "rotation": 180,
          "texture": "#3"
        },
        "west": {
          "uv": [
            0,
            16,
            16,
            0
          ],
          "texture": "#3"
        }
      }
    },
    {
      "from": [
        8.725,
        8.375,
        4
      ],
      "to": [
        8.775,
        16.375,
        12
      ],
      "rotation": {
        "angle": 0,
        "axis": "z",
        "origin": [
          8.75,
          12.375,
          8
        ]
      },
      "faces": {
        "east": {
          "uv": [
            0,
            16,
            16,
            0
          ],
          "texture": "#3"
        },
        "west": {
          "uv": [
            0,
            0,
            16,
            16
          ],
          "rotation": 180,
          "texture": "#3"
        }
      }
    },
    {
      "from": [
        7.5,
        6,
        7.5
      ],
      "to": [
        8.5,
        7,
        8.5
      ],
      "rotation": {
        "angle": 0,
        "axis": "y",
        "origin": [
          7.5,
          6,
          7.5
        ]
      },
      "faces": {
        "north": {
          "uv": [
            6.66667,
            12,
            7.33333,
            12.66667
          ],
          "texture": "#2"
        },
        "east": {
          "uv": [
            7.33333,
            12,
            8,
            12.66667
          ],
          "texture": "#2"
        },
        "south": {
          "uv": [
            12,
            7.33333,
            12.66667,
            8
          ],
          "texture": "#2"
        },
        "west": {
          "uv": [
            8,
            12,
            8.66667,
            12.66667
          ],
          "texture": "#2"
        }
      }
    },
    {
      "from": [
        7.5,
        10.5,
        7.5
      ],
      "to": [
        8.5,
        11.5,
        8.5
      ],
      "rotation": {
        "angle": 0,
        "axis": "y",
        "origin": [
          7.5,
          10.5,
          7.5
        ]
      },
      "faces": {
        "north": {
          "uv": [
            12,
            8,
            12.66667,
            8.66667
          ],
          "texture": "#2"
        },
        "east": {
          "uv": [
            8.66667,
            12,
            9.33333,
            12.66667
          ],
          "texture": "#2"
        },
        "south": {
          "uv": [
            12,
            8.66667,
            12.66667,
            9.33333
          ],
          "texture": "#2"
        },
        "west": {
          "uv": [
            12,
            9.33333,
            12.66667,
            10
          ],
          "texture": "#2"
        }
      }
    },
    {
      "from": [
        7.35,
        7,
        7.35
      ],
      "to": [
        8.65,
        10.5,
        8.65
      ],
      "rotation": {
        "angle": 0,
        "axis": "y",
        "origin": [
          7.5,
          12.5,
          7.5
        ]
      },
      "faces": {
        "north": {
          "uv": [
            6.66667,
            6.66667,
            7.5,
            9
          ],
          "texture": "#2"
        },
        "east": {
          "uv": [
            13.83333,
            0,
            14.66667,
            2.33333
          ],
          "texture": "#2"
        },
        "south": {
          "uv": [
            13.83333,
            2.5,
            14.66667,
            4.83333
          ],
          "texture": "#2"
        },
        "west": {
          "uv": [
            8,
            5.33333,
            8.83333,
            7.66667
          ],
          "texture": "#2"
        },
        "up": {
          "uv": [
            11.5,
            10.83333,
            10.66667,
            10
          ],
          "texture": "#2"
        },
        "down": {
          "uv": [
            12.16667,
            0,
            11.33333,
            0.83333
          ],
          "texture": "#2"
        }
      }
    },
    {
      "from": [
        7.75,
        12.53625,
        10.13875
      ],
      "to": [
        8.25,
        17.53625,
        11.13875
      ],
      "rotation": {
        "angle": 0,
        "axis": "x",
        "origin": [
          7.995,
          16.09875,
          10.6375
        ]
      },
      "faces": {
        "north": {
          "uv": [
            4.66667,
            8.66667,
            5,
            12
          ],
          "texture": "#2"
        },
        "east": {
          "uv": [
            5.33333,
            6.66667,
            6,
            10
          ],
          "texture": "#2"
        },
        "south": {
          "uv": [
            0,
            10,
            0.33333,
            13.33333
          ],
          "texture": "#2"
        },
        "west": {
          "uv": [
            6,
            6.66667,
            6.66667,
            10
          ],
          "texture": "#2"
        },
        "up": {
          "uv": [
            6.33333,
            13.33333,
            6,
            12.66667
          ],
          "texture": "#2"
        }
      }
    },
    {
      "from": [
        7.755,
        17.30161,
        10.03665
      ],
      "to": [
        8.245,
        19.05161,
        10.96165
      ],
      "rotation": {
        "angle": -22.5,
        "axis": "x",
        "origin": [
          8,
          17.86411,
          10.4604
        ]
      },
      "faces": {
        "north": {
          "uv": [
            10,
            12,
            10.33333,
            13.16667
          ],
          "texture": "#2"
        },
        "east": {
          "uv": [
            10.66667,
            7.33333,
            11.33333,
            8.5
          ],
          "texture": "#2"
        },
        "south": {
          "uv": [
            12,
            10,
            12.33333,
            11.16667
          ],
          "texture": "#2"
        },
        "west": {
          "uv": [
            8,
            10.66667,
            8.66667,
            11.83333
          ],
          "texture": "#2"
        },
        "up": {
          "uv": [
            13,
            6.66667,
            12.66667,
            6
          ],
          "texture": "#2"
        }
      }
    },
    {
      "from": [
        7.76,
        18.54144,
        9.14251
      ],
      "to": [
        8.24,
        20.29144,
        9.99751
      ],
      "rotation": {
        "angle": -45,
        "axis": "x",
        "origin": [
          8,
          19.41644,
          9.49501
        ]
      },
      "faces": {
        "north": {
          "uv": [
            10.66667,
            12,
            11,
            13.16667
          ],
          "texture": "#2"
        },
        "east": {
          "uv": [
            8.66667,
            10.66667,
            9.33333,
            11.83333
          ],
          "texture": "#2"
        },
        "south": {
          "uv": [
            11.33333,
            12,
            11.66667,
            13.16667
          ],
          "texture": "#2"
        },
        "west": {
          "uv": [
            10.66667,
            8.66667,
            11.33333,
            9.83333
          ],
          "texture": "#2"
        },
        "up": {
          "uv": [
            7,
            13.33333,
            6.66667,
            12.66667
          ],
          "texture": "#2"
        }
      }
    },
    {
      "from": [
        7.76,
        18.54144,
        6.00249
      ],
      "to": [
        8.24,
        20.29144,
        6.85749
      ],
      "rotation": {
        "angle": 45,
        "axis": "x",
        "origin": [
          8,
          19.41644,
          6.50499
        ]
      },
      "faces": {
        "north": {
          "uv": [
            11.66667,
            12,
            11.33333,
            13.16667
          ],
          "texture": "#2"
        },
        "east": {
          "uv": [
            9.33333,
            10.66667,
            8.66667,
            11.83333
          ],
          "texture": "#2"
        },
        "south": {
          "uv": [
            11,
            12,
            10.66667,
            13.16667
          ],
          "texture": "#2"
        },
        "west": {
          "uv": [
            11.33333,
            8.66667,
            10.66667,
            9.83333
          ],
          "texture": "#2"
        },
        "up": {
          "uv": [
            7,
            12.66667,
            6.66667,
            13.33333
          ],
          "texture": "#2"
        }
      }
    },
    {
      "from": [
        7.755,
        17.30161,
        5.03835
      ],
      "to": [
        8.245,
        19.05161,
        5.96335
      ],
      "rotation": {
        "angle": 22.5,
        "axis": "x",
        "origin": [
          8,
          17.86411,
          5.5396
        ]
      },
      "faces": {
        "north": {
          "uv": [
            12.33333,
            10,
            12,
            11.16667
          ],
          "texture": "#2"
        },
        "east": {
          "uv": [
            11.33333,
            7.33333,
            10.66667,
            8.5
          ],
          "texture": "#2"
        },
        "south": {
          "uv": [
            10.33333,
            12,
            10,
            13.16667
          ],
          "texture": "#2"
        },
        "west": {
          "uv": [
            8.66667,
            10.66667,
            8,
            11.83333
          ],
          "texture": "#2"
        },
        "up": {
          "uv": [
            13,
            6,
            12.66667,
            6.66667
          ],
          "texture": "#2"
        }
      }
    },
    {
      "from": [
        7.75,
        12.53625,
        4.86125
      ],
      "to": [
        8.25,
        17.53625,
        5.86125
      ],
      "rotation": {
        "angle": 0,
        "axis": "x",
        "origin": [
          7.995,
          16.09875,
          5.3625
        ]
      },
      "faces": {
        "north": {
          "uv": [
            0.33333,
            10,
            0,
            13.33333
          ],
          "texture": "#2"
        },
        "east": {
          "uv": [
            6,
            6.66667,
            5.33333,
            10
          ],
          "texture": "#2"
        },
        "south": {
          "uv": [
            5,
            8.66667,
            4.66667,
            12
          ],
          "texture": "#2"
        },
        "west": {
          "uv": [
            6.66667,
            6.66667,
            6,
            10
          ],
          "texture": "#2"
        },
        "up": {
          "uv": [
            6.33333,
            12.66667,
            6,
            13.33333
          ],
          "texture": "#2"
        }
      }
    },
    {
      "from": [
        7.5,
        11.25,
        8
      ],
      "to": [
        8.5,
        13.25,
        11
      ],
      "rotation": {
        "angle": 22.5,
        "axis": "x",
        "origin": [
          8,
          12.25,
          9.5
        ]
      },
      "faces": {
        "north": {
          "uv": [
            6.66667,
            10.66667,
            7.33333,
            12
          ],
          "texture": "#2"
        },
        "east": {
          "uv": [
            0,
            14.66667,
            2,
            16
          ],
          "texture": "#2"
        },
        "south": {
          "uv": [
            7.33333,
            10.66667,
            8,
            12
          ],
          "texture": "#2"
        },
        "west": {
          "uv": [
            2,
            14.66667,
            4,
            16
          ],
          "texture": "#2"
        },
        "up": {
          "uv": [
            2.66667,
            10.66667,
            2,
            8.66667
          ],
          "texture": "#2"
        },
        "down": {
          "uv": [
            3.33333,
            8.66667,
            2.66667,
            10.66667
          ],
          "texture": "#2"
        }
      }
    },
    {
      "from": [
        7.975,
        12.5,
        2.5
      ],
      "to": [
        8.025,
        20.25,
        13.5
      ],
      "rotation": {
        "angle": 0,
        "axis": "y",
        "origin": [
          7.975,
          12.5,
          4.5
        ]
      },
      "faces": {
        "east": {
          "uv": [
            7.33333,
            0,
            0,
            5.16667
          ],
          "texture": "#2"
        },
        "west": {
          "uv": [
            0,
            0,
            7.33333,
            5.16667
          ],
          "texture": "#2"
        }
      }
    },
    {
      "from": [
        7.975,
        7.73986,
        4.2
      ],
      "to": [
        8.025,
        11.93986,
        6
      ],
      "rotation": {
        "angle": 22.5,
        "axis": "y",
        "origin": [
          8,
          9.83986,
          5.1
        ]
      },
      "faces": {
        "east": {
          "uv": [
            3.5,
            0,
            0,
            8.5
          ],
          "texture": "#0"
        },
        "west": {
          "uv": [
            0,
            0,
            3.5,
            8.5
          ],
          "texture": "#0"
        }
      }
    },
    {
      "from": [
        7.975,
        7.73986,
        10
      ],
      "to": [
        8.025,
        11.93986,
        11.8
      ],
      "rotation": {
        "angle": 22.5,
        "axis": "y",
        "origin": [
          8,
          9.83986,
          10.9
        ]
      },
      "faces": {
        "east": {
          "uv": [
            0,
            0,
            3.5,
            8.5
          ],
          "texture": "#0"
        },
        "west": {
          "uv": [
            3.5,
            0,
            0,
            8.5
          ],
          "texture": "#0"
        }
      }
    }
  ],
  "gui_light": "front",
  "display": {
    "thirdperson_righthand": {
      "translation": [
        0,
        2.5,
        1.25
      ]
    },
    "thirdperson_lefthand": {
      "translation": [
        0,
        2.5,
        1.25
      ]
    },
    "firstperson_righthand": {
      "rotation": [
        -10,
        0,
        0
      ],
      "translation": [
        0,
        2.75,
        0
      ]
    },
    "firstperson_lefthand": {
      "rotation": [
        -10,
        0,
        0
      ],
      "translation": [
        0,
        2.75,
        0
      ]
    },
    "ground": {
      "translation": [
        0,
        10,
        0
      ]
    },
    "gui": {
      "rotation": [
        -90,
        45,
        90
      ],
      "translation": [
        1.5,
        -1.5,
        0
      ],
      "scale": [
        0.90234,
        0.90234,
        0.90234
      ]
    },
    "head": {
      "scale": [
        0,
        0,
        0
      ]
    },
    "fixed": {
      "rotation": [
        0,
        90,
        0
      ],
      "translation": [
        0,
        -3.5,
        -0.5
      ],
      "scale": [
        2.5,
        2.5,
        2.5
      ]
    }
  }
}