{
  "credit": "MadebyPolygonMC",
  "texture_size": [
    24,
    24
  ],
  "textures": {
    "0": "lunarset:animations_2",
    "2": "lunarset:trident",
    "3": "lunarset:animations_1",
    "particle": "lunarset:animations_2"
  },
  "elements": [
    {
      "from": [
        7.25,
        1,
        7.25
      ],
      "to": [
        8.75,
        1.5,
        8.75
      ],
      "rotation": {
        "angle": 0,
        "axis": "y",
        "origin": [
          7.5,
          0,
          7.5
        ]
      },
      "faces": {
        "north": {
          "uv": [
            12.66667,
            11.33333,
            13.66667,
            11.66667
          ],
          "texture": "#2"
        },
        "east": {
          "uv": [
            12,
            12.66667,
            13,
            13
          ],
          "texture": "#2"
        },
        "south": {
          "uv": [
            12.66667,
            12,
            13.66667,
            12.33333
          ],
          "texture": "#2"
        },
        "west": {
          "uv": [
            13.33333,
            0,
            14.33333,
            0.33333
          ],
          "texture": "#2"
        },
        "up": {
          "uv": [
            8.33333,
            11.66667,
            7.33333,
            10.66667
          ],
          "texture": "#2"
        },
        "down": {
          "uv": [
            11.66667,
            10,
            10.66667,
            11
          ],
          "texture": "#2"
        }
      }
    },
    {
      "from": [
        7.75,
        -0.75,
        7
      ],
      "to": [
        8.25,
        1.25,
        7.75
      ],
      "rotation": {
        "angle": -45,
        "axis": "x",
        "origin": [
          8,
          0.25,
          8
        ]
      },
      "faces": {
        "north": {
          "uv": [
            10,
            12,
            10.33333,
            13.33333
          ],
          "texture": "#2"
        },
        "east": {
          "uv": [
            6,
            12,
            6.5,
            13.33333
          ],
          "texture": "#2"
        },
        "south": {
          "uv": [
            12,
            10,
            12.33333,
            11.33333
          ],
          "texture": "#2"
        },
        "west": {
          "uv": [
            6.66667,
            12,
            7.16667,
            13.33333
          ],
          "texture": "#2"
        },
        "up": {
          "uv": [
            13.66667,
            6.5,
            13.33333,
            6
          ],
          "texture": "#2"
        },
        "down": {
          "uv": [
            7,
            13.33333,
            6.66667,
            13.83333
          ],
          "texture": "#2"
        }
      }
    },
    {
      "from": [
        7.75,
        -0.75,
        8.25
      ],
      "to": [
        8.25,
        1.25,
        9
      ],
      "rotation": {
        "angle": -45,
        "axis": "x",
        "origin": [
          8,
          0.25,
          8
        ]
      },
      "faces": {
        "north": {
          "uv": [
            12,
            11.33333,
            12.33333,
            12.66667
          ],
          "texture": "#2"
        },
        "east": {
          "uv": [
            7.33333,
            12,
            7.83333,
            13.33333
          ],
          "texture": "#2"
        },
        "south": {
          "uv": [
            0,
            12.66667,
            0.33333,
            14
          ],
          "texture": "#2"
        },
        "west": {
          "uv": [
            12,
            7.33333,
            12.5,
            8.66667
          ],
          "texture": "#2"
        },
        "up": {
          "uv": [
            13.66667,
            7.16667,
            13.33333,
            6.66667
          ],
          "texture": "#2"
        },
        "down": {
          "uv": [
            7.66667,
            13.33333,
            7.33333,
            13.83333
          ],
          "texture": "#2"
        }
      }
    },
    {
      "from": [
        7.75,
        0.5,
        7.75
      ],
      "to": [
        8.25,
        1.25,
        8.25
      ],
      "rotation": {
        "angle": -45,
        "axis": "x",
        "origin": [
          8,
          0.25,
          8
        ]
      },
      "faces": {
        "east": {
          "uv": [
            13.33333,
            7.33333,
            13.66667,
            7.83333
          ],
          "texture": "#2"
        },
        "west": {
          "uv": [
            8,
            13.33333,
            8.33333,
            13.83333
          ],
          "texture": "#2"
        },
        "up": {
          "uv": [
            13.66667,
            9,
            13.33333,
            8.66667
          ],
          "texture": "#2"
        },
        "down": {
          "uv": [
            9.66667,
            13.33333,
            9.33333,
            13.66667
          ],
          "texture": "#2"
        }
      }
    },
    {
      "from": [
        7.75,
        -0.75,
        7.75
      ],
      "to": [
        8.25,
        0,
        8.25
      ],
      "rotation": {
        "angle": -45,
        "axis": "x",
        "origin": [
          8,
          0.25,
          8
        ]
      },
      "faces": {
        "east": {
          "uv": [
            13.33333,
            8,
            13.66667,
            8.5
          ],
          "texture": "#2"
        },
        "west": {
          "uv": [
            8.66667,
            13.33333,
            9,
            13.83333
          ],
          "texture": "#2"
        },
        "up": {
          "uv": [
            13.66667,
            9.66667,
            13.33333,
            9.33333
          ],
          "texture": "#2"
        },
        "down": {
          "uv": [
            10.33333,
            13.33333,
            10,
            13.66667
          ],
          "texture": "#2"
        }
      }
    },
    {
      "from": [
        7.4,
        20.8,
        6.9
      ],
      "to": [
        8.6,
        23,
        9.1
      ],
      "rotation": {
        "angle": -45,
        "axis": "x",
        "origin": [
          8,
          21.9,
          8
        ]
      },
      "faces": {
        "north": {
          "uv": [
            10,
            6,
            10.83333,
            7.5
          ],
          "texture": "#2"
        },
        "east": {
          "uv": [
            7.33333,
            8.66667,
            8.83333,
            10.16667
          ],
          "texture": "#2"
        },
        "south": {
          "uv": [
            10,
            8,
            10.83333,
            9.5
          ],
          "texture": "#2"
        },
        "west": {
          "uv": [
            4,
            9.33333,
            5.5,
            10.83333
          ],
          "texture": "#2"
        },
        "up": {
          "uv": [
            10.16667,
            11.5,
            9.33333,
            10
          ],
          "texture": "#2"
        },
        "down": {
          "uv": [
            11.5,
            0,
            10.66667,
            1.5
          ],
          "texture": "#2"
        }
      }
    },
    {
      "from": [
        7.1,
        21.1,
        7.2
      ],
      "to": [
        8.9,
        22.7,
        8.8
      ],
      "rotation": {
        "angle": -45,
        "axis": "x",
        "origin": [
          8,
          21.9,
          8
        ]
      },
      "faces": {
        "north": {
          "uv": [
            10,
            3.33333,
            11.16667,
            4.33333
          ],
          "texture": "#2"
        },
        "east": {
          "uv": [
            0,
            11.33333,
            1,
            12.33333
          ],
          "texture": "#2"
        },
        "south": {
          "uv": [
            10.66667,
            2,
            11.83333,
            3
          ],
          "texture": "#2"
        },
        "west": {
          "uv": [
            1.33333,
            11.33333,
            2.33333,
            12.33333
          ],
          "texture": "#2"
        },
        "up": {
          "uv": [
            11.83333,
            5.66667,
            10.66667,
            4.66667
          ],
          "texture": "#2"
        },
        "down": {
          "uv": [
            7.16667,
            10.66667,
            6,
            11.66667
          ],
          "texture": "#2"
        }
      }
    },
    {
      "from": [
        7.5,
        20.75,
        5
      ],
      "to": [
        8.5,
        22.75,
        8
      ],
      "rotation": {
        "angle": -22.5,
        "axis": "x",
        "origin": [
          8,
          21.75,
          6.5
        ]
      },
      "faces": {
        "north": {
          "uv": [
            8.66667,
            10.66667,
            9.33333,
            12
          ],
          "texture": "#2"
        },
        "east": {
          "uv": [
            7.33333,
            4.66667,
            9.33333,
            6
          ],
          "texture": "#2"
        },
        "south": {
          "uv": [
            5.33333,
            11.33333,
            6,
            12.66667
          ],
          "texture": "#2"
        },
        "west": {
          "uv": [
            7.33333,
            6,
            9.33333,
            7.33333
          ],
          "texture": "#2"
        },
        "up": {
          "uv": [
            7.16667,
            9.16667,
            6.5,
            7.16667
          ],
          "texture": "#2"
        },
        "down": {
          "uv": [
            10,
            6,
            9.33333,
            8
          ],
          "texture": "#2"
        }
      }
    },
    {
      "from": [
        7.75,
        22.75,
        7
      ],
      "to": [
        8.25,
        24.75,
        9
      ],
      "rotation": {
        "angle": -45,
        "axis": "x",
        "origin": [
          8,
          23.75,
          8
        ]
      },
      "faces": {
        "north": {
          "uv": [
            0.66667,
            12.66667,
            1,
            14
          ],
          "texture": "#2"
        },
        "east": {
          "uv": [
            9.33333,
            4.66667,
            10.66667,
            6
          ],
          "texture": "#2"
        },
        "south": {
          "uv": [
            1.33333,
            12.66667,
            1.66667,
            14
          ],
          "texture": "#2"
        },
        "west": {
          "uv": [
            6,
            9.33333,
            7.33333,
            10.66667
          ],
          "texture": "#2"
        },
        "up": {
          "uv": [
            2.33333,
            14,
            2,
            12.66667
          ],
          "texture": "#2"
        },
        "down": {
          "uv": [
            3,
            12.66667,
            2.66667,
            14
          ],
          "texture": "#2"
        }
      }
    },
    {
      "from": [
        7.725,
        24.51295,
        7
      ],
      "to": [
        8.275,
        25.92895,
        8.416
      ],
      "rotation": {
        "angle": -45,
        "axis": "x",
        "origin": [
          8,
          25.51295,
          8
        ]
      },
      "faces": {
        "north": {
          "uv": [
            13.33333,
            0.66667,
            13.66667,
            1.66667
          ],
          "texture": "#2"
        },
        "east": {
          "uv": [
            2.66667,
            11.33333,
            3.66667,
            12.33333
          ],
          "texture": "#2"
        },
        "south": {
          "uv": [
            13.33333,
            2,
            13.66667,
            3
          ],
          "texture": "#2"
        },
        "west": {
          "uv": [
            11.33333,
            3.33333,
            12.33333,
            4.33333
          ],
          "texture": "#2"
        },
        "up": {
          "uv": [
            3.66667,
            14.33333,
            3.33333,
            13.33333
          ],
          "texture": "#2"
        },
        "down": {
          "uv": [
            13.66667,
            3.33333,
            13.33333,
            4.33333
          ],
          "texture": "#2"
        }
      }
    },
    {
      "from": [
        7.25,
        12,
        7.25
      ],
      "to": [
        8.75,
        12.5,
        8.75
      ],
      "rotation": {
        "angle": 0,
        "axis": "y",
        "origin": [
          7.5,
          6.5,
          7.5
        ]
      },
      "faces": {
        "north": {
          "uv": [
            4,
            13.33333,
            5,
            13.66667
          ],
          "texture": "#2"
        },
        "east": {
          "uv": [
            13.33333,
            4.66667,
            14.33333,
            5
          ],
          "texture": "#2"
        },
        "south": {
          "uv": [
            5.33333,
            13.33333,
            6.33333,
            13.66667
          ],
          "texture": "#2"
        },
        "west": {
          "uv": [
            13.33333,
            5.33333,
            14.33333,
            5.66667
          ],
          "texture": "#2"
        },
        "up": {
          "uv": [
            5,
            12.33333,
            4,
            11.33333
          ],
          "texture": "#2"
        },
        "down": {
          "uv": [
            12.33333,
            6,
            11.33333,
            7
          ],
          "texture": "#2"
        }
      }
    },
    {
      "from": [
        7.5,
        8,
        7.5
      ],
      "to": [
        8.5,
        9,
        8.5
      ],
      "rotation": {
        "angle": 0,
        "axis": "y",
        "origin": [
          7.5,
          6.5,
          7.5
        ]
      },
      "faces": {
        "north": {
          "uv": [
            12.66667,
            9.33333,
            13.33333,
            10
          ],
          "texture": "#2"
        },
        "east": {
          "uv": [
            12.66667,
            10,
            13.33333,
            10.66667
          ],
          "texture": "#2"
        },
        "south": {
          "uv": [
            10.66667,
            12.66667,
            11.33333,
            13.33333
          ],
          "texture": "#2"
        },
        "west": {
          "uv": [
            12.66667,
            10.66667,
            13.33333,
            11.33333
          ],
          "texture": "#2"
        },
        "up": {
          "uv": [
            12,
            13.33333,
            11.33333,
            12.66667
          ],
          "texture": "#2"
        }
      }
    },
    {
      "from": [
        7.5,
        11,
        7.5
      ],
      "to": [
        8.5,
        12,
        8.5
      ],
      "rotation": {
        "angle": 0,
        "axis": "y",
        "origin": [
          7.5,
          7,
          7.5
        ]
      },
      "faces": {
        "north": {
          "uv": [
            5.33333,
            12.66667,
            6,
            13.33333
          ],
          "texture": "#2"
        },
        "east": {
          "uv": [
            12.66667,
            6,
            13.33333,
            6.66667
          ],
          "texture": "#2"
        },
        "south": {
          "uv": [
            12.66667,
            6.66667,
            13.33333,
            7.33333
          ],
          "texture": "#2"
        },
        "west": {
          "uv": [
            12.66667,
            7.33333,
            13.33333,
            8
          ],
          "texture": "#2"
        },
        "up": {
          "uv": [
            13.33333,
            8.66667,
            12.66667,
            8
          ],
          "texture": "#2"
        },
        "down": {
          "uv": [
            13.33333,
            8.66667,
            12.66667,
            9.33333
          ],
          "texture": "#2"
        }
      }
    },
    {
      "from": [
        7.6,
        9,
        7.6
      ],
      "to": [
        8.4,
        11,
        8.4
      ],
      "rotation": {
        "angle": 0,
        "axis": "y",
        "origin": [
          7.5,
          6.5,
          7.5
        ]
      },
      "faces": {
        "north": {
          "uv": [
            8,
            12,
            8.5,
            13.33333
          ],
          "texture": "#2"
        },
        "east": {
          "uv": [
            8.66667,
            12,
            9.16667,
            13.33333
          ],
          "texture": "#2"
        },
        "south": {
          "uv": [
            12,
            8.66667,
            12.5,
            10
          ],
          "texture": "#2"
        },
        "west": {
          "uv": [
            9.33333,
            12,
            9.83333,
            13.33333
          ],
          "texture": "#2"
        }
      }
    },
    {
      "from": [
        7.5,
        12.5,
        7.5
      ],
      "to": [
        8.5,
        13.5,
        8.5
      ],
      "rotation": {
        "angle": 0,
        "axis": "y",
        "origin": [
          7.5,
          12.5,
          7.5
        ]
      },
      "faces": {
        "north": {
          "uv": [
            12.66667,
            3.33333,
            13.33333,
            4
          ],
          "texture": "#2"
        },
        "east": {
          "uv": [
            4,
            12.66667,
            4.66667,
            13.33333
          ],
          "texture": "#2"
        },
        "south": {
          "uv": [
            12.66667,
            4,
            13.33333,
            4.66667
          ],
          "texture": "#2"
        },
        "west": {
          "uv": [
            4.66667,
            12.66667,
            5.33333,
            13.33333
          ],
          "texture": "#2"
        }
      }
    },
    {
      "from": [
        7.5,
        20,
        7.5
      ],
      "to": [
        8.5,
        21,
        8.5
      ],
      "rotation": {
        "angle": 0,
        "axis": "y",
        "origin": [
          7.5,
          20,
          7.5
        ]
      },
      "faces": {
        "north": {
          "uv": [
            4,
            8.66667,
            4.66667,
            9.33333
          ],
          "texture": "#2"
        },
        "east": {
          "uv": [
            12,
            2.66667,
            12.66667,
            3.33333
          ],
          "texture": "#2"
        },
        "south": {
          "uv": [
            12.66667,
            2.66667,
            13.33333,
            3.33333
          ],
          "texture": "#2"
        },
        "west": {
          "uv": [
            3.33333,
            12.66667,
            4,
            13.33333
          ],
          "texture": "#2"
        }
      }
    },
    {
      "from": [
        7.35,
        1.5,
        7.35
      ],
      "to": [
        8.65,
        8,
        8.65
      ],
      "rotation": {
        "angle": 0,
        "axis": "y",
        "origin": [
          7.5,
          7,
          7.5
        ]
      },
      "faces": {
        "north": {
          "uv": [
            7.33333,
            0,
            8.16667,
            4.33333
          ],
          "texture": "#2"
        },
        "east": {
          "uv": [
            7.33333,
            0,
            8.16667,
            4.33333
          ],
          "texture": "#2"
        },
        "south": {
          "uv": [
            7.33333,
            0,
            8.16667,
            4.33333
          ],
          "texture": "#2"
        },
        "west": {
          "uv": [
            7.33333,
            0,
            8.16667,
            4.33333
          ],
          "texture": "#2"
        },
        "up": {
          "uv": [
            11.5,
            12.16667,
            10.66667,
            11.33333
          ],
          "texture": "#2"
        },
        "down": {
          "uv": [
            12.83333,
            0,
            12,
            0.83333
          ],
          "texture": "#2"
        }
      }
    },
    {
      "from": [
        7.35,
        13.5,
        7.35
      ],
      "to": [
        8.65,
        20,
        8.65
      ],
      "rotation": {
        "angle": 0,
        "axis": "y",
        "origin": [
          7.5,
          19,
          7.5
        ]
      },
      "faces": {
        "north": {
          "uv": [
            7.33333,
            0,
            8.16667,
            4.33333
          ],
          "texture": "#2"
        },
        "east": {
          "uv": [
            7.33333,
            0,
            8.16667,
            4.33333
          ],
          "texture": "#2"
        },
        "south": {
          "uv": [
            7.33333,
            0,
            8.16667,
            4.33333
          ],
          "texture": "#2"
        },
        "west": {
          "uv": [
            7.33333,
            0,
            8.16667,
            4.33333
          ],
          "texture": "#2"
        },
        "up": {
          "uv": [
            12.83333,
            2.16667,
            12,
            1.33333
          ],
          "texture": "#2"
        },
        "down": {
          "uv": [
            12.83333,
            4.66667,
            12,
            5.5
          ],
          "texture": "#2"
        }
      }
    },
    {
      "from": [
        7.5,
        20.75,
        8
      ],
      "to": [
        8.5,
        22.75,
        11
      ],
      "rotation": {
        "angle": 22.5,
        "axis": "x",
        "origin": [
          8,
          21.75,
          9.5
        ]
      },
      "faces": {
        "north": {
          "uv": [
            11.33333,
            7.33333,
            12,
            8.66667
          ],
          "texture": "#2"
        },
        "east": {
          "uv": [
            7.33333,
            7.33333,
            9.33333,
            8.66667
          ],
          "texture": "#2"
        },
        "south": {
          "uv": [
            11.33333,
            8.66667,
            12,
            10
          ],
          "texture": "#2"
        },
        "west": {
          "uv": [
            8.66667,
            0,
            10.66667,
            1.33333
          ],
          "texture": "#2"
        },
        "up": {
          "uv": [
            10,
            10,
            9.33333,
            8
          ],
          "texture": "#2"
        },
        "down": {
          "uv": [
            10.66667,
            1.33333,
            10,
            3.33333
          ],
          "texture": "#2"
        }
      }
    },
    {
      "from": [
        7.975,
        22,
        4.5
      ],
      "to": [
        8.025,
        32,
        11.5
      ],
      "rotation": {
        "angle": 0,
        "axis": "y",
        "origin": [
          7.975,
          23,
          5.75
        ]
      },
      "faces": {
        "east": {
          "uv": [
            0,
            0,
            4.66667,
            6.66667
          ],
          "texture": "#2"
        },
        "west": {
          "uv": [
            0,
            0,
            4.66667,
            6.66667
          ],
          "texture": "#2"
        }
      }
    },
    {
      "from": [
        4,
        17.875,
        7.975
      ],
      "to": [
        12,
        25.875,
        8.025
      ],
      "rotation": {
        "angle": -45,
        "axis": "x",
        "origin": [
          8,
          21.875,
          8
        ]
      },
      "faces": {
        "north": {
          "uv": [
            0,
            0,
            16,
            16
          ],
          "rotation": 90,
          "texture": "#3"
        },
        "south": {
          "uv": [
            0,
            16,
            16,
            0
          ],
          "rotation": 90,
          "texture": "#3"
        }
      }
    },
    {
      "from": [
        4,
        21.85,
        4
      ],
      "to": [
        12,
        21.9,
        12
      ],
      "rotation": {
        "angle": -45,
        "axis": "x",
        "origin": [
          8,
          21.875,
          8
        ]
      },
      "faces": {
        "up": {
          "uv": [
            0,
            0,
            16,
            16
          ],
          "rotation": 90,
          "texture": "#3"
        },
        "down": {
          "uv": [
            0,
            16,
            16,
            0
          ],
          "rotation": 270,
          "texture": "#3"
        }
      }
    },
    {
      "from": [
        7.975,
        17.33986,
        4.15
      ],
      "to": [
        8.025,
        21.53986,
        5.95
      ],
      "rotation": {
        "angle": 22.5,
        "axis": "y",
        "origin": [
          8,
          19.43986,
          5.05
        ]
      },
      "faces": {
        "east": {
          "uv": [
            3.5,
            0,
            0,
            8.5
          ],
          "texture": "#0"
        },
        "west": {
          "uv": [
            0,
            0,
            3.5,
            8.5
          ],
          "texture": "#0"
        }
      }
    },
    {
      "from": [
        7.975,
        16.63986,
        5.55
      ],
      "to": [
        8.025,
        20.83986,
        7.35
      ],
      "rotation": {
        "angle": 22.5,
        "axis": "y",
        "origin": [
          8,
          18.73986,
          6.45
        ]
      },
      "faces": {
        "east": {
          "uv": [
            3.5,
            0,
            0,
            8.5
          ],
          "texture": "#0"
        },
        "west": {
          "uv": [
            0,
            0,
            3.5,
            8.5
          ],
          "texture": "#0"
        }
      }
    },
    {
      "from": [
        7.975,
        16.63986,
        8.65
      ],
      "to": [
        8.025,
        20.83986,
        10.45
      ],
      "rotation": {
        "angle": -22.5,
        "axis": "y",
        "origin": [
          8,
          18.73986,
          9.55
        ]
      },
      "faces": {
        "east": {
          "uv": [
            0,
            0,
            3.5,
            8.5
          ],
          "texture": "#0"
        },
        "west": {
          "uv": [
            3.5,
            0,
            0,
            8.5
          ],
          "texture": "#0"
        }
      }
    },
    {
      "from": [
        7.975,
        17.33986,
        10.05
      ],
      "to": [
        8.025,
        21.53986,
        11.85
      ],
      "rotation": {
        "angle": -22.5,
        "axis": "y",
        "origin": [
          8,
          19.43986,
          10.95
        ]
      },
      "faces": {
        "east": {
          "uv": [
            0,
            0,
            3.5,
            8.5
          ],
          "texture": "#0"
        },
        "west": {
          "uv": [
            3.5,
            0,
            0,
            8.5
          ],
          "texture": "#0"
        }
      }
    }
  ],
  "gui_light": "front",
  "display": {
    "thirdperson_righthand": {
      "translation": [
        0,
        -4,
        1.25
      ]
    },
    "thirdperson_lefthand": {
      "translation": [
        0,
        -4,
        1.25
      ]
    },
    "firstperson_righthand": {
      "rotation": [
        -10,
        0,
        0
      ],
      "translation": [
        0,
        -4.5,
        0
      ]
    },
    "firstperson_lefthand": {
      "rotation": [
        -10,
        0,
        0
      ],
      "translation": [
        0,
        -4.5,
        0
      ]
    },
    "ground": {
      "translation": [
        0,
        10,
        0
      ]
    },
    "gui": {
      "rotation": [
        -90,
        45,
        90
      ],
      "translation": [
        3.5,
        -3.5,
        0
      ],
      "scale": [
        0.73437,
        0.73437,
        0.73437
      ]
    },
    "head": {
      "scale": [
        0,
        0,
        0
      ]
    },
    "fixed": {
      "rotation": [
        0,
        90,
        0
      ],
      "translation": [
        0,
        -13.5,
        -0.5
      ],
      "scale": [
        2.5,
        2.5,
        2.5
      ]
    }
  }
}