{"credit":"MadewithBlockbench","texture_size":[64,64],"textures":{"2":"elitecreatures:spooky_furniture_v1/pumpkin","particle":"elitecreatures:spooky_furniture_v1/pumpkin"},"elements":[{"from":[12.49462,4.8048,16.27064],"to":[13.36822,6.1152,17.14424],"rotation":{"angle":-22.5,"axis":"y","origin":[3.93142,4.0404,12.70744]},"faces":{"north":{"uv":[3,6,3.5,6.75],"texture":"#2"},"east":{"uv":[6,3,6.5,3.75],"texture":"#2"},"south":{"uv":[3.5,6,4,6.75],"texture":"#2"},"west":{"uv":[6,3.75,6.5,4.5],"texture":"#2"},"up":{"uv":[4.5,6.5,4,6],"texture":"#2"}}},{"from":[10.31062,0,14.08664],"to":[15.55222,5.2416,19.32824],"rotation":{"angle":-22.5,"axis":"y","origin":[3.93142,4.0404,12.70744]},"faces":{"north":{"uv":[3,3,6,6],"texture":"#2"},"east":{"uv":[0,3,3,6],"texture":"#2"},"south":{"uv":[3,0,6,3],"texture":"#2"},"west":{"uv":[3,3,6,6],"texture":"#2"},"up":{"uv":[3,9,0,6],"texture":"#2"},"down":{"uv":[9,0,6,3],"texture":"#2"}}},{"from":[-3.34621,9.2688,-5.99392],"to":[-2.02461,11.2512,-4.67232],"rotation":{"angle":22.5,"axis":"y","origin":[-4.68541,8.1124,-5.33312]},"faces":{"north":{"uv":[6,3,6.5,3.75],"texture":"#2"},"east":{"uv":[3.5,6,4,6.75],"texture":"#2"},"south":{"uv":[6,3.75,6.5,4.5],"texture":"#2"},"west":{"uv":[3,6,3.5,6.75],"texture":"#2"},"up":{"uv":[4.5,6.5,4,6],"rotation":270,"texture":"#2"}}},{"from":[-6.65021,2,-9.29792],"to":[1.27939,9.9296,-1.36832],"rotation":{"angle":22.5,"axis":"y","origin":[-4.68541,8.1124,-5.33312]},"faces":{"north":{"uv":[0,3,3,6],"texture":"#2"},"east":{"uv":[3,0,6,3],"texture":"#2"},"south":{"uv":[3,3,6,6],"texture":"#2"},"west":{"uv":[3,3,6,6],"texture":"#2"},"up":{"uv":[3,9,0,6],"rotation":270,"texture":"#2"},"down":{"uv":[9,0,6,3],"rotation":90,"texture":"#2"}}},{"from":[0.23742,6.16,18.17453],"to":[1.35742,7.84,19.29453],"rotation":{"angle":-45,"axis":"y","origin":[-6.20258,5.18,15.73453]},"faces":{"north":{"uv":[6,3,6.5,3.75],"texture":"#2"},"east":{"uv":[3.5,6,4,6.75],"texture":"#2"},"south":{"uv":[6,3.75,6.5,4.5],"texture":"#2"},"west":{"uv":[3,6,3.5,6.75],"texture":"#2"},"up":{"uv":[4.5,6.5,4,6],"rotation":270,"texture":"#2"}}},{"from":[-2.56258,0,15.37453],"to":[4.15742,6.72,22.09453],"rotation":{"angle":-45,"axis":"y","origin":[-6.20258,5.18,15.73453]},"faces":{"north":{"uv":[0,3,3,6],"texture":"#2"},"east":{"uv":[3,0,6,3],"texture":"#2"},"south":{"uv":[3,3,6,6],"texture":"#2"},"west":{"uv":[3,3,6,6],"texture":"#2"},"up":{"uv":[3,9,0,6],"rotation":270,"texture":"#2"},"down":{"uv":[9,0,6,3],"rotation":90,"texture":"#2"}}},{"from":[26.28628,6.16,6.73748],"to":[27.40628,7.84,7.85748],"rotation":{"angle":-22.5,"axis":"y","origin":[18.84628,5.18,2.29748]},"faces":{"north":{"uv":[3,6,3.5,6.75],"texture":"#2"},"east":{"uv":[6,3,6.5,3.75],"texture":"#2"},"south":{"uv":[3.5,6,4,6.75],"texture":"#2"},"west":{"uv":[6,3.75,6.5,4.5],"texture":"#2"},"up":{"uv":[4.5,6.5,4,6],"texture":"#2"}}},{"from":[23.48628,0,3.93748],"to":[30.20628,6.72,10.65748],"rotation":{"angle":-22.5,"axis":"y","origin":[18.84628,5.18,2.29748]},"faces":{"north":{"uv":[3,3,6,6],"texture":"#2"},"east":{"uv":[0,3,3,6],"texture":"#2"},"south":{"uv":[3,0,6,3],"texture":"#2"},"west":{"uv":[3,3,6,6],"texture":"#2"},"up":{"uv":[3,9,0,6],"texture":"#2"},"down":{"uv":[9,0,6,3],"texture":"#2"}}},{"from":[-0.16642,20.8,5.85573],"to":[1.43358,23.2,7.45573],"rotation":{"angle":-22.5,"axis":"y","origin":[12.23358,18.8,12.05573]},"faces":{"north":{"uv":[3,6,3.5,6.75],"texture":"#2"},"east":{"uv":[6,3,6.5,3.75],"texture":"#2"},"south":{"uv":[3.5,6,4,6.75],"texture":"#2"},"west":{"uv":[6,3.75,6.5,4.5],"texture":"#2"},"up":{"uv":[4.5,6.5,4,6],"texture":"#2"}}},{"from":[-4.16642,12,1.85573],"to":[5.43358,21.6,11.45573],"rotation":{"angle":-22.5,"axis":"y","origin":[12.23358,18.8,12.05573]},"faces":{"north":{"uv":[3,3,6,6],"texture":"#2"},"east":{"uv":[0,3,3,6],"texture":"#2"},"south":{"uv":[3,0,6,3],"texture":"#2"},"west":{"uv":[3,3,6,6],"texture":"#2"},"up":{"uv":[3,9,0,6],"texture":"#2"},"down":{"uv":[9,0,6,3],"texture":"#2"}}},{"from":[14.34979,11,3.13168],"to":[16.34979,14,5.13168],"rotation":{"angle":22.5,"axis":"y","origin":[12.34979,9.25,10.13168]},"faces":{"north":{"uv":[3,6,3.5,6.75],"texture":"#2"},"east":{"uv":[6,3,6.5,3.75],"texture":"#2"},"south":{"uv":[3.5,6,4,6.75],"texture":"#2"},"west":{"uv":[6,3.75,6.5,4.5],"texture":"#2"},"up":{"uv":[4.5,6.5,4,6],"texture":"#2"}}},{"from":[9.34979,0,-1.86832],"to":[21.34979,12,10.13168],"rotation":{"angle":22.5,"axis":"y","origin":[12.34979,9.25,10.13168]},"faces":{"north":{"uv":[3,3,6,6],"texture":"#2"},"east":{"uv":[0,3,3,6],"texture":"#2"},"south":{"uv":[3,0,6,3],"texture":"#2"},"west":{"uv":[3,3,6,6],"texture":"#2"},"up":{"uv":[3,9,0,6],"texture":"#2"},"down":{"uv":[9,0,6,3],"texture":"#2"}}},{"from":[-1.65021,11,9.13168],"to":[0.34979,14,11.13168],"rotation":{"angle":0,"axis":"y","origin":[-8.65021,-8,3.13168]},"faces":{"north":{"uv":[3,6,3.5,6.75],"texture":"#2"},"east":{"uv":[6,3,6.5,3.75],"texture":"#2"},"south":{"uv":[3.5,6,4,6.75],"texture":"#2"},"west":{"uv":[6,3.75,6.5,4.5],"texture":"#2"},"up":{"uv":[4.5,6.5,4,6],"texture":"#2"}}},{"from":[-6.65021,0,4.13168],"to":[5.34979,12,16.13168],"rotation":{"angle":0,"axis":"y","origin":[-8.65021,2,0.63168]},"faces":{"north":{"uv":[3,3,6,6],"texture":"#2"},"east":{"uv":[0,3,3,6],"texture":"#2"},"south":{"uv":[3,0,6,3],"texture":"#2"},"west":{"uv":[3,3,6,6],"texture":"#2"},"up":{"uv":[3,9,0,6],"texture":"#2"},"down":{"uv":[9,0,6,3],"texture":"#2"}}}],"gui_light":"front","display":{"thirdperson_righthand":{"rotation":[67.5,0,0],"translation":[0,0.75,1.25],"scale":[0.18453,0.18453,0.18453]},"thirdperson_lefthand":{"rotation":[67.5,0,0],"translation":[0,0.75,1.25],"scale":[0.18453,0.18453,0.18453]},"firstperson_righthand":{"rotation":[0,110,0],"translation":[0,3,2.25],"scale":[0.28125,0.28125,0.28125]},"firstperson_lefthand":{"rotation":[0,110,0],"translation":[0,3,2.25],"scale":[0.28125,0.28125,0.28125]},"ground":{"translation":[0,6.5,0],"scale":[0.2793,0.2793,0.2793]},"gui":{"rotation":[30,45,0],"translation":[1,0.25,0],"scale":[0.35547,0.35547,0.35547]},"head":{"translation":[0,-30.25,0.75],"scale":[0,0,0]},"fixed":{"rotation":[-90,0,0],"translation":[0,-0.25,-16],"scale":[2,2,2]}},"groups":[{"name":"all_pumpkins","origin":[8,8,8],"color":0,"children":[{"name":"all_pumpkin","origin":[0,2,-1.5],"color":0,"children":[0,1]},{"name":"all_pumpkin","origin":[-0.65021,2,-1.36832],"color":0,"children":[2,3]},{"name":"all_pumpkin","origin":[0,2,-1.5],"color":0,"children":[4,5]},{"name":"all_pumpkin","origin":[0,2,-1.5],"color":0,"children":[6,7]},{"name":"all_pumpkin","origin":[0,2,-1.5],"color":0,"children":[8,9]},{"name":"all_pumpkin","origin":[0,2,-1.5],"color":0,"children":[10,11]},{"name":"all_pumpkin","origin":[0,2,-1.5],"color":0,"children":[12,13]}]}]}