{"credit":"By EliteCreatures","textures":{"0":"elitecreatures:collectibles_v5_32x/wiggly_puppies_inside_32","2":"elitecreatures:collectibles_v5_32x/ef_wiggly_puppies_long","particle":"elitecreatures:collectibles_v5_32x/wiggly_puppies_inside_32"},"elements":[{"from":[5.0075,3.29175,6.1848],"to":[10.9925,9.576,14.5638],"rotation":{"angle":-22.5,"axis":"x","origin":[8,6.5835,9.7758]},"faces":{"north":{"uv":[3.75,1.75,5.25,3.375],"texture":"#0"},"east":{"uv":[0,0,2.125,1.625],"texture":"#0"},"south":{"uv":[3.75,3.5,5.25,5.125],"texture":"#0"},"west":{"uv":[0,1.75,2.125,3.375],"texture":"#0"},"up":{"uv":[3.75,2.125,2.25,0],"texture":"#0"},"down":{"uv":[3.75,2.25,2.25,4.375],"texture":"#0"}}},{"from":[6.801,8.2977,12.42899],"to":[9.199,11.59345,15.00654],"rotation":{"angle":22.5,"axis":"x","origin":[8,10.39445,14.67537]},"faces":{"north":{"uv":[7,1.25,7.625,2.125],"texture":"#0"},"east":{"uv":[2.25,7,2.875,7.875],"texture":"#0"},"south":{"uv":[7,2.25,7.625,3.125],"texture":"#0"},"west":{"uv":[4.5,7,5.125,7.875],"texture":"#0"},"up":{"uv":[8.375,0.625,7.75,0],"texture":"#0"},"down":{"uv":[8.375,0.75,7.75,1.375],"texture":"#0"}}},{"from":[6.803,10.6997,12.04582],"to":[9.197,15.4877,14.61937],"rotation":{"angle":-22.5,"axis":"x","origin":[8,13.0937,13.33259]},"faces":{"north":{"uv":[6.75,3.25,7.375,4.5],"texture":"#0"},"east":{"uv":[3.75,6.75,4.375,8],"texture":"#0"},"south":{"uv":[0,7,0.625,8.25],"texture":"#0"},"west":{"uv":[7,0,7.625,1.25],"texture":"#0"},"up":{"uv":[8.375,2.125,7.75,1.5],"texture":"#0"},"down":{"uv":[8.375,2.25,7.75,2.875],"texture":"#0"}}},{"from":[4.10975,3.4713,0.1998],"to":[6.50375,5.8653,6.1848],"rotation":{"angle":-22.5,"axis":"x","origin":[8.29925,6.5835,9.7758]},"faces":{"north":{"uv":[7.5,3.25,8.125,3.875],"texture":"#0"},"east":{"uv":[5.5,1,7,1.625],"texture":"#0"},"south":{"uv":[6.5,7.5,7.125,8.125],"texture":"#0"},"west":{"uv":[1.5,6.25,3,6.875],"texture":"#0"},"up":{"uv":[7.125,7.5,6.5,6],"texture":"#0"},"down":{"uv":[3.625,6.75,3,8.25],"texture":"#0"}}},{"from":[4.34915,-0.04844,11.92759],"to":[6.74315,6.23581,14.92009],"rotation":{"angle":22.5,"axis":"y","origin":[5.30675,3.09369,14.89016]},"faces":{"north":{"uv":[6,3.25,6.625,4.875],"texture":"#0"},"east":{"uv":[5.25,3.25,6,4.875],"texture":"#0"},"south":{"uv":[5.75,6,6.375,7.625],"texture":"#0"},"west":{"uv":[5,5.25,5.75,6.875],"texture":"#0"},"up":{"uv":[7.875,7.25,7.25,6.5],"texture":"#0"},"down":{"uv":[7.875,7.25,7.25,8],"texture":"#0"}}},{"from":[4.70625,2.25157,3.09918],"to":[11.29375,8.83907,9.08818],"rotation":{"angle":22.5,"axis":"x","origin":[8,7.04157,10.88168]},"faces":{"north":{"uv":[0,3.5,1.625,5.125],"texture":"#0"},"east":{"uv":[1.75,4.5,3.25,6.125],"texture":"#0"},"south":{"uv":[3.75,0,5.375,1.625],"texture":"#0"},"west":{"uv":[0,5.25,1.5,6.875],"texture":"#0"},"up":{"uv":[6.875,3.25,5.25,1.75],"texture":"#0"},"down":{"uv":[4.875,5.25,3.25,6.75],"texture":"#0"}}},{"from":[4.70825,9.38751,8.71297],"to":[7.10225,12.38001,9.90997],"rotation":{"angle":0,"axis":"y","origin":[5.90525,10.58451,9.31147]},"faces":{"north":{"uv":[7.25,5,7.875,5.75],"texture":"#0"},"east":{"uv":[3.25,4.5,3.5,5.25],"texture":"#0"},"south":{"uv":[7.25,5.75,7.875,6.5],"texture":"#0"},"west":{"uv":[3.5,4.5,3.75,5.25],"texture":"#0"},"up":{"uv":[8.125,4.25,7.5,4],"texture":"#0"},"down":{"uv":[8.125,4.25,7.5,4.5],"texture":"#0"}}},{"from":[4.70825,10.87525,7.61865],"to":[7.10225,13.3291,8.81565],"rotation":{"angle":45,"axis":"x","origin":[5.90525,11.5336,8.21715]},"faces":{"north":{"uv":[0.75,7.5,1.375,8.125],"texture":"#0"},"east":{"uv":[1.5,5.25,1.75,5.875],"texture":"#0"},"south":{"uv":[1.5,7.5,2.125,8.125],"texture":"#0"},"west":{"uv":[5.75,7.75,6,8.375],"texture":"#0"},"up":{"uv":[8.375,3.25,7.75,3],"texture":"#0"},"down":{"uv":[2.875,8,2.25,8.25],"texture":"#0"}}},{"from":[8.89775,9.38751,8.71297],"to":[11.29175,12.38001,9.90997],"rotation":{"angle":0,"axis":"y","origin":[10.09475,10.58451,9.31147]},"faces":{"north":{"uv":[7.875,5,7.25,5.75],"texture":"#0"},"east":{"uv":[3.75,4.5,3.5,5.25],"texture":"#0"},"south":{"uv":[7.875,5.75,7.25,6.5],"texture":"#0"},"west":{"uv":[3.5,4.5,3.25,5.25],"texture":"#0"},"up":{"uv":[7.5,4.25,8.125,4],"texture":"#0"},"down":{"uv":[7.5,4.25,8.125,4.5],"texture":"#0"}}},{"from":[8.89775,10.87525,7.61865],"to":[11.29175,13.3291,8.81565],"rotation":{"angle":45,"axis":"x","origin":[10.09475,11.5336,8.21715]},"faces":{"north":{"uv":[1.375,7.5,0.75,8.125],"texture":"#0"},"east":{"uv":[6,7.75,5.75,8.375],"texture":"#0"},"south":{"uv":[2.125,7.5,1.5,8.125],"texture":"#0"},"west":{"uv":[1.75,5.25,1.5,5.875],"texture":"#0"},"up":{"uv":[7.75,3.25,8.375,3],"texture":"#0"},"down":{"uv":[2.25,8,2.875,8.25],"texture":"#0"}}},{"from":[9.25685,-0.04844,11.92759],"to":[11.65085,6.23581,14.92009],"rotation":{"angle":-22.5,"axis":"y","origin":[10.69325,3.09369,14.89016]},"faces":{"north":{"uv":[6.625,3.25,6,4.875],"texture":"#0"},"east":{"uv":[5.75,5.25,5,6.875],"texture":"#0"},"south":{"uv":[6.375,6,5.75,7.625],"texture":"#0"},"west":{"uv":[6,3.25,5.25,4.875],"texture":"#0"},"up":{"uv":[7.25,7.25,7.875,6.5],"texture":"#0"},"down":{"uv":[7.25,7.25,7.875,8],"texture":"#0"}}},{"from":[9.49625,3.4713,0.1998],"to":[11.89025,5.8653,6.1848],"rotation":{"angle":-22.5,"axis":"x","origin":[7.70075,6.5835,9.7758]},"faces":{"north":{"uv":[8.125,3.25,7.5,3.875],"texture":"#0"},"east":{"uv":[3,6.25,1.5,6.875],"texture":"#0"},"south":{"uv":[7.125,7.5,6.5,8.125],"texture":"#0"},"west":{"uv":[7,1,5.5,1.625],"texture":"#0"},"up":{"uv":[6.5,7.5,7.125,6],"texture":"#0"},"down":{"uv":[3,6.75,3.625,8.25],"texture":"#0"}}},{"from":[5.30675,2.25357,1.30568],"to":[10.69325,5.84457,3.10118],"rotation":{"angle":22.5,"axis":"x","origin":[8,7.04157,10.88168]},"faces":{"north":{"uv":[5.5,0,6.875,0.875],"texture":"#0"},"east":{"uv":[1.75,3.5,2.25,4.375],"texture":"#0"},"south":{"uv":[5.75,5,7.125,5.875],"texture":"#0"},"west":{"uv":[5.25,7,5.75,7.875],"texture":"#0"},"up":{"uv":[8.125,5,6.75,4.5],"texture":"#0"},"down":{"uv":[2.125,7,0.75,7.5],"texture":"#0"}}},{"name":"ef","from":[2,6.5,-2.25],"to":[14,6.5,3.75],"rotation":{"angle":-22.5,"axis":"x","origin":[8,6.5,0.75]},"faces":{"north":{"uv":[0,0,16,0],"texture":"#missing"},"east":{"uv":[0,0,6,0],"texture":"#missing"},"south":{"uv":[0,0,16,0],"texture":"#missing"},"west":{"uv":[0,0,6,0],"texture":"#missing"},"up":{"uv":[0.5,11,11,15.5],"texture":"#2"},"down":{"uv":[0.5,15.5,11,11],"texture":"#2"}}},{"name":"ef","from":[12,12,5],"to":[15.5,15.5,5],"rotation":{"angle":-22.5,"axis":"y","origin":[13,14,0]},"faces":{"north":{"uv":[0,0,3.5,3.5],"texture":"#2"},"east":{"uv":[0,0,0,6],"texture":"#missing"},"south":{"uv":[3.5,0,0,3.5],"texture":"#2"},"west":{"uv":[0,0,0,6],"texture":"#missing"},"up":{"uv":[0,0,6,0],"texture":"#missing"},"down":{"uv":[0,0,6,0],"texture":"#missing"}}},{"name":"ef","from":[1.75,12,5],"to":[4,14.25,5],"rotation":{"angle":22.5,"axis":"y","origin":[3,14,0]},"faces":{"north":{"uv":[3.5,0,0,3.5],"texture":"#2"},"east":{"uv":[0,0,0,6],"texture":"#missing"},"south":{"uv":[0,0,3.5,3.5],"texture":"#2"},"west":{"uv":[0,0,0,6],"texture":"#missing"},"up":{"uv":[6,0,0,0],"texture":"#missing"},"down":{"uv":[6,0,0,0],"texture":"#missing"}}}],"gui_light":"front","display":{"thirdperson_righthand":{"rotation":[61.23,4.49,0.46],"translation":[0,1.75,0.75],"scale":[0.5,0.5,0.5]},"thirdperson_lefthand":{"rotation":[61.23,4.49,0.46],"translation":[0,1.75,0.75],"scale":[0.5,0.5,0.5]},"firstperson_righthand":{"rotation":[-166,53.68,171.1],"translation":[0.75,3.75,-0.75],"scale":[0.58336,0.58336,0.58336]},"firstperson_lefthand":{"rotation":[-166,53.68,171.1],"translation":[0.75,3.75,-0.75],"scale":[0.58336,0.58336,0.58336]},"ground":{"rotation":[68,0,0],"translation":[0,1.5,0],"scale":[0.5,0.5,0.5]},"gui":{"rotation":[-170,30,-180],"translation":[0,-2,0],"scale":[0.62,0.62,0.62]},"head":{"rotation":[7,180,1],"translation":[0,-48.75,11.25],"scale":[1.6,1.6,1.6]},"fixed":{"rotation":[-90,0,0],"translation":[0,-0.25,-16.25],"scale":[2,2,2]}}}