{"credit":"Made with Blockbench","texture_size":[64,64],"textures":{"0":"customhatsv1:hats/ice_cream_cone_hat_texture","particle":"customhatsv1:hats/ice_cream_cone_hat_texture"},"elements":[{"from":[12.1,0,4],"to":[12.1,8,12],"faces":{"north":{"uv":[0,0,0,2],"texture":"#0"},"east":{"uv":[14,3,16,5],"texture":"#0"},"south":{"uv":[0,0,0,2],"texture":"#0"},"west":{"uv":[16,3,14,5],"texture":"#0"},"up":{"uv":[0,2,0,0],"texture":"#0"},"down":{"uv":[0,0,0,2],"texture":"#0"}}},{"from":[4.1,0,12],"to":[12.1,8,12],"faces":{"north":{"uv":[16,5.5,14,7.5],"texture":"#0"},"east":{"uv":[0,0,0,2],"texture":"#0"},"south":{"uv":[14,5.5,16,7.5],"texture":"#0"},"west":{"uv":[0,0,0,2],"texture":"#0"},"up":{"uv":[2,0,0,0],"texture":"#0"},"down":{"uv":[2,0,0,0],"texture":"#0"}}},{"from":[4.1,0,4],"to":[4.1,8,12],"faces":{"north":{"uv":[0,0,0,2],"texture":"#0"},"east":{"uv":[16,0,14,2],"texture":"#0"},"south":{"uv":[0,0,0,2],"texture":"#0"},"west":{"uv":[14,0,16,2],"texture":"#0"},"up":{"uv":[0,2,0,0],"texture":"#0"},"down":{"uv":[0,0,0,2],"texture":"#0"}}},{"from":[4.1,3,4],"to":[12.1,8,4],"faces":{"north":{"uv":[14,8.25,16,9.5],"texture":"#0"},"east":{"uv":[0,0,0,1.25],"texture":"#0"},"south":{"uv":[16,8.25,14,9.5],"texture":"#0"},"west":{"uv":[0,0,0,1.25],"texture":"#0"},"up":{"uv":[2,0,0,0],"texture":"#0"},"down":{"uv":[2,0,0,0],"texture":"#0"}}},{"from":[1.00628,5.75261,3],"to":[11.00628,7.75261,13],"rotation":{"angle":22.5,"axis":"z","origin":[6.75628,12.00261,8]},"faces":{"north":{"uv":[6.5,5.5,9,6],"texture":"#0"},"east":{"uv":[1.5,8,4,8.5],"texture":"#0"},"south":{"uv":[8,1.5,10.5,2],"texture":"#0"},"west":{"uv":[8,2,10.5,2.5],"texture":"#0"},"up":{"uv":[2.5,2.5,0,0],"texture":"#0"},"down":{"uv":[2.5,2.5,0,5],"texture":"#0"}}},{"from":[2.00628,7.75261,4],"to":[10.00628,10.75261,12],"rotation":{"angle":22.5,"axis":"z","origin":[6.75628,12.00261,8]},"faces":{"north":{"uv":[5.5,7.25,7.5,8],"texture":"#0"},"east":{"uv":[7.5,7.25,9.5,8],"texture":"#0"},"south":{"uv":[8,0,10,0.75],"texture":"#0"},"west":{"uv":[8,0.75,10,1.5],"texture":"#0"},"up":{"uv":[2,7,0,5],"texture":"#0"},"down":{"uv":[4,6,2,8],"texture":"#0"}}},{"from":[3.00628,10.75261,5],"to":[9.00628,15.75261,11],"rotation":{"angle":22.5,"axis":"z","origin":[6.75628,12.00261,8]},"faces":{"north":{"uv":[6.5,3,8,4.25],"texture":"#0"},"east":{"uv":[6.5,4.25,8,5.5],"texture":"#0"},"south":{"uv":[0,7,1.5,8.25],"texture":"#0"},"west":{"uv":[4,7.25,5.5,8.5],"texture":"#0"},"up":{"uv":[8,1.5,6.5,0],"texture":"#0"},"down":{"uv":[8,1.5,6.5,3],"texture":"#0"}}}],"gui_light":"front","display":{"thirdperson_righthand":{"rotation":[90,0,0],"translation":[2.75,-2,-6]},"thirdperson_lefthand":{"rotation":[90,0,0],"translation":[-2.75,-2,-6]},"firstperson_righthand":{"rotation":[82,0,0],"translation":[2.25,0,0],"scale":[0.75,0.75,0.75]},"firstperson_lefthand":{"rotation":[82,0,0],"translation":[-1,0,0],"scale":[0.75,0.75,0.75]},"ground":{"translation":[0,3,0],"scale":[0.75,0.75,0.75]},"gui":{"rotation":[0,-45,0],"translation":[0,-0.75,0],"scale":[0.92,0.92,0.92]},"head":{"translation":[-0.25,6.75,0],"scale":[1.83,1.83,1.83]},"fixed":{"rotation":[-90,0,0],"translation":[0,0,-12.75],"scale":[1.81,1.81,1.81]}},"groups":[{"name":"ice_cream_hat","origin":[6.75628,12.00261,8],"color":0,"nbt":"{}","children":[{"name":"ice_cream","origin":[0,0,0],"color":0,"nbt":"{}","children":[0,1,2,3]},{"name":"cone","origin":[6.75628,12.00261,8],"color":0,"nbt":"{}","children":[4,5,6]}]}]}