{
  "credit": "MadewithBlockbench",
  "texture_size": [
    32,
    32
  ],
  "textures": {
    "1": "sculkfurniture:sculk_shelf"
  },
  "elements": [
    {
      "from": [
        0,
        0,
        7
      ],
      "to": [
        16,
        1,
        16
      ],
      "faces": {
        "north": {
          "uv": [
            4.5,
            9,
            12.5,
            9.5
          ],
          "texture": "#1"
        },
        "east": {
          "uv": [
            4.5,
            10,
            9,
            10.5
          ],
          "texture": "#1"
        },
        "south": {
          "uv": [
            4.5,
            9.5,
            12.5,
            10
          ],
          "texture": "#1"
        },
        "west": {
          "uv": [
            9,
            10,
            13.5,
            10.5
          ],
          "texture": "#1"
        },
        "up": {
          "uv": [
            8,
            4.5,
            0,
            0
          ],
          "texture": "#1"
        },
        "down": {
          "uv": [
            8,
            4.5,
            0,
            9
          ],
          "texture": "#1"
        }
      }
    },
    {
      "from": [
        1,
        -6,
        7
      ],
      "to": [
        1,
        0,
        16
      ],
      "faces": {
        "north": {
          "uv": [
            0,
            0,
            0,
            3
          ],
          "texture": "#1"
        },
        "east": {
          "uv": [
            8,
            0,
            12.5,
            3
          ],
          "texture": "#1"
        },
        "south": {
          "uv": [
            0,
            0,
            0,
            3
          ],
          "texture": "#1"
        },
        "west": {
          "uv": [
            8,
            3,
            12.5,
            6
          ],
          "texture": "#1"
        },
        "up": {
          "uv": [
            0,
            4.5,
            0,
            0
          ],
          "texture": "#1"
        },
        "down": {
          "uv": [
            0,
            0,
            0,
            4.5
          ],
          "texture": "#1"
        }
      }
    },
    {
      "from": [
        15,
        -6,
        7
      ],
      "to": [
        15,
        0,
        16
      ],
      "faces": {
        "north": {
          "uv": [
            0,
            0,
            0,
            3
          ],
          "texture": "#1"
        },
        "east": {
          "uv": [
            8,
            6,
            12.5,
            9
          ],
          "texture": "#1"
        },
        "south": {
          "uv": [
            0,
            0,
            0,
            3
          ],
          "texture": "#1"
        },
        "west": {
          "uv": [
            0,
            9,
            4.5,
            12
          ],
          "texture": "#1"
        },
        "up": {
          "uv": [
            0,
            4.5,
            0,
            0
          ],
          "texture": "#1"
        },
        "down": {
          "uv": [
            0,
            0,
            0,
            4.5
          ],
          "texture": "#1"
        }
      }
    }
  ],
  "display": {
    "thirdperson_righthand": {
      "rotation": [
        75,
        45,
        0
      ],
      "translation": [
        0,
        2.5,
        0
      ],
      "scale": [
        0.375,
        0.375,
        0.375
      ]
    },
    "thirdperson_lefthand": {
      "rotation": [
        75,
        45,
        0
      ],
      "translation": [
        0,
        2.5,
        0
      ],
      "scale": [
        0.375,
        0.375,
        0.375
      ]
    },
    "firstperson_righthand": {
      "rotation": [
        0,
        45,
        0
      ],
      "scale": [
        0.4,
        0.4,
        0.4
      ]
    },
    "firstperson_lefthand": {
      "rotation": [
        0,
        225,
        0
      ],
      "scale": [
        0.4,
        0.4,
        0.4
      ]
    },
    "ground": {
      "translation": [
        0,
        3,
        0
      ],
      "scale": [
        0.25,
        0.25,
        0.25
      ]
    },
    "gui": {
      "rotation": [
        30,
        225,
        0
      ],
      "translation": [
        1.5,
        3.5,
        0
      ],
      "scale": [
        0.625,
        0.625,
        0.625
      ]
    },
    "head": {
      "translation": [
        0,
        0,
        -3
      ],
      "scale": [
        1.19,
        1.22,
        1.24
      ]
    },
    "fixed": {
      "translation": [
        0,
        30,
        -15.75
      ],
      "scale": [
        2,
        2,
        2
      ]
    }
  }
}