{"credit":"By EliteCreatures","textures":{"0":"elitecreatures:collectibles_v5_32x/fluffy_owls_inside_32","particle":"elitecreatures:collectibles_v5_32x/fluffy_owls_inside_32"},"elements":[{"from":[4.998,8.998,1.998],"to":[11.002,15.002,8.002],"rotation":{"angle":0,"axis":"y","origin":[7,0,7]},"faces":{"north":{"uv":[5.25,0,6.75,1.5],"texture":"#0"},"east":{"uv":[3,5.25,4.5,6.75],"texture":"#0"},"south":{"uv":[0,5.5,1.5,7],"texture":"#0"},"west":{"uv":[1.5,5.5,3,7],"texture":"#0"},"up":{"uv":[6,7.5,4.5,6],"texture":"#0"},"down":{"uv":[7.5,6,6,7.5],"texture":"#0"}}},{"from":[5,0,1],"to":[11,11,8],"rotation":{"angle":-45,"axis":"x","origin":[8,12,5]},"faces":{"north":{"uv":[0,2.75,1.5,5.5],"texture":"#0"},"east":{"uv":[0,0,1.75,2.75],"texture":"#0"},"south":{"uv":[1.5,2.75,3,5.5],"texture":"#0"},"west":{"uv":[1.75,0,3.5,2.75],"texture":"#0"},"up":{"uv":[6.25,4.25,4.75,2.5],"texture":"#0"},"down":{"uv":[6.25,4.25,4.75,6],"texture":"#0"}}},{"from":[5.15,0.01827,8.81066],"to":[7.65,3.01827,11.31066],"rotation":{"angle":0,"axis":"y","origin":[8,3.86827,6.06066]},"faces":{"north":{"uv":[1.5,7,2.125,7.75],"texture":"#0"},"east":{"uv":[2.25,7,2.875,7.75],"texture":"#0"},"south":{"uv":[7.25,1,7.875,1.75],"texture":"#0"},"west":{"uv":[7.25,1.75,7.875,2.5],"texture":"#0"},"up":{"uv":[8.125,3.125,7.5,2.5],"texture":"#0"},"down":{"uv":[8.125,3.25,7.5,3.875],"texture":"#0"}}},{"from":[5.15,0.01827,7.81066],"to":[7.65,1.26827,8.81066],"rotation":{"angle":0,"axis":"y","origin":[8,3.86827,6.06066]},"faces":{"north":{"uv":[6.25,5.5,6.875,5.875],"texture":"#0"},"east":{"uv":[4.5,5.25,4.75,5.625],"texture":"#0"},"south":{"uv":[7.5,4.75,8.125,5.125],"texture":"#0"},"west":{"uv":[6.75,1,7,1.375],"texture":"#0"},"up":{"uv":[4.125,2.75,3.5,2.5],"texture":"#0"},"down":{"uv":[5.625,7.5,5,7.75],"texture":"#0"}}},{"from":[8.35,0.01827,7.81066],"to":[10.85,1.26827,8.81066],"rotation":{"angle":0,"axis":"y","origin":[8,3.86827,6.06066]},"faces":{"north":{"uv":[6.875,5.5,6.25,5.875],"texture":"#0"},"east":{"uv":[7,1,6.75,1.375],"texture":"#0"},"south":{"uv":[8.125,4.75,7.5,5.125],"texture":"#0"},"west":{"uv":[4.75,5.25,4.5,5.625],"texture":"#0"},"up":{"uv":[3.5,2.75,4.125,2.5],"texture":"#0"},"down":{"uv":[5,7.5,5.625,7.75],"texture":"#0"}}},{"from":[8.35,0.01827,8.81066],"to":[10.85,3.01827,11.31066],"rotation":{"angle":0,"axis":"y","origin":[8,3.86827,6.06066]},"faces":{"north":{"uv":[2.125,7,1.5,7.75],"texture":"#0"},"east":{"uv":[7.875,1.75,7.25,2.5],"texture":"#0"},"south":{"uv":[7.875,1,7.25,1.75],"texture":"#0"},"west":{"uv":[2.875,7,2.25,7.75],"texture":"#0"},"up":{"uv":[7.5,3.125,8.125,2.5],"texture":"#0"},"down":{"uv":[7.5,3.25,8.125,3.875],"texture":"#0"}}},{"from":[6,0.74695,11.54594],"to":[10,4.74695,15.54594],"rotation":{"angle":22.5,"axis":"x","origin":[8,1.74695,14.54594]},"faces":{"north":{"uv":[5.25,1.5,6.25,2.5],"texture":"#0"},"east":{"uv":[6.25,1.5,7.25,2.5],"texture":"#0"},"south":{"uv":[6.25,2.5,7.25,3.5],"texture":"#0"},"west":{"uv":[6.25,3.5,7.25,4.5],"texture":"#0"},"up":{"uv":[7.25,5.5,6.25,4.5],"texture":"#0"},"down":{"uv":[7.75,0,6.75,1],"texture":"#0"}}},{"from":[4,0.75,1.75],"to":[5,10.75,8],"rotation":{"angle":-45,"axis":"x","origin":[8,12,5]},"faces":{"north":{"uv":[0,7,0.25,9.5],"texture":"#0"},"east":{"uv":[3,2.75,4.625,5.25],"texture":"#0"},"south":{"uv":[0.25,7,0.5,9.5],"texture":"#0"},"west":{"uv":[3.5,0,5.125,2.5],"texture":"#0"},"up":{"uv":[7.5,4.125,7.25,2.5],"texture":"#0"},"down":{"uv":[7.5,4.25,7.25,5.875],"texture":"#0"}}},{"from":[11,0.75,1.75],"to":[12,10.75,8],"rotation":{"angle":-45,"axis":"x","origin":[8,12,5]},"faces":{"north":{"uv":[0.25,7,0,9.5],"texture":"#0"},"east":{"uv":[5.125,0,3.5,2.5],"texture":"#0"},"south":{"uv":[0.5,7,0.25,9.5],"texture":"#0"},"west":{"uv":[4.625,2.75,3,5.25],"texture":"#0"},"up":{"uv":[7.25,4.125,7.5,2.5],"texture":"#0"},"down":{"uv":[7.25,4.25,7.5,5.875],"texture":"#0"}}},{"from":[7,8.25,0.75],"to":[9,12,3],"rotation":{"angle":0,"axis":"y","origin":[7,0,7]},"faces":{"north":{"uv":[0.5,7,1,8],"texture":"#0"},"east":{"uv":[3,6.75,3.625,7.75],"texture":"#0"},"south":{"uv":[1,7,1.5,8],"texture":"#0"},"west":{"uv":[3.75,6.75,4.375,7.75],"texture":"#0"},"up":{"uv":[8,4.625,7.5,4],"texture":"#0"},"down":{"uv":[5,7.5,4.5,8.125],"texture":"#0"}}}],"gui_light":"front","display":{"thirdperson_righthand":{"rotation":[61.23,4.49,0.46],"translation":[0,1.75,0.75],"scale":[0.5,0.5,0.5]},"thirdperson_lefthand":{"rotation":[61.23,4.49,0.46],"translation":[0,1.75,0.75],"scale":[0.5,0.5,0.5]},"firstperson_righthand":{"rotation":[-166,53.68,171.1],"translation":[0.75,3.75,-0.75],"scale":[0.58336,0.58336,0.58336]},"firstperson_lefthand":{"rotation":[-166,53.68,171.1],"translation":[0.75,3.75,-0.75],"scale":[0.58336,0.58336,0.58336]},"ground":{"rotation":[68,0,0],"translation":[0,1.5,0],"scale":[0.5,0.5,0.5]},"gui":{"rotation":[-170,30,-180],"translation":[0,-2,0],"scale":[0.62,0.62,0.62]},"head":{"rotation":[7,180,1],"translation":[0,-60,11.25],"scale":[1.6,1.6,1.6]},"fixed":{"rotation":[-90,0,0],"translation":[0,-0.25,-16.25],"scale":[2,2,2]}}}