{
  "credit": "MadebyBlockbench.",
  "texture_size": [
    32,
    32
  ],
  "textures": {
    "0": "elitecreatures:santa_decoration/holly_0"
  },
  "elements": [
    {
      "from": [
        8,
        0.1,
        -4
      ],
      "to": [
        18,
        0.1,
        6
      ],
      "rotation": {
        "angle": -22.5,
        "axis": "y",
        "origin": [
          0,
          0,
          0
        ]
      },
      "faces": {
        "north": {
          "uv": [
            0,
            0,
            5,
            0
          ],
          "texture": "#0"
        },
        "east": {
          "uv": [
            0,
            0,
            5,
            0
          ],
          "texture": "#0"
        },
        "south": {
          "uv": [
            0,
            0,
            5,
            0
          ],
          "texture": "#0"
        },
        "west": {
          "uv": [
            0,
            0,
            5,
            0
          ],
          "texture": "#0"
        },
        "up": {
          "uv": [
            5,
            5,
            0,
            0
          ],
          "texture": "#0"
        },
        "down": {
          "uv": [
            5,
            0,
            0,
            5
          ],
          "texture": "#0"
        }
      }
    },
    {
      "from": [
        12,
        0.1,
        2
      ],
      "to": [
        14,
        2.1,
        4
      ],
      "rotation": {
        "angle": -22.5,
        "axis": "y",
        "origin": [
          0,
          0,
          0
        ]
      },
      "faces": {
        "north": {
          "uv": [
            5,
            0,
            6,
            1
          ],
          "texture": "#0"
        },
        "east": {
          "uv": [
            5,
            1,
            6,
            2
          ],
          "texture": "#0"
        },
        "south": {
          "uv": [
            5,
            2,
            6,
            3
          ],
          "texture": "#0"
        },
        "west": {
          "uv": [
            5,
            3,
            6,
            4
          ],
          "texture": "#0"
        },
        "up": {
          "uv": [
            6,
            5,
            5,
            4
          ],
          "texture": "#0"
        },
        "down": {
          "uv": [
            6,
            5,
            5,
            6
          ],
          "texture": "#0"
        }
      }
    },
    {
      "from": [
        11,
        0,
        1
      ],
      "to": [
        13,
        1,
        3
      ],
      "rotation": {
        "angle": -22.5,
        "axis": "y",
        "origin": [
          0,
          0,
          0
        ]
      },
      "faces": {
        "north": {
          "uv": [
            6,
            4,
            7,
            4.5
          ],
          "texture": "#0"
        },
        "east": {
          "uv": [
            6,
            4.5,
            7,
            5
          ],
          "texture": "#0"
        },
        "south": {
          "uv": [
            5,
            6,
            6,
            6.5
          ],
          "texture": "#0"
        },
        "west": {
          "uv": [
            6,
            5,
            7,
            5.5
          ],
          "texture": "#0"
        },
        "up": {
          "uv": [
            7,
            1,
            6,
            0
          ],
          "texture": "#0"
        },
        "down": {
          "uv": [
            7,
            1,
            6,
            2
          ],
          "texture": "#0"
        }
      }
    },
    {
      "from": [
        13,
        0,
        0
      ],
      "to": [
        15,
        1,
        2
      ],
      "rotation": {
        "angle": -22.5,
        "axis": "y",
        "origin": [
          0,
          0,
          0
        ]
      },
      "faces": {
        "north": {
          "uv": [
            6,
            5.5,
            7,
            6
          ],
          "texture": "#0"
        },
        "east": {
          "uv": [
            6,
            6,
            7,
            6.5
          ],
          "texture": "#0"
        },
        "south": {
          "uv": [
            5,
            6.5,
            6,
            7
          ],
          "texture": "#0"
        },
        "west": {
          "uv": [
            6,
            6.5,
            7,
            7
          ],
          "texture": "#0"
        },
        "up": {
          "uv": [
            7,
            3,
            6,
            2
          ],
          "texture": "#0"
        },
        "down": {
          "uv": [
            7,
            3,
            6,
            4
          ],
          "texture": "#0"
        }
      }
    },
    {
      "from": [
        0,
        0,
        13
      ],
      "to": [
        2,
        1,
        15
      ],
      "rotation": {
        "angle": 22.5,
        "axis": "y",
        "origin": [
          0,
          0,
          0
        ]
      },
      "faces": {
        "north": {
          "uv": [
            5,
            6.5,
            6,
            7
          ],
          "texture": "#0"
        },
        "east": {
          "uv": [
            6,
            6.5,
            7,
            7
          ],
          "texture": "#0"
        },
        "south": {
          "uv": [
            6,
            5.5,
            7,
            6
          ],
          "texture": "#0"
        },
        "west": {
          "uv": [
            6,
            6,
            7,
            6.5
          ],
          "texture": "#0"
        },
        "up": {
          "uv": [
            7,
            3,
            6,
            2
          ],
          "rotation": 180,
          "texture": "#0"
        },
        "down": {
          "uv": [
            7,
            3,
            6,
            4
          ],
          "rotation": 180,
          "texture": "#0"
        }
      }
    },
    {
      "from": [
        2,
        0,
        12
      ],
      "to": [
        4,
        1,
        14
      ],
      "rotation": {
        "angle": 22.5,
        "axis": "y",
        "origin": [
          0,
          0,
          0
        ]
      },
      "faces": {
        "north": {
          "uv": [
            5,
            6,
            6,
            6.5
          ],
          "texture": "#0"
        },
        "east": {
          "uv": [
            6,
            5,
            7,
            5.5
          ],
          "texture": "#0"
        },
        "south": {
          "uv": [
            6,
            4,
            7,
            4.5
          ],
          "texture": "#0"
        },
        "west": {
          "uv": [
            6,
            4.5,
            7,
            5
          ],
          "texture": "#0"
        },
        "up": {
          "uv": [
            7,
            1,
            6,
            0
          ],
          "rotation": 180,
          "texture": "#0"
        },
        "down": {
          "uv": [
            7,
            1,
            6,
            2
          ],
          "rotation": 180,
          "texture": "#0"
        }
      }
    },
    {
      "from": [
        1,
        0.1,
        11
      ],
      "to": [
        3,
        2.1,
        13
      ],
      "rotation": {
        "angle": 22.5,
        "axis": "y",
        "origin": [
          0,
          0,
          0
        ]
      },
      "faces": {
        "north": {
          "uv": [
            5,
            2,
            6,
            3
          ],
          "texture": "#0"
        },
        "east": {
          "uv": [
            5,
            3,
            6,
            4
          ],
          "texture": "#0"
        },
        "south": {
          "uv": [
            5,
            0,
            6,
            1
          ],
          "texture": "#0"
        },
        "west": {
          "uv": [
            5,
            1,
            6,
            2
          ],
          "texture": "#0"
        },
        "up": {
          "uv": [
            6,
            5,
            5,
            4
          ],
          "rotation": 180,
          "texture": "#0"
        },
        "down": {
          "uv": [
            6,
            5,
            5,
            6
          ],
          "rotation": 180,
          "texture": "#0"
        }
      }
    },
    {
      "from": [
        1.26399,
        0.2,
        1.33286
      ],
      "to": [
        11.26399,
        0.2,
        11.33286
      ],
      "rotation": {
        "angle": 22.5,
        "axis": "y",
        "origin": [
          7.01399,
          0.6,
          11.43641
        ]
      },
      "faces": {
        "north": {
          "uv": [
            0,
            0,
            5,
            0
          ],
          "texture": "#0"
        },
        "east": {
          "uv": [
            0,
            0,
            5,
            0
          ],
          "texture": "#0"
        },
        "south": {
          "uv": [
            0,
            0,
            5,
            0
          ],
          "texture": "#0"
        },
        "west": {
          "uv": [
            0,
            0,
            5,
            0
          ],
          "texture": "#0"
        },
        "up": {
          "uv": [
            5,
            5,
            0,
            0
          ],
          "rotation": 270,
          "texture": "#0"
        },
        "down": {
          "uv": [
            5,
            0,
            0,
            5
          ],
          "rotation": 90,
          "texture": "#0"
        }
      }
    },
    {
      "from": [
        1.91043,
        0.1,
        7.18641
      ],
      "to": [
        11.91043,
        0.1,
        17.18641
      ],
      "rotation": {
        "angle": 22.5,
        "axis": "y",
        "origin": [
          7.01399,
          0.6,
          11.43641
        ]
      },
      "faces": {
        "north": {
          "uv": [
            0,
            0,
            5,
            0
          ],
          "texture": "#0"
        },
        "east": {
          "uv": [
            0,
            0,
            5,
            0
          ],
          "texture": "#0"
        },
        "south": {
          "uv": [
            0,
            0,
            5,
            0
          ],
          "texture": "#0"
        },
        "west": {
          "uv": [
            0,
            0,
            5,
            0
          ],
          "texture": "#0"
        },
        "up": {
          "uv": [
            5,
            5,
            0,
            0
          ],
          "rotation": 180,
          "texture": "#0"
        },
        "down": {
          "uv": [
            5,
            0,
            0,
            5
          ],
          "rotation": 180,
          "texture": "#0"
        }
      }
    },
    {
      "from": [
        7.26399,
        0.2,
        5.33286
      ],
      "to": [
        9.26399,
        2.2,
        7.33286
      ],
      "rotation": {
        "angle": 22.5,
        "axis": "y",
        "origin": [
          7.01399,
          0.6,
          11.43641
        ]
      },
      "faces": {
        "north": {
          "uv": [
            5,
            1,
            6,
            2
          ],
          "texture": "#0"
        },
        "east": {
          "uv": [
            5,
            2,
            6,
            3
          ],
          "texture": "#0"
        },
        "south": {
          "uv": [
            5,
            3,
            6,
            4
          ],
          "texture": "#0"
        },
        "west": {
          "uv": [
            5,
            0,
            6,
            1
          ],
          "texture": "#0"
        },
        "up": {
          "uv": [
            6,
            5,
            5,
            4
          ],
          "rotation": 270,
          "texture": "#0"
        },
        "down": {
          "uv": [
            6,
            5,
            5,
            6
          ],
          "rotation": 90,
          "texture": "#0"
        }
      }
    },
    {
      "from": [
        6.26399,
        0.1,
        6.33286
      ],
      "to": [
        8.26399,
        1.1,
        8.33286
      ],
      "rotation": {
        "angle": 22.5,
        "axis": "y",
        "origin": [
          7.01399,
          0.6,
          11.43641
        ]
      },
      "faces": {
        "north": {
          "uv": [
            6,
            4.5,
            7,
            5
          ],
          "texture": "#0"
        },
        "east": {
          "uv": [
            5,
            6,
            6,
            6.5
          ],
          "texture": "#0"
        },
        "south": {
          "uv": [
            6,
            5,
            7,
            5.5
          ],
          "texture": "#0"
        },
        "west": {
          "uv": [
            6,
            4,
            7,
            4.5
          ],
          "texture": "#0"
        },
        "up": {
          "uv": [
            7,
            1,
            6,
            0
          ],
          "rotation": 270,
          "texture": "#0"
        },
        "down": {
          "uv": [
            7,
            1,
            6,
            2
          ],
          "rotation": 90,
          "texture": "#0"
        }
      }
    },
    {
      "from": [
        5.26399,
        0.1,
        4.33286
      ],
      "to": [
        7.26399,
        1.1,
        6.33286
      ],
      "rotation": {
        "angle": 22.5,
        "axis": "y",
        "origin": [
          7.01399,
          0.6,
          11.43641
        ]
      },
      "faces": {
        "north": {
          "uv": [
            6,
            6,
            7,
            6.5
          ],
          "texture": "#0"
        },
        "east": {
          "uv": [
            5,
            6.5,
            6,
            7
          ],
          "texture": "#0"
        },
        "south": {
          "uv": [
            6,
            6.5,
            7,
            7
          ],
          "texture": "#0"
        },
        "west": {
          "uv": [
            6,
            5.5,
            7,
            6
          ],
          "texture": "#0"
        },
        "up": {
          "uv": [
            7,
            3,
            6,
            2
          ],
          "rotation": 270,
          "texture": "#0"
        },
        "down": {
          "uv": [
            7,
            3,
            6,
            4
          ],
          "rotation": 90,
          "texture": "#0"
        }
      }
    }
  ],
  "gui_light": "front",
  "display": {
    "thirdperson_righthand": {
      "rotation": [
        75,
        45,
        0
      ],
      "translation": [
        0,
        2.5,
        1.75
      ],
      "scale": [
        0.375,
        0.375,
        0.375
      ]
    },
    "thirdperson_lefthand": {
      "rotation": [
        75,
        45,
        0
      ],
      "translation": [
        0,
        2.5,
        1.75
      ],
      "scale": [
        0.375,
        0.375,
        0.375
      ]
    },
    "firstperson_righthand": {
      "rotation": [
        0,
        45,
        0
      ],
      "translation": [
        0,
        5,
        0
      ],
      "scale": [
        0.4,
        0.4,
        0.4
      ]
    },
    "firstperson_lefthand": {
      "rotation": [
        0,
        45,
        0
      ],
      "translation": [
        0,
        5,
        0
      ],
      "scale": [
        0.4,
        0.4,
        0.4
      ]
    },
    "ground": {
      "translation": [
        0,
        2,
        0
      ],
      "scale": [
        0.5,
        0.5,
        0.5
      ]
    },
    "gui": {
      "rotation": [
        30,
        45,
        0
      ],
      "translation": [
        0.25,
        5.15,
        0
      ],
      "scale": [
        0.80273,
        0.80273,
        0.80273
      ]
    },
    "head": {
      "translation": [
        0,
        -30.4,
        0
      ],
      "scale": [
        1.6,
        1.6,
        1.6
      ]
    },
    "fixed": {
      "rotation": [
        -90,
        180,
        0
      ],
      "translation": [
        0,
        0,
        -16
      ],
      "scale": [
        2.01,
        2.01,
        2.01
      ]
    }
  }
}