{
  "credit": "MadebyBlockbench.",
  "texture_size": [
    64,
    64
  ],
  "textures": {
    "0": "elitecreatures:santa_decoration/long_gift_box_0"
  },
  "elements": [
    {
      "from": [
        -2,
        0,
        -7
      ],
      "to": [
        10,
        4,
        17
      ],
      "rotation": {
        "angle": 22.5,
        "axis": "y",
        "origin": [
          4,
          6,
          10
        ]
      },
      "faces": {
        "north": {
          "uv": [
            8.5,
            0,
            11.5,
            1
          ],
          "texture": "#0"
        },
        "east": {
          "uv": [
            12,
            2.5,
            6,
            3.5
          ],
          "texture": "#0"
        },
        "south": {
          "uv": [
            11.5,
            1,
            8.5,
            0
          ],
          "texture": "#0"
        },
        "west": {
          "uv": [
            6,
            2.5,
            12,
            3.5
          ],
          "texture": "#0"
        },
        "up": {
          "uv": [
            3,
            6,
            0,
            0
          ],
          "texture": "#0"
        },
        "down": {
          "uv": [
            0,
            0,
            3,
            6
          ],
          "texture": "#0"
        }
      }
    },
    {
      "from": [
        10,
        0,
        2
      ],
      "to": [
        18,
        8,
        10
      ],
      "faces": {
        "north": {
          "uv": [
            6,
            3.5,
            8,
            5.5
          ],
          "texture": "#0"
        },
        "east": {
          "uv": [
            6,
            3.5,
            8,
            5.5
          ],
          "texture": "#0"
        },
        "south": {
          "uv": [
            6,
            3.5,
            8,
            5.5
          ],
          "texture": "#0"
        },
        "west": {
          "uv": [
            6,
            3.5,
            8,
            5.5
          ],
          "texture": "#0"
        },
        "up": {
          "uv": [
            10,
            5.5,
            8,
            3.5
          ],
          "texture": "#0"
        },
        "down": {
          "uv": [
            2,
            8.5,
            0,
            10.5
          ],
          "texture": "#0"
        }
      }
    },
    {
      "from": [
        9,
        8,
        1
      ],
      "to": [
        19,
        12,
        11
      ],
      "faces": {
        "north": {
          "uv": [
            8.5,
            5.5,
            11,
            6.5
          ],
          "texture": "#0"
        },
        "east": {
          "uv": [
            8.5,
            5.5,
            11,
            6.5
          ],
          "texture": "#0"
        },
        "south": {
          "uv": [
            8.5,
            5.5,
            11,
            6.5
          ],
          "texture": "#0"
        },
        "west": {
          "uv": [
            8.5,
            5.5,
            11,
            6.5
          ],
          "texture": "#0"
        },
        "up": {
          "uv": [
            2.5,
            8.5,
            0,
            6
          ],
          "texture": "#0"
        },
        "down": {
          "uv": [
            8.5,
            0,
            6,
            2.5
          ],
          "texture": "#0"
        }
      }
    },
    {
      "from": [
        0.41918,
        4,
        10.86417
      ],
      "to": [
        8.41918,
        8,
        10.86417
      ],
      "rotation": {
        "angle": -22.5,
        "axis": "y",
        "origin": [
          4.41918,
          6,
          10.86417
        ]
      },
      "faces": {
        "north": {
          "uv": [
            2,
            9,
            4,
            10
          ],
          "texture": "#0"
        },
        "east": {
          "uv": [
            0,
            0,
            0,
            1
          ],
          "texture": "#0"
        },
        "south": {
          "uv": [
            4,
            9,
            2,
            10
          ],
          "texture": "#0"
        },
        "west": {
          "uv": [
            0,
            0,
            0,
            1
          ],
          "texture": "#0"
        },
        "up": {
          "uv": [
            2,
            0,
            0,
            0
          ],
          "texture": "#0"
        },
        "down": {
          "uv": [
            2,
            0,
            0,
            0
          ],
          "texture": "#0"
        }
      }
    },
    {
      "from": [
        4.41918,
        4,
        6.86417
      ],
      "to": [
        4.41918,
        8,
        14.86417
      ],
      "rotation": {
        "angle": -22.5,
        "axis": "y",
        "origin": [
          4.41918,
          6,
          10.86417
        ]
      },
      "faces": {
        "north": {
          "uv": [
            0,
            0,
            0,
            1
          ],
          "texture": "#0"
        },
        "east": {
          "uv": [
            2,
            9,
            4,
            10
          ],
          "texture": "#0"
        },
        "south": {
          "uv": [
            0,
            0,
            0,
            1
          ],
          "texture": "#0"
        },
        "west": {
          "uv": [
            2,
            9,
            4,
            10
          ],
          "texture": "#0"
        },
        "up": {
          "uv": [
            0,
            2,
            0,
            0
          ],
          "texture": "#0"
        },
        "down": {
          "uv": [
            0,
            0,
            0,
            2
          ],
          "texture": "#0"
        }
      }
    },
    {
      "from": [
        14,
        11,
        2
      ],
      "to": [
        14,
        15,
        10
      ],
      "faces": {
        "north": {
          "uv": [
            0,
            0,
            0,
            1
          ],
          "texture": "#0"
        },
        "east": {
          "uv": [
            12,
            3.5,
            10,
            4.5
          ],
          "texture": "#0"
        },
        "south": {
          "uv": [
            0,
            0,
            0,
            1
          ],
          "texture": "#0"
        },
        "west": {
          "uv": [
            10,
            3.5,
            12,
            4.5
          ],
          "texture": "#0"
        },
        "up": {
          "uv": [
            0,
            2,
            0,
            0
          ],
          "texture": "#0"
        },
        "down": {
          "uv": [
            0,
            0,
            0,
            2
          ],
          "texture": "#0"
        }
      }
    },
    {
      "from": [
        10,
        11,
        6
      ],
      "to": [
        18,
        15,
        6
      ],
      "faces": {
        "north": {
          "uv": [
            12,
            3.5,
            10,
            4.5
          ],
          "texture": "#0"
        },
        "east": {
          "uv": [
            0,
            0,
            0,
            1
          ],
          "texture": "#0"
        },
        "south": {
          "uv": [
            12,
            3.5,
            10,
            4.5
          ],
          "texture": "#0"
        },
        "west": {
          "uv": [
            0,
            0,
            0,
            1
          ],
          "texture": "#0"
        },
        "up": {
          "uv": [
            2,
            0,
            0,
            0
          ],
          "texture": "#0"
        },
        "down": {
          "uv": [
            2,
            0,
            0,
            0
          ],
          "texture": "#0"
        }
      }
    }
  ],
  "gui_light": "front",
  "display": {
    "thirdperson_righthand": {
      "rotation": [
        75,
        45,
        0
      ],
      "translation": [
        0,
        2.5,
        0
      ],
      "scale": [
        0.375,
        0.375,
        0.375
      ]
    },
    "thirdperson_lefthand": {
      "rotation": [
        75,
        45,
        0
      ],
      "translation": [
        0,
        2.5,
        0
      ],
      "scale": [
        0.375,
        0.375,
        0.375
      ]
    },
    "firstperson_righthand": {
      "rotation": [
        0,
        45,
        0
      ],
      "translation": [
        0,
        3,
        0
      ],
      "scale": [
        0.4,
        0.4,
        0.4
      ]
    },
    "firstperson_lefthand": {
      "rotation": [
        0,
        45,
        0
      ],
      "translation": [
        0,
        3,
        0
      ],
      "scale": [
        0.4,
        0.4,
        0.4
      ]
    },
    "ground": {
      "translation": [
        0.75,
        2,
        2
      ],
      "scale": [
        0.5,
        0.5,
        0.5
      ]
    },
    "gui": {
      "rotation": [
        30,
        45,
        0
      ],
      "translation": [
        2.25,
        -0.1,
        0
      ],
      "scale": [
        0.5,
        0.5,
        0.5
      ]
    },
    "head": {
      "translation": [
        1.25,
        -30.4,
        5.25
      ],
      "scale": [
        1.6,
        1.6,
        1.6
      ]
    },
    "fixed": {
      "rotation": [
        -90,
        180,
        0
      ],
      "translation": [
        -2.25,
        -5.75,
        -16
      ],
      "scale": [
        2.01,
        2.01,
        2.01
      ]
    }
  }
}