{"credit":"magic_store_official","texture_size":[64,64],"textures":{"0":"magic_store:furnitures/bank_pack/bank_sign","particle":"magic_store:furnitures/bank_pack/bank_sign"},"elements":[{"from":[-16,0,7],"to":[32,16,10],"faces":{"north":{"uv":[0,0,12,4],"texture":"#0"},"east":{"uv":[0,9.5,0.75,13.5],"texture":"#0"},"south":{"uv":[0,0,12,4],"texture":"#0"},"west":{"uv":[0,9.5,0.75,13.5],"texture":"#0"},"up":{"uv":[12,8.75,0,8],"texture":"#0"},"down":{"uv":[12,8.75,0,9.5],"texture":"#0"}}}],"display":{"thirdperson_righthand":{"rotation":[49,36,0],"translation":[0,2.25,1],"scale":[0.3,0.3,0.3]},"thirdperson_lefthand":{"rotation":[49,36,0],"translation":[0,2.25,1],"scale":[0.3,0.3,0.3]},"firstperson_righthand":{"rotation":[-180,65,-180],"translation":[9.75,-4,-9.25],"scale":[0.85,0.85,0.85]},"firstperson_lefthand":{"rotation":[-180,65,-180],"translation":[9.75,-4,-9.25],"scale":[0.85,0.85,0.85]},"ground":{"translation":[0,5.5,0],"scale":[0.4,0.4,0.4]},"gui":{"rotation":[30,145.5,0],"translation":[-0.25,-0.25,0],"scale":[0.4,0.4,0.4]},"head":{"translation":[0,-30.5,-11],"scale":[1.6,1.6,1.6]},"fixed":{"rotation":[0,180,0],"translation":[0,0,-2],"scale":[2,2,2]}},"groups":[{"name":"group","origin":[0,0,0],"color":0,"children":[0]}]}