{
  "credit": "Made by LZLeon with Blockbench, Contact - Discord: LZBlocks#0261 - E-Mail: lzblocks@outlook.com",
  "texture_size": [
    128,
    128
  ],
  "textures": {
    "1": "lzfurniture:furniture/outdoor/outdoor_pool",
    "2": "lzfurniture:furniture/outdoor/outdoor_pool_water",
    "particle": "lzfurniture:furniture/outdoor/outdoor_pool"
  },
  "elements": [
    {
      "from": [
        -14,
        0,
        2
      ],
      "to": [
        14,
        8,
        30
      ],
      "faces": {
        "north": {
          "uv": [
            3.5,
            3.5,
            7,
            4.5
          ],
          "texture": "#1"
        },
        "east": {
          "uv": [
            0,
            3.5,
            3.5,
            4.5
          ],
          "texture": "#1"
        },
        "south": {
          "uv": [
            10.5,
            3.5,
            14,
            4.5
          ],
          "texture": "#1"
        },
        "west": {
          "uv": [
            7,
            3.5,
            10.5,
            4.5
          ],
          "texture": "#1"
        },
        "up": {
          "uv": [
            7,
            3.5,
            3.5,
            0
          ],
          "texture": "#1"
        },
        "down": {
          "uv": [
            10.5,
            0,
            7,
            3.5
          ],
          "texture": "#1"
        }
      }
    },
    {
      "from": [
        -15,
        6,
        1
      ],
      "to": [
        15,
        10,
        4
      ],
      "faces": {
        "north": {
          "uv": [
            4.25,
            9.125,
            8,
            9.625
          ],
          "texture": "#1"
        },
        "east": {
          "uv": [
            3.875,
            9.125,
            4.25,
            9.625
          ],
          "texture": "#1"
        },
        "south": {
          "uv": [
            8.375,
            9.125,
            12.125,
            9.625
          ],
          "texture": "#1"
        },
        "west": {
          "uv": [
            8,
            9.125,
            8.375,
            9.625
          ],
          "texture": "#1"
        },
        "up": {
          "uv": [
            8,
            9.125,
            4.25,
            8.75
          ],
          "texture": "#1"
        },
        "down": {
          "uv": [
            11.75,
            8.75,
            8,
            9.125
          ],
          "texture": "#1"
        }
      }
    },
    {
      "from": [
        -15,
        6,
        28
      ],
      "to": [
        15,
        10,
        31
      ],
      "faces": {
        "north": {
          "uv": [
            4.25,
            8.125,
            8,
            8.625
          ],
          "texture": "#1"
        },
        "east": {
          "uv": [
            3.875,
            8.125,
            4.25,
            8.625
          ],
          "texture": "#1"
        },
        "south": {
          "uv": [
            8.375,
            8.125,
            12.125,
            8.625
          ],
          "texture": "#1"
        },
        "west": {
          "uv": [
            8,
            8.125,
            8.375,
            8.625
          ],
          "texture": "#1"
        },
        "up": {
          "uv": [
            8,
            8.125,
            4.25,
            7.75
          ],
          "texture": "#1"
        },
        "down": {
          "uv": [
            11.75,
            7.75,
            8,
            8.125
          ],
          "texture": "#1"
        }
      }
    },
    {
      "from": [
        -15,
        6,
        4
      ],
      "to": [
        -12,
        10,
        28
      ],
      "shade": false,
      "rotation": {
        "angle": 0,
        "axis": "y",
        "origin": [
          16,
          0,
          0
        ]
      },
      "faces": {
        "north": {
          "uv": [
            3.375,
            10.75,
            3,
            11.25
          ],
          "texture": "#1"
        },
        "east": {
          "uv": [
            6.375,
            10.75,
            3.375,
            11.25
          ],
          "texture": "#1"
        },
        "south": {
          "uv": [
            6.75,
            10.75,
            6.375,
            11.25
          ],
          "texture": "#1"
        },
        "west": {
          "uv": [
            3,
            10.75,
            0,
            11.25
          ],
          "texture": "#1"
        },
        "up": {
          "uv": [
            3,
            10.75,
            3.375,
            7.75
          ],
          "texture": "#1"
        },
        "down": {
          "uv": [
            3.375,
            7.75,
            3.75,
            10.75
          ],
          "texture": "#1"
        }
      }
    },
    {
      "from": [
        12,
        6,
        4
      ],
      "to": [
        15,
        10,
        28
      ],
      "faces": {
        "north": {
          "uv": [
            3,
            10.75,
            3.375,
            11.25
          ],
          "texture": "#1"
        },
        "east": {
          "uv": [
            0,
            10.75,
            3,
            11.25
          ],
          "texture": "#1"
        },
        "south": {
          "uv": [
            6.375,
            10.75,
            6.75,
            11.25
          ],
          "texture": "#1"
        },
        "west": {
          "uv": [
            3.375,
            10.75,
            6.375,
            11.25
          ],
          "texture": "#1"
        },
        "up": {
          "uv": [
            3.375,
            10.75,
            3,
            7.75
          ],
          "texture": "#1"
        },
        "down": {
          "uv": [
            3.75,
            7.75,
            3.375,
            10.75
          ],
          "texture": "#1"
        }
      }
    },
    {
      "from": [
        -12,
        8,
        4
      ],
      "to": [
        12,
        8,
        28
      ],
      "faces": {
        "north": {
          "uv": [
            0,
            3,
            3,
            3
          ],
          "texture": "#2"
        },
        "east": {
          "uv": [
            -3,
            3,
            0,
            3
          ],
          "texture": "#2"
        },
        "south": {
          "uv": [
            6,
            3,
            9,
            3
          ],
          "texture": "#2"
        },
        "west": {
          "uv": [
            3,
            3,
            6,
            3
          ],
          "texture": "#2"
        },
        "up": {
          "uv": [
            16,
            16,
            0,
            0
          ],
          "texture": "#2"
        },
        "down": {
          "uv": [
            6,
            0,
            3,
            3
          ],
          "texture": "#2"
        }
      }
    },
    {
      "name": "cube inverted",
      "from": [
        14,
        8,
        30
      ],
      "to": [
        -14,
        0,
        2
      ],
      "faces": {
        "north": {
          "uv": [
            10.5,
            4.5,
            14,
            3.5
          ],
          "texture": "#1"
        },
        "east": {
          "uv": [
            7,
            4.5,
            10.5,
            3.5
          ],
          "texture": "#1"
        },
        "south": {
          "uv": [
            3.5,
            4.5,
            7,
            3.5
          ],
          "texture": "#1"
        },
        "west": {
          "uv": [
            0,
            4.5,
            3.5,
            3.5
          ],
          "texture": "#1"
        },
        "up": {
          "uv": [
            7,
            0,
            10.5,
            3.5
          ],
          "texture": "#1"
        },
        "down": {
          "uv": [
            3.5,
            3.5,
            7,
            0
          ],
          "texture": "#1"
        }
      }
    }
  ],
  "display": {
    "thirdperson_righthand": {
      "rotation": [
        60,
        -160,
        0
      ],
      "translation": [
        0,
        13.75,
        -4.25
      ],
      "scale": [
        -0.6,
        0.6,
        -0.6
      ]
    },
    "thirdperson_lefthand": {
      "rotation": [
        60,
        -160,
        0
      ],
      "translation": [
        -8,
        10.75,
        -3
      ],
      "scale": [
        -0.6,
        0.6,
        -0.6
      ]
    },
    "firstperson_righthand": {
      "rotation": [
        0,
        -73,
        6
      ],
      "translation": [
        -3.5,
        1.25,
        0
      ],
      "scale": [
        -0.4,
        0.4,
        -0.4
      ]
    },
    "firstperson_lefthand": {
      "rotation": [
        0,
        -73,
        6
      ],
      "translation": [
        -3.5,
        1.25,
        3.75
      ],
      "scale": [
        -0.4,
        0.4,
        -0.4
      ]
    },
    "ground": {
      "translation": [
        2.75,
        1.5,
        -3
      ],
      "scale": [
        0.35,
        0.35,
        0.35
      ]
    },
    "gui": {
      "rotation": [
        30,
        -40,
        0
      ],
      "translation": [
        -4,
        0,
        0
      ],
      "scale": [
        -0.35,
        0.35,
        -0.35
      ]
    },
    "head": {
      "rotation": [
        0,
        -180,
        0
      ],
      "translation": [
        0,
        -30.4,
        0
      ],
      "scale": [
        1.6,
        1.6,
        1.6
      ]
    },
    "fixed": {
      "rotation": [
        90,
        -180,
        -180
      ],
      "translation": [
        0,
        0,
        -15
      ],
      "scale": [
        2,
        2,
        2
      ]
    }
  }
}