{
  "credit": "Made by PolygonMC",
  "texture_size": [
    24,
    24
  ],
  "textures": {
    "1": "nexusset:animations/animations_bolt",
    "2": "nexusset:animations/animations_nexus",
    "4": "nexusset:bow",
    "particle": "nexusset:bow"
  },
  "elements": [
    {
      "from": [
        7.3,
        -1.95,
        5.5
      ],
      "to": [
        7.3,
        7.05,
        8.5
      ],
      "rotation": {
        "angle": -22.5,
        "axis": "x",
        "origin": [
          7.5,
          4,
          7.5
        ]
      },
      "faces": {
        "west": {
          "uv": [
            9.33333,
            0,
            5.33333,
            12
          ],
          "texture": "#1"
        }
      }
    },
    {
      "from": [
        7.75,
        -0.42503,
        3.61078
      ],
      "to": [
        7.75,
        1.82497,
        8.11078
      ],
      "rotation": {
        "angle": -22.5,
        "axis": "x",
        "origin": [
          7.75,
          0.09997,
          4.16078
        ]
      },
      "faces": {
        "west": {
          "uv": [
            12.33333,
            0,
            15.33333,
            6
          ],
          "rotation": 270,
          "texture": "#1"
        }
      }
    },
    {
      "from": [
        7.75,
        -2.65973,
        5.64314
      ],
      "to": [
        7.75,
        -0.40973,
        10.14314
      ],
      "rotation": {
        "angle": 22.5,
        "axis": "x",
        "origin": [
          7.75,
          -2.23473,
          7.89314
        ]
      },
      "faces": {
        "west": {
          "uv": [
            9.33333,
            0,
            12.33333,
            6
          ],
          "rotation": 270,
          "texture": "#1"
        }
      }
    },
    {
      "from": [
        7.3,
        8.95,
        5.5
      ],
      "to": [
        7.3,
        17.95,
        8.5
      ],
      "rotation": {
        "angle": 22.5,
        "axis": "x",
        "origin": [
          7.5,
          12,
          7.5
        ]
      },
      "faces": {
        "west": {
          "uv": [
            9.33333,
            12,
            5.33333,
            0
          ],
          "texture": "#1"
        }
      }
    },
    {
      "from": [
        7.75,
        16.40973,
        5.64314
      ],
      "to": [
        7.75,
        18.65973,
        10.14314
      ],
      "rotation": {
        "angle": -22.5,
        "axis": "x",
        "origin": [
          7.75,
          18.23473,
          7.89314
        ]
      },
      "faces": {
        "west": {
          "uv": [
            12.33333,
            0,
            9.33333,
            6
          ],
          "rotation": 270,
          "texture": "#1"
        }
      }
    },
    {
      "from": [
        7.75,
        14.17503,
        3.61078
      ],
      "to": [
        7.75,
        16.42503,
        8.11078
      ],
      "rotation": {
        "angle": 22.5,
        "axis": "x",
        "origin": [
          7.75,
          15.90003,
          4.16078
        ]
      },
      "faces": {
        "west": {
          "uv": [
            15.33333,
            0,
            12.33333,
            6
          ],
          "rotation": 270,
          "texture": "#1"
        }
      }
    },
    {
      "from": [
        7.75,
        9.23534,
        -3.17034
      ],
      "to": [
        7.75,
        11.48534,
        1.32966
      ],
      "rotation": {
        "angle": -22.5,
        "axis": "x",
        "origin": [
          7.75,
          10.46034,
          -0.92034
        ]
      },
      "faces": {
        "west": {
          "uv": [
            12.33333,
            6,
            15.33333,
            0
          ],
          "rotation": 90,
          "texture": "#1"
        }
      }
    },
    {
      "from": [
        7.75,
        4.51466,
        -3.17034
      ],
      "to": [
        7.75,
        6.76466,
        1.32966
      ],
      "rotation": {
        "angle": 22.5,
        "axis": "x",
        "origin": [
          7.75,
          5.53966,
          -0.92034
        ]
      },
      "faces": {
        "west": {
          "uv": [
            15.33333,
            6,
            12.33333,
            0
          ],
          "rotation": 90,
          "texture": "#1"
        }
      }
    },
    {
      "from": [
        6.9,
        5.5,
        4.85
      ],
      "to": [
        6.9,
        10.5,
        9.85
      ],
      "rotation": {
        "angle": 0,
        "axis": "x",
        "origin": [
          6.75,
          6,
          -6
        ]
      },
      "faces": {
        "west": {
          "uv": [
            0,
            0,
            10,
            10
          ],
          "texture": "#2"
        }
      }
    },
    {
      "from": [
        8.25,
        9.23534,
        -3.17034
      ],
      "to": [
        8.25,
        11.48534,
        1.32966
      ],
      "rotation": {
        "angle": -22.5,
        "axis": "x",
        "origin": [
          8.25,
          10.46034,
          -0.92034
        ]
      },
      "faces": {
        "east": {
          "uv": [
            12.33333,
            0,
            15.33333,
            6
          ],
          "rotation": 90,
          "texture": "#1"
        }
      }
    },
    {
      "from": [
        8.25,
        4.51466,
        -3.17034
      ],
      "to": [
        8.25,
        6.76466,
        1.32966
      ],
      "rotation": {
        "angle": 22.5,
        "axis": "x",
        "origin": [
          8.25,
          5.53966,
          -0.92034
        ]
      },
      "faces": {
        "east": {
          "uv": [
            15.33333,
            0,
            12.33333,
            6
          ],
          "rotation": 90,
          "texture": "#1"
        }
      }
    },
    {
      "from": [
        8.25,
        -0.42503,
        3.61078
      ],
      "to": [
        8.25,
        1.82497,
        8.11078
      ],
      "rotation": {
        "angle": -22.5,
        "axis": "x",
        "origin": [
          8.25,
          0.09997,
          4.16078
        ]
      },
      "faces": {
        "east": {
          "uv": [
            12.33333,
            6,
            15.33333,
            0
          ],
          "rotation": 270,
          "texture": "#1"
        }
      }
    },
    {
      "from": [
        8.25,
        -2.65973,
        5.64314
      ],
      "to": [
        8.25,
        -0.40973,
        10.14314
      ],
      "rotation": {
        "angle": 22.5,
        "axis": "x",
        "origin": [
          8.25,
          -2.23473,
          7.89314
        ]
      },
      "faces": {
        "east": {
          "uv": [
            9.33333,
            6,
            12.33333,
            0
          ],
          "rotation": 270,
          "texture": "#1"
        }
      }
    },
    {
      "from": [
        8.7,
        -1.95,
        5.5
      ],
      "to": [
        8.7,
        7.05,
        8.5
      ],
      "rotation": {
        "angle": -22.5,
        "axis": "x",
        "origin": [
          8.5,
          4,
          7.5
        ]
      },
      "faces": {
        "east": {
          "uv": [
            5.33333,
            0,
            9.33333,
            12
          ],
          "texture": "#1"
        }
      }
    },
    {
      "from": [
        9.1,
        5.5,
        4.85
      ],
      "to": [
        9.1,
        10.5,
        9.85
      ],
      "rotation": {
        "angle": 0,
        "axis": "x",
        "origin": [
          9.25,
          6,
          -6
        ]
      },
      "faces": {
        "east": {
          "uv": [
            10,
            0,
            0,
            10
          ],
          "texture": "#2"
        }
      }
    },
    {
      "from": [
        8.7,
        8.95,
        5.5
      ],
      "to": [
        8.7,
        17.95,
        8.5
      ],
      "rotation": {
        "angle": 22.5,
        "axis": "x",
        "origin": [
          8.5,
          12,
          7.5
        ]
      },
      "faces": {
        "east": {
          "uv": [
            5.33333,
            12,
            9.33333,
            0
          ],
          "texture": "#1"
        }
      }
    },
    {
      "from": [
        8.25,
        14.17503,
        3.61078
      ],
      "to": [
        8.25,
        16.42503,
        8.11078
      ],
      "rotation": {
        "angle": 22.5,
        "axis": "x",
        "origin": [
          8.25,
          15.90003,
          4.16078
        ]
      },
      "faces": {
        "east": {
          "uv": [
            15.33333,
            6,
            12.33333,
            0
          ],
          "rotation": 270,
          "texture": "#1"
        }
      }
    },
    {
      "from": [
        8.25,
        16.40973,
        5.64314
      ],
      "to": [
        8.25,
        18.65973,
        10.14314
      ],
      "rotation": {
        "angle": -22.5,
        "axis": "x",
        "origin": [
          8.25,
          18.23473,
          7.89314
        ]
      },
      "faces": {
        "east": {
          "uv": [
            12.33333,
            6,
            9.33333,
            0
          ],
          "rotation": 270,
          "texture": "#1"
        }
      }
    },
    {
      "from": [
        7.4,
        12.85,
        6.25
      ],
      "to": [
        8.6,
        14.35,
        7.75
      ],
      "rotation": {
        "angle": -45,
        "axis": "x",
        "origin": [
          8,
          13.6,
          7
        ]
      },
      "faces": {
        "north": {
          "uv": [
            13.33333,
            8.66667,
            14.16667,
            9.66667
          ],
          "texture": "#4"
        },
        "east": {
          "uv": [
            1.33333,
            12.66667,
            2.33333,
            13.66667
          ],
          "texture": "#4"
        },
        "south": {
          "uv": [
            9.33333,
            13.33333,
            10.16667,
            14.33333
          ],
          "texture": "#4"
        },
        "west": {
          "uv": [
            12.66667,
            1.33333,
            13.66667,
            2.33333
          ],
          "texture": "#4"
        },
        "up": {
          "uv": [
            14.16667,
            11,
            13.33333,
            10
          ],
          "texture": "#4"
        },
        "down": {
          "uv": [
            11.5,
            13.33333,
            10.66667,
            14.33333
          ],
          "texture": "#4"
        }
      }
    },
    {
      "from": [
        7.2,
        13.05,
        6.45
      ],
      "to": [
        8.8,
        14.15,
        7.55
      ],
      "rotation": {
        "angle": -45,
        "axis": "x",
        "origin": [
          8,
          13.6,
          7
        ]
      },
      "faces": {
        "north": {
          "uv": [
            0,
            14,
            1,
            14.66667
          ],
          "texture": "#4"
        },
        "east": {
          "uv": [
            14.66667,
            6,
            15.33333,
            6.66667
          ],
          "texture": "#4"
        },
        "south": {
          "uv": [
            14,
            0,
            15,
            0.66667
          ],
          "texture": "#4"
        },
        "west": {
          "uv": [
            14.66667,
            6.66667,
            15.33333,
            7.33333
          ],
          "texture": "#4"
        },
        "up": {
          "uv": [
            15,
            1.33333,
            14,
            0.66667
          ],
          "texture": "#4"
        },
        "down": {
          "uv": [
            2.33333,
            14,
            1.33333,
            14.66667
          ],
          "texture": "#4"
        }
      }
    },
    {
      "from": [
        7.514,
        15.6675,
        10.2675
      ],
      "to": [
        8.486,
        16.8825,
        11.4825
      ],
      "rotation": {
        "angle": -45,
        "axis": "x",
        "origin": [
          8,
          16.275,
          10.875
        ]
      },
      "faces": {
        "north": {
          "uv": [
            6.66667,
            14,
            7.33333,
            14.83333
          ],
          "texture": "#4"
        },
        "east": {
          "uv": [
            13.33333,
            11.33333,
            14.16667,
            12.16667
          ],
          "texture": "#4"
        },
        "south": {
          "uv": [
            8,
            14,
            8.66667,
            14.83333
          ],
          "texture": "#4"
        },
        "west": {
          "uv": [
            12,
            13.33333,
            12.83333,
            14.16667
          ],
          "texture": "#4"
        },
        "up": {
          "uv": [
            9.33333,
            14.83333,
            8.66667,
            14
          ],
          "texture": "#4"
        },
        "down": {
          "uv": [
            14.66667,
            12.66667,
            14,
            13.5
          ],
          "texture": "#4"
        }
      }
    },
    {
      "from": [
        7.352,
        15.8295,
        10.4295
      ],
      "to": [
        8.648,
        16.7205,
        11.3205
      ],
      "rotation": {
        "angle": -45,
        "axis": "x",
        "origin": [
          8,
          16.275,
          10.875
        ]
      },
      "faces": {
        "north": {
          "uv": [
            14,
            2.66667,
            14.83333,
            3.33333
          ],
          "texture": "#4"
        },
        "east": {
          "uv": [
            9.33333,
            14.66667,
            10,
            15.33333
          ],
          "texture": "#4"
        },
        "south": {
          "uv": [
            4,
            14,
            4.83333,
            14.66667
          ],
          "texture": "#4"
        },
        "west": {
          "uv": [
            14.66667,
            9.33333,
            15.33333,
            10
          ],
          "texture": "#4"
        },
        "up": {
          "uv": [
            6.16667,
            14.66667,
            5.33333,
            14
          ],
          "texture": "#4"
        },
        "down": {
          "uv": [
            14.83333,
            7.33333,
            14,
            8
          ],
          "texture": "#4"
        }
      }
    },
    {
      "from": [
        7.5,
        14.61777,
        6.91421
      ],
      "to": [
        8.5,
        15.61777,
        8.91421
      ],
      "rotation": {
        "angle": -45,
        "axis": "x",
        "origin": [
          8,
          15.36777,
          8.41421
        ]
      },
      "faces": {
        "east": {
          "uv": [
            13.33333,
            6,
            14.66667,
            6.66667
          ],
          "texture": "#4"
        },
        "south": {
          "uv": [
            14.66667,
            8.66667,
            15.33333,
            9.33333
          ],
          "texture": "#4"
        },
        "west": {
          "uv": [
            13.33333,
            6.66667,
            14.66667,
            7.33333
          ],
          "texture": "#4"
        },
        "up": {
          "uv": [
            9.33333,
            14,
            8.66667,
            12.66667
          ],
          "texture": "#4"
        },
        "down": {
          "uv": [
            14,
            7.33333,
            13.33333,
            8.66667
          ],
          "texture": "#4"
        }
      }
    },
    {
      "from": [
        7.605,
        15.29613,
        8.72033
      ],
      "to": [
        8.395,
        16.08613,
        10.59033
      ],
      "rotation": {
        "angle": -22.5,
        "axis": "x",
        "origin": [
          8,
          15.64113,
          9.31033
        ]
      },
      "faces": {
        "east": {
          "uv": [
            14,
            1.33333,
            15.16667,
            1.83333
          ],
          "texture": "#4"
        },
        "south": {
          "uv": [
            14.66667,
            10,
            15.16667,
            10.5
          ],
          "texture": "#4"
        },
        "west": {
          "uv": [
            14,
            2,
            15.16667,
            2.5
          ],
          "texture": "#4"
        },
        "up": {
          "uv": [
            3.16667,
            15.16667,
            2.66667,
            14
          ],
          "texture": "#4"
        },
        "down": {
          "uv": [
            3.83333,
            14,
            3.33333,
            15.16667
          ],
          "texture": "#4"
        }
      }
    },
    {
      "from": [
        7.975,
        13.725,
        7.3
      ],
      "to": [
        8.025,
        17.225,
        14.3
      ],
      "rotation": {
        "angle": -22.5,
        "axis": "x",
        "origin": [
          7.975,
          13.675,
          5.8
        ]
      },
      "faces": {
        "east": {
          "uv": [
            12,
            0,
            7.33333,
            2.33333
          ],
          "texture": "#4"
        },
        "west": {
          "uv": [
            7.33333,
            0,
            12,
            2.33333
          ],
          "texture": "#4"
        }
      }
    },
    {
      "from": [
        7.975,
        0.05,
        10.7
      ],
      "to": [
        8.025,
        15.95,
        18.2
      ],
      "rotation": {
        "angle": 0,
        "axis": "y",
        "origin": [
          7.975,
          0,
          0
        ]
      },
      "faces": {
        "east": {
          "uv": [
            5,
            0,
            0,
            10.66667
          ],
          "texture": "#4"
        },
        "west": {
          "uv": [
            0,
            0,
            5,
            10.66667
          ],
          "texture": "#4"
        }
      }
    },
    {
      "from": [
        7.501,
        9.60977,
        7.20929
      ],
      "to": [
        8.499,
        12.60977,
        8.20929
      ],
      "rotation": {
        "angle": -22.5,
        "axis": "x",
        "origin": [
          8,
          10.26655,
          4.25
        ]
      },
      "faces": {
        "north": {
          "uv": [
            8.66667,
            10.66667,
            8,
            12.66667
          ],
          "rotation": 180,
          "texture": "#4"
        },
        "east": {
          "uv": [
            7.33333,
            11.33333,
            5.33333,
            12
          ],
          "rotation": 90,
          "texture": "#4"
        },
        "south": {
          "uv": [
            9.33333,
            12.66667,
            8.66667,
            10.66667
          ],
          "texture": "#4"
        },
        "west": {
          "uv": [
            13.33333,
            6.66667,
            11.33333,
            7.33333
          ],
          "rotation": 270,
          "texture": "#4"
        },
        "up": {
          "uv": [
            12.66667,
            2,
            12,
            2.66667
          ],
          "texture": "#4"
        }
      }
    },
    {
      "from": [
        7.975,
        8.34678,
        5.46131
      ],
      "to": [
        8.025,
        14.84678,
        8.46131
      ],
      "rotation": {
        "angle": -22.5,
        "axis": "x",
        "origin": [
          8,
          10.26655,
          4.25
        ]
      },
      "faces": {
        "east": {
          "uv": [
            11.66667,
            6.66667,
            7.33333,
            4.66667
          ],
          "rotation": 270,
          "texture": "#4"
        },
        "west": {
          "uv": [
            11.66667,
            4.66667,
            7.33333,
            6.66667
          ],
          "rotation": 270,
          "texture": "#4"
        }
      }
    },
    {
      "from": [
        7.751,
        12.07146,
        5.21596
      ],
      "to": [
        8.249,
        13.49646,
        5.94096
      ],
      "rotation": {
        "angle": 22.5,
        "axis": "x",
        "origin": [
          8,
          10.26655,
          4.25
        ]
      },
      "faces": {
        "north": {
          "uv": [
            10.33333,
            14.66667,
            10,
            15.66667
          ],
          "rotation": 180,
          "texture": "#4"
        },
        "east": {
          "uv": [
            15,
            8,
            14,
            8.5
          ],
          "rotation": 90,
          "texture": "#4"
        },
        "west": {
          "uv": [
            15,
            14,
            14,
            14.5
          ],
          "rotation": 270,
          "texture": "#4"
        },
        "up": {
          "uv": [
            15.66667,
            0,
            15.33333,
            0.5
          ],
          "texture": "#4"
        }
      }
    },
    {
      "from": [
        7.75,
        10.35977,
        6.20929
      ],
      "to": [
        8.25,
        10.85977,
        7.20929
      ],
      "rotation": {
        "angle": -22.5,
        "axis": "x",
        "origin": [
          8,
          10.26655,
          4.25
        ]
      },
      "faces": {
        "north": {
          "uv": [
            1,
            15.33333,
            0.66667,
            15.66667
          ],
          "rotation": 180,
          "texture": "#4"
        },
        "east": {
          "uv": [
            15,
            10.66667,
            14.66667,
            11.33333
          ],
          "rotation": 90,
          "texture": "#4"
        },
        "west": {
          "uv": [
            15,
            11.33333,
            14.66667,
            12
          ],
          "rotation": 270,
          "texture": "#4"
        },
        "up": {
          "uv": [
            11,
            14.66667,
            10.66667,
            15.33333
          ],
          "texture": "#4"
        },
        "down": {
          "uv": [
            11.66667,
            14.66667,
            11.33333,
            15.33333
          ],
          "rotation": 180,
          "texture": "#4"
        }
      }
    },
    {
      "from": [
        7.5,
        10.60179,
        6.51406
      ],
      "to": [
        8.5,
        12.60179,
        7.51406
      ],
      "rotation": {
        "angle": 22.5,
        "axis": "x",
        "origin": [
          8,
          10.26655,
          4.25
        ]
      },
      "faces": {
        "north": {
          "uv": [
            13.33333,
            3.33333,
            12.66667,
            4.66667
          ],
          "rotation": 180,
          "texture": "#4"
        },
        "east": {
          "uv": [
            13.33333,
            6,
            12,
            6.66667
          ],
          "rotation": 90,
          "texture": "#4"
        },
        "south": {
          "uv": [
            8.66667,
            14,
            8,
            12.66667
          ],
          "texture": "#4"
        },
        "west": {
          "uv": [
            14,
            2.66667,
            12.66667,
            3.33333
          ],
          "rotation": 270,
          "texture": "#4"
        },
        "up": {
          "uv": [
            0.66667,
            14.66667,
            0,
            15.33333
          ],
          "texture": "#4"
        },
        "down": {
          "uv": [
            1.33333,
            14.66667,
            0.66667,
            15.33333
          ],
          "rotation": 180,
          "texture": "#4"
        }
      }
    },
    {
      "from": [
        7.001,
        6.45415,
        5.91768
      ],
      "to": [
        8.999,
        7.45415,
        6.91768
      ],
      "rotation": {
        "angle": -45,
        "axis": "x",
        "origin": [
          8,
          10.26655,
          4.25
        ]
      },
      "faces": {
        "east": {
          "uv": [
            2,
            14.66667,
            1.33333,
            15.33333
          ],
          "texture": "#4"
        },
        "south": {
          "uv": [
            13.33333,
            12.66667,
            12,
            13.33333
          ],
          "texture": "#4"
        },
        "west": {
          "uv": [
            2.66667,
            14.66667,
            2,
            15.33333
          ],
          "texture": "#4"
        },
        "up": {
          "uv": [
            4.66667,
            13.33333,
            3.33333,
            14
          ],
          "texture": "#4"
        },
        "down": {
          "uv": [
            14.66667,
            4,
            13.33333,
            3.33333
          ],
          "texture": "#4"
        }
      }
    },
    {
      "from": [
        7,
        8.75,
        5.125
      ],
      "to": [
        9,
        9.75,
        8.125
      ],
      "rotation": {
        "angle": 0,
        "axis": "x",
        "origin": [
          8,
          10.26655,
          4.25
        ]
      },
      "faces": {
        "north": {
          "uv": [
            14.66667,
            4,
            13.33333,
            4.66667
          ],
          "rotation": 180,
          "texture": "#4"
        },
        "east": {
          "uv": [
            12,
            7.33333,
            11.33333,
            9.33333
          ],
          "rotation": 90,
          "texture": "#4"
        },
        "south": {
          "uv": [
            6,
            14,
            4.66667,
            13.33333
          ],
          "texture": "#4"
        },
        "west": {
          "uv": [
            10,
            11.33333,
            9.33333,
            13.33333
          ],
          "rotation": 270,
          "texture": "#4"
        },
        "up": {
          "uv": [
            1.33333,
            10.66667,
            0,
            12.66667
          ],
          "texture": "#4"
        },
        "down": {
          "uv": [
            2.66667,
            10.66667,
            1.33333,
            12.66667
          ],
          "rotation": 180,
          "texture": "#4"
        }
      }
    },
    {
      "from": [
        7.752,
        9.20711,
        2.08211
      ],
      "to": [
        8.248,
        10.20711,
        5.08211
      ],
      "rotation": {
        "angle": 0,
        "axis": "x",
        "origin": [
          8,
          10.26655,
          4.25
        ]
      },
      "faces": {
        "east": {
          "uv": [
            12,
            9.33333,
            11.33333,
            11.33333
          ],
          "rotation": 90,
          "texture": "#4"
        },
        "west": {
          "uv": [
            10.66667,
            11.33333,
            10,
            13.33333
          ],
          "rotation": 270,
          "texture": "#4"
        },
        "up": {
          "uv": [
            13.66667,
            12.66667,
            13.33333,
            14.66667
          ],
          "texture": "#4"
        }
      }
    },
    {
      "from": [
        7.751,
        8.63613,
        3.79636
      ],
      "to": [
        8.249,
        9.63613,
        4.79636
      ],
      "rotation": {
        "angle": -45,
        "axis": "x",
        "origin": [
          8,
          10.26655,
          4.25
        ]
      },
      "faces": {
        "east": {
          "uv": [
            15.33333,
            3.33333,
            14.66667,
            4
          ],
          "texture": "#4"
        },
        "south": {
          "uv": [
            12.33333,
            14.66667,
            12,
            15.33333
          ],
          "texture": "#4"
        },
        "west": {
          "uv": [
            4.66667,
            14.66667,
            4,
            15.33333
          ],
          "texture": "#4"
        },
        "up": {
          "uv": [
            15,
            12,
            14.66667,
            12.66667
          ],
          "texture": "#4"
        }
      }
    },
    {
      "from": [
        7.751,
        10.75745,
        1.67504
      ],
      "to": [
        8.249,
        11.75745,
        2.67504
      ],
      "rotation": {
        "angle": -45,
        "axis": "x",
        "origin": [
          8,
          10.26655,
          4.25
        ]
      },
      "faces": {
        "east": {
          "uv": [
            15.33333,
            4,
            14.66667,
            4.66667
          ],
          "texture": "#4"
        },
        "south": {
          "uv": [
            13,
            14.66667,
            12.66667,
            15.33333
          ],
          "texture": "#4"
        },
        "west": {
          "uv": [
            5.33333,
            14.66667,
            4.66667,
            15.33333
          ],
          "texture": "#4"
        },
        "up": {
          "uv": [
            15,
            12.66667,
            14.66667,
            13.33333
          ],
          "texture": "#4"
        }
      }
    },
    {
      "from": [
        7.75,
        8.5,
        0.375
      ],
      "to": [
        8.25,
        9.5,
        7.375
      ],
      "rotation": {
        "angle": 0,
        "axis": "x",
        "origin": [
          8,
          10.26655,
          4.25
        ]
      },
      "faces": {
        "north": {
          "uv": [
            13.66667,
            14.66667,
            13.33333,
            15.33333
          ],
          "rotation": 180,
          "texture": "#4"
        },
        "east": {
          "uv": [
            10,
            6.66667,
            9.33333,
            11.33333
          ],
          "rotation": 90,
          "texture": "#4"
        },
        "south": {
          "uv": [
            15,
            14,
            14.66667,
            13.33333
          ],
          "texture": "#4"
        },
        "west": {
          "uv": [
            10.66667,
            6.66667,
            10,
            11.33333
          ],
          "rotation": 270,
          "texture": "#4"
        },
        "up": {
          "uv": [
            11,
            6.66667,
            10.66667,
            11.33333
          ],
          "texture": "#4"
        },
        "down": {
          "uv": [
            7.66667,
            10.66667,
            7.33333,
            15.33333
          ],
          "rotation": 180,
          "texture": "#4"
        }
      }
    },
    {
      "from": [
        7.751,
        11.46455,
        -0.03207
      ],
      "to": [
        8.249,
        12.46455,
        0.96793
      ],
      "rotation": {
        "angle": -45,
        "axis": "x",
        "origin": [
          8,
          10.26655,
          4.25
        ]
      },
      "faces": {
        "north": {
          "uv": [
            14.33333,
            14.66667,
            14,
            15.33333
          ],
          "texture": "#4"
        },
        "east": {
          "uv": [
            15.33333,
            4.66667,
            14.66667,
            5.33333
          ],
          "texture": "#4"
        },
        "west": {
          "uv": [
            6,
            14.66667,
            5.33333,
            15.33333
          ],
          "texture": "#4"
        },
        "up": {
          "uv": [
            15,
            14.66667,
            14.66667,
            15.33333
          ],
          "texture": "#4"
        },
        "down": {
          "uv": [
            0.33333,
            16,
            0,
            15.33333
          ],
          "texture": "#4"
        }
      }
    },
    {
      "from": [
        7.001,
        8.28257,
        3.50346
      ],
      "to": [
        8.999,
        9.28257,
        4.50346
      ],
      "rotation": {
        "angle": -45,
        "axis": "x",
        "origin": [
          8,
          10.26655,
          4.25
        ]
      },
      "faces": {
        "north": {
          "uv": [
            14.66667,
            4.66667,
            13.33333,
            5.33333
          ],
          "texture": "#4"
        },
        "east": {
          "uv": [
            15.33333,
            5.33333,
            14.66667,
            6
          ],
          "texture": "#4"
        },
        "west": {
          "uv": [
            6.66667,
            14.66667,
            6,
            15.33333
          ],
          "texture": "#4"
        },
        "up": {
          "uv": [
            14.66667,
            5.33333,
            13.33333,
            6
          ],
          "texture": "#4"
        },
        "down": {
          "uv": [
            7.33333,
            14,
            6,
            13.33333
          ],
          "texture": "#4"
        }
      }
    },
    {
      "from": [
        7.5,
        6.01481,
        2.29636
      ],
      "to": [
        8.5,
        9.01481,
        5.29636
      ],
      "rotation": {
        "angle": -45,
        "axis": "x",
        "origin": [
          8,
          10.26655,
          4.25
        ]
      },
      "faces": {
        "north": {
          "uv": [
            10.66667,
            11.33333,
            11.33333,
            13.33333
          ],
          "texture": "#4"
        },
        "east": {
          "uv": [
            7.33333,
            6.66667,
            9.33333,
            8.66667
          ],
          "texture": "#4"
        },
        "south": {
          "uv": [
            11.33333,
            11.33333,
            12,
            13.33333
          ],
          "texture": "#4"
        },
        "west": {
          "uv": [
            7.33333,
            8.66667,
            9.33333,
            10.66667
          ],
          "texture": "#4"
        },
        "up": {
          "uv": [
            12.66667,
            2,
            12,
            0
          ],
          "texture": "#4"
        },
        "down": {
          "uv": [
            3.33333,
            12,
            2.66667,
            14
          ],
          "texture": "#4"
        }
      }
    },
    {
      "from": [
        7.2,
        5.65415,
        4.05702
      ],
      "to": [
        8.8,
        7.25415,
        5.65702
      ],
      "rotation": {
        "angle": -45,
        "axis": "x",
        "origin": [
          8,
          10.26655,
          4.25
        ]
      },
      "faces": {
        "north": {
          "uv": [
            12,
            7.33333,
            13,
            8.33333
          ],
          "texture": "#4"
        },
        "east": {
          "uv": [
            12,
            8.66667,
            13,
            9.66667
          ],
          "texture": "#4"
        },
        "south": {
          "uv": [
            12,
            10,
            13,
            11
          ],
          "texture": "#4"
        },
        "west": {
          "uv": [
            12,
            11.33333,
            13,
            12.33333
          ],
          "texture": "#4"
        },
        "up": {
          "uv": [
            1,
            13.66667,
            0,
            12.66667
          ],
          "texture": "#4"
        },
        "down": {
          "uv": [
            13.66667,
            0,
            12.66667,
            1
          ],
          "texture": "#4"
        }
      }
    },
    {
      "from": [
        7.4,
        5.45415,
        3.85702
      ],
      "to": [
        8.6,
        7.45415,
        5.85702
      ],
      "rotation": {
        "angle": -45,
        "axis": "x",
        "origin": [
          8,
          10.26655,
          4.25
        ]
      },
      "faces": {
        "north": {
          "uv": [
            3.33333,
            12,
            4.16667,
            13.33333
          ],
          "texture": "#4"
        },
        "east": {
          "uv": [
            2.66667,
            10.66667,
            4,
            12
          ],
          "texture": "#4"
        },
        "south": {
          "uv": [
            4.66667,
            12,
            5.5,
            13.33333
          ],
          "texture": "#4"
        },
        "west": {
          "uv": [
            4,
            10.66667,
            5.33333,
            12
          ],
          "texture": "#4"
        },
        "up": {
          "uv": [
            12.83333,
            6,
            12,
            4.66667
          ],
          "texture": "#4"
        },
        "down": {
          "uv": [
            6.83333,
            12,
            6,
            13.33333
          ],
          "texture": "#4"
        }
      }
    },
    {
      "from": [
        7.975,
        8.5,
        -3
      ],
      "to": [
        8.025,
        11.25,
        5
      ],
      "rotation": {
        "angle": 0,
        "axis": "y",
        "origin": [
          7.975,
          0,
          0
        ]
      },
      "faces": {
        "east": {
          "uv": [
            12.66667,
            2.66667,
            7.33333,
            4.5
          ],
          "texture": "#4"
        },
        "west": {
          "uv": [
            7.33333,
            2.66667,
            12.66667,
            4.5
          ],
          "texture": "#4"
        }
      }
    },
    {
      "from": [
        7.4,
        1.65,
        6.25
      ],
      "to": [
        8.6,
        3.15,
        7.75
      ],
      "rotation": {
        "angle": 45,
        "axis": "x",
        "origin": [
          8,
          2.4,
          7
        ]
      },
      "faces": {
        "north": {
          "uv": [
            13.33333,
            9.66667,
            14.16667,
            8.66667
          ],
          "texture": "#4"
        },
        "east": {
          "uv": [
            1.33333,
            13.66667,
            2.33333,
            12.66667
          ],
          "texture": "#4"
        },
        "south": {
          "uv": [
            9.33333,
            14.33333,
            10.16667,
            13.33333
          ],
          "texture": "#4"
        },
        "west": {
          "uv": [
            12.66667,
            2.33333,
            13.66667,
            1.33333
          ],
          "texture": "#4"
        },
        "up": {
          "uv": [
            11.5,
            14.33333,
            10.66667,
            13.33333
          ],
          "texture": "#4"
        },
        "down": {
          "uv": [
            14.16667,
            10,
            13.33333,
            11
          ],
          "texture": "#4"
        }
      }
    },
    {
      "from": [
        7.2,
        1.85,
        6.45
      ],
      "to": [
        8.8,
        2.95,
        7.55
      ],
      "rotation": {
        "angle": 45,
        "axis": "x",
        "origin": [
          8,
          2.4,
          7
        ]
      },
      "faces": {
        "north": {
          "uv": [
            0,
            14.66667,
            1,
            14
          ],
          "texture": "#4"
        },
        "east": {
          "uv": [
            14.66667,
            6.66667,
            15.33333,
            6
          ],
          "texture": "#4"
        },
        "south": {
          "uv": [
            14,
            0.66667,
            15,
            0
          ],
          "texture": "#4"
        },
        "west": {
          "uv": [
            14.66667,
            7.33333,
            15.33333,
            6.66667
          ],
          "texture": "#4"
        },
        "up": {
          "uv": [
            2.33333,
            14.66667,
            1.33333,
            14
          ],
          "texture": "#4"
        },
        "down": {
          "uv": [
            15,
            0.66667,
            14,
            1.33333
          ],
          "texture": "#4"
        }
      }
    },
    {
      "from": [
        7.5,
        0.38223,
        6.91421
      ],
      "to": [
        8.5,
        1.38223,
        8.91421
      ],
      "rotation": {
        "angle": 45,
        "axis": "x",
        "origin": [
          8,
          0.63223,
          8.41421
        ]
      },
      "faces": {
        "east": {
          "uv": [
            13.33333,
            6.66667,
            14.66667,
            6
          ],
          "texture": "#4"
        },
        "south": {
          "uv": [
            14.66667,
            9.33333,
            15.33333,
            8.66667
          ],
          "texture": "#4"
        },
        "west": {
          "uv": [
            13.33333,
            7.33333,
            14.66667,
            6.66667
          ],
          "texture": "#4"
        },
        "up": {
          "uv": [
            14,
            8.66667,
            13.33333,
            7.33333
          ],
          "texture": "#4"
        },
        "down": {
          "uv": [
            9.33333,
            12.66667,
            8.66667,
            14
          ],
          "texture": "#4"
        }
      }
    },
    {
      "from": [
        7.605,
        -0.08613,
        8.72033
      ],
      "to": [
        8.395,
        0.70387,
        10.59033
      ],
      "rotation": {
        "angle": 22.5,
        "axis": "x",
        "origin": [
          8,
          0.35887,
          9.31033
        ]
      },
      "faces": {
        "east": {
          "uv": [
            14,
            1.83333,
            15.16667,
            1.33333
          ],
          "texture": "#4"
        },
        "south": {
          "uv": [
            14.66667,
            10.5,
            15.16667,
            10
          ],
          "texture": "#4"
        },
        "west": {
          "uv": [
            14,
            2.5,
            15.16667,
            2
          ],
          "texture": "#4"
        },
        "up": {
          "uv": [
            3.83333,
            15.16667,
            3.33333,
            14
          ],
          "texture": "#4"
        },
        "down": {
          "uv": [
            3.16667,
            14,
            2.66667,
            15.16667
          ],
          "texture": "#4"
        }
      }
    },
    {
      "from": [
        7.352,
        -0.7205,
        10.4295
      ],
      "to": [
        8.648,
        0.1705,
        11.3205
      ],
      "rotation": {
        "angle": 45,
        "axis": "x",
        "origin": [
          8,
          -0.275,
          10.875
        ]
      },
      "faces": {
        "north": {
          "uv": [
            14,
            3.33333,
            14.83333,
            2.66667
          ],
          "texture": "#4"
        },
        "east": {
          "uv": [
            9.33333,
            15.33333,
            10,
            14.66667
          ],
          "texture": "#4"
        },
        "south": {
          "uv": [
            4,
            14.66667,
            4.83333,
            14
          ],
          "texture": "#4"
        },
        "west": {
          "uv": [
            14.66667,
            10,
            15.33333,
            9.33333
          ],
          "texture": "#4"
        },
        "up": {
          "uv": [
            14.83333,
            8,
            14,
            7.33333
          ],
          "texture": "#4"
        },
        "down": {
          "uv": [
            6.16667,
            14,
            5.33333,
            14.66667
          ],
          "texture": "#4"
        }
      }
    },
    {
      "from": [
        7.514,
        -0.8825,
        10.2675
      ],
      "to": [
        8.486,
        0.3325,
        11.4825
      ],
      "rotation": {
        "angle": 45,
        "axis": "x",
        "origin": [
          8,
          -0.275,
          10.875
        ]
      },
      "faces": {
        "north": {
          "uv": [
            6.66667,
            14.83333,
            7.33333,
            14
          ],
          "texture": "#4"
        },
        "east": {
          "uv": [
            13.33333,
            12.16667,
            14.16667,
            11.33333
          ],
          "texture": "#4"
        },
        "south": {
          "uv": [
            8,
            14.83333,
            8.66667,
            14
          ],
          "texture": "#4"
        },
        "west": {
          "uv": [
            12,
            14.16667,
            12.83333,
            13.33333
          ],
          "texture": "#4"
        },
        "up": {
          "uv": [
            14.66667,
            13.5,
            14,
            12.66667
          ],
          "texture": "#4"
        },
        "down": {
          "uv": [
            9.33333,
            14,
            8.66667,
            14.83333
          ],
          "texture": "#4"
        }
      }
    },
    {
      "from": [
        7.975,
        -1.225,
        7.3
      ],
      "to": [
        8.025,
        2.275,
        14.3
      ],
      "rotation": {
        "angle": 22.5,
        "axis": "x",
        "origin": [
          7.975,
          2.325,
          5.8
        ]
      },
      "faces": {
        "east": {
          "uv": [
            12,
            2.33333,
            7.33333,
            0
          ],
          "texture": "#4"
        },
        "west": {
          "uv": [
            7.33333,
            2.33333,
            12,
            0
          ],
          "texture": "#4"
        }
      }
    },
    {
      "from": [
        7.501,
        3.39023,
        7.20929
      ],
      "to": [
        8.499,
        6.39023,
        8.20929
      ],
      "rotation": {
        "angle": 22.5,
        "axis": "x",
        "origin": [
          8,
          5.73345,
          4.25
        ]
      },
      "faces": {
        "north": {
          "uv": [
            8.66667,
            12.66667,
            8,
            10.66667
          ],
          "rotation": 180,
          "texture": "#4"
        },
        "east": {
          "uv": [
            5.33333,
            11.33333,
            7.33333,
            12
          ],
          "rotation": 90,
          "texture": "#4"
        },
        "south": {
          "uv": [
            9.33333,
            10.66667,
            8.66667,
            12.66667
          ],
          "texture": "#4"
        },
        "west": {
          "uv": [
            11.33333,
            6.66667,
            13.33333,
            7.33333
          ],
          "rotation": 270,
          "texture": "#4"
        },
        "down": {
          "uv": [
            12.66667,
            2.66667,
            12,
            2
          ],
          "texture": "#4"
        }
      }
    },
    {
      "from": [
        7.975,
        1.15322,
        5.46131
      ],
      "to": [
        8.025,
        7.65322,
        8.46131
      ],
      "rotation": {
        "angle": 22.5,
        "axis": "x",
        "origin": [
          8,
          5.73345,
          4.25
        ]
      },
      "faces": {
        "east": {
          "uv": [
            7.33333,
            6.66667,
            11.66667,
            4.66667
          ],
          "rotation": 270,
          "texture": "#4"
        },
        "west": {
          "uv": [
            7.33333,
            4.66667,
            11.66667,
            6.66667
          ],
          "rotation": 270,
          "texture": "#4"
        }
      }
    },
    {
      "from": [
        7.751,
        2.50354,
        5.21596
      ],
      "to": [
        8.249,
        3.92854,
        5.94096
      ],
      "rotation": {
        "angle": -22.5,
        "axis": "x",
        "origin": [
          8,
          5.73345,
          4.25
        ]
      },
      "faces": {
        "north": {
          "uv": [
            10.33333,
            15.66667,
            10,
            14.66667
          ],
          "rotation": 180,
          "texture": "#4"
        },
        "east": {
          "uv": [
            14,
            8,
            15,
            8.5
          ],
          "rotation": 90,
          "texture": "#4"
        },
        "west": {
          "uv": [
            14,
            14,
            15,
            14.5
          ],
          "rotation": 270,
          "texture": "#4"
        },
        "down": {
          "uv": [
            15.66667,
            0.5,
            15.33333,
            0
          ],
          "texture": "#4"
        }
      }
    },
    {
      "from": [
        7.75,
        5.14023,
        6.20929
      ],
      "to": [
        8.25,
        5.64023,
        7.20929
      ],
      "rotation": {
        "angle": 22.5,
        "axis": "x",
        "origin": [
          8,
          5.73345,
          4.25
        ]
      },
      "faces": {
        "north": {
          "uv": [
            1,
            15.66667,
            0.66667,
            15.33333
          ],
          "rotation": 180,
          "texture": "#4"
        },
        "east": {
          "uv": [
            14.66667,
            10.66667,
            15,
            11.33333
          ],
          "rotation": 90,
          "texture": "#4"
        },
        "west": {
          "uv": [
            14.66667,
            11.33333,
            15,
            12
          ],
          "rotation": 270,
          "texture": "#4"
        },
        "up": {
          "uv": [
            11.66667,
            15.33333,
            11.33333,
            14.66667
          ],
          "rotation": 180,
          "texture": "#4"
        },
        "down": {
          "uv": [
            11,
            15.33333,
            10.66667,
            14.66667
          ],
          "texture": "#4"
        }
      }
    },
    {
      "from": [
        7.5,
        3.39821,
        6.51406
      ],
      "to": [
        8.5,
        5.39821,
        7.51406
      ],
      "rotation": {
        "angle": -22.5,
        "axis": "x",
        "origin": [
          8,
          5.73345,
          4.25
        ]
      },
      "faces": {
        "north": {
          "uv": [
            13.33333,
            4.66667,
            12.66667,
            3.33333
          ],
          "rotation": 180,
          "texture": "#4"
        },
        "east": {
          "uv": [
            12,
            6,
            13.33333,
            6.66667
          ],
          "rotation": 90,
          "texture": "#4"
        },
        "south": {
          "uv": [
            8.66667,
            12.66667,
            8,
            14
          ],
          "texture": "#4"
        },
        "west": {
          "uv": [
            12.66667,
            2.66667,
            14,
            3.33333
          ],
          "rotation": 270,
          "texture": "#4"
        },
        "up": {
          "uv": [
            1.33333,
            15.33333,
            0.66667,
            14.66667
          ],
          "rotation": 180,
          "texture": "#4"
        },
        "down": {
          "uv": [
            0.66667,
            15.33333,
            0,
            14.66667
          ],
          "texture": "#4"
        }
      }
    },
    {
      "from": [
        7.001,
        8.54585,
        5.91768
      ],
      "to": [
        8.999,
        9.54585,
        6.91768
      ],
      "rotation": {
        "angle": 45,
        "axis": "x",
        "origin": [
          8,
          5.73345,
          4.25
        ]
      },
      "faces": {
        "east": {
          "uv": [
            2,
            15.33333,
            1.33333,
            14.66667
          ],
          "texture": "#4"
        },
        "south": {
          "uv": [
            13.33333,
            13.33333,
            12,
            12.66667
          ],
          "texture": "#4"
        },
        "west": {
          "uv": [
            2.66667,
            15.33333,
            2,
            14.66667
          ],
          "texture": "#4"
        },
        "up": {
          "uv": [
            14.66667,
            3.33333,
            13.33333,
            4
          ],
          "texture": "#4"
        },
        "down": {
          "uv": [
            4.66667,
            14,
            3.33333,
            13.33333
          ],
          "texture": "#4"
        }
      }
    },
    {
      "from": [
        7,
        6.25,
        5.125
      ],
      "to": [
        9,
        7.25,
        8.125
      ],
      "rotation": {
        "angle": 0,
        "axis": "x",
        "origin": [
          8,
          5.73345,
          4.25
        ]
      },
      "faces": {
        "north": {
          "uv": [
            14.66667,
            4.66667,
            13.33333,
            4
          ],
          "rotation": 180,
          "texture": "#4"
        },
        "east": {
          "uv": [
            11.33333,
            7.33333,
            12,
            9.33333
          ],
          "rotation": 90,
          "texture": "#4"
        },
        "south": {
          "uv": [
            6,
            13.33333,
            4.66667,
            14
          ],
          "texture": "#4"
        },
        "west": {
          "uv": [
            9.33333,
            11.33333,
            10,
            13.33333
          ],
          "rotation": 270,
          "texture": "#4"
        },
        "up": {
          "uv": [
            2.66667,
            12.66667,
            1.33333,
            10.66667
          ],
          "rotation": 180,
          "texture": "#4"
        },
        "down": {
          "uv": [
            1.33333,
            12.66667,
            0,
            10.66667
          ],
          "texture": "#4"
        }
      }
    },
    {
      "from": [
        7.752,
        5.79289,
        2.08211
      ],
      "to": [
        8.248,
        6.79289,
        5.08211
      ],
      "rotation": {
        "angle": 0,
        "axis": "x",
        "origin": [
          8,
          5.73345,
          4.25
        ]
      },
      "faces": {
        "east": {
          "uv": [
            11.33333,
            9.33333,
            12,
            11.33333
          ],
          "rotation": 90,
          "texture": "#4"
        },
        "west": {
          "uv": [
            10,
            11.33333,
            10.66667,
            13.33333
          ],
          "rotation": 270,
          "texture": "#4"
        },
        "down": {
          "uv": [
            13.66667,
            14.66667,
            13.33333,
            12.66667
          ],
          "texture": "#4"
        }
      }
    },
    {
      "from": [
        7.751,
        6.36387,
        3.79636
      ],
      "to": [
        8.249,
        7.36387,
        4.79636
      ],
      "rotation": {
        "angle": 45,
        "axis": "x",
        "origin": [
          8,
          5.73345,
          4.25
        ]
      },
      "faces": {
        "east": {
          "uv": [
            15.33333,
            4,
            14.66667,
            3.33333
          ],
          "texture": "#4"
        },
        "south": {
          "uv": [
            12.33333,
            15.33333,
            12,
            14.66667
          ],
          "texture": "#4"
        },
        "west": {
          "uv": [
            4.66667,
            15.33333,
            4,
            14.66667
          ],
          "texture": "#4"
        },
        "down": {
          "uv": [
            15,
            12.66667,
            14.66667,
            12
          ],
          "texture": "#4"
        }
      }
    },
    {
      "from": [
        7.751,
        4.24255,
        1.67504
      ],
      "to": [
        8.249,
        5.24255,
        2.67504
      ],
      "rotation": {
        "angle": 45,
        "axis": "x",
        "origin": [
          8,
          5.73345,
          4.25
        ]
      },
      "faces": {
        "east": {
          "uv": [
            15.33333,
            4.66667,
            14.66667,
            4
          ],
          "texture": "#4"
        },
        "south": {
          "uv": [
            13,
            15.33333,
            12.66667,
            14.66667
          ],
          "texture": "#4"
        },
        "west": {
          "uv": [
            5.33333,
            15.33333,
            4.66667,
            14.66667
          ],
          "texture": "#4"
        },
        "down": {
          "uv": [
            15,
            13.33333,
            14.66667,
            12.66667
          ],
          "texture": "#4"
        }
      }
    },
    {
      "from": [
        7.75,
        6.5,
        0.375
      ],
      "to": [
        8.25,
        7.5,
        7.375
      ],
      "rotation": {
        "angle": 0,
        "axis": "x",
        "origin": [
          8,
          5.73345,
          4.25
        ]
      },
      "faces": {
        "north": {
          "uv": [
            13.66667,
            15.33333,
            13.33333,
            14.66667
          ],
          "rotation": 180,
          "texture": "#4"
        },
        "east": {
          "uv": [
            9.33333,
            6.66667,
            10,
            11.33333
          ],
          "rotation": 90,
          "texture": "#4"
        },
        "south": {
          "uv": [
            15,
            13.33333,
            14.66667,
            14
          ],
          "texture": "#4"
        },
        "west": {
          "uv": [
            10,
            6.66667,
            10.66667,
            11.33333
          ],
          "rotation": 270,
          "texture": "#4"
        },
        "up": {
          "uv": [
            7.66667,
            15.33333,
            7.33333,
            10.66667
          ],
          "rotation": 180,
          "texture": "#4"
        },
        "down": {
          "uv": [
            11,
            11.33333,
            10.66667,
            6.66667
          ],
          "texture": "#4"
        }
      }
    },
    {
      "from": [
        7.751,
        3.53545,
        -0.03207
      ],
      "to": [
        8.249,
        4.53545,
        0.96793
      ],
      "rotation": {
        "angle": 45,
        "axis": "x",
        "origin": [
          8,
          5.73345,
          4.25
        ]
      },
      "faces": {
        "north": {
          "uv": [
            14.33333,
            15.33333,
            14,
            14.66667
          ],
          "texture": "#4"
        },
        "east": {
          "uv": [
            15.33333,
            5.33333,
            14.66667,
            4.66667
          ],
          "texture": "#4"
        },
        "west": {
          "uv": [
            6,
            15.33333,
            5.33333,
            14.66667
          ],
          "texture": "#4"
        },
        "up": {
          "uv": [
            0.33333,
            15.33333,
            0,
            16
          ],
          "texture": "#4"
        },
        "down": {
          "uv": [
            15,
            15.33333,
            14.66667,
            14.66667
          ],
          "texture": "#4"
        }
      }
    },
    {
      "from": [
        7.001,
        6.71743,
        3.50346
      ],
      "to": [
        8.999,
        7.71743,
        4.50346
      ],
      "rotation": {
        "angle": 45,
        "axis": "x",
        "origin": [
          8,
          5.73345,
          4.25
        ]
      },
      "faces": {
        "north": {
          "uv": [
            14.66667,
            5.33333,
            13.33333,
            4.66667
          ],
          "texture": "#4"
        },
        "east": {
          "uv": [
            15.33333,
            6,
            14.66667,
            5.33333
          ],
          "texture": "#4"
        },
        "west": {
          "uv": [
            6.66667,
            15.33333,
            6,
            14.66667
          ],
          "texture": "#4"
        },
        "up": {
          "uv": [
            7.33333,
            13.33333,
            6,
            14
          ],
          "texture": "#4"
        },
        "down": {
          "uv": [
            14.66667,
            6,
            13.33333,
            5.33333
          ],
          "texture": "#4"
        }
      }
    },
    {
      "from": [
        7.975,
        4.75,
        -3
      ],
      "to": [
        8.025,
        7.5,
        5
      ],
      "rotation": {
        "angle": 0,
        "axis": "y",
        "origin": [
          7.975,
          16,
          0
        ]
      },
      "faces": {
        "east": {
          "uv": [
            12.66667,
            4.5,
            7.33333,
            2.66667
          ],
          "texture": "#4"
        },
        "west": {
          "uv": [
            7.33333,
            4.5,
            12.66667,
            2.66667
          ],
          "texture": "#4"
        }
      }
    }
  ],
  "gui_light": "front",
  "display": {
    "thirdperson_righthand": {
      "translation": [
        0,
        -2,
        0.25
      ]
    },
    "thirdperson_lefthand": {
      "translation": [
        0,
        -2,
        0.25
      ]
    },
    "firstperson_righthand": {
      "translation": [
        0,
        3.75,
        1
      ]
    },
    "firstperson_lefthand": {
      "translation": [
        0,
        3.75,
        1
      ]
    },
    "ground": {
      "rotation": [
        45,
        0,
        0
      ],
      "translation": [
        0,
        10.75,
        0
      ]
    },
    "gui": {
      "rotation": [
        -90,
        135,
        90
      ],
      "translation": [
        -0.25,
        0.25,
        0
      ],
      "scale": [
        0.67773,
        0.67773,
        0.67773
      ]
    },
    "head": {
      "rotation": [
        90,
        45,
        90
      ],
      "translation": [
        1.25,
        0,
        0
      ]
    },
    "fixed": {
      "rotation": [
        -90,
        90,
        90
      ],
      "translation": [
        1.5,
        0,
        -1.25
      ],
      "scale": [
        1.5,
        1.5,
        1.5
      ]
    }
  }
}