{
  "credit": "Made by PolygonMC",
  "texture_size": [
    28,
    28
  ],
  "textures": {
    "1": "nexusset:animations/animations_bolt",
    "2": "nexusset:animations/animations_nexus",
    "3": "nexusset:hammer"
  },
  "elements": [
    {
      "from": [
        7.395,
        -1.105,
        7.395
      ],
      "to": [
        8.605,
        0.105,
        8.605
      ],
      "rotation": {
        "angle": -45,
        "axis": "x",
        "origin": [
          8,
          -0.5,
          8
        ]
      },
      "faces": {
        "north": {
          "uv": [
            12,
            2.85714,
            12.71429,
            3.57143
          ],
          "texture": "#3"
        },
        "east": {
          "uv": [
            12,
            4,
            12.71429,
            4.71429
          ],
          "texture": "#3"
        },
        "south": {
          "uv": [
            12,
            5.14286,
            12.71429,
            5.85714
          ],
          "texture": "#3"
        },
        "west": {
          "uv": [
            12,
            6.28571,
            12.71429,
            7
          ],
          "texture": "#3"
        },
        "up": {
          "uv": [
            7.57143,
            12.71429,
            6.85714,
            12
          ],
          "texture": "#3"
        },
        "down": {
          "uv": [
            12.71429,
            7.42857,
            12,
            8.14286
          ],
          "texture": "#3"
        }
      }
    },
    {
      "from": [
        7.195,
        -0.905,
        7.595
      ],
      "to": [
        8.805,
        -0.095,
        8.405
      ],
      "rotation": {
        "angle": -45,
        "axis": "x",
        "origin": [
          8,
          -0.5,
          8
        ]
      },
      "faces": {
        "north": {
          "uv": [
            2.28571,
            12.57143,
            3.14286,
            13
          ],
          "texture": "#3"
        },
        "east": {
          "uv": [
            13.14286,
            9.14286,
            13.57143,
            9.57143
          ],
          "texture": "#3"
        },
        "south": {
          "uv": [
            8,
            12.57143,
            8.85714,
            13
          ],
          "texture": "#3"
        },
        "west": {
          "uv": [
            9.71429,
            13.14286,
            10.14286,
            13.57143
          ],
          "texture": "#3"
        },
        "up": {
          "uv": [
            10,
            13,
            9.14286,
            12.57143
          ],
          "texture": "#3"
        },
        "down": {
          "uv": [
            11.14286,
            12.57143,
            10.28571,
            13
          ],
          "texture": "#3"
        }
      }
    },
    {
      "from": [
        7.75,
        -1.25,
        6.525
      ],
      "to": [
        8.25,
        -0.25,
        8.025
      ],
      "rotation": {
        "angle": -22.5,
        "axis": "x",
        "origin": [
          8,
          -0.75,
          7.025
        ]
      },
      "faces": {
        "east": {
          "uv": [
            12,
            12,
            12.85714,
            12.57143
          ],
          "texture": "#3"
        },
        "west": {
          "uv": [
            0.57143,
            12.57143,
            1.42857,
            13.14286
          ],
          "texture": "#3"
        },
        "up": {
          "uv": [
            7.14286,
            14,
            6.85714,
            13.14286
          ],
          "texture": "#3"
        },
        "down": {
          "uv": [
            13.42857,
            6.85714,
            13.14286,
            7.71429
          ],
          "texture": "#3"
        }
      }
    },
    {
      "from": [
        7.5,
        -1.4235,
        6.18118
      ],
      "to": [
        8.5,
        0.5765,
        7.18118
      ],
      "rotation": {
        "angle": 0,
        "axis": "x",
        "origin": [
          8,
          0.15761,
          6.77343
        ]
      },
      "faces": {
        "north": {
          "uv": [
            6.28571,
            3.42857,
            6.85714,
            4.57143
          ],
          "texture": "#3"
        },
        "east": {
          "uv": [
            6.28571,
            11.42857,
            6.85714,
            12.57143
          ],
          "texture": "#3"
        },
        "south": {
          "uv": [
            11.42857,
            6.85714,
            12,
            8
          ],
          "texture": "#3"
        },
        "west": {
          "uv": [
            11.42857,
            8,
            12,
            9.14286
          ],
          "texture": "#3"
        },
        "up": {
          "uv": [
            10.85714,
            4,
            10.28571,
            3.42857
          ],
          "texture": "#3"
        },
        "down": {
          "uv": [
            11.42857,
            1.71429,
            10.85714,
            2.28571
          ],
          "texture": "#3"
        }
      }
    },
    {
      "from": [
        7.5015,
        -0.25787,
        5.76555
      ],
      "to": [
        8.4985,
        0.74213,
        6.76555
      ],
      "rotation": {
        "angle": 45,
        "axis": "x",
        "origin": [
          8,
          0.15761,
          6.77343
        ]
      },
      "faces": {
        "north": {
          "uv": [
            10.85714,
            8.57143,
            11.42857,
            9.14286
          ],
          "texture": "#3"
        },
        "east": {
          "uv": [
            3.42857,
            12.57143,
            4,
            13.14286
          ],
          "texture": "#3"
        },
        "west": {
          "uv": [
            6.28571,
            12.57143,
            6.85714,
            13.14286
          ],
          "texture": "#3"
        },
        "up": {
          "uv": [
            12,
            13.14286,
            11.42857,
            12.57143
          ],
          "texture": "#3"
        },
        "down": {
          "uv": [
            12.57143,
            12.57143,
            12,
            13.14286
          ],
          "texture": "#3"
        }
      }
    },
    {
      "from": [
        7.5,
        -0.25,
        7.5
      ],
      "to": [
        8.5,
        0.75,
        8.5
      ],
      "rotation": {
        "angle": 0,
        "axis": "y",
        "origin": [
          7.5,
          -0.25,
          7.5
        ]
      },
      "faces": {
        "north": {
          "uv": [
            12.57143,
            12.57143,
            13.14286,
            13.14286
          ],
          "texture": "#3"
        },
        "east": {
          "uv": [
            0,
            13.14286,
            0.57143,
            13.71429
          ],
          "texture": "#3"
        },
        "south": {
          "uv": [
            13.14286,
            0,
            13.71429,
            0.57143
          ],
          "texture": "#3"
        },
        "west": {
          "uv": [
            0.57143,
            13.14286,
            1.14286,
            13.71429
          ],
          "texture": "#3"
        },
        "up": {
          "uv": [
            13.71429,
            1.14286,
            13.14286,
            0.57143
          ],
          "texture": "#3"
        },
        "down": {
          "uv": [
            1.71429,
            13.14286,
            1.14286,
            13.71429
          ],
          "texture": "#3"
        }
      }
    },
    {
      "from": [
        7.5,
        3.55,
        7.5
      ],
      "to": [
        8.5,
        5.55,
        8.5
      ],
      "rotation": {
        "angle": 0,
        "axis": "y",
        "origin": [
          7.5,
          3.55,
          7.5
        ]
      },
      "faces": {
        "north": {
          "uv": [
            8.57143,
            11.42857,
            9.14286,
            12.57143
          ],
          "texture": "#3"
        },
        "east": {
          "uv": [
            9.14286,
            11.42857,
            9.71429,
            12.57143
          ],
          "texture": "#3"
        },
        "south": {
          "uv": [
            11.42857,
            9.14286,
            12,
            10.28571
          ],
          "texture": "#3"
        },
        "west": {
          "uv": [
            9.71429,
            11.42857,
            10.28571,
            12.57143
          ],
          "texture": "#3"
        },
        "down": {
          "uv": [
            13.71429,
            1.14286,
            13.14286,
            1.71429
          ],
          "texture": "#3"
        }
      }
    },
    {
      "from": [
        7.6,
        0.75,
        7.6
      ],
      "to": [
        8.4,
        3.55,
        8.4
      ],
      "rotation": {
        "angle": 0,
        "axis": "y",
        "origin": [
          7.5,
          1.65,
          7.5
        ]
      },
      "faces": {
        "north": {
          "uv": [
            10.85714,
            6.85714,
            11.28571,
            8.42857
          ],
          "texture": "#3"
        },
        "east": {
          "uv": [
            8,
            10.85714,
            8.42857,
            12.42857
          ],
          "texture": "#3"
        },
        "south": {
          "uv": [
            10.85714,
            9.71429,
            11.28571,
            11.28571
          ],
          "texture": "#3"
        },
        "west": {
          "uv": [
            11.42857,
            1.71429,
            11.85714,
            3.28571
          ],
          "texture": "#3"
        }
      }
    },
    {
      "from": [
        7.5,
        9.85,
        7.5
      ],
      "to": [
        8.5,
        11.85,
        8.5
      ],
      "rotation": {
        "angle": 0,
        "axis": "y",
        "origin": [
          7.5,
          3.6,
          7.5
        ]
      },
      "faces": {
        "north": {
          "uv": [
            11.42857,
            10.28571,
            12,
            11.42857
          ],
          "texture": "#3"
        },
        "east": {
          "uv": [
            10.85714,
            11.42857,
            11.42857,
            12.57143
          ],
          "texture": "#3"
        },
        "south": {
          "uv": [
            11.42857,
            11.42857,
            12,
            12.57143
          ],
          "texture": "#3"
        },
        "west": {
          "uv": [
            0,
            12,
            0.57143,
            13.14286
          ],
          "texture": "#3"
        },
        "down": {
          "uv": [
            13.71429,
            1.71429,
            13.14286,
            2.28571
          ],
          "texture": "#3"
        }
      }
    },
    {
      "from": [
        7.6,
        7.05,
        7.6
      ],
      "to": [
        8.4,
        9.85,
        8.4
      ],
      "rotation": {
        "angle": 0,
        "axis": "y",
        "origin": [
          7.5,
          1.7,
          7.5
        ]
      },
      "faces": {
        "north": {
          "uv": [
            4,
            11.42857,
            4.42857,
            13
          ],
          "texture": "#3"
        },
        "east": {
          "uv": [
            4.57143,
            11.42857,
            5,
            13
          ],
          "texture": "#3"
        },
        "south": {
          "uv": [
            5.14286,
            11.42857,
            5.57143,
            13
          ],
          "texture": "#3"
        },
        "west": {
          "uv": [
            5.71429,
            11.42857,
            6.14286,
            13
          ],
          "texture": "#3"
        }
      }
    },
    {
      "from": [
        7.5,
        6.05,
        7.5
      ],
      "to": [
        8.5,
        7.05,
        8.5
      ],
      "rotation": {
        "angle": 0,
        "axis": "y",
        "origin": [
          7.5,
          -0.2,
          7.5
        ]
      },
      "faces": {
        "north": {
          "uv": [
            2.28571,
            13.14286,
            2.85714,
            13.71429
          ],
          "texture": "#3"
        },
        "east": {
          "uv": [
            13.14286,
            2.28571,
            13.71429,
            2.85714
          ],
          "texture": "#3"
        },
        "south": {
          "uv": [
            2.85714,
            13.14286,
            3.42857,
            13.71429
          ],
          "texture": "#3"
        },
        "west": {
          "uv": [
            13.14286,
            2.85714,
            13.71429,
            3.42857
          ],
          "texture": "#3"
        },
        "up": {
          "uv": [
            4,
            13.71429,
            3.42857,
            13.14286
          ],
          "texture": "#3"
        },
        "down": {
          "uv": [
            13.71429,
            3.42857,
            13.14286,
            4
          ],
          "texture": "#3"
        }
      }
    },
    {
      "from": [
        7.4,
        17.275,
        7
      ],
      "to": [
        8.6,
        19.275,
        9
      ],
      "rotation": {
        "angle": 45,
        "axis": "x",
        "origin": [
          8,
          18.275,
          8
        ]
      },
      "faces": {
        "north": {
          "uv": [
            9.71429,
            4,
            10.42857,
            5.14286
          ],
          "texture": "#3"
        },
        "east": {
          "uv": [
            4,
            9.14286,
            5.14286,
            10.28571
          ],
          "texture": "#3"
        },
        "south": {
          "uv": [
            9.71429,
            8,
            10.42857,
            9.14286
          ],
          "texture": "#3"
        },
        "west": {
          "uv": [
            9.14286,
            5.14286,
            10.28571,
            6.28571
          ],
          "texture": "#3"
        },
        "up": {
          "uv": [
            11,
            3.42857,
            10.28571,
            2.28571
          ],
          "texture": "#3"
        },
        "down": {
          "uv": [
            4.71429,
            10.28571,
            4,
            11.42857
          ],
          "texture": "#3"
        }
      }
    },
    {
      "from": [
        7.2,
        17.475,
        7.2
      ],
      "to": [
        8.8,
        19.075,
        8.8
      ],
      "rotation": {
        "angle": 45,
        "axis": "x",
        "origin": [
          8,
          18.275,
          8
        ]
      },
      "faces": {
        "north": {
          "uv": [
            10.85714,
            0.57143,
            11.71429,
            1.42857
          ],
          "texture": "#3"
        },
        "east": {
          "uv": [
            2.28571,
            10.85714,
            3.14286,
            11.71429
          ],
          "texture": "#3"
        },
        "south": {
          "uv": [
            10.85714,
            3.42857,
            11.71429,
            4.28571
          ],
          "texture": "#3"
        },
        "west": {
          "uv": [
            10.85714,
            4.57143,
            11.71429,
            5.42857
          ],
          "texture": "#3"
        },
        "up": {
          "uv": [
            11.71429,
            6.57143,
            10.85714,
            5.71429
          ],
          "texture": "#3"
        },
        "down": {
          "uv": [
            7.71429,
            10.85714,
            6.85714,
            11.71429
          ],
          "texture": "#3"
        }
      }
    },
    {
      "from": [
        7,
        17.525,
        6.25
      ],
      "to": [
        9,
        20.525,
        7.25
      ],
      "rotation": {
        "angle": 0,
        "axis": "y",
        "origin": [
          7,
          12.275,
          7.25
        ]
      },
      "faces": {
        "north": {
          "uv": [
            1.14286,
            8.57143,
            2.28571,
            10.28571
          ],
          "texture": "#3"
        },
        "east": {
          "uv": [
            9.71429,
            0.57143,
            10.28571,
            2.28571
          ],
          "texture": "#3"
        },
        "south": {
          "uv": [
            8.57143,
            3.42857,
            9.71429,
            5.14286
          ],
          "texture": "#3"
        },
        "west": {
          "uv": [
            9.71429,
            2.28571,
            10.28571,
            4
          ],
          "texture": "#3"
        },
        "up": {
          "uv": [
            13.14286,
            0.57143,
            12,
            0
          ],
          "texture": "#3"
        },
        "down": {
          "uv": [
            1.71429,
            12,
            0.57143,
            12.57143
          ],
          "texture": "#3"
        }
      }
    },
    {
      "from": [
        7.001,
        20.025,
        6.45711
      ],
      "to": [
        8.999,
        21.025,
        7.45711
      ],
      "rotation": {
        "angle": 45,
        "axis": "x",
        "origin": [
          8.001,
          20.525,
          6.95711
        ]
      },
      "faces": {
        "north": {
          "uv": [
            12,
            0.57143,
            13.14286,
            1.14286
          ],
          "texture": "#3"
        },
        "east": {
          "uv": [
            4,
            13.14286,
            4.57143,
            13.71429
          ],
          "texture": "#3"
        },
        "south": {
          "uv": [
            12,
            1.14286,
            13.14286,
            1.71429
          ],
          "texture": "#3"
        },
        "west": {
          "uv": [
            13.14286,
            4,
            13.71429,
            4.57143
          ],
          "texture": "#3"
        },
        "up": {
          "uv": [
            2.85714,
            12.57143,
            1.71429,
            12
          ],
          "texture": "#3"
        }
      }
    },
    {
      "from": [
        7.001,
        17.025,
        6.04289
      ],
      "to": [
        8.999,
        18.025,
        7.04289
      ],
      "rotation": {
        "angle": 45,
        "axis": "x",
        "origin": [
          8.001,
          17.525,
          6.54289
        ]
      },
      "faces": {
        "north": {
          "uv": [
            12,
            1.71429,
            13.14286,
            2.28571
          ],
          "texture": "#3"
        },
        "east": {
          "uv": [
            4.57143,
            13.14286,
            5.14286,
            13.71429
          ],
          "texture": "#3"
        },
        "south": {
          "uv": [
            12,
            2.28571,
            13.14286,
            2.85714
          ],
          "texture": "#3"
        },
        "west": {
          "uv": [
            13.14286,
            4.57143,
            13.71429,
            5.14286
          ],
          "texture": "#3"
        },
        "down": {
          "uv": [
            4,
            12,
            2.85714,
            12.57143
          ],
          "texture": "#3"
        }
      }
    },
    {
      "from": [
        7.5,
        18.275,
        6.5
      ],
      "to": [
        8.5,
        21.275,
        9.5
      ],
      "rotation": {
        "angle": -45,
        "axis": "x",
        "origin": [
          8,
          19.775,
          8
        ]
      },
      "faces": {
        "north": {
          "uv": [
            9.71429,
            6.28571,
            10.28571,
            8
          ],
          "texture": "#3"
        },
        "east": {
          "uv": [
            5.71429,
            6.28571,
            7.42857,
            8
          ],
          "texture": "#3"
        },
        "south": {
          "uv": [
            9.14286,
            9.71429,
            9.71429,
            11.42857
          ],
          "texture": "#3"
        },
        "west": {
          "uv": [
            6.85714,
            3.42857,
            8.57143,
            5.14286
          ],
          "texture": "#3"
        },
        "up": {
          "uv": [
            10.28571,
            11.42857,
            9.71429,
            9.71429
          ],
          "texture": "#3"
        },
        "down": {
          "uv": [
            10.85714,
            0.57143,
            10.28571,
            2.28571
          ],
          "texture": "#3"
        }
      }
    },
    {
      "from": [
        7.75,
        12.775,
        6.5
      ],
      "to": [
        8.25,
        17.775,
        7.5
      ],
      "rotation": {
        "angle": 0,
        "axis": "y",
        "origin": [
          7.25,
          26.275,
          0
        ]
      },
      "faces": {
        "north": {
          "uv": [
            10.28571,
            5.14286,
            10.57143,
            8
          ],
          "texture": "#3"
        },
        "east": {
          "uv": [
            6.85714,
            8,
            7.42857,
            10.85714
          ],
          "texture": "#3"
        },
        "south": {
          "uv": [
            10.28571,
            9.71429,
            10.57143,
            12.57143
          ],
          "texture": "#3"
        },
        "west": {
          "uv": [
            3.42857,
            9.14286,
            4,
            12
          ],
          "texture": "#3"
        },
        "up": {
          "uv": [
            13.42857,
            10.28571,
            13.14286,
            9.71429
          ],
          "texture": "#3"
        },
        "down": {
          "uv": [
            10.57143,
            13.14286,
            10.28571,
            13.71429
          ],
          "texture": "#3"
        }
      }
    },
    {
      "from": [
        7.752,
        13.98211,
        5.79289
      ],
      "to": [
        8.248,
        16.98211,
        6.79289
      ],
      "rotation": {
        "angle": 0,
        "axis": "y",
        "origin": [
          7.252,
          29.48211,
          -0.70711
        ]
      },
      "faces": {
        "north": {
          "uv": [
            1.71429,
            12.57143,
            2,
            14.28571
          ],
          "texture": "#3"
        },
        "east": {
          "uv": [
            1.14286,
            10.28571,
            1.71429,
            12
          ],
          "texture": "#3"
        },
        "west": {
          "uv": [
            1.71429,
            10.28571,
            2.28571,
            12
          ],
          "texture": "#3"
        }
      }
    },
    {
      "from": [
        7.751,
        12.275,
        6.70711
      ],
      "to": [
        8.249,
        13.275,
        7.70711
      ],
      "rotation": {
        "angle": -45,
        "axis": "x",
        "origin": [
          8.001,
          12.775,
          7.20711
        ]
      },
      "faces": {
        "north": {
          "uv": [
            13.14286,
            10.28571,
            13.42857,
            10.85714
          ],
          "texture": "#3"
        },
        "east": {
          "uv": [
            5.14286,
            13.14286,
            5.71429,
            13.71429
          ],
          "texture": "#3"
        },
        "south": {
          "uv": [
            10.85714,
            13.14286,
            11.14286,
            13.71429
          ],
          "texture": "#3"
        },
        "west": {
          "uv": [
            13.14286,
            5.14286,
            13.71429,
            5.71429
          ],
          "texture": "#3"
        },
        "down": {
          "uv": [
            13.42857,
            10.85714,
            13.14286,
            11.42857
          ],
          "texture": "#3"
        }
      }
    },
    {
      "from": [
        7.751,
        13.48211,
        6
      ],
      "to": [
        8.249,
        14.48211,
        7
      ],
      "rotation": {
        "angle": -45,
        "axis": "x",
        "origin": [
          8.001,
          13.98211,
          6.5
        ]
      },
      "faces": {
        "north": {
          "uv": [
            11.42857,
            13.14286,
            11.71429,
            13.71429
          ],
          "texture": "#3"
        },
        "east": {
          "uv": [
            5.71429,
            13.14286,
            6.28571,
            13.71429
          ],
          "texture": "#3"
        },
        "west": {
          "uv": [
            13.14286,
            5.71429,
            13.71429,
            6.28571
          ],
          "texture": "#3"
        },
        "up": {
          "uv": [
            13.42857,
            12,
            13.14286,
            11.42857
          ],
          "texture": "#3"
        }
      }
    },
    {
      "from": [
        7.751,
        16.48211,
        6
      ],
      "to": [
        8.249,
        17.48211,
        7
      ],
      "rotation": {
        "angle": -45,
        "axis": "x",
        "origin": [
          8.001,
          16.98211,
          6.5
        ]
      },
      "faces": {
        "north": {
          "uv": [
            12,
            13.14286,
            12.28571,
            13.71429
          ],
          "texture": "#3"
        },
        "east": {
          "uv": [
            6.28571,
            13.14286,
            6.85714,
            13.71429
          ],
          "texture": "#3"
        },
        "west": {
          "uv": [
            13.14286,
            6.28571,
            13.71429,
            6.85714
          ],
          "texture": "#3"
        },
        "up": {
          "uv": [
            13.42857,
            12.57143,
            13.14286,
            12
          ],
          "texture": "#3"
        }
      }
    },
    {
      "from": [
        7.975,
        -1.78335,
        5.87482
      ],
      "to": [
        8.025,
        3.21665,
        7.87482
      ],
      "rotation": {
        "angle": 0,
        "axis": "x",
        "origin": [
          8,
          0.15761,
          6.77343
        ]
      },
      "faces": {
        "east": {
          "uv": [
            5.71429,
            6.28571,
            4.57143,
            9.14286
          ],
          "texture": "#3"
        },
        "west": {
          "uv": [
            4.57143,
            6.28571,
            5.71429,
            9.14286
          ],
          "texture": "#3"
        }
      }
    },
    {
      "from": [
        7.75,
        -1.25,
        7.975
      ],
      "to": [
        8.25,
        -0.25,
        9.475
      ],
      "rotation": {
        "angle": 22.5,
        "axis": "x",
        "origin": [
          8,
          -0.75,
          8.975
        ]
      },
      "faces": {
        "east": {
          "uv": [
            12.85714,
            12,
            12,
            12.57143
          ],
          "texture": "#3"
        },
        "west": {
          "uv": [
            1.42857,
            12.57143,
            0.57143,
            13.14286
          ],
          "texture": "#3"
        },
        "up": {
          "uv": [
            7.14286,
            13.14286,
            6.85714,
            14
          ],
          "texture": "#3"
        },
        "down": {
          "uv": [
            13.42857,
            7.71429,
            13.14286,
            6.85714
          ],
          "texture": "#3"
        }
      }
    },
    {
      "from": [
        7.5,
        -1.4235,
        8.81882
      ],
      "to": [
        8.5,
        0.5765,
        9.81882
      ],
      "rotation": {
        "angle": 0,
        "axis": "x",
        "origin": [
          8,
          0.15761,
          9.22657
        ]
      },
      "faces": {
        "north": {
          "uv": [
            12,
            6.85714,
            11.42857,
            8
          ],
          "texture": "#3"
        },
        "east": {
          "uv": [
            6.85714,
            11.42857,
            6.28571,
            12.57143
          ],
          "texture": "#3"
        },
        "south": {
          "uv": [
            6.85714,
            3.42857,
            6.28571,
            4.57143
          ],
          "texture": "#3"
        },
        "west": {
          "uv": [
            12,
            8,
            11.42857,
            9.14286
          ],
          "texture": "#3"
        },
        "up": {
          "uv": [
            10.85714,
            3.42857,
            10.28571,
            4
          ],
          "texture": "#3"
        },
        "down": {
          "uv": [
            11.42857,
            2.28571,
            10.85714,
            1.71429
          ],
          "texture": "#3"
        }
      }
    },
    {
      "from": [
        7.5015,
        -0.25787,
        9.23445
      ],
      "to": [
        8.4985,
        0.74213,
        10.23445
      ],
      "rotation": {
        "angle": -45,
        "axis": "x",
        "origin": [
          8,
          0.15761,
          9.22657
        ]
      },
      "faces": {
        "east": {
          "uv": [
            4,
            12.57143,
            3.42857,
            13.14286
          ],
          "texture": "#3"
        },
        "south": {
          "uv": [
            11.42857,
            8.57143,
            10.85714,
            9.14286
          ],
          "texture": "#3"
        },
        "west": {
          "uv": [
            6.85714,
            12.57143,
            6.28571,
            13.14286
          ],
          "texture": "#3"
        },
        "up": {
          "uv": [
            12,
            12.57143,
            11.42857,
            13.14286
          ],
          "texture": "#3"
        },
        "down": {
          "uv": [
            12.57143,
            13.14286,
            12,
            12.57143
          ],
          "texture": "#3"
        }
      }
    },
    {
      "from": [
        7.975,
        -1.78335,
        8.12518
      ],
      "to": [
        8.025,
        3.21665,
        10.12518
      ],
      "rotation": {
        "angle": 0,
        "axis": "x",
        "origin": [
          8,
          0.15761,
          9.22657
        ]
      },
      "faces": {
        "east": {
          "uv": [
            4.57143,
            6.28571,
            5.71429,
            9.14286
          ],
          "texture": "#3"
        },
        "west": {
          "uv": [
            5.71429,
            6.28571,
            4.57143,
            9.14286
          ],
          "texture": "#3"
        }
      }
    },
    {
      "from": [
        7.425,
        11.825,
        7.425
      ],
      "to": [
        8.575,
        17.525,
        8.575
      ],
      "rotation": {
        "angle": 0,
        "axis": "y",
        "origin": [
          7.5,
          11.825,
          7.5
        ]
      },
      "faces": {
        "north": {
          "uv": [
            7.42857,
            7.42857,
            8.14286,
            10.71429
          ],
          "texture": "#3"
        },
        "east": {
          "uv": [
            5.71429,
            8,
            6.42857,
            11.28571
          ],
          "texture": "#3"
        },
        "south": {
          "uv": [
            0,
            8.57143,
            0.71429,
            11.85714
          ],
          "texture": "#3"
        },
        "west": {
          "uv": [
            8.57143,
            0,
            9.28571,
            3.28571
          ],
          "texture": "#3"
        },
        "down": {
          "uv": [
            12.71429,
            8.57143,
            12,
            9.28571
          ],
          "texture": "#3"
        }
      }
    },
    {
      "from": [
        7.4,
        5.55,
        7.4
      ],
      "to": [
        8.6,
        6.05,
        8.6
      ],
      "rotation": {
        "angle": 0,
        "axis": "y",
        "origin": [
          7.5,
          5.55,
          7.5
        ]
      },
      "faces": {
        "north": {
          "uv": [
            7.42857,
            13.14286,
            8.14286,
            13.42857
          ],
          "texture": "#3"
        },
        "east": {
          "uv": [
            13.14286,
            8,
            13.85714,
            8.28571
          ],
          "texture": "#3"
        },
        "south": {
          "uv": [
            8.57143,
            13.14286,
            9.28571,
            13.42857
          ],
          "texture": "#3"
        },
        "west": {
          "uv": [
            13.14286,
            8.57143,
            13.85714,
            8.85714
          ],
          "texture": "#3"
        },
        "up": {
          "uv": [
            12.71429,
            10.42857,
            12,
            9.71429
          ],
          "texture": "#3"
        },
        "down": {
          "uv": [
            12.71429,
            10.85714,
            12,
            11.57143
          ],
          "texture": "#3"
        }
      }
    },
    {
      "from": [
        5.9,
        15.5,
        5.5
      ],
      "to": [
        5.9,
        20.5,
        10.5
      ],
      "rotation": {
        "angle": 0,
        "axis": "x",
        "origin": [
          6.75,
          17,
          8
        ]
      },
      "faces": {
        "west": {
          "uv": [
            0,
            0,
            10,
            10
          ],
          "texture": "#2"
        }
      }
    },
    {
      "from": [
        10.1,
        15.5,
        5.5
      ],
      "to": [
        10.1,
        20.5,
        10.5
      ],
      "rotation": {
        "angle": 0,
        "axis": "x",
        "origin": [
          9.25,
          17,
          8
        ]
      },
      "faces": {
        "east": {
          "uv": [
            10,
            0,
            0,
            10
          ],
          "texture": "#2"
        }
      }
    },
    {
      "from": [
        7.75,
        0.25,
        2
      ],
      "to": [
        7.75,
        4.75,
        4.25
      ],
      "rotation": {
        "angle": -22.5,
        "axis": "x",
        "origin": [
          7.75,
          10.25,
          3.875
        ]
      },
      "faces": {
        "west": {
          "uv": [
            9.33333,
            0,
            12.33333,
            6
          ],
          "texture": "#1"
        }
      }
    },
    {
      "from": [
        7.75,
        0.25,
        11.75
      ],
      "to": [
        7.75,
        4.75,
        14
      ],
      "rotation": {
        "angle": 22.5,
        "axis": "x",
        "origin": [
          7.75,
          10.25,
          12.125
        ]
      },
      "faces": {
        "west": {
          "uv": [
            12.33333,
            0,
            9.33333,
            6
          ],
          "texture": "#1"
        }
      }
    },
    {
      "from": [
        8.25,
        0.25,
        11.75
      ],
      "to": [
        8.25,
        4.75,
        14
      ],
      "rotation": {
        "angle": 22.5,
        "axis": "x",
        "origin": [
          8.25,
          10.25,
          12.125
        ]
      },
      "faces": {
        "east": {
          "uv": [
            9.33333,
            0,
            12.33333,
            6
          ],
          "texture": "#1"
        }
      }
    },
    {
      "from": [
        8.25,
        0.25,
        2
      ],
      "to": [
        8.25,
        4.75,
        4.25
      ],
      "rotation": {
        "angle": -22.5,
        "axis": "x",
        "origin": [
          8.25,
          10.25,
          3.875
        ]
      },
      "faces": {
        "east": {
          "uv": [
            12.33333,
            0,
            9.33333,
            6
          ],
          "texture": "#1"
        }
      }
    },
    {
      "from": [
        7.975,
        9.5,
        -1.475
      ],
      "to": [
        8.025,
        20.5,
        2.525
      ],
      "rotation": {
        "angle": 0,
        "axis": "y",
        "origin": [
          8,
          15,
          0.025
        ]
      },
      "faces": {
        "east": {
          "uv": [
            0,
            14.66667,
            5.33333,
            0
          ],
          "texture": "#1"
        },
        "west": {
          "uv": [
            5.33333,
            14.66667,
            0,
            0
          ],
          "texture": "#1"
        }
      }
    },
    {
      "from": [
        7.975,
        9.5,
        13.475
      ],
      "to": [
        8.025,
        20.5,
        17.475
      ],
      "rotation": {
        "angle": 0,
        "axis": "y",
        "origin": [
          8,
          15,
          15.975
        ]
      },
      "faces": {
        "east": {
          "uv": [
            5.33333,
            14.66667,
            0,
            0
          ],
          "texture": "#1"
        },
        "west": {
          "uv": [
            0,
            14.66667,
            5.33333,
            0
          ],
          "texture": "#1"
        }
      }
    },
    {
      "from": [
        6,
        15.275,
        3.25
      ],
      "to": [
        10,
        19.275,
        6.25
      ],
      "rotation": {
        "angle": 0,
        "axis": "y",
        "origin": [
          6,
          -4.725,
          0
        ]
      },
      "faces": {
        "north": {
          "uv": [
            0,
            3.42857,
            2.28571,
            5.71429
          ],
          "texture": "#3"
        },
        "east": {
          "uv": [
            4.57143,
            0,
            6.28571,
            2.28571
          ],
          "texture": "#3"
        },
        "south": {
          "uv": [
            2.28571,
            3.42857,
            4.57143,
            5.71429
          ],
          "texture": "#3"
        },
        "west": {
          "uv": [
            4.57143,
            2.28571,
            6.28571,
            4.57143
          ],
          "texture": "#3"
        },
        "up": {
          "uv": [
            6.85714,
            6.28571,
            4.57143,
            4.57143
          ],
          "texture": "#3"
        },
        "down": {
          "uv": [
            2.28571,
            5.71429,
            0,
            7.42857
          ],
          "texture": "#3"
        }
      }
    },
    {
      "from": [
        6,
        13.275,
        0.25
      ],
      "to": [
        10,
        19.275,
        2.25
      ],
      "rotation": {
        "angle": 0,
        "axis": "y",
        "origin": [
          6,
          -4.725,
          0
        ]
      },
      "faces": {
        "north": {
          "uv": [
            0,
            0,
            2.28571,
            3.42857
          ],
          "texture": "#3"
        },
        "east": {
          "uv": [
            2.28571,
            5.71429,
            3.42857,
            9.14286
          ],
          "texture": "#3"
        },
        "south": {
          "uv": [
            2.28571,
            0,
            4.57143,
            3.42857
          ],
          "texture": "#3"
        },
        "west": {
          "uv": [
            3.42857,
            5.71429,
            4.57143,
            9.14286
          ],
          "texture": "#3"
        },
        "up": {
          "uv": [
            9.14286,
            6.28571,
            6.85714,
            5.14286
          ],
          "texture": "#3"
        },
        "down": {
          "uv": [
            2.28571,
            7.42857,
            0,
            8.57143
          ],
          "texture": "#3"
        }
      }
    },
    {
      "from": [
        6.005,
        10.7338,
        0.55656
      ],
      "to": [
        9.995,
        13.7338,
        2.40656
      ],
      "rotation": {
        "angle": -22.5,
        "axis": "x",
        "origin": [
          8.005,
          12.7338,
          1.55656
        ]
      },
      "faces": {
        "north": {
          "uv": [
            6.28571,
            0,
            8.57143,
            1.71429
          ],
          "texture": "#3"
        },
        "east": {
          "uv": [
            8.57143,
            7.42857,
            9.71429,
            9.14286
          ],
          "texture": "#3"
        },
        "south": {
          "uv": [
            6.28571,
            1.71429,
            8.57143,
            3.42857
          ],
          "texture": "#3"
        },
        "west": {
          "uv": [
            2.28571,
            9.14286,
            3.42857,
            10.85714
          ],
          "texture": "#3"
        },
        "down": {
          "uv": [
            9.71429,
            6.28571,
            7.42857,
            7.42857
          ],
          "texture": "#3"
        }
      }
    },
    {
      "from": [
        6.25,
        15.525,
        2.25
      ],
      "to": [
        9.75,
        19.025,
        3.25
      ],
      "rotation": {
        "angle": 0,
        "axis": "y",
        "origin": [
          6,
          -4.725,
          0
        ]
      },
      "faces": {
        "east": {
          "uv": [
            5.14286,
            9.14286,
            5.71429,
            11.14286
          ],
          "texture": "#3"
        },
        "west": {
          "uv": [
            8.57143,
            9.14286,
            9.14286,
            11.14286
          ],
          "texture": "#3"
        },
        "up": {
          "uv": [
            11.14286,
            9.71429,
            9.14286,
            9.14286
          ],
          "texture": "#3"
        },
        "down": {
          "uv": [
            11.71429,
            0,
            9.71429,
            0.57143
          ],
          "texture": "#3"
        }
      }
    },
    {
      "from": [
        7,
        17.525,
        8.75
      ],
      "to": [
        9,
        20.525,
        9.75
      ],
      "rotation": {
        "angle": 0,
        "axis": "y",
        "origin": [
          7,
          12.275,
          8.75
        ]
      },
      "faces": {
        "north": {
          "uv": [
            9.71429,
            3.42857,
            8.57143,
            5.14286
          ],
          "texture": "#3"
        },
        "east": {
          "uv": [
            10.28571,
            0.57143,
            9.71429,
            2.28571
          ],
          "texture": "#3"
        },
        "south": {
          "uv": [
            2.28571,
            8.57143,
            1.14286,
            10.28571
          ],
          "texture": "#3"
        },
        "west": {
          "uv": [
            10.28571,
            2.28571,
            9.71429,
            4
          ],
          "texture": "#3"
        },
        "up": {
          "uv": [
            13.14286,
            0,
            12,
            0.57143
          ],
          "texture": "#3"
        },
        "down": {
          "uv": [
            1.71429,
            12.57143,
            0.57143,
            12
          ],
          "texture": "#3"
        }
      }
    },
    {
      "from": [
        7.001,
        20.025,
        8.54289
      ],
      "to": [
        8.999,
        21.025,
        9.54289
      ],
      "rotation": {
        "angle": -45,
        "axis": "x",
        "origin": [
          8.001,
          20.525,
          9.04289
        ]
      },
      "faces": {
        "north": {
          "uv": [
            13.14286,
            1.14286,
            12,
            1.71429
          ],
          "texture": "#3"
        },
        "east": {
          "uv": [
            4.57143,
            13.14286,
            4,
            13.71429
          ],
          "texture": "#3"
        },
        "south": {
          "uv": [
            13.14286,
            0.57143,
            12,
            1.14286
          ],
          "texture": "#3"
        },
        "west": {
          "uv": [
            13.71429,
            4,
            13.14286,
            4.57143
          ],
          "texture": "#3"
        },
        "up": {
          "uv": [
            2.85714,
            12,
            1.71429,
            12.57143
          ],
          "texture": "#3"
        }
      }
    },
    {
      "from": [
        7.001,
        17.025,
        8.95711
      ],
      "to": [
        8.999,
        18.025,
        9.95711
      ],
      "rotation": {
        "angle": -45,
        "axis": "x",
        "origin": [
          8.001,
          17.525,
          9.45711
        ]
      },
      "faces": {
        "north": {
          "uv": [
            13.14286,
            2.28571,
            12,
            2.85714
          ],
          "texture": "#3"
        },
        "east": {
          "uv": [
            5.14286,
            13.14286,
            4.57143,
            13.71429
          ],
          "texture": "#3"
        },
        "south": {
          "uv": [
            13.14286,
            1.71429,
            12,
            2.28571
          ],
          "texture": "#3"
        },
        "west": {
          "uv": [
            13.71429,
            4.57143,
            13.14286,
            5.14286
          ],
          "texture": "#3"
        },
        "down": {
          "uv": [
            4,
            12.57143,
            2.85714,
            12
          ],
          "texture": "#3"
        }
      }
    },
    {
      "from": [
        7.75,
        12.775,
        8.5
      ],
      "to": [
        8.25,
        17.775,
        9.5
      ],
      "rotation": {
        "angle": 0,
        "axis": "y",
        "origin": [
          7.25,
          26.275,
          16
        ]
      },
      "faces": {
        "north": {
          "uv": [
            10.57143,
            9.71429,
            10.28571,
            12.57143
          ],
          "texture": "#3"
        },
        "east": {
          "uv": [
            7.42857,
            8,
            6.85714,
            10.85714
          ],
          "texture": "#3"
        },
        "south": {
          "uv": [
            10.57143,
            5.14286,
            10.28571,
            8
          ],
          "texture": "#3"
        },
        "west": {
          "uv": [
            4,
            9.14286,
            3.42857,
            12
          ],
          "texture": "#3"
        },
        "up": {
          "uv": [
            13.42857,
            9.71429,
            13.14286,
            10.28571
          ],
          "texture": "#3"
        },
        "down": {
          "uv": [
            10.57143,
            13.71429,
            10.28571,
            13.14286
          ],
          "texture": "#3"
        }
      }
    },
    {
      "from": [
        7.752,
        13.98211,
        9.20711
      ],
      "to": [
        8.248,
        16.98211,
        10.20711
      ],
      "rotation": {
        "angle": 0,
        "axis": "y",
        "origin": [
          7.252,
          29.48211,
          16.70711
        ]
      },
      "faces": {
        "east": {
          "uv": [
            1.71429,
            10.28571,
            1.14286,
            12
          ],
          "texture": "#3"
        },
        "south": {
          "uv": [
            2,
            12.57143,
            1.71429,
            14.28571
          ],
          "texture": "#3"
        },
        "west": {
          "uv": [
            2.28571,
            10.28571,
            1.71429,
            12
          ],
          "texture": "#3"
        }
      }
    },
    {
      "from": [
        7.751,
        12.275,
        8.29289
      ],
      "to": [
        8.249,
        13.275,
        9.29289
      ],
      "rotation": {
        "angle": 45,
        "axis": "x",
        "origin": [
          8.001,
          12.775,
          8.79289
        ]
      },
      "faces": {
        "north": {
          "uv": [
            11.14286,
            13.14286,
            10.85714,
            13.71429
          ],
          "texture": "#3"
        },
        "east": {
          "uv": [
            5.71429,
            13.14286,
            5.14286,
            13.71429
          ],
          "texture": "#3"
        },
        "south": {
          "uv": [
            13.42857,
            10.28571,
            13.14286,
            10.85714
          ],
          "texture": "#3"
        },
        "west": {
          "uv": [
            13.71429,
            5.14286,
            13.14286,
            5.71429
          ],
          "texture": "#3"
        },
        "down": {
          "uv": [
            13.42857,
            11.42857,
            13.14286,
            10.85714
          ],
          "texture": "#3"
        }
      }
    },
    {
      "from": [
        7.751,
        13.48211,
        9
      ],
      "to": [
        8.249,
        14.48211,
        10
      ],
      "rotation": {
        "angle": 45,
        "axis": "x",
        "origin": [
          8.001,
          13.98211,
          9.5
        ]
      },
      "faces": {
        "east": {
          "uv": [
            6.28571,
            13.14286,
            5.71429,
            13.71429
          ],
          "texture": "#3"
        },
        "south": {
          "uv": [
            11.71429,
            13.14286,
            11.42857,
            13.71429
          ],
          "texture": "#3"
        },
        "west": {
          "uv": [
            13.71429,
            5.71429,
            13.14286,
            6.28571
          ],
          "texture": "#3"
        },
        "up": {
          "uv": [
            13.42857,
            11.42857,
            13.14286,
            12
          ],
          "texture": "#3"
        }
      }
    },
    {
      "from": [
        7.751,
        16.48211,
        9
      ],
      "to": [
        8.249,
        17.48211,
        10
      ],
      "rotation": {
        "angle": 45,
        "axis": "x",
        "origin": [
          8.001,
          16.98211,
          9.5
        ]
      },
      "faces": {
        "east": {
          "uv": [
            6.85714,
            13.14286,
            6.28571,
            13.71429
          ],
          "texture": "#3"
        },
        "south": {
          "uv": [
            12.28571,
            13.14286,
            12,
            13.71429
          ],
          "texture": "#3"
        },
        "west": {
          "uv": [
            13.71429,
            6.28571,
            13.14286,
            6.85714
          ],
          "texture": "#3"
        },
        "up": {
          "uv": [
            13.42857,
            12,
            13.14286,
            12.57143
          ],
          "texture": "#3"
        }
      }
    },
    {
      "from": [
        6,
        15.275,
        9.75
      ],
      "to": [
        10,
        19.275,
        12.75
      ],
      "rotation": {
        "angle": 0,
        "axis": "y",
        "origin": [
          6,
          -4.725,
          16
        ]
      },
      "faces": {
        "north": {
          "uv": [
            4.57143,
            3.42857,
            2.28571,
            5.71429
          ],
          "texture": "#3"
        },
        "east": {
          "uv": [
            6.28571,
            0,
            4.57143,
            2.28571
          ],
          "texture": "#3"
        },
        "south": {
          "uv": [
            2.28571,
            3.42857,
            0,
            5.71429
          ],
          "texture": "#3"
        },
        "west": {
          "uv": [
            6.28571,
            2.28571,
            4.57143,
            4.57143
          ],
          "texture": "#3"
        },
        "up": {
          "uv": [
            6.85714,
            4.57143,
            4.57143,
            6.28571
          ],
          "texture": "#3"
        },
        "down": {
          "uv": [
            2.28571,
            7.42857,
            0,
            5.71429
          ],
          "texture": "#3"
        }
      }
    },
    {
      "from": [
        6.25,
        15.525,
        12.75
      ],
      "to": [
        9.75,
        19.025,
        13.75
      ],
      "rotation": {
        "angle": 0,
        "axis": "y",
        "origin": [
          6,
          -4.725,
          16
        ]
      },
      "faces": {
        "east": {
          "uv": [
            5.71429,
            9.14286,
            5.14286,
            11.14286
          ],
          "texture": "#3"
        },
        "west": {
          "uv": [
            9.14286,
            9.14286,
            8.57143,
            11.14286
          ],
          "texture": "#3"
        },
        "up": {
          "uv": [
            11.14286,
            9.14286,
            9.14286,
            9.71429
          ],
          "texture": "#3"
        },
        "down": {
          "uv": [
            11.71429,
            0.57143,
            9.71429,
            0
          ],
          "texture": "#3"
        }
      }
    },
    {
      "from": [
        6,
        13.275,
        13.75
      ],
      "to": [
        10,
        19.275,
        15.75
      ],
      "rotation": {
        "angle": 0,
        "axis": "y",
        "origin": [
          6,
          -4.725,
          16
        ]
      },
      "faces": {
        "north": {
          "uv": [
            4.57143,
            0,
            2.28571,
            3.42857
          ],
          "texture": "#3"
        },
        "east": {
          "uv": [
            3.42857,
            5.71429,
            2.28571,
            9.14286
          ],
          "texture": "#3"
        },
        "south": {
          "uv": [
            2.28571,
            0,
            0,
            3.42857
          ],
          "texture": "#3"
        },
        "west": {
          "uv": [
            4.57143,
            5.71429,
            3.42857,
            9.14286
          ],
          "texture": "#3"
        },
        "up": {
          "uv": [
            9.14286,
            5.14286,
            6.85714,
            6.28571
          ],
          "texture": "#3"
        },
        "down": {
          "uv": [
            2.28571,
            8.57143,
            0,
            7.42857
          ],
          "texture": "#3"
        }
      }
    },
    {
      "from": [
        6.005,
        10.7338,
        13.59344
      ],
      "to": [
        9.995,
        13.7338,
        15.44344
      ],
      "rotation": {
        "angle": 22.5,
        "axis": "x",
        "origin": [
          8.005,
          12.7338,
          14.44344
        ]
      },
      "faces": {
        "north": {
          "uv": [
            8.57143,
            1.71429,
            6.28571,
            3.42857
          ],
          "texture": "#3"
        },
        "east": {
          "uv": [
            9.71429,
            7.42857,
            8.57143,
            9.14286
          ],
          "texture": "#3"
        },
        "south": {
          "uv": [
            8.57143,
            0,
            6.28571,
            1.71429
          ],
          "texture": "#3"
        },
        "west": {
          "uv": [
            3.42857,
            9.14286,
            2.28571,
            10.85714
          ],
          "texture": "#3"
        },
        "down": {
          "uv": [
            9.71429,
            7.42857,
            7.42857,
            6.28571
          ],
          "texture": "#3"
        }
      }
    }
  ],
  "gui_light": "front",
  "display": {
    "thirdperson_righthand": {
      "translation": [
        0,
        0.25,
        1
      ]
    },
    "thirdperson_lefthand": {
      "translation": [
        0,
        0.25,
        1
      ]
    },
    "firstperson_righthand": {
      "rotation": [
        -10,
        0,
        0
      ],
      "translation": [
        0,
        0.75,
        0
      ]
    },
    "firstperson_lefthand": {
      "rotation": [
        -10,
        0,
        0
      ],
      "translation": [
        0,
        0.75,
        0
      ]
    },
    "ground": {
      "rotation": [
        -45,
        0,
        0
      ],
      "translation": [
        0,
        10.75,
        0
      ]
    },
    "gui": {
      "rotation": [
        -90,
        45,
        90
      ],
      "translation": [
        2,
        -2,
        0
      ],
      "scale": [
        0.67773,
        0.67773,
        0.67773
      ]
    },
    "head": {
      "rotation": [
        -90,
        90,
        90
      ]
    },
    "fixed": {
      "rotation": [
        90,
        -90,
        90
      ],
      "translation": [
        0,
        -3.5,
        -1.25
      ],
      "scale": [
        1.5,
        1.5,
        1.5
      ]
    }
  }
}