{
  "credit": "Made by PolygonMC",
  "texture_size": [
    32,
    32
  ],
  "textures": {
    "1": "nexusset:helmet",
    "2": "nexusset:animations/animations_bolt",
    "particle": "nexusset:sword"
  },
  "elements": [
    {
      "from": [
        4,
        0.5,
        11.20711
      ],
      "to": [
        12,
        8.5,
        12.20711
      ],
      "rotation": {
        "angle": 0,
        "axis": "z",
        "origin": [
          7,
          0.5,
          11.20711
        ]
      },
      "faces": {
        "north": {
          "uv": [
            0,
            0,
            4,
            4
          ],
          "texture": "#1"
        },
        "south": {
          "uv": [
            0,
            4,
            4,
            8
          ],
          "texture": "#1"
        },
        "up": {
          "uv": [
            14.5,
            3,
            10.5,
            2.5
          ],
          "texture": "#1"
        },
        "down": {
          "uv": [
            14.5,
            3,
            10.5,
            3.5
          ],
          "texture": "#1"
        }
      }
    },
    {
      "from": [
        4,
        7.5,
        3.79289
      ],
      "to": [
        12,
        8.5,
        4.79289
      ],
      "rotation": {
        "angle": 0,
        "axis": "z",
        "origin": [
          7,
          0.5,
          3.79289
        ]
      },
      "faces": {
        "north": {
          "uv": [
            10.5,
            3.5,
            14.5,
            4
          ],
          "texture": "#1"
        },
        "south": {
          "uv": [
            10.5,
            4,
            14.5,
            4.5
          ],
          "texture": "#1"
        },
        "up": {
          "uv": [
            14.5,
            5,
            10.5,
            4.5
          ],
          "texture": "#1"
        },
        "down": {
          "uv": [
            13.5,
            10.5,
            9.5,
            11
          ],
          "texture": "#1"
        }
      }
    },
    {
      "from": [
        10,
        5.5,
        3.79289
      ],
      "to": [
        12,
        7.5,
        4.79289
      ],
      "rotation": {
        "angle": 0,
        "axis": "z",
        "origin": [
          7,
          -0.5,
          3.79289
        ]
      },
      "faces": {
        "north": {
          "uv": [
            13,
            7,
            14,
            8
          ],
          "texture": "#1"
        },
        "south": {
          "uv": [
            9.5,
            13,
            10.5,
            14
          ],
          "texture": "#1"
        },
        "west": {
          "uv": [
            14.5,
            10,
            15,
            11
          ],
          "texture": "#1"
        },
        "down": {
          "uv": [
            14.5,
            10.5,
            13.5,
            11
          ],
          "texture": "#1"
        }
      }
    },
    {
      "from": [
        9.7706,
        5.65328,
        3.8
      ],
      "to": [
        10.7706,
        7.85328,
        4.79
      ],
      "rotation": {
        "angle": 22.5,
        "axis": "z",
        "origin": [
          10.2706,
          6.15328,
          4.26789
        ]
      },
      "faces": {
        "north": {
          "uv": [
            10.5,
            14.5,
            11,
            15.5
          ],
          "texture": "#1"
        },
        "south": {
          "uv": [
            12,
            14.5,
            12.5,
            15.5
          ],
          "texture": "#1"
        },
        "west": {
          "uv": [
            14.5,
            12,
            15,
            13
          ],
          "texture": "#1"
        }
      }
    },
    {
      "from": [
        10,
        0,
        3.79289
      ],
      "to": [
        11,
        2.5,
        4.79289
      ],
      "rotation": {
        "angle": 0,
        "axis": "z",
        "origin": [
          11,
          0,
          3.79289
        ]
      },
      "faces": {
        "north": {
          "uv": [
            9.5,
            14,
            10,
            15.25
          ],
          "texture": "#1"
        },
        "east": {
          "uv": [
            10,
            14,
            10.5,
            15.25
          ],
          "texture": "#1"
        },
        "south": {
          "uv": [
            14,
            12,
            14.5,
            13.25
          ],
          "texture": "#1"
        },
        "west": {
          "uv": [
            14,
            13.5,
            14.5,
            14.75
          ],
          "texture": "#1"
        },
        "up": {
          "uv": [
            15,
            14,
            14.5,
            13.5
          ],
          "texture": "#1"
        },
        "down": {
          "uv": [
            15,
            14,
            14.5,
            14.5
          ],
          "texture": "#1"
        }
      }
    },
    {
      "from": [
        11,
        0.5,
        3.79289
      ],
      "to": [
        12,
        2.5,
        4.79289
      ],
      "rotation": {
        "angle": 0,
        "axis": "z",
        "origin": [
          9,
          0.5,
          3.79289
        ]
      },
      "faces": {
        "north": {
          "uv": [
            6,
            14.5,
            6.5,
            15.5
          ],
          "texture": "#1"
        },
        "south": {
          "uv": [
            6.5,
            14.5,
            7,
            15.5
          ],
          "texture": "#1"
        },
        "up": {
          "uv": [
            15,
            13.5,
            14.5,
            13
          ],
          "texture": "#1"
        },
        "down": {
          "uv": [
            14,
            14.5,
            13.5,
            15
          ],
          "texture": "#1"
        }
      }
    },
    {
      "from": [
        11.70711,
        0.5,
        4.5
      ],
      "to": [
        12.70711,
        2.5,
        7.5
      ],
      "rotation": {
        "angle": 0,
        "axis": "y",
        "origin": [
          12.20711,
          1.5,
          5.5
        ]
      },
      "faces": {
        "east": {
          "uv": [
            5.5,
            11.5,
            7,
            12.5
          ],
          "texture": "#1"
        },
        "west": {
          "uv": [
            9.5,
            12,
            11,
            13
          ],
          "texture": "#1"
        },
        "up": {
          "uv": [
            11,
            14.5,
            10.5,
            13
          ],
          "texture": "#1"
        },
        "down": {
          "uv": [
            13,
            13,
            12.5,
            14.5
          ],
          "texture": "#1"
        }
      }
    },
    {
      "from": [
        11.70711,
        5.5,
        4.5
      ],
      "to": [
        12.70711,
        8.5,
        11.5
      ],
      "rotation": {
        "angle": 0,
        "axis": "y",
        "origin": [
          12.20711,
          6.5,
          5.5
        ]
      },
      "faces": {
        "north": {
          "uv": [
            13,
            13,
            13.5,
            14.5
          ],
          "texture": "#1"
        },
        "east": {
          "uv": [
            3,
            8,
            6.5,
            9.5
          ],
          "texture": "#1"
        },
        "west": {
          "uv": [
            6.5,
            8,
            10,
            9.5
          ],
          "texture": "#1"
        },
        "up": {
          "uv": [
            7.5,
            14,
            7,
            10.5
          ],
          "texture": "#1"
        },
        "down": {
          "uv": [
            5.5,
            11.5,
            5,
            15
          ],
          "texture": "#1"
        }
      }
    },
    {
      "from": [
        11.70711,
        0.5,
        7.5
      ],
      "to": [
        12.70711,
        5.5,
        11.5
      ],
      "rotation": {
        "angle": 0,
        "axis": "y",
        "origin": [
          12.20711,
          1.5,
          8.5
        ]
      },
      "faces": {
        "north": {
          "uv": [
            12,
            12,
            12.5,
            14.5
          ],
          "texture": "#1"
        },
        "east": {
          "uv": [
            8.5,
            0,
            10.5,
            2.5
          ],
          "texture": "#1"
        },
        "south": {
          "uv": [
            5.5,
            12.5,
            6,
            15
          ],
          "texture": "#1"
        },
        "west": {
          "uv": [
            8.5,
            2.5,
            10.5,
            5
          ],
          "texture": "#1"
        },
        "up": {
          "uv": [
            6.5,
            14.5,
            6,
            12.5
          ],
          "texture": "#1"
        },
        "down": {
          "uv": [
            7,
            12.5,
            6.5,
            14.5
          ],
          "texture": "#1"
        }
      }
    },
    {
      "from": [
        11.70711,
        0.5,
        4.5
      ],
      "to": [
        12.70711,
        2.5,
        5.5
      ],
      "rotation": {
        "angle": -45,
        "axis": "y",
        "origin": [
          12.70711,
          0.5,
          4.5
        ]
      },
      "faces": {
        "north": {
          "uv": [
            14.5,
            4.5,
            15,
            5.5
          ],
          "texture": "#1"
        },
        "south": {
          "uv": [
            14.5,
            5.5,
            15,
            6.5
          ],
          "texture": "#1"
        },
        "up": {
          "uv": [
            15,
            8,
            14.5,
            7.5
          ],
          "texture": "#1"
        },
        "down": {
          "uv": [
            13.5,
            14.5,
            13,
            15
          ],
          "texture": "#1"
        }
      }
    },
    {
      "from": [
        11.70711,
        5.5,
        4.5
      ],
      "to": [
        12.70711,
        8.5,
        5.5
      ],
      "rotation": {
        "angle": -45,
        "axis": "y",
        "origin": [
          12.70711,
          5.5,
          4.5
        ]
      },
      "faces": {
        "north": {
          "uv": [
            11,
            13.5,
            11.5,
            15
          ],
          "texture": "#1"
        },
        "south": {
          "uv": [
            11.5,
            13.5,
            12,
            15
          ],
          "texture": "#1"
        },
        "up": {
          "uv": [
            15.5,
            0.5,
            15,
            0
          ],
          "texture": "#1"
        },
        "down": {
          "uv": [
            1,
            15,
            0.5,
            15.5
          ],
          "texture": "#1"
        }
      }
    },
    {
      "from": [
        11.70711,
        0.5,
        11.5
      ],
      "to": [
        12.70711,
        8.5,
        12.5
      ],
      "rotation": {
        "angle": -45,
        "axis": "y",
        "origin": [
          12.70711,
          0.5,
          11.5
        ]
      },
      "faces": {
        "east": {
          "uv": [
            4,
            10.5,
            4.5,
            14.5
          ],
          "texture": "#1"
        },
        "west": {
          "uv": [
            4.5,
            10.5,
            5,
            14.5
          ],
          "texture": "#1"
        },
        "up": {
          "uv": [
            15,
            15,
            14.5,
            14.5
          ],
          "texture": "#1"
        },
        "down": {
          "uv": [
            0.5,
            15,
            0,
            15.5
          ],
          "texture": "#1"
        }
      }
    },
    {
      "from": [
        3.75,
        8.5,
        4.25
      ],
      "to": [
        12.25,
        9.5,
        11.75
      ],
      "rotation": {
        "angle": 0,
        "axis": "y",
        "origin": [
          3.75,
          8.5,
          9.75
        ]
      },
      "faces": {
        "north": {
          "uv": [
            10,
            9,
            14.25,
            9.5
          ],
          "texture": "#1"
        },
        "east": {
          "uv": [
            11.5,
            11,
            15.25,
            11.5
          ],
          "texture": "#1"
        },
        "south": {
          "uv": [
            10.5,
            2,
            14.75,
            2.5
          ],
          "texture": "#1"
        },
        "west": {
          "uv": [
            11.5,
            11.5,
            15.25,
            12
          ],
          "texture": "#1"
        },
        "up": {
          "uv": [
            8.25,
            3.75,
            4,
            0
          ],
          "texture": "#1"
        },
        "down": {
          "uv": [
            8.25,
            4,
            4,
            7.75
          ],
          "texture": "#1"
        }
      }
    },
    {
      "from": [
        7.25,
        8.25,
        3.35
      ],
      "to": [
        8.75,
        9.75,
        12.65
      ],
      "rotation": {
        "angle": -45,
        "axis": "z",
        "origin": [
          8,
          9,
          8
        ]
      },
      "faces": {
        "north": {
          "uv": [
            2,
            14.5,
            2.75,
            15.25
          ],
          "texture": "#1"
        },
        "east": {
          "uv": [
            9.5,
            9.5,
            14.25,
            10.25
          ],
          "texture": "#1"
        },
        "south": {
          "uv": [
            14.5,
            2.5,
            15.25,
            3.25
          ],
          "texture": "#1"
        },
        "west": {
          "uv": [
            10,
            8,
            14.75,
            8.75
          ],
          "texture": "#1"
        },
        "up": {
          "uv": [
            0.75,
            14.75,
            0,
            10
          ],
          "texture": "#1"
        },
        "down": {
          "uv": [
            1.75,
            10,
            1,
            14.75
          ],
          "texture": "#1"
        }
      }
    },
    {
      "from": [
        12.70711,
        2,
        8.75
      ],
      "to": [
        13.70711,
        5,
        10.75
      ],
      "rotation": {
        "angle": 22.5,
        "axis": "x",
        "origin": [
          13.20711,
          4,
          9.75
        ]
      },
      "faces": {
        "north": {
          "uv": [
            13.5,
            13,
            14,
            14.5
          ],
          "texture": "#1"
        },
        "east": {
          "uv": [
            11,
            12,
            12,
            13.5
          ],
          "texture": "#1"
        },
        "south": {
          "uv": [
            14,
            5,
            14.5,
            6.5
          ],
          "texture": "#1"
        },
        "up": {
          "uv": [
            15,
            7.5,
            14.5,
            6.5
          ],
          "texture": "#1"
        },
        "down": {
          "uv": [
            15,
            9,
            14.5,
            10
          ],
          "texture": "#1"
        }
      }
    },
    {
      "from": [
        12.70711,
        1.31075,
        6.60195
      ],
      "to": [
        13.69711,
        2.81075,
        9.60195
      ],
      "rotation": {
        "angle": -22.5,
        "axis": "x",
        "origin": [
          13.20711,
          2.31075,
          8.60195
        ]
      },
      "faces": {
        "north": {
          "uv": [
            12.5,
            14.5,
            13,
            15.25
          ],
          "texture": "#1"
        },
        "east": {
          "uv": [
            12.5,
            12,
            14,
            12.75
          ],
          "texture": "#1"
        },
        "up": {
          "uv": [
            14.5,
            8,
            14,
            6.5
          ],
          "texture": "#1"
        },
        "down": {
          "uv": [
            7.5,
            14,
            7,
            15.5
          ],
          "texture": "#1"
        }
      }
    },
    {
      "from": [
        13.175,
        2,
        9.25
      ],
      "to": [
        13.225,
        6,
        15.25
      ],
      "rotation": {
        "angle": -22.5,
        "axis": "x",
        "origin": [
          13,
          2,
          9
        ]
      },
      "faces": {
        "east": {
          "uv": [
            0,
            8,
            3,
            10
          ],
          "texture": "#1"
        },
        "west": {
          "uv": [
            3,
            8,
            0,
            10
          ],
          "texture": "#1"
        }
      }
    },
    {
      "from": [
        2.775,
        2,
        9.25
      ],
      "to": [
        2.825,
        6,
        15.25
      ],
      "rotation": {
        "angle": -22.5,
        "axis": "x",
        "origin": [
          3,
          2,
          9
        ]
      },
      "faces": {
        "east": {
          "uv": [
            0,
            8,
            3,
            10
          ],
          "texture": "#1"
        },
        "west": {
          "uv": [
            3,
            8,
            0,
            10
          ],
          "texture": "#1"
        }
      }
    },
    {
      "from": [
        2.29289,
        2,
        8.75
      ],
      "to": [
        3.29289,
        5,
        10.75
      ],
      "rotation": {
        "angle": 22.5,
        "axis": "x",
        "origin": [
          2.79289,
          4,
          9.75
        ]
      },
      "faces": {
        "north": {
          "uv": [
            14,
            13,
            13.5,
            14.5
          ],
          "texture": "#1"
        },
        "south": {
          "uv": [
            14.5,
            5,
            14,
            6.5
          ],
          "texture": "#1"
        },
        "west": {
          "uv": [
            12,
            12,
            11,
            13.5
          ],
          "texture": "#1"
        },
        "up": {
          "uv": [
            14.5,
            7.5,
            15,
            6.5
          ],
          "texture": "#1"
        },
        "down": {
          "uv": [
            14.5,
            9,
            15,
            10
          ],
          "texture": "#1"
        }
      }
    },
    {
      "from": [
        2.30289,
        1.31075,
        6.60195
      ],
      "to": [
        3.29289,
        2.81075,
        9.60195
      ],
      "rotation": {
        "angle": -22.5,
        "axis": "x",
        "origin": [
          2.79289,
          2.31075,
          8.60195
        ]
      },
      "faces": {
        "north": {
          "uv": [
            13,
            14.5,
            12.5,
            15.25
          ],
          "texture": "#1"
        },
        "west": {
          "uv": [
            14,
            12,
            12.5,
            12.75
          ],
          "texture": "#1"
        },
        "up": {
          "uv": [
            14,
            8,
            14.5,
            6.5
          ],
          "texture": "#1"
        },
        "down": {
          "uv": [
            7,
            14,
            7.5,
            15.5
          ],
          "texture": "#1"
        }
      }
    },
    {
      "from": [
        2.775,
        2,
        9.25
      ],
      "to": [
        2.825,
        6,
        15.25
      ],
      "rotation": {
        "angle": -22.5,
        "axis": "x",
        "origin": [
          3,
          2,
          9
        ]
      },
      "faces": {
        "east": {
          "uv": [
            0,
            8,
            3,
            10
          ],
          "texture": "#1"
        },
        "west": {
          "uv": [
            3,
            8,
            0,
            10
          ],
          "texture": "#1"
        }
      }
    },
    {
      "from": [
        2.29289,
        2,
        8.75
      ],
      "to": [
        3.29289,
        5,
        10.75
      ],
      "rotation": {
        "angle": 22.5,
        "axis": "x",
        "origin": [
          2.79289,
          4,
          9.75
        ]
      },
      "faces": {
        "north": {
          "uv": [
            14,
            13,
            13.5,
            14.5
          ],
          "texture": "#1"
        },
        "south": {
          "uv": [
            14.5,
            5,
            14,
            6.5
          ],
          "texture": "#1"
        },
        "west": {
          "uv": [
            12,
            12,
            11,
            13.5
          ],
          "texture": "#1"
        },
        "up": {
          "uv": [
            14.5,
            7.5,
            15,
            6.5
          ],
          "texture": "#1"
        },
        "down": {
          "uv": [
            14.5,
            9,
            15,
            10
          ],
          "texture": "#1"
        }
      }
    },
    {
      "from": [
        2.30289,
        1.31075,
        6.60195
      ],
      "to": [
        3.29289,
        2.81075,
        9.60195
      ],
      "rotation": {
        "angle": -22.5,
        "axis": "x",
        "origin": [
          2.79289,
          2.31075,
          8.60195
        ]
      },
      "faces": {
        "north": {
          "uv": [
            13,
            14.5,
            12.5,
            15.25
          ],
          "texture": "#1"
        },
        "west": {
          "uv": [
            14,
            12,
            12.5,
            12.75
          ],
          "texture": "#1"
        },
        "up": {
          "uv": [
            14,
            8,
            14.5,
            6.5
          ],
          "texture": "#1"
        },
        "down": {
          "uv": [
            7,
            14,
            7.5,
            15.5
          ],
          "texture": "#1"
        }
      }
    },
    {
      "from": [
        4,
        5.5,
        3.79289
      ],
      "to": [
        6,
        7.5,
        4.79289
      ],
      "rotation": {
        "angle": 0,
        "axis": "z",
        "origin": [
          9,
          -0.5,
          3.79289
        ]
      },
      "faces": {
        "north": {
          "uv": [
            14,
            7,
            13,
            8
          ],
          "texture": "#1"
        },
        "east": {
          "uv": [
            15,
            10,
            14.5,
            11
          ],
          "texture": "#1"
        },
        "south": {
          "uv": [
            10.5,
            13,
            9.5,
            14
          ],
          "texture": "#1"
        },
        "down": {
          "uv": [
            13.5,
            10.5,
            14.5,
            11
          ],
          "texture": "#1"
        }
      }
    },
    {
      "from": [
        5.2294,
        5.65328,
        3.8
      ],
      "to": [
        6.2294,
        7.85328,
        4.79
      ],
      "rotation": {
        "angle": -22.5,
        "axis": "z",
        "origin": [
          5.7294,
          6.15328,
          4.26789
        ]
      },
      "faces": {
        "north": {
          "uv": [
            11,
            14.5,
            10.5,
            15.5
          ],
          "texture": "#1"
        },
        "east": {
          "uv": [
            15,
            12,
            14.5,
            13
          ],
          "texture": "#1"
        },
        "south": {
          "uv": [
            12.5,
            14.5,
            12,
            15.5
          ],
          "texture": "#1"
        }
      }
    },
    {
      "from": [
        3.29289,
        5.5,
        4.5
      ],
      "to": [
        4.29289,
        8.5,
        5.5
      ],
      "rotation": {
        "angle": 45,
        "axis": "y",
        "origin": [
          3.29289,
          5.5,
          4.5
        ]
      },
      "faces": {
        "north": {
          "uv": [
            11.5,
            13.5,
            11,
            15
          ],
          "texture": "#1"
        },
        "south": {
          "uv": [
            12,
            13.5,
            11.5,
            15
          ],
          "texture": "#1"
        },
        "up": {
          "uv": [
            15,
            0.5,
            15.5,
            0
          ],
          "texture": "#1"
        },
        "down": {
          "uv": [
            0.5,
            15,
            1,
            15.5
          ],
          "texture": "#1"
        }
      }
    },
    {
      "from": [
        3.29289,
        5.5,
        4.5
      ],
      "to": [
        4.29289,
        8.5,
        11.5
      ],
      "rotation": {
        "angle": 0,
        "axis": "y",
        "origin": [
          3.79289,
          6.5,
          5.5
        ]
      },
      "faces": {
        "north": {
          "uv": [
            13.5,
            13,
            13,
            14.5
          ],
          "texture": "#1"
        },
        "east": {
          "uv": [
            10,
            8,
            6.5,
            9.5
          ],
          "texture": "#1"
        },
        "west": {
          "uv": [
            6.5,
            8,
            3,
            9.5
          ],
          "texture": "#1"
        },
        "up": {
          "uv": [
            7,
            14,
            7.5,
            10.5
          ],
          "texture": "#1"
        },
        "down": {
          "uv": [
            5,
            11.5,
            5.5,
            15
          ],
          "texture": "#1"
        }
      }
    },
    {
      "from": [
        3.29289,
        0.5,
        11.5
      ],
      "to": [
        4.29289,
        8.5,
        12.5
      ],
      "rotation": {
        "angle": 45,
        "axis": "y",
        "origin": [
          3.29289,
          0.5,
          11.5
        ]
      },
      "faces": {
        "east": {
          "uv": [
            5,
            10.5,
            4.5,
            14.5
          ],
          "texture": "#1"
        },
        "west": {
          "uv": [
            4.5,
            10.5,
            4,
            14.5
          ],
          "texture": "#1"
        },
        "up": {
          "uv": [
            14.5,
            15,
            15,
            14.5
          ],
          "texture": "#1"
        },
        "down": {
          "uv": [
            0,
            15,
            0.5,
            15.5
          ],
          "texture": "#1"
        }
      }
    },
    {
      "from": [
        3.29289,
        0.5,
        7.5
      ],
      "to": [
        4.29289,
        5.5,
        11.5
      ],
      "rotation": {
        "angle": 0,
        "axis": "y",
        "origin": [
          3.79289,
          1.5,
          8.5
        ]
      },
      "faces": {
        "north": {
          "uv": [
            12.5,
            12,
            12,
            14.5
          ],
          "texture": "#1"
        },
        "east": {
          "uv": [
            10.5,
            2.5,
            8.5,
            5
          ],
          "texture": "#1"
        },
        "south": {
          "uv": [
            6,
            12.5,
            5.5,
            15
          ],
          "texture": "#1"
        },
        "west": {
          "uv": [
            10.5,
            0,
            8.5,
            2.5
          ],
          "texture": "#1"
        },
        "up": {
          "uv": [
            6,
            14.5,
            6.5,
            12.5
          ],
          "texture": "#1"
        },
        "down": {
          "uv": [
            6.5,
            12.5,
            7,
            14.5
          ],
          "texture": "#1"
        }
      }
    },
    {
      "from": [
        3.29289,
        0.5,
        4.5
      ],
      "to": [
        4.29289,
        2.5,
        7.5
      ],
      "rotation": {
        "angle": 0,
        "axis": "y",
        "origin": [
          3.79289,
          1.5,
          5.5
        ]
      },
      "faces": {
        "east": {
          "uv": [
            11,
            12,
            9.5,
            13
          ],
          "texture": "#1"
        },
        "west": {
          "uv": [
            7,
            11.5,
            5.5,
            12.5
          ],
          "texture": "#1"
        },
        "up": {
          "uv": [
            10.5,
            14.5,
            11,
            13
          ],
          "texture": "#1"
        },
        "down": {
          "uv": [
            12.5,
            13,
            13,
            14.5
          ],
          "texture": "#1"
        }
      }
    },
    {
      "from": [
        3.29289,
        0.5,
        4.5
      ],
      "to": [
        4.29289,
        2.5,
        5.5
      ],
      "rotation": {
        "angle": 45,
        "axis": "y",
        "origin": [
          3.29289,
          0.5,
          4.5
        ]
      },
      "faces": {
        "north": {
          "uv": [
            15,
            4.5,
            14.5,
            5.5
          ],
          "texture": "#1"
        },
        "south": {
          "uv": [
            15,
            5.5,
            14.5,
            6.5
          ],
          "texture": "#1"
        },
        "up": {
          "uv": [
            14.5,
            8,
            15,
            7.5
          ],
          "texture": "#1"
        },
        "down": {
          "uv": [
            13,
            14.5,
            13.5,
            15
          ],
          "texture": "#1"
        }
      }
    },
    {
      "from": [
        4,
        0.5,
        3.79289
      ],
      "to": [
        5,
        2.5,
        4.79289
      ],
      "rotation": {
        "angle": 0,
        "axis": "z",
        "origin": [
          7,
          0.5,
          3.79289
        ]
      },
      "faces": {
        "north": {
          "uv": [
            6.5,
            14.5,
            6,
            15.5
          ],
          "texture": "#1"
        },
        "south": {
          "uv": [
            7,
            14.5,
            6.5,
            15.5
          ],
          "texture": "#1"
        },
        "up": {
          "uv": [
            14.5,
            13.5,
            15,
            13
          ],
          "texture": "#1"
        },
        "down": {
          "uv": [
            13.5,
            14.5,
            14,
            15
          ],
          "texture": "#1"
        }
      }
    },
    {
      "from": [
        5,
        0,
        3.79289
      ],
      "to": [
        6,
        2.5,
        4.79289
      ],
      "rotation": {
        "angle": 0,
        "axis": "z",
        "origin": [
          5,
          0,
          3.79289
        ]
      },
      "faces": {
        "north": {
          "uv": [
            10,
            14,
            9.5,
            15.25
          ],
          "texture": "#1"
        },
        "east": {
          "uv": [
            14.5,
            13.5,
            14,
            14.75
          ],
          "texture": "#1"
        },
        "south": {
          "uv": [
            14.5,
            12,
            14,
            13.25
          ],
          "texture": "#1"
        },
        "west": {
          "uv": [
            10.5,
            14,
            10,
            15.25
          ],
          "texture": "#1"
        },
        "up": {
          "uv": [
            14.5,
            14,
            15,
            13.5
          ],
          "texture": "#1"
        },
        "down": {
          "uv": [
            14.5,
            14,
            15,
            14.5
          ],
          "texture": "#1"
        }
      }
    },
    {
      "from": [
        10.4,
        9.7,
        3.5
      ],
      "to": [
        11.9,
        11.2,
        12.5
      ],
      "rotation": {
        "angle": -22.5,
        "axis": "z",
        "origin": [
          9.4,
          10.4,
          8
        ]
      },
      "faces": {
        "north": {
          "uv": [
            14.5,
            3.5,
            15.25,
            4.25
          ],
          "texture": "#1"
        },
        "east": {
          "uv": [
            10.5,
            0,
            15,
            0.75
          ],
          "texture": "#1"
        },
        "south": {
          "uv": [
            4,
            14.5,
            4.75,
            15.25
          ],
          "texture": "#1"
        },
        "west": {
          "uv": [
            10.5,
            1,
            15,
            1.75
          ],
          "texture": "#1"
        },
        "up": {
          "uv": [
            2.75,
            14.5,
            2,
            10
          ],
          "texture": "#1"
        }
      }
    },
    {
      "from": [
        10.056,
        7.3706,
        3.5
      ],
      "to": [
        11.556,
        9.3706,
        12.5
      ],
      "rotation": {
        "angle": 0,
        "axis": "z",
        "origin": [
          10.806,
          8.6206,
          8
        ]
      },
      "faces": {
        "north": {
          "uv": [
            7.5,
            14,
            8.25,
            15
          ],
          "texture": "#1"
        },
        "east": {
          "uv": [
            8.5,
            5,
            13,
            6
          ],
          "texture": "#1"
        },
        "south": {
          "uv": [
            8.5,
            14,
            9.25,
            15
          ],
          "texture": "#1"
        },
        "west": {
          "uv": [
            8.5,
            6,
            13,
            7
          ],
          "texture": "#1"
        },
        "down": {
          "uv": [
            3.75,
            10.5,
            3,
            15
          ],
          "texture": "#1"
        }
      }
    },
    {
      "from": [
        4.1,
        9.7,
        3.5
      ],
      "to": [
        5.6,
        11.2,
        12.5
      ],
      "rotation": {
        "angle": 22.5,
        "axis": "z",
        "origin": [
          6.6,
          10.4,
          8
        ]
      },
      "faces": {
        "north": {
          "uv": [
            15.25,
            3.5,
            14.5,
            4.25
          ],
          "texture": "#1"
        },
        "east": {
          "uv": [
            15,
            1,
            10.5,
            1.75
          ],
          "texture": "#1"
        },
        "south": {
          "uv": [
            4.75,
            14.5,
            4,
            15.25
          ],
          "texture": "#1"
        },
        "west": {
          "uv": [
            15,
            0,
            10.5,
            0.75
          ],
          "texture": "#1"
        },
        "up": {
          "uv": [
            2,
            14.5,
            2.75,
            10
          ],
          "texture": "#1"
        }
      }
    },
    {
      "from": [
        4.444,
        7.3706,
        3.5
      ],
      "to": [
        5.944,
        9.3706,
        12.5
      ],
      "rotation": {
        "angle": 0,
        "axis": "z",
        "origin": [
          5.194,
          8.6206,
          8
        ]
      },
      "faces": {
        "north": {
          "uv": [
            8.25,
            14,
            7.5,
            15
          ],
          "texture": "#1"
        },
        "east": {
          "uv": [
            13,
            6,
            8.5,
            7
          ],
          "texture": "#1"
        },
        "south": {
          "uv": [
            9.25,
            14,
            8.5,
            15
          ],
          "texture": "#1"
        },
        "west": {
          "uv": [
            13,
            5,
            8.5,
            6
          ],
          "texture": "#1"
        },
        "down": {
          "uv": [
            3,
            10.5,
            3.75,
            15
          ],
          "texture": "#1"
        }
      }
    },
    {
      "from": [
        7,
        8,
        3.7
      ],
      "to": [
        9,
        10,
        12.3
      ],
      "rotation": {
        "angle": -45,
        "axis": "z",
        "origin": [
          8,
          9,
          8
        ]
      },
      "faces": {
        "north": {
          "uv": [
            13,
            5,
            14,
            6
          ],
          "texture": "#1"
        },
        "east": {
          "uv": [
            8.5,
            7,
            12.75,
            8
          ],
          "texture": "#1"
        },
        "south": {
          "uv": [
            13,
            6,
            14,
            7
          ],
          "texture": "#1"
        },
        "west": {
          "uv": [
            3,
            9.5,
            7.25,
            10.5
          ],
          "texture": "#1"
        },
        "up": {
          "uv": [
            8.5,
            13.75,
            7.5,
            9.5
          ],
          "texture": "#1"
        },
        "down": {
          "uv": [
            9.5,
            9.5,
            8.5,
            13.75
          ],
          "texture": "#1"
        }
      }
    },
    {
      "from": [
        6,
        5.5,
        3.85
      ],
      "to": [
        10,
        7.5,
        3.9
      ],
      "faces": {
        "north": {
          "uv": [
            5,
            10.5,
            7,
            11.5
          ],
          "texture": "#1"
        },
        "south": {
          "uv": [
            7,
            10.5,
            5,
            11.5
          ],
          "texture": "#1"
        }
      }
    },
    {
      "from": [
        6,
        0,
        3.85
      ],
      "to": [
        10,
        2,
        3.9
      ],
      "faces": {
        "north": {
          "uv": [
            9.5,
            11,
            11.5,
            12
          ],
          "texture": "#1"
        },
        "south": {
          "uv": [
            11.5,
            11,
            9.5,
            12
          ],
          "texture": "#1"
        }
      }
    },
    {
      "from": [
        13.5,
        3.80292,
        11.02289
      ],
      "to": [
        13.5,
        8.30292,
        13.27289
      ],
      "rotation": {
        "angle": 22.5,
        "axis": "x",
        "origin": [
          13.5,
          6.05292,
          12.14789
        ]
      },
      "faces": {
        "east": {
          "uv": [
            9.33333,
            0,
            12.33333,
            6
          ],
          "texture": "#2"
        }
      }
    },
    {
      "from": [
        11.6,
        9.5,
        3.55
      ],
      "to": [
        11.65,
        12.5,
        12.55
      ],
      "rotation": {
        "angle": -22.5,
        "axis": "z",
        "origin": [
          12.375,
          11,
          8.15
        ]
      },
      "faces": {
        "east": {
          "uv": [
            9.33333,
            0,
            5.33333,
            12
          ],
          "rotation": 90,
          "texture": "#2"
        },
        "west": {
          "uv": [
            5.33333,
            0,
            9.33333,
            12
          ],
          "rotation": 270,
          "texture": "#2"
        }
      }
    },
    {
      "from": [
        4.35,
        9.5,
        3.55
      ],
      "to": [
        4.4,
        12.5,
        12.55
      ],
      "rotation": {
        "angle": 22.5,
        "axis": "z",
        "origin": [
          3.625,
          11,
          8.15
        ]
      },
      "faces": {
        "east": {
          "uv": [
            5.33333,
            12,
            9.33333,
            0
          ],
          "rotation": 270,
          "texture": "#2"
        },
        "west": {
          "uv": [
            9.33333,
            12,
            5.33333,
            0
          ],
          "rotation": 90,
          "texture": "#2"
        }
      }
    },
    {
      "from": [
        2.5,
        3.80292,
        11.02289
      ],
      "to": [
        2.5,
        8.30292,
        13.27289
      ],
      "rotation": {
        "angle": 22.5,
        "axis": "x",
        "origin": [
          2.5,
          6.05292,
          12.14789
        ]
      },
      "faces": {
        "west": {
          "uv": [
            12.33333,
            0,
            9.33333,
            6
          ],
          "texture": "#2"
        }
      }
    }
  ],
  "gui_light": "front",
  "display": {
    "thirdperson_righthand": {
      "rotation": [
        57,
        0,
        0
      ],
      "translation": [
        0,
        2.5,
        2.5
      ],
      "scale": [
        0.5,
        0.5,
        0.5
      ]
    },
    "thirdperson_lefthand": {
      "rotation": [
        57,
        0,
        0
      ],
      "translation": [
        0,
        2.5,
        2.5
      ],
      "scale": [
        0.5,
        0.5,
        0.5
      ]
    },
    "firstperson_righthand": {
      "rotation": [
        161.5,
        0,
        180
      ],
      "translation": [
        -0.5,
        6,
        0
      ],
      "scale": [
        0.82617,
        0.82617,
        0.82617
      ]
    },
    "firstperson_lefthand": {
      "rotation": [
        161.5,
        0,
        180
      ],
      "translation": [
        -0.5,
        6,
        0
      ],
      "scale": [
        0.82617,
        0.82617,
        0.82617
      ]
    },
    "ground": {
      "rotation": [
        30,
        0,
        0
      ],
      "translation": [
        0,
        9.5,
        0
      ]
    },
    "gui": {
      "rotation": [
        0,
        180,
        0
      ],
      "translation": [
        0,
        3.75,
        0
      ],
      "scale": [
        1.39844,
        1.39844,
        1.39844
      ]
    },
    "head": {
      "translation": [
        0,
        6,
        0
      ],
      "scale": [
        1.81445,
        1.81445,
        1.81445
      ]
    },
    "fixed": {
      "rotation": [
        -90,
        0,
        0
      ],
      "translation": [
        0,
        0,
        -19
      ],
      "scale": [
        2.36328,
        2.36328,
        2.36328
      ]
    }
  }
}