{
  "credit": "Made by PolygonMC",
  "texture_size": [
    8,
    8
  ],
  "textures": {
    "0": "nexusset:sword",
    "1": "nexusset:animations/animations_bolt",
    "2": "nexusset:animations/animations_nexus",
    "particle": "nexusset:sword"
  },
  "elements": [
    {
      "from": [
        7.395,
        -1.105,
        7.395
      ],
      "to": [
        8.605,
        0.105,
        8.605
      ],
      "rotation": {
        "angle": -45,
        "axis": "x",
        "origin": [
          8,
          -0.5,
          8
        ]
      },
      "faces": {
        "north": {
          "uv": [
            12.66667,
            12.66667,
            13.5,
            13.5
          ],
          "texture": "#0"
        },
        "east": {
          "uv": [
            13.33333,
            0,
            14.16667,
            0.83333
          ],
          "texture": "#0"
        },
        "south": {
          "uv": [
            13.33333,
            1.33333,
            14.16667,
            2.16667
          ],
          "texture": "#0"
        },
        "west": {
          "uv": [
            13.33333,
            2.66667,
            14.16667,
            3.5
          ],
          "texture": "#0"
        },
        "up": {
          "uv": [
            5.5,
            14.16667,
            4.66667,
            13.33333
          ],
          "texture": "#0"
        },
        "down": {
          "uv": [
            14.16667,
            5.33333,
            13.33333,
            6.16667
          ],
          "texture": "#0"
        }
      }
    },
    {
      "from": [
        7.195,
        -0.905,
        7.595
      ],
      "to": [
        8.805,
        -0.095,
        8.405
      ],
      "rotation": {
        "angle": -45,
        "axis": "x",
        "origin": [
          8,
          -0.5,
          8
        ]
      },
      "faces": {
        "north": {
          "uv": [
            9.33333,
            13.33333,
            10.33333,
            13.83333
          ],
          "texture": "#0"
        },
        "east": {
          "uv": [
            14.66667,
            9.33333,
            15.16667,
            9.83333
          ],
          "texture": "#0"
        },
        "south": {
          "uv": [
            10.66667,
            13.33333,
            11.66667,
            13.83333
          ],
          "texture": "#0"
        },
        "west": {
          "uv": [
            10,
            14.66667,
            10.5,
            15.16667
          ],
          "texture": "#0"
        },
        "up": {
          "uv": [
            14.33333,
            11.83333,
            13.33333,
            11.33333
          ],
          "texture": "#0"
        },
        "down": {
          "uv": [
            14.33333,
            12,
            13.33333,
            12.5
          ],
          "texture": "#0"
        }
      }
    },
    {
      "from": [
        7.75,
        -1.25,
        6.525
      ],
      "to": [
        8.25,
        -0.25,
        8.025
      ],
      "rotation": {
        "angle": -22.5,
        "axis": "x",
        "origin": [
          8,
          -0.75,
          7.025
        ]
      },
      "faces": {
        "east": {
          "uv": [
            8,
            13.33333,
            9,
            14
          ],
          "texture": "#0"
        },
        "west": {
          "uv": [
            13.33333,
            8,
            14.33333,
            8.66667
          ],
          "texture": "#0"
        },
        "up": {
          "uv": [
            7,
            15.66667,
            6.66667,
            14.66667
          ],
          "texture": "#0"
        },
        "down": {
          "uv": [
            15,
            6.66667,
            14.66667,
            7.66667
          ],
          "texture": "#0"
        }
      }
    },
    {
      "from": [
        7.5,
        -1.5,
        5.4
      ],
      "to": [
        8.5,
        -0.5,
        7.4
      ],
      "rotation": {
        "angle": 22.5,
        "axis": "x",
        "origin": [
          8,
          -1,
          6.4
        ]
      },
      "faces": {
        "north": {
          "uv": [
            10,
            6,
            10.66667,
            6.66667
          ],
          "texture": "#0"
        },
        "east": {
          "uv": [
            11.33333,
            5.33333,
            12.66667,
            6
          ],
          "texture": "#0"
        },
        "south": {
          "uv": [
            10,
            9.33333,
            10.66667,
            10
          ],
          "texture": "#0"
        },
        "west": {
          "uv": [
            12,
            0,
            13.33333,
            0.66667
          ],
          "texture": "#0"
        },
        "up": {
          "uv": [
            10.66667,
            12.66667,
            10,
            11.33333
          ],
          "texture": "#0"
        },
        "down": {
          "uv": [
            12.66667,
            0.66667,
            12,
            2
          ],
          "texture": "#0"
        }
      }
    },
    {
      "from": [
        7.5015,
        -1.5,
        4.93492
      ],
      "to": [
        8.4985,
        -0.5,
        5.93492
      ],
      "rotation": {
        "angle": -22.5,
        "axis": "x",
        "origin": [
          8.0015,
          -1,
          4.93492
        ]
      },
      "faces": {
        "north": {
          "uv": [
            4.66667,
            14.66667,
            5.33333,
            15.33333
          ],
          "texture": "#0"
        },
        "east": {
          "uv": [
            5.33333,
            14.66667,
            6,
            15.33333
          ],
          "texture": "#0"
        },
        "west": {
          "uv": [
            14.66667,
            5.33333,
            15.33333,
            6
          ],
          "texture": "#0"
        },
        "up": {
          "uv": [
            6.66667,
            15.33333,
            6,
            14.66667
          ],
          "texture": "#0"
        },
        "down": {
          "uv": [
            15.33333,
            6,
            14.66667,
            6.66667
          ],
          "texture": "#0"
        }
      }
    },
    {
      "from": [
        7.5,
        -0.25,
        7.5
      ],
      "to": [
        8.5,
        0.75,
        8.5
      ],
      "rotation": {
        "angle": 0,
        "axis": "y",
        "origin": [
          7.5,
          -0.25,
          7.5
        ]
      },
      "faces": {
        "north": {
          "uv": [
            12,
            13.33333,
            12.66667,
            14
          ],
          "texture": "#0"
        },
        "east": {
          "uv": [
            6,
            14,
            6.66667,
            14.66667
          ],
          "texture": "#0"
        },
        "south": {
          "uv": [
            8,
            14,
            8.66667,
            14.66667
          ],
          "texture": "#0"
        },
        "west": {
          "uv": [
            8.66667,
            14,
            9.33333,
            14.66667
          ],
          "texture": "#0"
        },
        "up": {
          "uv": [
            14.66667,
            9.33333,
            14,
            8.66667
          ],
          "texture": "#0"
        },
        "down": {
          "uv": [
            10,
            14,
            9.33333,
            14.66667
          ],
          "texture": "#0"
        }
      }
    },
    {
      "from": [
        7.5,
        3.55,
        7.5
      ],
      "to": [
        8.5,
        5.55,
        8.5
      ],
      "rotation": {
        "angle": 0,
        "axis": "y",
        "origin": [
          7.5,
          3.55,
          7.5
        ]
      },
      "faces": {
        "north": {
          "uv": [
            12,
            6,
            12.66667,
            7.33333
          ],
          "texture": "#0"
        },
        "east": {
          "uv": [
            12,
            7.33333,
            12.66667,
            8.66667
          ],
          "texture": "#0"
        },
        "south": {
          "uv": [
            12,
            8.66667,
            12.66667,
            10
          ],
          "texture": "#0"
        },
        "west": {
          "uv": [
            12,
            10,
            12.66667,
            11.33333
          ],
          "texture": "#0"
        },
        "down": {
          "uv": [
            14.66667,
            9.33333,
            14,
            10
          ],
          "texture": "#0"
        }
      }
    },
    {
      "from": [
        7.6,
        0.75,
        7.6
      ],
      "to": [
        8.4,
        3.55,
        8.4
      ],
      "rotation": {
        "angle": 0,
        "axis": "y",
        "origin": [
          7.5,
          1.65,
          7.5
        ]
      },
      "faces": {
        "north": {
          "uv": [
            6.66667,
            11.33333,
            7.16667,
            13.16667
          ],
          "texture": "#0"
        },
        "east": {
          "uv": [
            7.33333,
            11.33333,
            7.83333,
            13.16667
          ],
          "texture": "#0"
        },
        "south": {
          "uv": [
            11.33333,
            7.33333,
            11.83333,
            9.16667
          ],
          "texture": "#0"
        },
        "west": {
          "uv": [
            9.33333,
            11.33333,
            9.83333,
            13.16667
          ],
          "texture": "#0"
        }
      }
    },
    {
      "from": [
        7.4,
        5,
        7
      ],
      "to": [
        8.6,
        7,
        9
      ],
      "rotation": {
        "angle": 45,
        "axis": "x",
        "origin": [
          8,
          6,
          8
        ]
      },
      "faces": {
        "north": {
          "uv": [
            10,
            8,
            10.83333,
            9.33333
          ],
          "texture": "#0"
        },
        "east": {
          "uv": [
            6.66667,
            8,
            8,
            9.33333
          ],
          "texture": "#0"
        },
        "south": {
          "uv": [
            9.33333,
            10,
            10.16667,
            11.33333
          ],
          "texture": "#0"
        },
        "west": {
          "uv": [
            8,
            7.33333,
            9.33333,
            8.66667
          ],
          "texture": "#0"
        },
        "up": {
          "uv": [
            11.5,
            1.33333,
            10.66667,
            0
          ],
          "texture": "#0"
        },
        "down": {
          "uv": [
            11.5,
            1.33333,
            10.66667,
            2.66667
          ],
          "texture": "#0"
        }
      }
    },
    {
      "from": [
        7.2,
        5.2,
        7.2
      ],
      "to": [
        8.8,
        6.8,
        8.8
      ],
      "rotation": {
        "angle": 45,
        "axis": "x",
        "origin": [
          8,
          6,
          8
        ]
      },
      "faces": {
        "north": {
          "uv": [
            10.66667,
            6,
            11.66667,
            7
          ],
          "texture": "#0"
        },
        "east": {
          "uv": [
            10.66667,
            9.33333,
            11.66667,
            10.33333
          ],
          "texture": "#0"
        },
        "south": {
          "uv": [
            10.66667,
            10.66667,
            11.66667,
            11.66667
          ],
          "texture": "#0"
        },
        "west": {
          "uv": [
            11.33333,
            2.66667,
            12.33333,
            3.66667
          ],
          "texture": "#0"
        },
        "up": {
          "uv": [
            12.33333,
            5,
            11.33333,
            4
          ],
          "texture": "#0"
        },
        "down": {
          "uv": [
            5.66667,
            11.33333,
            4.66667,
            12.33333
          ],
          "texture": "#0"
        }
      }
    },
    {
      "from": [
        7,
        5.25,
        6.25
      ],
      "to": [
        9,
        8.25,
        7.25
      ],
      "rotation": {
        "angle": 0,
        "axis": "y",
        "origin": [
          7,
          0,
          7.25
        ]
      },
      "faces": {
        "north": {
          "uv": [
            4.66667,
            7.33333,
            6,
            9.33333
          ],
          "texture": "#0"
        },
        "east": {
          "uv": [
            9.33333,
            0,
            10,
            2
          ],
          "texture": "#0"
        },
        "south": {
          "uv": [
            8,
            2,
            9.33333,
            4
          ],
          "texture": "#0"
        },
        "west": {
          "uv": [
            9.33333,
            2,
            10,
            4
          ],
          "texture": "#0"
        },
        "up": {
          "uv": [
            13.33333,
            2.66667,
            12,
            2
          ],
          "texture": "#0"
        },
        "down": {
          "uv": [
            12,
            12,
            10.66667,
            12.66667
          ],
          "texture": "#0"
        }
      }
    },
    {
      "from": [
        7.001,
        7.75,
        6.45711
      ],
      "to": [
        8.999,
        8.75,
        7.45711
      ],
      "rotation": {
        "angle": 45,
        "axis": "x",
        "origin": [
          8.001,
          8.25,
          6.95711
        ]
      },
      "faces": {
        "north": {
          "uv": [
            12.66667,
            4,
            14,
            4.66667
          ],
          "texture": "#0"
        },
        "east": {
          "uv": [
            14,
            10.66667,
            14.66667,
            11.33333
          ],
          "texture": "#0"
        },
        "south": {
          "uv": [
            4.66667,
            12.66667,
            6,
            13.33333
          ],
          "texture": "#0"
        },
        "west": {
          "uv": [
            11.33333,
            14,
            12,
            14.66667
          ],
          "texture": "#0"
        },
        "up": {
          "uv": [
            14,
            5.33333,
            12.66667,
            4.66667
          ],
          "texture": "#0"
        }
      }
    },
    {
      "from": [
        7.001,
        4.75,
        6.04289
      ],
      "to": [
        8.999,
        5.75,
        7.04289
      ],
      "rotation": {
        "angle": 45,
        "axis": "x",
        "origin": [
          8.001,
          5.25,
          6.54289
        ]
      },
      "faces": {
        "north": {
          "uv": [
            10,
            12.66667,
            11.33333,
            13.33333
          ],
          "texture": "#0"
        },
        "east": {
          "uv": [
            14.66667,
            0,
            15.33333,
            0.66667
          ],
          "texture": "#0"
        },
        "south": {
          "uv": [
            12.66667,
            10.66667,
            14,
            11.33333
          ],
          "texture": "#0"
        },
        "west": {
          "uv": [
            14.66667,
            0.66667,
            15.33333,
            1.33333
          ],
          "texture": "#0"
        },
        "down": {
          "uv": [
            12.66667,
            12.66667,
            11.33333,
            13.33333
          ],
          "texture": "#0"
        }
      }
    },
    {
      "from": [
        7.001,
        7.75,
        8.54289
      ],
      "to": [
        8.999,
        8.75,
        9.54289
      ],
      "rotation": {
        "angle": -45,
        "axis": "x",
        "origin": [
          8.001,
          8.25,
          9.04289
        ]
      },
      "faces": {
        "north": {
          "uv": [
            6,
            12.66667,
            4.66667,
            13.33333
          ],
          "texture": "#0"
        },
        "east": {
          "uv": [
            14.66667,
            10.66667,
            14,
            11.33333
          ],
          "texture": "#0"
        },
        "south": {
          "uv": [
            14,
            4,
            12.66667,
            4.66667
          ],
          "texture": "#0"
        },
        "west": {
          "uv": [
            12,
            14,
            11.33333,
            14.66667
          ],
          "texture": "#0"
        },
        "up": {
          "uv": [
            14,
            4.66667,
            12.66667,
            5.33333
          ],
          "texture": "#0"
        }
      }
    },
    {
      "from": [
        7,
        5.25,
        8.75
      ],
      "to": [
        9,
        8.25,
        9.75
      ],
      "rotation": {
        "angle": 0,
        "axis": "y",
        "origin": [
          7,
          0,
          8.75
        ]
      },
      "faces": {
        "north": {
          "uv": [
            9.33333,
            2,
            8,
            4
          ],
          "texture": "#0"
        },
        "east": {
          "uv": [
            10,
            0,
            9.33333,
            2
          ],
          "texture": "#0"
        },
        "south": {
          "uv": [
            6,
            7.33333,
            4.66667,
            9.33333
          ],
          "texture": "#0"
        },
        "west": {
          "uv": [
            10,
            2,
            9.33333,
            4
          ],
          "texture": "#0"
        },
        "up": {
          "uv": [
            13.33333,
            2,
            12,
            2.66667
          ],
          "texture": "#0"
        },
        "down": {
          "uv": [
            12,
            12.66667,
            10.66667,
            12
          ],
          "texture": "#0"
        }
      }
    },
    {
      "from": [
        7.001,
        4.75,
        8.95711
      ],
      "to": [
        8.999,
        5.75,
        9.95711
      ],
      "rotation": {
        "angle": -45,
        "axis": "x",
        "origin": [
          8.001,
          5.25,
          9.45711
        ]
      },
      "faces": {
        "north": {
          "uv": [
            14,
            10.66667,
            12.66667,
            11.33333
          ],
          "texture": "#0"
        },
        "east": {
          "uv": [
            15.33333,
            0,
            14.66667,
            0.66667
          ],
          "texture": "#0"
        },
        "south": {
          "uv": [
            11.33333,
            12.66667,
            10,
            13.33333
          ],
          "texture": "#0"
        },
        "west": {
          "uv": [
            15.33333,
            0.66667,
            14.66667,
            1.33333
          ],
          "texture": "#0"
        },
        "down": {
          "uv": [
            12.66667,
            13.33333,
            11.33333,
            12.66667
          ],
          "texture": "#0"
        }
      }
    },
    {
      "from": [
        7.5,
        5.35,
        4.5
      ],
      "to": [
        8.5,
        6.35,
        6.5
      ],
      "rotation": {
        "angle": -22.5,
        "axis": "x",
        "origin": [
          8,
          6.1,
          5
        ]
      },
      "faces": {
        "north": {
          "uv": [
            10,
            14,
            10.66667,
            14.66667
          ],
          "texture": "#0"
        },
        "east": {
          "uv": [
            12,
            11.33333,
            13.33333,
            12
          ],
          "texture": "#0"
        },
        "south": {
          "uv": [
            14,
            10,
            14.66667,
            10.66667
          ],
          "texture": "#0"
        },
        "west": {
          "uv": [
            12,
            12,
            13.33333,
            12.66667
          ],
          "texture": "#0"
        },
        "up": {
          "uv": [
            13.33333,
            2,
            12.66667,
            0.66667
          ],
          "texture": "#0"
        },
        "down": {
          "uv": [
            13.33333,
            2.66667,
            12.66667,
            4
          ],
          "texture": "#0"
        }
      }
    },
    {
      "from": [
        7.501,
        4.96732,
        2.07403
      ],
      "to": [
        8.499,
        5.96732,
        5.07403
      ],
      "rotation": {
        "angle": 22.5,
        "axis": "x",
        "origin": [
          8.001,
          5.71732,
          5.57403
        ]
      },
      "faces": {
        "north": {
          "uv": [
            10.66667,
            14,
            11.33333,
            14.66667
          ],
          "texture": "#0"
        },
        "east": {
          "uv": [
            8.66667,
            6.66667,
            10.66667,
            7.33333
          ],
          "texture": "#0"
        },
        "west": {
          "uv": [
            9.33333,
            7.33333,
            11.33333,
            8
          ],
          "texture": "#0"
        },
        "up": {
          "uv": [
            5.33333,
            11.33333,
            4.66667,
            9.33333
          ],
          "texture": "#0"
        },
        "down": {
          "uv": [
            6,
            9.33333,
            5.33333,
            11.33333
          ],
          "texture": "#0"
        }
      }
    },
    {
      "from": [
        7.75,
        5.96732,
        3.82403
      ],
      "to": [
        8.25,
        6.96732,
        4.32403
      ],
      "rotation": {
        "angle": 22.5,
        "axis": "x",
        "origin": [
          8,
          5.71732,
          5.57403
        ]
      },
      "faces": {
        "north": {
          "uv": [
            14.66667,
            10,
            15,
            10.66667
          ],
          "texture": "#0"
        },
        "east": {
          "uv": [
            10.66667,
            14.66667,
            11,
            15.33333
          ],
          "texture": "#0"
        },
        "south": {
          "uv": [
            14.66667,
            10.66667,
            15,
            11.33333
          ],
          "texture": "#0"
        },
        "west": {
          "uv": [
            11.33333,
            14.66667,
            11.66667,
            15.33333
          ],
          "texture": "#0"
        },
        "up": {
          "uv": [
            15.66667,
            2.33333,
            15.33333,
            2
          ],
          "texture": "#0"
        }
      }
    },
    {
      "from": [
        7.751,
        6.66358,
        3.23999
      ],
      "to": [
        8.249,
        7.38858,
        4.66499
      ],
      "rotation": {
        "angle": -22.5,
        "axis": "x",
        "origin": [
          8.001,
          6.88858,
          4.16499
        ]
      },
      "faces": {
        "north": {
          "uv": [
            2,
            15.33333,
            2.33333,
            15.83333
          ],
          "texture": "#0"
        },
        "east": {
          "uv": [
            14,
            4,
            15,
            4.5
          ],
          "texture": "#0"
        },
        "west": {
          "uv": [
            14,
            4.66667,
            15,
            5.16667
          ],
          "texture": "#0"
        },
        "up": {
          "uv": [
            7.66667,
            15.66667,
            7.33333,
            14.66667
          ],
          "texture": "#0"
        }
      }
    },
    {
      "from": [
        7.5,
        6,
        6.5
      ],
      "to": [
        8.5,
        9,
        9.5
      ],
      "rotation": {
        "angle": -45,
        "axis": "x",
        "origin": [
          8,
          7.5,
          8
        ]
      },
      "faces": {
        "north": {
          "uv": [
            6.66667,
            9.33333,
            7.33333,
            11.33333
          ],
          "texture": "#0"
        },
        "east": {
          "uv": [
            4.66667,
            3.33333,
            6.66667,
            5.33333
          ],
          "texture": "#0"
        },
        "south": {
          "uv": [
            7.33333,
            9.33333,
            8,
            11.33333
          ],
          "texture": "#0"
        },
        "west": {
          "uv": [
            4.66667,
            5.33333,
            6.66667,
            7.33333
          ],
          "texture": "#0"
        },
        "up": {
          "uv": [
            10,
            10,
            9.33333,
            8
          ],
          "texture": "#0"
        },
        "down": {
          "uv": [
            10.66667,
            0,
            10,
            2
          ],
          "texture": "#0"
        }
      }
    },
    {
      "from": [
        7.5,
        17,
        6.5
      ],
      "to": [
        8.5,
        19,
        8.5
      ],
      "rotation": {
        "angle": -45,
        "axis": "x",
        "origin": [
          8,
          18.5,
          8
        ]
      },
      "faces": {
        "north": {
          "uv": [
            12.66667,
            5.33333,
            13.33333,
            6.66667
          ],
          "texture": "#0"
        },
        "east": {
          "uv": [
            8.66667,
            4,
            10,
            5.33333
          ],
          "texture": "#0"
        },
        "south": {
          "uv": [
            12.66667,
            6.66667,
            13.33333,
            8
          ],
          "texture": "#0"
        },
        "west": {
          "uv": [
            8.66667,
            5.33333,
            10,
            6.66667
          ],
          "texture": "#0"
        },
        "up": {
          "uv": [
            13.33333,
            9.33333,
            12.66667,
            8
          ],
          "texture": "#0"
        },
        "down": {
          "uv": [
            13.33333,
            9.33333,
            12.66667,
            10.66667
          ],
          "texture": "#0"
        }
      }
    },
    {
      "from": [
        7.7,
        25.1,
        6.6
      ],
      "to": [
        8.3,
        26.4,
        7.9
      ],
      "rotation": {
        "angle": -45,
        "axis": "x",
        "origin": [
          8,
          26.5,
          8
        ]
      },
      "faces": {
        "north": {
          "uv": [
            8,
            14.66667,
            8.33333,
            15.5
          ],
          "texture": "#0"
        },
        "east": {
          "uv": [
            6.66667,
            13.33333,
            7.5,
            14.16667
          ],
          "texture": "#0"
        },
        "south": {
          "uv": [
            14.66667,
            8,
            15,
            8.83333
          ],
          "texture": "#0"
        },
        "west": {
          "uv": [
            13.33333,
            6.66667,
            14.16667,
            7.5
          ],
          "texture": "#0"
        },
        "up": {
          "uv": [
            9,
            15.5,
            8.66667,
            14.66667
          ],
          "texture": "#0"
        },
        "down": {
          "uv": [
            9.66667,
            14.66667,
            9.33333,
            15.5
          ],
          "texture": "#0"
        }
      }
    },
    {
      "from": [
        7.75,
        8.5,
        6.5
      ],
      "to": [
        8.25,
        15.5,
        7.5
      ],
      "rotation": {
        "angle": 0,
        "axis": "y",
        "origin": [
          7.25,
          0,
          0
        ]
      },
      "faces": {
        "north": {
          "uv": [
            8,
            8.66667,
            8.33333,
            13.33333
          ],
          "texture": "#0"
        },
        "east": {
          "uv": [
            6.66667,
            3.33333,
            7.33333,
            8
          ],
          "texture": "#0"
        },
        "south": {
          "uv": [
            8.66667,
            8.66667,
            9,
            13.33333
          ],
          "texture": "#0"
        },
        "west": {
          "uv": [
            7.33333,
            3.33333,
            8,
            8
          ],
          "texture": "#0"
        },
        "up": {
          "uv": [
            15,
            12,
            14.66667,
            11.33333
          ],
          "texture": "#0"
        },
        "down": {
          "uv": [
            12.33333,
            14.66667,
            12,
            15.33333
          ],
          "texture": "#0"
        }
      }
    },
    {
      "from": [
        7.752,
        10.79289,
        5.79289
      ],
      "to": [
        8.248,
        13.79289,
        6.79289
      ],
      "rotation": {
        "angle": 0,
        "axis": "y",
        "origin": [
          7.252,
          -1.70711,
          -0.70711
        ]
      },
      "faces": {
        "north": {
          "uv": [
            13.33333,
            8.66667,
            13.66667,
            10.66667
          ],
          "texture": "#0"
        },
        "east": {
          "uv": [
            10,
            2,
            10.66667,
            4
          ],
          "texture": "#0"
        },
        "west": {
          "uv": [
            10,
            4,
            10.66667,
            6
          ],
          "texture": "#0"
        }
      }
    },
    {
      "from": [
        7.751,
        15,
        6.70711
      ],
      "to": [
        8.249,
        16,
        7.70711
      ],
      "rotation": {
        "angle": 45,
        "axis": "x",
        "origin": [
          8.001,
          15.5,
          7.20711
        ]
      },
      "faces": {
        "north": {
          "uv": [
            14.66667,
            12,
            15,
            12.66667
          ],
          "texture": "#0"
        },
        "east": {
          "uv": [
            12,
            14,
            12.66667,
            14.66667
          ],
          "texture": "#0"
        },
        "south": {
          "uv": [
            12.66667,
            14.66667,
            13,
            15.33333
          ],
          "texture": "#0"
        },
        "west": {
          "uv": [
            12.66667,
            14,
            13.33333,
            14.66667
          ],
          "texture": "#0"
        },
        "up": {
          "uv": [
            15,
            13.33333,
            14.66667,
            12.66667
          ],
          "texture": "#0"
        }
      }
    },
    {
      "from": [
        7.751,
        24.25,
        6.70711
      ],
      "to": [
        8.249,
        25.25,
        7.70711
      ],
      "rotation": {
        "angle": 45,
        "axis": "x",
        "origin": [
          8.001,
          24.75,
          7.20711
        ]
      },
      "faces": {
        "north": {
          "uv": [
            15.33333,
            0,
            15.66667,
            0.66667
          ],
          "texture": "#0"
        },
        "east": {
          "uv": [
            14.66667,
            1.33333,
            15.33333,
            2
          ],
          "texture": "#0"
        },
        "south": {
          "uv": [
            0.66667,
            15.33333,
            1,
            16
          ],
          "texture": "#0"
        },
        "west": {
          "uv": [
            14.66667,
            2,
            15.33333,
            2.66667
          ],
          "texture": "#0"
        }
      }
    },
    {
      "from": [
        7.751,
        19.25,
        6.29289
      ],
      "to": [
        8.249,
        20.25,
        7.29289
      ],
      "rotation": {
        "angle": 45,
        "axis": "x",
        "origin": [
          8.001,
          19.75,
          6.79289
        ]
      },
      "faces": {
        "north": {
          "uv": [
            15.33333,
            0.66667,
            15.66667,
            1.33333
          ],
          "texture": "#0"
        },
        "east": {
          "uv": [
            14.66667,
            2.66667,
            15.33333,
            3.33333
          ],
          "texture": "#0"
        },
        "south": {
          "uv": [
            1.33333,
            15.33333,
            1.66667,
            16
          ],
          "texture": "#0"
        },
        "west": {
          "uv": [
            14.66667,
            3.33333,
            15.33333,
            4
          ],
          "texture": "#0"
        },
        "down": {
          "uv": [
            15.66667,
            1.33333,
            15.33333,
            2
          ],
          "texture": "#0"
        }
      }
    },
    {
      "from": [
        7.75,
        19.75,
        6.5
      ],
      "to": [
        8.25,
        24.75,
        7.5
      ],
      "rotation": {
        "angle": 0,
        "axis": "y",
        "origin": [
          7.25,
          11.25,
          0
        ]
      },
      "faces": {
        "north": {
          "uv": [
            10.66667,
            2.66667,
            11,
            6
          ],
          "texture": "#0"
        },
        "east": {
          "uv": [
            6,
            7.33333,
            6.66667,
            10.66667
          ],
          "texture": "#0"
        },
        "south": {
          "uv": [
            6,
            10.66667,
            6.33333,
            14
          ],
          "texture": "#0"
        },
        "west": {
          "uv": [
            8,
            4,
            8.66667,
            7.33333
          ],
          "texture": "#0"
        },
        "up": {
          "uv": [
            15,
            15.33333,
            14.66667,
            14.66667
          ],
          "texture": "#0"
        },
        "down": {
          "uv": [
            0.33333,
            15.33333,
            0,
            16
          ],
          "texture": "#0"
        }
      }
    },
    {
      "from": [
        7.751,
        24.25,
        8.29289
      ],
      "to": [
        8.249,
        25.25,
        9.29289
      ],
      "rotation": {
        "angle": -45,
        "axis": "x",
        "origin": [
          8.001,
          24.75,
          8.79289
        ]
      },
      "faces": {
        "north": {
          "uv": [
            1,
            15.33333,
            0.66667,
            16
          ],
          "texture": "#0"
        },
        "east": {
          "uv": [
            15.33333,
            1.33333,
            14.66667,
            2
          ],
          "texture": "#0"
        },
        "south": {
          "uv": [
            15.66667,
            0,
            15.33333,
            0.66667
          ],
          "texture": "#0"
        },
        "west": {
          "uv": [
            15.33333,
            2,
            14.66667,
            2.66667
          ],
          "texture": "#0"
        }
      }
    },
    {
      "from": [
        7.75,
        19.75,
        8.5
      ],
      "to": [
        8.25,
        24.75,
        9.5
      ],
      "rotation": {
        "angle": 0,
        "axis": "y",
        "origin": [
          7.25,
          11.25,
          16
        ]
      },
      "faces": {
        "north": {
          "uv": [
            6.33333,
            10.66667,
            6,
            14
          ],
          "texture": "#0"
        },
        "east": {
          "uv": [
            6.66667,
            7.33333,
            6,
            10.66667
          ],
          "texture": "#0"
        },
        "south": {
          "uv": [
            11,
            2.66667,
            10.66667,
            6
          ],
          "texture": "#0"
        },
        "west": {
          "uv": [
            8.66667,
            4,
            8,
            7.33333
          ],
          "texture": "#0"
        },
        "up": {
          "uv": [
            15,
            14.66667,
            14.66667,
            15.33333
          ],
          "texture": "#0"
        },
        "down": {
          "uv": [
            0.33333,
            16,
            0,
            15.33333
          ],
          "texture": "#0"
        }
      }
    },
    {
      "from": [
        7.751,
        19.25,
        8.70711
      ],
      "to": [
        8.249,
        20.25,
        9.70711
      ],
      "rotation": {
        "angle": -45,
        "axis": "x",
        "origin": [
          8.001,
          19.75,
          9.20711
        ]
      },
      "faces": {
        "north": {
          "uv": [
            1.66667,
            15.33333,
            1.33333,
            16
          ],
          "texture": "#0"
        },
        "east": {
          "uv": [
            15.33333,
            2.66667,
            14.66667,
            3.33333
          ],
          "texture": "#0"
        },
        "south": {
          "uv": [
            15.66667,
            0.66667,
            15.33333,
            1.33333
          ],
          "texture": "#0"
        },
        "west": {
          "uv": [
            15.33333,
            3.33333,
            14.66667,
            4
          ],
          "texture": "#0"
        },
        "down": {
          "uv": [
            15.66667,
            2,
            15.33333,
            1.33333
          ],
          "texture": "#0"
        }
      }
    },
    {
      "from": [
        7.751,
        13.29289,
        6
      ],
      "to": [
        8.249,
        14.29289,
        7
      ],
      "rotation": {
        "angle": 45,
        "axis": "x",
        "origin": [
          8.001,
          13.79289,
          6.5
        ]
      },
      "faces": {
        "north": {
          "uv": [
            13.33333,
            14.66667,
            13.66667,
            15.33333
          ],
          "texture": "#0"
        },
        "east": {
          "uv": [
            14,
            12.66667,
            14.66667,
            13.33333
          ],
          "texture": "#0"
        },
        "west": {
          "uv": [
            13.33333,
            14,
            14,
            14.66667
          ],
          "texture": "#0"
        },
        "down": {
          "uv": [
            15,
            13.33333,
            14.66667,
            14
          ],
          "texture": "#0"
        }
      }
    },
    {
      "from": [
        7.751,
        10.29289,
        6
      ],
      "to": [
        8.249,
        11.29289,
        7
      ],
      "rotation": {
        "angle": 45,
        "axis": "x",
        "origin": [
          8.001,
          10.79289,
          6.5
        ]
      },
      "faces": {
        "north": {
          "uv": [
            14,
            14.66667,
            14.33333,
            15.33333
          ],
          "texture": "#0"
        },
        "east": {
          "uv": [
            14,
            13.33333,
            14.66667,
            14
          ],
          "texture": "#0"
        },
        "west": {
          "uv": [
            14,
            14,
            14.66667,
            14.66667
          ],
          "texture": "#0"
        },
        "down": {
          "uv": [
            15,
            14,
            14.66667,
            14.66667
          ],
          "texture": "#0"
        }
      }
    },
    {
      "from": [
        7.751,
        15,
        8.29289
      ],
      "to": [
        8.249,
        16,
        9.29289
      ],
      "rotation": {
        "angle": -45,
        "axis": "x",
        "origin": [
          8.001,
          15.5,
          8.79289
        ]
      },
      "faces": {
        "north": {
          "uv": [
            13,
            14.66667,
            12.66667,
            15.33333
          ],
          "texture": "#0"
        },
        "east": {
          "uv": [
            12.66667,
            14,
            12,
            14.66667
          ],
          "texture": "#0"
        },
        "south": {
          "uv": [
            15,
            12,
            14.66667,
            12.66667
          ],
          "texture": "#0"
        },
        "west": {
          "uv": [
            13.33333,
            14,
            12.66667,
            14.66667
          ],
          "texture": "#0"
        },
        "up": {
          "uv": [
            15,
            12.66667,
            14.66667,
            13.33333
          ],
          "texture": "#0"
        }
      }
    },
    {
      "from": [
        7.75,
        8.5,
        8.5
      ],
      "to": [
        8.25,
        15.5,
        9.5
      ],
      "rotation": {
        "angle": 0,
        "axis": "y",
        "origin": [
          7.25,
          0,
          16
        ]
      },
      "faces": {
        "north": {
          "uv": [
            9,
            8.66667,
            8.66667,
            13.33333
          ],
          "texture": "#0"
        },
        "east": {
          "uv": [
            7.33333,
            3.33333,
            6.66667,
            8
          ],
          "texture": "#0"
        },
        "south": {
          "uv": [
            8.33333,
            8.66667,
            8,
            13.33333
          ],
          "texture": "#0"
        },
        "west": {
          "uv": [
            8,
            3.33333,
            7.33333,
            8
          ],
          "texture": "#0"
        },
        "up": {
          "uv": [
            15,
            11.33333,
            14.66667,
            12
          ],
          "texture": "#0"
        },
        "down": {
          "uv": [
            12.33333,
            15.33333,
            12,
            14.66667
          ],
          "texture": "#0"
        }
      }
    },
    {
      "from": [
        7.751,
        13.29289,
        9
      ],
      "to": [
        8.249,
        14.29289,
        10
      ],
      "rotation": {
        "angle": -45,
        "axis": "x",
        "origin": [
          8.001,
          13.79289,
          9.5
        ]
      },
      "faces": {
        "east": {
          "uv": [
            14.66667,
            12.66667,
            14,
            13.33333
          ],
          "texture": "#0"
        },
        "south": {
          "uv": [
            13.66667,
            14.66667,
            13.33333,
            15.33333
          ],
          "texture": "#0"
        },
        "west": {
          "uv": [
            14,
            14,
            13.33333,
            14.66667
          ],
          "texture": "#0"
        },
        "down": {
          "uv": [
            15,
            14,
            14.66667,
            13.33333
          ],
          "texture": "#0"
        }
      }
    },
    {
      "from": [
        7.752,
        10.79289,
        9.20711
      ],
      "to": [
        8.248,
        13.79289,
        10.20711
      ],
      "rotation": {
        "angle": 0,
        "axis": "y",
        "origin": [
          7.252,
          -1.70711,
          16.70711
        ]
      },
      "faces": {
        "east": {
          "uv": [
            10.66667,
            2,
            10,
            4
          ],
          "texture": "#0"
        },
        "south": {
          "uv": [
            13.66667,
            8.66667,
            13.33333,
            10.66667
          ],
          "texture": "#0"
        },
        "west": {
          "uv": [
            10.66667,
            4,
            10,
            6
          ],
          "texture": "#0"
        }
      }
    },
    {
      "from": [
        7.751,
        10.29289,
        9
      ],
      "to": [
        8.249,
        11.29289,
        10
      ],
      "rotation": {
        "angle": -45,
        "axis": "x",
        "origin": [
          8.001,
          10.79289,
          9.5
        ]
      },
      "faces": {
        "east": {
          "uv": [
            14.66667,
            13.33333,
            14,
            14
          ],
          "texture": "#0"
        },
        "south": {
          "uv": [
            14.33333,
            14.66667,
            14,
            15.33333
          ],
          "texture": "#0"
        },
        "west": {
          "uv": [
            14.66667,
            14,
            14,
            14.66667
          ],
          "texture": "#0"
        },
        "down": {
          "uv": [
            15,
            14.66667,
            14.66667,
            14
          ],
          "texture": "#0"
        }
      }
    },
    {
      "from": [
        7.975,
        -1.5,
        2.5
      ],
      "to": [
        8.025,
        0.5,
        7.5
      ],
      "rotation": {
        "angle": 22.5,
        "axis": "x",
        "origin": [
          7.975,
          -1.5,
          5.5
        ]
      },
      "faces": {
        "east": {
          "uv": [
            8,
            2,
            4.66667,
            3.33333
          ],
          "texture": "#0"
        },
        "west": {
          "uv": [
            4.66667,
            2,
            8,
            3.33333
          ],
          "texture": "#0"
        }
      }
    },
    {
      "from": [
        7.75,
        -1.25,
        7.975
      ],
      "to": [
        8.25,
        -0.25,
        9.475
      ],
      "rotation": {
        "angle": 22.5,
        "axis": "x",
        "origin": [
          8,
          -0.75,
          8.975
        ]
      },
      "faces": {
        "east": {
          "uv": [
            9,
            13.33333,
            8,
            14
          ],
          "texture": "#0"
        },
        "west": {
          "uv": [
            14.33333,
            8,
            13.33333,
            8.66667
          ],
          "texture": "#0"
        },
        "up": {
          "uv": [
            7,
            14.66667,
            6.66667,
            15.66667
          ],
          "texture": "#0"
        },
        "down": {
          "uv": [
            15,
            7.66667,
            14.66667,
            6.66667
          ],
          "texture": "#0"
        }
      }
    },
    {
      "from": [
        7.5,
        -1.5,
        8.6
      ],
      "to": [
        8.5,
        -0.5,
        10.6
      ],
      "rotation": {
        "angle": -22.5,
        "axis": "x",
        "origin": [
          8,
          -1,
          9.6
        ]
      },
      "faces": {
        "north": {
          "uv": [
            10.66667,
            9.33333,
            10,
            10
          ],
          "texture": "#0"
        },
        "east": {
          "uv": [
            12.66667,
            5.33333,
            11.33333,
            6
          ],
          "texture": "#0"
        },
        "south": {
          "uv": [
            10.66667,
            6,
            10,
            6.66667
          ],
          "texture": "#0"
        },
        "west": {
          "uv": [
            13.33333,
            0,
            12,
            0.66667
          ],
          "texture": "#0"
        },
        "up": {
          "uv": [
            10.66667,
            11.33333,
            10,
            12.66667
          ],
          "texture": "#0"
        },
        "down": {
          "uv": [
            12.66667,
            2,
            12,
            0.66667
          ],
          "texture": "#0"
        }
      }
    },
    {
      "from": [
        7.975,
        -1.5,
        8.5
      ],
      "to": [
        8.025,
        0.5,
        13.5
      ],
      "rotation": {
        "angle": -22.5,
        "axis": "x",
        "origin": [
          7.975,
          -1.5,
          10.5
        ]
      },
      "faces": {
        "east": {
          "uv": [
            4.66667,
            2,
            8,
            3.33333
          ],
          "texture": "#0"
        },
        "west": {
          "uv": [
            8,
            2,
            4.66667,
            3.33333
          ],
          "texture": "#0"
        }
      }
    },
    {
      "from": [
        7.5015,
        -1.5,
        10.06508
      ],
      "to": [
        8.4985,
        -0.5,
        11.06508
      ],
      "rotation": {
        "angle": 22.5,
        "axis": "x",
        "origin": [
          8.0015,
          -1,
          11.06508
        ]
      },
      "faces": {
        "east": {
          "uv": [
            6,
            14.66667,
            5.33333,
            15.33333
          ],
          "texture": "#0"
        },
        "south": {
          "uv": [
            5.33333,
            14.66667,
            4.66667,
            15.33333
          ],
          "texture": "#0"
        },
        "west": {
          "uv": [
            15.33333,
            5.33333,
            14.66667,
            6
          ],
          "texture": "#0"
        },
        "up": {
          "uv": [
            6.66667,
            14.66667,
            6,
            15.33333
          ],
          "texture": "#0"
        },
        "down": {
          "uv": [
            15.33333,
            6.66667,
            14.66667,
            6
          ],
          "texture": "#0"
        }
      }
    },
    {
      "from": [
        7.975,
        5.175,
        -0.5
      ],
      "to": [
        8.025,
        8.175,
        6
      ],
      "rotation": {
        "angle": 22.5,
        "axis": "x",
        "origin": [
          7.975,
          5.1,
          4.25
        ]
      },
      "faces": {
        "east": {
          "uv": [
            9,
            0,
            4.66667,
            2
          ],
          "texture": "#0"
        },
        "west": {
          "uv": [
            4.66667,
            0,
            9,
            2
          ],
          "texture": "#0"
        }
      }
    },
    {
      "from": [
        7.5,
        5.35,
        9.5
      ],
      "to": [
        8.5,
        6.35,
        11.5
      ],
      "rotation": {
        "angle": 22.5,
        "axis": "x",
        "origin": [
          8,
          6.1,
          11
        ]
      },
      "faces": {
        "north": {
          "uv": [
            14.66667,
            10,
            14,
            10.66667
          ],
          "texture": "#0"
        },
        "east": {
          "uv": [
            13.33333,
            11.33333,
            12,
            12
          ],
          "texture": "#0"
        },
        "south": {
          "uv": [
            10.66667,
            14,
            10,
            14.66667
          ],
          "texture": "#0"
        },
        "west": {
          "uv": [
            13.33333,
            12,
            12,
            12.66667
          ],
          "texture": "#0"
        },
        "up": {
          "uv": [
            13.33333,
            0.66667,
            12.66667,
            2
          ],
          "texture": "#0"
        },
        "down": {
          "uv": [
            13.33333,
            4,
            12.66667,
            2.66667
          ],
          "texture": "#0"
        }
      }
    },
    {
      "from": [
        7.501,
        4.96732,
        10.92597
      ],
      "to": [
        8.499,
        5.96732,
        13.92597
      ],
      "rotation": {
        "angle": -22.5,
        "axis": "x",
        "origin": [
          8.001,
          5.71732,
          10.42597
        ]
      },
      "faces": {
        "east": {
          "uv": [
            10.66667,
            6.66667,
            8.66667,
            7.33333
          ],
          "texture": "#0"
        },
        "south": {
          "uv": [
            11.33333,
            14,
            10.66667,
            14.66667
          ],
          "texture": "#0"
        },
        "west": {
          "uv": [
            11.33333,
            7.33333,
            9.33333,
            8
          ],
          "texture": "#0"
        },
        "up": {
          "uv": [
            5.33333,
            9.33333,
            4.66667,
            11.33333
          ],
          "texture": "#0"
        },
        "down": {
          "uv": [
            6,
            11.33333,
            5.33333,
            9.33333
          ],
          "texture": "#0"
        }
      }
    },
    {
      "from": [
        7.75,
        5.96732,
        11.67597
      ],
      "to": [
        8.25,
        6.96732,
        12.17597
      ],
      "rotation": {
        "angle": -22.5,
        "axis": "x",
        "origin": [
          8,
          5.71732,
          10.42597
        ]
      },
      "faces": {
        "north": {
          "uv": [
            15,
            10.66667,
            14.66667,
            11.33333
          ],
          "texture": "#0"
        },
        "east": {
          "uv": [
            11,
            14.66667,
            10.66667,
            15.33333
          ],
          "texture": "#0"
        },
        "south": {
          "uv": [
            15,
            10,
            14.66667,
            10.66667
          ],
          "texture": "#0"
        },
        "west": {
          "uv": [
            11.66667,
            14.66667,
            11.33333,
            15.33333
          ],
          "texture": "#0"
        },
        "up": {
          "uv": [
            15.66667,
            2,
            15.33333,
            2.33333
          ],
          "texture": "#0"
        }
      }
    },
    {
      "from": [
        7.751,
        6.66358,
        11.33501
      ],
      "to": [
        8.249,
        7.38858,
        12.76001
      ],
      "rotation": {
        "angle": 22.5,
        "axis": "x",
        "origin": [
          8.001,
          6.88858,
          11.83501
        ]
      },
      "faces": {
        "east": {
          "uv": [
            15,
            4,
            14,
            4.5
          ],
          "texture": "#0"
        },
        "south": {
          "uv": [
            2.33333,
            15.33333,
            2,
            15.83333
          ],
          "texture": "#0"
        },
        "west": {
          "uv": [
            15,
            4.66667,
            14,
            5.16667
          ],
          "texture": "#0"
        },
        "up": {
          "uv": [
            7.66667,
            14.66667,
            7.33333,
            15.66667
          ],
          "texture": "#0"
        }
      }
    },
    {
      "from": [
        7.975,
        5.175,
        10
      ],
      "to": [
        8.025,
        8.175,
        16.5
      ],
      "rotation": {
        "angle": -22.5,
        "axis": "x",
        "origin": [
          7.975,
          5.1,
          11.75
        ]
      },
      "faces": {
        "east": {
          "uv": [
            4.66667,
            0,
            9,
            2
          ],
          "texture": "#0"
        },
        "west": {
          "uv": [
            9,
            0,
            4.66667,
            2
          ],
          "texture": "#0"
        }
      }
    },
    {
      "from": [
        7.975,
        7.5,
        4.75
      ],
      "to": [
        8.025,
        30,
        11.25
      ],
      "rotation": {
        "angle": 0,
        "axis": "y",
        "origin": [
          7.975,
          7.5,
          5.5
        ]
      },
      "faces": {
        "east": {
          "uv": [
            4.33333,
            0,
            0,
            15
          ],
          "texture": "#0"
        },
        "west": {
          "uv": [
            0,
            0,
            4.33333,
            15
          ],
          "texture": "#0"
        }
      }
    },
    {
      "from": [
        7.75,
        5.5,
        0.5
      ],
      "to": [
        7.75,
        10,
        2.75
      ],
      "rotation": {
        "angle": -22.5,
        "axis": "x",
        "origin": [
          7.75,
          7.5,
          1.625
        ]
      },
      "faces": {
        "west": {
          "uv": [
            12.33333,
            0,
            15.33333,
            6
          ],
          "texture": "#1"
        }
      }
    },
    {
      "from": [
        7.75,
        -2.5,
        -0.25
      ],
      "to": [
        7.75,
        2,
        2
      ],
      "rotation": {
        "angle": -22.5,
        "axis": "x",
        "origin": [
          7.75,
          7.5,
          1.625
        ]
      },
      "faces": {
        "west": {
          "uv": [
            9.33333,
            0,
            12.33333,
            6
          ],
          "texture": "#1"
        }
      }
    },
    {
      "from": [
        7.5,
        8.5,
        9
      ],
      "to": [
        7.5,
        17.5,
        12
      ],
      "faces": {
        "west": {
          "uv": [
            5.33333,
            0,
            9.33333,
            12
          ],
          "texture": "#1"
        }
      }
    },
    {
      "from": [
        7.5,
        18,
        8.25
      ],
      "to": [
        7.5,
        29,
        12.25
      ],
      "rotation": {
        "angle": 0,
        "axis": "y",
        "origin": [
          0,
          0,
          -4.5
        ]
      },
      "faces": {
        "west": {
          "uv": [
            0,
            0,
            5.33333,
            14.66667
          ],
          "texture": "#1"
        }
      }
    },
    {
      "from": [
        7.5,
        18,
        3.75
      ],
      "to": [
        7.5,
        29,
        7.75
      ],
      "rotation": {
        "angle": 0,
        "axis": "y",
        "origin": [
          0,
          0,
          11.5
        ]
      },
      "faces": {
        "west": {
          "uv": [
            5.33333,
            0,
            0,
            14.66667
          ],
          "texture": "#1"
        }
      }
    },
    {
      "from": [
        7.5,
        8.5,
        4
      ],
      "to": [
        7.5,
        17.5,
        7
      ],
      "rotation": {
        "angle": 0,
        "axis": "y",
        "origin": [
          0,
          0,
          16
        ]
      },
      "faces": {
        "west": {
          "uv": [
            9.33333,
            0,
            5.33333,
            12
          ],
          "texture": "#1"
        }
      }
    },
    {
      "from": [
        7.75,
        5.5,
        13.25
      ],
      "to": [
        7.75,
        10,
        15.5
      ],
      "rotation": {
        "angle": 22.5,
        "axis": "x",
        "origin": [
          7.75,
          7.5,
          14.375
        ]
      },
      "faces": {
        "west": {
          "uv": [
            15.33333,
            0,
            12.33333,
            6
          ],
          "texture": "#1"
        }
      }
    },
    {
      "from": [
        7.75,
        -2.5,
        14
      ],
      "to": [
        7.75,
        2,
        16.25
      ],
      "rotation": {
        "angle": 22.5,
        "axis": "x",
        "origin": [
          7.75,
          7.5,
          14.375
        ]
      },
      "faces": {
        "west": {
          "uv": [
            12.33333,
            0,
            9.33333,
            6
          ],
          "texture": "#1"
        }
      }
    },
    {
      "from": [
        8.5,
        18,
        3.75
      ],
      "to": [
        8.5,
        29,
        7.75
      ],
      "rotation": {
        "angle": 0,
        "axis": "y",
        "origin": [
          16,
          0,
          11.5
        ]
      },
      "faces": {
        "east": {
          "uv": [
            0,
            0,
            5.33333,
            14.66667
          ],
          "texture": "#1"
        }
      }
    },
    {
      "from": [
        8.5,
        18,
        8.25
      ],
      "to": [
        8.5,
        29,
        12.25
      ],
      "rotation": {
        "angle": 0,
        "axis": "y",
        "origin": [
          16,
          0,
          -4.5
        ]
      },
      "faces": {
        "east": {
          "uv": [
            5.33333,
            0,
            0,
            14.66667
          ],
          "texture": "#1"
        }
      }
    },
    {
      "from": [
        8.5,
        8.5,
        9
      ],
      "to": [
        8.5,
        17.5,
        12
      ],
      "rotation": {
        "angle": 0,
        "axis": "y",
        "origin": [
          16,
          0,
          0
        ]
      },
      "faces": {
        "east": {
          "uv": [
            9.33333,
            0,
            5.33333,
            12
          ],
          "texture": "#1"
        }
      }
    },
    {
      "from": [
        8.5,
        8.5,
        4
      ],
      "to": [
        8.5,
        17.5,
        7
      ],
      "rotation": {
        "angle": 0,
        "axis": "y",
        "origin": [
          16,
          0,
          16
        ]
      },
      "faces": {
        "east": {
          "uv": [
            5.33333,
            0,
            9.33333,
            12
          ],
          "texture": "#1"
        }
      }
    },
    {
      "from": [
        8.25,
        5.5,
        0.5
      ],
      "to": [
        8.25,
        10,
        2.75
      ],
      "rotation": {
        "angle": -22.5,
        "axis": "x",
        "origin": [
          8.25,
          7.5,
          1.625
        ]
      },
      "faces": {
        "east": {
          "uv": [
            15.33333,
            0,
            12.33333,
            6
          ],
          "texture": "#1"
        }
      }
    },
    {
      "from": [
        8.25,
        5.5,
        13.25
      ],
      "to": [
        8.25,
        10,
        15.5
      ],
      "rotation": {
        "angle": 22.5,
        "axis": "x",
        "origin": [
          8.25,
          7.5,
          14.375
        ]
      },
      "faces": {
        "east": {
          "uv": [
            12.33333,
            0,
            15.33333,
            6
          ],
          "texture": "#1"
        }
      }
    },
    {
      "from": [
        8.25,
        -2.5,
        14
      ],
      "to": [
        8.25,
        2,
        16.25
      ],
      "rotation": {
        "angle": 22.5,
        "axis": "x",
        "origin": [
          8.25,
          7.5,
          14.375
        ]
      },
      "faces": {
        "east": {
          "uv": [
            9.33333,
            0,
            12.33333,
            6
          ],
          "texture": "#1"
        }
      }
    },
    {
      "from": [
        8.25,
        -2.5,
        -0.25
      ],
      "to": [
        8.25,
        2,
        2
      ],
      "rotation": {
        "angle": -22.5,
        "axis": "x",
        "origin": [
          8.25,
          7.5,
          1.625
        ]
      },
      "faces": {
        "east": {
          "uv": [
            12.33333,
            0,
            9.33333,
            6
          ],
          "texture": "#1"
        }
      }
    },
    {
      "from": [
        6.9,
        3.5,
        5.5
      ],
      "to": [
        6.9,
        8.5,
        10.5
      ],
      "rotation": {
        "angle": 0,
        "axis": "x",
        "origin": [
          6.75,
          6,
          8
        ]
      },
      "faces": {
        "west": {
          "uv": [
            0,
            0,
            10,
            10
          ],
          "texture": "#2"
        }
      }
    },
    {
      "from": [
        9.1,
        3.5,
        5.5
      ],
      "to": [
        9.1,
        8.5,
        10.5
      ],
      "rotation": {
        "angle": 0,
        "axis": "x",
        "origin": [
          9.25,
          6,
          8
        ]
      },
      "faces": {
        "east": {
          "uv": [
            10,
            0,
            0,
            10
          ],
          "texture": "#2"
        }
      }
    }
  ],
  "gui_light": "front",
  "display": {
    "thirdperson_righthand": {
      "translation": [
        0,
        3.25,
        1
      ]
    },
    "thirdperson_lefthand": {
      "translation": [
        0,
        3.25,
        1
      ]
    },
    "firstperson_righthand": {
      "rotation": [
        -10,
        0,
        0
      ],
      "translation": [
        0,
        2.5,
        0
      ]
    },
    "firstperson_lefthand": {
      "rotation": [
        -10,
        0,
        0
      ],
      "translation": [
        0,
        2.5,
        0
      ]
    },
    "ground": {
      "rotation": [
        45,
        0,
        0
      ],
      "translation": [
        0,
        10.75,
        0
      ]
    },
    "gui": {
      "rotation": [
        -90,
        45,
        90
      ],
      "translation": [
        2.25,
        -2.25,
        0
      ],
      "scale": [
        0.67773,
        0.67773,
        0.67773
      ]
    },
    "head": {
      "rotation": [
        -90,
        90,
        90
      ]
    },
    "fixed": {
      "rotation": [
        -90,
        90,
        90
      ],
      "translation": [
        0,
        -8.75,
        -1.25
      ],
      "scale": [
        1.5,
        1.5,
        1.5
      ]
    }
  }
}