{"credit":"Made with Blockbench","texture_size":[64,64],"textures":{"0":"customhatsv1:hats/alligator_hat_texture","particle":"customhatsv1:hats/alligator_hat_texture"},"elements":[{"from":[4,5,12],"to":[12,11,14],"rotation":{"angle":0,"axis":"y","origin":[0,-3.5,0]},"faces":{"north":{"uv":[5,0,7,1.5],"texture":"#0"},"east":{"uv":[7.75,3.5,8.25,5],"texture":"#0"},"south":{"uv":[5,1.5,7,3],"texture":"#0"},"west":{"uv":[7.75,5,8.25,6.5],"texture":"#0"},"up":{"uv":[4.75,6,2.75,5.5],"texture":"#0"},"down":{"uv":[9.75,3,7.75,3.5],"texture":"#0"}}},{"from":[7,9,13],"to":[9,11,15],"rotation":{"angle":45,"axis":"x","origin":[6,11,15]},"faces":{"north":{"uv":[2.75,8.5,3.25,9],"texture":"#0"},"east":{"uv":[3.25,8.5,3.75,9],"texture":"#0"},"south":{"uv":[3.75,8.5,4.25,9],"texture":"#0"},"west":{"uv":[4.25,8.5,4.75,9],"texture":"#0"},"up":{"uv":[5.25,9,4.75,8.5],"texture":"#0"},"down":{"uv":[5.75,8.5,5.25,9],"texture":"#0"}}},{"from":[7,4,12.33579],"to":[9,6,14.33579],"rotation":{"angle":-22.5,"axis":"x","origin":[8,5,13.58579]},"faces":{"north":{"uv":[5.75,8.5,6.25,9],"texture":"#0"},"east":{"uv":[6.25,8.5,6.75,9],"texture":"#0"},"south":{"uv":[6.75,8.5,7.25,9],"texture":"#0"},"west":{"uv":[8.5,7,9,7.5],"texture":"#0"},"up":{"uv":[9,8,8.5,7.5],"texture":"#0"},"down":{"uv":[8.5,8.5,8,9],"texture":"#0"}}},{"from":[7,6.75,15.25],"to":[9,8.75,17.25],"rotation":{"angle":-45,"axis":"x","origin":[6,5,15]},"faces":{"north":{"uv":[8.5,8,9,8.5],"texture":"#0"},"east":{"uv":[8.5,8.5,9,9],"texture":"#0"},"south":{"uv":[0,8.75,0.5,9.25],"texture":"#0"},"west":{"uv":[0.5,8.75,1,9.25],"texture":"#0"},"up":{"uv":[1.5,9.25,1,8.75],"texture":"#0"},"down":{"uv":[9.25,1,8.75,1.5],"texture":"#0"}}},{"from":[3.5,5,8],"to":[3.5,11,12],"rotation":{"angle":0,"axis":"y","origin":[0,-3.5,0]},"faces":{"north":{"uv":[0,0,0,1.5],"texture":"#0"},"east":{"uv":[7,1,8,2.5],"texture":"#0"},"south":{"uv":[0,0,0,1.5],"texture":"#0"},"west":{"uv":[2.5,7,3.5,8.5],"texture":"#0"},"up":{"uv":[0,1,0,0],"texture":"#0"},"down":{"uv":[0,0,0,1],"texture":"#0"}}},{"from":[12.5,5,8],"to":[12.5,11,12],"rotation":{"angle":0,"axis":"y","origin":[16,-3.5,0]},"faces":{"north":{"uv":[0,0,0,1.5],"texture":"#0"},"east":{"uv":[3.5,7,4.5,8.5],"texture":"#0"},"south":{"uv":[0,0,0,1.5],"texture":"#0"},"west":{"uv":[4.5,7,5.5,8.5],"texture":"#0"},"up":{"uv":[0,1,0,0],"texture":"#0"},"down":{"uv":[0,0,0,1],"texture":"#0"}}},{"from":[3,1,2],"to":[13,5,13],"rotation":{"angle":-22.5,"axis":"x","origin":[3.5,4.5,4.5]},"faces":{"north":{"uv":[2.75,6,5.25,7],"texture":"#0"},"east":{"uv":[5,3,7.75,4],"texture":"#0"},"south":{"uv":[5.25,6,7.75,7],"texture":"#0"},"west":{"uv":[5,4,7.75,5],"texture":"#0"},"up":{"uv":[2.5,2.75,0,0],"texture":"#0"},"down":{"uv":[5,0,2.5,2.75],"texture":"#0"}}},{"from":[3,11.4295,2],"to":[13,15.4295,13],"rotation":{"angle":22.5,"axis":"x","origin":[3.5,11.9295,4.5]},"faces":{"north":{"uv":[0,6.5,2.5,7.5],"texture":"#0"},"east":{"uv":[5,5,7.75,6],"texture":"#0"},"south":{"uv":[7,0,9.5,1],"texture":"#0"},"west":{"uv":[0,5.5,2.75,6.5],"texture":"#0"},"up":{"uv":[2.5,5.5,0,2.75],"texture":"#0"},"down":{"uv":[5,2.75,2.5,5.5],"texture":"#0"}}},{"from":[6,15.4295,2],"to":[10,16.4295,4],"rotation":{"angle":22.5,"axis":"x","origin":[3.5,11.9295,4.5]},"faces":{"north":{"uv":[8,2.25,9,2.5],"texture":"#0"},"east":{"uv":[8.75,4.5,9.25,4.75],"texture":"#0"},"south":{"uv":[8.75,1.5,9.75,1.75],"texture":"#0"},"west":{"uv":[8.75,4.75,9.25,5],"texture":"#0"},"up":{"uv":[8.75,7,7.75,6.5],"texture":"#0"},"down":{"uv":[9,1.75,8,2.25],"texture":"#0"}}},{"from":[6,14.4295,1],"to":[10,16.4295,2],"rotation":{"angle":22.5,"axis":"x","origin":[3.5,11.9295,4.5]},"faces":{"north":{"uv":[5.5,8,6.5,8.5],"texture":"#0"},"east":{"uv":[4.75,5.5,5,6],"texture":"#0"},"south":{"uv":[6.5,8,7.5,8.5],"texture":"#0"},"west":{"uv":[2.5,6.5,2.75,7],"texture":"#0"},"up":{"uv":[9.75,3.75,8.75,3.5],"texture":"#0"},"down":{"uv":[9.75,3.75,8.75,4],"texture":"#0"}}},{"from":[4,15.4295,8],"to":[6,18.4295,11],"rotation":{"angle":22.5,"axis":"x","origin":[3.5,11.9295,4.5]},"faces":{"north":{"uv":[8,7,8.5,7.75],"texture":"#0"},"east":{"uv":[0,8,0.75,8.75],"texture":"#0"},"south":{"uv":[7.5,8,8,8.75],"texture":"#0"},"west":{"uv":[0.75,8,1.5,8.75],"texture":"#0"},"up":{"uv":[8.5,8.5,8,7.75],"texture":"#0"},"down":{"uv":[8.75,3.5,8.25,4.25],"texture":"#0"}}},{"from":[3,15.4295,11],"to":[13,17.4295,13],"rotation":{"angle":22.5,"axis":"x","origin":[3.5,11.9295,4.5]},"faces":{"north":{"uv":[7,2.5,9.5,3],"texture":"#0"},"east":{"uv":[1.5,8.75,2,9.25],"texture":"#0"},"south":{"uv":[5.5,7,8,7.5],"texture":"#0"},"west":{"uv":[8.75,4,9.25,4.5],"texture":"#0"},"up":{"uv":[2.5,8,0,7.5],"texture":"#0"},"down":{"uv":[8,7.5,5.5,8],"texture":"#0"}}},{"from":[10,15.4295,8],"to":[12,18.4295,11],"rotation":{"angle":22.5,"axis":"x","origin":[12.5,11.9295,4.5]},"faces":{"north":{"uv":[8.25,4.25,8.75,5],"texture":"#0"},"east":{"uv":[8,1,8.75,1.75],"texture":"#0"},"south":{"uv":[8.25,5,8.75,5.75],"texture":"#0"},"west":{"uv":[1.5,8,2.25,8.75],"texture":"#0"},"up":{"uv":[8.75,6.5,8.25,5.75],"texture":"#0"},"down":{"uv":[2.75,8.5,2.25,9.25],"texture":"#0"}}},{"from":[12.5,8.94149,6.11956],"to":[12.5,9.94149,7.11956],"rotation":{"angle":-22.5,"axis":"x","origin":[12.5,10.84149,4.26956]},"faces":{"north":{"uv":[0,0,0,0.25],"texture":"#0"},"east":{"uv":[2.25,8,2.5,8.25],"texture":"#0"},"south":{"uv":[0,0,0,0.25],"texture":"#0"},"west":{"uv":[2.25,8.25,2.5,8.5],"texture":"#0"},"up":{"uv":[0,0.25,0,0],"texture":"#0"},"down":{"uv":[0,0,0,0.25],"texture":"#0"}}},{"from":[12.5,10.44149,4.61956],"to":[12.5,11.44149,5.61956],"rotation":{"angle":-22.5,"axis":"x","origin":[12.5,10.84149,4.26956]},"faces":{"north":{"uv":[0,0,0,0.25],"texture":"#0"},"east":{"uv":[7.25,8.5,7.5,8.75],"texture":"#0"},"south":{"uv":[0,0,0,0.25],"texture":"#0"},"west":{"uv":[2,8.75,2.25,9],"texture":"#0"},"up":{"uv":[0,0.25,0,0],"texture":"#0"},"down":{"uv":[0,0,0,0.25],"texture":"#0"}}},{"from":[12.5,11.34149,2.51956],"to":[12.5,12.34149,3.51956],"rotation":{"angle":-22.5,"axis":"x","origin":[12.5,11.84149,2.26956]},"faces":{"north":{"uv":[0,0,0,0.25],"texture":"#0"},"east":{"uv":[8.75,5,9,5.25],"texture":"#0"},"south":{"uv":[0,0,0,0.25],"texture":"#0"},"west":{"uv":[8.75,5.25,9,5.5],"texture":"#0"},"up":{"uv":[0,0.25,0,0],"texture":"#0"},"down":{"uv":[0,0,0,0.25],"texture":"#0"}}},{"from":[10.5,11.59149,2.26956],"to":[11.5,12.59149,2.26956],"rotation":{"angle":-45,"axis":"z","origin":[11.5,11.84149,2.26956]},"faces":{"north":{"uv":[8.75,5.5,9,5.75],"texture":"#0"},"east":{"uv":[0,0,0,0.25],"texture":"#0"},"south":{"uv":[8.75,5.75,9,6],"texture":"#0"},"west":{"uv":[0,0,0,0.25],"texture":"#0"},"up":{"uv":[0.25,0,0,0],"texture":"#0"},"down":{"uv":[0.25,0,0,0],"texture":"#0"}}},{"from":[9,10.09149,2.26956],"to":[10,11.09149,2.26956],"rotation":{"angle":-45,"axis":"z","origin":[11.5,11.84149,2.26956]},"faces":{"north":{"uv":[8.75,6,9,6.25],"texture":"#0"},"east":{"uv":[0,0,0,0.25],"texture":"#0"},"south":{"uv":[8.75,6.25,9,6.5],"texture":"#0"},"west":{"uv":[0,0,0,0.25],"texture":"#0"},"up":{"uv":[0.25,0,0,0],"texture":"#0"},"down":{"uv":[0.25,0,0,0],"texture":"#0"}}},{"from":[6,10.09149,2.26956],"to":[7,11.09149,2.26956],"rotation":{"angle":45,"axis":"z","origin":[4.5,11.84149,2.26956]},"faces":{"north":{"uv":[8.75,6.5,9,6.75],"texture":"#0"},"east":{"uv":[0,0,0,0.25],"texture":"#0"},"south":{"uv":[8.75,6.75,9,7],"texture":"#0"},"west":{"uv":[0,0,0,0.25],"texture":"#0"},"up":{"uv":[0.25,0,0,0],"texture":"#0"},"down":{"uv":[0.25,0,0,0],"texture":"#0"}}},{"from":[4.5,11.59149,2.26956],"to":[5.5,12.59149,2.26956],"rotation":{"angle":45,"axis":"z","origin":[4.5,11.84149,2.26956]},"faces":{"north":{"uv":[7.25,8.75,7.5,9],"texture":"#0"},"east":{"uv":[0,0,0,0.25],"texture":"#0"},"south":{"uv":[7.5,8.75,7.75,9],"texture":"#0"},"west":{"uv":[0,0,0,0.25],"texture":"#0"},"up":{"uv":[0.25,0,0,0],"texture":"#0"},"down":{"uv":[0.25,0,0,0],"texture":"#0"}}},{"from":[3.5,11.34149,2.51956],"to":[3.5,12.34149,3.51956],"rotation":{"angle":-22.5,"axis":"x","origin":[3.5,11.84149,2.26956]},"faces":{"north":{"uv":[0,0,0,0.25],"texture":"#0"},"east":{"uv":[7.75,8.75,8,9],"texture":"#0"},"south":{"uv":[0,0,0,0.25],"texture":"#0"},"west":{"uv":[9,1.75,9.25,2],"texture":"#0"},"up":{"uv":[0,0.25,0,0],"texture":"#0"},"down":{"uv":[0,0,0,0.25],"texture":"#0"}}},{"from":[3.5,10.44149,4.61956],"to":[3.5,11.44149,5.61956],"rotation":{"angle":-22.5,"axis":"x","origin":[3.5,10.84149,4.26956]},"faces":{"north":{"uv":[0,0,0,0.25],"texture":"#0"},"east":{"uv":[2,9,2.25,9.25],"texture":"#0"},"south":{"uv":[0,0,0,0.25],"texture":"#0"},"west":{"uv":[9,2,9.25,2.25],"texture":"#0"},"up":{"uv":[0,0.25,0,0],"texture":"#0"},"down":{"uv":[0,0,0,0.25],"texture":"#0"}}},{"from":[3.5,8.94149,6.11956],"to":[3.5,9.94149,7.11956],"rotation":{"angle":-22.5,"axis":"x","origin":[3.5,10.84149,4.26956]},"faces":{"north":{"uv":[0,0,0,0.25],"texture":"#0"},"east":{"uv":[9,2.25,9.25,2.5],"texture":"#0"},"south":{"uv":[0,0,0,0.25],"texture":"#0"},"west":{"uv":[2.75,9,3,9.25],"texture":"#0"},"up":{"uv":[0,0.25,0,0],"texture":"#0"},"down":{"uv":[0,0,0,0.25],"texture":"#0"}}},{"from":[12.5,6.55851,6.11956],"to":[12.5,7.55851,7.11956],"rotation":{"angle":22.5,"axis":"x","origin":[12.5,5.65851,4.26956]},"faces":{"north":{"uv":[0,0,0,0.25],"texture":"#0"},"east":{"uv":[3,9,3.25,9.25],"texture":"#0"},"south":{"uv":[0,0,0,0.25],"texture":"#0"},"west":{"uv":[3.25,9,3.5,9.25],"texture":"#0"},"up":{"uv":[0,0.25,0,0],"texture":"#0"},"down":{"uv":[0,0,0,0.25],"texture":"#0"}}},{"from":[12.5,5.05851,4.61956],"to":[12.5,6.05851,5.61956],"rotation":{"angle":22.5,"axis":"x","origin":[12.5,5.65851,4.26956]},"faces":{"north":{"uv":[0,0,0,0.25],"texture":"#0"},"east":{"uv":[3.5,9,3.75,9.25],"texture":"#0"},"south":{"uv":[0,0,0,0.25],"texture":"#0"},"west":{"uv":[3.75,9,4,9.25],"texture":"#0"},"up":{"uv":[0,0.25,0,0],"texture":"#0"},"down":{"uv":[0,0,0,0.25],"texture":"#0"}}},{"from":[12.5,4.15851,2.51956],"to":[12.5,5.15851,3.51956],"rotation":{"angle":22.5,"axis":"x","origin":[12.5,4.65851,2.26956]},"faces":{"north":{"uv":[0,0,0,0.25],"texture":"#0"},"east":{"uv":[4,9,4.25,9.25],"texture":"#0"},"south":{"uv":[0,0,0,0.25],"texture":"#0"},"west":{"uv":[4.25,9,4.5,9.25],"texture":"#0"},"up":{"uv":[0,0.25,0,0],"texture":"#0"},"down":{"uv":[0,0,0,0.25],"texture":"#0"}}},{"from":[10.5,3.90851,2.26956],"to":[11.5,4.90851,2.26956],"rotation":{"angle":45,"axis":"z","origin":[11.5,4.65851,2.26956]},"faces":{"north":{"uv":[4.5,9,4.75,9.25],"texture":"#0"},"east":{"uv":[0,0,0,0.25],"texture":"#0"},"south":{"uv":[4.75,9,5,9.25],"texture":"#0"},"west":{"uv":[0,0,0,0.25],"texture":"#0"},"up":{"uv":[0.25,0,0,0],"texture":"#0"},"down":{"uv":[0.25,0,0,0],"texture":"#0"}}},{"from":[9,5.40851,2.26956],"to":[10,6.40851,2.26956],"rotation":{"angle":45,"axis":"z","origin":[11.5,4.65851,2.26956]},"faces":{"north":{"uv":[5,9,5.25,9.25],"texture":"#0"},"east":{"uv":[0,0,0,0.25],"texture":"#0"},"south":{"uv":[9,5,9.25,5.25],"texture":"#0"},"west":{"uv":[0,0,0,0.25],"texture":"#0"},"up":{"uv":[0.25,0,0,0],"texture":"#0"},"down":{"uv":[0.25,0,0,0],"texture":"#0"}}},{"from":[6,5.40851,2.26956],"to":[7,6.40851,2.26956],"rotation":{"angle":-45,"axis":"z","origin":[4.5,4.65851,2.26956]},"faces":{"north":{"uv":[5.25,9,5.5,9.25],"texture":"#0"},"east":{"uv":[0,0,0,0.25],"texture":"#0"},"south":{"uv":[9,5.25,9.25,5.5],"texture":"#0"},"west":{"uv":[0,0,0,0.25],"texture":"#0"},"up":{"uv":[0.25,0,0,0],"texture":"#0"},"down":{"uv":[0.25,0,0,0],"texture":"#0"}}},{"from":[4.5,3.90851,2.26956],"to":[5.5,4.90851,2.26956],"rotation":{"angle":-45,"axis":"z","origin":[4.5,4.65851,2.26956]},"faces":{"north":{"uv":[5.5,9,5.75,9.25],"texture":"#0"},"east":{"uv":[0,0,0,0.25],"texture":"#0"},"south":{"uv":[9,5.5,9.25,5.75],"texture":"#0"},"west":{"uv":[0,0,0,0.25],"texture":"#0"},"up":{"uv":[0.25,0,0,0],"texture":"#0"},"down":{"uv":[0.25,0,0,0],"texture":"#0"}}},{"from":[3.5,4.15851,2.51956],"to":[3.5,5.15851,3.51956],"rotation":{"angle":22.5,"axis":"x","origin":[3.5,4.65851,2.26956]},"faces":{"north":{"uv":[0,0,0,0.25],"texture":"#0"},"east":{"uv":[5.75,9,6,9.25],"texture":"#0"},"south":{"uv":[0,0,0,0.25],"texture":"#0"},"west":{"uv":[9,5.75,9.25,6],"texture":"#0"},"up":{"uv":[0,0.25,0,0],"texture":"#0"},"down":{"uv":[0,0,0,0.25],"texture":"#0"}}},{"from":[3.5,5.05851,4.61956],"to":[3.5,6.05851,5.61956],"rotation":{"angle":22.5,"axis":"x","origin":[3.5,5.65851,4.26956]},"faces":{"north":{"uv":[0,0,0,0.25],"texture":"#0"},"east":{"uv":[6,9,6.25,9.25],"texture":"#0"},"south":{"uv":[0,0,0,0.25],"texture":"#0"},"west":{"uv":[9,6,9.25,6.25],"texture":"#0"},"up":{"uv":[0,0.25,0,0],"texture":"#0"},"down":{"uv":[0,0,0,0.25],"texture":"#0"}}},{"from":[3.5,6.55851,6.11956],"to":[3.5,7.55851,7.11956],"rotation":{"angle":22.5,"axis":"x","origin":[3.5,5.65851,4.26956]},"faces":{"north":{"uv":[0,0,0,0.25],"texture":"#0"},"east":{"uv":[6.25,9,6.5,9.25],"texture":"#0"},"south":{"uv":[0,0,0,0.25],"texture":"#0"},"west":{"uv":[9,6.25,9.25,6.5],"texture":"#0"},"up":{"uv":[0,0.25,0,0],"texture":"#0"},"down":{"uv":[0,0,0,0.25],"texture":"#0"}}}],"gui_light":"front","display":{"thirdperson_righthand":{"translation":[0,-2.25,-2.75],"scale":[0.75,0.75,0.75]},"thirdperson_lefthand":{"translation":[0,-2.25,-2.75],"scale":[0.75,0.75,0.75]},"firstperson_righthand":{"translation":[1.75,0,0],"scale":[0.75,0.75,0.75]},"firstperson_lefthand":{"translation":[1.75,0,0],"scale":[0.75,0.75,0.75]},"ground":{"translation":[0,4.5,0],"scale":[0.75,0.75,0.75]},"gui":{"rotation":[23,145,0],"scale":[0.77,0.77,0.77]},"head":{"translation":[0,-0.5,0],"scale":[1.6,1.6,1.6]},"fixed":{"rotation":[-90,0,0],"translation":[0,0,-14],"scale":[1.81,1.81,1.81]}},"groups":[{"name":"alligator_hat","origin":[8,8,8],"color":0,"children":[0,1,2,3,4,5,6,7,8,9,10,11,12,{"name":"teeth","origin":[3.5,5.65851,4.26956],"color":0,"children":[13,14,15,16,17,18,19,20,21,22]},{"name":"teeth","origin":[3.5,5.65851,4.26956],"color":0,"children":[23,24,25,26,27,28,29,30,31,32]}]}]}