{
	"credit": "Made with Blockbench",
	"textures": {
		"0": "modelengine:entity/lr_firecrackers"
	},
	"elements": [
		{
			"from": [11, 0, 4],
			"to": [12, 1, 7],
			"rotation": {"angle": -45, "axis": "z", "origin": [16.5, 0.75, 8]},
			"faces": {
				"north": {"uv": [4, 6, 5, 7], "texture": "#0"},
				"east": {"uv": [0, 6, 3, 7], "texture": "#0"},
				"south": {"uv": [6, 4, 7, 5], "texture": "#0"},
				"west": {"uv": [6, 0, 9, 1], "texture": "#0"},
				"up": {"uv": [7, 4, 6, 1], "texture": "#0"},
				"down": {"uv": [4, 6, 3, 9], "texture": "#0"}
			}
		},
		{
			"from": [13, 0, 4],
			"to": [14, 1, 7],
			"rotation": {"angle": -45, "axis": "z", "origin": [16.5, 0.75, 8]},
			"faces": {
				"north": {"uv": [4, 6, 5, 7], "texture": "#0"},
				"east": {"uv": [0, 6, 3, 7], "texture": "#0"},
				"south": {"uv": [6, 4, 7, 5], "texture": "#0"},
				"west": {"uv": [6, 0, 9, 1], "texture": "#0"},
				"up": {"uv": [7, 4, 6, 1], "texture": "#0"},
				"down": {"uv": [4, 6, 3, 9], "texture": "#0"}
			}
		},
		{
			"from": [14, 0, 9],
			"to": [15, 1, 12],
			"rotation": {"angle": -45, "axis": "z", "origin": [16.5, 0.75, 8]},
			"faces": {
				"north": {"uv": [5, 6, 4, 7], "texture": "#0"},
				"east": {"uv": [9, 0, 6, 1], "texture": "#0"},
				"south": {"uv": [7, 4, 6, 5], "texture": "#0"},
				"west": {"uv": [3, 6, 0, 7], "texture": "#0"},
				"up": {"uv": [6, 4, 7, 1], "texture": "#0"},
				"down": {"uv": [3, 6, 4, 9], "texture": "#0"}
			}
		},
		{
			"from": [12, 0, 9],
			"to": [13, 1, 12],
			"rotation": {"angle": -45, "axis": "z", "origin": [16.5, 0.75, 8]},
			"faces": {
				"north": {"uv": [5, 6, 4, 7], "texture": "#0"},
				"east": {"uv": [9, 0, 6, 1], "texture": "#0"},
				"south": {"uv": [7, 4, 6, 5], "texture": "#0"},
				"west": {"uv": [3, 6, 0, 7], "texture": "#0"},
				"up": {"uv": [6, 4, 7, 1], "texture": "#0"},
				"down": {"uv": [3, 6, 4, 9], "texture": "#0"}
			}
		},
		{
			"from": [11, 0.5, 7],
			"to": [15, 0.5, 9],
			"rotation": {"angle": -45, "axis": "z", "origin": [16.5, 0.75, 8]},
			"faces": {
				"north": {"uv": [0, 0, 4, 0], "texture": "#0"},
				"east": {"uv": [0, 0, 2, 0], "texture": "#0"},
				"south": {"uv": [0, 0, 4, 0], "texture": "#0"},
				"west": {"uv": [0, 0, 2, 0], "texture": "#0"},
				"up": {"uv": [4, 2, 0, 0], "texture": "#0"},
				"down": {"uv": [4, 0, 0, 2], "texture": "#0"}
			}
		},
		{
			"from": [15.25, -2.75, 5.5],
			"to": [16.25, 2.25, 7.5],
			"rotation": {"angle": 22.5, "axis": "z", "origin": [16.5, 0.75, 8]},
			"faces": {
				"north": {"uv": [11, 3, 16, 4], "rotation": 270, "texture": "#0"},
				"east": {"uv": [11, 0, 16, 2], "rotation": 90, "texture": "#0"},
				"south": {"uv": [11, 2, 16, 3], "rotation": 90, "texture": "#0"},
				"west": {"uv": [11, 2, 16, 0], "rotation": 90, "texture": "#0"},
				"up": {"uv": [9, 0, 11, 1], "rotation": 90, "texture": "#0"},
				"down": {"uv": [9, 1, 11, 2], "rotation": 90, "texture": "#0"}
			}
		},
		{
			"from": [15.25, -2.75, 8.5],
			"to": [16.25, 2.25, 10.5],
			"rotation": {"angle": 22.5, "axis": "z", "origin": [16.5, 0.75, 8]},
			"faces": {
				"north": {"uv": [16, 2, 11, 3], "rotation": 270, "texture": "#0"},
				"east": {"uv": [11, 2, 16, 0], "rotation": 90, "texture": "#0"},
				"south": {"uv": [16, 3, 11, 4], "rotation": 90, "texture": "#0"},
				"west": {"uv": [11, 0, 16, 2], "rotation": 90, "texture": "#0"},
				"up": {"uv": [11, 0, 9, 1], "rotation": 90, "texture": "#0"},
				"down": {"uv": [11, 1, 9, 2], "rotation": 90, "texture": "#0"}
			}
		},
		{
			"from": [15.25, 0.25, 7.5],
			"to": [16.25, 2.25, 8.5],
			"rotation": {"angle": 22.5, "axis": "z", "origin": [16.5, 0.75, 8]},
			"faces": {
				"north": {"uv": [14, 8, 16, 9], "rotation": 270, "texture": "#0"},
				"east": {"uv": [14, 6, 16, 7], "rotation": 90, "texture": "#0"},
				"south": {"uv": [14, 7, 16, 8], "rotation": 90, "texture": "#0"},
				"west": {"uv": [14, 5, 16, 6], "rotation": 90, "texture": "#0"},
				"up": {"uv": [15, 4, 16, 5], "rotation": 90, "texture": "#0"},
				"down": {"uv": [14, 4, 15, 5], "rotation": 90, "texture": "#0"}
			}
		},
		{
			"from": [15.25, -2.75, 7.5],
			"to": [16.25, -0.75, 8.5],
			"rotation": {"angle": 22.5, "axis": "z", "origin": [16.5, 0.75, 8]},
			"faces": {
				"north": {"uv": [16, 8, 14, 9], "rotation": 270, "texture": "#0"},
				"east": {"uv": [16, 6, 14, 7], "rotation": 90, "texture": "#0"},
				"south": {"uv": [16, 7, 14, 8], "rotation": 90, "texture": "#0"},
				"west": {"uv": [16, 5, 14, 6], "rotation": 90, "texture": "#0"},
				"up": {"uv": [15, 4, 14, 5], "rotation": 90, "texture": "#0"},
				"down": {"uv": [16, 4, 15, 5], "rotation": 90, "texture": "#0"}
			}
		},
		{
			"from": [15.75, -5.75, 6.5],
			"to": [15.75, -2.75, 9.5],
			"rotation": {"angle": 22.5, "axis": "z", "origin": [16.5, 0.75, 8]},
			"faces": {
				"north": {"uv": [17, 8, 14, 8], "rotation": 270, "texture": "#0"},
				"east": {"uv": [14, 4, 11, 7], "rotation": 90, "texture": "#0"},
				"south": {"uv": [17, 7, 14, 7], "rotation": 90, "texture": "#0"},
				"west": {"uv": [14, 4, 11, 7], "rotation": 90, "texture": "#0"},
				"up": {"uv": [17, 4, 14, 4], "rotation": 90, "texture": "#0"},
				"down": {"uv": [18, 4, 15, 4], "rotation": 90, "texture": "#0"}
			}
		},
		{
			"from": [5.10642, -2.36541, 4],
			"to": [6.10642, -1.36541, 7],
			"rotation": {"angle": 0, "axis": "z", "origin": [5.60642, -1.61541, 8]},
			"faces": {
				"north": {"uv": [4, 6, 5, 7], "rotation": 90, "texture": "#0"},
				"east": {"uv": [4, 6, 3, 9], "rotation": 270, "texture": "#0"},
				"south": {"uv": [6, 4, 7, 5], "rotation": 270, "texture": "#0"},
				"west": {"uv": [7, 4, 6, 1], "rotation": 270, "texture": "#0"},
				"up": {"uv": [0, 6, 3, 7], "rotation": 270, "texture": "#0"},
				"down": {"uv": [6, 0, 9, 1], "rotation": 270, "texture": "#0"}
			}
		},
		{
			"from": [5.10642, -0.36541, 4],
			"to": [6.10642, 0.63459, 7],
			"rotation": {"angle": 0, "axis": "z", "origin": [5.60642, -1.61541, 8]},
			"faces": {
				"north": {"uv": [4, 6, 5, 7], "rotation": 90, "texture": "#0"},
				"east": {"uv": [4, 6, 3, 9], "rotation": 270, "texture": "#0"},
				"south": {"uv": [6, 4, 7, 5], "rotation": 270, "texture": "#0"},
				"west": {"uv": [7, 4, 6, 1], "rotation": 270, "texture": "#0"},
				"up": {"uv": [0, 6, 3, 7], "rotation": 270, "texture": "#0"},
				"down": {"uv": [6, 0, 9, 1], "rotation": 270, "texture": "#0"}
			}
		},
		{
			"from": [5.10642, 0.63459, 9],
			"to": [6.10642, 1.63459, 12],
			"rotation": {"angle": 0, "axis": "z", "origin": [5.60642, -1.61541, 8]},
			"faces": {
				"north": {"uv": [5, 6, 4, 7], "rotation": 90, "texture": "#0"},
				"east": {"uv": [3, 6, 4, 9], "rotation": 270, "texture": "#0"},
				"south": {"uv": [7, 4, 6, 5], "rotation": 270, "texture": "#0"},
				"west": {"uv": [6, 4, 7, 1], "rotation": 270, "texture": "#0"},
				"up": {"uv": [9, 0, 6, 1], "rotation": 270, "texture": "#0"},
				"down": {"uv": [3, 6, 0, 7], "rotation": 270, "texture": "#0"}
			}
		},
		{
			"from": [5.10642, -1.36541, 9],
			"to": [6.10642, -0.36541, 12],
			"rotation": {"angle": 0, "axis": "z", "origin": [5.60642, -1.61541, 8]},
			"faces": {
				"north": {"uv": [5, 6, 4, 7], "rotation": 90, "texture": "#0"},
				"east": {"uv": [3, 6, 4, 9], "rotation": 270, "texture": "#0"},
				"south": {"uv": [7, 4, 6, 5], "rotation": 270, "texture": "#0"},
				"west": {"uv": [6, 4, 7, 1], "rotation": 270, "texture": "#0"},
				"up": {"uv": [9, 0, 6, 1], "rotation": 270, "texture": "#0"},
				"down": {"uv": [3, 6, 0, 7], "rotation": 270, "texture": "#0"}
			}
		},
		{
			"from": [5.60642, -2.36541, 7],
			"to": [5.60642, 1.63459, 9],
			"rotation": {"angle": 0, "axis": "z", "origin": [5.60642, -1.61541, 8]},
			"faces": {
				"north": {"uv": [0, 0, 4, 0], "rotation": 90, "texture": "#0"},
				"east": {"uv": [4, 0, 0, 2], "rotation": 270, "texture": "#0"},
				"south": {"uv": [0, 0, 4, 0], "rotation": 270, "texture": "#0"},
				"west": {"uv": [4, 2, 0, 0], "rotation": 270, "texture": "#0"},
				"up": {"uv": [0, 0, 2, 0], "rotation": 270, "texture": "#0"},
				"down": {"uv": [0, 0, 2, 0], "rotation": 270, "texture": "#0"}
			}
		},
		{
			"from": [5.60642, -6.36541, 7],
			"to": [5.60642, -2.36541, 9],
			"rotation": {"angle": 0, "axis": "z", "origin": [5.60642, -1.61541, 8]},
			"faces": {
				"north": {"uv": [0, 10, 4, 10], "rotation": 90, "texture": "#0"},
				"east": {"uv": [4, 10, 0, 12], "rotation": 270, "texture": "#0"},
				"south": {"uv": [0, 10, 4, 10], "rotation": 270, "texture": "#0"},
				"west": {"uv": [4, 12, 0, 10], "rotation": 270, "texture": "#0"},
				"up": {"uv": [0, 10, 2, 10], "rotation": 270, "texture": "#0"},
				"down": {"uv": [0, 10, 2, 10], "rotation": 270, "texture": "#0"}
			}
		},
		{
			"from": [5.02134, 2.5481, 4],
			"to": [6.02134, 3.5481, 7],
			"rotation": {"angle": 45, "axis": "z", "origin": [7.02134, 3.0481, 8]},
			"faces": {
				"north": {"uv": [4, 6, 5, 7], "texture": "#0"},
				"east": {"uv": [0, 6, 3, 7], "texture": "#0"},
				"south": {"uv": [6, 4, 7, 5], "texture": "#0"},
				"west": {"uv": [6, 0, 9, 1], "texture": "#0"},
				"up": {"uv": [7, 4, 6, 1], "texture": "#0"},
				"down": {"uv": [4, 6, 3, 9], "texture": "#0"}
			}
		},
		{
			"from": [7.02134, 2.5481, 4],
			"to": [8.02134, 3.5481, 7],
			"rotation": {"angle": 45, "axis": "z", "origin": [7.02134, 3.0481, 8]},
			"faces": {
				"north": {"uv": [4, 6, 5, 7], "texture": "#0"},
				"east": {"uv": [0, 6, 3, 7], "texture": "#0"},
				"south": {"uv": [6, 4, 7, 5], "texture": "#0"},
				"west": {"uv": [6, 0, 9, 1], "texture": "#0"},
				"up": {"uv": [7, 4, 6, 1], "texture": "#0"},
				"down": {"uv": [4, 6, 3, 9], "texture": "#0"}
			}
		},
		{
			"from": [8.02134, 2.5481, 9],
			"to": [9.02134, 3.5481, 12],
			"rotation": {"angle": 45, "axis": "z", "origin": [7.02134, 3.0481, 8]},
			"faces": {
				"north": {"uv": [5, 6, 4, 7], "texture": "#0"},
				"east": {"uv": [9, 0, 6, 1], "texture": "#0"},
				"south": {"uv": [7, 4, 6, 5], "texture": "#0"},
				"west": {"uv": [3, 6, 0, 7], "texture": "#0"},
				"up": {"uv": [6, 4, 7, 1], "texture": "#0"},
				"down": {"uv": [3, 6, 4, 9], "texture": "#0"}
			}
		},
		{
			"from": [6.02134, 2.5481, 9],
			"to": [7.02134, 3.5481, 12],
			"rotation": {"angle": 45, "axis": "z", "origin": [7.02134, 3.0481, 8]},
			"faces": {
				"north": {"uv": [5, 6, 4, 7], "texture": "#0"},
				"east": {"uv": [9, 0, 6, 1], "texture": "#0"},
				"south": {"uv": [7, 4, 6, 5], "texture": "#0"},
				"west": {"uv": [3, 6, 0, 7], "texture": "#0"},
				"up": {"uv": [6, 4, 7, 1], "texture": "#0"},
				"down": {"uv": [3, 6, 4, 9], "texture": "#0"}
			}
		},
		{
			"from": [5.02134, 3.0481, 7],
			"to": [9.02134, 3.0481, 9],
			"rotation": {"angle": 45, "axis": "z", "origin": [7.02134, 3.0481, 8]},
			"faces": {
				"north": {"uv": [0, 0, 4, 0], "texture": "#0"},
				"east": {"uv": [0, 0, 2, 0], "texture": "#0"},
				"south": {"uv": [0, 0, 4, 0], "texture": "#0"},
				"west": {"uv": [0, 0, 2, 0], "texture": "#0"},
				"up": {"uv": [4, 2, 0, 0], "texture": "#0"},
				"down": {"uv": [4, 0, 0, 2], "texture": "#0"}
			}
		},
		{
			"from": [8.43484, 3.96202, 4],
			"to": [9.43484, 4.96202, 7],
			"rotation": {"angle": 0, "axis": "z", "origin": [2.43484, 3.96202, -1]},
			"faces": {
				"north": {"uv": [4, 6, 5, 7], "texture": "#0"},
				"east": {"uv": [0, 6, 3, 7], "texture": "#0"},
				"south": {"uv": [6, 4, 7, 5], "texture": "#0"},
				"west": {"uv": [6, 0, 9, 1], "texture": "#0"},
				"up": {"uv": [7, 4, 6, 1], "texture": "#0"},
				"down": {"uv": [4, 6, 3, 9], "texture": "#0"}
			}
		},
		{
			"from": [10.43484, 3.96202, 4],
			"to": [11.43484, 4.96202, 7],
			"rotation": {"angle": 0, "axis": "z", "origin": [2.43484, 3.96202, -1]},
			"faces": {
				"north": {"uv": [4, 6, 5, 7], "texture": "#0"},
				"east": {"uv": [0, 6, 3, 7], "texture": "#0"},
				"south": {"uv": [6, 4, 7, 5], "texture": "#0"},
				"west": {"uv": [6, 0, 9, 1], "texture": "#0"},
				"up": {"uv": [7, 4, 6, 1], "texture": "#0"},
				"down": {"uv": [4, 6, 3, 9], "texture": "#0"}
			}
		},
		{
			"from": [11.43484, 3.96202, 9],
			"to": [12.43484, 4.96202, 12],
			"rotation": {"angle": 0, "axis": "z", "origin": [2.43484, 3.96202, -1]},
			"faces": {
				"north": {"uv": [5, 6, 4, 7], "texture": "#0"},
				"east": {"uv": [9, 0, 6, 1], "texture": "#0"},
				"south": {"uv": [7, 4, 6, 5], "texture": "#0"},
				"west": {"uv": [3, 6, 0, 7], "texture": "#0"},
				"up": {"uv": [6, 4, 7, 1], "texture": "#0"},
				"down": {"uv": [3, 6, 4, 9], "texture": "#0"}
			}
		},
		{
			"from": [9.43484, 3.96202, 9],
			"to": [10.43484, 4.96202, 12],
			"rotation": {"angle": 0, "axis": "z", "origin": [2.43484, 3.96202, -1]},
			"faces": {
				"north": {"uv": [5, 6, 4, 7], "texture": "#0"},
				"east": {"uv": [9, 0, 6, 1], "texture": "#0"},
				"south": {"uv": [7, 4, 6, 5], "texture": "#0"},
				"west": {"uv": [3, 6, 0, 7], "texture": "#0"},
				"up": {"uv": [6, 4, 7, 1], "texture": "#0"},
				"down": {"uv": [3, 6, 4, 9], "texture": "#0"}
			}
		},
		{
			"from": [8.43484, 4.46202, 7],
			"to": [12.43484, 4.46202, 9],
			"rotation": {"angle": 0, "axis": "z", "origin": [2.43484, 3.96202, -1]},
			"faces": {
				"north": {"uv": [0, 0, 4, 0], "texture": "#0"},
				"east": {"uv": [0, 0, 2, 0], "texture": "#0"},
				"south": {"uv": [0, 0, 4, 0], "texture": "#0"},
				"west": {"uv": [0, 0, 2, 0], "texture": "#0"},
				"up": {"uv": [4, 2, 0, 0], "texture": "#0"},
				"down": {"uv": [4, 0, 0, 2], "texture": "#0"}
			}
		}
	],
	"gui_light": "front",
	"display": {
		"thirdperson_righthand": {
			"rotation": [0, -76, -48],
			"translation": [0, 7, 2.25],
			"scale": [0.6, 0.6, 0.6]
		},
		"thirdperson_lefthand": {
			"rotation": [0, -76, -48],
			"translation": [0, 7, 2.25],
			"scale": [0.6, 0.6, 0.6]
		},
		"firstperson_righthand": {
			"rotation": [0, -76, -48],
			"translation": [0, 7, 2.25],
			"scale": [0.6, 0.6, 0.6]
		},
		"firstperson_lefthand": {
			"rotation": [88, 91, -43],
			"translation": [0, 7, 2.25],
			"scale": [0.6, 0.6, 0.6]
		},
		"ground": {
			"rotation": [0, 0, -29],
			"translation": [0, 8.25, 0],
			"scale": [0.6, 0.6, 0.6]
		},
		"gui": {
			"rotation": [17, -53, -19],
			"translation": [0, 9.5, 0]
		},
		"head": {
			"translation": [0, 11.75, 0]
		},
		"fixed": {
			"translation": [-4, 13.5, -4],
			"scale": [1.5, 1.5, 1.5]
		}
	}
}