{
	"credit": "Made with Blockbench",
	"texture_size": [64, 64],
	"textures": {
		"0": "littleroom_lunarnewyear:jiaozi",
		"particle": "littleroom_lunarnewyear:tangyuan_particles"
	},
	"elements": [
		{
			"from": [0, 1, 4],
			"to": [16, 2, 12],
			"rotation": {"angle": 0, "axis": "y", "origin": [0, 0, -1]},
			"faces": {
				"north": {"uv": [4.75, 3, 8.75, 3.25], "texture": "#0"},
				"east": {"uv": [5.5, 2.75, 7.5, 3], "texture": "#0"},
				"south": {"uv": [4.75, 3.25, 8.75, 3.5], "texture": "#0"},
				"west": {"uv": [5.25, 5.5, 7.25, 5.75], "texture": "#0"},
				"up": {"uv": [4, 2, 0, 0], "texture": "#0"},
				"down": {"uv": [4, 2, 0, 4], "texture": "#0"}
			}
		},
		{
			"from": [2, 0, 5],
			"to": [14, 1, 11],
			"rotation": {"angle": 0, "axis": "y", "origin": [0, 0, -1]},
			"faces": {
				"north": {"uv": [4.75, 3.5, 7.75, 3.75], "texture": "#0"},
				"east": {"uv": [5.25, 5.75, 6.75, 6], "texture": "#0"},
				"south": {"uv": [4.75, 3.75, 7.75, 4], "texture": "#0"},
				"west": {"uv": [0, 6, 1.5, 6.25], "texture": "#0"},
				"up": {"uv": [3, 5.5, 0, 4], "texture": "#0"},
				"down": {"uv": [7, 0, 4, 1.5], "texture": "#0"}
			}
		},
		{
			"from": [2.5, 2, 5],
			"to": [5.5, 4, 11],
			"rotation": {"angle": 0, "axis": "z", "origin": [3, 3, 8]},
			"faces": {
				"north": {"uv": [2.25, 6, 1.5, 6.5], "texture": "#0"},
				"east": {"uv": [6.75, 4.5, 5.25, 5], "texture": "#0"},
				"south": {"uv": [3, 6, 2.25, 6.5], "texture": "#0"},
				"west": {"uv": [6.25, 4, 4.75, 4.5], "texture": "#0"},
				"up": {"uv": [4, 3, 4.75, 1.5], "texture": "#0"},
				"down": {"uv": [3, 4, 3.75, 5.5], "texture": "#0"}
			}
		},
		{
			"from": [1.35426, 3.35285, 5],
			"to": [2.35426, 3.35285, 11],
			"rotation": {"angle": 45, "axis": "z", "origin": [2.85426, 3.35285, 8]},
			"faces": {
				"north": {"uv": [0.25, 0, 0, 0], "texture": "#0"},
				"east": {"uv": [1.5, 0, 0, 0], "texture": "#0"},
				"south": {"uv": [0.25, 0, 0, 0], "texture": "#0"},
				"west": {"uv": [1.5, 0, 0, 0], "texture": "#0"},
				"up": {"uv": [3.75, 7.5, 4, 6], "texture": "#0"},
				"down": {"uv": [4, 6, 4.25, 7.5], "texture": "#0"}
			}
		},
		{
			"from": [4.99645, 4.85255, 5],
			"to": [5.99645, 4.85255, 11],
			"rotation": {"angle": 0, "axis": "z", "origin": [6.49645, 4.85255, 8]},
			"faces": {
				"north": {"uv": [0.25, 0, 0, 0], "texture": "#0"},
				"east": {"uv": [1.5, 0, 0, 0], "texture": "#0"},
				"south": {"uv": [0.25, 0, 0, 0], "texture": "#0"},
				"west": {"uv": [1.5, 0, 0, 0], "texture": "#0"},
				"up": {"uv": [5.75, 7.5, 6, 6], "texture": "#0"},
				"down": {"uv": [6, 6, 6.25, 7.5], "texture": "#0"}
			}
		},
		{
			"from": [5.85, 3.5, 5],
			"to": [8.85, 5.5, 11],
			"rotation": {"angle": -45, "axis": "z", "origin": [6.35, 4.5, 8]},
			"faces": {
				"north": {"uv": [5, 6, 4.25, 6.5], "texture": "#0"},
				"east": {"uv": [1.5, 5.5, 0, 6], "texture": "#0"},
				"south": {"uv": [5.75, 6, 5, 6.5], "texture": "#0"},
				"west": {"uv": [6.75, 5, 5.25, 5.5], "texture": "#0"},
				"up": {"uv": [4, 4.5, 4.75, 3], "texture": "#0"},
				"down": {"uv": [3.75, 4.5, 4.5, 6], "texture": "#0"}
			}
		},
		{
			"from": [7.84645, 4.85255, 5],
			"to": [8.84645, 4.85255, 11],
			"rotation": {"angle": 0, "axis": "z", "origin": [8.34645, 4.85255, 8]},
			"faces": {
				"north": {"uv": [0.25, 0, 0, 0], "texture": "#0"},
				"east": {"uv": [1.5, 0, 0, 0], "texture": "#0"},
				"south": {"uv": [0.25, 0, 0, 0], "texture": "#0"},
				"west": {"uv": [1.5, 0, 0, 0], "texture": "#0"},
				"up": {"uv": [3, 7.75, 3.25, 6.25], "texture": "#0"},
				"down": {"uv": [3.25, 6.25, 3.5, 7.75], "texture": "#0"}
			}
		},
		{
			"from": [8.7, 3.5, 5],
			"to": [11.7, 5.5, 11],
			"rotation": {"angle": -45, "axis": "z", "origin": [9.2, 4.5, 8]},
			"faces": {
				"north": {"uv": [0.75, 6.25, 0, 6.75], "texture": "#0"},
				"east": {"uv": [7, 1.5, 5.5, 2], "texture": "#0"},
				"south": {"uv": [1.5, 6.25, 0.75, 6.75], "texture": "#0"},
				"west": {"uv": [3, 5.5, 1.5, 6], "texture": "#0"},
				"up": {"uv": [4.5, 6, 5.25, 4.5], "texture": "#0"},
				"down": {"uv": [4.75, 1.5, 5.5, 3], "texture": "#0"}
			}
		},
		{
			"from": [12, 2, 6.5],
			"to": [15, 4, 9.5],
			"rotation": {"angle": 0, "axis": "y", "origin": [13, 2, 7.5]},
			"faces": {
				"north": {"uv": [6.25, 2, 7, 2.5], "texture": "#0"},
				"east": {"uv": [6.25, 4, 7, 4.5], "texture": "#0"},
				"south": {"uv": [6.25, 6, 7, 6.5], "texture": "#0"},
				"west": {"uv": [1.5, 6.5, 2.25, 7], "texture": "#0"},
				"up": {"uv": [6.25, 2.75, 5.5, 2], "texture": "#0"},
				"down": {"uv": [3.75, 5.5, 3, 6.25], "texture": "#0"}
			}
		}
	],
	"gui_light": "front",
	"display": {
		"thirdperson_righthand": {
			"rotation": [60, -18, 0],
			"translation": [0, 4.5, 3.75],
			"scale": [0.6, 0.6, 0.6]
		},
		"thirdperson_lefthand": {
			"rotation": [60, -18, 0],
			"translation": [0, 4.5, 3.75],
			"scale": [0.6, 0.6, 0.6]
		},
		"firstperson_righthand": {
			"rotation": [17, -37, 11],
			"translation": [-1.75, 6, 0.25],
			"scale": [0.6, 0.6, 0.6]
		},
		"firstperson_lefthand": {
			"rotation": [17, -37, 11],
			"translation": [-1.75, 6, 0.25],
			"scale": [0.6, 0.6, 0.6]
		},
		"ground": {
			"rotation": [22, 0, 0],
			"translation": [0, 2.75, 0],
			"scale": [0.6, 0.6, 0.6]
		},
		"gui": {
			"rotation": [45, -45, 0],
			"translation": [0, 4, 0],
			"scale": [0.9, 0.9, 0.9]
		},
		"head": {
			"translation": [0, 14.75, 0]
		},
		"fixed": {
			"rotation": [-90, 0, 0],
			"translation": [0, 0, -10],
			"scale": [1.5, 1.5, 1.5]
		}
	}
}