{
	"credit": "Made with Blockbench",
	"texture_size": [64, 64],
	"textures": {
		"1": "littleroom_lunarnewyear:lr_paper_lantern"
	},
	"elements": [
		{
			"from": [4, 18, 4],
			"to": [12, 18, 12],
			"faces": {
				"north": {"uv": [3, 0, 5, 3], "texture": "#1"},
				"east": {"uv": [3, 3, 5, 6], "texture": "#1"},
				"south": {"uv": [5, 0, 7, 3], "texture": "#1"},
				"west": {"uv": [5, 3, 7, 6], "texture": "#1"},
				"up": {"uv": [9, 4, 7, 2], "texture": "#1"},
				"down": {"uv": [9, 4, 7, 6], "texture": "#1"}
			}
		},
		{
			"from": [4, 6, 12],
			"to": [12, 18, 12],
			"rotation": {"angle": 0, "axis": "y", "origin": [0, 1, 0]},
			"faces": {
				"north": {"uv": [5, 0, 7, 3], "texture": "#1"},
				"east": {"uv": [3, 3, 5, 6], "texture": "#1"},
				"south": {"uv": [3, 0, 5, 3], "texture": "#1"},
				"west": {"uv": [5, 0, 7, 3], "texture": "#1"},
				"up": {"uv": [9, 4, 7, 2], "texture": "#1"},
				"down": {"uv": [9, 4, 7, 6], "texture": "#1"}
			}
		},
		{
			"from": [4, 6, 4],
			"to": [12, 18, 4],
			"rotation": {"angle": 0, "axis": "y", "origin": [0, 1, 0]},
			"faces": {
				"north": {"uv": [3, 0, 5, 3], "texture": "#1"},
				"east": {"uv": [3, 3, 5, 6], "texture": "#1"},
				"south": {"uv": [5, 0, 7, 3], "texture": "#1"},
				"west": {"uv": [5, 0, 7, 3], "texture": "#1"},
				"up": {"uv": [9, 4, 7, 2], "texture": "#1"},
				"down": {"uv": [9, 4, 7, 6], "texture": "#1"}
			}
		},
		{
			"from": [4, 6, 4],
			"to": [4, 18, 12],
			"rotation": {"angle": 0, "axis": "y", "origin": [0, 1, 0]},
			"faces": {
				"north": {"uv": [3, 0, 5, 3], "texture": "#1"},
				"east": {"uv": [5, 0, 7, 3], "texture": "#1"},
				"south": {"uv": [5, 0, 7, 3], "texture": "#1"},
				"west": {"uv": [3, 3, 5, 6], "texture": "#1"},
				"up": {"uv": [9, 4, 7, 2], "texture": "#1"},
				"down": {"uv": [9, 4, 7, 6], "texture": "#1"}
			}
		},
		{
			"from": [12, 6, 4],
			"to": [12, 18, 12],
			"rotation": {"angle": 0, "axis": "y", "origin": [0, 1, 0]},
			"faces": {
				"north": {"uv": [3, 0, 5, 3], "texture": "#1"},
				"east": {"uv": [3, 3, 5, 6], "texture": "#1"},
				"south": {"uv": [5, 0, 7, 3], "texture": "#1"},
				"west": {"uv": [5, 0, 7, 3], "texture": "#1"},
				"up": {"uv": [9, 4, 7, 2], "texture": "#1"},
				"down": {"uv": [9, 4, 7, 6], "texture": "#1"}
			}
		},
		{
			"from": [4, 6, 4],
			"to": [12, 6, 12],
			"rotation": {"angle": 0, "axis": "y", "origin": [0, 1, 0]},
			"faces": {
				"north": {"uv": [3, 0, 5, 3], "texture": "#1"},
				"east": {"uv": [3, 3, 5, 6], "texture": "#1"},
				"south": {"uv": [5, 0, 7, 3], "texture": "#1"},
				"west": {"uv": [5, 3, 7, 6], "texture": "#1"},
				"up": {"uv": [9, 6, 7, 4], "texture": "#1"},
				"down": {"uv": [9, 2, 7, 4], "texture": "#1"}
			}
		},
		{
			"from": [7.5, 17.3041, 6.46919],
			"to": [8.5, 25.3041, 6.46919],
			"rotation": {"angle": 22.5, "axis": "x", "origin": [8, 21.3041, 6.46919]},
			"faces": {
				"north": {"uv": [3, 8, 3.25, 10], "texture": "#1"},
				"east": {"uv": [0, 0, 0, 2], "texture": "#1"},
				"south": {"uv": [3.25, 8, 3.5, 10], "texture": "#1"},
				"west": {"uv": [0, 0, 0, 2], "texture": "#1"},
				"up": {"uv": [0.25, 0, 0, 0], "texture": "#1"},
				"down": {"uv": [0.25, 0, 0, 0], "texture": "#1"}
			}
		},
		{
			"from": [7.5, 17.3041, 9.53081],
			"to": [8.5, 25.3041, 9.53081],
			"rotation": {"angle": -22.5, "axis": "x", "origin": [8, 21.3041, 9.53081]},
			"faces": {
				"north": {"uv": [2.5, 8, 2.75, 10], "texture": "#1"},
				"east": {"uv": [0, 0, 0, 2], "texture": "#1"},
				"south": {"uv": [2.75, 8, 3, 10], "texture": "#1"},
				"west": {"uv": [0, 0, 0, 2], "texture": "#1"},
				"up": {"uv": [0.25, 0, 0, 0], "texture": "#1"},
				"down": {"uv": [0.25, 0, 0, 0], "texture": "#1"}
			}
		},
		{
			"from": [5, 3, 5],
			"to": [11, 6, 11],
			"faces": {
				"north": {"uv": [10, 3, 11.5, 3.75], "texture": "#1"},
				"east": {"uv": [10, 3.75, 11.5, 4.5], "texture": "#1"},
				"south": {"uv": [10, 4.5, 11.5, 5.25], "texture": "#1"},
				"west": {"uv": [10, 5.25, 11.5, 6], "texture": "#1"},
				"up": {"uv": [11.5, 1.5, 10, 0], "texture": "#1"},
				"down": {"uv": [11.5, 1.5, 10, 3], "texture": "#1"}
			}
		},
		{
			"from": [7, -3, 7],
			"to": [9, 1, 9],
			"faces": {
				"north": {"uv": [0.5, 8, 1, 9], "texture": "#1"},
				"east": {"uv": [1, 8, 1.5, 9], "texture": "#1"},
				"south": {"uv": [1.5, 8, 2, 9], "texture": "#1"},
				"west": {"uv": [2, 8, 2.5, 9], "texture": "#1"},
				"up": {"uv": [4, 8.5, 3.5, 8], "texture": "#1"},
				"down": {"uv": [4.5, 8, 4, 8.5], "texture": "#1"}
			}
		},
		{
			"from": [7.5, 1, 7.5],
			"to": [8.5, 2, 8.5],
			"faces": {
				"north": {"uv": [4.5, 8, 4.75, 8.25], "texture": "#1"},
				"east": {"uv": [4.75, 8, 5, 8.25], "texture": "#1"},
				"south": {"uv": [5, 8, 5.25, 8.25], "texture": "#1"},
				"west": {"uv": [5.25, 8, 5.5, 8.25], "texture": "#1"},
				"up": {"uv": [5.75, 8.25, 5.5, 8], "texture": "#1"},
				"down": {"uv": [6, 8, 5.75, 8.25], "texture": "#1"}
			}
		},
		{
			"from": [7.5, 2, 8],
			"to": [8.5, 28, 8],
			"faces": {
				"north": {"uv": [0, 8, 0.25, 14.5], "texture": "#1"},
				"east": {"uv": [0, 0, 0, 6.5], "texture": "#1"},
				"south": {"uv": [0.25, 8, 0.5, 14.5], "texture": "#1"},
				"west": {"uv": [0, 0, 0, 6.5], "texture": "#1"},
				"up": {"uv": [0.25, 0, 0, 0], "texture": "#1"},
				"down": {"uv": [0.25, 0, 0, 0], "texture": "#1"}
			}
		},
		{
			"from": [2, 8, 2],
			"to": [14, 16, 14],
			"faces": {
				"north": {"uv": [0, 6, 3, 8], "texture": "#1"},
				"east": {"uv": [3, 6, 6, 8], "texture": "#1"},
				"south": {"uv": [6, 6, 9, 8], "texture": "#1"},
				"west": {"uv": [7, 0, 10, 2], "texture": "#1"},
				"up": {"uv": [3, 3, 0, 0], "texture": "#1"},
				"down": {"uv": [3, 3, 0, 6], "texture": "#1"}
			}
		},
		{
			"from": [14.1, 8.5, 4],
			"to": [14.1, 15.5, 12],
			"rotation": {"angle": 0, "axis": "y", "origin": [8.1, 12, 8]},
			"faces": {
				"north": {"uv": [0, 6, 0, 8], "texture": "#1"},
				"east": {"uv": [7.5, 9.75, 11, 13.25], "texture": "#1"},
				"south": {"uv": [6, 6, 6, 8], "texture": "#1"},
				"west": {"uv": [0.5, 0.5, 2.5, 2.5], "texture": "#1"},
				"up": {"uv": [0, 2, 0, 0], "texture": "#1"},
				"down": {"uv": [0, 3, 0, 5], "texture": "#1"}
			}
		},
		{
			"from": [4.1, 8.5, 14.1],
			"to": [12.1, 15.5, 14.1],
			"rotation": {"angle": 0, "axis": "y", "origin": [8.1, 12, 8.1]},
			"faces": {
				"north": {"uv": [0.5, 0.5, 2.5, 2.5], "texture": "#1"},
				"east": {"uv": [0, 6, 0, 8], "texture": "#1"},
				"south": {"uv": [7.5, 9.75, 11, 13.25], "texture": "#1"},
				"west": {"uv": [6, 6, 6, 8], "texture": "#1"},
				"up": {"uv": [0, 2, 0, 0], "rotation": 90, "texture": "#1"},
				"down": {"uv": [0, 3, 0, 5], "rotation": 270, "texture": "#1"}
			}
		},
		{
			"from": [1.9, 8.5, 4],
			"to": [1.9, 15.5, 12],
			"rotation": {"angle": 0, "axis": "y", "origin": [7.9, 12, 8]},
			"faces": {
				"north": {"uv": [6, 6, 6, 8], "texture": "#1"},
				"east": {"uv": [0.5, 0.5, 2.5, 2.5], "texture": "#1"},
				"south": {"uv": [0, 6, 0, 8], "texture": "#1"},
				"west": {"uv": [7.5, 9.75, 11, 13.25], "texture": "#1"},
				"up": {"uv": [0, 2, 0, 0], "rotation": 180, "texture": "#1"},
				"down": {"uv": [0, 3, 0, 5], "rotation": 180, "texture": "#1"}
			}
		},
		{
			"from": [3.9, 8.5, 1.9],
			"to": [11.9, 15.5, 1.9],
			"rotation": {"angle": 0, "axis": "y", "origin": [7.9, 12, 7.9]},
			"faces": {
				"north": {"uv": [7.5, 9.75, 11, 13.25], "texture": "#1"},
				"east": {"uv": [6, 6, 6, 8], "texture": "#1"},
				"south": {"uv": [0.5, 0.5, 2.5, 2.5], "texture": "#1"},
				"west": {"uv": [0, 6, 0, 8], "texture": "#1"},
				"up": {"uv": [0, 2, 0, 0], "rotation": 270, "texture": "#1"},
				"down": {"uv": [0, 3, 0, 5], "rotation": 90, "texture": "#1"}
			}
		}
	],
	"gui_light": "front",
	"display": {
		"thirdperson_righthand": {
			"rotation": [67, -17, 0],
			"translation": [0, -4, -6.5],
			"scale": [0.5, 0.5, 0.5]
		},
		"thirdperson_lefthand": {
			"rotation": [67, -17, 0],
			"translation": [0, -4, -6.5],
			"scale": [0.5, 0.5, 0.5]
		},
		"firstperson_righthand": {
			"rotation": [-17, -77, -20],
			"translation": [8.5, -6.5, -6.5]
		},
		"firstperson_lefthand": {
			"rotation": [-17, -77, -20],
			"translation": [8.5, -6.5, -6.5]
		},
		"ground": {
			"rotation": [21, 0, 0],
			"translation": [0, 3.75, 0],
			"scale": [0.6, 0.6, 0.6]
		},
		"gui": {
			"rotation": [28, 30, -8],
			"translation": [0, -2.25, 0],
			"scale": [0.6, 0.6, 0.6]
		},
		"head": {
			"translation": [0, 4, 0],
			"scale": [1.2, 1.2, 1.2]
		},
		"fixed": {
			"translation": [0, -52, 17],
			"scale": [1.8, 1.8, 1.8]
		}
	}
}