{
	"credit": "Made with Blockbench",
	"texture_size": [64, 64],
	"textures": {
		"0": "littleroom_lunarnewyear:niango",
		"particle": "littleroom_lunarnewyear:niangao_particles"
	},
	"elements": [
		{
			"from": [0, 0, 0],
			"to": [16, 5, 16],
			"faces": {
				"north": {"uv": [4, 0, 8, 1.25], "texture": "#0"},
				"east": {"uv": [4, 1.25, 8, 2.5], "texture": "#0"},
				"south": {"uv": [4, 2.5, 8, 3.75], "texture": "#0"},
				"west": {"uv": [4, 3.75, 8, 5], "texture": "#0"},
				"up": {"uv": [4, 4, 0, 0], "texture": "#0"},
				"down": {"uv": [4, 4, 0, 8], "texture": "#0"}
			}
		},
		{
			"from": [1, 5, 14],
			"to": [15, 7, 15],
			"faces": {
				"north": {"uv": [4, 5, 7.5, 5.5], "texture": "#0"},
				"east": {"uv": [7.5, 6.5, 7.75, 7], "texture": "#0"},
				"south": {"uv": [4, 5.5, 7.5, 6], "texture": "#0"},
				"west": {"uv": [7.75, 6.5, 8, 7], "texture": "#0"},
				"up": {"uv": [11, 5.75, 7.5, 5.5], "texture": "#0"},
				"down": {"uv": [11, 5.75, 7.5, 6], "texture": "#0"}
			}
		},
		{
			"from": [1, 5, 1],
			"to": [15, 7, 2],
			"faces": {
				"north": {"uv": [4, 6, 7.5, 6.5], "texture": "#0"},
				"east": {"uv": [0, 8, 0.25, 8.5], "texture": "#0"},
				"south": {"uv": [4, 6.5, 7.5, 7], "texture": "#0"},
				"west": {"uv": [8, 0, 8.25, 0.5], "texture": "#0"},
				"up": {"uv": [11, 6.25, 7.5, 6], "texture": "#0"},
				"down": {"uv": [11, 6.25, 7.5, 6.5], "texture": "#0"}
			}
		},
		{
			"from": [1, 5, 2],
			"to": [2, 7, 14],
			"faces": {
				"north": {"uv": [0.25, 8, 0.5, 8.5], "texture": "#0"},
				"east": {"uv": [4, 7, 7, 7.5], "texture": "#0"},
				"south": {"uv": [0.5, 8, 0.75, 8.5], "texture": "#0"},
				"west": {"uv": [7, 7, 10, 7.5], "texture": "#0"},
				"up": {"uv": [7.25, 10.5, 7, 7.5], "texture": "#0"},
				"down": {"uv": [7.5, 7.5, 7.25, 10.5], "texture": "#0"}
			}
		},
		{
			"from": [14, 5, 2],
			"to": [15, 7, 14],
			"faces": {
				"north": {"uv": [8, 0.5, 8.25, 1], "texture": "#0"},
				"east": {"uv": [4, 7.5, 7, 8], "texture": "#0"},
				"south": {"uv": [0.75, 8, 1, 8.5], "texture": "#0"},
				"west": {"uv": [7.5, 5, 10.5, 5.5], "texture": "#0"},
				"up": {"uv": [7.75, 10.5, 7.5, 7.5], "texture": "#0"},
				"down": {"uv": [8, 7.5, 7.75, 10.5], "texture": "#0"}
			}
		},
		{
			"from": [7, 5, 7],
			"to": [9, 6, 9],
			"faces": {
				"north": {"uv": [9.25, 0, 9.75, 0.25], "texture": "#0"},
				"east": {"uv": [9.25, 0, 9.75, 0.25], "texture": "#0"},
				"south": {"uv": [9.25, 0, 9.75, 0.25], "texture": "#0"},
				"west": {"uv": [9.25, 0, 9.75, 0.25], "texture": "#0"},
				"up": {"uv": [9.25, 0, 9.75, 0.5], "texture": "#0"},
				"down": {"uv": [9.25, 0, 9.75, 0.5], "texture": "#0"}
			}
		}
	],
	"gui_light": "front",
	"display": {
		"thirdperson_righthand": {
			"rotation": [59, 15, 0],
			"translation": [0, 5.25, 1.75],
			"scale": [0.6, 0.6, 0.6]
		},
		"thirdperson_lefthand": {
			"rotation": [59, 15, 0],
			"translation": [0, 5.25, 1.75],
			"scale": [0.6, 0.6, 0.6]
		},
		"firstperson_righthand": {
			"rotation": [-4, -2, 5],
			"translation": [0, 5.25, 1.75],
			"scale": [0.6, 0.6, 0.6]
		},
		"firstperson_lefthand": {
			"rotation": [-4, -2, 5],
			"translation": [0, 5.25, 1.75],
			"scale": [0.6, 0.6, 0.6]
		},
		"ground": {
			"rotation": [22, 0, 0],
			"translation": [0, 3, 0],
			"scale": [0.5, 0.5, 0.5]
		},
		"gui": {
			"rotation": [40, 45, 0],
			"translation": [0, 2, 0],
			"scale": [0.6, 0.6, 0.6]
		},
		"head": {
			"translation": [0, 14.5, 0]
		},
		"fixed": {
			"rotation": [-90, 0, 0],
			"translation": [0, 0, -10],
			"scale": [1.5, 1.5, 1.5]
		}
	}
}