{
	"credit": "Made with Blockbench",
	"texture_size": [64, 64],
	"textures": {
		"1": "littleroom_lunarnewyear:tangyuan",
		"particle": "littleroom_lunarnewyear:tangyuan_particles"
	},
	"elements": [
		{
			"from": [3, 0, 3],
			"to": [13, 6, 13],
			"faces": {
				"north": {"uv": [2.5, 0, 5, 1.5], "texture": "#1"},
				"east": {"uv": [2.5, 1.5, 5, 3], "texture": "#1"},
				"south": {"uv": [2.5, 3, 5, 4.5], "texture": "#1"},
				"west": {"uv": [2.5, 4.5, 5, 6], "texture": "#1"},
				"up": {"uv": [2.5, 2.5, 0, 0], "texture": "#1"},
				"down": {"uv": [2.5, 2.5, 0, 5], "texture": "#1"}
			}
		},
		{
			"from": [3, 2, 2],
			"to": [13, 7, 3],
			"rotation": {"angle": 0, "axis": "y", "origin": [8, 5, 2.5]},
			"faces": {
				"north": {"uv": [0, 5, 2.5, 6.25], "texture": "#1"},
				"east": {"uv": [5.75, 8.75, 6, 10], "texture": "#1"},
				"south": {"uv": [5, 5, 7.5, 6.25], "texture": "#1"},
				"west": {"uv": [6, 8.75, 6.25, 10], "texture": "#1"},
				"up": {"uv": [11.25, 8.25, 8.75, 8], "texture": "#1"},
				"down": {"uv": [11.25, 8.25, 8.75, 8.5], "texture": "#1"}
			}
		},
		{
			"from": [3, 2, 13],
			"to": [13, 7, 14],
			"rotation": {"angle": 0, "axis": "y", "origin": [8, 5, 2.5]},
			"faces": {
				"north": {"uv": [2.5, 6, 5, 7.25], "texture": "#1"},
				"east": {"uv": [6.25, 8.75, 6.5, 10], "texture": "#1"},
				"south": {"uv": [0, 6.25, 2.5, 7.5], "texture": "#1"},
				"west": {"uv": [9, 0.5, 9.25, 1.75], "texture": "#1"},
				"up": {"uv": [11.25, 8.75, 8.75, 8.5], "texture": "#1"},
				"down": {"uv": [11.25, 8.75, 8.75, 9], "texture": "#1"}
			}
		},
		{
			"from": [13, 2, 2],
			"to": [14, 7, 14],
			"rotation": {"angle": 0, "axis": "y", "origin": [8, 5, 2.5]},
			"faces": {
				"north": {"uv": [9, 1.75, 9.25, 3], "texture": "#1"},
				"east": {"uv": [5, 0, 8, 1.25], "texture": "#1"},
				"south": {"uv": [9, 3, 9.25, 4.25], "texture": "#1"},
				"west": {"uv": [5, 1.25, 8, 2.5], "texture": "#1"},
				"up": {"uv": [8.75, 11, 8.5, 8], "texture": "#1"},
				"down": {"uv": [5.25, 8.75, 5, 11.75], "texture": "#1"}
			}
		},
		{
			"from": [2, 2, 2],
			"to": [3, 7, 14],
			"rotation": {"angle": 0, "axis": "y", "origin": [8, 5, 2.5]},
			"faces": {
				"north": {"uv": [7.5, 9, 7.75, 10.25], "texture": "#1"},
				"east": {"uv": [5, 2.5, 8, 3.75], "texture": "#1"},
				"south": {"uv": [7.75, 9, 8, 10.25], "texture": "#1"},
				"west": {"uv": [5, 3.75, 8, 5], "texture": "#1"},
				"up": {"uv": [5.5, 11.75, 5.25, 8.75], "texture": "#1"},
				"down": {"uv": [5.75, 8.75, 5.5, 11.75], "texture": "#1"}
			}
		},
		{
			"from": [8, 4, 4],
			"to": [12, 8, 8],
			"rotation": {"angle": 0, "axis": "y", "origin": [11, 6, 6]},
			"faces": {
				"north": {"uv": [6.5, 6.25, 7.5, 7.25], "texture": "#1"},
				"east": {"uv": [2.5, 7.25, 3.5, 8.25], "texture": "#1"},
				"south": {"uv": [3.5, 7.25, 4.5, 8.25], "texture": "#1"},
				"west": {"uv": [6.5, 7.25, 7.5, 8.25], "texture": "#1"},
				"up": {"uv": [1, 8.5, 0, 7.5], "texture": "#1"},
				"down": {"uv": [2, 7.5, 1, 8.5], "texture": "#1"}
			}
		},
		{
			"from": [8.5, 3, 8.5],
			"to": [12.5, 7, 12.5],
			"rotation": {"angle": 0, "axis": "y", "origin": [11, 6, 6]},
			"faces": {
				"north": {"uv": [7.5, 5, 8.5, 6], "texture": "#1"},
				"east": {"uv": [7.5, 6, 8.5, 7], "texture": "#1"},
				"south": {"uv": [7.5, 7, 8.5, 8], "texture": "#1"},
				"west": {"uv": [8, 0, 9, 1], "texture": "#1"},
				"up": {"uv": [9, 2, 8, 1], "texture": "#1"},
				"down": {"uv": [9, 2, 8, 3], "texture": "#1"}
			}
		},
		{
			"from": [4, 4, 8],
			"to": [8, 8, 12],
			"rotation": {"angle": 0, "axis": "y", "origin": [11, 6, 6]},
			"faces": {
				"north": {"uv": [6.5, 8.25, 7.5, 9.25], "texture": "#1"},
				"east": {"uv": [0, 8.5, 1, 9.5], "texture": "#1"},
				"south": {"uv": [1, 8.5, 2, 9.5], "texture": "#1"},
				"west": {"uv": [8.5, 5, 9.5, 6], "texture": "#1"},
				"up": {"uv": [9.5, 7, 8.5, 6], "texture": "#1"},
				"down": {"uv": [9.5, 7, 8.5, 8], "texture": "#1"}
			}
		},
		{
			"from": [4, 3, 4],
			"to": [8, 7, 8],
			"rotation": {"angle": 22.5, "axis": "y", "origin": [6, 5, 6]},
			"faces": {
				"north": {"uv": [8, 3, 9, 4], "texture": "#1"},
				"east": {"uv": [8, 4, 9, 5], "texture": "#1"},
				"south": {"uv": [7.5, 8, 8.5, 9], "texture": "#1"},
				"west": {"uv": [2, 8.25, 3, 9.25], "texture": "#1"},
				"up": {"uv": [4, 9.25, 3, 8.25], "texture": "#1"},
				"down": {"uv": [5, 8.25, 4, 9.25], "texture": "#1"}
			}
		},
		{
			"from": [8.5, 11.37817, -1.62132],
			"to": [11.5, 12.37817, 8.37868],
			"rotation": {"angle": 45, "axis": "x", "origin": [7, 12.27817, -1.12132]},
			"faces": {
				"north": {"uv": [9, 4.25, 9.75, 4.5], "texture": "#1"},
				"east": {"uv": [9, 0, 11.5, 0.25], "texture": "#1"},
				"south": {"uv": [9, 4.5, 9.75, 4.75], "texture": "#1"},
				"west": {"uv": [9, 0.25, 11.5, 0.5], "texture": "#1"},
				"up": {"uv": [5.75, 8.75, 5, 6.25], "texture": "#1"},
				"down": {"uv": [6.5, 6.25, 5.75, 8.75], "texture": "#1"}
			}
		}
	],
	"gui_light": "front",
	"display": {
		"thirdperson_righthand": {
			"rotation": [56, -79, 0],
			"translation": [0, 3.5, 2.25],
			"scale": [0.5, 0.5, 0.5]
		},
		"thirdperson_lefthand": {
			"rotation": [56, -79, 0],
			"translation": [0, 3.5, 2.25],
			"scale": [0.5, 0.5, 0.5]
		},
		"firstperson_righthand": {
			"rotation": [-2, -74, -7],
			"translation": [1.25, 0, -5.5]
		},
		"firstperson_lefthand": {
			"rotation": [-2, -74, -7],
			"translation": [1.25, 0, -5.5]
		},
		"ground": {
			"rotation": [22, 0, 0],
			"translation": [0, 2.75, 0],
			"scale": [0.5, 0.5, 0.5]
		},
		"gui": {
			"rotation": [27, -45, 0],
			"translation": [0, 1, 0],
			"scale": [0.8, 0.8, 0.8]
		},
		"head": {
			"rotation": [0, 80, 0],
			"translation": [0, 14.5, 0]
		},
		"fixed": {
			"rotation": [-90, 0, 0],
			"translation": [0, 0, -10],
			"scale": [1.5, 1.5, 1.5]
		}
	}
}