{
	"credit": "Made with Blockbench",
	"texture_size": [32, 32],
	"textures": {
		"1": "littleroom_lunarnewyear:wholefish",
		"2": "littleroom_lunarnewyear:steam",
		"particle": "littleroom_lunarnewyear:wholefish_particles"
	},
	"elements": [
		{
			"from": [-5, 3, 4],
			"to": [2, 7, 12],
			"rotation": {"angle": 0, "axis": "y", "origin": [-5, 3, 6]},
			"faces": {
				"north": {"uv": [6.25, 9.5, 8, 10.5], "texture": "#1"},
				"east": {"uv": [9.25, 6, 11.25, 7], "texture": "#1"},
				"south": {"uv": [0, 9.75, 1.75, 10.75], "texture": "#1"},
				"west": {"uv": [9.25, 7, 11.25, 8], "texture": "#1"},
				"up": {"uv": [6.75, 9.5, 5, 7.5], "texture": "#1"},
				"down": {"uv": [8.5, 7.5, 6.75, 9.5], "texture": "#1"}
			}
		},
		{
			"from": [-7, 2, 5],
			"to": [-3, 8, 7],
			"rotation": {"angle": 45, "axis": "y", "origin": [-4.5, 5.5, 6]},
			"faces": {
				"north": {"uv": [9.75, 0, 10.75, 1.5], "texture": "#1"},
				"east": {"uv": [4.25, 9.75, 5, 11.25], "texture": "#1"},
				"south": {"uv": [9.75, 1.5, 10.75, 3], "texture": "#1"},
				"west": {"uv": [7.25, 10.5, 8, 12], "texture": "#1"},
				"up": {"uv": [2, 11.25, 1, 10.75], "texture": "#1"},
				"down": {"uv": [11.75, 1.25, 10.75, 2], "texture": "#1"}
			}
		},
		{
			"from": [2, 3, 3],
			"to": [15, 8, 13],
			"rotation": {"angle": 0, "axis": "y", "origin": [2, 3, 4]},
			"faces": {
				"north": {"uv": [5, 5, 8.25, 6.25], "texture": "#1"},
				"east": {"uv": [0, 8, 2.5, 9.25], "texture": "#1"},
				"south": {"uv": [5, 6.25, 8.25, 7.5], "texture": "#1"},
				"west": {"uv": [2.5, 8, 5, 9.25], "texture": "#1"},
				"up": {"uv": [8.25, 2.5, 5, 0], "texture": "#1"},
				"down": {"uv": [8.25, 2.5, 5, 5], "texture": "#1"}
			}
		},
		{
			"from": [2, 3.93863, 12.55995],
			"to": [15, 3.93863, 15.55995],
			"rotation": {"angle": 45, "axis": "x", "origin": [8.5, 3.93863, 14.05995]},
			"faces": {
				"north": {"uv": [0, 0, 3.25, 0], "texture": "#1"},
				"east": {"uv": [0, 0, 0.75, 0], "texture": "#1"},
				"south": {"uv": [0, 0, 3.25, 0], "texture": "#1"},
				"west": {"uv": [0, 0, 0.75, 0], "texture": "#1"},
				"up": {"uv": [12.5, 5.25, 9.25, 4.5], "texture": "#1"},
				"down": {"uv": [12.5, 5.25, 9.25, 6], "texture": "#1"}
			}
		},
		{
			"from": [15, 3, 5],
			"to": [19, 7, 11],
			"rotation": {"angle": 0, "axis": "y", "origin": [2, 3, 4]},
			"faces": {
				"north": {"uv": [0, 10.75, 1, 11.75], "texture": "#1"},
				"east": {"uv": [1.75, 9.75, 3.25, 10.75], "texture": "#1"},
				"south": {"uv": [10.75, 0, 11.75, 1], "texture": "#1"},
				"west": {"uv": [9.75, 3, 11.25, 4], "texture": "#1"},
				"up": {"uv": [4.25, 11.25, 3.25, 9.75], "texture": "#1"},
				"down": {"uv": [7.25, 10.5, 6.25, 12], "texture": "#1"}
			}
		},
		{
			"from": [18.80932, 4.04237, 5],
			"to": [23.80932, 4.04237, 11],
			"rotation": {"angle": -22.5, "axis": "z", "origin": [21.30932, 4.04237, 8]},
			"faces": {
				"north": {"uv": [0, 0, 1.25, 0], "texture": "#1"},
				"east": {"uv": [0, 0, 1.5, 0], "texture": "#1"},
				"south": {"uv": [0, 0, 1.25, 0], "texture": "#1"},
				"west": {"uv": [0, 0, 1.5, 0], "texture": "#1"},
				"up": {"uv": [10.5, 10.5, 9.25, 9], "texture": "#1"},
				"down": {"uv": [6.25, 9.5, 5, 11], "texture": "#1"}
			}
		},
		{
			"from": [5, 3.93863, 0.44005],
			"to": [11, 3.93863, 3.44005],
			"rotation": {"angle": -45, "axis": "x", "origin": [8, 3.93863, 1.94005]},
			"faces": {
				"north": {"uv": [0, 0, 1.5, 0], "texture": "#1"},
				"east": {"uv": [0, 0, 0.75, 0], "texture": "#1"},
				"south": {"uv": [0, 0, 1.5, 0], "texture": "#1"},
				"west": {"uv": [0, 0, 0.75, 0], "texture": "#1"},
				"up": {"uv": [12, 9.75, 10.5, 9], "texture": "#1"},
				"down": {"uv": [10.75, 10.5, 9.25, 11.25], "texture": "#1"}
			}
		},
		{
			"from": [-2, 1, 0],
			"to": [18, 3, 16],
			"rotation": {"angle": 0, "axis": "y", "origin": [0, 1, 0]},
			"faces": {
				"north": {"uv": [0, 9.25, 5, 9.75], "texture": "#1"},
				"east": {"uv": [9.25, 8, 13.25, 8.5], "texture": "#1"},
				"south": {"uv": [9.25, 4, 14.25, 4.5], "texture": "#1"},
				"west": {"uv": [9.25, 8.5, 13.25, 9], "texture": "#1"},
				"up": {"uv": [5, 4, 0, 0], "texture": "#1"},
				"down": {"uv": [5, 4, 0, 8], "texture": "#1"}
			}
		},
		{
			"from": [12, 0, 0],
			"to": [15, 1, 16],
			"rotation": {"angle": 0, "axis": "y", "origin": [0, 1, 0]},
			"faces": {
				"north": {"uv": [4.25, 11.25, 5, 11.5], "texture": "#1"},
				"east": {"uv": [10.5, 9.75, 14.5, 10], "texture": "#1"},
				"south": {"uv": [5.5, 11.25, 6.25, 11.5], "texture": "#1"},
				"west": {"uv": [10.5, 10, 14.5, 10.25], "texture": "#1"},
				"up": {"uv": [9, 4, 8.25, 0], "texture": "#1"},
				"down": {"uv": [9.25, 4, 8.5, 8], "texture": "#1"}
			}
		},
		{
			"from": [1, 0, 0],
			"to": [4, 1, 16],
			"rotation": {"angle": 0, "axis": "y", "origin": [-11, 1, 0]},
			"faces": {
				"north": {"uv": [11.25, 6, 12, 6.25], "texture": "#1"},
				"east": {"uv": [10.5, 10.25, 14.5, 10.5], "texture": "#1"},
				"south": {"uv": [11.25, 6.25, 12, 6.5], "texture": "#1"},
				"west": {"uv": [10.75, 1, 14.75, 1.25], "texture": "#1"},
				"up": {"uv": [9.25, 12, 8.5, 8], "texture": "#1"},
				"down": {"uv": [9.75, 0, 9, 4], "texture": "#1"}
			}
		},
		{
			"from": [4, 8, 6],
			"to": [5, 9, 12],
			"rotation": {"angle": -22.5, "axis": "y", "origin": [4.5, 8.5, 9]},
			"faces": {
				"north": {"uv": [8.25, 7, 8.5, 7.25], "texture": "#1"},
				"east": {"uv": [10.75, 2.75, 12.25, 3], "texture": "#1"},
				"south": {"uv": [8.25, 7.25, 8.5, 7.5], "texture": "#1"},
				"west": {"uv": [10.75, 10.5, 12.25, 10.75], "texture": "#1"},
				"up": {"uv": [8.5, 5.5, 8.25, 4], "texture": "#1"},
				"down": {"uv": [8.5, 5.5, 8.25, 7], "texture": "#1"}
			}
		},
		{
			"from": [8, 8, 6],
			"to": [9, 9, 12],
			"rotation": {"angle": -22.5, "axis": "y", "origin": [8.5, 8.5, 9]},
			"faces": {
				"north": {"uv": [2.75, 10.75, 3, 11], "texture": "#1"},
				"east": {"uv": [10.75, 10.75, 12.25, 11], "texture": "#1"},
				"south": {"uv": [3, 10.75, 3.25, 11], "texture": "#1"},
				"west": {"uv": [10.75, 11, 12.25, 11.25], "texture": "#1"},
				"up": {"uv": [8.25, 11, 8, 9.5], "texture": "#1"},
				"down": {"uv": [8.5, 9.5, 8.25, 11], "texture": "#1"}
			}
		},
		{
			"from": [12, 8, 6],
			"to": [13, 9, 12],
			"rotation": {"angle": 0, "axis": "y", "origin": [12.5, 8.5, 9]},
			"faces": {
				"north": {"uv": [2.75, 11, 3, 11.25], "texture": "#1"},
				"east": {"uv": [2.75, 11.25, 4.25, 11.5], "texture": "#1"},
				"south": {"uv": [3, 11, 3.25, 11.25], "texture": "#1"},
				"west": {"uv": [11.25, 3, 12.75, 3.25], "texture": "#1"},
				"up": {"uv": [5.25, 12.5, 5, 11], "texture": "#1"},
				"down": {"uv": [5.5, 11, 5.25, 12.5], "texture": "#1"}
			}
		},
		{
			"from": [3, 8, 8],
			"to": [14, 23, 8],
			"faces": {
				"north": {"uv": [0, 0, 5.5, 7.5], "texture": "#2"},
				"east": {"uv": [0, 0, 0, 7.5], "texture": "#2"},
				"south": {"uv": [5.5, 0, 0, 7.5], "texture": "#2"},
				"west": {"uv": [0, 0, 0, 7.5], "texture": "#2"},
				"up": {"uv": [5.5, 0, 0, 0], "texture": "#2"},
				"down": {"uv": [5.5, 0, 0, 0], "texture": "#2"}
			}
		}
	],
	"gui_light": "front",
	"display": {
		"thirdperson_righthand": {
			"rotation": [64, 167, 0],
			"translation": [0, 6, 1.75],
			"scale": [0.6, 0.6, 0.6]
		},
		"thirdperson_lefthand": {
			"rotation": [64, 167, 0],
			"translation": [0, 6, 1.75],
			"scale": [0.6, 0.6, 0.6]
		},
		"firstperson_righthand": {
			"rotation": [12, 145, -20],
			"translation": [2.25, 0, -11.5]
		},
		"firstperson_lefthand": {
			"rotation": [12, 145, -20],
			"translation": [2.25, 0, -11.5]
		},
		"ground": {
			"rotation": [-25, 0, 0],
			"translation": [0, 2, 0],
			"scale": [0.6, 0.6, 0.6]
		},
		"gui": {
			"rotation": [39, 138, 0],
			"translation": [0.25, 0.5, 0],
			"scale": [0.6, 0.6, 0.6]
		},
		"head": {
			"translation": [0, 14.5, 0]
		},
		"fixed": {
			"rotation": [-90, 0, 0],
			"translation": [0, 0, -10],
			"scale": [1.5, 1.5, 1.5]
		}
	}
}