{"credit":"Made with Blockbench","texture_size":[256,256],"textures":{"1":"elitecreatures:farmer_decoration_v1/farmer_table_sawing"},"elements":[{"from":[27,-13,14],"to":[30,5.5,17],"rotation":{"angle":0,"axis":"y","origin":[8,-0.75,2]},"faces":{"north":{"uv":[0,2.71875,1.15625,2.53125],"rotation":270,"texture":"#1"},"east":{"uv":[0,2.71875,1.15625,2.53125],"rotation":270,"texture":"#1"},"south":{"uv":[0,2.3125,1.15625,2.125],"rotation":90,"texture":"#1"},"west":{"uv":[0,2.21875,1.15625,2.03125],"rotation":270,"texture":"#1"},"up":{"uv":[4.125,5.9375,3.9375,5.75],"rotation":270,"texture":"#1"},"down":{"uv":[3.6875,5.75,3.5,5.9375],"rotation":270,"texture":"#1"}}},{"from":[27,-13,-13],"to":[30,5.5,-10],"rotation":{"angle":0,"axis":"y","origin":[8,-0.75,2]},"faces":{"north":{"uv":[0,2.71875,1.15625,2.53125],"rotation":270,"texture":"#1"},"east":{"uv":[0,2.71875,1.15625,2.53125],"rotation":270,"texture":"#1"},"south":{"uv":[0,2.3125,1.15625,2.125],"rotation":90,"texture":"#1"},"west":{"uv":[0,2.21875,1.15625,2.03125],"rotation":270,"texture":"#1"},"up":{"uv":[4.125,5.9375,3.9375,5.75],"rotation":270,"texture":"#1"},"down":{"uv":[3.6875,5.75,3.5,5.9375],"rotation":270,"texture":"#1"}}},{"from":[27,-16,-15.5],"to":[30,-13,19],"rotation":{"angle":0,"axis":"y","origin":[8,-0.75,2]},"faces":{"north":{"uv":[4.125,5.9375,3.9375,5.75],"rotation":270,"texture":"#1"},"east":{"uv":[2.15625,2.71875,0,2.53125],"rotation":180,"texture":"#1"},"south":{"uv":[4.125,5.9375,3.9375,5.75],"rotation":270,"texture":"#1"},"west":{"uv":[2.15625,2.71875,0,2.53125],"rotation":180,"texture":"#1"},"up":{"uv":[2.15625,2.71875,0,2.53125],"rotation":90,"texture":"#1"},"down":{"uv":[2.15625,2.3125,0,2.125],"rotation":90,"texture":"#1"}}},{"from":[-14,-13,-13],"to":[-11,5.5,-10],"rotation":{"angle":0,"axis":"y","origin":[8,-0.75,2]},"faces":{"north":{"uv":[0,2.71875,1.15625,2.53125],"rotation":270,"texture":"#1"},"east":{"uv":[0,2.71875,1.15625,2.53125],"rotation":270,"texture":"#1"},"south":{"uv":[0,2.3125,1.15625,2.125],"rotation":90,"texture":"#1"},"west":{"uv":[0,2.21875,1.15625,2.03125],"rotation":270,"texture":"#1"},"up":{"uv":[4.125,5.9375,3.9375,5.75],"rotation":270,"texture":"#1"},"down":{"uv":[3.6875,5.75,3.5,5.9375],"rotation":270,"texture":"#1"}}},{"from":[-14,-16,-15.5],"to":[-11,-13,19],"rotation":{"angle":0,"axis":"y","origin":[8,-0.75,2]},"faces":{"north":{"uv":[4.125,5.9375,3.9375,5.75],"rotation":270,"texture":"#1"},"east":{"uv":[2.15625,2.71875,0,2.53125],"rotation":180,"texture":"#1"},"south":{"uv":[4.125,5.9375,3.9375,5.75],"rotation":270,"texture":"#1"},"west":{"uv":[2.15625,2.71875,0,2.53125],"rotation":180,"texture":"#1"},"up":{"uv":[2.15625,2.71875,0,2.53125],"rotation":90,"texture":"#1"},"down":{"uv":[2.15625,2.3125,0,2.125],"rotation":90,"texture":"#1"}}},{"from":[-14,-13,14],"to":[-11,5.5,17],"rotation":{"angle":0,"axis":"y","origin":[8,-0.75,2]},"faces":{"north":{"uv":[0,2.71875,1.15625,2.53125],"rotation":270,"texture":"#1"},"east":{"uv":[0,2.71875,1.15625,2.53125],"rotation":270,"texture":"#1"},"south":{"uv":[0,2.3125,1.15625,2.125],"rotation":90,"texture":"#1"},"west":{"uv":[0,2.21875,1.15625,2.03125],"rotation":270,"texture":"#1"},"up":{"uv":[4.125,5.9375,3.9375,5.75],"rotation":270,"texture":"#1"},"down":{"uv":[3.6875,5.75,3.5,5.9375],"rotation":270,"texture":"#1"}}},{"from":[-9,5,14],"to":[24,8,17],"rotation":{"angle":0,"axis":"y","origin":[8,-0.75,2]},"faces":{"north":{"uv":[2.3125,8.3125,0.25,8.5],"texture":"#1"},"east":{"uv":[1.78437,8.96875,1.59687,9.15625],"texture":"#1"},"south":{"uv":[2.3125,8.3125,0.25,8.5],"texture":"#1"},"west":{"uv":[1.78437,8.96875,1.59687,9.15625],"texture":"#1"},"up":{"uv":[2.3125,8.0625,0.25,8.25],"texture":"#1"},"down":{"uv":[2.3125,8.0625,0.25,8.25],"texture":"#1"}}},{"from":[-15,-7,15],"to":[31,-4,16],"rotation":{"angle":0,"axis":"y","origin":[8,-0.75,2]},"faces":{"north":{"uv":[2.875,2.53125,0,2.71875],"texture":"#1"},"east":{"uv":[3.5,5.75,3.4375,5.9375],"texture":"#1"},"south":{"uv":[2.875,2.125,0,2.3125],"texture":"#1"},"west":{"uv":[3.5625,5.75,3.5,5.9375],"texture":"#1"},"up":{"uv":[2.875,2.125,0,2.1875],"texture":"#1"},"down":{"uv":[2.875,2.125,0,2.1875],"texture":"#1"}}},{"from":[-15,-7,-12],"to":[31,-4,-11],"rotation":{"angle":0,"axis":"y","origin":[8,-0.75,2]},"faces":{"north":{"uv":[2.875,2.53125,0,2.71875],"texture":"#1"},"east":{"uv":[3.5,5.75,3.4375,5.9375],"texture":"#1"},"south":{"uv":[2.875,2.125,0,2.3125],"texture":"#1"},"west":{"uv":[3.5625,5.75,3.5,5.9375],"texture":"#1"},"up":{"uv":[2.875,2.125,0,2.1875],"texture":"#1"},"down":{"uv":[2.875,2.125,0,2.1875],"texture":"#1"}}},{"from":[-15,4,2],"to":[31,5,18],"rotation":{"angle":0,"axis":"y","origin":[8,-0.75,2]},"faces":{"north":{"uv":[8.625,0.5625,5.75,0.625],"texture":"#1"},"east":{"uv":[6.75,2.625,5.75,2.6875],"texture":"#1"},"south":{"uv":[8.625,0.5,5.75,0.5625],"texture":"#1"},"west":{"uv":[6.75,2.6875,5.75,2.75],"texture":"#1"},"up":{"uv":[2.875,2,0,3],"texture":"#1"},"down":{"uv":[2.875,0,0,1],"texture":"#1"}}},{"from":[-15,4,-14],"to":[31,5,2],"rotation":{"angle":0,"axis":"y","origin":[8,-0.75,2]},"faces":{"north":{"uv":[8.625,0.6875,5.75,0.75],"texture":"#1"},"east":{"uv":[6.75,2.75,5.75,2.8125],"texture":"#1"},"south":{"uv":[8.625,0.625,5.75,0.6875],"texture":"#1"},"west":{"uv":[6.75,2.8125,5.75,2.875],"texture":"#1"},"up":{"uv":[0,0,2.875,1],"texture":"#1"},"down":{"uv":[0,0,2.875,1],"texture":"#1"}}},{"from":[0,4,2],"to":[16,20,2],"rotation":{"angle":0,"axis":"y","origin":[8,-0.75,2]},"faces":{"north":{"uv":[0,6,1,7],"texture":"#1"},"east":{"uv":[0,0,0,1],"texture":"#1"},"south":{"uv":[1,6,0,7],"texture":"#1"},"west":{"uv":[0,0,0,1],"texture":"#1"},"up":{"uv":[1,0,0,0],"texture":"#1"},"down":{"uv":[1,0,0,0],"texture":"#1"}}},{"from":[3,-7,3],"to":[22,-6,4],"rotation":{"angle":0,"axis":"y","origin":[8,-0.75,2]},"faces":{"north":{"uv":[11.9375,9.4375,10.75,9.5],"texture":"#1"},"east":{"uv":[11.9375,9.4375,10.75,9.5],"texture":"#1"},"south":{"uv":[11.9375,9.4375,10.75,9.5],"texture":"#1"},"west":{"uv":[11.9375,9.4375,10.75,9.5],"texture":"#1"},"up":{"uv":[11.9375,9.4375,10.75,9.5],"texture":"#1"},"down":{"uv":[11.9375,9.4375,10.75,9.5],"texture":"#1"}}},{"from":[22,-10,-1],"to":[23,-4,8],"rotation":{"angle":0,"axis":"y","origin":[8,-0.75,2]},"faces":{"north":{"uv":[6.8125,15.4375,6.75,15.8125],"texture":"#1"},"east":{"uv":[6.8125,15.4375,6.75,15.8125],"texture":"#1"},"south":{"uv":[6.8125,15.4375,6.75,15.8125],"texture":"#1"},"west":{"uv":[6.8125,15.4375,6.75,15.8125],"texture":"#1"},"up":{"uv":[6.8125,15.4375,6.75,15.8125],"texture":"#1"},"down":{"uv":[6.8125,15.4375,6.75,15.8125],"texture":"#1"}}},{"from":[3,-4,0],"to":[23,4,7],"rotation":{"angle":0,"axis":"y","origin":[8,-0.75,2]},"faces":{"north":{"uv":[1.25,11.25,0,11.75],"texture":"#1"},"east":{"uv":[2.875,12.34375,2.4375,12.84375],"texture":"#1"},"south":{"uv":[1.25,11.25,0,11.75],"texture":"#1"},"west":{"uv":[2.875,12.34375,2.4375,12.84375],"texture":"#1"},"up":{"uv":[2.5,11.1875,1.25,11.625],"texture":"#1"},"down":{"uv":[2.5,11.1875,1.25,11.625],"texture":"#1"}}},{"from":[-7,-7,-7],"to":[3,4,7],"rotation":{"angle":0,"axis":"y","origin":[8,-0.75,2]},"faces":{"north":{"uv":[2.375,11.65625,1.75,12.34375],"texture":"#1"},"east":{"uv":[1.75,11.78125,0.875,12.46875],"texture":"#1"},"south":{"uv":[2.375,11.65625,1.75,12.34375],"texture":"#1"},"west":{"uv":[1.75,11.78125,0.875,12.46875],"texture":"#1"},"up":{"uv":[1.25,12.46875,0.625,13.34375],"texture":"#1"},"down":{"uv":[1.25,12.46875,0.625,13.34375],"texture":"#1"}}},{"from":[11,5,-13],"to":[23,7,-9],"rotation":{"angle":0,"axis":"y","origin":[17,6,-11]},"faces":{"north":{"uv":[1.625,8.125,0.875,8.25],"texture":"#1"},"east":{"uv":[2,9.0625,2.25,8.9375],"texture":"#1"},"south":{"uv":[1.625,8.125,0.875,8.25],"texture":"#1"},"west":{"uv":[2,9.0625,2.25,8.9375],"texture":"#1"},"up":{"uv":[0.875,7.9375,1.625,7.6875],"texture":"#1"},"down":{"uv":[0.875,7.9375,1.625,7.6875],"texture":"#1"}}},{"from":[11,7,-10],"to":[23,9,-6],"rotation":{"angle":22.5,"axis":"y","origin":[17,8,-8]},"faces":{"north":{"uv":[1.625,8.125,0.875,8.25],"texture":"#1"},"east":{"uv":[2,9.0625,2.25,8.9375],"texture":"#1"},"south":{"uv":[1.625,8.125,0.875,8.25],"texture":"#1"},"west":{"uv":[2,9.0625,2.25,8.9375],"texture":"#1"},"up":{"uv":[0.875,7.9375,1.625,7.6875],"texture":"#1"},"down":{"uv":[0.875,7.9375,1.625,7.6875],"texture":"#1"}}},{"from":[11,5,-7],"to":[23,7,-3],"rotation":{"angle":-22.5,"axis":"y","origin":[17,6,-5]},"faces":{"north":{"uv":[1.625,8.125,0.875,8.25],"texture":"#1"},"east":{"uv":[2,9.0625,2.25,8.9375],"texture":"#1"},"south":{"uv":[1.625,8.125,0.875,8.25],"texture":"#1"},"west":{"uv":[2,9.0625,2.25,8.9375],"texture":"#1"},"up":{"uv":[0.875,7.9375,1.625,7.6875],"texture":"#1"},"down":{"uv":[0.875,7.9375,1.625,7.6875],"texture":"#1"}}}],"gui_light":"front","display":{"thirdperson_righthand":{"rotation":[0,95,0],"translation":[0,0.75,1.75],"scale":[0.15,0.15,0.15]},"thirdperson_lefthand":{"rotation":[0,95,0],"translation":[0,0.75,1.75],"scale":[0.15,0.15,0.15]},"firstperson_righthand":{"rotation":[0,92,0],"translation":[1.5,2.25,2.25],"scale":[0.5,0.5,0.5]},"firstperson_lefthand":{"rotation":[0,92,0],"translation":[1.5,2.25,2.25],"scale":[0.5,0.5,0.5]},"ground":{"translation":[-0.25,3,1.5],"scale":[0.25,0.25,0.25]},"gui":{"rotation":[30,225,0],"translation":[-1,1.75,0],"scale":[0.2,0.2,0.2]},"head":{"translation":[-26,-4.75,20.5],"scale":[1.6,1.6,1.6]},"fixed":{"rotation":[30,225,0],"translation":[1.25,-2,0],"scale":[0,0,0]}},"groups":[{"name":"Shelf","origin":[8,8,8],"color":0,"children":[0,1,2,3,4,5,6,7,8,9,10,11]},{"name":"Motor","origin":[0,0,0],"color":0,"children":[12,13,14,15]},16,17,18]}