{"credit":"Made with Blockbench","texture_size":[64,64],"textures":{"1":"elitecreatures:farmer_decoration_v1/farmer_table","particle":"elitecreatures:farmer_decoration_v1/farmer_table"},"elements":[{"from":[-16,10,0],"to":[32,13,8],"rotation":{"angle":0,"axis":"y","origin":[5.5,11.5,3.5]},"faces":{"north":{"uv":[0,4,12,4.75],"texture":"#1"},"east":{"uv":[7.5,5.5,9.5,6.25],"texture":"#1"},"south":{"uv":[0,4,12,4.75],"texture":"#1"},"west":{"uv":[7.5,5.5,9.5,6.25],"texture":"#1"},"up":{"uv":[12,2,0,0],"texture":"#1"},"down":{"uv":[12,2,0,0],"texture":"#1"}}},{"from":[-16,10,24],"to":[32,13,32],"rotation":{"angle":0,"axis":"y","origin":[5.5,11.5,3.5]},"faces":{"north":{"uv":[0,4,12,4.75],"texture":"#1"},"east":{"uv":[7.5,5.5,9.5,6.25],"texture":"#1"},"south":{"uv":[0,4,12,4.75],"texture":"#1"},"west":{"uv":[7.5,5.5,9.5,6.25],"texture":"#1"},"up":{"uv":[12,2,0,0],"texture":"#1"},"down":{"uv":[12,2,0,0],"texture":"#1"}}},{"from":[-16,10,16],"to":[32,13,23],"rotation":{"angle":0,"axis":"y","origin":[5.5,11.5,3.5]},"faces":{"north":{"uv":[0,4,12,4.75],"texture":"#1"},"east":{"uv":[7.625,5.5,9.375,6.25],"texture":"#1"},"south":{"uv":[0,4,12,4.75],"texture":"#1"},"west":{"uv":[7.625,5.5,9.375,6.25],"texture":"#1"},"up":{"uv":[0,3.75,12,2],"texture":"#1"},"down":{"uv":[0,3.75,12,2],"texture":"#1"}}},{"from":[-16,10,8.5],"to":[32,13,15.5],"rotation":{"angle":0,"axis":"y","origin":[5.5,11.5,3.5]},"faces":{"north":{"uv":[0,4,12,4.75],"texture":"#1"},"east":{"uv":[7.625,5.5,9.375,6.25],"texture":"#1"},"south":{"uv":[0,4,12,4.75],"texture":"#1"},"west":{"uv":[7.625,5.5,9.375,6.25],"texture":"#1"},"up":{"uv":[0,3.75,12,2],"texture":"#1"},"down":{"uv":[0,3.75,12,2],"texture":"#1"}}},{"from":[25,0,1],"to":[31,16.5,7],"rotation":{"angle":0,"axis":"y","origin":[28.5,8.25,4]},"faces":{"north":{"uv":[1.5,5.5,3,9.625],"texture":"#1"},"east":{"uv":[1.5,5.5,3,9.625],"texture":"#1"},"south":{"uv":[1.5,5.5,3,9.625],"texture":"#1"},"west":{"uv":[1.5,5.5,3,9.625],"texture":"#1"},"up":{"uv":[7.5,7,6,5.5],"texture":"#1"},"down":{"uv":[7.5,7,6,8.5],"texture":"#1"}}},{"from":[-15,0,1],"to":[-9,16.5,7],"rotation":{"angle":0,"axis":"y","origin":[28.5,8.25,4]},"faces":{"north":{"uv":[1.5,5.5,3,9.625],"texture":"#1"},"east":{"uv":[1.5,5.5,3,9.625],"texture":"#1"},"south":{"uv":[1.5,5.5,3,9.625],"texture":"#1"},"west":{"uv":[1.5,5.5,3,9.625],"texture":"#1"},"up":{"uv":[7.5,7,6,5.5],"texture":"#1"},"down":{"uv":[7.5,7,6,8.5],"texture":"#1"}}},{"from":[-15,0,25],"to":[-9,16.5,31],"rotation":{"angle":0,"axis":"y","origin":[28.5,8.25,4]},"faces":{"north":{"uv":[1.5,5.5,3,9.625],"texture":"#1"},"east":{"uv":[1.5,5.5,3,9.625],"texture":"#1"},"south":{"uv":[1.5,5.5,3,9.625],"texture":"#1"},"west":{"uv":[1.5,5.5,3,9.625],"texture":"#1"},"up":{"uv":[7.5,7,6,5.5],"texture":"#1"},"down":{"uv":[7.5,7,6,8.5],"texture":"#1"}}},{"from":[25,0,25],"to":[31,16.5,31],"rotation":{"angle":0,"axis":"y","origin":[28.5,8.25,4]},"faces":{"north":{"uv":[1.5,5.5,3,9.625],"texture":"#1"},"east":{"uv":[1.5,5.5,3,9.625],"texture":"#1"},"south":{"uv":[1.5,5.5,3,9.625],"texture":"#1"},"west":{"uv":[1.5,5.5,3,9.625],"texture":"#1"},"up":{"uv":[7.5,7,6,5.5],"texture":"#1"},"down":{"uv":[7.5,7,6,8.5],"texture":"#1"}}},{"from":[24,6.5,2],"to":[25,10,30],"rotation":{"angle":0,"axis":"y","origin":[28.5,8.25,4]},"faces":{"north":{"uv":[1.5,3.75,1.75,4.625],"texture":"#1"},"east":{"uv":[1.75,2.25,8.75,3.125],"texture":"#1"},"south":{"uv":[1.5,3.75,1.75,4.625],"texture":"#1"},"west":{"uv":[1.75,2.25,8.75,3.125],"texture":"#1"},"up":{"uv":[9.5,3.5,2.5,3.25],"rotation":90,"texture":"#1"},"down":{"uv":[9.5,3.5,2.5,3.25],"rotation":90,"texture":"#1"}}},{"from":[-9,6.5,2],"to":[-8,10,30],"rotation":{"angle":0,"axis":"y","origin":[28.5,8.25,4]},"faces":{"north":{"uv":[1.5,3.75,1.75,4.625],"texture":"#1"},"east":{"uv":[1.75,2.25,8.75,3.125],"texture":"#1"},"south":{"uv":[1.5,3.75,1.75,4.625],"texture":"#1"},"west":{"uv":[1.75,2.25,8.75,3.125],"texture":"#1"},"up":{"uv":[9.5,3.5,2.5,3.25],"rotation":90,"texture":"#1"},"down":{"uv":[9.5,3.5,2.5,3.25],"rotation":90,"texture":"#1"}}}],"gui_light":"front","display":{"thirdperson_righthand":{"rotation":[0,95,0],"translation":[0,0.75,1.75],"scale":[0.15,0.15,0.15]},"thirdperson_lefthand":{"rotation":[0,95,0],"translation":[0,0.75,1.75],"scale":[0.15,0.15,0.15]},"firstperson_righthand":{"rotation":[0,92,0],"translation":[0.5,0,2.25],"scale":[0.5,0.5,0.5]},"firstperson_lefthand":{"rotation":[0,92,0],"translation":[0.5,0,2.25],"scale":[0.5,0.5,0.5]},"ground":{"translation":[-0.25,3,-2.25],"scale":[0.25,0.25,0.25]},"gui":{"rotation":[30,225,0],"translation":[1.25,-2,0],"scale":[0.2,0.2,0.2]},"head":{"translation":[-26,-30.25,0.25],"scale":[1.6,1.6,1.6]},"fixed":{"rotation":[30,225,0],"translation":[1.25,-2,0],"scale":[0,0,0]}}}