{"credit":"MadewithBlockbench","texture_size":[64,64],"textures":{"2":"elitecreatures:spooky_furniture_v1/fence","particle":"elitecreatures:spooky_furniture_v1/fence"},"elements":[{"name":"wall","from":[-4.46349,0,6.68714],"to":[-0.5,14.09489,9.34772],"rotation":{"angle":0,"axis":"y","origin":[-3.5812,-0.60625,5.70028]},"faces":{"north":{"uv":[16,5.5,14.88413,9.37372],"texture":"#2"},"east":{"uv":[12.375,0,13.12765,3.87372],"texture":"#2"},"south":{"uv":[16,5.5,14.88413,9.37372],"texture":"#2"},"west":{"uv":[12.375,0,13.12765,3.87372],"texture":"#2"},"up":{"uv":[15.99087,6.24015,14.875,5.5],"texture":"#2"},"down":{"uv":[15.99087,6.24015,14.875,5.5],"texture":"#2"}}},{"name":"dec","from":[-3.5,14,7.18257],"to":[-1.5,16,9.18257],"rotation":{"angle":0,"axis":"y","origin":[-7.5,0,1.08257]},"faces":{"north":{"uv":[14,5.75,14.5,6.25],"texture":"#2"},"east":{"uv":[14,5.75,14.5,6.25],"texture":"#2"},"south":{"uv":[14,5.75,14.5,6.25],"texture":"#2"},"west":{"uv":[14,5.75,14.5,6.25],"texture":"#2"},"up":{"uv":[14,5.75,14.5,6.25],"texture":"#2"},"down":{"uv":[14,5.75,14.5,6.25],"texture":"#2"}}},{"name":"door","from":[-0.5,0,8.05],"to":[7.5,23,8.05],"rotation":{"angle":22.5,"axis":"y","origin":[-1,9,7.85]},"faces":{"north":{"uv":[10.875,5,12.625,10.875],"texture":"#2"},"east":{"uv":[0,0,0,5.25],"texture":"#2"},"south":{"uv":[12.625,5,10.875,10.875],"texture":"#2"},"west":{"uv":[0,0,0,5.25],"texture":"#2"},"up":{"uv":[0,0,1.75,0],"texture":"#2"},"down":{"uv":[0,0,1.75,0],"texture":"#2"}}},{"name":"wall","from":[16.5,0,6.68714],"to":[20.46349,14.09489,9.34772],"rotation":{"angle":0,"axis":"y","origin":[4.5812,-0.60625,5.70028]},"faces":{"north":{"uv":[14.88413,5.5,16,9.37372],"texture":"#2"},"east":{"uv":[13.12765,0,12.375,3.87372],"texture":"#2"},"south":{"uv":[14.88413,5.5,16,9.37372],"texture":"#2"},"west":{"uv":[13.12765,0,12.375,3.87372],"texture":"#2"},"up":{"uv":[14.875,6.24015,15.99087,5.5],"texture":"#2"},"down":{"uv":[14.875,6.24015,15.99087,5.5],"texture":"#2"}}},{"name":"dec","from":[17.5,14,7.18257],"to":[19.5,16,9.18257],"rotation":{"angle":0,"axis":"y","origin":[8.5,0,1.08257]},"faces":{"north":{"uv":[14.5,5.75,14,6.25],"texture":"#2"},"east":{"uv":[14.5,5.75,14,6.25],"texture":"#2"},"south":{"uv":[14.5,5.75,14,6.25],"texture":"#2"},"west":{"uv":[14.5,5.75,14,6.25],"texture":"#2"},"up":{"uv":[14.5,5.75,14,6.25],"texture":"#2"},"down":{"uv":[14.5,5.75,14,6.25],"texture":"#2"}}},{"name":"door","from":[8.5,0,8.05],"to":[16.5,23,8.05],"rotation":{"angle":0,"axis":"y","origin":[2,9,7.85]},"faces":{"north":{"uv":[12.625,5,10.875,10.875],"texture":"#2"},"east":{"uv":[0,0,0,5.25],"texture":"#2"},"south":{"uv":[10.875,5,12.625,10.875],"texture":"#2"},"west":{"uv":[0,0,0,5.25],"texture":"#2"},"up":{"uv":[1.75,0,0,0],"texture":"#2"},"down":{"uv":[1.75,0,0,0],"texture":"#2"}}}],"gui_light":"front","display":{"thirdperson_righthand":{"rotation":[67.5,0,0],"translation":[0,0.75,1.5],"scale":[0.30664,0.30664,0.30664]},"thirdperson_lefthand":{"rotation":[67.5,0,0],"translation":[0,0.75,1.5],"scale":[0.30664,0.30664,0.30664]},"firstperson_righthand":{"translation":[3,2.75,0],"scale":[0.54297,0.54297,0.54297]},"firstperson_lefthand":{"translation":[3,2.75,0],"scale":[0.54297,0.54297,0.54297]},"ground":{"translation":[0,1,0],"scale":[0.44531,0.44531,0.44531]},"gui":{"rotation":[30,45,0],"scale":[0.62305,0.62305,0.62305]},"head":{"translation":[0,-30.25,0.75],"scale":[0,0,0]},"fixed":{"rotation":[-90,0,0],"translation":[0,0,-15.75],"scale":[2,2,2]}},"groups":[{"name":"all_fence_gate","origin":[-4.59945,-0.56689,5.78285],"color":0,"children":[0,1,2]},{"name":"all_fence_gate","origin":[2.90055,-0.56689,5.78285],"color":0,"children":[3,4,5]}]}