{"credit":"Made with Blockbench","texture_size":[32,32],"textures":{"0":"elitecreatures:nightclub_furniture_v2/nightclub_bar_chair_red","particle":"elitecreatures:nightclub_furniture_v2/nightclub_bar_chair_red"},"elements":[{"from":[4,13,4],"to":[12,15,12],"faces":{"north":{"uv":[0,8,4,9],"texture":"#0"},"east":{"uv":[0,8,4,9],"texture":"#0"},"south":{"uv":[0,8,4,9],"texture":"#0"},"west":{"uv":[0,8,4,9],"texture":"#0"},"up":{"uv":[4,4,0,0],"texture":"#0"},"down":{"uv":[4,4,0,8],"texture":"#0"}}},{"from":[10,0,5],"to":[11,13,6],"faces":{"north":{"uv":[4,0.5,4.5,7],"texture":"#0"},"east":{"uv":[4.5,0.5,4,7],"texture":"#0"},"south":{"uv":[4,0.5,4.5,7],"texture":"#0"},"west":{"uv":[4.5,0.5,4,7],"texture":"#0"},"up":{"uv":[4.5,0.5,4,0],"texture":"#0"},"down":{"uv":[4.5,0,4,0.5],"texture":"#0"}}},{"from":[10,0,10],"to":[11,13,11],"faces":{"north":{"uv":[4.5,0.5,4,7],"texture":"#0"},"east":{"uv":[4,0.5,4.5,7],"texture":"#0"},"south":{"uv":[4.5,0.5,4,7],"texture":"#0"},"west":{"uv":[4,0.5,4.5,7],"texture":"#0"},"up":{"uv":[4.5,0.5,4,0],"texture":"#0"},"down":{"uv":[4.5,0,4,0.5],"texture":"#0"}}},{"from":[5,0,10],"to":[6,13,11],"faces":{"north":{"uv":[4,0.5,4.5,7],"texture":"#0"},"east":{"uv":[4.5,0.5,4,7],"texture":"#0"},"south":{"uv":[4,0.5,4.5,7],"texture":"#0"},"west":{"uv":[4.5,0.5,4,7],"texture":"#0"},"up":{"uv":[4.5,0.5,4,0],"texture":"#0"},"down":{"uv":[4.5,0,4,0.5],"texture":"#0"}}},{"from":[5,0,5],"to":[6,13,6],"faces":{"north":{"uv":[4.5,0.5,4,7],"texture":"#0"},"east":{"uv":[4,0.5,4.5,7],"texture":"#0"},"south":{"uv":[4.5,0.5,4,7],"texture":"#0"},"west":{"uv":[4,0.5,4.5,7],"texture":"#0"},"up":{"uv":[4.5,0.5,4,0],"texture":"#0"},"down":{"uv":[4.5,0,4,0.5],"texture":"#0"}}},{"from":[5,3,5],"to":[11,3,11],"faces":{"up":{"uv":[7.5,3,4.5,0],"texture":"#0"},"down":{"uv":[7.5,0,4.5,3],"texture":"#0"}}},{"from":[5,8,5],"to":[11,8,11],"faces":{"up":{"uv":[7.5,3,4.5,0],"texture":"#0"},"down":{"uv":[7.5,0,4.5,3],"texture":"#0"}}}],"gui_light":"front","display":{"thirdperson_righthand":{"translation":[0,1.75,2.25],"scale":[0.54,0.54,0.54]},"thirdperson_lefthand":{"translation":[0,1.75,2.25],"scale":[0.54,0.54,0.54]},"firstperson_righthand":{"translation":[0,1.75,2.25],"scale":[0.54,0.54,0.54]},"firstperson_lefthand":{"translation":[0,1.75,2.25],"scale":[0.54,0.54,0.54]},"ground":{"translation":[0,2,0],"scale":[0.5,0.5,0.5]},"gui":{"rotation":[30,225,0],"scale":[0.625,0.625,0.625]},"head":{"translation":[0,-28.75,0],"scale":[2,2,2]}}}