{"credit":"By EliteCreatures","textures":{"0":"elitecreatures:collectibles_v2_32x/darling_ducklings_inside_32","1":"elitecreatures:collectibles_v2_32x/collectibles_package","2":"elitecreatures:collectibles_v2_32x/ef_darling_ducklings_long","particle":"elitecreatures:collectibles_v2_32x/collectibles_package"},"elements":[{"from":[3.95,4.86,1.95],"to":[12.05,12.15,9.24],"rotation":{"angle":0,"axis":"y","origin":[7.19,0,5.19]},"faces":{"north":{"uv":[5.5,0,7.5,1.875],"texture":"#0"},"east":{"uv":[2,7,3.875,8.875],"texture":"#0"},"south":{"uv":[5.5,5,7.5,6.875],"texture":"#0"},"west":{"uv":[4,7,5.875,8.875],"texture":"#0"},"up":{"uv":[8,3.875,6,2],"texture":"#0"},"down":{"uv":[2,7,0,8.875],"texture":"#0"}}},{"from":[2.735,0,3.38],"to":[13.265,7.29,14.72],"rotation":{"angle":0,"axis":"y","origin":[7.595,0,4.19]},"faces":{"north":{"uv":[0,5,2.625,6.875],"texture":"#0"},"east":{"uv":[0,3,2.875,4.875],"texture":"#0"},"south":{"uv":[2.75,5,5.375,6.875],"texture":"#0"},"west":{"uv":[3,3,5.875,4.875],"texture":"#0"},"up":{"uv":[2.625,2.875,0,0],"texture":"#0"},"down":{"uv":[5.375,0,2.75,2.875],"texture":"#0"}}},{"from":[1.33,2,5.38],"to":[2.83,6.29,11.72],"rotation":{"angle":0,"axis":"y","origin":[7.19,0,4.19]},"faces":{"north":{"uv":[7.75,8,8,9.125],"texture":"#0"},"east":{"uv":[7.5,0,9.125,1.125],"texture":"#0"},"south":{"uv":[8.75,3.5,9,4.625],"texture":"#0"},"west":{"uv":[7.5,5,9.125,6.125],"texture":"#0"},"up":{"uv":[8.25,8.625,8,7],"texture":"#0"},"down":{"uv":[7.75,8,7.5,9.625],"texture":"#0"}}},{"from":[13.17,2,5.38],"to":[14.67,6.29,11.72],"rotation":{"angle":0,"axis":"y","origin":[8.81,0,4.19]},"faces":{"north":{"uv":[8,8,7.75,9.125],"texture":"#0"},"east":{"uv":[9.125,5,7.5,6.125],"texture":"#0"},"south":{"uv":[9,3.5,8.75,4.625],"texture":"#0"},"west":{"uv":[9.125,0,7.5,1.125],"texture":"#0"},"up":{"uv":[8,8.625,8.25,7],"texture":"#0"},"down":{"uv":[7.5,8,7.75,9.625],"texture":"#0"}}},{"from":[6.33,8,13.47],"to":[8.86,10.29,16.47],"rotation":{"angle":-45,"axis":"x","origin":[7.595,6.145,16.22]},"faces":{"north":{"uv":[8.25,8.5,8.875,9.125],"texture":"#0"},"east":{"uv":[8,3.5,8.75,4.125],"texture":"#0"},"south":{"uv":[8.75,1.25,9.375,1.875],"texture":"#0"},"west":{"uv":[8,4.25,8.75,4.875],"texture":"#0"},"up":{"uv":[6.625,8.75,6,8],"texture":"#0"},"down":{"uv":[7.375,8,6.75,8.75],"texture":"#0"}}},{"from":[3.95,11.9,2.76],"to":[12.05,15.95,2.76],"rotation":{"angle":-22.5,"axis":"x","origin":[8,14.175,2.76]},"faces":{"north":{"uv":[6,4,8,5],"texture":"#0"},"east":{"uv":[0,0,0,1],"texture":"#0"},"south":{"uv":[6,7,8,8],"texture":"#0"},"west":{"uv":[0,0,0,1],"texture":"#0"},"up":{"uv":[2,0,0,0],"texture":"#0"},"down":{"uv":[2,0,0,0],"texture":"#0"}}},{"from":[5.57,4.86,-0.48],"to":[10.43,7.29,1.95],"rotation":{"angle":0,"axis":"y","origin":[7.19,0,5.19]},"faces":{"north":{"uv":[7.5,1.25,8.75,1.875],"texture":"#0"},"east":{"uv":[8.25,7,8.875,7.625],"texture":"#0"},"south":{"uv":[7.5,6.25,8.75,6.875],"texture":"#0"},"west":{"uv":[8.25,7.75,8.875,8.375],"texture":"#0"},"up":{"uv":[9.25,2.625,8,2],"texture":"#0"},"down":{"uv":[9.25,2.75,8,3.375],"texture":"#0"}}},{"name":"signs","from":[0.7,18,-0.075],"to":[15.3,20.8,-0.075],"rotation":{"angle":0,"axis":"y","origin":[17,6.9,0]},"faces":{"north":{"uv":[0,14.875,7.375,16],"texture":"#0"},"east":{"uv":[0,0,0,0.75],"texture":"#0"},"west":{"uv":[0,0,0,0.75],"texture":"#0"},"up":{"uv":[3.625,0,0,0],"texture":"#0"},"down":{"uv":[3.625,0,0,0],"texture":"#0"}}},{"name":"package","from":[0,-0.1,0],"to":[16,21.9,0],"faces":{"north":{"uv":[0,0,4,5.5],"texture":"#1"},"east":{"uv":[4,0,8,5.5],"texture":"#1"},"south":{"uv":[0,0,4,5.5],"texture":"#1"},"west":{"uv":[4,5.5,8,11],"texture":"#1"},"up":{"uv":[12,4,8,0],"texture":"#1"},"down":{"uv":[12,4,8,8],"texture":"#1"}}},{"name":"package","from":[0,-0.1,16],"to":[16,21.9,16],"faces":{"north":{"uv":[0,5.5,4,11],"texture":"#1"},"east":{"uv":[4,0,8,5.5],"texture":"#1"},"south":{"uv":[0,5.5,4,11],"texture":"#1"},"west":{"uv":[4,5.5,8,11],"texture":"#1"},"up":{"uv":[12,4,8,0],"texture":"#1"},"down":{"uv":[12,4,8,8],"texture":"#1"}}},{"name":"package","from":[0,-0.1,0],"to":[16,-0.1,16],"faces":{"north":{"uv":[0,0,4,5.5],"texture":"#1"},"east":{"uv":[4,0,8,5.5],"texture":"#1"},"south":{"uv":[0,5.5,4,11],"texture":"#1"},"west":{"uv":[4,5.5,8,11],"texture":"#1"},"up":{"uv":[12,4,8,8],"texture":"#1"},"down":{"uv":[12,4,8,8],"texture":"#1"}}},{"name":"package","from":[0,21.9,0],"to":[16,21.9,16],"faces":{"north":{"uv":[0,0,4,5.5],"texture":"#1"},"east":{"uv":[4,0,8,5.5],"texture":"#1"},"south":{"uv":[0,5.5,4,11],"texture":"#1"},"west":{"uv":[4,5.5,8,11],"texture":"#1"},"up":{"uv":[12,4,8,0],"texture":"#1"},"down":{"uv":[12,4,8,8],"texture":"#1"}}},{"name":"package","from":[16,-0.1,0],"to":[16,21.9,16],"faces":{"north":{"uv":[0,0,4,5.5],"texture":"#1"},"east":{"uv":[4,0,8,5.5],"texture":"#1"},"south":{"uv":[0,5.5,4,11],"texture":"#1"},"west":{"uv":[4,5.5,8,11],"texture":"#1"},"up":{"uv":[12,4,8,0],"texture":"#1"},"down":{"uv":[12,4,8,8],"texture":"#1"}}},{"name":"package","from":[0,-0.1,0],"to":[0,21.9,16],"faces":{"north":{"uv":[0,0,4,5.5],"texture":"#1"},"east":{"uv":[4,0,8,5.5],"texture":"#1"},"south":{"uv":[0,5.5,4,11],"texture":"#1"},"west":{"uv":[4,5.5,8,11],"texture":"#1"},"up":{"uv":[12,4,8,0],"texture":"#1"},"down":{"uv":[12,4,8,8],"texture":"#1"}}},{"name":"ef","from":[0.998,-0.002,0.998],"to":[15.002,0.002,22.002],"faces":{"north":{"uv":[0,0,14,0],"texture":"#missing"},"east":{"uv":[0,0,16,0],"texture":"#missing"},"south":{"uv":[0,0,14,0],"texture":"#missing"},"west":{"uv":[0,0,16,0],"texture":"#missing"},"up":{"uv":[0,1.5,7.5,14],"texture":"#2"},"down":{"uv":[0,14,7.5,1.5],"texture":"#2"}}},{"name":"ef","from":[1.5,0,-0.5],"to":[1.5,7,6.5],"rotation":{"angle":-22.5,"axis":"y","origin":[0,3.5,3]},"faces":{"north":{"uv":[0,0,0,11],"texture":"#missing"},"east":{"uv":[15.5,9.5,8.5,16],"texture":"#2"},"south":{"uv":[0,0,0,11],"texture":"#missing"},"west":{"uv":[8.5,9.5,15.5,16],"texture":"#2"},"up":{"uv":[0,0,0,6],"texture":"#missing"},"down":{"uv":[0,0,0,6],"texture":"#missing"}}},{"name":"ef","from":[11.05352,0,2.51336],"to":[16.05352,5,2.51336],"rotation":{"angle":-22.5,"axis":"y","origin":[13.55352,2.5,2.51336]},"faces":{"north":{"uv":[13.5,9.5,8.5,16],"texture":"#2"},"east":{"uv":[0,0,0,11],"texture":"#missing"},"south":{"uv":[8.5,9.5,13.5,16],"texture":"#2"},"west":{"uv":[0,0,0,11],"texture":"#missing"},"up":{"uv":[0,0,0,6],"rotation":270,"texture":"#missing"},"down":{"uv":[0,0,0,6],"rotation":90,"texture":"#missing"}}},{"name":"ef","from":[1.44648,0,10.98664],"to":[1.44648,5,15.98664],"rotation":{"angle":22.5,"axis":"y","origin":[2.44648,2.5,13.48664]},"faces":{"north":{"uv":[0,0,0,11],"texture":"#missing"},"east":{"uv":[8.5,9.5,13.5,16],"texture":"#2"},"south":{"uv":[0,0,0,11],"texture":"#missing"},"west":{"uv":[13.5,9.5,8.5,16],"texture":"#2"},"up":{"uv":[0,6,0,0],"texture":"#missing"},"down":{"uv":[0,6,0,0],"texture":"#missing"}}},{"name":"ef","from":[1.75,0,-1],"to":[1.75,12,5],"rotation":{"angle":-22.5,"axis":"y","origin":[1,6,4]},"faces":{"north":{"uv":[0,0,0,12],"texture":"#missing"},"east":{"uv":[11.5,0,15.5,8],"texture":"#2"},"south":{"uv":[0,0,0,12],"texture":"#missing"},"west":{"uv":[15.5,0,11.5,8],"texture":"#2"},"up":{"uv":[0,0,6,0],"rotation":270,"texture":"#missing"},"down":{"uv":[0,0,6,0],"rotation":90,"texture":"#missing"}}},{"name":"ef","from":[14.5,0,9.5],"to":[14.5,7,16.5],"rotation":{"angle":-22.5,"axis":"y","origin":[16,3.5,13]},"faces":{"north":{"uv":[0,0,0,11],"texture":"#missing"},"east":{"uv":[8.5,9.5,15.5,16],"texture":"#2"},"south":{"uv":[0,0,0,11],"texture":"#missing"},"west":{"uv":[15.5,9.5,8.5,16],"texture":"#2"},"up":{"uv":[0,6,0,0],"texture":"#missing"},"down":{"uv":[0,6,0,0],"texture":"#missing"}}},{"name":"ef","from":[14.25,0,11],"to":[14.25,12,17],"rotation":{"angle":-22.5,"axis":"y","origin":[15,6,12]},"faces":{"north":{"uv":[0,0,0,12],"texture":"#missing"},"east":{"uv":[15.5,0,11.5,8],"texture":"#2"},"south":{"uv":[0,0,0,12],"texture":"#missing"},"west":{"uv":[11.5,0,15.5,8],"texture":"#2"},"up":{"uv":[6,0,0,0],"rotation":270,"texture":"#missing"},"down":{"uv":[6,0,0,0],"rotation":90,"texture":"#missing"}}}],"gui_light":"front","display":{"thirdperson_righthand":{"rotation":[61.23,4.49,0.46],"translation":[0,1.75,0.75],"scale":[0.5,0.5,0.5]},"thirdperson_lefthand":{"rotation":[61.23,4.49,0.46],"translation":[0,1.75,0.75],"scale":[0.5,0.5,0.5]},"firstperson_righthand":{"rotation":[-166,53.68,171.1],"translation":[0.75,3.75,-0.75],"scale":[0.58336,0.58336,0.58336]},"firstperson_lefthand":{"rotation":[-166,53.68,171.1],"translation":[0.75,3.75,-0.75],"scale":[0.58336,0.58336,0.58336]},"ground":{"rotation":[68,0,0],"translation":[0,1.5,0],"scale":[0.5,0.5,0.5]},"gui":{"rotation":[-170,30,-180],"translation":[0,-2,0],"scale":[0.62,0.62,0.62]},"head":{"rotation":[7,180,1],"translation":[0,-60,11.25],"scale":[1.6,1.6,1.6]},"fixed":{"rotation":[-90,0,0],"translation":[0,-0.25,-16.25],"scale":[2,2,2]}}}