{"credit":"By EliteCreatures","textures":{"0":"elitecreatures:collectibles_v2_32x/silly_monkeys_inside_32","1":"elitecreatures:collectibles_v2_32x/collectibles_package","2":"elitecreatures:collectibles_v2_32x/ef_silly_monkeys_long","particle":"elitecreatures:collectibles_v2_32x/collectibles_package"},"elements":[{"from":[4.25,5.75,4],"to":[11.75,13.75,12],"rotation":{"angle":0,"axis":"y","origin":[5.125,9.75,8]},"faces":{"north":{"uv":[2,0,3.875,2],"texture":"#0"},"east":{"uv":[0,0,2,2],"texture":"#0"},"south":{"uv":[2,2,3.875,4],"texture":"#0"},"west":{"uv":[0,2,2,4],"texture":"#0"},"up":{"uv":[1.875,6,0,4],"texture":"#0"},"down":{"uv":[5.875,0,4,2],"texture":"#0"}}},{"from":[0.25,7.5,7.25],"to":[4.25,12,8.75],"rotation":{"angle":0,"axis":"y","origin":[5.125,9.75,8]},"faces":{"north":{"uv":[6,0,7,1.125],"texture":"#0"},"east":{"uv":[4.75,7,5.125,8.125],"texture":"#0"},"south":{"uv":[6.25,5.25,7.25,6.375],"texture":"#0"},"west":{"uv":[5.25,7,5.625,8.125],"texture":"#0"},"up":{"uv":[8.25,2.375,7.25,2],"texture":"#0"},"down":{"uv":[8.25,2.5,7.25,2.875],"texture":"#0"}}},{"from":[5,-0.15,8],"to":[11,6,12],"rotation":{"angle":-22.5,"axis":"x","origin":[8,2.75,8]},"faces":{"north":{"uv":[4,3.5,5.5,5.125],"texture":"#0"},"east":{"uv":[5.25,5.25,6.25,6.875],"texture":"#0"},"south":{"uv":[3.75,5.25,5.25,6.875],"texture":"#0"},"west":{"uv":[2,5.5,3,7.125],"texture":"#0"},"up":{"uv":[7,4.5,5.5,3.5],"texture":"#0"},"down":{"uv":[7.25,2,5.75,3],"texture":"#0"}}},{"from":[4,2.67702,5.86941],"to":[6,6.67702,7.36941],"rotation":{"angle":22.5,"axis":"x","origin":[4,4.67702,6.11941]},"faces":{"north":{"uv":[3.75,7,4.25,8],"texture":"#0"},"east":{"uv":[2.75,7.5,3.125,8.5],"texture":"#0"},"south":{"uv":[4.25,7,4.75,8],"texture":"#0"},"west":{"uv":[7.5,3,7.875,4],"texture":"#0"},"up":{"uv":[1.5,8.125,1,7.75],"texture":"#0"},"down":{"uv":[8.25,4,7.75,4.375],"texture":"#0"}}},{"from":[7.246,0.66527,15.41532],"to":[8.754,4.42327,16.92332],"rotation":{"angle":45,"axis":"x","origin":[8,5.54427,14.41932]},"faces":{"north":{"uv":[7.25,5,7.625,6],"texture":"#0"},"east":{"uv":[6.25,7.25,6.625,8.25],"texture":"#0"},"south":{"uv":[6.75,7.25,7.125,8.25],"texture":"#0"},"west":{"uv":[7.25,7.25,7.625,8.25],"texture":"#0"},"up":{"uv":[8.125,4.875,7.75,4.5],"texture":"#0"},"down":{"uv":[8.125,5,7.75,5.375],"texture":"#0"}}},{"from":[7.248,2.97901,13.88959],"to":[8.752,5.73301,15.39359],"rotation":{"angle":0,"axis":"y","origin":[8,4.85601,14.64159]},"faces":{"north":{"uv":[7.5,1.25,7.875,2],"texture":"#0"},"east":{"uv":[3.25,7.5,3.625,8.25],"texture":"#0"},"south":{"uv":[0,7.75,0.375,8.5],"texture":"#0"},"west":{"uv":[0.5,7.75,0.875,8.5],"texture":"#0"},"up":{"uv":[8.125,5.875,7.75,5.5],"texture":"#0"},"down":{"uv":[6.125,7.75,5.75,8.125],"texture":"#0"}}},{"from":[6.75,5.33933,12.92249],"to":[9.25,9.08933,15.42249],"rotation":{"angle":-22.5,"axis":"x","origin":[8,6.71433,14.17249]},"faces":{"north":{"uv":[3,5.5,3.625,6.5],"texture":"#0"},"east":{"uv":[3,6.5,3.625,7.5],"texture":"#0"},"south":{"uv":[0,6.75,0.625,7.75],"texture":"#0"},"west":{"uv":[0.75,6.75,1.375,7.75],"texture":"#0"},"up":{"uv":[7.625,1.125,7,0.5],"texture":"#0"},"down":{"uv":[2.625,7.25,2,7.875],"texture":"#0"}}},{"from":[4.498,0.00385,7.29792],"to":[11.502,3.25785,13.05192],"rotation":{"angle":0,"axis":"y","origin":[8,3.63085,9.79992]},"faces":{"north":{"uv":[5.5,4.5,7.25,5.25],"texture":"#0"},"east":{"uv":[6,1.25,7.5,2],"texture":"#0"},"south":{"uv":[0,6,1.75,6.75],"texture":"#0"},"west":{"uv":[6.25,6.5,7.75,7.25],"texture":"#0"},"up":{"uv":[3.75,5.5,2,4],"texture":"#0"},"down":{"uv":[5.75,2,4,3.5],"texture":"#0"}}},{"from":[4.2,0.00585,4.79992],"to":[6.2,2.25585,9.29992],"rotation":{"angle":22.5,"axis":"y","origin":[6,1.38085,5.67492]},"faces":{"north":{"uv":[7.25,6,7.75,6.5],"texture":"#0"},"east":{"uv":[5.75,3,6.875,3.5],"texture":"#0"},"south":{"uv":[7.75,0.5,8.25,1],"texture":"#0"},"west":{"uv":[7,0,8.125,0.5],"texture":"#0"},"up":{"uv":[2,7.875,1.5,6.75],"texture":"#0"},"down":{"uv":[7.5,3,7,4.125],"texture":"#0"}}},{"from":[10,2.70486,5.12044],"to":[12,6.70486,6.62044],"rotation":{"angle":22.5,"axis":"x","origin":[8.5,2.80826,5.67492]},"faces":{"north":{"uv":[4.25,7,3.75,8],"texture":"#0"},"east":{"uv":[7.875,3,7.5,4],"texture":"#0"},"south":{"uv":[4.75,7,4.25,8],"texture":"#0"},"west":{"uv":[3.125,7.5,2.75,8.5],"texture":"#0"},"up":{"uv":[1,8.125,1.5,7.75],"texture":"#0"},"down":{"uv":[7.75,4,8.25,4.375],"texture":"#0"}}},{"from":[11.75,7.5,7.25],"to":[15.75,12,8.75],"rotation":{"angle":0,"axis":"y","origin":[10.875,9.75,8]},"faces":{"north":{"uv":[7,0,6,1.125],"texture":"#0"},"east":{"uv":[5.625,7,5.25,8.125],"texture":"#0"},"south":{"uv":[7.25,5.25,6.25,6.375],"texture":"#0"},"west":{"uv":[5.125,7,4.75,8.125],"texture":"#0"},"up":{"uv":[7.25,2.375,8.25,2],"texture":"#0"},"down":{"uv":[7.25,2.5,8.25,2.875],"texture":"#0"}}},{"from":[4.2,0.00585,3.79992],"to":[6.2,3.25585,4.79992],"rotation":{"angle":22.5,"axis":"y","origin":[6,1.38085,5.67492]},"faces":{"north":{"uv":[5.75,7,6.25,7.75],"texture":"#0"},"east":{"uv":[3.75,4,4,4.75],"texture":"#0"},"south":{"uv":[7.25,4.25,7.75,5],"texture":"#0"},"west":{"uv":[1.75,6,2,6.75],"texture":"#0"},"up":{"uv":[8.25,1.25,7.75,1],"texture":"#0"},"down":{"uv":[8.25,6,7.75,6.25],"texture":"#0"}}},{"from":[9.8,0.00585,4.79992],"to":[11.8,2.25585,9.29992],"rotation":{"angle":-22.5,"axis":"y","origin":[10,1.38085,5.67492]},"faces":{"north":{"uv":[7.75,6,7.25,6.5],"texture":"#0"},"east":{"uv":[8.125,0,7,0.5],"texture":"#0"},"south":{"uv":[8.25,0.5,7.75,1],"texture":"#0"},"west":{"uv":[6.875,3,5.75,3.5],"texture":"#0"},"up":{"uv":[1.5,7.875,2,6.75],"texture":"#0"},"down":{"uv":[7,3,7.5,4.125],"texture":"#0"}}},{"from":[9.8,0.00585,3.79992],"to":[11.8,3.25585,4.79992],"rotation":{"angle":-22.5,"axis":"y","origin":[10,1.38085,5.67492]},"faces":{"north":{"uv":[6.25,7,5.75,7.75],"texture":"#0"},"east":{"uv":[2,6,1.75,6.75],"texture":"#0"},"south":{"uv":[7.75,4.25,7.25,5],"texture":"#0"},"west":{"uv":[4,4,3.75,4.75],"texture":"#0"},"up":{"uv":[7.75,1.25,8.25,1],"texture":"#0"},"down":{"uv":[7.75,6,8.25,6.25],"texture":"#0"}}},{"name":"signs","from":[0.7,18,-0.075],"to":[15.3,20.8,-0.075],"rotation":{"angle":0,"axis":"y","origin":[17,6.9,0]},"faces":{"north":{"uv":[0,14.875,7.375,16],"texture":"#0"},"east":{"uv":[0,0,0,0.75],"texture":"#0"},"west":{"uv":[0,0,0,0.75],"texture":"#0"},"up":{"uv":[3.625,0,0,0],"texture":"#0"},"down":{"uv":[3.625,0,0,0],"texture":"#0"}}},{"name":"package","from":[0,-0.1,0],"to":[16,21.9,0],"faces":{"north":{"uv":[0,0,4,5.5],"texture":"#1"},"east":{"uv":[4,0,8,5.5],"texture":"#1"},"south":{"uv":[0,0,4,5.5],"texture":"#1"},"west":{"uv":[4,5.5,8,11],"texture":"#1"},"up":{"uv":[12,4,8,0],"texture":"#1"},"down":{"uv":[12,4,8,8],"texture":"#1"}}},{"name":"package","from":[0,-0.1,16],"to":[16,21.9,16],"faces":{"north":{"uv":[0,5.5,4,11],"texture":"#1"},"east":{"uv":[4,0,8,5.5],"texture":"#1"},"south":{"uv":[0,5.5,4,11],"texture":"#1"},"west":{"uv":[4,5.5,8,11],"texture":"#1"},"up":{"uv":[12,4,8,0],"texture":"#1"},"down":{"uv":[12,4,8,8],"texture":"#1"}}},{"name":"package","from":[0,-0.1,0],"to":[16,-0.1,16],"faces":{"north":{"uv":[0,0,4,5.5],"texture":"#1"},"east":{"uv":[4,0,8,5.5],"texture":"#1"},"south":{"uv":[0,5.5,4,11],"texture":"#1"},"west":{"uv":[4,5.5,8,11],"texture":"#1"},"up":{"uv":[12,4,8,8],"texture":"#1"},"down":{"uv":[12,4,8,8],"texture":"#1"}}},{"name":"package","from":[0,21.9,0],"to":[16,21.9,16],"faces":{"north":{"uv":[0,0,4,5.5],"texture":"#1"},"east":{"uv":[4,0,8,5.5],"texture":"#1"},"south":{"uv":[0,5.5,4,11],"texture":"#1"},"west":{"uv":[4,5.5,8,11],"texture":"#1"},"up":{"uv":[12,4,8,0],"texture":"#1"},"down":{"uv":[12,4,8,8],"texture":"#1"}}},{"name":"package","from":[16,-0.1,0],"to":[16,21.9,16],"faces":{"north":{"uv":[0,0,4,5.5],"texture":"#1"},"east":{"uv":[4,0,8,5.5],"texture":"#1"},"south":{"uv":[0,5.5,4,11],"texture":"#1"},"west":{"uv":[4,5.5,8,11],"texture":"#1"},"up":{"uv":[12,4,8,0],"texture":"#1"},"down":{"uv":[12,4,8,8],"texture":"#1"}}},{"name":"package","from":[0,-0.1,0],"to":[0,21.9,16],"faces":{"north":{"uv":[0,0,4,5.5],"texture":"#1"},"east":{"uv":[4,0,8,5.5],"texture":"#1"},"south":{"uv":[0,5.5,4,11],"texture":"#1"},"west":{"uv":[4,5.5,8,11],"texture":"#1"},"up":{"uv":[12,4,8,0],"texture":"#1"},"down":{"uv":[12,4,8,8],"texture":"#1"}}},{"from":[-1.5,1,0],"to":[3.5,17,0],"rotation":{"angle":45,"axis":"y","origin":[4,10,0]},"faces":{"north":{"uv":[0.5,2,5,16],"texture":"#2"},"east":{"uv":[0,0,0,13],"texture":"#missing"},"south":{"uv":[5,2,0.5,16],"texture":"#2"},"west":{"uv":[0,0,0,13],"texture":"#missing"},"up":{"uv":[0,0,8,0],"texture":"#missing"},"down":{"uv":[0,0,8,0],"texture":"#missing"}}},{"from":[12.5,0,16],"to":[17.5,16,16],"rotation":{"angle":45,"axis":"y","origin":[12,10,16]},"faces":{"north":{"uv":[5,2,0.5,16],"texture":"#2"},"east":{"uv":[0,0,0,13],"texture":"#missing"},"south":{"uv":[0.5,2,5,16],"texture":"#2"},"west":{"uv":[0,0,0,13],"texture":"#missing"},"up":{"uv":[8,0,0,0],"texture":"#missing"},"down":{"uv":[8,0,0,0],"texture":"#missing"}}},{"from":[-1.5,0,16],"to":[3.5,16,16],"rotation":{"angle":-45,"axis":"y","origin":[4,10,16]},"faces":{"north":{"uv":[5,2,9.5,16],"texture":"#2"},"east":{"uv":[0,0,0,13],"texture":"#missing"},"south":{"uv":[9.5,2,5,16],"texture":"#2"},"west":{"uv":[0,0,0,13],"texture":"#missing"},"up":{"uv":[0,0,8,0],"texture":"#missing"},"down":{"uv":[0,0,8,0],"texture":"#missing"}}},{"from":[12.5,4.25,0],"to":[17.5,20.25,0],"rotation":{"angle":-45,"axis":"y","origin":[12,10,0]},"faces":{"north":{"uv":[9.5,2,5,16],"texture":"#2"},"east":{"uv":[0,0,0,13],"texture":"#missing"},"south":{"uv":[5,2,9.5,16],"texture":"#2"},"west":{"uv":[0,0,0,13],"texture":"#missing"},"up":{"uv":[8,0,0,0],"texture":"#missing"},"down":{"uv":[8,0,0,0],"texture":"#missing"}}},{"from":[9.25,14.25,4.75],"to":[15.25,20.25,4.75],"rotation":{"angle":-22.5,"axis":"z","origin":[13,17,8]},"faces":{"north":{"uv":[11,6.5,16,10.5],"rotation":90,"texture":"#2"},"east":{"uv":[0,0,8,0],"rotation":270,"texture":"#missing"},"south":{"uv":[16,6.5,11,10.5],"rotation":270,"texture":"#2"},"west":{"uv":[0,0,8,0],"rotation":270,"texture":"#missing"},"up":{"uv":[0,0,0,10],"rotation":270,"texture":"#missing"},"down":{"uv":[0,0,0,10],"rotation":270,"texture":"#missing"}}},{"from":[10.25,12.5,5],"to":[14.25,16.5,5],"rotation":{"angle":-22.5,"axis":"z","origin":[13,17,8]},"faces":{"north":{"uv":[16,6.5,11,10.5],"rotation":90,"texture":"#2"},"east":{"uv":[0,0,8,0],"rotation":270,"texture":"#missing"},"south":{"uv":[11,6.5,16,10.5],"rotation":270,"texture":"#2"},"west":{"uv":[0,0,8,0],"rotation":270,"texture":"#missing"},"up":{"uv":[0,0,0,10],"rotation":270,"texture":"#missing"},"down":{"uv":[0,0,0,10],"rotation":270,"texture":"#missing"}}}],"gui_light":"front","display":{"thirdperson_righthand":{"rotation":[61.23,4.49,0.46],"translation":[0,1.75,0.75],"scale":[0.5,0.5,0.5]},"thirdperson_lefthand":{"rotation":[61.23,4.49,0.46],"translation":[0,1.75,0.75],"scale":[0.5,0.5,0.5]},"firstperson_righthand":{"rotation":[-166,53.68,171.1],"translation":[0.75,3.75,-0.75],"scale":[0.58336,0.58336,0.58336]},"firstperson_lefthand":{"rotation":[-166,53.68,171.1],"translation":[0.75,3.75,-0.75],"scale":[0.58336,0.58336,0.58336]},"ground":{"rotation":[68,0,0],"translation":[0,1.5,0],"scale":[0.5,0.5,0.5]},"gui":{"rotation":[-170,30,-180],"translation":[0,-2,0],"scale":[0.62,0.62,0.62]},"head":{"rotation":[7,180,1],"translation":[0,-60,11.25],"scale":[1.6,1.6,1.6]},"fixed":{"rotation":[-90,0,0],"translation":[0,-0.25,-16.25],"scale":[2,2,2]}}}