{"credit":"MadewithBlockbench","texture_size":[8,8],"textures":{"2":"elitecreatures:spooky_furniture_v1/fire-sheet","5":"elitecreatures:spooky_furniture_v1/skull2blood","particle":"elitecreatures:spooky_furniture_v1/fire-sheet"},"elements":[{"name":"web","from":[4.27165,0.0627,7.85881],"to":[4.27165,5.0627,12.85881],"rotation":{"angle":22.5,"axis":"y","origin":[1.27165,0.9627,9.35881]},"faces":{"north":{"uv":[0,0,0,16],"texture":"#5"},"east":{"uv":[4,12,0,16],"texture":"#5"},"south":{"uv":[0,0,0,16],"texture":"#5"},"west":{"uv":[0,12,4,16],"texture":"#5"},"up":{"uv":[0,0,16,0],"rotation":90,"texture":"#5"},"down":{"uv":[0,0,16,0],"rotation":270,"texture":"#5"}}},{"name":"web","from":[4.79524,0.0627,1.93913],"to":[4.79524,5.0627,6.93913],"rotation":{"angle":-45,"axis":"y","origin":[2.89524,2.5627,5.43913]},"faces":{"north":{"uv":[0,0,16,0],"rotation":270,"texture":"#5"},"east":{"uv":[4,12,0,16],"rotation":90,"texture":"#5"},"south":{"uv":[0,0,16,0],"rotation":270,"texture":"#5"},"west":{"uv":[0,12,4,16],"rotation":270,"texture":"#5"},"up":{"uv":[0,0,0,16],"texture":"#5"},"down":{"uv":[0,0,0,16],"rotation":180,"texture":"#5"}}},{"name":"web","from":[5.6592,-0.6373,2.98938],"to":[5.6592,4.3627,7.98938],"rotation":{"angle":45,"axis":"y","origin":[9.2592,2.5627,0.48938]},"faces":{"north":{"uv":[0,0,16,0],"rotation":90,"texture":"#5"},"east":{"uv":[0,12,4,16],"rotation":90,"texture":"#5"},"south":{"uv":[0,0,16,0],"rotation":90,"texture":"#5"},"west":{"uv":[4,12,0,16],"rotation":270,"texture":"#5"},"up":{"uv":[0,0,0,16],"texture":"#5"},"down":{"uv":[0,0,0,16],"rotation":180,"texture":"#5"}}},{"name":"fire","from":[10,2.21302,11.15],"to":[12,4.21302,11.15],"rotation":{"angle":0,"axis":"y","origin":[11,-1.525,12]},"faces":{"north":{"uv":[8,0,0,8],"texture":"#2"},"east":{"uv":[0,0,0,8],"texture":"#2"},"south":{"uv":[0,0,8,8],"texture":"#2"},"west":{"uv":[0,0,0,8],"texture":"#2"},"up":{"uv":[8,0,0,0],"texture":"#2"},"down":{"uv":[8,0,0,0],"texture":"#2"}}},{"name":"fire","from":[11,2.21302,10.15],"to":[11,4.21302,12.15],"rotation":{"angle":0,"axis":"y","origin":[11,-1.525,12]},"faces":{"north":{"uv":[0,0,0,8],"texture":"#2"},"east":{"uv":[0,0,8,8],"texture":"#2"},"south":{"uv":[0,0,0,8],"texture":"#2"},"west":{"uv":[8,0,0,8],"texture":"#2"},"up":{"uv":[8,0,0,0],"rotation":270,"texture":"#2"},"down":{"uv":[8,0,0,0],"rotation":90,"texture":"#2"}}},{"name":"black","from":[10.75104,1.51302,11.09896],"to":[11.25104,2.51302,11.09896],"rotation":{"angle":45,"axis":"y","origin":[11.00104,2.01302,11.09896]},"faces":{"north":{"uv":[9.5,5.5,10,6],"texture":"#5"},"east":{"uv":[0,0,0,0.5],"texture":"#5"},"south":{"uv":[6.5,10,7,10.5],"texture":"#5"},"west":{"uv":[0,0,0,0.5],"texture":"#5"},"up":{"uv":[0.5,0,0,0],"texture":"#5"},"down":{"uv":[0.5,0,0,0],"texture":"#5"}}},{"name":"candle","from":[10.5,0.01302,10.6255],"to":[11.5,2.01302,11.6255],"rotation":{"angle":0,"axis":"y","origin":[11,-1.525,12]},"faces":{"north":{"uv":[4.5,8.5,5,10],"texture":"#5"},"east":{"uv":[2,9,2.5,10.5],"texture":"#5"},"south":{"uv":[2.5,9,3,10.5],"texture":"#5"},"west":{"uv":[9,4.5,9.5,6],"texture":"#5"},"up":{"uv":[8.5,5,8,4.5],"texture":"#5"},"down":{"uv":[9,4.5,8.5,5],"texture":"#5"}}},{"name":"base","from":[10,0.01202,10.1255],"to":[12,0.01202,12.1255],"rotation":{"angle":-22.5,"axis":"y","origin":[11,0.01202,11.1255]},"faces":{"north":{"uv":[0,0,1,0],"texture":"#5"},"east":{"uv":[0,0,1,0],"texture":"#5"},"south":{"uv":[0,0,1,0],"texture":"#5"},"west":{"uv":[0,0,1,0],"texture":"#5"},"up":{"uv":[9,2,8,1],"rotation":180,"texture":"#5"},"down":{"uv":[3,8,2,9],"rotation":180,"texture":"#5"}}},{"name":"fire","from":[3,3.21302,9.15],"to":[5,5.21302,9.15],"rotation":{"angle":0,"axis":"y","origin":[4,-0.525,10]},"faces":{"north":{"uv":[8,0,0,8],"texture":"#2"},"east":{"uv":[0,0,0,8],"texture":"#2"},"south":{"uv":[0,0,8,8],"texture":"#2"},"west":{"uv":[0,0,0,8],"texture":"#2"},"up":{"uv":[8,0,0,0],"texture":"#2"},"down":{"uv":[8,0,0,0],"texture":"#2"}}},{"name":"fire","from":[4,3.21302,8.15],"to":[4,5.21302,10.15],"rotation":{"angle":0,"axis":"y","origin":[4,-0.525,10]},"faces":{"north":{"uv":[0,0,0,8],"texture":"#2"},"east":{"uv":[0,0,8,8],"texture":"#2"},"south":{"uv":[0,0,0,8],"texture":"#2"},"west":{"uv":[8,0,0,8],"texture":"#2"},"up":{"uv":[8,0,0,0],"rotation":270,"texture":"#2"},"down":{"uv":[8,0,0,0],"rotation":90,"texture":"#2"}}},{"name":"black","from":[3.75104,2.51302,9.09896],"to":[4.25104,3.51302,9.09896],"rotation":{"angle":45,"axis":"y","origin":[4.00104,3.01302,9.09896]},"faces":{"north":{"uv":[9.5,5.5,10,6],"texture":"#5"},"east":{"uv":[0,0,0,0.5],"texture":"#5"},"south":{"uv":[6.5,10,7,10.5],"texture":"#5"},"west":{"uv":[0,0,0,0.5],"texture":"#5"},"up":{"uv":[0.5,0,0,0],"texture":"#5"},"down":{"uv":[0.5,0,0,0],"texture":"#5"}}},{"name":"candle","from":[3.5,0.01302,8.6255],"to":[4.5,3.01302,9.6255],"rotation":{"angle":0,"axis":"y","origin":[4,-0.525,10]},"faces":{"north":{"uv":[4.5,8.5,5,10],"texture":"#5"},"east":{"uv":[2,9,2.5,10.5],"texture":"#5"},"south":{"uv":[2.5,9,3,10.5],"texture":"#5"},"west":{"uv":[9,4.5,9.5,6],"texture":"#5"},"up":{"uv":[8.5,5,8,4.5],"texture":"#5"},"down":{"uv":[9,4.5,8.5,5],"texture":"#5"}}},{"name":"base","from":[3,0.01202,8.1255],"to":[5,0.01202,10.1255],"rotation":{"angle":22.5,"axis":"y","origin":[4,0.01202,9.1255]},"faces":{"north":{"uv":[0,0,1,0],"texture":"#5"},"east":{"uv":[0,0,1,0],"texture":"#5"},"south":{"uv":[0,0,1,0],"texture":"#5"},"west":{"uv":[0,0,1,0],"texture":"#5"},"up":{"uv":[9,2,8,1],"rotation":90,"texture":"#5"},"down":{"uv":[3,8,2,9],"rotation":270,"texture":"#5"}}},{"name":"fire","from":[7,9.03802,7.15],"to":[9,11.03802,7.15],"rotation":{"angle":0,"axis":"y","origin":[8,5.3,8]},"faces":{"north":{"uv":[8,0,0,8],"texture":"#2"},"east":{"uv":[0,0,0,8],"texture":"#2"},"south":{"uv":[0,0,8,8],"texture":"#2"},"west":{"uv":[0,0,0,8],"texture":"#2"},"up":{"uv":[8,0,0,0],"texture":"#2"},"down":{"uv":[8,0,0,0],"texture":"#2"}}},{"name":"fire","from":[8,9.03802,6.15],"to":[8,11.03802,8.15],"rotation":{"angle":0,"axis":"y","origin":[8,5.3,8]},"faces":{"north":{"uv":[0,0,0,8],"texture":"#2"},"east":{"uv":[0,0,8,8],"texture":"#2"},"south":{"uv":[0,0,0,8],"texture":"#2"},"west":{"uv":[8,0,0,8],"texture":"#2"},"up":{"uv":[8,0,0,0],"rotation":270,"texture":"#2"},"down":{"uv":[8,0,0,0],"rotation":90,"texture":"#2"}}},{"name":"black","from":[7.75,8.33802,7.12396],"to":[8.25,9.33802,7.12396],"rotation":{"angle":45,"axis":"y","origin":[8,8.83802,7.12396]},"faces":{"north":{"uv":[9.5,5.5,10,6],"texture":"#5"},"east":{"uv":[0,0,0,0.5],"texture":"#5"},"south":{"uv":[6.5,10,7,10.5],"texture":"#5"},"west":{"uv":[0,0,0,0.5],"texture":"#5"},"up":{"uv":[0.5,0,0,0],"texture":"#5"},"down":{"uv":[0.5,0,0,0],"texture":"#5"}}},{"name":"candle","from":[7.5,5.83802,6.6255],"to":[8.5,8.83802,7.6255],"rotation":{"angle":0,"axis":"y","origin":[8,5.3,8]},"faces":{"north":{"uv":[4.5,8.5,5,10],"texture":"#5"},"east":{"uv":[2,9,2.5,10.5],"texture":"#5"},"south":{"uv":[2.5,9,3,10.5],"texture":"#5"},"west":{"uv":[9,4.5,9.5,6],"texture":"#5"},"up":{"uv":[8.5,5,8,4.5],"texture":"#5"},"down":{"uv":[9,4.5,8.5,5],"texture":"#5"}}},{"name":"base","from":[7,6.35,6.5],"to":[9,6.35,8.5],"rotation":{"angle":-22.5,"axis":"x","origin":[8,5.3,8]},"faces":{"north":{"uv":[0,0,1,0],"texture":"#5"},"east":{"uv":[0,0,1,0],"texture":"#5"},"south":{"uv":[0,0,1,0],"texture":"#5"},"west":{"uv":[0,0,1,0],"texture":"#5"},"up":{"uv":[9,2,8,1],"texture":"#5"},"down":{"uv":[3,8,2,9],"texture":"#5"}}},{"from":[6,-0.00819,7.01446],"to":[10,1.19181,11.01446],"rotation":{"angle":0,"axis":"y","origin":[8,5.3,8]},"faces":{"north":{"uv":[8,2,10,2.5],"texture":"#5"},"east":{"uv":[8,2.5,10,3],"texture":"#5"},"south":{"uv":[3,8,5,8.5],"texture":"#5"},"west":{"uv":[8,3,10,3.5],"texture":"#5"},"up":{"uv":[2,6,0,4],"texture":"#5"},"down":{"uv":[4,4,2,6],"texture":"#5"}}},{"from":[6,1.19181,7.01446],"to":[10,3.69181,10.31446],"rotation":{"angle":0,"axis":"y","origin":[8,5.3,8]},"faces":{"north":{"uv":[6,2,8,3.25],"texture":"#5"},"east":{"uv":[7,7,8.75,8.25],"texture":"#5"},"south":{"uv":[6,3.5,8,4.75],"texture":"#5"},"west":{"uv":[0,8,1.75,9.25],"texture":"#5"},"up":{"uv":[6,5.75,4,4],"texture":"#5"},"down":{"uv":[2,6,0,7.75],"texture":"#5"}}},{"from":[6,1.19181,11.01346],"to":[10,2.29181,11.01346],"rotation":{"angle":0,"axis":"y","origin":[8,5.3,8]},"faces":{"north":{"uv":[8,3.5,10,4],"texture":"#5"},"east":{"uv":[0,0,0,0.5],"texture":"#5"},"south":{"uv":[8,4,10,4.5],"texture":"#5"},"west":{"uv":[0,0,0,0.5],"texture":"#5"},"up":{"uv":[2,0,0,0],"texture":"#5"},"down":{"uv":[2,0,0,0],"texture":"#5"}}},{"from":[5,1.53802,9.6245],"to":[11,2.63802,9.6245],"rotation":{"angle":-22.5,"axis":"x","origin":[8,5.3,8]},"faces":{"north":{"uv":[8,0,11,0.5],"texture":"#5"},"east":{"uv":[0,0,0,0.5],"texture":"#5"},"south":{"uv":[8,0.5,11,1],"texture":"#5"},"west":{"uv":[0,0,0,0.5],"texture":"#5"},"up":{"uv":[3,0,0,0],"texture":"#5"},"down":{"uv":[3,0,0,0],"texture":"#5"}}},{"from":[8.4,2.63802,8.1255],"to":[11,3.33802,9.6255],"rotation":{"angle":-22.5,"axis":"x","origin":[8,5.3,8]},"faces":{"north":{"uv":[9,8,10.25,8.25],"texture":"#5"},"east":{"uv":[10,7.5,10.75,7.75],"texture":"#5"},"south":{"uv":[10,4,11.25,4.25],"texture":"#5"},"west":{"uv":[10,8.5,10.75,8.75],"texture":"#5"},"up":{"uv":[4.25,9.25,3,8.5],"texture":"#5"},"down":{"uv":[8.25,8.5,7,9.25],"texture":"#5"}}},{"from":[5,2.63802,8.1255],"to":[7.6,3.33802,9.6255],"rotation":{"angle":-22.5,"axis":"x","origin":[8,5.3,8]},"faces":{"north":{"uv":[10,6.5,11.25,6.75],"texture":"#5"},"east":{"uv":[10,9,10.75,9.25],"texture":"#5"},"south":{"uv":[10,7,11.25,7.25],"texture":"#5"},"west":{"uv":[10,9.5,10.75,9.75],"texture":"#5"},"up":{"uv":[9.75,9.25,8.5,8.5],"texture":"#5"},"down":{"uv":[10.25,1,9,1.75],"texture":"#5"}}},{"from":[5,2.63802,4.6255],"to":[11,6.33802,8.1255],"rotation":{"angle":-22.5,"axis":"x","origin":[8,5.3,8]},"faces":{"north":{"uv":[0,0,3,1.75],"texture":"#5"},"east":{"uv":[6,0,7.75,1.75],"texture":"#5"},"south":{"uv":[0,2,3,3.75],"texture":"#5"},"west":{"uv":[2,6,3.75,7.75],"texture":"#5"},"up":{"uv":[6,1.75,3,0],"texture":"#5"},"down":{"uv":[6,2,3,3.75],"texture":"#5"}}},{"from":[10,3.33802,8.1255],"to":[11,5.03802,9.6255],"rotation":{"angle":-22.5,"axis":"x","origin":[8,5.3,8]},"faces":{"north":{"uv":[4,9.5,4.5,10.25],"texture":"#5"},"east":{"uv":[9,7,9.75,7.75],"texture":"#5"},"south":{"uv":[8,9.5,8.5,10.25],"texture":"#5"},"west":{"uv":[0,9.5,0.75,10.25],"texture":"#5"},"up":{"uv":[9,10.25,8.5,9.5],"texture":"#5"},"down":{"uv":[9.5,9.5,9,10.25],"texture":"#5"}}},{"from":[7.6,3.33802,8.1255],"to":[8.4,5.03802,9.6255],"rotation":{"angle":-22.5,"axis":"x","origin":[8,5.3,8]},"faces":{"north":{"uv":[5,10,5.5,10.75],"texture":"#5"},"east":{"uv":[9.5,4.5,10.25,5.25],"texture":"#5"},"south":{"uv":[5.5,10,6,10.75],"texture":"#5"},"west":{"uv":[7,9.5,7.75,10.25],"texture":"#5"},"up":{"uv":[10.5,6.25,10,5.5],"texture":"#5"},"down":{"uv":[6.5,10,6,10.75],"texture":"#5"}}},{"from":[5,3.33802,8.1255],"to":[6,5.03802,9.6255],"rotation":{"angle":-22.5,"axis":"x","origin":[8,5.3,8]},"faces":{"north":{"uv":[9.5,9.5,10,10.25],"texture":"#5"},"east":{"uv":[1,9.5,1.75,10.25],"texture":"#5"},"south":{"uv":[10,2,10.5,2.75],"texture":"#5"},"west":{"uv":[3,9.5,3.75,10.25],"texture":"#5"},"up":{"uv":[10.5,3.75,10,3],"texture":"#5"},"down":{"uv":[5,10,4.5,10.75],"texture":"#5"}}},{"from":[5,5.03802,8.1255],"to":[11,6.33802,9.6255],"rotation":{"angle":-22.5,"axis":"x","origin":[8,5.3,8]},"faces":{"north":{"uv":[4,6,7,6.75],"texture":"#5"},"east":{"uv":[5,9,5.75,9.75],"texture":"#5"},"south":{"uv":[6,5,9,5.75],"texture":"#5"},"west":{"uv":[6,9,6.75,9.75],"texture":"#5"},"up":{"uv":[7,7.75,4,7],"texture":"#5"},"down":{"uv":[10,6,7,6.75],"texture":"#5"}}}],"gui_light":"front","display":{"thirdperson_righthand":{"rotation":[67.5,180,0],"translation":[0,1.75,3.25],"scale":[0.50977,0.50977,0.50977]},"thirdperson_lefthand":{"rotation":[67.5,180,0],"translation":[0,1.75,3.25],"scale":[0.50977,0.50977,0.50977]},"firstperson_righthand":{"rotation":[0,180,0],"translation":[1.75,8.25,0]},"firstperson_lefthand":{"rotation":[0,180,0],"translation":[1.75,8.25,0]},"ground":{"translation":[0,5.75,0]},"gui":{"rotation":[30,45,0],"translation":[-0.25,3.5,0],"scale":[1.13211,1.13211,1.13211]},"head":{"translation":[0,-30.25,0.75],"scale":[0,0,0]},"fixed":{"rotation":[-90,-180,0],"translation":[-0.25,0.5,-24],"scale":[3,3,3]}},"groups":[{"name":"all_skull_candle_blood","origin":[8,8,8],"color":0,"children":[{"name":"web","origin":[9.2592,2.5627,0.48938],"color":0,"children":[0,1,2]},{"name":"candle","origin":[8,8,8],"color":0,"children":[{"name":"candle","origin":[7,8.66089,6.75],"color":0,"children":[3,4,5,6,7]},{"name":"candle","origin":[7,8.66089,6.75],"color":0,"children":[8,9,10,11,12]},{"name":"candle","origin":[7,8.66089,6.75],"color":0,"children":[13,14,15,16,17]}]},{"name":"skull","origin":[8,8,8],"color":0,"children":[{"name":"mouth","origin":[8,8.04397,7.77449],"color":0,"children":[18,19,20]},{"name":"head","origin":[7,7,7],"color":0,"children":[21,22,23,24,25,26,27,28]}]}]}]}