{"credit":"By EliteCreatures","texture_size":[64,64],"textures":{"0":"elitecreatures:collectibles_v5_32x/dancing_flamingos_inside_32","1":"elitecreatures:collectibles_v5_32x/collectibles_package","particle":"elitecreatures:collectibles_v5_32x/collectibles_package"},"elements":[{"from":[5,6,5],"to":[11,12,12],"rotation":{"angle":0,"axis":"y","origin":[7,0,7]},"faces":{"north":{"uv":[0,3,1.5,4.5],"texture":"#0"},"east":{"uv":[0,0,1.75,1.5],"texture":"#0"},"south":{"uv":[3.25,0,4.75,1.5],"texture":"#0"},"west":{"uv":[0,1.5,1.75,3],"texture":"#0"},"up":{"uv":[3.25,1.75,1.75,0],"texture":"#0"},"down":{"uv":[3.25,1.75,1.75,3.5],"texture":"#0"}}},{"from":[4.25,7,5],"to":[5,11,13],"rotation":{"angle":22.5,"axis":"x","origin":[4.625,9,9]},"faces":{"north":{"uv":[2,6.75,2.25,7.75],"texture":"#0"},"east":{"uv":[3.25,1.5,5.25,2.5],"texture":"#0"},"south":{"uv":[2.25,6.75,2.5,7.75],"texture":"#0"},"west":{"uv":[3.25,2.5,5.25,3.5],"texture":"#0"},"up":{"uv":[5.25,7.75,5,5.75],"texture":"#0"},"down":{"uv":[5.5,5.75,5.25,7.75],"texture":"#0"}}},{"from":[11,7,5],"to":[11.75,11,13],"rotation":{"angle":22.5,"axis":"x","origin":[11.375,9,9]},"faces":{"north":{"uv":[2.25,6.75,2,7.75],"texture":"#0"},"east":{"uv":[5.25,2.5,3.25,3.5],"texture":"#0"},"south":{"uv":[2.5,6.75,2.25,7.75],"texture":"#0"},"west":{"uv":[5.25,1.5,3.25,2.5],"texture":"#0"},"up":{"uv":[5,7.75,5.25,5.75],"texture":"#0"},"down":{"uv":[5.25,5.75,5.5,7.75],"texture":"#0"}}},{"from":[9.1,0.6,8.25],"to":[9.75,6,8.75],"rotation":{"angle":0,"axis":"y","origin":[7,0,7]},"faces":{"north":{"uv":[2.5,6.75,2.625,8.125],"texture":"#0"},"east":{"uv":[2.75,6.75,2.875,8.125],"texture":"#0"},"south":{"uv":[3,6.75,3.125,8.125],"texture":"#0"},"west":{"uv":[3.25,6.75,3.375,8.125],"texture":"#0"},"up":{"uv":[1.375,7.125,1.25,7],"texture":"#0"},"down":{"uv":[7.125,1.25,7,1.375],"texture":"#0"}}},{"from":[9,0,7.6],"to":[9.85,0.65,8.9],"rotation":{"angle":0,"axis":"y","origin":[7,0,7]},"faces":{"north":{"uv":[6,1,6.25,1.125],"texture":"#0"},"east":{"uv":[4.75,1.25,5.125,1.375],"texture":"#0"},"south":{"uv":[0.75,7,1,7.125],"texture":"#0"},"west":{"uv":[5.25,3.25,5.625,3.375],"texture":"#0"},"up":{"uv":[1.5,4.875,1.25,4.5],"texture":"#0"},"down":{"uv":[6,4.25,5.75,4.625],"texture":"#0"}}},{"from":[6.175,0.38404,7.12388],"to":[7.025,1.03404,8.62388],"rotation":{"angle":-22.5,"axis":"x","origin":[6.6,0.70904,7.82388]},"faces":{"north":{"uv":[1,7,1.25,7.125],"texture":"#0"},"east":{"uv":[6.75,0.75,7.125,0.875],"texture":"#0"},"south":{"uv":[7,1,7.25,1.125],"texture":"#0"},"west":{"uv":[6.75,6,7.125,6.125],"texture":"#0"},"up":{"uv":[6.25,4.625,6,4.25],"texture":"#0"},"down":{"uv":[6.5,4.25,6.25,4.625],"texture":"#0"}}},{"from":[6.25,2.87221,9.9878],"to":[6.9,7.37221,10.4878],"rotation":{"angle":-45,"axis":"x","origin":[6.575,3.87221,9.2378]},"faces":{"north":{"uv":[4,6.75,4.125,7.875],"texture":"#0"},"east":{"uv":[4.25,6.75,4.375,7.875],"texture":"#0"},"south":{"uv":[4.5,6.75,4.625,7.875],"texture":"#0"},"west":{"uv":[4.75,6.75,4.875,7.875],"texture":"#0"},"up":{"uv":[7.125,1.625,7,1.5],"texture":"#0"},"down":{"uv":[7.125,1.75,7,1.875],"texture":"#0"}}},{"from":[6.25,0.62221,10.2378],"to":[6.9,5.12221,10.7378],"rotation":{"angle":45,"axis":"x","origin":[6.575,3.87221,9.2378]},"faces":{"north":{"uv":[6.75,4.75,6.875,5.875],"texture":"#0"},"east":{"uv":[0,7,0.125,8.125],"texture":"#0"},"south":{"uv":[0.25,7,0.375,8.125],"texture":"#0"},"west":{"uv":[0.5,7,0.625,8.125],"texture":"#0"},"up":{"uv":[7.125,2.125,7,2],"texture":"#0"},"down":{"uv":[7.125,2.25,7,2.375],"texture":"#0"}}},{"from":[6,6.84357,3.2409],"to":[10,12.59357,7.2409],"rotation":{"angle":-22.5,"axis":"x","origin":[8,10.84357,6.2409]},"faces":{"north":{"uv":[1.5,3.5,2.5,5],"texture":"#0"},"east":{"uv":[2.5,3.5,3.5,5],"texture":"#0"},"south":{"uv":[3.5,3.5,4.5,5],"texture":"#0"},"west":{"uv":[0,4.5,1,6],"texture":"#0"},"up":{"uv":[5.5,5.75,4.5,4.75],"texture":"#0"},"down":{"uv":[2,5,1,6],"texture":"#0"}}},{"from":[6.75,11.31231,2.79957],"to":[9.25,13.56231,5.54957],"rotation":{"angle":0,"axis":"y","origin":[8,14.31231,4.79957]},"faces":{"north":{"uv":[6.25,6.25,6.875,6.875],"texture":"#0"},"east":{"uv":[6.25,1,7,1.625],"texture":"#0"},"south":{"uv":[6.5,3.25,7.125,3.875],"texture":"#0"},"west":{"uv":[6.25,1.75,7,2.375],"texture":"#0"},"up":{"uv":[6.875,3.25,6.25,2.5],"texture":"#0"},"down":{"uv":[6.125,6.25,5.5,7],"texture":"#0"}}},{"from":[6.748,12.90878,3.57302],"to":[9.252,16.46278,6.07702],"rotation":{"angle":22.5,"axis":"x","origin":[8,15.18578,4.82502]},"faces":{"north":{"uv":[4.25,5.75,4.875,6.625],"texture":"#0"},"east":{"uv":[0,6,0.625,6.875],"texture":"#0"},"south":{"uv":[6,0,6.625,0.875],"texture":"#0"},"west":{"uv":[0.75,6,1.375,6.875],"texture":"#0"},"up":{"uv":[7.125,4.625,6.5,4],"texture":"#0"},"down":{"uv":[7.375,0,6.75,0.625],"texture":"#0"}}},{"from":[6.5,15.19884,1.73368],"to":[9.5,18.49884,5.73368],"rotation":{"angle":0,"axis":"y","origin":[8,14.72384,4.63368]},"faces":{"north":{"uv":[5.75,3.25,6.5,4.125],"texture":"#0"},"east":{"uv":[5.25,1.25,6.25,2.125],"texture":"#0"},"south":{"uv":[3.5,5.75,4.25,6.625],"texture":"#0"},"west":{"uv":[5.25,2.25,6.25,3.125],"texture":"#0"},"up":{"uv":[2.75,6.75,2,5.75],"texture":"#0"},"down":{"uv":[3.5,5.75,2.75,6.75],"texture":"#0"}}},{"from":[7.5,14.69884,0.98368],"to":[8.5,17.24884,2.73368],"rotation":{"angle":0,"axis":"y","origin":[8,14.72384,4.63368]},"faces":{"north":{"uv":[3.5,6.75,3.75,7.375],"texture":"#0"},"east":{"uv":[1.5,6,2,6.625],"texture":"#0"},"south":{"uv":[3.75,6.75,4,7.375],"texture":"#0"},"west":{"uv":[1.5,6.75,2,7.375],"texture":"#0"},"up":{"uv":[1.75,3.5,1.5,3],"texture":"#0"},"down":{"uv":[1.25,4.5,1,5],"texture":"#0"}}},{"from":[5.5,6.80025,8.70711],"to":[10.5,10.05025,12.95711],"rotation":{"angle":45,"axis":"x","origin":[8,7.05025,12.70711]},"faces":{"north":{"uv":[2,5,3.25,5.75],"texture":"#0"},"east":{"uv":[5.5,4.75,6.625,5.5],"texture":"#0"},"south":{"uv":[3.25,5,4.5,5.75],"texture":"#0"},"west":{"uv":[5.5,5.5,6.625,6.25],"texture":"#0"},"up":{"uv":[5.75,4.625,4.5,3.5],"texture":"#0"},"down":{"uv":[6,0,4.75,1.125],"texture":"#0"}}},{"name":"signs","from":[0.7,18,-0.075],"to":[15.3,20.8,-0.075],"rotation":{"angle":0,"axis":"y","origin":[17,6.9,0]},"faces":{"north":{"uv":[0,14.875,7.375,16],"texture":"#0"},"east":{"uv":[0,0,0,0.75],"texture":"#0"},"west":{"uv":[0,0,0,0.75],"texture":"#0"},"up":{"uv":[3.625,0,0,0],"texture":"#0"},"down":{"uv":[3.625,0,0,0],"texture":"#0"}}},{"name":"package","from":[0,-0.1,0],"to":[16,21.9,0],"faces":{"north":{"uv":[0,0,4,5.5],"texture":"#1"},"east":{"uv":[4,0,8,5.5],"texture":"#1"},"south":{"uv":[0,0,4,5.5],"texture":"#1"},"west":{"uv":[4,5.5,8,11],"texture":"#1"},"up":{"uv":[12,4,8,0],"texture":"#1"},"down":{"uv":[12,4,8,8],"texture":"#1"}}},{"name":"package","from":[0,-0.1,16],"to":[16,21.9,16],"faces":{"north":{"uv":[0,5.5,4,11],"texture":"#1"},"east":{"uv":[4,0,8,5.5],"texture":"#1"},"south":{"uv":[0,5.5,4,11],"texture":"#1"},"west":{"uv":[4,5.5,8,11],"texture":"#1"},"up":{"uv":[12,4,8,0],"texture":"#1"},"down":{"uv":[12,4,8,8],"texture":"#1"}}},{"name":"package","from":[0,-0.1,0],"to":[16,-0.1,16],"faces":{"north":{"uv":[0,0,4,5.5],"texture":"#1"},"east":{"uv":[4,0,8,5.5],"texture":"#1"},"south":{"uv":[0,5.5,4,11],"texture":"#1"},"west":{"uv":[4,5.5,8,11],"texture":"#1"},"up":{"uv":[12,4,8,8],"texture":"#1"},"down":{"uv":[12,4,8,8],"texture":"#1"}}},{"name":"package","from":[0,21.9,0],"to":[16,21.9,16],"faces":{"north":{"uv":[0,0,4,5.5],"texture":"#1"},"east":{"uv":[4,0,8,5.5],"texture":"#1"},"south":{"uv":[0,5.5,4,11],"texture":"#1"},"west":{"uv":[4,5.5,8,11],"texture":"#1"},"up":{"uv":[12,4,8,0],"texture":"#1"},"down":{"uv":[12,4,8,8],"texture":"#1"}}},{"name":"package","from":[16,-0.1,0],"to":[16,21.9,16],"faces":{"north":{"uv":[0,0,4,5.5],"texture":"#1"},"east":{"uv":[4,0,8,5.5],"texture":"#1"},"south":{"uv":[0,5.5,4,11],"texture":"#1"},"west":{"uv":[4,5.5,8,11],"texture":"#1"},"up":{"uv":[12,4,8,0],"texture":"#1"},"down":{"uv":[12,4,8,8],"texture":"#1"}}},{"name":"package","from":[0,-0.1,0],"to":[0,21.9,16],"faces":{"north":{"uv":[0,0,4,5.5],"texture":"#1"},"east":{"uv":[4,0,8,5.5],"texture":"#1"},"south":{"uv":[0,5.5,4,11],"texture":"#1"},"west":{"uv":[4,5.5,8,11],"texture":"#1"},"up":{"uv":[12,4,8,0],"texture":"#1"},"down":{"uv":[12,4,8,8],"texture":"#1"}}}],"gui_light":"front","display":{"thirdperson_righthand":{"rotation":[61.23,4.49,0.46],"translation":[0,1.75,0.75],"scale":[0.5,0.5,0.5]},"thirdperson_lefthand":{"rotation":[61.23,4.49,0.46],"translation":[0,1.75,0.75],"scale":[0.5,0.5,0.5]},"firstperson_righthand":{"rotation":[-166,53.68,171.1],"translation":[0.75,3.75,-0.75],"scale":[0.58336,0.58336,0.58336]},"firstperson_lefthand":{"rotation":[-166,53.68,171.1],"translation":[0.75,3.75,-0.75],"scale":[0.58336,0.58336,0.58336]},"ground":{"rotation":[68,0,0],"translation":[0,1.5,0],"scale":[0.5,0.5,0.5]},"gui":{"rotation":[-170,30,-180],"translation":[0,-2,0],"scale":[0.62,0.62,0.62]},"head":{"rotation":[7,180,1],"translation":[0,-48.75,11.25],"scale":[1.6,1.6,1.6]},"fixed":{"rotation":[-90,0,0],"translation":[0,-0.25,-16.25],"scale":[2,2,2]}}}