{
  "credit": "MadebyPolygonMC",
  "texture_size": [
    24,
    24
  ],
  "textures": {
    "1": "evergreenset:shovel",
    "2": "evergreenset:animations/animations_1",
    "particle": "evergreenset:shovel"
  },
  "elements": [
    {
      "from": [
        7.3,
        2,
        7.3
      ],
      "to": [
        8.7,
        2.5,
        8.7
      ],
      "rotation": {
        "angle": 0,
        "axis": "y",
        "origin": [
          7.5,
          0,
          7.5
        ]
      },
      "faces": {
        "north": {
          "uv": [
            12.66667,
            10,
            13.66667,
            10.33333
          ],
          "texture": "#1"
        },
        "east": {
          "uv": [
            10.66667,
            12.66667,
            11.66667,
            13
          ],
          "texture": "#1"
        },
        "south": {
          "uv": [
            12.66667,
            11.33333,
            13.66667,
            11.66667
          ],
          "texture": "#1"
        },
        "west": {
          "uv": [
            12,
            12.66667,
            13,
            13
          ],
          "texture": "#1"
        },
        "up": {
          "uv": [
            9.66667,
            3.66667,
            8.66667,
            2.66667
          ],
          "texture": "#1"
        },
        "down": {
          "uv": [
            4.33333,
            8.66667,
            3.33333,
            9.66667
          ],
          "texture": "#1"
        }
      }
    },
    {
      "from": [
        7.3,
        6.25,
        7.3
      ],
      "to": [
        8.7,
        6.75,
        8.7
      ],
      "rotation": {
        "angle": 0,
        "axis": "y",
        "origin": [
          7.5,
          4.25,
          7.5
        ]
      },
      "faces": {
        "north": {
          "uv": [
            12.66667,
            12,
            13.66667,
            12.33333
          ],
          "texture": "#1"
        },
        "east": {
          "uv": [
            0,
            13.33333,
            1,
            13.66667
          ],
          "texture": "#1"
        },
        "south": {
          "uv": [
            13.33333,
            0,
            14.33333,
            0.33333
          ],
          "texture": "#1"
        },
        "west": {
          "uv": [
            13.33333,
            0.66667,
            14.33333,
            1
          ],
          "texture": "#1"
        },
        "up": {
          "uv": [
            9.66667,
            5,
            8.66667,
            4
          ],
          "texture": "#1"
        },
        "down": {
          "uv": [
            6.33333,
            8.66667,
            5.33333,
            9.66667
          ],
          "texture": "#1"
        }
      }
    },
    {
      "from": [
        7.4,
        6.75,
        7.4
      ],
      "to": [
        8.6,
        7.25,
        8.6
      ],
      "rotation": {
        "angle": 0,
        "axis": "y",
        "origin": [
          7.5,
          4.75,
          7.5
        ]
      },
      "faces": {
        "north": {
          "uv": [
            0.66667,
            14.66667,
            1.5,
            15
          ],
          "texture": "#1"
        },
        "east": {
          "uv": [
            14.66667,
            0.66667,
            15.5,
            1
          ],
          "texture": "#1"
        },
        "south": {
          "uv": [
            14.66667,
            1.33333,
            15.5,
            1.66667
          ],
          "texture": "#1"
        },
        "west": {
          "uv": [
            2,
            14.66667,
            2.83333,
            15
          ],
          "texture": "#1"
        }
      }
    },
    {
      "from": [
        7.5,
        1,
        7.5
      ],
      "to": [
        8.5,
        2,
        8.5
      ],
      "rotation": {
        "angle": 0,
        "axis": "y",
        "origin": [
          7.5,
          0,
          7.5
        ]
      },
      "faces": {
        "north": {
          "uv": [
            8.66667,
            5.33333,
            9.33333,
            6
          ],
          "texture": "#1"
        },
        "east": {
          "uv": [
            8.66667,
            8,
            9.33333,
            8.66667
          ],
          "texture": "#1"
        },
        "south": {
          "uv": [
            9.33333,
            5.33333,
            10,
            6
          ],
          "texture": "#1"
        },
        "west": {
          "uv": [
            12,
            2.66667,
            12.66667,
            3.33333
          ],
          "texture": "#1"
        },
        "up": {
          "uv": [
            12.66667,
            4,
            12,
            3.33333
          ],
          "texture": "#1"
        },
        "down": {
          "uv": [
            6.66667,
            12,
            6,
            12.66667
          ],
          "texture": "#1"
        }
      }
    },
    {
      "from": [
        7.5,
        2.5,
        7.5
      ],
      "to": [
        8.5,
        3.5,
        8.5
      ],
      "rotation": {
        "angle": 0,
        "axis": "y",
        "origin": [
          7.5,
          0,
          7.5
        ]
      },
      "faces": {
        "north": {
          "uv": [
            7.33333,
            12,
            8,
            12.66667
          ],
          "texture": "#1"
        },
        "east": {
          "uv": [
            8,
            12,
            8.66667,
            12.66667
          ],
          "texture": "#1"
        },
        "south": {
          "uv": [
            8.66667,
            12,
            9.33333,
            12.66667
          ],
          "texture": "#1"
        },
        "west": {
          "uv": [
            10.66667,
            12,
            11.33333,
            12.66667
          ],
          "texture": "#1"
        },
        "up": {
          "uv": [
            12,
            12.66667,
            11.33333,
            12
          ],
          "texture": "#1"
        },
        "down": {
          "uv": [
            12.66667,
            12,
            12,
            12.66667
          ],
          "texture": "#1"
        }
      }
    },
    {
      "from": [
        7.5,
        5.25,
        7.5
      ],
      "to": [
        8.5,
        6.25,
        8.5
      ],
      "rotation": {
        "angle": 0,
        "axis": "y",
        "origin": [
          7.5,
          2.75,
          7.5
        ]
      },
      "faces": {
        "north": {
          "uv": [
            12.66667,
            0,
            13.33333,
            0.66667
          ],
          "texture": "#1"
        },
        "east": {
          "uv": [
            12.66667,
            0.66667,
            13.33333,
            1.33333
          ],
          "texture": "#1"
        },
        "south": {
          "uv": [
            12.66667,
            1.33333,
            13.33333,
            2
          ],
          "texture": "#1"
        },
        "west": {
          "uv": [
            12.66667,
            2,
            13.33333,
            2.66667
          ],
          "texture": "#1"
        },
        "up": {
          "uv": [
            13.33333,
            3.33333,
            12.66667,
            2.66667
          ],
          "texture": "#1"
        },
        "down": {
          "uv": [
            13.33333,
            3.33333,
            12.66667,
            4
          ],
          "texture": "#1"
        }
      }
    },
    {
      "from": [
        7.6,
        3.5,
        7.6
      ],
      "to": [
        8.4,
        5.25,
        8.4
      ],
      "rotation": {
        "angle": 0,
        "axis": "y",
        "origin": [
          7.5,
          1,
          7.5
        ]
      },
      "faces": {
        "north": {
          "uv": [
            6.66667,
            11.33333,
            7.16667,
            12.5
          ],
          "texture": "#1"
        },
        "east": {
          "uv": [
            0,
            12,
            0.5,
            13.16667
          ],
          "texture": "#1"
        },
        "south": {
          "uv": [
            12,
            0,
            12.5,
            1.16667
          ],
          "texture": "#1"
        },
        "west": {
          "uv": [
            12,
            1.33333,
            12.5,
            2.5
          ],
          "texture": "#1"
        }
      }
    },
    {
      "from": [
        7.3,
        8.75,
        7.3
      ],
      "to": [
        8.7,
        9.25,
        8.7
      ],
      "rotation": {
        "angle": 0,
        "axis": "y",
        "origin": [
          7.5,
          6.75,
          7.5
        ]
      },
      "faces": {
        "north": {
          "uv": [
            1.33333,
            13.33333,
            2.33333,
            13.66667
          ],
          "texture": "#1"
        },
        "east": {
          "uv": [
            13.33333,
            1.33333,
            14.33333,
            1.66667
          ],
          "texture": "#1"
        },
        "south": {
          "uv": [
            13.33333,
            2,
            14.33333,
            2.33333
          ],
          "texture": "#1"
        },
        "west": {
          "uv": [
            2.66667,
            13.33333,
            3.66667,
            13.66667
          ],
          "texture": "#1"
        },
        "up": {
          "uv": [
            9.66667,
            7.66667,
            8.66667,
            6.66667
          ],
          "texture": "#1"
        },
        "down": {
          "uv": [
            9,
            8.66667,
            8,
            9.66667
          ],
          "texture": "#1"
        }
      }
    },
    {
      "from": [
        7.3,
        7.25,
        7.3
      ],
      "to": [
        8.7,
        7.75,
        8.7
      ],
      "rotation": {
        "angle": 0,
        "axis": "y",
        "origin": [
          7.5,
          5.25,
          7.5
        ]
      },
      "faces": {
        "north": {
          "uv": [
            13.33333,
            2.66667,
            14.33333,
            3
          ],
          "texture": "#1"
        },
        "east": {
          "uv": [
            13.33333,
            3.33333,
            14.33333,
            3.66667
          ],
          "texture": "#1"
        },
        "south": {
          "uv": [
            4,
            13.33333,
            5,
            13.66667
          ],
          "texture": "#1"
        },
        "west": {
          "uv": [
            13.33333,
            4,
            14.33333,
            4.33333
          ],
          "texture": "#1"
        },
        "up": {
          "uv": [
            10.33333,
            9,
            9.33333,
            8
          ],
          "texture": "#1"
        },
        "down": {
          "uv": [
            10.33333,
            9.33333,
            9.33333,
            10.33333
          ],
          "texture": "#1"
        }
      }
    },
    {
      "from": [
        7.3,
        11.25,
        7.3
      ],
      "to": [
        8.7,
        11.75,
        8.7
      ],
      "rotation": {
        "angle": 0,
        "axis": "y",
        "origin": [
          7.5,
          9.25,
          7.5
        ]
      },
      "faces": {
        "north": {
          "uv": [
            13.33333,
            4.66667,
            14.33333,
            5
          ],
          "texture": "#1"
        },
        "east": {
          "uv": [
            5.33333,
            13.33333,
            6.33333,
            13.66667
          ],
          "texture": "#1"
        },
        "south": {
          "uv": [
            13.33333,
            5.33333,
            14.33333,
            5.66667
          ],
          "texture": "#1"
        },
        "west": {
          "uv": [
            13.33333,
            6,
            14.33333,
            6.33333
          ],
          "texture": "#1"
        },
        "up": {
          "uv": [
            11,
            1,
            10,
            0
          ],
          "texture": "#1"
        },
        "down": {
          "uv": [
            1.66667,
            10,
            0.66667,
            11
          ],
          "texture": "#1"
        }
      }
    },
    {
      "from": [
        7.4,
        11.75,
        7.4
      ],
      "to": [
        8.6,
        12.25,
        8.6
      ],
      "rotation": {
        "angle": 0,
        "axis": "y",
        "origin": [
          7.5,
          9.75,
          7.5
        ]
      },
      "faces": {
        "north": {
          "uv": [
            14.66667,
            2,
            15.5,
            2.33333
          ],
          "texture": "#1"
        },
        "east": {
          "uv": [
            14.66667,
            2.66667,
            15.5,
            3
          ],
          "texture": "#1"
        },
        "south": {
          "uv": [
            3.33333,
            14.66667,
            4.16667,
            15
          ],
          "texture": "#1"
        },
        "west": {
          "uv": [
            14.66667,
            3.33333,
            15.5,
            3.66667
          ],
          "texture": "#1"
        }
      }
    },
    {
      "from": [
        7.5,
        7.75,
        7.5
      ],
      "to": [
        8.5,
        8.75,
        8.5
      ],
      "rotation": {
        "angle": 0,
        "axis": "y",
        "origin": [
          7.5,
          6.75,
          7.5
        ]
      },
      "faces": {
        "north": {
          "uv": [
            4,
            12.66667,
            4.66667,
            13.33333
          ],
          "texture": "#1"
        },
        "east": {
          "uv": [
            12.66667,
            4,
            13.33333,
            4.66667
          ],
          "texture": "#1"
        },
        "south": {
          "uv": [
            4.66667,
            12.66667,
            5.33333,
            13.33333
          ],
          "texture": "#1"
        },
        "west": {
          "uv": [
            12.66667,
            4.66667,
            13.33333,
            5.33333
          ],
          "texture": "#1"
        },
        "up": {
          "uv": [
            13.33333,
            6,
            12.66667,
            5.33333
          ],
          "texture": "#1"
        },
        "down": {
          "uv": [
            6.66667,
            12.66667,
            6,
            13.33333
          ],
          "texture": "#1"
        }
      }
    },
    {
      "from": [
        7.39,
        0.265,
        7.39
      ],
      "to": [
        8.61,
        1.485,
        8.61
      ],
      "rotation": {
        "angle": -45,
        "axis": "x",
        "origin": [
          8,
          0.875,
          8
        ]
      },
      "faces": {
        "north": {
          "uv": [
            4,
            11.33333,
            4.83333,
            12.16667
          ],
          "texture": "#1"
        },
        "east": {
          "uv": [
            11.33333,
            4,
            12.16667,
            4.83333
          ],
          "texture": "#1"
        },
        "south": {
          "uv": [
            11.33333,
            5.33333,
            12.16667,
            6.16667
          ],
          "texture": "#1"
        },
        "west": {
          "uv": [
            11.33333,
            6.66667,
            12.16667,
            7.5
          ],
          "texture": "#1"
        },
        "up": {
          "uv": [
            12.16667,
            8.83333,
            11.33333,
            8
          ],
          "texture": "#1"
        },
        "down": {
          "uv": [
            12.16667,
            9.33333,
            11.33333,
            10.16667
          ],
          "texture": "#1"
        }
      }
    },
    {
      "from": [
        7.2,
        12.25,
        7
      ],
      "to": [
        8.8,
        13.75,
        9
      ],
      "rotation": {
        "angle": 0,
        "axis": "y",
        "origin": [
          7,
          12.25,
          7
        ]
      },
      "faces": {
        "north": {
          "uv": [
            10,
            1.33333,
            11,
            2.33333
          ],
          "texture": "#1"
        },
        "east": {
          "uv": [
            0,
            5.33333,
            1.33333,
            6.33333
          ],
          "texture": "#1"
        },
        "south": {
          "uv": [
            2,
            10,
            3,
            11
          ],
          "texture": "#1"
        },
        "west": {
          "uv": [
            1.33333,
            5.33333,
            2.66667,
            6.33333
          ],
          "texture": "#1"
        },
        "up": {
          "uv": [
            3.66667,
            6.66667,
            2.66667,
            5.33333
          ],
          "texture": "#1"
        },
        "down": {
          "uv": [
            1,
            6.66667,
            0,
            8
          ],
          "texture": "#1"
        }
      }
    },
    {
      "from": [
        7.205,
        11.76256,
        5.82322
      ],
      "to": [
        8.795,
        13.26256,
        7.82322
      ],
      "rotation": {
        "angle": -45,
        "axis": "x",
        "origin": [
          8.005,
          12.51256,
          6.82322
        ]
      },
      "faces": {
        "north": {
          "uv": [
            10,
            2.66667,
            11,
            3.66667
          ],
          "texture": "#1"
        },
        "east": {
          "uv": [
            6.66667,
            0,
            8,
            1
          ],
          "texture": "#1"
        },
        "west": {
          "uv": [
            1.33333,
            6.66667,
            2.66667,
            7.66667
          ],
          "texture": "#1"
        },
        "up": {
          "uv": [
            7.66667,
            2.66667,
            6.66667,
            1.33333
          ],
          "texture": "#1"
        },
        "down": {
          "uv": [
            3.66667,
            6.66667,
            2.66667,
            8
          ],
          "texture": "#1"
        }
      }
    },
    {
      "from": [
        7.205,
        11.76256,
        8.17678
      ],
      "to": [
        8.795,
        13.26256,
        10.17678
      ],
      "rotation": {
        "angle": 45,
        "axis": "x",
        "origin": [
          8.005,
          12.51256,
          9.17678
        ]
      },
      "faces": {
        "east": {
          "uv": [
            6.66667,
            2.66667,
            8,
            3.66667
          ],
          "texture": "#1"
        },
        "south": {
          "uv": [
            3.33333,
            10,
            4.33333,
            11
          ],
          "texture": "#1"
        },
        "west": {
          "uv": [
            6.66667,
            4,
            8,
            5
          ],
          "texture": "#1"
        },
        "up": {
          "uv": [
            7.66667,
            6.66667,
            6.66667,
            5.33333
          ],
          "texture": "#1"
        },
        "down": {
          "uv": [
            7.66667,
            6.66667,
            6.66667,
            8
          ],
          "texture": "#1"
        }
      }
    },
    {
      "from": [
        7.5,
        12.8,
        4.55
      ],
      "to": [
        8.5,
        13.8,
        7.05
      ],
      "rotation": {
        "angle": 0,
        "axis": "y",
        "origin": [
          7.25,
          12.8,
          5.05
        ]
      },
      "faces": {
        "north": {
          "uv": [
            12.66667,
            6,
            13.33333,
            6.66667
          ],
          "texture": "#1"
        },
        "east": {
          "uv": [
            0.66667,
            8,
            2.33333,
            8.66667
          ],
          "texture": "#1"
        },
        "south": {
          "uv": [
            6.66667,
            12.66667,
            7.33333,
            13.33333
          ],
          "texture": "#1"
        },
        "west": {
          "uv": [
            2.66667,
            8,
            4.33333,
            8.66667
          ],
          "texture": "#1"
        },
        "up": {
          "uv": [
            8.66667,
            5.66667,
            8,
            4
          ],
          "texture": "#1"
        },
        "down": {
          "uv": [
            5.33333,
            8,
            4.66667,
            9.66667
          ],
          "texture": "#1"
        }
      }
    },
    {
      "from": [
        7.5,
        13.8,
        6.3
      ],
      "to": [
        8.5,
        14.8,
        7.05
      ],
      "rotation": {
        "angle": 0,
        "axis": "x",
        "origin": [
          8,
          14.55,
          6.55
        ]
      },
      "faces": {
        "north": {
          "uv": [
            12.66667,
            6.66667,
            13.33333,
            7.33333
          ],
          "texture": "#1"
        },
        "east": {
          "uv": [
            6.66667,
            13.33333,
            7.16667,
            14
          ],
          "texture": "#1"
        },
        "south": {
          "uv": [
            7.33333,
            12.66667,
            8,
            13.33333
          ],
          "texture": "#1"
        },
        "west": {
          "uv": [
            13.33333,
            6.66667,
            13.83333,
            7.33333
          ],
          "texture": "#1"
        },
        "up": {
          "uv": [
            8,
            13.83333,
            7.33333,
            13.33333
          ],
          "texture": "#1"
        },
        "down": {
          "uv": [
            14,
            7.33333,
            13.33333,
            7.83333
          ],
          "texture": "#1"
        }
      }
    },
    {
      "from": [
        7.505,
        14.35604,
        6.33858
      ],
      "to": [
        8.495,
        15.10604,
        7.33858
      ],
      "rotation": {
        "angle": -22.5,
        "axis": "x",
        "origin": [
          8.005,
          14.85604,
          7.08858
        ]
      },
      "faces": {
        "north": {
          "uv": [
            8,
            13.33333,
            8.66667,
            13.83333
          ],
          "texture": "#1"
        },
        "east": {
          "uv": [
            13.33333,
            8,
            14,
            8.5
          ],
          "texture": "#1"
        },
        "south": {
          "uv": [
            8.66667,
            13.33333,
            9.33333,
            13.83333
          ],
          "texture": "#1"
        },
        "west": {
          "uv": [
            13.33333,
            8.66667,
            14,
            9.16667
          ],
          "texture": "#1"
        },
        "up": {
          "uv": [
            13.33333,
            8,
            12.66667,
            7.33333
          ],
          "texture": "#1"
        },
        "down": {
          "uv": [
            8.66667,
            12.66667,
            8,
            13.33333
          ],
          "texture": "#1"
        }
      }
    },
    {
      "from": [
        7.505,
        14.35604,
        8.66142
      ],
      "to": [
        8.495,
        15.10604,
        9.66142
      ],
      "rotation": {
        "angle": 22.5,
        "axis": "x",
        "origin": [
          8.005,
          14.85604,
          8.91142
        ]
      },
      "faces": {
        "north": {
          "uv": [
            9.33333,
            13.33333,
            10,
            13.83333
          ],
          "texture": "#1"
        },
        "east": {
          "uv": [
            13.33333,
            9.33333,
            14,
            9.83333
          ],
          "texture": "#1"
        },
        "south": {
          "uv": [
            10,
            13.33333,
            10.66667,
            13.83333
          ],
          "texture": "#1"
        },
        "west": {
          "uv": [
            10.66667,
            13.33333,
            11.33333,
            13.83333
          ],
          "texture": "#1"
        },
        "up": {
          "uv": [
            13.33333,
            8.66667,
            12.66667,
            8
          ],
          "texture": "#1"
        },
        "down": {
          "uv": [
            9.33333,
            12.66667,
            8.66667,
            13.33333
          ],
          "texture": "#1"
        }
      }
    },
    {
      "from": [
        7.5,
        13.8,
        8.95
      ],
      "to": [
        8.5,
        14.8,
        9.7
      ],
      "rotation": {
        "angle": 0,
        "axis": "x",
        "origin": [
          8,
          14.55,
          9.45
        ]
      },
      "faces": {
        "north": {
          "uv": [
            12.66667,
            8.66667,
            13.33333,
            9.33333
          ],
          "texture": "#1"
        },
        "east": {
          "uv": [
            13.33333,
            10.66667,
            13.83333,
            11.33333
          ],
          "texture": "#1"
        },
        "south": {
          "uv": [
            9.33333,
            12.66667,
            10,
            13.33333
          ],
          "texture": "#1"
        },
        "west": {
          "uv": [
            11.33333,
            13.33333,
            11.83333,
            14
          ],
          "texture": "#1"
        },
        "up": {
          "uv": [
            12.66667,
            13.83333,
            12,
            13.33333
          ],
          "texture": "#1"
        },
        "down": {
          "uv": [
            13.33333,
            13.33333,
            12.66667,
            13.83333
          ],
          "texture": "#1"
        }
      }
    },
    {
      "from": [
        7.5,
        12.8,
        8.95
      ],
      "to": [
        8.5,
        13.8,
        11.45
      ],
      "rotation": {
        "angle": 0,
        "axis": "y",
        "origin": [
          7.25,
          12.8,
          10.95
        ]
      },
      "faces": {
        "north": {
          "uv": [
            12.66667,
            9.33333,
            13.33333,
            10
          ],
          "texture": "#1"
        },
        "east": {
          "uv": [
            5.33333,
            8,
            7,
            8.66667
          ],
          "texture": "#1"
        },
        "south": {
          "uv": [
            10,
            12.66667,
            10.66667,
            13.33333
          ],
          "texture": "#1"
        },
        "west": {
          "uv": [
            8,
            6,
            9.66667,
            6.66667
          ],
          "texture": "#1"
        },
        "up": {
          "uv": [
            8.66667,
            8.33333,
            8,
            6.66667
          ],
          "texture": "#1"
        },
        "down": {
          "uv": [
            8,
            8,
            7.33333,
            9.66667
          ],
          "texture": "#1"
        }
      }
    },
    {
      "from": [
        7.605,
        11.08104,
        6.33858
      ],
      "to": [
        8.395,
        11.83104,
        7.33858
      ],
      "rotation": {
        "angle": -22.5,
        "axis": "x",
        "origin": [
          8.005,
          11.58104,
          7.08858
        ]
      },
      "faces": {
        "north": {
          "uv": [
            14.66667,
            4,
            15.16667,
            4.5
          ],
          "texture": "#1"
        },
        "east": {
          "uv": [
            13.33333,
            12.66667,
            14,
            13.16667
          ],
          "texture": "#1"
        },
        "south": {
          "uv": [
            4.66667,
            14.66667,
            5.16667,
            15.16667
          ],
          "texture": "#1"
        },
        "west": {
          "uv": [
            13.33333,
            13.33333,
            14,
            13.83333
          ],
          "texture": "#1"
        },
        "up": {
          "uv": [
            0.5,
            14.66667,
            0,
            14
          ],
          "texture": "#1"
        },
        "down": {
          "uv": [
            1.16667,
            14,
            0.66667,
            14.66667
          ],
          "texture": "#1"
        }
      }
    },
    {
      "from": [
        7.6,
        9.025,
        6.3
      ],
      "to": [
        8.4,
        11.525,
        7.05
      ],
      "rotation": {
        "angle": 0,
        "axis": "x",
        "origin": [
          8,
          11.275,
          6.55
        ]
      },
      "faces": {
        "north": {
          "uv": [
            6,
            10,
            6.5,
            11.66667
          ],
          "texture": "#1"
        },
        "east": {
          "uv": [
            7.33333,
            10,
            7.83333,
            11.66667
          ],
          "texture": "#1"
        },
        "south": {
          "uv": [
            8,
            10,
            8.5,
            11.66667
          ],
          "texture": "#1"
        },
        "west": {
          "uv": [
            8.66667,
            10,
            9.16667,
            11.66667
          ],
          "texture": "#1"
        },
        "up": {
          "uv": [
            15.16667,
            5.16667,
            14.66667,
            4.66667
          ],
          "texture": "#1"
        },
        "down": {
          "uv": [
            5.83333,
            14.66667,
            5.33333,
            15.16667
          ],
          "texture": "#1"
        }
      }
    },
    {
      "from": [
        7.605,
        8.71896,
        6.33858
      ],
      "to": [
        8.395,
        9.46896,
        7.33858
      ],
      "rotation": {
        "angle": 22.5,
        "axis": "x",
        "origin": [
          8.005,
          8.96896,
          7.08858
        ]
      },
      "faces": {
        "north": {
          "uv": [
            14.66667,
            5.33333,
            15.16667,
            5.83333
          ],
          "texture": "#1"
        },
        "east": {
          "uv": [
            1.33333,
            14,
            2,
            14.5
          ],
          "texture": "#1"
        },
        "south": {
          "uv": [
            6,
            14.66667,
            6.5,
            15.16667
          ],
          "texture": "#1"
        },
        "west": {
          "uv": [
            2,
            14,
            2.66667,
            14.5
          ],
          "texture": "#1"
        },
        "up": {
          "uv": [
            3.16667,
            14.66667,
            2.66667,
            14
          ],
          "texture": "#1"
        },
        "down": {
          "uv": [
            3.83333,
            14,
            3.33333,
            14.66667
          ],
          "texture": "#1"
        }
      }
    },
    {
      "from": [
        7.605,
        8.71896,
        8.66142
      ],
      "to": [
        8.395,
        9.46896,
        9.66142
      ],
      "rotation": {
        "angle": -22.5,
        "axis": "x",
        "origin": [
          8.005,
          8.96896,
          8.91142
        ]
      },
      "faces": {
        "north": {
          "uv": [
            14.66667,
            6,
            15.16667,
            6.5
          ],
          "texture": "#1"
        },
        "east": {
          "uv": [
            4,
            14,
            4.66667,
            14.5
          ],
          "texture": "#1"
        },
        "south": {
          "uv": [
            6.66667,
            14.66667,
            7.16667,
            15.16667
          ],
          "texture": "#1"
        },
        "west": {
          "uv": [
            4.66667,
            14,
            5.33333,
            14.5
          ],
          "texture": "#1"
        },
        "up": {
          "uv": [
            5.83333,
            14.66667,
            5.33333,
            14
          ],
          "texture": "#1"
        },
        "down": {
          "uv": [
            6.5,
            14,
            6,
            14.66667
          ],
          "texture": "#1"
        }
      }
    },
    {
      "from": [
        7.605,
        11.08104,
        8.66142
      ],
      "to": [
        8.395,
        11.83104,
        9.66142
      ],
      "rotation": {
        "angle": 22.5,
        "axis": "x",
        "origin": [
          8.005,
          11.58104,
          8.91142
        ]
      },
      "faces": {
        "north": {
          "uv": [
            14.66667,
            6.66667,
            15.16667,
            7.16667
          ],
          "texture": "#1"
        },
        "east": {
          "uv": [
            6.66667,
            14,
            7.33333,
            14.5
          ],
          "texture": "#1"
        },
        "south": {
          "uv": [
            7.33333,
            14.66667,
            7.83333,
            15.16667
          ],
          "texture": "#1"
        },
        "west": {
          "uv": [
            14,
            6.66667,
            14.66667,
            7.16667
          ],
          "texture": "#1"
        },
        "up": {
          "uv": [
            7.83333,
            14.66667,
            7.33333,
            14
          ],
          "texture": "#1"
        },
        "down": {
          "uv": [
            14.5,
            7.33333,
            14,
            8
          ],
          "texture": "#1"
        }
      }
    },
    {
      "from": [
        7.6,
        9.025,
        8.95
      ],
      "to": [
        8.4,
        11.525,
        9.7
      ],
      "rotation": {
        "angle": 0,
        "axis": "x",
        "origin": [
          8,
          11.275,
          9.45
        ]
      },
      "faces": {
        "north": {
          "uv": [
            10.66667,
            5.33333,
            11.16667,
            7
          ],
          "texture": "#1"
        },
        "east": {
          "uv": [
            10.66667,
            7.33333,
            11.16667,
            9
          ],
          "texture": "#1"
        },
        "south": {
          "uv": [
            9.33333,
            10.66667,
            9.83333,
            12.33333
          ],
          "texture": "#1"
        },
        "west": {
          "uv": [
            10.66667,
            9.33333,
            11.16667,
            11
          ],
          "texture": "#1"
        },
        "up": {
          "uv": [
            15.16667,
            7.83333,
            14.66667,
            7.33333
          ],
          "texture": "#1"
        },
        "down": {
          "uv": [
            15.16667,
            8,
            14.66667,
            8.5
          ],
          "texture": "#1"
        }
      }
    },
    {
      "from": [
        7.605,
        16.08104,
        5.33858
      ],
      "to": [
        8.395,
        16.83104,
        6.33858
      ],
      "rotation": {
        "angle": -22.5,
        "axis": "x",
        "origin": [
          8.005,
          16.58104,
          6.08858
        ]
      },
      "faces": {
        "north": {
          "uv": [
            10.66667,
            14.66667,
            11.16667,
            15.16667
          ],
          "texture": "#1"
        },
        "east": {
          "uv": [
            14,
            10.66667,
            14.66667,
            11.16667
          ],
          "texture": "#1"
        },
        "south": {
          "uv": [
            14.66667,
            10.66667,
            15.16667,
            11.16667
          ],
          "texture": "#1"
        },
        "west": {
          "uv": [
            11.33333,
            14,
            12,
            14.5
          ],
          "texture": "#1"
        },
        "up": {
          "uv": [
            14.5,
            12,
            14,
            11.33333
          ],
          "texture": "#1"
        },
        "down": {
          "uv": [
            12.5,
            14,
            12,
            14.66667
          ],
          "texture": "#1"
        }
      }
    },
    {
      "from": [
        7.6,
        14.025,
        5.3
      ],
      "to": [
        8.4,
        16.525,
        6.05
      ],
      "rotation": {
        "angle": 0,
        "axis": "x",
        "origin": [
          8,
          16.275,
          5.55
        ]
      },
      "faces": {
        "north": {
          "uv": [
            10,
            10.66667,
            10.5,
            12.33333
          ],
          "texture": "#1"
        },
        "east": {
          "uv": [
            11.33333,
            0,
            11.83333,
            1.66667
          ],
          "texture": "#1"
        },
        "south": {
          "uv": [
            0.66667,
            11.33333,
            1.16667,
            13
          ],
          "texture": "#1"
        },
        "west": {
          "uv": [
            1.33333,
            11.33333,
            1.83333,
            13
          ],
          "texture": "#1"
        },
        "up": {
          "uv": [
            10.5,
            15.16667,
            10,
            14.66667
          ],
          "texture": "#1"
        },
        "down": {
          "uv": [
            15.16667,
            10,
            14.66667,
            10.5
          ],
          "texture": "#1"
        }
      }
    },
    {
      "from": [
        7.605,
        13.71896,
        5.33858
      ],
      "to": [
        8.395,
        14.46896,
        6.33858
      ],
      "rotation": {
        "angle": 22.5,
        "axis": "x",
        "origin": [
          8.005,
          13.96896,
          6.08858
        ]
      },
      "faces": {
        "north": {
          "uv": [
            14.66667,
            8.66667,
            15.16667,
            9.16667
          ],
          "texture": "#1"
        },
        "east": {
          "uv": [
            14,
            9.33333,
            14.66667,
            9.83333
          ],
          "texture": "#1"
        },
        "south": {
          "uv": [
            14.66667,
            9.33333,
            15.16667,
            9.83333
          ],
          "texture": "#1"
        },
        "west": {
          "uv": [
            10,
            14,
            10.66667,
            14.5
          ],
          "texture": "#1"
        },
        "up": {
          "uv": [
            14.5,
            10.66667,
            14,
            10
          ],
          "texture": "#1"
        },
        "down": {
          "uv": [
            11.16667,
            14,
            10.66667,
            14.66667
          ],
          "texture": "#1"
        }
      }
    },
    {
      "from": [
        7.605,
        13.71896,
        9.66142
      ],
      "to": [
        8.395,
        14.46896,
        10.66142
      ],
      "rotation": {
        "angle": -22.5,
        "axis": "x",
        "origin": [
          8.005,
          13.96896,
          9.91142
        ]
      },
      "faces": {
        "north": {
          "uv": [
            12.66667,
            14.66667,
            13.16667,
            15.16667
          ],
          "texture": "#1"
        },
        "east": {
          "uv": [
            14,
            13.33333,
            14.66667,
            13.83333
          ],
          "texture": "#1"
        },
        "south": {
          "uv": [
            14.66667,
            12.66667,
            15.16667,
            13.16667
          ],
          "texture": "#1"
        },
        "west": {
          "uv": [
            14,
            14,
            14.66667,
            14.5
          ],
          "texture": "#1"
        },
        "up": {
          "uv": [
            0.5,
            15.33333,
            0,
            14.66667
          ],
          "texture": "#1"
        },
        "down": {
          "uv": [
            15.16667,
            0,
            14.66667,
            0.66667
          ],
          "texture": "#1"
        }
      }
    },
    {
      "from": [
        7.6,
        14.025,
        9.95
      ],
      "to": [
        8.4,
        16.525,
        10.7
      ],
      "rotation": {
        "angle": 0,
        "axis": "x",
        "origin": [
          8,
          16.275,
          10.45
        ]
      },
      "faces": {
        "north": {
          "uv": [
            2,
            11.33333,
            2.5,
            13
          ],
          "texture": "#1"
        },
        "east": {
          "uv": [
            11.33333,
            2,
            11.83333,
            3.66667
          ],
          "texture": "#1"
        },
        "south": {
          "uv": [
            2.66667,
            11.33333,
            3.16667,
            13
          ],
          "texture": "#1"
        },
        "west": {
          "uv": [
            3.33333,
            11.33333,
            3.83333,
            13
          ],
          "texture": "#1"
        },
        "up": {
          "uv": [
            12.5,
            15.16667,
            12,
            14.66667
          ],
          "texture": "#1"
        },
        "down": {
          "uv": [
            15.16667,
            12,
            14.66667,
            12.5
          ],
          "texture": "#1"
        }
      }
    },
    {
      "from": [
        7.605,
        16.08104,
        9.66142
      ],
      "to": [
        8.395,
        16.83104,
        10.66142
      ],
      "rotation": {
        "angle": 22.5,
        "axis": "x",
        "origin": [
          8.005,
          16.58104,
          9.91142
        ]
      },
      "faces": {
        "north": {
          "uv": [
            11.33333,
            14.66667,
            11.83333,
            15.16667
          ],
          "texture": "#1"
        },
        "east": {
          "uv": [
            14,
            12,
            14.66667,
            12.5
          ],
          "texture": "#1"
        },
        "south": {
          "uv": [
            14.66667,
            11.33333,
            15.16667,
            11.83333
          ],
          "texture": "#1"
        },
        "west": {
          "uv": [
            12.66667,
            14,
            13.33333,
            14.5
          ],
          "texture": "#1"
        },
        "up": {
          "uv": [
            14.5,
            13.33333,
            14,
            12.66667
          ],
          "texture": "#1"
        },
        "down": {
          "uv": [
            13.83333,
            14,
            13.33333,
            14.66667
          ],
          "texture": "#1"
        }
      }
    },
    {
      "from": [
        7.7475,
        13.16154,
        7
      ],
      "to": [
        8.2525,
        14.57954,
        8.418
      ],
      "rotation": {
        "angle": -45,
        "axis": "x",
        "origin": [
          7.9975,
          14.16154,
          8
        ]
      },
      "faces": {
        "north": {
          "uv": [
            8,
            14,
            8.33333,
            15
          ],
          "texture": "#1"
        },
        "east": {
          "uv": [
            10,
            4,
            11,
            5
          ],
          "texture": "#1"
        },
        "south": {
          "uv": [
            14,
            8,
            14.33333,
            9
          ],
          "texture": "#1"
        },
        "west": {
          "uv": [
            4.66667,
            10,
            5.66667,
            11
          ],
          "texture": "#1"
        },
        "up": {
          "uv": [
            9,
            15,
            8.66667,
            14
          ],
          "texture": "#1"
        },
        "down": {
          "uv": [
            9.66667,
            14,
            9.33333,
            15
          ],
          "texture": "#1"
        }
      }
    },
    {
      "from": [
        7.4,
        9.25,
        7.4
      ],
      "to": [
        8.6,
        11.25,
        8.6
      ],
      "rotation": {
        "angle": 0,
        "axis": "y",
        "origin": [
          6.8,
          10.5,
          6.8
        ]
      },
      "faces": {
        "north": {
          "uv": [
            8.66667,
            0,
            9.5,
            1.33333
          ],
          "texture": "#1"
        },
        "east": {
          "uv": [
            0.66667,
            8.66667,
            1.5,
            10
          ],
          "texture": "#1"
        },
        "south": {
          "uv": [
            8.66667,
            1.33333,
            9.5,
            2.66667
          ],
          "texture": "#1"
        },
        "west": {
          "uv": [
            2,
            8.66667,
            2.83333,
            10
          ],
          "texture": "#1"
        }
      }
    },
    {
      "from": [
        7.75,
        13.75,
        6
      ],
      "to": [
        8.25,
        19.75,
        10
      ],
      "rotation": {
        "angle": 0,
        "axis": "y",
        "origin": [
          7.75,
          7,
          6
        ]
      },
      "faces": {
        "north": {
          "uv": [
            0,
            8,
            0.33333,
            12
          ],
          "texture": "#1"
        },
        "east": {
          "uv": [
            4,
            0,
            6.66667,
            4
          ],
          "texture": "#1"
        },
        "south": {
          "uv": [
            8,
            0,
            8.33333,
            4
          ],
          "texture": "#1"
        },
        "west": {
          "uv": [
            4,
            4,
            6.66667,
            8
          ],
          "texture": "#1"
        },
        "up": {
          "uv": [
            7,
            11.33333,
            6.66667,
            8.66667
          ],
          "texture": "#1"
        },
        "down": {
          "uv": [
            10.33333,
            5.33333,
            10,
            8
          ],
          "texture": "#1"
        }
      }
    },
    {
      "from": [
        8,
        13.75,
        5.4
      ],
      "to": [
        8,
        21,
        10.6
      ],
      "rotation": {
        "angle": 0,
        "axis": "y",
        "origin": [
          7.5,
          7,
          6
        ]
      },
      "faces": {
        "north": {
          "uv": [
            0,
            0,
            0,
            4.83333
          ],
          "texture": "#1"
        },
        "east": {
          "uv": [
            0,
            0,
            3.5,
            4.83333
          ],
          "texture": "#1"
        },
        "south": {
          "uv": [
            0,
            0,
            0,
            4.83333
          ],
          "texture": "#1"
        },
        "west": {
          "uv": [
            0,
            0,
            3.5,
            4.83333
          ],
          "texture": "#1"
        },
        "up": {
          "uv": [
            0,
            3.5,
            0,
            0
          ],
          "texture": "#1"
        },
        "down": {
          "uv": [
            0,
            0,
            0,
            3.5
          ],
          "texture": "#1"
        }
      }
    },
    {
      "from": [
        7.75,
        19.75,
        6.5
      ],
      "to": [
        8.25,
        20.25,
        9.5
      ],
      "rotation": {
        "angle": 0,
        "axis": "y",
        "origin": [
          7.75,
          7,
          6
        ]
      },
      "faces": {
        "north": {
          "uv": [
            13.33333,
            14.66667,
            13.66667,
            15
          ],
          "texture": "#1"
        },
        "east": {
          "uv": [
            10.66667,
            11.33333,
            12.66667,
            11.66667
          ],
          "texture": "#1"
        },
        "south": {
          "uv": [
            14.66667,
            13.33333,
            15,
            13.66667
          ],
          "texture": "#1"
        },
        "west": {
          "uv": [
            11.33333,
            10.66667,
            13.33333,
            11
          ],
          "texture": "#1"
        },
        "up": {
          "uv": [
            5.66667,
            13.33333,
            5.33333,
            11.33333
          ],
          "texture": "#1"
        }
      }
    },
    {
      "from": [
        7.4,
        12.475,
        2.65
      ],
      "to": [
        7.4,
        17.475,
        7.65
      ],
      "rotation": {
        "angle": 22.5,
        "axis": "x",
        "origin": [
          7.4,
          12.475,
          5.9
        ]
      },
      "faces": {
        "north": {
          "uv": [
            0,
            3.33333,
            0,
            0
          ],
          "rotation": 180,
          "texture": "#2"
        },
        "south": {
          "uv": [
            0,
            0,
            0,
            3.33333
          ],
          "texture": "#2"
        },
        "west": {
          "uv": [
            0,
            0,
            10.33333,
            10.33333
          ],
          "rotation": 270,
          "texture": "#2"
        },
        "up": {
          "uv": [
            0,
            0,
            0,
            3.33333
          ],
          "texture": "#2"
        },
        "down": {
          "uv": [
            0,
            0,
            0,
            3.33333
          ],
          "rotation": 180,
          "texture": "#2"
        }
      }
    },
    {
      "from": [
        7.4,
        12.475,
        8.35
      ],
      "to": [
        7.4,
        17.475,
        13.35
      ],
      "rotation": {
        "angle": -22.5,
        "axis": "x",
        "origin": [
          7.4,
          12.475,
          10.1
        ]
      },
      "faces": {
        "north": {
          "uv": [
            0,
            0,
            0,
            3.33333
          ],
          "texture": "#2"
        },
        "south": {
          "uv": [
            0,
            3.33333,
            0,
            0
          ],
          "rotation": 180,
          "texture": "#2"
        },
        "west": {
          "uv": [
            0,
            10.33333,
            10.33333,
            0
          ],
          "rotation": 270,
          "texture": "#2"
        },
        "up": {
          "uv": [
            0,
            3.33333,
            0,
            0
          ],
          "texture": "#2"
        },
        "down": {
          "uv": [
            0,
            3.33333,
            0,
            0
          ],
          "rotation": 180,
          "texture": "#2"
        }
      }
    },
    {
      "from": [
        8.6,
        12.475,
        8.35
      ],
      "to": [
        8.6,
        17.475,
        13.35
      ],
      "rotation": {
        "angle": -22.5,
        "axis": "x",
        "origin": [
          8.6,
          12.475,
          10.1
        ]
      },
      "faces": {
        "north": {
          "uv": [
            0,
            0,
            0,
            3.33333
          ],
          "texture": "#2"
        },
        "east": {
          "uv": [
            0,
            0,
            10.33333,
            10.33333
          ],
          "rotation": 270,
          "texture": "#2"
        },
        "south": {
          "uv": [
            0,
            3.33333,
            0,
            0
          ],
          "rotation": 180,
          "texture": "#2"
        },
        "up": {
          "uv": [
            0,
            3.33333,
            0,
            0
          ],
          "texture": "#2"
        },
        "down": {
          "uv": [
            0,
            3.33333,
            0,
            0
          ],
          "rotation": 180,
          "texture": "#2"
        }
      }
    },
    {
      "from": [
        8.6,
        12.475,
        2.65
      ],
      "to": [
        8.6,
        17.475,
        7.65
      ],
      "rotation": {
        "angle": 22.5,
        "axis": "x",
        "origin": [
          8.6,
          12.475,
          5.9
        ]
      },
      "faces": {
        "north": {
          "uv": [
            0,
            3.33333,
            0,
            0
          ],
          "rotation": 180,
          "texture": "#2"
        },
        "east": {
          "uv": [
            0,
            10.33333,
            10.33333,
            0
          ],
          "rotation": 270,
          "texture": "#2"
        },
        "south": {
          "uv": [
            0,
            0,
            0,
            3.33333
          ],
          "texture": "#2"
        },
        "up": {
          "uv": [
            0,
            0,
            0,
            3.33333
          ],
          "texture": "#2"
        },
        "down": {
          "uv": [
            0,
            0,
            0,
            3.33333
          ],
          "rotation": 180,
          "texture": "#2"
        }
      }
    }
  ],
  "gui_light": "front",
  "display": {
    "thirdperson_righthand": {
      "translation": [
        0,
        1.75,
        1
      ]
    },
    "thirdperson_lefthand": {
      "translation": [
        0,
        1.75,
        1
      ]
    },
    "firstperson_righthand": {
      "rotation": [
        -5,
        0,
        0
      ],
      "translation": [
        -0.5,
        3.25,
        0.5
      ]
    },
    "firstperson_lefthand": {
      "rotation": [
        -5,
        0,
        0
      ],
      "translation": [
        -0.5,
        3.25,
        0.5
      ]
    },
    "ground": {
      "translation": [
        0,
        9.25,
        0
      ]
    },
    "gui": {
      "rotation": [
        90,
        -45,
        90
      ],
      "translation": [
        2.25,
        -2.25,
        0
      ]
    },
    "head": {
      "scale": [
        0,
        0,
        0
      ]
    },
    "fixed": {
      "rotation": [
        0,
        90,
        0
      ],
      "translation": [
        0,
        -4.5,
        -1.5
      ],
      "scale": [
        2,
        2,
        2
      ]
    }
  }
}