{
  "credit": "MadebyBlockbench.",
  "texture_size": [
    64,
    64
  ],
  "textures": {
    "0": "elitecreatures:santa_decoration/santa_claus_0"
  },
  "elements": [
    {
      "from": [
        4.5,
        0,
        6
      ],
      "to": [
        11.5,
        7,
        14
      ],
      "faces": {
        "north": {
          "uv": [
            0,
            3.5,
            1.75,
            5.25
          ],
          "texture": "#0"
        },
        "east": {
          "uv": [
            2,
            1.75,
            0,
            3.5
          ],
          "texture": "#0"
        },
        "south": {
          "uv": [
            3.75,
            0,
            5.5,
            1.75
          ],
          "texture": "#0"
        },
        "west": {
          "uv": [
            0,
            1.75,
            2,
            3.5
          ],
          "texture": "#0"
        },
        "up": {
          "uv": [
            3.75,
            2,
            2,
            0
          ],
          "texture": "#0"
        },
        "down": {
          "uv": [
            3.75,
            2,
            2,
            4
          ],
          "texture": "#0"
        }
      }
    },
    {
      "from": [
        4.75,
        5,
        6.75
      ],
      "to": [
        11.25,
        10,
        13.75
      ],
      "faces": {
        "north": {
          "uv": [
            5.5,
            2.5,
            7.125,
            3.75
          ],
          "texture": "#0"
        },
        "east": {
          "uv": [
            7.25,
            1.25,
            5.5,
            2.5
          ],
          "texture": "#0"
        },
        "south": {
          "uv": [
            5.5,
            3.75,
            7.125,
            5
          ],
          "texture": "#0"
        },
        "west": {
          "uv": [
            5.5,
            1.25,
            7.25,
            2.5
          ],
          "texture": "#0"
        },
        "up": {
          "uv": [
            3.375,
            5.75,
            1.75,
            4
          ],
          "texture": "#0"
        },
        "down": {
          "uv": [
            1.625,
            5.25,
            0,
            7
          ],
          "texture": "#0"
        }
      }
    },
    {
      "from": [
        10,
        0.11,
        4
      ],
      "to": [
        12,
        3.11,
        10
      ],
      "faces": {
        "north": {
          "uv": [
            6,
            6.75,
            6.5,
            7.5
          ],
          "texture": "#0"
        },
        "east": {
          "uv": [
            10,
            2.25,
            8.5,
            3
          ],
          "texture": "#0"
        },
        "south": {
          "uv": [
            5.5,
            8,
            6,
            8.75
          ],
          "texture": "#0"
        },
        "west": {
          "uv": [
            8,
            6.75,
            9.5,
            7.5
          ],
          "texture": "#0"
        },
        "up": {
          "uv": [
            9.5,
            7,
            10,
            5.5
          ],
          "texture": "#0"
        },
        "down": {
          "uv": [
            10,
            8.5,
            9.5,
            10
          ],
          "texture": "#0"
        }
      }
    },
    {
      "from": [
        11,
        5,
        9.5
      ],
      "to": [
        13,
        11,
        11.5
      ],
      "faces": {
        "north": {
          "uv": [
            8.25,
            9,
            8.75,
            10.5
          ],
          "texture": "#0"
        },
        "east": {
          "uv": [
            9,
            8.5,
            9.5,
            10
          ],
          "texture": "#0"
        },
        "south": {
          "uv": [
            9.25,
            0,
            9.75,
            1.5
          ],
          "texture": "#0"
        },
        "west": {
          "uv": [
            5.25,
            9.25,
            5.75,
            10.75
          ],
          "texture": "#0"
        },
        "up": {
          "uv": [
            10.5,
            7,
            10,
            6.5
          ],
          "texture": "#0"
        },
        "down": {
          "uv": [
            11.25,
            4,
            10.75,
            4.5
          ],
          "texture": "#0"
        }
      }
    },
    {
      "from": [
        5.5,
        10,
        8
      ],
      "to": [
        10.5,
        15,
        13
      ],
      "faces": {
        "north": {
          "uv": [
            4.75,
            6.75,
            6,
            8
          ],
          "texture": "#0"
        },
        "east": {
          "uv": [
            0,
            7,
            1.25,
            8.25
          ],
          "texture": "#0"
        },
        "south": {
          "uv": [
            1.25,
            7,
            2.5,
            8.25
          ],
          "texture": "#0"
        },
        "west": {
          "uv": [
            7.25,
            0,
            8.5,
            1.25
          ],
          "texture": "#0"
        },
        "up": {
          "uv": [
            8.5,
            2.5,
            7.25,
            1.25
          ],
          "texture": "#0"
        },
        "down": {
          "uv": [
            8.5,
            2.5,
            7.25,
            3.75
          ],
          "texture": "#0"
        }
      }
    },
    {
      "from": [
        9.5,
        0,
        3
      ],
      "to": [
        12.5,
        4,
        5
      ],
      "faces": {
        "north": {
          "uv": [
            0.75,
            9.75,
            0,
            10.75
          ],
          "texture": "#0"
        },
        "east": {
          "uv": [
            9.75,
            10,
            9.25,
            11
          ],
          "texture": "#0"
        },
        "south": {
          "uv": [
            5.75,
            9.25,
            6.5,
            10.25
          ],
          "texture": "#0"
        },
        "west": {
          "uv": [
            9.25,
            10,
            8.75,
            11
          ],
          "texture": "#0"
        },
        "up": {
          "uv": [
            10.5,
            8.75,
            11.25,
            8.25
          ],
          "texture": "#0"
        },
        "down": {
          "uv": [
            11.25,
            8.75,
            10.5,
            9.25
          ],
          "texture": "#0"
        }
      }
    },
    {
      "from": [
        4.5,
        13.5,
        7
      ],
      "to": [
        11.5,
        15.5,
        14
      ],
      "faces": {
        "north": {
          "uv": [
            7.25,
            8.5,
            9,
            9
          ],
          "texture": "#0"
        },
        "east": {
          "uv": [
            5.5,
            8.75,
            7.25,
            9.25
          ],
          "texture": "#0"
        },
        "south": {
          "uv": [
            8.75,
            7.5,
            10.5,
            8
          ],
          "texture": "#0"
        },
        "west": {
          "uv": [
            8.75,
            8,
            10.5,
            8.5
          ],
          "texture": "#0"
        },
        "up": {
          "uv": [
            5.5,
            3.5,
            3.75,
            1.75
          ],
          "texture": "#0"
        },
        "down": {
          "uv": [
            5.5,
            3.5,
            3.75,
            5.25
          ],
          "texture": "#0"
        }
      }
    },
    {
      "from": [
        11,
        4.6,
        9.25
      ],
      "to": [
        13.5,
        7.1,
        11.75
      ],
      "faces": {
        "north": {
          "uv": [
            10,
            9.5,
            10.625,
            10.125
          ],
          "texture": "#0"
        },
        "east": {
          "uv": [
            2.25,
            10.25,
            2.875,
            10.875
          ],
          "texture": "#0"
        },
        "south": {
          "uv": [
            3,
            10.25,
            3.625,
            10.875
          ],
          "texture": "#0"
        },
        "west": {
          "uv": [
            3.75,
            10.25,
            4.375,
            10.875
          ],
          "texture": "#0"
        },
        "up": {
          "uv": [
            5.125,
            10.875,
            4.5,
            10.25
          ],
          "texture": "#0"
        },
        "down": {
          "uv": [
            6.375,
            10.25,
            5.75,
            10.875
          ],
          "texture": "#0"
        }
      }
    },
    {
      "from": [
        5.5,
        15.5,
        8
      ],
      "to": [
        10.5,
        17.5,
        13
      ],
      "faces": {
        "north": {
          "uv": [
            9.5,
            7,
            10.75,
            7.5
          ],
          "texture": "#0"
        },
        "east": {
          "uv": [
            10,
            2.5,
            11.25,
            3
          ],
          "texture": "#0"
        },
        "south": {
          "uv": [
            10,
            3,
            11.25,
            3.5
          ],
          "texture": "#0"
        },
        "west": {
          "uv": [
            10,
            3.5,
            11.25,
            4
          ],
          "texture": "#0"
        },
        "up": {
          "uv": [
            8.5,
            5,
            7.25,
            3.75
          ],
          "texture": "#0"
        },
        "down": {
          "uv": [
            7.25,
            7.5,
            6,
            8.75
          ],
          "texture": "#0"
        }
      }
    },
    {
      "from": [
        10.5,
        15,
        9.5
      ],
      "to": [
        12.5,
        17,
        11.5
      ],
      "rotation": {
        "angle": -22.5,
        "axis": "z",
        "origin": [
          11,
          17,
          10
        ]
      },
      "faces": {
        "north": {
          "uv": [
            6.5,
            10.75,
            7,
            11.25
          ],
          "texture": "#0"
        },
        "east": {
          "uv": [
            10.75,
            7,
            11.25,
            7.5
          ],
          "texture": "#0"
        },
        "south": {
          "uv": [
            10.75,
            9.25,
            11.25,
            9.75
          ],
          "texture": "#0"
        },
        "west": {
          "uv": [
            10.75,
            9.75,
            11.25,
            10.25
          ],
          "texture": "#0"
        },
        "up": {
          "uv": [
            2.75,
            11.5,
            2.25,
            11
          ],
          "texture": "#0"
        },
        "down": {
          "uv": [
            3.25,
            11,
            2.75,
            11.5
          ],
          "texture": "#0"
        }
      }
    },
    {
      "from": [
        11.5,
        13.5,
        9.75
      ],
      "to": [
        13,
        16.5,
        11.25
      ],
      "rotation": {
        "angle": 22.5,
        "axis": "z",
        "origin": [
          12.75,
          14.5,
          10.5
        ]
      },
      "faces": {
        "north": {
          "uv": [
            8.25,
            10.5,
            8.625,
            11.25
          ],
          "texture": "#0"
        },
        "east": {
          "uv": [
            10.5,
            10.25,
            10.875,
            11
          ],
          "texture": "#0"
        },
        "south": {
          "uv": [
            0,
            10.75,
            0.375,
            11.5
          ],
          "texture": "#0"
        },
        "west": {
          "uv": [
            5.25,
            10.75,
            5.625,
            11.5
          ],
          "texture": "#0"
        },
        "up": {
          "uv": [
            11.375,
            7.875,
            11,
            7.5
          ],
          "texture": "#0"
        },
        "down": {
          "uv": [
            9.125,
            11,
            8.75,
            11.375
          ],
          "texture": "#0"
        }
      }
    },
    {
      "from": [
        11.75,
        12,
        9.5
      ],
      "to": [
        13.75,
        14,
        11.5
      ],
      "faces": {
        "north": {
          "uv": [
            3.25,
            11,
            3.75,
            11.5
          ],
          "texture": "#0"
        },
        "east": {
          "uv": [
            3.75,
            11,
            4.25,
            11.5
          ],
          "texture": "#0"
        },
        "south": {
          "uv": [
            4.25,
            11,
            4.75,
            11.5
          ],
          "texture": "#0"
        },
        "west": {
          "uv": [
            11,
            4.5,
            11.5,
            5
          ],
          "texture": "#0"
        },
        "up": {
          "uv": [
            5.25,
            11.5,
            4.75,
            11
          ],
          "texture": "#0"
        },
        "down": {
          "uv": [
            11.5,
            5,
            11,
            5.5
          ],
          "texture": "#0"
        }
      }
    },
    {
      "from": [
        5.01,
        8.5,
        8.25
      ],
      "to": [
        10.99,
        14.5,
        10.25
      ],
      "rotation": {
        "angle": 22.5,
        "axis": "x",
        "origin": [
          8,
          11.57926,
          9.11522
        ]
      },
      "faces": {
        "north": {
          "uv": [
            3.5,
            5.25,
            5,
            6.75
          ],
          "texture": "#0"
        },
        "east": {
          "uv": [
            10,
            3,
            9.5,
            4.5
          ],
          "texture": "#0"
        },
        "south": {
          "uv": [
            5,
            5.25,
            6.5,
            6.75
          ],
          "texture": "#0"
        },
        "west": {
          "uv": [
            9.5,
            3,
            10,
            4.5
          ],
          "texture": "#0"
        },
        "up": {
          "uv": [
            11,
            5,
            9.5,
            4.5
          ],
          "texture": "#0"
        },
        "down": {
          "uv": [
            11,
            5,
            9.5,
            5.5
          ],
          "texture": "#0"
        }
      }
    },
    {
      "from": [
        5,
        10,
        9.5
      ],
      "to": [
        11,
        14,
        13.5
      ],
      "faces": {
        "north": {
          "uv": [
            7.25,
            7.5,
            8.75,
            8.5
          ],
          "texture": "#0"
        },
        "east": {
          "uv": [
            9.5,
            4,
            8.5,
            5
          ],
          "texture": "#0"
        },
        "south": {
          "uv": [
            2.5,
            8,
            4,
            9
          ],
          "texture": "#0"
        },
        "west": {
          "uv": [
            8.5,
            4,
            9.5,
            5
          ],
          "texture": "#0"
        },
        "up": {
          "uv": [
            5.5,
            9,
            4,
            8
          ],
          "texture": "#0"
        },
        "down": {
          "uv": [
            9.5,
            5,
            8,
            6
          ],
          "texture": "#0"
        }
      }
    },
    {
      "from": [
        10,
        0.1,
        7
      ],
      "to": [
        13,
        4.6,
        13
      ],
      "faces": {
        "north": {
          "uv": [
            4.5,
            9,
            3.75,
            10.125
          ],
          "texture": "#0"
        },
        "east": {
          "uv": [
            4.75,
            6.75,
            3.25,
            7.875
          ],
          "texture": "#0"
        },
        "south": {
          "uv": [
            5.25,
            9,
            4.5,
            10.125
          ],
          "texture": "#0"
        },
        "west": {
          "uv": [
            6.5,
            5,
            8,
            6.125
          ],
          "texture": "#0"
        },
        "up": {
          "uv": [
            1.5,
            9.75,
            2.25,
            8.25
          ],
          "texture": "#0"
        },
        "down": {
          "uv": [
            8.5,
            0,
            9.25,
            1.5
          ],
          "texture": "#0"
        }
      }
    },
    {
      "from": [
        3,
        0.1,
        7
      ],
      "to": [
        6,
        4.6,
        13
      ],
      "faces": {
        "north": {
          "uv": [
            3.75,
            9,
            4.5,
            10.125
          ],
          "texture": "#0"
        },
        "east": {
          "uv": [
            6.5,
            6.25,
            8,
            7.375
          ],
          "texture": "#0"
        },
        "south": {
          "uv": [
            4.5,
            9,
            5.25,
            10.125
          ],
          "texture": "#0"
        },
        "west": {
          "uv": [
            3.25,
            6.75,
            4.75,
            7.875
          ],
          "texture": "#0"
        },
        "up": {
          "uv": [
            2.25,
            9.75,
            1.5,
            8.25
          ],
          "texture": "#0"
        },
        "down": {
          "uv": [
            9.25,
            0,
            8.5,
            1.5
          ],
          "texture": "#0"
        }
      }
    },
    {
      "from": [
        4,
        0.11,
        4
      ],
      "to": [
        6,
        3.11,
        10
      ],
      "faces": {
        "north": {
          "uv": [
            10.5,
            7.5,
            11,
            8.25
          ],
          "texture": "#0"
        },
        "east": {
          "uv": [
            8.5,
            1.5,
            10,
            2.25
          ],
          "texture": "#0"
        },
        "south": {
          "uv": [
            7.75,
            10.5,
            8.25,
            11.25
          ],
          "texture": "#0"
        },
        "west": {
          "uv": [
            8.5,
            2.25,
            10,
            3
          ],
          "texture": "#0"
        },
        "up": {
          "uv": [
            10,
            7,
            9.5,
            5.5
          ],
          "texture": "#0"
        },
        "down": {
          "uv": [
            10,
            8.5,
            9.5,
            10
          ],
          "texture": "#0"
        }
      }
    },
    {
      "from": [
        3.5,
        0,
        3
      ],
      "to": [
        6.5,
        4,
        5
      ],
      "faces": {
        "north": {
          "uv": [
            0,
            9.75,
            0.75,
            10.75
          ],
          "texture": "#0"
        },
        "east": {
          "uv": [
            8.75,
            10,
            9.25,
            11
          ],
          "texture": "#0"
        },
        "south": {
          "uv": [
            9.75,
            0,
            10.5,
            1
          ],
          "texture": "#0"
        },
        "west": {
          "uv": [
            9.25,
            10,
            9.75,
            11
          ],
          "texture": "#0"
        },
        "up": {
          "uv": [
            11.25,
            8.75,
            10.5,
            8.25
          ],
          "texture": "#0"
        },
        "down": {
          "uv": [
            11.25,
            8.75,
            10.5,
            9.25
          ],
          "texture": "#0"
        }
      }
    },
    {
      "from": [
        3,
        5,
        9.5
      ],
      "to": [
        5,
        11,
        11.5
      ],
      "faces": {
        "north": {
          "uv": [
            0.75,
            9.75,
            1.25,
            11.25
          ],
          "texture": "#0"
        },
        "east": {
          "uv": [
            1.25,
            9.75,
            1.75,
            11.25
          ],
          "texture": "#0"
        },
        "south": {
          "uv": [
            1.75,
            9.75,
            2.25,
            11.25
          ],
          "texture": "#0"
        },
        "west": {
          "uv": [
            10,
            1,
            10.5,
            2.5
          ],
          "texture": "#0"
        },
        "up": {
          "uv": [
            6.25,
            11.5,
            5.75,
            11
          ],
          "texture": "#0"
        },
        "down": {
          "uv": [
            7.5,
            11,
            7,
            11.5
          ],
          "texture": "#0"
        }
      }
    },
    {
      "from": [
        2.5,
        4.6,
        9.25
      ],
      "to": [
        5,
        7.1,
        11.75
      ],
      "faces": {
        "north": {
          "uv": [
            9.75,
            10.25,
            10.375,
            10.875
          ],
          "texture": "#0"
        },
        "east": {
          "uv": [
            10.5,
            0,
            11.125,
            0.625
          ],
          "texture": "#0"
        },
        "south": {
          "uv": [
            10.5,
            0.75,
            11.125,
            1.375
          ],
          "texture": "#0"
        },
        "west": {
          "uv": [
            10.5,
            1.5,
            11.125,
            2.125
          ],
          "texture": "#0"
        },
        "up": {
          "uv": [
            11.125,
            6.125,
            10.5,
            5.5
          ],
          "texture": "#0"
        },
        "down": {
          "uv": [
            11.125,
            6.25,
            10.5,
            6.875
          ],
          "texture": "#0"
        }
      }
    }
  ],
  "gui_light": "front",
  "display": {
    "thirdperson_righthand": {
      "rotation": [
        75,
        45,
        0
      ],
      "translation": [
        0,
        2.5,
        0
      ],
      "scale": [
        0.375,
        0.375,
        0.375
      ]
    },
    "thirdperson_lefthand": {
      "rotation": [
        75,
        45,
        0
      ],
      "translation": [
        0,
        2.5,
        0
      ],
      "scale": [
        0.375,
        0.375,
        0.375
      ]
    },
    "firstperson_righthand": {
      "rotation": [
        -180,
        70,
        -180
      ],
      "translation": [
        0,
        3,
        0
      ],
      "scale": [
        0.4,
        0.4,
        0.4
      ]
    },
    "firstperson_lefthand": {
      "rotation": [
        -180,
        70,
        -180
      ],
      "translation": [
        0,
        3,
        0
      ],
      "scale": [
        0.4,
        0.4,
        0.4
      ]
    },
    "ground": {
      "translation": [
        0,
        2,
        0
      ],
      "scale": [
        0.5,
        0.5,
        0.5
      ]
    },
    "gui": {
      "rotation": [
        30,
        225,
        0
      ],
      "translation": [
        0.5,
        -0.25,
        0
      ],
      "scale": [
        0.68555,
        0.68555,
        0.68555
      ]
    },
    "head": {
      "translation": [
        0,
        -30.4,
        0
      ],
      "scale": [
        1.6,
        1.6,
        1.6
      ]
    },
    "fixed": {
      "rotation": [
        -90,
        180,
        0
      ],
      "translation": [
        0,
        0,
        -15.75
      ],
      "scale": [
        2.01,
        2.01,
        2.01
      ]
    }
  }
}