{"credit":"Made with Blockbench","texture_size":[256,256],"textures":{"0":"medieval_pack:jungle_table_1x3","particle":"medieval_pack:jungle_table_1x3"},"elements":[{"from":[-14,12,-3],"to":[-9,14,19],"faces":{"north":{"uv":[1.375,5.3125,1.6875,5.4375],"texture":"#0"},"east":{"uv":[0,5.3125,1.375,5.4375],"texture":"#0"},"south":{"uv":[3.0625,5.3125,3.375,5.4375],"texture":"#0"},"west":{"uv":[1.6875,5.3125,3.0625,5.4375],"texture":"#0"},"up":{"uv":[1.6875,5.3125,1.375,3.9375],"texture":"#0"},"down":{"uv":[2,3.9375,1.6875,5.3125],"texture":"#0"}}},{"from":[25,12,-3],"to":[30,14,19],"faces":{"north":{"uv":[4.875,4.875,5.1875,5],"texture":"#0"},"east":{"uv":[3.5,4.875,4.875,5],"texture":"#0"},"south":{"uv":[6.5625,4.875,6.875,5],"texture":"#0"},"west":{"uv":[5.1875,4.875,6.5625,5],"texture":"#0"},"up":{"uv":[5.1875,4.875,4.875,3.5],"texture":"#0"},"down":{"uv":[5.5,3.5,5.1875,4.875],"texture":"#0"}}},{"from":[-9,12,14],"to":[25,14,19],"faces":{"north":{"uv":[0.3125,3.8125,2.4375,3.9375],"texture":"#0"},"east":{"uv":[0,3.8125,0.3125,3.9375],"texture":"#0"},"south":{"uv":[2.75,3.8125,4.875,3.9375],"texture":"#0"},"west":{"uv":[2.4375,3.8125,2.75,3.9375],"texture":"#0"},"up":{"uv":[2.4375,3.8125,0.3125,3.5],"texture":"#0"},"down":{"uv":[4.5625,3.5,2.4375,3.8125],"texture":"#0"}}},{"from":[-9,12,-3],"to":[25,14,2],"faces":{"north":{"uv":[3.5625,3.375,5.6875,3.5],"texture":"#0"},"east":{"uv":[3.25,3.375,3.5625,3.5],"texture":"#0"},"south":{"uv":[6,3.375,8.125,3.5],"texture":"#0"},"west":{"uv":[5.6875,3.375,6,3.5],"texture":"#0"},"up":{"uv":[5.6875,3.375,3.5625,3.0625],"texture":"#0"},"down":{"uv":[7.8125,3.0625,5.6875,3.375],"texture":"#0"}}},{"from":[-15,14,-4],"to":[30,16,1],"faces":{"north":{"uv":[0.3125,1.6875,3.3125,1.8125],"texture":"#0"},"east":{"uv":[0,1.6875,0.3125,1.8125],"texture":"#0"},"south":{"uv":[3.625,1.6875,6.625,1.8125],"texture":"#0"},"west":{"uv":[3.3125,1.6875,3.625,1.8125],"texture":"#0"},"up":{"uv":[3.3125,1.6875,0.3125,1.375],"texture":"#0"},"down":{"uv":[6.3125,1.375,3.3125,1.6875],"texture":"#0"}}},{"from":[-14,14,2],"to":[32,16,8],"faces":{"north":{"uv":[0.375,0.375,3.375,0.5],"texture":"#0"},"east":{"uv":[0,0.375,0.375,0.5],"texture":"#0"},"south":{"uv":[3.75,0.375,6.75,0.5],"texture":"#0"},"west":{"uv":[3.375,0.375,3.75,0.5],"texture":"#0"},"up":{"uv":[3.375,0.375,0.375,0],"texture":"#0"},"down":{"uv":[6.375,0,3.375,0.375],"texture":"#0"}}},{"from":[-15,14,9],"to":[31,16,14],"faces":{"north":{"uv":[0.3125,1.25,3.3125,1.375],"texture":"#0"},"east":{"uv":[0,1.25,0.3125,1.375],"texture":"#0"},"south":{"uv":[3.625,1.25,6.625,1.375],"texture":"#0"},"west":{"uv":[3.3125,1.25,3.625,1.375],"texture":"#0"},"up":{"uv":[3.3125,1.25,0.3125,0.9375],"texture":"#0"},"down":{"uv":[6.3125,0.9375,3.3125,1.25],"texture":"#0"}}},{"from":[-16,14,15],"to":[30,16,20],"faces":{"north":{"uv":[0.3125,0.8125,3.3125,0.9375],"texture":"#0"},"east":{"uv":[0,0.8125,0.3125,0.9375],"texture":"#0"},"south":{"uv":[3.625,0.8125,6.625,0.9375],"texture":"#0"},"west":{"uv":[3.3125,0.8125,3.625,0.9375],"texture":"#0"},"up":{"uv":[3.3125,0.8125,0.3125,0.5],"texture":"#0"},"down":{"uv":[6.3125,0.5,3.3125,0.8125],"texture":"#0"}}},{"from":[0,16.5,-4.5],"to":[16,16.5,20.5],"faces":{"north":{"uv":[1.5625,3.375,2.5625,3.375],"texture":"#0"},"east":{"uv":[0,3.375,1.5625,3.375],"texture":"#0"},"south":{"uv":[4.125,3.375,5.125,3.375],"texture":"#0"},"west":{"uv":[2.5625,3.375,4.125,3.375],"texture":"#0"},"up":{"uv":[2.5625,3.375,1.5625,1.8125],"texture":"#0"},"down":{"uv":[3.5625,1.8125,2.5625,3.375],"texture":"#0"}}},{"from":[0,8.5,20.5],"to":[16,16.5,20.5],"rotation":{"angle":0,"axis":"x","origin":[8,16.1,20.5]},"faces":{"north":{"uv":[3.5625,2.5625,4.5625,3.0625],"texture":"#0"},"east":{"uv":[3.5625,2.5625,3.5625,3.0625],"texture":"#0"},"south":{"uv":[4.5625,2.5625,5.5625,3.0625],"texture":"#0"},"west":{"uv":[4.5625,2.5625,4.5625,3.0625],"texture":"#0"},"up":{"uv":[4.5625,2.5625,3.5625,2.5625],"texture":"#0"},"down":{"uv":[5.5625,2.5625,4.5625,2.5625],"texture":"#0"}}},{"from":[0,8.5,-4.5],"to":[16,16.5,-4.5],"rotation":{"angle":0,"axis":"x","origin":[8,16.1,20.5]},"faces":{"north":{"uv":[3.375,5,4.375,5.5],"texture":"#0"},"east":{"uv":[3.375,5,3.375,5.5],"texture":"#0"},"south":{"uv":[4.375,5,5.375,5.5],"texture":"#0"},"west":{"uv":[4.375,5,4.375,5.5],"texture":"#0"},"up":{"uv":[4.375,5,3.375,5],"texture":"#0"},"down":{"uv":[5.375,5,4.375,5],"texture":"#0"}}},{"from":[26,0,-2],"to":[29,12,1],"faces":{"north":{"uv":[3.9375,4.125,4.125,4.875],"texture":"#0"},"east":{"uv":[3.75,4.125,3.9375,4.875],"texture":"#0"},"south":{"uv":[4.3125,4.125,4.5,4.875],"texture":"#0"},"west":{"uv":[4.125,4.125,4.3125,4.875],"texture":"#0"},"up":{"uv":[4.125,4.125,3.9375,3.9375],"texture":"#0"},"down":{"uv":[4.3125,3.9375,4.125,4.125],"texture":"#0"}}},{"from":[26,0,15],"to":[29,12,18],"faces":{"north":{"uv":[0.1875,2,0.375,2.75],"texture":"#0"},"east":{"uv":[0,2,0.1875,2.75],"texture":"#0"},"south":{"uv":[0.5625,2,0.75,2.75],"texture":"#0"},"west":{"uv":[0.375,2,0.5625,2.75],"texture":"#0"},"up":{"uv":[0.375,2,0.1875,1.8125],"texture":"#0"},"down":{"uv":[0.5625,1.8125,0.375,2],"texture":"#0"}}},{"from":[-13,0,-2],"to":[-10,12,1],"faces":{"north":{"uv":[0.1875,4.125,0.375,4.875],"texture":"#0"},"east":{"uv":[0,4.125,0.1875,4.875],"texture":"#0"},"south":{"uv":[0.5625,4.125,0.75,4.875],"texture":"#0"},"west":{"uv":[0.375,4.125,0.5625,4.875],"texture":"#0"},"up":{"uv":[0.375,4.125,0.1875,3.9375],"texture":"#0"},"down":{"uv":[0.5625,3.9375,0.375,4.125],"texture":"#0"}}},{"from":[-12,6,1],"to":[-11.99,12,15],"faces":{"north":{"uv":[2.875,4.3125,2.875,4.6875],"texture":"#0"},"east":{"uv":[2,4.3125,2.875,4.6875],"texture":"#0"},"south":{"uv":[3.75,4.3125,3.75,4.6875],"texture":"#0"},"west":{"uv":[2.875,4.3125,3.75,4.6875],"texture":"#0"},"up":{"uv":[2.875,4.3125,2.875,3.4375],"texture":"#0"},"down":{"uv":[2.875,3.4375,2.875,4.3125],"texture":"#0"}}},{"from":[28,6,1],"to":[28.01,12,15],"faces":{"north":{"uv":[2.875,3.9375,2.875,4.3125],"texture":"#0"},"east":{"uv":[2,3.9375,2.875,4.3125],"texture":"#0"},"south":{"uv":[3.75,3.9375,3.75,4.3125],"texture":"#0"},"west":{"uv":[2.875,3.9375,3.75,4.3125],"texture":"#0"},"up":{"uv":[2.875,3.9375,2.875,3.0625],"texture":"#0"},"down":{"uv":[2.875,3.0625,2.875,3.9375],"texture":"#0"}}},{"from":[-13,0,15],"to":[-10,12,18],"faces":{"north":{"uv":[0.9375,2,1.125,2.75],"texture":"#0"},"east":{"uv":[0.75,2,0.9375,2.75],"texture":"#0"},"south":{"uv":[1.3125,2,1.5,2.75],"texture":"#0"},"west":{"uv":[1.125,2,1.3125,2.75],"texture":"#0"},"up":{"uv":[1.125,2,0.9375,1.8125],"texture":"#0"},"down":{"uv":[1.3125,1.8125,1.125,2],"texture":"#0"}}},{"from":[-10,6,17],"to":[26,12,17.01],"faces":{"north":{"uv":[3.5625,2.1875,5.8125,2.5625],"texture":"#0"},"east":{"uv":[3.5625,2.1875,3.5625,2.5625],"texture":"#0"},"south":{"uv":[5.8125,2.1875,8.0625,2.5625],"texture":"#0"},"west":{"uv":[5.8125,2.1875,5.8125,2.5625],"texture":"#0"},"up":{"uv":[5.8125,2.1875,3.5625,2.1875],"texture":"#0"},"down":{"uv":[8.0625,2.1875,5.8125,2.1875],"texture":"#0"}}},{"from":[-10,6,-1],"to":[26,12,-0.99],"faces":{"north":{"uv":[3.5625,1.8125,5.8125,2.1875],"texture":"#0"},"east":{"uv":[3.5625,1.8125,3.5625,2.1875],"texture":"#0"},"south":{"uv":[5.8125,1.8125,8.0625,2.1875],"texture":"#0"},"west":{"uv":[5.8125,1.8125,5.8125,2.1875],"texture":"#0"},"up":{"uv":[5.8125,1.8125,3.5625,1.8125],"texture":"#0"},"down":{"uv":[8.0625,1.8125,5.8125,1.8125],"texture":"#0"}}}],"display":{"thirdperson_righthand":{"translation":[0,3,0],"scale":[0.5,0.5,0.5]},"thirdperson_lefthand":{"translation":[0,3,0],"scale":[0.5,0.5,0.5]},"firstperson_righthand":{"translation":[0,4,0],"scale":[0.5,0.5,0.5]},"firstperson_lefthand":{"translation":[0,4,0],"scale":[0.5,0.5,0.5]},"ground":{"translation":[0,1,0],"scale":[0.5,0.5,0.5]},"gui":{"rotation":[45,70,0],"translation":[0,1,0],"scale":[0.5,0.5,0.5]},"head":{"rotation":[0,-180,0],"translation":[0,-14.65,0],"scale":[2.2855,2.2855,2.2855]}}}