{
  "credit": "MadebyPolygonMC",
  "texture_size": [
    24,
    24
  ],
  "textures": {
    "1": "thunderboltset:hoe",
    "2": "thunderboltset:animation_4",
    "particle": "thunderboltset:hoe"
  },
  "elements": [
    {
      "from": [
        7.5,
        0,
        7.5
      ],
      "to": [
        8.5,
        1,
        8.5
      ],
      "rotation": {
        "angle": -45,
        "axis": "x",
        "origin": [
          8,
          0.5,
          8
        ]
      },
      "faces": {
        "north": {
          "uv": [
            4,
            10,
            4.66667,
            10.66667
          ],
          "texture": "#1"
        },
        "east": {
          "uv": [
            8,
            12,
            8.66667,
            12.66667
          ],
          "texture": "#1"
        },
        "south": {
          "uv": [
            8.66667,
            12,
            9.33333,
            12.66667
          ],
          "texture": "#1"
        },
        "west": {
          "uv": [
            9.33333,
            12,
            10,
            12.66667
          ],
          "texture": "#1"
        },
        "up": {
          "uv": [
            10.66667,
            12.66667,
            10,
            12
          ],
          "texture": "#1"
        },
        "down": {
          "uv": [
            11.33333,
            12,
            10.66667,
            12.66667
          ],
          "texture": "#1"
        }
      }
    },
    {
      "from": [
        7.38,
        0.74,
        7.38
      ],
      "to": [
        8.62,
        1.36,
        8.62
      ],
      "rotation": {
        "angle": 0,
        "axis": "x",
        "origin": [
          8,
          1.36,
          8
        ]
      },
      "faces": {
        "north": {
          "uv": [
            8.66667,
            12.66667,
            9.5,
            13
          ],
          "texture": "#1"
        },
        "east": {
          "uv": [
            10,
            12.66667,
            10.83333,
            13
          ],
          "texture": "#1"
        },
        "south": {
          "uv": [
            12.66667,
            10,
            13.5,
            10.33333
          ],
          "texture": "#1"
        },
        "west": {
          "uv": [
            12.66667,
            10.66667,
            13.5,
            11
          ],
          "texture": "#1"
        },
        "up": {
          "uv": [
            0.83333,
            12.16667,
            0,
            11.33333
          ],
          "texture": "#1"
        },
        "down": {
          "uv": [
            12.16667,
            0,
            11.33333,
            0.83333
          ],
          "texture": "#1"
        }
      }
    },
    {
      "from": [
        7.5,
        1.36,
        7.5
      ],
      "to": [
        8.5,
        3.36,
        8.5
      ],
      "rotation": {
        "angle": 0,
        "axis": "y",
        "origin": [
          6.88,
          -5.28,
          6.88
        ]
      },
      "faces": {
        "north": {
          "uv": [
            6,
            4,
            6.66667,
            5.33333
          ],
          "texture": "#1"
        },
        "east": {
          "uv": [
            4.66667,
            9.33333,
            5.33333,
            10.66667
          ],
          "texture": "#1"
        },
        "south": {
          "uv": [
            10.66667,
            7.33333,
            11.33333,
            8.66667
          ],
          "texture": "#1"
        },
        "west": {
          "uv": [
            8,
            10.66667,
            8.66667,
            12
          ],
          "texture": "#1"
        },
        "up": {
          "uv": [
            12,
            12.66667,
            11.33333,
            12
          ],
          "texture": "#1"
        },
        "down": {
          "uv": [
            12.66667,
            11.33333,
            12,
            12
          ],
          "texture": "#1"
        }
      }
    },
    {
      "from": [
        7.5,
        5.36,
        7.5
      ],
      "to": [
        8.5,
        7.36,
        8.5
      ],
      "rotation": {
        "angle": 0,
        "axis": "y",
        "origin": [
          6.88,
          -1.28,
          6.88
        ]
      },
      "faces": {
        "north": {
          "uv": [
            8.66667,
            10.66667,
            9.33333,
            12
          ],
          "texture": "#1"
        },
        "east": {
          "uv": [
            10.66667,
            8.66667,
            11.33333,
            10
          ],
          "texture": "#1"
        },
        "south": {
          "uv": [
            9.33333,
            10.66667,
            10,
            12
          ],
          "texture": "#1"
        },
        "west": {
          "uv": [
            10,
            10.66667,
            10.66667,
            12
          ],
          "texture": "#1"
        },
        "up": {
          "uv": [
            12.66667,
            12.66667,
            12,
            12
          ],
          "texture": "#1"
        },
        "down": {
          "uv": [
            0.66667,
            12.66667,
            0,
            13.33333
          ],
          "texture": "#1"
        }
      }
    },
    {
      "from": [
        7.6,
        3.36,
        7.6
      ],
      "to": [
        8.4,
        5.36,
        8.4
      ],
      "rotation": {
        "angle": 0,
        "axis": "y",
        "origin": [
          6.88,
          -3.28,
          6.88
        ]
      },
      "faces": {
        "north": {
          "uv": [
            2.66667,
            11.33333,
            3.16667,
            12.66667
          ],
          "texture": "#1"
        },
        "east": {
          "uv": [
            11.33333,
            2.66667,
            11.83333,
            4
          ],
          "texture": "#1"
        },
        "south": {
          "uv": [
            3.33333,
            11.33333,
            3.83333,
            12.66667
          ],
          "texture": "#1"
        },
        "west": {
          "uv": [
            4,
            11.33333,
            4.5,
            12.66667
          ],
          "texture": "#1"
        },
        "up": {
          "uv": [
            13.83333,
            1.83333,
            13.33333,
            1.33333
          ],
          "texture": "#1"
        },
        "down": {
          "uv": [
            2.5,
            13.33333,
            2,
            13.83333
          ],
          "texture": "#1"
        }
      }
    },
    {
      "from": [
        7.4,
        7,
        7
      ],
      "to": [
        8.6,
        9,
        9
      ],
      "rotation": {
        "angle": -45,
        "axis": "x",
        "origin": [
          8,
          8,
          8
        ]
      },
      "faces": {
        "north": {
          "uv": [
            6.66667,
            8.66667,
            7.5,
            10
          ],
          "texture": "#1"
        },
        "east": {
          "uv": [
            7.33333,
            2.66667,
            8.66667,
            4
          ],
          "texture": "#1"
        },
        "south": {
          "uv": [
            9.33333,
            6,
            10.16667,
            7.33333
          ],
          "texture": "#1"
        },
        "west": {
          "uv": [
            5.33333,
            7.33333,
            6.66667,
            8.66667
          ],
          "texture": "#1"
        },
        "up": {
          "uv": [
            10.16667,
            8.66667,
            9.33333,
            7.33333
          ],
          "texture": "#1"
        },
        "down": {
          "uv": [
            10.16667,
            8.66667,
            9.33333,
            10
          ],
          "texture": "#1"
        }
      }
    },
    {
      "from": [
        7.3,
        7.2,
        7.2
      ],
      "to": [
        8.7,
        8.8,
        8.8
      ],
      "rotation": {
        "angle": 45,
        "axis": "x",
        "origin": [
          8,
          8,
          8
        ]
      },
      "faces": {
        "north": {
          "uv": [
            0,
            10,
            1,
            11
          ],
          "texture": "#1"
        },
        "east": {
          "uv": [
            10,
            0,
            11,
            1
          ],
          "texture": "#1"
        },
        "south": {
          "uv": [
            1.33333,
            10,
            2.33333,
            11
          ],
          "texture": "#1"
        },
        "west": {
          "uv": [
            10,
            1.33333,
            11,
            2.33333
          ],
          "texture": "#1"
        },
        "up": {
          "uv": [
            3.66667,
            11,
            2.66667,
            10
          ],
          "texture": "#1"
        },
        "down": {
          "uv": [
            11,
            2.66667,
            10,
            3.66667
          ],
          "texture": "#1"
        }
      }
    },
    {
      "from": [
        7.22,
        14.49633,
        6.44
      ],
      "to": [
        8.78,
        15.27633,
        9.56
      ],
      "rotation": {
        "angle": 0,
        "axis": "y",
        "origin": [
          7.22,
          8.33433,
          3.866
        ]
      },
      "faces": {
        "north": {
          "uv": [
            6.66667,
            11.33333,
            7.66667,
            11.83333
          ],
          "texture": "#1"
        },
        "east": {
          "uv": [
            6.66667,
            10,
            8.66667,
            10.5
          ],
          "texture": "#1"
        },
        "south": {
          "uv": [
            10.66667,
            11.33333,
            11.66667,
            11.83333
          ],
          "texture": "#1"
        },
        "west": {
          "uv": [
            8.66667,
            10,
            10.66667,
            10.5
          ],
          "texture": "#1"
        },
        "up": {
          "uv": [
            6.33333,
            7.33333,
            5.33333,
            5.33333
          ],
          "texture": "#1"
        },
        "down": {
          "uv": [
            7,
            0,
            6,
            2
          ],
          "texture": "#1"
        }
      }
    },
    {
      "from": [
        7.22,
        15.06363,
        3.89299
      ],
      "to": [
        8.78,
        15.84363,
        6.70799
      ],
      "rotation": {
        "angle": 22.5,
        "axis": "x",
        "origin": [
          8,
          15.45363,
          5.14799
        ]
      },
      "faces": {
        "north": {
          "uv": [
            12,
            2.66667,
            13,
            3.16667
          ],
          "texture": "#1"
        },
        "east": {
          "uv": [
            10.66667,
            6,
            12.5,
            6.5
          ],
          "texture": "#1"
        },
        "south": {
          "uv": [
            12,
            3.33333,
            13,
            3.83333
          ],
          "texture": "#1"
        },
        "west": {
          "uv": [
            10.66667,
            6.66667,
            12.5,
            7.16667
          ],
          "texture": "#1"
        },
        "up": {
          "uv": [
            3.66667,
            9.16667,
            2.66667,
            7.33333
          ],
          "texture": "#1"
        },
        "down": {
          "uv": [
            5,
            7.33333,
            4,
            9.16667
          ],
          "texture": "#1"
        }
      }
    },
    {
      "from": [
        7.22,
        16.35237,
        3.71401
      ],
      "to": [
        8.78,
        17.13237,
        6.11101
      ],
      "rotation": {
        "angle": 22.5,
        "axis": "x",
        "origin": [
          8,
          15.18237,
          4.55101
        ]
      },
      "faces": {
        "north": {
          "uv": [
            12,
            4,
            13,
            4.5
          ],
          "texture": "#1"
        },
        "east": {
          "uv": [
            10.66667,
            10,
            12.33333,
            10.5
          ],
          "texture": "#1"
        },
        "south": {
          "uv": [
            12,
            4.66667,
            13,
            5.16667
          ],
          "texture": "#1"
        },
        "west": {
          "uv": [
            10.66667,
            10.66667,
            12.33333,
            11.16667
          ],
          "texture": "#1"
        },
        "up": {
          "uv": [
            9,
            5.66667,
            8,
            4
          ],
          "texture": "#1"
        },
        "down": {
          "uv": [
            9,
            6,
            8,
            7.66667
          ],
          "texture": "#1"
        }
      }
    },
    {
      "from": [
        7.22,
        15.66633,
        6.44
      ],
      "to": [
        8.78,
        16.44633,
        9.56
      ],
      "rotation": {
        "angle": 0,
        "axis": "y",
        "origin": [
          7.22,
          8.33433,
          3.866
        ]
      },
      "faces": {
        "north": {
          "uv": [
            12,
            5.33333,
            13,
            5.83333
          ],
          "texture": "#1"
        },
        "east": {
          "uv": [
            4,
            10.66667,
            6,
            11.16667
          ],
          "texture": "#1"
        },
        "south": {
          "uv": [
            6.66667,
            12,
            7.66667,
            12.5
          ],
          "texture": "#1"
        },
        "west": {
          "uv": [
            6,
            10.66667,
            8,
            11.16667
          ],
          "texture": "#1"
        },
        "up": {
          "uv": [
            7,
            4,
            6,
            2
          ],
          "texture": "#1"
        },
        "down": {
          "uv": [
            7.66667,
            4,
            6.66667,
            6
          ],
          "texture": "#1"
        }
      }
    },
    {
      "from": [
        7.376,
        15.27633,
        6.596
      ],
      "to": [
        8.624,
        15.66633,
        9.404
      ],
      "rotation": {
        "angle": 0,
        "axis": "y",
        "origin": [
          7.22,
          8.33433,
          3.866
        ]
      },
      "faces": {
        "north": {
          "uv": [
            11.33333,
            12.66667,
            12.16667,
            13
          ],
          "texture": "#1"
        },
        "east": {
          "uv": [
            11.33333,
            7.33333,
            13.16667,
            7.66667
          ],
          "texture": "#1"
        },
        "south": {
          "uv": [
            12.66667,
            11.33333,
            13.5,
            11.66667
          ],
          "texture": "#1"
        },
        "west": {
          "uv": [
            11.33333,
            8,
            13.16667,
            8.33333
          ],
          "texture": "#1"
        },
        "up": {
          "uv": [
            8.83333,
            9.83333,
            8,
            8
          ],
          "texture": "#1"
        },
        "down": {
          "uv": [
            9.5,
            0,
            8.66667,
            1.83333
          ],
          "texture": "#1"
        }
      }
    },
    {
      "from": [
        7.376,
        15.79877,
        4.2215
      ],
      "to": [
        8.624,
        16.18877,
        6.7775
      ],
      "rotation": {
        "angle": 22.5,
        "axis": "x",
        "origin": [
          8,
          15.99377,
          5.3735
        ]
      },
      "faces": {
        "north": {
          "uv": [
            12.66667,
            12,
            13.5,
            12.33333
          ],
          "texture": "#1"
        },
        "east": {
          "uv": [
            11.33333,
            8.66667,
            13,
            9
          ],
          "texture": "#1"
        },
        "south": {
          "uv": [
            12.66667,
            12.66667,
            13.5,
            13
          ],
          "texture": "#1"
        },
        "west": {
          "uv": [
            11.33333,
            9.33333,
            13,
            9.66667
          ],
          "texture": "#1"
        },
        "up": {
          "uv": [
            9.5,
            3.66667,
            8.66667,
            2
          ],
          "texture": "#1"
        },
        "down": {
          "uv": [
            6.16667,
            8.66667,
            5.33333,
            10.33333
          ],
          "texture": "#1"
        }
      }
    },
    {
      "from": [
        7.7325,
        13.65771,
        7.01309
      ],
      "to": [
        8.2675,
        14.97771,
        7.67309
      ],
      "rotation": {
        "angle": -22.5,
        "axis": "x",
        "origin": [
          7.8375,
          12.9453,
          7.6
        ]
      },
      "faces": {
        "north": {
          "uv": [
            0,
            13.33333,
            0.33333,
            14.16667
          ],
          "texture": "#1"
        },
        "east": {
          "uv": [
            3.33333,
            12.66667,
            3.83333,
            13.5
          ],
          "texture": "#1"
        },
        "south": {
          "uv": [
            13.33333,
            0,
            13.66667,
            0.83333
          ],
          "texture": "#1"
        },
        "west": {
          "uv": [
            4,
            12.66667,
            4.5,
            13.5
          ],
          "texture": "#1"
        },
        "up": {
          "uv": [
            13.66667,
            5.83333,
            13.33333,
            5.33333
          ],
          "texture": "#1"
        },
        "down": {
          "uv": [
            6.33333,
            13.33333,
            6,
            13.83333
          ],
          "texture": "#1"
        }
      }
    },
    {
      "from": [
        7.7325,
        11.16121,
        6.99308
      ],
      "to": [
        8.2675,
        12.28121,
        7.65308
      ],
      "rotation": {
        "angle": 22.5,
        "axis": "x",
        "origin": [
          7.8375,
          12.9453,
          7.6
        ]
      },
      "faces": {
        "north": {
          "uv": [
            13.33333,
            2.66667,
            13.66667,
            3.33333
          ],
          "texture": "#1"
        },
        "east": {
          "uv": [
            7.33333,
            12.66667,
            7.83333,
            13.33333
          ],
          "texture": "#1"
        },
        "south": {
          "uv": [
            13.33333,
            3.33333,
            13.66667,
            4
          ],
          "texture": "#1"
        },
        "west": {
          "uv": [
            8,
            12.66667,
            8.5,
            13.33333
          ],
          "texture": "#1"
        },
        "up": {
          "uv": [
            13.66667,
            6.5,
            13.33333,
            6
          ],
          "texture": "#1"
        },
        "down": {
          "uv": [
            13.66667,
            6.66667,
            13.33333,
            7.16667
          ],
          "texture": "#1"
        }
      }
    },
    {
      "from": [
        7.7325,
        11.16007,
        6.33882
      ],
      "to": [
        8.2675,
        11.83507,
        6.99882
      ],
      "rotation": {
        "angle": 22.5,
        "axis": "x",
        "origin": [
          7.8375,
          12.95915,
          7.60574
        ]
      },
      "faces": {
        "north": {
          "uv": [
            7.33333,
            13.33333,
            7.66667,
            13.83333
          ],
          "texture": "#1"
        },
        "east": {
          "uv": [
            13.33333,
            2,
            13.83333,
            2.5
          ],
          "texture": "#1"
        },
        "south": {
          "uv": [
            13.33333,
            7.33333,
            13.66667,
            7.83333
          ],
          "texture": "#1"
        },
        "west": {
          "uv": [
            2.66667,
            13.33333,
            3.16667,
            13.83333
          ],
          "texture": "#1"
        },
        "up": {
          "uv": [
            8.33333,
            13.83333,
            8,
            13.33333
          ],
          "texture": "#1"
        },
        "down": {
          "uv": [
            13.66667,
            8,
            13.33333,
            8.5
          ],
          "texture": "#1"
        }
      }
    },
    {
      "from": [
        7.7325,
        12.31145,
        6.7349
      ],
      "to": [
        8.2675,
        13.63145,
        7.3949
      ],
      "rotation": {
        "angle": 0,
        "axis": "x",
        "origin": [
          7.8375,
          12.9453,
          7.6
        ]
      },
      "faces": {
        "north": {
          "uv": [
            0.66667,
            13.33333,
            1,
            14.16667
          ],
          "texture": "#1"
        },
        "east": {
          "uv": [
            12.66667,
            6,
            13.16667,
            6.83333
          ],
          "texture": "#1"
        },
        "south": {
          "uv": [
            1.33333,
            13.33333,
            1.66667,
            14.16667
          ],
          "texture": "#1"
        },
        "west": {
          "uv": [
            6.66667,
            12.66667,
            7.16667,
            13.5
          ],
          "texture": "#1"
        },
        "up": {
          "uv": [
            9,
            13.83333,
            8.66667,
            13.33333
          ],
          "texture": "#1"
        },
        "down": {
          "uv": [
            13.66667,
            8.66667,
            13.33333,
            9.16667
          ],
          "texture": "#1"
        }
      }
    },
    {
      "from": [
        7.5,
        8.9,
        7.5
      ],
      "to": [
        8.5,
        9.9,
        8.5
      ],
      "rotation": {
        "angle": 0,
        "axis": "y",
        "origin": [
          7.5,
          7,
          7.5
        ]
      },
      "faces": {
        "north": {
          "uv": [
            12.66667,
            0,
            13.33333,
            0.66667
          ],
          "texture": "#1"
        },
        "east": {
          "uv": [
            0.66667,
            12.66667,
            1.33333,
            13.33333
          ],
          "texture": "#1"
        },
        "south": {
          "uv": [
            12.66667,
            0.66667,
            13.33333,
            1.33333
          ],
          "texture": "#1"
        },
        "west": {
          "uv": [
            1.33333,
            12.66667,
            2,
            13.33333
          ],
          "texture": "#1"
        },
        "up": {
          "uv": [
            0,
            0,
            0,
            0
          ],
          "texture": "#1"
        },
        "down": {
          "uv": [
            0,
            0,
            0,
            0
          ],
          "texture": "#1"
        }
      }
    },
    {
      "from": [
        7.5,
        13.5,
        7.5
      ],
      "to": [
        8.5,
        14.5,
        8.5
      ],
      "rotation": {
        "angle": 0,
        "axis": "y",
        "origin": [
          7.5,
          7,
          7.5
        ]
      },
      "faces": {
        "north": {
          "uv": [
            12.66667,
            1.33333,
            13.33333,
            2
          ],
          "texture": "#1"
        },
        "east": {
          "uv": [
            2,
            12.66667,
            2.66667,
            13.33333
          ],
          "texture": "#1"
        },
        "south": {
          "uv": [
            12.66667,
            2,
            13.33333,
            2.66667
          ],
          "texture": "#1"
        },
        "west": {
          "uv": [
            2.66667,
            12.66667,
            3.33333,
            13.33333
          ],
          "texture": "#1"
        },
        "up": {
          "uv": [
            0,
            0,
            0,
            0
          ],
          "texture": "#1"
        },
        "down": {
          "uv": [
            0,
            0,
            0,
            0
          ],
          "texture": "#1"
        }
      }
    },
    {
      "from": [
        7.4,
        9.9,
        7.4
      ],
      "to": [
        8.6,
        13.5,
        8.6
      ],
      "rotation": {
        "angle": 0,
        "axis": "y",
        "origin": [
          7.5,
          7,
          7.5
        ]
      },
      "faces": {
        "north": {
          "uv": [
            6.66667,
            6,
            7.5,
            8.33333
          ],
          "texture": "#1"
        },
        "east": {
          "uv": [
            0,
            7.33333,
            0.83333,
            9.66667
          ],
          "texture": "#1"
        },
        "south": {
          "uv": [
            7.33333,
            0,
            8.16667,
            2.33333
          ],
          "texture": "#1"
        },
        "west": {
          "uv": [
            1.33333,
            7.33333,
            2.16667,
            9.66667
          ],
          "texture": "#1"
        },
        "up": {
          "uv": [
            2.16667,
            12.16667,
            1.33333,
            11.33333
          ],
          "texture": "#1"
        },
        "down": {
          "uv": [
            12.16667,
            1.33333,
            11.33333,
            2.16667
          ],
          "texture": "#1"
        }
      }
    },
    {
      "from": [
        7.75,
        15.82426,
        1.40537
      ],
      "to": [
        8.25,
        16.82426,
        4.40537
      ],
      "rotation": {
        "angle": 0,
        "axis": "x",
        "origin": [
          8,
          16.62426,
          3.30537
        ]
      },
      "faces": {
        "north": {
          "uv": [
            13.33333,
            4,
            13.66667,
            4.66667
          ],
          "texture": "#1"
        },
        "east": {
          "uv": [
            2.66667,
            9.33333,
            4.66667,
            10
          ],
          "texture": "#1"
        },
        "south": {
          "uv": [
            4.66667,
            13.33333,
            5,
            14
          ],
          "texture": "#1"
        },
        "west": {
          "uv": [
            9.33333,
            4,
            11.33333,
            4.66667
          ],
          "texture": "#1"
        },
        "up": {
          "uv": [
            11.66667,
            6,
            11.33333,
            4
          ],
          "texture": "#1"
        },
        "down": {
          "uv": [
            5,
            11.33333,
            4.66667,
            13.33333
          ],
          "texture": "#1"
        }
      }
    },
    {
      "from": [
        7.22,
        15.06363,
        9.29201
      ],
      "to": [
        8.78,
        15.84363,
        12.10701
      ],
      "rotation": {
        "angle": -22.5,
        "axis": "x",
        "origin": [
          8,
          15.45363,
          10.85201
        ]
      },
      "faces": {
        "north": {
          "uv": [
            13,
            3.33333,
            12,
            3.83333
          ],
          "texture": "#1"
        },
        "east": {
          "uv": [
            12.5,
            6,
            10.66667,
            6.5
          ],
          "texture": "#1"
        },
        "south": {
          "uv": [
            13,
            2.66667,
            12,
            3.16667
          ],
          "texture": "#1"
        },
        "west": {
          "uv": [
            12.5,
            6.66667,
            10.66667,
            7.16667
          ],
          "texture": "#1"
        },
        "up": {
          "uv": [
            3.66667,
            7.33333,
            2.66667,
            9.16667
          ],
          "texture": "#1"
        },
        "down": {
          "uv": [
            5,
            9.16667,
            4,
            7.33333
          ],
          "texture": "#1"
        }
      }
    },
    {
      "from": [
        7.376,
        15.79877,
        9.2225
      ],
      "to": [
        8.624,
        16.18877,
        11.7785
      ],
      "rotation": {
        "angle": -22.5,
        "axis": "x",
        "origin": [
          8,
          15.99377,
          10.6265
        ]
      },
      "faces": {
        "north": {
          "uv": [
            13.5,
            12.66667,
            12.66667,
            13
          ],
          "texture": "#1"
        },
        "east": {
          "uv": [
            13,
            8.66667,
            11.33333,
            9
          ],
          "texture": "#1"
        },
        "south": {
          "uv": [
            13.5,
            12,
            12.66667,
            12.33333
          ],
          "texture": "#1"
        },
        "west": {
          "uv": [
            13,
            9.33333,
            11.33333,
            9.66667
          ],
          "texture": "#1"
        },
        "up": {
          "uv": [
            9.5,
            2,
            8.66667,
            3.66667
          ],
          "texture": "#1"
        },
        "down": {
          "uv": [
            6.16667,
            10.33333,
            5.33333,
            8.66667
          ],
          "texture": "#1"
        }
      }
    },
    {
      "from": [
        7.22,
        16.35237,
        9.88899
      ],
      "to": [
        8.78,
        17.13237,
        12.28599
      ],
      "rotation": {
        "angle": -22.5,
        "axis": "x",
        "origin": [
          8,
          15.18237,
          11.44899
        ]
      },
      "faces": {
        "north": {
          "uv": [
            13,
            4.66667,
            12,
            5.16667
          ],
          "texture": "#1"
        },
        "east": {
          "uv": [
            12.33333,
            10,
            10.66667,
            10.5
          ],
          "texture": "#1"
        },
        "south": {
          "uv": [
            13,
            4,
            12,
            4.5
          ],
          "texture": "#1"
        },
        "west": {
          "uv": [
            12.33333,
            10.66667,
            10.66667,
            11.16667
          ],
          "texture": "#1"
        },
        "up": {
          "uv": [
            9,
            4,
            8,
            5.66667
          ],
          "texture": "#1"
        },
        "down": {
          "uv": [
            9,
            7.66667,
            8,
            6
          ],
          "texture": "#1"
        }
      }
    },
    {
      "from": [
        7.75,
        15.82426,
        11.59463
      ],
      "to": [
        8.25,
        16.82426,
        14.59463
      ],
      "rotation": {
        "angle": 0,
        "axis": "x",
        "origin": [
          8,
          16.62426,
          12.69463
        ]
      },
      "faces": {
        "north": {
          "uv": [
            5,
            13.33333,
            4.66667,
            14
          ],
          "texture": "#1"
        },
        "east": {
          "uv": [
            4.66667,
            9.33333,
            2.66667,
            10
          ],
          "texture": "#1"
        },
        "south": {
          "uv": [
            13.66667,
            4,
            13.33333,
            4.66667
          ],
          "texture": "#1"
        },
        "west": {
          "uv": [
            11.33333,
            4,
            9.33333,
            4.66667
          ],
          "texture": "#1"
        },
        "up": {
          "uv": [
            11.66667,
            4,
            11.33333,
            6
          ],
          "texture": "#1"
        },
        "down": {
          "uv": [
            5,
            13.33333,
            4.66667,
            11.33333
          ],
          "texture": "#1"
        }
      }
    },
    {
      "from": [
        7.7325,
        13.65771,
        8.32691
      ],
      "to": [
        8.2675,
        14.97771,
        8.98691
      ],
      "rotation": {
        "angle": 22.5,
        "axis": "x",
        "origin": [
          7.8375,
          12.9453,
          8.4
        ]
      },
      "faces": {
        "north": {
          "uv": [
            13.66667,
            0,
            13.33333,
            0.83333
          ],
          "texture": "#1"
        },
        "east": {
          "uv": [
            3.83333,
            12.66667,
            3.33333,
            13.5
          ],
          "texture": "#1"
        },
        "south": {
          "uv": [
            0.33333,
            13.33333,
            0,
            14.16667
          ],
          "texture": "#1"
        },
        "west": {
          "uv": [
            4.5,
            12.66667,
            4,
            13.5
          ],
          "texture": "#1"
        },
        "up": {
          "uv": [
            13.66667,
            5.33333,
            13.33333,
            5.83333
          ],
          "texture": "#1"
        },
        "down": {
          "uv": [
            6.33333,
            13.83333,
            6,
            13.33333
          ],
          "texture": "#1"
        }
      }
    },
    {
      "from": [
        7.7325,
        12.31145,
        8.6051
      ],
      "to": [
        8.2675,
        13.63145,
        9.2651
      ],
      "rotation": {
        "angle": 0,
        "axis": "x",
        "origin": [
          7.8375,
          12.9453,
          8.4
        ]
      },
      "faces": {
        "north": {
          "uv": [
            1.66667,
            13.33333,
            1.33333,
            14.16667
          ],
          "texture": "#1"
        },
        "east": {
          "uv": [
            13.16667,
            6,
            12.66667,
            6.83333
          ],
          "texture": "#1"
        },
        "south": {
          "uv": [
            1,
            13.33333,
            0.66667,
            14.16667
          ],
          "texture": "#1"
        },
        "west": {
          "uv": [
            7.16667,
            12.66667,
            6.66667,
            13.5
          ],
          "texture": "#1"
        },
        "up": {
          "uv": [
            9,
            13.33333,
            8.66667,
            13.83333
          ],
          "texture": "#1"
        },
        "down": {
          "uv": [
            13.66667,
            9.16667,
            13.33333,
            8.66667
          ],
          "texture": "#1"
        }
      }
    },
    {
      "from": [
        7.7325,
        11.16121,
        8.34692
      ],
      "to": [
        8.2675,
        12.28121,
        9.00692
      ],
      "rotation": {
        "angle": -22.5,
        "axis": "x",
        "origin": [
          7.8375,
          12.9453,
          8.4
        ]
      },
      "faces": {
        "north": {
          "uv": [
            13.66667,
            3.33333,
            13.33333,
            4
          ],
          "texture": "#1"
        },
        "east": {
          "uv": [
            7.83333,
            12.66667,
            7.33333,
            13.33333
          ],
          "texture": "#1"
        },
        "south": {
          "uv": [
            13.66667,
            2.66667,
            13.33333,
            3.33333
          ],
          "texture": "#1"
        },
        "west": {
          "uv": [
            8.5,
            12.66667,
            8,
            13.33333
          ],
          "texture": "#1"
        },
        "up": {
          "uv": [
            13.66667,
            6,
            13.33333,
            6.5
          ],
          "texture": "#1"
        },
        "down": {
          "uv": [
            13.66667,
            7.16667,
            13.33333,
            6.66667
          ],
          "texture": "#1"
        }
      }
    },
    {
      "from": [
        7.7325,
        11.16007,
        9.00118
      ],
      "to": [
        8.2675,
        11.83507,
        9.66118
      ],
      "rotation": {
        "angle": -22.5,
        "axis": "x",
        "origin": [
          7.8375,
          12.95915,
          8.39426
        ]
      },
      "faces": {
        "north": {
          "uv": [
            13.66667,
            7.33333,
            13.33333,
            7.83333
          ],
          "texture": "#1"
        },
        "east": {
          "uv": [
            13.83333,
            2,
            13.33333,
            2.5
          ],
          "texture": "#1"
        },
        "south": {
          "uv": [
            7.66667,
            13.33333,
            7.33333,
            13.83333
          ],
          "texture": "#1"
        },
        "west": {
          "uv": [
            3.16667,
            13.33333,
            2.66667,
            13.83333
          ],
          "texture": "#1"
        },
        "up": {
          "uv": [
            8.33333,
            13.33333,
            8,
            13.83333
          ],
          "texture": "#1"
        },
        "down": {
          "uv": [
            13.66667,
            8.5,
            13.33333,
            8
          ],
          "texture": "#1"
        }
      }
    },
    {
      "from": [
        7.76,
        14.91005,
        -0.80174
      ],
      "to": [
        8.24,
        15.91005,
        2.19826
      ],
      "rotation": {
        "angle": -45,
        "axis": "x",
        "origin": [
          8.01,
          15.41005,
          0.69826
        ]
      },
      "faces": {
        "north": {
          "uv": [
            13.33333,
            4.66667,
            13.66667,
            5.33333
          ],
          "texture": "#1"
        },
        "east": {
          "uv": [
            9.33333,
            4.66667,
            11.33333,
            5.33333
          ],
          "texture": "#1"
        },
        "south": {
          "uv": [
            5.33333,
            13.33333,
            5.66667,
            14
          ],
          "texture": "#1"
        },
        "west": {
          "uv": [
            9.33333,
            5.33333,
            11.33333,
            6
          ],
          "texture": "#1"
        },
        "up": {
          "uv": [
            5.66667,
            13.33333,
            5.33333,
            11.33333
          ],
          "texture": "#1"
        },
        "down": {
          "uv": [
            6.33333,
            11.33333,
            6,
            13.33333
          ],
          "texture": "#1"
        }
      }
    },
    {
      "from": [
        8,
        11.925,
        -3
      ],
      "to": [
        8,
        15.925,
        6
      ],
      "rotation": {
        "angle": -22.5,
        "axis": "x",
        "origin": [
          8,
          14.425,
          1
        ]
      },
      "faces": {
        "north": {
          "uv": [
            0,
            0,
            0,
            2.66667
          ],
          "texture": "#1"
        },
        "east": {
          "uv": [
            0,
            0,
            6,
            2.66667
          ],
          "texture": "#1"
        },
        "south": {
          "uv": [
            0,
            0,
            0,
            2.66667
          ],
          "texture": "#1"
        },
        "west": {
          "uv": [
            0,
            2.66667,
            6,
            5.33333
          ],
          "texture": "#1"
        },
        "up": {
          "uv": [
            0,
            6,
            0,
            0
          ],
          "texture": "#1"
        },
        "down": {
          "uv": [
            0,
            0,
            0,
            6
          ],
          "texture": "#1"
        }
      }
    },
    {
      "from": [
        8,
        13.825,
        9.2
      ],
      "to": [
        8,
        16.825,
        17.2
      ],
      "rotation": {
        "angle": 0,
        "axis": "y",
        "origin": [
          8,
          0,
          0
        ]
      },
      "faces": {
        "north": {
          "uv": [
            0,
            0,
            0,
            2
          ],
          "texture": "#1"
        },
        "east": {
          "uv": [
            5.33333,
            5.33333,
            0,
            7.33333
          ],
          "texture": "#1"
        },
        "south": {
          "uv": [
            0,
            0,
            0,
            2
          ],
          "texture": "#1"
        },
        "west": {
          "uv": [
            0,
            5.33333,
            5.33333,
            7.33333
          ],
          "texture": "#1"
        },
        "up": {
          "uv": [
            0,
            5.33333,
            0,
            0
          ],
          "texture": "#1"
        },
        "down": {
          "uv": [
            0,
            0,
            0,
            5.33333
          ],
          "texture": "#1"
        }
      }
    },
    {
      "from": [
        7.1,
        12.01332,
        -1.65059
      ],
      "to": [
        7.1,
        16.01332,
        9.34941
      ],
      "rotation": {
        "angle": -22.5,
        "axis": "x",
        "origin": [
          7.1,
          12.01332,
          1.34941
        ]
      },
      "faces": {
        "north": {
          "uv": [
            0,
            0,
            0,
            5.33333
          ],
          "texture": "#2"
        },
        "south": {
          "uv": [
            0,
            0,
            0,
            5.33333
          ],
          "texture": "#2"
        },
        "west": {
          "uv": [
            0,
            0,
            14.66667,
            5.33333
          ],
          "texture": "#2"
        },
        "up": {
          "uv": [
            0,
            14.66667,
            0,
            0
          ],
          "texture": "#2"
        },
        "down": {
          "uv": [
            0,
            0,
            0,
            14.66667
          ],
          "texture": "#2"
        }
      }
    },
    {
      "from": [
        7.1,
        14.3,
        9.9
      ],
      "to": [
        7.1,
        17.3,
        16.9
      ],
      "rotation": {
        "angle": -22.5,
        "axis": "x",
        "origin": [
          7.1,
          15.8,
          13.4
        ]
      },
      "faces": {
        "north": {
          "uv": [
            0,
            0,
            0,
            4
          ],
          "texture": "#2"
        },
        "south": {
          "uv": [
            0,
            0,
            0,
            4
          ],
          "texture": "#2"
        },
        "west": {
          "uv": [
            0,
            5.33333,
            9.33333,
            9.33333
          ],
          "texture": "#2"
        },
        "up": {
          "uv": [
            0,
            9.33333,
            0,
            0
          ],
          "texture": "#2"
        },
        "down": {
          "uv": [
            0,
            0,
            0,
            9.33333
          ],
          "texture": "#2"
        }
      }
    },
    {
      "from": [
        8.9,
        12.01332,
        -1.65059
      ],
      "to": [
        8.9,
        16.01332,
        9.34941
      ],
      "rotation": {
        "angle": -22.5,
        "axis": "x",
        "origin": [
          8.9,
          12.01332,
          1.34941
        ]
      },
      "faces": {
        "north": {
          "uv": [
            0,
            0,
            0,
            5.33333
          ],
          "texture": "#2"
        },
        "east": {
          "uv": [
            14.66667,
            0,
            0,
            5.33333
          ],
          "texture": "#2"
        },
        "south": {
          "uv": [
            0,
            0,
            0,
            5.33333
          ],
          "texture": "#2"
        },
        "up": {
          "uv": [
            0,
            14.66667,
            0,
            0
          ],
          "texture": "#2"
        },
        "down": {
          "uv": [
            0,
            0,
            0,
            14.66667
          ],
          "texture": "#2"
        }
      }
    },
    {
      "from": [
        8.9,
        14.3,
        9.9
      ],
      "to": [
        8.9,
        17.3,
        16.9
      ],
      "rotation": {
        "angle": -22.5,
        "axis": "x",
        "origin": [
          8.9,
          15.8,
          13.4
        ]
      },
      "faces": {
        "north": {
          "uv": [
            0,
            0,
            0,
            4
          ],
          "texture": "#2"
        },
        "east": {
          "uv": [
            9.33333,
            5.33333,
            0,
            9.33333
          ],
          "texture": "#2"
        },
        "south": {
          "uv": [
            0,
            0,
            0,
            4
          ],
          "texture": "#2"
        },
        "up": {
          "uv": [
            0,
            9.33333,
            0,
            0
          ],
          "texture": "#2"
        },
        "down": {
          "uv": [
            0,
            0,
            0,
            9.33333
          ],
          "texture": "#2"
        }
      }
    }
  ],
  "gui_light": "front",
  "display": {
    "thirdperson_righthand": {
      "translation": [
        0,
        1.5,
        1.25
      ]
    },
    "thirdperson_lefthand": {
      "translation": [
        0,
        1.5,
        1.25
      ]
    },
    "firstperson_righthand": {
      "rotation": [
        -10,
        0,
        0
      ],
      "translation": [
        -0.25,
        3,
        1.5
      ]
    },
    "firstperson_lefthand": {
      "rotation": [
        -10,
        0,
        0
      ],
      "translation": [
        -0.25,
        3,
        1.5
      ]
    },
    "ground": {
      "translation": [
        0,
        10.25,
        0
      ]
    },
    "gui": {
      "rotation": [
        90,
        -135,
        90
      ],
      "translation": [
        -2.25,
        -2.75,
        0
      ],
      "scale": [
        0.94726,
        0.94726,
        0.94726
      ]
    },
    "head": {
      "rotation": [
        0,
        90,
        0
      ],
      "scale": [
        1.5,
        1.5,
        1.5
      ]
    },
    "fixed": {
      "rotation": [
        0,
        -90,
        0
      ],
      "translation": [
        0,
        -2.25,
        -1.5
      ],
      "scale": [
        2,
        2,
        2
      ]
    }
  }
}