{"credit":"MadewithBlockbench","ambientocclusion":false,"texture_size":[64,64],"textures":{"1":"elitecreatures:exotic_garden_decoration_v1/pot_1"},"elements":[{"from":[4,0,4],"to":[12,6,12],"rotation":{"angle":0,"axis":"y","origin":[8,-13,8]},"faces":{"north":{"uv":[9.5,14.5,7.5,16],"texture":"#1"},"east":{"uv":[9.5,14.5,7.5,16],"texture":"#1"},"south":{"uv":[9.5,14.5,7.5,16],"texture":"#1"},"west":{"uv":[9.5,14.5,7.5,16],"texture":"#1"},"up":{"uv":[9.5,12.5,7.5,14.5],"texture":"#1"},"down":{"uv":[11,6.5,10.5,7],"texture":"#1"}}},{"from":[5,6,5],"to":[11,7,11],"rotation":{"angle":0,"axis":"y","origin":[8,-13,8]},"faces":{"north":{"uv":[9.5,12.25,8,12.5],"texture":"#1"},"east":{"uv":[9.5,12.25,8,12.5],"texture":"#1"},"south":{"uv":[9.5,12.25,8,12.5],"texture":"#1"},"west":{"uv":[9.5,12.25,8,12.5],"texture":"#1"},"up":{"uv":[9.25,12.75,7.75,14.25],"texture":"#1"}}},{"from":[7,7,7],"to":[9,8,9],"rotation":{"angle":0,"axis":"y","origin":[8,-13,8]},"faces":{"north":{"uv":[8,12.25,7.5,12.5],"texture":"#1"},"east":{"uv":[8,12.25,7.5,12.5],"texture":"#1"},"south":{"uv":[8,12.25,7.5,12.5],"texture":"#1"},"west":{"uv":[8,12.25,7.5,12.5],"texture":"#1"},"up":{"uv":[8,11.75,7.5,12.25],"texture":"#1"}}},{"from":[7.5,8,7.5],"to":[8.5,10,8.5],"rotation":{"angle":0,"axis":"y","origin":[8,-13,8]},"faces":{"north":{"uv":[10.75,5.25,10.5,5.75],"texture":"#1"},"east":{"uv":[10.75,5.25,10.5,5.75],"texture":"#1"},"south":{"uv":[10.75,5.25,10.5,5.75],"texture":"#1"},"west":{"uv":[10.75,5.25,10.5,5.75],"texture":"#1"}}},{"from":[7.5,10,7.5],"to":[8.5,13,8.5],"rotation":{"angle":-22.5,"axis":"z","origin":[7.5,10,8]},"faces":{"north":{"uv":[11,5.25,10.75,6],"texture":"#1"},"east":{"uv":[11,5.25,10.75,6],"texture":"#1"},"south":{"uv":[11,5.25,10.75,6],"texture":"#1"},"west":{"uv":[11,5.25,10.75,6],"texture":"#1"},"up":{"uv":[11.25,5.25,11,5.5],"texture":"#1"}}},{"from":[13.92411,4.62686,4],"to":[13.92411,9.62686,12],"rotation":{"angle":-45,"axis":"z","origin":[13.9,4.65,8]},"faces":{"north":{"uv":[15,0,11,0.5],"texture":"#1"},"east":{"uv":[11,9.5,13,10.75],"texture":"#1"},"south":{"uv":[15,0,11,0.5],"texture":"#1"},"west":{"uv":[13,9.5,11,10.75],"texture":"#1"},"up":{"uv":[7,4,11,0],"texture":"#1"},"down":{"uv":[6.5,4,10.5,8],"texture":"#1"}}},{"from":[12,0,4],"to":[12,5,12],"rotation":{"angle":-22.5,"axis":"z","origin":[12,0,8]},"faces":{"north":{"uv":[15,0,11,0.5],"texture":"#1"},"east":{"uv":[11,10.75,13,12],"texture":"#1"},"south":{"uv":[15,0,11,0.5],"texture":"#1"},"west":{"uv":[13,10.75,11,12],"texture":"#1"},"up":{"uv":[7,4,11,0],"texture":"#1"},"down":{"uv":[6.5,4,10.5,8],"texture":"#1"}}},{"from":[2.07589,4.62686,4],"to":[2.07589,9.62686,12],"rotation":{"angle":45,"axis":"z","origin":[2.1,4.65,8]},"faces":{"north":{"uv":[11,0,15,0.5],"texture":"#1"},"east":{"uv":[11,9.5,13,10.75],"texture":"#1"},"south":{"uv":[11,0,15,0.5],"texture":"#1"},"west":{"uv":[13,9.5,11,10.75],"texture":"#1"},"up":{"uv":[11,4,7,0],"texture":"#1"},"down":{"uv":[10.5,4,6.5,8],"texture":"#1"}}},{"from":[4,0,4],"to":[4,5,12],"rotation":{"angle":22.5,"axis":"z","origin":[4,0,8]},"faces":{"north":{"uv":[11,0,15,0.5],"texture":"#1"},"east":{"uv":[11,10.75,13,12],"texture":"#1"},"south":{"uv":[11,0,15,0.5],"texture":"#1"},"west":{"uv":[13,10.75,11,12],"texture":"#1"},"up":{"uv":[11,4,7,0],"texture":"#1"},"down":{"uv":[10.5,4,6.5,8],"texture":"#1"}}},{"from":[4,0,4],"to":[12,7,4],"rotation":{"angle":-45,"axis":"x","origin":[8,0,4]},"faces":{"north":{"uv":[13,9.5,11,11.25],"texture":"#1"},"east":{"uv":[11,0,15,0.5],"texture":"#1"},"south":{"uv":[11,9.5,13,11.25],"texture":"#1"},"west":{"uv":[11,0,15,0.5],"texture":"#1"},"up":{"uv":[11,4,7,0],"rotation":90,"texture":"#1"},"down":{"uv":[10.5,4,6.5,8],"rotation":270,"texture":"#1"}}},{"from":[4,0,4],"to":[12,5,4],"rotation":{"angle":-22.5,"axis":"x","origin":[8,0,3.9]},"faces":{"north":{"uv":[13,9.5,11,10.75],"texture":"#1"},"east":{"uv":[11,0,15,0.5],"texture":"#1"},"south":{"uv":[11,9.5,13,10.75],"texture":"#1"},"west":{"uv":[11,0,15,0.5],"texture":"#1"},"up":{"uv":[11,4,7,0],"rotation":90,"texture":"#1"},"down":{"uv":[10.5,4,6.5,8],"rotation":270,"texture":"#1"}}},{"from":[4,0.1,12.1],"to":[12,0.1,17.1],"rotation":{"angle":-22.5,"axis":"x","origin":[8,0,12.1]},"faces":{"north":{"uv":[6.5,4,10.5,8],"rotation":90,"texture":"#1"},"east":{"uv":[15,0,11,0.5],"rotation":270,"texture":"#1"},"south":{"uv":[7,4,11,0],"rotation":90,"texture":"#1"},"west":{"uv":[15,0,11,0.5],"rotation":90,"texture":"#1"},"up":{"uv":[13,9.5,11,10.75],"rotation":180,"texture":"#1"},"down":{"uv":[11,9.5,13,10.75],"texture":"#1"}}}],"display":{"thirdperson_righthand":{"translation":[0,3.25,2.5],"scale":[0.4,0.4,0.4]},"thirdperson_lefthand":{"translation":[0,3.25,2.5],"scale":[0.4,0.4,0.4]},"ground":{"translation":[0,2.75,0],"scale":[0.6,0.6,0.6]},"gui":{"rotation":[40,-40,0],"translation":[0.25,2.5,0]},"head":{"translation":[0,-27.25,0],"scale":[2,2,2]},"fixed":{"translation":[0,2.5,-0.25]}},"groups":[{"name":"vase1","origin":[-7,14.5,8],"color":0,"children":[0,1,2,3,4,{"name":"group","origin":[8,8,8],"color":0,"children":[{"name":"group","origin":[4,10,8],"color":0,"children":[5]},6]},{"name":"group","origin":[8,8,8],"color":0,"children":[{"name":"group","origin":[4,10,8],"color":0,"children":[7]},8]},{"name":"group","origin":[8,8,8],"color":0,"children":[9]},{"name":"group","origin":[8,8,8],"color":0,"children":[10,11]}]}]}