{"credit":"MadewithBlockbench","texture_size":[64,64],"textures":{"2":"elitecreatures:spooky_furniture_v1/witch_hat","particle":"elitecreatures:spooky_furniture_v1/witch_hat"},"elements":[{"from":[1.25,2,1.25],"to":[14.75,2,14.75],"faces":{"north":{"uv":[0,0,3.375,0],"texture":"#2"},"east":{"uv":[0,0,3.375,0],"texture":"#2"},"south":{"uv":[0,0,3.375,0],"texture":"#2"},"west":{"uv":[0,0,3.375,0],"texture":"#2"},"up":{"uv":[3.375,3.375,0,0],"texture":"#2"},"down":{"uv":[3.375,3.5,0,6.875],"texture":"#2"}}},{"from":[4.75,3,4.75],"to":[11.25,6,11.25],"faces":{"north":{"uv":[1.25,7,2.875,7.75],"texture":"#2"},"east":{"uv":[7,1.25,8.625,2],"texture":"#2"},"south":{"uv":[7,2,8.625,2.75],"texture":"#2"},"west":{"uv":[7,2.75,8.625,3.5],"texture":"#2"},"up":{"uv":[6.875,5.125,5.25,3.5],"texture":"#2"},"down":{"uv":[6.875,5.25,5.25,6.875],"texture":"#2"}}},{"from":[4.5,2.01,4.5],"to":[11.5,4.01,11.5],"faces":{"north":{"uv":[5.5,7,7.25,7.5],"texture":"#2"},"east":{"uv":[7,5.5,8.75,6],"texture":"#2"},"south":{"uv":[7,6,8.75,6.5],"texture":"#2"},"west":{"uv":[7,6.5,8.75,7],"texture":"#2"},"up":{"uv":[5.25,1.75,3.5,0],"texture":"#2"},"down":{"uv":[5.25,1.75,3.5,3.5],"texture":"#2"}}},{"from":[4.5,2.01,4.5],"to":[11.5,4.01,11.5],"faces":{"north":{"uv":[3,8,4.75,8.5],"texture":"#2"},"east":{"uv":[4.75,8,6.5,8.5],"texture":"#2"},"south":{"uv":[6.5,8,8.25,8.5],"texture":"#2"},"west":{"uv":[0,8.25,1.75,8.75],"texture":"#2"},"up":{"uv":[7,3.5,5.25,1.75],"texture":"#2"},"down":{"uv":[5.25,5.25,3.5,7],"texture":"#2"}}},{"from":[5.62703,3.67678,5.75],"to":[10.12703,7.67678,10.25],"rotation":{"angle":22.5,"axis":"z","origin":[6.47703,6.17678,8]},"faces":{"north":{"uv":[3,7,4.125,8],"texture":"#2"},"east":{"uv":[7,3.5,8.125,4.5],"texture":"#2"},"south":{"uv":[4.25,7,5.375,8],"texture":"#2"},"west":{"uv":[7,4.5,8.125,5.5],"texture":"#2"},"up":{"uv":[1.125,8.125,0,7],"texture":"#2"},"down":{"uv":[8.125,0,7,1.125],"texture":"#2"}}},{"from":[4.06105,9.03963,6.75],"to":[6.66105,11.53963,9.25],"rotation":{"angle":-45,"axis":"z","origin":[4.16105,7.48963,8]},"faces":{"north":{"uv":[8.25,0,8.875,0.625],"texture":"#2"},"east":{"uv":[1.75,8.25,2.375,8.875],"texture":"#2"},"south":{"uv":[8.25,3.5,8.875,4.125],"texture":"#2"},"west":{"uv":[8.25,4.25,8.875,4.875],"texture":"#2"},"up":{"uv":[8.875,8.625,8.25,8],"texture":"#2"},"down":{"uv":[3.125,8.5,2.5,9.125],"texture":"#2"}}}],"gui_light":"front","display":{"thirdperson_righthand":{"rotation":[67.5,90,0],"translation":[0,2.5,1.75],"scale":[0.52344,0.52344,0.52344]},"thirdperson_lefthand":{"rotation":[67.5,90,0],"translation":[0,2.5,1.75],"scale":[0.52344,0.52344,0.52344]},"firstperson_righthand":{"translation":[-0.75,5.75,1.75],"scale":[0.69531,0.69531,0.69531]},"firstperson_lefthand":{"translation":[-0.75,5.75,1.75],"scale":[0.69531,0.69531,0.69531]},"ground":{"translation":[0,7.75,0],"scale":[0.89453,0.89453,0.89453]},"gui":{"rotation":[30,45,0],"translation":[0,3.25,0],"scale":[1.05859,1.05859,1.05859]},"head":{"rotation":[6.75,90,0],"translation":[0,16.25,2],"scale":[2.36914,2.36914,2.36914]},"fixed":{"rotation":[-90,0,0],"translation":[0,0,-14.25],"scale":[2.37305,2.37305,2.37305]}},"groups":[{"name":"all_witch_hat","origin":[8,8,8],"color":0,"children":[0,1,2,3,4,5]}]}