{"credit":"By EliteCreatures","textures":{"0":"elitecreatures:collectibles_v5_32x/mighty_griffins_inside_32","1":"elitecreatures:collectibles_v5_32x/collectibles_package","2":"elitecreatures:collectibles_v5_32x/ef_mighty_griffins_long","particle":"elitecreatures:collectibles_v5_32x/collectibles_package"},"elements":[{"from":[4.998,7.998,1.998],"to":[11.002,14.002,8.002],"rotation":{"angle":0,"axis":"y","origin":[8,10,4]},"faces":{"north":{"uv":[5,1.5,6.5,3],"texture":"#0"},"east":{"uv":[0,5.5,1.5,7],"texture":"#0"},"south":{"uv":[1.5,5.75,3,7.25],"texture":"#0"},"west":{"uv":[3,5.75,4.5,7.25],"texture":"#0"},"up":{"uv":[6,7.25,4.5,5.75],"texture":"#0"},"down":{"uv":[7.5,0,6,1.5],"texture":"#0"}}},{"from":[4.5,4.75,2.75],"to":[11.5,8.75,9],"rotation":{"angle":-22.5,"axis":"x","origin":[8,6,5.75]},"faces":{"north":{"uv":[6,6,7.75,7],"texture":"#0"},"east":{"uv":[6,7,7.625,8],"texture":"#0"},"south":{"uv":[6.5,1.5,8.25,2.5],"texture":"#0"},"west":{"uv":[0,7.25,1.625,8.25],"texture":"#0"},"up":{"uv":[4.25,5.625,2.5,4],"texture":"#0"},"down":{"uv":[6,4,4.25,5.625],"texture":"#0"}}},{"from":[4.75,2,3.5],"to":[11.25,7.25,13],"rotation":{"angle":0,"axis":"y","origin":[8,11,4]},"faces":{"north":{"uv":[6,3,7.625,4.375],"texture":"#0"},"east":{"uv":[0,2.5,2.375,3.875],"texture":"#0"},"south":{"uv":[6,4.5,7.625,5.875],"texture":"#0"},"west":{"uv":[2.5,2.5,4.875,3.875],"texture":"#0"},"up":{"uv":[1.625,2.375,0,0],"texture":"#0"},"down":{"uv":[3.375,0,1.75,2.375],"texture":"#0"}}},{"from":[3.25,2.5,4.5],"to":[4.75,8,14],"rotation":{"angle":22.5,"axis":"x","origin":[4.25,4.625,9.25]},"faces":{"north":{"uv":[4.25,8.5,4.625,9.875],"texture":"#0"},"east":{"uv":[3.5,0,5.875,1.375],"texture":"#0"},"south":{"uv":[8.5,4.75,8.875,6.125],"texture":"#0"},"west":{"uv":[0,4,2.375,5.375],"texture":"#0"},"up":{"uv":[5.125,9.625,4.75,7.25],"texture":"#0"},"down":{"uv":[5.625,7.25,5.25,9.625],"texture":"#0"}}},{"from":[7.25,3.25,12],"to":[8.75,8.5,13.5],"rotation":{"angle":22.5,"axis":"x","origin":[8,4.625,13.75]},"faces":{"north":{"uv":[7.25,8,7.625,9.375],"texture":"#0"},"east":{"uv":[3.25,8.5,3.625,9.875],"texture":"#0"},"south":{"uv":[8.5,3.25,8.875,4.625],"texture":"#0"},"west":{"uv":[3.75,8.5,4.125,9.875],"texture":"#0"},"up":{"uv":[6.875,2.875,6.5,2.5],"texture":"#0"},"down":{"uv":[7.375,2.5,7,2.875],"texture":"#0"}}},{"from":[6.75,8.0507,13.00193],"to":[9.25,11.5507,15.50193],"rotation":{"angle":0,"axis":"y","origin":[8,10.9257,14.25193]},"faces":{"north":{"uv":[1,8.25,1.625,9.125],"texture":"#0"},"east":{"uv":[1.75,8.5,2.375,9.375],"texture":"#0"},"south":{"uv":[8.5,2.25,9.125,3.125],"texture":"#0"},"west":{"uv":[2.5,8.5,3.125,9.375],"texture":"#0"},"up":{"uv":[9.625,3.875,9,3.25],"texture":"#0"},"down":{"uv":[9.625,4,9,4.625],"texture":"#0"}}},{"from":[4.6,0,4.1],"to":[6.9,5,6.4],"rotation":{"angle":0,"axis":"y","origin":[8,11,4]},"faces":{"north":{"uv":[7.75,2.5,8.375,3.75],"texture":"#0"},"east":{"uv":[7.75,3.75,8.375,5],"texture":"#0"},"south":{"uv":[7.75,5,8.375,6.25],"texture":"#0"},"west":{"uv":[7.75,6.25,8.375,7.5],"texture":"#0"},"up":{"uv":[0.625,9.625,0,9],"texture":"#0"},"down":{"uv":[9.625,0,9,0.625],"texture":"#0"}}},{"from":[11.25,2.5,4.5],"to":[12.75,8,14],"rotation":{"angle":22.5,"axis":"x","origin":[11.75,4.625,9.25]},"faces":{"north":{"uv":[4.625,8.5,4.25,9.875],"texture":"#0"},"east":{"uv":[2.375,4,0,5.375],"texture":"#0"},"south":{"uv":[8.875,4.75,8.5,6.125],"texture":"#0"},"west":{"uv":[5.875,0,3.5,1.375],"texture":"#0"},"up":{"uv":[4.75,9.625,5.125,7.25],"texture":"#0"},"down":{"uv":[5.25,7.25,5.625,9.625],"texture":"#0"}}},{"from":[9.1,0,4.1],"to":[11.4,5,6.4],"rotation":{"angle":0,"axis":"y","origin":[8,11,4]},"faces":{"north":{"uv":[8.375,2.5,7.75,3.75],"texture":"#0"},"east":{"uv":[8.375,6.25,7.75,7.5],"texture":"#0"},"south":{"uv":[8.375,5,7.75,6.25],"texture":"#0"},"west":{"uv":[8.375,3.75,7.75,5],"texture":"#0"},"up":{"uv":[0,9.625,0.625,9],"texture":"#0"},"down":{"uv":[9,0,9.625,0.625],"texture":"#0"}}},{"from":[9.1,0,10.1],"to":[11.4,5,12.4],"rotation":{"angle":0,"axis":"y","origin":[8,11,4]},"faces":{"north":{"uv":[8.375,2.5,7.75,3.75],"texture":"#0"},"east":{"uv":[8.375,6.25,7.75,7.5],"texture":"#0"},"south":{"uv":[8.375,5,7.75,6.25],"texture":"#0"},"west":{"uv":[8.375,3.75,7.75,5],"texture":"#0"},"up":{"uv":[0,9.625,0.625,9],"texture":"#0"},"down":{"uv":[9,0,9.625,0.625],"texture":"#0"}}},{"from":[4.6,0,10.1],"to":[6.9,5,12.4],"rotation":{"angle":0,"axis":"y","origin":[8,11,4]},"faces":{"north":{"uv":[7.75,2.5,8.375,3.75],"texture":"#0"},"east":{"uv":[7.75,3.75,8.375,5],"texture":"#0"},"south":{"uv":[7.75,5,8.375,6.25],"texture":"#0"},"west":{"uv":[7.75,6.25,8.375,7.5],"texture":"#0"},"up":{"uv":[0.625,9.625,0,9],"texture":"#0"},"down":{"uv":[9.625,0,9,0.625],"texture":"#0"}}},{"from":[5.5,7.74219,5.09727],"to":[11,11.99219,7.34727],"rotation":{"angle":45,"axis":"x","origin":[8.25,9.49219,8.97227]},"faces":{"north":{"uv":[1.75,7.25,3.125,8.375],"texture":"#0"},"east":{"uv":[5.75,8,6.375,9.125],"texture":"#0"},"south":{"uv":[3.25,7.25,4.625,8.375],"texture":"#0"},"west":{"uv":[6.5,8,7.125,9.125],"texture":"#0"},"up":{"uv":[4.875,2.125,3.5,1.5],"texture":"#0"},"down":{"uv":[8.875,0,7.5,0.625],"texture":"#0"}}},{"from":[6.25,7.74219,6.84727],"to":[10.25,10.24219,9.09727],"rotation":{"angle":45,"axis":"x","origin":[8.25,9.49219,8.97227]},"faces":{"north":{"uv":[7.5,0.75,8.5,1.375],"texture":"#0"},"east":{"uv":[7.75,8.5,8.375,9.125],"texture":"#0"},"south":{"uv":[0,8.25,1,8.875],"texture":"#0"},"west":{"uv":[8.5,8.25,9.125,8.875],"texture":"#0"},"up":{"uv":[9.25,2.125,8.25,1.5],"texture":"#0"},"down":{"uv":[9.5,0.75,8.5,1.375],"texture":"#0"}}},{"from":[7,7,0.75],"to":[9,11,3.75],"rotation":{"angle":0,"axis":"y","origin":[8,10,4]},"faces":{"north":{"uv":[8.5,6.25,9,7.25],"texture":"#0"},"east":{"uv":[5,3,5.75,4],"texture":"#0"},"south":{"uv":[8.5,7.25,9,8.25],"texture":"#0"},"west":{"uv":[7.75,7.5,8.5,8.5],"texture":"#0"},"up":{"uv":[9.5,5.5,9,4.75],"texture":"#0"},"down":{"uv":[9.5,5.5,9,6.25],"texture":"#0"}}},{"name":"signs","from":[0.7,18,-0.075],"to":[15.3,20.8,-0.075],"rotation":{"angle":0,"axis":"y","origin":[17,6.9,0]},"faces":{"north":{"uv":[0,14.875,7.375,16],"texture":"#0"},"east":{"uv":[0,0,0,0.75],"texture":"#0"},"west":{"uv":[0,0,0,0.75],"texture":"#0"},"up":{"uv":[3.625,0,0,0],"texture":"#0"},"down":{"uv":[3.625,0,0,0],"texture":"#0"}}},{"name":"package","from":[0,-0.1,0],"to":[16,21.9,0],"faces":{"north":{"uv":[0,0,4,5.5],"texture":"#1"},"east":{"uv":[4,0,8,5.5],"texture":"#1"},"south":{"uv":[0,0,4,5.5],"texture":"#1"},"west":{"uv":[4,5.5,8,11],"texture":"#1"},"up":{"uv":[12,4,8,0],"texture":"#1"},"down":{"uv":[12,4,8,8],"texture":"#1"}}},{"name":"package","from":[0,-0.1,16],"to":[16,21.9,16],"faces":{"north":{"uv":[0,5.5,4,11],"texture":"#1"},"east":{"uv":[4,0,8,5.5],"texture":"#1"},"south":{"uv":[0,5.5,4,11],"texture":"#1"},"west":{"uv":[4,5.5,8,11],"texture":"#1"},"up":{"uv":[12,4,8,0],"texture":"#1"},"down":{"uv":[12,4,8,8],"texture":"#1"}}},{"name":"package","from":[0,-0.1,0],"to":[16,-0.1,16],"faces":{"north":{"uv":[0,0,4,5.5],"texture":"#1"},"east":{"uv":[4,0,8,5.5],"texture":"#1"},"south":{"uv":[0,5.5,4,11],"texture":"#1"},"west":{"uv":[4,5.5,8,11],"texture":"#1"},"up":{"uv":[12,4,8,8],"texture":"#1"},"down":{"uv":[12,4,8,8],"texture":"#1"}}},{"name":"package","from":[0,21.9,0],"to":[16,21.9,16],"faces":{"north":{"uv":[0,0,4,5.5],"texture":"#1"},"east":{"uv":[4,0,8,5.5],"texture":"#1"},"south":{"uv":[0,5.5,4,11],"texture":"#1"},"west":{"uv":[4,5.5,8,11],"texture":"#1"},"up":{"uv":[12,4,8,0],"texture":"#1"},"down":{"uv":[12,4,8,8],"texture":"#1"}}},{"name":"package","from":[16,-0.1,0],"to":[16,21.9,16],"faces":{"north":{"uv":[0,0,4,5.5],"texture":"#1"},"east":{"uv":[4,0,8,5.5],"texture":"#1"},"south":{"uv":[0,5.5,4,11],"texture":"#1"},"west":{"uv":[4,5.5,8,11],"texture":"#1"},"up":{"uv":[12,4,8,0],"texture":"#1"},"down":{"uv":[12,4,8,8],"texture":"#1"}}},{"name":"package","from":[0,-0.1,0],"to":[0,21.9,16],"faces":{"north":{"uv":[0,0,4,5.5],"texture":"#1"},"east":{"uv":[4,0,8,5.5],"texture":"#1"},"south":{"uv":[0,5.5,4,11],"texture":"#1"},"west":{"uv":[4,5.5,8,11],"texture":"#1"},"up":{"uv":[12,4,8,0],"texture":"#1"},"down":{"uv":[12,4,8,8],"texture":"#1"}}},{"from":[5.248,11.002,7.502],"to":[5.248,14.002,11.502],"rotation":{"angle":0,"axis":"x","origin":[4.998,12.502,10.002]},"faces":{"north":{"uv":[0,0,0,11],"rotation":180,"texture":"#missing"},"east":{"uv":[5,3.5,2,8],"rotation":270,"texture":"#2"},"south":{"uv":[0,0,0,11],"texture":"#missing"},"west":{"uv":[2,3.5,5,8],"rotation":90,"texture":"#2"},"up":{"uv":[0,0,0,8],"rotation":180,"texture":"#missing"},"down":{"uv":[0,0,0,8],"texture":"#missing"}}},{"from":[5.748,8.502,7.502],"to":[5.748,11.002,10.252],"rotation":{"angle":45,"axis":"x","origin":[5.748,9.752,8.877]},"faces":{"north":{"uv":[0,0,0,11],"rotation":180,"texture":"#missing"},"east":{"uv":[5,8,2,3.5],"rotation":90,"texture":"#2"},"south":{"uv":[0,0,0,11],"texture":"#missing"},"west":{"uv":[2,8,5,3.5],"rotation":270,"texture":"#2"},"up":{"uv":[0,0,0,8],"texture":"#missing"},"down":{"uv":[0,0,0,8],"rotation":180,"texture":"#missing"}}},{"from":[10.252,8.502,7.502],"to":[10.252,11.002,10.252],"rotation":{"angle":45,"axis":"x","origin":[10.252,9.752,8.877]},"faces":{"north":{"uv":[0,0,0,11],"rotation":180,"texture":"#missing"},"east":{"uv":[2,3.5,5,8],"rotation":270,"texture":"#2"},"south":{"uv":[0,0,0,11],"texture":"#missing"},"west":{"uv":[5,3.5,2,8],"rotation":90,"texture":"#2"},"up":{"uv":[0,0,0,8],"texture":"#missing"},"down":{"uv":[0,0,0,8],"rotation":180,"texture":"#missing"}}},{"from":[10.752,11.002,7.502],"to":[10.752,14.002,11.502],"rotation":{"angle":0,"axis":"y","origin":[11.002,12.502,10.002]},"faces":{"north":{"uv":[0,0,0,11],"rotation":180,"texture":"#missing"},"east":{"uv":[2,8,5,3.5],"rotation":90,"texture":"#2"},"south":{"uv":[0,0,0,11],"texture":"#missing"},"west":{"uv":[5,8,2,3.5],"rotation":270,"texture":"#2"},"up":{"uv":[0,0,0,8],"rotation":180,"texture":"#missing"},"down":{"uv":[0,0,0,8],"texture":"#missing"}}},{"from":[0,3.25,0.5],"to":[5,14.25,0.5],"rotation":{"angle":45,"axis":"y","origin":[4.5,7.5,0.5]},"faces":{"north":{"uv":[8.5,0,13,10.5],"texture":"#2"},"east":{"uv":[0,0,0,15],"texture":"#missing"},"south":{"uv":[13,0,8.5,10.5],"texture":"#2"},"west":{"uv":[0,0,0,15],"texture":"#missing"},"up":{"uv":[0,0,9,0],"texture":"#missing"},"down":{"uv":[0,0,9,0],"texture":"#missing"}}},{"from":[11,0.25,15.5],"to":[16,11.25,15.5],"rotation":{"angle":45,"axis":"y","origin":[11.5,7.5,15.5]},"faces":{"north":{"uv":[7.5,8,3,16],"texture":"#2"},"east":{"uv":[0,0,0,15],"texture":"#missing"},"south":{"uv":[3,8,7.5,16],"texture":"#2"},"west":{"uv":[0,0,0,15],"texture":"#missing"},"up":{"uv":[9,0,0,0],"texture":"#missing"},"down":{"uv":[9,0,0,0],"texture":"#missing"}}}],"gui_light":"front","display":{"thirdperson_righthand":{"rotation":[61.23,4.49,0.46],"translation":[0,1.75,0.75],"scale":[0.5,0.5,0.5]},"thirdperson_lefthand":{"rotation":[61.23,4.49,0.46],"translation":[0,1.75,0.75],"scale":[0.5,0.5,0.5]},"firstperson_righthand":{"rotation":[-166,53.68,171.1],"translation":[0.75,3.75,-0.75],"scale":[0.58336,0.58336,0.58336]},"firstperson_lefthand":{"rotation":[-166,53.68,171.1],"translation":[0.75,3.75,-0.75],"scale":[0.58336,0.58336,0.58336]},"ground":{"rotation":[68,0,0],"translation":[0,1.5,0],"scale":[0.5,0.5,0.5]},"gui":{"rotation":[-170,30,-180],"translation":[0,-2,0],"scale":[0.62,0.62,0.62]},"head":{"rotation":[7,180,1],"translation":[0,-48.75,11.25],"scale":[1.6,1.6,1.6]},"fixed":{"rotation":[-90,0,0],"translation":[0,-0.25,-16.25],"scale":[2,2,2]}}}