{"credit":"magic_store_official","texture_size":[32,32],"textures":{"0":"magic_store:furnitures/bank_pack/bank_camera","particle":"magic_store:furnitures/bank_pack/bank_camera"},"elements":[{"from":[11,0,3.5],"to":[12,9,12.5],"rotation":{"angle":0,"axis":"y","origin":[12,-3,0]},"faces":{"north":{"uv":[10.5,5,11,9.5],"texture":"#0"},"east":{"uv":[4.5,4.5,0,9],"texture":"#0"},"south":{"uv":[0,11,0.5,15.5],"texture":"#0"},"west":{"uv":[0,4.5,4.5,9],"texture":"#0"},"up":{"uv":[1,15.5,0.5,11],"texture":"#0"},"down":{"uv":[1.5,11,1,15.5],"texture":"#0"}}},{"from":[4,3,7.5],"to":[11,5,9.5],"rotation":{"angle":0,"axis":"y","origin":[12,-3,0]},"faces":{"north":{"uv":[8,10,11.5,11],"texture":"#0"},"east":{"uv":[12,7.5,11,6.5],"texture":"#0"},"south":{"uv":[11.5,10,8,11],"texture":"#0"},"west":{"uv":[11,6.5,12,7.5],"texture":"#0"},"up":{"uv":[14,4,10.5,3],"texture":"#0"},"down":{"uv":[14,4,10.5,5],"texture":"#0"}}},{"from":[3,5,3],"to":[7,9,11],"rotation":{"angle":-22.5,"axis":"x","origin":[5.5,6.5,6]},"faces":{"north":{"uv":[0,9,2,11],"texture":"#0"},"east":{"uv":[8.5,2,4.5,4],"texture":"#0"},"south":{"uv":[2,9,4,11],"texture":"#0"},"west":{"uv":[4.5,2,8.5,4],"texture":"#0"},"up":{"uv":[6.5,8,4.5,4],"texture":"#0"},"down":{"uv":[8.5,4,6.5,8],"texture":"#0"}}},{"from":[2.9,4.9,2],"to":[7.1,9.1,10],"rotation":{"angle":-22.5,"axis":"x","origin":[5.5,6.5,6]},"faces":{"north":{"uv":[4,10,6,12],"texture":"#0"},"east":{"uv":[12.5,0,8.5,2],"texture":"#0"},"west":{"uv":[8.5,0,12.5,2],"texture":"#0"},"up":{"uv":[10.5,6,8.5,2],"texture":"#0"},"down":{"uv":[8.5,2,10.5,6],"texture":"#0"}}},{"from":[2.9,9.15,2],"to":[7.1,4.95,10],"rotation":{"angle":-22.5,"axis":"x","origin":[5.5,6.5,6]},"faces":{"north":{"uv":[4,10,6,12],"texture":"#0"},"east":{"uv":[12.5,2,8.5,0],"texture":"#0"},"west":{"uv":[8.5,2,12.5,0],"texture":"#0"},"up":{"uv":[10.5,6,8.5,2],"texture":"#0"},"down":{"uv":[8.5,2,10.5,6],"texture":"#0"}}},{"from":[3.5,5,7],"to":[6.5,6,10],"rotation":{"angle":0,"axis":"y","origin":[12,-3,0]},"faces":{"north":{"uv":[8,11,9.5,11.5],"texture":"#0"},"east":{"uv":[8,11,9.5,11.5],"texture":"#0"},"south":{"uv":[8,11,9.5,11.5],"texture":"#0"},"west":{"uv":[8,11,9.5,11.5],"texture":"#0"},"up":{"uv":[12.5,5,11,6.5],"texture":"#0"},"down":{"uv":[12.5,5,11,6.5],"texture":"#0"}}}],"display":{"thirdperson_righthand":{"rotation":[49,36,0],"translation":[1,3,0.5],"scale":[0.5,0.5,0.5]},"thirdperson_lefthand":{"rotation":[49,36,0],"translation":[1,3,0.5],"scale":[0.5,0.5,0.5]},"firstperson_righthand":{"rotation":[-180,65,-180],"translation":[9.75,0,-9.25]},"firstperson_lefthand":{"rotation":[-180,65,-180],"translation":[9.75,0,-9.25]},"ground":{"translation":[0,5.5,0],"scale":[0.6,0.6,0.6]},"gui":{"rotation":[30,145.5,0],"translation":[0,2,0]},"head":{"rotation":[0,180,0],"translation":[-6.5,-28,0],"scale":[1.6,1.6,1.6]},"fixed":{"rotation":[0,-90,0],"translation":[0,7,-8],"scale":[2,2,2]}},"groups":[{"name":"group","origin":[0,0,0],"color":0,"children":[0,1,2,3,4,5]}]}