{
  "credit": "MadewithBlockbench",
  "texture_size": [
    64,
    64
  ],
  "textures": {
    "1": "warden_set:warden_weapon_1",
    "3": "warden_set:animation_2",
    "4": "warden_set:animation_3",
    "particle": "warden_set:animation_1"
  },
  "elements": [
    {
      "from": [
        7,
        8,
        7
      ],
      "to": [
        9,
        12,
        9
      ],
      "rotation": {
        "angle": 0,
        "axis": "y",
        "origin": [
          9,
          -0.5,
          8
        ]
      },
      "faces": {
        "north": {
          "uv": [
            15.5,
            9.5,
            16,
            10.5
          ],
          "texture": "#1"
        },
        "east": {
          "uv": [
            15.5,
            9.5,
            16,
            10.5
          ],
          "texture": "#1"
        },
        "south": {
          "uv": [
            15.5,
            9.5,
            16,
            10.5
          ],
          "texture": "#1"
        },
        "west": {
          "uv": [
            15.5,
            9.5,
            16,
            10.5
          ],
          "texture": "#1"
        },
        "down": {
          "uv": [
            15.5,
            9.5,
            16,
            10
          ],
          "texture": "#1"
        }
      }
    },
    {
      "from": [
        7,
        -14,
        7
      ],
      "to": [
        9,
        -9,
        9
      ],
      "rotation": {
        "angle": 0,
        "axis": "y",
        "origin": [
          9,
          -0.5,
          8
        ]
      },
      "faces": {
        "north": {
          "uv": [
            15.5,
            14.75,
            16,
            16
          ],
          "texture": "#1"
        },
        "east": {
          "uv": [
            15.5,
            14.75,
            16,
            16
          ],
          "texture": "#1"
        },
        "south": {
          "uv": [
            15.5,
            14.75,
            16,
            16
          ],
          "texture": "#1"
        },
        "west": {
          "uv": [
            15.5,
            14.75,
            16,
            16
          ],
          "texture": "#1"
        },
        "up": {
          "uv": [
            15,
            9.5,
            15.5,
            10
          ],
          "texture": "#1"
        }
      }
    },
    {
      "from": [
        7.5,
        -9,
        7.5
      ],
      "to": [
        8.5,
        8,
        8.5
      ],
      "rotation": {
        "angle": 0,
        "axis": "y",
        "origin": [
          9,
          -0.5,
          8
        ]
      },
      "faces": {
        "north": {
          "uv": [
            15.75,
            10.5,
            16,
            14.75
          ],
          "texture": "#1"
        },
        "east": {
          "uv": [
            15.75,
            10.5,
            16,
            14.75
          ],
          "texture": "#1"
        },
        "south": {
          "uv": [
            15.75,
            10.5,
            16,
            14.75
          ],
          "texture": "#1"
        },
        "west": {
          "uv": [
            15.75,
            10.5,
            16,
            14.75
          ],
          "texture": "#1"
        }
      }
    },
    {
      "from": [
        6,
        -16,
        6
      ],
      "to": [
        10,
        -14,
        10
      ],
      "rotation": {
        "angle": 0,
        "axis": "y",
        "origin": [
          9,
          -5,
          8
        ]
      },
      "faces": {
        "north": {
          "uv": [
            5.5,
            3.5,
            6.5,
            4
          ],
          "texture": "#1"
        },
        "east": {
          "uv": [
            5.5,
            4,
            6.5,
            4.5
          ],
          "texture": "#1"
        },
        "south": {
          "uv": [
            5.5,
            3.5,
            6.5,
            4
          ],
          "texture": "#1"
        },
        "west": {
          "uv": [
            6.5,
            4,
            5.5,
            4.5
          ],
          "texture": "#1"
        },
        "up": {
          "uv": [
            5.5,
            3.75,
            4.5,
            2.75
          ],
          "rotation": 180,
          "texture": "#1"
        },
        "down": {
          "uv": [
            4,
            4.5,
            3,
            5.5
          ],
          "rotation": 180,
          "texture": "#1"
        }
      }
    },
    {
      "from": [
        6,
        19,
        6
      ],
      "to": [
        10,
        21,
        10
      ],
      "rotation": {
        "angle": 0,
        "axis": "y",
        "origin": [
          9,
          21,
          8
        ]
      },
      "faces": {
        "north": {
          "uv": [
            5.5,
            4,
            6.5,
            3.5
          ],
          "texture": "#1"
        },
        "east": {
          "uv": [
            5.5,
            4.5,
            6.5,
            4
          ],
          "texture": "#1"
        },
        "south": {
          "uv": [
            5.5,
            4,
            6.5,
            3.5
          ],
          "texture": "#1"
        },
        "west": {
          "uv": [
            6.5,
            4.5,
            5.5,
            4
          ],
          "texture": "#1"
        },
        "up": {
          "uv": [
            3,
            4.5,
            4,
            5.5
          ],
          "texture": "#1"
        },
        "down": {
          "uv": [
            4.5,
            3.75,
            5.5,
            2.75
          ],
          "texture": "#1"
        }
      }
    },
    {
      "from": [
        6.5,
        -13,
        6.5
      ],
      "to": [
        9.5,
        -12,
        9.5
      ],
      "rotation": {
        "angle": 0,
        "axis": "y",
        "origin": [
          9,
          -5,
          8
        ]
      },
      "faces": {
        "north": {
          "uv": [
            5.5,
            5.75,
            6.25,
            6
          ],
          "texture": "#1"
        },
        "east": {
          "uv": [
            0,
            6,
            0.75,
            6.25
          ],
          "texture": "#1"
        },
        "south": {
          "uv": [
            5.5,
            5.75,
            6.25,
            6
          ],
          "texture": "#1"
        },
        "west": {
          "uv": [
            5.5,
            5.75,
            6.25,
            6
          ],
          "texture": "#1"
        },
        "up": {
          "uv": [
            3.5,
            6.25,
            2.75,
            5.5
          ],
          "rotation": 180,
          "texture": "#1"
        },
        "down": {
          "uv": [
            6.25,
            2.75,
            5.5,
            3.5
          ],
          "rotation": 180,
          "texture": "#1"
        }
      }
    },
    {
      "from": [
        6,
        12,
        6
      ],
      "to": [
        10,
        16,
        10
      ],
      "rotation": {
        "angle": 0,
        "axis": "y",
        "origin": [
          9,
          5,
          8
        ]
      },
      "faces": {
        "north": {
          "uv": [
            4.5,
            3.75,
            5.5,
            4.75
          ],
          "texture": "#1"
        },
        "east": {
          "uv": [
            4,
            4.75,
            5,
            5.75
          ],
          "texture": "#1"
        },
        "south": {
          "uv": [
            5.5,
            3.75,
            4.5,
            4.75
          ],
          "texture": "#1"
        },
        "west": {
          "uv": [
            5,
            4.75,
            4,
            5.75
          ],
          "texture": "#1"
        },
        "down": {
          "uv": [
            1,
            5,
            0,
            6
          ],
          "rotation": 180,
          "texture": "#1"
        }
      }
    },
    {
      "from": [
        5,
        15,
        5
      ],
      "to": [
        11,
        19,
        11
      ],
      "rotation": {
        "angle": 0,
        "axis": "y",
        "origin": [
          9,
          16,
          8
        ]
      },
      "faces": {
        "north": {
          "uv": [
            4.5,
            0,
            6,
            1
          ],
          "texture": "#1"
        },
        "east": {
          "uv": [
            4.5,
            1,
            6,
            2
          ],
          "texture": "#1"
        },
        "south": {
          "uv": [
            6,
            0,
            4.5,
            1
          ],
          "texture": "#1"
        },
        "west": {
          "uv": [
            6,
            1,
            4.5,
            2
          ],
          "texture": "#1"
        },
        "up": {
          "uv": [
            1.5,
            5,
            0,
            3.5
          ],
          "rotation": 180,
          "texture": "#1"
        },
        "down": {
          "uv": [
            3,
            3.5,
            1.5,
            5
          ],
          "rotation": 180,
          "texture": "#1"
        }
      }
    },
    {
      "from": [
        8,
        17,
        12
      ],
      "to": [
        8,
        22,
        20
      ],
      "rotation": {
        "angle": -22.5,
        "axis": "x",
        "origin": [
          8,
          15,
          13
        ]
      },
      "faces": {
        "east": {
          "uv": [
            7.5,
            1.25,
            9.5,
            0
          ],
          "texture": "#1"
        },
        "west": {
          "uv": [
            9.5,
            1.25,
            7.5,
            0
          ],
          "texture": "#1"
        }
      }
    },
    {
      "from": [
        9.5,
        17,
        10.5
      ],
      "to": [
        9.5,
        22,
        16.5
      ],
      "rotation": {
        "angle": -22.5,
        "axis": "x",
        "origin": [
          8,
          15,
          13
        ]
      },
      "faces": {
        "east": {
          "uv": [
            7.5,
            2.5,
            9,
            1.25
          ],
          "texture": "#1"
        },
        "west": {
          "uv": [
            9,
            2.5,
            7.5,
            1.25
          ],
          "texture": "#1"
        }
      }
    },
    {
      "from": [
        6.5,
        17,
        10.5
      ],
      "to": [
        6.5,
        22,
        16.5
      ],
      "rotation": {
        "angle": -22.5,
        "axis": "x",
        "origin": [
          8,
          15,
          13
        ]
      },
      "faces": {
        "east": {
          "uv": [
            7.5,
            2.5,
            9,
            1.25
          ],
          "texture": "#1"
        },
        "west": {
          "uv": [
            9,
            2.5,
            7.5,
            1.25
          ],
          "texture": "#1"
        }
      }
    },
    {
      "from": [
        9.5,
        17,
        -0.5
      ],
      "to": [
        9.5,
        22,
        5.5
      ],
      "rotation": {
        "angle": 22.5,
        "axis": "x",
        "origin": [
          8,
          15,
          3
        ]
      },
      "faces": {
        "east": {
          "uv": [
            9,
            2.5,
            7.5,
            1.25
          ],
          "texture": "#1"
        },
        "west": {
          "uv": [
            7.5,
            2.5,
            9,
            1.25
          ],
          "texture": "#1"
        }
      }
    },
    {
      "from": [
        8,
        17,
        -4
      ],
      "to": [
        8,
        22,
        4
      ],
      "rotation": {
        "angle": 22.5,
        "axis": "x",
        "origin": [
          8,
          15,
          3
        ]
      },
      "faces": {
        "east": {
          "uv": [
            9.5,
            1.25,
            7.5,
            0
          ],
          "texture": "#1"
        },
        "west": {
          "uv": [
            7.5,
            1.25,
            9.5,
            0
          ],
          "texture": "#1"
        }
      }
    },
    {
      "from": [
        8,
        6,
        -5
      ],
      "to": [
        8,
        18,
        8
      ],
      "rotation": {
        "angle": 0,
        "axis": "y",
        "origin": [
          8,
          15,
          3
        ]
      },
      "faces": {
        "east": {
          "uv": [
            12.75,
            3,
            9.5,
            0
          ],
          "texture": "#1"
        },
        "west": {
          "uv": [
            9.5,
            3,
            12.75,
            0
          ],
          "texture": "#1"
        }
      }
    },
    {
      "from": [
        8,
        -14,
        5
      ],
      "to": [
        8,
        -7,
        11
      ],
      "rotation": {
        "angle": 0,
        "axis": "y",
        "origin": [
          8,
          15,
          3
        ]
      },
      "faces": {
        "east": {
          "uv": [
            8,
            5.25,
            6.5,
            3.5
          ],
          "texture": "#1"
        },
        "west": {
          "uv": [
            6.5,
            5.25,
            8,
            3.5
          ],
          "texture": "#1"
        }
      }
    },
    {
      "from": [
        7.1,
        11.5,
        0
      ],
      "to": [
        8.9,
        13.5,
        7
      ],
      "rotation": {
        "angle": 0,
        "axis": "y",
        "origin": [
          8,
          15,
          3
        ]
      },
      "faces": {
        "north": {
          "uv": [
            2.25,
            11,
            1.75,
            10.5
          ],
          "texture": "#1"
        },
        "east": {
          "uv": [
            1.75,
            11,
            0,
            10.5
          ],
          "texture": "#1"
        },
        "south": {
          "uv": [
            2.25,
            11,
            1.75,
            10.5
          ],
          "texture": "#1"
        },
        "west": {
          "uv": [
            0,
            11,
            1.75,
            10.5
          ],
          "texture": "#1"
        },
        "up": {
          "uv": [
            1.75,
            11.5,
            0,
            11
          ],
          "rotation": 90,
          "texture": "#1"
        },
        "down": {
          "uv": [
            1.75,
            11.5,
            0,
            11
          ],
          "rotation": 270,
          "texture": "#1"
        }
      }
    },
    {
      "from": [
        7.1,
        11.5,
        9
      ],
      "to": [
        8.9,
        13.5,
        16
      ],
      "rotation": {
        "angle": 0,
        "axis": "y",
        "origin": [
          8,
          15,
          13
        ]
      },
      "faces": {
        "north": {
          "uv": [
            1.75,
            11,
            2.25,
            10.5
          ],
          "texture": "#1"
        },
        "east": {
          "uv": [
            0,
            11,
            1.75,
            10.5
          ],
          "texture": "#1"
        },
        "south": {
          "uv": [
            1.75,
            11,
            2.25,
            10.5
          ],
          "texture": "#1"
        },
        "west": {
          "uv": [
            1.75,
            11,
            0,
            10.5
          ],
          "texture": "#1"
        },
        "up": {
          "uv": [
            0,
            11.5,
            1.75,
            11
          ],
          "rotation": 90,
          "texture": "#1"
        },
        "down": {
          "uv": [
            0,
            11.5,
            1.75,
            11
          ],
          "rotation": 270,
          "texture": "#1"
        }
      }
    },
    {
      "from": [
        8,
        6,
        8
      ],
      "to": [
        8,
        18,
        21
      ],
      "rotation": {
        "angle": 0,
        "axis": "y",
        "origin": [
          8,
          15,
          13
        ]
      },
      "faces": {
        "east": {
          "uv": [
            9.5,
            3,
            12.75,
            0
          ],
          "texture": "#1"
        },
        "west": {
          "uv": [
            12.75,
            3,
            9.5,
            0
          ],
          "texture": "#1"
        }
      }
    },
    {
      "from": [
        6.5,
        17,
        -0.5
      ],
      "to": [
        6.5,
        22,
        5.5
      ],
      "rotation": {
        "angle": 22.5,
        "axis": "x",
        "origin": [
          8,
          15,
          3
        ]
      },
      "faces": {
        "east": {
          "uv": [
            9,
            2.5,
            7.5,
            1.25
          ],
          "texture": "#1"
        },
        "west": {
          "uv": [
            7.5,
            2.5,
            9,
            1.25
          ],
          "texture": "#1"
        }
      }
    },
    {
      "from": [
        6.9,
        8.98048,
        3.36819
      ],
      "to": [
        9.1,
        14.98048,
        6.36819
      ],
      "rotation": {
        "angle": 22.5,
        "axis": "x",
        "origin": [
          8,
          9.73598,
          4.76734
        ]
      },
      "faces": {
        "north": {
          "uv": [
            2.75,
            5,
            2.25,
            6.5
          ],
          "texture": "#1"
        },
        "east": {
          "uv": [
            6,
            2,
            4.5,
            2.75
          ],
          "rotation": 90,
          "texture": "#1"
        },
        "south": {
          "uv": [
            5.5,
            6.25,
            5,
            4.75
          ],
          "rotation": 180,
          "texture": "#1"
        },
        "west": {
          "uv": [
            4.5,
            2,
            6,
            2.75
          ],
          "rotation": 270,
          "texture": "#1"
        },
        "up": {
          "uv": [
            4.5,
            5.75,
            4,
            6.5
          ],
          "texture": "#1"
        },
        "down": {
          "uv": [
            6,
            5,
            5.5,
            5.75
          ],
          "rotation": 180,
          "texture": "#1"
        }
      }
    },
    {
      "from": [
        7.5,
        7.97022,
        0.65509
      ],
      "to": [
        8.5,
        9.97022,
        4.65509
      ],
      "rotation": {
        "angle": -45,
        "axis": "x",
        "origin": [
          8,
          9.73598,
          4.76734
        ]
      },
      "faces": {
        "north": {
          "uv": [
            3,
            5,
            2.75,
            5.5
          ],
          "texture": "#1"
        },
        "east": {
          "uv": [
            6.5,
            4.5,
            5.5,
            5
          ],
          "texture": "#1"
        },
        "south": {
          "uv": [
            6.25,
            0,
            6,
            0.5
          ],
          "texture": "#1"
        },
        "west": {
          "uv": [
            5.5,
            4.5,
            6.5,
            5
          ],
          "texture": "#1"
        },
        "up": {
          "uv": [
            3.25,
            3.5,
            3,
            4.5
          ],
          "rotation": 180,
          "texture": "#1"
        },
        "down": {
          "uv": [
            5,
            6.75,
            4.75,
            5.75
          ],
          "rotation": 180,
          "texture": "#1"
        }
      }
    },
    {
      "from": [
        6.9,
        8.98048,
        9.63181
      ],
      "to": [
        9.1,
        14.98048,
        12.63181
      ],
      "rotation": {
        "angle": -22.5,
        "axis": "x",
        "origin": [
          8,
          9.73598,
          11.23266
        ]
      },
      "faces": {
        "north": {
          "uv": [
            5,
            6.25,
            5.5,
            4.75
          ],
          "rotation": 180,
          "texture": "#1"
        },
        "east": {
          "uv": [
            6,
            2.75,
            4.5,
            2
          ],
          "rotation": 90,
          "texture": "#1"
        },
        "south": {
          "uv": [
            2.25,
            5,
            2.75,
            6.5
          ],
          "texture": "#1"
        },
        "west": {
          "uv": [
            4.5,
            2.75,
            6,
            2
          ],
          "rotation": 270,
          "texture": "#1"
        },
        "up": {
          "uv": [
            4.5,
            6.5,
            4,
            5.75
          ],
          "texture": "#1"
        },
        "down": {
          "uv": [
            6,
            5.75,
            5.5,
            5
          ],
          "rotation": 180,
          "texture": "#1"
        }
      }
    },
    {
      "from": [
        7.5,
        7.97022,
        11.34491
      ],
      "to": [
        8.5,
        9.97022,
        15.34491
      ],
      "rotation": {
        "angle": 45,
        "axis": "x",
        "origin": [
          8,
          9.73598,
          11.23266
        ]
      },
      "faces": {
        "north": {
          "uv": [
            6,
            0,
            6.25,
            0.5
          ],
          "texture": "#1"
        },
        "east": {
          "uv": [
            5.5,
            4.5,
            6.5,
            5
          ],
          "texture": "#1"
        },
        "south": {
          "uv": [
            2.75,
            5,
            3,
            5.5
          ],
          "texture": "#1"
        },
        "west": {
          "uv": [
            6.5,
            4.5,
            5.5,
            5
          ],
          "texture": "#1"
        },
        "up": {
          "uv": [
            3.25,
            4.5,
            3,
            3.5
          ],
          "rotation": 180,
          "texture": "#1"
        },
        "down": {
          "uv": [
            5,
            5.75,
            4.75,
            6.75
          ],
          "rotation": 180,
          "texture": "#1"
        }
      }
    },
    {
      "from": [
        4.5,
        15,
        4.5
      ],
      "to": [
        11.5,
        19,
        11.5
      ],
      "rotation": {
        "angle": 0,
        "axis": "y",
        "origin": [
          8,
          16,
          8
        ]
      },
      "faces": {
        "north": {
          "uv": [
            2,
            4,
            7.5,
            7.5
          ],
          "texture": "#3"
        },
        "east": {
          "uv": [
            7.5,
            7.5,
            2,
            11
          ],
          "texture": "#3"
        },
        "south": {
          "uv": [
            13,
            7.5,
            7.5,
            11
          ],
          "texture": "#3"
        },
        "west": {
          "uv": [
            13,
            4,
            7.5,
            7.5
          ],
          "texture": "#3"
        }
      }
    },
    {
      "from": [
        8,
        -3,
        0
      ],
      "to": [
        8,
        13,
        16
      ],
      "rotation": {
        "angle": 45,
        "axis": "y",
        "origin": [
          8,
          -3,
          8
        ]
      },
      "faces": {
        "north": {
          "uv": [
            0.25,
            10.5,
            1.5,
            8.5
          ],
          "rotation": 90,
          "texture": "#1"
        },
        "east": {
          "uv": [
            0,
            0,
            16,
            16
          ],
          "texture": "#4"
        },
        "south": {
          "uv": [
            0.25,
            10.5,
            1.5,
            8.5
          ],
          "rotation": 90,
          "texture": "#1"
        },
        "west": {
          "uv": [
            16,
            0,
            0,
            16
          ],
          "texture": "#4"
        },
        "up": {
          "uv": [
            1.5,
            10.5,
            3.5,
            8.5
          ],
          "texture": "#1"
        },
        "down": {
          "uv": [
            1.5,
            8.5,
            3.5,
            6.5
          ],
          "rotation": 180,
          "texture": "#1"
        }
      }
    },
    {
      "from": [
        0,
        -11,
        8
      ],
      "to": [
        16,
        5,
        8
      ],
      "rotation": {
        "angle": 45,
        "axis": "y",
        "origin": [
          8,
          16,
          8
        ]
      },
      "faces": {
        "north": {
          "uv": [
            0,
            0,
            16,
            16
          ],
          "texture": "#4"
        },
        "east": {
          "uv": [
            0.25,
            10.5,
            1.5,
            8.5
          ],
          "rotation": 90,
          "texture": "#1"
        },
        "south": {
          "uv": [
            16,
            0,
            0,
            16
          ],
          "texture": "#4"
        },
        "west": {
          "uv": [
            0.25,
            10.5,
            1.5,
            8.5
          ],
          "rotation": 90,
          "texture": "#1"
        },
        "up": {
          "uv": [
            1.5,
            10.5,
            3.5,
            8.5
          ],
          "rotation": 270,
          "texture": "#1"
        },
        "down": {
          "uv": [
            1.5,
            8.5,
            3.5,
            6.5
          ],
          "rotation": 270,
          "texture": "#1"
        }
      }
    },
    {
      "from": [
        7,
        -6,
        7
      ],
      "to": [
        9,
        10,
        9
      ],
      "rotation": {
        "angle": 0,
        "axis": "y",
        "origin": [
          8,
          16,
          8
        ]
      },
      "faces": {
        "north": {
          "uv": [
            6,
            0,
            4,
            16
          ],
          "texture": "#3"
        },
        "east": {
          "uv": [
            8,
            0,
            6,
            16
          ],
          "texture": "#3"
        },
        "south": {
          "uv": [
            10,
            0,
            8,
            16
          ],
          "texture": "#3"
        },
        "west": {
          "uv": [
            12,
            0,
            10,
            16
          ],
          "texture": "#3"
        }
      }
    }
  ],
  "gui_light": "front",
  "display": {
    "thirdperson_righthand": {
      "translation": [
        0,
        5,
        1.75
      ],
      "scale": [
        0.65,
        0.65,
        0.65
      ]
    },
    "thirdperson_lefthand": {
      "translation": [
        0,
        5,
        1.75
      ],
      "scale": [
        0.65,
        0.65,
        0.65
      ]
    },
    "firstperson_righthand": {
      "rotation": [
        -20,
        0,
        9
      ],
      "translation": [
        -0.75,
        5,
        1
      ],
      "scale": [
        0.5,
        0.5,
        0.5
      ]
    },
    "firstperson_lefthand": {
      "rotation": [
        -20,
        0,
        9
      ],
      "translation": [
        -0.75,
        5,
        1
      ],
      "scale": [
        0.5,
        0.5,
        0.5
      ]
    },
    "ground": {
      "rotation": [
        0,
        0,
        -80
      ],
      "translation": [
        2.5,
        0,
        0
      ],
      "scale": [
        0.56836,
        0.56836,
        0.56836
      ]
    },
    "gui": {
      "rotation": [
        88,
        45,
        -88
      ],
      "translation": [
        0.75,
        0.25,
        -2
      ],
      "scale": [
        0.39453,
        0.39453,
        0.39453
      ]
    },
    "head": {
      "rotation": [
        -135.5,
        0,
        0
      ],
      "translation": [
        0,
        14,
        5.75
      ],
      "scale": [
        0.7,
        0.7,
        0.7
      ]
    },
    "fixed": {
      "rotation": [
        0,
        90,
        0
      ],
      "translation": [
        0,
        3.25,
        -2
      ],
      "scale": [
        1.25,
        1.25,
        1.25
      ]
    }
  },
  "groups": [
    {
      "name": "group",
      "origin": [
        0,
        3,
        0
      ],
      "color": 0,
      "boneType": "",
      "children": [
        {
          "name": "group",
          "origin": [
            8,
            -5,
            8
          ],
          "color": 0,
          "boneType": "",
          "children": [
            0,
            1,
            2,
            3,
            4,
            5,
            6
          ]
        },
        7,
        {
          "name": "group",
          "origin": [
            13,
            15,
            9
          ],
          "color": 0,
          "boneType": "",
          "children": [
            8,
            9,
            10
          ]
        },
        {
          "name": "group",
          "origin": [
            3,
            15,
            9
          ],
          "color": 0,
          "boneType": "",
          "children": [
            11,
            12,
            13,
            14,
            15,
            16,
            17,
            18
          ]
        },
        {
          "name": "group",
          "origin": [
            15.5,
            2.35,
            8
          ],
          "color": 0,
          "boneType": "",
          "children": [
            19,
            20
          ]
        },
        {
          "name": "group",
          "origin": [
            15.5,
            2.35,
            8
          ],
          "color": 0,
          "boneType": "",
          "children": [
            21,
            22
          ]
        }
      ]
    },
    23,
    24,
    25,
    26
  ]
}