{
  "credit": "MadewithBlockbench",
  "texture_size": [
    64,
    64
  ],
  "textures": {
    "1": "warden_set:warden_weapon_1",
    "2": "warden_set:animation_1",
    "3": "warden_set:animation_2",
    "4": "warden_set:animation_3",
    "particle": "warden_set:animation_1"
  },
  "elements": [
    {
      "from": [
        0,
        0,
        2
      ],
      "to": [
        16,
        6,
        14
      ],
      "rotation": {
        "angle": 0,
        "axis": "y",
        "origin": [
          8,
          15.5,
          0
        ]
      },
      "faces": {
        "north": {
          "uv": [
            9,
            10.75,
            5,
            12.25
          ],
          "texture": "#1"
        },
        "east": {
          "uv": [
            11.5,
            13.25,
            8.5,
            14.75
          ],
          "texture": "#1"
        },
        "south": {
          "uv": [
            9,
            10.75,
            5,
            12.25
          ],
          "texture": "#1"
        },
        "west": {
          "uv": [
            11.5,
            13.25,
            8.5,
            14.75
          ],
          "texture": "#1"
        },
        "down": {
          "uv": [
            9.25,
            6.75,
            6.25,
            10.75
          ],
          "rotation": 270,
          "texture": "#1"
        }
      }
    },
    {
      "from": [
        -0.5,
        0,
        1.5
      ],
      "to": [
        16.5,
        1,
        14.5
      ],
      "rotation": {
        "angle": 0,
        "axis": "y",
        "origin": [
          8,
          15.5,
          0
        ]
      },
      "faces": {
        "north": {
          "uv": [
            0,
            0,
            16,
            16
          ],
          "rotation": 180,
          "texture": "#2"
        },
        "east": {
          "uv": [
            0,
            0,
            16,
            16
          ],
          "rotation": 180,
          "texture": "#2"
        },
        "south": {
          "uv": [
            0,
            0,
            16,
            16
          ],
          "rotation": 180,
          "texture": "#2"
        },
        "west": {
          "uv": [
            0,
            0,
            16,
            16
          ],
          "rotation": 180,
          "texture": "#2"
        },
        "up": {
          "uv": [
            0,
            0,
            16,
            16
          ],
          "rotation": 180,
          "texture": "#2"
        }
      }
    },
    {
      "from": [
        -1,
        6,
        1
      ],
      "to": [
        17,
        12,
        15
      ],
      "rotation": {
        "angle": 0,
        "axis": "y",
        "origin": [
          8,
          0.5,
          0
        ]
      },
      "faces": {
        "north": {
          "uv": [
            10.75,
            13.25,
            9.25,
            8.75
          ],
          "rotation": 90,
          "texture": "#1"
        },
        "east": {
          "uv": [
            12.25,
            13.25,
            10.75,
            9.75
          ],
          "rotation": 90,
          "texture": "#1"
        },
        "south": {
          "uv": [
            10.75,
            13.25,
            9.25,
            8.75
          ],
          "rotation": 90,
          "texture": "#1"
        },
        "west": {
          "uv": [
            12.25,
            13.25,
            10.75,
            9.75
          ],
          "rotation": 90,
          "texture": "#1"
        },
        "up": {
          "uv": [
            10,
            4.25,
            13.5,
            8.75
          ],
          "rotation": 270,
          "texture": "#1"
        },
        "down": {
          "uv": [
            13.5,
            4.25,
            10,
            8.75
          ],
          "rotation": 270,
          "texture": "#1"
        }
      }
    },
    {
      "from": [
        8.00537,
        6.77006,
        14.79937
      ],
      "to": [
        8.00537,
        11.77006,
        22.79937
      ],
      "rotation": {
        "angle": -22.5,
        "axis": "x",
        "origin": [
          11.30984,
          6.75,
          4.99553
        ]
      },
      "faces": {
        "east": {
          "uv": [
            7.5,
            1.25,
            9.5,
            0
          ],
          "texture": "#1"
        },
        "west": {
          "uv": [
            9.5,
            1.25,
            7.5,
            0
          ],
          "texture": "#1"
        }
      }
    },
    {
      "from": [
        9.50537,
        6.77006,
        13.29937
      ],
      "to": [
        9.50537,
        11.77006,
        19.29937
      ],
      "rotation": {
        "angle": -22.5,
        "axis": "x",
        "origin": [
          11.30984,
          6.75,
          4.99553
        ]
      },
      "faces": {
        "east": {
          "uv": [
            7.5,
            2.5,
            9,
            1.25
          ],
          "texture": "#1"
        },
        "west": {
          "uv": [
            9,
            2.5,
            7.5,
            1.25
          ],
          "texture": "#1"
        }
      }
    },
    {
      "from": [
        6.50537,
        6.77006,
        13.29937
      ],
      "to": [
        6.50537,
        11.77006,
        19.29937
      ],
      "rotation": {
        "angle": -22.5,
        "axis": "x",
        "origin": [
          11.30984,
          6.75,
          4.99553
        ]
      },
      "faces": {
        "east": {
          "uv": [
            7.5,
            2.5,
            9,
            1.25
          ],
          "texture": "#1"
        },
        "west": {
          "uv": [
            9,
            2.5,
            7.5,
            1.25
          ],
          "texture": "#1"
        }
      }
    },
    {
      "from": [
        5,
        12,
        5
      ],
      "to": [
        11,
        16,
        11
      ],
      "rotation": {
        "angle": 0,
        "axis": "y",
        "origin": [
          8,
          16,
          2
        ]
      },
      "faces": {
        "north": {
          "uv": [
            6,
            1,
            4.5,
            2
          ],
          "texture": "#1"
        },
        "east": {
          "uv": [
            6,
            0,
            4.5,
            1
          ],
          "texture": "#1"
        },
        "south": {
          "uv": [
            4.5,
            1,
            6,
            2
          ],
          "texture": "#1"
        },
        "west": {
          "uv": [
            4.5,
            0,
            6,
            1
          ],
          "texture": "#1"
        },
        "up": {
          "uv": [
            0,
            5,
            1.5,
            3.5
          ],
          "rotation": 270,
          "texture": "#1"
        },
        "down": {
          "uv": [
            1.5,
            3.5,
            3,
            5
          ],
          "rotation": 90,
          "texture": "#1"
        }
      }
    },
    {
      "from": [
        12,
        0,
        8
      ],
      "to": [
        28,
        16,
        8
      ],
      "rotation": {
        "angle": 0,
        "axis": "y",
        "origin": [
          24,
          16,
          6
        ]
      },
      "faces": {
        "north": {
          "uv": [
            0,
            0,
            16,
            16
          ],
          "texture": "#4"
        },
        "east": {
          "uv": [
            0.25,
            10.5,
            1.5,
            8.5
          ],
          "rotation": 90,
          "texture": "#1"
        },
        "south": {
          "uv": [
            16,
            0,
            0,
            16
          ],
          "texture": "#4"
        },
        "west": {
          "uv": [
            0.25,
            10.5,
            1.5,
            8.5
          ],
          "rotation": 90,
          "texture": "#1"
        },
        "up": {
          "uv": [
            1.5,
            10.5,
            3.5,
            8.5
          ],
          "rotation": 270,
          "texture": "#1"
        },
        "down": {
          "uv": [
            1.5,
            8.5,
            3.5,
            6.5
          ],
          "rotation": 270,
          "texture": "#1"
        }
      }
    },
    {
      "from": [
        -12,
        0,
        8
      ],
      "to": [
        4,
        16,
        8
      ],
      "rotation": {
        "angle": 0,
        "axis": "y",
        "origin": [
          -8,
          16,
          6
        ]
      },
      "faces": {
        "north": {
          "uv": [
            16,
            0,
            0,
            16
          ],
          "texture": "#4"
        },
        "east": {
          "uv": [
            0.25,
            8.5,
            1.5,
            10.5
          ],
          "rotation": 90,
          "texture": "#1"
        },
        "south": {
          "uv": [
            0,
            0,
            16,
            16
          ],
          "texture": "#4"
        },
        "west": {
          "uv": [
            0.25,
            8.5,
            1.5,
            10.5
          ],
          "rotation": 90,
          "texture": "#1"
        },
        "up": {
          "uv": [
            1.5,
            8.5,
            3.5,
            10.5
          ],
          "rotation": 270,
          "texture": "#1"
        },
        "down": {
          "uv": [
            1.5,
            6.5,
            3.5,
            8.5
          ],
          "rotation": 270,
          "texture": "#1"
        }
      }
    },
    {
      "from": [
        -1,
        11.25,
        5.75
      ],
      "to": [
        17,
        16.25,
        9.75
      ],
      "rotation": {
        "angle": 45,
        "axis": "x",
        "origin": [
          8,
          15.5,
          5
        ]
      },
      "faces": {
        "north": {
          "uv": [
            13.5,
            7,
            14.75,
            11.5
          ],
          "rotation": 90,
          "texture": "#1"
        },
        "east": {
          "uv": [
            13.5,
            6,
            14.75,
            7
          ],
          "rotation": 90,
          "texture": "#1"
        },
        "west": {
          "uv": [
            13.5,
            7,
            14.75,
            6
          ],
          "rotation": 90,
          "texture": "#1"
        }
      }
    },
    {
      "from": [
        0,
        8.25,
        5.25
      ],
      "to": [
        16,
        18.25,
        5.25
      ],
      "rotation": {
        "angle": 45,
        "axis": "x",
        "origin": [
          8,
          15.5,
          5
        ]
      },
      "faces": {
        "north": {
          "uv": [
            0,
            3.5,
            16,
            13.5
          ],
          "texture": "#3"
        },
        "east": {
          "uv": [
            13.5,
            6,
            14.75,
            7
          ],
          "rotation": 90,
          "texture": "#1"
        },
        "south": {
          "uv": [
            16,
            3.5,
            0,
            13.5
          ],
          "texture": "#3"
        },
        "west": {
          "uv": [
            13.5,
            7,
            14.75,
            6
          ],
          "rotation": 90,
          "texture": "#1"
        }
      }
    },
    {
      "from": [
        0,
        8.25,
        10.75
      ],
      "to": [
        16,
        18.25,
        10.75
      ],
      "rotation": {
        "angle": -45,
        "axis": "x",
        "origin": [
          8,
          15.5,
          11
        ]
      },
      "faces": {
        "north": {
          "uv": [
            0,
            3.5,
            16,
            13.5
          ],
          "texture": "#3"
        },
        "east": {
          "uv": [
            13.5,
            7,
            14.75,
            6
          ],
          "rotation": 90,
          "texture": "#1"
        },
        "south": {
          "uv": [
            16,
            3.5,
            0,
            13.5
          ],
          "texture": "#3"
        },
        "west": {
          "uv": [
            13.5,
            6,
            14.75,
            7
          ],
          "rotation": 90,
          "texture": "#1"
        }
      }
    },
    {
      "from": [
        -1,
        10.75,
        10.25
      ],
      "to": [
        17,
        14.75,
        15.25
      ],
      "rotation": {
        "angle": 45,
        "axis": "x",
        "origin": [
          8,
          15.5,
          11
        ]
      },
      "faces": {
        "east": {
          "uv": [
            13.5,
            7,
            14.75,
            6
          ],
          "rotation": 180,
          "texture": "#1"
        },
        "west": {
          "uv": [
            13.5,
            6,
            14.75,
            7
          ],
          "texture": "#1"
        },
        "up": {
          "uv": [
            13.5,
            11.5,
            14.75,
            7
          ],
          "rotation": 90,
          "texture": "#1"
        }
      }
    },
    {
      "from": [
        6,
        15.5,
        6
      ],
      "to": [
        10,
        17.5,
        10
      ],
      "rotation": {
        "angle": 0,
        "axis": "y",
        "origin": [
          8,
          21,
          2
        ]
      },
      "faces": {
        "north": {
          "uv": [
            6.5,
            4.5,
            5.5,
            4
          ],
          "texture": "#1"
        },
        "east": {
          "uv": [
            6.5,
            4,
            5.5,
            3.5
          ],
          "texture": "#1"
        },
        "south": {
          "uv": [
            5.5,
            4.5,
            6.5,
            4
          ],
          "texture": "#1"
        },
        "west": {
          "uv": [
            6.5,
            4,
            5.5,
            3.5
          ],
          "texture": "#1"
        },
        "up": {
          "uv": [
            4,
            4.5,
            3,
            5.5
          ],
          "rotation": 90,
          "texture": "#1"
        },
        "down": {
          "uv": [
            5.5,
            3.75,
            4.5,
            2.75
          ],
          "rotation": 270,
          "texture": "#1"
        }
      }
    },
    {
      "from": [
        4,
        20.5,
        4
      ],
      "to": [
        12,
        20.5,
        12
      ],
      "rotation": {
        "angle": 0,
        "axis": "y",
        "origin": [
          8,
          16,
          2
        ]
      },
      "faces": {
        "north": {
          "uv": [
            0.25,
            8.5,
            1.5,
            10.5
          ],
          "rotation": 90,
          "texture": "#1"
        },
        "east": {
          "uv": [
            0.25,
            8.5,
            1.5,
            10.5
          ],
          "rotation": 90,
          "texture": "#1"
        },
        "south": {
          "uv": [
            0.25,
            8.5,
            1.5,
            10.5
          ],
          "rotation": 90,
          "texture": "#1"
        },
        "west": {
          "uv": [
            0.25,
            8.5,
            1.5,
            10.5
          ],
          "rotation": 90,
          "texture": "#1"
        },
        "up": {
          "uv": [
            1.5,
            8.5,
            3.5,
            10.5
          ],
          "rotation": 180,
          "texture": "#1"
        },
        "down": {
          "uv": [
            3.5,
            8.5,
            1.5,
            10.5
          ],
          "texture": "#1"
        }
      }
    },
    {
      "from": [
        4,
        15.5,
        4
      ],
      "to": [
        4,
        20.5,
        12
      ],
      "rotation": {
        "angle": 0,
        "axis": "y",
        "origin": [
          8,
          16,
          2
        ]
      },
      "faces": {
        "north": {
          "uv": [
            0.25,
            8.5,
            1.5,
            10.5
          ],
          "rotation": 90,
          "texture": "#1"
        },
        "east": {
          "uv": [
            0.25,
            8.5,
            1.5,
            10.5
          ],
          "rotation": 90,
          "texture": "#1"
        },
        "south": {
          "uv": [
            0.25,
            8.5,
            1.5,
            10.5
          ],
          "rotation": 90,
          "texture": "#1"
        },
        "west": {
          "uv": [
            0.25,
            8.5,
            1.5,
            10.5
          ],
          "rotation": 90,
          "texture": "#1"
        },
        "up": {
          "uv": [
            1.5,
            8.5,
            3.5,
            10.5
          ],
          "rotation": 180,
          "texture": "#1"
        },
        "down": {
          "uv": [
            1.5,
            6.5,
            3.5,
            8.5
          ],
          "texture": "#1"
        }
      }
    },
    {
      "from": [
        4,
        15.5,
        4
      ],
      "to": [
        12,
        15.5,
        12
      ],
      "rotation": {
        "angle": 0,
        "axis": "y",
        "origin": [
          8,
          16,
          2
        ]
      },
      "faces": {
        "north": {
          "uv": [
            0.25,
            8.5,
            1.5,
            10.5
          ],
          "rotation": 90,
          "texture": "#1"
        },
        "east": {
          "uv": [
            0.25,
            8.5,
            1.5,
            10.5
          ],
          "rotation": 90,
          "texture": "#1"
        },
        "south": {
          "uv": [
            0.25,
            8.5,
            1.5,
            10.5
          ],
          "rotation": 90,
          "texture": "#1"
        },
        "west": {
          "uv": [
            0.25,
            8.5,
            1.5,
            10.5
          ],
          "rotation": 90,
          "texture": "#1"
        },
        "up": {
          "uv": [
            3.5,
            6.5,
            1.5,
            8.5
          ],
          "rotation": 180,
          "texture": "#1"
        },
        "down": {
          "uv": [
            1.5,
            6.5,
            3.5,
            8.5
          ],
          "texture": "#1"
        }
      }
    },
    {
      "from": [
        12,
        15.5,
        4
      ],
      "to": [
        12,
        20.5,
        12
      ],
      "rotation": {
        "angle": 0,
        "axis": "y",
        "origin": [
          8,
          16,
          2
        ]
      },
      "faces": {
        "north": {
          "uv": [
            0.25,
            8.5,
            1.5,
            10.5
          ],
          "rotation": 90,
          "texture": "#1"
        },
        "east": {
          "uv": [
            0.25,
            8.5,
            1.5,
            10.5
          ],
          "rotation": 90,
          "texture": "#1"
        },
        "south": {
          "uv": [
            0.25,
            8.5,
            1.5,
            10.5
          ],
          "rotation": 90,
          "texture": "#1"
        },
        "west": {
          "uv": [
            0.25,
            8.5,
            1.5,
            10.5
          ],
          "rotation": 90,
          "texture": "#1"
        },
        "up": {
          "uv": [
            1.5,
            8.5,
            3.5,
            10.5
          ],
          "rotation": 180,
          "texture": "#1"
        },
        "down": {
          "uv": [
            1.5,
            6.5,
            3.5,
            8.5
          ],
          "texture": "#1"
        }
      }
    },
    {
      "from": [
        4,
        15.5,
        4
      ],
      "to": [
        12,
        20.5,
        4
      ],
      "rotation": {
        "angle": 0,
        "axis": "y",
        "origin": [
          8,
          16,
          2
        ]
      },
      "faces": {
        "north": {
          "uv": [
            0.25,
            8.5,
            1.5,
            10.5
          ],
          "rotation": 90,
          "texture": "#1"
        },
        "east": {
          "uv": [
            0.25,
            8.5,
            1.5,
            10.5
          ],
          "rotation": 90,
          "texture": "#1"
        },
        "south": {
          "uv": [
            0.25,
            8.5,
            1.5,
            10.5
          ],
          "rotation": 90,
          "texture": "#1"
        },
        "west": {
          "uv": [
            0.25,
            8.5,
            1.5,
            10.5
          ],
          "rotation": 90,
          "texture": "#1"
        },
        "up": {
          "uv": [
            1.5,
            8.5,
            3.5,
            10.5
          ],
          "rotation": 180,
          "texture": "#1"
        },
        "down": {
          "uv": [
            1.5,
            6.5,
            3.5,
            8.5
          ],
          "texture": "#1"
        }
      }
    },
    {
      "from": [
        4,
        15.5,
        12
      ],
      "to": [
        12,
        20.5,
        12
      ],
      "rotation": {
        "angle": 0,
        "axis": "y",
        "origin": [
          8,
          16,
          2
        ]
      },
      "faces": {
        "north": {
          "uv": [
            0.25,
            8.5,
            1.5,
            10.5
          ],
          "rotation": 90,
          "texture": "#1"
        },
        "east": {
          "uv": [
            0.25,
            8.5,
            1.5,
            10.5
          ],
          "rotation": 90,
          "texture": "#1"
        },
        "south": {
          "uv": [
            0.25,
            8.5,
            1.5,
            10.5
          ],
          "rotation": 90,
          "texture": "#1"
        },
        "west": {
          "uv": [
            0.25,
            8.5,
            1.5,
            10.5
          ],
          "rotation": 90,
          "texture": "#1"
        },
        "up": {
          "uv": [
            1.5,
            8.5,
            3.5,
            10.5
          ],
          "rotation": 180,
          "texture": "#1"
        },
        "down": {
          "uv": [
            1.5,
            6.5,
            3.5,
            8.5
          ],
          "texture": "#1"
        }
      }
    },
    {
      "from": [
        -4.80223,
        13.04777,
        6
      ],
      "to": [
        1.19777,
        17.04777,
        10
      ],
      "rotation": {
        "angle": -22.5,
        "axis": "z",
        "origin": [
          -1.80223,
          15.45,
          8
        ]
      },
      "faces": {
        "north": {
          "uv": [
            1,
            15.5,
            0,
            14
          ],
          "rotation": 270,
          "texture": "#1"
        },
        "east": {
          "uv": [
            1,
            13.5,
            2,
            12.5
          ],
          "rotation": 180,
          "texture": "#1"
        },
        "south": {
          "uv": [
            0,
            15.5,
            1,
            14
          ],
          "rotation": 90,
          "texture": "#1"
        },
        "west": {
          "uv": [
            1,
            13.5,
            2,
            12.5
          ],
          "texture": "#1"
        },
        "up": {
          "uv": [
            1,
            12.5,
            0,
            14
          ],
          "rotation": 270,
          "texture": "#1"
        },
        "down": {
          "uv": [
            1,
            12.5,
            0,
            14
          ],
          "rotation": 270,
          "texture": "#1"
        }
      }
    },
    {
      "from": [
        0.05011,
        12.08258,
        5.9
      ],
      "to": [
        5.05011,
        16.08258,
        10.1
      ],
      "rotation": {
        "angle": 0,
        "axis": "y",
        "origin": [
          -1.80223,
          15.45,
          8
        ]
      },
      "faces": {
        "north": {
          "uv": [
            3.25,
            11.75,
            2.25,
            10.5
          ],
          "rotation": 270,
          "texture": "#1"
        },
        "east": {
          "uv": [
            2.25,
            12.75,
            3.25,
            11.75
          ],
          "rotation": 180,
          "texture": "#1"
        },
        "south": {
          "uv": [
            2.25,
            11.75,
            3.25,
            10.5
          ],
          "rotation": 90,
          "texture": "#1"
        },
        "west": {
          "uv": [
            2.25,
            12.75,
            3.25,
            11.75
          ],
          "texture": "#1"
        },
        "up": {
          "uv": [
            4.25,
            10.5,
            3.25,
            11.75
          ],
          "rotation": 270,
          "texture": "#1"
        },
        "down": {
          "uv": [
            4.25,
            10.5,
            3.25,
            11.75
          ],
          "rotation": 270,
          "texture": "#1"
        }
      }
    },
    {
      "from": [
        -5.16966,
        17.30234,
        6.1
      ],
      "to": [
        -1.16966,
        22.30234,
        9.9
      ],
      "rotation": {
        "angle": 45,
        "axis": "z",
        "origin": [
          -1.80223,
          15.45,
          8
        ]
      },
      "faces": {
        "north": {
          "uv": [
            1,
            15.75,
            2,
            14.5
          ],
          "rotation": 180,
          "texture": "#1"
        },
        "east": {
          "uv": [
            2,
            15.75,
            3,
            14.5
          ],
          "rotation": 180,
          "texture": "#1"
        },
        "south": {
          "uv": [
            1,
            15.75,
            2,
            14.5
          ],
          "rotation": 180,
          "texture": "#1"
        },
        "west": {
          "uv": [
            2,
            15.75,
            3,
            14.5
          ],
          "rotation": 180,
          "texture": "#1"
        },
        "up": {
          "uv": [
            2,
            13.5,
            1,
            14.5
          ],
          "rotation": 270,
          "texture": "#1"
        },
        "down": {
          "uv": [
            2,
            13.5,
            1,
            14.5
          ],
          "rotation": 90,
          "texture": "#1"
        }
      }
    },
    {
      "from": [
        -8,
        7.45,
        8.1
      ],
      "to": [
        -1,
        12.45,
        8.1
      ],
      "rotation": {
        "angle": 22.5,
        "axis": "z",
        "origin": [
          -3,
          13.45,
          8
        ]
      },
      "faces": {
        "north": {
          "uv": [
            8.25,
            4.5,
            10,
            3.25
          ],
          "texture": "#1"
        },
        "south": {
          "uv": [
            10,
            4.5,
            8.25,
            3.25
          ],
          "texture": "#1"
        }
      }
    },
    {
      "from": [
        -5.15596,
        17.01727,
        6.4
      ],
      "to": [
        -3.15596,
        21.01727,
        8.4
      ],
      "rotation": {
        "angle": 22.5,
        "axis": "z",
        "origin": [
          -2.68302,
          20.38421,
          7.4
        ]
      },
      "faces": {
        "north": {
          "uv": [
            4.25,
            11.75,
            3.25,
            12.25
          ],
          "rotation": 270,
          "texture": "#1"
        },
        "east": {
          "uv": [
            4.25,
            11.75,
            3.25,
            12.25
          ],
          "rotation": 270,
          "texture": "#1"
        },
        "south": {
          "uv": [
            4.25,
            11.75,
            3.25,
            12.25
          ],
          "rotation": 270,
          "texture": "#1"
        },
        "west": {
          "uv": [
            4.25,
            11.75,
            3.25,
            12.25
          ],
          "rotation": 270,
          "texture": "#1"
        },
        "up": {
          "uv": [
            3.75,
            12.25,
            4,
            12.5
          ],
          "rotation": 90,
          "texture": "#1"
        },
        "down": {
          "uv": [
            3.25,
            12.75,
            3.75,
            12.25
          ],
          "rotation": 90,
          "texture": "#1"
        }
      }
    },
    {
      "from": [
        -4.7786,
        19.12178,
        6.5
      ],
      "to": [
        -2.9786,
        23.12178,
        8.3
      ],
      "rotation": {
        "angle": -22.5,
        "axis": "z",
        "origin": [
          -2.68302,
          20.38421,
          7.4
        ]
      },
      "faces": {
        "north": {
          "uv": [
            3.5,
            13.25,
            4.5,
            12.75
          ],
          "rotation": 90,
          "texture": "#1"
        },
        "east": {
          "uv": [
            3.5,
            13.25,
            4.5,
            12.75
          ],
          "rotation": 90,
          "texture": "#1"
        },
        "south": {
          "uv": [
            3.5,
            13.25,
            4.5,
            12.75
          ],
          "rotation": 90,
          "texture": "#1"
        },
        "west": {
          "uv": [
            3.5,
            13.25,
            4.5,
            12.75
          ],
          "rotation": 90,
          "texture": "#1"
        },
        "up": {
          "uv": [
            4.25,
            12.75,
            3.75,
            12.25
          ],
          "rotation": 270,
          "texture": "#1"
        },
        "down": {
          "uv": [
            4.25,
            12.25,
            3.75,
            12.75
          ],
          "rotation": 270,
          "texture": "#1"
        }
      }
    },
    {
      "from": [
        -3.21008,
        17.14793,
        7.4
      ],
      "to": [
        0.78992,
        23.14793,
        7.4
      ],
      "rotation": {
        "angle": 22.5,
        "axis": "z",
        "origin": [
          -2.68302,
          20.38421,
          7.4
        ]
      },
      "faces": {
        "north": {
          "uv": [
            16,
            1.25,
            14.5,
            2.25
          ],
          "rotation": 90,
          "texture": "#1"
        },
        "east": {
          "uv": [
            6.5,
            10,
            6,
            10.5
          ],
          "rotation": 270,
          "texture": "#1"
        },
        "south": {
          "uv": [
            16,
            2.25,
            14.5,
            1.25
          ],
          "rotation": 90,
          "texture": "#1"
        },
        "west": {
          "uv": [
            3,
            14,
            2.5,
            14.5
          ],
          "rotation": 270,
          "texture": "#1"
        },
        "up": {
          "uv": [
            5.5,
            3.75,
            4.5,
            4.75
          ],
          "rotation": 90,
          "texture": "#1"
        },
        "down": {
          "uv": [
            4.5,
            4.75,
            5.5,
            3.75
          ],
          "rotation": 90,
          "texture": "#1"
        }
      }
    },
    {
      "from": [
        14.80223,
        13.04777,
        6
      ],
      "to": [
        20.80223,
        17.04777,
        10
      ],
      "rotation": {
        "angle": 22.5,
        "axis": "z",
        "origin": [
          17.80223,
          15.45,
          8
        ]
      },
      "faces": {
        "north": {
          "uv": [
            1,
            14,
            0,
            15.5
          ],
          "rotation": 270,
          "texture": "#1"
        },
        "east": {
          "uv": [
            2,
            13.5,
            1,
            12.5
          ],
          "texture": "#1"
        },
        "south": {
          "uv": [
            0,
            14,
            1,
            15.5
          ],
          "rotation": 90,
          "texture": "#1"
        },
        "west": {
          "uv": [
            2,
            13.5,
            1,
            12.5
          ],
          "rotation": 180,
          "texture": "#1"
        },
        "up": {
          "uv": [
            1,
            14,
            0,
            12.5
          ],
          "rotation": 270,
          "texture": "#1"
        },
        "down": {
          "uv": [
            1,
            14,
            0,
            12.5
          ],
          "rotation": 270,
          "texture": "#1"
        }
      }
    },
    {
      "from": [
        10.94989,
        12.08258,
        5.9
      ],
      "to": [
        15.94989,
        16.08258,
        10.1
      ],
      "rotation": {
        "angle": 0,
        "axis": "y",
        "origin": [
          17.80223,
          15.45,
          8
        ]
      },
      "faces": {
        "north": {
          "uv": [
            3.25,
            10.5,
            2.25,
            11.75
          ],
          "rotation": 270,
          "texture": "#1"
        },
        "east": {
          "uv": [
            3.25,
            12.75,
            2.25,
            11.75
          ],
          "texture": "#1"
        },
        "south": {
          "uv": [
            2.25,
            10.5,
            3.25,
            11.75
          ],
          "rotation": 90,
          "texture": "#1"
        },
        "west": {
          "uv": [
            3.25,
            12.75,
            2.25,
            11.75
          ],
          "rotation": 180,
          "texture": "#1"
        },
        "up": {
          "uv": [
            4.25,
            11.75,
            3.25,
            10.5
          ],
          "rotation": 270,
          "texture": "#1"
        },
        "down": {
          "uv": [
            4.25,
            11.75,
            3.25,
            10.5
          ],
          "rotation": 270,
          "texture": "#1"
        }
      }
    },
    {
      "from": [
        17.16966,
        17.30234,
        6.1
      ],
      "to": [
        21.16966,
        22.30234,
        9.9
      ],
      "rotation": {
        "angle": -45,
        "axis": "z",
        "origin": [
          17.80223,
          15.45,
          8
        ]
      },
      "faces": {
        "north": {
          "uv": [
            2,
            15.75,
            1,
            14.5
          ],
          "rotation": 180,
          "texture": "#1"
        },
        "east": {
          "uv": [
            3,
            15.75,
            2,
            14.5
          ],
          "rotation": 180,
          "texture": "#1"
        },
        "south": {
          "uv": [
            2,
            15.75,
            1,
            14.5
          ],
          "rotation": 180,
          "texture": "#1"
        },
        "west": {
          "uv": [
            3,
            15.75,
            2,
            14.5
          ],
          "rotation": 180,
          "texture": "#1"
        },
        "up": {
          "uv": [
            2,
            14.5,
            1,
            13.5
          ],
          "rotation": 270,
          "texture": "#1"
        },
        "down": {
          "uv": [
            2,
            14.5,
            1,
            13.5
          ],
          "rotation": 90,
          "texture": "#1"
        }
      }
    },
    {
      "from": [
        16.66966,
        19.80234,
        5.6
      ],
      "to": [
        21.66966,
        22.80234,
        10.4
      ],
      "rotation": {
        "angle": -45,
        "axis": "z",
        "origin": [
          17.80223,
          15.45,
          8
        ]
      },
      "faces": {
        "north": {
          "uv": [
            0,
            0,
            16,
            16
          ],
          "rotation": 180,
          "texture": "#2"
        },
        "east": {
          "uv": [
            0,
            0,
            16,
            16
          ],
          "rotation": 180,
          "texture": "#2"
        },
        "south": {
          "uv": [
            0,
            0,
            16,
            16
          ],
          "rotation": 180,
          "texture": "#2"
        },
        "west": {
          "uv": [
            0,
            0,
            16,
            16
          ],
          "rotation": 180,
          "texture": "#2"
        },
        "up": {
          "uv": [
            0,
            0,
            16,
            16
          ],
          "rotation": 180,
          "texture": "#2"
        },
        "down": {
          "uv": [
            0,
            0,
            16,
            16
          ],
          "rotation": 180,
          "texture": "#2"
        }
      }
    },
    {
      "from": [
        -5.66966,
        19.80234,
        5.6
      ],
      "to": [
        -0.66966,
        22.80234,
        10.4
      ],
      "rotation": {
        "angle": 45,
        "axis": "z",
        "origin": [
          -1.80223,
          15.45,
          8
        ]
      },
      "faces": {
        "north": {
          "uv": [
            16,
            0,
            0,
            16
          ],
          "rotation": 180,
          "texture": "#2"
        },
        "east": {
          "uv": [
            16,
            0,
            0,
            16
          ],
          "rotation": 180,
          "texture": "#2"
        },
        "south": {
          "uv": [
            16,
            0,
            0,
            16
          ],
          "rotation": 180,
          "texture": "#2"
        },
        "west": {
          "uv": [
            16,
            0,
            0,
            16
          ],
          "rotation": 180,
          "texture": "#2"
        },
        "up": {
          "uv": [
            16,
            0,
            0,
            16
          ],
          "rotation": 180,
          "texture": "#2"
        },
        "down": {
          "uv": [
            16,
            0,
            0,
            16
          ],
          "rotation": 180,
          "texture": "#2"
        }
      }
    },
    {
      "from": [
        17,
        7.45,
        8.1
      ],
      "to": [
        24,
        12.45,
        8.1
      ],
      "rotation": {
        "angle": -22.5,
        "axis": "z",
        "origin": [
          19,
          13.45,
          8
        ]
      },
      "faces": {
        "north": {
          "uv": [
            10,
            4.5,
            8.25,
            3.25
          ],
          "texture": "#1"
        },
        "south": {
          "uv": [
            8.25,
            4.5,
            10,
            3.25
          ],
          "texture": "#1"
        }
      }
    },
    {
      "from": [
        19.15596,
        17.01727,
        6.4
      ],
      "to": [
        21.15596,
        21.01727,
        8.4
      ],
      "rotation": {
        "angle": -22.5,
        "axis": "z",
        "origin": [
          18.68302,
          20.38421,
          7.4
        ]
      },
      "faces": {
        "north": {
          "uv": [
            4.25,
            12.25,
            3.25,
            11.75
          ],
          "rotation": 270,
          "texture": "#1"
        },
        "east": {
          "uv": [
            4.25,
            12.25,
            3.25,
            11.75
          ],
          "rotation": 270,
          "texture": "#1"
        },
        "south": {
          "uv": [
            4.25,
            12.25,
            3.25,
            11.75
          ],
          "rotation": 270,
          "texture": "#1"
        },
        "west": {
          "uv": [
            4.25,
            12.25,
            3.25,
            11.75
          ],
          "rotation": 270,
          "texture": "#1"
        },
        "up": {
          "uv": [
            3.75,
            12.5,
            4,
            12.25
          ],
          "rotation": 90,
          "texture": "#1"
        },
        "down": {
          "uv": [
            3.25,
            12.25,
            3.75,
            12.75
          ],
          "rotation": 90,
          "texture": "#1"
        }
      }
    },
    {
      "from": [
        18.9786,
        19.12178,
        6.5
      ],
      "to": [
        20.7786,
        23.12178,
        8.3
      ],
      "rotation": {
        "angle": 22.5,
        "axis": "z",
        "origin": [
          18.68302,
          20.38421,
          7.4
        ]
      },
      "faces": {
        "north": {
          "uv": [
            3.5,
            12.75,
            4.5,
            13.25
          ],
          "rotation": 90,
          "texture": "#1"
        },
        "east": {
          "uv": [
            3.5,
            12.75,
            4.5,
            13.25
          ],
          "rotation": 90,
          "texture": "#1"
        },
        "south": {
          "uv": [
            3.5,
            12.75,
            4.5,
            13.25
          ],
          "rotation": 90,
          "texture": "#1"
        },
        "west": {
          "uv": [
            3.5,
            12.75,
            4.5,
            13.25
          ],
          "rotation": 90,
          "texture": "#1"
        },
        "up": {
          "uv": [
            4.25,
            12.25,
            3.75,
            12.75
          ],
          "rotation": 270,
          "texture": "#1"
        },
        "down": {
          "uv": [
            4.25,
            12.75,
            3.75,
            12.25
          ],
          "rotation": 270,
          "texture": "#1"
        }
      }
    },
    {
      "from": [
        15.21008,
        17.14793,
        7.4
      ],
      "to": [
        19.21008,
        23.14793,
        7.4
      ],
      "rotation": {
        "angle": -22.5,
        "axis": "z",
        "origin": [
          18.68302,
          20.38421,
          7.4
        ]
      },
      "faces": {
        "north": {
          "uv": [
            16,
            2.25,
            14.5,
            1.25
          ],
          "rotation": 90,
          "texture": "#1"
        },
        "east": {
          "uv": [
            3,
            14.5,
            2.5,
            14
          ],
          "rotation": 270,
          "texture": "#1"
        },
        "south": {
          "uv": [
            16,
            1.25,
            14.5,
            2.25
          ],
          "rotation": 90,
          "texture": "#1"
        },
        "west": {
          "uv": [
            6.5,
            10.5,
            6,
            10
          ],
          "rotation": 270,
          "texture": "#1"
        },
        "up": {
          "uv": [
            5.5,
            4.75,
            4.5,
            3.75
          ],
          "rotation": 90,
          "texture": "#1"
        },
        "down": {
          "uv": [
            4.5,
            3.75,
            5.5,
            4.75
          ],
          "rotation": 90,
          "texture": "#1"
        }
      }
    },
    {
      "from": [
        6,
        6,
        -1
      ],
      "to": [
        10,
        10,
        1
      ],
      "rotation": {
        "angle": 0,
        "axis": "y",
        "origin": [
          8,
          8,
          0
        ]
      },
      "faces": {
        "north": {
          "uv": [
            7.25,
            5.75,
            6.25,
            6.75
          ],
          "rotation": 270,
          "texture": "#1"
        },
        "east": {
          "uv": [
            5.5,
            3.5,
            6.5,
            4
          ],
          "rotation": 270,
          "texture": "#1"
        },
        "south": {
          "uv": [
            5.5,
            3.75,
            4.5,
            2.75
          ],
          "rotation": 270,
          "texture": "#1"
        },
        "west": {
          "uv": [
            5.5,
            3.5,
            6.5,
            4
          ],
          "rotation": 90,
          "texture": "#1"
        },
        "up": {
          "uv": [
            6.5,
            4,
            5.5,
            4.5
          ],
          "rotation": 180,
          "texture": "#1"
        },
        "down": {
          "uv": [
            5.5,
            4,
            6.5,
            4.5
          ],
          "texture": "#1"
        }
      }
    },
    {
      "from": [
        7,
        2,
        -1
      ],
      "to": [
        9,
        6,
        1
      ],
      "rotation": {
        "angle": 0,
        "axis": "y",
        "origin": [
          8,
          8,
          0
        ]
      },
      "faces": {
        "north": {
          "uv": [
            4,
            4.75,
            3,
            5.25
          ],
          "rotation": 270,
          "texture": "#1"
        },
        "east": {
          "uv": [
            5.5,
            3.5,
            6.5,
            4
          ],
          "rotation": 270,
          "texture": "#1"
        },
        "south": {
          "uv": [
            5.5,
            3.25,
            4.5,
            2.75
          ],
          "rotation": 270,
          "texture": "#1"
        },
        "west": {
          "uv": [
            5.5,
            3.5,
            6.5,
            4
          ],
          "rotation": 90,
          "texture": "#1"
        },
        "up": {
          "uv": [
            6,
            4,
            5.5,
            4.5
          ],
          "rotation": 180,
          "texture": "#1"
        },
        "down": {
          "uv": [
            5.5,
            4,
            6,
            4.5
          ],
          "texture": "#1"
        }
      }
    },
    {
      "from": [
        3.75,
        5,
        -0.25
      ],
      "to": [
        7.75,
        6,
        0.75
      ],
      "rotation": {
        "angle": 0,
        "axis": "y",
        "origin": [
          5,
          9,
          0.5
        ]
      },
      "faces": {
        "north": {
          "uv": [
            6.5,
            4.5,
            5.5,
            4.75
          ],
          "texture": "#1"
        },
        "east": {
          "uv": [
            6.25,
            0,
            6,
            0.25
          ],
          "texture": "#1"
        },
        "south": {
          "uv": [
            5.5,
            4.5,
            6.5,
            4.75
          ],
          "texture": "#1"
        },
        "west": {
          "uv": [
            3,
            5,
            2.75,
            5.25
          ],
          "texture": "#1"
        },
        "up": {
          "uv": [
            3.25,
            3.5,
            3,
            4.5
          ],
          "rotation": 90,
          "texture": "#1"
        },
        "down": {
          "uv": [
            5,
            6.75,
            4.75,
            5.75
          ],
          "rotation": 270,
          "texture": "#1"
        }
      }
    },
    {
      "from": [
        4.75,
        3,
        -0.25
      ],
      "to": [
        7.75,
        4,
        0.75
      ],
      "rotation": {
        "angle": 0,
        "axis": "y",
        "origin": [
          5,
          9,
          0.5
        ]
      },
      "faces": {
        "north": {
          "uv": [
            6.25,
            4.5,
            5.5,
            4.75
          ],
          "texture": "#1"
        },
        "east": {
          "uv": [
            6.25,
            0,
            6,
            0.25
          ],
          "texture": "#1"
        },
        "south": {
          "uv": [
            5.5,
            4.5,
            6.25,
            4.75
          ],
          "texture": "#1"
        },
        "west": {
          "uv": [
            3,
            5,
            2.75,
            5.25
          ],
          "texture": "#1"
        },
        "up": {
          "uv": [
            3.25,
            3.5,
            3,
            4.25
          ],
          "rotation": 90,
          "texture": "#1"
        },
        "down": {
          "uv": [
            5,
            6.5,
            4.75,
            5.75
          ],
          "rotation": 270,
          "texture": "#1"
        }
      }
    },
    {
      "from": [
        3,
        6.75,
        -0.25
      ],
      "to": [
        7,
        8.75,
        0.75
      ],
      "rotation": {
        "angle": -22.5,
        "axis": "z",
        "origin": [
          5,
          9,
          0.5
        ]
      },
      "faces": {
        "north": {
          "uv": [
            6.5,
            4.5,
            5.5,
            5
          ],
          "texture": "#1"
        },
        "east": {
          "uv": [
            6.25,
            0,
            6,
            0.5
          ],
          "texture": "#1"
        },
        "south": {
          "uv": [
            5.5,
            4.5,
            6.5,
            5
          ],
          "texture": "#1"
        },
        "west": {
          "uv": [
            3,
            5,
            2.75,
            5.5
          ],
          "texture": "#1"
        },
        "up": {
          "uv": [
            3.25,
            3.5,
            3,
            4.5
          ],
          "rotation": 90,
          "texture": "#1"
        },
        "down": {
          "uv": [
            5,
            6.75,
            4.75,
            5.75
          ],
          "rotation": 270,
          "texture": "#1"
        }
      }
    },
    {
      "from": [
        3,
        9,
        0
      ],
      "to": [
        7,
        11,
        1
      ],
      "rotation": {
        "angle": -45,
        "axis": "z",
        "origin": [
          5,
          9,
          0.5
        ]
      },
      "faces": {
        "north": {
          "uv": [
            6.5,
            4.5,
            5.5,
            5
          ],
          "texture": "#1"
        },
        "east": {
          "uv": [
            6.25,
            0,
            6,
            0.5
          ],
          "texture": "#1"
        },
        "south": {
          "uv": [
            5.5,
            4.5,
            6.5,
            5
          ],
          "texture": "#1"
        },
        "west": {
          "uv": [
            3,
            5,
            2.75,
            5.5
          ],
          "texture": "#1"
        },
        "up": {
          "uv": [
            3.25,
            3.5,
            3,
            4.5
          ],
          "rotation": 90,
          "texture": "#1"
        },
        "down": {
          "uv": [
            5,
            6.75,
            4.75,
            5.75
          ],
          "rotation": 270,
          "texture": "#1"
        }
      }
    },
    {
      "from": [
        8.25,
        5,
        -0.25
      ],
      "to": [
        12.25,
        6,
        0.75
      ],
      "rotation": {
        "angle": 0,
        "axis": "y",
        "origin": [
          11,
          9,
          0.5
        ]
      },
      "faces": {
        "north": {
          "uv": [
            5.5,
            4.5,
            6.5,
            4.75
          ],
          "texture": "#1"
        },
        "east": {
          "uv": [
            2.75,
            5,
            3,
            5.25
          ],
          "texture": "#1"
        },
        "south": {
          "uv": [
            6.5,
            4.5,
            5.5,
            4.75
          ],
          "texture": "#1"
        },
        "west": {
          "uv": [
            6,
            0,
            6.25,
            0.25
          ],
          "texture": "#1"
        },
        "up": {
          "uv": [
            3.25,
            4.5,
            3,
            3.5
          ],
          "rotation": 90,
          "texture": "#1"
        },
        "down": {
          "uv": [
            5,
            5.75,
            4.75,
            6.75
          ],
          "rotation": 270,
          "texture": "#1"
        }
      }
    },
    {
      "from": [
        8.25,
        3,
        -0.25
      ],
      "to": [
        11.25,
        4,
        0.75
      ],
      "rotation": {
        "angle": 0,
        "axis": "y",
        "origin": [
          11,
          9,
          0.5
        ]
      },
      "faces": {
        "north": {
          "uv": [
            5.5,
            4.5,
            6.25,
            4.75
          ],
          "texture": "#1"
        },
        "east": {
          "uv": [
            2.75,
            5,
            3,
            5.25
          ],
          "texture": "#1"
        },
        "south": {
          "uv": [
            6.25,
            4.5,
            5.5,
            4.75
          ],
          "texture": "#1"
        },
        "west": {
          "uv": [
            6,
            0,
            6.25,
            0.25
          ],
          "texture": "#1"
        },
        "up": {
          "uv": [
            3.25,
            4.25,
            3,
            3.5
          ],
          "rotation": 90,
          "texture": "#1"
        },
        "down": {
          "uv": [
            5,
            5.75,
            4.75,
            6.5
          ],
          "rotation": 270,
          "texture": "#1"
        }
      }
    },
    {
      "from": [
        9,
        6.75,
        -0.25
      ],
      "to": [
        13,
        8.75,
        0.75
      ],
      "rotation": {
        "angle": 22.5,
        "axis": "z",
        "origin": [
          11,
          9,
          0.5
        ]
      },
      "faces": {
        "north": {
          "uv": [
            5.5,
            4.5,
            6.5,
            5
          ],
          "texture": "#1"
        },
        "east": {
          "uv": [
            2.75,
            5,
            3,
            5.5
          ],
          "texture": "#1"
        },
        "south": {
          "uv": [
            6.5,
            4.5,
            5.5,
            5
          ],
          "texture": "#1"
        },
        "west": {
          "uv": [
            6,
            0,
            6.25,
            0.5
          ],
          "texture": "#1"
        },
        "up": {
          "uv": [
            3.25,
            4.5,
            3,
            3.5
          ],
          "rotation": 90,
          "texture": "#1"
        },
        "down": {
          "uv": [
            5,
            5.75,
            4.75,
            6.75
          ],
          "rotation": 270,
          "texture": "#1"
        }
      }
    },
    {
      "from": [
        9,
        9,
        0
      ],
      "to": [
        13,
        11,
        1
      ],
      "rotation": {
        "angle": 45,
        "axis": "z",
        "origin": [
          11,
          9,
          0.5
        ]
      },
      "faces": {
        "north": {
          "uv": [
            5.5,
            4.5,
            6.5,
            5
          ],
          "texture": "#1"
        },
        "east": {
          "uv": [
            2.75,
            5,
            3,
            5.5
          ],
          "texture": "#1"
        },
        "south": {
          "uv": [
            6.5,
            4.5,
            5.5,
            5
          ],
          "texture": "#1"
        },
        "west": {
          "uv": [
            6,
            0,
            6.25,
            0.5
          ],
          "texture": "#1"
        },
        "up": {
          "uv": [
            3.25,
            4.5,
            3,
            3.5
          ],
          "rotation": 90,
          "texture": "#1"
        },
        "down": {
          "uv": [
            5,
            5.75,
            4.75,
            6.75
          ],
          "rotation": 270,
          "texture": "#1"
        }
      }
    },
    {
      "from": [
        2.2,
        13.86371,
        13.40028
      ],
      "to": [
        4,
        15.66371,
        17.40028
      ],
      "rotation": {
        "angle": 22.5,
        "axis": "x",
        "origin": [
          3.1,
          13.96493,
          14.49504
        ]
      },
      "faces": {
        "north": {
          "uv": [
            4.25,
            12.25,
            3.75,
            12.75
          ],
          "texture": "#1"
        },
        "east": {
          "uv": [
            4.5,
            12.75,
            3.5,
            13.25
          ],
          "rotation": 180,
          "texture": "#1"
        },
        "south": {
          "uv": [
            4.25,
            12.75,
            3.75,
            12.25
          ],
          "texture": "#1"
        },
        "west": {
          "uv": [
            4.5,
            12.75,
            3.5,
            13.25
          ],
          "texture": "#1"
        },
        "up": {
          "uv": [
            4.5,
            12.75,
            3.5,
            13.25
          ],
          "rotation": 90,
          "texture": "#1"
        },
        "down": {
          "uv": [
            4.5,
            12.75,
            3.5,
            13.25
          ],
          "rotation": 270,
          "texture": "#1"
        }
      }
    },
    {
      "from": [
        2.1,
        14.03873,
        10.96608
      ],
      "to": [
        4.1,
        16.03873,
        14.96608
      ],
      "rotation": {
        "angle": -22.5,
        "axis": "x",
        "origin": [
          3.1,
          13.96493,
          14.49504
        ]
      },
      "faces": {
        "north": {
          "uv": [
            3.25,
            12.75,
            3.75,
            12.25
          ],
          "rotation": 180,
          "texture": "#1"
        },
        "east": {
          "uv": [
            3.25,
            12.25,
            4.25,
            11.75
          ],
          "texture": "#1"
        },
        "south": {
          "uv": [
            3.75,
            12.25,
            4,
            12.5
          ],
          "rotation": 180,
          "texture": "#1"
        },
        "west": {
          "uv": [
            3.25,
            12.25,
            4.25,
            11.75
          ],
          "rotation": 180,
          "texture": "#1"
        },
        "up": {
          "uv": [
            3.25,
            12.25,
            4.25,
            11.75
          ],
          "rotation": 270,
          "texture": "#1"
        },
        "down": {
          "uv": [
            3.25,
            12.25,
            4.25,
            11.75
          ],
          "rotation": 90,
          "texture": "#1"
        }
      }
    },
    {
      "from": [
        3.1,
        10.09285,
        11.09674
      ],
      "to": [
        3.1,
        14.09285,
        17.09674
      ],
      "rotation": {
        "angle": -22.5,
        "axis": "x",
        "origin": [
          3.1,
          13.96493,
          14.49504
        ]
      },
      "faces": {
        "north": {
          "uv": [
            4.5,
            4.75,
            5.5,
            3.75
          ],
          "rotation": 180,
          "texture": "#1"
        },
        "east": {
          "uv": [
            14.5,
            2.25,
            16,
            1.25
          ],
          "rotation": 180,
          "texture": "#1"
        },
        "south": {
          "uv": [
            5.5,
            3.75,
            4.5,
            4.75
          ],
          "rotation": 180,
          "texture": "#1"
        },
        "west": {
          "uv": [
            14.5,
            1.25,
            16,
            2.25
          ],
          "texture": "#1"
        },
        "up": {
          "uv": [
            2.5,
            14.5,
            3,
            14
          ],
          "rotation": 270,
          "texture": "#1"
        },
        "down": {
          "uv": [
            6,
            10.5,
            6.5,
            10
          ],
          "rotation": 90,
          "texture": "#1"
        }
      }
    },
    {
      "from": [
        12.1,
        14.03873,
        10.96608
      ],
      "to": [
        14.1,
        16.03873,
        14.96608
      ],
      "rotation": {
        "angle": -22.5,
        "axis": "x",
        "origin": [
          13.1,
          13.96493,
          14.49504
        ]
      },
      "faces": {
        "north": {
          "uv": [
            3.25,
            12.75,
            3.75,
            12.25
          ],
          "rotation": 180,
          "texture": "#1"
        },
        "east": {
          "uv": [
            3.25,
            12.25,
            4.25,
            11.75
          ],
          "texture": "#1"
        },
        "south": {
          "uv": [
            3.75,
            12.25,
            4,
            12.5
          ],
          "rotation": 180,
          "texture": "#1"
        },
        "west": {
          "uv": [
            3.25,
            12.25,
            4.25,
            11.75
          ],
          "rotation": 180,
          "texture": "#1"
        },
        "up": {
          "uv": [
            3.25,
            12.25,
            4.25,
            11.75
          ],
          "rotation": 270,
          "texture": "#1"
        },
        "down": {
          "uv": [
            3.25,
            12.25,
            4.25,
            11.75
          ],
          "rotation": 90,
          "texture": "#1"
        }
      }
    },
    {
      "from": [
        12.2,
        13.86371,
        13.40028
      ],
      "to": [
        14,
        15.66371,
        17.40028
      ],
      "rotation": {
        "angle": 22.5,
        "axis": "x",
        "origin": [
          13.1,
          13.96493,
          14.49504
        ]
      },
      "faces": {
        "north": {
          "uv": [
            4.25,
            12.25,
            3.75,
            12.75
          ],
          "texture": "#1"
        },
        "east": {
          "uv": [
            4.5,
            12.75,
            3.5,
            13.25
          ],
          "rotation": 180,
          "texture": "#1"
        },
        "south": {
          "uv": [
            4.25,
            12.75,
            3.75,
            12.25
          ],
          "texture": "#1"
        },
        "west": {
          "uv": [
            4.5,
            12.75,
            3.5,
            13.25
          ],
          "texture": "#1"
        },
        "up": {
          "uv": [
            4.5,
            12.75,
            3.5,
            13.25
          ],
          "rotation": 90,
          "texture": "#1"
        },
        "down": {
          "uv": [
            4.5,
            12.75,
            3.5,
            13.25
          ],
          "rotation": 270,
          "texture": "#1"
        }
      }
    },
    {
      "from": [
        13.1,
        10.09285,
        11.09674
      ],
      "to": [
        13.1,
        14.09285,
        17.09674
      ],
      "rotation": {
        "angle": -22.5,
        "axis": "x",
        "origin": [
          13.1,
          13.96493,
          14.49504
        ]
      },
      "faces": {
        "north": {
          "uv": [
            4.5,
            4.75,
            5.5,
            3.75
          ],
          "rotation": 180,
          "texture": "#1"
        },
        "east": {
          "uv": [
            14.5,
            2.25,
            16,
            1.25
          ],
          "rotation": 180,
          "texture": "#1"
        },
        "south": {
          "uv": [
            5.5,
            3.75,
            4.5,
            4.75
          ],
          "rotation": 180,
          "texture": "#1"
        },
        "west": {
          "uv": [
            14.5,
            1.25,
            16,
            2.25
          ],
          "texture": "#1"
        },
        "up": {
          "uv": [
            2.5,
            14.5,
            3,
            14
          ],
          "rotation": 270,
          "texture": "#1"
        },
        "down": {
          "uv": [
            6,
            10.5,
            6.5,
            10
          ],
          "rotation": 90,
          "texture": "#1"
        }
      }
    },
    {
      "from": [
        10.1,
        11.03873,
        13.96608
      ],
      "to": [
        12.1,
        13.03873,
        17.96608
      ],
      "rotation": {
        "angle": -45,
        "axis": "x",
        "origin": [
          11.1,
          10.96493,
          17.49504
        ]
      },
      "faces": {
        "north": {
          "uv": [
            3.25,
            12.75,
            3.75,
            12.25
          ],
          "rotation": 180,
          "texture": "#1"
        },
        "east": {
          "uv": [
            3.25,
            12.25,
            4.25,
            11.75
          ],
          "texture": "#1"
        },
        "south": {
          "uv": [
            3.75,
            12.25,
            4,
            12.5
          ],
          "rotation": 180,
          "texture": "#1"
        },
        "west": {
          "uv": [
            3.25,
            12.25,
            4.25,
            11.75
          ],
          "rotation": 180,
          "texture": "#1"
        },
        "up": {
          "uv": [
            3.25,
            12.25,
            4.25,
            11.75
          ],
          "rotation": 270,
          "texture": "#1"
        },
        "down": {
          "uv": [
            3.25,
            12.25,
            4.25,
            11.75
          ],
          "rotation": 90,
          "texture": "#1"
        }
      }
    },
    {
      "from": [
        10.2,
        10.86371,
        16.40028
      ],
      "to": [
        12,
        12.66371,
        20.40028
      ],
      "rotation": {
        "angle": 0,
        "axis": "y",
        "origin": [
          11.1,
          10.96493,
          17.49504
        ]
      },
      "faces": {
        "north": {
          "uv": [
            4.25,
            12.25,
            3.75,
            12.75
          ],
          "texture": "#1"
        },
        "east": {
          "uv": [
            4.5,
            12.75,
            3.5,
            13.25
          ],
          "rotation": 180,
          "texture": "#1"
        },
        "south": {
          "uv": [
            4.25,
            12.75,
            3.75,
            12.25
          ],
          "texture": "#1"
        },
        "west": {
          "uv": [
            4.5,
            12.75,
            3.5,
            13.25
          ],
          "texture": "#1"
        },
        "up": {
          "uv": [
            4.5,
            12.75,
            3.5,
            13.25
          ],
          "rotation": 90,
          "texture": "#1"
        },
        "down": {
          "uv": [
            4.5,
            12.75,
            3.5,
            13.25
          ],
          "rotation": 270,
          "texture": "#1"
        }
      }
    },
    {
      "from": [
        11.1,
        7.09285,
        14.09674
      ],
      "to": [
        11.1,
        11.09285,
        20.09674
      ],
      "rotation": {
        "angle": -45,
        "axis": "x",
        "origin": [
          11.1,
          10.96493,
          17.49504
        ]
      },
      "faces": {
        "north": {
          "uv": [
            4.5,
            4.75,
            5.5,
            3.75
          ],
          "rotation": 180,
          "texture": "#1"
        },
        "east": {
          "uv": [
            14.5,
            2.25,
            16,
            1.25
          ],
          "rotation": 180,
          "texture": "#1"
        },
        "south": {
          "uv": [
            5.5,
            3.75,
            4.5,
            4.75
          ],
          "rotation": 180,
          "texture": "#1"
        },
        "west": {
          "uv": [
            14.5,
            1.25,
            16,
            2.25
          ],
          "texture": "#1"
        },
        "up": {
          "uv": [
            2.5,
            14.5,
            3,
            14
          ],
          "rotation": 270,
          "texture": "#1"
        },
        "down": {
          "uv": [
            6,
            10.5,
            6.5,
            10
          ],
          "rotation": 90,
          "texture": "#1"
        }
      }
    },
    {
      "from": [
        4.1,
        8.03873,
        14.96608
      ],
      "to": [
        6.1,
        10.03873,
        18.96608
      ],
      "rotation": {
        "angle": 0,
        "axis": "y",
        "origin": [
          5.1,
          7.96493,
          18.49504
        ]
      },
      "faces": {
        "north": {
          "uv": [
            3.25,
            12.75,
            3.75,
            12.25
          ],
          "rotation": 180,
          "texture": "#1"
        },
        "east": {
          "uv": [
            3.25,
            12.25,
            4.25,
            11.75
          ],
          "texture": "#1"
        },
        "south": {
          "uv": [
            3.75,
            12.25,
            4,
            12.5
          ],
          "rotation": 180,
          "texture": "#1"
        },
        "west": {
          "uv": [
            3.25,
            12.25,
            4.25,
            11.75
          ],
          "rotation": 180,
          "texture": "#1"
        },
        "up": {
          "uv": [
            3.25,
            12.25,
            4.25,
            11.75
          ],
          "rotation": 270,
          "texture": "#1"
        },
        "down": {
          "uv": [
            3.25,
            12.25,
            4.25,
            11.75
          ],
          "rotation": 90,
          "texture": "#1"
        }
      }
    },
    {
      "from": [
        4.2,
        7.86371,
        17.40028
      ],
      "to": [
        6,
        9.66371,
        21.40028
      ],
      "rotation": {
        "angle": 45,
        "axis": "x",
        "origin": [
          5.1,
          7.96493,
          18.49504
        ]
      },
      "faces": {
        "north": {
          "uv": [
            4.25,
            12.25,
            3.75,
            12.75
          ],
          "texture": "#1"
        },
        "east": {
          "uv": [
            4.5,
            12.75,
            3.5,
            13.25
          ],
          "rotation": 180,
          "texture": "#1"
        },
        "south": {
          "uv": [
            4.25,
            12.75,
            3.75,
            12.25
          ],
          "texture": "#1"
        },
        "west": {
          "uv": [
            4.5,
            12.75,
            3.5,
            13.25
          ],
          "texture": "#1"
        },
        "up": {
          "uv": [
            4.5,
            12.75,
            3.5,
            13.25
          ],
          "rotation": 90,
          "texture": "#1"
        },
        "down": {
          "uv": [
            4.5,
            12.75,
            3.5,
            13.25
          ],
          "rotation": 270,
          "texture": "#1"
        }
      }
    },
    {
      "from": [
        5.1,
        4.09285,
        15.09674
      ],
      "to": [
        5.1,
        8.09285,
        21.09674
      ],
      "rotation": {
        "angle": 0,
        "axis": "y",
        "origin": [
          5.1,
          7.96493,
          18.49504
        ]
      },
      "faces": {
        "north": {
          "uv": [
            4.5,
            4.75,
            5.5,
            3.75
          ],
          "rotation": 180,
          "texture": "#1"
        },
        "east": {
          "uv": [
            14.5,
            2.25,
            16,
            1.25
          ],
          "rotation": 180,
          "texture": "#1"
        },
        "south": {
          "uv": [
            5.5,
            3.75,
            4.5,
            4.75
          ],
          "rotation": 180,
          "texture": "#1"
        },
        "west": {
          "uv": [
            14.5,
            1.25,
            16,
            2.25
          ],
          "texture": "#1"
        },
        "up": {
          "uv": [
            2.5,
            14.5,
            3,
            14
          ],
          "rotation": 270,
          "texture": "#1"
        },
        "down": {
          "uv": [
            6,
            10.5,
            6.5,
            10
          ],
          "rotation": 90,
          "texture": "#1"
        }
      }
    }
  ],
  "gui_light": "front",
  "display": {
    "thirdperson_righthand": {
      "rotation": [
        47,
        0,
        0
      ],
      "translation": [
        0.75,
        3.25,
        -0.25
      ],
      "scale": [
        0.49219,
        0.49219,
        0.49219
      ]
    },
    "thirdperson_lefthand": {
      "rotation": [
        47,
        0,
        0
      ],
      "translation": [
        0.75,
        3.25,
        -0.25
      ],
      "scale": [
        0.49219,
        0.49219,
        0.49219
      ]
    },
    "firstperson_righthand": {
      "rotation": [
        0,
        119,
        0
      ],
      "translation": [
        -2,
        5,
        1.75
      ],
      "scale": [
        0.35742,
        0.35742,
        0.35742
      ]
    },
    "firstperson_lefthand": {
      "rotation": [
        0,
        119,
        0
      ],
      "translation": [
        -2,
        5,
        1.75
      ],
      "scale": [
        0.35742,
        0.35742,
        0.35742
      ]
    },
    "ground": {
      "translation": [
        0,
        5.75,
        0
      ],
      "scale": [
        0.68555,
        0.68555,
        0.68555
      ]
    },
    "gui": {
      "rotation": [
        16,
        153,
        0
      ],
      "translation": [
        0,
        -1.75,
        -2
      ],
      "scale": [
        0.46484,
        0.46484,
        0.46484
      ]
    },
    "head": {
      "translation": [
        0,
        -31,
        -0.75
      ],
      "scale": [
        1.5,
        1.5,
        1.5
      ]
    },
    "fixed": {
      "rotation": [
        -90,
        0,
        0
      ],
      "translation": [
        0,
        -0.5,
        -13.5
      ],
      "scale": [
        1.58867,
        1.58867,
        1.58867
      ]
    }
  },
  "groups": [
    {
      "name": "group",
      "origin": [
        0,
        3,
        0
      ],
      "color": 0,
      "boneType": "",
      "children": [
        {
          "name": "group",
          "origin": [
            8,
            15,
            2
          ],
          "color": 0,
          "boneType": "",
          "children": [
            0,
            1,
            2,
            {
              "name": "group",
              "origin": [
                13,
                15,
                9
              ],
              "color": 0,
              "boneType": "",
              "children": [
                3,
                4,
                5
              ]
            }
          ]
        },
        {
          "name": "group",
          "origin": [
            8,
            -5,
            8
          ],
          "color": 0,
          "boneType": "",
          "children": [
            6,
            7,
            8,
            9,
            10,
            11,
            12,
            13
          ]
        },
        {
          "name": "group",
          "origin": [
            9,
            16,
            8
          ],
          "color": 0,
          "boneType": "",
          "children": [
            14,
            15,
            16,
            17,
            18,
            19
          ]
        }
      ]
    },
    {
      "name": "group",
      "origin": [
        12.9,
        11.55,
        7
      ],
      "color": 0,
      "boneType": "",
      "children": [
        {
          "name": "group",
          "origin": [
            7.6,
            11.06579,
            18.68302
          ],
          "color": 0,
          "boneType": "",
          "children": [
            20,
            21,
            22,
            23,
            24,
            25,
            26
          ]
        },
        {
          "name": "group",
          "origin": [
            7.6,
            11.06579,
            18.68302
          ],
          "color": 0,
          "boneType": "",
          "children": [
            27,
            28,
            29,
            30,
            31,
            32,
            33,
            34,
            35
          ]
        }
      ]
    },
    36,
    37,
    {
      "name": "group",
      "origin": [
        5,
        9,
        2.5
      ],
      "color": 0,
      "boneType": "",
      "children": [
        38,
        39,
        40,
        41
      ]
    },
    {
      "name": "group",
      "origin": [
        5,
        9,
        2.5
      ],
      "color": 0,
      "boneType": "",
      "children": [
        42,
        43,
        44,
        45
      ]
    },
    {
      "name": "group",
      "origin": [
        12.9,
        11.55,
        7
      ],
      "color": 0,
      "boneType": "",
      "children": [
        {
          "name": "group",
          "origin": [
            3.1,
            13.96493,
            16.49504
          ],
          "color": 0,
          "boneType": "",
          "children": [
            46,
            47,
            48
          ]
        },
        {
          "name": "group",
          "origin": [
            13.1,
            13.96493,
            16.49504
          ],
          "color": 0,
          "boneType": "",
          "children": [
            49,
            50,
            51
          ]
        },
        {
          "name": "group",
          "origin": [
            13.1,
            13.96493,
            16.49504
          ],
          "color": 0,
          "boneType": "",
          "children": [
            52,
            53,
            54
          ]
        },
        {
          "name": "group",
          "origin": [
            13.1,
            13.96493,
            16.49504
          ],
          "color": 0,
          "boneType": "",
          "children": [
            55,
            56,
            57
          ]
        }
      ]
    }
  ]
}