{
  "credit": "MadewithBlockbench",
  "texture_size": [
    64,
    64
  ],
  "textures": {
    "1": "warden_set:warden_weapon_1",
    "2": "warden_set:animation_1",
    "3": "warden_set:animation_2",
    "4": "warden_set:animation_3",
    "particle": "warden_set:animation_1"
  },
  "elements": [
    {
      "from": [
        7,
        8,
        7
      ],
      "to": [
        9,
        12,
        9
      ],
      "rotation": {
        "angle": 0,
        "axis": "y",
        "origin": [
          9,
          -0.5,
          8
        ]
      },
      "faces": {
        "north": {
          "uv": [
            15.5,
            9.5,
            16,
            10.5
          ],
          "texture": "#1"
        },
        "east": {
          "uv": [
            15.5,
            9.5,
            16,
            10.5
          ],
          "texture": "#1"
        },
        "south": {
          "uv": [
            15.5,
            9.5,
            16,
            10.5
          ],
          "texture": "#1"
        },
        "west": {
          "uv": [
            15.5,
            9.5,
            16,
            10.5
          ],
          "texture": "#1"
        },
        "down": {
          "uv": [
            15.5,
            9.5,
            16,
            10
          ],
          "texture": "#1"
        }
      }
    },
    {
      "from": [
        7,
        -14,
        7
      ],
      "to": [
        9,
        -9,
        9
      ],
      "rotation": {
        "angle": 0,
        "axis": "y",
        "origin": [
          9,
          -0.5,
          8
        ]
      },
      "faces": {
        "north": {
          "uv": [
            15.5,
            14.75,
            16,
            16
          ],
          "texture": "#1"
        },
        "east": {
          "uv": [
            15.5,
            14.75,
            16,
            16
          ],
          "texture": "#1"
        },
        "south": {
          "uv": [
            15.5,
            14.75,
            16,
            16
          ],
          "texture": "#1"
        },
        "west": {
          "uv": [
            15.5,
            14.75,
            16,
            16
          ],
          "texture": "#1"
        },
        "up": {
          "uv": [
            15,
            9.5,
            15.5,
            10
          ],
          "texture": "#1"
        }
      }
    },
    {
      "from": [
        7.5,
        -9,
        7.5
      ],
      "to": [
        8.5,
        8,
        8.5
      ],
      "rotation": {
        "angle": 0,
        "axis": "y",
        "origin": [
          9,
          -0.5,
          8
        ]
      },
      "faces": {
        "north": {
          "uv": [
            15.75,
            10.5,
            16,
            14.75
          ],
          "texture": "#1"
        },
        "east": {
          "uv": [
            15.75,
            10.5,
            16,
            14.75
          ],
          "texture": "#1"
        },
        "south": {
          "uv": [
            15.75,
            10.5,
            16,
            14.75
          ],
          "texture": "#1"
        },
        "west": {
          "uv": [
            15.75,
            10.5,
            16,
            14.75
          ],
          "texture": "#1"
        }
      }
    },
    {
      "from": [
        6,
        -16,
        6
      ],
      "to": [
        10,
        -14,
        10
      ],
      "rotation": {
        "angle": 0,
        "axis": "y",
        "origin": [
          9,
          -5,
          8
        ]
      },
      "faces": {
        "north": {
          "uv": [
            5.5,
            3.5,
            6.5,
            4
          ],
          "texture": "#1"
        },
        "east": {
          "uv": [
            5.5,
            4,
            6.5,
            4.5
          ],
          "texture": "#1"
        },
        "south": {
          "uv": [
            5.5,
            3.5,
            6.5,
            4
          ],
          "texture": "#1"
        },
        "west": {
          "uv": [
            6.5,
            4,
            5.5,
            4.5
          ],
          "texture": "#1"
        },
        "up": {
          "uv": [
            5.5,
            3.75,
            4.5,
            2.75
          ],
          "rotation": 180,
          "texture": "#1"
        },
        "down": {
          "uv": [
            4,
            4.5,
            3,
            5.5
          ],
          "rotation": 180,
          "texture": "#1"
        }
      }
    },
    {
      "from": [
        6,
        19,
        6
      ],
      "to": [
        10,
        21,
        10
      ],
      "rotation": {
        "angle": 0,
        "axis": "y",
        "origin": [
          9,
          21,
          8
        ]
      },
      "faces": {
        "north": {
          "uv": [
            5.5,
            4,
            6.5,
            3.5
          ],
          "texture": "#1"
        },
        "east": {
          "uv": [
            5.5,
            4.5,
            6.5,
            4
          ],
          "texture": "#1"
        },
        "south": {
          "uv": [
            5.5,
            4,
            6.5,
            3.5
          ],
          "texture": "#1"
        },
        "west": {
          "uv": [
            6.5,
            4.5,
            5.5,
            4
          ],
          "texture": "#1"
        },
        "up": {
          "uv": [
            3,
            4.5,
            4,
            5.5
          ],
          "texture": "#1"
        },
        "down": {
          "uv": [
            4.5,
            3.75,
            5.5,
            2.75
          ],
          "texture": "#1"
        }
      }
    },
    {
      "from": [
        6.5,
        -13,
        6.5
      ],
      "to": [
        9.5,
        -12,
        9.5
      ],
      "rotation": {
        "angle": 0,
        "axis": "y",
        "origin": [
          9,
          -5,
          8
        ]
      },
      "faces": {
        "north": {
          "uv": [
            5.5,
            5.75,
            6.25,
            6
          ],
          "texture": "#1"
        },
        "east": {
          "uv": [
            0,
            6,
            0.75,
            6.25
          ],
          "texture": "#1"
        },
        "south": {
          "uv": [
            0,
            6,
            0.75,
            6.25
          ],
          "texture": "#1"
        },
        "west": {
          "uv": [
            0,
            6,
            0.75,
            6.25
          ],
          "texture": "#1"
        },
        "up": {
          "uv": [
            3.5,
            6.25,
            2.75,
            5.5
          ],
          "rotation": 180,
          "texture": "#1"
        },
        "down": {
          "uv": [
            6.25,
            2.75,
            5.5,
            3.5
          ],
          "rotation": 180,
          "texture": "#1"
        }
      }
    },
    {
      "from": [
        6,
        12,
        6
      ],
      "to": [
        10,
        16,
        10
      ],
      "rotation": {
        "angle": 0,
        "axis": "y",
        "origin": [
          9,
          5,
          8
        ]
      },
      "faces": {
        "north": {
          "uv": [
            4.5,
            3.75,
            5.5,
            4.75
          ],
          "texture": "#1"
        },
        "east": {
          "uv": [
            4,
            4.75,
            5,
            5.75
          ],
          "texture": "#1"
        },
        "south": {
          "uv": [
            5.5,
            3.75,
            4.5,
            4.75
          ],
          "texture": "#1"
        },
        "west": {
          "uv": [
            5,
            4.75,
            4,
            5.75
          ],
          "texture": "#1"
        },
        "down": {
          "uv": [
            1,
            5,
            0,
            6
          ],
          "rotation": 180,
          "texture": "#1"
        }
      }
    },
    {
      "from": [
        7,
        13,
        1
      ],
      "to": [
        9,
        17,
        6
      ],
      "rotation": {
        "angle": 0,
        "axis": "y",
        "origin": [
          9,
          5,
          8
        ]
      },
      "faces": {
        "north": {
          "uv": [
            1.75,
            11.5,
            1.25,
            12.5
          ],
          "texture": "#1"
        },
        "east": {
          "uv": [
            0,
            11.5,
            1.25,
            12.5
          ],
          "texture": "#1"
        },
        "south": {
          "uv": [
            1.75,
            11.5,
            1.25,
            12.5
          ],
          "texture": "#1"
        },
        "west": {
          "uv": [
            1.25,
            11.5,
            0,
            12.5
          ],
          "texture": "#1"
        },
        "up": {
          "uv": [
            2.25,
            11,
            1.75,
            12.25
          ],
          "texture": "#1"
        },
        "down": {
          "uv": [
            2.25,
            11,
            1.75,
            12.25
          ],
          "texture": "#1"
        }
      }
    },
    {
      "from": [
        6,
        12,
        -3
      ],
      "to": [
        10,
        18,
        1
      ],
      "rotation": {
        "angle": 0,
        "axis": "y",
        "origin": [
          9,
          5,
          8
        ]
      },
      "faces": {
        "north": {
          "uv": [
            1,
            12.5,
            0,
            14
          ],
          "texture": "#1"
        },
        "east": {
          "uv": [
            0,
            14,
            1,
            15.5
          ],
          "texture": "#1"
        },
        "south": {
          "uv": [
            1,
            12.5,
            0,
            14
          ],
          "texture": "#1"
        },
        "west": {
          "uv": [
            1,
            14,
            0,
            15.5
          ],
          "texture": "#1"
        },
        "up": {
          "uv": [
            2,
            12.5,
            1,
            13.5
          ],
          "texture": "#1"
        },
        "down": {
          "uv": [
            2,
            12.5,
            1,
            13.5
          ],
          "texture": "#1"
        }
      }
    },
    {
      "from": [
        5.9,
        7,
        -3
      ],
      "to": [
        10.1,
        12,
        1
      ],
      "rotation": {
        "angle": -22.5,
        "axis": "x",
        "origin": [
          8,
          12,
          -3
        ]
      },
      "faces": {
        "north": {
          "uv": [
            4.25,
            10.5,
            3.25,
            11.75
          ],
          "texture": "#1"
        },
        "east": {
          "uv": [
            2.25,
            10.5,
            3.25,
            11.75
          ],
          "texture": "#1"
        },
        "south": {
          "uv": [
            4.25,
            10.5,
            3.25,
            11.75
          ],
          "texture": "#1"
        },
        "west": {
          "uv": [
            3.25,
            10.5,
            2.25,
            11.75
          ],
          "texture": "#1"
        },
        "up": {
          "uv": [
            3.25,
            11.75,
            2.25,
            12.75
          ],
          "texture": "#1"
        },
        "down": {
          "uv": [
            3.25,
            11.75,
            2.25,
            12.75
          ],
          "texture": "#1"
        }
      }
    },
    {
      "from": [
        6.1,
        18,
        -3
      ],
      "to": [
        9.9,
        23,
        1
      ],
      "rotation": {
        "angle": 22.5,
        "axis": "x",
        "origin": [
          8,
          18,
          -3
        ]
      },
      "faces": {
        "north": {
          "uv": [
            3,
            14.5,
            2,
            15.75
          ],
          "texture": "#1"
        },
        "east": {
          "uv": [
            2,
            14.5,
            1,
            15.75
          ],
          "texture": "#1"
        },
        "south": {
          "uv": [
            3,
            14.5,
            2,
            15.75
          ],
          "texture": "#1"
        },
        "west": {
          "uv": [
            2,
            14.5,
            1,
            15.75
          ],
          "texture": "#1"
        },
        "up": {
          "uv": [
            2,
            13.5,
            1,
            14.5
          ],
          "texture": "#1"
        },
        "down": {
          "uv": [
            2,
            13.5,
            1,
            14.5
          ],
          "texture": "#1"
        }
      }
    },
    {
      "from": [
        5.6,
        19.5,
        -3.5
      ],
      "to": [
        10.4,
        23.5,
        1.5
      ],
      "rotation": {
        "angle": 22.5,
        "axis": "x",
        "origin": [
          8,
          18,
          -3
        ]
      },
      "faces": {
        "north": {
          "uv": [
            0,
            0,
            16,
            16
          ],
          "rotation": 90,
          "texture": "#2"
        },
        "east": {
          "uv": [
            0,
            0,
            16,
            16
          ],
          "rotation": 90,
          "texture": "#2"
        },
        "south": {
          "uv": [
            0,
            0,
            16,
            16
          ],
          "rotation": 90,
          "texture": "#2"
        },
        "west": {
          "uv": [
            0,
            0,
            16,
            16
          ],
          "rotation": 90,
          "texture": "#2"
        },
        "up": {
          "uv": [
            0,
            0,
            16,
            16
          ],
          "rotation": 90,
          "texture": "#2"
        },
        "down": {
          "uv": [
            0,
            0,
            16,
            16
          ],
          "rotation": 90,
          "texture": "#2"
        }
      }
    },
    {
      "from": [
        5.6,
        19.5,
        14.5
      ],
      "to": [
        10.4,
        23.5,
        19.5
      ],
      "rotation": {
        "angle": -22.5,
        "axis": "x",
        "origin": [
          8,
          18,
          19
        ]
      },
      "faces": {
        "north": {
          "uv": [
            0,
            16,
            16,
            0
          ],
          "rotation": 90,
          "texture": "#2"
        },
        "east": {
          "uv": [
            0,
            16,
            16,
            0
          ],
          "rotation": 90,
          "texture": "#2"
        },
        "south": {
          "uv": [
            0,
            16,
            16,
            0
          ],
          "rotation": 90,
          "texture": "#2"
        },
        "west": {
          "uv": [
            0,
            16,
            16,
            0
          ],
          "rotation": 90,
          "texture": "#2"
        },
        "up": {
          "uv": [
            16,
            0,
            0,
            16
          ],
          "rotation": 90,
          "texture": "#2"
        },
        "down": {
          "uv": [
            16,
            0,
            0,
            16
          ],
          "rotation": 90,
          "texture": "#2"
        }
      }
    },
    {
      "from": [
        8,
        9,
        1
      ],
      "to": [
        8,
        13,
        7
      ],
      "rotation": {
        "angle": 0,
        "axis": "y",
        "origin": [
          9,
          5,
          8
        ]
      },
      "faces": {
        "east": {
          "uv": [
            5,
            8,
            3.5,
            7
          ],
          "texture": "#1"
        },
        "west": {
          "uv": [
            3.5,
            8,
            5,
            7
          ],
          "texture": "#1"
        }
      }
    },
    {
      "from": [
        7.5,
        17,
        1
      ],
      "to": [
        8.5,
        18,
        5
      ],
      "rotation": {
        "angle": 0,
        "axis": "y",
        "origin": [
          9,
          5,
          8
        ]
      },
      "faces": {
        "north": {
          "uv": [
            2,
            12.25,
            1.75,
            12.5
          ],
          "texture": "#1"
        },
        "east": {
          "uv": [
            3.25,
            12.75,
            2.25,
            13
          ],
          "texture": "#1"
        },
        "south": {
          "uv": [
            2,
            12.25,
            1.75,
            12.5
          ],
          "texture": "#1"
        },
        "west": {
          "uv": [
            3.25,
            12.75,
            2.25,
            13
          ],
          "texture": "#1"
        },
        "up": {
          "uv": [
            2.25,
            12.25,
            2,
            13.25
          ],
          "texture": "#1"
        },
        "down": {
          "uv": [
            2.25,
            12.25,
            2,
            13.25
          ],
          "texture": "#1"
        }
      }
    },
    {
      "from": [
        7.9,
        21,
        -8
      ],
      "to": [
        7.9,
        26,
        -1
      ],
      "rotation": {
        "angle": 22.5,
        "axis": "x",
        "origin": [
          8,
          18,
          -3
        ]
      },
      "faces": {
        "east": {
          "uv": [
            8.25,
            3.25,
            10,
            4.5
          ],
          "texture": "#1"
        },
        "west": {
          "uv": [
            10,
            3.25,
            8.25,
            4.5
          ],
          "texture": "#1"
        }
      }
    },
    {
      "from": [
        7,
        13,
        10
      ],
      "to": [
        9,
        17,
        15
      ],
      "rotation": {
        "angle": 0,
        "axis": "y",
        "origin": [
          9,
          5,
          8
        ]
      },
      "faces": {
        "north": {
          "uv": [
            1.25,
            11.5,
            1.75,
            12.5
          ],
          "texture": "#1"
        },
        "east": {
          "uv": [
            1.25,
            11.5,
            0,
            12.5
          ],
          "texture": "#1"
        },
        "south": {
          "uv": [
            1.25,
            11.5,
            1.75,
            12.5
          ],
          "texture": "#1"
        },
        "west": {
          "uv": [
            0,
            11.5,
            1.25,
            12.5
          ],
          "texture": "#1"
        },
        "up": {
          "uv": [
            2.25,
            12.25,
            1.75,
            11
          ],
          "texture": "#1"
        },
        "down": {
          "uv": [
            2.25,
            12.25,
            1.75,
            11
          ],
          "texture": "#1"
        }
      }
    },
    {
      "from": [
        6,
        12,
        15
      ],
      "to": [
        10,
        18,
        19
      ],
      "rotation": {
        "angle": 0,
        "axis": "y",
        "origin": [
          9,
          5,
          8
        ]
      },
      "faces": {
        "north": {
          "uv": [
            0,
            12.5,
            1,
            14
          ],
          "texture": "#1"
        },
        "east": {
          "uv": [
            1,
            14,
            0,
            15.5
          ],
          "texture": "#1"
        },
        "south": {
          "uv": [
            0,
            12.5,
            1,
            14
          ],
          "texture": "#1"
        },
        "west": {
          "uv": [
            0,
            14,
            1,
            15.5
          ],
          "texture": "#1"
        },
        "up": {
          "uv": [
            2,
            13.5,
            1,
            12.5
          ],
          "texture": "#1"
        },
        "down": {
          "uv": [
            2,
            13.5,
            1,
            12.5
          ],
          "texture": "#1"
        }
      }
    },
    {
      "from": [
        5.9,
        7,
        15
      ],
      "to": [
        10.1,
        12,
        19
      ],
      "rotation": {
        "angle": 22.5,
        "axis": "x",
        "origin": [
          8,
          12,
          19
        ]
      },
      "faces": {
        "north": {
          "uv": [
            3.25,
            10.5,
            4.25,
            11.75
          ],
          "texture": "#1"
        },
        "east": {
          "uv": [
            3.25,
            10.5,
            2.25,
            11.75
          ],
          "texture": "#1"
        },
        "south": {
          "uv": [
            3.25,
            10.5,
            4.25,
            11.75
          ],
          "texture": "#1"
        },
        "west": {
          "uv": [
            2.25,
            10.5,
            3.25,
            11.75
          ],
          "texture": "#1"
        },
        "up": {
          "uv": [
            3.25,
            12.75,
            2.25,
            11.75
          ],
          "texture": "#1"
        },
        "down": {
          "uv": [
            3.25,
            12.75,
            2.25,
            11.75
          ],
          "texture": "#1"
        }
      }
    },
    {
      "from": [
        6.1,
        18,
        15
      ],
      "to": [
        9.9,
        23,
        19
      ],
      "rotation": {
        "angle": -22.5,
        "axis": "x",
        "origin": [
          8,
          18,
          19
        ]
      },
      "faces": {
        "north": {
          "uv": [
            2,
            14.5,
            3,
            15.75
          ],
          "texture": "#1"
        },
        "east": {
          "uv": [
            1,
            14.5,
            2,
            15.75
          ],
          "texture": "#1"
        },
        "south": {
          "uv": [
            2,
            14.5,
            3,
            15.75
          ],
          "texture": "#1"
        },
        "west": {
          "uv": [
            1,
            14.5,
            2,
            15.75
          ],
          "texture": "#1"
        },
        "up": {
          "uv": [
            2,
            14.5,
            1,
            13.5
          ],
          "texture": "#1"
        },
        "down": {
          "uv": [
            2,
            14.5,
            1,
            13.5
          ],
          "texture": "#1"
        }
      }
    },
    {
      "from": [
        8,
        9,
        9
      ],
      "to": [
        8,
        13,
        15
      ],
      "rotation": {
        "angle": 0,
        "axis": "y",
        "origin": [
          9,
          5,
          8
        ]
      },
      "faces": {
        "east": {
          "uv": [
            3.5,
            8,
            5,
            7
          ],
          "texture": "#1"
        },
        "west": {
          "uv": [
            5,
            8,
            3.5,
            7
          ],
          "texture": "#1"
        }
      }
    },
    {
      "from": [
        7.5,
        17,
        11
      ],
      "to": [
        8.5,
        18,
        15
      ],
      "rotation": {
        "angle": 0,
        "axis": "y",
        "origin": [
          9,
          5,
          8
        ]
      },
      "faces": {
        "north": {
          "uv": [
            1.75,
            12.25,
            2,
            12.5
          ],
          "texture": "#1"
        },
        "east": {
          "uv": [
            2.25,
            12.75,
            3.25,
            13
          ],
          "texture": "#1"
        },
        "south": {
          "uv": [
            1.75,
            12.25,
            2,
            12.5
          ],
          "texture": "#1"
        },
        "west": {
          "uv": [
            2.25,
            12.75,
            3.25,
            13
          ],
          "texture": "#1"
        },
        "up": {
          "uv": [
            2.25,
            13.25,
            2,
            12.25
          ],
          "texture": "#1"
        },
        "down": {
          "uv": [
            2.25,
            13.25,
            2,
            12.25
          ],
          "texture": "#1"
        }
      }
    },
    {
      "from": [
        7.9,
        21,
        17
      ],
      "to": [
        7.9,
        26,
        24
      ],
      "rotation": {
        "angle": -22.5,
        "axis": "x",
        "origin": [
          8,
          18,
          19
        ]
      },
      "faces": {
        "east": {
          "uv": [
            10,
            3.25,
            8.25,
            4.5
          ],
          "texture": "#1"
        },
        "west": {
          "uv": [
            8.25,
            3.25,
            10,
            4.5
          ],
          "texture": "#1"
        }
      }
    },
    {
      "from": [
        5,
        15,
        5
      ],
      "to": [
        11,
        19,
        11
      ],
      "rotation": {
        "angle": 0,
        "axis": "y",
        "origin": [
          9,
          16,
          8
        ]
      },
      "faces": {
        "north": {
          "uv": [
            4.5,
            0,
            6,
            1
          ],
          "texture": "#1"
        },
        "east": {
          "uv": [
            4.5,
            1,
            6,
            2
          ],
          "texture": "#1"
        },
        "south": {
          "uv": [
            6,
            0,
            4.5,
            1
          ],
          "texture": "#1"
        },
        "west": {
          "uv": [
            6,
            1,
            4.5,
            2
          ],
          "texture": "#1"
        },
        "up": {
          "uv": [
            1.5,
            5,
            0,
            3.5
          ],
          "rotation": 180,
          "texture": "#1"
        },
        "down": {
          "uv": [
            3,
            3.5,
            1.5,
            5
          ],
          "rotation": 180,
          "texture": "#1"
        }
      }
    },
    {
      "from": [
        4,
        24,
        4
      ],
      "to": [
        12,
        24,
        12
      ],
      "rotation": {
        "angle": 0,
        "axis": "y",
        "origin": [
          9,
          16,
          8
        ]
      },
      "faces": {
        "north": {
          "uv": [
            0.25,
            10.5,
            1.5,
            8.5
          ],
          "rotation": 90,
          "texture": "#1"
        },
        "east": {
          "uv": [
            0.25,
            10.5,
            1.5,
            8.5
          ],
          "rotation": 90,
          "texture": "#1"
        },
        "south": {
          "uv": [
            0.25,
            10.5,
            1.5,
            8.5
          ],
          "rotation": 90,
          "texture": "#1"
        },
        "west": {
          "uv": [
            0.25,
            10.5,
            1.5,
            8.5
          ],
          "rotation": 90,
          "texture": "#1"
        },
        "up": {
          "uv": [
            1.5,
            10.5,
            3.5,
            8.5
          ],
          "rotation": 90,
          "texture": "#1"
        },
        "down": {
          "uv": [
            3.5,
            10.5,
            1.5,
            8.5
          ],
          "rotation": 90,
          "texture": "#1"
        }
      }
    },
    {
      "from": [
        4,
        19,
        12
      ],
      "to": [
        12,
        24,
        12
      ],
      "rotation": {
        "angle": 0,
        "axis": "y",
        "origin": [
          9,
          16,
          8
        ]
      },
      "faces": {
        "north": {
          "uv": [
            0.25,
            10.5,
            1.5,
            8.5
          ],
          "rotation": 90,
          "texture": "#1"
        },
        "east": {
          "uv": [
            0.25,
            10.5,
            1.5,
            8.5
          ],
          "rotation": 90,
          "texture": "#1"
        },
        "south": {
          "uv": [
            0.25,
            10.5,
            1.5,
            8.5
          ],
          "rotation": 90,
          "texture": "#1"
        },
        "west": {
          "uv": [
            0.25,
            10.5,
            1.5,
            8.5
          ],
          "rotation": 90,
          "texture": "#1"
        },
        "up": {
          "uv": [
            1.5,
            10.5,
            3.5,
            8.5
          ],
          "rotation": 90,
          "texture": "#1"
        },
        "down": {
          "uv": [
            1.5,
            8.5,
            3.5,
            6.5
          ],
          "rotation": 90,
          "texture": "#1"
        }
      }
    },
    {
      "from": [
        4,
        19,
        4
      ],
      "to": [
        12,
        19,
        12
      ],
      "rotation": {
        "angle": 0,
        "axis": "y",
        "origin": [
          9,
          16,
          8
        ]
      },
      "faces": {
        "north": {
          "uv": [
            0.25,
            10.5,
            1.5,
            8.5
          ],
          "rotation": 90,
          "texture": "#1"
        },
        "east": {
          "uv": [
            0.25,
            10.5,
            1.5,
            8.5
          ],
          "rotation": 90,
          "texture": "#1"
        },
        "south": {
          "uv": [
            0.25,
            10.5,
            1.5,
            8.5
          ],
          "rotation": 90,
          "texture": "#1"
        },
        "west": {
          "uv": [
            0.25,
            10.5,
            1.5,
            8.5
          ],
          "rotation": 90,
          "texture": "#1"
        },
        "up": {
          "uv": [
            3.5,
            8.5,
            1.5,
            6.5
          ],
          "rotation": 90,
          "texture": "#1"
        },
        "down": {
          "uv": [
            1.5,
            8.5,
            3.5,
            6.5
          ],
          "rotation": 90,
          "texture": "#1"
        }
      }
    },
    {
      "from": [
        4,
        19,
        4
      ],
      "to": [
        12,
        24,
        4
      ],
      "rotation": {
        "angle": 0,
        "axis": "y",
        "origin": [
          9,
          16,
          8
        ]
      },
      "faces": {
        "north": {
          "uv": [
            0.25,
            10.5,
            1.5,
            8.5
          ],
          "rotation": 90,
          "texture": "#1"
        },
        "east": {
          "uv": [
            0.25,
            10.5,
            1.5,
            8.5
          ],
          "rotation": 90,
          "texture": "#1"
        },
        "south": {
          "uv": [
            0.25,
            10.5,
            1.5,
            8.5
          ],
          "rotation": 90,
          "texture": "#1"
        },
        "west": {
          "uv": [
            0.25,
            10.5,
            1.5,
            8.5
          ],
          "rotation": 90,
          "texture": "#1"
        },
        "up": {
          "uv": [
            1.5,
            10.5,
            3.5,
            8.5
          ],
          "rotation": 90,
          "texture": "#1"
        },
        "down": {
          "uv": [
            1.5,
            8.5,
            3.5,
            6.5
          ],
          "rotation": 90,
          "texture": "#1"
        }
      }
    },
    {
      "from": [
        12,
        19,
        4
      ],
      "to": [
        12,
        24,
        12
      ],
      "rotation": {
        "angle": 0,
        "axis": "y",
        "origin": [
          9,
          16,
          8
        ]
      },
      "faces": {
        "north": {
          "uv": [
            0.25,
            10.5,
            1.5,
            8.5
          ],
          "rotation": 90,
          "texture": "#1"
        },
        "east": {
          "uv": [
            0.25,
            10.5,
            1.5,
            8.5
          ],
          "rotation": 90,
          "texture": "#1"
        },
        "south": {
          "uv": [
            0.25,
            10.5,
            1.5,
            8.5
          ],
          "rotation": 90,
          "texture": "#1"
        },
        "west": {
          "uv": [
            0.25,
            10.5,
            1.5,
            8.5
          ],
          "rotation": 90,
          "texture": "#1"
        },
        "up": {
          "uv": [
            1.5,
            10.5,
            3.5,
            8.5
          ],
          "rotation": 90,
          "texture": "#1"
        },
        "down": {
          "uv": [
            1.5,
            8.5,
            3.5,
            6.5
          ],
          "rotation": 90,
          "texture": "#1"
        }
      }
    },
    {
      "from": [
        4,
        19,
        4
      ],
      "to": [
        4,
        24,
        12
      ],
      "rotation": {
        "angle": 0,
        "axis": "y",
        "origin": [
          9,
          16,
          8
        ]
      },
      "faces": {
        "north": {
          "uv": [
            0.25,
            10.5,
            1.5,
            8.5
          ],
          "rotation": 90,
          "texture": "#1"
        },
        "east": {
          "uv": [
            0.25,
            10.5,
            1.5,
            8.5
          ],
          "rotation": 90,
          "texture": "#1"
        },
        "south": {
          "uv": [
            0.25,
            10.5,
            1.5,
            8.5
          ],
          "rotation": 90,
          "texture": "#1"
        },
        "west": {
          "uv": [
            0.25,
            10.5,
            1.5,
            8.5
          ],
          "rotation": 90,
          "texture": "#1"
        },
        "up": {
          "uv": [
            1.5,
            10.5,
            3.5,
            8.5
          ],
          "rotation": 90,
          "texture": "#1"
        },
        "down": {
          "uv": [
            1.5,
            8.5,
            3.5,
            6.5
          ],
          "rotation": 90,
          "texture": "#1"
        }
      }
    },
    {
      "from": [
        7.5,
        -14.02978,
        3.65509
      ],
      "to": [
        8.5,
        -12.02978,
        7.65509
      ],
      "rotation": {
        "angle": 45,
        "axis": "x",
        "origin": [
          8,
          -13.26402,
          4.76734
        ]
      },
      "faces": {
        "north": {
          "uv": [
            3,
            5,
            2.75,
            5.5
          ],
          "texture": "#1"
        },
        "east": {
          "uv": [
            6.5,
            4.5,
            5.5,
            5
          ],
          "texture": "#1"
        },
        "south": {
          "uv": [
            6.25,
            0,
            6,
            0.5
          ],
          "texture": "#1"
        },
        "west": {
          "uv": [
            5.5,
            4.5,
            6.5,
            5
          ],
          "texture": "#1"
        },
        "up": {
          "uv": [
            3.25,
            3.5,
            3,
            4.5
          ],
          "rotation": 180,
          "texture": "#1"
        },
        "down": {
          "uv": [
            5,
            6.75,
            4.75,
            5.75
          ],
          "rotation": 180,
          "texture": "#1"
        }
      }
    },
    {
      "from": [
        7.5,
        -14.02978,
        8.34491
      ],
      "to": [
        8.5,
        -12.02978,
        12.34491
      ],
      "rotation": {
        "angle": -45,
        "axis": "x",
        "origin": [
          8,
          -13.26402,
          11.23266
        ]
      },
      "faces": {
        "north": {
          "uv": [
            6,
            0,
            6.25,
            0.5
          ],
          "texture": "#1"
        },
        "east": {
          "uv": [
            5.5,
            4.5,
            6.5,
            5
          ],
          "texture": "#1"
        },
        "south": {
          "uv": [
            2.75,
            5,
            3,
            5.5
          ],
          "texture": "#1"
        },
        "west": {
          "uv": [
            6.5,
            4.5,
            5.5,
            5
          ],
          "texture": "#1"
        },
        "up": {
          "uv": [
            3.25,
            4.5,
            3,
            3.5
          ],
          "rotation": 180,
          "texture": "#1"
        },
        "down": {
          "uv": [
            5,
            5.75,
            4.75,
            6.75
          ],
          "rotation": 180,
          "texture": "#1"
        }
      }
    },
    {
      "from": [
        4.5,
        15,
        4.5
      ],
      "to": [
        11.5,
        19,
        11.5
      ],
      "rotation": {
        "angle": 0,
        "axis": "y",
        "origin": [
          8,
          16,
          8
        ]
      },
      "faces": {
        "north": {
          "uv": [
            2,
            4,
            7.5,
            7.5
          ],
          "texture": "#3"
        },
        "east": {
          "uv": [
            7.5,
            7.5,
            2,
            11
          ],
          "texture": "#3"
        },
        "south": {
          "uv": [
            13,
            7.5,
            7.5,
            11
          ],
          "texture": "#3"
        },
        "west": {
          "uv": [
            13,
            4,
            7.5,
            7.5
          ],
          "texture": "#3"
        }
      }
    },
    {
      "from": [
        8,
        -3,
        0
      ],
      "to": [
        8,
        13,
        16
      ],
      "rotation": {
        "angle": 45,
        "axis": "y",
        "origin": [
          8,
          -3,
          8
        ]
      },
      "faces": {
        "north": {
          "uv": [
            0.25,
            10.5,
            1.5,
            8.5
          ],
          "rotation": 90,
          "texture": "#1"
        },
        "east": {
          "uv": [
            0,
            0,
            16,
            16
          ],
          "texture": "#4"
        },
        "south": {
          "uv": [
            0.25,
            10.5,
            1.5,
            8.5
          ],
          "rotation": 90,
          "texture": "#1"
        },
        "west": {
          "uv": [
            16,
            0,
            0,
            16
          ],
          "texture": "#4"
        },
        "up": {
          "uv": [
            1.5,
            10.5,
            3.5,
            8.5
          ],
          "texture": "#1"
        },
        "down": {
          "uv": [
            1.5,
            8.5,
            3.5,
            6.5
          ],
          "rotation": 180,
          "texture": "#1"
        }
      }
    },
    {
      "from": [
        0,
        -11,
        8
      ],
      "to": [
        16,
        5,
        8
      ],
      "rotation": {
        "angle": 45,
        "axis": "y",
        "origin": [
          8,
          16,
          8
        ]
      },
      "faces": {
        "north": {
          "uv": [
            0,
            0,
            16,
            16
          ],
          "texture": "#4"
        },
        "east": {
          "uv": [
            0.25,
            10.5,
            1.5,
            8.5
          ],
          "rotation": 90,
          "texture": "#1"
        },
        "south": {
          "uv": [
            16,
            0,
            0,
            16
          ],
          "texture": "#4"
        },
        "west": {
          "uv": [
            0.25,
            10.5,
            1.5,
            8.5
          ],
          "rotation": 90,
          "texture": "#1"
        },
        "up": {
          "uv": [
            1.5,
            10.5,
            3.5,
            8.5
          ],
          "rotation": 270,
          "texture": "#1"
        },
        "down": {
          "uv": [
            1.5,
            8.5,
            3.5,
            6.5
          ],
          "rotation": 270,
          "texture": "#1"
        }
      }
    },
    {
      "from": [
        7,
        -6,
        7
      ],
      "to": [
        9,
        10,
        9
      ],
      "rotation": {
        "angle": 0,
        "axis": "y",
        "origin": [
          8,
          16,
          8
        ]
      },
      "faces": {
        "north": {
          "uv": [
            6,
            0,
            4,
            16
          ],
          "texture": "#3"
        },
        "east": {
          "uv": [
            8,
            0,
            6,
            16
          ],
          "texture": "#3"
        },
        "south": {
          "uv": [
            10,
            0,
            8,
            16
          ],
          "texture": "#3"
        },
        "west": {
          "uv": [
            12,
            0,
            10,
            16
          ],
          "texture": "#3"
        }
      }
    }
  ],
  "gui_light": "front",
  "display": {
    "thirdperson_righthand": {
      "translation": [
        0,
        5,
        1.75
      ],
      "scale": [
        0.65,
        0.65,
        0.65
      ]
    },
    "thirdperson_lefthand": {
      "translation": [
        0,
        5,
        1.75
      ],
      "scale": [
        0.65,
        0.65,
        0.65
      ]
    },
    "firstperson_righthand": {
      "rotation": [
        -11,
        0,
        9
      ],
      "translation": [
        0.75,
        4.5,
        1
      ],
      "scale": [
        0.44141,
        0.44141,
        0.44141
      ]
    },
    "firstperson_lefthand": {
      "rotation": [
        -11,
        0,
        9
      ],
      "translation": [
        0.75,
        4.5,
        1
      ],
      "scale": [
        0.44141,
        0.44141,
        0.44141
      ]
    },
    "ground": {
      "rotation": [
        0,
        0,
        -80
      ],
      "translation": [
        2.5,
        0,
        0
      ],
      "scale": [
        0.56836,
        0.56836,
        0.56836
      ]
    },
    "gui": {
      "rotation": [
        88,
        45,
        -88
      ],
      "translation": [
        0,
        -0.25,
        -2
      ],
      "scale": [
        0.35547,
        0.35547,
        0.35547
      ]
    },
    "head": {
      "rotation": [
        -135.5,
        0,
        0
      ],
      "translation": [
        0,
        14,
        5.75
      ],
      "scale": [
        0.7,
        0.7,
        0.7
      ]
    },
    "fixed": {
      "rotation": [
        0,
        90,
        0
      ],
      "translation": [
        0,
        3.25,
        -2
      ],
      "scale": [
        1.25,
        1.25,
        1.25
      ]
    }
  },
  "groups": [
    {
      "name": "group",
      "origin": [
        0,
        3,
        0
      ],
      "color": 0,
      "boneType": "",
      "children": [
        {
          "name": "group",
          "origin": [
            8,
            -5,
            8
          ],
          "color": 0,
          "boneType": "",
          "children": [
            0,
            1,
            2,
            3,
            4,
            5,
            6,
            {
              "name": "group",
              "origin": [
                8,
                18,
                -3
              ],
              "color": 0,
              "boneType": "",
              "children": [
                7,
                8,
                9,
                10,
                11,
                12,
                13,
                14,
                15
              ]
            },
            {
              "name": "group",
              "origin": [
                8,
                18,
                -3
              ],
              "color": 0,
              "boneType": "",
              "children": [
                16,
                17,
                18,
                19,
                20,
                21,
                22
              ]
            }
          ]
        },
        23,
        24,
        25,
        26,
        27,
        28,
        29,
        {
          "name": "group",
          "origin": [
            15.5,
            2.35,
            8
          ],
          "color": 0,
          "boneType": "",
          "children": [
            30
          ]
        },
        {
          "name": "group",
          "origin": [
            15.5,
            2.35,
            8
          ],
          "color": 0,
          "boneType": "",
          "children": [
            31
          ]
        }
      ]
    },
    32,
    33,
    34,
    35
  ]
}