{"credit":"By EliteCreatures","textures":{"0":"elitecreatures:collectibles_v2_32x/smiling_koalas_inside_32","1":"elitecreatures:collectibles_v2_32x/ef_smiling_koalas_long","particle":"elitecreatures:collectibles_v2_32x/smiling_koalas_inside_32"},"elements":[{"from":[0.5,12,7.75],"to":[7,19,9.25],"rotation":{"angle":0,"axis":"y","origin":[3.75,15.5,8.5]},"faces":{"north":{"uv":[7,0,8.625,1.75],"texture":"#0"},"east":{"uv":[4.25,8.5,4.625,10.25],"texture":"#0"},"south":{"uv":[7,1.75,8.625,3.5],"texture":"#0"},"west":{"uv":[4.75,8.5,5.125,10.25],"texture":"#0"},"up":{"uv":[9.875,5.875,8.25,5.5],"texture":"#0"},"down":{"uv":[6.875,8.5,5.25,8.875],"texture":"#0"}}},{"from":[9,12,7.75],"to":[15.5,19,9.25],"rotation":{"angle":0,"axis":"y","origin":[12.25,15.5,8.5]},"faces":{"north":{"uv":[8.625,0,7,1.75],"texture":"#0"},"east":{"uv":[5.125,8.5,4.75,10.25],"texture":"#0"},"south":{"uv":[8.625,1.75,7,3.5],"texture":"#0"},"west":{"uv":[4.625,8.5,4.25,10.25],"texture":"#0"},"up":{"uv":[8.25,5.875,9.875,5.5],"texture":"#0"},"down":{"uv":[5.25,8.5,6.875,8.875],"texture":"#0"}}},{"from":[3,9,3.5],"to":[13,17,12.5],"rotation":{"angle":0,"axis":"y","origin":[7,0,7]},"faces":{"north":{"uv":[2.5,0,5,2],"texture":"#0"},"east":{"uv":[2.5,4,4.75,6],"texture":"#0"},"south":{"uv":[2.5,2,5,4],"texture":"#0"},"west":{"uv":[0,4.5,2.25,6.5],"texture":"#0"},"up":{"uv":[2.5,2.25,0,0],"texture":"#0"},"down":{"uv":[2.5,2.25,0,4.5],"texture":"#0"}}},{"from":[3.998,-0.002,5.998],"to":[12.002,9.002,12.002],"rotation":{"angle":0,"axis":"y","origin":[7,0,7]},"faces":{"north":{"uv":[4.75,4,6.75,6.25],"texture":"#0"},"east":{"uv":[4.25,6.25,5.75,8.5],"texture":"#0"},"south":{"uv":[5,0,7,2.25],"texture":"#0"},"west":{"uv":[5.75,6.25,7.25,8.5],"texture":"#0"},"up":{"uv":[2,8,0,6.5],"texture":"#0"},"down":{"uv":[8.75,4,6.75,5.5],"texture":"#0"}}},{"from":[7,1,11.75],"to":[9,3,14.75],"rotation":{"angle":-22.5,"axis":"x","origin":[8,1,13.5]},"faces":{"north":{"uv":[8.75,4,9.25,4.5],"texture":"#0"},"east":{"uv":[8.75,0.75,9.5,1.25],"texture":"#0"},"south":{"uv":[8.75,4.5,9.25,5],"texture":"#0"},"west":{"uv":[8.75,1.25,9.5,1.75],"texture":"#0"},"up":{"uv":[9.25,2.5,8.75,1.75],"texture":"#0"},"down":{"uv":[9.25,2.5,8.75,3.25],"texture":"#0"}}},{"from":[1.84376,-0.004,2.23063],"to":[4.85176,3.004,8.23863],"rotation":{"angle":22.5,"axis":"y","origin":[4.34776,1.5,5.23463]},"faces":{"north":{"uv":[7,8.5,7.75,9.25],"texture":"#0"},"east":{"uv":[6.75,5.5,8.25,6.25],"texture":"#0"},"south":{"uv":[8.5,7.5,9.25,8.25],"texture":"#0"},"west":{"uv":[7.25,6.25,8.75,7],"texture":"#0"},"up":{"uv":[8,8.5,7.25,7],"texture":"#0"},"down":{"uv":[2.75,7.75,2,9.25],"texture":"#0"}}},{"from":[11.14824,-0.004,2.23063],"to":[14.15624,3.004,8.23863],"rotation":{"angle":-22.5,"axis":"y","origin":[11.65224,1.5,5.23463]},"faces":{"north":{"uv":[7.75,8.5,7,9.25],"texture":"#0"},"east":{"uv":[8.75,6.25,7.25,7],"texture":"#0"},"south":{"uv":[9.25,7.5,8.5,8.25],"texture":"#0"},"west":{"uv":[8.25,5.5,6.75,6.25],"texture":"#0"},"up":{"uv":[7.25,8.5,8,7],"texture":"#0"},"down":{"uv":[2,7.75,2.75,9.25],"texture":"#0"}}},{"from":[2.92388,6.25,6.26732],"to":[5.92388,12.25,9.26732],"rotation":{"angle":45,"axis":"z","origin":[3.42388,7.5,5.61732]},"faces":{"north":{"uv":[2.75,7.75,3.5,9.25],"texture":"#0"},"east":{"uv":[3.5,7.75,4.25,9.25],"texture":"#0"},"south":{"uv":[0,8,0.75,9.5],"texture":"#0"},"west":{"uv":[0.75,8,1.5,9.5],"texture":"#0"},"up":{"uv":[9.25,9,8.5,8.25],"texture":"#0"},"down":{"uv":[9.5,0,8.75,0.75],"texture":"#0"}}},{"from":[11.60645,5.33142,3.68492],"to":[14.60645,8.33142,9.68492],"rotation":{"angle":-22.5,"axis":"x","origin":[13.10645,6.83142,6.68492]},"faces":{"north":{"uv":[8.5,9,9.25,8.25],"texture":"#0"},"east":{"uv":[4.25,7.75,3.5,9.25],"rotation":90,"texture":"#0"},"south":{"uv":[8.75,0,9.5,0.75],"rotation":180,"texture":"#0"},"west":{"uv":[1.5,8,0.75,9.5],"rotation":270,"texture":"#0"},"up":{"uv":[3.5,7.75,2.75,9.25],"texture":"#0"},"down":{"uv":[0.75,8,0,9.5],"rotation":180,"texture":"#0"}}},{"from":[3.998,-0.002,3.998],"to":[12.002,7.002,6.002],"rotation":{"angle":0,"axis":"y","origin":[7,0,7]},"faces":{"north":{"uv":[5,2.25,7,4],"texture":"#0"},"east":{"uv":[1.5,8,2,9.75],"texture":"#0"},"south":{"uv":[2.25,6,4.25,7.75],"texture":"#0"},"west":{"uv":[8,7.5,8.5,9.25],"texture":"#0"},"up":{"uv":[9,4,7,3.5],"texture":"#0"},"down":{"uv":[10,7,8,7.5],"texture":"#0"}}},{"name":"ef","from":[-1.5,3.25,0],"to":[2.5,18.25,0],"rotation":{"angle":45,"axis":"y","origin":[3.5,7.5,0]},"faces":{"north":{"uv":[0,0,5,16],"texture":"#1"},"east":{"uv":[0,0,0,15],"texture":"#1"},"south":{"uv":[5,0,0,16],"texture":"#1"},"west":{"uv":[0,0,0,15],"texture":"#1"},"up":{"uv":[0,0,7,0],"texture":"#1"},"down":{"uv":[0,0,7,0],"texture":"#1"}}},{"name":"ef","from":[-1.5,3.25,0.25],"to":[2.5,18.25,0.25],"rotation":{"angle":45,"axis":"y","origin":[3.5,7.5,0]},"faces":{"north":{"uv":[0,0,5,16],"texture":"#1"},"east":{"uv":[0,0,0,15],"texture":"#1"},"south":{"uv":[5,0,0,16],"texture":"#1"},"west":{"uv":[0,0,0,15],"texture":"#1"},"up":{"uv":[0,0,7,0],"texture":"#1"},"down":{"uv":[0,0,7,0],"texture":"#1"}}},{"name":"ef","from":[13.5,0.25,0],"to":[17.5,15.25,0],"rotation":{"angle":-45,"axis":"y","origin":[12.5,7.5,0]},"faces":{"north":{"uv":[10.5,0,5.5,16],"texture":"#1"},"east":{"uv":[0,0,0,15],"texture":"#1"},"south":{"uv":[5.5,0,10.5,16],"texture":"#1"},"west":{"uv":[0,0,0,15],"texture":"#1"},"up":{"uv":[7,0,0,0],"texture":"#1"},"down":{"uv":[7,0,0,0],"texture":"#1"}}},{"name":"ef","from":[13.5,0.25,0.25],"to":[17.5,15.25,0.25],"rotation":{"angle":-45,"axis":"y","origin":[12.5,7.5,0]},"faces":{"north":{"uv":[10.5,0,5.5,16],"texture":"#1"},"east":{"uv":[0,0,0,15],"texture":"#1"},"south":{"uv":[5.5,0,10.5,16],"texture":"#1"},"west":{"uv":[0,0,0,15],"texture":"#1"},"up":{"uv":[7,0,0,0],"texture":"#1"},"down":{"uv":[7,0,0,0],"texture":"#1"}}},{"name":"ef","from":[-1.5,0.25,16],"to":[2.5,15.25,16],"rotation":{"angle":-45,"axis":"y","origin":[3.5,7.5,16]},"faces":{"north":{"uv":[5.5,0,10.5,16],"texture":"#1"},"east":{"uv":[0,0,0,15],"texture":"#1"},"south":{"uv":[10.5,0,5.5,16],"texture":"#1"},"west":{"uv":[0,0,0,15],"texture":"#1"},"up":{"uv":[0,0,7,0],"texture":"#1"},"down":{"uv":[0,0,7,0],"texture":"#1"}}},{"name":"ef","from":[-1.5,0.25,15.75],"to":[2.5,15.25,15.75],"rotation":{"angle":-45,"axis":"y","origin":[3.5,7.5,16]},"faces":{"north":{"uv":[5.5,0,10.5,16],"texture":"#1"},"east":{"uv":[0,0,0,15],"texture":"#1"},"south":{"uv":[10.5,0,5.5,16],"texture":"#1"},"west":{"uv":[0,0,0,15],"texture":"#1"},"up":{"uv":[0,0,7,0],"texture":"#1"},"down":{"uv":[0,0,7,0],"texture":"#1"}}},{"name":"ef","from":[13.5,3.25,16],"to":[17.5,18.25,16],"rotation":{"angle":45,"axis":"y","origin":[12.5,7.5,16]},"faces":{"north":{"uv":[16,0,11,16],"texture":"#1"},"east":{"uv":[0,0,0,15],"texture":"#1"},"south":{"uv":[11,0,16,16],"texture":"#1"},"west":{"uv":[0,0,0,15],"texture":"#1"},"up":{"uv":[7,0,0,0],"texture":"#1"},"down":{"uv":[7,0,0,0],"texture":"#1"}}},{"name":"ef","from":[13.5,3.25,15.75],"to":[17.5,18.25,15.75],"rotation":{"angle":45,"axis":"y","origin":[12.5,7.5,16]},"faces":{"north":{"uv":[16,0,11,16],"texture":"#1"},"east":{"uv":[0,0,0,15],"texture":"#1"},"south":{"uv":[11,0,16,16],"texture":"#1"},"west":{"uv":[0,0,0,15],"texture":"#1"},"up":{"uv":[7,0,0,0],"texture":"#1"},"down":{"uv":[7,0,0,0],"texture":"#1"}}}],"gui_light":"front","display":{"thirdperson_righthand":{"rotation":[61.23,4.49,0.46],"translation":[0,1.75,0.75],"scale":[0.5,0.5,0.5]},"thirdperson_lefthand":{"rotation":[61.23,4.49,0.46],"translation":[0,1.75,0.75],"scale":[0.5,0.5,0.5]},"firstperson_righthand":{"rotation":[-166,53.68,171.1],"translation":[0.75,3.75,-0.75],"scale":[0.58336,0.58336,0.58336]},"firstperson_lefthand":{"rotation":[-166,53.68,171.1],"translation":[0.75,3.75,-0.75],"scale":[0.58336,0.58336,0.58336]},"ground":{"rotation":[68,0,0],"translation":[0,1.5,0],"scale":[0.5,0.5,0.5]},"gui":{"rotation":[-170,15,-180],"translation":[0.25,-2,0],"scale":[0.62,0.62,0.62]},"head":{"rotation":[7,180,1],"translation":[0,-60,11.25],"scale":[1.6,1.6,1.6]},"fixed":{"rotation":[-90,0,0],"translation":[0,0,-16.25],"scale":[2,2,2]}}}