{
  "credit": "Made by PolygonMC",
  "texture_size": [
    36,
    36
  ],
  "textures": {
    "1": "nexusset:animations/animations_bolt",
    "2": "nexusset:animations/animations_nexus",
    "4": "nexusset:wings",
    "particle": "nexusset:wings"
  },
  "elements": [
    {
      "from": [
        9.87675,
        14.91003,
        7.42
      ],
      "to": [
        11.08675,
        16.12003,
        8.63
      ],
      "rotation": {
        "angle": -45,
        "axis": "z",
        "origin": [
          7.975,
          9.39507,
          8
        ]
      },
      "faces": {
        "north": {
          "uv": [
            9.11111,
            11.44444,
            9.66667,
            12
          ],
          "texture": "#4"
        },
        "east": {
          "uv": [
            6,
            11.44444,
            6.55556,
            12
          ],
          "texture": "#4"
        },
        "south": {
          "uv": [
            11.33333,
            6.55556,
            11.88889,
            7.11111
          ],
          "texture": "#4"
        },
        "west": {
          "uv": [
            8.22222,
            11.44444,
            8.77778,
            12
          ],
          "texture": "#4"
        },
        "up": {
          "uv": [
            10.55556,
            12,
            10,
            11.44444
          ],
          "rotation": 90,
          "texture": "#4"
        },
        "down": {
          "uv": [
            11.44444,
            11.44444,
            10.88889,
            12
          ],
          "rotation": 270,
          "texture": "#4"
        }
      }
    },
    {
      "from": [
        10.07675,
        15.11003,
        7.22
      ],
      "to": [
        10.88675,
        15.92003,
        8.83
      ],
      "rotation": {
        "angle": -45,
        "axis": "z",
        "origin": [
          7.975,
          9.39507,
          8
        ]
      },
      "faces": {
        "north": {
          "uv": [
            5.11111,
            12.33333,
            5.44444,
            12.66667
          ],
          "texture": "#4"
        },
        "east": {
          "uv": [
            11.33333,
            7.44444,
            12,
            7.77778
          ],
          "texture": "#4"
        },
        "south": {
          "uv": [
            4.66667,
            12.33333,
            5,
            12.66667
          ],
          "texture": "#4"
        },
        "west": {
          "uv": [
            11.33333,
            9.66667,
            12,
            10
          ],
          "texture": "#4"
        },
        "up": {
          "uv": [
            12.44444,
            1.11111,
            11.77778,
            0.77778
          ],
          "rotation": 90,
          "texture": "#4"
        },
        "down": {
          "uv": [
            12.44444,
            1.22222,
            11.77778,
            1.55556
          ],
          "rotation": 270,
          "texture": "#4"
        }
      }
    },
    {
      "from": [
        8.83819,
        9.01466,
        7.525
      ],
      "to": [
        9.83819,
        10.01466,
        8.525
      ],
      "rotation": {
        "angle": 22.5,
        "axis": "z",
        "origin": [
          7.975,
          9.39507,
          8
        ]
      },
      "faces": {
        "north": {
          "uv": [
            11.77778,
            4.77778,
            12.22222,
            5.22222
          ],
          "texture": "#4"
        },
        "east": {
          "uv": [
            11.77778,
            3.44444,
            12.22222,
            3.88889
          ],
          "texture": "#4"
        },
        "south": {
          "uv": [
            11.77778,
            3.88889,
            12.22222,
            4.33333
          ],
          "texture": "#4"
        },
        "west": {
          "uv": [
            4.66667,
            11.88889,
            5.11111,
            12.33333
          ],
          "texture": "#4"
        },
        "up": {
          "uv": [
            5.55556,
            12.33333,
            5.11111,
            11.88889
          ],
          "rotation": 90,
          "texture": "#4"
        },
        "down": {
          "uv": [
            12.22222,
            5.22222,
            11.77778,
            5.66667
          ],
          "rotation": 270,
          "texture": "#4"
        }
      }
    },
    {
      "from": [
        6.11181,
        9.01466,
        7.525
      ],
      "to": [
        7.11181,
        10.01466,
        8.525
      ],
      "rotation": {
        "angle": -22.5,
        "axis": "z",
        "origin": [
          7.975,
          9.39507,
          8
        ]
      },
      "faces": {
        "north": {
          "uv": [
            12.22222,
            4.77778,
            11.77778,
            5.22222
          ],
          "texture": "#4"
        },
        "east": {
          "uv": [
            5.11111,
            11.88889,
            4.66667,
            12.33333
          ],
          "texture": "#4"
        },
        "south": {
          "uv": [
            12.22222,
            3.88889,
            11.77778,
            4.33333
          ],
          "texture": "#4"
        },
        "west": {
          "uv": [
            12.22222,
            3.44444,
            11.77778,
            3.88889
          ],
          "texture": "#4"
        },
        "up": {
          "uv": [
            5.55556,
            11.88889,
            5.11111,
            12.33333
          ],
          "rotation": 90,
          "texture": "#4"
        },
        "down": {
          "uv": [
            12.22222,
            5.66667,
            11.77778,
            5.22222
          ],
          "rotation": 270,
          "texture": "#4"
        }
      }
    },
    {
      "from": [
        12.63819,
        9.01466,
        7.525
      ],
      "to": [
        14.63819,
        10.01466,
        8.525
      ],
      "rotation": {
        "angle": 22.5,
        "axis": "z",
        "origin": [
          7.975,
          9.39507,
          8
        ]
      },
      "faces": {
        "north": {
          "uv": [
            4.66667,
            11.44444,
            5.55556,
            11.88889
          ],
          "texture": "#4"
        },
        "south": {
          "uv": [
            11.33333,
            4.33333,
            12.22222,
            4.77778
          ],
          "texture": "#4"
        },
        "west": {
          "uv": [
            11.77778,
            11.88889,
            12.22222,
            12.33333
          ],
          "texture": "#4"
        },
        "up": {
          "uv": [
            11.77778,
            5.66667,
            11.33333,
            4.77778
          ],
          "rotation": 90,
          "texture": "#4"
        },
        "down": {
          "uv": [
            11.77778,
            5.66667,
            11.33333,
            6.55556
          ],
          "rotation": 270,
          "texture": "#4"
        }
      }
    },
    {
      "from": [
        9.83819,
        9.11466,
        7.625
      ],
      "to": [
        12.63819,
        9.91466,
        8.425
      ],
      "rotation": {
        "angle": 22.5,
        "axis": "z",
        "origin": [
          7.975,
          9.39507,
          8
        ]
      },
      "faces": {
        "north": {
          "uv": [
            10.44444,
            9.22222,
            11.66667,
            9.55556
          ],
          "texture": "#4"
        },
        "south": {
          "uv": [
            10.44444,
            8.77778,
            11.66667,
            9.11111
          ],
          "texture": "#4"
        },
        "up": {
          "uv": [
            7.66667,
            11.77778,
            7.33333,
            10.55556
          ],
          "rotation": 90,
          "texture": "#4"
        },
        "down": {
          "uv": [
            4.55556,
            11,
            4.22222,
            12.22222
          ],
          "rotation": 270,
          "texture": "#4"
        }
      }
    },
    {
      "from": [
        4.57432,
        5.99439,
        7.425
      ],
      "to": [
        6.57432,
        7.99439,
        8.625
      ],
      "rotation": {
        "angle": 45,
        "axis": "z",
        "origin": [
          7.975,
          9.39507,
          8
        ]
      },
      "faces": {
        "north": {
          "uv": [
            9.11111,
            4.77778,
            10,
            5.66667
          ],
          "texture": "#4"
        },
        "east": {
          "uv": [
            10,
            10.11111,
            10.55556,
            11
          ],
          "texture": "#4"
        },
        "south": {
          "uv": [
            8.66667,
            8.77778,
            9.55556,
            9.66667
          ],
          "texture": "#4"
        },
        "west": {
          "uv": [
            10.44444,
            0.33333,
            11,
            1.22222
          ],
          "texture": "#4"
        },
        "up": {
          "uv": [
            11,
            2.11111,
            10.44444,
            1.22222
          ],
          "rotation": 90,
          "texture": "#4"
        },
        "down": {
          "uv": [
            11,
            2.11111,
            10.44444,
            3
          ],
          "rotation": 270,
          "texture": "#4"
        }
      }
    },
    {
      "from": [
        4.77432,
        6.19439,
        7.225
      ],
      "to": [
        6.37432,
        7.79439,
        8.825
      ],
      "rotation": {
        "angle": 45,
        "axis": "z",
        "origin": [
          7.975,
          9.39507,
          8
        ]
      },
      "faces": {
        "north": {
          "uv": [
            10.44444,
            5.66667,
            11.11111,
            6.33333
          ],
          "texture": "#4"
        },
        "east": {
          "uv": [
            10.44444,
            3,
            11.11111,
            3.66667
          ],
          "texture": "#4"
        },
        "south": {
          "uv": [
            10.44444,
            3.88889,
            11.11111,
            4.55556
          ],
          "texture": "#4"
        },
        "west": {
          "uv": [
            10.44444,
            4.77778,
            11.11111,
            5.44444
          ],
          "texture": "#4"
        },
        "up": {
          "uv": [
            7.11111,
            11.22222,
            6.44444,
            10.55556
          ],
          "rotation": 90,
          "texture": "#4"
        },
        "down": {
          "uv": [
            11.11111,
            6.55556,
            10.44444,
            7.22222
          ],
          "rotation": 270,
          "texture": "#4"
        }
      }
    },
    {
      "from": [
        8.725,
        5.25,
        7.025
      ],
      "to": [
        9.725,
        8.25,
        9.025
      ],
      "rotation": {
        "angle": 0,
        "axis": "y",
        "origin": [
          7.975,
          9.39507,
          8
        ]
      },
      "faces": {
        "north": {
          "uv": [
            4.66667,
            9.66667,
            5.11111,
            11
          ],
          "texture": "#4"
        },
        "east": {
          "uv": [
            6.44444,
            8.33333,
            7.33333,
            9.66667
          ],
          "texture": "#4"
        },
        "south": {
          "uv": [
            4.22222,
            9.66667,
            4.66667,
            11
          ],
          "texture": "#4"
        },
        "west": {
          "uv": [
            7.33333,
            8.33333,
            8.22222,
            9.66667
          ],
          "texture": "#4"
        },
        "up": {
          "uv": [
            11.33333,
            10.11111,
            10.44444,
            9.66667
          ],
          "rotation": 90,
          "texture": "#4"
        },
        "down": {
          "uv": [
            5.55556,
            11,
            4.66667,
            11.44444
          ],
          "rotation": 270,
          "texture": "#4"
        }
      }
    },
    {
      "from": [
        7.40275,
        7.34795,
        7.026
      ],
      "to": [
        8.40275,
        8.34795,
        9.024
      ],
      "rotation": {
        "angle": 45,
        "axis": "z",
        "origin": [
          7.975,
          9.39507,
          8
        ]
      },
      "faces": {
        "north": {
          "uv": [
            11.77778,
            5.66667,
            12.22222,
            6.11111
          ],
          "texture": "#4"
        },
        "east": {
          "uv": [
            10.88889,
            7.88889,
            11.77778,
            8.33333
          ],
          "texture": "#4"
        },
        "south": {
          "uv": [
            5.55556,
            11.88889,
            6,
            12.33333
          ],
          "texture": "#4"
        },
        "west": {
          "uv": [
            10.88889,
            8.33333,
            11.77778,
            8.77778
          ],
          "texture": "#4"
        },
        "up": {
          "uv": [
            9.55556,
            11.44444,
            8.66667,
            11
          ],
          "rotation": 90,
          "texture": "#4"
        }
      }
    },
    {
      "from": [
        5.57432,
        4.93373,
        7.026
      ],
      "to": [
        6.57432,
        5.93373,
        9.024
      ],
      "rotation": {
        "angle": 45,
        "axis": "z",
        "origin": [
          7.975,
          9.39507,
          8
        ]
      },
      "faces": {
        "north": {
          "uv": [
            7.33333,
            11.88889,
            7.77778,
            12.33333
          ],
          "texture": "#4"
        },
        "east": {
          "uv": [
            10,
            11,
            10.88889,
            11.44444
          ],
          "texture": "#4"
        },
        "south": {
          "uv": [
            11.77778,
            6.11111,
            12.22222,
            6.55556
          ],
          "texture": "#4"
        },
        "west": {
          "uv": [
            10.88889,
            10.11111,
            11.77778,
            10.55556
          ],
          "texture": "#4"
        },
        "down": {
          "uv": [
            11.77778,
            10.55556,
            10.88889,
            11
          ],
          "rotation": 270,
          "texture": "#4"
        }
      }
    },
    {
      "from": [
        7.54725,
        7.34795,
        7.026
      ],
      "to": [
        8.54725,
        8.34795,
        9.024
      ],
      "rotation": {
        "angle": -45,
        "axis": "z",
        "origin": [
          7.975,
          9.39507,
          8
        ]
      },
      "faces": {
        "north": {
          "uv": [
            12.22222,
            5.66667,
            11.77778,
            6.11111
          ],
          "texture": "#4"
        },
        "east": {
          "uv": [
            11.77778,
            8.33333,
            10.88889,
            8.77778
          ],
          "texture": "#4"
        },
        "south": {
          "uv": [
            6,
            11.88889,
            5.55556,
            12.33333
          ],
          "texture": "#4"
        },
        "west": {
          "uv": [
            11.77778,
            7.88889,
            10.88889,
            8.33333
          ],
          "texture": "#4"
        },
        "up": {
          "uv": [
            9.55556,
            11,
            8.66667,
            11.44444
          ],
          "rotation": 90,
          "texture": "#4"
        }
      }
    },
    {
      "from": [
        9.37568,
        4.93373,
        7.026
      ],
      "to": [
        10.37568,
        5.93373,
        9.024
      ],
      "rotation": {
        "angle": -45,
        "axis": "z",
        "origin": [
          7.975,
          9.39507,
          8
        ]
      },
      "faces": {
        "north": {
          "uv": [
            7.77778,
            11.88889,
            7.33333,
            12.33333
          ],
          "texture": "#4"
        },
        "east": {
          "uv": [
            11.77778,
            10.11111,
            10.88889,
            10.55556
          ],
          "texture": "#4"
        },
        "south": {
          "uv": [
            12.22222,
            6.11111,
            11.77778,
            6.55556
          ],
          "texture": "#4"
        },
        "west": {
          "uv": [
            10.88889,
            11,
            10,
            11.44444
          ],
          "texture": "#4"
        },
        "down": {
          "uv": [
            11.77778,
            11,
            10.88889,
            10.55556
          ],
          "rotation": 270,
          "texture": "#4"
        }
      }
    },
    {
      "from": [
        6.225,
        5.25,
        7.025
      ],
      "to": [
        7.225,
        8.25,
        9.025
      ],
      "rotation": {
        "angle": 0,
        "axis": "y",
        "origin": [
          7.975,
          9.39507,
          8
        ]
      },
      "faces": {
        "north": {
          "uv": [
            5.11111,
            9.66667,
            4.66667,
            11
          ],
          "texture": "#4"
        },
        "east": {
          "uv": [
            8.22222,
            8.33333,
            7.33333,
            9.66667
          ],
          "texture": "#4"
        },
        "south": {
          "uv": [
            4.66667,
            9.66667,
            4.22222,
            11
          ],
          "texture": "#4"
        },
        "west": {
          "uv": [
            7.33333,
            8.33333,
            6.44444,
            9.66667
          ],
          "texture": "#4"
        },
        "up": {
          "uv": [
            11.33333,
            9.66667,
            10.44444,
            10.11111
          ],
          "rotation": 90,
          "texture": "#4"
        },
        "down": {
          "uv": [
            5.55556,
            11.44444,
            4.66667,
            11
          ],
          "rotation": 270,
          "texture": "#4"
        }
      }
    },
    {
      "from": [
        9.32978,
        8.15519,
        7.525
      ],
      "to": [
        11.32978,
        9.15519,
        8.525
      ],
      "rotation": {
        "angle": -22.5,
        "axis": "z",
        "origin": [
          7.975,
          9.39507,
          8
        ]
      },
      "faces": {
        "north": {
          "uv": [
            11.33333,
            0.33333,
            12.22222,
            0.77778
          ],
          "texture": "#4"
        },
        "east": {
          "uv": [
            7.77778,
            11.88889,
            8.22222,
            12.33333
          ],
          "texture": "#4"
        },
        "south": {
          "uv": [
            10.88889,
            11,
            11.77778,
            11.44444
          ],
          "texture": "#4"
        },
        "west": {
          "uv": [
            11.77778,
            7.88889,
            12.22222,
            8.33333
          ],
          "texture": "#4"
        },
        "up": {
          "uv": [
            6,
            11.88889,
            5.55556,
            11
          ],
          "rotation": 90,
          "texture": "#4"
        },
        "down": {
          "uv": [
            8.22222,
            11,
            7.77778,
            11.88889
          ],
          "rotation": 270,
          "texture": "#4"
        }
      }
    },
    {
      "from": [
        9.47045,
        6.14616,
        7.526
      ],
      "to": [
        12.47045,
        7.14616,
        8.524
      ],
      "rotation": {
        "angle": 22.5,
        "axis": "z",
        "origin": [
          7.975,
          9.39507,
          8
        ]
      },
      "faces": {
        "north": {
          "uv": [
            6.44444,
            9.66667,
            7.77778,
            10.11111
          ],
          "texture": "#4"
        },
        "east": {
          "uv": [
            11.77778,
            8.33333,
            12.22222,
            8.77778
          ],
          "texture": "#4"
        },
        "south": {
          "uv": [
            8.66667,
            7.44444,
            10,
            7.88889
          ],
          "texture": "#4"
        },
        "up": {
          "uv": [
            5.55556,
            11,
            5.11111,
            9.66667
          ],
          "rotation": 90,
          "texture": "#4"
        },
        "down": {
          "uv": [
            6,
            9.66667,
            5.55556,
            11
          ],
          "rotation": 270,
          "texture": "#4"
        }
      }
    },
    {
      "from": [
        10.22045,
        7.14616,
        7.775
      ],
      "to": [
        10.72045,
        8.14616,
        8.275
      ],
      "rotation": {
        "angle": 22.5,
        "axis": "z",
        "origin": [
          7.975,
          9.39507,
          8
        ]
      },
      "faces": {
        "north": {
          "uv": [
            6,
            12.33333,
            6.22222,
            12.77778
          ],
          "texture": "#4"
        },
        "east": {
          "uv": [
            12.22222,
            5.22222,
            12.44444,
            5.66667
          ],
          "texture": "#4"
        },
        "south": {
          "uv": [
            5.55556,
            12.33333,
            5.77778,
            12.77778
          ],
          "texture": "#4"
        },
        "west": {
          "uv": [
            12.22222,
            5.66667,
            12.44444,
            6.11111
          ],
          "texture": "#4"
        },
        "up": {
          "uv": [
            12.44444,
            9.88889,
            12.22222,
            9.66667
          ],
          "rotation": 90,
          "texture": "#4"
        }
      }
    },
    {
      "from": [
        10.79945,
        9.72828,
        7.776
      ],
      "to": [
        12.22445,
        10.45328,
        8.274
      ],
      "rotation": {
        "angle": -22.5,
        "axis": "z",
        "origin": [
          7.975,
          9.39507,
          8
        ]
      },
      "faces": {
        "north": {
          "uv": [
            11.77778,
            2.11111,
            12.44444,
            2.44444
          ],
          "texture": "#4"
        },
        "east": {
          "uv": [
            12.22222,
            9.22222,
            12.44444,
            9.55556
          ],
          "texture": "#4"
        },
        "south": {
          "uv": [
            11.77778,
            1.66667,
            12.44444,
            2
          ],
          "texture": "#4"
        },
        "up": {
          "uv": [
            4.44444,
            13,
            4.22222,
            12.33333
          ],
          "rotation": 90,
          "texture": "#4"
        }
      }
    },
    {
      "from": [
        16.36612,
        10.17201,
        7.775
      ],
      "to": [
        16.86612,
        11.17201,
        8.275
      ],
      "rotation": {
        "angle": -45,
        "axis": "z",
        "origin": [
          7.975,
          9.39507,
          8
        ]
      },
      "faces": {
        "north": {
          "uv": [
            9.11111,
            12.33333,
            9.33333,
            12.77778
          ],
          "texture": "#4"
        },
        "east": {
          "uv": [
            12.22222,
            8.33333,
            12.44444,
            8.77778
          ],
          "texture": "#4"
        },
        "south": {
          "uv": [
            8.66667,
            12.33333,
            8.88889,
            12.77778
          ],
          "texture": "#4"
        },
        "west": {
          "uv": [
            12.22222,
            8.77778,
            12.44444,
            9.22222
          ],
          "texture": "#4"
        },
        "down": {
          "uv": [
            10.22222,
            12.33333,
            10,
            12.55556
          ],
          "rotation": 270,
          "texture": "#4"
        }
      }
    },
    {
      "from": [
        14.81136,
        3.65748,
        7.776
      ],
      "to": [
        16.23636,
        4.38248,
        8.274
      ],
      "rotation": {
        "angle": 0,
        "axis": "x",
        "origin": [
          7.975,
          9.39507,
          8
        ]
      },
      "faces": {
        "north": {
          "uv": [
            11.77778,
            3,
            12.44444,
            3.33333
          ],
          "texture": "#4"
        },
        "east": {
          "uv": [
            9.55556,
            12.33333,
            9.77778,
            12.66667
          ],
          "texture": "#4"
        },
        "south": {
          "uv": [
            11.77778,
            2.55556,
            12.44444,
            2.88889
          ],
          "texture": "#4"
        },
        "down": {
          "uv": [
            12.44444,
            4.33333,
            12.22222,
            5
          ],
          "rotation": 270,
          "texture": "#4"
        }
      }
    },
    {
      "from": [
        15.61612,
        11.17201,
        7.526
      ],
      "to": [
        18.61612,
        12.17201,
        8.524
      ],
      "rotation": {
        "angle": -45,
        "axis": "z",
        "origin": [
          7.975,
          9.39507,
          8
        ]
      },
      "faces": {
        "north": {
          "uv": [
            10,
            7.44444,
            11.33333,
            7.88889
          ],
          "texture": "#4"
        },
        "east": {
          "uv": [
            12.22222,
            3.88889,
            12.66667,
            4.33333
          ],
          "texture": "#4"
        },
        "south": {
          "uv": [
            6.44444,
            10.11111,
            7.77778,
            10.55556
          ],
          "texture": "#4"
        },
        "up": {
          "uv": [
            10.44444,
            10.11111,
            10,
            8.77778
          ],
          "rotation": 90,
          "texture": "#4"
        },
        "down": {
          "uv": [
            10,
            10.11111,
            9.55556,
            11.44444
          ],
          "rotation": 270,
          "texture": "#4"
        }
      }
    },
    {
      "from": [
        9.34168,
        4.95558,
        7.525
      ],
      "to": [
        15.34168,
        5.95558,
        8.525
      ],
      "rotation": {
        "angle": 0,
        "axis": "x",
        "origin": [
          7.975,
          9.39507,
          8
        ]
      },
      "faces": {
        "north": {
          "uv": [
            8.22222,
            8.33333,
            10.88889,
            8.77778
          ],
          "texture": "#4"
        },
        "east": {
          "uv": [
            12.22222,
            0.33333,
            12.66667,
            0.77778
          ],
          "texture": "#4"
        },
        "south": {
          "uv": [
            8.22222,
            7.88889,
            10.88889,
            8.33333
          ],
          "texture": "#4"
        },
        "west": {
          "uv": [
            12.22222,
            3.44444,
            12.66667,
            3.88889
          ],
          "texture": "#4"
        },
        "up": {
          "uv": [
            9.11111,
            7.44444,
            8.66667,
            4.77778
          ],
          "rotation": 90,
          "texture": "#4"
        },
        "down": {
          "uv": [
            8.66667,
            8.77778,
            8.22222,
            11.44444
          ],
          "rotation": 270,
          "texture": "#4"
        }
      }
    },
    {
      "from": [
        7.81502,
        6.55505,
        7.525
      ],
      "to": [
        10.81502,
        9.55505,
        8.525
      ],
      "rotation": {
        "angle": -45,
        "axis": "z",
        "origin": [
          7.975,
          9.39507,
          8
        ]
      },
      "faces": {
        "north": {
          "uv": [
            4.66667,
            8.33333,
            6,
            9.66667
          ],
          "texture": "#4"
        },
        "east": {
          "uv": [
            7.77778,
            9.66667,
            8.22222,
            11
          ],
          "texture": "#4"
        },
        "south": {
          "uv": [
            3.33333,
            8.33333,
            4.66667,
            9.66667
          ],
          "texture": "#4"
        },
        "west": {
          "uv": [
            8.66667,
            9.66667,
            9.11111,
            11
          ],
          "texture": "#4"
        },
        "up": {
          "uv": [
            10,
            10.11111,
            9.55556,
            8.77778
          ],
          "rotation": 90,
          "texture": "#4"
        },
        "down": {
          "uv": [
            9.55556,
            9.66667,
            9.11111,
            11
          ],
          "rotation": 270,
          "texture": "#4"
        }
      }
    },
    {
      "from": [
        6.6937,
        8.67637,
        7.5
      ],
      "to": [
        8.6937,
        10.67637,
        8.55
      ],
      "rotation": {
        "angle": -45,
        "axis": "z",
        "origin": [
          7.975,
          9.39507,
          8
        ]
      },
      "faces": {
        "north": {
          "uv": [
            9.11111,
            6.55556,
            10,
            7.44444
          ],
          "texture": "#4"
        },
        "east": {
          "uv": [
            11.33333,
            0.77778,
            11.77778,
            1.66667
          ],
          "texture": "#4"
        },
        "south": {
          "uv": [
            9.11111,
            5.66667,
            10,
            6.55556
          ],
          "texture": "#4"
        },
        "west": {
          "uv": [
            11.33333,
            1.66667,
            11.77778,
            2.55556
          ],
          "texture": "#4"
        },
        "up": {
          "uv": [
            11.77778,
            3.44444,
            11.33333,
            2.55556
          ],
          "rotation": 90,
          "texture": "#4"
        },
        "down": {
          "uv": [
            11.77778,
            3.44444,
            11.33333,
            4.33333
          ],
          "rotation": 270,
          "texture": "#4"
        }
      }
    },
    {
      "from": [
        12.45109,
        10.27651,
        7.775
      ],
      "to": [
        13.45109,
        17.27651,
        8.275
      ],
      "rotation": {
        "angle": -22.5,
        "axis": "z",
        "origin": [
          7.975,
          9.39507,
          8
        ]
      },
      "faces": {
        "north": {
          "uv": [
            6,
            8.33333,
            6.44444,
            11.44444
          ],
          "texture": "#4"
        },
        "east": {
          "uv": [
            3.33333,
            9.66667,
            3.55556,
            12.77778
          ],
          "texture": "#4"
        },
        "south": {
          "uv": [
            8.22222,
            4.77778,
            8.66667,
            7.88889
          ],
          "texture": "#4"
        },
        "west": {
          "uv": [
            3.77778,
            9.66667,
            4,
            12.77778
          ],
          "texture": "#4"
        },
        "up": {
          "uv": [
            12.44444,
            6.55556,
            12.22222,
            6.11111
          ],
          "rotation": 90,
          "texture": "#4"
        },
        "down": {
          "uv": [
            6.66667,
            12.33333,
            6.44444,
            12.77778
          ],
          "rotation": 270,
          "texture": "#4"
        }
      }
    },
    {
      "from": [
        13.1582,
        12.5694,
        7.777
      ],
      "to": [
        14.1582,
        15.5694,
        8.273
      ],
      "rotation": {
        "angle": -22.5,
        "axis": "z",
        "origin": [
          7.975,
          9.39507,
          8
        ]
      },
      "faces": {
        "north": {
          "uv": [
            10,
            6.11111,
            10.44444,
            7.44444
          ],
          "texture": "#4"
        },
        "east": {
          "uv": [
            6.88889,
            11.44444,
            7.11111,
            12.77778
          ],
          "texture": "#4"
        },
        "south": {
          "uv": [
            10,
            4.77778,
            10.44444,
            6.11111
          ],
          "texture": "#4"
        }
      }
    },
    {
      "from": [
        16.4202,
        11.09591,
        7.776
      ],
      "to": [
        17.4202,
        12.09591,
        8.274
      ],
      "rotation": {
        "angle": 22.5,
        "axis": "z",
        "origin": [
          7.975,
          9.39507,
          8
        ]
      },
      "faces": {
        "north": {
          "uv": [
            11.77778,
            9.22222,
            12.22222,
            9.66667
          ],
          "texture": "#4"
        },
        "east": {
          "uv": [
            12.22222,
            6.55556,
            12.44444,
            7
          ],
          "texture": "#4"
        },
        "south": {
          "uv": [
            11.77778,
            8.77778,
            12.22222,
            9.22222
          ],
          "texture": "#4"
        },
        "west": {
          "uv": [
            12.22222,
            7,
            12.44444,
            7.44444
          ],
          "texture": "#4"
        },
        "up": {
          "uv": [
            7.55556,
            12.77778,
            7.33333,
            12.33333
          ],
          "rotation": 90,
          "texture": "#4"
        }
      }
    },
    {
      "from": [
        15.71309,
        9.3888,
        7.776
      ],
      "to": [
        16.71309,
        10.3888,
        8.274
      ],
      "rotation": {
        "angle": 22.5,
        "axis": "z",
        "origin": [
          7.975,
          9.39507,
          8
        ]
      },
      "faces": {
        "north": {
          "uv": [
            11.77778,
            10.55556,
            12.22222,
            11
          ],
          "texture": "#4"
        },
        "east": {
          "uv": [
            12.22222,
            7.44444,
            12.44444,
            7.88889
          ],
          "texture": "#4"
        },
        "south": {
          "uv": [
            11.77778,
            10.11111,
            12.22222,
            10.55556
          ],
          "texture": "#4"
        },
        "down": {
          "uv": [
            8,
            12.33333,
            7.77778,
            12.77778
          ],
          "rotation": 270,
          "texture": "#4"
        }
      }
    },
    {
      "from": [
        13.59177,
        7.26748,
        7.776
      ],
      "to": [
        14.59177,
        8.26748,
        8.274
      ],
      "rotation": {
        "angle": 22.5,
        "axis": "z",
        "origin": [
          7.975,
          9.39507,
          8
        ]
      },
      "faces": {
        "north": {
          "uv": [
            11.77778,
            11.44444,
            12.22222,
            11.88889
          ],
          "texture": "#4"
        },
        "east": {
          "uv": [
            12.22222,
            7.88889,
            12.44444,
            8.33333
          ],
          "texture": "#4"
        },
        "south": {
          "uv": [
            11.77778,
            11,
            12.22222,
            11.44444
          ],
          "texture": "#4"
        },
        "down": {
          "uv": [
            8.44444,
            12.33333,
            8.22222,
            12.77778
          ],
          "rotation": 270,
          "texture": "#4"
        }
      }
    },
    {
      "from": [
        24.83966,
        3.75,
        7.78966
      ],
      "to": [
        28.83966,
        14.75,
        7.78966
      ],
      "rotation": {
        "angle": -45,
        "axis": "z",
        "origin": [
          26.83966,
          9.25,
          7.78966
        ]
      },
      "faces": {
        "north": {
          "uv": [
            5.33333,
            0,
            0,
            14.66667
          ],
          "texture": "#1"
        }
      }
    },
    {
      "from": [
        14.7686,
        -2.97792,
        7.68966
      ],
      "to": [
        23.7686,
        0.02208,
        7.68966
      ],
      "rotation": {
        "angle": 0,
        "axis": "z",
        "origin": [
          19.2686,
          -1.47792,
          7.68966
        ]
      },
      "faces": {
        "north": {
          "uv": [
            9.33333,
            0,
            5.33333,
            12
          ],
          "rotation": 270,
          "texture": "#1"
        }
      }
    },
    {
      "from": [
        23.2686,
        14.52208,
        7.68966
      ],
      "to": [
        26.2686,
        23.52208,
        7.68966
      ],
      "rotation": {
        "angle": -22.5,
        "axis": "z",
        "origin": [
          24.7686,
          19.02208,
          7.68966
        ]
      },
      "faces": {
        "north": {
          "uv": [
            9.33333,
            0,
            5.33333,
            12
          ],
          "texture": "#1"
        }
      }
    },
    {
      "from": [
        5.5,
        3.45,
        6.83966
      ],
      "to": [
        10.5,
        8.45,
        6.83966
      ],
      "rotation": {
        "angle": 0,
        "axis": "x",
        "origin": [
          7.23534,
          11.77646,
          4.76466
        ]
      },
      "faces": {
        "north": {
          "uv": [
            0,
            0,
            10,
            10
          ],
          "texture": "#2"
        }
      }
    },
    {
      "from": [
        14.77749,
        1.92719,
        7.18966
      ],
      "to": [
        19.27749,
        4.17719,
        7.18966
      ],
      "rotation": {
        "angle": -45,
        "axis": "z",
        "origin": [
          17.02749,
          5.05219,
          5.18966
        ]
      },
      "faces": {
        "north": {
          "uv": [
            12.33333,
            0,
            15.33333,
            6
          ],
          "rotation": 270,
          "texture": "#1"
        }
      }
    },
    {
      "from": [
        11.2763,
        8.2156,
        7.08966
      ],
      "to": [
        13.5263,
        12.7156,
        7.08966
      ],
      "rotation": {
        "angle": -45,
        "axis": "z",
        "origin": [
          12.4013,
          10.2156,
          7.28966
        ]
      },
      "faces": {
        "north": {
          "uv": [
            9.33333,
            0,
            12.33333,
            6
          ],
          "texture": "#1"
        }
      }
    },
    {
      "from": [
        -12.83966,
        3.75,
        7.78966
      ],
      "to": [
        -8.83966,
        14.75,
        7.78966
      ],
      "rotation": {
        "angle": 45,
        "axis": "z",
        "origin": [
          -10.83966,
          9.25,
          7.78966
        ]
      },
      "faces": {
        "north": {
          "uv": [
            0,
            0,
            5.33333,
            14.66667
          ],
          "texture": "#1"
        }
      }
    },
    {
      "from": [
        -7.7686,
        -2.97792,
        7.68966
      ],
      "to": [
        1.2314,
        0.02208,
        7.68966
      ],
      "rotation": {
        "angle": 0,
        "axis": "z",
        "origin": [
          -3.2686,
          -1.47792,
          7.68966
        ]
      },
      "faces": {
        "north": {
          "uv": [
            9.33333,
            12,
            5.33333,
            0
          ],
          "rotation": 270,
          "texture": "#1"
        }
      }
    },
    {
      "from": [
        -10.2686,
        14.52208,
        7.68966
      ],
      "to": [
        -7.2686,
        23.52208,
        7.68966
      ],
      "rotation": {
        "angle": 22.5,
        "axis": "z",
        "origin": [
          -8.7686,
          19.02208,
          7.68966
        ]
      },
      "faces": {
        "north": {
          "uv": [
            5.33333,
            0,
            9.33333,
            12
          ],
          "texture": "#1"
        }
      }
    },
    {
      "from": [
        -3.27749,
        1.92719,
        7.18966
      ],
      "to": [
        1.22251,
        4.17719,
        7.18966
      ],
      "rotation": {
        "angle": 45,
        "axis": "z",
        "origin": [
          -1.02749,
          5.05219,
          5.18966
        ]
      },
      "faces": {
        "north": {
          "uv": [
            12.33333,
            6,
            15.33333,
            0
          ],
          "rotation": 270,
          "texture": "#1"
        }
      }
    },
    {
      "from": [
        2.4737,
        8.2156,
        7.08966
      ],
      "to": [
        4.7237,
        12.7156,
        7.08966
      ],
      "rotation": {
        "angle": 45,
        "axis": "z",
        "origin": [
          3.5987,
          10.2156,
          7.28966
        ]
      },
      "faces": {
        "north": {
          "uv": [
            12.33333,
            0,
            9.33333,
            6
          ],
          "texture": "#1"
        }
      }
    },
    {
      "from": [
        24.83966,
        3.75,
        8.21034
      ],
      "to": [
        28.83966,
        14.75,
        8.21034
      ],
      "rotation": {
        "angle": -45,
        "axis": "z",
        "origin": [
          26.83966,
          9.25,
          8.21034
        ]
      },
      "faces": {
        "south": {
          "uv": [
            0,
            0,
            5.33333,
            14.66667
          ],
          "texture": "#1"
        }
      }
    },
    {
      "from": [
        14.7686,
        -2.97792,
        8.31034
      ],
      "to": [
        23.7686,
        0.02208,
        8.31034
      ],
      "rotation": {
        "angle": 0,
        "axis": "z",
        "origin": [
          19.2686,
          -1.47792,
          8.31034
        ]
      },
      "faces": {
        "south": {
          "uv": [
            9.33333,
            12,
            5.33333,
            0
          ],
          "rotation": 270,
          "texture": "#1"
        }
      }
    },
    {
      "from": [
        23.2686,
        14.52208,
        8.31034
      ],
      "to": [
        26.2686,
        23.52208,
        8.31034
      ],
      "rotation": {
        "angle": -22.5,
        "axis": "z",
        "origin": [
          24.7686,
          19.02208,
          8.31034
        ]
      },
      "faces": {
        "south": {
          "uv": [
            5.33333,
            0,
            9.33333,
            12
          ],
          "texture": "#1"
        }
      }
    },
    {
      "from": [
        5.5,
        3.45,
        9.16034
      ],
      "to": [
        10.5,
        8.45,
        9.16034
      ],
      "rotation": {
        "angle": 0,
        "axis": "x",
        "origin": [
          7.23534,
          11.77646,
          11.23534
        ]
      },
      "faces": {
        "south": {
          "uv": [
            10,
            0,
            0,
            10
          ],
          "texture": "#2"
        }
      }
    },
    {
      "from": [
        14.77749,
        1.92719,
        8.81034
      ],
      "to": [
        19.27749,
        4.17719,
        8.81034
      ],
      "rotation": {
        "angle": -45,
        "axis": "z",
        "origin": [
          17.02749,
          5.05219,
          10.81034
        ]
      },
      "faces": {
        "south": {
          "uv": [
            12.33333,
            6,
            15.33333,
            0
          ],
          "rotation": 270,
          "texture": "#1"
        }
      }
    },
    {
      "from": [
        11.2763,
        8.2156,
        8.91034
      ],
      "to": [
        13.5263,
        12.7156,
        8.91034
      ],
      "rotation": {
        "angle": -45,
        "axis": "z",
        "origin": [
          12.4013,
          10.2156,
          8.71034
        ]
      },
      "faces": {
        "south": {
          "uv": [
            12.33333,
            0,
            9.33333,
            6
          ],
          "texture": "#1"
        }
      }
    },
    {
      "from": [
        -12.83966,
        3.75,
        8.21034
      ],
      "to": [
        -8.83966,
        14.75,
        8.21034
      ],
      "rotation": {
        "angle": 45,
        "axis": "z",
        "origin": [
          -10.83966,
          9.25,
          8.21034
        ]
      },
      "faces": {
        "south": {
          "uv": [
            5.33333,
            0,
            0,
            14.66667
          ],
          "texture": "#1"
        }
      }
    },
    {
      "from": [
        -7.7686,
        -2.97792,
        8.31034
      ],
      "to": [
        1.2314,
        0.02208,
        8.31034
      ],
      "rotation": {
        "angle": 0,
        "axis": "z",
        "origin": [
          -3.2686,
          -1.47792,
          8.31034
        ]
      },
      "faces": {
        "south": {
          "uv": [
            9.33333,
            0,
            5.33333,
            12
          ],
          "rotation": 270,
          "texture": "#1"
        }
      }
    },
    {
      "from": [
        -10.2686,
        14.52208,
        8.31034
      ],
      "to": [
        -7.2686,
        23.52208,
        8.31034
      ],
      "rotation": {
        "angle": 22.5,
        "axis": "z",
        "origin": [
          -8.7686,
          19.02208,
          8.31034
        ]
      },
      "faces": {
        "south": {
          "uv": [
            9.33333,
            0,
            5.33333,
            12
          ],
          "texture": "#1"
        }
      }
    },
    {
      "from": [
        -3.27749,
        1.92719,
        8.81034
      ],
      "to": [
        1.22251,
        4.17719,
        8.81034
      ],
      "rotation": {
        "angle": 45,
        "axis": "z",
        "origin": [
          -1.02749,
          5.05219,
          10.81034
        ]
      },
      "faces": {
        "south": {
          "uv": [
            12.33333,
            0,
            15.33333,
            6
          ],
          "rotation": 270,
          "texture": "#1"
        }
      }
    },
    {
      "from": [
        2.4737,
        8.2156,
        8.91034
      ],
      "to": [
        4.7237,
        12.7156,
        8.91034
      ],
      "rotation": {
        "angle": 45,
        "axis": "z",
        "origin": [
          3.5987,
          10.2156,
          8.71034
        ]
      },
      "faces": {
        "south": {
          "uv": [
            9.33333,
            0,
            12.33333,
            6
          ],
          "texture": "#1"
        }
      }
    },
    {
      "from": [
        9.475,
        4.25,
        8.125
      ],
      "to": [
        31.975,
        14.25,
        8.175
      ],
      "rotation": {
        "angle": 0,
        "axis": "y",
        "origin": [
          7.975,
          9.39507,
          8
        ]
      },
      "faces": {
        "north": {
          "uv": [
            0,
            0,
            10,
            4.44444
          ],
          "texture": "#4"
        },
        "south": {
          "uv": [
            10,
            0,
            0,
            4.44444
          ],
          "texture": "#4"
        }
      }
    },
    {
      "from": [
        14.37145,
        8.36802,
        7.925
      ],
      "to": [
        31.87145,
        16.36802,
        7.925
      ],
      "rotation": {
        "angle": 22.5,
        "axis": "z",
        "origin": [
          7.975,
          9.39507,
          8
        ]
      },
      "faces": {
        "north": {
          "uv": [
            0,
            4.66667,
            7.77778,
            8.22222
          ],
          "texture": "#4"
        },
        "south": {
          "uv": [
            7.77778,
            4.66667,
            0,
            8.22222
          ],
          "texture": "#4"
        }
      }
    },
    {
      "from": [
        11.36383,
        6.64946,
        7.825
      ],
      "to": [
        28.36383,
        13.64946,
        7.875
      ],
      "rotation": {
        "angle": -45,
        "axis": "z",
        "origin": [
          7.975,
          9.39507,
          8
        ]
      },
      "faces": {
        "north": {
          "uv": [
            0,
            8.33333,
            3.11111,
            15.88889
          ],
          "rotation": 90,
          "texture": "#4"
        },
        "south": {
          "uv": [
            0,
            15.88889,
            3.11111,
            8.33333
          ],
          "rotation": 90,
          "texture": "#4"
        }
      }
    },
    {
      "from": [
        -12.36383,
        6.64946,
        7.825
      ],
      "to": [
        4.63617,
        13.64946,
        7.875
      ],
      "rotation": {
        "angle": 45,
        "axis": "z",
        "origin": [
          8.025,
          9.39507,
          8
        ]
      },
      "faces": {
        "north": {
          "uv": [
            0,
            15.88889,
            3.11111,
            8.33333
          ],
          "rotation": 90,
          "texture": "#4"
        },
        "south": {
          "uv": [
            0,
            8.33333,
            3.11111,
            15.88889
          ],
          "rotation": 90,
          "texture": "#4"
        }
      }
    },
    {
      "from": [
        -15.975,
        4.25,
        8.125
      ],
      "to": [
        6.525,
        14.25,
        8.175
      ],
      "rotation": {
        "angle": 0,
        "axis": "y",
        "origin": [
          8.025,
          9.39507,
          8
        ]
      },
      "faces": {
        "north": {
          "uv": [
            10,
            0,
            0,
            4.44444
          ],
          "texture": "#4"
        },
        "south": {
          "uv": [
            0,
            0,
            10,
            4.44444
          ],
          "texture": "#4"
        }
      }
    },
    {
      "from": [
        -15.87145,
        8.36802,
        7.925
      ],
      "to": [
        1.62855,
        16.36802,
        7.925
      ],
      "rotation": {
        "angle": -22.5,
        "axis": "z",
        "origin": [
          8.025,
          9.39507,
          8
        ]
      },
      "faces": {
        "north": {
          "uv": [
            7.77778,
            4.66667,
            0,
            8.22222
          ],
          "texture": "#4"
        },
        "south": {
          "uv": [
            0,
            4.66667,
            7.77778,
            8.22222
          ],
          "texture": "#4"
        }
      }
    },
    {
      "from": [
        0.60832,
        4.95558,
        7.525
      ],
      "to": [
        6.60832,
        5.95558,
        8.525
      ],
      "rotation": {
        "angle": 0,
        "axis": "x",
        "origin": [
          7.975,
          9.39507,
          8
        ]
      },
      "faces": {
        "north": {
          "uv": [
            10.88889,
            8.33333,
            8.22222,
            8.77778
          ],
          "texture": "#4"
        },
        "east": {
          "uv": [
            12.66667,
            3.44444,
            12.22222,
            3.88889
          ],
          "texture": "#4"
        },
        "south": {
          "uv": [
            10.88889,
            7.88889,
            8.22222,
            8.33333
          ],
          "texture": "#4"
        },
        "west": {
          "uv": [
            12.66667,
            0.33333,
            12.22222,
            0.77778
          ],
          "texture": "#4"
        },
        "up": {
          "uv": [
            9.11111,
            4.77778,
            8.66667,
            7.44444
          ],
          "rotation": 90,
          "texture": "#4"
        },
        "down": {
          "uv": [
            8.66667,
            11.44444,
            8.22222,
            8.77778
          ],
          "rotation": 270,
          "texture": "#4"
        }
      }
    },
    {
      "from": [
        -2.66612,
        11.17201,
        7.526
      ],
      "to": [
        0.33388,
        12.17201,
        8.524
      ],
      "rotation": {
        "angle": 45,
        "axis": "z",
        "origin": [
          7.975,
          9.39507,
          8
        ]
      },
      "faces": {
        "north": {
          "uv": [
            11.33333,
            7.44444,
            10,
            7.88889
          ],
          "texture": "#4"
        },
        "south": {
          "uv": [
            7.77778,
            10.11111,
            6.44444,
            10.55556
          ],
          "texture": "#4"
        },
        "west": {
          "uv": [
            12.66667,
            3.88889,
            12.22222,
            4.33333
          ],
          "texture": "#4"
        },
        "up": {
          "uv": [
            10.44444,
            8.77778,
            10,
            10.11111
          ],
          "rotation": 90,
          "texture": "#4"
        },
        "down": {
          "uv": [
            10,
            11.44444,
            9.55556,
            10.11111
          ],
          "rotation": 270,
          "texture": "#4"
        }
      }
    },
    {
      "from": [
        -0.91612,
        10.17201,
        7.775
      ],
      "to": [
        -0.41612,
        11.17201,
        8.275
      ],
      "rotation": {
        "angle": 45,
        "axis": "z",
        "origin": [
          7.975,
          9.39507,
          8
        ]
      },
      "faces": {
        "north": {
          "uv": [
            9.33333,
            12.33333,
            9.11111,
            12.77778
          ],
          "texture": "#4"
        },
        "east": {
          "uv": [
            12.44444,
            8.77778,
            12.22222,
            9.22222
          ],
          "texture": "#4"
        },
        "south": {
          "uv": [
            8.88889,
            12.33333,
            8.66667,
            12.77778
          ],
          "texture": "#4"
        },
        "west": {
          "uv": [
            12.44444,
            8.33333,
            12.22222,
            8.77778
          ],
          "texture": "#4"
        },
        "down": {
          "uv": [
            10.22222,
            12.55556,
            10,
            12.33333
          ],
          "rotation": 270,
          "texture": "#4"
        }
      }
    },
    {
      "from": [
        -0.28636,
        3.65748,
        7.776
      ],
      "to": [
        1.13864,
        4.38248,
        8.274
      ],
      "rotation": {
        "angle": 0,
        "axis": "x",
        "origin": [
          7.975,
          9.39507,
          8
        ]
      },
      "faces": {
        "north": {
          "uv": [
            12.44444,
            3,
            11.77778,
            3.33333
          ],
          "texture": "#4"
        },
        "south": {
          "uv": [
            12.44444,
            2.55556,
            11.77778,
            2.88889
          ],
          "texture": "#4"
        },
        "west": {
          "uv": [
            9.77778,
            12.33333,
            9.55556,
            12.66667
          ],
          "texture": "#4"
        },
        "down": {
          "uv": [
            12.44444,
            5,
            12.22222,
            4.33333
          ],
          "rotation": 270,
          "texture": "#4"
        }
      }
    },
    {
      "from": [
        4.86325,
        14.91003,
        7.42
      ],
      "to": [
        6.07325,
        16.12003,
        8.63
      ],
      "rotation": {
        "angle": 45,
        "axis": "z",
        "origin": [
          7.975,
          9.39507,
          8
        ]
      },
      "faces": {
        "north": {
          "uv": [
            9.66667,
            11.44444,
            9.11111,
            12
          ],
          "texture": "#4"
        },
        "east": {
          "uv": [
            8.77778,
            11.44444,
            8.22222,
            12
          ],
          "texture": "#4"
        },
        "south": {
          "uv": [
            11.88889,
            6.55556,
            11.33333,
            7.11111
          ],
          "texture": "#4"
        },
        "west": {
          "uv": [
            6.55556,
            11.44444,
            6,
            12
          ],
          "texture": "#4"
        },
        "up": {
          "uv": [
            10.55556,
            11.44444,
            10,
            12
          ],
          "rotation": 90,
          "texture": "#4"
        },
        "down": {
          "uv": [
            11.44444,
            12,
            10.88889,
            11.44444
          ],
          "rotation": 270,
          "texture": "#4"
        }
      }
    },
    {
      "from": [
        5.06325,
        15.11003,
        7.22
      ],
      "to": [
        5.87325,
        15.92003,
        8.83
      ],
      "rotation": {
        "angle": 45,
        "axis": "z",
        "origin": [
          7.975,
          9.39507,
          8
        ]
      },
      "faces": {
        "north": {
          "uv": [
            5.44444,
            12.33333,
            5.11111,
            12.66667
          ],
          "texture": "#4"
        },
        "east": {
          "uv": [
            12,
            9.66667,
            11.33333,
            10
          ],
          "texture": "#4"
        },
        "south": {
          "uv": [
            5,
            12.33333,
            4.66667,
            12.66667
          ],
          "texture": "#4"
        },
        "west": {
          "uv": [
            12,
            7.44444,
            11.33333,
            7.77778
          ],
          "texture": "#4"
        },
        "up": {
          "uv": [
            12.44444,
            0.77778,
            11.77778,
            1.11111
          ],
          "rotation": 90,
          "texture": "#4"
        },
        "down": {
          "uv": [
            12.44444,
            1.55556,
            11.77778,
            1.22222
          ],
          "rotation": 270,
          "texture": "#4"
        }
      }
    },
    {
      "from": [
        3.31181,
        9.11466,
        7.625
      ],
      "to": [
        6.11181,
        9.91466,
        8.425
      ],
      "rotation": {
        "angle": -22.5,
        "axis": "z",
        "origin": [
          7.975,
          9.39507,
          8
        ]
      },
      "faces": {
        "north": {
          "uv": [
            11.66667,
            9.22222,
            10.44444,
            9.55556
          ],
          "texture": "#4"
        },
        "south": {
          "uv": [
            11.66667,
            8.77778,
            10.44444,
            9.11111
          ],
          "texture": "#4"
        },
        "up": {
          "uv": [
            7.66667,
            10.55556,
            7.33333,
            11.77778
          ],
          "rotation": 90,
          "texture": "#4"
        },
        "down": {
          "uv": [
            4.55556,
            12.22222,
            4.22222,
            11
          ],
          "rotation": 270,
          "texture": "#4"
        }
      }
    },
    {
      "from": [
        4.62022,
        8.15519,
        7.525
      ],
      "to": [
        6.62022,
        9.15519,
        8.525
      ],
      "rotation": {
        "angle": 22.5,
        "axis": "z",
        "origin": [
          7.975,
          9.39507,
          8
        ]
      },
      "faces": {
        "north": {
          "uv": [
            12.22222,
            0.33333,
            11.33333,
            0.77778
          ],
          "texture": "#4"
        },
        "east": {
          "uv": [
            12.22222,
            7.88889,
            11.77778,
            8.33333
          ],
          "texture": "#4"
        },
        "south": {
          "uv": [
            11.77778,
            11,
            10.88889,
            11.44444
          ],
          "texture": "#4"
        },
        "west": {
          "uv": [
            8.22222,
            11.88889,
            7.77778,
            12.33333
          ],
          "texture": "#4"
        },
        "up": {
          "uv": [
            6,
            11,
            5.55556,
            11.88889
          ],
          "rotation": 90,
          "texture": "#4"
        },
        "down": {
          "uv": [
            8.22222,
            11.88889,
            7.77778,
            11
          ],
          "rotation": 270,
          "texture": "#4"
        }
      }
    },
    {
      "from": [
        3.47955,
        6.14616,
        7.526
      ],
      "to": [
        6.47955,
        7.14616,
        8.524
      ],
      "rotation": {
        "angle": -22.5,
        "axis": "z",
        "origin": [
          7.975,
          9.39507,
          8
        ]
      },
      "faces": {
        "north": {
          "uv": [
            7.77778,
            9.66667,
            6.44444,
            10.11111
          ],
          "texture": "#4"
        },
        "south": {
          "uv": [
            10,
            7.44444,
            8.66667,
            7.88889
          ],
          "texture": "#4"
        },
        "west": {
          "uv": [
            12.22222,
            8.33333,
            11.77778,
            8.77778
          ],
          "texture": "#4"
        },
        "up": {
          "uv": [
            5.55556,
            9.66667,
            5.11111,
            11
          ],
          "rotation": 90,
          "texture": "#4"
        },
        "down": {
          "uv": [
            6,
            11,
            5.55556,
            9.66667
          ],
          "rotation": 270,
          "texture": "#4"
        }
      }
    },
    {
      "from": [
        5.22955,
        7.14616,
        7.775
      ],
      "to": [
        5.72955,
        8.14616,
        8.275
      ],
      "rotation": {
        "angle": -22.5,
        "axis": "z",
        "origin": [
          7.975,
          9.39507,
          8
        ]
      },
      "faces": {
        "north": {
          "uv": [
            6.22222,
            12.33333,
            6,
            12.77778
          ],
          "texture": "#4"
        },
        "east": {
          "uv": [
            12.44444,
            5.66667,
            12.22222,
            6.11111
          ],
          "texture": "#4"
        },
        "south": {
          "uv": [
            5.77778,
            12.33333,
            5.55556,
            12.77778
          ],
          "texture": "#4"
        },
        "west": {
          "uv": [
            12.44444,
            5.22222,
            12.22222,
            5.66667
          ],
          "texture": "#4"
        },
        "up": {
          "uv": [
            12.44444,
            9.66667,
            12.22222,
            9.88889
          ],
          "rotation": 90,
          "texture": "#4"
        }
      }
    },
    {
      "from": [
        3.72555,
        9.72828,
        7.776
      ],
      "to": [
        5.15055,
        10.45328,
        8.274
      ],
      "rotation": {
        "angle": 22.5,
        "axis": "z",
        "origin": [
          7.975,
          9.39507,
          8
        ]
      },
      "faces": {
        "north": {
          "uv": [
            12.44444,
            2.11111,
            11.77778,
            2.44444
          ],
          "texture": "#4"
        },
        "south": {
          "uv": [
            12.44444,
            1.66667,
            11.77778,
            2
          ],
          "texture": "#4"
        },
        "west": {
          "uv": [
            12.44444,
            9.22222,
            12.22222,
            9.55556
          ],
          "texture": "#4"
        },
        "up": {
          "uv": [
            4.44444,
            12.33333,
            4.22222,
            13
          ],
          "rotation": 90,
          "texture": "#4"
        }
      }
    },
    {
      "from": [
        2.49891,
        10.27651,
        7.775
      ],
      "to": [
        3.49891,
        17.27651,
        8.275
      ],
      "rotation": {
        "angle": 22.5,
        "axis": "z",
        "origin": [
          7.975,
          9.39507,
          8
        ]
      },
      "faces": {
        "north": {
          "uv": [
            6.44444,
            8.33333,
            6,
            11.44444
          ],
          "texture": "#4"
        },
        "east": {
          "uv": [
            4,
            9.66667,
            3.77778,
            12.77778
          ],
          "texture": "#4"
        },
        "south": {
          "uv": [
            8.66667,
            4.77778,
            8.22222,
            7.88889
          ],
          "texture": "#4"
        },
        "west": {
          "uv": [
            3.55556,
            9.66667,
            3.33333,
            12.77778
          ],
          "texture": "#4"
        },
        "up": {
          "uv": [
            12.44444,
            6.11111,
            12.22222,
            6.55556
          ],
          "rotation": 90,
          "texture": "#4"
        },
        "down": {
          "uv": [
            6.66667,
            12.77778,
            6.44444,
            12.33333
          ],
          "rotation": 270,
          "texture": "#4"
        }
      }
    },
    {
      "from": [
        1.7918,
        12.5694,
        7.777
      ],
      "to": [
        2.7918,
        15.5694,
        8.273
      ],
      "rotation": {
        "angle": 22.5,
        "axis": "z",
        "origin": [
          7.975,
          9.39507,
          8
        ]
      },
      "faces": {
        "north": {
          "uv": [
            10.44444,
            6.11111,
            10,
            7.44444
          ],
          "texture": "#4"
        },
        "south": {
          "uv": [
            10.44444,
            4.77778,
            10,
            6.11111
          ],
          "texture": "#4"
        },
        "west": {
          "uv": [
            7.11111,
            11.44444,
            6.88889,
            12.77778
          ],
          "texture": "#4"
        }
      }
    },
    {
      "from": [
        -1.4702,
        11.09591,
        7.776
      ],
      "to": [
        -0.4702,
        12.09591,
        8.274
      ],
      "rotation": {
        "angle": -22.5,
        "axis": "z",
        "origin": [
          7.975,
          9.39507,
          8
        ]
      },
      "faces": {
        "north": {
          "uv": [
            12.22222,
            9.22222,
            11.77778,
            9.66667
          ],
          "texture": "#4"
        },
        "east": {
          "uv": [
            12.44444,
            7,
            12.22222,
            7.44444
          ],
          "texture": "#4"
        },
        "south": {
          "uv": [
            12.22222,
            8.77778,
            11.77778,
            9.22222
          ],
          "texture": "#4"
        },
        "west": {
          "uv": [
            12.44444,
            6.55556,
            12.22222,
            7
          ],
          "texture": "#4"
        },
        "up": {
          "uv": [
            7.55556,
            12.33333,
            7.33333,
            12.77778
          ],
          "rotation": 90,
          "texture": "#4"
        }
      }
    },
    {
      "from": [
        -0.76309,
        9.3888,
        7.776
      ],
      "to": [
        0.23691,
        10.3888,
        8.274
      ],
      "rotation": {
        "angle": -22.5,
        "axis": "z",
        "origin": [
          7.975,
          9.39507,
          8
        ]
      },
      "faces": {
        "north": {
          "uv": [
            12.22222,
            10.55556,
            11.77778,
            11
          ],
          "texture": "#4"
        },
        "south": {
          "uv": [
            12.22222,
            10.11111,
            11.77778,
            10.55556
          ],
          "texture": "#4"
        },
        "west": {
          "uv": [
            12.44444,
            7.44444,
            12.22222,
            7.88889
          ],
          "texture": "#4"
        },
        "down": {
          "uv": [
            8,
            12.77778,
            7.77778,
            12.33333
          ],
          "rotation": 270,
          "texture": "#4"
        }
      }
    },
    {
      "from": [
        1.35823,
        7.26748,
        7.776
      ],
      "to": [
        2.35823,
        8.26748,
        8.274
      ],
      "rotation": {
        "angle": -22.5,
        "axis": "z",
        "origin": [
          7.975,
          9.39507,
          8
        ]
      },
      "faces": {
        "north": {
          "uv": [
            12.22222,
            11.44444,
            11.77778,
            11.88889
          ],
          "texture": "#4"
        },
        "south": {
          "uv": [
            12.22222,
            11,
            11.77778,
            11.44444
          ],
          "texture": "#4"
        },
        "west": {
          "uv": [
            12.44444,
            7.88889,
            12.22222,
            8.33333
          ],
          "texture": "#4"
        },
        "down": {
          "uv": [
            8.44444,
            12.77778,
            8.22222,
            12.33333
          ],
          "rotation": 270,
          "texture": "#4"
        }
      }
    },
    {
      "from": [
        1.31181,
        9.01466,
        7.525
      ],
      "to": [
        3.31181,
        10.01466,
        8.525
      ],
      "rotation": {
        "angle": -22.5,
        "axis": "z",
        "origin": [
          7.975,
          9.39507,
          8
        ]
      },
      "faces": {
        "north": {
          "uv": [
            5.55556,
            11.44444,
            4.66667,
            11.88889
          ],
          "texture": "#4"
        },
        "east": {
          "uv": [
            12.22222,
            11.88889,
            11.77778,
            12.33333
          ],
          "texture": "#4"
        },
        "south": {
          "uv": [
            12.22222,
            4.33333,
            11.33333,
            4.77778
          ],
          "texture": "#4"
        },
        "up": {
          "uv": [
            11.77778,
            4.77778,
            11.33333,
            5.66667
          ],
          "rotation": 90,
          "texture": "#4"
        },
        "down": {
          "uv": [
            11.77778,
            6.55556,
            11.33333,
            5.66667
          ],
          "rotation": 270,
          "texture": "#4"
        }
      }
    }
  ],
  "gui_light": "front",
  "display": {
    "thirdperson_righthand": {
      "rotation": [
        50,
        0,
        0
      ],
      "translation": [
        0,
        0.5,
        0.25
      ],
      "scale": [
        0.46484,
        0.46484,
        0.46484
      ]
    },
    "thirdperson_lefthand": {
      "rotation": [
        66,
        0,
        0
      ],
      "translation": [
        -5.5,
        -7.25,
        9.25
      ]
    },
    "firstperson_righthand": {
      "rotation": [
        -10,
        0,
        0
      ],
      "translation": [
        1.5,
        1.75,
        0
      ],
      "scale": [
        0.66406,
        0.66406,
        0.66406
      ]
    },
    "firstperson_lefthand": {
      "rotation": [
        -10,
        0,
        0
      ],
      "translation": [
        0,
        2.5,
        0
      ],
      "scale": [
        0,
        0,
        0
      ]
    },
    "ground": {
      "rotation": [
        45,
        0,
        0
      ],
      "translation": [
        0,
        10.75,
        0
      ]
    },
    "gui": {
      "translation": [
        0,
        -0.75,
        0
      ],
      "scale": [
        0.37304,
        0.37304,
        0.37304
      ]
    },
    "head": {
      "translation": [
        0,
        -13.5,
        6.25
      ],
      "scale": [
        1.73047,
        1.73047,
        1.73047
      ]
    },
    "fixed": {
      "translation": [
        0,
        1.25,
        -1.25
      ],
      "scale": [
        1.5,
        1.5,
        1.5
      ]
    }
  }
}