{
	"credit": "By EliteCreatures",
	"textures": {
		"0": "elitecreatures:collectibles_v5_32x/ferocious_dragons_inside_32",
		"2": "elitecreatures:collectibles_v5_32x/ef_ferocious_dragons_long",
		"particle": "elitecreatures:collectibles_v5_32x/ferocious_dragons_inside_32"
	},
	"elements": [
		{
			"from": [4.75, 7.75, 2],
			"to": [11.25, 13, 7],
			"rotation": {"angle": 0, "axis": "y", "origin": [8, 10.25, 4.5]},
			"faces": {
				"north": {"uv": [3, 2.25, 4.625, 3.625], "texture": "#0"},
				"east": {"uv": [3, 5.25, 4.25, 6.625], "texture": "#0"},
				"south": {"uv": [3.5, 0, 5.125, 1.375], "texture": "#0"},
				"west": {"uv": [0, 5.5, 1.25, 6.875], "texture": "#0"},
				"up": {"uv": [6.125, 5, 4.5, 3.75], "texture": "#0"},
				"down": {"uv": [6.375, 1.5, 4.75, 2.75], "texture": "#0"}
			}
		},
		{
			"from": [5, 4.03369, 4.14004],
			"to": [11, 9.53369, 8.74004],
			"rotation": {"angle": -22.5, "axis": "x", "origin": [8, 5.28369, 7.06504]},
			"faces": {
				"north": {"uv": [3, 3.75, 4.5, 5.125], "texture": "#0"},
				"east": {"uv": [4.25, 6.25, 5.375, 7.625], "texture": "#0"},
				"south": {"uv": [0, 4, 1.5, 5.375], "texture": "#0"},
				"west": {"uv": [6.25, 5.25, 7.375, 6.625], "texture": "#0"},
				"up": {"uv": [7.75, 3.875, 6.25, 2.75], "texture": "#0"},
				"down": {"uv": [7.75, 4, 6.25, 5.125], "texture": "#0"}
			}
		},
		{
			"from": [4.998, 3.00749, 4.83905],
			"to": [11.002, 7.86149, 11.34305],
			"rotation": {"angle": 0, "axis": "y", "origin": [8, 5.43449, 7.09105]},
			"faces": {
				"north": {"uv": [1.5, 4, 3, 5.25], "texture": "#0"},
				"east": {"uv": [4.5, 5, 6.125, 6.25], "texture": "#0"},
				"south": {"uv": [1.5, 5.25, 3, 6.5], "texture": "#0"},
				"west": {"uv": [5.25, 0, 6.875, 1.25], "texture": "#0"},
				"up": {"uv": [1.5, 3.875, 0, 2.25], "texture": "#0"},
				"down": {"uv": [3, 2.25, 1.5, 3.875], "texture": "#0"}
			}
		},
		{
			"from": [-1.7552, 10.13982, 4.84105],
			"to": [4.4948, 10.13982, 13.34105],
			"rotation": {"angle": -45, "axis": "z", "origin": [1.9948, 8.38982, 8.09105]},
			"faces": {
				"north": {"uv": [0, 0, 1.625, 0], "texture": "#0"},
				"east": {"uv": [0, 0, 2.125, 0], "texture": "#0"},
				"south": {"uv": [0, 0, 1.625, 0], "texture": "#0"},
				"west": {"uv": [0, 0, 2.125, 0], "texture": "#0"},
				"up": {"uv": [3.375, 2.125, 1.75, 0], "texture": "#0"},
				"down": {"uv": [3.375, 0, 1.75, 2.125], "texture": "#0"}
			}
		},
		{
			"from": [3.0795, 8.15498, 7.09105],
			"to": [5.3295, 9.15498, 8.09105],
			"rotation": {"angle": -45, "axis": "z", "origin": [4.2045, 8.65498, 7.59105]},
			"faces": {
				"north": {"uv": [2.25, 6.5, 2.875, 6.75], "texture": "#0"},
				"east": {"uv": [4.5, 1.5, 4.75, 1.75], "texture": "#0"},
				"south": {"uv": [5, 8.5, 5.625, 8.75], "texture": "#0"},
				"west": {"uv": [4.5, 1.75, 4.75, 2], "texture": "#0"},
				"up": {"uv": [9.125, 5.25, 8.5, 5], "texture": "#0"},
				"down": {"uv": [9.125, 5.25, 8.5, 5.5], "texture": "#0"}
			}
		},
		{
			"from": [-0.1705, 8.15498, 6.09105],
			"to": [0.8295, 9.15498, 7.09105],
			"rotation": {"angle": -45, "axis": "z", "origin": [4.2045, 8.65498, 7.59105]},
			"faces": {
				"north": {"uv": [1, 7, 1.25, 7.25], "texture": "#0"},
				"east": {"uv": [1, 7.25, 1.25, 7.5], "texture": "#0"},
				"south": {"uv": [2, 7.5, 2.25, 7.75], "texture": "#0"},
				"west": {"uv": [0.75, 7.75, 1, 8], "texture": "#0"},
				"up": {"uv": [1, 8.25, 0.75, 8], "texture": "#0"},
				"down": {"uv": [6.5, 8.5, 6.25, 8.75], "texture": "#0"}
			}
		},
		{
			"from": [2.8295, 8.15498, 6.09105],
			"to": [3.8295, 9.15498, 7.09105],
			"rotation": {"angle": -45, "axis": "z", "origin": [4.2045, 8.65498, 7.59105]},
			"faces": {
				"north": {"uv": [8, 8.75, 8.25, 9], "texture": "#0"},
				"east": {"uv": [8.75, 8, 9, 8.25], "texture": "#0"},
				"south": {"uv": [8.25, 8.75, 8.5, 9], "texture": "#0"},
				"west": {"uv": [8.75, 8.25, 9, 8.5], "texture": "#0"},
				"up": {"uv": [8.75, 9, 8.5, 8.75], "texture": "#0"},
				"down": {"uv": [9, 8.5, 8.75, 8.75], "texture": "#0"}
			}
		},
		{
			"from": [-1.1705, 8.15498, 6.59105],
			"to": [-0.1705, 9.15498, 10.59105],
			"rotation": {"angle": -45, "axis": "z", "origin": [4.2045, 8.65498, 7.59105]},
			"faces": {
				"north": {"uv": [5.5, 8.75, 5.75, 9], "texture": "#0"},
				"east": {"uv": [5.25, 1.25, 6.25, 1.5], "texture": "#0"},
				"south": {"uv": [6.25, 8.75, 6.5, 9], "texture": "#0"},
				"west": {"uv": [8.5, 3.5, 9.5, 3.75], "texture": "#0"},
				"up": {"uv": [4.5, 6.25, 4.25, 5.25], "texture": "#0"},
				"down": {"uv": [1.5, 5.5, 1.25, 6.5], "texture": "#0"}
			}
		},
		{
			"from": [0.8295, 8.15498, 5.59105],
			"to": [2.8295, 9.15498, 6.59105],
			"rotation": {"angle": -45, "axis": "z", "origin": [4.2045, 8.65498, 7.59105]},
			"faces": {
				"north": {"uv": [5.75, 3.5, 6.25, 3.75], "texture": "#0"},
				"east": {"uv": [4.5, 2, 4.75, 2.25], "texture": "#0"},
				"south": {"uv": [8.75, 0.5, 9.25, 0.75], "texture": "#0"},
				"west": {"uv": [6.25, 1.25, 6.5, 1.5], "texture": "#0"},
				"up": {"uv": [9.25, 7.75, 8.75, 7.5], "texture": "#0"},
				"down": {"uv": [9.25, 7.75, 8.75, 8], "texture": "#0"}
			}
		},
		{
			"from": [5, 0.00949, 4.84105],
			"to": [7.5, 3.00949, 7.34105],
			"rotation": {"angle": 22.5, "axis": "y", "origin": [6.25, 1.50949, 6.09105]},
			"faces": {
				"north": {"uv": [7.5, 6, 8.125, 6.75], "texture": "#0"},
				"east": {"uv": [6.5, 7.5, 7.125, 8.25], "texture": "#0"},
				"south": {"uv": [7.5, 6.75, 8.125, 7.5], "texture": "#0"},
				"west": {"uv": [7.25, 7.5, 7.875, 8.25], "texture": "#0"},
				"up": {"uv": [6.375, 8.375, 5.75, 7.75], "texture": "#0"},
				"down": {"uv": [8.625, 0, 8, 0.625], "texture": "#0"}
			}
		},
		{
			"from": [8.5, 0.00949, 4.84105],
			"to": [11, 3.00949, 7.34105],
			"rotation": {"angle": -22.5, "axis": "y", "origin": [9.75, 1.50949, 6.09105]},
			"faces": {
				"north": {"uv": [8.125, 6, 7.5, 6.75], "texture": "#0"},
				"east": {"uv": [7.875, 7.5, 7.25, 8.25], "texture": "#0"},
				"south": {"uv": [8.125, 6.75, 7.5, 7.5], "texture": "#0"},
				"west": {"uv": [7.125, 7.5, 6.5, 8.25], "texture": "#0"},
				"up": {"uv": [5.75, 8.375, 6.375, 7.75], "texture": "#0"},
				"down": {"uv": [8, 0, 8.625, 0.625], "texture": "#0"}
			}
		},
		{
			"from": [8.5, 0.00949, 8.84105],
			"to": [11, 3.00949, 11.34105],
			"rotation": {"angle": -22.5, "axis": "y", "origin": [9.75, 1.50949, 10.09105]},
			"faces": {
				"north": {"uv": [8.125, 6, 7.5, 6.75], "texture": "#0"},
				"east": {"uv": [7.875, 7.5, 7.25, 8.25], "texture": "#0"},
				"south": {"uv": [8.125, 6.75, 7.5, 7.5], "texture": "#0"},
				"west": {"uv": [7.125, 7.5, 6.5, 8.25], "texture": "#0"},
				"up": {"uv": [5.75, 8.375, 6.375, 7.75], "texture": "#0"},
				"down": {"uv": [8, 0, 8.625, 0.625], "texture": "#0"}
			}
		},
		{
			"from": [5, 0.00949, 8.84105],
			"to": [7.5, 3.00949, 11.34105],
			"rotation": {"angle": 22.5, "axis": "y", "origin": [6.25, 1.50949, 10.09105]},
			"faces": {
				"north": {"uv": [7.5, 6, 8.125, 6.75], "texture": "#0"},
				"east": {"uv": [6.5, 7.5, 7.125, 8.25], "texture": "#0"},
				"south": {"uv": [7.5, 6.75, 8.125, 7.5], "texture": "#0"},
				"west": {"uv": [7.25, 7.5, 7.875, 8.25], "texture": "#0"},
				"up": {"uv": [6.375, 8.375, 5.75, 7.75], "texture": "#0"},
				"down": {"uv": [8.625, 0, 8, 0.625], "texture": "#0"}
			}
		},
		{
			"from": [10.6705, 8.15498, 7.09105],
			"to": [12.9205, 9.15498, 8.09105],
			"rotation": {"angle": 45, "axis": "z", "origin": [11.7955, 8.65498, 7.59105]},
			"faces": {
				"north": {"uv": [2.875, 6.5, 2.25, 6.75], "texture": "#0"},
				"east": {"uv": [4.75, 1.75, 4.5, 2], "texture": "#0"},
				"south": {"uv": [5.625, 8.5, 5, 8.75], "texture": "#0"},
				"west": {"uv": [4.75, 1.5, 4.5, 1.75], "texture": "#0"},
				"up": {"uv": [8.5, 5.25, 9.125, 5], "texture": "#0"},
				"down": {"uv": [8.5, 5.25, 9.125, 5.5], "texture": "#0"}
			}
		},
		{
			"from": [12.1705, 8.15498, 6.09105],
			"to": [13.1705, 9.15498, 7.09105],
			"rotation": {"angle": 45, "axis": "z", "origin": [11.7955, 8.65498, 7.59105]},
			"faces": {
				"north": {"uv": [8.25, 8.75, 8, 9], "texture": "#0"},
				"east": {"uv": [9, 8.25, 8.75, 8.5], "texture": "#0"},
				"south": {"uv": [8.5, 8.75, 8.25, 9], "texture": "#0"},
				"west": {"uv": [9, 8, 8.75, 8.25], "texture": "#0"},
				"up": {"uv": [8.5, 9, 8.75, 8.75], "texture": "#0"},
				"down": {"uv": [8.75, 8.5, 9, 8.75], "texture": "#0"}
			}
		},
		{
			"from": [13.1705, 8.15498, 5.59105],
			"to": [15.1705, 9.15498, 6.59105],
			"rotation": {"angle": 45, "axis": "z", "origin": [11.7955, 8.65498, 7.59105]},
			"faces": {
				"north": {"uv": [6.25, 3.5, 5.75, 3.75], "texture": "#0"},
				"east": {"uv": [6.5, 1.25, 6.25, 1.5], "texture": "#0"},
				"south": {"uv": [9.25, 0.5, 8.75, 0.75], "texture": "#0"},
				"west": {"uv": [4.75, 2, 4.5, 2.25], "texture": "#0"},
				"up": {"uv": [8.75, 7.75, 9.25, 7.5], "texture": "#0"},
				"down": {"uv": [8.75, 7.75, 9.25, 8], "texture": "#0"}
			}
		},
		{
			"from": [15.1705, 8.15498, 6.09105],
			"to": [16.1705, 9.15498, 7.09105],
			"rotation": {"angle": 45, "axis": "z", "origin": [11.7955, 8.65498, 7.59105]},
			"faces": {
				"north": {"uv": [1.25, 7, 1, 7.25], "texture": "#0"},
				"east": {"uv": [1, 7.75, 0.75, 8], "texture": "#0"},
				"south": {"uv": [2.25, 7.5, 2, 7.75], "texture": "#0"},
				"west": {"uv": [1.25, 7.25, 1, 7.5], "texture": "#0"},
				"up": {"uv": [0.75, 8.25, 1, 8], "texture": "#0"},
				"down": {"uv": [6.25, 8.5, 6.5, 8.75], "texture": "#0"}
			}
		},
		{
			"from": [16.1705, 8.15498, 6.59105],
			"to": [17.1705, 9.15498, 10.59105],
			"rotation": {"angle": 45, "axis": "z", "origin": [11.7955, 8.65498, 7.59105]},
			"faces": {
				"north": {"uv": [5.75, 8.75, 5.5, 9], "texture": "#0"},
				"east": {"uv": [9.5, 3.5, 8.5, 3.75], "texture": "#0"},
				"south": {"uv": [6.5, 8.75, 6.25, 9], "texture": "#0"},
				"west": {"uv": [6.25, 1.25, 5.25, 1.5], "texture": "#0"},
				"up": {"uv": [4.25, 6.25, 4.5, 5.25], "texture": "#0"},
				"down": {"uv": [1.25, 5.5, 1.5, 6.5], "texture": "#0"}
			}
		},
		{
			"from": [11.5052, 10.13982, 4.84105],
			"to": [17.7552, 10.13982, 13.34105],
			"rotation": {"angle": 45, "axis": "z", "origin": [14.0052, 8.38982, 8.09105]},
			"faces": {
				"north": {"uv": [1.625, 0, 0, 0], "texture": "#0"},
				"east": {"uv": [2.125, 0, 0, 0], "texture": "#0"},
				"south": {"uv": [1.625, 0, 0, 0], "texture": "#0"},
				"west": {"uv": [2.125, 0, 0, 0], "texture": "#0"},
				"up": {"uv": [1.75, 2.125, 3.375, 0], "texture": "#0"},
				"down": {"uv": [1.75, 0, 3.375, 2.125], "texture": "#0"}
			}
		},
		{
			"from": [6, 3.83587, 9.4673],
			"to": [10, 7.18587, 13.7173],
			"rotation": {"angle": 45, "axis": "x", "origin": [8, 5.26087, 11.2173]},
			"faces": {
				"north": {"uv": [6.5, 1.25, 7.5, 2.125], "texture": "#0"},
				"east": {"uv": [2.25, 6.75, 3.25, 7.625], "texture": "#0"},
				"south": {"uv": [3.25, 6.75, 4.25, 7.625], "texture": "#0"},
				"west": {"uv": [5.5, 6.75, 6.5, 7.625], "texture": "#0"},
				"up": {"uv": [5.75, 3.75, 4.75, 2.75], "texture": "#0"},
				"down": {"uv": [2.25, 6.5, 1.25, 7.5], "texture": "#0"}
			}
		},
		{
			"from": [6.742, 2.09628, 11.98825],
			"to": [9.258, 4.86228, 14.35425],
			"rotation": {"angle": 0, "axis": "y", "origin": [8, 3.85428, 12.67125]},
			"faces": {
				"north": {"uv": [0, 7.75, 0.625, 8.5], "texture": "#0"},
				"east": {"uv": [2, 7.75, 2.625, 8.5], "texture": "#0"},
				"south": {"uv": [7.75, 2.25, 8.375, 3], "texture": "#0"},
				"west": {"uv": [2.75, 7.75, 3.375, 8.5], "texture": "#0"},
				"up": {"uv": [8.625, 8.125, 8, 7.5], "texture": "#0"},
				"down": {"uv": [1.375, 8.25, 0.75, 8.875], "texture": "#0"}
			}
		},
		{
			"from": [7.35016, 0.5349, 11.99025],
			"to": [9.86216, 3.3969, 14.35225],
			"rotation": {"angle": 45, "axis": "z", "origin": [8.60616, 2.0159, 13.17125]},
			"faces": {
				"north": {"uv": [7.75, 3, 8.375, 3.75], "texture": "#0"},
				"east": {"uv": [3.5, 7.75, 4.125, 8.5], "texture": "#0"},
				"south": {"uv": [7.75, 3.75, 8.375, 4.5], "texture": "#0"},
				"west": {"uv": [4.25, 7.75, 4.875, 8.5], "texture": "#0"},
				"up": {"uv": [8.875, 6.625, 8.25, 6], "texture": "#0"},
				"down": {"uv": [7.125, 8.25, 6.5, 8.875], "texture": "#0"}
			}
		},
		{
			"from": [8.76377, 0.08252, 11.99225],
			"to": [12.27177, 2.59052, 14.35025],
			"rotation": {"angle": 0, "axis": "y", "origin": [9.76777, 1.58652, 13.17125]},
			"faces": {
				"north": {"uv": [7.5, 0.75, 8.375, 1.375], "texture": "#0"},
				"east": {"uv": [8.25, 6.75, 8.875, 7.375], "texture": "#0"},
				"south": {"uv": [1, 7.5, 1.875, 8.125], "texture": "#0"},
				"west": {"uv": [7.25, 8.25, 7.875, 8.875], "texture": "#0"},
				"up": {"uv": [8.375, 2.125, 7.5, 1.5], "texture": "#0"},
				"down": {"uv": [8.375, 5.25, 7.5, 5.875], "texture": "#0"}
			}
		},
		{
			"from": [10.92235, 0.08452, 11.35096],
			"to": [13.92635, 2.08852, 13.20496],
			"rotation": {"angle": 45, "axis": "y", "origin": [12.67435, 1.33652, 12.27796]},
			"faces": {
				"north": {"uv": [8, 8.25, 8.75, 8.75], "texture": "#0"},
				"east": {"uv": [8.5, 3, 9, 3.5], "texture": "#0"},
				"south": {"uv": [0, 8.5, 0.75, 9], "texture": "#0"},
				"west": {"uv": [3.25, 8.5, 3.75, 9], "texture": "#0"},
				"up": {"uv": [9.25, 1.25, 8.5, 0.75], "texture": "#0"},
				"down": {"uv": [9.25, 1.25, 8.5, 1.75], "texture": "#0"}
			}
		},
		{
			"from": [13.25675, 0.08652, 9.05835],
			"to": [14.60675, 1.58652, 11.80835],
			"rotation": {"angle": -22.5, "axis": "y", "origin": [13.93175, 1.08652, 10.30835]},
			"faces": {
				"north": {"uv": [8.75, 0, 9.125, 0.375], "texture": "#0"},
				"east": {"uv": [8.5, 1.75, 9.25, 2.125], "texture": "#0"},
				"south": {"uv": [5, 8.75, 5.375, 9.125], "texture": "#0"},
				"west": {"uv": [2, 8.5, 2.75, 8.875], "texture": "#0"},
				"up": {"uv": [8.875, 3, 8.5, 2.25], "texture": "#0"},
				"down": {"uv": [3.125, 8.5, 2.75, 9.25], "texture": "#0"}
			}
		},
		{
			"from": [5, 12.05, 5.75],
			"to": [7, 14.05, 8.75],
			"rotation": {"angle": -22.5, "axis": "x", "origin": [6, 12.8728, 8.32834]},
			"faces": {
				"north": {"uv": [7, 0.75, 7.5, 1.25], "texture": "#0"},
				"east": {"uv": [5.5, 6.25, 6.25, 6.75], "texture": "#0"},
				"south": {"uv": [7.25, 2.25, 7.75, 2.75], "texture": "#0"},
				"west": {"uv": [6.5, 2.25, 7.25, 2.75], "texture": "#0"},
				"up": {"uv": [6.25, 3.5, 5.75, 2.75], "texture": "#0"},
				"down": {"uv": [2, 8.25, 1.5, 9], "texture": "#0"}
			}
		},
		{
			"from": [5.25, 12.37175, 8.26741],
			"to": [6.75, 13.87175, 10.51741],
			"rotation": {"angle": 0, "axis": "y", "origin": [6, 12.8728, 8.32834]},
			"faces": {
				"north": {"uv": [8.5, 5.5, 8.875, 5.875], "texture": "#0"},
				"east": {"uv": [3.75, 8.5, 4.375, 8.875], "texture": "#0"},
				"south": {"uv": [5.75, 8.5, 6.125, 8.875], "texture": "#0"},
				"west": {"uv": [8.5, 3.75, 9.125, 4.125], "texture": "#0"},
				"up": {"uv": [8.875, 4.875, 8.5, 4.25], "texture": "#0"},
				"down": {"uv": [4.875, 8.5, 4.5, 9.125], "texture": "#0"}
			}
		},
		{
			"from": [9.25, 12.37175, 8.26741],
			"to": [10.75, 13.87175, 10.51741],
			"rotation": {"angle": 0, "axis": "y", "origin": [10, 12.8728, 8.32834]},
			"faces": {
				"north": {"uv": [8.875, 5.5, 8.5, 5.875], "texture": "#0"},
				"east": {"uv": [9.125, 3.75, 8.5, 4.125], "texture": "#0"},
				"south": {"uv": [6.125, 8.5, 5.75, 8.875], "texture": "#0"},
				"west": {"uv": [4.375, 8.5, 3.75, 8.875], "texture": "#0"},
				"up": {"uv": [8.5, 4.875, 8.875, 4.25], "texture": "#0"},
				"down": {"uv": [4.5, 8.5, 4.875, 9.125], "texture": "#0"}
			}
		},
		{
			"from": [9, 12.05, 5.75],
			"to": [11, 14.05, 8.75],
			"rotation": {"angle": -22.5, "axis": "x", "origin": [10, 12.8728, 8.32834]},
			"faces": {
				"north": {"uv": [7.5, 0.75, 7, 1.25], "texture": "#0"},
				"east": {"uv": [7.25, 2.25, 6.5, 2.75], "texture": "#0"},
				"south": {"uv": [7.75, 2.25, 7.25, 2.75], "texture": "#0"},
				"west": {"uv": [6.25, 6.25, 5.5, 6.75], "texture": "#0"},
				"up": {"uv": [5.75, 3.5, 6.25, 2.75], "texture": "#0"},
				"down": {"uv": [1.5, 8.25, 2, 9], "texture": "#0"}
			}
		},
		{
			"from": [6, 7.75, -0.5],
			"to": [10, 10.25, 2],
			"rotation": {"angle": 0, "axis": "y", "origin": [8, 10.25, 4.5]},
			"faces": {
				"north": {"uv": [3.5, 1.5, 4.5, 2.125], "texture": "#0"},
				"east": {"uv": [7.75, 4.5, 8.375, 5.125], "texture": "#0"},
				"south": {"uv": [6.5, 6.75, 7.5, 7.375], "texture": "#0"},
				"west": {"uv": [5, 7.75, 5.625, 8.375], "texture": "#0"},
				"up": {"uv": [1, 7.625, 0, 7], "texture": "#0"},
				"down": {"uv": [8, 0, 7, 0.625], "texture": "#0"}
			}
		},
		{
			"from": [8.5, 7.5, 0.25],
			"to": [14.5, 13.5, 0.25],
			"rotation": {"angle": -22.5, "axis": "y", "origin": [12, 10, 1]},
			"faces": {
				"north": {"uv": [0, 0, 7, 7.5], "texture": "#2"},
				"east": {"uv": [0, 0, 0, 6], "texture": "#missing"},
				"south": {"uv": [7, 0, 0, 7.5], "texture": "#2"},
				"west": {"uv": [0, 0, 0, 6], "texture": "#missing"},
				"up": {"uv": [0, 0, 6, 0], "texture": "#missing"},
				"down": {"uv": [0, 0, 6, 0], "texture": "#missing"}
			}
		},
		{
			"from": [1.5, 7.5, 0.25],
			"to": [7.5, 13.5, 0.25],
			"rotation": {"angle": 22.5, "axis": "y", "origin": [4, 10, 1]},
			"faces": {
				"north": {"uv": [7, 0, 0, 7.5], "texture": "#2"},
				"east": {"uv": [0, 0, 0, 6], "texture": "#missing"},
				"south": {"uv": [0, 0, 7, 7.5], "texture": "#2"},
				"west": {"uv": [0, 0, 0, 6], "texture": "#missing"},
				"up": {"uv": [6, 0, 0, 0], "texture": "#missing"},
				"down": {"uv": [6, 0, 0, 0], "texture": "#missing"}
			}
		},
		{
			"from": [12.87678, 0, 9.28033],
			"to": [16.37678, 9, 9.28033],
			"rotation": {"angle": 22.5, "axis": "y", "origin": [14.37678, 4.5, 9.53033]},
			"faces": {
				"north": {"uv": [14.5, 6.5, 10, 16], "texture": "#2"},
				"east": {"uv": [0, 0, 0, 6], "texture": "#missing"},
				"south": {"uv": [10, 6.5, 14.5, 16], "texture": "#2"},
				"west": {"uv": [0, 0, 0, 6], "texture": "#missing"},
				"up": {"uv": [0, 0, 6, 0], "texture": "#missing"},
				"down": {"uv": [0, 0, 6, 0], "texture": "#missing"}
			}
		},
		{
			"from": [14.62678, 0, 7.53033],
			"to": [14.62678, 9, 11.03033],
			"rotation": {"angle": 22.5, "axis": "y", "origin": [14.37678, 4.5, 9.53033]},
			"faces": {
				"north": {"uv": [0, 0, 0, 6], "texture": "#missing"},
				"east": {"uv": [14.5, 6.5, 10, 16], "texture": "#2"},
				"south": {"uv": [0, 0, 0, 6], "texture": "#missing"},
				"west": {"uv": [10, 6.5, 14.5, 16], "texture": "#2"},
				"up": {"uv": [0, 0, 6, 0], "rotation": 90, "texture": "#missing"},
				"down": {"uv": [0, 0, 6, 0], "rotation": 270, "texture": "#missing"}
			}
		}
	],
	"gui_light": "front",
	"display": {
		"thirdperson_righthand": {
			"rotation": [61.23, 4.49, 0.46],
			"translation": [0, 1.75, 0.75],
			"scale": [0.5, 0.5, 0.5]
		},
		"thirdperson_lefthand": {
			"rotation": [70, 180, 0],
			"translation": [-6, -9.25, 9]
		},
		"firstperson_righthand": {
			"rotation": [-166, 53.68, 171.1],
			"translation": [0.75, 3.75, -0.75],
			"scale": [0.58336, 0.58336, 0.58336]
		},
		"firstperson_lefthand": {
			"rotation": [-166, 53.68, 171.1],
			"translation": [0.75, 3.75, -0.75],
			"scale": [0, 0, 0]
		},
		"ground": {
			"rotation": [68, 0, 0],
			"translation": [0, 1.5, 0],
			"scale": [0.5, 0.5, 0.5]
		},
		"gui": {
			"rotation": [-170, 30, -180],
			"translation": [0, -2, 0],
			"scale": [0.62, 0.62, 0.62]
		},
		"head": {
			"rotation": [7, 180, 1],
			"translation": [0, -48.75, 11.25],
			"scale": [1.6, 1.6, 1.6]
		},
		"fixed": {
			"rotation": [-90, 0, 0],
			"translation": [0, -0.25, -16.25],
			"scale": [2, 2, 2]
		}
	}
}