{
  "credit": "Made with Blockbench",
  "texture_size": [
    64,
    64
  ],
  "textures": {
    "2": "elitecreatures:ginger_bread_gear/gingerbread_texture1",
    "particle": "elitecreatures:ginger_bread_gear/gingerbread_texture1"
  },
  "elements": [
    {
      "from": [
        6.5,
        0,
        5.5
      ],
      "to": [
        9.5,
        5,
        10.5
      ],
      "rotation": {
        "angle": 0,
        "axis": "y",
        "origin": [
          7.5,
          4,
          8
        ]
      },
      "faces": {
        "north": {
          "uv": [
            0.5,
            5.75,
            1.25,
            7
          ],
          "texture": "#2"
        },
        "east": {
          "uv": [
            3.25,
            5,
            4.5,
            6.25
          ],
          "texture": "#2"
        },
        "south": {
          "uv": [
            1.25,
            5.75,
            2,
            7
          ],
          "texture": "#2"
        },
        "west": {
          "uv": [
            5.5,
            0.75,
            6.75,
            2
          ],
          "texture": "#2"
        },
        "up": {
          "uv": [
            2.75,
            7,
            2,
            5.75
          ],
          "texture": "#2"
        },
        "down": {
          "uv": [
            6.75,
            2,
            6,
            3.25
          ],
          "texture": "#2"
        }
      }
    },
    {
      "from": [
        7,
        5.5,
        6.5
      ],
      "to": [
        9,
        6.5,
        9.5
      ],
      "rotation": {
        "angle": 0,
        "axis": "y",
        "origin": [
          8,
          3.5,
          24.5
        ]
      },
      "faces": {
        "north": {
          "uv": [
            6.75,
            3,
            7.25,
            3.25
          ],
          "texture": "#2"
        },
        "east": {
          "uv": [
            2,
            7.75,
            2.75,
            8
          ],
          "texture": "#2"
        },
        "south": {
          "uv": [
            8.5,
            2,
            9,
            2.25
          ],
          "texture": "#2"
        },
        "west": {
          "uv": [
            7.75,
            2.75,
            8.5,
            3
          ],
          "texture": "#2"
        },
        "up": {
          "uv": [
            2.5,
            7.75,
            2,
            7
          ],
          "texture": "#2"
        },
        "down": {
          "uv": [
            3,
            7,
            2.5,
            7.75
          ],
          "texture": "#2"
        }
      }
    },
    {
      "from": [
        7,
        11.5,
        6.5
      ],
      "to": [
        9,
        12.5,
        9.5
      ],
      "rotation": {
        "angle": 0,
        "axis": "y",
        "origin": [
          8,
          3.5,
          24.5
        ]
      },
      "faces": {
        "north": {
          "uv": [
            6.75,
            3,
            7.25,
            3.25
          ],
          "texture": "#2"
        },
        "east": {
          "uv": [
            2,
            7.75,
            2.75,
            8
          ],
          "texture": "#2"
        },
        "south": {
          "uv": [
            8.5,
            2,
            9,
            2.25
          ],
          "texture": "#2"
        },
        "west": {
          "uv": [
            7.75,
            2.75,
            8.5,
            3
          ],
          "texture": "#2"
        },
        "up": {
          "uv": [
            2.5,
            7.75,
            2,
            7
          ],
          "texture": "#2"
        },
        "down": {
          "uv": [
            3,
            7,
            2.5,
            7.75
          ],
          "texture": "#2"
        }
      }
    },
    {
      "from": [
        7.25,
        2.1569,
        7.34828
      ],
      "to": [
        8.75,
        3.6569,
        12.34828
      ],
      "rotation": {
        "angle": 0,
        "axis": "y",
        "origin": [
          8,
          2.36515,
          11.48486
        ]
      },
      "faces": {
        "north": {
          "uv": [
            7.75,
            5.5,
            8.125,
            5.875
          ],
          "texture": "#2"
        },
        "east": {
          "uv": [
            6.5,
            5,
            7.75,
            5.375
          ],
          "texture": "#2"
        },
        "south": {
          "uv": [
            7.75,
            6,
            8.125,
            6.375
          ],
          "texture": "#2"
        },
        "west": {
          "uv": [
            6.75,
            0.75,
            8,
            1.125
          ],
          "texture": "#2"
        },
        "up": {
          "uv": [
            4.375,
            7.5,
            4,
            6.25
          ],
          "texture": "#2"
        },
        "down": {
          "uv": [
            5.375,
            6.25,
            5,
            7.5
          ],
          "texture": "#2"
        }
      }
    },
    {
      "from": [
        7.275,
        2.3893,
        11.20278
      ],
      "to": [
        8.725,
        3.8893,
        12.70278
      ],
      "rotation": {
        "angle": 45,
        "axis": "x",
        "origin": [
          8,
          2.36515,
          11.48486
        ]
      },
      "faces": {
        "north": {
          "uv": [
            7.75,
            6.5,
            8.125,
            6.875
          ],
          "texture": "#2"
        },
        "east": {
          "uv": [
            7.75,
            7,
            8.125,
            7.375
          ],
          "texture": "#2"
        },
        "south": {
          "uv": [
            7.25,
            7.75,
            7.625,
            8.125
          ],
          "texture": "#2"
        },
        "west": {
          "uv": [
            7.75,
            7.5,
            8.125,
            7.875
          ],
          "texture": "#2"
        },
        "up": {
          "uv": [
            8.375,
            1.125,
            8,
            0.75
          ],
          "texture": "#2"
        },
        "down": {
          "uv": [
            8.375,
            1.25,
            8,
            1.625
          ],
          "texture": "#2"
        }
      }
    },
    {
      "from": [
        7.3,
        1.06089,
        11.92402
      ],
      "to": [
        8.7,
        2.56089,
        13.42402
      ],
      "rotation": {
        "angle": 0,
        "axis": "y",
        "origin": [
          8,
          2.36515,
          11.48486
        ]
      },
      "faces": {
        "north": {
          "uv": [
            8,
            1.75,
            8.375,
            2.125
          ],
          "texture": "#2"
        },
        "east": {
          "uv": [
            2,
            8,
            2.375,
            8.375
          ],
          "texture": "#2"
        },
        "south": {
          "uv": [
            2.5,
            8,
            2.875,
            8.375
          ],
          "texture": "#2"
        },
        "west": {
          "uv": [
            3,
            8,
            3.375,
            8.375
          ],
          "texture": "#2"
        },
        "up": {
          "uv": [
            3.875,
            8.375,
            3.5,
            8
          ],
          "texture": "#2"
        },
        "down": {
          "uv": [
            6.375,
            8,
            6,
            8.375
          ],
          "texture": "#2"
        }
      }
    },
    {
      "from": [
        7.325,
        1.30655,
        12.27518
      ],
      "to": [
        8.675,
        2.80655,
        13.77518
      ],
      "rotation": {
        "angle": 45,
        "axis": "x",
        "origin": [
          8,
          2.36515,
          11.48486
        ]
      },
      "faces": {
        "north": {
          "uv": [
            6.5,
            8,
            6.875,
            8.375
          ],
          "texture": "#2"
        },
        "east": {
          "uv": [
            7.75,
            8,
            8.125,
            8.375
          ],
          "texture": "#2"
        },
        "south": {
          "uv": [
            8.25,
            0,
            8.625,
            0.375
          ],
          "texture": "#2"
        },
        "west": {
          "uv": [
            1,
            8.25,
            1.375,
            8.625
          ],
          "texture": "#2"
        },
        "up": {
          "uv": [
            1.875,
            8.625,
            1.5,
            8.25
          ],
          "texture": "#2"
        },
        "down": {
          "uv": [
            8.625,
            2.25,
            8.25,
            2.625
          ],
          "texture": "#2"
        }
      }
    },
    {
      "from": [
        7.25,
        2.1569,
        3.65172
      ],
      "to": [
        8.75,
        3.6569,
        8.65172
      ],
      "rotation": {
        "angle": 0,
        "axis": "y",
        "origin": [
          8,
          2.36515,
          4.51514
        ]
      },
      "faces": {
        "north": {
          "uv": [
            8.125,
            6,
            7.75,
            6.375
          ],
          "texture": "#2"
        },
        "east": {
          "uv": [
            7.75,
            5,
            6.5,
            5.375
          ],
          "texture": "#2"
        },
        "south": {
          "uv": [
            8.125,
            5.5,
            7.75,
            5.875
          ],
          "texture": "#2"
        },
        "west": {
          "uv": [
            8,
            0.75,
            6.75,
            1.125
          ],
          "texture": "#2"
        },
        "up": {
          "uv": [
            4.375,
            6.25,
            4,
            7.5
          ],
          "texture": "#2"
        },
        "down": {
          "uv": [
            5.375,
            7.5,
            5,
            6.25
          ],
          "texture": "#2"
        }
      }
    },
    {
      "from": [
        7.275,
        2.3893,
        3.29722
      ],
      "to": [
        8.725,
        3.8893,
        4.79722
      ],
      "rotation": {
        "angle": -45,
        "axis": "x",
        "origin": [
          8,
          2.36515,
          4.51514
        ]
      },
      "faces": {
        "north": {
          "uv": [
            7.625,
            7.75,
            7.25,
            8.125
          ],
          "texture": "#2"
        },
        "east": {
          "uv": [
            8.125,
            7,
            7.75,
            7.375
          ],
          "texture": "#2"
        },
        "south": {
          "uv": [
            8.125,
            6.5,
            7.75,
            6.875
          ],
          "texture": "#2"
        },
        "west": {
          "uv": [
            8.125,
            7.5,
            7.75,
            7.875
          ],
          "texture": "#2"
        },
        "up": {
          "uv": [
            8.375,
            0.75,
            8,
            1.125
          ],
          "texture": "#2"
        },
        "down": {
          "uv": [
            8.375,
            1.625,
            8,
            1.25
          ],
          "texture": "#2"
        }
      }
    },
    {
      "from": [
        7.3,
        1.06089,
        2.57598
      ],
      "to": [
        8.7,
        2.56089,
        4.07598
      ],
      "rotation": {
        "angle": 0,
        "axis": "y",
        "origin": [
          8,
          2.36515,
          4.51514
        ]
      },
      "faces": {
        "north": {
          "uv": [
            2.875,
            8,
            2.5,
            8.375
          ],
          "texture": "#2"
        },
        "east": {
          "uv": [
            2.375,
            8,
            2,
            8.375
          ],
          "texture": "#2"
        },
        "south": {
          "uv": [
            8.375,
            1.75,
            8,
            2.125
          ],
          "texture": "#2"
        },
        "west": {
          "uv": [
            3.375,
            8,
            3,
            8.375
          ],
          "texture": "#2"
        },
        "up": {
          "uv": [
            3.875,
            8,
            3.5,
            8.375
          ],
          "texture": "#2"
        },
        "down": {
          "uv": [
            6.375,
            8.375,
            6,
            8
          ],
          "texture": "#2"
        }
      }
    },
    {
      "from": [
        7.325,
        1.30655,
        2.22482
      ],
      "to": [
        8.675,
        2.80655,
        3.72482
      ],
      "rotation": {
        "angle": -45,
        "axis": "x",
        "origin": [
          8,
          2.36515,
          4.51514
        ]
      },
      "faces": {
        "north": {
          "uv": [
            8.625,
            0,
            8.25,
            0.375
          ],
          "texture": "#2"
        },
        "east": {
          "uv": [
            8.125,
            8,
            7.75,
            8.375
          ],
          "texture": "#2"
        },
        "south": {
          "uv": [
            6.875,
            8,
            6.5,
            8.375
          ],
          "texture": "#2"
        },
        "west": {
          "uv": [
            1.375,
            8.25,
            1,
            8.625
          ],
          "texture": "#2"
        },
        "up": {
          "uv": [
            1.875,
            8.25,
            1.5,
            8.625
          ],
          "texture": "#2"
        },
        "down": {
          "uv": [
            8.625,
            2.625,
            8.25,
            2.25
          ],
          "texture": "#2"
        }
      }
    },
    {
      "from": [
        7.5,
        4.7,
        7
      ],
      "to": [
        8.5,
        12.7,
        9
      ],
      "rotation": {
        "angle": 0,
        "axis": "y",
        "origin": [
          6.45,
          13.7,
          23
        ]
      },
      "faces": {
        "north": {
          "uv": [
            9.875,
            5.625,
            10.125,
            7.625
          ],
          "texture": "#2"
        },
        "east": {
          "uv": [
            10.875,
            5.625,
            10.375,
            7.625
          ],
          "texture": "#2"
        },
        "south": {
          "uv": [
            10.125,
            5.625,
            10.375,
            7.625
          ],
          "texture": "#2"
        },
        "west": {
          "uv": [
            10.375,
            5.625,
            10.875,
            7.625
          ],
          "texture": "#2"
        },
        "up": {
          "uv": [
            10.125,
            7.625,
            10.375,
            8.125
          ],
          "texture": "#2"
        },
        "down": {
          "uv": [
            9.875,
            7.625,
            10.125,
            8.125
          ],
          "texture": "#2"
        }
      }
    },
    {
      "from": [
        8,
        5,
        5
      ],
      "to": [
        8,
        13,
        11
      ],
      "faces": {
        "east": {
          "uv": [
            13.625,
            0,
            15.125,
            2
          ],
          "texture": "#2"
        },
        "west": {
          "uv": [
            13.625,
            0,
            15.125,
            2
          ],
          "texture": "#2"
        }
      }
    }
  ],
  "gui_light": "front",
  "display": {
    "thirdperson_righthand": {
      "translation": [
        0,
        3.75,
        3
      ],
      "scale": [
        0.47266,
        0.47266,
        0.47266
      ]
    },
    "thirdperson_lefthand": {
      "translation": [
        0,
        3.75,
        3
      ],
      "scale": [
        0.47266,
        0.47266,
        0.47266
      ]
    },
    "firstperson_righthand": {
      "rotation": [
        -90,
        0,
        0
      ],
      "translation": [
        -1.75,
        5,
        1
      ],
      "scale": [
        0.66992,
        0.66992,
        0.66992
      ]
    },
    "firstperson_lefthand": {
      "rotation": [
        -90,
        0,
        0
      ],
      "translation": [
        -1.75,
        5,
        1
      ],
      "scale": [
        0.66992,
        0.66992,
        0.66992
      ]
    },
    "ground": {
      "rotation": [
        135,
        0,
        0
      ],
      "translation": [
        0,
        1.25,
        1.25
      ],
      "scale": [
        0.61328,
        0.61328,
        0.61328
      ]
    },
    "gui": {
      "rotation": [
        -90,
        -45,
        90
      ],
      "translation": [
        -2,
        -2.25,
        0
      ],
      "scale": [
        1.03906,
        1.03906,
        1.03906
      ]
    },
    "head": {
      "scale": [
        0,
        0,
        0
      ]
    },
    "fixed": {
      "rotation": [
        90,
        -90,
        -90
      ],
      "translation": [
        -0.25,
        -3.75,
        -2.62999
      ],
      "scale": [
        1.875,
        1.875,
        1.875
      ]
    }
  },
  "groups": [
    0,
    1,
    2,
    {
      "name": "group",
      "origin": [
        8.25,
        8.81409,
        14.76764
      ],
      "color": 0,
      "children": [
        3,
        4,
        5,
        6,
        7,
        8,
        9,
        10
      ]
    },
    11,
    12
  ]
}