{"credit":"Made with Blockbench","texture_size":[64,64],"textures":{"0":"customhatsv2:hats/tank_hat_texture","particle":"customhatsv2:hats/tank_hat_texture"},"elements":[{"from":[2,6,11],"to":[14,10,21],"rotation":{"angle":0,"axis":"y","origin":[3,5,11]},"faces":{"north":{"uv":[3.25,4.5,6.25,5.5],"texture":"#0"},"east":{"uv":[6.5,4,9,5],"texture":"#0"},"south":{"uv":[0,5.5,3,6.5],"texture":"#0"},"west":{"uv":[0,6.75,2.5,7.75],"texture":"#0"},"up":{"uv":[3,2.5,0,0],"texture":"#0"},"down":{"uv":[3,2.75,0,5.25],"texture":"#0"}}},{"from":[6,7,21],"to":[10,9,23],"rotation":{"angle":0,"axis":"y","origin":[3,5,21]},"faces":{"north":{"uv":[10.5,11,11.5,11.5],"texture":"#0"},"east":{"uv":[9.5,11.75,10,12.25],"texture":"#0"},"south":{"uv":[8.25,11.25,9.25,11.75],"texture":"#0"},"west":{"uv":[10.25,11.75,10.75,12.25],"texture":"#0"},"up":{"uv":[1,12,0,11.5],"texture":"#0"},"down":{"uv":[12.5,0,11.5,0.5],"texture":"#0"}}},{"from":[8,9,22],"to":[9,14,22],"rotation":{"angle":0,"axis":"y","origin":[3,7,21]},"faces":{"north":{"uv":[5.75,11.75,6,13],"texture":"#0"},"east":{"uv":[9.25,12,9.25,13.25],"texture":"#0"},"south":{"uv":[11.75,9,12,10.25],"texture":"#0"},"west":{"uv":[3,12.5,3,13.75],"texture":"#0"},"up":{"uv":[6.75,5.25,6.5,5.25],"texture":"#0"},"down":{"uv":[6.75,5.5,6.5,5.5],"texture":"#0"}}},{"from":[9,13,22],"to":[9,14,23],"rotation":{"angle":0,"axis":"y","origin":[3,6,21]},"faces":{"north":{"uv":[2.75,6.75,2.75,7],"texture":"#0"},"east":{"uv":[5.5,4,5.75,4.25],"texture":"#0"},"south":{"uv":[3,6.75,3,7],"texture":"#0"},"west":{"uv":[6,4,6.25,4.25],"texture":"#0"},"up":{"uv":[7,5.5,7,5.25],"texture":"#0"},"down":{"uv":[2.75,7.25,2.75,7.5],"texture":"#0"}}},{"from":[1,5,9],"to":[4,8,23],"rotation":{"angle":0,"axis":"y","origin":[1,3,11]},"faces":{"north":{"uv":[2.25,10.75,3,11.5],"texture":"#0"},"east":{"uv":[5.5,0,9,0.75],"texture":"#0"},"south":{"uv":[3.25,10.75,4,11.5],"texture":"#0"},"west":{"uv":[5.5,1,9,1.75],"texture":"#0"},"up":{"uv":[4,9.25,3.25,5.75],"texture":"#0"},"down":{"uv":[5,5.75,4.25,9.25],"texture":"#0"}}},{"from":[12,5,9],"to":[15,8,23],"rotation":{"angle":0,"axis":"y","origin":[15,3,11]},"faces":{"north":{"uv":[10.75,4,11.5,4.75],"texture":"#0"},"east":{"uv":[5.5,2,9,2.75],"texture":"#0"},"south":{"uv":[4.25,10.75,5,11.5],"texture":"#0"},"west":{"uv":[5.5,3,9,3.75],"texture":"#0"},"up":{"uv":[6,9.25,5.25,5.75],"texture":"#0"},"down":{"uv":[7,5.75,6.25,9.25],"texture":"#0"}}},{"from":[4,10,12],"to":[12,15,20],"rotation":{"angle":0,"axis":"y","origin":[3,10,11]},"faces":{"north":{"uv":[7.25,5.25,9.25,6.5],"texture":"#0"},"east":{"uv":[7.25,6.75,9.25,8],"texture":"#0"},"south":{"uv":[0,8,2,9.25],"texture":"#0"},"west":{"uv":[7.25,8.25,9.25,9.5],"texture":"#0"},"up":{"uv":[5.25,2,3.25,0],"texture":"#0"},"down":{"uv":[5.25,2.25,3.25,4.25],"texture":"#0"}}},{"from":[2,11,15.5],"to":[4,14,18.5],"rotation":{"angle":-22.5,"axis":"x","origin":[3,12.5,17]},"faces":{"north":{"uv":[3.5,11.75,4,12.5],"texture":"#0"},"east":{"uv":[10.75,5,11.5,5.75],"texture":"#0"},"south":{"uv":[11.75,4,12.25,4.75],"texture":"#0"},"west":{"uv":[5.25,10.75,6,11.5],"texture":"#0"},"up":{"uv":[4.75,12.5,4.25,11.75],"texture":"#0"},"down":{"uv":[5.5,11.75,5,12.5],"texture":"#0"}}},{"from":[12,11,15.5],"to":[14,14,18.5],"rotation":{"angle":-22.5,"axis":"x","origin":[13,12.5,17]},"faces":{"north":{"uv":[11.75,5,12.25,5.75],"texture":"#0"},"east":{"uv":[10.75,6,11.5,6.75],"texture":"#0"},"south":{"uv":[11.75,6,12.25,6.75],"texture":"#0"},"west":{"uv":[10.75,7,11.5,7.75],"texture":"#0"},"up":{"uv":[12.25,7.75,11.75,7],"texture":"#0"},"down":{"uv":[12.25,8,11.75,8.75],"texture":"#0"}}},{"from":[6,15,14],"to":[10,17,18],"rotation":{"angle":0,"axis":"y","origin":[3,14,11]},"faces":{"north":{"uv":[11.75,0.75,12.75,1.25],"texture":"#0"},"east":{"uv":[11.75,1.5,12.75,2],"texture":"#0"},"south":{"uv":[2.25,11.75,3.25,12.25],"texture":"#0"},"west":{"uv":[11.75,2.25,12.75,2.75],"texture":"#0"},"up":{"uv":[1,10.5,0,9.5],"texture":"#0"},"down":{"uv":[2.25,9.5,1.25,10.5],"texture":"#0"}}},{"from":[7,11,7],"to":[9,13,12],"rotation":{"angle":0,"axis":"y","origin":[3,10,3]},"faces":{"north":{"uv":[11.75,10.5,12.25,11],"texture":"#0"},"east":{"uv":[10.5,3.25,11.75,3.75],"texture":"#0"},"south":{"uv":[11,11.75,11.5,12.25],"texture":"#0"},"west":{"uv":[0,10.75,1.25,11.25],"texture":"#0"},"up":{"uv":[9.25,11,8.75,9.75],"texture":"#0"},"down":{"uv":[2,10.75,1.5,12],"texture":"#0"}}},{"from":[6.5,10.5,4],"to":[9.5,13.5,7],"rotation":{"angle":0,"axis":"y","origin":[3,10,-2]},"faces":{"north":{"uv":[10.75,8,11.5,8.75],"texture":"#0"},"east":{"uv":[10.75,9,11.5,9.75],"texture":"#0"},"south":{"uv":[9.5,10.75,10.25,11.5],"texture":"#0"},"west":{"uv":[10.75,10,11.5,10.75],"texture":"#0"},"up":{"uv":[7,11.75,6.25,11],"texture":"#0"},"down":{"uv":[8,11,7.25,11.75],"texture":"#0"}}},{"name":"smoke","from":[8,10.5,0],"to":[8,18.5,4],"rotation":{"angle":0,"axis":"y","origin":[3,10,-5]},"faces":{"north":{"uv":[3.25,12.5,3.25,14.5],"texture":"#0"},"east":{"uv":[10.25,2.25,9.25,4.25],"texture":"#0"},"south":{"uv":[9.5,12.5,9.5,14.5],"texture":"#0"},"west":{"uv":[9.25,2.25,10.25,4.25],"texture":"#0"},"up":{"uv":[12.5,8.5,12.5,7.5],"texture":"#0"},"down":{"uv":[9.75,12.5,9.75,13.5],"texture":"#0"}}},{"from":[7,11,2],"to":[9,13,4],"rotation":{"angle":0,"axis":"y","origin":[3,10,-5]},"faces":{"north":{"uv":[11.75,11.25,12.25,11.75],"texture":"#0"},"east":{"uv":[12,3,12.5,3.5],"texture":"#0"},"south":{"uv":[6.25,12,6.75,12.5],"texture":"#0"},"west":{"uv":[7,12,7.5,12.5],"texture":"#0"},"up":{"uv":[8.25,12.5,7.75,12],"texture":"#0"},"down":{"uv":[9,12,8.5,12.5],"texture":"#0"}}},{"from":[7,11,-3],"to":[9,13,-1],"rotation":{"angle":0,"axis":"y","origin":[3,10,-10]},"faces":{"north":{"uv":[11.75,12,12.25,12.5],"texture":"#0"},"east":{"uv":[0,12.25,0.5,12.75],"texture":"#0"},"south":{"uv":[0.75,12.25,1.25,12.75],"texture":"#0"},"west":{"uv":[1.5,12.25,2,12.75],"texture":"#0"},"up":{"uv":[12.75,9.5,12.25,9],"texture":"#0"},"down":{"uv":[12.75,9.75,12.25,10.25],"texture":"#0"}}},{"from":[7,11,-11],"to":[9,13,-9],"rotation":{"angle":0,"axis":"y","origin":[3,10,-18]},"faces":{"north":{"uv":[2.25,12.5,2.75,13],"texture":"#0"},"east":{"uv":[12.5,3.75,13,4.25],"texture":"#0"},"south":{"uv":[12.5,4.5,13,5],"texture":"#0"},"west":{"uv":[12.5,5.25,13,5.75],"texture":"#0"},"up":{"uv":[13,6.5,12.5,6],"texture":"#0"},"down":{"uv":[13,6.75,12.5,7.25],"texture":"#0"}}},{"name":"nozzle","from":[6,10,5],"to":[10,14,8],"rotation":{"angle":0,"axis":"y","origin":[3,10,-1]},"faces":{"north":{"uv":[2.5,9.5,3.5,10.5],"texture":"#0"},"east":{"uv":[2.25,8,3,9],"texture":"#0"},"south":{"uv":[3.75,9.5,4.75,10.5],"texture":"#0"},"west":{"uv":[10.5,0,11.25,1],"texture":"#0"},"up":{"uv":[11.5,2,10.5,1.25],"texture":"#0"},"down":{"uv":[11.5,2.25,10.5,3],"texture":"#0"}}},{"from":[6,10,1],"to":[6,14,5],"rotation":{"angle":22.5,"axis":"y","origin":[6,12,5]},"faces":{"north":{"uv":[11.25,12.5,11.25,13.5],"texture":"#0"},"east":{"uv":[10.5,9.5,9.5,10.5],"texture":"#0"},"south":{"uv":[11.5,12.5,11.5,13.5],"texture":"#0"},"west":{"uv":[9.5,9.5,10.5,10.5],"texture":"#0"},"up":{"uv":[12.5,13,12.5,12],"texture":"#0"},"down":{"uv":[3.5,12.75,3.5,13.75],"texture":"#0"}}},{"from":[6,14,1],"to":[10,14,5],"rotation":{"angle":22.5,"axis":"x","origin":[8,14,5]},"faces":{"north":{"uv":[12.5,8.75,13.5,8.75],"texture":"#0"},"east":{"uv":[10,12.5,11,12.5],"texture":"#0"},"south":{"uv":[12.5,10.5,13.5,10.5],"texture":"#0"},"west":{"uv":[12.5,10.75,13.5,10.75],"texture":"#0"},"up":{"uv":[10.5,5.5,9.5,4.5],"texture":"#0"},"down":{"uv":[10.5,4.5,9.5,5.5],"texture":"#0"}}},{"from":[6,10,1],"to":[10,10,5],"rotation":{"angle":-22.5,"axis":"x","origin":[8,10,5]},"faces":{"north":{"uv":[12.5,11,13.5,11],"texture":"#0"},"east":{"uv":[12.5,11.25,13.5,11.25],"texture":"#0"},"south":{"uv":[12.5,11.5,13.5,11.5],"texture":"#0"},"west":{"uv":[12.5,11.75,13.5,11.75],"texture":"#0"},"up":{"uv":[10.5,5.5,9.5,4.5],"texture":"#0"},"down":{"uv":[10.5,7,9.5,8],"texture":"#0"}}},{"from":[10,10,1],"to":[10,14,5],"rotation":{"angle":-22.5,"axis":"y","origin":[10,12,5]},"faces":{"north":{"uv":[3.75,12.75,3.75,13.75],"texture":"#0"},"east":{"uv":[6.25,9.75,7.25,10.75],"texture":"#0"},"south":{"uv":[4,12.75,4,13.75],"texture":"#0"},"west":{"uv":[7.25,9.75,6.25,10.75],"texture":"#0"},"up":{"uv":[4.25,13.75,4.25,12.75],"texture":"#0"},"down":{"uv":[4.5,12.75,4.5,13.75],"texture":"#0"}}}],"gui_light":"front","display":{"thirdperson_righthand":{"translation":[0,-1.5,-8.75],"scale":[0.9,0.9,0.9]},"thirdperson_lefthand":{"translation":[0,-1.5,-8.75],"scale":[0.9,0.9,0.9]},"firstperson_righthand":{"rotation":[0,11.5,0],"translation":[6,-1.5,-17.75]},"firstperson_lefthand":{"rotation":[0,11.5,0],"translation":[6,-1.5,-17.75]},"ground":{"translation":[0,2,-6],"scale":[0.9,0.9,0.9]},"gui":{"rotation":[22.5,145,0],"translation":[-3.5,-3,0],"scale":[0.8,0.8,0.8]},"head":{"translation":[0,6.5,-13],"scale":[1.6,1.6,1.6]},"fixed":{"rotation":[-90,0,0],"translation":[0,-16,-6],"scale":[2,2,2]}},"groups":[{"name":"tank_hat","origin":[3,10,-10],"color":0,"children":[0,1,2,3,4,5,6,7,8,9,10,11,{"name":"shoot_animation","origin":[3,10,-13],"color":0,"children":[12,{"name":"cannon_balls","origin":[3,10,-18],"color":0,"children":[13,14,15]},16,{"name":"flames","origin":[10,12,5],"color":0,"children":[17,18,19,20]}]}]}]}