{
	"credit": "Made by PolygonMC",
	"texture_size": [20, 20],
	"textures": {
		"1": "halloween23:spider_legs_backpack"
	},
	"elements": [
		{
			"from": [6, 6.25, 8],
			"to": [10, 10.25, 10],
			"rotation": {"angle": 45, "axis": "z", "origin": [8, 8.25, 9]},
			"faces": {
				"north": {"uv": [7.2, 7.2, 10.4, 10.4], "texture": "#1"},
				"east": {"uv": [4, 8.8, 4.8, 12], "texture": "#1"},
				"south": {"uv": [8, 0, 11.2, 3.2], "texture": "#1"},
				"west": {"uv": [4.8, 8.8, 5.6, 12], "texture": "#1"},
				"up": {"uv": [12.8, 7.2, 9.6, 6.4], "texture": "#1"},
				"down": {"uv": [8.8, 10.4, 5.6, 11.2], "texture": "#1"}
			}
		},
		{
			"from": [15.0524, 8.12713, 8.5],
			"to": [16.0524, 9.12713, 9.5],
			"rotation": {"angle": 0, "axis": "y", "origin": [13.0524, 9.12713, 8.5]},
			"faces": {
				"north": {"uv": [3.2, 11.2, 4, 12], "texture": "#1"},
				"east": {"uv": [1.6, 13.6, 2.4, 14.4], "texture": "#1"},
				"south": {"uv": [2.4, 13.6, 3.2, 14.4], "texture": "#1"},
				"west": {"uv": [3.2, 13.6, 4, 14.4], "texture": "#1"},
				"up": {"uv": [14.4, 4, 13.6, 3.2], "texture": "#1"},
				"down": {"uv": [4.8, 13.6, 4, 14.4], "texture": "#1"}
			}
		},
		{
			"from": [11.0524, 8.12713, 8.5],
			"to": [13.0524, 9.12713, 9.5],
			"rotation": {"angle": 0, "axis": "y", "origin": [10.0524, 9.12713, 8.5]},
			"faces": {
				"north": {"uv": [1.6, 11.2, 3.2, 12], "texture": "#1"},
				"east": {"uv": [13.6, 4, 14.4, 4.8], "texture": "#1"},
				"south": {"uv": [11.2, 1.6, 12.8, 2.4], "texture": "#1"},
				"west": {"uv": [4.8, 13.6, 5.6, 14.4], "texture": "#1"},
				"up": {"uv": [12.8, 3.2, 11.2, 2.4], "texture": "#1"},
				"down": {"uv": [7.2, 11.2, 5.6, 12], "texture": "#1"}
			}
		},
		{
			"from": [13.0524, 8.22713, 8.6],
			"to": [15.0524, 9.02713, 9.4],
			"rotation": {"angle": 0, "axis": "y", "origin": [12.0524, 9.12713, 8.5]},
			"faces": {
				"north": {"uv": [1.6, 12.8, 3.2, 13.4], "texture": "#1"},
				"east": {"uv": [13.6, 10.4, 14.2, 11], "texture": "#1"},
				"south": {"uv": [12.8, 1.6, 14.4, 2.2], "texture": "#1"},
				"west": {"uv": [11.2, 13.6, 11.8, 14.2], "texture": "#1"},
				"up": {"uv": [14.4, 3, 12.8, 2.4], "texture": "#1"},
				"down": {"uv": [14.4, 6.4, 12.8, 7], "texture": "#1"}
			}
		},
		{
			"from": [16.45406, 8.12713, 5.9519],
			"to": [18.45406, 9.12713, 6.9519],
			"rotation": {"angle": 45, "axis": "y", "origin": [19.20406, 8.62713, 6.7019]},
			"faces": {
				"north": {"uv": [7.2, 11.2, 8.8, 12], "texture": "#1"},
				"east": {"uv": [9.6, 13.6, 10.4, 14.4], "texture": "#1"},
				"south": {"uv": [11.2, 10.4, 12.8, 11.2], "texture": "#1"},
				"west": {"uv": [10.4, 13.6, 11.2, 14.4], "texture": "#1"},
				"up": {"uv": [12.8, 12, 11.2, 11.2], "texture": "#1"},
				"down": {"uv": [3.2, 12, 1.6, 12.8], "texture": "#1"}
			}
		},
		{
			"from": [14.45406, 8.61213, 5.9519],
			"to": [23.45406, 8.64213, 7.9519],
			"rotation": {"angle": 45, "axis": "y", "origin": [19.20406, 7.76213, 6.7019]},
			"faces": {
				"up": {"uv": [7.2, 8.8, 0, 7.2], "texture": "#1"},
				"down": {"uv": [7.2, 7.2, 0, 8.8], "texture": "#1"}
			}
		},
		{
			"from": [19.51472, 8.12713, 5.03769],
			"to": [20.51472, 9.12713, 6.03769],
			"rotation": {"angle": 0, "axis": "y", "origin": [20.01472, 8.62713, 5.53769]},
			"faces": {
				"north": {"uv": [13.6, 4.8, 14.4, 5.6], "texture": "#1"},
				"east": {"uv": [5.6, 13.6, 6.4, 14.4], "texture": "#1"},
				"south": {"uv": [6.4, 13.6, 7.2, 14.4], "texture": "#1"},
				"west": {"uv": [7.2, 13.6, 8, 14.4], "texture": "#1"},
				"up": {"uv": [8.8, 14.4, 8, 13.6], "texture": "#1"},
				"down": {"uv": [9.6, 13.6, 8.8, 14.4], "texture": "#1"}
			}
		},
		{
			"from": [18.45406, 8.22713, 6.0519],
			"to": [20.45406, 9.02713, 6.8519],
			"rotation": {"angle": 45, "axis": "y", "origin": [19.20406, 8.62713, 6.7019]},
			"faces": {
				"north": {"uv": [12.8, 7.2, 14.4, 7.8], "texture": "#1"},
				"east": {"uv": [13.6, 11.2, 14.2, 11.8], "texture": "#1"},
				"south": {"uv": [12.8, 8, 14.4, 8.6], "texture": "#1"},
				"west": {"uv": [12, 13.6, 12.6, 14.2], "texture": "#1"},
				"up": {"uv": [14.4, 9.4, 12.8, 8.8], "texture": "#1"},
				"down": {"uv": [14.4, 9.6, 12.8, 10.2], "texture": "#1"}
			}
		},
		{
			"from": [15.8024, 8.02713, 8.25],
			"to": [17.3024, 9.22713, 9.75],
			"rotation": {"angle": 45, "axis": "y", "origin": [16.5524, 8.62713, 9]},
			"faces": {
				"north": {"uv": [3.2, 12, 4.4, 13], "texture": "#1"},
				"east": {"uv": [4.8, 12, 6, 13], "texture": "#1"},
				"south": {"uv": [6.4, 12, 7.6, 13], "texture": "#1"},
				"west": {"uv": [8, 12, 9.2, 13], "texture": "#1"},
				"up": {"uv": [9.2, 4.4, 8, 3.2], "texture": "#1"},
				"down": {"uv": [6.8, 8.8, 5.6, 10], "texture": "#1"}
			}
		},
		{
			"from": [9.5524, 8.02713, 8.25],
			"to": [11.0524, 9.22713, 9.75],
			"rotation": {"angle": 0, "axis": "y", "origin": [10.5524, 8.62713, 9]},
			"faces": {
				"north": {"uv": [9.6, 12, 10.8, 13], "texture": "#1"},
				"east": {"uv": [11.2, 12, 12.4, 13], "texture": "#1"},
				"south": {"uv": [0, 12.8, 1.2, 13.8], "texture": "#1"},
				"west": {"uv": [12.8, 0, 14, 1], "texture": "#1"},
				"up": {"uv": [1.2, 12.4, 0, 11.2], "texture": "#1"},
				"down": {"uv": [12.4, 0, 11.2, 1.2], "texture": "#1"}
			}
		},
		{
			"from": [13.3861, 12.14993, 8.5],
			"to": [14.3861, 13.14993, 9.5],
			"rotation": {"angle": 45, "axis": "z", "origin": [12.12668, 12.64993, 6.48531]},
			"faces": {
				"north": {"uv": [3.2, 11.2, 4, 12], "texture": "#1"},
				"east": {"uv": [1.6, 13.6, 2.4, 14.4], "texture": "#1"},
				"south": {"uv": [2.4, 13.6, 3.2, 14.4], "texture": "#1"},
				"west": {"uv": [3.2, 13.6, 4, 14.4], "texture": "#1"},
				"up": {"uv": [14.4, 4, 13.6, 3.2], "texture": "#1"},
				"down": {"uv": [4.8, 13.6, 4, 14.4], "texture": "#1"}
			}
		},
		{
			"from": [14.36726, 12.04993, 8.21707],
			"to": [15.86726, 13.24993, 9.71707],
			"rotation": {"angle": 45, "axis": "z", "origin": [12.12668, 12.64993, 6.48531]},
			"faces": {
				"north": {"uv": [4.8, 12, 6, 13], "texture": "#1"},
				"east": {"uv": [6.4, 12, 7.6, 13], "texture": "#1"},
				"south": {"uv": [8, 12, 9.2, 13], "texture": "#1"},
				"west": {"uv": [3.2, 12, 4.4, 13], "texture": "#1"},
				"up": {"uv": [9.2, 4.4, 8, 3.2], "rotation": 270, "texture": "#1"},
				"down": {"uv": [6.8, 8.8, 5.6, 10], "rotation": 90, "texture": "#1"}
			}
		},
		{
			"from": [11.3861, 12.24993, 8.6],
			"to": [13.3861, 13.04993, 9.4],
			"rotation": {"angle": 45, "axis": "z", "origin": [12.12668, 12.64993, 6.48531]},
			"faces": {
				"north": {"uv": [1.6, 12.8, 3.2, 13.4], "texture": "#1"},
				"east": {"uv": [13.6, 10.4, 14.2, 11], "texture": "#1"},
				"south": {"uv": [12.8, 1.6, 14.4, 2.2], "texture": "#1"},
				"west": {"uv": [11.2, 13.6, 11.8, 14.2], "texture": "#1"},
				"up": {"uv": [14.4, 3, 12.8, 2.4], "texture": "#1"},
				"down": {"uv": [14.4, 6.4, 12.8, 7], "texture": "#1"}
			}
		},
		{
			"from": [9.3861, 12.14993, 8.5],
			"to": [11.3861, 13.14993, 9.5],
			"rotation": {"angle": 45, "axis": "z", "origin": [12.12668, 12.64993, 6.48531]},
			"faces": {
				"north": {"uv": [1.6, 11.2, 3.2, 12], "texture": "#1"},
				"east": {"uv": [13.6, 4, 14.4, 4.8], "texture": "#1"},
				"south": {"uv": [11.2, 1.6, 12.8, 2.4], "texture": "#1"},
				"west": {"uv": [4.8, 13.6, 5.6, 14.4], "texture": "#1"},
				"up": {"uv": [12.8, 3.2, 11.2, 2.4], "texture": "#1"},
				"down": {"uv": [7.2, 11.2, 5.6, 12], "texture": "#1"}
			}
		},
		{
			"from": [7.8861, 12.04993, 8.25],
			"to": [9.3861, 13.24993, 9.75],
			"rotation": {"angle": 45, "axis": "z", "origin": [12.12668, 12.64993, 6.48531]},
			"faces": {
				"north": {"uv": [9.6, 12, 10.8, 13], "texture": "#1"},
				"east": {"uv": [11.2, 12, 12.4, 13], "texture": "#1"},
				"south": {"uv": [0, 12.8, 1.2, 13.8], "texture": "#1"},
				"west": {"uv": [12.8, 0, 14, 1], "texture": "#1"},
				"up": {"uv": [1.2, 12.4, 0, 11.2], "texture": "#1"},
				"down": {"uv": [12.4, 0, 11.2, 1.2], "texture": "#1"}
			}
		},
		{
			"from": [14.71726, 12.24993, 4.21707],
			"to": [15.51726, 13.04993, 6.21707],
			"rotation": {"angle": 45, "axis": "z", "origin": [12.12668, 12.64993, 6.48531]},
			"faces": {
				"north": {"uv": [13.6, 11.2, 14.2, 11.8], "texture": "#1"},
				"east": {"uv": [12.8, 8, 14.4, 8.6], "texture": "#1"},
				"south": {"uv": [12, 13.6, 12.6, 14.2], "texture": "#1"},
				"west": {"uv": [12.8, 7.2, 14.4, 7.8], "texture": "#1"},
				"up": {"uv": [14.4, 9.4, 12.8, 8.8], "rotation": 270, "texture": "#1"},
				"down": {"uv": [14.4, 9.6, 12.8, 10.2], "rotation": 90, "texture": "#1"}
			}
		},
		{
			"from": [14.61726, 12.14993, 3.47062],
			"to": [15.61726, 13.14993, 4.47062],
			"rotation": {"angle": 45, "axis": "z", "origin": [12.12668, 12.64993, 6.48531]},
			"faces": {
				"north": {"uv": [5.6, 13.6, 6.4, 14.4], "texture": "#1"},
				"east": {"uv": [6.4, 13.6, 7.2, 14.4], "texture": "#1"},
				"south": {"uv": [7.2, 13.6, 8, 14.4], "texture": "#1"},
				"west": {"uv": [13.6, 4.8, 14.4, 5.6], "texture": "#1"},
				"up": {"uv": [8.8, 14.4, 8, 13.6], "rotation": 270, "texture": "#1"},
				"down": {"uv": [9.6, 13.6, 8.8, 14.4], "rotation": 90, "texture": "#1"}
			}
		},
		{
			"from": [14.61726, 12.14993, 6.21707],
			"to": [15.61726, 13.14993, 8.21707],
			"rotation": {"angle": 45, "axis": "z", "origin": [12.12668, 12.64993, 6.48531]},
			"faces": {
				"north": {"uv": [9.6, 13.6, 10.4, 14.4], "texture": "#1"},
				"east": {"uv": [11.2, 10.4, 12.8, 11.2], "texture": "#1"},
				"south": {"uv": [10.4, 13.6, 11.2, 14.4], "texture": "#1"},
				"west": {"uv": [7.2, 11.2, 8.8, 12], "texture": "#1"},
				"up": {"uv": [12.8, 12, 11.2, 11.2], "rotation": 270, "texture": "#1"},
				"down": {"uv": [3.2, 12, 1.6, 12.8], "rotation": 90, "texture": "#1"}
			}
		},
		{
			"from": [14.61726, 12.63493, 1.21707],
			"to": [16.61726, 12.66493, 10.21707],
			"rotation": {"angle": 45, "axis": "z", "origin": [12.12668, 12.64993, 6.48531]},
			"faces": {
				"up": {"uv": [7.2, 8.8, 0, 7.2], "rotation": 270, "texture": "#1"},
				"down": {"uv": [0, 8.8, 7.2, 7.2], "rotation": 270, "texture": "#1"}
			}
		},
		{
			"from": [14.15804, 3.48067, 1.21707],
			"to": [16.15804, 3.51067, 10.21707],
			"rotation": {"angle": -45, "axis": "z", "origin": [11.66746, 3.49567, 6.48531]},
			"faces": {
				"up": {"uv": [7.2, 8.8, 0, 7.2], "rotation": 270, "texture": "#1"},
				"down": {"uv": [0, 8.8, 7.2, 7.2], "rotation": 270, "texture": "#1"}
			}
		},
		{
			"from": [14.15804, 2.99567, 6.21707],
			"to": [15.15804, 3.99567, 8.21707],
			"rotation": {"angle": -45, "axis": "z", "origin": [11.66746, 3.49567, 6.48531]},
			"faces": {
				"north": {"uv": [9.6, 14.4, 10.4, 13.6], "texture": "#1"},
				"east": {"uv": [11.2, 11.2, 12.8, 10.4], "texture": "#1"},
				"south": {"uv": [10.4, 14.4, 11.2, 13.6], "texture": "#1"},
				"west": {"uv": [7.2, 12, 8.8, 11.2], "texture": "#1"},
				"up": {"uv": [1.6, 12, 3.2, 12.8], "rotation": 90, "texture": "#1"},
				"down": {"uv": [11.2, 12, 12.8, 11.2], "rotation": 270, "texture": "#1"}
			}
		},
		{
			"from": [14.15804, 2.99567, 3.47062],
			"to": [15.15804, 3.99567, 4.47062],
			"rotation": {"angle": -45, "axis": "z", "origin": [11.66746, 3.49567, 6.48531]},
			"faces": {
				"north": {"uv": [5.6, 14.4, 6.4, 13.6], "texture": "#1"},
				"east": {"uv": [6.4, 14.4, 7.2, 13.6], "texture": "#1"},
				"south": {"uv": [7.2, 14.4, 8, 13.6], "texture": "#1"},
				"west": {"uv": [13.6, 5.6, 14.4, 4.8], "texture": "#1"},
				"up": {"uv": [8.8, 13.6, 9.6, 14.4], "rotation": 90, "texture": "#1"},
				"down": {"uv": [8, 14.4, 8.8, 13.6], "rotation": 270, "texture": "#1"}
			}
		},
		{
			"from": [14.25804, 3.09567, 4.21707],
			"to": [15.05804, 3.89567, 6.21707],
			"rotation": {"angle": -45, "axis": "z", "origin": [11.66746, 3.49567, 6.48531]},
			"faces": {
				"north": {"uv": [13.6, 11.8, 14.2, 11.2], "texture": "#1"},
				"east": {"uv": [12.8, 8.6, 14.4, 8], "texture": "#1"},
				"south": {"uv": [12, 14.2, 12.6, 13.6], "texture": "#1"},
				"west": {"uv": [12.8, 7.8, 14.4, 7.2], "texture": "#1"},
				"up": {"uv": [12.8, 9.6, 14.4, 10.2], "rotation": 90, "texture": "#1"},
				"down": {"uv": [12.8, 9.4, 14.4, 8.8], "rotation": 270, "texture": "#1"}
			}
		},
		{
			"from": [7.42688, 2.89567, 8.25],
			"to": [8.92688, 4.09567, 9.75],
			"rotation": {"angle": -45, "axis": "z", "origin": [11.66746, 3.49567, 6.48531]},
			"faces": {
				"north": {"uv": [9.6, 13, 10.8, 12], "texture": "#1"},
				"east": {"uv": [11.2, 13, 12.4, 12], "texture": "#1"},
				"south": {"uv": [0, 13.8, 1.2, 12.8], "texture": "#1"},
				"west": {"uv": [12.8, 1, 14, 0], "texture": "#1"},
				"up": {"uv": [12.4, 1.2, 11.2, 0], "texture": "#1"},
				"down": {"uv": [1.2, 11.2, 0, 12.4], "texture": "#1"}
			}
		},
		{
			"from": [8.92688, 2.99567, 8.5],
			"to": [10.92688, 3.99567, 9.5],
			"rotation": {"angle": -45, "axis": "z", "origin": [11.66746, 3.49567, 6.48531]},
			"faces": {
				"north": {"uv": [1.6, 12, 3.2, 11.2], "texture": "#1"},
				"east": {"uv": [13.6, 4.8, 14.4, 4], "texture": "#1"},
				"south": {"uv": [11.2, 2.4, 12.8, 1.6], "texture": "#1"},
				"west": {"uv": [4.8, 14.4, 5.6, 13.6], "texture": "#1"},
				"up": {"uv": [7.2, 12, 5.6, 11.2], "texture": "#1"},
				"down": {"uv": [12.8, 2.4, 11.2, 3.2], "texture": "#1"}
			}
		},
		{
			"from": [10.92688, 3.09567, 8.6],
			"to": [12.92688, 3.89567, 9.4],
			"rotation": {"angle": -45, "axis": "z", "origin": [11.66746, 3.49567, 6.48531]},
			"faces": {
				"north": {"uv": [1.6, 13.4, 3.2, 12.8], "texture": "#1"},
				"east": {"uv": [13.6, 11, 14.2, 10.4], "texture": "#1"},
				"south": {"uv": [12.8, 2.2, 14.4, 1.6], "texture": "#1"},
				"west": {"uv": [11.2, 14.2, 11.8, 13.6], "texture": "#1"},
				"up": {"uv": [14.4, 7, 12.8, 6.4], "texture": "#1"},
				"down": {"uv": [14.4, 2.4, 12.8, 3], "texture": "#1"}
			}
		},
		{
			"from": [13.90804, 2.89567, 8.21707],
			"to": [15.40804, 4.09567, 9.71707],
			"rotation": {"angle": -45, "axis": "z", "origin": [11.66746, 3.49567, 6.48531]},
			"faces": {
				"north": {"uv": [4.8, 13, 6, 12], "texture": "#1"},
				"east": {"uv": [6.4, 13, 7.6, 12], "texture": "#1"},
				"south": {"uv": [8, 13, 9.2, 12], "texture": "#1"},
				"west": {"uv": [3.2, 13, 4.4, 12], "texture": "#1"},
				"up": {"uv": [5.6, 8.8, 6.8, 10], "rotation": 90, "texture": "#1"},
				"down": {"uv": [8, 4.4, 9.2, 3.2], "rotation": 270, "texture": "#1"}
			}
		},
		{
			"from": [12.92688, 2.99567, 8.5],
			"to": [13.92688, 3.99567, 9.5],
			"rotation": {"angle": -45, "axis": "z", "origin": [11.66746, 3.49567, 6.48531]},
			"faces": {
				"north": {"uv": [3.2, 12, 4, 11.2], "texture": "#1"},
				"east": {"uv": [1.6, 14.4, 2.4, 13.6], "texture": "#1"},
				"south": {"uv": [2.4, 14.4, 3.2, 13.6], "texture": "#1"},
				"west": {"uv": [3.2, 14.4, 4, 13.6], "texture": "#1"},
				"up": {"uv": [4.8, 14.4, 4, 13.6], "texture": "#1"},
				"down": {"uv": [14.4, 3.2, 13.6, 4], "texture": "#1"}
			}
		},
		{
			"from": [15.73116, 5.835, 1.21707],
			"to": [17.73116, 5.865, 10.21707],
			"rotation": {"angle": -22.5, "axis": "z", "origin": [13.24058, 5.85, 6.48531]},
			"faces": {
				"up": {"uv": [7.2, 8.8, 0, 7.2], "rotation": 270, "texture": "#1"},
				"down": {"uv": [0, 8.8, 7.2, 7.2], "rotation": 270, "texture": "#1"}
			}
		},
		{
			"from": [15.73116, 5.35, 6.21707],
			"to": [16.73116, 6.35, 8.21707],
			"rotation": {"angle": -22.5, "axis": "z", "origin": [13.24058, 5.85, 6.48531]},
			"faces": {
				"north": {"uv": [9.6, 13.6, 10.4, 14.4], "texture": "#1"},
				"east": {"uv": [11.2, 10.4, 12.8, 11.2], "texture": "#1"},
				"south": {"uv": [10.4, 13.6, 11.2, 14.4], "texture": "#1"},
				"west": {"uv": [7.2, 11.2, 8.8, 12], "texture": "#1"},
				"up": {"uv": [12.8, 12, 11.2, 11.2], "rotation": 270, "texture": "#1"},
				"down": {"uv": [3.2, 12, 1.6, 12.8], "rotation": 90, "texture": "#1"}
			}
		},
		{
			"from": [15.73116, 5.35, 3.47062],
			"to": [16.73116, 6.35, 4.47062],
			"rotation": {"angle": -22.5, "axis": "z", "origin": [13.24058, 5.85, 6.48531]},
			"faces": {
				"north": {"uv": [5.6, 13.6, 6.4, 14.4], "texture": "#1"},
				"east": {"uv": [6.4, 13.6, 7.2, 14.4], "texture": "#1"},
				"south": {"uv": [7.2, 13.6, 8, 14.4], "texture": "#1"},
				"west": {"uv": [13.6, 4.8, 14.4, 5.6], "texture": "#1"},
				"up": {"uv": [8.8, 14.4, 8, 13.6], "rotation": 270, "texture": "#1"},
				"down": {"uv": [9.6, 13.6, 8.8, 14.4], "rotation": 90, "texture": "#1"}
			}
		},
		{
			"from": [15.83116, 5.45, 4.21707],
			"to": [16.63116, 6.25, 6.21707],
			"rotation": {"angle": -22.5, "axis": "z", "origin": [13.24058, 5.85, 6.48531]},
			"faces": {
				"north": {"uv": [13.6, 11.2, 14.2, 11.8], "texture": "#1"},
				"east": {"uv": [12.8, 8, 14.4, 8.6], "texture": "#1"},
				"south": {"uv": [12, 13.6, 12.6, 14.2], "texture": "#1"},
				"west": {"uv": [12.8, 7.2, 14.4, 7.8], "texture": "#1"},
				"up": {"uv": [14.4, 9.4, 12.8, 8.8], "rotation": 270, "texture": "#1"},
				"down": {"uv": [14.4, 9.6, 12.8, 10.2], "rotation": 90, "texture": "#1"}
			}
		},
		{
			"from": [9, 5.25, 8.25],
			"to": [10.5, 6.45, 9.75],
			"rotation": {"angle": -22.5, "axis": "z", "origin": [13.24058, 5.85, 6.48531]},
			"faces": {
				"north": {"uv": [9.6, 12, 10.8, 13], "texture": "#1"},
				"east": {"uv": [11.2, 12, 12.4, 13], "texture": "#1"},
				"south": {"uv": [0, 12.8, 1.2, 13.8], "texture": "#1"},
				"west": {"uv": [12.8, 0, 14, 1], "texture": "#1"},
				"up": {"uv": [1.2, 12.4, 0, 11.2], "texture": "#1"},
				"down": {"uv": [12.4, 0, 11.2, 1.2], "texture": "#1"}
			}
		},
		{
			"from": [10.5, 5.35, 8.5],
			"to": [12.5, 6.35, 9.5],
			"rotation": {"angle": -22.5, "axis": "z", "origin": [13.24058, 5.85, 6.48531]},
			"faces": {
				"north": {"uv": [1.6, 11.2, 3.2, 12], "texture": "#1"},
				"east": {"uv": [13.6, 4, 14.4, 4.8], "texture": "#1"},
				"south": {"uv": [11.2, 1.6, 12.8, 2.4], "texture": "#1"},
				"west": {"uv": [4.8, 13.6, 5.6, 14.4], "texture": "#1"},
				"up": {"uv": [12.8, 3.2, 11.2, 2.4], "texture": "#1"},
				"down": {"uv": [7.2, 11.2, 5.6, 12], "texture": "#1"}
			}
		},
		{
			"from": [12.5, 5.45, 8.6],
			"to": [14.5, 6.25, 9.4],
			"rotation": {"angle": -22.5, "axis": "z", "origin": [13.24058, 5.85, 6.48531]},
			"faces": {
				"north": {"uv": [1.6, 12.8, 3.2, 13.4], "texture": "#1"},
				"east": {"uv": [13.6, 10.4, 14.2, 11], "texture": "#1"},
				"south": {"uv": [12.8, 1.6, 14.4, 2.2], "texture": "#1"},
				"west": {"uv": [11.2, 13.6, 11.8, 14.2], "texture": "#1"},
				"up": {"uv": [14.4, 3, 12.8, 2.4], "texture": "#1"},
				"down": {"uv": [14.4, 6.4, 12.8, 7], "texture": "#1"}
			}
		},
		{
			"from": [15.48116, 5.25, 8.21707],
			"to": [16.98116, 6.45, 9.71707],
			"rotation": {"angle": -22.5, "axis": "z", "origin": [13.24058, 5.85, 6.48531]},
			"faces": {
				"north": {"uv": [4.8, 12, 6, 13], "texture": "#1"},
				"east": {"uv": [6.4, 12, 7.6, 13], "texture": "#1"},
				"south": {"uv": [8, 12, 9.2, 13], "texture": "#1"},
				"west": {"uv": [3.2, 12, 4.4, 13], "texture": "#1"},
				"up": {"uv": [9.2, 4.4, 8, 3.2], "rotation": 270, "texture": "#1"},
				"down": {"uv": [6.8, 8.8, 5.6, 10], "rotation": 90, "texture": "#1"}
			}
		},
		{
			"from": [14.5, 5.35, 8.5],
			"to": [15.5, 6.35, 9.5],
			"rotation": {"angle": -22.5, "axis": "z", "origin": [13.24058, 5.85, 6.48531]},
			"faces": {
				"north": {"uv": [3.2, 11.2, 4, 12], "texture": "#1"},
				"east": {"uv": [1.6, 13.6, 2.4, 14.4], "texture": "#1"},
				"south": {"uv": [2.4, 13.6, 3.2, 14.4], "texture": "#1"},
				"west": {"uv": [3.2, 13.6, 4, 14.4], "texture": "#1"},
				"up": {"uv": [14.4, 4, 13.6, 3.2], "texture": "#1"},
				"down": {"uv": [4.8, 13.6, 4, 14.4], "texture": "#1"}
			}
		},
		{
			"from": [-0.0524, 8.12713, 8.5],
			"to": [0.9476, 9.12713, 9.5],
			"rotation": {"angle": 0, "axis": "y", "origin": [2.9476, 9.12713, 8.5]},
			"faces": {
				"north": {"uv": [4, 11.2, 3.2, 12], "texture": "#1"},
				"east": {"uv": [4, 13.6, 3.2, 14.4], "texture": "#1"},
				"south": {"uv": [3.2, 13.6, 2.4, 14.4], "texture": "#1"},
				"west": {"uv": [2.4, 13.6, 1.6, 14.4], "texture": "#1"},
				"up": {"uv": [13.6, 4, 14.4, 3.2], "texture": "#1"},
				"down": {"uv": [4, 13.6, 4.8, 14.4], "texture": "#1"}
			}
		},
		{
			"from": [-1.3024, 8.02713, 8.25],
			"to": [0.1976, 9.22713, 9.75],
			"rotation": {"angle": -45, "axis": "y", "origin": [-0.5524, 8.62713, 9]},
			"faces": {
				"north": {"uv": [4.4, 12, 3.2, 13], "texture": "#1"},
				"east": {"uv": [9.2, 12, 8, 13], "texture": "#1"},
				"south": {"uv": [7.6, 12, 6.4, 13], "texture": "#1"},
				"west": {"uv": [6, 12, 4.8, 13], "texture": "#1"},
				"up": {"uv": [8, 4.4, 9.2, 3.2], "texture": "#1"},
				"down": {"uv": [5.6, 8.8, 6.8, 10], "texture": "#1"}
			}
		},
		{
			"from": [0.9476, 8.22713, 8.6],
			"to": [2.9476, 9.02713, 9.4],
			"rotation": {"angle": 0, "axis": "y", "origin": [3.9476, 9.12713, 8.5]},
			"faces": {
				"north": {"uv": [3.2, 12.8, 1.6, 13.4], "texture": "#1"},
				"east": {"uv": [11.8, 13.6, 11.2, 14.2], "texture": "#1"},
				"south": {"uv": [14.4, 1.6, 12.8, 2.2], "texture": "#1"},
				"west": {"uv": [14.2, 10.4, 13.6, 11], "texture": "#1"},
				"up": {"uv": [12.8, 3, 14.4, 2.4], "texture": "#1"},
				"down": {"uv": [12.8, 6.4, 14.4, 7], "texture": "#1"}
			}
		},
		{
			"from": [2.9476, 8.12713, 8.5],
			"to": [4.9476, 9.12713, 9.5],
			"rotation": {"angle": 0, "axis": "y", "origin": [5.9476, 9.12713, 8.5]},
			"faces": {
				"north": {"uv": [3.2, 11.2, 1.6, 12], "texture": "#1"},
				"east": {"uv": [5.6, 13.6, 4.8, 14.4], "texture": "#1"},
				"south": {"uv": [12.8, 1.6, 11.2, 2.4], "texture": "#1"},
				"west": {"uv": [14.4, 4, 13.6, 4.8], "texture": "#1"},
				"up": {"uv": [11.2, 3.2, 12.8, 2.4], "texture": "#1"},
				"down": {"uv": [5.6, 11.2, 7.2, 12], "texture": "#1"}
			}
		},
		{
			"from": [4.9476, 8.02713, 8.25],
			"to": [6.4476, 9.22713, 9.75],
			"rotation": {"angle": 0, "axis": "y", "origin": [5.4476, 8.62713, 9]},
			"faces": {
				"north": {"uv": [10.8, 12, 9.6, 13], "texture": "#1"},
				"east": {"uv": [14, 0, 12.8, 1], "texture": "#1"},
				"south": {"uv": [1.2, 12.8, 0, 13.8], "texture": "#1"},
				"west": {"uv": [12.4, 12, 11.2, 13], "texture": "#1"},
				"up": {"uv": [0, 12.4, 1.2, 11.2], "texture": "#1"},
				"down": {"uv": [11.2, 0, 12.4, 1.2], "texture": "#1"}
			}
		},
		{
			"from": [-4.45406, 8.22713, 6.0519],
			"to": [-2.45406, 9.02713, 6.8519],
			"rotation": {"angle": -45, "axis": "y", "origin": [-3.20406, 8.62713, 6.7019]},
			"faces": {
				"north": {"uv": [14.4, 7.2, 12.8, 7.8], "texture": "#1"},
				"east": {"uv": [12.6, 13.6, 12, 14.2], "texture": "#1"},
				"south": {"uv": [14.4, 8, 12.8, 8.6], "texture": "#1"},
				"west": {"uv": [14.2, 11.2, 13.6, 11.8], "texture": "#1"},
				"up": {"uv": [12.8, 9.4, 14.4, 8.8], "texture": "#1"},
				"down": {"uv": [12.8, 9.6, 14.4, 10.2], "texture": "#1"}
			}
		},
		{
			"from": [-4.51472, 8.12713, 5.03769],
			"to": [-3.51472, 9.12713, 6.03769],
			"rotation": {"angle": 0, "axis": "y", "origin": [-4.01472, 8.62713, 5.53769]},
			"faces": {
				"north": {"uv": [14.4, 4.8, 13.6, 5.6], "texture": "#1"},
				"east": {"uv": [8, 13.6, 7.2, 14.4], "texture": "#1"},
				"south": {"uv": [7.2, 13.6, 6.4, 14.4], "texture": "#1"},
				"west": {"uv": [6.4, 13.6, 5.6, 14.4], "texture": "#1"},
				"up": {"uv": [8, 14.4, 8.8, 13.6], "texture": "#1"},
				"down": {"uv": [8.8, 13.6, 9.6, 14.4], "texture": "#1"}
			}
		},
		{
			"from": [-2.45406, 8.12713, 5.9519],
			"to": [-0.45406, 9.12713, 6.9519],
			"rotation": {"angle": -45, "axis": "y", "origin": [-3.20406, 8.62713, 6.7019]},
			"faces": {
				"north": {"uv": [8.8, 11.2, 7.2, 12], "texture": "#1"},
				"east": {"uv": [11.2, 13.6, 10.4, 14.4], "texture": "#1"},
				"south": {"uv": [12.8, 10.4, 11.2, 11.2], "texture": "#1"},
				"west": {"uv": [10.4, 13.6, 9.6, 14.4], "texture": "#1"},
				"up": {"uv": [11.2, 12, 12.8, 11.2], "texture": "#1"},
				"down": {"uv": [1.6, 12, 3.2, 12.8], "texture": "#1"}
			}
		},
		{
			"from": [-7.45406, 8.61213, 5.9519],
			"to": [1.54594, 8.64213, 7.9519],
			"rotation": {"angle": -45, "axis": "y", "origin": [-3.20406, 7.76213, 6.7019]},
			"faces": {
				"up": {"uv": [0, 8.8, 7.2, 7.2], "texture": "#1"},
				"down": {"uv": [0, 7.2, 7.2, 8.8], "texture": "#1"}
			}
		},
		{
			"from": [-0.61726, 12.63493, 1.21707],
			"to": [1.38274, 12.66493, 10.21707],
			"rotation": {"angle": -45, "axis": "z", "origin": [3.87332, 12.64993, 6.48531]},
			"faces": {
				"up": {"uv": [7.2, 7.2, 0, 8.8], "rotation": 270, "texture": "#1"},
				"down": {"uv": [0, 7.2, 7.2, 8.8], "rotation": 270, "texture": "#1"}
			}
		},
		{
			"from": [0.38274, 12.14993, 6.21707],
			"to": [1.38274, 13.14993, 8.21707],
			"rotation": {"angle": -45, "axis": "z", "origin": [3.87332, 12.64993, 6.48531]},
			"faces": {
				"north": {"uv": [10.4, 13.6, 9.6, 14.4], "texture": "#1"},
				"east": {"uv": [8.8, 11.2, 7.2, 12], "texture": "#1"},
				"south": {"uv": [11.2, 13.6, 10.4, 14.4], "texture": "#1"},
				"west": {"uv": [12.8, 10.4, 11.2, 11.2], "texture": "#1"},
				"up": {"uv": [12.8, 11.2, 11.2, 12], "rotation": 270, "texture": "#1"},
				"down": {"uv": [3.2, 12.8, 1.6, 12], "rotation": 90, "texture": "#1"}
			}
		},
		{
			"from": [0.38274, 12.14993, 3.47062],
			"to": [1.38274, 13.14993, 4.47062],
			"rotation": {"angle": -45, "axis": "z", "origin": [3.87332, 12.64993, 6.48531]},
			"faces": {
				"north": {"uv": [6.4, 13.6, 5.6, 14.4], "texture": "#1"},
				"east": {"uv": [14.4, 4.8, 13.6, 5.6], "texture": "#1"},
				"south": {"uv": [8, 13.6, 7.2, 14.4], "texture": "#1"},
				"west": {"uv": [7.2, 13.6, 6.4, 14.4], "texture": "#1"},
				"up": {"uv": [8.8, 13.6, 8, 14.4], "rotation": 270, "texture": "#1"},
				"down": {"uv": [9.6, 14.4, 8.8, 13.6], "rotation": 90, "texture": "#1"}
			}
		},
		{
			"from": [0.48274, 12.24993, 4.21707],
			"to": [1.28274, 13.04993, 6.21707],
			"rotation": {"angle": -45, "axis": "z", "origin": [3.87332, 12.64993, 6.48531]},
			"faces": {
				"north": {"uv": [14.2, 11.2, 13.6, 11.8], "texture": "#1"},
				"east": {"uv": [14.4, 7.2, 12.8, 7.8], "texture": "#1"},
				"south": {"uv": [12.6, 13.6, 12, 14.2], "texture": "#1"},
				"west": {"uv": [14.4, 8, 12.8, 8.6], "texture": "#1"},
				"up": {"uv": [14.4, 8.8, 12.8, 9.4], "rotation": 270, "texture": "#1"},
				"down": {"uv": [14.4, 10.2, 12.8, 9.6], "rotation": 90, "texture": "#1"}
			}
		},
		{
			"from": [4.6139, 12.14993, 8.5],
			"to": [6.6139, 13.14993, 9.5],
			"rotation": {"angle": -45, "axis": "z", "origin": [3.87332, 12.64993, 6.48531]},
			"faces": {
				"north": {"uv": [3.2, 11.2, 1.6, 12], "texture": "#1"},
				"east": {"uv": [5.6, 13.6, 4.8, 14.4], "texture": "#1"},
				"south": {"uv": [12.8, 1.6, 11.2, 2.4], "texture": "#1"},
				"west": {"uv": [14.4, 4, 13.6, 4.8], "texture": "#1"},
				"up": {"uv": [11.2, 3.2, 12.8, 2.4], "texture": "#1"},
				"down": {"uv": [5.6, 11.2, 7.2, 12], "texture": "#1"}
			}
		},
		{
			"from": [2.6139, 12.24993, 8.6],
			"to": [4.6139, 13.04993, 9.4],
			"rotation": {"angle": -45, "axis": "z", "origin": [3.87332, 12.64993, 6.48531]},
			"faces": {
				"north": {"uv": [3.2, 12.8, 1.6, 13.4], "texture": "#1"},
				"east": {"uv": [11.8, 13.6, 11.2, 14.2], "texture": "#1"},
				"south": {"uv": [14.4, 1.6, 12.8, 2.2], "texture": "#1"},
				"west": {"uv": [14.2, 10.4, 13.6, 11], "texture": "#1"},
				"up": {"uv": [12.8, 3, 14.4, 2.4], "texture": "#1"},
				"down": {"uv": [12.8, 6.4, 14.4, 7], "texture": "#1"}
			}
		},
		{
			"from": [0.13274, 12.04993, 8.21707],
			"to": [1.63274, 13.24993, 9.71707],
			"rotation": {"angle": -45, "axis": "z", "origin": [3.87332, 12.64993, 6.48531]},
			"faces": {
				"north": {"uv": [6, 12, 4.8, 13], "texture": "#1"},
				"east": {"uv": [4.4, 12, 3.2, 13], "texture": "#1"},
				"south": {"uv": [9.2, 12, 8, 13], "texture": "#1"},
				"west": {"uv": [7.6, 12, 6.4, 13], "texture": "#1"},
				"up": {"uv": [9.2, 3.2, 8, 4.4], "rotation": 270, "texture": "#1"},
				"down": {"uv": [6.8, 10, 5.6, 8.8], "rotation": 90, "texture": "#1"}
			}
		},
		{
			"from": [1.6139, 12.14993, 8.5],
			"to": [2.6139, 13.14993, 9.5],
			"rotation": {"angle": -45, "axis": "z", "origin": [3.87332, 12.64993, 6.48531]},
			"faces": {
				"north": {"uv": [4, 11.2, 3.2, 12], "texture": "#1"},
				"east": {"uv": [4, 13.6, 3.2, 14.4], "texture": "#1"},
				"south": {"uv": [3.2, 13.6, 2.4, 14.4], "texture": "#1"},
				"west": {"uv": [2.4, 13.6, 1.6, 14.4], "texture": "#1"},
				"up": {"uv": [13.6, 4, 14.4, 3.2], "texture": "#1"},
				"down": {"uv": [4, 13.6, 4.8, 14.4], "texture": "#1"}
			}
		},
		{
			"from": [0.5, 5.35, 8.5],
			"to": [1.5, 6.35, 9.5],
			"rotation": {"angle": 22.5, "axis": "z", "origin": [2.75942, 5.85, 6.48531]},
			"faces": {
				"north": {"uv": [4, 11.2, 3.2, 12], "texture": "#1"},
				"east": {"uv": [4, 13.6, 3.2, 14.4], "texture": "#1"},
				"south": {"uv": [3.2, 13.6, 2.4, 14.4], "texture": "#1"},
				"west": {"uv": [2.4, 13.6, 1.6, 14.4], "texture": "#1"},
				"up": {"uv": [13.6, 4, 14.4, 3.2], "texture": "#1"},
				"down": {"uv": [4, 13.6, 4.8, 14.4], "texture": "#1"}
			}
		},
		{
			"from": [-0.98116, 5.25, 8.21707],
			"to": [0.51884, 6.45, 9.71707],
			"rotation": {"angle": 22.5, "axis": "z", "origin": [2.75942, 5.85, 6.48531]},
			"faces": {
				"north": {"uv": [6, 12, 4.8, 13], "texture": "#1"},
				"east": {"uv": [4.4, 12, 3.2, 13], "texture": "#1"},
				"south": {"uv": [9.2, 12, 8, 13], "texture": "#1"},
				"west": {"uv": [7.6, 12, 6.4, 13], "texture": "#1"},
				"up": {"uv": [9.2, 3.2, 8, 4.4], "rotation": 270, "texture": "#1"},
				"down": {"uv": [6.8, 10, 5.6, 8.8], "rotation": 90, "texture": "#1"}
			}
		},
		{
			"from": [1.5, 5.45, 8.6],
			"to": [3.5, 6.25, 9.4],
			"rotation": {"angle": 22.5, "axis": "z", "origin": [2.75942, 5.85, 6.48531]},
			"faces": {
				"north": {"uv": [3.2, 12.8, 1.6, 13.4], "texture": "#1"},
				"east": {"uv": [11.8, 13.6, 11.2, 14.2], "texture": "#1"},
				"south": {"uv": [14.4, 1.6, 12.8, 2.2], "texture": "#1"},
				"west": {"uv": [14.2, 10.4, 13.6, 11], "texture": "#1"},
				"up": {"uv": [12.8, 3, 14.4, 2.4], "texture": "#1"},
				"down": {"uv": [12.8, 6.4, 14.4, 7], "texture": "#1"}
			}
		},
		{
			"from": [3.5, 5.35, 8.5],
			"to": [5.5, 6.35, 9.5],
			"rotation": {"angle": 22.5, "axis": "z", "origin": [2.75942, 5.85, 6.48531]},
			"faces": {
				"north": {"uv": [3.2, 11.2, 1.6, 12], "texture": "#1"},
				"east": {"uv": [5.6, 13.6, 4.8, 14.4], "texture": "#1"},
				"south": {"uv": [12.8, 1.6, 11.2, 2.4], "texture": "#1"},
				"west": {"uv": [14.4, 4, 13.6, 4.8], "texture": "#1"},
				"up": {"uv": [11.2, 3.2, 12.8, 2.4], "texture": "#1"},
				"down": {"uv": [5.6, 11.2, 7.2, 12], "texture": "#1"}
			}
		},
		{
			"from": [5.5, 5.25, 8.25],
			"to": [7, 6.45, 9.75],
			"rotation": {"angle": 22.5, "axis": "z", "origin": [2.75942, 5.85, 6.48531]},
			"faces": {
				"north": {"uv": [10.8, 12, 9.6, 13], "texture": "#1"},
				"east": {"uv": [14, 0, 12.8, 1], "texture": "#1"},
				"south": {"uv": [1.2, 12.8, 0, 13.8], "texture": "#1"},
				"west": {"uv": [12.4, 12, 11.2, 13], "texture": "#1"},
				"up": {"uv": [0, 12.4, 1.2, 11.2], "texture": "#1"},
				"down": {"uv": [11.2, 0, 12.4, 1.2], "texture": "#1"}
			}
		},
		{
			"from": [-0.63116, 5.45, 4.21707],
			"to": [0.16884, 6.25, 6.21707],
			"rotation": {"angle": 22.5, "axis": "z", "origin": [2.75942, 5.85, 6.48531]},
			"faces": {
				"north": {"uv": [14.2, 11.2, 13.6, 11.8], "texture": "#1"},
				"east": {"uv": [14.4, 7.2, 12.8, 7.8], "texture": "#1"},
				"south": {"uv": [12.6, 13.6, 12, 14.2], "texture": "#1"},
				"west": {"uv": [14.4, 8, 12.8, 8.6], "texture": "#1"},
				"up": {"uv": [14.4, 8.8, 12.8, 9.4], "rotation": 270, "texture": "#1"},
				"down": {"uv": [14.4, 10.2, 12.8, 9.6], "rotation": 90, "texture": "#1"}
			}
		},
		{
			"from": [-0.73116, 5.35, 3.47062],
			"to": [0.26884, 6.35, 4.47062],
			"rotation": {"angle": 22.5, "axis": "z", "origin": [2.75942, 5.85, 6.48531]},
			"faces": {
				"north": {"uv": [6.4, 13.6, 5.6, 14.4], "texture": "#1"},
				"east": {"uv": [14.4, 4.8, 13.6, 5.6], "texture": "#1"},
				"south": {"uv": [8, 13.6, 7.2, 14.4], "texture": "#1"},
				"west": {"uv": [7.2, 13.6, 6.4, 14.4], "texture": "#1"},
				"up": {"uv": [8.8, 13.6, 8, 14.4], "rotation": 270, "texture": "#1"},
				"down": {"uv": [9.6, 14.4, 8.8, 13.6], "rotation": 90, "texture": "#1"}
			}
		},
		{
			"from": [-0.73116, 5.35, 6.21707],
			"to": [0.26884, 6.35, 8.21707],
			"rotation": {"angle": 22.5, "axis": "z", "origin": [2.75942, 5.85, 6.48531]},
			"faces": {
				"north": {"uv": [10.4, 13.6, 9.6, 14.4], "texture": "#1"},
				"east": {"uv": [8.8, 11.2, 7.2, 12], "texture": "#1"},
				"south": {"uv": [11.2, 13.6, 10.4, 14.4], "texture": "#1"},
				"west": {"uv": [12.8, 10.4, 11.2, 11.2], "texture": "#1"},
				"up": {"uv": [12.8, 11.2, 11.2, 12], "rotation": 270, "texture": "#1"},
				"down": {"uv": [3.2, 12.8, 1.6, 12], "rotation": 90, "texture": "#1"}
			}
		},
		{
			"from": [-1.73116, 5.835, 1.21707],
			"to": [0.26884, 5.865, 10.21707],
			"rotation": {"angle": 22.5, "axis": "z", "origin": [2.75942, 5.85, 6.48531]},
			"faces": {
				"up": {"uv": [7.2, 7.2, 0, 8.8], "rotation": 270, "texture": "#1"},
				"down": {"uv": [0, 7.2, 7.2, 8.8], "rotation": 270, "texture": "#1"}
			}
		},
		{
			"from": [2.07312, 2.99567, 8.5],
			"to": [3.07312, 3.99567, 9.5],
			"rotation": {"angle": 45, "axis": "z", "origin": [4.33254, 3.49567, 6.48531]},
			"faces": {
				"north": {"uv": [4, 12, 3.2, 11.2], "texture": "#1"},
				"east": {"uv": [4, 14.4, 3.2, 13.6], "texture": "#1"},
				"south": {"uv": [3.2, 14.4, 2.4, 13.6], "texture": "#1"},
				"west": {"uv": [2.4, 14.4, 1.6, 13.6], "texture": "#1"},
				"up": {"uv": [4, 14.4, 4.8, 13.6], "texture": "#1"},
				"down": {"uv": [13.6, 3.2, 14.4, 4], "texture": "#1"}
			}
		},
		{
			"from": [0.59196, 2.89567, 8.21707],
			"to": [2.09196, 4.09567, 9.71707],
			"rotation": {"angle": 45, "axis": "z", "origin": [4.33254, 3.49567, 6.48531]},
			"faces": {
				"north": {"uv": [6, 13, 4.8, 12], "texture": "#1"},
				"east": {"uv": [4.4, 13, 3.2, 12], "texture": "#1"},
				"south": {"uv": [9.2, 13, 8, 12], "texture": "#1"},
				"west": {"uv": [7.6, 13, 6.4, 12], "texture": "#1"},
				"up": {"uv": [5.6, 10, 6.8, 8.8], "rotation": 90, "texture": "#1"},
				"down": {"uv": [8, 3.2, 9.2, 4.4], "rotation": 270, "texture": "#1"}
			}
		},
		{
			"from": [3.07312, 3.09567, 8.6],
			"to": [5.07312, 3.89567, 9.4],
			"rotation": {"angle": 45, "axis": "z", "origin": [4.33254, 3.49567, 6.48531]},
			"faces": {
				"north": {"uv": [3.2, 13.4, 1.6, 12.8], "texture": "#1"},
				"east": {"uv": [11.8, 14.2, 11.2, 13.6], "texture": "#1"},
				"south": {"uv": [14.4, 2.2, 12.8, 1.6], "texture": "#1"},
				"west": {"uv": [14.2, 11, 13.6, 10.4], "texture": "#1"},
				"up": {"uv": [12.8, 7, 14.4, 6.4], "texture": "#1"},
				"down": {"uv": [12.8, 2.4, 14.4, 3], "texture": "#1"}
			}
		},
		{
			"from": [5.07312, 2.99567, 8.5],
			"to": [7.07312, 3.99567, 9.5],
			"rotation": {"angle": 45, "axis": "z", "origin": [4.33254, 3.49567, 6.48531]},
			"faces": {
				"north": {"uv": [3.2, 12, 1.6, 11.2], "texture": "#1"},
				"east": {"uv": [5.6, 14.4, 4.8, 13.6], "texture": "#1"},
				"south": {"uv": [12.8, 2.4, 11.2, 1.6], "texture": "#1"},
				"west": {"uv": [14.4, 4.8, 13.6, 4], "texture": "#1"},
				"up": {"uv": [5.6, 12, 7.2, 11.2], "texture": "#1"},
				"down": {"uv": [11.2, 2.4, 12.8, 3.2], "texture": "#1"}
			}
		},
		{
			"from": [0.94196, 3.09567, 4.21707],
			"to": [1.74196, 3.89567, 6.21707],
			"rotation": {"angle": 45, "axis": "z", "origin": [4.33254, 3.49567, 6.48531]},
			"faces": {
				"north": {"uv": [14.2, 11.8, 13.6, 11.2], "texture": "#1"},
				"east": {"uv": [14.4, 7.8, 12.8, 7.2], "texture": "#1"},
				"south": {"uv": [12.6, 14.2, 12, 13.6], "texture": "#1"},
				"west": {"uv": [14.4, 8.6, 12.8, 8], "texture": "#1"},
				"up": {"uv": [12.8, 10.2, 14.4, 9.6], "rotation": 90, "texture": "#1"},
				"down": {"uv": [12.8, 8.8, 14.4, 9.4], "rotation": 270, "texture": "#1"}
			}
		},
		{
			"from": [0.84196, 2.99567, 3.47062],
			"to": [1.84196, 3.99567, 4.47062],
			"rotation": {"angle": 45, "axis": "z", "origin": [4.33254, 3.49567, 6.48531]},
			"faces": {
				"north": {"uv": [6.4, 14.4, 5.6, 13.6], "texture": "#1"},
				"east": {"uv": [14.4, 5.6, 13.6, 4.8], "texture": "#1"},
				"south": {"uv": [8, 14.4, 7.2, 13.6], "texture": "#1"},
				"west": {"uv": [7.2, 14.4, 6.4, 13.6], "texture": "#1"},
				"up": {"uv": [8.8, 14.4, 9.6, 13.6], "rotation": 90, "texture": "#1"},
				"down": {"uv": [8, 13.6, 8.8, 14.4], "rotation": 270, "texture": "#1"}
			}
		},
		{
			"from": [0.84196, 2.99567, 6.21707],
			"to": [1.84196, 3.99567, 8.21707],
			"rotation": {"angle": 45, "axis": "z", "origin": [4.33254, 3.49567, 6.48531]},
			"faces": {
				"north": {"uv": [10.4, 14.4, 9.6, 13.6], "texture": "#1"},
				"east": {"uv": [8.8, 12, 7.2, 11.2], "texture": "#1"},
				"south": {"uv": [11.2, 14.4, 10.4, 13.6], "texture": "#1"},
				"west": {"uv": [12.8, 11.2, 11.2, 10.4], "texture": "#1"},
				"up": {"uv": [1.6, 12.8, 3.2, 12], "rotation": 90, "texture": "#1"},
				"down": {"uv": [11.2, 11.2, 12.8, 12], "rotation": 270, "texture": "#1"}
			}
		},
		{
			"from": [-0.15804, 3.48067, 1.21707],
			"to": [1.84196, 3.51067, 10.21707],
			"rotation": {"angle": 45, "axis": "z", "origin": [4.33254, 3.49567, 6.48531]},
			"faces": {
				"up": {"uv": [7.2, 7.2, 0, 8.8], "rotation": 270, "texture": "#1"},
				"down": {"uv": [0, 7.2, 7.2, 8.8], "rotation": 270, "texture": "#1"}
			}
		},
		{
			"from": [7.07312, 2.89567, 8.25],
			"to": [8.57312, 4.09567, 9.75],
			"rotation": {"angle": 45, "axis": "z", "origin": [4.33254, 3.49567, 6.48531]},
			"faces": {
				"north": {"uv": [10.8, 13, 9.6, 12], "texture": "#1"},
				"east": {"uv": [14, 1, 12.8, 0], "texture": "#1"},
				"south": {"uv": [1.2, 13.8, 0, 12.8], "texture": "#1"},
				"west": {"uv": [12.4, 13, 11.2, 12], "texture": "#1"},
				"up": {"uv": [11.2, 1.2, 12.4, 0], "texture": "#1"},
				"down": {"uv": [0, 11.2, 1.2, 12.4], "texture": "#1"}
			}
		},
		{
			"from": [6.6139, 12.04993, 8.25],
			"to": [8.1139, 13.24993, 9.75],
			"rotation": {"angle": -45, "axis": "z", "origin": [3.87332, 12.64993, 6.48531]},
			"faces": {
				"north": {"uv": [10.8, 12, 9.6, 13], "texture": "#1"},
				"east": {"uv": [14, 0, 12.8, 1], "texture": "#1"},
				"south": {"uv": [1.2, 12.8, 0, 13.8], "texture": "#1"},
				"west": {"uv": [12.4, 12, 11.2, 13], "texture": "#1"},
				"up": {"uv": [0, 12.4, 1.2, 11.2], "texture": "#1"},
				"down": {"uv": [11.2, 0, 12.4, 1.2], "texture": "#1"}
			}
		},
		{
			"from": [5.5, 4.75, 10],
			"to": [10.5, 7.75, 16],
			"rotation": {"angle": 22.5, "axis": "x", "origin": [5.5, 4.75, 11]},
			"faces": {
				"north": {"uv": [0, 8.8, 4, 11.2], "texture": "#1"},
				"east": {"uv": [0, 4.8, 4.8, 7.2], "texture": "#1"},
				"south": {"uv": [9.6, 3.2, 13.6, 5.6], "texture": "#1"},
				"west": {"uv": [4.8, 4.8, 9.6, 7.2], "texture": "#1"},
				"up": {"uv": [4, 4.8, 0, 0], "texture": "#1"},
				"down": {"uv": [8, 0, 4, 4.8], "texture": "#1"}
			}
		},
		{
			"from": [6.5, 7.75, 10],
			"to": [6.53, 8.75, 16],
			"rotation": {"angle": 22.5, "axis": "x", "origin": [5.5, 4.75, 11]},
			"faces": {
				"east": {"uv": [14.4, 5.6, 9.6, 6.4], "texture": "#1"},
				"west": {"uv": [9.6, 5.6, 14.4, 6.4], "texture": "#1"}
			}
		},
		{
			"from": [9.47, 7.75, 10],
			"to": [9.5, 8.75, 16],
			"rotation": {"angle": 22.5, "axis": "x", "origin": [10.5, 4.75, 11]},
			"faces": {
				"east": {"uv": [14.4, 5.6, 9.6, 6.4], "texture": "#1"},
				"west": {"uv": [9.6, 5.6, 14.4, 6.4], "texture": "#1"}
			}
		},
		{
			"from": [6.75, 5, 9],
			"to": [9.25, 6.5, 10],
			"rotation": {"angle": 22.5, "axis": "x", "origin": [5.5, 4.75, 11]},
			"faces": {
				"north": {"uv": [10.4, 7.2, 12.4, 8.4], "texture": "#1"},
				"east": {"uv": [12.8, 10.4, 13.6, 11.6], "texture": "#1"},
				"south": {"uv": [8.8, 10.4, 10.8, 11.6], "texture": "#1"},
				"west": {"uv": [12.8, 12, 13.6, 13.2], "texture": "#1"},
				"up": {"uv": [12.4, 9.6, 10.4, 8.8], "texture": "#1"},
				"down": {"uv": [12.4, 9.6, 10.4, 10.4], "texture": "#1"}
			}
		}
	],
	"gui_light": "front",
	"display": {
		"thirdperson_righthand": {
			"rotation": [-123.5, 0, -180],
			"translation": [0, 0.5, 1.75],
			"scale": [0.54102, 0.54102, 0.54102]
		},
		"thirdperson_lefthand": {
			"rotation": [69.25, 0, 0],
			"translation": [-5.75, -6.25, 7.5],
			"scale": [1.5, 1.5, 1.5]
		},
		"firstperson_righthand": {
			"rotation": [-14, 0, 0],
			"translation": [0, 1.75, 0]
		},
		"firstperson_lefthand": {
			"rotation": [-14, 0, 0],
			"translation": [0, 1.75, 0],
			"scale": [0, 0, 0]
		},
		"ground": {
			"rotation": [-55, 0, 0],
			"translation": [0, 6.75, 0]
		},
		"gui": {
			"rotation": [22, 180, 0],
			"translation": [0, 0.5, 0],
			"scale": [0.72461, 0.72461, 0.72461]
		},
		"head": {
			"translation": [0, -15.5, 4.5],
			"scale": [2.5, 2.5, 2.5]
		},
		"fixed": {
			"translation": [0, 0, -8.75],
			"scale": [2, 2, 2]
		}
	}
}