{"credit":"magic_store_official","texture_size":[64,64],"textures":{"0":"magic_store:furnitures/bank_pack/bank_chair_1","particle":"magic_store:furnitures/bank_pack/bank_chair_1"},"elements":[{"from":[7,3,7],"to":[9,8,9],"rotation":{"angle":0,"axis":"y","origin":[8,5,8]},"faces":{"north":{"uv":[0.75,8,1.25,9.25],"texture":"#0"},"east":{"uv":[0.75,8,1.25,9.25],"texture":"#0"},"south":{"uv":[0.75,8,1.25,9.25],"texture":"#0"},"west":{"uv":[0.75,8,1.25,9.25],"texture":"#0"},"up":{"uv":[9,9,8.5,8.5],"texture":"#0"},"down":{"uv":[0.5,8.75,0,9.25],"texture":"#0"}}},{"from":[8.42388,3.38268,7],"to":[15.42388,5.38268,9],"rotation":{"angle":-22.5,"axis":"z","origin":[8,4,8]},"faces":{"north":{"uv":[9,6,7.25,6.5],"texture":"#0"},"east":{"uv":[2.75,8.75,3.25,9.25],"texture":"#0"},"south":{"uv":[7.25,6,9,6.5],"texture":"#0"},"west":{"uv":[5.5,8.75,6,9.25],"texture":"#0"},"up":{"uv":[9,7,7.25,6.5],"texture":"#0"},"down":{"uv":[9,7,7.25,7.5],"texture":"#0"}}},{"from":[12.75,0,7.5],"to":[15.75,3,8.5],"rotation":{"angle":0,"axis":"x","origin":[8,0.5,8]},"faces":{"north":{"uv":[7.75,8.75,7,8],"rotation":180,"texture":"#0"},"east":{"uv":[9,6.75,9.75,7],"rotation":90,"texture":"#0"},"south":{"uv":[7.75,8.75,7,8],"texture":"#0"},"west":{"uv":[9,6.75,9.75,7],"rotation":270,"texture":"#0"},"up":{"uv":[9,6.75,9.75,7],"texture":"#0"},"down":{"uv":[9,6.75,9.75,7],"rotation":180,"texture":"#0"}}},{"from":[2.5,8,3.5],"to":[13.5,10,14.5],"rotation":{"angle":0,"axis":"y","origin":[8,5,8]},"faces":{"north":{"uv":[6.75,0.5,9.5,1],"texture":"#0"},"east":{"uv":[6.75,0.5,9.5,1],"texture":"#0"},"south":{"uv":[6.75,0.5,9.5,1],"texture":"#0"},"west":{"uv":[6.75,0.5,9.5,1],"texture":"#0"},"up":{"uv":[2.75,6.5,0,3.75],"texture":"#0"},"down":{"uv":[5.5,3.75,2.75,6.5],"texture":"#0"}}},{"from":[2.5,8,1.5],"to":[13.5,23,3.5],"rotation":{"angle":0,"axis":"y","origin":[8,5,8]},"faces":{"north":{"uv":[0,0,2.75,3.75],"texture":"#0"},"east":{"uv":[6,3.75,5.5,7.5],"texture":"#0"},"south":{"uv":[2.75,0,5.5,3.75],"texture":"#0"},"west":{"uv":[5.5,3.75,6,7.5],"texture":"#0"},"up":{"uv":[9.5,2,6.75,1.5],"texture":"#0"},"down":{"uv":[9.5,2,6.75,2.5],"texture":"#0"}}},{"from":[1.5,8,6.5],"to":[2.5,13,10.5],"rotation":{"angle":0,"axis":"y","origin":[8,5,8]},"faces":{"north":{"uv":[4.5,6.5,4.75,7.75],"texture":"#0"},"east":{"uv":[4.5,6.5,5.5,7.75],"texture":"#0"},"south":{"uv":[4.5,6.5,4.75,7.75],"texture":"#0"},"west":{"uv":[4.5,6.5,5.5,7.75],"texture":"#0"},"up":{"uv":[6.75,7.75,6.5,6.75],"texture":"#0"},"down":{"uv":[0.75,8.75,0.5,9.75],"texture":"#0"}}},{"from":[0.5,13,4],"to":[3.5,14,13],"rotation":{"angle":0,"axis":"y","origin":[8,5,8]},"faces":{"north":{"uv":[9.25,4,10,4.25],"texture":"#0"},"east":{"uv":[8.5,5.75,10.75,6],"texture":"#0"},"south":{"uv":[9.25,4,10,4.25],"texture":"#0"},"west":{"uv":[8.5,5.75,10.75,6],"texture":"#0"},"up":{"uv":[6.75,2.25,6,0],"texture":"#0"},"down":{"uv":[6.75,2.25,6,4.5],"texture":"#0"}}},{"from":[7,3.38268,8.42388],"to":[9,5.38268,15.42388],"rotation":{"angle":22.5,"axis":"x","origin":[8,4,8]},"faces":{"north":{"uv":[5.5,8.75,6,9.25],"texture":"#0"},"east":{"uv":[9,6,7.25,6.5],"texture":"#0"},"south":{"uv":[2.75,8.75,3.25,9.25],"texture":"#0"},"west":{"uv":[7.25,6,9,6.5],"texture":"#0"},"up":{"uv":[9,7,7.25,6.5],"rotation":90,"texture":"#0"},"down":{"uv":[9,7,7.25,7.5],"rotation":270,"texture":"#0"}}},{"from":[7.5,0,12.75],"to":[8.5,3,15.75],"rotation":{"angle":0,"axis":"x","origin":[8,0.5,8]},"faces":{"north":{"uv":[9,6.75,9.75,7],"rotation":270,"texture":"#0"},"east":{"uv":[7.75,8.75,7,8],"rotation":180,"texture":"#0"},"south":{"uv":[9,6.75,9.75,7],"rotation":90,"texture":"#0"},"west":{"uv":[7.75,8.75,7,8],"texture":"#0"},"up":{"uv":[9,6.75,9.75,7],"rotation":90,"texture":"#0"},"down":{"uv":[9,6.75,9.75,7],"rotation":90,"texture":"#0"}}},{"from":[0.57612,3.38268,7],"to":[7.57612,5.38268,9],"rotation":{"angle":22.5,"axis":"z","origin":[8,4,8]},"faces":{"north":{"uv":[7.25,6,9,6.5],"texture":"#0"},"east":{"uv":[5.5,8.75,6,9.25],"texture":"#0"},"south":{"uv":[9,6,7.25,6.5],"texture":"#0"},"west":{"uv":[2.75,8.75,3.25,9.25],"texture":"#0"},"up":{"uv":[9,7,7.25,6.5],"rotation":180,"texture":"#0"},"down":{"uv":[9,7,7.25,7.5],"rotation":180,"texture":"#0"}}},{"from":[0.25,0,7.5],"to":[3.25,3,8.5],"rotation":{"angle":0,"axis":"x","origin":[8,0.5,8]},"faces":{"north":{"uv":[7.75,8.75,7,8],"texture":"#0"},"east":{"uv":[9,6.75,9.75,7],"rotation":270,"texture":"#0"},"south":{"uv":[7.75,8.75,7,8],"rotation":180,"texture":"#0"},"west":{"uv":[9,6.75,9.75,7],"rotation":90,"texture":"#0"},"up":{"uv":[9,6.75,9.75,7],"rotation":180,"texture":"#0"},"down":{"uv":[9,6.75,9.75,7],"texture":"#0"}}},{"from":[7,3.38268,0.57612],"to":[9,5.38268,7.57612],"rotation":{"angle":-22.5,"axis":"x","origin":[8,4,8]},"faces":{"north":{"uv":[2.75,8.75,3.25,9.25],"texture":"#0"},"east":{"uv":[7.25,6,9,6.5],"texture":"#0"},"south":{"uv":[5.5,8.75,6,9.25],"texture":"#0"},"west":{"uv":[9,6,7.25,6.5],"texture":"#0"},"up":{"uv":[9,7,7.25,6.5],"rotation":270,"texture":"#0"},"down":{"uv":[9,7,7.25,7.5],"rotation":90,"texture":"#0"}}},{"from":[7.5,0,0.25],"to":[8.5,3,3.25],"rotation":{"angle":0,"axis":"x","origin":[8,0.5,8]},"faces":{"north":{"uv":[9,6.75,9.75,7],"rotation":90,"texture":"#0"},"east":{"uv":[7.75,8.75,7,8],"texture":"#0"},"south":{"uv":[9,6.75,9.75,7],"rotation":270,"texture":"#0"},"west":{"uv":[7.75,8.75,7,8],"rotation":180,"texture":"#0"},"up":{"uv":[9,6.75,9.75,7],"rotation":270,"texture":"#0"},"down":{"uv":[9,6.75,9.75,7],"rotation":270,"texture":"#0"}}},{"from":[12.5,13,4],"to":[15.5,14,13],"rotation":{"angle":0,"axis":"y","origin":[8,5,8]},"faces":{"north":{"uv":[9.25,4,10,4.25],"texture":"#0"},"east":{"uv":[8.5,5.75,10.75,6],"texture":"#0"},"south":{"uv":[9.25,4,10,4.25],"texture":"#0"},"west":{"uv":[8.5,5.75,10.75,6],"texture":"#0"},"up":{"uv":[6.75,2.25,6,0],"texture":"#0"},"down":{"uv":[6.75,2.25,6,4.5],"texture":"#0"}}},{"from":[13.5,8,6.5],"to":[14.5,13,10.5],"rotation":{"angle":0,"axis":"y","origin":[8,5,8]},"faces":{"north":{"uv":[4.5,6.5,4.75,7.75],"texture":"#0"},"east":{"uv":[4.5,6.5,5.5,7.75],"texture":"#0"},"south":{"uv":[4.5,6.5,4.75,7.75],"texture":"#0"},"west":{"uv":[4.5,6.5,5.5,7.75],"texture":"#0"},"up":{"uv":[6.75,7.75,6.5,6.75],"texture":"#0"},"down":{"uv":[0.75,8.75,0.5,9.75],"texture":"#0"}}}],"display":{"thirdperson_righthand":{"rotation":[49,36,0],"translation":[-0.5,3,0.5],"scale":[0.35,0.35,0.35]},"thirdperson_lefthand":{"rotation":[49,36,0],"translation":[-0.5,3,0.5],"scale":[0.35,0.35,0.35]},"firstperson_righthand":{"rotation":[-180,-112,-180],"translation":[9.75,-2.25,-9.25],"scale":[0.85,0.85,0.85]},"firstperson_lefthand":{"rotation":[-180,-112,-180],"translation":[9.75,-2.25,-9.25],"scale":[0.85,0.85,0.85]},"ground":{"translation":[0,5.5,0],"scale":[0.4,0.4,0.4]},"gui":{"rotation":[30,-35,0],"translation":[0,-1.75,0],"scale":[0.55,0.55,0.55]},"head":{"translation":[0,-30.5,0],"scale":[1.6,1.6,1.6]},"fixed":{"rotation":[-90,0,0],"translation":[0,-3,-16],"scale":[2,2,2]}},"groups":[{"name":"group","origin":[8,5,8],"color":0,"children":[0,1,2,3,4,5,6,7,8,9,10,11,12,13,14]}]}