{"credit":"By EliteCreatures","textures":{"0":"elitecreatures:collectibles_v4_32x/cuddly_hamsters_inside_32","particle":"elitecreatures:collectibles_v4_32x/cuddly_hamsters_inside_32"},"elements":[{"from":[1.998,-0.002,2.998],"to":[5.002,3.002,7.002],"rotation":{"angle":22.5,"axis":"y","origin":[3.5,1,5]},"faces":{"north":{"uv":[9,2.75,9.75,3.5],"texture":"#0"},"east":{"uv":[8,6,9,6.75],"texture":"#0"},"south":{"uv":[9,6.5,9.75,7.25],"texture":"#0"},"west":{"uv":[8,6.75,9,7.5],"texture":"#0"},"up":{"uv":[9.25,4.5,8.5,3.5],"texture":"#0"},"down":{"uv":[9.25,4.5,8.5,5.5],"texture":"#0"}}},{"from":[4,5,2],"to":[6.5,7.5,6],"rotation":{"angle":-22.5,"axis":"y","origin":[3.5,5.5,5]},"faces":{"north":{"uv":[8.75,9,9.375,9.625],"texture":"#0"},"east":{"uv":[8.75,7.5,9.75,8.125],"texture":"#0"},"south":{"uv":[9.25,3.5,9.875,4.125],"texture":"#0"},"west":{"uv":[8.75,8.25,9.75,8.875],"texture":"#0"},"up":{"uv":[9.625,2.75,9,1.75],"texture":"#0"},"down":{"uv":[9.625,5.5,9,6.5],"texture":"#0"}}},{"from":[3,0,5],"to":[13,8,14],"rotation":{"angle":0,"axis":"y","origin":[7,0,7]},"faces":{"north":{"uv":[6,2.25,8.5,4.25],"texture":"#0"},"east":{"uv":[2.5,7.5,4.75,9.5],"texture":"#0"},"south":{"uv":[0,7.5,2.5,9.5],"texture":"#0"},"west":{"uv":[4.75,7.5,7,9.5],"texture":"#0"},"up":{"uv":[8,2.25,5.5,0],"texture":"#0"},"down":{"uv":[8,5.25,5.5,7.5],"texture":"#0"}}},{"from":[2.5,8,3],"to":[13.5,16.5,15],"rotation":{"angle":0,"axis":"y","origin":[7,0,7]},"faces":{"north":{"uv":[0,5.25,2.75,7.375],"texture":"#0"},"east":{"uv":[0,3,3,5.125],"texture":"#0"},"south":{"uv":[2.75,5.25,5.5,7.375],"texture":"#0"},"west":{"uv":[3,3,6,5.125],"texture":"#0"},"up":{"uv":[2.75,3,0,0],"texture":"#0"},"down":{"uv":[5.5,0,2.75,3],"texture":"#0"}}},{"from":[0.5,12,6.75],"to":[7,18.5,8.75],"rotation":{"angle":22.5,"axis":"y","origin":[3.75,15.25,8]},"faces":{"north":{"uv":[7,7.5,8.625,9.125],"texture":"#0"},"east":{"uv":[8,4.25,8.5,5.875],"texture":"#0"},"south":{"uv":[8,0,9.625,1.625],"texture":"#0"},"west":{"uv":[8.5,1.75,9,3.375],"texture":"#0"},"up":{"uv":[7.625,4.75,6,4.25],"texture":"#0"},"down":{"uv":[7.625,4.75,6,5.25],"texture":"#0"}}},{"from":[10.998,-0.002,2.998],"to":[14.002,3.002,7.002],"rotation":{"angle":-22.5,"axis":"y","origin":[12.5,1,5]},"faces":{"north":{"uv":[9.75,2.75,9,3.5],"texture":"#0"},"east":{"uv":[9,6.75,8,7.5],"texture":"#0"},"south":{"uv":[9.75,6.5,9,7.25],"texture":"#0"},"west":{"uv":[9,6,8,6.75],"texture":"#0"},"up":{"uv":[8.5,4.5,9.25,3.5],"texture":"#0"},"down":{"uv":[8.5,4.5,9.25,5.5],"texture":"#0"}}},{"from":[9.5,5,2],"to":[12,7.5,6],"rotation":{"angle":22.5,"axis":"y","origin":[12.5,5.5,5]},"faces":{"north":{"uv":[9.375,9,8.75,9.625],"texture":"#0"},"east":{"uv":[9.75,8.25,8.75,8.875],"texture":"#0"},"south":{"uv":[9.875,3.5,9.25,4.125],"texture":"#0"},"west":{"uv":[9.75,7.5,8.75,8.125],"texture":"#0"},"up":{"uv":[9,2.75,9.625,1.75],"texture":"#0"},"down":{"uv":[9,5.5,9.625,6.5],"texture":"#0"}}},{"from":[9,12,6.75],"to":[15.5,18.5,8.75],"rotation":{"angle":-22.5,"axis":"y","origin":[12.25,15.25,8]},"faces":{"north":{"uv":[8.625,7.5,7,9.125],"texture":"#0"},"east":{"uv":[9,1.75,8.5,3.375],"texture":"#0"},"south":{"uv":[9.625,0,8,1.625],"texture":"#0"},"west":{"uv":[8.5,4.25,8,5.875],"texture":"#0"},"up":{"uv":[6,4.75,7.625,4.25],"texture":"#0"},"down":{"uv":[6,4.75,7.625,5.25],"texture":"#0"}}}],"gui_light":"front","display":{"thirdperson_righthand":{"rotation":[61.23,4.49,0.46],"translation":[0,1.75,0.75],"scale":[0.5,0.5,0.5]},"thirdperson_lefthand":{"rotation":[61.23,4.49,0.46],"translation":[0,1.75,0.75],"scale":[0.5,0.5,0.5]},"firstperson_righthand":{"rotation":[-166,53.68,171.1],"translation":[0.75,3.75,-0.75],"scale":[0.58336,0.58336,0.58336]},"firstperson_lefthand":{"rotation":[-166,53.68,171.1],"translation":[0.75,3.75,-0.75],"scale":[0.58336,0.58336,0.58336]},"ground":{"rotation":[68,0,0],"translation":[0,1.5,0],"scale":[0.5,0.5,0.5]},"gui":{"rotation":[-170,30,-180],"translation":[0,-2,0],"scale":[0.62,0.62,0.62]},"head":{"rotation":[7,180,1],"translation":[0,-48.75,11.25],"scale":[1.6,1.6,1.6]},"fixed":{"rotation":[-90,0,0],"translation":[0,0,-16.25],"scale":[2,2,2]}}}