{"credit":"By EliteCreatures","textures":{"0":"elitecreatures:collectibles_v4_32x/sparkling_fireflies_inside_32","2":"elitecreatures:collectibles_v4_32x/ef_sparkling_fireflies_long","particle":"elitecreatures:collectibles_v4_32x/sparkling_fireflies_inside_32"},"elements":[{"from":[6,4,2.75],"to":[10,8,5.75],"rotation":{"angle":0,"axis":"y","origin":[7,0,8.75]},"faces":{"north":{"uv":[2.5,5.5,4.5,7.5],"texture":"#0"},"east":{"uv":[9,8,10.5,10],"texture":"#0"},"south":{"uv":[4.5,5.5,6.5,7.5],"texture":"#0"},"west":{"uv":[3,9.5,4.5,11.5],"texture":"#0"},"up":{"uv":[11.5,5.5,9.5,4],"texture":"#0"},"down":{"uv":[11.5,5.5,9.5,7],"texture":"#0"}}},{"from":[2.25,8,3],"to":[7.25,8.5,3.5],"rotation":{"angle":-45,"axis":"z","origin":[5.75,8.25,4.25]},"faces":{"north":{"uv":[11.5,9.5,14,9.75],"texture":"#0"},"east":{"uv":[4.5,9.5,4.75,9.75],"texture":"#0"},"south":{"uv":[11.5,10,14,10.25],"texture":"#0"},"west":{"uv":[9,11.5,9.25,11.75],"texture":"#0"},"up":{"uv":[14,10.75,11.5,10.5],"texture":"#0"},"down":{"uv":[14,11,11.5,11.25],"texture":"#0"}}},{"from":[1.23901,10.83942,2.998],"to":[3.24301,11.34342,3.502],"rotation":{"angle":-22.5,"axis":"z","origin":[2.24101,10.59142,3.25]},"faces":{"north":{"uv":[8,11.5,9,11.75],"texture":"#0"},"east":{"uv":[12,12,12.25,12.25],"texture":"#0"},"south":{"uv":[12,7.5,13,7.75],"texture":"#0"},"west":{"uv":[0,12.5,0.25,12.75],"texture":"#0"},"up":{"uv":[9,12.25,8,12],"texture":"#0"},"down":{"uv":[10,12,9,12.25],"texture":"#0"}}},{"from":[12.75699,10.83942,2.998],"to":[14.76099,11.34342,3.502],"rotation":{"angle":22.5,"axis":"z","origin":[13.75899,10.59142,3.25]},"faces":{"north":{"uv":[9,11.5,8,11.75],"texture":"#0"},"east":{"uv":[0.25,12.5,0,12.75],"texture":"#0"},"south":{"uv":[13,7.5,12,7.75],"texture":"#0"},"west":{"uv":[12.25,12,12,12.25],"texture":"#0"},"up":{"uv":[8,12.25,9,12],"texture":"#0"},"down":{"uv":[9,12,10,12.25],"texture":"#0"}}},{"from":[8.75,8,3],"to":[13.75,8.5,3.5],"rotation":{"angle":45,"axis":"z","origin":[10.25,8.25,4.25]},"faces":{"north":{"uv":[14,9.5,11.5,9.75],"texture":"#0"},"east":{"uv":[9.25,11.5,9,11.75],"texture":"#0"},"south":{"uv":[14,10,11.5,10.25],"texture":"#0"},"west":{"uv":[4.75,9.5,4.5,9.75],"texture":"#0"},"up":{"uv":[11.5,10.75,14,10.5],"texture":"#0"},"down":{"uv":[11.5,11,14,11.25],"texture":"#0"}}},{"from":[5.5,3.75,5.75],"to":[10.5,8.25,7.75],"rotation":{"angle":0,"axis":"y","origin":[7,0,8.75]},"faces":{"north":{"uv":[0,4,2.5,6.25],"texture":"#0"},"east":{"uv":[4.5,10,5.5,12.25],"texture":"#0"},"south":{"uv":[4,0,6.5,2.25],"texture":"#0"},"west":{"uv":[5.5,10,6.5,12.25],"texture":"#0"},"up":{"uv":[12,8,9.5,7],"texture":"#0"},"down":{"uv":[12.5,2,10,3],"texture":"#0"}}},{"from":[0.748,8.248,6.498],"to":[8.252,8.752,10.002],"rotation":{"angle":22.5,"axis":"y","origin":[4.5,8.5,7.5]},"faces":{"north":{"uv":[11.5,5.5,15.25,5.75],"texture":"#0"},"east":{"uv":[11.5,11.5,13.25,11.75],"texture":"#0"},"south":{"uv":[11.5,6,15.25,6.25],"texture":"#0"},"west":{"uv":[12,7,13.75,7.25],"texture":"#0"},"up":{"uv":[3.75,1.75,0,0],"texture":"#0"},"down":{"uv":[3.75,2,0,3.75],"texture":"#0"}}},{"from":[-0.21299,8.35,8.44291],"to":[7.28701,8.6,11.19291],"rotation":{"angle":45,"axis":"y","origin":[4.78701,8.375,8.19291]},"faces":{"north":{"uv":[11.5,6.5,15.25,6.75],"texture":"#0"},"east":{"uv":[6.5,2,8,2.25],"texture":"#0"},"south":{"uv":[11.5,8,15.25,8.25],"texture":"#0"},"west":{"uv":[5,7.5,6.5,7.75],"texture":"#0"},"up":{"uv":[6.25,5.5,2.5,4],"texture":"#0"},"down":{"uv":[7.75,2.5,4,4],"texture":"#0"}}},{"from":[5.67718,8.425,7.22584],"to":[7.42718,8.525,14.72584],"rotation":{"angle":-22.5,"axis":"y","origin":[5.05218,8.475,10.22584]},"faces":{"north":{"uv":[10,12,11,12.25],"texture":"#0"},"east":{"uv":[11.5,8.5,15.25,8.75],"texture":"#0"},"south":{"uv":[11,12,12,12.25],"texture":"#0"},"west":{"uv":[11.5,9,15.25,9.25],"texture":"#0"},"up":{"uv":[7.5,7.75,6.5,4],"texture":"#0"},"down":{"uv":[3,7.5,2,11.25],"texture":"#0"}}},{"from":[8.57282,8.425,7.22584],"to":[10.32282,8.525,14.72584],"rotation":{"angle":22.5,"axis":"y","origin":[10.94782,8.475,10.22584]},"faces":{"north":{"uv":[11,12,10,12.25],"texture":"#0"},"east":{"uv":[15.25,9,11.5,9.25],"texture":"#0"},"south":{"uv":[12,12,11,12.25],"texture":"#0"},"west":{"uv":[15.25,8.5,11.5,8.75],"texture":"#0"},"up":{"uv":[6.5,7.75,7.5,4],"texture":"#0"},"down":{"uv":[2,7.5,3,11.25],"texture":"#0"}}},{"from":[8.71299,8.35,8.44291],"to":[16.21299,8.6,11.19291],"rotation":{"angle":-45,"axis":"y","origin":[11.21299,8.375,8.19291]},"faces":{"north":{"uv":[15.25,6.5,11.5,6.75],"texture":"#0"},"east":{"uv":[6.5,7.5,5,7.75],"texture":"#0"},"south":{"uv":[15.25,8,11.5,8.25],"texture":"#0"},"west":{"uv":[8,2,6.5,2.25],"texture":"#0"},"up":{"uv":[2.5,5.5,6.25,4],"texture":"#0"},"down":{"uv":[4,2.5,7.75,4],"texture":"#0"}}},{"from":[7.75,8.25,6.5],"to":[15.25,8.75,10],"rotation":{"angle":-22.5,"axis":"y","origin":[11.5,8.5,7.5]},"faces":{"north":{"uv":[15.25,5.5,11.5,5.75],"texture":"#0"},"east":{"uv":[13.75,7,12,7.25],"texture":"#0"},"south":{"uv":[15.25,6,11.5,6.25],"texture":"#0"},"west":{"uv":[13.25,11.5,11.5,11.75],"texture":"#0"},"up":{"uv":[0,1.75,3.75,0],"texture":"#0"},"down":{"uv":[0,2,3.75,3.75],"texture":"#0"}}},{"from":[6,1.5,6.25],"to":[7,4.5,7.25],"rotation":{"angle":-22.5,"axis":"x","origin":[6,2.25,6.75]},"faces":{"north":{"uv":[4,11.5,4.5,13],"texture":"#0"},"east":{"uv":[6.5,11.5,7,13],"texture":"#0"},"south":{"uv":[7,11.5,7.5,13],"texture":"#0"},"west":{"uv":[7.5,11.5,8,13],"texture":"#0"},"up":{"uv":[2.5,7,2,6.5],"texture":"#0"},"down":{"uv":[2.5,7,2,7.5],"texture":"#0"}}},{"from":[9,1.5,6.25],"to":[10,4.5,7.25],"rotation":{"angle":-22.5,"axis":"x","origin":[10,2.25,6.75]},"faces":{"north":{"uv":[4.5,11.5,4,13],"texture":"#0"},"east":{"uv":[8,11.5,7.5,13],"texture":"#0"},"south":{"uv":[7.5,11.5,7,13],"texture":"#0"},"west":{"uv":[7,11.5,6.5,13],"texture":"#0"},"up":{"uv":[2,7,2.5,6.5],"texture":"#0"},"down":{"uv":[2,7,2.5,7.5],"texture":"#0"}}},{"from":[6,0.5,9.25],"to":[7,3.5,10.25],"rotation":{"angle":-22.5,"axis":"x","origin":[6,2.25,6.75]},"faces":{"north":{"uv":[4,11.5,4.5,13],"texture":"#0"},"east":{"uv":[6.5,11.5,7,13],"texture":"#0"},"south":{"uv":[7,11.5,7.5,13],"texture":"#0"},"west":{"uv":[7.5,11.5,8,13],"texture":"#0"},"up":{"uv":[2.5,7,2,6.5],"texture":"#0"},"down":{"uv":[2.5,7,2,7.5],"texture":"#0"}}},{"from":[9,0.5,9.25],"to":[10,3.5,10.25],"rotation":{"angle":-22.5,"axis":"x","origin":[10,2.25,6.75]},"faces":{"north":{"uv":[4.5,11.5,4,13],"texture":"#0"},"east":{"uv":[8,11.5,7.5,13],"texture":"#0"},"south":{"uv":[7.5,11.5,7,13],"texture":"#0"},"west":{"uv":[7,11.5,6.5,13],"texture":"#0"},"up":{"uv":[2,7,2.5,6.5],"texture":"#0"},"down":{"uv":[2,7,2.5,7.5],"texture":"#0"}}},{"from":[5.998,4.223,7.748],"to":[10.002,7.777,11.752],"rotation":{"angle":0,"axis":"y","origin":[7,0,8.75]},"faces":{"north":{"uv":[3,7.5,5,9.25],"texture":"#0"},"east":{"uv":[7.5,4,9.5,5.75],"texture":"#0"},"south":{"uv":[7.5,6,9.5,7.75],"texture":"#0"},"west":{"uv":[8,2,10,3.75],"texture":"#0"},"up":{"uv":[2,8.5,0,6.5],"texture":"#0"},"down":{"uv":[8.5,0,6.5,2],"texture":"#0"}}},{"from":[6.5,4.5,11.75],"to":[9.5,7.5,13.75],"rotation":{"angle":0,"axis":"y","origin":[7,0,8.75]},"faces":{"north":{"uv":[6.5,10,8,11.5],"texture":"#0"},"east":{"uv":[3,11.5,4,13],"texture":"#0"},"south":{"uv":[8,10,9.5,11.5],"texture":"#0"},"west":{"uv":[11.5,3,12.5,4.5],"texture":"#0"},"up":{"uv":[11.5,4,10,3],"texture":"#0"},"down":{"uv":[13,4.5,11.5,5.5],"texture":"#0"}}},{"from":[8,4.25,9.75],"to":[10,7.75,13.75],"rotation":{"angle":22.5,"axis":"y","origin":[9,6,10.75]},"faces":{"north":{"uv":[10.5,8,11.5,9.75],"texture":"#0"},"east":{"uv":[5,8,7,9.75],"texture":"#0"},"south":{"uv":[10.5,10,11.5,11.75],"texture":"#0"},"west":{"uv":[7,8,9,9.75],"texture":"#0"},"up":{"uv":[10.5,12,9.5,10],"texture":"#0"},"down":{"uv":[1,10.5,0,12.5],"texture":"#0"}}},{"from":[7.998,4.248,7.748],"to":[10.002,7.752,11.752],"rotation":{"angle":22.5,"axis":"y","origin":[9,6,8.75]},"faces":{"north":{"uv":[11.5,0,12.5,1.75],"texture":"#0"},"east":{"uv":[0,8.5,2,10.25],"texture":"#0"},"south":{"uv":[2,11.5,3,13.25],"texture":"#0"},"west":{"uv":[8.5,0,10.5,1.75],"texture":"#0"},"up":{"uv":[11.5,2,10.5,0],"texture":"#0"},"down":{"uv":[2,10.5,1,12.5],"texture":"#0"}}},{"from":[5.998,4.248,7.748],"to":[8.002,7.752,11.752],"rotation":{"angle":-22.5,"axis":"y","origin":[7,6,8.75]},"faces":{"north":{"uv":[12.5,0,11.5,1.75],"texture":"#0"},"east":{"uv":[10.5,0,8.5,1.75],"texture":"#0"},"south":{"uv":[3,11.5,2,13.25],"texture":"#0"},"west":{"uv":[2,8.5,0,10.25],"texture":"#0"},"up":{"uv":[10.5,2,11.5,0],"texture":"#0"},"down":{"uv":[1,10.5,2,12.5],"texture":"#0"}}},{"from":[6,4.25,9.75],"to":[8,7.75,13.75],"rotation":{"angle":-22.5,"axis":"y","origin":[7,6,10.75]},"faces":{"north":{"uv":[11.5,8,10.5,9.75],"texture":"#0"},"east":{"uv":[9,8,7,9.75],"texture":"#0"},"south":{"uv":[11.5,10,10.5,11.75],"texture":"#0"},"west":{"uv":[7,8,5,9.75],"texture":"#0"},"up":{"uv":[9.5,12,10.5,10],"texture":"#0"},"down":{"uv":[0,10.5,1,12.5],"texture":"#0"}}},{"from":[1.5,1,1.5],"to":[1.5,4,4.5],"rotation":{"angle":-45,"axis":"y","origin":[2.5,2.5,6]},"faces":{"north":{"uv":[0,0,0,5],"texture":"#missing"},"east":{"uv":[6.5,2,1.5,7],"texture":"#2"},"south":{"uv":[0,0,0,5],"texture":"#missing"},"west":{"uv":[1.5,2,6.5,7],"texture":"#2"},"up":{"uv":[0,0,5,0],"rotation":270,"texture":"#missing"},"down":{"uv":[0,0,5,0],"rotation":90,"texture":"#missing"}}},{"from":[2.41421,1,3.17157],"to":[5.41421,4,3.17157],"rotation":{"angle":-45,"axis":"y","origin":[3.91421,2.5,3.17157]},"faces":{"north":{"uv":[1.5,2,6.5,7],"texture":"#2"},"east":{"uv":[0,0,0,5],"texture":"#missing"},"south":{"uv":[6.5,2,1.5,7],"texture":"#2"},"west":{"uv":[0,0,0,5],"texture":"#missing"},"up":{"uv":[0,0,5,0],"texture":"#missing"},"down":{"uv":[0,0,5,0],"texture":"#missing"}}},{"from":[16.25,6.5,11.75],"to":[16.25,9,14.25],"rotation":{"angle":-45,"axis":"y","origin":[13.5,2.5,10]},"faces":{"north":{"uv":[8,0,8,5],"texture":"#missing"},"east":{"uv":[9.5,2,14.5,7],"texture":"#2"},"south":{"uv":[8,0,8,5],"texture":"#missing"},"west":{"uv":[14.5,2,9.5,7],"texture":"#2"},"up":{"uv":[5,0,0,0],"rotation":270,"texture":"#missing"},"down":{"uv":[5,0,0,0],"rotation":90,"texture":"#missing"}}},{"from":[12.58579,6.5,12.82843],"to":[15.08579,9,12.82843],"rotation":{"angle":-45,"axis":"y","origin":[12.08579,2.5,12.82843]},"faces":{"north":{"uv":[14.5,2,9.5,7],"texture":"#2"},"east":{"uv":[8,0,8,5],"texture":"#missing"},"south":{"uv":[9.5,2,14.5,7],"texture":"#2"},"west":{"uv":[8,0,8,5],"texture":"#missing"},"up":{"uv":[5,0,0,0],"texture":"#missing"},"down":{"uv":[5,0,0,0],"texture":"#missing"}}},{"from":[5.70167,11.16,5.96667],"to":[7.74167,13.2,5.96667],"rotation":{"angle":-45,"axis":"y","origin":[5.22167,1.7,4.71667]},"faces":{"north":{"uv":[1.5,2,6.5,7],"texture":"#2"},"east":{"uv":[0,0,0,5],"texture":"#missing"},"south":{"uv":[6.5,2,1.5,7],"texture":"#2"},"west":{"uv":[0,0,0,5],"texture":"#missing"},"up":{"uv":[0,0,5,0],"texture":"#missing"},"down":{"uv":[0,0,5,0],"texture":"#missing"}}},{"from":[5.08,11.16,4.83],"to":[5.08,13.2,6.87],"rotation":{"angle":-45,"axis":"y","origin":[4.26,1.7,6.64]},"faces":{"north":{"uv":[0,0,0,5],"texture":"#missing"},"east":{"uv":[6.5,2,1.5,7],"texture":"#2"},"south":{"uv":[0,0,0,5],"texture":"#missing"},"west":{"uv":[1.5,2,6.5,7],"texture":"#2"},"up":{"uv":[0,0,5,0],"rotation":270,"texture":"#missing"},"down":{"uv":[0,0,5,0],"rotation":90,"texture":"#missing"}}},{"from":[13.25,1.25,2],"to":[16.75,6.75,2],"rotation":{"angle":-45,"axis":"y","origin":[12,4,0]},"faces":{"north":{"uv":[0.5,8.5,7,16],"texture":"#2"},"east":{"uv":[0,0,0,8],"texture":"#missing"},"south":{"uv":[7,8.5,0.5,16],"texture":"#2"},"west":{"uv":[0,0,0,8],"texture":"#missing"},"up":{"uv":[0,0,4,0],"texture":"#missing"},"down":{"uv":[0,0,4,0],"texture":"#missing"}}},{"from":[-0.75,4.25,14],"to":[2.75,9.75,14],"rotation":{"angle":-45,"axis":"y","origin":[4,4,16]},"faces":{"north":{"uv":[15.5,8.5,9,16],"texture":"#2"},"east":{"uv":[0,0,0,8],"texture":"#missing"},"south":{"uv":[9,8.5,15.5,16],"texture":"#2"},"west":{"uv":[0,0,0,8],"texture":"#missing"},"up":{"uv":[4,0,0,0],"texture":"#missing"},"down":{"uv":[4,0,0,0],"texture":"#missing"}}},{"from":[11.14645,10.25,9.32538],"to":[11.14645,13.75,12.32538],"rotation":{"angle":-45,"axis":"y","origin":[11.64645,12,8.57538]},"faces":{"north":{"uv":[0,0,0,8],"texture":"#missing"},"east":{"uv":[15.5,8.5,9,16],"texture":"#2"},"south":{"uv":[0,0,0,8],"texture":"#missing"},"west":{"uv":[9,8.5,15.5,16],"texture":"#2"},"up":{"uv":[0,0,4,0],"rotation":270,"texture":"#missing"},"down":{"uv":[0,0,4,0],"rotation":90,"texture":"#missing"}}}],"gui_light":"front","display":{"thirdperson_righthand":{"rotation":[61.23,4.49,0.46],"translation":[0,1.75,0.75],"scale":[0.5,0.5,0.5]},"thirdperson_lefthand":{"rotation":[61.23,4.49,0.46],"translation":[0,1.75,0.75],"scale":[0.5,0.5,0.5]},"firstperson_righthand":{"rotation":[-166,53.68,171.1],"translation":[0.75,3.75,-0.75],"scale":[0.58336,0.58336,0.58336]},"firstperson_lefthand":{"rotation":[-166,53.68,171.1],"translation":[0.75,3.75,-0.75],"scale":[0.58336,0.58336,0.58336]},"ground":{"rotation":[68,0,0],"translation":[0,1.5,0],"scale":[0.5,0.5,0.5]},"gui":{"rotation":[-170,30,-180],"translation":[0,-2,0],"scale":[0.62,0.62,0.62]},"head":{"rotation":[7,180,1],"translation":[0,-60,11.25],"scale":[1.6,1.6,1.6]},"fixed":{"rotation":[-90,0,0],"translation":[0,0,-16.25],"scale":[2,2,2]}}}