{"credit":"Made with Blockbench","texture_size":[64,64],"textures":{"0":"customhatsv2:hats/paint_bucket_hat_texture","particle":"customhatsv2:hats/paint_bucket_hat_texture"},"elements":[{"from":[6,8.525,1],"to":[8,9.525,5],"rotation":{"angle":22.5,"axis":"y","origin":[7,9.025,5.5]},"faces":{"north":{"uv":[6,3.5,6.5,3.75],"texture":"#0"},"east":{"uv":[9,2.5,10,2.75],"texture":"#0"},"south":{"uv":[6,4,6.5,4.25],"texture":"#0"},"west":{"uv":[0,9.25,1,9.5],"texture":"#0"},"up":{"uv":[8.5,4,8,3],"texture":"#0"},"down":{"uv":[8.5,4.25,8,5.25],"texture":"#0"}}},{"from":[5.5,8.275,5],"to":[8.5,9.775,6],"rotation":{"angle":22.5,"axis":"y","origin":[7,9.025,5.5]},"faces":{"north":{"uv":[8.75,4.5,9.5,5],"texture":"#0"},"east":{"uv":[1.25,8,1.5,8.5],"texture":"#0"},"south":{"uv":[6.25,8.75,7,9.25],"texture":"#0"},"west":{"uv":[1.25,8.75,1.5,9.25],"texture":"#0"},"up":{"uv":[5,9.5,4.25,9.25],"texture":"#0"},"down":{"uv":[6,9.25,5.25,9.5],"texture":"#0"}}},{"from":[5,8.025,6],"to":[9,10.025,10],"rotation":{"angle":22.5,"axis":"y","origin":[7,9.025,5.5]},"faces":{"north":{"uv":[8,5.5,9,6],"texture":"#0"},"east":{"uv":[8,6.25,9,6.75],"texture":"#0"},"south":{"uv":[6.75,8,7.75,8.5],"texture":"#0"},"west":{"uv":[8,7,9,7.5],"texture":"#0"},"up":{"uv":[5.25,8.5,4.25,7.5],"texture":"#0"},"down":{"uv":[6.5,7.5,5.5,8.5],"texture":"#0"}}},{"from":[9.1,8.025,6],"to":[9.1,10.125,10],"rotation":{"angle":22.5,"axis":"y","origin":[7,9.125,5.5]},"faces":{"north":{"uv":[7.25,8.75,7.25,9.25],"texture":"#0"},"east":{"uv":[8,7.75,9,8.25],"texture":"#0"},"south":{"uv":[7.5,8.75,7.5,9.25],"texture":"#0"},"west":{"uv":[8.25,0,9.25,0.5],"texture":"#0"},"up":{"uv":[7.75,9.75,7.75,8.75],"texture":"#0"},"down":{"uv":[9.25,6.25,9.25,7.25],"texture":"#0"}}},{"from":[4.9,10.125,6],"to":[9.1,10.125,10],"rotation":{"angle":22.5,"axis":"y","origin":[7,9.125,5.5]},"faces":{"north":{"uv":[8.75,5.25,9.75,5.25],"texture":"#0"},"east":{"uv":[9.25,5.5,10.25,5.5],"texture":"#0"},"south":{"uv":[9.25,5.75,10.25,5.75],"texture":"#0"},"west":{"uv":[9.25,6,10.25,6],"texture":"#0"},"up":{"uv":[8.75,2.75,7.75,1.75],"texture":"#0"},"down":{"uv":[1,8,0,9],"texture":"#0"}}},{"from":[4.9,8.025,6],"to":[4.9,10.125,10],"rotation":{"angle":22.5,"axis":"y","origin":[7,9.125,5.5]},"faces":{"north":{"uv":[9.25,7.5,9.25,8],"texture":"#0"},"east":{"uv":[8.25,0.75,9.25,1.25],"texture":"#0"},"south":{"uv":[8,9.25,8,9.75],"texture":"#0"},"west":{"uv":[8,8.5,9,9],"texture":"#0"},"up":{"uv":[8.25,10.25,8.25,9.25],"texture":"#0"},"down":{"uv":[9.25,8.25,9.25,9.25],"texture":"#0"}}},{"from":[5,8,7],"to":[11,8,15],"rotation":{"angle":0,"axis":"y","origin":[11,7,12]},"faces":{"north":{"uv":[9.5,0,11,0],"texture":"#0"},"east":{"uv":[9.5,0.25,11.5,0.25],"texture":"#0"},"south":{"uv":[9.5,0.5,11,0.5],"texture":"#0"},"west":{"uv":[9.5,0.75,11.5,0.75],"texture":"#0"},"up":{"uv":[4,2,2.5,0],"texture":"#0"},"down":{"uv":[4,2.25,2.5,4.25],"texture":"#0"}}},{"from":[5,8,15],"to":[11,14,15],"rotation":{"angle":0,"axis":"y","origin":[11,7,12]},"faces":{"north":{"uv":[6,1.75,7.5,3.25],"texture":"#0"},"east":{"uv":[8.5,9.25,8.5,10.75],"texture":"#0"},"south":{"uv":[0,6.25,1.5,7.75],"texture":"#0"},"west":{"uv":[8.75,9.25,8.75,10.75],"texture":"#0"},"up":{"uv":[11,1,9.5,1],"texture":"#0"},"down":{"uv":[11,1.25,9.5,1.25],"texture":"#0"}}},{"from":[5,14,7],"to":[11,14,15],"rotation":{"angle":0,"axis":"y","origin":[11,13,12]},"faces":{"north":{"uv":[9.5,6.25,11,6.25],"texture":"#0"},"east":{"uv":[9.5,6.5,11.5,6.5],"texture":"#0"},"south":{"uv":[9.5,6.75,11,6.75],"texture":"#0"},"west":{"uv":[9.5,7,11.5,7],"texture":"#0"},"up":{"uv":[5.75,2,4.25,0],"texture":"#0"},"down":{"uv":[5.75,2.25,4.25,4.25],"texture":"#0"}}},{"from":[5,8,7],"to":[5,14,15],"rotation":{"angle":0,"axis":"y","origin":[11,12,12]},"faces":{"north":{"uv":[9,9.25,9,10.75],"texture":"#0"},"east":{"uv":[0,4.5,2,6],"texture":"#0"},"south":{"uv":[1.25,9.5,1.25,11],"texture":"#0"},"west":{"uv":[2.25,4.5,4.25,6],"texture":"#0"},"up":{"uv":[1.5,11.5,1.5,9.5],"texture":"#0"},"down":{"uv":[6.25,9.5,6.25,11.5],"texture":"#0"}}},{"from":[11,8,7],"to":[11,14,15],"rotation":{"angle":0,"axis":"y","origin":[5,12,12]},"faces":{"north":{"uv":[6.5,9.5,6.5,11],"texture":"#0"},"east":{"uv":[4.5,4.5,6.5,6],"texture":"#0"},"south":{"uv":[6.75,9.5,6.75,11],"texture":"#0"},"west":{"uv":[6,0,8,1.5],"texture":"#0"},"up":{"uv":[7,11.5,7,9.5],"texture":"#0"},"down":{"uv":[7.25,9.5,7.25,11.5],"texture":"#0"}}},{"from":[11.1,9.5,9],"to":[11.1,10.5,16],"rotation":{"angle":-45,"axis":"x","origin":[11.1,10,8]},"faces":{"north":{"uv":[7.75,3,7.75,3.25],"texture":"#0"},"east":{"uv":[8.75,3,10.5,3.25],"texture":"#0"},"south":{"uv":[9.5,7.25,9.5,7.5],"texture":"#0"},"west":{"uv":[8.75,3.5,10.5,3.75],"texture":"#0"},"up":{"uv":[7.5,11.25,7.5,9.5],"texture":"#0"},"down":{"uv":[9.5,7.75,9.5,9.5],"texture":"#0"}}},{"from":[4.9,9.5,16],"to":[11.1,10.5,16],"rotation":{"angle":-45,"axis":"x","origin":[11.1,10,8]},"faces":{"north":{"uv":[9,1.5,10.5,1.75],"texture":"#0"},"east":{"uv":[9.25,9.5,9.25,9.75],"texture":"#0"},"south":{"uv":[9,2,10.5,2.25],"texture":"#0"},"west":{"uv":[0,9.75,0,10],"texture":"#0"},"up":{"uv":[3.25,9.75,1.75,9.75],"texture":"#0"},"down":{"uv":[5,9.75,3.5,9.75],"texture":"#0"}}},{"from":[4.9,9.5,9],"to":[4.9,10.5,16],"rotation":{"angle":-45,"axis":"x","origin":[4.9,10,8]},"faces":{"north":{"uv":[0.25,9.75,0.25,10],"texture":"#0"},"east":{"uv":[8.75,4,10.5,4.25],"texture":"#0"},"south":{"uv":[0.5,9.75,0.5,10],"texture":"#0"},"west":{"uv":[4.25,8.75,6,9],"texture":"#0"},"up":{"uv":[0.75,11.5,0.75,9.75],"texture":"#0"},"down":{"uv":[1,9.75,1,11.5],"texture":"#0"}}},{"from":[3.5,8,3.5],"to":[12.5,8,7],"rotation":{"angle":0,"axis":"y","origin":[11,7,4]},"faces":{"north":{"uv":[9.75,4.5,12,4.5],"texture":"#0"},"east":{"uv":[9.75,4.75,10.75,4.75],"texture":"#0"},"south":{"uv":[9.75,5,12,5],"texture":"#0"},"west":{"uv":[9.75,7.25,10.75,7.25],"texture":"#0"},"up":{"uv":[4,7.25,1.75,6.25],"texture":"#0"},"down":{"uv":[4,6.25,1.75,7.25],"texture":"#0"}}},{"from":[3.5,0,3.5],"to":[3.5,8,7],"rotation":{"angle":0,"axis":"y","origin":[11,7,4]},"faces":{"north":{"uv":[5.25,9.75,5.25,11.75],"texture":"#0"},"east":{"uv":[7.75,5.75,6.75,7.75],"texture":"#0"},"south":{"uv":[5.5,9.75,5.5,11.75],"texture":"#0"},"west":{"uv":[6.75,5.75,7.75,7.75],"texture":"#0"},"up":{"uv":[5.75,10.75,5.75,9.75],"texture":"#0"},"down":{"uv":[6,9.75,6,10.75],"texture":"#0"}}},{"from":[12.5,0,3.5],"to":[12.5,8,7],"rotation":{"angle":0,"axis":"y","origin":[5,7,4]},"faces":{"north":{"uv":[9.75,7.5,9.75,9.5],"texture":"#0"},"east":{"uv":[1.75,7.5,2.75,9.5],"texture":"#0"},"south":{"uv":[9.5,9.75,9.5,11.75],"texture":"#0"},"west":{"uv":[2.75,7.5,1.75,9.5],"texture":"#0"},"up":{"uv":[9.75,10.75,9.75,9.75],"texture":"#0"},"down":{"uv":[1.75,10,1.75,11],"texture":"#0"}}},{"from":[3.5,0,3.5],"to":[12.5,8,3.5],"rotation":{"angle":0,"axis":"y","origin":[11,7,4]},"faces":{"north":{"uv":[0,0,2.25,2],"texture":"#0"},"east":{"uv":[2,10,2,12],"texture":"#0"},"south":{"uv":[2.25,0,0,2],"texture":"#0"},"west":{"uv":[2.25,10,2.25,12],"texture":"#0"},"up":{"uv":[4.75,10,2.5,10],"texture":"#0"},"down":{"uv":[12.25,5.25,10,5.25],"texture":"#0"}}}],"gui_light":"front","display":{"gui":{"rotation":[22.5,145,0],"translation":[0,-0.75,0],"scale":[0.9,0.9,0.9]},"head":{"translation":[0,7.25,0],"scale":[1.7,1.7,1.7]}},"groups":[{"name":"paint_bucket_hat","origin":[11,7,12],"color":0,"children":[{"name":"brush","origin":[7,9,5.5],"color":0,"children":[0,1,2,{"name":"paint","origin":[7,9.1,5.5],"color":0,"children":[3,4,5]}]},{"name":"bucket","origin":[4.9,10,8],"color":0,"children":[6,7,8,9,10,{"name":"handle","origin":[4.9,10,8],"color":0,"children":[11,12,13]}]},{"name":"paint","origin":[11,7,4],"color":0,"children":[14,15,16,17]}]}]}