{"credit":"By EliteCreatures","textures":{"0":"elitecreatures:collectibles_v5_32x/dainty_hummingbirds_inside_32","1":"elitecreatures:collectibles_v5_32x/collectibles_package","2":"elitecreatures:collectibles_v5_32x/ef_dainty_hummingbirds_long","particle":"elitecreatures:collectibles_v5_32x/collectibles_package"},"elements":[{"from":[7.346,10.08315,-0.94152],"to":[8.654,11.39115,2.65548],"rotation":{"angle":0,"axis":"y","origin":[8,9.83315,1.39123]},"faces":{"north":{"uv":[7,6.5,7.375,6.875],"texture":"#0"},"east":{"uv":[7,1.25,7.875,1.625],"texture":"#0"},"south":{"uv":[7,7,7.375,7.375],"texture":"#0"},"west":{"uv":[7,1.75,7.875,2.125],"texture":"#0"},"up":{"uv":[6.375,7.625,6,6.75],"texture":"#0"},"down":{"uv":[1.125,7,0.75,7.875],"texture":"#0"}}},{"from":[5.055,10.08115,0.65348],"to":[10.945,15.31715,7.19748],"rotation":{"angle":0,"axis":"y","origin":[8,9.83315,1.39123]},"faces":{"north":{"uv":[4.5,4.5,6,5.75],"texture":"#0"},"east":{"uv":[4.25,1.75,5.875,3],"texture":"#0"},"south":{"uv":[5.75,0,7.25,1.25],"texture":"#0"},"west":{"uv":[2.75,4.5,4.375,5.75],"texture":"#0"},"up":{"uv":[5.75,1.625,4.25,0],"texture":"#0"},"down":{"uv":[2.75,4.5,1.25,6.125],"texture":"#0"}}},{"from":[5.384,2.90335,1.36671],"to":[10.616,8.78935,13.13871],"rotation":{"angle":45,"axis":"x","origin":[8,7.15435,8.07021]},"faces":{"north":{"uv":[2.75,5.75,4,7.25],"texture":"#0"},"east":{"uv":[0,0,3,1.5],"texture":"#0"},"south":{"uv":[4,5.75,5.25,7.25],"texture":"#0"},"west":{"uv":[0,1.5,3,3],"texture":"#0"},"up":{"uv":[1.25,6,0,3],"texture":"#0"},"down":{"uv":[4.25,0,3,3],"texture":"#0"}}},{"from":[4.076,4.47885,3.99092],"to":[5.384,10.36485,13.80092],"rotation":{"angle":22.5,"axis":"x","origin":[4.73,6.11385,7.26092]},"faces":{"north":{"uv":[2.25,6.25,2.625,7.75],"texture":"#0"},"east":{"uv":[1.25,3,3.75,4.5],"texture":"#0"},"south":{"uv":[6.5,5.75,6.875,7.25],"texture":"#0"},"west":{"uv":[3.75,3,6.25,4.5],"texture":"#0"},"up":{"uv":[1.625,8.75,1.25,6.25],"texture":"#0"},"down":{"uv":[2.125,6.25,1.75,8.75],"texture":"#0"}}},{"from":[5.057,-0.02662,6.02546],"to":[7.346,1.28138,9.62246],"rotation":{"angle":0,"axis":"y","origin":[6.2015,0.62738,7.82396]},"faces":{"north":{"uv":[7,5.5,7.625,5.875],"texture":"#0"},"east":{"uv":[7,4.5,7.875,4.875],"texture":"#0"},"south":{"uv":[7,6,7.625,6.375],"texture":"#0"},"west":{"uv":[7,5,7.875,5.375],"texture":"#0"},"up":{"uv":[5.875,7.625,5.25,6.75],"texture":"#0"},"down":{"uv":[0.625,7,0,7.875],"texture":"#0"}}},{"from":[8.654,-0.02662,6.02546],"to":[10.943,1.28138,9.62246],"rotation":{"angle":0,"axis":"y","origin":[9.7985,0.62738,7.82396]},"faces":{"north":{"uv":[7.625,5.5,7,5.875],"texture":"#0"},"east":{"uv":[7.875,5,7,5.375],"texture":"#0"},"south":{"uv":[7.625,6,7,6.375],"texture":"#0"},"west":{"uv":[7.875,4.5,7,4.875],"texture":"#0"},"up":{"uv":[5.25,7.625,5.875,6.75],"texture":"#0"},"down":{"uv":[0,7,0.625,7.875],"texture":"#0"}}},{"from":[10.616,4.47885,3.99092],"to":[11.924,10.36485,13.80092],"rotation":{"angle":22.5,"axis":"x","origin":[11.27,6.11385,7.26092]},"faces":{"north":{"uv":[2.625,6.25,2.25,7.75],"texture":"#0"},"east":{"uv":[6.25,3,3.75,4.5],"texture":"#0"},"south":{"uv":[6.875,5.75,6.5,7.25],"texture":"#0"},"west":{"uv":[3.75,3,1.25,4.5],"texture":"#0"},"up":{"uv":[1.25,8.75,1.625,6.25],"texture":"#0"},"down":{"uv":[1.75,6.25,2.125,8.75],"texture":"#0"}}},{"from":[6.365,0.75239,9.40113],"to":[9.635,4.34939,14.48013],"rotation":{"angle":22.5,"axis":"x","origin":[8,1.40639,14.30613]},"faces":{"north":{"uv":[6.25,2.5,7.125,3.375],"texture":"#0"},"east":{"uv":[5.25,5.75,6.5,6.625],"texture":"#0"},"south":{"uv":[6.25,3.5,7.125,4.375],"texture":"#0"},"west":{"uv":[0,6,1.25,6.875],"texture":"#0"},"up":{"uv":[6.875,2.5,6,1.25],"texture":"#0"},"down":{"uv":[6.875,4.5,6,5.75],"texture":"#0"}}},{"name":"signs","from":[0.7,18.25,-0.075],"to":[15.3,20.55,-0.075],"rotation":{"angle":0,"axis":"y","origin":[17,6.9,0]},"faces":{"north":{"uv":[0,14.875,9.75,16],"texture":"#0"},"east":{"uv":[0,0,0,0.75],"texture":"#0"},"west":{"uv":[0,0,0,0.75],"texture":"#0"},"up":{"uv":[3.625,0,0,0],"texture":"#0"},"down":{"uv":[3.625,0,0,0],"texture":"#0"}}},{"name":"package","from":[0,-0.1,0],"to":[16,21.9,0],"faces":{"north":{"uv":[0,0,4,5.5],"texture":"#1"},"east":{"uv":[4,0,8,5.5],"texture":"#1"},"south":{"uv":[0,0,4,5.5],"texture":"#1"},"west":{"uv":[4,5.5,8,11],"texture":"#1"},"up":{"uv":[12,4,8,0],"texture":"#1"},"down":{"uv":[12,4,8,8],"texture":"#1"}}},{"name":"package","from":[0,-0.1,16],"to":[16,21.9,16],"faces":{"north":{"uv":[0,5.5,4,11],"texture":"#1"},"east":{"uv":[4,0,8,5.5],"texture":"#1"},"south":{"uv":[0,5.5,4,11],"texture":"#1"},"west":{"uv":[4,5.5,8,11],"texture":"#1"},"up":{"uv":[12,4,8,0],"texture":"#1"},"down":{"uv":[12,4,8,8],"texture":"#1"}}},{"name":"package","from":[0,-0.1,0],"to":[16,-0.1,16],"faces":{"north":{"uv":[0,0,4,5.5],"texture":"#1"},"east":{"uv":[4,0,8,5.5],"texture":"#1"},"south":{"uv":[0,5.5,4,11],"texture":"#1"},"west":{"uv":[4,5.5,8,11],"texture":"#1"},"up":{"uv":[12,4,8,8],"texture":"#1"},"down":{"uv":[12,4,8,8],"texture":"#1"}}},{"name":"package","from":[0,21.9,0],"to":[16,21.9,16],"faces":{"north":{"uv":[0,0,4,5.5],"texture":"#1"},"east":{"uv":[4,0,8,5.5],"texture":"#1"},"south":{"uv":[0,5.5,4,11],"texture":"#1"},"west":{"uv":[4,5.5,8,11],"texture":"#1"},"up":{"uv":[12,4,8,0],"texture":"#1"},"down":{"uv":[12,4,8,8],"texture":"#1"}}},{"name":"package","from":[16,-0.1,0],"to":[16,21.9,16],"faces":{"north":{"uv":[0,0,4,5.5],"texture":"#1"},"east":{"uv":[4,0,8,5.5],"texture":"#1"},"south":{"uv":[0,5.5,4,11],"texture":"#1"},"west":{"uv":[4,5.5,8,11],"texture":"#1"},"up":{"uv":[12,4,8,0],"texture":"#1"},"down":{"uv":[12,4,8,8],"texture":"#1"}}},{"name":"package","from":[0,-0.1,0],"to":[0,21.9,16],"faces":{"north":{"uv":[0,0,4,5.5],"texture":"#1"},"east":{"uv":[4,0,8,5.5],"texture":"#1"},"south":{"uv":[0,5.5,4,11],"texture":"#1"},"west":{"uv":[4,5.5,8,11],"texture":"#1"},"up":{"uv":[12,4,8,0],"texture":"#1"},"down":{"uv":[12,4,8,8],"texture":"#1"}}},{"from":[9.5185,13.34985,1],"to":[14.0185,18.34985,1],"rotation":{"angle":-45,"axis":"y","origin":[11.7685,15.84985,1]},"faces":{"north":{"uv":[1.5,1,6.5,8],"texture":"#2"},"east":{"uv":[0,0,0,7],"texture":"#missing"},"south":{"uv":[6.5,1,1.5,8],"texture":"#2"},"west":{"uv":[0,0,0,7],"texture":"#missing"},"up":{"uv":[0,0,7,0],"texture":"#missing"},"down":{"uv":[0,0,7,0],"texture":"#missing"}}},{"from":[1.9815,7.34985,1],"to":[6.4815,12.34985,1],"rotation":{"angle":45,"axis":"y","origin":[4.2315,9.84985,1]},"faces":{"north":{"uv":[9,9,14,16],"texture":"#2"},"east":{"uv":[0,0,0,7],"texture":"#missing"},"south":{"uv":[14,9,9,16],"texture":"#2"},"west":{"uv":[0,0,0,7],"texture":"#missing"},"up":{"uv":[7,0,0,0],"texture":"#missing"},"down":{"uv":[7,0,0,0],"texture":"#missing"}}},{"from":[10.0185,3.09985,1],"to":[13.5185,6.59985,1],"rotation":{"angle":-45,"axis":"y","origin":[11.7685,9.84985,1]},"faces":{"north":{"uv":[9,9,14,16],"texture":"#2"},"east":{"uv":[0,0,0,7],"texture":"#missing"},"south":{"uv":[14,9,9,16],"texture":"#2"},"west":{"uv":[0,0,0,7],"texture":"#missing"},"up":{"uv":[0,0,7,0],"texture":"#missing"},"down":{"uv":[0,0,7,0],"texture":"#missing"}}}],"gui_light":"front","display":{"thirdperson_righthand":{"rotation":[61.23,4.49,0.46],"translation":[0,1.75,0.75],"scale":[0.5,0.5,0.5]},"thirdperson_lefthand":{"rotation":[61.23,4.49,0.46],"translation":[0,1.75,0.75],"scale":[0.5,0.5,0.5]},"firstperson_righthand":{"rotation":[-166,53.68,171.1],"translation":[0.75,3.75,-0.75],"scale":[0.58336,0.58336,0.58336]},"firstperson_lefthand":{"rotation":[-166,53.68,171.1],"translation":[0.75,3.75,-0.75],"scale":[0.58336,0.58336,0.58336]},"ground":{"rotation":[68,0,0],"translation":[0,1.5,0],"scale":[0.5,0.5,0.5]},"gui":{"rotation":[-170,30,-180],"translation":[0,-2,0],"scale":[0.62,0.62,0.62]},"head":{"rotation":[7,180,1],"translation":[0,-60,11.25],"scale":[1.6,1.6,1.6]},"fixed":{"rotation":[-90,0,0],"translation":[0,-0.25,-16.25],"scale":[2,2,2]}}}