{"credit":"By EliteCreatures","textures":{"0":"elitecreatures:collectibles_v5_32x/enchanting_unicorns_inside_32","1":"elitecreatures:collectibles_v5_32x/collectibles_package","2":"elitecreatures:collectibles_v5_32x/ef_enchanting_unicorns_long","particle":"elitecreatures:collectibles_v5_32x/collectibles_package"},"elements":[{"from":[4.5,9.5,6],"to":[11.5,16.5,12.5],"rotation":{"angle":0,"axis":"y","origin":[7,-1,7]},"faces":{"north":{"uv":[3.5,0,5.25,1.75],"texture":"#0"},"east":{"uv":[3.5,3.5,5.125,5.25],"texture":"#0"},"south":{"uv":[3.5,1.75,5.25,3.5],"texture":"#0"},"west":{"uv":[0,4,1.625,5.75],"texture":"#0"},"up":{"uv":[3.5,5.625,1.75,4],"texture":"#0"},"down":{"uv":[7,0,5.25,1.625],"texture":"#0"}}},{"from":[5,8,7],"to":[11,9.5,12.5],"rotation":{"angle":0,"axis":"y","origin":[7,0,7]},"faces":{"north":{"uv":[7.75,8.5,9.25,8.875],"texture":"#0"},"east":{"uv":[8.75,2.5,10.125,2.875],"texture":"#0"},"south":{"uv":[0,8.75,1.5,9.125],"texture":"#0"},"west":{"uv":[9,0.75,10.375,1.125],"texture":"#0"},"up":{"uv":[6.75,4.875,5.25,3.5],"texture":"#0"},"down":{"uv":[6.75,5,5.25,6.375],"texture":"#0"}}},{"from":[4.5,0,6],"to":[11.5,8,12.5],"rotation":{"angle":0,"axis":"y","origin":[7,0,7]},"faces":{"north":{"uv":[0,0,1.75,2],"texture":"#0"},"east":{"uv":[0,2,1.625,4],"texture":"#0"},"south":{"uv":[1.75,0,3.5,2],"texture":"#0"},"west":{"uv":[1.75,2,3.375,4],"texture":"#0"},"up":{"uv":[7,3.375,5.25,1.75],"texture":"#0"},"down":{"uv":[5.25,5.25,3.5,6.875],"texture":"#0"}}},{"from":[6.5,0,12.5],"to":[9.5,4,15.75],"rotation":{"angle":0,"axis":"y","origin":[7,0,7]},"faces":{"north":{"uv":[8.5,4,9.25,5],"texture":"#0"},"east":{"uv":[1.5,7.75,2.375,8.75],"texture":"#0"},"south":{"uv":[5.5,8.5,6.25,9.5],"texture":"#0"},"west":{"uv":[7.75,2,8.625,3],"texture":"#0"},"up":{"uv":[7,9.375,6.25,8.5],"texture":"#0"},"down":{"uv":[7.75,8.5,7,9.375],"texture":"#0"}}},{"from":[6.5,15.75,5],"to":[9.5,18.25,12.5],"rotation":{"angle":0,"axis":"y","origin":[7,-1,7]},"faces":{"north":{"uv":[9.25,3,10,3.625],"texture":"#0"},"east":{"uv":[7.5,5,9.375,5.625],"texture":"#0"},"south":{"uv":[9.25,3.75,10,4.375],"texture":"#0"},"west":{"uv":[7.5,5.75,9.375,6.375],"texture":"#0"},"up":{"uv":[2.25,7.625,1.5,5.75],"texture":"#0"},"down":{"uv":[3,5.75,2.25,7.625],"texture":"#0"}}},{"from":[6.5,9.75,12.5],"to":[9.5,17.25,14.5],"rotation":{"angle":0,"axis":"y","origin":[7,-1,7]},"faces":{"north":{"uv":[5.25,6.5,6,8.375],"texture":"#0"},"east":{"uv":[4.5,7,5,8.875],"texture":"#0"},"south":{"uv":[6,6.5,6.75,8.375],"texture":"#0"},"west":{"uv":[7.75,0,8.25,1.875],"texture":"#0"},"up":{"uv":[8.5,3.5,7.75,3],"texture":"#0"},"down":{"uv":[10,4.5,9.25,5],"texture":"#0"}}},{"from":[7.25,6.75,12.5],"to":[8.75,15.25,15.5],"rotation":{"angle":0,"axis":"y","origin":[7,-1,7]},"faces":{"north":{"uv":[2.5,7.75,2.875,9.875],"texture":"#0"},"east":{"uv":[0,5.75,0.75,7.875],"texture":"#0"},"south":{"uv":[5,8.5,5.375,10.625],"texture":"#0"},"west":{"uv":[0.75,5.75,1.5,7.875],"texture":"#0"},"up":{"uv":[1.875,10.25,1.5,9.5],"texture":"#0"},"down":{"uv":[2.375,9.5,2,10.25],"texture":"#0"}}},{"from":[2.07612,0,2.88268],"to":[5.07612,3,9.38268],"rotation":{"angle":45,"axis":"y","origin":[4.57612,1.5,6.63268]},"faces":{"north":{"uv":[1.5,8.75,2.25,9.5],"texture":"#0"},"east":{"uv":[6.75,3.5,8.375,4.25],"texture":"#0"},"south":{"uv":[8.75,1.75,9.5,2.5],"texture":"#0"},"west":{"uv":[6.75,4.25,8.375,5],"texture":"#0"},"up":{"uv":[7.5,6.625,6.75,5],"texture":"#0"},"down":{"uv":[7.5,6.75,6.75,8.375],"texture":"#0"}}},{"from":[2.42967,3,4.82202],"to":[5.42967,9.5,7.82202],"rotation":{"angle":22.5,"axis":"x","origin":[5.92967,7.5,6.57202]},"faces":{"north":{"uv":[7,0,7.75,1.625],"texture":"#0"},"east":{"uv":[7,1.75,7.75,3.375],"texture":"#0"},"south":{"uv":[3,7,3.75,8.625],"texture":"#0"},"west":{"uv":[3.75,7,4.5,8.625],"texture":"#0"},"up":{"uv":[3.75,9.5,3,8.75],"texture":"#0"},"down":{"uv":[4.5,8.75,3.75,9.5],"texture":"#0"}}},{"from":[6.75,16.53033,5.67678],"to":[9.25,19.28033,8.17678],"rotation":{"angle":-22.5,"axis":"x","origin":[8,18.53033,6.92678]},"faces":{"north":{"uv":[7.75,9,8.375,9.75],"texture":"#0"},"east":{"uv":[8.5,9,9.125,9.75],"texture":"#0"},"south":{"uv":[0,9.25,0.625,10],"texture":"#0"},"west":{"uv":[0.75,9.25,1.375,10],"texture":"#0"},"up":{"uv":[9.875,9.125,9.25,8.5],"texture":"#0"},"down":{"uv":[9.875,9.25,9.25,9.875],"texture":"#0"}}},{"from":[7.1,19.28033,6.02678],"to":[8.9,22.03033,7.82678],"rotation":{"angle":-22.5,"axis":"x","origin":[8,18.53033,6.92678]},"faces":{"north":{"uv":[3,5.75,3.5,6.5],"texture":"#0"},"east":{"uv":[4.5,9,5,9.75],"texture":"#0"},"south":{"uv":[9.5,0,10,0.75],"texture":"#0"},"west":{"uv":[9.5,1.25,10,2],"texture":"#0"},"up":{"uv":[3.5,7,3,6.5],"texture":"#0"},"down":{"uv":[9.5,1.25,9,1.75],"texture":"#0"}}},{"from":[4.5,16.5,7.75],"to":[7,19.75,8.75],"rotation":{"angle":0,"axis":"y","origin":[7,-1,7]},"faces":{"north":{"uv":[8.75,6.5,9.375,7.375],"texture":"#0"},"east":{"uv":[5,7,5.25,7.875],"texture":"#0"},"south":{"uv":[8.75,7.5,9.375,8.375],"texture":"#0"},"west":{"uv":[3,9.5,3.25,10.375],"texture":"#0"},"up":{"uv":[10.125,2.25,9.5,2],"texture":"#0"},"down":{"uv":[10.125,2.25,9.5,2.5],"texture":"#0"}}},{"from":[9,16.5,7.75],"to":[11.5,19.75,8.75],"rotation":{"angle":0,"axis":"y","origin":[9,-1,7]},"faces":{"north":{"uv":[9.375,6.5,8.75,7.375],"texture":"#0"},"east":{"uv":[3.25,9.5,3,10.375],"texture":"#0"},"south":{"uv":[9.375,7.5,8.75,8.375],"texture":"#0"},"west":{"uv":[5.25,7,5,7.875],"texture":"#0"},"up":{"uv":[9.5,2.25,10.125,2],"texture":"#0"},"down":{"uv":[9.5,2.25,10.125,2.5],"texture":"#0"}}},{"from":[10.92388,0,2.88268],"to":[13.92388,3,9.38268],"rotation":{"angle":-45,"axis":"y","origin":[11.42388,1.5,6.63268]},"faces":{"north":{"uv":[2.25,8.75,1.5,9.5],"texture":"#0"},"east":{"uv":[8.375,4.25,6.75,5],"texture":"#0"},"south":{"uv":[9.5,1.75,8.75,2.5],"texture":"#0"},"west":{"uv":[8.375,3.5,6.75,4.25],"texture":"#0"},"up":{"uv":[6.75,6.625,7.5,5],"texture":"#0"},"down":{"uv":[6.75,6.75,7.5,8.375],"texture":"#0"}}},{"from":[10.57033,3,4.82202],"to":[13.57033,9.5,7.82202],"rotation":{"angle":22.5,"axis":"x","origin":[10.07033,7.5,6.57202]},"faces":{"north":{"uv":[7.75,0,7,1.625],"texture":"#0"},"east":{"uv":[4.5,7,3.75,8.625],"texture":"#0"},"south":{"uv":[3.75,7,3,8.625],"texture":"#0"},"west":{"uv":[7.75,1.75,7,3.375],"texture":"#0"},"up":{"uv":[3,9.5,3.75,8.75],"texture":"#0"},"down":{"uv":[3.75,8.75,4.5,9.5],"texture":"#0"}}},{"from":[5.75,9.5,3],"to":[10.25,13.25,6],"rotation":{"angle":0,"axis":"y","origin":[7,-1,7]},"faces":{"north":{"uv":[7.5,6.5,8.625,7.5],"texture":"#0"},"east":{"uv":[8.25,0.75,9,1.75],"texture":"#0"},"south":{"uv":[7.5,7.5,8.625,8.5],"texture":"#0"},"west":{"uv":[8.5,3,9.25,4],"texture":"#0"},"up":{"uv":[1.125,8.75,0,8],"texture":"#0"},"down":{"uv":[9.375,0,8.25,0.75],"texture":"#0"}}},{"name":"signs","from":[0.7,18,-0.075],"to":[15.3,20.8,-0.075],"rotation":{"angle":0,"axis":"y","origin":[17,6.9,0]},"faces":{"north":{"uv":[0,14.875,7.375,16],"texture":"#0"},"east":{"uv":[0,0,0,0.75],"texture":"#0"},"west":{"uv":[0,0,0,0.75],"texture":"#0"},"up":{"uv":[3.625,0,0,0],"texture":"#0"},"down":{"uv":[3.625,0,0,0],"texture":"#0"}}},{"name":"package","from":[0,-0.1,0],"to":[16,21.9,0],"faces":{"north":{"uv":[0,0,4,5.5],"texture":"#1"},"east":{"uv":[4,0,8,5.5],"texture":"#1"},"south":{"uv":[0,0,4,5.5],"texture":"#1"},"west":{"uv":[4,5.5,8,11],"texture":"#1"},"up":{"uv":[12,4,8,0],"texture":"#1"},"down":{"uv":[12,4,8,8],"texture":"#1"}}},{"name":"package","from":[0,-0.1,16],"to":[16,21.9,16],"faces":{"north":{"uv":[0,5.5,4,11],"texture":"#1"},"east":{"uv":[4,0,8,5.5],"texture":"#1"},"south":{"uv":[0,5.5,4,11],"texture":"#1"},"west":{"uv":[4,5.5,8,11],"texture":"#1"},"up":{"uv":[12,4,8,0],"texture":"#1"},"down":{"uv":[12,4,8,8],"texture":"#1"}}},{"name":"package","from":[0,-0.1,0],"to":[16,-0.1,16],"faces":{"north":{"uv":[0,0,4,5.5],"texture":"#1"},"east":{"uv":[4,0,8,5.5],"texture":"#1"},"south":{"uv":[0,5.5,4,11],"texture":"#1"},"west":{"uv":[4,5.5,8,11],"texture":"#1"},"up":{"uv":[12,4,8,8],"texture":"#1"},"down":{"uv":[12,4,8,8],"texture":"#1"}}},{"name":"package","from":[0,21.9,0],"to":[16,21.9,16],"faces":{"north":{"uv":[0,0,4,5.5],"texture":"#1"},"east":{"uv":[4,0,8,5.5],"texture":"#1"},"south":{"uv":[0,5.5,4,11],"texture":"#1"},"west":{"uv":[4,5.5,8,11],"texture":"#1"},"up":{"uv":[12,4,8,0],"texture":"#1"},"down":{"uv":[12,4,8,8],"texture":"#1"}}},{"name":"package","from":[16,-0.1,0],"to":[16,21.9,16],"faces":{"north":{"uv":[0,0,4,5.5],"texture":"#1"},"east":{"uv":[4,0,8,5.5],"texture":"#1"},"south":{"uv":[0,5.5,4,11],"texture":"#1"},"west":{"uv":[4,5.5,8,11],"texture":"#1"},"up":{"uv":[12,4,8,0],"texture":"#1"},"down":{"uv":[12,4,8,8],"texture":"#1"}}},{"name":"package","from":[0,-0.1,0],"to":[0,21.9,16],"faces":{"north":{"uv":[0,0,4,5.5],"texture":"#1"},"east":{"uv":[4,0,8,5.5],"texture":"#1"},"south":{"uv":[0,5.5,4,11],"texture":"#1"},"west":{"uv":[4,5.5,8,11],"texture":"#1"},"up":{"uv":[12,4,8,0],"texture":"#1"},"down":{"uv":[12,4,8,8],"texture":"#1"}}},{"from":[0.3,14,13],"to":[15.7,22,13],"rotation":{"angle":0,"axis":"y","origin":[8,4,0]},"faces":{"north":{"uv":[0.5,0.5,15.4,8],"texture":"#2"},"east":{"uv":[0,0,0,8],"texture":"#missing"},"south":{"uv":[15.4,0.5,0.5,8],"texture":"#2"},"west":{"uv":[0,0,0,8],"texture":"#missing"},"up":{"uv":[0,0,15.4,0],"texture":"#missing"},"down":{"uv":[0,0,15.4,0],"texture":"#missing"}}},{"from":[0,12.5,12.75],"to":[6,16.5,12.75],"rotation":{"angle":0,"axis":"y","origin":[3,14.5,12.75]},"faces":{"north":{"uv":[11,9,1,14],"texture":"#2"},"east":{"uv":[0,0,0,6],"texture":"#missing"},"south":{"uv":[1,9,11,14],"texture":"#2"},"west":{"uv":[0,0,0,6],"texture":"#missing"},"up":{"uv":[0,0,6,0],"texture":"#missing"},"down":{"uv":[0,0,6,0],"texture":"#missing"}}},{"from":[-1,10.75,13.25],"to":[5,14.75,13.25],"rotation":{"angle":0,"axis":"y","origin":[3,14.5,12.75]},"faces":{"north":{"uv":[1,9,11,14],"texture":"#2"},"east":{"uv":[0,0,0,6],"texture":"#missing"},"south":{"uv":[11,9,1,14],"texture":"#2"},"west":{"uv":[0,0,0,6],"texture":"#missing"},"up":{"uv":[0,0,6,0],"texture":"#missing"},"down":{"uv":[0,0,6,0],"texture":"#missing"}}},{"from":[11,11.25,13.25],"to":[17,15.25,13.25],"rotation":{"angle":0,"axis":"y","origin":[13,14.5,12.75]},"faces":{"north":{"uv":[11,9,1,14],"texture":"#2"},"east":{"uv":[0,0,0,6],"texture":"#missing"},"south":{"uv":[1,9,11,14],"texture":"#2"},"west":{"uv":[0,0,0,6],"texture":"#missing"},"up":{"uv":[6,0,0,0],"texture":"#missing"},"down":{"uv":[6,0,0,0],"texture":"#missing"}}},{"from":[10.25,13.25,12.75],"to":[16.25,17.25,12.75],"rotation":{"angle":0,"axis":"y","origin":[13,14.5,12.75]},"faces":{"north":{"uv":[1,9,11,14],"texture":"#2"},"east":{"uv":[0,0,0,6],"texture":"#missing"},"south":{"uv":[11,9,1,14],"texture":"#2"},"west":{"uv":[0,0,0,6],"texture":"#missing"},"up":{"uv":[6,0,0,0],"texture":"#missing"},"down":{"uv":[6,0,0,0],"texture":"#missing"}}}],"gui_light":"front","display":{"thirdperson_righthand":{"rotation":[61.23,4.49,0.46],"translation":[0,1.75,0.75],"scale":[0.5,0.5,0.5]},"thirdperson_lefthand":{"rotation":[61.23,4.49,0.46],"translation":[0,1.75,0.75],"scale":[0.5,0.5,0.5]},"firstperson_righthand":{"rotation":[-166,53.68,171.1],"translation":[0.75,3.75,-0.75],"scale":[0.58336,0.58336,0.58336]},"firstperson_lefthand":{"rotation":[-166,53.68,171.1],"translation":[0.75,3.75,-0.75],"scale":[0.58336,0.58336,0.58336]},"ground":{"rotation":[68,0,0],"translation":[0,1.5,0],"scale":[0.5,0.5,0.5]},"gui":{"rotation":[-170,30,-180],"translation":[0,-2,0],"scale":[0.62,0.62,0.62]},"head":{"rotation":[7,180,1],"translation":[0,-60,11.25],"scale":[1.6,1.6,1.6]},"fixed":{"rotation":[-90,0,0],"translation":[0,-0.25,-16.25],"scale":[2,2,2]}}}