{"credit":"By EliteCreatures","textures":{"0":"elitecreatures:collectibles_v3_32x/curious_raccoons_inside_32","2":"elitecreatures:collectibles_v3_32x/ef_curious_raccoons_long","particle":"elitecreatures:collectibles_v3_32x/curious_raccoons_inside_32"},"elements":[{"from":[4,1,5],"to":[12,10,12],"rotation":{"angle":0,"axis":"y","origin":[7,0,6]},"faces":{"north":{"uv":[2.5,0,4.5,2.25],"texture":"#0"},"east":{"uv":[4.5,1.75,6.25,4],"texture":"#0"},"south":{"uv":[2.5,2.25,4.5,4.5],"texture":"#0"},"west":{"uv":[2.5,4.5,4.25,6.75],"texture":"#0"},"up":{"uv":[6.5,5.75,4.5,4],"texture":"#0"},"down":{"uv":[2,5.75,0,7.5],"texture":"#0"}}},{"from":[6,0,11],"to":[10,9,15],"rotation":{"angle":0,"axis":"y","origin":[7,0,6]},"faces":{"north":{"uv":[2,6.75,3,9],"texture":"#0"},"east":{"uv":[3,6.75,4,9],"texture":"#0"},"south":{"uv":[6.25,7.25,7.25,9.5],"texture":"#0"},"west":{"uv":[7.25,7.25,8.25,9.5],"texture":"#0"},"up":{"uv":[8.75,6,7.75,5],"texture":"#0"},"down":{"uv":[8.75,6,7.75,7],"texture":"#0"}}},{"from":[1.96967,3.98343,7.18124],"to":[3.96967,10.98343,9.18124],"rotation":{"angle":-22.5,"axis":"z","origin":[3.46967,7.73343,8.18124]},"faces":{"north":{"uv":[2,9.25,1.5,7.5],"rotation":180,"texture":"#0"},"east":{"uv":[7.75,1,9.5,1.5],"rotation":90,"texture":"#0"},"south":{"uv":[6.25,7.5,5.75,9.25],"texture":"#0"},"west":{"uv":[8,3.5,9.75,4],"rotation":270,"texture":"#0"},"up":{"uv":[8.75,5,9.25,5.5],"texture":"#0"},"down":{"uv":[8.75,0.5,9.25,1],"rotation":180,"texture":"#0"}}},{"from":[3,0,4],"to":[6,6,10],"rotation":{"angle":22.5,"axis":"y","origin":[4.5,1.875,5.125]},"faces":{"north":{"uv":[7,0,7.75,1.5],"texture":"#0"},"east":{"uv":[6.25,5.75,7.75,7.25],"texture":"#0"},"south":{"uv":[0,7.5,0.75,9],"texture":"#0"},"west":{"uv":[6.5,3.5,8,5],"texture":"#0"},"up":{"uv":[1.5,9,0.75,7.5],"texture":"#0"},"down":{"uv":[4.75,7.5,4,9],"texture":"#0"}}},{"from":[3,0,2.5],"to":[6,1.5,4],"rotation":{"angle":22.5,"axis":"y","origin":[4.5,1.875,5.125]},"faces":{"north":{"uv":[8.25,3,9,3.375],"texture":"#0"},"east":{"uv":[8.75,5.5,9.125,5.875],"texture":"#0"},"south":{"uv":[4.75,8.5,5.5,8.875],"texture":"#0"},"west":{"uv":[8.75,6,9.125,6.375],"texture":"#0"},"up":{"uv":[9,8.875,8.25,8.5],"texture":"#0"},"down":{"uv":[9.5,0,8.75,0.375],"texture":"#0"}}},{"from":[0.998,8.498,3.998],"to":[11.002,15.502,12.002],"rotation":{"angle":22.5,"axis":"z","origin":[6.5,15.25,5.25]},"faces":{"north":{"uv":[0,4,2.5,5.75],"texture":"#0"},"east":{"uv":[4.25,5.75,6.25,7.5],"texture":"#0"},"south":{"uv":[4.5,0,7,1.75],"texture":"#0"},"west":{"uv":[6.25,1.75,8.25,3.5],"texture":"#0"},"up":{"uv":[2.5,2,0,0],"texture":"#0"},"down":{"uv":[2.5,2,0,4],"texture":"#0"}}},{"from":[1,15.5,7.5],"to":[5,19.5,8.5],"rotation":{"angle":22.5,"axis":"z","origin":[6.5,15.25,5.25]},"faces":{"north":{"uv":[4.75,7.5,5.75,8.5],"texture":"#0"},"east":{"uv":[4.25,4.5,4.5,5.5],"texture":"#0"},"south":{"uv":[7.75,0,8.75,1],"texture":"#0"},"west":{"uv":[2,5.75,2.25,6.75],"texture":"#0"},"up":{"uv":[8,1.75,7,1.5],"texture":"#0"},"down":{"uv":[9,4.75,8,5],"texture":"#0"}}},{"from":[7,15.5,7.5],"to":[11,19.5,8.5],"rotation":{"angle":22.5,"axis":"z","origin":[6.5,15.25,5.25]},"faces":{"north":{"uv":[4.75,7.5,5.75,8.5],"texture":"#0"},"east":{"uv":[4.25,4.5,4.5,5.5],"texture":"#0"},"south":{"uv":[7.75,0,8.75,1],"texture":"#0"},"west":{"uv":[2,5.75,2.25,6.75],"texture":"#0"},"up":{"uv":[8,1.75,7,1.5],"texture":"#0"},"down":{"uv":[9,4.75,8,5],"texture":"#0"}}},{"from":[10,0,2.5],"to":[13,1.5,4],"rotation":{"angle":-22.5,"axis":"y","origin":[11.5,1.875,5.125]},"faces":{"north":{"uv":[9,3,8.25,3.375],"texture":"#0"},"east":{"uv":[9.125,6,8.75,6.375],"texture":"#0"},"south":{"uv":[5.5,8.5,4.75,8.875],"texture":"#0"},"west":{"uv":[9.125,5.5,8.75,5.875],"texture":"#0"},"up":{"uv":[8.25,8.875,9,8.5],"texture":"#0"},"down":{"uv":[8.75,0,9.5,0.375],"texture":"#0"}}},{"from":[10,0,4],"to":[13,6,10],"rotation":{"angle":-22.5,"axis":"y","origin":[11.5,1.875,5.125]},"faces":{"north":{"uv":[7.75,0,7,1.5],"texture":"#0"},"east":{"uv":[8,3.5,6.5,5],"texture":"#0"},"south":{"uv":[0.75,7.5,0,9],"texture":"#0"},"west":{"uv":[7.75,5.75,6.25,7.25],"texture":"#0"},"up":{"uv":[0.75,9,1.5,7.5],"texture":"#0"},"down":{"uv":[4,7.5,4.75,9],"texture":"#0"}}},{"from":[12,3.7031,7.18124],"to":[14,10.7031,9.18124],"rotation":{"angle":22.5,"axis":"z","origin":[12,7.2031,7.18124]},"faces":{"north":{"uv":[1.5,9.25,2,7.5],"rotation":180,"texture":"#0"},"east":{"uv":[9.75,3.5,8,4],"rotation":90,"texture":"#0"},"south":{"uv":[5.75,7.5,6.25,9.25],"texture":"#0"},"west":{"uv":[9.5,1,7.75,1.5],"rotation":270,"texture":"#0"},"up":{"uv":[9.25,5,8.75,5.5],"texture":"#0"},"down":{"uv":[9.25,0.5,8.75,1],"rotation":180,"texture":"#0"}}},{"from":[4,8.5,2],"to":[8,11.5,5],"rotation":{"angle":22.5,"axis":"z","origin":[6.5,15.25,5.25]},"faces":{"north":{"uv":[6.5,5,7.5,5.75],"texture":"#0"},"east":{"uv":[8.25,7,9,7.75],"texture":"#0"},"south":{"uv":[8,4,9,4.75],"texture":"#0"},"west":{"uv":[8.25,7.75,9,8.5],"texture":"#0"},"up":{"uv":[9.25,2.25,8.25,1.5],"texture":"#0"},"down":{"uv":[9.25,2.25,8.25,3],"texture":"#0"}}},{"name":"ef","from":[1.15224,14.23463,5],"to":[5.15224,20.73463,5],"rotation":{"angle":22.5,"axis":"z","origin":[3.15224,17.48463,5]},"faces":{"north":{"uv":[2,0.5,6,8],"texture":"#2"},"east":{"uv":[0,0,0,12],"texture":"#missing"},"south":{"uv":[6,0.5,2,8],"texture":"#2"},"west":{"uv":[0,0,0,12],"texture":"#missing"},"up":{"uv":[0,0,10,0],"texture":"#missing"},"down":{"uv":[0,0,10,0],"texture":"#missing"}}},{"name":"ef","from":[10.15,16.75,5],"to":[14.65,21.25,5],"rotation":{"angle":22.5,"axis":"z","origin":[13,19,5]},"faces":{"north":{"uv":[13.5,3.5,11,6],"texture":"#2"},"east":{"uv":[0,0,0,8],"texture":"#missing"},"south":{"uv":[11,3.5,13.5,6],"texture":"#2"},"west":{"uv":[0,0,0,8],"texture":"#missing"},"up":{"uv":[10,0,0,0],"texture":"#missing"},"down":{"uv":[10,0,0,0],"texture":"#missing"}}}],"gui_light":"front","display":{"thirdperson_righthand":{"rotation":[61.23,4.49,0.46],"translation":[0,1.75,0.75],"scale":[0.5,0.5,0.5]},"thirdperson_lefthand":{"rotation":[70,180,0.46],"translation":[-6,-9.25,8.25],"scale":[0.75,0.75,0.75]},"firstperson_righthand":{"rotation":[-166,53.68,171.1],"translation":[0.75,3.75,-0.75],"scale":[0.58336,0.58336,0.58336]},"firstperson_lefthand":{"rotation":[-166,53.68,171.1],"translation":[0.75,3.75,-0.75],"scale":[0.58336,0.58336,0.58336]},"ground":{"rotation":[68,0,0],"translation":[0,1.5,0],"scale":[0.5,0.5,0.5]},"gui":{"rotation":[-170,30,-180],"translation":[0,-2,0],"scale":[0.62,0.62,0.62]},"head":{"rotation":[7,180,1],"translation":[0,-48.75,11.25],"scale":[1.6,1.6,1.6]},"fixed":{"rotation":[-90,0,0],"translation":[0,0,-16.25],"scale":[2,2,2]}}}