{"credit":"Made with Blockbench","texture_size":[128,128],"textures":{"0":"playbox_cherryblossomfurniture:kotatsu","particle":"playbox_cherryblossomfurniture:kotatsu"},"elements":[{"from":[-6,2,-6],"to":[22,8,22],"rotation":{"angle":0,"axis":"y","origin":[15,0,7]},"faces":{"north":{"uv":[0,9.5,3.5,10.25],"texture":"#0"},"east":{"uv":[0,9.5,3.5,10.25],"texture":"#0"},"south":{"uv":[0,9.5,3.5,10.25],"texture":"#0"},"west":{"uv":[0,9.5,3.5,10.25],"texture":"#0"},"up":{"uv":[7.5,10.5,4,7],"texture":"#0"},"down":{"uv":[11,0,7.5,3.5],"texture":"#0"}}},{"from":[-5,8,-5],"to":[21,9,21],"rotation":{"angle":0,"axis":"y","origin":[15,0,7]},"faces":{"north":{"uv":[4,10.75,7.25,10.875],"texture":"#0"},"east":{"uv":[10.75,4,14,4.125],"texture":"#0"},"south":{"uv":[10.75,4.125,14,4.25],"texture":"#0"},"west":{"uv":[10.75,4.25,14,4.375],"texture":"#0"},"up":{"uv":[10.75,6.75,7.5,3.5],"texture":"#0"},"down":{"uv":[10.75,6.75,7.5,10],"texture":"#0"}}},{"from":[-8,0,-8],"to":[24,2,24],"rotation":{"angle":0,"axis":"y","origin":[15,0,7]},"faces":{"north":{"uv":[0,10.25,4,10.5],"texture":"#0"},"east":{"uv":[0,10.5,4,10.75],"texture":"#0"},"south":{"uv":[0,10.75,4,11],"texture":"#0"},"west":{"uv":[10.75,3.5,14.75,3.75],"texture":"#0"},"up":{"uv":[4,4,0,0],"texture":"#0"},"down":{"uv":[4,4,0,8],"texture":"#0"}}},{"from":[-6,9,-6],"to":[22,10,22],"rotation":{"angle":0,"axis":"y","origin":[15,0,7]},"faces":{"north":{"uv":[4,10.5,7.5,10.625],"texture":"#0"},"east":{"uv":[4,10.625,7.5,10.75],"texture":"#0"},"south":{"uv":[10.75,3.75,14.25,3.875],"texture":"#0"},"west":{"uv":[10.75,3.875,14.25,4],"texture":"#0"},"up":{"uv":[7.5,3.5,4,0],"texture":"#0"},"down":{"uv":[7.5,3.5,4,7],"texture":"#0"}}}],"gui_light":"front","display":{"thirdperson_righthand":{"rotation":[60.5,0,0],"translation":[0,2.75,0],"scale":[0.26,0.26,0.26]},"thirdperson_lefthand":{"rotation":[60.5,0,0],"translation":[0,2.75,0],"scale":[0.26,0.26,0.26]},"firstperson_righthand":{"translation":[5.5,0,-1.75],"scale":[0.49,0.49,0.49]},"firstperson_lefthand":{"translation":[5.5,0,-1.75],"scale":[0.49,0.49,0.49]},"ground":{"translation":[0,6.75,0],"scale":[0.36,0.36,0.36]},"gui":{"scale":[0.48,0.48,0.48]},"head":{"translation":[0,-30.25,0],"scale":[1.6,1.6,1.6]},"fixed":{"rotation":[-90,0,0],"translation":[0,0,-6]}}}