{
	"credit": "Made by LZLeon with Blockbench, Contact - Discord: LZBlocks#0261 - E-Mail: lzblocks@outlook.com",
	"texture_size": [64, 64],
	"textures": {
		"0": "minehammer:item/furniture/medieval_market_lantern",
		"particle": "minehammer:item/furniture/medieval_market_lantern"
	},
	"elements": [
		{
			"from": [6, 4, 6],
			"to": [10, 32, 10],
			"faces": {
				"north": {"uv": [8, 8.25, 9, 15.25], "texture": "#0"},
				"east": {"uv": [7, 8.25, 8, 15.25], "texture": "#0"},
				"south": {"uv": [10, 8.25, 11, 15.25], "texture": "#0"},
				"west": {"uv": [9, 8.25, 10, 15.25], "texture": "#0"},
				"up": {"uv": [9, 8.25, 8, 7.25], "texture": "#0"},
				"down": {"uv": [10, 7.25, 9, 8.25], "texture": "#0"}
			}
		},
		{
			"from": [6.5, 28, 10],
			"to": [9.5, 31, 24],
			"rotation": {"angle": 0, "axis": "y", "origin": [0, 3, 0]},
			"faces": {
				"north": {"uv": [3.5, 3.5, 4.25, 4.25], "texture": "#0"},
				"east": {"uv": [0, 3.5, 3.5, 4.25], "texture": "#0"},
				"south": {"uv": [7.75, 3.5, 8.5, 4.25], "texture": "#0"},
				"west": {"uv": [4.25, 3.5, 7.75, 4.25], "texture": "#0"},
				"up": {"uv": [4.25, 3.5, 3.5, 0], "texture": "#0"},
				"down": {"uv": [5, 0, 4.25, 3.5], "texture": "#0"}
			}
		},
		{
			"from": [6, 27.5, 20],
			"to": [10, 31.5, 23],
			"rotation": {"angle": 0, "axis": "y", "origin": [0, 3, 0]},
			"faces": {
				"north": {"uv": [0.75, 0.75, 1.75, 1.75], "texture": "#0"},
				"east": {"uv": [0, 0.75, 0.75, 1.75], "texture": "#0"},
				"south": {"uv": [2.5, 0.75, 3.5, 1.75], "texture": "#0"},
				"west": {"uv": [1.75, 0.75, 2.5, 1.75], "texture": "#0"},
				"up": {"uv": [1.75, 0.75, 0.75, 0], "texture": "#0"},
				"down": {"uv": [2.75, 0, 1.75, 0.75], "texture": "#0"}
			}
		},
		{
			"from": [7.5, 23.6, 21],
			"to": [8.5, 27.6, 22],
			"rotation": {"angle": 0, "axis": "y", "origin": [0, 3, 0]},
			"faces": {
				"north": {"uv": [0.25, 2, 0.5, 3], "texture": "#0"},
				"east": {"uv": [0, 2, 0.25, 3], "texture": "#0"},
				"south": {"uv": [0.75, 2, 1, 3], "texture": "#0"},
				"west": {"uv": [0.5, 2, 0.75, 3], "texture": "#0"},
				"up": {"uv": [0.5, 2, 0.25, 1.75], "texture": "#0"},
				"down": {"uv": [0.75, 1.75, 0.5, 2], "texture": "#0"}
			}
		},
		{
			"from": [6.5, 22.6, 21.5],
			"to": [9.5, 24.6, 21.5],
			"rotation": {"angle": 45, "axis": "y", "origin": [8, 18.5, 21.5]},
			"faces": {
				"north": {"uv": [1, 1.75, 1.75, 2.25], "texture": "#0"},
				"east": {"uv": [1, 1.75, 1, 2.25], "texture": "#0"},
				"south": {"uv": [1.75, 1.75, 2.5, 2.25], "texture": "#0"},
				"west": {"uv": [1.75, 1.75, 1.75, 2.25], "texture": "#0"},
				"up": {"uv": [1.75, 1.75, 1, 1.75], "texture": "#0"},
				"down": {"uv": [2.5, 1.75, 1.75, 1.75], "texture": "#0"}
			}
		},
		{
			"from": [6, 20.6, 19.5],
			"to": [10, 22.6, 23.5],
			"rotation": {"angle": 0, "axis": "y", "origin": [0, 3, 0]},
			"faces": {
				"north": {"uv": [9.5, 1.75, 10.5, 2.25], "texture": "#0"},
				"east": {"uv": [8.5, 1.75, 9.5, 2.25], "texture": "#0"},
				"south": {"uv": [11.5, 1.75, 12.5, 2.25], "texture": "#0"},
				"west": {"uv": [10.5, 1.75, 11.5, 2.25], "texture": "#0"},
				"up": {"uv": [10.5, 1.75, 9.5, 0.75], "texture": "#0"},
				"down": {"uv": [11.5, 0.75, 10.5, 1.75], "texture": "#0"}
			}
		},
		{
			"from": [5, 13.6, 18.5],
			"to": [11, 20.6, 24.5],
			"rotation": {"angle": 0, "axis": "y", "origin": [0, 3, 0]},
			"faces": {
				"north": {"uv": [8.5, 4.25, 10, 6], "texture": "#0"},
				"east": {"uv": [7, 4.25, 8.5, 6], "texture": "#0"},
				"south": {"uv": [11.5, 4.25, 13, 6], "texture": "#0"},
				"west": {"uv": [10, 4.25, 11.5, 6], "texture": "#0"},
				"up": {"uv": [10, 4.25, 8.5, 2.75], "texture": "#0"},
				"down": {"uv": [11.5, 2.75, 10, 4.25], "texture": "#0"}
			}
		},
		{
			"from": [7, 7, 18],
			"to": [9, 9, 32],
			"rotation": {"angle": -45, "axis": "x", "origin": [0, 3, 0]},
			"faces": {
				"north": {"uv": [3.5, 7.75, 4, 8.25], "texture": "#0"},
				"east": {"uv": [0, 7.75, 3.5, 8.25], "texture": "#0"},
				"south": {"uv": [7.5, 7.75, 8, 8.25], "texture": "#0"},
				"west": {"uv": [4, 7.75, 7.5, 8.25], "texture": "#0"},
				"up": {"uv": [4, 7.75, 3.5, 4.25], "texture": "#0"},
				"down": {"uv": [4.5, 4.25, 4, 7.75], "texture": "#0"}
			}
		},
		{
			"from": [5.5, 0, 5.5],
			"to": [10.5, 4, 10.5],
			"faces": {
				"north": {"uv": [1.25, 9.5, 2.5, 10.5], "texture": "#0"},
				"east": {"uv": [0, 9.5, 1.25, 10.5], "texture": "#0"},
				"south": {"uv": [3.75, 9.5, 5, 10.5], "texture": "#0"},
				"west": {"uv": [2.5, 9.5, 3.75, 10.5], "texture": "#0"},
				"up": {"uv": [2.5, 9.5, 1.25, 8.25], "texture": "#0"},
				"down": {"uv": [3.75, 8.25, 2.5, 9.5], "texture": "#0"}
			}
		}
	],
	"display": {
		"thirdperson_righthand": {
			"rotation": [60, -160, 0],
			"translation": [0, 0.75, 0],
			"scale": [0.6, 0.6, 0.6]
		},
		"thirdperson_lefthand": {
			"rotation": [60, -160, 0],
			"translation": [0, 0.75, 0],
			"scale": [0.6, 0.6, 0.6]
		},
		"firstperson_righthand": {
			"rotation": [0, -73, 6],
			"translation": [3.25, -1.25, 0],
			"scale": [0.4, 0.4, 0.4]
		},
		"firstperson_lefthand": {
			"rotation": [0, -73, 6],
			"translation": [3.25, -1.25, 0],
			"scale": [0.4, 0.4, 0.4]
		},
		"ground": {
			"translation": [0, 1.5, 0],
			"scale": [0.35, 0.35, 0.35]
		},
		"gui": {
			"rotation": [30, -40, 0],
			"translation": [2, -3.25, 0],
			"scale": [0.45, 0.45, 0.45]
		},
		"head": {
			"translation": [0, -30.4, 0],
			"scale": [1.6, 1.6, 1.6]
		},
		"fixed": {
			"rotation": [-90, -180, 0],
			"translation": [0, 0, -15],
			"scale": [2, 2, 2]
		}
	}
}