{"credit":"Made with Blockbench","textures":{"0":"helmets:helmet","1":"helmets:animations_2","2":"helmets:animations_1","3":"helmets:visor_blue","particle":"helmets:helmet"},"elements":[{"from":[13,0,3],"to":[14,3,14],"faces":{"east":{"uv":[8.33333,2,12,3],"texture":"#0"},"south":{"uv":[8.66667,6.66667,9,7.66667],"texture":"#0"},"west":{"uv":[8.33333,3,12,4],"texture":"#0"},"up":{"uv":[1.66667,14.33333,1.33333,10.66667],"texture":"#0"},"down":{"uv":[2,10.66667,1.66667,14.33333],"texture":"#0"}}},{"from":[2,0,2],"to":[14,3,3],"faces":{"north":{"uv":[7.33333,5.66667,11.33333,6.66667],"texture":"#0"},"east":{"uv":[5.66667,11.66667,6,12.66667],"texture":"#0"},"south":{"uv":[5,7.66667,9,8.66667],"texture":"#0"},"west":{"uv":[6,11.66667,6.33333,12.66667],"texture":"#0"},"up":{"uv":[11,10.33333,7,10],"texture":"#0"},"down":{"uv":[4,10.33333,0,10.66667],"texture":"#0"}}},{"from":[2,7,2],"to":[14,10,3],"faces":{"north":{"uv":[0,8,4,9],"texture":"#0"},"east":{"uv":[11.66667,6.66667,12,7.66667],"texture":"#0"},"south":{"uv":[8.33333,1,12.33333,2],"texture":"#0"},"west":{"uv":[8.33333,11.66667,8.66667,12.66667],"texture":"#0"},"down":{"uv":[11,10.33333,7,10.66667],"texture":"#0"}}},{"from":[13,7,3],"to":[14,10,14],"faces":{"east":{"uv":[8.33333,4,12,5],"texture":"#0"},"south":{"uv":[3.33333,11.66667,3.66667,12.66667],"texture":"#0"},"west":{"uv":[5,8.66667,8.66667,9.66667],"texture":"#0"},"down":{"uv":[2.33333,10.66667,2,14.33333],"texture":"#0"}}},{"from":[2,10,2],"to":[14,11,14],"faces":{"north":{"uv":[8.33333,5,12.33333,5.33333],"texture":"#0"},"east":{"uv":[8.33333,5.33333,12.33333,5.66667],"texture":"#0"},"south":{"uv":[9,8,13,8.33333],"texture":"#0"},"west":{"uv":[9,8.33333,13,8.66667],"texture":"#0"},"up":{"uv":[4,4,0,0],"texture":"#0"},"down":{"uv":[4,4,0,8],"texture":"#0"}}},{"from":[13,3,6],"to":[14,7,14],"faces":{"north":{"uv":[3.66667,10.66667,4,12],"texture":"#0"},"east":{"uv":[8.66667,8.66667,11.33333,10],"texture":"#0"},"south":{"uv":[0.66667,11.66667,1,13],"texture":"#0"},"west":{"uv":[0,9,2.66667,10.33333],"texture":"#0"}}},{"from":[2,3,6],"to":[3,7,14],"rotation":{"angle":0,"axis":"y","origin":[16,0,0]},"faces":{"north":{"uv":[4,10.66667,3.66667,12],"texture":"#0"},"east":{"uv":[2.66667,9,0,10.33333],"texture":"#0"},"south":{"uv":[1,11.66667,0.66667,13],"texture":"#0"},"west":{"uv":[11.33333,8.66667,8.66667,10],"texture":"#0"}}},{"from":[2,0,3],"to":[3,3,14],"rotation":{"angle":0,"axis":"y","origin":[16,0,0]},"faces":{"east":{"uv":[12,3,8.33333,4],"texture":"#0"},"south":{"uv":[9,6.66667,8.66667,7.66667],"texture":"#0"},"west":{"uv":[12,2,8.33333,3],"texture":"#0"},"up":{"uv":[1.33333,14.33333,1.66667,10.66667],"texture":"#0"},"down":{"uv":[1.66667,10.66667,2,14.33333],"texture":"#0"}}},{"from":[2,7,3],"to":[3,10,14],"rotation":{"angle":0,"axis":"y","origin":[16,0,0]},"faces":{"east":{"uv":[8.66667,8.66667,5,9.66667],"texture":"#0"},"south":{"uv":[3.66667,11.66667,3.33333,12.66667],"texture":"#0"},"west":{"uv":[12,4,8.33333,5],"texture":"#0"},"down":{"uv":[2,10.66667,2.33333,14.33333],"texture":"#0"}}},{"from":[3,0,13],"to":[13,10,14],"faces":{"north":{"uv":[4,0,7.33333,3.33333],"texture":"#0"},"south":{"uv":[4,3.33333,7.33333,6.66667],"texture":"#0"},"down":{"uv":[8.33333,10.66667,5,11],"texture":"#0"}}},{"from":[8,8,1],"to":[11,11,15],"rotation":{"angle":45,"axis":"z","origin":[8,8,1]},"faces":{"north":{"uv":[9.66667,10.66667,10.66667,11.66667],"texture":"#0"},"east":{"uv":[4,6.66667,8.66667,7.66667],"texture":"#0"},"south":{"uv":[10.66667,10.66667,11.66667,11.66667],"texture":"#0"},"west":{"uv":[7.33333,0,12,1],"texture":"#0"},"up":{"uv":[8.33333,5.66667,7.33333,1],"texture":"#0"},"down":{"uv":[5,7.66667,4,12.33333],"texture":"#0"}}},{"from":[14,4,8],"to":[15,6,12],"rotation":{"angle":0,"axis":"y","origin":[14,5,8]},"faces":{"north":{"uv":[11,10,11.33333,10.66667],"texture":"#0"},"east":{"uv":[5,11,6.33333,11.66667],"texture":"#0"},"south":{"uv":[10,11.66667,10.33333,12.33333],"texture":"#0"},"up":{"uv":[1.33333,13,1,11.66667],"texture":"#0"},"down":{"uv":[2.66667,11.66667,2.33333,13],"texture":"#0"}}},{"from":[10.00191,10.4443,1.5],"to":[16.00191,12.9443,1.53],"rotation":{"angle":22.5,"axis":"z","origin":[12.00191,8.1943,0.5]},"faces":{"north":{"uv":[5,9.66667,7,10.5],"texture":"#0"},"south":{"uv":[7,9.66667,5,10.5],"texture":"#0"}}},{"from":[-0.00191,10.4443,1.5],"to":[5.99809,12.9443,1.53],"rotation":{"angle":-22.5,"axis":"z","origin":[3.99809,8.1943,0.5]},"faces":{"north":{"uv":[7,9.66667,5,10.5],"texture":"#0"},"south":{"uv":[5,9.66667,7,10.5],"texture":"#0"}}},{"from":[6,0.61732,0.57612],"to":[10,3.61732,3.07612],"rotation":{"angle":-22.5,"axis":"x","origin":[7,1.61732,2.07612]},"faces":{"north":{"uv":[2.66667,9,4,10],"texture":"#0"},"east":{"uv":[6.33333,11,7.16667,12],"texture":"#0"},"south":{"uv":[0,10.66667,1.33333,11.66667],"texture":"#0"},"west":{"uv":[7.33333,11,8.16667,12],"texture":"#0"},"up":{"uv":[3.66667,11.5,2.33333,10.66667],"texture":"#0"},"down":{"uv":[9.66667,10.66667,8.33333,11.5],"texture":"#0"}}},{"from":[9.23463,1.04329,1.02493],"to":[11.23463,3.04329,2.02493],"rotation":{"angle":-22.5,"axis":"z","origin":[9.23463,1.04329,0.92493]},"faces":{"north":{"uv":[2.66667,11.66667,3.33333,12.33333],"texture":"#0"},"south":{"uv":[5,11.66667,5.66667,12.33333],"texture":"#0"},"west":{"uv":[10.33333,11.66667,10.66667,12.33333],"texture":"#0"},"up":{"uv":[7.66667,10,7,9.66667],"texture":"#0"},"down":{"uv":[8.33333,9.66667,7.66667,10],"texture":"#0"}}},{"from":[9.83239,-0.32208,0.67493],"to":[11.33239,2.67792,2.17493],"rotation":{"angle":-45,"axis":"z","origin":[11.08239,-0.22208,1.42493]},"faces":{"north":{"uv":[11.33333,5.66667,11.83333,6.66667],"texture":"#0"},"east":{"uv":[11.33333,8.66667,11.83333,9.66667],"texture":"#0"},"south":{"uv":[11.33333,9.66667,11.83333,10.66667],"texture":"#0"},"west":{"uv":[0,11.66667,0.5,12.66667],"texture":"#0"},"up":{"uv":[9.16667,12.16667,8.66667,11.66667],"texture":"#0"},"down":{"uv":[9.83333,11.66667,9.33333,12.16667],"texture":"#0"}}},{"from":[4.76537,1.04329,1.02493],"to":[6.76537,3.04329,2.02493],"rotation":{"angle":22.5,"axis":"z","origin":[6.76537,1.04329,0.92493]},"faces":{"north":{"uv":[3.33333,11.66667,2.66667,12.33333],"texture":"#0"},"east":{"uv":[10.66667,11.66667,10.33333,12.33333],"texture":"#0"},"south":{"uv":[5.66667,11.66667,5,12.33333],"texture":"#0"},"up":{"uv":[7,10,7.66667,9.66667],"texture":"#0"},"down":{"uv":[7.66667,9.66667,8.33333,10],"texture":"#0"}}},{"from":[4.66761,-0.32208,0.67493],"to":[6.16761,2.67792,2.17493],"rotation":{"angle":45,"axis":"z","origin":[4.91761,-0.22208,1.42493]},"faces":{"north":{"uv":[11.83333,5.66667,11.33333,6.66667],"texture":"#0"},"east":{"uv":[0.5,11.66667,0,12.66667],"texture":"#0"},"south":{"uv":[11.83333,9.66667,11.33333,10.66667],"texture":"#0"},"west":{"uv":[11.83333,8.66667,11.33333,9.66667],"texture":"#0"},"up":{"uv":[8.66667,12.16667,9.16667,11.66667],"texture":"#0"},"down":{"uv":[9.33333,11.66667,9.83333,12.16667],"texture":"#0"}}},{"from":[14.5,4,9],"to":[14.5,8,17],"faces":{"east":{"uv":[9,6.66667,11.66667,8],"texture":"#0"},"west":{"uv":[11.66667,6.66667,9,8],"texture":"#0"}}},{"from":[1.5,4,9],"to":[1.5,8,17],"rotation":{"angle":0,"axis":"y","origin":[16,0,0]},"faces":{"east":{"uv":[9,6.66667,11.66667,8],"texture":"#0"},"west":{"uv":[11.66667,6.66667,9,8],"texture":"#0"}}},{"from":[1,4,8],"to":[2,6,12],"rotation":{"angle":0,"axis":"y","origin":[2,5,8]},"faces":{"north":{"uv":[11.33333,10,11,10.66667],"texture":"#0"},"south":{"uv":[10.33333,11.66667,10,12.33333],"texture":"#0"},"west":{"uv":[6.33333,11,5,11.66667],"texture":"#0"},"up":{"uv":[1,13,1.33333,11.66667],"texture":"#0"},"down":{"uv":[2.33333,11.66667,2.66667,13],"texture":"#0"}}},{"from":[14.735,3.5,11.5],"to":[14.765,8.5,19.5],"rotation":{"angle":0,"axis":"y","origin":[22.25,7,8]},"faces":{"east":{"uv":[0,0,10.66667,6.66667],"texture":"#1"},"west":{"uv":[10.66667,0,0,6.66667],"texture":"#1"}}},{"from":[1.235,3.5,11.5],"to":[1.265,8.5,19.5],"rotation":{"angle":0,"axis":"y","origin":[-6.25,7,8]},"faces":{"east":{"uv":[0,0,10.66667,6.66667],"texture":"#1"},"west":{"uv":[10.66667,0,0,6.66667],"texture":"#1"}}},{"from":[9.5,9.5,1.25],"to":[16.5,16.5,1.28],"rotation":{"angle":0,"axis":"z","origin":[13,13,1.265]},"faces":{"north":{"uv":[1,1,15,15],"rotation":180,"texture":"#2"},"south":{"uv":[15,1,1,15],"rotation":180,"texture":"#2"}}},{"from":[-0.5,9.5,1.25],"to":[6.5,16.5,1.28],"rotation":{"angle":0,"axis":"z","origin":[3,13,1.265]},"faces":{"north":{"uv":[15,1,1,15],"rotation":180,"texture":"#2"},"south":{"uv":[1,1,15,15],"rotation":180,"texture":"#2"}}},{"from":[2.25,3,2.25],"to":[2.25,7,6],"faces":{"north":{"uv":[0,0,0,3.98333],"texture":"#3"},"south":{"uv":[0,0,0,5.33333],"texture":"#3"},"west":{"uv":[0,3.98333,3.98333,8.00417],"texture":"#3"},"up":{"uv":[0,5.33333,0,0],"texture":"#3"},"down":{"uv":[0,0,0,5.33333],"texture":"#3"}}},{"from":[2.251,3,2.25],"to":[13.751,7,2.25],"rotation":{"angle":0,"axis":"y","origin":[11.876,5,2.25]},"faces":{"north":{"uv":[0,0,11.48333,3.98333],"texture":"#3"},"east":{"uv":[0,0,0,5.33333],"texture":"#3"},"west":{"uv":[0,0,0,5.33333],"texture":"#3"},"up":{"uv":[15.33333,0,0,0],"texture":"#3"},"down":{"uv":[15.33333,0,0,0],"texture":"#3"}}},{"from":[13.75,3,2.25],"to":[13.75,7,6],"rotation":{"angle":0,"axis":"y","origin":[16,0,0]},"faces":{"north":{"uv":[0,0,0,3.98333],"texture":"#3"},"east":{"uv":[3.99583,3.99583,7.99167,7.99167],"texture":"#3"},"south":{"uv":[0,0,0,5.33333],"texture":"#3"},"up":{"uv":[0,5.33333,0,0],"texture":"#3"},"down":{"uv":[0,0,0,5.33333],"texture":"#3"}}}],"gui_light":"front","display":{"thirdperson_righthand":{"rotation":[63,0,0],"translation":[0,5.25,3.5],"scale":[0.7,0.7,0.7]},"thirdperson_lefthand":{"rotation":[63,0,0],"translation":[0,5.25,3.5],"scale":[0.7,0.7,0.7]},"firstperson_righthand":{"rotation":[151.5,0,-180],"translation":[0,4,0],"scale":[0.5625,0.5625,0.5625]},"firstperson_lefthand":{"rotation":[151.5,0,-180],"translation":[0,4,0],"scale":[0.5625,0.5625,0.5625]},"ground":{"translation":[0,5,0],"scale":[0.7,0.7,0.7]},"gui":{"rotation":[0,180,0],"translation":[0,1.25,0]},"head":{"translation":[0,3.75,0],"scale":[1.33398,1.33398,1.33398]},"fixed":{"rotation":[-90,0,0],"translation":[0,0,-17.25],"scale":[2,2,2]}}}