{
	"credit": "Made by PolygonMC",
	"texture_size": [24, 24],
	"textures": {
		"1": "protocol/animations/animations_1",
		"3": "protocol/axe"
	},
	"elements": [
		{
			"from": [7.75, 0, 7.5],
			"to": [8.25, 0.5, 8.5],
			"rotation": {"angle": -45, "axis": "x", "origin": [8, 1, 8]},
			"faces": {
				"east": {"uv": [13.33333, 9.33333, 14, 9.66667], "texture": "#3"},
				"west": {"uv": [10, 13.33333, 10.66667, 13.66667], "texture": "#3"},
				"up": {"uv": [13.66667, 10.66667, 13.33333, 10], "texture": "#3"},
				"down": {"uv": [11, 13.33333, 10.66667, 14], "texture": "#3"}
			}
		},
		{
			"from": [7.75, 1.5, 7.5],
			"to": [8.25, 2, 8.5],
			"rotation": {"angle": -45, "axis": "x", "origin": [8, 1, 8]},
			"faces": {
				"east": {"uv": [13.33333, 10.66667, 14, 11], "texture": "#3"},
				"west": {"uv": [11.33333, 13.33333, 12, 13.66667], "texture": "#3"},
				"up": {"uv": [13.66667, 12, 13.33333, 11.33333], "texture": "#3"},
				"down": {"uv": [12.33333, 13.33333, 12, 14], "texture": "#3"}
			}
		},
		{
			"from": [7.75, 0, 7],
			"to": [8.25, 2, 7.5],
			"rotation": {"angle": -45, "axis": "x", "origin": [8, 1, 8]},
			"faces": {
				"north": {"uv": [12.66667, 5.33333, 13, 6.66667], "texture": "#3"},
				"east": {"uv": [6, 12.66667, 6.33333, 14], "texture": "#3"},
				"south": {"uv": [6.66667, 12.66667, 7, 14], "texture": "#3"},
				"west": {"uv": [12.66667, 6.66667, 13, 8], "texture": "#3"},
				"up": {"uv": [13.66667, 12.33333, 13.33333, 12], "texture": "#3"},
				"down": {"uv": [13, 13.33333, 12.66667, 13.66667], "texture": "#3"}
			}
		},
		{
			"from": [7.75, 0, 8.5],
			"to": [8.25, 2, 9],
			"rotation": {"angle": -45, "axis": "x", "origin": [8, 1, 8]},
			"faces": {
				"north": {"uv": [7.33333, 12.66667, 7.66667, 14], "texture": "#3"},
				"east": {"uv": [8, 12.66667, 8.33333, 14], "texture": "#3"},
				"south": {"uv": [12.66667, 8, 13, 9.33333], "texture": "#3"},
				"west": {"uv": [8.66667, 12.66667, 9, 14], "texture": "#3"},
				"up": {"uv": [13.66667, 13, 13.33333, 12.66667], "texture": "#3"},
				"down": {"uv": [13.66667, 13.33333, 13.33333, 13.66667], "texture": "#3"}
			}
		},
		{
			"from": [7.25, 1.5, 7.25],
			"to": [8.75, 3, 8.75],
			"rotation": {"angle": 45, "axis": "x", "origin": [8, 2.25, 8]},
			"faces": {
				"north": {"uv": [10, 0.66667, 11, 1.66667], "texture": "#3"},
				"east": {"uv": [1.33333, 10, 2.33333, 11], "texture": "#3"},
				"south": {"uv": [10, 2, 11, 3], "texture": "#3"},
				"west": {"uv": [2.66667, 10, 3.66667, 11], "texture": "#3"},
				"up": {"uv": [11, 4.33333, 10, 3.33333], "texture": "#3"},
				"down": {"uv": [11, 4.66667, 10, 5.66667], "texture": "#3"}
			}
		},
		{
			"from": [7.5, 1.5, 6.75],
			"to": [8.5, 3, 7.75],
			"rotation": {"angle": -22.5, "axis": "x", "origin": [8, 2.25, 7.25]},
			"faces": {
				"north": {"uv": [3.33333, 11.33333, 4, 12.33333], "texture": "#3"},
				"east": {"uv": [12, 0, 12.66667, 1], "texture": "#3"},
				"west": {"uv": [12, 1.33333, 12.66667, 2.33333], "texture": "#3"},
				"up": {"uv": [8.66667, 4, 8, 3.33333], "texture": "#3"},
				"down": {"uv": [10, 2.66667, 9.33333, 3.33333], "texture": "#3"}
			}
		},
		{
			"from": [7.5, 1.5, 8.25],
			"to": [8.5, 3, 9.25],
			"rotation": {"angle": 22.5, "axis": "x", "origin": [8, 2.25, 8.75]},
			"faces": {
				"east": {"uv": [12, 2.66667, 12.66667, 3.66667], "texture": "#3"},
				"south": {"uv": [4, 12, 4.66667, 13], "texture": "#3"},
				"west": {"uv": [4.66667, 12, 5.33333, 13], "texture": "#3"},
				"up": {"uv": [6, 10.66667, 5.33333, 10], "texture": "#3"},
				"down": {"uv": [10, 12.66667, 9.33333, 13.33333], "texture": "#3"}
			}
		},
		{
			"from": [7.4, 2.25, 7.4],
			"to": [8.6, 3.75, 8.6],
			"rotation": {"angle": 0, "axis": "y", "origin": [7.5, 2.25, 7.5]},
			"faces": {
				"north": {"uv": [11.33333, 4, 12.16667, 5], "texture": "#3"},
				"east": {"uv": [11.33333, 5.33333, 12.16667, 6.33333], "texture": "#3"},
				"south": {"uv": [11.33333, 6.66667, 12.16667, 7.66667], "texture": "#3"},
				"west": {"uv": [11.33333, 8, 12.16667, 9], "texture": "#3"}
			}
		},
		{
			"from": [7.5, 4.25, 7.5],
			"to": [8.5, 6.25, 8.5],
			"rotation": {"angle": 0, "axis": "y", "origin": [7.5, 4.25, 7.5]},
			"faces": {
				"north": {"uv": [1.33333, 11.33333, 2, 12.66667], "texture": "#3"},
				"east": {"uv": [2, 11.33333, 2.66667, 12.66667], "texture": "#3"},
				"south": {"uv": [2.66667, 11.33333, 3.33333, 12.66667], "texture": "#3"},
				"west": {"uv": [11.33333, 2.66667, 12, 4], "texture": "#3"}
			}
		},
		{
			"from": [7.3, 3.75, 7.3],
			"to": [8.7, 4.25, 8.7],
			"rotation": {"angle": 0, "axis": "y", "origin": [7.5, 3.75, 7.5]},
			"faces": {
				"north": {"uv": [13.33333, 2.66667, 14.33333, 3], "texture": "#3"},
				"east": {"uv": [13.33333, 3.33333, 14.33333, 3.66667], "texture": "#3"},
				"south": {"uv": [4, 13.33333, 5, 13.66667], "texture": "#3"},
				"west": {"uv": [13.33333, 4, 14.33333, 4.33333], "texture": "#3"},
				"up": {"uv": [11, 7, 10, 6], "texture": "#3"},
				"down": {"uv": [11, 7.33333, 10, 8.33333], "texture": "#3"}
			}
		},
		{
			"from": [7.4, 6.75, 7.4],
			"to": [8.6, 8.25, 8.6],
			"rotation": {"angle": 0, "axis": "y", "origin": [7.5, 8.25, 7.5]},
			"faces": {
				"north": {"uv": [8.66667, 11.33333, 9.5, 12.33333], "texture": "#3"},
				"east": {"uv": [11.33333, 9.33333, 12.16667, 10.33333], "texture": "#3"},
				"south": {"uv": [10, 11.33333, 10.83333, 12.33333], "texture": "#3"},
				"west": {"uv": [11.33333, 10.66667, 12.16667, 11.66667], "texture": "#3"}
			}
		},
		{
			"from": [7.3, 6.25, 7.3],
			"to": [8.7, 6.75, 8.7],
			"rotation": {"angle": 0, "axis": "x", "origin": [8, 6.5, 8]},
			"faces": {
				"north": {"uv": [13.33333, 4.66667, 14.33333, 5], "texture": "#3"},
				"east": {"uv": [13.33333, 5.33333, 14.33333, 5.66667], "texture": "#3"},
				"south": {"uv": [13.33333, 6, 14.33333, 6.33333], "texture": "#3"},
				"west": {"uv": [13.33333, 6.66667, 14.33333, 7], "texture": "#3"},
				"up": {"uv": [11, 9.66667, 10, 8.66667], "texture": "#3"},
				"down": {"uv": [11, 10, 10, 11], "texture": "#3"}
			}
		},
		{
			"from": [7.25, 13.25, 7.25],
			"to": [8.75, 14.25, 8.75],
			"rotation": {"angle": 0, "axis": "y", "origin": [7.25, 13.25, 7.25]},
			"faces": {
				"north": {"uv": [5.33333, 12, 6.33333, 12.66667], "texture": "#3"},
				"east": {"uv": [11.33333, 12, 12.33333, 12.66667], "texture": "#3"},
				"south": {"uv": [12.66667, 0, 13.66667, 0.66667], "texture": "#3"},
				"west": {"uv": [12.66667, 0.66667, 13.66667, 1.33333], "texture": "#3"},
				"down": {"uv": [6.33333, 10.66667, 5.33333, 11.66667], "texture": "#3"}
			}
		},
		{
			"from": [7.5, 12.75, 7],
			"to": [8.5, 15.75, 8],
			"rotation": {"angle": -22.5, "axis": "x", "origin": [7.5, 12.75, 6]},
			"faces": {
				"north": {"uv": [15.33333, 4.16667, 16, 6.16667], "texture": "#3"},
				"east": {"uv": [8.66667, 7.33333, 9.33333, 9.33333], "texture": "#3"},
				"south": {"uv": [9.33333, 0.66667, 10, 2.66667], "texture": "#3"},
				"west": {"uv": [9.33333, 7.33333, 10, 9.33333], "texture": "#3"},
				"down": {"uv": [13.33333, 9.33333, 12.66667, 10], "texture": "#3"}
			}
		},
		{
			"from": [7.495, 15.11143, 6.69004],
			"to": [8.505, 16.61143, 7.69004],
			"rotation": {"angle": 45, "axis": "x", "origin": [7.995, 16.61143, 7.19004]},
			"faces": {
				"north": {"uv": [1.33333, 12.66667, 2, 13.66667], "texture": "#3"},
				"east": {"uv": [12.66667, 1.33333, 13.33333, 2.33333], "texture": "#3"},
				"south": {"uv": [2, 12.66667, 2.66667, 13.66667], "texture": "#3"},
				"west": {"uv": [2.66667, 12.66667, 3.33333, 13.66667], "texture": "#3"},
				"up": {"uv": [10.66667, 13.33333, 10, 12.66667], "texture": "#3"},
				"down": {"uv": [13.33333, 10, 12.66667, 10.66667], "texture": "#3"}
			}
		},
		{
			"from": [7.495, 15.11143, 8.30996],
			"to": [8.505, 16.61143, 9.30996],
			"rotation": {"angle": -45, "axis": "x", "origin": [7.995, 16.61143, 8.80996]},
			"faces": {
				"north": {"uv": [12.66667, 2.66667, 13.33333, 3.66667], "texture": "#3"},
				"east": {"uv": [3.33333, 12.66667, 4, 13.66667], "texture": "#3"},
				"south": {"uv": [12.66667, 4, 13.33333, 5], "texture": "#3"},
				"west": {"uv": [5.33333, 12.66667, 6, 13.66667], "texture": "#3"},
				"up": {"uv": [11.33333, 13.33333, 10.66667, 12.66667], "texture": "#3"},
				"down": {"uv": [13.33333, 10.66667, 12.66667, 11.33333], "texture": "#3"}
			}
		},
		{
			"from": [7.5, 12.75, 8],
			"to": [8.5, 15.75, 9],
			"rotation": {"angle": 22.5, "axis": "x", "origin": [7.5, 12.75, 10]},
			"faces": {
				"north": {"uv": [8.66667, 9.33333, 9.33333, 11.33333], "texture": "#3"},
				"east": {"uv": [9.33333, 9.33333, 10, 11.33333], "texture": "#3"},
				"south": {"uv": [0, 10, 0.66667, 12], "texture": "#3"},
				"west": {"uv": [0.66667, 10, 1.33333, 12], "texture": "#3"},
				"down": {"uv": [12, 12.66667, 11.33333, 13.33333], "texture": "#3"}
			}
		},
		{
			"from": [7, 13.5, 8],
			"to": [9, 15.5, 10],
			"rotation": {"angle": -45, "axis": "x", "origin": [7, 13.5, 8]},
			"faces": {
				"north": {"uv": [8, 0.66667, 9.33333, 2], "texture": "#3"},
				"east": {"uv": [8, 2, 9.33333, 3.33333], "texture": "#3"},
				"south": {"uv": [0, 8.66667, 1.33333, 10], "texture": "#3"},
				"west": {"uv": [1.33333, 8.66667, 2.66667, 10], "texture": "#3"},
				"up": {"uv": [4, 10, 2.66667, 8.66667], "texture": "#3"},
				"down": {"uv": [10, 3.33333, 8.66667, 4.66667], "texture": "#3"}
			}
		},
		{
			"from": [7.6, 14.85, 7],
			"to": [8.4, 17.85, 10],
			"rotation": {"angle": -45, "axis": "x", "origin": [8, 15.85, 8]},
			"faces": {
				"north": {"uv": [6.66667, 10.66667, 7.16667, 12.66667], "texture": "#3"},
				"east": {"uv": [4, 14, 6, 16], "texture": "#3"},
				"south": {"uv": [7.33333, 10.66667, 7.83333, 12.66667], "texture": "#3"},
				"west": {"uv": [6, 14, 8, 16], "texture": "#3"},
				"up": {"uv": [8.5, 12.66667, 8, 10.66667], "texture": "#3"},
				"down": {"uv": [11.83333, 0.66667, 11.33333, 2.66667], "texture": "#3"}
			}
		},
		{
			"from": [7.61, 15.75178, 0.89124],
			"to": [8.39, 16.75178, 1.89124],
			"rotation": {"angle": 45, "axis": "x", "origin": [8, 17.03211, 2.02513]},
			"faces": {
				"north": {"uv": [13.33333, 7.33333, 13.83333, 8], "texture": "#3"},
				"east": {"uv": [12.66667, 11.33333, 13.33333, 12], "texture": "#3"},
				"south": {"uv": [13.33333, 8, 13.83333, 8.66667], "texture": "#3"},
				"west": {"uv": [12, 12.66667, 12.66667, 13.33333], "texture": "#3"},
				"up": {"uv": [13.83333, 9.33333, 13.33333, 8.66667], "texture": "#3"},
				"down": {"uv": [9.83333, 13.33333, 9.33333, 14], "texture": "#3"}
			}
		},
		{
			"from": [7.625, 16.63567, 1.02513],
			"to": [8.375, 17.63567, 7.02513],
			"rotation": {"angle": 0, "axis": "x", "origin": [8, 17.03211, 4.02513]},
			"faces": {
				"east": {"uv": [0, 15, 4, 15.66667], "texture": "#3"},
				"west": {"uv": [8, 0, 12, 0.66667], "texture": "#3"},
				"up": {"uv": [15.33333, 4, 14.83333, 0], "texture": "#3"},
				"down": {"uv": [16, 0, 15.5, 4], "texture": "#3"}
			}
		},
		{
			"from": [7.7, 13.78934, 4.52513],
			"to": [8.3, 15.78934, 6.52513],
			"rotation": {"angle": -45, "axis": "x", "origin": [8, 14.78934, 5.52513]},
			"faces": {
				"north": {"uv": [12.66667, 12, 13, 13.33333], "texture": "#3"},
				"east": {"uv": [8.66667, 4.66667, 10, 6], "texture": "#3"},
				"south": {"uv": [0, 13.33333, 0.33333, 14.66667], "texture": "#3"},
				"west": {"uv": [8.66667, 6, 10, 7.33333], "texture": "#3"},
				"up": {"uv": [1, 14.66667, 0.66667, 13.33333], "texture": "#3"},
				"down": {"uv": [13.66667, 1.33333, 13.33333, 2.66667], "texture": "#3"}
			}
		},
		{
			"from": [7.375, 8.25, 7.375],
			"to": [8.625, 13.25, 8.625],
			"rotation": {"angle": 0, "axis": "y", "origin": [7.375, 8.25, 6.625]},
			"faces": {
				"north": {"uv": [6.5, 4, 7.33333, 7.33333], "texture": "#3"},
				"east": {"uv": [7.33333, 4, 8.16667, 7.33333], "texture": "#3"},
				"south": {"uv": [6.5, 7.33333, 7.33333, 10.66667], "texture": "#3"},
				"west": {"uv": [7.33333, 7.33333, 8.16667, 10.66667], "texture": "#3"},
				"down": {"uv": [0.83333, 12, 0, 12.83333], "texture": "#3"}
			}
		},
		{
			"from": [7.975, 8.55, -1.75],
			"to": [8.025, 20.55, 7.25],
			"rotation": {"angle": 0, "axis": "y", "origin": [7.975, 17.55, 0.25]},
			"faces": {
				"east": {"uv": [6, 0, 0, 8], "texture": "#3"},
				"west": {"uv": [0, 0, 6, 8], "texture": "#3"}
			}
		},
		{
			"from": [7.61, 15.75178, 14.10876],
			"to": [8.39, 16.75178, 15.10876],
			"rotation": {"angle": -45, "axis": "x", "origin": [8, 17.03211, 13.97488]},
			"faces": {
				"north": {"uv": [13.83333, 8, 13.33333, 8.66667], "texture": "#3"},
				"east": {"uv": [13.33333, 11.33333, 12.66667, 12], "texture": "#3"},
				"south": {"uv": [13.83333, 7.33333, 13.33333, 8], "texture": "#3"},
				"west": {"uv": [12.66667, 12.66667, 12, 13.33333], "texture": "#3"},
				"up": {"uv": [13.83333, 8.66667, 13.33333, 9.33333], "texture": "#3"},
				"down": {"uv": [9.83333, 14, 9.33333, 13.33333], "texture": "#3"}
			}
		},
		{
			"from": [7.625, 16.63567, 8.97488],
			"to": [8.375, 17.63567, 14.97488],
			"rotation": {"angle": 0, "axis": "x", "origin": [8, 17.03211, 11.97488]},
			"faces": {
				"east": {"uv": [4, 15, 0, 15.66667], "texture": "#3"},
				"west": {"uv": [12, 0, 8, 0.66667], "texture": "#3"},
				"up": {"uv": [15.33333, 0, 14.83333, 4], "texture": "#3"},
				"down": {"uv": [16, 4, 15.5, 0], "texture": "#3"}
			}
		},
		{
			"from": [7.7, 13.78934, 9.47487],
			"to": [8.3, 15.78934, 11.47487],
			"rotation": {"angle": 45, "axis": "x", "origin": [8, 14.78934, 10.47487]},
			"faces": {
				"north": {"uv": [0.33333, 13.33333, 0, 14.66667], "texture": "#3"},
				"east": {"uv": [10, 4.66667, 8.66667, 6], "texture": "#3"},
				"south": {"uv": [13, 12, 12.66667, 13.33333], "texture": "#3"},
				"west": {"uv": [10, 6, 8.66667, 7.33333], "texture": "#3"},
				"up": {"uv": [1, 13.33333, 0.66667, 14.66667], "texture": "#3"},
				"down": {"uv": [13.66667, 2.66667, 13.33333, 1.33333], "texture": "#3"}
			}
		},
		{
			"from": [7.975, 8.55, 8.75],
			"to": [8.025, 20.55, 17.75],
			"rotation": {"angle": 0, "axis": "y", "origin": [7.975, 17.55, 15.75]},
			"faces": {
				"east": {"uv": [0, 0, 6, 8], "texture": "#3"},
				"west": {"uv": [6, 0, 0, 8], "texture": "#3"}
			}
		},
		{
			"from": [7.1, 13.95, -2],
			"to": [7.1, 15.95, 8],
			"rotation": {"angle": 0, "axis": "x", "origin": [7.1, 14.95, 3]},
			"faces": {
				"west": {"uv": [0, 0, 2.66667, 13.33333], "rotation": 270, "texture": "#1"}
			}
		},
		{
			"from": [7.1, 13.95, 8],
			"to": [7.1, 15.95, 18],
			"rotation": {"angle": 0, "axis": "x", "origin": [7.1, 14.95, 13]},
			"faces": {
				"west": {"uv": [0, 13.33333, 2.66667, 0], "rotation": 270, "texture": "#1"}
			}
		},
		{
			"from": [8.9, 13.95, 8],
			"to": [8.9, 15.95, 18],
			"rotation": {"angle": 0, "axis": "x", "origin": [8.9, 14.95, 13]},
			"faces": {
				"east": {"uv": [0, 0, 2.66667, 13.33333], "rotation": 270, "texture": "#1"}
			}
		},
		{
			"from": [8.9, 13.95, -2],
			"to": [8.9, 15.95, 8],
			"rotation": {"angle": 0, "axis": "x", "origin": [8.9, 14.95, 3]},
			"faces": {
				"east": {"uv": [0, 13.33333, 2.66667, 0], "rotation": 270, "texture": "#1"}
			}
		}
	],
	"gui_light": "front",
	"display": {
		"thirdperson_righthand": {
			"translation": [0, 0.25, 1]
		},
		"thirdperson_lefthand": {
			"translation": [0, 0.25, 1]
		},
		"firstperson_righthand": {
			"rotation": [-10, 0, 0],
			"translation": [0, 1.75, 0]
		},
		"firstperson_lefthand": {
			"rotation": [-10, 0, 0],
			"translation": [0, 1.75, 0]
		},
		"ground": {
			"rotation": [45, 0, 0],
			"translation": [0, 7, 0]
		},
		"gui": {
			"rotation": [90, -45, 90],
			"translation": [3, -3, 0],
			"scale": [0.71875, 0.71875, 0.71875]
		},
		"head": {
			"rotation": [0, 90, 0],
			"scale": [1.5, 1.5, 1.5]
		},
		"fixed": {
			"rotation": [0, 90, 0],
			"translation": [0, -4.75, -1.25],
			"scale": [1.7, 1.7, 1.7]
		}
	}
}