{
	"credit": "Made with Blockbench",
	"textures": {
		"0": "protocol/farmer",
		"particle": "protocol/farmer"
	},
	"elements": [
		{
			"from": [
				3,
				-0.3,
				3
			],
			"to": [
				13,
				5.2,
				13
			],
			"faces": {
				"north": {
					"uv": [
						10,
						1.75,
						11.85,
						3.05
					],
					"texture": "#0"
				},
				"east": {
					"uv": [
						10,
						1.75,
						11.85,
						3.05
					],
					"texture": "#0"
				},
				"south": {
					"uv": [
						10,
						1.75,
						11.85,
						3.05
					],
					"texture": "#0"
				},
				"west": {
					"uv": [
						10,
						1.75,
						11.85,
						3.05
					],
					"texture": "#0"
				},
				"up": {
					"uv": [
						10,
						0.15,
						12,
						1.35
					],
					"texture": "#0"
				},
				"down": {
					"uv": [
						9.95,
						4.95,
						11.8,
						6.25
					],
					"texture": "#0"
				}
			}
		},
		{
			"from": [
				0,
				-0.1,
				0
			],
			"to": [
				16,
				0,
				16
			],
			"faces": {
				"north": {
					"uv": [
						8,
						3.85,
						11.95,
						7.8
					],
					"texture": "#0"
				},
				"east": {
					"uv": [
						8.3,
						6.2,
						12.25,
						10.15
					],
					"texture": "#0"
				},
				"south": {
					"uv": [
						7.55,
						4.25,
						11.5,
						8.2
					],
					"texture": "#0"
				},
				"west": {
					"uv": [
						8.1,
						6.35,
						12.05,
						10.3
					],
					"texture": "#0"
				},
				"up": {
					"uv": [
						7.75,
						12.05,
						11.7,
						16
					],
					"texture": "#0"
				},
				"down": {
					"uv": [
						7.75,
						16,
						11.7,
						12.05
					],
					"texture": "#0"
				}
			}
		}
	],
	"display": {
		"thirdperson_righthand": {
			"translation": [
				0,
				3.75,
				-4
			],
			"scale": [
				0.6,
				0.6,
				0.6
			]
		},
		"firstperson_righthand": {
			"translation": [
				4.75,
				6.25,
				0
			]
		},
		"firstperson_lefthand": {
			"translation": [
				4.75,
				6.25,
				0
			]
		},
		"ground": {
			"translation": [
				0,
				2.5,
				0
			],
			"scale": [
				0.3,
				0.3,
				0.3
			]
		},
		"gui": {
			"rotation": [
				30,
				45,
				-1
			],
			"translation": [
				0,
				3.5,
				0
			],
			"scale": [
				0.7,
				0.7,
				0.7
			]
		},
		"head": {
			"translation": [
				0,
				15,
				0
			],
			"scale": [
				1.5,
				1.5,
				1.5
			]
		},
		"fixed": {
			"rotation": [
				-90,
				0,
				0
			],
			"translation": [
				0,
				-0.25,
				-4.5
			],
			"scale": [
				0.5,
				0.5,
				0.5
			]
		}
	},
	"groups": [
		{
			"name": "7",
			"children": [
				0,
				1
			]
		}
	]
}