{
  "credit": "Made by PolygonMC",
  "texture_size": [
    32,
    32
  ],
  "textures": {
    "1": "littlesharkset:animations/animations_1",
    "3": "littlesharkset:shield"
  },
  "elements": [
    {
      "from": [
        7.55,
        5.75,
        9.05
      ],
      "to": [
        8.45,
        6.75,
        9.95
      ],
      "rotation": {
        "angle": 0,
        "axis": "y",
        "origin": [
          8.5,
          5,
          9
        ]
      },
      "faces": {
        "north": {
          "uv": [
            6,
            11,
            6.5,
            11.5
          ],
          "texture": "#3"
        },
        "east": {
          "uv": [
            6.5,
            10,
            7,
            10.5
          ],
          "texture": "#3"
        },
        "south": {
          "uv": [
            9.5,
            10.5,
            10,
            11
          ],
          "texture": "#3"
        },
        "west": {
          "uv": [
            11,
            2.5,
            11.5,
            3
          ],
          "texture": "#3"
        }
      }
    },
    {
      "from": [
        7.55,
        9.25,
        9.05
      ],
      "to": [
        8.45,
        10.25,
        9.95
      ],
      "rotation": {
        "angle": 0,
        "axis": "y",
        "origin": [
          8.5,
          5,
          9
        ]
      },
      "faces": {
        "north": {
          "uv": [
            12,
            12.5,
            12.5,
            13
          ],
          "texture": "#3"
        },
        "east": {
          "uv": [
            9,
            11.5,
            9.5,
            12
          ],
          "texture": "#3"
        },
        "south": {
          "uv": [
            11.5,
            12.5,
            12,
            13
          ],
          "texture": "#3"
        },
        "west": {
          "uv": [
            12.5,
            11.5,
            13,
            12
          ],
          "texture": "#3"
        }
      }
    },
    {
      "from": [
        7.6,
        7.25,
        9.1
      ],
      "to": [
        8.4,
        8.75,
        9.9
      ],
      "rotation": {
        "angle": 0,
        "axis": "y",
        "origin": [
          8.5,
          5,
          9
        ]
      },
      "faces": {
        "north": {
          "uv": [
            12.5,
            1,
            13,
            1.75
          ],
          "texture": "#3"
        },
        "east": {
          "uv": [
            3.5,
            12,
            4,
            12.75
          ],
          "texture": "#3"
        },
        "south": {
          "uv": [
            5.5,
            12,
            6,
            12.75
          ],
          "texture": "#3"
        },
        "west": {
          "uv": [
            1,
            12.5,
            1.5,
            13.25
          ],
          "texture": "#3"
        }
      }
    },
    {
      "from": [
        7.5,
        6.75,
        9
      ],
      "to": [
        8.5,
        7.25,
        10
      ],
      "rotation": {
        "angle": 0,
        "axis": "y",
        "origin": [
          8.5,
          6.75,
          9
        ]
      },
      "faces": {
        "north": {
          "uv": [
            13.5,
            8,
            14,
            8.25
          ],
          "texture": "#3"
        },
        "east": {
          "uv": [
            13.5,
            7,
            14,
            7.25
          ],
          "texture": "#3"
        },
        "south": {
          "uv": [
            13.5,
            7.5,
            14,
            7.75
          ],
          "texture": "#3"
        },
        "west": {
          "uv": [
            8,
            13.5,
            8.5,
            13.75
          ],
          "texture": "#3"
        },
        "up": {
          "uv": [
            13,
            13,
            12.5,
            12.5
          ],
          "rotation": 90,
          "texture": "#3"
        },
        "down": {
          "uv": [
            0.5,
            13,
            0,
            13.5
          ],
          "rotation": 270,
          "texture": "#3"
        }
      }
    },
    {
      "from": [
        7.5,
        8.75,
        9
      ],
      "to": [
        8.5,
        9.25,
        10
      ],
      "rotation": {
        "angle": 0,
        "axis": "y",
        "origin": [
          8.5,
          6.75,
          9
        ]
      },
      "faces": {
        "north": {
          "uv": [
            10.5,
            13.5,
            11,
            13.75
          ],
          "texture": "#3"
        },
        "east": {
          "uv": [
            8.5,
            13.5,
            9,
            13.75
          ],
          "texture": "#3"
        },
        "south": {
          "uv": [
            13.5,
            8.5,
            14,
            8.75
          ],
          "texture": "#3"
        },
        "west": {
          "uv": [
            10,
            13.5,
            10.5,
            13.75
          ],
          "texture": "#3"
        },
        "up": {
          "uv": [
            1,
            13.5,
            0.5,
            13
          ],
          "rotation": 90,
          "texture": "#3"
        },
        "down": {
          "uv": [
            13.5,
            1,
            13,
            1.5
          ],
          "rotation": 270,
          "texture": "#3"
        }
      }
    },
    {
      "from": [
        7,
        9.92678,
        8.95
      ],
      "to": [
        8.5,
        11.42678,
        10.05
      ],
      "rotation": {
        "angle": 45,
        "axis": "z",
        "origin": [
          8,
          10.92678,
          9.5
        ]
      },
      "faces": {
        "north": {
          "uv": [
            11.5,
            6.5,
            12.25,
            7.25
          ],
          "texture": "#3"
        },
        "east": {
          "uv": [
            1.5,
            12.5,
            2,
            13.25
          ],
          "texture": "#3"
        },
        "south": {
          "uv": [
            6,
            11.5,
            6.75,
            12.25
          ],
          "texture": "#3"
        },
        "west": {
          "uv": [
            2,
            12.5,
            2.5,
            13.25
          ],
          "texture": "#3"
        },
        "up": {
          "uv": [
            13,
            2.75,
            12.5,
            2
          ],
          "rotation": 90,
          "texture": "#3"
        },
        "down": {
          "uv": [
            13,
            3,
            12.5,
            3.75
          ],
          "rotation": 270,
          "texture": "#3"
        }
      }
    },
    {
      "from": [
        7.2,
        10.12678,
        8.75
      ],
      "to": [
        8.3,
        11.22678,
        10.25
      ],
      "rotation": {
        "angle": 45,
        "axis": "z",
        "origin": [
          8,
          10.92678,
          9.5
        ]
      },
      "faces": {
        "north": {
          "uv": [
            10.5,
            13,
            11,
            13.5
          ],
          "texture": "#3"
        },
        "east": {
          "uv": [
            12.5,
            4,
            13.25,
            4.5
          ],
          "texture": "#3"
        },
        "south": {
          "uv": [
            10,
            13,
            10.5,
            13.5
          ],
          "texture": "#3"
        },
        "west": {
          "uv": [
            12.5,
            4.5,
            13.25,
            5
          ],
          "texture": "#3"
        },
        "up": {
          "uv": [
            13.25,
            5.5,
            12.5,
            5
          ],
          "rotation": 90,
          "texture": "#3"
        },
        "down": {
          "uv": [
            13.25,
            5.5,
            12.5,
            6
          ],
          "rotation": 270,
          "texture": "#3"
        }
      }
    },
    {
      "from": [
        7,
        4.57322,
        8.95
      ],
      "to": [
        8.5,
        6.07322,
        10.05
      ],
      "rotation": {
        "angle": -45,
        "axis": "z",
        "origin": [
          8,
          5.07322,
          9.5
        ]
      },
      "faces": {
        "north": {
          "uv": [
            2.5,
            12,
            3.25,
            12.75
          ],
          "texture": "#3"
        },
        "east": {
          "uv": [
            12.5,
            7,
            13,
            7.75
          ],
          "texture": "#3"
        },
        "south": {
          "uv": [
            8,
            11.5,
            8.75,
            12.25
          ],
          "texture": "#3"
        },
        "west": {
          "uv": [
            8,
            12.5,
            8.5,
            13.25
          ],
          "texture": "#3"
        },
        "up": {
          "uv": [
            13,
            8.75,
            12.5,
            8
          ],
          "rotation": 90,
          "texture": "#3"
        },
        "down": {
          "uv": [
            9,
            12.5,
            8.5,
            13.25
          ],
          "rotation": 270,
          "texture": "#3"
        }
      }
    },
    {
      "from": [
        7.2,
        4.77322,
        8.75
      ],
      "to": [
        8.3,
        5.87322,
        10.25
      ],
      "rotation": {
        "angle": -45,
        "axis": "z",
        "origin": [
          8,
          5.07322,
          9.5
        ]
      },
      "faces": {
        "north": {
          "uv": [
            11.5,
            13,
            12,
            13.5
          ],
          "texture": "#3"
        },
        "east": {
          "uv": [
            6,
            12.5,
            6.75,
            13
          ],
          "texture": "#3"
        },
        "south": {
          "uv": [
            11,
            13,
            11.5,
            13.5
          ],
          "texture": "#3"
        },
        "west": {
          "uv": [
            12.5,
            6,
            13.25,
            6.5
          ],
          "texture": "#3"
        },
        "up": {
          "uv": [
            13.25,
            7,
            12.5,
            6.5
          ],
          "rotation": 90,
          "texture": "#3"
        },
        "down": {
          "uv": [
            7.75,
            12.5,
            7,
            13
          ],
          "rotation": 270,
          "texture": "#3"
        }
      }
    },
    {
      "from": [
        6.75,
        14.75,
        4
      ],
      "to": [
        9.25,
        17.25,
        6
      ],
      "rotation": {
        "angle": 0,
        "axis": "y",
        "origin": [
          8,
          14.52547,
          6.70847
        ]
      },
      "faces": {
        "north": {
          "uv": [
            8.5,
            0,
            9.75,
            1.25
          ],
          "texture": "#3"
        },
        "east": {
          "uv": [
            1.5,
            10,
            2.5,
            11.25
          ],
          "texture": "#3"
        },
        "south": {
          "uv": [
            8.5,
            1.5,
            9.75,
            2.75
          ],
          "texture": "#3"
        },
        "west": {
          "uv": [
            10,
            1.5,
            11,
            2.75
          ],
          "texture": "#3"
        },
        "up": {
          "uv": [
            3.75,
            11,
            2.5,
            10
          ],
          "texture": "#3"
        },
        "down": {
          "uv": [
            11.25,
            3,
            10,
            4
          ],
          "texture": "#3"
        }
      }
    },
    {
      "from": [
        6.875,
        14.75,
        2.4
      ],
      "to": [
        9.125,
        16,
        4
      ],
      "rotation": {
        "angle": 0,
        "axis": "y",
        "origin": [
          8,
          14.52547,
          6.70847
        ]
      },
      "faces": {
        "north": {
          "uv": [
            11,
            1.5,
            12.25,
            2.25
          ],
          "texture": "#3"
        },
        "east": {
          "uv": [
            7,
            11.5,
            7.75,
            12.25
          ],
          "texture": "#3"
        },
        "south": {
          "uv": [
            2.5,
            11,
            3.75,
            11.75
          ],
          "texture": "#3"
        },
        "west": {
          "uv": [
            11.5,
            7.5,
            12.25,
            8.25
          ],
          "texture": "#3"
        },
        "up": {
          "uv": [
            5.75,
            11.75,
            4.5,
            11
          ],
          "texture": "#3"
        },
        "down": {
          "uv": [
            12.25,
            9,
            11,
            9.75
          ],
          "texture": "#3"
        }
      }
    },
    {
      "from": [
        6.755,
        16.8291,
        2.7488
      ],
      "to": [
        9.245,
        18.0791,
        5.2488
      ],
      "rotation": {
        "angle": -22.5,
        "axis": "x",
        "origin": [
          8,
          14.52547,
          6.70847
        ]
      },
      "faces": {
        "north": {
          "uv": [
            9.5,
            11,
            10.75,
            11.75
          ],
          "texture": "#3"
        },
        "east": {
          "uv": [
            11,
            10,
            12.25,
            10.75
          ],
          "texture": "#3"
        },
        "south": {
          "uv": [
            11,
            11,
            12.25,
            11.75
          ],
          "texture": "#3"
        },
        "west": {
          "uv": [
            0,
            11.5,
            1.25,
            12.25
          ],
          "texture": "#3"
        },
        "up": {
          "uv": [
            9.75,
            4.25,
            8.5,
            3
          ],
          "texture": "#3"
        },
        "down": {
          "uv": [
            9.75,
            4.5,
            8.5,
            5.75
          ],
          "texture": "#3"
        }
      }
    },
    {
      "from": [
        6.755,
        16.3291,
        2.7488
      ],
      "to": [
        6.755,
        16.8291,
        5.2488
      ],
      "rotation": {
        "angle": -22.5,
        "axis": "x",
        "origin": [
          8,
          14.52547,
          6.70847
        ]
      },
      "faces": {
        "east": {
          "uv": [
            12.5,
            9,
            13.75,
            9.25
          ],
          "texture": "#3"
        },
        "west": {
          "uv": [
            12.5,
            9.5,
            13.75,
            9.75
          ],
          "texture": "#3"
        }
      }
    },
    {
      "from": [
        9.245,
        16.3291,
        2.7488
      ],
      "to": [
        9.245,
        16.8291,
        5.2488
      ],
      "rotation": {
        "angle": -22.5,
        "axis": "x",
        "origin": [
          8,
          14.52547,
          6.70847
        ]
      },
      "faces": {
        "east": {
          "uv": [
            10,
            12.5,
            11.25,
            12.75
          ],
          "texture": "#3"
        },
        "west": {
          "uv": [
            12.5,
            10,
            13.75,
            10.25
          ],
          "texture": "#3"
        }
      }
    },
    {
      "from": [
        6.755,
        16.32909,
        2.74881
      ],
      "to": [
        9.245,
        16.82909,
        2.74881
      ],
      "rotation": {
        "angle": -22.5,
        "axis": "x",
        "origin": [
          8,
          14.52547,
          6.70847
        ]
      },
      "faces": {
        "north": {
          "uv": [
            12.5,
            10.5,
            13.75,
            10.75
          ],
          "texture": "#3"
        },
        "south": {
          "uv": [
            12.5,
            11,
            13.75,
            11.25
          ],
          "texture": "#3"
        }
      }
    },
    {
      "from": [
        6.5,
        13.86846,
        4.95836
      ],
      "to": [
        9.5,
        16.86846,
        7.95836
      ],
      "rotation": {
        "angle": 22.5,
        "axis": "x",
        "origin": [
          8,
          14.52547,
          6.70847
        ]
      },
      "faces": {
        "north": {
          "uv": [
            7,
            0,
            8.5,
            1.5
          ],
          "texture": "#3"
        },
        "east": {
          "uv": [
            7,
            1.5,
            8.5,
            3
          ],
          "texture": "#3"
        },
        "south": {
          "uv": [
            7,
            3,
            8.5,
            4.5
          ],
          "texture": "#3"
        },
        "west": {
          "uv": [
            7,
            4.5,
            8.5,
            6
          ],
          "texture": "#3"
        },
        "up": {
          "uv": [
            8.5,
            7.5,
            7,
            6
          ],
          "texture": "#3"
        },
        "down": {
          "uv": [
            8.5,
            7.5,
            7,
            9
          ],
          "texture": "#3"
        }
      }
    },
    {
      "from": [
        5.57923,
        15.66411,
        5.70433
      ],
      "to": [
        7.07923,
        16.16411,
        7.70433
      ],
      "rotation": {
        "angle": 22.5,
        "axis": "z",
        "origin": [
          8,
          14.52547,
          6.70847
        ]
      },
      "faces": {
        "north": {
          "uv": [
            0.5,
            13.5,
            1.25,
            13.75
          ],
          "texture": "#3"
        },
        "east": {
          "uv": [
            13,
            1.5,
            14,
            1.75
          ],
          "texture": "#3"
        },
        "south": {
          "uv": [
            13.5,
            1,
            14.25,
            1.25
          ],
          "texture": "#3"
        },
        "west": {
          "uv": [
            13,
            2,
            14,
            2.25
          ],
          "texture": "#3"
        },
        "up": {
          "uv": [
            12.25,
            1,
            11.5,
            0
          ],
          "texture": "#3"
        },
        "down": {
          "uv": [
            2.25,
            11.5,
            1.5,
            12.5
          ],
          "texture": "#3"
        }
      }
    },
    {
      "from": [
        8.92077,
        15.66411,
        5.70433
      ],
      "to": [
        10.42077,
        16.16411,
        7.70433
      ],
      "rotation": {
        "angle": -22.5,
        "axis": "z",
        "origin": [
          8,
          14.52547,
          6.70847
        ]
      },
      "faces": {
        "north": {
          "uv": [
            1.5,
            13.5,
            2.25,
            13.75
          ],
          "texture": "#3"
        },
        "east": {
          "uv": [
            2.5,
            13,
            3.5,
            13.25
          ],
          "texture": "#3"
        },
        "south": {
          "uv": [
            2.5,
            13.5,
            3.25,
            13.75
          ],
          "texture": "#3"
        },
        "west": {
          "uv": [
            13,
            2.5,
            14,
            2.75
          ],
          "texture": "#3"
        },
        "up": {
          "uv": [
            12.25,
            3.5,
            11.5,
            2.5
          ],
          "texture": "#3"
        },
        "down": {
          "uv": [
            12.25,
            3.5,
            11.5,
            4.5
          ],
          "texture": "#3"
        }
      }
    },
    {
      "from": [
        5.83,
        12.97272,
        8.48535
      ],
      "to": [
        6.83,
        13.97272,
        8.98535
      ],
      "rotation": {
        "angle": -22.5,
        "axis": "x",
        "origin": [
          8,
          14.52547,
          6.70847
        ]
      },
      "faces": {
        "north": {
          "uv": [
            13,
            3,
            13.5,
            3.5
          ],
          "texture": "#3"
        },
        "east": {
          "uv": [
            11,
            13.5,
            11.25,
            14
          ],
          "texture": "#3"
        },
        "south": {
          "uv": [
            3.5,
            13,
            4,
            13.5
          ],
          "texture": "#3"
        },
        "west": {
          "uv": [
            11.5,
            13.5,
            11.75,
            14
          ],
          "texture": "#3"
        },
        "up": {
          "uv": [
            14,
            11.75,
            13.5,
            11.5
          ],
          "texture": "#3"
        },
        "down": {
          "uv": [
            14,
            12,
            13.5,
            12.25
          ],
          "texture": "#3"
        }
      }
    },
    {
      "from": [
        9.17,
        12.97272,
        8.48535
      ],
      "to": [
        10.17,
        13.97272,
        8.98535
      ],
      "rotation": {
        "angle": -22.5,
        "axis": "x",
        "origin": [
          8,
          14.52547,
          6.70847
        ]
      },
      "faces": {
        "north": {
          "uv": [
            13,
            3.5,
            13.5,
            4
          ],
          "texture": "#3"
        },
        "east": {
          "uv": [
            13.5,
            12.5,
            13.75,
            13
          ],
          "texture": "#3"
        },
        "south": {
          "uv": [
            4.5,
            13,
            5,
            13.5
          ],
          "texture": "#3"
        },
        "west": {
          "uv": [
            13,
            13.5,
            13.25,
            14
          ],
          "texture": "#3"
        },
        "up": {
          "uv": [
            14,
            13.25,
            13.5,
            13
          ],
          "texture": "#3"
        },
        "down": {
          "uv": [
            14,
            13.5,
            13.5,
            13.75
          ],
          "texture": "#3"
        }
      }
    },
    {
      "from": [
        6.83,
        14.63356,
        6.98689
      ],
      "to": [
        9.17,
        16.97356,
        9.32689
      ],
      "rotation": {
        "angle": 45,
        "axis": "x",
        "origin": [
          8,
          14.52547,
          6.70847
        ]
      },
      "faces": {
        "north": {
          "uv": [
            8.5,
            6,
            9.75,
            7.25
          ],
          "texture": "#3"
        },
        "east": {
          "uv": [
            8.5,
            7.5,
            9.75,
            8.75
          ],
          "texture": "#3"
        },
        "south": {
          "uv": [
            7,
            9,
            8.25,
            10.25
          ],
          "texture": "#3"
        },
        "west": {
          "uv": [
            8.5,
            9,
            9.75,
            10.25
          ],
          "texture": "#3"
        },
        "up": {
          "uv": [
            1.25,
            11.25,
            0,
            10
          ],
          "texture": "#3"
        },
        "down": {
          "uv": [
            11.25,
            0,
            10,
            1.25
          ],
          "texture": "#3"
        }
      }
    },
    {
      "from": [
        7.0406,
        11.1388,
        7.96783
      ],
      "to": [
        8.9594,
        13.0576,
        9.88663
      ],
      "rotation": {
        "angle": -22.5,
        "axis": "x",
        "origin": [
          8,
          14.52547,
          6.70847
        ]
      },
      "faces": {
        "north": {
          "uv": [
            4.5,
            10,
            5.5,
            11
          ],
          "texture": "#3"
        },
        "east": {
          "uv": [
            5.5,
            10,
            6.5,
            11
          ],
          "texture": "#3"
        },
        "south": {
          "uv": [
            10,
            9,
            11,
            10
          ],
          "texture": "#3"
        },
        "west": {
          "uv": [
            10,
            10,
            11,
            11
          ],
          "texture": "#3"
        },
        "up": {
          "uv": [
            11.5,
            5,
            10.5,
            4
          ],
          "texture": "#3"
        },
        "down": {
          "uv": [
            11.5,
            5,
            10.5,
            6
          ],
          "texture": "#3"
        }
      }
    },
    {
      "from": [
        7.75,
        16.01828,
        4.49809
      ],
      "to": [
        8.25,
        18.01828,
        6.49809
      ],
      "rotation": {
        "angle": 45,
        "axis": "x",
        "origin": [
          8,
          14.52547,
          6.70847
        ]
      },
      "faces": {
        "north": {
          "uv": [
            5,
            13,
            5.25,
            14
          ],
          "texture": "#3"
        },
        "east": {
          "uv": [
            10.5,
            6,
            11.5,
            7
          ],
          "texture": "#3"
        },
        "south": {
          "uv": [
            5.5,
            13,
            5.75,
            14
          ],
          "texture": "#3"
        },
        "west": {
          "uv": [
            6.5,
            10.5,
            7.5,
            11.5
          ],
          "texture": "#3"
        },
        "up": {
          "uv": [
            6.25,
            14,
            6,
            13
          ],
          "texture": "#3"
        },
        "down": {
          "uv": [
            6.75,
            13,
            6.5,
            14
          ],
          "texture": "#3"
        }
      }
    },
    {
      "from": [
        7.75,
        11.6317,
        10.1526
      ],
      "to": [
        8.25,
        13.6317,
        12.1526
      ],
      "rotation": {
        "angle": 0,
        "axis": "x",
        "origin": [
          8,
          14.52547,
          6.70847
        ]
      },
      "faces": {
        "north": {
          "uv": [
            7,
            13,
            7.25,
            14
          ],
          "texture": "#3"
        },
        "east": {
          "uv": [
            10.5,
            7,
            11.5,
            8
          ],
          "texture": "#3"
        },
        "south": {
          "uv": [
            13,
            7,
            13.25,
            8
          ],
          "texture": "#3"
        },
        "west": {
          "uv": [
            7.5,
            10.5,
            8.5,
            11.5
          ],
          "texture": "#3"
        },
        "up": {
          "uv": [
            7.75,
            14,
            7.5,
            13
          ],
          "texture": "#3"
        },
        "down": {
          "uv": [
            13.25,
            8,
            13,
            9
          ],
          "texture": "#3"
        }
      }
    },
    {
      "from": [
        7.775,
        10.04147,
        5.86427
      ],
      "to": [
        8.225,
        11.54147,
        7.61427
      ],
      "rotation": {
        "angle": -45,
        "axis": "x",
        "origin": [
          8,
          14.52547,
          6.70847
        ]
      },
      "faces": {
        "north": {
          "uv": [
            13.5,
            3,
            13.75,
            3.75
          ],
          "texture": "#3"
        },
        "east": {
          "uv": [
            11.5,
            4.5,
            12.5,
            5.25
          ],
          "texture": "#3"
        },
        "south": {
          "uv": [
            3.5,
            13.5,
            3.75,
            14.25
          ],
          "texture": "#3"
        },
        "west": {
          "uv": [
            11.5,
            5.5,
            12.5,
            6.25
          ],
          "texture": "#3"
        },
        "up": {
          "uv": [
            9.25,
            14,
            9,
            13
          ],
          "texture": "#3"
        },
        "down": {
          "uv": [
            9.75,
            13,
            9.5,
            14
          ],
          "texture": "#3"
        }
      }
    },
    {
      "from": [
        9.85,
        -0.75,
        6
      ],
      "to": [
        13.85,
        16.25,
        6
      ],
      "rotation": {
        "angle": 0,
        "axis": "y",
        "origin": [
          11.85,
          7.75,
          6
        ]
      },
      "faces": {
        "north": {
          "uv": [
            2.66667,
            0,
            0,
            11.33333
          ],
          "texture": "#1"
        }
      }
    },
    {
      "from": [
        2.15,
        -0.75,
        6
      ],
      "to": [
        6.15,
        16.25,
        6
      ],
      "rotation": {
        "angle": 0,
        "axis": "y",
        "origin": [
          4.15,
          7.75,
          6
        ]
      },
      "faces": {
        "north": {
          "uv": [
            0,
            0,
            2.66667,
            11.33333
          ],
          "texture": "#1"
        }
      }
    },
    {
      "from": [
        7,
        9.86183,
        6.75
      ],
      "to": [
        8,
        10.86183,
        8.75
      ],
      "rotation": {
        "angle": -45,
        "axis": "z",
        "origin": [
          8,
          9.86183,
          6.75
        ]
      },
      "faces": {
        "east": {
          "uv": [
            11.5,
            1,
            12.5,
            1.5
          ],
          "texture": "#3"
        },
        "west": {
          "uv": [
            11.5,
            8.5,
            12.5,
            9
          ],
          "texture": "#3"
        },
        "up": {
          "uv": [
            11,
            12.5,
            10,
            12
          ],
          "rotation": 90,
          "texture": "#3"
        },
        "down": {
          "uv": [
            12,
            12,
            11,
            12.5
          ],
          "rotation": 270,
          "texture": "#3"
        }
      }
    },
    {
      "from": [
        7,
        5.13817,
        6.75
      ],
      "to": [
        8,
        6.13817,
        8.75
      ],
      "rotation": {
        "angle": 45,
        "axis": "z",
        "origin": [
          8,
          6.13817,
          6.75
        ]
      },
      "faces": {
        "east": {
          "uv": [
            12,
            12,
            13,
            12.5
          ],
          "texture": "#3"
        },
        "west": {
          "uv": [
            0,
            12.5,
            1,
            13
          ],
          "texture": "#3"
        },
        "up": {
          "uv": [
            13.5,
            0.5,
            12.5,
            0
          ],
          "rotation": 90,
          "texture": "#3"
        },
        "down": {
          "uv": [
            13.5,
            0.5,
            12.5,
            1
          ],
          "rotation": 270,
          "texture": "#3"
        }
      }
    },
    {
      "from": [
        7,
        3,
        6.25
      ],
      "to": [
        9,
        13,
        6.75
      ],
      "rotation": {
        "angle": 0,
        "axis": "y",
        "origin": [
          9,
          4,
          6.25
        ]
      },
      "faces": {
        "north": {
          "uv": [
            6,
            5,
            7,
            10
          ],
          "texture": "#3"
        },
        "east": {
          "uv": [
            4,
            10,
            4.25,
            15
          ],
          "texture": "#3"
        },
        "south": {
          "uv": [
            6,
            0,
            7,
            5
          ],
          "texture": "#3"
        },
        "west": {
          "uv": [
            10,
            4,
            10.25,
            9
          ],
          "texture": "#3"
        },
        "up": {
          "uv": [
            13.25,
            12.5,
            13,
            11.5
          ],
          "rotation": 90,
          "texture": "#3"
        },
        "down": {
          "uv": [
            12.25,
            13,
            12,
            14
          ],
          "rotation": 270,
          "texture": "#3"
        }
      }
    },
    {
      "from": [
        6,
        11.58579,
        6.225
      ],
      "to": [
        8,
        13.58579,
        6.775
      ],
      "rotation": {
        "angle": -45,
        "axis": "z",
        "origin": [
          8,
          11.58579,
          6.25
        ]
      },
      "faces": {
        "north": {
          "uv": [
            8.5,
            10.5,
            9.5,
            11.5
          ],
          "texture": "#3"
        },
        "east": {
          "uv": [
            12.5,
            13,
            12.75,
            14
          ],
          "texture": "#3"
        },
        "south": {
          "uv": [
            10.5,
            8,
            11.5,
            9
          ],
          "texture": "#3"
        },
        "west": {
          "uv": [
            13,
            12.5,
            13.25,
            13.5
          ],
          "texture": "#3"
        },
        "up": {
          "uv": [
            0.25,
            14.5,
            0,
            13.5
          ],
          "rotation": 90,
          "texture": "#3"
        },
        "down": {
          "uv": [
            13.75,
            0,
            13.5,
            1
          ],
          "rotation": 270,
          "texture": "#3"
        }
      }
    },
    {
      "from": [
        6.57,
        1.98884,
        6.225
      ],
      "to": [
        8,
        3.41884,
        6.775
      ],
      "rotation": {
        "angle": -45,
        "axis": "z",
        "origin": [
          8,
          1.98884,
          6.25
        ]
      },
      "faces": {
        "north": {
          "uv": [
            9,
            12,
            9.75,
            12.75
          ],
          "texture": "#3"
        },
        "east": {
          "uv": [
            13.5,
            4,
            13.75,
            4.75
          ],
          "texture": "#3"
        },
        "south": {
          "uv": [
            4.5,
            12,
            5.25,
            12.75
          ],
          "texture": "#3"
        },
        "west": {
          "uv": [
            4.5,
            13.5,
            4.75,
            14.25
          ],
          "texture": "#3"
        },
        "up": {
          "uv": [
            13.75,
            5.75,
            13.5,
            5
          ],
          "rotation": 90,
          "texture": "#3"
        },
        "down": {
          "uv": [
            13.75,
            6,
            13.5,
            6.75
          ],
          "rotation": 270,
          "texture": "#3"
        }
      }
    },
    {
      "from": [
        2.25,
        -2,
        6.5
      ],
      "to": [
        13.75,
        18,
        6.55
      ],
      "rotation": {
        "angle": 0,
        "axis": "y",
        "origin": [
          13,
          0,
          6.5
        ]
      },
      "faces": {
        "north": {
          "uv": [
            0,
            0,
            5.75,
            10
          ],
          "texture": "#3"
        },
        "south": {
          "uv": [
            5.75,
            0,
            0,
            10
          ],
          "texture": "#3"
        }
      }
    }
  ],
  "gui_light": "front",
  "display": {
    "thirdperson_righthand": {
      "rotation": [
        0,
        -90,
        0
      ],
      "translation": [
        2,
        -1.75,
        1
      ]
    },
    "thirdperson_lefthand": {
      "rotation": [
        0,
        -90,
        0
      ],
      "translation": [
        2,
        -1.75,
        1
      ]
    },
    "firstperson_righthand": {
      "rotation": [
        0,
        0,
        15
      ],
      "translation": [
        0,
        -0.25,
        1.25
      ]
    },
    "firstperson_lefthand": {
      "rotation": [
        0,
        0,
        15
      ],
      "translation": [
        0,
        -0.25,
        1.25
      ]
    },
    "ground": {
      "rotation": [
        40,
        0,
        0
      ],
      "translation": [
        0,
        10.5,
        0
      ]
    },
    "gui": {
      "rotation": [
        0,
        180,
        -45
      ],
      "scale": [
        0.8,
        0.8,
        0.8
      ]
    },
    "fixed": {
      "translation": [
        0,
        0.25,
        -1.75
      ],
      "scale": [
        1.5,
        1.5,
        1.5
      ]
    }
  }
}