{"credit":"magic_store_official","texture_size":[32,32],"textures":{"0":"magic_store:furnitures/bank_pack/bank_money","particle":"magic_store:furnitures/bank_pack/bank_money"},"elements":[{"from":[11.5,0,0.5],"to":[15.5,5,7.5],"faces":{"north":{"uv":[7.5,1.5,9.5,4],"texture":"#0"},"east":{"uv":[0,2.5,3.5,5],"texture":"#0"},"south":{"uv":[7.5,1.5,9.5,4],"texture":"#0"},"west":{"uv":[0,2.5,3.5,5],"texture":"#0"},"up":{"uv":[7.5,7,5.5,3.5],"texture":"#0"},"down":{"uv":[4,7,2,10.5],"texture":"#0"}}},{"from":[11.5,4,0.5],"to":[15.5,9,7.5],"faces":{"north":{"uv":[7.5,1.5,9.5,4],"texture":"#0"},"east":{"uv":[0,2.5,3.5,5],"texture":"#0"},"south":{"uv":[7.5,1.5,9.5,4],"texture":"#0"},"west":{"uv":[0,2.5,3.5,5],"texture":"#0"},"up":{"uv":[7.5,7,5.5,3.5],"texture":"#0"},"down":{"uv":[4,7,2,10.5],"texture":"#0"}}},{"from":[8.5,4,0.5],"to":[12.5,9,7.5],"faces":{"north":{"uv":[7.5,1.5,9.5,4],"texture":"#0"},"east":{"uv":[0,2.5,3.5,5],"texture":"#0"},"south":{"uv":[7.5,1.5,9.5,4],"texture":"#0"},"west":{"uv":[0,2.5,3.5,5],"texture":"#0"},"up":{"uv":[7.5,7,5.5,3.5],"texture":"#0"},"down":{"uv":[4,7,2,10.5],"texture":"#0"}}},{"from":[8.5,0,0.5],"to":[12.5,5,7.5],"faces":{"north":{"uv":[7.5,1.5,9.5,4],"texture":"#0"},"east":{"uv":[0,2.5,3.5,5],"texture":"#0"},"south":{"uv":[7.5,1.5,9.5,4],"texture":"#0"},"west":{"uv":[0,2.5,3.5,5],"texture":"#0"},"up":{"uv":[7.5,7,5.5,3.5],"texture":"#0"},"down":{"uv":[4,7,2,10.5],"texture":"#0"}}},{"from":[8.4,-0.1,3],"to":[15.6,9.1,5],"faces":{"east":{"uv":[9.5,1.5,10.5,6],"texture":"#0"},"west":{"uv":[9.5,1.5,10.5,6],"texture":"#0"},"up":{"uv":[11,0,14.5,1],"texture":"#0"},"down":{"uv":[11,0,14.5,1],"texture":"#0"}}},{"from":[11.5,9,0.5],"to":[15.5,14,7.5],"faces":{"north":{"uv":[7.5,1.5,9.5,4],"texture":"#0"},"east":{"uv":[0,2.5,3.5,5],"texture":"#0"},"south":{"uv":[7.5,1.5,9.5,4],"texture":"#0"},"west":{"uv":[0,2.5,3.5,5],"texture":"#0"},"up":{"uv":[7.5,7,5.5,3.5],"texture":"#0"},"down":{"uv":[4,7,2,10.5],"texture":"#0"}}},{"from":[11.5,13,0.5],"to":[15.5,18,7.5],"faces":{"north":{"uv":[7.5,1.5,9.5,4],"texture":"#0"},"east":{"uv":[0,2.5,3.5,5],"texture":"#0"},"south":{"uv":[7.5,1.5,9.5,4],"texture":"#0"},"west":{"uv":[0,2.5,3.5,5],"texture":"#0"},"up":{"uv":[7.5,7,5.5,3.5],"texture":"#0"},"down":{"uv":[4,7,2,10.5],"texture":"#0"}}},{"from":[8.5,13,0.5],"to":[12.5,18,7.5],"faces":{"north":{"uv":[7.5,1.5,9.5,4],"texture":"#0"},"east":{"uv":[0,2.5,3.5,5],"texture":"#0"},"south":{"uv":[7.5,1.5,9.5,4],"texture":"#0"},"west":{"uv":[0,2.5,3.5,5],"texture":"#0"},"up":{"uv":[7.5,7,5.5,3.5],"texture":"#0"},"down":{"uv":[4,7,2,10.5],"texture":"#0"}}},{"from":[8.5,9,0.5],"to":[12.5,14,7.5],"faces":{"north":{"uv":[7.5,1.5,9.5,4],"texture":"#0"},"east":{"uv":[0,2.5,3.5,5],"texture":"#0"},"south":{"uv":[7.5,1.5,9.5,4],"texture":"#0"},"west":{"uv":[0,2.5,3.5,5],"texture":"#0"},"up":{"uv":[7.5,7,5.5,3.5],"texture":"#0"},"down":{"uv":[4,7,2,10.5],"texture":"#0"}}},{"from":[8.4,8.9,3],"to":[15.6,18.1,5],"faces":{"east":{"uv":[9.5,1.5,10.5,6],"texture":"#0"},"west":{"uv":[9.5,1.5,10.5,6],"texture":"#0"},"up":{"uv":[11,0,14.5,1],"texture":"#0"},"down":{"uv":[11,0,14.5,1],"texture":"#0"}}},{"from":[-0.5,0,0.5],"to":[6.5,5,4.5],"rotation":{"angle":-45,"axis":"y","origin":[4,4.5,4]},"faces":{"north":{"uv":[0,2.5,3.5,5],"texture":"#0"},"east":{"uv":[7.5,1.5,9.5,4],"texture":"#0"},"south":{"uv":[0,2.5,3.5,5],"texture":"#0"},"west":{"uv":[7.5,1.5,9.5,4],"texture":"#0"},"up":{"uv":[7.5,7,5.5,3.5],"rotation":270,"texture":"#0"},"down":{"uv":[4,7,2,10.5],"rotation":90,"texture":"#0"}}},{"from":[-0.5,4,0.5],"to":[6.5,9,4.5],"rotation":{"angle":-45,"axis":"y","origin":[4,4.5,4]},"faces":{"north":{"uv":[0,2.5,3.5,5],"texture":"#0"},"east":{"uv":[7.5,1.5,9.5,4],"texture":"#0"},"south":{"uv":[0,2.5,3.5,5],"texture":"#0"},"west":{"uv":[7.5,1.5,9.5,4],"texture":"#0"},"up":{"uv":[7.5,7,5.5,3.5],"rotation":270,"texture":"#0"},"down":{"uv":[4,7,2,10.5],"rotation":90,"texture":"#0"}}},{"from":[-0.5,4,3.5],"to":[6.5,9,7.5],"rotation":{"angle":-45,"axis":"y","origin":[4,4.5,4]},"faces":{"north":{"uv":[0,2.5,3.5,5],"texture":"#0"},"east":{"uv":[7.5,1.5,9.5,4],"texture":"#0"},"south":{"uv":[0,2.5,3.5,5],"texture":"#0"},"west":{"uv":[7.5,1.5,9.5,4],"texture":"#0"},"up":{"uv":[7.5,7,5.5,3.5],"rotation":270,"texture":"#0"},"down":{"uv":[4,7,2,10.5],"rotation":90,"texture":"#0"}}},{"from":[-0.5,0,3.5],"to":[6.5,5,7.5],"rotation":{"angle":-45,"axis":"y","origin":[4,4.5,4]},"faces":{"north":{"uv":[0,2.5,3.5,5],"texture":"#0"},"east":{"uv":[7.5,1.5,9.5,4],"texture":"#0"},"south":{"uv":[0,2.5,3.5,5],"texture":"#0"},"west":{"uv":[7.5,1.5,9.5,4],"texture":"#0"},"up":{"uv":[7.5,7,5.5,3.5],"rotation":270,"texture":"#0"},"down":{"uv":[4,7,2,10.5],"rotation":90,"texture":"#0"}}},{"from":[2,-0.1,0.4],"to":[4,9.1,7.6],"rotation":{"angle":-45,"axis":"y","origin":[4,4.5,4]},"faces":{"north":{"uv":[9.5,1.5,10.5,6],"texture":"#0"},"south":{"uv":[9.5,1.5,10.5,6],"texture":"#0"},"up":{"uv":[11,0,14.5,1],"rotation":270,"texture":"#0"},"down":{"uv":[11,0,14.5,1],"rotation":90,"texture":"#0"}}},{"from":[12,0,9],"to":[16,5,16],"rotation":{"angle":22.5,"axis":"y","origin":[12,4.5,12]},"faces":{"north":{"uv":[7.5,1.5,9.5,4],"texture":"#0"},"east":{"uv":[0,2.5,3.5,5],"texture":"#0"},"south":{"uv":[7.5,1.5,9.5,4],"texture":"#0"},"west":{"uv":[0,2.5,3.5,5],"texture":"#0"},"up":{"uv":[7.5,7,5.5,3.5],"texture":"#0"},"down":{"uv":[4,7,2,10.5],"texture":"#0"}}},{"from":[12,4,9],"to":[16,9,16],"rotation":{"angle":22.5,"axis":"y","origin":[12,4.5,12]},"faces":{"north":{"uv":[7.5,1.5,9.5,4],"texture":"#0"},"east":{"uv":[0,2.5,3.5,5],"texture":"#0"},"south":{"uv":[7.5,1.5,9.5,4],"texture":"#0"},"west":{"uv":[0,2.5,3.5,5],"texture":"#0"},"up":{"uv":[7.5,7,5.5,3.5],"texture":"#0"},"down":{"uv":[4,7,2,10.5],"texture":"#0"}}},{"from":[9,4,9],"to":[13,9,16],"rotation":{"angle":22.5,"axis":"y","origin":[12,4.5,12]},"faces":{"north":{"uv":[7.5,1.5,9.5,4],"texture":"#0"},"east":{"uv":[0,2.5,3.5,5],"texture":"#0"},"south":{"uv":[7.5,1.5,9.5,4],"texture":"#0"},"west":{"uv":[0,2.5,3.5,5],"texture":"#0"},"up":{"uv":[7.5,7,5.5,3.5],"texture":"#0"},"down":{"uv":[4,7,2,10.5],"texture":"#0"}}},{"from":[9,0,9],"to":[13,5,16],"rotation":{"angle":22.5,"axis":"y","origin":[12,4.5,12]},"faces":{"north":{"uv":[7.5,1.5,9.5,4],"texture":"#0"},"east":{"uv":[0,2.5,3.5,5],"texture":"#0"},"south":{"uv":[7.5,1.5,9.5,4],"texture":"#0"},"west":{"uv":[0,2.5,3.5,5],"texture":"#0"},"up":{"uv":[7.5,7,5.5,3.5],"texture":"#0"},"down":{"uv":[4,7,2,10.5],"texture":"#0"}}},{"from":[8.9,-0.1,11.5],"to":[16.1,9.1,13.5],"rotation":{"angle":22.5,"axis":"y","origin":[12,4.5,12]},"faces":{"east":{"uv":[9.5,1.5,10.5,6],"texture":"#0"},"west":{"uv":[9.5,1.5,10.5,6],"texture":"#0"},"up":{"uv":[11,0,14.5,1],"texture":"#0"},"down":{"uv":[11,0,14.5,1],"texture":"#0"}}},{"from":[3.5,0,8.5],"to":[7.5,5,15.5],"faces":{"north":{"uv":[7.5,1.5,9.5,4],"texture":"#0"},"east":{"uv":[0,2.5,3.5,5],"texture":"#0"},"south":{"uv":[7.5,1.5,9.5,4],"texture":"#0"},"west":{"uv":[0,2.5,3.5,5],"texture":"#0"},"up":{"uv":[7.5,7,5.5,3.5],"texture":"#0"},"down":{"uv":[4,7,2,10.5],"texture":"#0"}}},{"from":[3.5,4,8.5],"to":[7.5,9,15.5],"faces":{"north":{"uv":[7.5,1.5,9.5,4],"texture":"#0"},"east":{"uv":[0,2.5,3.5,5],"texture":"#0"},"south":{"uv":[7.5,1.5,9.5,4],"texture":"#0"},"west":{"uv":[0,2.5,3.5,5],"texture":"#0"},"up":{"uv":[7.5,7,5.5,3.5],"texture":"#0"},"down":{"uv":[4,7,2,10.5],"texture":"#0"}}},{"from":[0.5,4,8.5],"to":[4.5,9,15.5],"faces":{"north":{"uv":[7.5,1.5,9.5,4],"texture":"#0"},"east":{"uv":[0,2.5,3.5,5],"texture":"#0"},"south":{"uv":[7.5,1.5,9.5,4],"texture":"#0"},"west":{"uv":[0,2.5,3.5,5],"texture":"#0"},"up":{"uv":[7.5,7,5.5,3.5],"texture":"#0"},"down":{"uv":[4,7,2,10.5],"texture":"#0"}}},{"from":[0.5,0,8.5],"to":[4.5,5,15.5],"faces":{"north":{"uv":[7.5,1.5,9.5,4],"texture":"#0"},"east":{"uv":[0,2.5,3.5,5],"texture":"#0"},"south":{"uv":[7.5,1.5,9.5,4],"texture":"#0"},"west":{"uv":[0,2.5,3.5,5],"texture":"#0"},"up":{"uv":[7.5,7,5.5,3.5],"texture":"#0"},"down":{"uv":[4,7,2,10.5],"texture":"#0"}}},{"from":[0.4,-0.1,11],"to":[7.6,9.1,13],"faces":{"east":{"uv":[9.5,1.5,10.5,6],"texture":"#0"},"west":{"uv":[9.5,1.5,10.5,6],"texture":"#0"},"up":{"uv":[11,0,14.5,1],"texture":"#0"},"down":{"uv":[11,0,14.5,1],"texture":"#0"}}}],"display":{"thirdperson_righthand":{"rotation":[49,36,0],"translation":[-0.5,3,0.5],"scale":[0.35,0.35,0.35]},"thirdperson_lefthand":{"rotation":[49,36,0],"translation":[-0.5,3,0.5],"scale":[0.35,0.35,0.35]},"firstperson_righthand":{"rotation":[-180,65,-180],"translation":[9.75,-2.25,-9.25],"scale":[0.85,0.85,0.85]},"firstperson_lefthand":{"rotation":[-180,65,-180],"translation":[9.75,-2.25,-9.25],"scale":[0.85,0.85,0.85]},"ground":{"translation":[0,5.5,0],"scale":[0.4,0.4,0.4]},"gui":{"rotation":[30,145.5,0],"scale":[0.55,0.55,0.55]},"head":{"translation":[0,-30.5,0],"scale":[1.6,1.6,1.6]},"fixed":{"rotation":[-90,0,0],"translation":[0,-3,-16],"scale":[2,2,2]}},"groups":[{"name":"group","origin":[0,0,0],"color":0,"children":[0,1,2,3,4,5,6,7,8,9,10,11,12,13,14]},{"name":"group","origin":[0,0,0],"color":0,"children":[15,16,17,18,19,20,21,22,23,24]}]}