{
  "credit": "MadebyPolygonMC",
  "texture_size": [
    24,
    24
  ],
  "textures": {
    "0": "lunarset:animations_2",
    "2": "lunarset:fishing_rod",
    "3": "lunarset:animations_1",
    "particle": "lunarset:animations_2"
  },
  "elements": [
    {
      "from": [
        7.25,
        1,
        7.25
      ],
      "to": [
        8.75,
        1.5,
        8.75
      ],
      "rotation": {
        "angle": 0,
        "axis": "y",
        "origin": [
          7.5,
          0,
          7.5
        ]
      },
      "faces": {
        "north": {
          "uv": [
            12,
            7.33333,
            13,
            7.66667
          ],
          "texture": "#2"
        },
        "east": {
          "uv": [
            8,
            12,
            9,
            12.33333
          ],
          "texture": "#2"
        },
        "south": {
          "uv": [
            12,
            8,
            13,
            8.33333
          ],
          "texture": "#2"
        },
        "west": {
          "uv": [
            12,
            8.66667,
            13,
            9
          ],
          "texture": "#2"
        },
        "up": {
          "uv": [
            5,
            10.33333,
            4,
            9.33333
          ],
          "texture": "#2"
        },
        "down": {
          "uv": [
            10.33333,
            4.66667,
            9.33333,
            5.66667
          ],
          "texture": "#2"
        }
      }
    },
    {
      "from": [
        7.25,
        5.5,
        7.25
      ],
      "to": [
        8.75,
        6,
        8.75
      ],
      "rotation": {
        "angle": 0,
        "axis": "y",
        "origin": [
          7.5,
          0,
          7.5
        ]
      },
      "faces": {
        "north": {
          "uv": [
            9.33333,
            12,
            10.33333,
            12.33333
          ],
          "texture": "#2"
        },
        "east": {
          "uv": [
            12,
            9.33333,
            13,
            9.66667
          ],
          "texture": "#2"
        },
        "south": {
          "uv": [
            12,
            10,
            13,
            10.33333
          ],
          "texture": "#2"
        },
        "west": {
          "uv": [
            10.66667,
            12,
            11.66667,
            12.33333
          ],
          "texture": "#2"
        },
        "up": {
          "uv": [
            6.33333,
            10.33333,
            5.33333,
            9.33333
          ],
          "texture": "#2"
        },
        "down": {
          "uv": [
            7.66667,
            9.33333,
            6.66667,
            10.33333
          ],
          "texture": "#2"
        }
      }
    },
    {
      "from": [
        7.5,
        1.5,
        7.5
      ],
      "to": [
        8.5,
        2.5,
        8.5
      ],
      "rotation": {
        "angle": 0,
        "axis": "y",
        "origin": [
          7.5,
          0,
          7.5
        ]
      },
      "faces": {
        "north": {
          "uv": [
            7.33333,
            2.66667,
            8,
            3.33333
          ],
          "texture": "#2"
        },
        "east": {
          "uv": [
            8,
            6.66667,
            8.66667,
            7.33333
          ],
          "texture": "#2"
        },
        "south": {
          "uv": [
            8.66667,
            2,
            9.33333,
            2.66667
          ],
          "texture": "#2"
        },
        "west": {
          "uv": [
            9.33333,
            6,
            10,
            6.66667
          ],
          "texture": "#2"
        },
        "up": {
          "uv": [
            10.66667,
            2,
            10,
            1.33333
          ],
          "texture": "#2"
        }
      }
    },
    {
      "from": [
        7.5,
        4.5,
        7.5
      ],
      "to": [
        8.5,
        5.5,
        8.5
      ],
      "rotation": {
        "angle": 0,
        "axis": "y",
        "origin": [
          7.5,
          0.5,
          7.5
        ]
      },
      "faces": {
        "north": {
          "uv": [
            10.66667,
            5.33333,
            11.33333,
            6
          ],
          "texture": "#2"
        },
        "east": {
          "uv": [
            10.66667,
            10,
            11.33333,
            10.66667
          ],
          "texture": "#2"
        },
        "south": {
          "uv": [
            10.66667,
            10.66667,
            11.33333,
            11.33333
          ],
          "texture": "#2"
        },
        "west": {
          "uv": [
            0,
            11.33333,
            0.66667,
            12
          ],
          "texture": "#2"
        },
        "up": {
          "uv": [
            12,
            0.66667,
            11.33333,
            0
          ],
          "texture": "#2"
        },
        "down": {
          "uv": [
            1.33333,
            11.33333,
            0.66667,
            12
          ],
          "texture": "#2"
        }
      }
    },
    {
      "from": [
        7.6,
        2.5,
        7.6
      ],
      "to": [
        8.4,
        4.5,
        8.4
      ],
      "rotation": {
        "angle": 0,
        "axis": "y",
        "origin": [
          7.5,
          0,
          7.5
        ]
      },
      "faces": {
        "north": {
          "uv": [
            4.66667,
            10.66667,
            5.16667,
            12
          ],
          "texture": "#2"
        },
        "east": {
          "uv": [
            5.33333,
            10.66667,
            5.83333,
            12
          ],
          "texture": "#2"
        },
        "south": {
          "uv": [
            6,
            10.66667,
            6.5,
            12
          ],
          "texture": "#2"
        },
        "west": {
          "uv": [
            6.66667,
            10.66667,
            7.16667,
            12
          ],
          "texture": "#2"
        }
      }
    },
    {
      "from": [
        7.75,
        -0.75,
        7
      ],
      "to": [
        8.25,
        1.25,
        7.75
      ],
      "rotation": {
        "angle": -45,
        "axis": "x",
        "origin": [
          8,
          0.25,
          8
        ]
      },
      "faces": {
        "north": {
          "uv": [
            11.33333,
            0.66667,
            11.66667,
            2
          ],
          "texture": "#2"
        },
        "east": {
          "uv": [
            7.33333,
            10.66667,
            7.83333,
            12
          ],
          "texture": "#2"
        },
        "south": {
          "uv": [
            11.33333,
            5.33333,
            11.66667,
            6.66667
          ],
          "texture": "#2"
        },
        "west": {
          "uv": [
            8,
            10.66667,
            8.5,
            12
          ],
          "texture": "#2"
        },
        "up": {
          "uv": [
            9,
            13.16667,
            8.66667,
            12.66667
          ],
          "texture": "#2"
        },
        "down": {
          "uv": [
            9.66667,
            12.66667,
            9.33333,
            13.16667
          ],
          "texture": "#2"
        }
      }
    },
    {
      "from": [
        7.75,
        -0.75,
        8.25
      ],
      "to": [
        8.25,
        1.25,
        9
      ],
      "rotation": {
        "angle": -45,
        "axis": "x",
        "origin": [
          8,
          0.25,
          8
        ]
      },
      "faces": {
        "north": {
          "uv": [
            11.33333,
            6.66667,
            11.66667,
            8
          ],
          "texture": "#2"
        },
        "east": {
          "uv": [
            8.66667,
            10.66667,
            9.16667,
            12
          ],
          "texture": "#2"
        },
        "south": {
          "uv": [
            11.33333,
            8,
            11.66667,
            9.33333
          ],
          "texture": "#2"
        },
        "west": {
          "uv": [
            9.33333,
            10.66667,
            9.83333,
            12
          ],
          "texture": "#2"
        },
        "up": {
          "uv": [
            10.33333,
            13.16667,
            10,
            12.66667
          ],
          "texture": "#2"
        },
        "down": {
          "uv": [
            11,
            12.66667,
            10.66667,
            13.16667
          ],
          "texture": "#2"
        }
      }
    },
    {
      "from": [
        7.75,
        0.5,
        7.75
      ],
      "to": [
        8.25,
        1.25,
        8.25
      ],
      "rotation": {
        "angle": -45,
        "axis": "x",
        "origin": [
          8,
          0.25,
          8
        ]
      },
      "faces": {
        "east": {
          "uv": [
            12.66667,
            10.66667,
            13,
            11.16667
          ],
          "texture": "#2"
        },
        "west": {
          "uv": [
            11.33333,
            12.66667,
            11.66667,
            13.16667
          ],
          "texture": "#2"
        },
        "up": {
          "uv": [
            13,
            13,
            12.66667,
            12.66667
          ],
          "texture": "#2"
        },
        "down": {
          "uv": [
            13.66667,
            0,
            13.33333,
            0.33333
          ],
          "texture": "#2"
        }
      }
    },
    {
      "from": [
        7.75,
        -0.75,
        7.75
      ],
      "to": [
        8.25,
        0,
        8.25
      ],
      "rotation": {
        "angle": -45,
        "axis": "x",
        "origin": [
          8,
          0.25,
          8
        ]
      },
      "faces": {
        "east": {
          "uv": [
            12.66667,
            11.33333,
            13,
            11.83333
          ],
          "texture": "#2"
        },
        "west": {
          "uv": [
            12.66667,
            12,
            13,
            12.5
          ],
          "texture": "#2"
        },
        "up": {
          "uv": [
            1,
            13.66667,
            0.66667,
            13.33333
          ],
          "texture": "#2"
        },
        "down": {
          "uv": [
            13.66667,
            0.66667,
            13.33333,
            1
          ],
          "texture": "#2"
        }
      }
    },
    {
      "from": [
        7.4,
        6.925,
        6.9
      ],
      "to": [
        8.6,
        9.125,
        9.1
      ],
      "rotation": {
        "angle": -45,
        "axis": "x",
        "origin": [
          8,
          8.025,
          8
        ]
      },
      "faces": {
        "north": {
          "uv": [
            8.66667,
            0,
            9.5,
            1.5
          ],
          "texture": "#2"
        },
        "east": {
          "uv": [
            6,
            3.33333,
            7.5,
            4.83333
          ],
          "texture": "#2"
        },
        "south": {
          "uv": [
            8.66667,
            6.66667,
            9.5,
            8.16667
          ],
          "texture": "#2"
        },
        "west": {
          "uv": [
            6,
            5.33333,
            7.5,
            6.83333
          ],
          "texture": "#2"
        },
        "up": {
          "uv": [
            9.5,
            10.16667,
            8.66667,
            8.66667
          ],
          "texture": "#2"
        },
        "down": {
          "uv": [
            0.83333,
            9.33333,
            0,
            10.83333
          ],
          "texture": "#2"
        }
      }
    },
    {
      "from": [
        7.1,
        7.225,
        7.2
      ],
      "to": [
        8.9,
        8.825,
        8.8
      ],
      "rotation": {
        "angle": -45,
        "axis": "x",
        "origin": [
          8,
          8.025,
          8
        ]
      },
      "faces": {
        "north": {
          "uv": [
            1.33333,
            9.33333,
            2.5,
            10.33333
          ],
          "texture": "#2"
        },
        "east": {
          "uv": [
            10,
            0,
            11,
            1
          ],
          "texture": "#2"
        },
        "south": {
          "uv": [
            9.33333,
            2,
            10.5,
            3
          ],
          "texture": "#2"
        },
        "west": {
          "uv": [
            10,
            6,
            11,
            7
          ],
          "texture": "#2"
        },
        "up": {
          "uv": [
            3.83333,
            10.33333,
            2.66667,
            9.33333
          ],
          "texture": "#2"
        },
        "down": {
          "uv": [
            10.5,
            3.33333,
            9.33333,
            4.33333
          ],
          "texture": "#2"
        }
      }
    },
    {
      "from": [
        7.75,
        6.5477,
        9.06755
      ],
      "to": [
        8.25,
        8.5477,
        11.06755
      ],
      "rotation": {
        "angle": 45,
        "axis": "x",
        "origin": [
          8,
          8.025,
          10.54485
        ]
      },
      "faces": {
        "north": {
          "uv": [
            12,
            0,
            12.33333,
            1.33333
          ],
          "texture": "#2"
        },
        "east": {
          "uv": [
            7.33333,
            0,
            8.66667,
            1.33333
          ],
          "texture": "#2"
        },
        "south": {
          "uv": [
            0.66667,
            12,
            1,
            13.33333
          ],
          "texture": "#2"
        },
        "west": {
          "uv": [
            7.33333,
            1.33333,
            8.66667,
            2.66667
          ],
          "texture": "#2"
        },
        "up": {
          "uv": [
            1.66667,
            13.33333,
            1.33333,
            12
          ],
          "texture": "#2"
        },
        "down": {
          "uv": [
            12.33333,
            1.33333,
            12,
            2.66667
          ],
          "texture": "#2"
        }
      }
    },
    {
      "from": [
        7.725,
        7.7943,
        10.31415
      ],
      "to": [
        8.275,
        9.2103,
        11.73015
      ],
      "rotation": {
        "angle": 45,
        "axis": "x",
        "origin": [
          8,
          8.025,
          10.54485
        ]
      },
      "faces": {
        "north": {
          "uv": [
            12,
            10.66667,
            12.33333,
            11.66667
          ],
          "texture": "#2"
        },
        "east": {
          "uv": [
            10,
            7.33333,
            11,
            8.33333
          ],
          "texture": "#2"
        },
        "south": {
          "uv": [
            12,
            12,
            12.33333,
            13
          ],
          "texture": "#2"
        },
        "west": {
          "uv": [
            10,
            8.66667,
            11,
            9.66667
          ],
          "texture": "#2"
        },
        "up": {
          "uv": [
            0.33333,
            13.66667,
            0,
            12.66667
          ],
          "texture": "#2"
        },
        "down": {
          "uv": [
            13,
            0,
            12.66667,
            1
          ],
          "texture": "#2"
        }
      }
    },
    {
      "from": [
        6.725,
        3.975,
        4
      ],
      "to": [
        6.775,
        11.975,
        12
      ],
      "rotation": {
        "angle": 0,
        "axis": "z",
        "origin": [
          6.75,
          7.975,
          8
        ]
      },
      "faces": {
        "east": {
          "uv": [
            16,
            16,
            0,
            0
          ],
          "rotation": 180,
          "texture": "#3"
        },
        "west": {
          "uv": [
            16,
            0,
            0,
            16
          ],
          "texture": "#3"
        }
      }
    },
    {
      "from": [
        9.225,
        3.975,
        4
      ],
      "to": [
        9.275,
        11.975,
        12
      ],
      "rotation": {
        "angle": 0,
        "axis": "z",
        "origin": [
          9.25,
          7.975,
          8
        ]
      },
      "faces": {
        "east": {
          "uv": [
            0,
            0,
            16,
            16
          ],
          "texture": "#3"
        },
        "west": {
          "uv": [
            0,
            16,
            16,
            0
          ],
          "rotation": 180,
          "texture": "#3"
        }
      }
    },
    {
      "from": [
        7.5,
        6,
        7.5
      ],
      "to": [
        8.5,
        7,
        8.5
      ],
      "rotation": {
        "angle": 0,
        "axis": "y",
        "origin": [
          7.5,
          6,
          7.5
        ]
      },
      "faces": {
        "north": {
          "uv": [
            11.33333,
            2,
            12,
            2.66667
          ],
          "texture": "#2"
        },
        "east": {
          "uv": [
            11.33333,
            9.33333,
            12,
            10
          ],
          "texture": "#2"
        },
        "south": {
          "uv": [
            10,
            11.33333,
            10.66667,
            12
          ],
          "texture": "#2"
        },
        "west": {
          "uv": [
            11.33333,
            10,
            12,
            10.66667
          ],
          "texture": "#2"
        }
      }
    },
    {
      "from": [
        7.5,
        16.5,
        7.5
      ],
      "to": [
        8.5,
        17.5,
        8.5
      ],
      "rotation": {
        "angle": 0,
        "axis": "y",
        "origin": [
          7.5,
          16.5,
          7.5
        ]
      },
      "faces": {
        "north": {
          "uv": [
            10.66667,
            11.33333,
            11.33333,
            12
          ],
          "texture": "#2"
        },
        "east": {
          "uv": [
            11.33333,
            10.66667,
            12,
            11.33333
          ],
          "texture": "#2"
        },
        "south": {
          "uv": [
            11.33333,
            11.33333,
            12,
            12
          ],
          "texture": "#2"
        },
        "west": {
          "uv": [
            0,
            12,
            0.66667,
            12.66667
          ],
          "texture": "#2"
        }
      }
    },
    {
      "from": [
        7.5,
        19.3,
        6.325
      ],
      "to": [
        8.5,
        21.3,
        7.325
      ],
      "rotation": {
        "angle": -45,
        "axis": "x",
        "origin": [
          8,
          19.8,
          6.825
        ]
      },
      "faces": {
        "north": {
          "uv": [
            8,
            9.33333,
            8.66667,
            10.66667
          ],
          "texture": "#2"
        },
        "east": {
          "uv": [
            10,
            10,
            10.66667,
            11.33333
          ],
          "texture": "#2"
        },
        "south": {
          "uv": [
            1.33333,
            10.66667,
            2,
            12
          ],
          "texture": "#2"
        },
        "west": {
          "uv": [
            10.66667,
            1.33333,
            11.33333,
            2.66667
          ],
          "texture": "#2"
        },
        "up": {
          "uv": [
            12.66667,
            4,
            12,
            3.33333
          ],
          "texture": "#2"
        }
      }
    },
    {
      "from": [
        7.5,
        9.05,
        7.5
      ],
      "to": [
        8.5,
        10.05,
        8.5
      ],
      "rotation": {
        "angle": 0,
        "axis": "y",
        "origin": [
          7.5,
          9.05,
          7.5
        ]
      },
      "faces": {
        "north": {
          "uv": [
            2,
            12,
            2.66667,
            12.66667
          ],
          "texture": "#2"
        },
        "east": {
          "uv": [
            2.66667,
            12,
            3.33333,
            12.66667
          ],
          "texture": "#2"
        },
        "south": {
          "uv": [
            12,
            2.66667,
            12.66667,
            3.33333
          ],
          "texture": "#2"
        },
        "west": {
          "uv": [
            3.33333,
            12,
            4,
            12.66667
          ],
          "texture": "#2"
        }
      }
    },
    {
      "from": [
        7.35,
        10,
        7.35
      ],
      "to": [
        8.65,
        16.5,
        8.65
      ],
      "rotation": {
        "angle": 0,
        "axis": "y",
        "origin": [
          7.5,
          15.5,
          7.5
        ]
      },
      "faces": {
        "north": {
          "uv": [
            3.33333,
            0,
            4.16667,
            4.33333
          ],
          "texture": "#2"
        },
        "east": {
          "uv": [
            4.66667,
            0,
            5.5,
            4.33333
          ],
          "texture": "#2"
        },
        "south": {
          "uv": [
            3.33333,
            4.66667,
            4.16667,
            9
          ],
          "texture": "#2"
        },
        "west": {
          "uv": [
            4.66667,
            4.66667,
            5.5,
            9
          ],
          "texture": "#2"
        },
        "up": {
          "uv": [
            2.83333,
            11.5,
            2,
            10.66667
          ],
          "texture": "#2"
        },
        "down": {
          "uv": [
            11.5,
            2.66667,
            10.66667,
            3.5
          ],
          "texture": "#2"
        }
      }
    },
    {
      "from": [
        7.36,
        17.145,
        6.86
      ],
      "to": [
        8.64,
        19.705,
        8.14
      ],
      "rotation": {
        "angle": -22.5,
        "axis": "x",
        "origin": [
          8,
          18.425,
          7.5
        ]
      },
      "faces": {
        "north": {
          "uv": [
            8,
            4.66667,
            8.83333,
            6.33333
          ],
          "texture": "#2"
        },
        "east": {
          "uv": [
            8,
            4.66667,
            8.83333,
            6.33333
          ],
          "texture": "#2"
        },
        "south": {
          "uv": [
            8,
            4.66667,
            8.83333,
            6.33333
          ],
          "texture": "#2"
        },
        "west": {
          "uv": [
            8,
            4.66667,
            8.83333,
            6.33333
          ],
          "texture": "#2"
        },
        "up": {
          "uv": [
            4.16667,
            11.5,
            3.33333,
            10.66667
          ],
          "texture": "#2"
        },
        "down": {
          "uv": [
            11.5,
            4,
            10.66667,
            4.83333
          ],
          "texture": "#2"
        }
      }
    },
    {
      "from": [
        7.975,
        7,
        2.5
      ],
      "to": [
        8.025,
        21,
        7.5
      ],
      "rotation": {
        "angle": 0,
        "axis": "y",
        "origin": [
          7.975,
          7,
          1.5
        ]
      },
      "faces": {
        "east": {
          "uv": [
            3.33333,
            0,
            0,
            9.33333
          ],
          "texture": "#2"
        },
        "west": {
          "uv": [
            0,
            0,
            3.33333,
            9.33333
          ],
          "texture": "#2"
        }
      }
    },
    {
      "from": [
        7,
        10.25,
        7.25
      ],
      "to": [
        9,
        10.75,
        7.75
      ],
      "rotation": {
        "angle": 0,
        "axis": "y",
        "origin": [
          7,
          10.25,
          5.75
        ]
      },
      "faces": {
        "north": {
          "uv": [
            4,
            12,
            5.33333,
            12.33333
          ],
          "texture": "#2"
        },
        "east": {
          "uv": [
            1.33333,
            13.33333,
            1.66667,
            13.66667
          ],
          "texture": "#2"
        },
        "south": {
          "uv": [
            12,
            4,
            13.33333,
            4.33333
          ],
          "texture": "#2"
        },
        "west": {
          "uv": [
            13.33333,
            1.33333,
            13.66667,
            1.66667
          ],
          "texture": "#2"
        },
        "up": {
          "uv": [
            13.33333,
            5,
            12,
            4.66667
          ],
          "texture": "#2"
        },
        "down": {
          "uv": [
            6.66667,
            12,
            5.33333,
            12.33333
          ],
          "texture": "#2"
        }
      }
    },
    {
      "from": [
        7,
        10.25,
        5.75
      ],
      "to": [
        9,
        10.75,
        6.25
      ],
      "rotation": {
        "angle": 0,
        "axis": "y",
        "origin": [
          7,
          10.25,
          4.25
        ]
      },
      "faces": {
        "north": {
          "uv": [
            12,
            5.33333,
            13.33333,
            5.66667
          ],
          "texture": "#2"
        },
        "east": {
          "uv": [
            2,
            13.33333,
            2.33333,
            13.66667
          ],
          "texture": "#2"
        },
        "south": {
          "uv": [
            12,
            6,
            13.33333,
            6.33333
          ],
          "texture": "#2"
        },
        "west": {
          "uv": [
            13.33333,
            2,
            13.66667,
            2.33333
          ],
          "texture": "#2"
        },
        "up": {
          "uv": [
            8,
            12.33333,
            6.66667,
            12
          ],
          "texture": "#2"
        },
        "down": {
          "uv": [
            13.33333,
            6.66667,
            12,
            7
          ],
          "texture": "#2"
        }
      }
    },
    {
      "from": [
        8.5,
        10.25,
        6.25
      ],
      "to": [
        9,
        10.75,
        7.25
      ],
      "rotation": {
        "angle": 0,
        "axis": "y",
        "origin": [
          7,
          10.25,
          5.25
        ]
      },
      "faces": {
        "east": {
          "uv": [
            12.66667,
            3.33333,
            13.33333,
            3.66667
          ],
          "texture": "#2"
        },
        "west": {
          "uv": [
            4,
            12.66667,
            4.66667,
            13
          ],
          "texture": "#2"
        },
        "up": {
          "uv": [
            5,
            13.33333,
            4.66667,
            12.66667
          ],
          "texture": "#2"
        },
        "down": {
          "uv": [
            5.66667,
            12.66667,
            5.33333,
            13.33333
          ],
          "texture": "#2"
        }
      }
    },
    {
      "from": [
        7,
        10.25,
        6.25
      ],
      "to": [
        7.5,
        10.75,
        7.25
      ],
      "rotation": {
        "angle": 0,
        "axis": "y",
        "origin": [
          5.5,
          10.25,
          5.25
        ]
      },
      "faces": {
        "east": {
          "uv": [
            6,
            12.66667,
            6.66667,
            13
          ],
          "texture": "#2"
        },
        "west": {
          "uv": [
            6.66667,
            12.66667,
            7.33333,
            13
          ],
          "texture": "#2"
        },
        "up": {
          "uv": [
            7.66667,
            13.33333,
            7.33333,
            12.66667
          ],
          "texture": "#2"
        },
        "down": {
          "uv": [
            8.33333,
            12.66667,
            8,
            13.33333
          ],
          "texture": "#2"
        }
      }
    },
    {
      "from": [
        7,
        13,
        7.25
      ],
      "to": [
        9,
        13.5,
        7.75
      ],
      "rotation": {
        "angle": 0,
        "axis": "y",
        "origin": [
          7,
          13,
          5.75
        ]
      },
      "faces": {
        "north": {
          "uv": [
            4,
            12,
            5.33333,
            12.33333
          ],
          "texture": "#2"
        },
        "east": {
          "uv": [
            1.33333,
            13.33333,
            1.66667,
            13.66667
          ],
          "texture": "#2"
        },
        "south": {
          "uv": [
            12,
            4,
            13.33333,
            4.33333
          ],
          "texture": "#2"
        },
        "west": {
          "uv": [
            13.33333,
            1.33333,
            13.66667,
            1.66667
          ],
          "texture": "#2"
        },
        "up": {
          "uv": [
            13.33333,
            5,
            12,
            4.66667
          ],
          "texture": "#2"
        },
        "down": {
          "uv": [
            6.66667,
            12,
            5.33333,
            12.33333
          ],
          "texture": "#2"
        }
      }
    },
    {
      "from": [
        7,
        13,
        6.25
      ],
      "to": [
        7.5,
        13.5,
        7.25
      ],
      "rotation": {
        "angle": 0,
        "axis": "y",
        "origin": [
          5.5,
          13,
          5.25
        ]
      },
      "faces": {
        "east": {
          "uv": [
            6,
            12.66667,
            6.66667,
            13
          ],
          "texture": "#2"
        },
        "west": {
          "uv": [
            6.66667,
            12.66667,
            7.33333,
            13
          ],
          "texture": "#2"
        },
        "up": {
          "uv": [
            7.66667,
            13.33333,
            7.33333,
            12.66667
          ],
          "texture": "#2"
        },
        "down": {
          "uv": [
            8.33333,
            12.66667,
            8,
            13.33333
          ],
          "texture": "#2"
        }
      }
    },
    {
      "from": [
        7,
        13,
        5.75
      ],
      "to": [
        9,
        13.5,
        6.25
      ],
      "rotation": {
        "angle": 0,
        "axis": "y",
        "origin": [
          7,
          13,
          4.25
        ]
      },
      "faces": {
        "north": {
          "uv": [
            12,
            5.33333,
            13.33333,
            5.66667
          ],
          "texture": "#2"
        },
        "east": {
          "uv": [
            2,
            13.33333,
            2.33333,
            13.66667
          ],
          "texture": "#2"
        },
        "south": {
          "uv": [
            12,
            6,
            13.33333,
            6.33333
          ],
          "texture": "#2"
        },
        "west": {
          "uv": [
            13.33333,
            2,
            13.66667,
            2.33333
          ],
          "texture": "#2"
        },
        "up": {
          "uv": [
            8,
            12.33333,
            6.66667,
            12
          ],
          "texture": "#2"
        },
        "down": {
          "uv": [
            13.33333,
            6.66667,
            12,
            7
          ],
          "texture": "#2"
        }
      }
    },
    {
      "from": [
        8.5,
        13,
        6.25
      ],
      "to": [
        9,
        13.5,
        7.25
      ],
      "rotation": {
        "angle": 0,
        "axis": "y",
        "origin": [
          7,
          13,
          5.25
        ]
      },
      "faces": {
        "east": {
          "uv": [
            12.66667,
            3.33333,
            13.33333,
            3.66667
          ],
          "texture": "#2"
        },
        "west": {
          "uv": [
            4,
            12.66667,
            4.66667,
            13
          ],
          "texture": "#2"
        },
        "up": {
          "uv": [
            5,
            13.33333,
            4.66667,
            12.66667
          ],
          "texture": "#2"
        },
        "down": {
          "uv": [
            5.66667,
            12.66667,
            5.33333,
            13.33333
          ],
          "texture": "#2"
        }
      }
    },
    {
      "from": [
        7,
        15.75,
        7.25
      ],
      "to": [
        9,
        16.25,
        7.75
      ],
      "rotation": {
        "angle": 0,
        "axis": "y",
        "origin": [
          7,
          15.75,
          5.75
        ]
      },
      "faces": {
        "north": {
          "uv": [
            4,
            12,
            5.33333,
            12.33333
          ],
          "texture": "#2"
        },
        "east": {
          "uv": [
            1.33333,
            13.33333,
            1.66667,
            13.66667
          ],
          "texture": "#2"
        },
        "south": {
          "uv": [
            12,
            4,
            13.33333,
            4.33333
          ],
          "texture": "#2"
        },
        "west": {
          "uv": [
            13.33333,
            1.33333,
            13.66667,
            1.66667
          ],
          "texture": "#2"
        },
        "up": {
          "uv": [
            13.33333,
            5,
            12,
            4.66667
          ],
          "texture": "#2"
        },
        "down": {
          "uv": [
            6.66667,
            12,
            5.33333,
            12.33333
          ],
          "texture": "#2"
        }
      }
    },
    {
      "from": [
        7,
        15.75,
        6.25
      ],
      "to": [
        7.5,
        16.25,
        7.25
      ],
      "rotation": {
        "angle": 0,
        "axis": "y",
        "origin": [
          5.5,
          15.75,
          5.25
        ]
      },
      "faces": {
        "east": {
          "uv": [
            6,
            12.66667,
            6.66667,
            13
          ],
          "texture": "#2"
        },
        "west": {
          "uv": [
            6.66667,
            12.66667,
            7.33333,
            13
          ],
          "texture": "#2"
        },
        "up": {
          "uv": [
            7.66667,
            13.33333,
            7.33333,
            12.66667
          ],
          "texture": "#2"
        },
        "down": {
          "uv": [
            8.33333,
            12.66667,
            8,
            13.33333
          ],
          "texture": "#2"
        }
      }
    },
    {
      "from": [
        7,
        15.75,
        5.75
      ],
      "to": [
        9,
        16.25,
        6.25
      ],
      "rotation": {
        "angle": 0,
        "axis": "y",
        "origin": [
          7,
          15.75,
          4.25
        ]
      },
      "faces": {
        "north": {
          "uv": [
            12,
            5.33333,
            13.33333,
            5.66667
          ],
          "texture": "#2"
        },
        "east": {
          "uv": [
            2,
            13.33333,
            2.33333,
            13.66667
          ],
          "texture": "#2"
        },
        "south": {
          "uv": [
            12,
            6,
            13.33333,
            6.33333
          ],
          "texture": "#2"
        },
        "west": {
          "uv": [
            13.33333,
            2,
            13.66667,
            2.33333
          ],
          "texture": "#2"
        },
        "up": {
          "uv": [
            8,
            12.33333,
            6.66667,
            12
          ],
          "texture": "#2"
        },
        "down": {
          "uv": [
            13.33333,
            6.66667,
            12,
            7
          ],
          "texture": "#2"
        }
      }
    },
    {
      "from": [
        8.5,
        15.75,
        6.25
      ],
      "to": [
        9,
        16.25,
        7.25
      ],
      "rotation": {
        "angle": 0,
        "axis": "y",
        "origin": [
          7,
          15.75,
          5.25
        ]
      },
      "faces": {
        "east": {
          "uv": [
            12.66667,
            3.33333,
            13.33333,
            3.66667
          ],
          "texture": "#2"
        },
        "west": {
          "uv": [
            4,
            12.66667,
            4.66667,
            13
          ],
          "texture": "#2"
        },
        "up": {
          "uv": [
            5,
            13.33333,
            4.66667,
            12.66667
          ],
          "texture": "#2"
        },
        "down": {
          "uv": [
            5.66667,
            12.66667,
            5.33333,
            13.33333
          ],
          "texture": "#2"
        }
      }
    },
    {
      "from": [
        7,
        18,
        7.05
      ],
      "to": [
        9,
        18.5,
        7.55
      ],
      "rotation": {
        "angle": -22.5,
        "axis": "x",
        "origin": [
          8,
          18.25,
          6.55
        ]
      },
      "faces": {
        "north": {
          "uv": [
            4,
            12,
            5.33333,
            12.33333
          ],
          "texture": "#2"
        },
        "east": {
          "uv": [
            1.33333,
            13.33333,
            1.66667,
            13.66667
          ],
          "texture": "#2"
        },
        "south": {
          "uv": [
            12,
            4,
            13.33333,
            4.33333
          ],
          "texture": "#2"
        },
        "west": {
          "uv": [
            13.33333,
            1.33333,
            13.66667,
            1.66667
          ],
          "texture": "#2"
        },
        "up": {
          "uv": [
            13.33333,
            5,
            12,
            4.66667
          ],
          "texture": "#2"
        },
        "down": {
          "uv": [
            6.66667,
            12,
            5.33333,
            12.33333
          ],
          "texture": "#2"
        }
      }
    },
    {
      "from": [
        7,
        18,
        6.05
      ],
      "to": [
        7.5,
        18.5,
        7.05
      ],
      "rotation": {
        "angle": -22.5,
        "axis": "x",
        "origin": [
          8,
          18.25,
          6.55
        ]
      },
      "faces": {
        "east": {
          "uv": [
            6,
            12.66667,
            6.66667,
            13
          ],
          "texture": "#2"
        },
        "west": {
          "uv": [
            6.66667,
            12.66667,
            7.33333,
            13
          ],
          "texture": "#2"
        },
        "up": {
          "uv": [
            7.66667,
            13.33333,
            7.33333,
            12.66667
          ],
          "texture": "#2"
        },
        "down": {
          "uv": [
            8.33333,
            12.66667,
            8,
            13.33333
          ],
          "texture": "#2"
        }
      }
    },
    {
      "from": [
        7,
        18,
        5.55
      ],
      "to": [
        9,
        18.5,
        6.05
      ],
      "rotation": {
        "angle": -22.5,
        "axis": "x",
        "origin": [
          8,
          18.25,
          6.55
        ]
      },
      "faces": {
        "north": {
          "uv": [
            12,
            5.33333,
            13.33333,
            5.66667
          ],
          "texture": "#2"
        },
        "east": {
          "uv": [
            2,
            13.33333,
            2.33333,
            13.66667
          ],
          "texture": "#2"
        },
        "south": {
          "uv": [
            12,
            6,
            13.33333,
            6.33333
          ],
          "texture": "#2"
        },
        "west": {
          "uv": [
            13.33333,
            2,
            13.66667,
            2.33333
          ],
          "texture": "#2"
        },
        "up": {
          "uv": [
            8,
            12.33333,
            6.66667,
            12
          ],
          "texture": "#2"
        },
        "down": {
          "uv": [
            13.33333,
            6.66667,
            12,
            7
          ],
          "texture": "#2"
        }
      }
    },
    {
      "from": [
        8.5,
        18,
        6.05
      ],
      "to": [
        9,
        18.5,
        7.05
      ],
      "rotation": {
        "angle": -22.5,
        "axis": "x",
        "origin": [
          8,
          18.25,
          6.55
        ]
      },
      "faces": {
        "east": {
          "uv": [
            12.66667,
            3.33333,
            13.33333,
            3.66667
          ],
          "texture": "#2"
        },
        "west": {
          "uv": [
            4,
            12.66667,
            4.66667,
            13
          ],
          "texture": "#2"
        },
        "up": {
          "uv": [
            5,
            13.33333,
            4.66667,
            12.66667
          ],
          "texture": "#2"
        },
        "down": {
          "uv": [
            5.66667,
            12.66667,
            5.33333,
            13.33333
          ],
          "texture": "#2"
        }
      }
    },
    {
      "from": [
        7,
        19.75,
        6
      ],
      "to": [
        9,
        20.25,
        6.5
      ],
      "rotation": {
        "angle": -45,
        "axis": "x",
        "origin": [
          8,
          20,
          5.5
        ]
      },
      "faces": {
        "north": {
          "uv": [
            4,
            12,
            5.33333,
            12.33333
          ],
          "texture": "#2"
        },
        "east": {
          "uv": [
            1.33333,
            13.33333,
            1.66667,
            13.66667
          ],
          "texture": "#2"
        },
        "south": {
          "uv": [
            12,
            4,
            13.33333,
            4.33333
          ],
          "texture": "#2"
        },
        "west": {
          "uv": [
            13.33333,
            1.33333,
            13.66667,
            1.66667
          ],
          "texture": "#2"
        },
        "up": {
          "uv": [
            13.33333,
            5,
            12,
            4.66667
          ],
          "texture": "#2"
        },
        "down": {
          "uv": [
            6.66667,
            12,
            5.33333,
            12.33333
          ],
          "texture": "#2"
        }
      }
    },
    {
      "from": [
        7,
        19.75,
        5
      ],
      "to": [
        7.5,
        20.25,
        6
      ],
      "rotation": {
        "angle": -45,
        "axis": "x",
        "origin": [
          8,
          20,
          5.5
        ]
      },
      "faces": {
        "east": {
          "uv": [
            6,
            12.66667,
            6.66667,
            13
          ],
          "texture": "#2"
        },
        "west": {
          "uv": [
            6.66667,
            12.66667,
            7.33333,
            13
          ],
          "texture": "#2"
        },
        "up": {
          "uv": [
            7.66667,
            13.33333,
            7.33333,
            12.66667
          ],
          "texture": "#2"
        },
        "down": {
          "uv": [
            8.33333,
            12.66667,
            8,
            13.33333
          ],
          "texture": "#2"
        }
      }
    },
    {
      "from": [
        7,
        19.75,
        4.5
      ],
      "to": [
        9,
        20.25,
        5
      ],
      "rotation": {
        "angle": -45,
        "axis": "x",
        "origin": [
          8,
          20,
          5.5
        ]
      },
      "faces": {
        "north": {
          "uv": [
            12,
            5.33333,
            13.33333,
            5.66667
          ],
          "texture": "#2"
        },
        "east": {
          "uv": [
            2,
            13.33333,
            2.33333,
            13.66667
          ],
          "texture": "#2"
        },
        "south": {
          "uv": [
            12,
            6,
            13.33333,
            6.33333
          ],
          "texture": "#2"
        },
        "west": {
          "uv": [
            13.33333,
            2,
            13.66667,
            2.33333
          ],
          "texture": "#2"
        },
        "up": {
          "uv": [
            8,
            12.33333,
            6.66667,
            12
          ],
          "texture": "#2"
        },
        "down": {
          "uv": [
            13.33333,
            6.66667,
            12,
            7
          ],
          "texture": "#2"
        }
      }
    },
    {
      "from": [
        8.5,
        19.75,
        5
      ],
      "to": [
        9,
        20.25,
        6
      ],
      "rotation": {
        "angle": -45,
        "axis": "x",
        "origin": [
          8,
          20,
          5.5
        ]
      },
      "faces": {
        "east": {
          "uv": [
            12.66667,
            3.33333,
            13.33333,
            3.66667
          ],
          "texture": "#2"
        },
        "west": {
          "uv": [
            4,
            12.66667,
            4.66667,
            13
          ],
          "texture": "#2"
        },
        "up": {
          "uv": [
            5,
            13.33333,
            4.66667,
            12.66667
          ],
          "texture": "#2"
        },
        "down": {
          "uv": [
            5.66667,
            12.66667,
            5.33333,
            13.33333
          ],
          "texture": "#2"
        }
      }
    },
    {
      "from": [
        7.63,
        15.005,
        3.255
      ],
      "to": [
        8.37,
        15.745,
        3.995
      ],
      "rotation": {
        "angle": 0,
        "axis": "y",
        "origin": [
          7.63,
          15.005,
          3.255
        ]
      },
      "faces": {
        "north": {
          "uv": [
            12.66667,
            1.33333,
            13.16667,
            1.83333
          ],
          "texture": "#2"
        },
        "east": {
          "uv": [
            2,
            12.66667,
            2.5,
            13.16667
          ],
          "texture": "#2"
        },
        "south": {
          "uv": [
            12.66667,
            2,
            13.16667,
            2.5
          ],
          "texture": "#2"
        },
        "west": {
          "uv": [
            2.66667,
            12.66667,
            3.16667,
            13.16667
          ],
          "texture": "#2"
        },
        "up": {
          "uv": [
            13.16667,
            3.16667,
            12.66667,
            2.66667
          ],
          "texture": "#2"
        },
        "down": {
          "uv": [
            3.83333,
            12.66667,
            3.33333,
            13.16667
          ],
          "texture": "#2"
        }
      }
    },
    {
      "from": [
        7.975,
        2.68986,
        9
      ],
      "to": [
        8.025,
        6.88986,
        10.8
      ],
      "rotation": {
        "angle": 22.5,
        "axis": "y",
        "origin": [
          8,
          4.78986,
          9.9
        ]
      },
      "faces": {
        "east": {
          "uv": [
            3.5,
            0,
            0,
            8.5
          ],
          "texture": "#0"
        },
        "west": {
          "uv": [
            0,
            0,
            3.5,
            8.5
          ],
          "texture": "#0"
        }
      }
    },
    {
      "from": [
        7.975,
        3.43986,
        10.325
      ],
      "to": [
        8.025,
        7.63986,
        12.125
      ],
      "rotation": {
        "angle": 22.5,
        "axis": "y",
        "origin": [
          8,
          5.53986,
          11.225
        ]
      },
      "faces": {
        "east": {
          "uv": [
            3.5,
            0,
            0,
            8.5
          ],
          "texture": "#0"
        },
        "west": {
          "uv": [
            0,
            0,
            3.5,
            8.5
          ],
          "texture": "#0"
        }
      }
    }
  ],
  "gui_light": "front",
  "display": {
    "thirdperson_righthand": {
      "translation": [
        0,
        2.5,
        1.25
      ]
    },
    "thirdperson_lefthand": {
      "translation": [
        0,
        2.5,
        1.25
      ]
    },
    "firstperson_righthand": {
      "rotation": [
        -10,
        0,
        0
      ],
      "translation": [
        0,
        2.75,
        0
      ]
    },
    "firstperson_lefthand": {
      "rotation": [
        -10,
        0,
        0
      ],
      "translation": [
        0,
        2.75,
        0
      ]
    },
    "ground": {
      "translation": [
        0,
        10,
        0
      ]
    },
    "gui": {
      "rotation": [
        -90,
        45,
        90
      ],
      "translation": [
        1.75,
        -1.75,
        0
      ],
      "scale": [
        0.90234,
        0.90234,
        0.90234
      ]
    },
    "head": {
      "scale": [
        0,
        0,
        0
      ]
    },
    "fixed": {
      "rotation": [
        0,
        -90,
        0
      ],
      "translation": [
        0,
        -5.5,
        -0.5
      ],
      "scale": [
        2.5,
        2.5,
        2.5
      ]
    }
  }
}