{
  "credit": "MadebyPolygonMC",
  "texture_size": [
    24,
    24
  ],
  "textures": {
    "0": "lunarset:lunar_helmet",
    "1": "lunarset:animations_2",
    "particle": "lunarset:animations_2"
  },
  "elements": [
    {
      "from": [
        5.5,
        4.66869,
        5.49686
      ],
      "to": [
        10.5,
        5.66869,
        7.49686
      ],
      "rotation": {
        "angle": -22.5,
        "axis": "x",
        "origin": [
          8,
          4.66869,
          5.99686
        ]
      },
      "faces": {
        "north": {
          "uv": [
            0,
            10,
            3.33333,
            10.66667
          ],
          "texture": "#0"
        },
        "east": {
          "uv": [
            10.66667,
            10.66667,
            12,
            11.33333
          ],
          "texture": "#0"
        },
        "west": {
          "uv": [
            11.33333,
            0,
            12.66667,
            0.66667
          ],
          "texture": "#0"
        },
        "up": {
          "uv": [
            11.33333,
            1.33333,
            8,
            0
          ],
          "texture": "#0"
        },
        "down": {
          "uv": [
            11.33333,
            1.33333,
            8,
            2.66667
          ],
          "texture": "#0"
        }
      }
    },
    {
      "from": [
        10.5,
        3.66869,
        5.49686
      ],
      "to": [
        10.5,
        4.66869,
        7.49686
      ],
      "rotation": {
        "angle": -22.5,
        "axis": "x",
        "origin": [
          8,
          4.66869,
          5.99686
        ]
      },
      "faces": {
        "east": {
          "uv": [
            11.33333,
            4.66667,
            12.66667,
            5.33333
          ],
          "texture": "#0"
        },
        "west": {
          "uv": [
            12.66667,
            4.66667,
            11.33333,
            5.33333
          ],
          "texture": "#0"
        }
      }
    },
    {
      "from": [
        5.5,
        3.66869,
        5.49686
      ],
      "to": [
        5.5,
        4.66869,
        7.49686
      ],
      "rotation": {
        "angle": -22.5,
        "axis": "x",
        "origin": [
          8,
          4.66869,
          5.99686
        ]
      },
      "faces": {
        "east": {
          "uv": [
            11.33333,
            4.66667,
            12.66667,
            5.33333
          ],
          "texture": "#0"
        },
        "west": {
          "uv": [
            12.66667,
            4.66667,
            11.33333,
            5.33333
          ],
          "texture": "#0"
        }
      }
    },
    {
      "from": [
        5.5,
        3.66869,
        5.49686
      ],
      "to": [
        10.5,
        4.66869,
        5.49686
      ],
      "rotation": {
        "angle": -22.5,
        "axis": "x",
        "origin": [
          8,
          4.66869,
          5.99686
        ]
      },
      "faces": {
        "north": {
          "uv": [
            1.33333,
            10.66667,
            4.66667,
            11.33333
          ],
          "texture": "#0"
        },
        "south": {
          "uv": [
            1.33333,
            10.66667,
            4.66667,
            11.33333
          ],
          "texture": "#0"
        }
      }
    },
    {
      "from": [
        5.75,
        6.16659,
        5.25
      ],
      "to": [
        10.25,
        6.91659,
        5.25
      ],
      "rotation": {
        "angle": 0,
        "axis": "y",
        "origin": [
          5,
          6.16659,
          4.25
        ]
      },
      "faces": {
        "north": {
          "uv": [
            7.33333,
            10.66667,
            10.33333,
            11.16667
          ],
          "texture": "#0"
        },
        "south": {
          "uv": [
            7.33333,
            10.66667,
            10.33333,
            11.16667
          ],
          "texture": "#0"
        }
      }
    },
    {
      "from": [
        5.75,
        5.46835,
        5.2397
      ],
      "to": [
        10.25,
        6.21835,
        5.2397
      ],
      "rotation": {
        "angle": -22.5,
        "axis": "x",
        "origin": [
          8,
          5.84335,
          5.2397
        ]
      },
      "faces": {
        "north": {
          "uv": [
            7.33333,
            12.5,
            10.33333,
            13
          ],
          "texture": "#0"
        },
        "south": {
          "uv": [
            7.33333,
            12.5,
            10.33333,
            13
          ],
          "texture": "#0"
        }
      }
    },
    {
      "from": [
        5.5,
        6.91659,
        5
      ],
      "to": [
        10.5,
        7.91659,
        7
      ],
      "rotation": {
        "angle": 0,
        "axis": "y",
        "origin": [
          5,
          6.91659,
          4
        ]
      },
      "faces": {
        "north": {
          "uv": [
            3.33333,
            10,
            6.66667,
            10.66667
          ],
          "texture": "#0"
        },
        "east": {
          "uv": [
            11.33333,
            0.66667,
            12.66667,
            1.33333
          ],
          "texture": "#0"
        },
        "west": {
          "uv": [
            1.33333,
            11.33333,
            2.66667,
            12
          ],
          "texture": "#0"
        },
        "up": {
          "uv": [
            11.33333,
            4,
            8,
            2.66667
          ],
          "texture": "#0"
        },
        "down": {
          "uv": [
            11.33333,
            4,
            8,
            5.33333
          ],
          "texture": "#0"
        }
      }
    },
    {
      "from": [
        10.249,
        5.8032,
        5.1731
      ],
      "to": [
        10.249,
        6.5532,
        6.9231
      ],
      "rotation": {
        "angle": -22.5,
        "axis": "x",
        "origin": [
          10.249,
          6.1782,
          6.0481
        ]
      },
      "faces": {
        "east": {
          "uv": [
            10.66667,
            11.33333,
            11.83333,
            11.83333
          ],
          "texture": "#0"
        },
        "west": {
          "uv": [
            11.83333,
            11.33333,
            10.66667,
            11.83333
          ],
          "texture": "#0"
        }
      }
    },
    {
      "from": [
        10.224,
        6.2032,
        5.1731
      ],
      "to": [
        10.224,
        6.9532,
        6.9231
      ],
      "rotation": {
        "angle": 0,
        "axis": "x",
        "origin": [
          10.249,
          6.1782,
          6.0481
        ]
      },
      "faces": {
        "east": {
          "uv": [
            10.66667,
            12,
            11.83333,
            12.5
          ],
          "rotation": 180,
          "texture": "#0"
        },
        "west": {
          "uv": [
            11.83333,
            12,
            10.66667,
            12.5
          ],
          "rotation": 180,
          "texture": "#0"
        }
      }
    },
    {
      "from": [
        5.776,
        6.2032,
        5.1731
      ],
      "to": [
        5.776,
        6.9532,
        6.9231
      ],
      "rotation": {
        "angle": 0,
        "axis": "x",
        "origin": [
          5.751,
          6.1782,
          6.0481
        ]
      },
      "faces": {
        "east": {
          "uv": [
            10.66667,
            12,
            11.83333,
            12.5
          ],
          "rotation": 180,
          "texture": "#0"
        },
        "west": {
          "uv": [
            11.83333,
            12,
            10.66667,
            12.5
          ],
          "rotation": 180,
          "texture": "#0"
        }
      }
    },
    {
      "from": [
        5.751,
        5.8032,
        5.1731
      ],
      "to": [
        5.751,
        6.5532,
        6.9231
      ],
      "rotation": {
        "angle": -22.5,
        "axis": "x",
        "origin": [
          5.751,
          6.1782,
          6.0481
        ]
      },
      "faces": {
        "east": {
          "uv": [
            10.66667,
            11.33333,
            11.83333,
            11.83333
          ],
          "texture": "#0"
        },
        "west": {
          "uv": [
            11.83333,
            11.33333,
            10.66667,
            11.83333
          ],
          "texture": "#0"
        }
      }
    },
    {
      "from": [
        5,
        5.16659,
        7
      ],
      "to": [
        11,
        10.16659,
        12
      ],
      "rotation": {
        "angle": 0,
        "axis": "y",
        "origin": [
          5,
          5.16659,
          8
        ]
      },
      "faces": {
        "north": {
          "uv": [
            0,
            0,
            4,
            3.33333
          ],
          "texture": "#0"
        },
        "east": {
          "uv": [
            0,
            6.66667,
            3.33333,
            10
          ],
          "texture": "#0"
        },
        "south": {
          "uv": [
            0,
            3.33333,
            4,
            6.66667
          ],
          "texture": "#0"
        },
        "west": {
          "uv": [
            3.33333,
            6.66667,
            6.66667,
            10
          ],
          "texture": "#0"
        },
        "up": {
          "uv": [
            8,
            3.33333,
            4,
            0
          ],
          "texture": "#0"
        },
        "down": {
          "uv": [
            8,
            3.33333,
            4,
            6.66667
          ],
          "texture": "#0"
        }
      }
    },
    {
      "from": [
        11,
        3.66659,
        7
      ],
      "to": [
        11,
        5.16659,
        12
      ],
      "rotation": {
        "angle": 0,
        "axis": "y",
        "origin": [
          5,
          0.16659,
          8
        ]
      },
      "faces": {
        "east": {
          "uv": [
            8.66667,
            9.33333,
            12,
            10.33333
          ],
          "texture": "#0"
        },
        "west": {
          "uv": [
            12,
            9.33333,
            8.66667,
            10.33333
          ],
          "texture": "#0"
        }
      }
    },
    {
      "from": [
        5,
        3.66659,
        7
      ],
      "to": [
        5,
        5.16659,
        12
      ],
      "rotation": {
        "angle": 0,
        "axis": "y",
        "origin": [
          11,
          0.16659,
          8
        ]
      },
      "faces": {
        "east": {
          "uv": [
            8.66667,
            9.33333,
            12,
            10.33333
          ],
          "texture": "#0"
        },
        "west": {
          "uv": [
            12,
            9.33333,
            8.66667,
            10.33333
          ],
          "texture": "#0"
        }
      }
    },
    {
      "from": [
        5,
        3.66659,
        11.999
      ],
      "to": [
        11,
        5.16659,
        11.999
      ],
      "rotation": {
        "angle": 0,
        "axis": "y",
        "origin": [
          8.5,
          4.41659,
          11.999
        ]
      },
      "faces": {
        "north": {
          "uv": [
            12,
            5.33333,
            8,
            6.33333
          ],
          "texture": "#0"
        },
        "south": {
          "uv": [
            8,
            5.33333,
            12,
            6.33333
          ],
          "texture": "#0"
        }
      }
    },
    {
      "from": [
        7.5,
        7.16659,
        4.75
      ],
      "to": [
        8.5,
        8.16659,
        5.75
      ],
      "rotation": {
        "angle": 0,
        "axis": "y",
        "origin": [
          7.5,
          7.16659,
          4.75
        ]
      },
      "faces": {
        "north": {
          "uv": [
            1.33333,
            12,
            2,
            12.66667
          ],
          "texture": "#0"
        },
        "east": {
          "uv": [
            12,
            1.33333,
            12.66667,
            2
          ],
          "texture": "#0"
        },
        "south": {
          "uv": [
            2,
            12,
            2.66667,
            12.66667
          ],
          "texture": "#0"
        },
        "west": {
          "uv": [
            12,
            2,
            12.66667,
            2.66667
          ],
          "texture": "#0"
        },
        "up": {
          "uv": [
            12.66667,
            3.33333,
            12,
            2.66667
          ],
          "texture": "#0"
        },
        "down": {
          "uv": [
            4,
            12,
            3.33333,
            12.66667
          ],
          "texture": "#0"
        }
      }
    },
    {
      "from": [
        9.5,
        9.16659,
        10.75
      ],
      "to": [
        10.5,
        10.66659,
        15.75
      ],
      "rotation": {
        "angle": -45,
        "axis": "x",
        "origin": [
          11,
          8.66659,
          10.75
        ]
      },
      "faces": {
        "east": {
          "uv": [
            8.66667,
            6.66667,
            12,
            7.66667
          ],
          "texture": "#0"
        },
        "south": {
          "uv": [
            10,
            11.33333,
            10.66667,
            12.33333
          ],
          "texture": "#0"
        },
        "west": {
          "uv": [
            8.66667,
            8,
            12,
            9
          ],
          "texture": "#0"
        },
        "up": {
          "uv": [
            0.66667,
            14,
            0,
            10.66667
          ],
          "texture": "#0"
        },
        "down": {
          "uv": [
            1.33333,
            10.66667,
            0.66667,
            14
          ],
          "texture": "#0"
        }
      }
    },
    {
      "from": [
        9.5,
        8.41659,
        13.75
      ],
      "to": [
        10.5,
        9.16659,
        15.75
      ],
      "rotation": {
        "angle": -45,
        "axis": "x",
        "origin": [
          11,
          8.66659,
          10.75
        ]
      },
      "faces": {
        "north": {
          "uv": [
            12,
            3.33333,
            12.66667,
            3.83333
          ],
          "texture": "#0"
        },
        "east": {
          "uv": [
            7.33333,
            11.33333,
            8.66667,
            11.83333
          ],
          "texture": "#0"
        },
        "south": {
          "uv": [
            4,
            12,
            4.66667,
            12.5
          ],
          "texture": "#0"
        },
        "west": {
          "uv": [
            8.66667,
            11.33333,
            10,
            11.83333
          ],
          "texture": "#0"
        },
        "down": {
          "uv": [
            12,
            1.33333,
            11.33333,
            2.66667
          ],
          "texture": "#0"
        }
      }
    },
    {
      "from": [
        5.5,
        9.16659,
        10.75
      ],
      "to": [
        6.5,
        10.66659,
        15.75
      ],
      "rotation": {
        "angle": -45,
        "axis": "x",
        "origin": [
          5,
          8.66659,
          10.75
        ]
      },
      "faces": {
        "east": {
          "uv": [
            12,
            8,
            8.66667,
            9
          ],
          "texture": "#0"
        },
        "south": {
          "uv": [
            10.66667,
            11.33333,
            10,
            12.33333
          ],
          "texture": "#0"
        },
        "west": {
          "uv": [
            12,
            6.66667,
            8.66667,
            7.66667
          ],
          "texture": "#0"
        },
        "up": {
          "uv": [
            0,
            14,
            0.66667,
            10.66667
          ],
          "texture": "#0"
        },
        "down": {
          "uv": [
            0.66667,
            10.66667,
            1.33333,
            14
          ],
          "texture": "#0"
        }
      }
    },
    {
      "from": [
        5.5,
        8.41659,
        13.75
      ],
      "to": [
        6.5,
        9.16659,
        15.75
      ],
      "rotation": {
        "angle": -45,
        "axis": "x",
        "origin": [
          5,
          8.66659,
          10.75
        ]
      },
      "faces": {
        "north": {
          "uv": [
            12.66667,
            3.33333,
            12,
            3.83333
          ],
          "texture": "#0"
        },
        "east": {
          "uv": [
            10,
            11.33333,
            8.66667,
            11.83333
          ],
          "texture": "#0"
        },
        "south": {
          "uv": [
            4.66667,
            12,
            4,
            12.5
          ],
          "texture": "#0"
        },
        "west": {
          "uv": [
            8.66667,
            11.33333,
            7.33333,
            11.83333
          ],
          "texture": "#0"
        },
        "down": {
          "uv": [
            11.33333,
            1.33333,
            12,
            2.66667
          ],
          "texture": "#0"
        }
      }
    },
    {
      "from": [
        10.5,
        9.16659,
        8
      ],
      "to": [
        12.5,
        11.16659,
        9
      ],
      "rotation": {
        "angle": 22.5,
        "axis": "z",
        "origin": [
          10.5,
          9.16659,
          8
        ]
      },
      "faces": {
        "north": {
          "uv": [
            4.66667,
            10.66667,
            6,
            12
          ],
          "texture": "#0"
        },
        "east": {
          "uv": [
            2.66667,
            11.33333,
            3.33333,
            12.66667
          ],
          "texture": "#0"
        },
        "south": {
          "uv": [
            6,
            10.66667,
            7.33333,
            12
          ],
          "texture": "#0"
        },
        "west": {
          "uv": [
            11.33333,
            2.66667,
            12,
            4
          ],
          "texture": "#0"
        },
        "up": {
          "uv": [
            4.66667,
            12,
            3.33333,
            11.33333
          ],
          "texture": "#0"
        },
        "down": {
          "uv": [
            12.66667,
            4,
            11.33333,
            4.66667
          ],
          "texture": "#0"
        }
      }
    },
    {
      "from": [
        10.25,
        8.91659,
        8.5
      ],
      "to": [
        13.25,
        11.91659,
        8.55
      ],
      "rotation": {
        "angle": 22.5,
        "axis": "z",
        "origin": [
          10.5,
          9.16659,
          8
        ]
      },
      "faces": {
        "north": {
          "uv": [
            1.5,
            12.83333,
            3.5,
            14.83333
          ],
          "texture": "#0"
        },
        "south": {
          "uv": [
            3.5,
            12.83333,
            1.5,
            14.83333
          ],
          "texture": "#0"
        }
      }
    },
    {
      "from": [
        2.75,
        8.91659,
        8.5
      ],
      "to": [
        5.75,
        11.91659,
        8.55
      ],
      "rotation": {
        "angle": -22.5,
        "axis": "z",
        "origin": [
          5.5,
          9.16659,
          8
        ]
      },
      "faces": {
        "north": {
          "uv": [
            3.5,
            12.83333,
            1.5,
            14.83333
          ],
          "texture": "#0"
        },
        "south": {
          "uv": [
            1.5,
            12.83333,
            3.5,
            14.83333
          ],
          "texture": "#0"
        }
      }
    },
    {
      "from": [
        3.5,
        9.16659,
        8
      ],
      "to": [
        5.5,
        11.16659,
        9
      ],
      "rotation": {
        "angle": -22.5,
        "axis": "z",
        "origin": [
          5.5,
          9.16659,
          8
        ]
      },
      "faces": {
        "north": {
          "uv": [
            6,
            10.66667,
            4.66667,
            12
          ],
          "texture": "#0"
        },
        "east": {
          "uv": [
            12,
            2.66667,
            11.33333,
            4
          ],
          "texture": "#0"
        },
        "south": {
          "uv": [
            7.33333,
            10.66667,
            6,
            12
          ],
          "texture": "#0"
        },
        "west": {
          "uv": [
            3.33333,
            11.33333,
            2.66667,
            12.66667
          ],
          "texture": "#0"
        },
        "up": {
          "uv": [
            3.33333,
            12,
            4.66667,
            11.33333
          ],
          "texture": "#0"
        },
        "down": {
          "uv": [
            11.33333,
            4,
            12.66667,
            4.66667
          ],
          "texture": "#0"
        }
      }
    },
    {
      "from": [
        10.94908,
        5.16659,
        9.50038
      ],
      "to": [
        10.99908,
        11.16659,
        12.50038
      ],
      "rotation": {
        "angle": 22.5,
        "axis": "y",
        "origin": [
          10.94908,
          4.16659,
          9.50038
        ]
      },
      "faces": {
        "east": {
          "uv": [
            13,
            5,
            15,
            9
          ],
          "texture": "#0"
        },
        "west": {
          "uv": [
            15,
            5,
            13,
            9
          ],
          "texture": "#0"
        }
      }
    },
    {
      "from": [
        5.00092,
        5.16659,
        9.50038
      ],
      "to": [
        5.05092,
        11.16659,
        12.50038
      ],
      "rotation": {
        "angle": -22.5,
        "axis": "y",
        "origin": [
          5.05092,
          4.16659,
          9.50038
        ]
      },
      "faces": {
        "east": {
          "uv": [
            13,
            5,
            15,
            9
          ],
          "texture": "#0"
        },
        "west": {
          "uv": [
            15,
            5,
            13,
            9
          ],
          "texture": "#0"
        }
      }
    },
    {
      "from": [
        5,
        5.16659,
        12
      ],
      "to": [
        5.05,
        10.16659,
        13.5
      ],
      "rotation": {
        "angle": 0,
        "axis": "y",
        "origin": [
          5,
          8.16659,
          12
        ]
      },
      "faces": {
        "east": {
          "uv": [
            13.83333,
            0,
            12.83333,
            3.33333
          ],
          "texture": "#0"
        },
        "west": {
          "uv": [
            12.83333,
            0,
            13.83333,
            3.33333
          ],
          "texture": "#0"
        }
      }
    },
    {
      "from": [
        10.95,
        5.16659,
        12
      ],
      "to": [
        11,
        10.16659,
        13.5
      ],
      "rotation": {
        "angle": 0,
        "axis": "y",
        "origin": [
          11,
          8.16659,
          12
        ]
      },
      "faces": {
        "east": {
          "uv": [
            13.83333,
            0,
            12.83333,
            3.33333
          ],
          "texture": "#0"
        },
        "west": {
          "uv": [
            12.83333,
            0,
            13.83333,
            3.33333
          ],
          "texture": "#0"
        }
      }
    },
    {
      "from": [
        9,
        6.91659,
        5.25
      ],
      "to": [
        11.5,
        8.66659,
        5.3
      ],
      "rotation": {
        "angle": 0,
        "axis": "y",
        "origin": [
          -0.75,
          -0.08341,
          -0.25
        ]
      },
      "faces": {
        "north": {
          "uv": [
            12.83333,
            3.5,
            14.5,
            4.66667
          ],
          "texture": "#0"
        },
        "south": {
          "uv": [
            14.5,
            3.5,
            12.83333,
            4.66667
          ],
          "texture": "#0"
        }
      }
    },
    {
      "from": [
        4.5,
        6.91659,
        5.25
      ],
      "to": [
        7,
        8.66659,
        5.3
      ],
      "rotation": {
        "angle": 0,
        "axis": "y",
        "origin": [
          16.75,
          -0.08341,
          -0.25
        ]
      },
      "faces": {
        "north": {
          "uv": [
            14.5,
            3.5,
            12.83333,
            4.66667
          ],
          "texture": "#0"
        },
        "south": {
          "uv": [
            12.83333,
            3.5,
            14.5,
            4.66667
          ],
          "texture": "#0"
        }
      }
    },
    {
      "from": [
        11.1,
        5.68986,
        8.275
      ],
      "to": [
        12.9,
        9.88986,
        8.325
      ],
      "rotation": {
        "angle": -22.5,
        "axis": "y",
        "origin": [
          12,
          7.78986,
          8.3
        ]
      },
      "faces": {
        "north": {
          "uv": [
            3.5,
            0,
            0,
            8.5
          ],
          "texture": "#1"
        },
        "south": {
          "uv": [
            0,
            0,
            3.5,
            8.5
          ],
          "texture": "#1"
        }
      }
    },
    {
      "from": [
        3.1,
        5.68986,
        8.275
      ],
      "to": [
        4.9,
        9.88986,
        8.325
      ],
      "rotation": {
        "angle": 22.5,
        "axis": "y",
        "origin": [
          4,
          7.78986,
          8.3
        ]
      },
      "faces": {
        "north": {
          "uv": [
            0,
            0,
            3.5,
            8.5
          ],
          "texture": "#1"
        },
        "south": {
          "uv": [
            3.5,
            0,
            0,
            8.5
          ],
          "texture": "#1"
        }
      }
    }
  ],
  "gui_light": "front",
  "display": {
    "thirdperson_righthand": {
      "rotation": [
        56.5,
        0,
        0
      ],
      "translation": [
        0,
        3.25,
        0.5
      ],
      "scale": [
        0.81445,
        0.81445,
        0.81445
      ]
    },
    "thirdperson_lefthand": {
      "rotation": [
        56.5,
        0,
        0
      ],
      "translation": [
        0,
        3.25,
        0.5
      ],
      "scale": [
        0.81445,
        0.81445,
        0.81445
      ]
    },
    "firstperson_righthand": {
      "rotation": [
        154,
        0,
        180
      ],
      "translation": [
        -2,
        4,
        1.5
      ]
    },
    "firstperson_lefthand": {
      "rotation": [
        154,
        0,
        180
      ],
      "translation": [
        -2,
        4,
        1.5
      ]
    },
    "ground": {
      "rotation": [
        25,
        0,
        0
      ],
      "translation": [
        0,
        9,
        -1.5
      ],
      "scale": [
        1.28906,
        1.28906,
        1.28906
      ]
    },
    "gui": {
      "rotation": [
        -18,
        180,
        0
      ],
      "translation": [
        0,
        1,
        0
      ],
      "scale": [
        1.74219,
        1.74219,
        1.74219
      ]
    },
    "head": {
      "translation": [
        0,
        1,
        -4.5
      ],
      "scale": [
        2.99609,
        2.99609,
        2.99609
      ]
    },
    "fixed": {
      "rotation": [
        -76.25,
        0,
        0
      ],
      "translation": [
        0,
        0,
        -16.75
      ],
      "scale": [
        3.94336,
        3.94336,
        3.94336
      ]
    }
  }
}