{"credit":"By EliteCreatures","texture_size":[32,32],"textures":{"0":"elitecreatures:collectibles_v3_32x/funny_pufferfish_inside_32","1":"elitecreatures:collectibles_v3_32x/collectibles_package","particle":"elitecreatures:collectibles_v3_32x/collectibles_package"},"elements":[{"from":[4,2,4],"to":[12,10,12],"rotation":{"angle":0,"axis":"y","origin":[8,0,8]},"faces":{"north":{"uv":[0,0,4,4],"texture":"#0"},"east":{"uv":[0,4,4,8],"texture":"#0"},"south":{"uv":[4,0,8,4],"texture":"#0"},"west":{"uv":[4,4,8,8],"texture":"#0"},"up":{"uv":[4,12,0,8],"texture":"#0"},"down":{"uv":[12,0,8,4],"texture":"#0"}}},{"from":[4,6,3],"to":[7.25,11,4],"rotation":{"angle":0,"axis":"y","origin":[8,0,8]},"faces":{"north":{"uv":[4,8,5.75,10.5],"texture":"#0"},"east":{"uv":[11,10.5,11.5,13],"texture":"#0"},"south":{"uv":[8,4,9.75,6.5],"texture":"#0"},"west":{"uv":[11.5,4,12,6.5],"texture":"#0"},"up":{"uv":[12.75,8.5,11,8],"texture":"#0"},"down":{"uv":[13.25,6.5,11.5,7],"texture":"#0"}}},{"from":[8.75,6,3],"to":[12,11,4],"rotation":{"angle":0,"axis":"y","origin":[8,0,8]},"faces":{"north":{"uv":[5.75,8,4,10.5],"texture":"#0"},"east":{"uv":[12,4,11.5,6.5],"texture":"#0"},"south":{"uv":[9.75,4,8,6.5],"texture":"#0"},"west":{"uv":[11.5,10.5,11,13],"texture":"#0"},"up":{"uv":[11,8.5,12.75,8],"texture":"#0"},"down":{"uv":[11.5,6.5,13.25,7],"texture":"#0"}}},{"from":[6.75,3.25,2],"to":[9.25,5.75,4],"rotation":{"angle":0,"axis":"y","origin":[8,0,8]},"faces":{"north":{"uv":[10,4,11.25,5.25],"texture":"#0"},"east":{"uv":[10,7,11,8.25],"texture":"#0"},"south":{"uv":[10,5.5,11.25,6.75],"texture":"#0"},"west":{"uv":[5,10.5,6,11.75],"texture":"#0"},"up":{"uv":[12.25,8,11,7],"texture":"#0"},"down":{"uv":[12.25,9.5,11,10.5],"texture":"#0"}}},{"from":[7.25,3,12],"to":[8.75,7,15.5],"rotation":{"angle":0,"axis":"y","origin":[8,0,8]},"faces":{"north":{"uv":[6,10,6.75,12],"texture":"#0"},"east":{"uv":[6,8,7.75,10],"texture":"#0"},"south":{"uv":[7,10,7.75,12],"texture":"#0"},"west":{"uv":[8,6.5,9.75,8.5],"texture":"#0"},"up":{"uv":[10.75,11.25,10,9.5],"texture":"#0"},"down":{"uv":[4.75,10.5,4,12.25],"texture":"#0"}}},{"from":[4,1,8],"to":[12,2,8],"rotation":{"angle":0,"axis":"y","origin":[8,0,8]},"faces":{"north":{"uv":[8,8.5,12,9],"texture":"#0"},"east":{"uv":[0,0,0,0.5],"texture":"#0"},"south":{"uv":[8,9,12,9.5],"texture":"#0"},"west":{"uv":[0,0,0,0.5],"texture":"#0"},"up":{"uv":[4,0,0,0],"texture":"#0"},"down":{"uv":[4,0,0,0],"texture":"#0"}}},{"from":[4,1.14645,3.64645],"to":[12,2.14645,3.64645],"rotation":{"angle":45,"axis":"x","origin":[8,1.64645,3.64645]},"faces":{"north":{"uv":[8,8.5,12,9],"texture":"#0"},"east":{"uv":[0,0,0,0.5],"texture":"#0"},"south":{"uv":[8,9,12,9.5],"texture":"#0"},"west":{"uv":[0,0,0,0.5],"texture":"#0"},"up":{"uv":[4,0,0,0],"texture":"#0"},"down":{"uv":[4,0,0,0],"texture":"#0"}}},{"from":[4,1.14645,12.35355],"to":[12,2.14645,12.35355],"rotation":{"angle":-45,"axis":"x","origin":[8,1.64645,12.35355]},"faces":{"north":{"uv":[12,9,8,9.5],"texture":"#0"},"east":{"uv":[0,0,0,0.5],"texture":"#0"},"south":{"uv":[12,8.5,8,9],"texture":"#0"},"west":{"uv":[0,0,0,0.5],"texture":"#0"},"up":{"uv":[4,0,0,0],"texture":"#0"},"down":{"uv":[4,0,0,0],"texture":"#0"}}},{"from":[3.14715,2,3.64574],"to":[4.14715,10,3.64574],"rotation":{"angle":-45,"axis":"y","origin":[3.64715,6,3.64574]},"faces":{"north":{"uv":[8,9.5,8.5,13.5],"texture":"#0"},"east":{"uv":[0,0,0,4],"texture":"#0"},"south":{"uv":[8.5,9.5,9,13.5],"texture":"#0"},"west":{"uv":[0,0,0,4],"texture":"#0"},"up":{"uv":[0.5,0,0,0],"texture":"#0"},"down":{"uv":[0.5,0,0,0],"texture":"#0"}}},{"from":[3.14645,2,12.35355],"to":[4.14645,10,12.35355],"rotation":{"angle":45,"axis":"y","origin":[3.64645,6,12.35355]},"faces":{"north":{"uv":[9,9.5,9.5,13.5],"texture":"#0"},"east":{"uv":[0,0,0,4],"texture":"#0"},"south":{"uv":[9.5,9.5,10,13.5],"texture":"#0"},"west":{"uv":[0,0,0,4],"texture":"#0"},"up":{"uv":[0.5,0,0,0],"texture":"#0"},"down":{"uv":[0.5,0,0,0],"texture":"#0"}}},{"from":[2,8,5.01],"to":[4,9,7.01],"rotation":{"angle":0,"axis":"y","origin":[8,0,8]},"faces":{"north":{"uv":[11.5,11.5,12.5,12],"texture":"#0"},"east":{"uv":[0,12,1,12.5],"texture":"#0"},"south":{"uv":[12,0,13,0.5],"texture":"#0"},"west":{"uv":[12,0.5,13,1],"texture":"#0"},"up":{"uv":[11,12.5,10,11.5],"texture":"#0"},"down":{"uv":[12.5,10.5,11.5,11.5],"texture":"#0"}}},{"from":[11.85355,2,12.35355],"to":[12.85355,10,12.35355],"rotation":{"angle":-45,"axis":"y","origin":[12.35355,6,12.35355]},"faces":{"north":{"uv":[9.5,9.5,9,13.5],"texture":"#0"},"east":{"uv":[0,0,0,4],"texture":"#0"},"south":{"uv":[10,9.5,9.5,13.5],"texture":"#0"},"west":{"uv":[0,0,0,4],"texture":"#0"},"up":{"uv":[0,0,0.5,0],"texture":"#0"},"down":{"uv":[0,0,0.5,0],"texture":"#0"}}},{"from":[12,8,5.01],"to":[14,9,7.01],"rotation":{"angle":0,"axis":"y","origin":[8,0,8]},"faces":{"north":{"uv":[12.5,11.5,11.5,12],"texture":"#0"},"east":{"uv":[13,0.5,12,1],"texture":"#0"},"south":{"uv":[13,0,12,0.5],"texture":"#0"},"west":{"uv":[1,12,0,12.5],"texture":"#0"},"up":{"uv":[10,12.5,11,11.5],"texture":"#0"},"down":{"uv":[11.5,10.5,12.5,11.5],"texture":"#0"}}},{"from":[11.85285,2,3.64574],"to":[12.85285,10,3.64574],"rotation":{"angle":45,"axis":"y","origin":[12.35285,6,3.64574]},"faces":{"north":{"uv":[8.5,9.5,8,13.5],"texture":"#0"},"east":{"uv":[0,0,0,4],"texture":"#0"},"south":{"uv":[9,9.5,8.5,13.5],"texture":"#0"},"west":{"uv":[0,0,0,4],"texture":"#0"},"up":{"uv":[0,0,0.5,0],"texture":"#0"},"down":{"uv":[0,0,0.5,0],"texture":"#0"}}},{"from":[11.85285,2,8],"to":[12.85285,10,8],"rotation":{"angle":0,"axis":"y","origin":[12.35285,6,8]},"faces":{"north":{"uv":[8.5,9.5,8,13.5],"texture":"#0"},"east":{"uv":[0,0,0,4],"texture":"#0"},"south":{"uv":[9,9.5,8.5,13.5],"texture":"#0"},"west":{"uv":[0,0,0,4],"texture":"#0"},"up":{"uv":[0,0,0.5,0],"texture":"#0"},"down":{"uv":[0,0,0.5,0],"texture":"#0"}}},{"from":[3.14715,2,8],"to":[4.14715,10,8],"rotation":{"angle":0,"axis":"y","origin":[3.64715,6,8]},"faces":{"north":{"uv":[8,9.5,8.5,13.5],"texture":"#0"},"east":{"uv":[0,0,0,4],"texture":"#0"},"south":{"uv":[8.5,9.5,9,13.5],"texture":"#0"},"west":{"uv":[0,0,0,4],"texture":"#0"},"up":{"uv":[0.5,0,0,0],"texture":"#0"},"down":{"uv":[0.5,0,0,0],"texture":"#0"}}},{"from":[4,10,8],"to":[12,11,8],"rotation":{"angle":0,"axis":"y","origin":[8,6,8]},"faces":{"north":{"uv":[8,9.5,8.5,12],"rotation":270,"texture":"#0"},"east":{"uv":[0.5,0,0,0],"rotation":90,"texture":"#0"},"south":{"uv":[8.5,9.5,9,12],"rotation":90,"texture":"#0"},"west":{"uv":[0.5,0,0,0],"rotation":90,"texture":"#0"},"up":{"uv":[0,0,0,4],"rotation":90,"texture":"#0"},"down":{"uv":[0,0,0,4],"rotation":90,"texture":"#0"}}},{"from":[4,9.85355,12.35355],"to":[12,10.85355,12.35355],"rotation":{"angle":45,"axis":"x","origin":[8,10.35355,12.35355]},"faces":{"north":{"uv":[8,9.5,8.5,12],"rotation":270,"texture":"#0"},"east":{"uv":[0.5,0,0,0],"rotation":90,"texture":"#0"},"south":{"uv":[8.5,9.5,9,12],"rotation":90,"texture":"#0"},"west":{"uv":[0.5,0,0,0],"rotation":90,"texture":"#0"},"up":{"uv":[0,0,0,4],"rotation":90,"texture":"#0"},"down":{"uv":[0,0,0,4],"rotation":90,"texture":"#0"}}},{"from":[4,9.85355,3.64645],"to":[12,10.85355,3.64645],"rotation":{"angle":-45,"axis":"x","origin":[8,10.35355,3.64645]},"faces":{"north":{"uv":[8.5,12,9,9.5],"rotation":90,"texture":"#0"},"east":{"uv":[0.5,0,0,0],"rotation":90,"texture":"#0"},"south":{"uv":[8,12,8.5,9.5],"rotation":270,"texture":"#0"},"west":{"uv":[0.5,0,0,0],"rotation":90,"texture":"#0"},"up":{"uv":[0,0,0,4],"rotation":90,"texture":"#0"},"down":{"uv":[0,0,0,4],"rotation":90,"texture":"#0"}}},{"name":"signs","from":[0.7,18,-0.075],"to":[15.3,20.8,-0.075],"rotation":{"angle":0,"axis":"y","origin":[17,6.9,0]},"faces":{"north":{"uv":[0,13.75,16,16],"texture":"#0"},"east":{"uv":[0,0,0,1.5],"texture":"#0"},"west":{"uv":[0.75,0.75,0.75,2.25],"texture":"#0"},"up":{"uv":[7.25,8.25,0,8.25],"texture":"#0"},"down":{"uv":[10.25,2.75,3,2.75],"texture":"#0"}}},{"name":"package","from":[0,-0.1,0],"to":[16,21.9,0],"faces":{"north":{"uv":[0,0,4,5.5],"texture":"#1"},"east":{"uv":[4,0,8,5.5],"texture":"#1"},"south":{"uv":[0,0,4,5.5],"texture":"#1"},"west":{"uv":[4,5.5,8,11],"texture":"#1"},"up":{"uv":[12,4,8,0],"texture":"#1"},"down":{"uv":[12,4,8,8],"texture":"#1"}}},{"name":"package","from":[0,-0.1,16],"to":[16,21.9,16],"faces":{"north":{"uv":[0,5.5,4,11],"texture":"#1"},"east":{"uv":[4,0,8,5.5],"texture":"#1"},"south":{"uv":[0,5.5,4,11],"texture":"#1"},"west":{"uv":[4,5.5,8,11],"texture":"#1"},"up":{"uv":[12,4,8,0],"texture":"#1"},"down":{"uv":[12,4,8,8],"texture":"#1"}}},{"name":"package","from":[0,-0.1,0],"to":[16,-0.1,16],"faces":{"north":{"uv":[0,0,4,5.5],"texture":"#1"},"east":{"uv":[4,0,8,5.5],"texture":"#1"},"south":{"uv":[0,5.5,4,11],"texture":"#1"},"west":{"uv":[4,5.5,8,11],"texture":"#1"},"up":{"uv":[12,4,8,8],"texture":"#1"},"down":{"uv":[12,4,8,8],"texture":"#1"}}},{"name":"package","from":[0,21.9,0],"to":[16,21.9,16],"faces":{"north":{"uv":[0,0,4,5.5],"texture":"#1"},"east":{"uv":[4,0,8,5.5],"texture":"#1"},"south":{"uv":[0,5.5,4,11],"texture":"#1"},"west":{"uv":[4,5.5,8,11],"texture":"#1"},"up":{"uv":[12,4,8,0],"texture":"#1"},"down":{"uv":[12,4,8,8],"texture":"#1"}}},{"name":"package","from":[16,-0.1,0],"to":[16,21.9,16],"faces":{"north":{"uv":[0,0,4,5.5],"texture":"#1"},"east":{"uv":[4,0,8,5.5],"texture":"#1"},"south":{"uv":[0,5.5,4,11],"texture":"#1"},"west":{"uv":[4,5.5,8,11],"texture":"#1"},"up":{"uv":[12,4,8,0],"texture":"#1"},"down":{"uv":[12,4,8,8],"texture":"#1"}}},{"name":"package","from":[0,-0.1,0],"to":[0,21.9,16],"faces":{"north":{"uv":[0,0,4,5.5],"texture":"#1"},"east":{"uv":[4,0,8,5.5],"texture":"#1"},"south":{"uv":[0,5.5,4,11],"texture":"#1"},"west":{"uv":[4,5.5,8,11],"texture":"#1"},"up":{"uv":[12,4,8,0],"texture":"#1"},"down":{"uv":[12,4,8,8],"texture":"#1"}}}],"gui_light":"front","display":{"thirdperson_righthand":{"rotation":[61.23,4.49,0.46],"translation":[0,1.75,0.75],"scale":[0.5,0.5,0.5]},"thirdperson_lefthand":{"rotation":[61.23,4.49,0.46],"translation":[0,1.75,0.75],"scale":[0.5,0.5,0.5]},"firstperson_righthand":{"rotation":[-166,53.68,171.1],"translation":[0.75,3.75,-0.75],"scale":[0.58336,0.58336,0.58336]},"firstperson_lefthand":{"rotation":[-166,53.68,171.1],"translation":[0.75,3.75,-0.75],"scale":[0.58336,0.58336,0.58336]},"ground":{"rotation":[68,0,0],"translation":[0,1.5,0],"scale":[0.5,0.5,0.5]},"gui":{"rotation":[-170,30,-180],"translation":[0,-2,0],"scale":[0.62,0.62,0.62]},"head":{"rotation":[7,180,1],"translation":[0,-48.75,11.25],"scale":[1.6,1.6,1.6]},"fixed":{"rotation":[-90,0,0],"translation":[0,-0.25,-16.25],"scale":[2,2,2]}}}