{"credit":"By EliteCreatures","textures":{"0":"elitecreatures:collectibles_v3_32x/fuzzy_chicks_inside_32","1":"elitecreatures:collectibles_v3_32x/collectibles_package","2":"elitecreatures:collectibles_v3_32x/ef_ef_fuzzy_chicks_long","particle":"elitecreatures:collectibles_v3_32x/collectibles_package"},"elements":[{"from":[2,0,14],"to":[14,8,14],"rotation":{"angle":0,"axis":"y","origin":[7,0,7]},"faces":{"north":{"uv":[5,6.5,8,8.5],"texture":"#0"},"east":{"uv":[8,0,11,2],"texture":"#0"},"south":{"uv":[8,2,11,4],"texture":"#0"},"west":{"uv":[8,4,11,6],"texture":"#0"},"up":{"uv":[3,3,0,0],"texture":"#0"},"down":{"uv":[3,3,0,6],"texture":"#0"}}},{"from":[2,0,2],"to":[14,0,14],"rotation":{"angle":0,"axis":"y","origin":[7,0,7]},"faces":{"north":{"uv":[5,6.5,8,8.5],"texture":"#0"},"east":{"uv":[8,0,11,2],"texture":"#0"},"south":{"uv":[8,2,11,4],"texture":"#0"},"west":{"uv":[8,4,11,6],"texture":"#0"},"up":{"uv":[3,3,0,6],"texture":"#0"},"down":{"uv":[3,3,0,6],"texture":"#0"}}},{"from":[2,0,2],"to":[2,8,14],"rotation":{"angle":0,"axis":"y","origin":[7,0,7]},"faces":{"north":{"uv":[5,6.5,8,8.5],"texture":"#0"},"east":{"uv":[8,0,11,2],"texture":"#0"},"south":{"uv":[8,2,11,4],"texture":"#0"},"west":{"uv":[8,4,11,6],"texture":"#0"},"up":{"uv":[3,3,0,0],"texture":"#0"},"down":{"uv":[3,3,0,6],"texture":"#0"}}},{"from":[14,0,2],"to":[14,8,14],"rotation":{"angle":0,"axis":"y","origin":[9,0,7]},"faces":{"north":{"uv":[8,6.5,5,8.5],"texture":"#0"},"east":{"uv":[11,4,8,6],"texture":"#0"},"south":{"uv":[11,2,8,4],"texture":"#0"},"west":{"uv":[11,0,8,2],"texture":"#0"},"up":{"uv":[0,3,3,0],"texture":"#0"},"down":{"uv":[0,3,3,6],"texture":"#0"}}},{"from":[2,0,2],"to":[14,8,2],"rotation":{"angle":0,"axis":"y","origin":[7,0,7]},"faces":{"north":{"uv":[5,6.5,8,8.5],"texture":"#0"},"east":{"uv":[8,0,11,2],"texture":"#0"},"south":{"uv":[8,2,11,4],"texture":"#0"},"west":{"uv":[8,4,11,6],"texture":"#0"},"up":{"uv":[3,3,0,0],"texture":"#0"},"down":{"uv":[3,3,0,6],"texture":"#0"}}},{"from":[3,1,3],"to":[13,14,13],"rotation":{"angle":0,"axis":"y","origin":[7,0,7]},"faces":{"north":{"uv":[3,0,5.5,3.25],"texture":"#0"},"east":{"uv":[3,3.25,5.5,6.5],"texture":"#0"},"south":{"uv":[5.5,0,8,3.25],"texture":"#0"},"west":{"uv":[5.5,3.25,8,6.5],"texture":"#0"},"up":{"uv":[2.5,8.5,0,6],"texture":"#0"},"down":{"uv":[5,6.5,2.5,9],"texture":"#0"}}},{"name":"signs","from":[0.7,18,-0.075],"to":[15.3,20.8,-0.075],"rotation":{"angle":0,"axis":"y","origin":[17,6.9,0]},"faces":{"north":{"uv":[0,14.875,7.375,16],"texture":"#0"},"east":{"uv":[0,0,0,0.75],"texture":"#0"},"west":{"uv":[0,0,0,0.75],"texture":"#0"},"up":{"uv":[3.625,0,0,0],"texture":"#0"},"down":{"uv":[3.625,0,0,0],"texture":"#0"}}},{"name":"package","from":[0,-0.1,0],"to":[16,21.9,0],"faces":{"north":{"uv":[0,0,4,5.5],"texture":"#1"},"east":{"uv":[4,0,8,5.5],"texture":"#1"},"south":{"uv":[0,0,4,5.5],"texture":"#1"},"west":{"uv":[4,5.5,8,11],"texture":"#1"},"up":{"uv":[12,4,8,0],"texture":"#1"},"down":{"uv":[12,4,8,8],"texture":"#1"}}},{"name":"package","from":[0,-0.1,16],"to":[16,21.9,16],"faces":{"north":{"uv":[0,5.5,4,11],"texture":"#1"},"east":{"uv":[4,0,8,5.5],"texture":"#1"},"south":{"uv":[0,5.5,4,11],"texture":"#1"},"west":{"uv":[4,5.5,8,11],"texture":"#1"},"up":{"uv":[12,4,8,0],"texture":"#1"},"down":{"uv":[12,4,8,8],"texture":"#1"}}},{"name":"package","from":[0,-0.1,0],"to":[16,-0.1,16],"faces":{"north":{"uv":[0,0,4,5.5],"texture":"#1"},"east":{"uv":[4,0,8,5.5],"texture":"#1"},"south":{"uv":[0,5.5,4,11],"texture":"#1"},"west":{"uv":[4,5.5,8,11],"texture":"#1"},"up":{"uv":[12,4,8,8],"texture":"#1"},"down":{"uv":[12,4,8,8],"texture":"#1"}}},{"name":"package","from":[0,21.9,0],"to":[16,21.9,16],"faces":{"north":{"uv":[0,0,4,5.5],"texture":"#1"},"east":{"uv":[4,0,8,5.5],"texture":"#1"},"south":{"uv":[0,5.5,4,11],"texture":"#1"},"west":{"uv":[4,5.5,8,11],"texture":"#1"},"up":{"uv":[12,4,8,0],"texture":"#1"},"down":{"uv":[12,4,8,8],"texture":"#1"}}},{"name":"package","from":[16,-0.1,0],"to":[16,21.9,16],"faces":{"north":{"uv":[0,0,4,5.5],"texture":"#1"},"east":{"uv":[4,0,8,5.5],"texture":"#1"},"south":{"uv":[0,5.5,4,11],"texture":"#1"},"west":{"uv":[4,5.5,8,11],"texture":"#1"},"up":{"uv":[12,4,8,0],"texture":"#1"},"down":{"uv":[12,4,8,8],"texture":"#1"}}},{"name":"package","from":[0,-0.1,0],"to":[0,21.9,16],"faces":{"north":{"uv":[0,0,4,5.5],"texture":"#1"},"east":{"uv":[4,0,8,5.5],"texture":"#1"},"south":{"uv":[0,5.5,4,11],"texture":"#1"},"west":{"uv":[4,5.5,8,11],"texture":"#1"},"up":{"uv":[12,4,8,0],"texture":"#1"},"down":{"uv":[12,4,8,8],"texture":"#1"}}},{"from":[0,0,0],"to":[3.75,7,0],"rotation":{"angle":45,"axis":"y","origin":[3.5,3.5,0]},"faces":{"north":{"uv":[1,10,4,16],"texture":"#2"},"east":{"uv":[0,0,0,7],"texture":"#missing"},"south":{"uv":[4,10,1,16],"texture":"#2"},"west":{"uv":[0,0,0,7],"texture":"#missing"},"up":{"uv":[0,0,7,0],"texture":"#missing"},"down":{"uv":[0,0,7,0],"texture":"#missing"}}},{"from":[1.02513,0,2.47487],"to":[1.02513,7,6.22487],"rotation":{"angle":0,"axis":"y","origin":[1.02513,3.5,4.34987]},"faces":{"north":{"uv":[0,0,0,7],"texture":"#missing"},"east":{"uv":[6.5,10,4,16],"texture":"#2"},"south":{"uv":[0,0,0,7],"texture":"#missing"},"west":{"uv":[4,10,6.5,16],"texture":"#2"},"up":{"uv":[0,0,7,0],"rotation":270,"texture":"#missing"},"down":{"uv":[0,0,7,0],"rotation":90,"texture":"#missing"}}},{"from":[14.97487,0,9.77513],"to":[14.97487,5,13.52513],"rotation":{"angle":0,"axis":"y","origin":[14.97487,3.5,11.65013]},"faces":{"north":{"uv":[0,0,0,7],"texture":"#missing"},"east":{"uv":[4,10,6.5,16],"texture":"#2"},"south":{"uv":[0,0,0,7],"texture":"#missing"},"west":{"uv":[6.5,10,4,16],"texture":"#2"},"up":{"uv":[7,0,0,0],"rotation":270,"texture":"#missing"},"down":{"uv":[7,0,0,0],"rotation":90,"texture":"#missing"}}},{"from":[12.25,0,16],"to":[16,5,16],"rotation":{"angle":45,"axis":"y","origin":[12.5,3.5,16]},"faces":{"north":{"uv":[4,10,1,16],"texture":"#2"},"east":{"uv":[0,0,0,7],"texture":"#missing"},"south":{"uv":[1,10,4,16],"texture":"#2"},"west":{"uv":[0,0,0,7],"texture":"#missing"},"up":{"uv":[7,0,0,0],"texture":"#missing"},"down":{"uv":[7,0,0,0],"texture":"#missing"}}},{"from":[11.75,0,2.25],"to":[16.5,16.05,2.25],"rotation":{"angle":-22.5,"axis":"y","origin":[13,6.5,1]},"faces":{"north":{"uv":[10.5,8,13.5,16],"texture":"#2"},"east":{"uv":[0,0,0,13],"texture":"#missing"},"south":{"uv":[13.5,8,10.5,16],"texture":"#2"},"west":{"uv":[0,0,0,13],"texture":"#missing"},"up":{"uv":[0,0,4,0],"texture":"#missing"},"down":{"uv":[0,0,4,0],"texture":"#missing"}}},{"from":[9.75,14.85355,1.31066],"to":[15.75,14.85355,7.31066],"rotation":{"angle":-22.5,"axis":"x","origin":[13,12.35355,2.06066]},"faces":{"north":{"uv":[0,0,6,0],"rotation":180,"texture":"#missing"},"east":{"uv":[0,0,0,6],"rotation":270,"texture":"#missing"},"south":{"uv":[0,0,6,0],"texture":"#missing"},"west":{"uv":[0,0,0,6],"rotation":90,"texture":"#missing"},"up":{"uv":[0.5,0,7,6],"rotation":180,"texture":"#2"},"down":{"uv":[7,0,0.5,6],"texture":"#2"}}},{"from":[9.75,15.52429,0.18268],"to":[15.75,15.52429,6.18268],"rotation":{"angle":-22.5,"axis":"z","origin":[12.75,15.52429,3.18268]},"faces":{"north":{"uv":[0,0,6,0],"rotation":180,"texture":"#missing"},"east":{"uv":[0,0,0,6],"rotation":270,"texture":"#missing"},"south":{"uv":[0,0,6,0],"texture":"#missing"},"west":{"uv":[0,0,0,6],"rotation":90,"texture":"#missing"},"up":{"uv":[0.5,0,7,6],"rotation":180,"texture":"#2"},"down":{"uv":[7,0,0.5,6],"texture":"#2"}}},{"from":[0.25,15.52429,9.81732],"to":[6.25,15.52429,15.81732],"rotation":{"angle":22.5,"axis":"z","origin":[3.25,15.52429,12.81732]},"faces":{"north":{"uv":[0,0,6,0],"texture":"#missing"},"east":{"uv":[0,0,0,6],"rotation":90,"texture":"#missing"},"south":{"uv":[0,0,6,0],"rotation":180,"texture":"#missing"},"west":{"uv":[0,0,0,6],"rotation":270,"texture":"#missing"},"up":{"uv":[7,6,0.5,0],"rotation":180,"texture":"#2"},"down":{"uv":[0.5,6,7,0],"texture":"#2"}}},{"from":[0.25,14.85355,8.68934],"to":[6.25,14.85355,14.68934],"rotation":{"angle":22.5,"axis":"x","origin":[3,12.35355,13.93934]},"faces":{"north":{"uv":[0,0,6,0],"texture":"#missing"},"east":{"uv":[0,0,0,6],"rotation":90,"texture":"#missing"},"south":{"uv":[0,0,6,0],"rotation":180,"texture":"#missing"},"west":{"uv":[0,0,0,6],"rotation":270,"texture":"#missing"},"up":{"uv":[7,6,0.5,0],"rotation":180,"texture":"#2"},"down":{"uv":[0.5,6,7,0],"texture":"#2"}}},{"from":[-0.5,0,13.75],"to":[4.25,16.05,13.75],"rotation":{"angle":-22.5,"axis":"y","origin":[3,6.5,15]},"faces":{"north":{"uv":[13.5,8,10.5,16],"texture":"#2"},"east":{"uv":[0,0,0,13],"texture":"#missing"},"south":{"uv":[10.5,8,13.5,16],"texture":"#2"},"west":{"uv":[0,0,0,13],"texture":"#missing"},"up":{"uv":[4,0,0,0],"texture":"#missing"},"down":{"uv":[4,0,0,0],"texture":"#missing"}}}],"gui_light":"front","display":{"thirdperson_righthand":{"rotation":[61.23,4.49,0.46],"translation":[0,1.75,0.75],"scale":[0.5,0.5,0.5]},"thirdperson_lefthand":{"rotation":[61.23,4.49,0.46],"translation":[0,1.75,0.75],"scale":[0.5,0.5,0.5]},"firstperson_righthand":{"rotation":[-166,53.68,171.1],"translation":[0.75,3.75,-0.75],"scale":[0.58336,0.58336,0.58336]},"firstperson_lefthand":{"rotation":[-166,53.68,171.1],"translation":[0.75,3.75,-0.75],"scale":[0.58336,0.58336,0.58336]},"ground":{"rotation":[68,0,0],"translation":[0,1.5,0],"scale":[0.5,0.5,0.5]},"gui":{"rotation":[-170,30,-180],"translation":[0,-2,0],"scale":[0.62,0.62,0.62]},"head":{"rotation":[7,180,1],"translation":[0,-48.75,11.25],"scale":[1.6,1.6,1.6]},"fixed":{"rotation":[-90,0,0],"translation":[0,-0.25,-16.25],"scale":[2,2,2]}}}