{
	"credit": "Made with Blockbench",
	"texture_size": [32, 32],
	"textures": {
		"0": "christmaspack:item/christmasbox3",
		"particle": "item/christmasbox3"
	},
	"elements": [
		{
			"from": [7.97143, 8, 4.52697],
			"to": [7.97143, 10, 11.52697],
			"rotation": {"angle": 0, "axis": "y", "origin": [8.20592, 15.08001, 10.42061]},
			"faces": {
				"north": {"uv": [0, 0, 0, 1], "texture": "#0"},
				"east": {"uv": [4.5, 10.5, 8, 11.5], "texture": "#0"},
				"south": {"uv": [0, 0, 0, 1], "texture": "#0"},
				"west": {"uv": [8, 10.5, 11.5, 11.5], "texture": "#0"},
				"up": {"uv": [0, 3.5, 0, 0], "texture": "#0"},
				"down": {"uv": [0, 0, 0, 3.5], "texture": "#0"}
			}
		},
		{
			"from": [3.47143, 5, 3.52697],
			"to": [12.47143, 8, 12.52697],
			"rotation": {"angle": 0, "axis": "y", "origin": [8.20592, 15.08001, 10.42061]},
			"faces": {
				"north": {"uv": [8.5, 7.5, 13, 9], "texture": "#0"},
				"east": {"uv": [0, 9, 4.5, 10.5], "texture": "#0"},
				"south": {"uv": [8.5, 9, 13, 10.5], "texture": "#0"},
				"west": {"uv": [0, 10.5, 4.5, 12], "texture": "#0"},
				"up": {"uv": [4.5, 4.5, 0, 0], "texture": "#0"},
				"down": {"uv": [4.5, 4.5, 0, 9], "texture": "#0"}
			}
		},
		{
			"from": [3.97143, 0, 4.02697],
			"to": [11.97143, 5, 12.02697],
			"rotation": {"angle": 0, "axis": "y", "origin": [8.20592, 15.08001, 10.42061]},
			"faces": {
				"north": {"uv": [4.5, 8, 8.5, 10.5], "texture": "#0"},
				"east": {"uv": [8.5, 0, 12.5, 2.5], "texture": "#0"},
				"south": {"uv": [8.5, 2.5, 12.5, 5], "texture": "#0"},
				"west": {"uv": [8.5, 5, 12.5, 7.5], "texture": "#0"},
				"up": {"uv": [8.5, 4, 4.5, 0], "texture": "#0"},
				"down": {"uv": [8.5, 4, 4.5, 8], "texture": "#0"}
			}
		},
		{
			"from": [4.47143, 8, 8.02697],
			"to": [11.47143, 10, 8.02697],
			"rotation": {"angle": 0, "axis": "y", "origin": [8.20592, 15.08001, 10.42061]},
			"faces": {
				"north": {"uv": [4.5, 11.5, 8, 12.5], "texture": "#0"},
				"east": {"uv": [0, 0, 0, 1], "texture": "#0"},
				"south": {"uv": [8, 11.5, 11.5, 12.5], "texture": "#0"},
				"west": {"uv": [0, 0, 0, 1], "texture": "#0"},
				"up": {"uv": [3.5, 0, 0, 0], "texture": "#0"},
				"down": {"uv": [3.5, 0, 0, 0], "texture": "#0"}
			}
		}
	],
	"display": {
		"thirdperson_righthand": {
			"rotation": [70, 0, 0],
			"translation": [0, 1, 0],
			"scale": [0.7, 0.7, 0.7]
		},
		"thirdperson_lefthand": {
			"rotation": [70, 0, 0],
			"translation": [0, 1, 0],
			"scale": [0.7, 0.7, 0.7]
		},
		"firstperson_righthand": {
			"translation": [0, 4.5, 0]
		},
		"firstperson_lefthand": {
			"translation": [0, 4.5, 0]
		},
		"ground": {
			"translation": [0, 6.5, 0]
		},
		"gui": {
			"rotation": [20, 40, 0],
			"translation": [0, 3.25, 0],
			"scale": [1.1, 1.1, 1.1]
		},
		"head": {
			"translation": [0, -3, 0],
			"scale": [3.5, 3.5, 3.5]
		},
		"fixed": {
			"translation": [0, 4.5, 0],
			"scale": [1.5, 1.5, 1.5]
		}
	},
	"groups": [
		{
			"name": "christmasbox3",
			"origin": [0, 0, 1],
			"color": 0,
			"children": [0, 1, 2, 3]
		}
	]
}