{
  "credit": "Made with Blockbench",
  "texture_size": [
    64,
    64
  ],
  "textures": {
    "1": "elitecreatures:ginger_bread_gear/gingerbread_animation01",
    "2": "elitecreatures:ginger_bread_gear/gingerbread_texture1",
    "particle": "elitecreatures:ginger_bread_gear/gingerbread_texture1"
  },
  "elements": [
    {
      "from": [
        6.5,
        3,
        5
      ],
      "to": [
        9.5,
        8,
        10
      ],
      "rotation": {
        "angle": 45,
        "axis": "x",
        "origin": [
          7.5,
          5,
          8
        ]
      },
      "faces": {
        "north": {
          "uv": [
            0.5,
            5.75,
            1.25,
            7
          ],
          "texture": "#2"
        },
        "east": {
          "uv": [
            3.25,
            5,
            4.5,
            6.25
          ],
          "texture": "#2"
        },
        "south": {
          "uv": [
            1.25,
            5.75,
            2,
            7
          ],
          "texture": "#2"
        },
        "west": {
          "uv": [
            5.5,
            0.75,
            6.75,
            2
          ],
          "texture": "#2"
        },
        "up": {
          "uv": [
            2.75,
            7,
            2,
            5.75
          ],
          "texture": "#2"
        },
        "down": {
          "uv": [
            6.75,
            2,
            6,
            3.25
          ],
          "texture": "#2"
        }
      }
    },
    {
      "from": [
        7.25,
        2.8,
        8.8
      ],
      "to": [
        8.75,
        4.3,
        12.8
      ],
      "rotation": {
        "angle": 22.5,
        "axis": "x",
        "origin": [
          7.5,
          3.3,
          8.7
        ]
      },
      "faces": {
        "north": {
          "uv": [
            8.25,
            3,
            8.625,
            3.375
          ],
          "texture": "#2"
        },
        "east": {
          "uv": [
            3,
            7,
            4,
            7.375
          ],
          "texture": "#2"
        },
        "south": {
          "uv": [
            8.25,
            3.5,
            8.625,
            3.875
          ],
          "texture": "#2"
        },
        "west": {
          "uv": [
            7.25,
            2.25,
            8.25,
            2.625
          ],
          "texture": "#2"
        },
        "up": {
          "uv": [
            6.375,
            8,
            6,
            7
          ],
          "texture": "#2"
        },
        "down": {
          "uv": [
            7.625,
            2.75,
            7.25,
            3.75
          ],
          "texture": "#2"
        }
      }
    },
    {
      "from": [
        8,
        2.8,
        12.8
      ],
      "to": [
        8,
        4.3,
        14.8
      ],
      "rotation": {
        "angle": 22.5,
        "axis": "x",
        "origin": [
          7.5,
          3.3,
          8.7
        ]
      },
      "faces": {
        "north": {
          "uv": [
            0,
            0,
            0,
            0.375
          ],
          "texture": "#2"
        },
        "east": {
          "uv": [
            7.75,
            3,
            8.25,
            3.375
          ],
          "texture": "#2"
        },
        "south": {
          "uv": [
            0,
            0,
            0,
            0.375
          ],
          "texture": "#2"
        },
        "west": {
          "uv": [
            7.75,
            3.5,
            8.25,
            3.875
          ],
          "texture": "#2"
        },
        "up": {
          "uv": [
            0,
            0.5,
            0,
            0
          ],
          "texture": "#2"
        },
        "down": {
          "uv": [
            0,
            0,
            0,
            0.5
          ],
          "texture": "#2"
        }
      }
    },
    {
      "from": [
        7.25,
        2.8,
        3.2
      ],
      "to": [
        8.75,
        4.3,
        7.2
      ],
      "rotation": {
        "angle": -22.5,
        "axis": "x",
        "origin": [
          7.5,
          3.3,
          7.3
        ]
      },
      "faces": {
        "north": {
          "uv": [
            5,
            8.5,
            5.375,
            8.875
          ],
          "texture": "#2"
        },
        "east": {
          "uv": [
            7.25,
            4.5,
            8.25,
            4.875
          ],
          "texture": "#2"
        },
        "south": {
          "uv": [
            6,
            8.5,
            6.375,
            8.875
          ],
          "texture": "#2"
        },
        "west": {
          "uv": [
            3,
            7.5,
            4,
            7.875
          ],
          "texture": "#2"
        },
        "up": {
          "uv": [
            4.375,
            8.5,
            4,
            7.5
          ],
          "texture": "#2"
        },
        "down": {
          "uv": [
            5.375,
            7.5,
            5,
            8.5
          ],
          "texture": "#2"
        }
      }
    },
    {
      "from": [
        8,
        2.8,
        1.2
      ],
      "to": [
        8,
        4.3,
        3.2
      ],
      "rotation": {
        "angle": -22.5,
        "axis": "x",
        "origin": [
          7.5,
          3.3,
          7.3
        ]
      },
      "faces": {
        "north": {
          "uv": [
            0,
            0,
            0,
            0.375
          ],
          "texture": "#2"
        },
        "east": {
          "uv": [
            7.75,
            4,
            8.25,
            4.375
          ],
          "texture": "#2"
        },
        "south": {
          "uv": [
            0,
            0,
            0,
            0.375
          ],
          "texture": "#2"
        },
        "west": {
          "uv": [
            7.75,
            5,
            8.25,
            5.375
          ],
          "texture": "#2"
        },
        "up": {
          "uv": [
            0,
            0.5,
            0,
            0
          ],
          "texture": "#2"
        },
        "down": {
          "uv": [
            0,
            0,
            0,
            0.5
          ],
          "texture": "#2"
        }
      }
    },
    {
      "from": [
        7,
        1,
        6.5
      ],
      "to": [
        9,
        2,
        9.5
      ],
      "rotation": {
        "angle": 0,
        "axis": "y",
        "origin": [
          8,
          3,
          8.5
        ]
      },
      "faces": {
        "north": {
          "uv": [
            6.75,
            3,
            7.25,
            3.25
          ],
          "texture": "#2"
        },
        "east": {
          "uv": [
            2,
            7.75,
            2.75,
            8
          ],
          "texture": "#2"
        },
        "south": {
          "uv": [
            8.5,
            2,
            9,
            2.25
          ],
          "texture": "#2"
        },
        "west": {
          "uv": [
            7.75,
            2.75,
            8.5,
            3
          ],
          "texture": "#2"
        },
        "up": {
          "uv": [
            2.5,
            7.75,
            2,
            7
          ],
          "texture": "#2"
        },
        "down": {
          "uv": [
            3,
            7,
            2.5,
            7.75
          ],
          "texture": "#2"
        }
      }
    },
    {
      "from": [
        7,
        8,
        5.5
      ],
      "to": [
        9,
        10,
        10.5
      ],
      "rotation": {
        "angle": 0,
        "axis": "y",
        "origin": [
          8,
          10,
          8.5
        ]
      },
      "faces": {
        "north": {
          "uv": [
            1,
            7.75,
            1.5,
            8.25
          ],
          "texture": "#2"
        },
        "east": {
          "uv": [
            6,
            3.25,
            7.25,
            3.75
          ],
          "texture": "#2"
        },
        "south": {
          "uv": [
            1.5,
            7.75,
            2,
            8.25
          ],
          "texture": "#2"
        },
        "west": {
          "uv": [
            6,
            3.75,
            7.25,
            4.25
          ],
          "texture": "#2"
        },
        "up": {
          "uv": [
            3.25,
            7,
            2.75,
            5.75
          ],
          "texture": "#2"
        },
        "down": {
          "uv": [
            6.5,
            4.25,
            6,
            5.5
          ],
          "texture": "#2"
        }
      }
    },
    {
      "from": [
        7.275,
        3.5,
        2.5
      ],
      "to": [
        8.725,
        6.5,
        13.5
      ],
      "rotation": {
        "angle": 0,
        "axis": "y",
        "origin": [
          8,
          6.5,
          8.5
        ]
      },
      "faces": {
        "north": {
          "uv": [
            5.5,
            7.5,
            5.875,
            8.25
          ],
          "texture": "#2"
        },
        "east": {
          "uv": [
            0.5,
            5,
            3.25,
            5.75
          ],
          "texture": "#2"
        },
        "south": {
          "uv": [
            0.5,
            7.75,
            0.875,
            8.5
          ],
          "texture": "#2"
        },
        "west": {
          "uv": [
            5.5,
            0,
            8.25,
            0.75
          ],
          "texture": "#2"
        },
        "up": {
          "uv": [
            5.875,
            4.75,
            5.5,
            2
          ],
          "texture": "#2"
        },
        "down": {
          "uv": [
            5.875,
            4.75,
            5.5,
            7.5
          ],
          "texture": "#2"
        }
      }
    },
    {
      "from": [
        7,
        -8,
        6.5
      ],
      "to": [
        9,
        -5,
        9.5
      ],
      "rotation": {
        "angle": 45,
        "axis": "x",
        "origin": [
          8,
          -6.5,
          8
        ]
      },
      "faces": {
        "north": {
          "uv": [
            6.75,
            2.25,
            7.25,
            3
          ],
          "texture": "#2"
        },
        "east": {
          "uv": [
            6,
            5.5,
            6.75,
            6.25
          ],
          "texture": "#2"
        },
        "south": {
          "uv": [
            0.5,
            7,
            1,
            7.75
          ],
          "texture": "#2"
        },
        "west": {
          "uv": [
            3.25,
            6.25,
            4,
            7
          ],
          "texture": "#2"
        },
        "up": {
          "uv": [
            1.5,
            7.75,
            1,
            7
          ],
          "texture": "#2"
        },
        "down": {
          "uv": [
            2,
            7,
            1.5,
            7.75
          ],
          "texture": "#2"
        }
      }
    },
    {
      "from": [
        7,
        18.5,
        6.5
      ],
      "to": [
        9,
        21.5,
        9.5
      ],
      "rotation": {
        "angle": 45,
        "axis": "x",
        "origin": [
          8,
          20,
          8
        ]
      },
      "faces": {
        "north": {
          "uv": [
            7.25,
            3.75,
            7.75,
            4.5
          ],
          "texture": "#2"
        },
        "east": {
          "uv": [
            6,
            6.25,
            6.75,
            7
          ],
          "texture": "#2"
        },
        "south": {
          "uv": [
            7.25,
            5.5,
            7.75,
            6.25
          ],
          "texture": "#2"
        },
        "west": {
          "uv": [
            6.5,
            4.25,
            7.25,
            5
          ],
          "texture": "#2"
        },
        "up": {
          "uv": [
            7.75,
            7,
            7.25,
            6.25
          ],
          "texture": "#2"
        },
        "down": {
          "uv": [
            7.75,
            7,
            7.25,
            7.75
          ],
          "texture": "#2"
        }
      }
    },
    {
      "from": [
        7.5,
        -6,
        7
      ],
      "to": [
        8.5,
        19,
        9
      ],
      "rotation": {
        "angle": 0,
        "axis": "y",
        "origin": [
          0,
          2,
          0
        ]
      },
      "faces": {
        "north": {
          "uv": [
            4.5,
            5,
            4.75,
            11.25
          ],
          "texture": "#2"
        },
        "east": {
          "uv": [
            0,
            5,
            0.5,
            11.25
          ],
          "texture": "#2"
        },
        "south": {
          "uv": [
            4.75,
            5,
            5,
            11.25
          ],
          "texture": "#2"
        },
        "west": {
          "uv": [
            5,
            0,
            5.5,
            6.25
          ],
          "texture": "#2"
        },
        "up": {
          "uv": [
            6.75,
            7.5,
            6.5,
            7
          ],
          "texture": "#2"
        },
        "down": {
          "uv": [
            6.75,
            7.5,
            6.5,
            8
          ],
          "texture": "#2"
        }
      }
    },
    {
      "from": [
        8,
        6,
        3
      ],
      "to": [
        8,
        26,
        13
      ],
      "rotation": {
        "angle": 0,
        "axis": "y",
        "origin": [
          8,
          6,
          6
        ]
      },
      "faces": {
        "north": {
          "uv": [
            0,
            0,
            0,
            5
          ],
          "texture": "#2"
        },
        "east": {
          "uv": [
            0,
            0,
            2.5,
            5
          ],
          "texture": "#2"
        },
        "south": {
          "uv": [
            0,
            0,
            0,
            5
          ],
          "texture": "#2"
        },
        "west": {
          "uv": [
            2.5,
            0,
            5,
            5
          ],
          "texture": "#2"
        },
        "up": {
          "uv": [
            0,
            2.5,
            0,
            0
          ],
          "texture": "#2"
        },
        "down": {
          "uv": [
            0,
            0,
            0,
            2.5
          ],
          "texture": "#2"
        }
      }
    },
    {
      "from": [
        7.25,
        7.1569,
        9.34828
      ],
      "to": [
        8.75,
        8.6569,
        14.34828
      ],
      "rotation": {
        "angle": -22.5,
        "axis": "x",
        "origin": [
          8,
          7.36515,
          13.48486
        ]
      },
      "faces": {
        "north": {
          "uv": [
            7.75,
            5.5,
            8.125,
            5.875
          ],
          "texture": "#2"
        },
        "east": {
          "uv": [
            6.5,
            5,
            7.75,
            5.375
          ],
          "texture": "#2"
        },
        "south": {
          "uv": [
            7.75,
            6,
            8.125,
            6.375
          ],
          "texture": "#2"
        },
        "west": {
          "uv": [
            6.75,
            0.75,
            8,
            1.125
          ],
          "texture": "#2"
        },
        "up": {
          "uv": [
            4.375,
            7.5,
            4,
            6.25
          ],
          "texture": "#2"
        },
        "down": {
          "uv": [
            5.375,
            6.25,
            5,
            7.5
          ],
          "texture": "#2"
        }
      }
    },
    {
      "from": [
        7.275,
        7.3893,
        13.20278
      ],
      "to": [
        8.725,
        8.8893,
        14.70278
      ],
      "rotation": {
        "angle": 22.5,
        "axis": "x",
        "origin": [
          8,
          7.36515,
          13.48486
        ]
      },
      "faces": {
        "north": {
          "uv": [
            7.75,
            6.5,
            8.125,
            6.875
          ],
          "texture": "#2"
        },
        "east": {
          "uv": [
            7.75,
            7,
            8.125,
            7.375
          ],
          "texture": "#2"
        },
        "south": {
          "uv": [
            7.25,
            7.75,
            7.625,
            8.125
          ],
          "texture": "#2"
        },
        "west": {
          "uv": [
            7.75,
            7.5,
            8.125,
            7.875
          ],
          "texture": "#2"
        },
        "up": {
          "uv": [
            8.375,
            1.125,
            8,
            0.75
          ],
          "texture": "#2"
        },
        "down": {
          "uv": [
            8.375,
            1.25,
            8,
            1.625
          ],
          "texture": "#2"
        }
      }
    },
    {
      "from": [
        7.3,
        6.06089,
        13.92402
      ],
      "to": [
        8.7,
        7.56089,
        15.42402
      ],
      "rotation": {
        "angle": -22.5,
        "axis": "x",
        "origin": [
          8,
          7.36515,
          13.48486
        ]
      },
      "faces": {
        "north": {
          "uv": [
            8,
            1.75,
            8.375,
            2.125
          ],
          "texture": "#2"
        },
        "east": {
          "uv": [
            2,
            8,
            2.375,
            8.375
          ],
          "texture": "#2"
        },
        "south": {
          "uv": [
            2.5,
            8,
            2.875,
            8.375
          ],
          "texture": "#2"
        },
        "west": {
          "uv": [
            3,
            8,
            3.375,
            8.375
          ],
          "texture": "#2"
        },
        "up": {
          "uv": [
            3.875,
            8.375,
            3.5,
            8
          ],
          "texture": "#2"
        },
        "down": {
          "uv": [
            6.375,
            8,
            6,
            8.375
          ],
          "texture": "#2"
        }
      }
    },
    {
      "from": [
        7.325,
        6.30655,
        14.27518
      ],
      "to": [
        8.675,
        7.80655,
        15.77518
      ],
      "rotation": {
        "angle": 22.5,
        "axis": "x",
        "origin": [
          8,
          7.36515,
          13.48486
        ]
      },
      "faces": {
        "north": {
          "uv": [
            6.5,
            8,
            6.875,
            8.375
          ],
          "texture": "#2"
        },
        "east": {
          "uv": [
            7.75,
            8,
            8.125,
            8.375
          ],
          "texture": "#2"
        },
        "south": {
          "uv": [
            8.25,
            0,
            8.625,
            0.375
          ],
          "texture": "#2"
        },
        "west": {
          "uv": [
            1,
            8.25,
            1.375,
            8.625
          ],
          "texture": "#2"
        },
        "up": {
          "uv": [
            1.875,
            8.625,
            1.5,
            8.25
          ],
          "texture": "#2"
        },
        "down": {
          "uv": [
            8.625,
            2.25,
            8.25,
            2.625
          ],
          "texture": "#2"
        }
      }
    },
    {
      "from": [
        7.25,
        7.1569,
        1.65172
      ],
      "to": [
        8.75,
        8.6569,
        6.65172
      ],
      "rotation": {
        "angle": 22.5,
        "axis": "x",
        "origin": [
          8,
          7.36515,
          2.51514
        ]
      },
      "faces": {
        "north": {
          "uv": [
            3.5,
            8.5,
            3.875,
            8.875
          ],
          "texture": "#2"
        },
        "east": {
          "uv": [
            6.75,
            1.25,
            8,
            1.625
          ],
          "texture": "#2"
        },
        "south": {
          "uv": [
            4,
            8.5,
            4.375,
            8.875
          ],
          "texture": "#2"
        },
        "west": {
          "uv": [
            6.75,
            1.75,
            8,
            2.125
          ],
          "texture": "#2"
        },
        "up": {
          "uv": [
            7.125,
            6.75,
            6.75,
            5.5
          ],
          "texture": "#2"
        },
        "down": {
          "uv": [
            7.125,
            6.75,
            6.75,
            8
          ],
          "texture": "#2"
        }
      }
    },
    {
      "from": [
        7.275,
        7.3893,
        1.29722
      ],
      "to": [
        8.725,
        8.8893,
        2.79722
      ],
      "rotation": {
        "angle": -22.5,
        "axis": "x",
        "origin": [
          8,
          7.36515,
          2.51514
        ]
      },
      "faces": {
        "north": {
          "uv": [
            8.5,
            0.5,
            8.875,
            0.875
          ],
          "texture": "#2"
        },
        "east": {
          "uv": [
            8.5,
            1,
            8.875,
            1.375
          ],
          "texture": "#2"
        },
        "south": {
          "uv": [
            8.5,
            1.5,
            8.875,
            1.875
          ],
          "texture": "#2"
        },
        "west": {
          "uv": [
            2,
            8.5,
            2.375,
            8.875
          ],
          "texture": "#2"
        },
        "up": {
          "uv": [
            2.875,
            8.875,
            2.5,
            8.5
          ],
          "texture": "#2"
        },
        "down": {
          "uv": [
            3.375,
            8.5,
            3,
            8.875
          ],
          "texture": "#2"
        }
      }
    },
    {
      "from": [
        7.3,
        6.06089,
        0.57598
      ],
      "to": [
        8.7,
        7.56089,
        2.07598
      ],
      "rotation": {
        "angle": 22.5,
        "axis": "x",
        "origin": [
          8,
          7.36515,
          2.51514
        ]
      },
      "faces": {
        "north": {
          "uv": [
            8.25,
            6.5,
            8.625,
            6.875
          ],
          "texture": "#2"
        },
        "east": {
          "uv": [
            7,
            8.25,
            7.375,
            8.625
          ],
          "texture": "#2"
        },
        "south": {
          "uv": [
            8.25,
            7,
            8.625,
            7.375
          ],
          "texture": "#2"
        },
        "west": {
          "uv": [
            8.25,
            7.5,
            8.625,
            7.875
          ],
          "texture": "#2"
        },
        "up": {
          "uv": [
            8.625,
            8.375,
            8.25,
            8
          ],
          "texture": "#2"
        },
        "down": {
          "uv": [
            0.875,
            8.5,
            0.5,
            8.875
          ],
          "texture": "#2"
        }
      }
    },
    {
      "from": [
        7.325,
        6.30655,
        0.22482
      ],
      "to": [
        8.675,
        7.80655,
        1.72482
      ],
      "rotation": {
        "angle": -22.5,
        "axis": "x",
        "origin": [
          8,
          7.36515,
          2.51514
        ]
      },
      "faces": {
        "north": {
          "uv": [
            8.25,
            4,
            8.625,
            4.375
          ],
          "texture": "#2"
        },
        "east": {
          "uv": [
            8.25,
            4.5,
            8.625,
            4.875
          ],
          "texture": "#2"
        },
        "south": {
          "uv": [
            8.25,
            5,
            8.625,
            5.375
          ],
          "texture": "#2"
        },
        "west": {
          "uv": [
            5.5,
            8.25,
            5.875,
            8.625
          ],
          "texture": "#2"
        },
        "up": {
          "uv": [
            8.625,
            5.875,
            8.25,
            5.5
          ],
          "texture": "#2"
        },
        "down": {
          "uv": [
            8.625,
            6,
            8.25,
            6.375
          ],
          "texture": "#2"
        }
      }
    },
    {
      "from": [
        7.9,
        -2,
        8.5
      ],
      "to": [
        7.9,
        4,
        12.5
      ],
      "rotation": {
        "angle": 0,
        "axis": "y",
        "origin": [
          6.875,
          0,
          8
        ]
      },
      "faces": {
        "north": {
          "uv": [
            0,
            0,
            0,
            1.5
          ],
          "texture": "#1"
        },
        "east": {
          "uv": [
            0,
            0,
            8,
            12
          ],
          "texture": "#1"
        },
        "south": {
          "uv": [
            0,
            0,
            0,
            1.5
          ],
          "texture": "#1"
        },
        "west": {
          "uv": [
            8,
            0,
            0,
            12
          ],
          "texture": "#1"
        },
        "up": {
          "uv": [
            0,
            1,
            0,
            0
          ],
          "texture": "#1"
        },
        "down": {
          "uv": [
            0,
            0,
            0,
            1
          ],
          "texture": "#1"
        }
      }
    },
    {
      "from": [
        7.9,
        -2,
        3.5
      ],
      "to": [
        7.9,
        4,
        7.5
      ],
      "rotation": {
        "angle": 0,
        "axis": "y",
        "origin": [
          6.875,
          0,
          8
        ]
      },
      "faces": {
        "north": {
          "uv": [
            0,
            0,
            0,
            1.5
          ],
          "texture": "#1"
        },
        "east": {
          "uv": [
            8,
            0,
            0,
            12
          ],
          "texture": "#1"
        },
        "south": {
          "uv": [
            0,
            0,
            0,
            1.5
          ],
          "texture": "#1"
        },
        "west": {
          "uv": [
            0,
            0,
            8,
            12
          ],
          "texture": "#1"
        },
        "up": {
          "uv": [
            0,
            0,
            0,
            1
          ],
          "texture": "#1"
        },
        "down": {
          "uv": [
            0,
            1,
            0,
            0
          ],
          "texture": "#1"
        }
      }
    }
  ],
  "gui_light": "front",
  "display": {
    "thirdperson_righthand": {
      "translation": [
        0,
        5.25,
        1.75
      ],
      "scale": [
        0.74414,
        0.74414,
        0.74414
      ]
    },
    "thirdperson_lefthand": {
      "translation": [
        0,
        5.25,
        1.75
      ],
      "scale": [
        0.74414,
        0.74414,
        0.74414
      ]
    },
    "firstperson_righthand": {
      "rotation": [
        -9,
        0,
        0
      ],
      "translation": [
        0,
        5,
        2.5
      ],
      "scale": [
        0.75,
        0.75,
        0.75
      ]
    },
    "firstperson_lefthand": {
      "rotation": [
        -9,
        0,
        0
      ],
      "translation": [
        0,
        5,
        2.5
      ],
      "scale": [
        0.75,
        0.75,
        0.75
      ]
    },
    "ground": {
      "rotation": [
        45,
        0,
        0
      ],
      "translation": [
        0,
        4.25,
        0
      ],
      "scale": [
        0.5,
        0.5,
        0.5
      ]
    },
    "gui": {
      "rotation": [
        90,
        45,
        -90
      ],
      "translation": [
        -0.75,
        -0.75,
        0
      ],
      "scale": [
        0.55313,
        0.55313,
        0.55313
      ]
    },
    "head": {
      "scale": [
        0,
        0,
        0
      ]
    },
    "fixed": {
      "rotation": [
        90,
        90,
        -90
      ],
      "translation": [
        -0.25,
        16.25,
        -3.38
      ],
      "scale": [
        2.22657,
        2.22657,
        2.22657
      ]
    }
  },
  "groups": [
    0,
    1,
    2,
    3,
    4,
    5,
    6,
    7,
    8,
    9,
    10,
    11,
    {
      "name": "group",
      "origin": [
        8.25,
        8.81409,
        14.76764
      ],
      "color": 0,
      "children": [
        12,
        13,
        14,
        15,
        16,
        17,
        18,
        19
      ]
    },
    {
      "name": "group",
      "origin": [
        8.25,
        8.81409,
        1.23236
      ],
      "color": 0,
      "children": []
    },
    20,
    21
  ]
}