{"credit":"magic_store_official","texture_size":[64,64],"textures":{"0":"magic_store:furnitures/bank_pack/bank_document","1":"magic_store:furnitures/bank_pack/bank_money","2":"magic_store:furnitures/bank_pack/bank_locker","particle":"magic_store:furnitures/bank_pack/bank_money"},"elements":[{"from":[2,0,2],"to":[14,16,14],"faces":{"north":{"uv":[0,4,3,8],"texture":"#2"},"east":{"uv":[3,4,6,8],"texture":"#2"},"south":{"uv":[0,0,3,4],"texture":"#2"},"west":{"uv":[3,4,6,8],"texture":"#2"},"up":{"uv":[9,3,6,0],"texture":"#2"},"down":{"uv":[9,3,6,6],"texture":"#2"}}},{"from":[4,8.07843,-2.17157],"to":[12,11.07843,-2.17157],"rotation":{"angle":22.5,"axis":"x","origin":[8,11,-2]},"faces":{"north":{"uv":[3,0,5,0.75],"rotation":180,"texture":"#2"},"east":{"uv":[0,0,0.75,0],"rotation":90,"texture":"#2"},"south":{"uv":[5,0.75,3,0],"texture":"#2"},"west":{"uv":[0,0,0.75,0],"rotation":270,"texture":"#2"},"up":{"uv":[0,0,2,0],"texture":"#2"},"down":{"uv":[0,0,2,0],"rotation":180,"texture":"#2"}}},{"from":[3,9,-2],"to":[13,12,2],"faces":{"north":{"uv":[5.5,1.5,3,2.25],"texture":"#2"},"east":{"uv":[4,0.75,3,1.5],"texture":"#2"},"west":{"uv":[3,0.75,4,1.5],"texture":"#2"},"down":{"uv":[5.5,2.25,3,3.25],"texture":"#2"}}},{"from":[3,1,-6],"to":[13,4,2],"faces":{"north":{"uv":[8.5,6,6,6.75],"texture":"#2"},"east":{"uv":[5,3.25,3,4],"texture":"#2"},"west":{"uv":[3,3.25,5,4],"texture":"#2"},"down":{"uv":[0,8,2.5,10],"texture":"#2"}}},{"from":[3,12,-2],"to":[13,9,2],"faces":{"north":{"uv":[5.5,2.25,3,1.5],"texture":"#2"},"east":{"uv":[4,1.5,3,0.75],"texture":"#2"},"west":{"uv":[3,1.5,4,0.75],"texture":"#2"},"up":{"uv":[5.5,3.25,3,2.25],"texture":"#2"}}},{"from":[3,4,-6],"to":[13,1,2],"faces":{"north":{"uv":[8.5,6.75,6,6],"texture":"#2"},"east":{"uv":[5,4,3,3.25],"texture":"#2"},"west":{"uv":[3,4,5,3.25],"texture":"#2"},"up":{"uv":[2.5,10,0,8],"texture":"#2"}}},{"from":[4,0.07017,-6.01561],"to":[12,3.07017,-6.01561],"rotation":{"angle":22.5,"axis":"x","origin":[8,2.98439,-6.01561]},"faces":{"north":{"uv":[3,0,5,0.75],"rotation":180,"texture":"#2"},"east":{"uv":[0,0,0.75,0],"rotation":90,"texture":"#2"},"south":{"uv":[5,0.75,3,0],"texture":"#2"},"west":{"uv":[0,0,0.75,0],"rotation":270,"texture":"#2"},"up":{"uv":[0,0,2,0],"texture":"#2"},"down":{"uv":[0,0,2,0],"rotation":180,"texture":"#2"}}},{"from":[4.5,1.1,-4.75],"to":[11.5,3.1,7.25],"faces":{"north":{"uv":[0,6.5,1.75,7],"texture":"#0"},"east":{"uv":[0,6,3,6.5],"texture":"#0"},"south":{"uv":[0,6.5,1.75,7],"texture":"#0"},"west":{"uv":[0,6,3,6.5],"texture":"#0"},"up":{"uv":[3,6,4.75,9],"texture":"#0"},"down":{"uv":[4.75,6,6.5,9],"texture":"#0"}}},{"from":[4,3.2,-11],"to":[8,3.2,-4],"rotation":{"angle":-22.5,"axis":"y","origin":[-8,0.1,4.5]},"faces":{"north":{"uv":[0,0,2,0],"texture":"#1"},"east":{"uv":[0,0,3.5,0],"texture":"#1"},"south":{"uv":[0,0,2,0],"texture":"#1"},"west":{"uv":[0,0,3.5,0],"texture":"#1"},"up":{"uv":[2,8.5,0,5],"texture":"#1"},"down":{"uv":[2,8.5,0,5],"texture":"#1"}}},{"from":[5.5,9.1,-1.5],"to":[12.5,12.1,2.5],"rotation":{"angle":0,"axis":"y","origin":[-5,1.5,10.5]},"faces":{"north":{"uv":[7.5,0,11,1.5],"texture":"#1"},"east":{"uv":[7.5,6.5,9.5,8],"texture":"#1"},"south":{"uv":[7.5,0,11,1.5],"texture":"#1"},"west":{"uv":[7.5,6.5,9.5,8],"texture":"#1"},"up":{"uv":[7.5,7,5.5,3.5],"rotation":270,"texture":"#1"},"down":{"uv":[5.5,3.5,3.5,7],"rotation":90,"texture":"#1"}}},{"from":[4.25488,12.2,-1.37704],"to":[11.25488,12.2,2.62296],"rotation":{"angle":-22.5,"axis":"y","origin":[6.75488,12.1,-2.37704]},"faces":{"north":{"uv":[0,0,3.5,0],"texture":"#1"},"east":{"uv":[0,0,2,0],"texture":"#1"},"south":{"uv":[0,0,3.5,0],"texture":"#1"},"west":{"uv":[0,0,2,0],"texture":"#1"},"up":{"uv":[2,8.5,0,5],"rotation":90,"texture":"#1"},"down":{"uv":[0,8.5,2,5],"rotation":90,"texture":"#1"}}}],"display":{"thirdperson_righthand":{"rotation":[49,36,0],"translation":[-0.5,3,0.5],"scale":[0.35,0.35,0.35]},"thirdperson_lefthand":{"rotation":[49,36,0],"translation":[-0.5,3,0.5],"scale":[0.35,0.35,0.35]},"firstperson_righthand":{"rotation":[-180,65,-180],"translation":[9.75,0,-9.25],"scale":[0.85,0.85,0.85]},"firstperson_lefthand":{"rotation":[-180,65,-180],"translation":[9.75,0,-9.25],"scale":[0.85,0.85,0.85]},"ground":{"translation":[0,5.5,0],"scale":[0.4,0.4,0.4]},"gui":{"rotation":[30,145.5,0],"translation":[0.25,1,0],"scale":[0.65,0.65,0.65]},"head":{"rotation":[0,180,0],"translation":[0,-30.5,0],"scale":[1.6,1.6,1.6]},"fixed":{"rotation":[-90,0,0],"translation":[0,0,-16],"scale":[2,2,2]}},"groups":[{"name":"group","origin":[6.75488,12.1,-2.37704],"color":0,"children":[0,1,2,3,4,5,6,7,8,9,10]}]}