{"credit":"magic_store_official","texture_size":[32,32],"textures":{"0":"magic_store:furnitures/bank_pack/bank_barrier","particle":"magic_store:furnitures/bank_pack/bank_barrier"},"elements":[{"from":[0,0,6],"to":[4,1,10],"faces":{"north":{"uv":[5.5,7,7.5,7.5],"texture":"#0"},"east":{"uv":[7.5,7,5.5,7.5],"texture":"#0"},"south":{"uv":[5.5,7,7.5,7.5],"texture":"#0"},"west":{"uv":[7.5,7,5.5,7.5],"texture":"#0"},"up":{"uv":[6,4,4,2],"texture":"#0"},"down":{"uv":[4,4,6,2],"texture":"#0"}}},{"from":[1,1,7],"to":[3,15,9],"faces":{"north":{"uv":[0,2,1,9],"texture":"#0"},"east":{"uv":[1,2,0,9],"texture":"#0"},"south":{"uv":[0,2,1,9],"texture":"#0"},"west":{"uv":[1,2,0,9],"texture":"#0"},"up":{"uv":[8.5,3.5,7.5,2.5],"texture":"#0"},"down":{"uv":[8.5,3.5,7.5,4.5],"texture":"#0"}}},{"from":[0.5,14,6.5],"to":[3.5,16,9.5],"faces":{"north":{"uv":[4,7,5.5,6],"texture":"#0"},"east":{"uv":[4,7,5.5,6],"texture":"#0"},"south":{"uv":[4,7,5.5,6],"texture":"#0"},"west":{"uv":[4,7,5.5,6],"texture":"#0"},"up":{"uv":[7.5,3.5,6,2],"texture":"#0"},"down":{"uv":[7.5,3.5,6,5],"texture":"#0"}}},{"from":[0,12,8],"to":[16,14,8],"faces":{"north":{"uv":[0,0,8,1],"texture":"#0"},"east":{"uv":[0,0,0,1],"texture":"#0"},"south":{"uv":[0,0,8,1],"texture":"#0"},"west":{"uv":[0,0,0,1],"texture":"#0"},"up":{"uv":[8,0,0,0],"texture":"#0"},"down":{"uv":[8,0,0,0],"texture":"#0"}}}],"display":{"thirdperson_righthand":{"rotation":[49,36,0],"translation":[1,3,0.5],"scale":[0.5,0.5,0.5]},"thirdperson_lefthand":{"rotation":[49,36,0],"translation":[-0.75,0,2],"scale":[0.5,0.5,0.5]},"firstperson_righthand":{"rotation":[-180,65,-180],"translation":[12.25,-0.5,-14.25]},"firstperson_lefthand":{"rotation":[0,-65,0],"translation":[12.25,0,-14]},"ground":{"translation":[0,5.5,0],"scale":[0.6,0.6,0.6]},"gui":{"rotation":[30,145,1],"translation":[0,1,0],"scale":[0.8,0.8,0.8]},"head":{"translation":[0,-30.5,0],"scale":[1.6,1.6,1.6]},"fixed":{"rotation":[-90,0,0],"translation":[0,0,-16],"scale":[2,2,2]}},"groups":[{"name":"group","origin":[0,0,0],"color":0,"children":[0,1,2,3]}]}