{"textures":{"1":"modelengine:entity/carriage"},"elements":[{"from":[0.85714245,-15.246847,15.985642],"to":[15.142858,-12.389704,17.1285],"rotation":{"angle":45.0,"axis":"x","origin":[8.043497,-12.675417,16.557072]},"faces":{"east":{"uv":[7.125,5.625,7.25,5.9375],"rotation":0,"texture":"#1","tintindex":0},"south":{"uv":[5.4375,4.125,7.0,4.4375],"rotation":0,"texture":"#1","tintindex":0},"north":{"uv":[5.4375,3.75,7.0,4.0625],"rotation":0,"texture":"#1","tintindex":0},"west":{"uv":[7.1875,1.5,7.3125,1.8125],"rotation":0,"texture":"#1","tintindex":0},"up":{"uv":[7.75,6.3125,6.1875,6.1875],"rotation":0,"texture":"#1","tintindex":0},"down":{"uv":[7.875,2.3125,6.3125,2.4375],"rotation":0,"texture":"#1","tintindex":0}}},{"from":[11.5066595,-10.020306,0.85714245],"to":[16.078089,-8.877449,15.142858],"rotation":{"angle":0.0,"axis":"y","origin":[9.220945,-16.30602,8.0]},"faces":{"east":{"uv":[6.1875,0.0,7.75,0.125],"rotation":0,"texture":"#1","tintindex":0},"south":{"uv":[6.9375,6.0,7.4375,6.125],"rotation":0,"texture":"#1","tintindex":0},"north":{"uv":[6.375,6.0,6.875,6.125],"rotation":0,"texture":"#1","tintindex":0},"west":{"uv":[6.1875,0.1875,7.75,0.3125],"rotation":0,"texture":"#1","tintindex":0},"up":{"uv":[3.1875,6.0625,2.6875,4.5],"rotation":0,"texture":"#1","tintindex":0},"down":{"uv":[5.375,3.375,4.875,4.9375],"rotation":0,"texture":"#1","tintindex":0}}},{"from":[-0.07808876,-10.020306,0.85714245],"to":[4.4933405,-8.877449,15.142858],"rotation":{"angle":0.0,"axis":"y","origin":[6.7790546,-16.30602,8.0]},"faces":{"east":{"uv":[6.3125,2.5,7.875,2.625],"rotation":0,"texture":"#1","tintindex":0},"south":{"uv":[6.9375,6.5625,7.4375,6.6875],"rotation":0,"texture":"#1","tintindex":0},"north":{"uv":[6.9375,6.375,7.4375,6.5],"rotation":0,"texture":"#1","tintindex":0},"west":{"uv":[6.3125,2.6875,7.875,2.8125],"rotation":0,"texture":"#1","tintindex":0},"up":{"uv":[5.375,6.5625,4.875,5.0],"rotation":0,"texture":"#1","tintindex":0},"down":{"uv":[0.5,5.1875,0.0,6.75],"rotation":0,"texture":"#1","tintindex":0}}},{"from":[17.847416,-16.0,0.85714245],"to":[18.990273,-13.1428585,15.142858],"rotation":{"angle":-45.0,"axis":"z","origin":[18.418842,-10.857143,8.0]},"faces":{"east":{"uv":[3.25,5.375,4.8125,5.6875],"rotation":0,"texture":"#1","tintindex":0},"south":{"uv":[7.125,1.125,7.25,1.4375],"rotation":0,"texture":"#1","tintindex":0},"north":{"uv":[7.125,0.75,7.25,1.0625],"rotation":0,"texture":"#1","tintindex":0},"west":{"uv":[5.4375,3.375,7.0,3.6875],"rotation":0,"texture":"#1","tintindex":0},"up":{"uv":[5.9375,7.75,5.8125,6.1875],"rotation":0,"texture":"#1","tintindex":0},"down":{"uv":[6.125,6.1875,6.0,7.75],"rotation":0,"texture":"#1","tintindex":0}}},{"from":[16.075386,-12.87882,0.85714245],"to":[17.218243,-4.8788185,15.142858],"rotation":{"angle":0.0,"axis":"y","origin":[16.646816,-6.5931053,8.0]},"faces":{"east":{"uv":[3.25,1.625,4.8125,2.5],"rotation":0,"texture":"#1","tintindex":0},"south":{"uv":[4.75,6.625,4.875,7.5],"rotation":0,"texture":"#1","tintindex":0},"north":{"uv":[6.5625,6.375,6.6875,7.25],"rotation":0,"texture":"#1","tintindex":0},"west":{"uv":[3.25,2.5625,4.8125,3.4375],"rotation":0,"texture":"#1","tintindex":0},"up":{"uv":[1.4375,7.5625,1.3125,6.0],"rotation":0,"texture":"#1","tintindex":0},"down":{"uv":[5.75,6.1875,5.625,7.75],"rotation":0,"texture":"#1","tintindex":0}}},{"from":[-2.9902716,-16.0,0.85714245],"to":[-1.847415,-13.1428585,15.142858],"rotation":{"angle":45.0,"axis":"z","origin":[-2.4188433,-10.857143,8.0]},"faces":{"east":{"uv":[5.4375,4.5,7.0,4.8125],"rotation":0,"texture":"#1","tintindex":0},"south":{"uv":[6.9375,7.1875,7.0625,7.5],"rotation":0,"texture":"#1","tintindex":0},"north":{"uv":[7.1875,1.875,7.3125,2.1875],"rotation":0,"texture":"#1","tintindex":0},"west":{"uv":[5.4375,4.875,7.0,5.1875],"rotation":0,"texture":"#1","tintindex":0},"up":{"uv":[2.25,8.0625,2.125,6.5],"rotation":0,"texture":"#1","tintindex":0},"down":{"uv":[2.4375,6.5,2.3125,8.0625],"rotation":0,"texture":"#1","tintindex":0}}},{"from":[-1.2182436,-12.87882,0.85714245],"to":[-0.07538605,-4.8788185,15.142858],"rotation":{"angle":0.0,"axis":"y","origin":[-0.6468153,-6.5931053,8.0]},"faces":{"east":{"uv":[1.625,3.5625,3.1875,4.4375],"rotation":0,"texture":"#1","tintindex":0},"south":{"uv":[3.4375,6.6875,3.5625,7.5625],"rotation":0,"texture":"#1","tintindex":0},"north":{"uv":[3.25,6.6875,3.375,7.5625],"rotation":0,"texture":"#1","tintindex":0},"west":{"uv":[3.25,4.4375,4.8125,5.3125],"rotation":0,"texture":"#1","tintindex":0},"up":{"uv":[6.3125,7.9375,6.1875,6.375],"rotation":0,"texture":"#1","tintindex":0},"down":{"uv":[6.5,6.375,6.375,7.9375],"rotation":0,"texture":"#1","tintindex":0}}},{"from":[0.8142853,-12.877457,16.0],"to":[15.185715,-4.8774567,17.142857],"rotation":{"angle":0.0,"axis":"y","origin":[0.32921124,-6.591732,10.020306]},"faces":{"east":{"uv":[4.9375,6.625,5.0625,7.5],"rotation":0,"texture":"#1","tintindex":0},"south":{"uv":[3.5625,0.0,5.125,0.875],"rotation":0,"texture":"#1","tintindex":0},"north":{"uv":[3.25,3.5,4.8125,4.375],"rotation":0,"texture":"#1","tintindex":0},"west":{"uv":[5.125,6.625,5.25,7.5],"rotation":0,"texture":"#1","tintindex":0},"up":{"uv":[7.75,0.5,6.1875,0.375],"rotation":0,"texture":"#1","tintindex":0},"down":{"uv":[7.75,0.5625,6.1875,0.6875],"rotation":0,"texture":"#1","tintindex":0}}},{"from":[12.314926,-15.246847,-1.1285],"to":[15.186355,-12.389704,0.014357567],"rotation":{"angle":-45.0,"axis":"x","origin":[8.043497,-12.675417,-0.55707073]},"faces":{"east":{"uv":[2.875,7.25,3.0,7.5625],"rotation":0,"texture":"#1","tintindex":0},"south":{"uv":[6.75,5.625,7.0625,5.9375],"rotation":0,"texture":"#1","tintindex":0},"north":{"uv":[6.375,5.625,6.6875,5.9375],"rotation":0,"texture":"#1","tintindex":0},"west":{"uv":[7.3125,0.75,7.4375,1.0625],"rotation":0,"texture":"#1","tintindex":0},"up":{"uv":[7.625,1.25,7.3125,1.125],"rotation":0,"texture":"#1","tintindex":0},"down":{"uv":[7.625,1.3125,7.3125,1.4375],"rotation":0,"texture":"#1","tintindex":0}}},{"from":[12.329212,-12.877449,-1.1631622],"to":[15.186355,-4.877447,-0.020305634],"rotation":{"angle":0.0,"axis":"y","origin":[0.32921124,-6.591732,5.979695]},"faces":{"east":{"uv":[3.625,6.6875,3.75,7.5625],"rotation":0,"texture":"#1","tintindex":0},"south":{"uv":[5.625,5.25,5.9375,6.125],"rotation":0,"texture":"#1","tintindex":0},"north":{"uv":[2.125,5.5625,2.4375,6.4375],"rotation":0,"texture":"#1","tintindex":0},"west":{"uv":[3.8125,6.6875,3.9375,7.5625],"rotation":0,"texture":"#1","tintindex":0},"up":{"uv":[7.4375,7.3125,7.125,7.1875],"rotation":0,"texture":"#1","tintindex":0},"down":{"uv":[2.8125,7.25,2.5,7.375],"rotation":0,"texture":"#1","tintindex":0}}},{"from":[3.6720686,-6.0203037,-1.1631622],"to":[12.329212,-4.877447,-0.020305634],"rotation":{"angle":0.0,"axis":"y","origin":[-2.5279312,-8.877449,5.979695]},"faces":{"east":{"uv":[7.5,0.75,7.625,0.875],"rotation":0,"texture":"#1","tintindex":0},"south":{"uv":[6.3125,3.0625,7.25,3.1875],"rotation":0,"texture":"#1","tintindex":0},"north":{"uv":[6.3125,2.875,7.25,3.0],"rotation":0,"texture":"#1","tintindex":0},"west":{"uv":[0.9375,7.5,1.0625,7.625],"rotation":0,"texture":"#1","tintindex":0},"up":{"uv":[7.3125,5.375,6.375,5.25],"rotation":0,"texture":"#1","tintindex":0},"down":{"uv":[7.3125,5.4375,6.375,5.5625],"rotation":0,"texture":"#1","tintindex":0}}},{"from":[3.6720686,-12.877449,-0.59173393],"to":[12.329212,-6.0203037,-0.59173393],"rotation":{"angle":0.0,"axis":"y","origin":[-2.5279312,-7.7345905,5.979695]},"faces":{"east":{"uv":[4.75,5.75,4.75,6.5],"rotation":0,"texture":"#1","tintindex":0},"south":{"uv":[0.5625,5.1875,1.5,5.9375],"rotation":0,"texture":"#1","tintindex":0},"north":{"uv":[5.1875,0.0,6.125,0.75],"rotation":0,"texture":"#1","tintindex":0},"west":{"uv":[4.8125,5.75,4.8125,6.5],"rotation":0,"texture":"#1","tintindex":0},"up":{"uv":[6.4375,1.5625,5.5,1.5625],"rotation":0,"texture":"#1","tintindex":0},"down":{"uv":[8.125,2.25,7.1875,2.25],"rotation":0,"texture":"#1","tintindex":0}}},{"from":[0.81364536,-15.246847,-1.1285],"to":[3.6850739,-12.389704,0.014357567],"rotation":{"angle":-45.0,"axis":"x","origin":[7.9565024,-12.675417,-0.55707073]},"faces":{"east":{"uv":[7.125,7.375,7.25,7.6875],"rotation":0,"texture":"#1","tintindex":0},"south":{"uv":[6.8125,1.9375,7.125,2.25],"rotation":0,"texture":"#1","tintindex":0},"north":{"uv":[6.8125,1.5625,7.125,1.875],"rotation":0,"texture":"#1","tintindex":0},"west":{"uv":[7.3125,7.375,7.4375,7.6875],"rotation":0,"texture":"#1","tintindex":0},"up":{"uv":[7.6875,5.5625,7.375,5.4375],"rotation":0,"texture":"#1","tintindex":0},"down":{"uv":[2.8125,7.4375,2.5,7.5625],"rotation":0,"texture":"#1","tintindex":0}}},{"from":[0.81364536,-12.877449,-1.1631622],"to":[3.6707883,-4.877447,-0.020305634],"rotation":{"angle":0.0,"axis":"y","origin":[15.670789,-6.591732,5.979695]},"faces":{"east":{"uv":[0.5625,6.9375,0.6875,7.8125],"rotation":0,"texture":"#1","tintindex":0},"south":{"uv":[2.875,6.125,3.1875,7.0],"rotation":0,"texture":"#1","tintindex":0},"north":{"uv":[2.5,6.125,2.8125,7.0],"rotation":0,"texture":"#1","tintindex":0},"west":{"uv":[0.75,6.9375,0.875,7.8125],"rotation":0,"texture":"#1","tintindex":0},"up":{"uv":[7.6875,2.1875,7.375,2.0625],"rotation":0,"texture":"#1","tintindex":0},"down":{"uv":[7.6875,5.25,7.375,5.375],"rotation":0,"texture":"#1","tintindex":0}}},{"from":[14.375459,-12.87882,-0.32037735],"to":[17.232601,-4.8931046,0.82247925],"rotation":{"angle":-45.0,"axis":"y","origin":[15.804029,-7.735962,0.25105095]},"faces":{"east":{"uv":[4.0,6.6875,4.125,7.5625],"rotation":0,"texture":"#1","tintindex":0},"south":{"uv":[3.625,5.75,3.9375,6.625],"rotation":0,"texture":"#1","tintindex":0},"north":{"uv":[3.25,5.75,3.5625,6.625],"rotation":0,"texture":"#1","tintindex":0},"west":{"uv":[4.1875,6.6875,4.3125,7.5625],"rotation":0,"texture":"#1","tintindex":0},"up":{"uv":[7.625,3.0,7.3125,2.875],"rotation":0,"texture":"#1","tintindex":0},"down":{"uv":[7.625,3.0625,7.3125,3.1875],"rotation":0,"texture":"#1","tintindex":0}}},{"from":[-1.2326012,-12.87882,-0.32037735],"to":[1.6245413,-4.8931046,0.82247925],"rotation":{"angle":45.0,"axis":"y","origin":[0.19597006,-7.735962,0.25105095]},"faces":{"east":{"uv":[4.375,6.6875,4.5,7.5625],"rotation":0,"texture":"#1","tintindex":0},"south":{"uv":[4.375,5.75,4.6875,6.625],"rotation":0,"texture":"#1","tintindex":0},"north":{"uv":[4.0,5.75,4.3125,6.625],"rotation":0,"texture":"#1","tintindex":0},"west":{"uv":[4.5625,6.6875,4.6875,7.5625],"rotation":0,"texture":"#1","tintindex":0},"up":{"uv":[7.625,5.75,7.3125,5.625],"rotation":0,"texture":"#1","tintindex":0},"down":{"uv":[7.625,5.8125,7.3125,5.9375],"rotation":0,"texture":"#1","tintindex":0}}},{"from":[-1.2326012,-12.87882,15.177521],"to":[1.6245413,-4.8931046,16.320377],"rotation":{"angle":-45.0,"axis":"y","origin":[0.19597006,-7.735962,15.748949]},"faces":{"east":{"uv":[0.1875,6.8125,0.3125,7.6875],"rotation":0,"texture":"#1","tintindex":0},"south":{"uv":[6.0,5.25,6.3125,6.125],"rotation":0,"texture":"#1","tintindex":0},"north":{"uv":[0.9375,6.0,1.25,6.875],"rotation":0,"texture":"#1","tintindex":0},"west":{"uv":[0.375,6.8125,0.5,7.6875],"rotation":0,"texture":"#1","tintindex":0},"up":{"uv":[7.6875,1.8125,7.375,1.6875],"rotation":0,"texture":"#1","tintindex":0},"down":{"uv":[7.6875,1.875,7.375,2.0],"rotation":0,"texture":"#1","tintindex":0}}},{"from":[14.375459,-12.87882,15.177521],"to":[17.232601,-4.8931046,16.320377],"rotation":{"angle":45.0,"axis":"y","origin":[15.804029,-7.735962,15.748949]},"faces":{"east":{"uv":[6.75,6.375,6.875,7.25],"rotation":0,"texture":"#1","tintindex":0},"south":{"uv":[0.5625,6.0,0.875,6.875],"rotation":0,"texture":"#1","tintindex":0},"north":{"uv":[5.9375,2.3125,6.25,3.1875],"rotation":0,"texture":"#1","tintindex":0},"west":{"uv":[0.0,6.8125,0.125,7.6875],"rotation":0,"texture":"#1","tintindex":0},"up":{"uv":[6.875,7.4375,6.5625,7.3125],"rotation":0,"texture":"#1","tintindex":0},"down":{"uv":[7.6875,1.5,7.375,1.625],"rotation":0,"texture":"#1","tintindex":0}}},{"from":[0.85714245,-14.897753,0.85714245],"to":[15.142858,-13.754896,15.142858],"rotation":{"angle":0.0,"axis":"y","origin":[7.757783,-14.897753,8.0]},"faces":{"east":{"uv":[5.5,1.0,7.0625,1.125],"rotation":0,"texture":"#1","tintindex":0},"south":{"uv":[5.5,1.1875,7.0625,1.3125],"rotation":0,"texture":"#1","tintindex":0},"north":{"uv":[5.5,0.8125,7.0625,0.9375],"rotation":0,"texture":"#1","tintindex":0},"west":{"uv":[5.5,1.375,7.0625,1.5],"rotation":0,"texture":"#1","tintindex":0},"up":{"uv":[1.5625,1.5625,0.0,0.0],"rotation":0,"texture":"#1","tintindex":0},"down":{"uv":[1.5625,1.625,0.0,3.1875],"rotation":0,"texture":"#1","tintindex":0}}},{"from":[7.428571,-13.754896,7.428571],"to":[8.571428,11.387962,8.571428],"rotation":{"angle":0.0,"axis":"y","origin":[7.472069,4.530819,8.0]},"faces":{"east":{"uv":[1.5625,5.5625,1.6875,8.3125],"rotation":0,"texture":"#1","tintindex":0},"south":{"uv":[1.75,5.5625,1.875,8.3125],"rotation":0,"texture":"#1","tintindex":0},"north":{"uv":[5.4375,5.25,5.5625,8.0],"rotation":0,"texture":"#1","tintindex":0},"west":{"uv":[1.9375,5.5625,2.0625,8.3125],"rotation":0,"texture":"#1","tintindex":0},"up":{"uv":[7.625,1.0625,7.5,0.9375],"rotation":0,"texture":"#1","tintindex":0},"down":{"uv":[1.25,7.5,1.125,7.625],"rotation":0,"texture":"#1","tintindex":0}}},{"from":[3.4285712,7.959391,3.4285712],"to":[12.571428,8.53082,12.571428],"rotation":{"angle":0.0,"axis":"y","origin":[7.472069,5.1022477,8.0]},"faces":{"east":{"uv":[6.9375,6.75,7.9375,6.8125],"rotation":0,"texture":"#1","tintindex":0},"south":{"uv":[6.9375,6.875,7.9375,6.9375],"rotation":0,"texture":"#1","tintindex":0},"north":{"uv":[5.9375,3.25,6.9375,3.3125],"rotation":0,"texture":"#1","tintindex":0},"west":{"uv":[7.0,3.25,8.0,3.3125],"rotation":0,"texture":"#1","tintindex":0},"up":{"uv":[2.625,5.5,1.625,4.5],"rotation":0,"texture":"#1","tintindex":0},"down":{"uv":[5.875,2.3125,4.875,3.3125],"rotation":0,"texture":"#1","tintindex":0}}},{"from":[-0.57142925,4.8101826,-1.8871965],"to":[16.57143,4.8101826,4.9699464],"rotation":{"angle":-45.0,"axis":"x","origin":[8.043497,4.5244684,0.39851713]},"faces":{"east":{"uv":[6.1875,0.75,6.9375,0.75],"rotation":0,"texture":"#1","tintindex":0},"south":{"uv":[2.5,7.625,4.375,7.625],"rotation":0,"texture":"#1","tintindex":0},"north":{"uv":[7.5,7.5625,9.375,7.5625],"rotation":0,"texture":"#1","tintindex":0},"west":{"uv":[7.625,3.375,8.375,3.375],"rotation":0,"texture":"#1","tintindex":0},"up":{"uv":[3.5,0.75,1.625,0.0],"rotation":0,"texture":"#1","tintindex":0},"down":{"uv":[3.5,0.8125,1.625,1.5625],"rotation":0,"texture":"#1","tintindex":0}}},{"from":[-0.57142925,4.8101826,11.030054],"to":[16.57143,4.8101826,17.887196],"rotation":{"angle":45.0,"axis":"x","origin":[8.043497,4.5244684,15.601482]},"faces":{"east":{"uv":[6.9375,0.75,6.1875,0.75],"rotation":0,"texture":"#1","tintindex":0},"south":{"uv":[9.375,7.5625,7.5,7.5625],"rotation":0,"texture":"#1","tintindex":0},"north":{"uv":[4.375,7.625,2.5,7.625],"rotation":0,"texture":"#1","tintindex":0},"west":{"uv":[8.375,3.375,7.625,3.375],"rotation":0,"texture":"#1","tintindex":0},"up":{"uv":[3.5,0.0,1.625,0.75],"rotation":0,"texture":"#1","tintindex":0},"down":{"uv":[3.5,1.5625,1.625,0.8125],"rotation":0,"texture":"#1","tintindex":0}}},{"from":[9.647615,1.5776949,-0.57142925],"to":[16.504759,1.5776949,16.57143],"rotation":{"angle":-45.0,"axis":"z","origin":[18.790474,1.2919807,8.0]},"faces":{"east":{"uv":[7.625,3.75,9.5,3.75],"rotation":0,"texture":"#1","tintindex":0},"south":{"uv":[7.625,3.8125,8.375,3.8125],"rotation":0,"texture":"#1","tintindex":0},"north":{"uv":[7.625,3.6875,8.375,3.6875],"rotation":0,"texture":"#1","tintindex":0},"west":{"uv":[7.625,3.875,9.5,3.875],"rotation":0,"texture":"#1","tintindex":0},"up":{"uv":[0.75,5.125,0.0,3.25],"rotation":0,"texture":"#1","tintindex":0},"down":{"uv":[1.5625,3.25,0.8125,5.125],"rotation":0,"texture":"#1","tintindex":0}}},{"from":[-0.50475883,1.5776949,-0.57142925],"to":[6.352384,1.5776949,16.57143],"rotation":{"angle":45.0,"axis":"z","origin":[-2.790473,1.2919807,8.0]},"faces":{"east":{"uv":[9.5,3.875,7.625,3.875],"rotation":0,"texture":"#1","tintindex":0},"south":{"uv":[8.375,3.8125,7.625,3.8125],"rotation":0,"texture":"#1","tintindex":0},"north":{"uv":[8.375,3.6875,7.625,3.6875],"rotation":0,"texture":"#1","tintindex":0},"west":{"uv":[9.5,3.75,7.625,3.75],"rotation":0,"texture":"#1","tintindex":0},"up":{"uv":[0.0,5.125,0.75,3.25],"rotation":0,"texture":"#1","tintindex":0},"down":{"uv":[0.8125,3.25,1.5625,5.125],"rotation":0,"texture":"#1","tintindex":0}}}],"display":{"head":{"translation":[0.0,-20.677145,0.0],"scale":[4.0,4.0,4.0]}}}