{"textures":{"0":"modelengine:entity/ferris_wheel"},"elements":[{"from":[16.490643,17.437496,0.7999997],"to":[18.090643,19.037495,15.200001],"rotation":{"angle":0.0,"axis":"y","origin":[8.329478,9.382124,8.0]},"faces":{"east":{"uv":[2.71875,0.6875,3.28125,0.75],"rotation":0,"texture":"#0","tintindex":0},"south":{"uv":[2.109375,4.828125,2.171875,4.890625],"rotation":0,"texture":"#0","tintindex":0},"north":{"uv":[0.6875,3.4375,0.75,3.5],"rotation":0,"texture":"#0","tintindex":0},"west":{"uv":[3.8125,6.375,4.375,6.4375],"rotation":0,"texture":"#0","tintindex":0},"up":{"uv":[0.75,3.421875,0.6875,2.859375],"rotation":0,"texture":"#0","tintindex":0},"down":{"uv":[2.171875,3.671875,2.109375,4.234375],"rotation":0,"texture":"#0","tintindex":0}}},{"from":[6.6386,-16.0,-2.4000006],"to":[9.0386,20.400002,0.0],"rotation":{"angle":-45.0,"axis":"z","origin":[8.329478,9.382124,8.0]},"faces":{"east":{"uv":[4.6875,4.875,4.78125,6.296875],"rotation":0,"texture":"#0","tintindex":0},"south":{"uv":[4.796875,4.875,4.890625,6.296875],"rotation":0,"texture":"#0","tintindex":0},"north":{"uv":[3.671875,4.390625,3.765625,5.8125],"rotation":0,"texture":"#0","tintindex":0},"west":{"uv":[4.90625,4.875,5.0,6.296875],"rotation":0,"texture":"#0","tintindex":0},"up":{"uv":[0.78125,3.65625,0.6875,3.5625],"rotation":0,"texture":"#0","tintindex":0},"down":{"uv":[4.484375,6.375,4.390625,6.46875],"rotation":0,"texture":"#0","tintindex":0}}},{"from":[6.6386,-16.0,16.0],"to":[9.0386,20.400002,18.400002],"rotation":{"angle":-45.0,"axis":"z","origin":[8.329478,9.382124,8.0]},"faces":{"east":{"uv":[4.78125,4.875,4.6875,6.296875],"rotation":0,"texture":"#0","tintindex":0},"south":{"uv":[3.765625,4.390625,3.671875,5.8125],"rotation":0,"texture":"#0","tintindex":0},"north":{"uv":[4.890625,4.875,4.796875,6.296875],"rotation":0,"texture":"#0","tintindex":0},"west":{"uv":[5.0,4.875,4.90625,6.296875],"rotation":0,"texture":"#0","tintindex":0},"up":{"uv":[0.78125,3.5625,0.6875,3.65625],"rotation":0,"texture":"#0","tintindex":0},"down":{"uv":[4.484375,6.46875,4.390625,6.375],"rotation":0,"texture":"#0","tintindex":0}}},{"from":[-2.1012554,19.791527,-3.1900005],"to":[18.698746,23.791527,0.78999996],"rotation":{"angle":-45.0,"axis":"z","origin":[8.329478,9.382124,8.0]},"faces":{"east":{"uv":[7.953125,8.921875,8.109375,9.078125],"rotation":0,"texture":"#0","tintindex":0},"south":{"uv":[6.53125,0.6875,7.34375,0.84375],"rotation":0,"texture":"#0","tintindex":0},"north":{"uv":[6.1875,6.515625,7.0,6.671875],"rotation":0,"texture":"#0","tintindex":0},"west":{"uv":[8.53125,8.921875,8.6875,9.078125],"rotation":0,"texture":"#0","tintindex":0},"up":{"uv":[7.34375,1.015625,6.53125,0.859375],"rotation":0,"texture":"#0","tintindex":0},"down":{"uv":[7.34375,1.03125,6.53125,1.1875],"rotation":0,"texture":"#0","tintindex":0}}},{"from":[-2.1012554,19.791527,15.21],"to":[18.698746,23.791527,19.19],"rotation":{"angle":-45.0,"axis":"z","origin":[8.329478,9.382124,8.0]},"faces":{"east":{"uv":[8.109375,8.921875,7.953125,9.078125],"rotation":0,"texture":"#0","tintindex":0},"south":{"uv":[7.0,6.515625,6.1875,6.671875],"rotation":0,"texture":"#0","tintindex":0},"north":{"uv":[7.34375,0.6875,6.53125,0.84375],"rotation":0,"texture":"#0","tintindex":0},"west":{"uv":[8.6875,8.921875,8.53125,9.078125],"rotation":0,"texture":"#0","tintindex":0},"up":{"uv":[7.34375,0.859375,6.53125,1.015625],"rotation":0,"texture":"#0","tintindex":0},"down":{"uv":[7.34375,1.1875,6.53125,1.03125],"rotation":0,"texture":"#0","tintindex":0}}},{"from":[3.0546703,-4.21607,-2.1999998],"to":[13.45467,-2.2160702,-0.19999981],"rotation":{"angle":-45.0,"axis":"z","origin":[8.329478,9.382124,8.0]},"faces":{"east":{"uv":[9.328125,1.390625,9.40625,1.46875],"rotation":0,"texture":"#0","tintindex":0},"south":{"uv":[8.5,2.734375,8.90625,2.8125],"rotation":0,"texture":"#0","tintindex":0},"north":{"uv":[8.5,2.640625,8.90625,2.71875],"rotation":0,"texture":"#0","tintindex":0},"west":{"uv":[9.328125,1.484375,9.40625,1.5625],"rotation":0,"texture":"#0","tintindex":0},"up":{"uv":[8.90625,2.90625,8.5,2.828125],"rotation":0,"texture":"#0","tintindex":0},"down":{"uv":[8.90625,2.921875,8.5,3.0],"rotation":0,"texture":"#0","tintindex":0}}},{"from":[3.0546703,-4.21607,16.2],"to":[13.45467,-2.2160702,18.2],"rotation":{"angle":-45.0,"axis":"z","origin":[8.329478,9.382124,8.0]},"faces":{"east":{"uv":[9.40625,1.390625,9.328125,1.46875],"rotation":0,"texture":"#0","tintindex":0},"south":{"uv":[8.90625,2.640625,8.5,2.71875],"rotation":0,"texture":"#0","tintindex":0},"north":{"uv":[8.90625,2.734375,8.5,2.8125],"rotation":0,"texture":"#0","tintindex":0},"west":{"uv":[9.40625,1.484375,9.328125,1.5625],"rotation":0,"texture":"#0","tintindex":0},"up":{"uv":[8.90625,2.828125,8.5,2.90625],"rotation":0,"texture":"#0","tintindex":0},"down":{"uv":[8.90625,3.0,8.5,2.921875],"rotation":0,"texture":"#0","tintindex":0}}}],"display":{"head":{"translation":[0.0,-11.51409,0.0],"scale":[4.0,4.0,4.0]}}}