{"textures":{"0":"modelengine:entity/ferris_wheel"},"elements":[{"from":[-7.0,7.355365,0.7999997],"to":[-5.3999996,8.955365,15.200001],"rotation":{"angle":0.0,"axis":"y","origin":[2.2000008,-91.844635,8.0]},"faces":{"east":{"uv":[2.71875,0.6875,3.28125,0.75],"rotation":0,"texture":"#0","tintindex":0},"south":{"uv":[2.109375,4.828125,2.171875,4.890625],"rotation":0,"texture":"#0","tintindex":0},"north":{"uv":[0.6875,3.4375,0.75,3.5],"rotation":0,"texture":"#0","tintindex":0},"west":{"uv":[3.8125,6.375,4.375,6.4375],"rotation":0,"texture":"#0","tintindex":0},"up":{"uv":[0.75,3.421875,0.6875,2.859375],"rotation":0,"texture":"#0","tintindex":0},"down":{"uv":[2.171875,3.671875,2.109375,4.234375],"rotation":0,"texture":"#0","tintindex":0}}},{"from":[-8.200001,-2.4446354,-3.21],"to":[-4.2,18.355366,0.80999994],"rotation":{"angle":22.5,"axis":"z","origin":[43.800003,7.955365,-1.1999998]},"faces":{"east":{"uv":[3.15625,6.5625,3.3125,7.375],"rotation":0,"texture":"#0","tintindex":0},"south":{"uv":[3.328125,6.5625,3.484375,7.375],"rotation":0,"texture":"#0","tintindex":0},"north":{"uv":[2.984375,6.5625,3.140625,7.375],"rotation":0,"texture":"#0","tintindex":0},"west":{"uv":[3.5,6.5625,3.65625,7.375],"rotation":0,"texture":"#0","tintindex":0},"up":{"uv":[5.953125,9.09375,5.796875,8.9375],"rotation":0,"texture":"#0","tintindex":0},"down":{"uv":[6.125,8.9375,5.96875,9.09375],"rotation":0,"texture":"#0","tintindex":0}}},{"from":[-8.200001,-2.4446354,-3.1800003],"to":[-4.2,18.355366,0.7800002],"rotation":{"angle":0.0,"axis":"y","origin":[43.800003,7.955365,-1.1999998]},"faces":{"east":{"uv":[3.15625,6.5625,3.3125,7.375],"rotation":0,"texture":"#0","tintindex":0},"south":{"uv":[3.328125,6.5625,3.484375,7.375],"rotation":0,"texture":"#0","tintindex":0},"north":{"uv":[2.984375,6.5625,3.140625,7.375],"rotation":0,"texture":"#0","tintindex":0},"west":{"uv":[3.5,6.5625,3.65625,7.375],"rotation":0,"texture":"#0","tintindex":0},"up":{"uv":[5.953125,9.09375,5.796875,8.9375],"rotation":0,"texture":"#0","tintindex":0},"down":{"uv":[6.125,8.9375,5.96875,9.09375],"rotation":0,"texture":"#0","tintindex":0}}},{"from":[-8.200001,-2.4446354,-3.1900005],"to":[-4.2,18.355366,0.78999996],"rotation":{"angle":-22.5,"axis":"z","origin":[43.800003,7.955365,-1.1999998]},"faces":{"east":{"uv":[3.15625,6.5625,3.3125,7.375],"rotation":0,"texture":"#0","tintindex":0},"south":{"uv":[3.328125,6.5625,3.484375,7.375],"rotation":0,"texture":"#0","tintindex":0},"north":{"uv":[2.984375,6.5625,3.140625,7.375],"rotation":0,"texture":"#0","tintindex":0},"west":{"uv":[3.5,6.5625,3.65625,7.375],"rotation":0,"texture":"#0","tintindex":0},"up":{"uv":[5.953125,9.09375,5.796875,8.9375],"rotation":0,"texture":"#0","tintindex":0},"down":{"uv":[6.125,8.9375,5.96875,9.09375],"rotation":0,"texture":"#0","tintindex":0}}},{"from":[-8.200001,-2.4446354,15.21],"to":[-4.2,18.355366,19.19],"rotation":{"angle":-22.5,"axis":"z","origin":[43.800003,7.955365,17.2]},"faces":{"east":{"uv":[3.3125,6.5625,3.15625,7.375],"rotation":0,"texture":"#0","tintindex":0},"south":{"uv":[3.140625,6.5625,2.984375,7.375],"rotation":0,"texture":"#0","tintindex":0},"north":{"uv":[3.484375,6.5625,3.328125,7.375],"rotation":0,"texture":"#0","tintindex":0},"west":{"uv":[3.65625,6.5625,3.5,7.375],"rotation":0,"texture":"#0","tintindex":0},"up":{"uv":[5.953125,8.9375,5.796875,9.09375],"rotation":0,"texture":"#0","tintindex":0},"down":{"uv":[6.125,9.09375,5.96875,8.9375],"rotation":0,"texture":"#0","tintindex":0}}},{"from":[-8.200001,-2.4446354,15.219999],"to":[-4.2,18.355366,19.18],"rotation":{"angle":0.0,"axis":"y","origin":[43.800003,7.955365,17.2]},"faces":{"east":{"uv":[3.3125,6.5625,3.15625,7.375],"rotation":0,"texture":"#0","tintindex":0},"south":{"uv":[3.140625,6.5625,2.984375,7.375],"rotation":0,"texture":"#0","tintindex":0},"north":{"uv":[3.484375,6.5625,3.328125,7.375],"rotation":0,"texture":"#0","tintindex":0},"west":{"uv":[3.65625,6.5625,3.5,7.375],"rotation":0,"texture":"#0","tintindex":0},"up":{"uv":[5.953125,8.9375,5.796875,9.09375],"rotation":0,"texture":"#0","tintindex":0},"down":{"uv":[6.125,9.09375,5.96875,8.9375],"rotation":0,"texture":"#0","tintindex":0}}},{"from":[-8.200001,-2.4446354,15.190001],"to":[-4.2,18.355366,19.21],"rotation":{"angle":22.5,"axis":"z","origin":[43.800003,7.955365,17.2]},"faces":{"east":{"uv":[3.3125,6.5625,3.15625,7.375],"rotation":0,"texture":"#0","tintindex":0},"south":{"uv":[3.140625,6.5625,2.984375,7.375],"rotation":0,"texture":"#0","tintindex":0},"north":{"uv":[3.484375,6.5625,3.328125,7.375],"rotation":0,"texture":"#0","tintindex":0},"west":{"uv":[3.65625,6.5625,3.5,7.375],"rotation":0,"texture":"#0","tintindex":0},"up":{"uv":[5.953125,8.9375,5.796875,9.09375],"rotation":0,"texture":"#0","tintindex":0},"down":{"uv":[6.125,9.09375,5.96875,8.9375],"rotation":0,"texture":"#0","tintindex":0}}},{"from":[-4.3999996,6.955365,-2.4000006],"to":[32.0,9.355365,0.0],"rotation":{"angle":0.0,"axis":"y","origin":[43.800003,8.355365,-1.6000004]},"faces":{"east":{"uv":[2.765625,7.515625,2.859375,7.609375],"rotation":0,"texture":"#0","tintindex":0},"south":{"uv":[5.09375,0.765625,6.515625,0.859375],"rotation":0,"texture":"#0","tintindex":0},"north":{"uv":[5.015625,4.984375,6.4375,5.078125],"rotation":0,"texture":"#0","tintindex":0},"west":{"uv":[7.53125,1.90625,7.625,2.0],"rotation":0,"texture":"#0","tintindex":0},"up":{"uv":[6.515625,0.96875,5.09375,0.875],"rotation":0,"texture":"#0","tintindex":0},"down":{"uv":[6.515625,0.984375,5.09375,1.078125],"rotation":0,"texture":"#0","tintindex":0}}},{"from":[-4.3999996,6.955365,16.0],"to":[32.0,9.355365,18.400002],"rotation":{"angle":0.0,"axis":"y","origin":[43.800003,8.355365,17.6]},"faces":{"east":{"uv":[2.859375,7.515625,2.765625,7.609375],"rotation":0,"texture":"#0","tintindex":0},"south":{"uv":[6.4375,4.984375,5.015625,5.078125],"rotation":0,"texture":"#0","tintindex":0},"north":{"uv":[6.515625,0.765625,5.09375,0.859375],"rotation":0,"texture":"#0","tintindex":0},"west":{"uv":[7.625,1.90625,7.53125,2.0],"rotation":0,"texture":"#0","tintindex":0},"up":{"uv":[6.515625,0.875,5.09375,0.96875],"rotation":0,"texture":"#0","tintindex":0},"down":{"uv":[6.515625,1.078125,5.09375,0.984375],"rotation":0,"texture":"#0","tintindex":0}}},{"from":[17.8,2.7669525,-2.1949997],"to":[19.8,13.166952,-0.20500088],"rotation":{"angle":22.5,"axis":"z","origin":[43.800003,7.9669523,-1.1999998]},"faces":{"east":{"uv":[3.3125,8.34375,3.390625,8.75],"rotation":0,"texture":"#0","tintindex":0},"south":{"uv":[4.296875,8.359375,4.375,8.765625],"rotation":0,"texture":"#0","tintindex":0},"north":{"uv":[3.5625,5.296875,3.640625,5.703125],"rotation":0,"texture":"#0","tintindex":0},"west":{"uv":[0.0,8.375,0.078125,8.78125],"rotation":0,"texture":"#0","tintindex":0},"up":{"uv":[0.71875,8.953125,0.640625,8.875],"rotation":0,"texture":"#0","tintindex":0},"down":{"uv":[9.046875,5.390625,8.96875,5.46875],"rotation":0,"texture":"#0","tintindex":0}}},{"from":[17.8,2.7669525,-2.1999998],"to":[19.8,13.166952,-0.19999981],"rotation":{"angle":0.0,"axis":"y","origin":[43.800003,7.9669523,-1.1999998]},"faces":{"east":{"uv":[5.171875,8.421875,5.25,8.828125],"rotation":0,"texture":"#0","tintindex":0},"south":{"uv":[5.265625,8.421875,5.34375,8.828125],"rotation":0,"texture":"#0","tintindex":0},"north":{"uv":[6.6875,8.40625,6.765625,8.8125],"rotation":0,"texture":"#0","tintindex":0},"west":{"uv":[8.453125,0.65625,8.53125,1.0625],"rotation":0,"texture":"#0","tintindex":0},"up":{"uv":[9.046875,5.796875,8.96875,5.71875],"rotation":0,"texture":"#0","tintindex":0},"down":{"uv":[9.109375,7.6875,9.03125,7.765625],"rotation":0,"texture":"#0","tintindex":0}}},{"from":[17.8,2.7669525,-2.1949997],"to":[19.8,13.166952,-0.20500088],"rotation":{"angle":-22.5,"axis":"z","origin":[43.800003,7.9669523,-1.1999998]},"faces":{"east":{"uv":[1.0,8.46875,1.078125,8.875],"rotation":0,"texture":"#0","tintindex":0},"south":{"uv":[1.953125,8.46875,2.03125,8.875],"rotation":0,"texture":"#0","tintindex":0},"north":{"uv":[8.4375,8.453125,8.515625,8.859375],"rotation":0,"texture":"#0","tintindex":0},"west":{"uv":[2.046875,8.46875,2.125,8.875],"rotation":0,"texture":"#0","tintindex":0},"up":{"uv":[9.3125,1.46875,9.234375,1.390625],"rotation":0,"texture":"#0","tintindex":0},"down":{"uv":[9.3125,1.484375,9.234375,1.5625],"rotation":0,"texture":"#0","tintindex":0}}},{"from":[17.8,2.7669525,16.205002],"to":[19.8,13.166952,18.195],"rotation":{"angle":22.5,"axis":"z","origin":[43.800003,7.9669523,17.2]},"faces":{"east":{"uv":[3.390625,8.34375,3.3125,8.75],"rotation":0,"texture":"#0","tintindex":0},"south":{"uv":[3.640625,5.296875,3.5625,5.703125],"rotation":0,"texture":"#0","tintindex":0},"north":{"uv":[4.375,8.359375,4.296875,8.765625],"rotation":0,"texture":"#0","tintindex":0},"west":{"uv":[0.078125,8.375,0.0,8.78125],"rotation":0,"texture":"#0","tintindex":0},"up":{"uv":[0.71875,8.875,0.640625,8.953125],"rotation":0,"texture":"#0","tintindex":0},"down":{"uv":[9.046875,5.46875,8.96875,5.390625],"rotation":0,"texture":"#0","tintindex":0}}},{"from":[17.8,2.7669525,16.205002],"to":[19.8,13.166952,18.195],"rotation":{"angle":-22.5,"axis":"z","origin":[43.800003,7.9669523,17.2]},"faces":{"east":{"uv":[1.078125,8.46875,1.0,8.875],"rotation":0,"texture":"#0","tintindex":0},"south":{"uv":[8.515625,8.453125,8.4375,8.859375],"rotation":0,"texture":"#0","tintindex":0},"north":{"uv":[2.03125,8.46875,1.953125,8.875],"rotation":0,"texture":"#0","tintindex":0},"west":{"uv":[2.125,8.46875,2.046875,8.875],"rotation":0,"texture":"#0","tintindex":0},"up":{"uv":[9.3125,1.390625,9.234375,1.46875],"rotation":0,"texture":"#0","tintindex":0},"down":{"uv":[9.3125,1.5625,9.234375,1.484375],"rotation":0,"texture":"#0","tintindex":0}}},{"from":[17.8,2.7669525,16.2],"to":[19.8,13.166952,18.2],"rotation":{"angle":0.0,"axis":"y","origin":[43.800003,7.9669523,17.2]},"faces":{"east":{"uv":[5.25,8.421875,5.171875,8.828125],"rotation":0,"texture":"#0","tintindex":0},"south":{"uv":[6.765625,8.40625,6.6875,8.8125],"rotation":0,"texture":"#0","tintindex":0},"north":{"uv":[5.34375,8.421875,5.265625,8.828125],"rotation":0,"texture":"#0","tintindex":0},"west":{"uv":[8.53125,0.65625,8.453125,1.0625],"rotation":0,"texture":"#0","tintindex":0},"up":{"uv":[9.046875,5.71875,8.96875,5.796875],"rotation":0,"texture":"#0","tintindex":0},"down":{"uv":[9.109375,7.765625,9.03125,7.6875],"rotation":0,"texture":"#0","tintindex":0}}}],"display":{"head":{"translation":[0.043693542,-6.4,0.0],"scale":[4.0,4.0,4.0]}}}