{"textures":{"0":"modelengine:entity/ferris_wheel"},"elements":[{"from":[-5.6000013,-2.1950102,0.7999997],"to":[-4.000001,-0.5950098,15.200001],"rotation":{"angle":0.0,"axis":"y","origin":[3.5999994,-101.39501,8.0]},"faces":{"east":{"uv":[2.71875,0.6875,3.28125,0.75],"rotation":0,"texture":"#0","tintindex":0},"south":{"uv":[2.109375,4.828125,2.171875,4.890625],"rotation":0,"texture":"#0","tintindex":0},"north":{"uv":[0.6875,3.4375,0.75,3.5],"rotation":0,"texture":"#0","tintindex":0},"west":{"uv":[3.8125,6.375,4.375,6.4375],"rotation":0,"texture":"#0","tintindex":0},"up":{"uv":[0.75,3.421875,0.6875,2.859375],"rotation":0,"texture":"#0","tintindex":0},"down":{"uv":[2.171875,3.671875,2.109375,4.234375],"rotation":0,"texture":"#0","tintindex":0}}},{"from":[29.6,-13.79501,-2.4000006],"to":[32.0,22.604992,0.0],"rotation":{"angle":-45.0,"axis":"z","origin":[30.8,34.804993,6.8]},"faces":{"east":{"uv":[4.6875,4.875,4.78125,6.296875],"rotation":0,"texture":"#0","tintindex":0},"south":{"uv":[4.796875,4.875,4.890625,6.296875],"rotation":0,"texture":"#0","tintindex":0},"north":{"uv":[3.671875,4.390625,3.765625,5.8125],"rotation":0,"texture":"#0","tintindex":0},"west":{"uv":[4.90625,4.875,5.0,6.296875],"rotation":0,"texture":"#0","tintindex":0},"up":{"uv":[0.78125,3.65625,0.6875,3.5625],"rotation":0,"texture":"#0","tintindex":0},"down":{"uv":[4.484375,6.375,4.390625,6.46875],"rotation":0,"texture":"#0","tintindex":0}}},{"from":[29.6,-13.79501,16.0],"to":[32.0,22.604992,18.400002],"rotation":{"angle":-45.0,"axis":"z","origin":[30.8,34.804993,9.2]},"faces":{"east":{"uv":[4.78125,4.875,4.6875,6.296875],"rotation":0,"texture":"#0","tintindex":0},"south":{"uv":[3.765625,4.390625,3.671875,5.8125],"rotation":0,"texture":"#0","tintindex":0},"north":{"uv":[4.890625,4.875,4.796875,6.296875],"rotation":0,"texture":"#0","tintindex":0},"west":{"uv":[5.0,4.875,4.90625,6.296875],"rotation":0,"texture":"#0","tintindex":0},"up":{"uv":[0.78125,3.5625,0.6875,3.65625],"rotation":0,"texture":"#0","tintindex":0},"down":{"uv":[4.484375,6.46875,4.390625,6.375],"rotation":0,"texture":"#0","tintindex":0}}},{"from":[-6.2347393,-6.7591467,-3.1900005],"to":[14.565261,-2.7591457,0.78999996],"rotation":{"angle":-45.0,"axis":"z","origin":[4.1611643,7.5719495,8.0]},"faces":{"east":{"uv":[5.625,8.890625,5.78125,9.046875],"rotation":0,"texture":"#0","tintindex":0},"south":{"uv":[6.359375,0.0,7.171875,0.15625],"rotation":0,"texture":"#0","tintindex":0},"north":{"uv":[6.265625,6.34375,7.078125,6.5],"rotation":0,"texture":"#0","tintindex":0},"west":{"uv":[8.890625,5.828125,9.046875,5.984375],"rotation":0,"texture":"#0","tintindex":0},"up":{"uv":[7.171875,0.328125,6.359375,0.171875],"rotation":0,"texture":"#0","tintindex":0},"down":{"uv":[7.171875,0.34375,6.359375,0.5],"rotation":0,"texture":"#0","tintindex":0}}},{"from":[-6.2347393,-6.7591467,15.21],"to":[14.565261,-2.7591457,19.19],"rotation":{"angle":-45.0,"axis":"z","origin":[4.1611643,7.5719495,8.0]},"faces":{"east":{"uv":[5.78125,8.890625,5.625,9.046875],"rotation":0,"texture":"#0","tintindex":0},"south":{"uv":[7.078125,6.34375,6.265625,6.5],"rotation":0,"texture":"#0","tintindex":0},"north":{"uv":[7.171875,0.0,6.359375,0.15625],"rotation":0,"texture":"#0","tintindex":0},"west":{"uv":[9.046875,5.828125,8.890625,5.984375],"rotation":0,"texture":"#0","tintindex":0},"up":{"uv":[7.171875,0.171875,6.359375,0.328125],"rotation":0,"texture":"#0","tintindex":0},"down":{"uv":[7.171875,0.5,6.359375,0.34375],"rotation":0,"texture":"#0","tintindex":0}}},{"from":[-1.0429325,19.249048,-2.1999998],"to":[9.357067,21.249048,-0.19999981],"rotation":{"angle":-45.0,"axis":"z","origin":[4.1611643,7.5719495,8.0]},"faces":{"east":{"uv":[0.0,8.796875,0.078125,8.875],"rotation":0,"texture":"#0","tintindex":0},"south":{"uv":[8.4375,8.265625,8.84375,8.34375],"rotation":0,"texture":"#0","tintindex":0},"north":{"uv":[8.4375,0.359375,8.84375,0.4375],"rotation":0,"texture":"#0","tintindex":0},"west":{"uv":[6.671875,8.828125,6.75,8.90625],"rotation":0,"texture":"#0","tintindex":0},"up":{"uv":[8.84375,8.4375,8.4375,8.359375],"rotation":0,"texture":"#0","tintindex":0},"down":{"uv":[8.859375,0.0,8.453125,0.078125],"rotation":0,"texture":"#0","tintindex":0}}},{"from":[-1.0429325,19.249048,16.2],"to":[9.357067,21.249048,18.2],"rotation":{"angle":-45.0,"axis":"z","origin":[4.1611643,7.5719495,8.0]},"faces":{"east":{"uv":[0.078125,8.796875,0.0,8.875],"rotation":0,"texture":"#0","tintindex":0},"south":{"uv":[8.84375,0.359375,8.4375,0.4375],"rotation":0,"texture":"#0","tintindex":0},"north":{"uv":[8.84375,8.265625,8.4375,8.34375],"rotation":0,"texture":"#0","tintindex":0},"west":{"uv":[6.75,8.828125,6.671875,8.90625],"rotation":0,"texture":"#0","tintindex":0},"up":{"uv":[8.84375,8.359375,8.4375,8.4375],"rotation":0,"texture":"#0","tintindex":0},"down":{"uv":[8.859375,0.078125,8.453125,0.0],"rotation":0,"texture":"#0","tintindex":0}}}],"display":{"head":{"translation":[14.318924,-6.4,0.0],"scale":[4.0,4.0,4.0]}}}