{"textures":{"0":"modelengine:entity/ferris_wheel"},"elements":[{"from":[7.2,-7.200001,0.7999997],"to":[8.8,-5.6000013,15.200001],"rotation":{"angle":0.0,"axis":"y","origin":[8.0,-6.4000006,8.0]},"faces":{"east":{"uv":[2.71875,0.6875,3.28125,0.75],"rotation":0,"texture":"#0","tintindex":0},"south":{"uv":[2.109375,4.828125,2.171875,4.890625],"rotation":0,"texture":"#0","tintindex":0},"north":{"uv":[0.6875,3.4375,0.75,3.5],"rotation":0,"texture":"#0","tintindex":0},"west":{"uv":[3.8125,6.375,4.375,6.4375],"rotation":0,"texture":"#0","tintindex":0},"up":{"uv":[0.75,3.421875,0.6875,2.859375],"rotation":0,"texture":"#0","tintindex":0},"down":{"uv":[2.171875,3.671875,2.109375,4.234375],"rotation":0,"texture":"#0","tintindex":0}}},{"from":[6.8,-4.4000006,-2.4000006],"to":[9.2,32.0,0.0],"rotation":{"angle":0.0,"axis":"y","origin":[8.0,44.2,6.8]},"faces":{"east":{"uv":[4.6875,4.875,4.78125,6.296875],"rotation":0,"texture":"#0","tintindex":0},"south":{"uv":[4.796875,4.875,4.890625,6.296875],"rotation":0,"texture":"#0","tintindex":0},"north":{"uv":[3.671875,4.390625,3.765625,5.8125],"rotation":0,"texture":"#0","tintindex":0},"west":{"uv":[4.90625,4.875,5.0,6.296875],"rotation":0,"texture":"#0","tintindex":0},"up":{"uv":[0.78125,3.65625,0.6875,3.5625],"rotation":0,"texture":"#0","tintindex":0},"down":{"uv":[4.484375,6.375,4.390625,6.46875],"rotation":0,"texture":"#0","tintindex":0}}},{"from":[6.8,-4.4000006,16.0],"to":[9.2,32.0,18.400002],"rotation":{"angle":0.0,"axis":"y","origin":[8.0,44.2,9.2]},"faces":{"east":{"uv":[4.78125,4.875,4.6875,6.296875],"rotation":0,"texture":"#0","tintindex":0},"south":{"uv":[3.765625,4.390625,3.671875,5.8125],"rotation":0,"texture":"#0","tintindex":0},"north":{"uv":[4.890625,4.875,4.796875,6.296875],"rotation":0,"texture":"#0","tintindex":0},"west":{"uv":[5.0,4.875,4.90625,6.296875],"rotation":0,"texture":"#0","tintindex":0},"up":{"uv":[0.78125,3.5625,0.6875,3.65625],"rotation":0,"texture":"#0","tintindex":0},"down":{"uv":[4.484375,6.46875,4.390625,6.375],"rotation":0,"texture":"#0","tintindex":0}}},{"from":[-2.4000006,-8.400002,-3.1900005],"to":[18.400002,-4.4000006,0.78999996],"rotation":{"angle":0.0,"axis":"y","origin":[8.0,43.600002,-1.1999998]},"faces":{"east":{"uv":[2.1875,3.203125,2.34375,3.359375],"rotation":0,"texture":"#0","tintindex":0},"south":{"uv":[5.828125,5.484375,6.640625,5.640625],"rotation":0,"texture":"#0","tintindex":0},"north":{"uv":[5.828125,5.3125,6.640625,5.46875],"rotation":0,"texture":"#0","tintindex":0},"west":{"uv":[8.109375,4.84375,8.265625,5.0],"rotation":0,"texture":"#0","tintindex":0},"up":{"uv":[6.640625,5.8125,5.828125,5.65625],"rotation":0,"texture":"#0","tintindex":0},"down":{"uv":[6.640625,5.828125,5.828125,5.984375],"rotation":0,"texture":"#0","tintindex":0}}},{"from":[-2.4000006,-8.400002,-3.1999998],"to":[18.400002,-4.4000006,0.7999997],"rotation":{"angle":22.5,"axis":"z","origin":[8.0,43.600002,-1.1999998]},"faces":{"east":{"uv":[2.1875,3.203125,2.34375,3.359375],"rotation":0,"texture":"#0","tintindex":0},"south":{"uv":[5.828125,5.484375,6.640625,5.640625],"rotation":0,"texture":"#0","tintindex":0},"north":{"uv":[5.828125,5.3125,6.640625,5.46875],"rotation":0,"texture":"#0","tintindex":0},"west":{"uv":[8.109375,4.84375,8.265625,5.0],"rotation":0,"texture":"#0","tintindex":0},"up":{"uv":[6.640625,5.8125,5.828125,5.65625],"rotation":0,"texture":"#0","tintindex":0},"down":{"uv":[6.640625,5.828125,5.828125,5.984375],"rotation":0,"texture":"#0","tintindex":0}}},{"from":[-2.4000006,-8.400002,-3.1999998],"to":[18.400002,-4.4000006,0.7999997],"rotation":{"angle":-22.5,"axis":"z","origin":[8.0,43.600002,-1.1999998]},"faces":{"east":{"uv":[2.1875,3.203125,2.34375,3.359375],"rotation":0,"texture":"#0","tintindex":0},"south":{"uv":[5.828125,5.484375,6.640625,5.640625],"rotation":0,"texture":"#0","tintindex":0},"north":{"uv":[5.828125,5.3125,6.640625,5.46875],"rotation":0,"texture":"#0","tintindex":0},"west":{"uv":[8.109375,4.84375,8.265625,5.0],"rotation":0,"texture":"#0","tintindex":0},"up":{"uv":[6.640625,5.8125,5.828125,5.65625],"rotation":0,"texture":"#0","tintindex":0},"down":{"uv":[6.640625,5.828125,5.828125,5.984375],"rotation":0,"texture":"#0","tintindex":0}}},{"from":[-2.4000006,-8.400002,15.200001],"to":[18.400002,-4.4000006,19.2],"rotation":{"angle":22.5,"axis":"z","origin":[8.0,43.600002,17.2]},"faces":{"east":{"uv":[2.34375,3.203125,2.1875,3.359375],"rotation":0,"texture":"#0","tintindex":0},"south":{"uv":[6.640625,5.3125,5.828125,5.46875],"rotation":0,"texture":"#0","tintindex":0},"north":{"uv":[6.640625,5.484375,5.828125,5.640625],"rotation":0,"texture":"#0","tintindex":0},"west":{"uv":[8.265625,4.84375,8.109375,5.0],"rotation":0,"texture":"#0","tintindex":0},"up":{"uv":[6.640625,5.65625,5.828125,5.8125],"rotation":0,"texture":"#0","tintindex":0},"down":{"uv":[6.640625,5.984375,5.828125,5.828125],"rotation":0,"texture":"#0","tintindex":0}}},{"from":[-2.4000006,-8.400002,15.200001],"to":[18.400002,-4.4000006,19.2],"rotation":{"angle":-22.5,"axis":"z","origin":[8.0,43.600002,17.2]},"faces":{"east":{"uv":[2.34375,3.203125,2.1875,3.359375],"rotation":0,"texture":"#0","tintindex":0},"south":{"uv":[6.640625,5.3125,5.828125,5.46875],"rotation":0,"texture":"#0","tintindex":0},"north":{"uv":[6.640625,5.484375,5.828125,5.640625],"rotation":0,"texture":"#0","tintindex":0},"west":{"uv":[8.265625,4.84375,8.109375,5.0],"rotation":0,"texture":"#0","tintindex":0},"up":{"uv":[6.640625,5.65625,5.828125,5.8125],"rotation":0,"texture":"#0","tintindex":0},"down":{"uv":[6.640625,5.984375,5.828125,5.828125],"rotation":0,"texture":"#0","tintindex":0}}},{"from":[-2.4000006,-8.400002,15.21],"to":[18.400002,-4.4000006,19.19],"rotation":{"angle":0.0,"axis":"y","origin":[8.0,43.600002,17.2]},"faces":{"east":{"uv":[2.34375,3.203125,2.1875,3.359375],"rotation":0,"texture":"#0","tintindex":0},"south":{"uv":[6.640625,5.3125,5.828125,5.46875],"rotation":0,"texture":"#0","tintindex":0},"north":{"uv":[6.640625,5.484375,5.828125,5.640625],"rotation":0,"texture":"#0","tintindex":0},"west":{"uv":[8.265625,4.84375,8.109375,5.0],"rotation":0,"texture":"#0","tintindex":0},"up":{"uv":[6.640625,5.65625,5.828125,5.8125],"rotation":0,"texture":"#0","tintindex":0},"down":{"uv":[6.640625,5.984375,5.828125,5.828125],"rotation":0,"texture":"#0","tintindex":0}}},{"from":[2.7999997,17.611588,-2.1999998],"to":[13.200001,19.611588,-0.19999981],"rotation":{"angle":0.0,"axis":"y","origin":[8.0,43.611588,-1.1999998]},"faces":{"east":{"uv":[6.84375,7.921875,6.921875,8.0],"rotation":0,"texture":"#0","tintindex":0},"south":{"uv":[7.046875,3.609375,7.453125,3.6875],"rotation":0,"texture":"#0","tintindex":0},"north":{"uv":[6.671875,6.1875,7.078125,6.265625],"rotation":0,"texture":"#0","tintindex":0},"west":{"uv":[2.34375,7.984375,2.421875,8.0625],"rotation":0,"texture":"#0","tintindex":0},"up":{"uv":[8.8125,6.265625,8.40625,6.1875],"rotation":0,"texture":"#0","tintindex":0},"down":{"uv":[8.828125,1.796875,8.421875,1.875],"rotation":0,"texture":"#0","tintindex":0}}},{"from":[2.7999997,17.611588,-2.1949997],"to":[13.200001,19.611588,-0.20500088],"rotation":{"angle":22.5,"axis":"z","origin":[8.0,43.611588,-1.1999998]},"faces":{"east":{"uv":[9.375,4.21875,9.453125,4.296875],"rotation":0,"texture":"#0","tintindex":0},"south":{"uv":[8.546875,5.203125,8.953125,5.28125],"rotation":0,"texture":"#0","tintindex":0},"north":{"uv":[8.546875,0.921875,8.953125,1.0],"rotation":0,"texture":"#0","tintindex":0},"west":{"uv":[8.125,9.375,8.203125,9.453125],"rotation":0,"texture":"#0","tintindex":0},"up":{"uv":[8.953125,5.375,8.546875,5.296875],"rotation":0,"texture":"#0","tintindex":0},"down":{"uv":[8.953125,5.390625,8.546875,5.46875],"rotation":0,"texture":"#0","tintindex":0}}},{"from":[2.7999997,17.611588,-2.1949997],"to":[13.200001,19.611588,-0.20500088],"rotation":{"angle":-22.5,"axis":"z","origin":[8.0,43.611588,-1.1999998]},"faces":{"east":{"uv":[8.28125,4.84375,8.359375,4.921875],"rotation":0,"texture":"#0","tintindex":0},"south":{"uv":[8.421875,4.15625,8.828125,4.234375],"rotation":0,"texture":"#0","tintindex":0},"north":{"uv":[8.421875,4.0625,8.828125,4.140625],"rotation":0,"texture":"#0","tintindex":0},"west":{"uv":[8.28125,4.9375,8.359375,5.015625],"rotation":0,"texture":"#0","tintindex":0},"up":{"uv":[8.828125,8.25,8.421875,8.171875],"rotation":0,"texture":"#0","tintindex":0},"down":{"uv":[8.84375,0.265625,8.4375,0.34375],"rotation":0,"texture":"#0","tintindex":0}}},{"from":[2.7999997,17.611588,16.205002],"to":[13.200001,19.611588,18.195],"rotation":{"angle":-22.5,"axis":"z","origin":[8.0,43.611588,17.2]},"faces":{"east":{"uv":[8.359375,4.84375,8.28125,4.921875],"rotation":0,"texture":"#0","tintindex":0},"south":{"uv":[8.828125,4.0625,8.421875,4.140625],"rotation":0,"texture":"#0","tintindex":0},"north":{"uv":[8.828125,4.15625,8.421875,4.234375],"rotation":0,"texture":"#0","tintindex":0},"west":{"uv":[8.359375,4.9375,8.28125,5.015625],"rotation":0,"texture":"#0","tintindex":0},"up":{"uv":[8.828125,8.171875,8.421875,8.25],"rotation":0,"texture":"#0","tintindex":0},"down":{"uv":[8.84375,0.34375,8.4375,0.265625],"rotation":0,"texture":"#0","tintindex":0}}},{"from":[2.7999997,17.611588,16.2],"to":[13.200001,19.611588,18.2],"rotation":{"angle":0.0,"axis":"y","origin":[8.0,43.611588,17.2]},"faces":{"east":{"uv":[6.921875,7.921875,6.84375,8.0],"rotation":0,"texture":"#0","tintindex":0},"south":{"uv":[7.078125,6.1875,6.671875,6.265625],"rotation":0,"texture":"#0","tintindex":0},"north":{"uv":[7.453125,3.609375,7.046875,3.6875],"rotation":0,"texture":"#0","tintindex":0},"west":{"uv":[2.421875,7.984375,2.34375,8.0625],"rotation":0,"texture":"#0","tintindex":0},"up":{"uv":[8.8125,6.1875,8.40625,6.265625],"rotation":0,"texture":"#0","tintindex":0},"down":{"uv":[8.828125,1.875,8.421875,1.796875],"rotation":0,"texture":"#0","tintindex":0}}},{"from":[2.7999997,17.611588,16.205002],"to":[13.200001,19.611588,18.195],"rotation":{"angle":22.5,"axis":"z","origin":[8.0,43.611588,17.2]},"faces":{"east":{"uv":[9.453125,4.21875,9.375,4.296875],"rotation":0,"texture":"#0","tintindex":0},"south":{"uv":[8.953125,0.921875,8.546875,1.0],"rotation":0,"texture":"#0","tintindex":0},"north":{"uv":[8.953125,5.203125,8.546875,5.28125],"rotation":0,"texture":"#0","tintindex":0},"west":{"uv":[8.203125,9.375,8.125,9.453125],"rotation":0,"texture":"#0","tintindex":0},"up":{"uv":[8.953125,5.296875,8.546875,5.375],"rotation":0,"texture":"#0","tintindex":0},"down":{"uv":[8.953125,5.46875,8.546875,5.390625],"rotation":0,"texture":"#0","tintindex":0}}}],"display":{"head":{"translation":[0.0,-5.6815095,0.0],"scale":[4.0,4.0,4.0]}}}