{"textures":{"0":"modelengine:entity/ferris_wheel"},"elements":[{"from":[6.7917194,-15.533274,-2.4000006],"to":[9.19172,20.866726,0.0],"rotation":{"angle":0.0,"axis":"y","origin":[7.9917197,-27.333275,8.0]},"faces":{"east":{"uv":[4.6875,4.875,4.78125,6.296875],"rotation":0,"texture":"#0","tintindex":0},"south":{"uv":[4.796875,4.875,4.890625,6.296875],"rotation":0,"texture":"#0","tintindex":0},"north":{"uv":[3.671875,4.390625,3.765625,5.8125],"rotation":0,"texture":"#0","tintindex":0},"west":{"uv":[4.90625,4.875,5.0,6.296875],"rotation":0,"texture":"#0","tintindex":0},"up":{"uv":[0.78125,3.65625,0.6875,3.5625],"rotation":0,"texture":"#0","tintindex":0},"down":{"uv":[4.484375,6.375,4.390625,6.46875],"rotation":0,"texture":"#0","tintindex":0}}},{"from":[6.7917194,-15.533274,16.0],"to":[9.19172,20.866726,18.400002],"rotation":{"angle":0.0,"axis":"y","origin":[7.9917197,-27.333275,8.0]},"faces":{"east":{"uv":[4.78125,4.875,4.6875,6.296875],"rotation":0,"texture":"#0","tintindex":0},"south":{"uv":[3.765625,4.390625,3.671875,5.8125],"rotation":0,"texture":"#0","tintindex":0},"north":{"uv":[4.890625,4.875,4.796875,6.296875],"rotation":0,"texture":"#0","tintindex":0},"west":{"uv":[5.0,4.875,4.90625,6.296875],"rotation":0,"texture":"#0","tintindex":0},"up":{"uv":[0.78125,3.5625,0.6875,3.65625],"rotation":0,"texture":"#0","tintindex":0},"down":{"uv":[4.484375,6.46875,4.390625,6.375],"rotation":0,"texture":"#0","tintindex":0}}},{"from":[7.1917195,21.466728,0.7999997],"to":[8.791719,23.066727,15.200001],"rotation":{"angle":0.0,"axis":"y","origin":[7.9917197,-77.73328,8.0]},"faces":{"east":{"uv":[2.71875,0.6875,3.28125,0.75],"rotation":0,"texture":"#0","tintindex":0},"south":{"uv":[2.109375,4.828125,2.171875,4.890625],"rotation":0,"texture":"#0","tintindex":0},"north":{"uv":[0.6875,3.4375,0.75,3.5],"rotation":0,"texture":"#0","tintindex":0},"west":{"uv":[3.8125,6.375,4.375,6.4375],"rotation":0,"texture":"#0","tintindex":0},"up":{"uv":[0.75,3.421875,0.6875,2.859375],"rotation":0,"texture":"#0","tintindex":0},"down":{"uv":[2.171875,3.671875,2.109375,4.234375],"rotation":0,"texture":"#0","tintindex":0}}},{"from":[-2.3870697,20.067192,-3.1999998],"to":[18.41293,24.06719,0.7999997],"rotation":{"angle":22.5,"axis":"z","origin":[8.002885,-27.958645,-1.1999998]},"faces":{"east":{"uv":[7.953125,8.921875,8.109375,9.078125],"rotation":0,"texture":"#0","tintindex":0},"south":{"uv":[6.53125,0.6875,7.34375,0.84375],"rotation":0,"texture":"#0","tintindex":0},"north":{"uv":[6.1875,6.515625,7.0,6.671875],"rotation":0,"texture":"#0","tintindex":0},"west":{"uv":[8.53125,8.921875,8.6875,9.078125],"rotation":0,"texture":"#0","tintindex":0},"up":{"uv":[7.34375,1.015625,6.53125,0.859375],"rotation":0,"texture":"#0","tintindex":0},"down":{"uv":[7.34375,1.03125,6.53125,1.1875],"rotation":0,"texture":"#0","tintindex":0}}},{"from":[-2.3870697,20.067192,-3.1900005],"to":[18.41293,24.06719,0.78999996],"rotation":{"angle":0.0,"axis":"y","origin":[8.002885,-27.958645,-1.1999998]},"faces":{"east":{"uv":[7.953125,8.921875,8.109375,9.078125],"rotation":0,"texture":"#0","tintindex":0},"south":{"uv":[6.53125,0.6875,7.34375,0.84375],"rotation":0,"texture":"#0","tintindex":0},"north":{"uv":[6.1875,6.515625,7.0,6.671875],"rotation":0,"texture":"#0","tintindex":0},"west":{"uv":[8.53125,8.921875,8.6875,9.078125],"rotation":0,"texture":"#0","tintindex":0},"up":{"uv":[7.34375,1.015625,6.53125,0.859375],"rotation":0,"texture":"#0","tintindex":0},"down":{"uv":[7.34375,1.03125,6.53125,1.1875],"rotation":0,"texture":"#0","tintindex":0}}},{"from":[-2.3870697,20.067192,-3.1999998],"to":[18.41293,24.06719,0.7999997],"rotation":{"angle":-22.5,"axis":"z","origin":[8.002885,-27.958645,-1.1999998]},"faces":{"east":{"uv":[7.953125,8.921875,8.109375,9.078125],"rotation":0,"texture":"#0","tintindex":0},"south":{"uv":[6.53125,0.6875,7.34375,0.84375],"rotation":0,"texture":"#0","tintindex":0},"north":{"uv":[6.1875,6.515625,7.0,6.671875],"rotation":0,"texture":"#0","tintindex":0},"west":{"uv":[8.53125,8.921875,8.6875,9.078125],"rotation":0,"texture":"#0","tintindex":0},"up":{"uv":[7.34375,1.015625,6.53125,0.859375],"rotation":0,"texture":"#0","tintindex":0},"down":{"uv":[7.34375,1.03125,6.53125,1.1875],"rotation":0,"texture":"#0","tintindex":0}}},{"from":[-2.3870697,20.067192,15.200001],"to":[18.41293,24.06719,19.2],"rotation":{"angle":-22.5,"axis":"z","origin":[8.002885,-27.958645,17.2]},"faces":{"east":{"uv":[8.109375,8.921875,7.953125,9.078125],"rotation":0,"texture":"#0","tintindex":0},"south":{"uv":[7.0,6.515625,6.1875,6.671875],"rotation":0,"texture":"#0","tintindex":0},"north":{"uv":[7.34375,0.6875,6.53125,0.84375],"rotation":0,"texture":"#0","tintindex":0},"west":{"uv":[8.6875,8.921875,8.53125,9.078125],"rotation":0,"texture":"#0","tintindex":0},"up":{"uv":[7.34375,0.859375,6.53125,1.015625],"rotation":0,"texture":"#0","tintindex":0},"down":{"uv":[7.34375,1.1875,6.53125,1.03125],"rotation":0,"texture":"#0","tintindex":0}}},{"from":[-2.3870697,20.067192,15.21],"to":[18.41293,24.06719,19.19],"rotation":{"angle":0.0,"axis":"y","origin":[8.002885,-27.958645,17.2]},"faces":{"east":{"uv":[8.109375,8.921875,7.953125,9.078125],"rotation":0,"texture":"#0","tintindex":0},"south":{"uv":[7.0,6.515625,6.1875,6.671875],"rotation":0,"texture":"#0","tintindex":0},"north":{"uv":[7.34375,0.6875,6.53125,0.84375],"rotation":0,"texture":"#0","tintindex":0},"west":{"uv":[8.6875,8.921875,8.53125,9.078125],"rotation":0,"texture":"#0","tintindex":0},"up":{"uv":[7.34375,0.859375,6.53125,1.015625],"rotation":0,"texture":"#0","tintindex":0},"down":{"uv":[7.34375,1.1875,6.53125,1.03125],"rotation":0,"texture":"#0","tintindex":0}}},{"from":[-2.3870697,20.067192,15.200001],"to":[18.41293,24.06719,19.2],"rotation":{"angle":22.5,"axis":"z","origin":[8.002885,-27.958645,17.2]},"faces":{"east":{"uv":[8.109375,8.921875,7.953125,9.078125],"rotation":0,"texture":"#0","tintindex":0},"south":{"uv":[7.0,6.515625,6.1875,6.671875],"rotation":0,"texture":"#0","tintindex":0},"north":{"uv":[7.34375,0.6875,6.53125,0.84375],"rotation":0,"texture":"#0","tintindex":0},"west":{"uv":[8.6875,8.921875,8.53125,9.078125],"rotation":0,"texture":"#0","tintindex":0},"up":{"uv":[7.34375,0.859375,6.53125,1.015625],"rotation":0,"texture":"#0","tintindex":0},"down":{"uv":[7.34375,1.1875,6.53125,1.03125],"rotation":0,"texture":"#0","tintindex":0}}},{"from":[2.9595623,-3.8045292,-2.1949997],"to":[13.359562,-1.8045292,-0.20500088],"rotation":{"angle":22.5,"axis":"z","origin":[8.274563,-28.204529,-1.1999998]},"faces":{"east":{"uv":[9.25,1.71875,9.328125,1.796875],"rotation":0,"texture":"#0","tintindex":0},"south":{"uv":[8.46875,5.921875,8.875,6.0],"rotation":0,"texture":"#0","tintindex":0},"north":{"uv":[8.46875,5.828125,8.875,5.90625],"rotation":0,"texture":"#0","tintindex":0},"west":{"uv":[9.265625,0.234375,9.34375,0.3125],"rotation":0,"texture":"#0","tintindex":0},"up":{"uv":[8.90625,0.53125,8.5,0.453125],"rotation":0,"texture":"#0","tintindex":0},"down":{"uv":[8.90625,0.546875,8.5,0.625],"rotation":0,"texture":"#0","tintindex":0}}},{"from":[2.79172,-3.8216858,-2.1999998],"to":[13.19172,-1.8216858,-0.19999981],"rotation":{"angle":0.0,"axis":"y","origin":[7.9917197,-28.221687,-1.1999998]},"faces":{"east":{"uv":[9.265625,6.75,9.34375,6.828125],"rotation":0,"texture":"#0","tintindex":0},"south":{"uv":[8.5,1.984375,8.90625,2.0625],"rotation":0,"texture":"#0","tintindex":0},"north":{"uv":[8.5,1.890625,8.90625,1.96875],"rotation":0,"texture":"#0","tintindex":0},"west":{"uv":[9.265625,7.59375,9.34375,7.671875],"rotation":0,"texture":"#0","tintindex":0},"up":{"uv":[8.90625,2.15625,8.5,2.078125],"rotation":0,"texture":"#0","tintindex":0},"down":{"uv":[8.90625,2.171875,8.5,2.25],"rotation":0,"texture":"#0","tintindex":0}}},{"from":[2.623877,-3.8045292,-2.1949997],"to":[13.023877,-1.8045292,-0.20500088],"rotation":{"angle":-22.5,"axis":"z","origin":[7.708877,-28.204529,-1.1999998]},"faces":{"east":{"uv":[9.28125,0.984375,9.359375,1.0625],"rotation":0,"texture":"#0","tintindex":0},"south":{"uv":[8.5,2.359375,8.90625,2.4375],"rotation":0,"texture":"#0","tintindex":0},"north":{"uv":[8.5,2.265625,8.90625,2.34375],"rotation":0,"texture":"#0","tintindex":0},"west":{"uv":[9.28125,4.21875,9.359375,4.296875],"rotation":0,"texture":"#0","tintindex":0},"up":{"uv":[8.90625,2.53125,8.5,2.453125],"rotation":0,"texture":"#0","tintindex":0},"down":{"uv":[8.90625,2.546875,8.5,2.625],"rotation":0,"texture":"#0","tintindex":0}}},{"from":[2.623877,-3.8045292,16.205002],"to":[13.023877,-1.8045292,18.195],"rotation":{"angle":-22.5,"axis":"z","origin":[7.708877,-28.204529,17.2]},"faces":{"east":{"uv":[9.359375,0.984375,9.28125,1.0625],"rotation":0,"texture":"#0","tintindex":0},"south":{"uv":[8.90625,2.265625,8.5,2.34375],"rotation":0,"texture":"#0","tintindex":0},"north":{"uv":[8.90625,2.359375,8.5,2.4375],"rotation":0,"texture":"#0","tintindex":0},"west":{"uv":[9.359375,4.21875,9.28125,4.296875],"rotation":0,"texture":"#0","tintindex":0},"up":{"uv":[8.90625,2.453125,8.5,2.53125],"rotation":0,"texture":"#0","tintindex":0},"down":{"uv":[8.90625,2.625,8.5,2.546875],"rotation":0,"texture":"#0","tintindex":0}}},{"from":[2.79172,-3.8216858,16.2],"to":[13.19172,-1.8216858,18.2],"rotation":{"angle":0.0,"axis":"y","origin":[7.9917197,-28.221687,17.2]},"faces":{"east":{"uv":[9.34375,6.75,9.265625,6.828125],"rotation":0,"texture":"#0","tintindex":0},"south":{"uv":[8.90625,1.890625,8.5,1.96875],"rotation":0,"texture":"#0","tintindex":0},"north":{"uv":[8.90625,1.984375,8.5,2.0625],"rotation":0,"texture":"#0","tintindex":0},"west":{"uv":[9.34375,7.59375,9.265625,7.671875],"rotation":0,"texture":"#0","tintindex":0},"up":{"uv":[8.90625,2.078125,8.5,2.15625],"rotation":0,"texture":"#0","tintindex":0},"down":{"uv":[8.90625,2.25,8.5,2.171875],"rotation":0,"texture":"#0","tintindex":0}}},{"from":[2.9595623,-3.8045292,16.205002],"to":[13.359562,-1.8045292,18.195],"rotation":{"angle":22.5,"axis":"z","origin":[8.274563,-28.204529,17.2]},"faces":{"east":{"uv":[9.328125,1.71875,9.25,1.796875],"rotation":0,"texture":"#0","tintindex":0},"south":{"uv":[8.875,5.828125,8.46875,5.90625],"rotation":0,"texture":"#0","tintindex":0},"north":{"uv":[8.875,5.921875,8.46875,6.0],"rotation":0,"texture":"#0","tintindex":0},"west":{"uv":[9.34375,0.234375,9.265625,0.3125],"rotation":0,"texture":"#0","tintindex":0},"up":{"uv":[8.90625,0.453125,8.5,0.53125],"rotation":0,"texture":"#0","tintindex":0},"down":{"uv":[8.90625,0.625,8.5,0.546875],"rotation":0,"texture":"#0","tintindex":0}}}],"display":{"head":{"translation":[0.0,-6.4,0.0],"scale":[4.0,4.0,4.0]}}}