{"textures":{"0":"modelengine:entity/ferris_wheel"},"elements":[{"from":[5.6,-12.4,-8.07],"to":[10.4,28.4,-3.2699995],"rotation":{"angle":-22.5,"axis":"z","origin":[8.0,8.0,8.0]},"faces":{"east":{"uv":[2.390625,3.40625,2.578125,5.0],"rotation":0,"texture":"#0","tintindex":0},"south":{"uv":[2.59375,3.40625,2.78125,5.0],"rotation":0,"texture":"#0","tintindex":0},"north":{"uv":[2.1875,3.40625,2.375,5.0],"rotation":0,"texture":"#0","tintindex":0},"west":{"uv":[2.796875,3.40625,2.984375,5.0],"rotation":0,"texture":"#0","tintindex":0},"up":{"uv":[6.671875,8.59375,6.484375,8.40625],"rotation":0,"texture":"#0","tintindex":0},"down":{"uv":[8.59375,7.484375,8.40625,7.671875],"rotation":0,"texture":"#0","tintindex":0}}},{"from":[5.6,-12.4,19.27],"to":[10.4,28.4,24.07],"rotation":{"angle":-22.5,"axis":"z","origin":[8.0,8.0,8.0]},"faces":{"east":{"uv":[2.578125,3.40625,2.390625,5.0],"rotation":0,"texture":"#0","tintindex":0},"south":{"uv":[2.375,3.40625,2.1875,5.0],"rotation":0,"texture":"#0","tintindex":0},"north":{"uv":[2.78125,3.40625,2.59375,5.0],"rotation":0,"texture":"#0","tintindex":0},"west":{"uv":[2.984375,3.40625,2.796875,5.0],"rotation":0,"texture":"#0","tintindex":0},"up":{"uv":[6.671875,8.40625,6.484375,8.59375],"rotation":0,"texture":"#0","tintindex":0},"down":{"uv":[8.59375,7.671875,8.40625,7.484375],"rotation":0,"texture":"#0","tintindex":0}}}],"display":{"head":{"translation":[0.0,-6.4,0.0],"scale":[4.0,4.0,4.0]}}}