{"textures":{"0":"modelengine:entity/ferris_wheel"},"elements":[{"from":[-3.9781752,-16.0,-8.07],"to":[0.8218255,19.2,-3.2699995],"rotation":{"angle":-22.5,"axis":"z","origin":[8.0,5.56741,8.0]},"faces":{"east":{"uv":[0.203125,3.8125,0.390625,5.1875],"rotation":0,"texture":"#0","tintindex":0},"south":{"uv":[0.40625,3.8125,0.59375,5.1875],"rotation":0,"texture":"#0","tintindex":0},"north":{"uv":[0.0,3.8125,0.1875,5.1875],"rotation":0,"texture":"#0","tintindex":0},"west":{"uv":[3.875,0.0,4.0625,1.375],"rotation":0,"texture":"#0","tintindex":0},"up":{"uv":[1.734375,8.59375,1.546875,8.40625],"rotation":0,"texture":"#0","tintindex":0},"down":{"uv":[1.9375,8.40625,1.75,8.59375],"rotation":0,"texture":"#0","tintindex":0}}},{"from":[-3.9781752,-16.0,19.27],"to":[0.8218255,19.2,24.07],"rotation":{"angle":-22.5,"axis":"z","origin":[8.0,5.56741,8.0]},"faces":{"east":{"uv":[0.390625,3.8125,0.203125,5.1875],"rotation":0,"texture":"#0","tintindex":0},"south":{"uv":[0.1875,3.8125,0.0,5.1875],"rotation":0,"texture":"#0","tintindex":0},"north":{"uv":[0.59375,3.8125,0.40625,5.1875],"rotation":0,"texture":"#0","tintindex":0},"west":{"uv":[4.0625,0.0,3.875,1.375],"rotation":0,"texture":"#0","tintindex":0},"up":{"uv":[1.734375,8.40625,1.546875,8.59375],"rotation":0,"texture":"#0","tintindex":0},"down":{"uv":[1.9375,8.59375,1.75,8.40625],"rotation":0,"texture":"#0","tintindex":0}}},{"from":[15.178175,-16.0,19.27],"to":[19.978176,19.2,24.07],"rotation":{"angle":22.5,"axis":"z","origin":[8.0,5.56741,8.0]},"faces":{"east":{"uv":[3.875,0.0,4.0625,1.375],"rotation":0,"texture":"#0","tintindex":0},"south":{"uv":[0.0,3.8125,0.1875,5.1875],"rotation":0,"texture":"#0","tintindex":0},"north":{"uv":[0.40625,3.8125,0.59375,5.1875],"rotation":0,"texture":"#0","tintindex":0},"west":{"uv":[0.203125,3.8125,0.390625,5.1875],"rotation":0,"texture":"#0","tintindex":0},"up":{"uv":[1.546875,8.40625,1.734375,8.59375],"rotation":0,"texture":"#0","tintindex":0},"down":{"uv":[1.75,8.59375,1.9375,8.40625],"rotation":0,"texture":"#0","tintindex":0}}},{"from":[15.178175,-16.0,-8.07],"to":[19.978176,19.2,-3.2699995],"rotation":{"angle":22.5,"axis":"z","origin":[8.0,5.56741,8.0]},"faces":{"east":{"uv":[4.0625,0.0,3.875,1.375],"rotation":0,"texture":"#0","tintindex":0},"south":{"uv":[0.59375,3.8125,0.40625,5.1875],"rotation":0,"texture":"#0","tintindex":0},"north":{"uv":[0.1875,3.8125,0.0,5.1875],"rotation":0,"texture":"#0","tintindex":0},"west":{"uv":[0.390625,3.8125,0.203125,5.1875],"rotation":0,"texture":"#0","tintindex":0},"up":{"uv":[1.546875,8.59375,1.734375,8.40625],"rotation":0,"texture":"#0","tintindex":0},"down":{"uv":[1.75,8.40625,1.9375,8.59375],"rotation":0,"texture":"#0","tintindex":0}}}],"display":{"head":{"translation":[0.0,-25.556532,0.0],"scale":[4.0,4.0,4.0]}}}