{"textures":{"1":"modelengine:entity/carriage"},"elements":[{"from":[13.48354,6.5941973,7.4445267],"to":[18.054968,7.7370543,8.587384],"rotation":{"angle":-22.5,"axis":"z","origin":[15.769255,6.8799114,8.015956]},"faces":{"east":{"uv":[7.5,7.1875,7.625,7.3125],"rotation":0,"texture":"#1","tintindex":0},"south":{"uv":[7.0625,4.6875,7.5625,4.8125],"rotation":0,"texture":"#1","tintindex":0},"north":{"uv":[7.0625,4.5,7.5625,4.625],"rotation":0,"texture":"#1","tintindex":0},"west":{"uv":[7.5,7.375,7.625,7.5],"rotation":0,"texture":"#1","tintindex":0},"up":{"uv":[7.5625,5.0,7.0625,4.875],"rotation":0,"texture":"#1","tintindex":0},"down":{"uv":[7.5625,5.0625,7.0625,5.1875],"rotation":0,"texture":"#1","tintindex":0}}},{"from":[16.933432,4.289053,7.4445267],"to":[21.50486,5.4319105,8.587384],"rotation":{"angle":-45.0,"axis":"z","origin":[19.219147,4.574767,8.015956]},"faces":{"east":{"uv":[7.5,7.1875,7.625,7.3125],"rotation":0,"texture":"#1","tintindex":0},"south":{"uv":[7.0625,4.6875,7.5625,4.8125],"rotation":0,"texture":"#1","tintindex":0},"north":{"uv":[7.0625,4.5,7.5625,4.625],"rotation":0,"texture":"#1","tintindex":0},"west":{"uv":[7.5,7.375,7.625,7.5],"rotation":0,"texture":"#1","tintindex":0},"up":{"uv":[7.5625,5.0,7.0625,4.875],"rotation":0,"texture":"#1","tintindex":0},"down":{"uv":[7.5625,5.0625,7.0625,5.1875],"rotation":0,"texture":"#1","tintindex":0}}},{"from":[-2.0549679,6.5941973,7.4445267],"to":[2.51646,7.7370543,8.587384],"rotation":{"angle":22.5,"axis":"z","origin":[0.23074579,6.8799114,8.015956]},"faces":{"east":{"uv":[7.625,7.375,7.5,7.5],"rotation":0,"texture":"#1","tintindex":0},"south":{"uv":[7.5625,4.6875,7.0625,4.8125],"rotation":0,"texture":"#1","tintindex":0},"north":{"uv":[7.5625,4.5,7.0625,4.625],"rotation":0,"texture":"#1","tintindex":0},"west":{"uv":[7.625,7.1875,7.5,7.3125],"rotation":0,"texture":"#1","tintindex":0},"up":{"uv":[7.0625,5.0,7.5625,4.875],"rotation":0,"texture":"#1","tintindex":0},"down":{"uv":[7.0625,5.0625,7.5625,5.1875],"rotation":0,"texture":"#1","tintindex":0}}},{"from":[-5.504861,4.289053,7.4445267],"to":[-0.9334316,5.4319105,8.587384],"rotation":{"angle":45.0,"axis":"z","origin":[-3.2191458,4.574767,8.015956]},"faces":{"east":{"uv":[7.625,7.375,7.5,7.5],"rotation":0,"texture":"#1","tintindex":0},"south":{"uv":[7.5625,4.6875,7.0625,4.8125],"rotation":0,"texture":"#1","tintindex":0},"north":{"uv":[7.5625,4.5,7.0625,4.625],"rotation":0,"texture":"#1","tintindex":0},"west":{"uv":[7.625,7.1875,7.5,7.3125],"rotation":0,"texture":"#1","tintindex":0},"up":{"uv":[7.0625,5.0,7.5625,4.875],"rotation":0,"texture":"#1","tintindex":0},"down":{"uv":[7.0625,5.0625,7.5625,5.1875],"rotation":0,"texture":"#1","tintindex":0}}},{"from":[7.412616,6.5941973,13.48354],"to":[8.555473,7.7370543,18.054968],"rotation":{"angle":22.5,"axis":"x","origin":[7.9840446,6.8799114,15.769255]},"faces":{"east":{"uv":[7.0625,4.5,7.5625,4.625],"rotation":0,"texture":"#1","tintindex":0},"south":{"uv":[7.5,7.1875,7.625,7.3125],"rotation":0,"texture":"#1","tintindex":0},"north":{"uv":[7.5,7.375,7.625,7.5],"rotation":0,"texture":"#1","tintindex":0},"west":{"uv":[7.0625,4.6875,7.5625,4.8125],"rotation":0,"texture":"#1","tintindex":0},"up":{"uv":[7.5625,5.0,7.0625,4.875],"rotation":90,"texture":"#1","tintindex":0},"down":{"uv":[7.5625,5.0625,7.0625,5.1875],"rotation":270,"texture":"#1","tintindex":0}}},{"from":[7.412616,4.289053,16.933432],"to":[8.555473,5.4319105,21.50486],"rotation":{"angle":45.0,"axis":"x","origin":[7.9840446,4.574767,19.219147]},"faces":{"east":{"uv":[7.0625,4.5,7.5625,4.625],"rotation":0,"texture":"#1","tintindex":0},"south":{"uv":[7.5,7.1875,7.625,7.3125],"rotation":0,"texture":"#1","tintindex":0},"north":{"uv":[7.5,7.375,7.625,7.5],"rotation":0,"texture":"#1","tintindex":0},"west":{"uv":[7.0625,4.6875,7.5625,4.8125],"rotation":0,"texture":"#1","tintindex":0},"up":{"uv":[7.5625,5.0,7.0625,4.875],"rotation":90,"texture":"#1","tintindex":0},"down":{"uv":[7.5625,5.0625,7.0625,5.1875],"rotation":270,"texture":"#1","tintindex":0}}},{"from":[7.412616,4.289053,-5.504861],"to":[8.555473,5.4319105,-0.9334316],"rotation":{"angle":-45.0,"axis":"x","origin":[7.9840446,4.574767,-3.2191458]},"faces":{"east":{"uv":[7.5625,4.5,7.0625,4.625],"rotation":0,"texture":"#1","tintindex":0},"south":{"uv":[7.625,7.375,7.5,7.5],"rotation":0,"texture":"#1","tintindex":0},"north":{"uv":[7.625,7.1875,7.5,7.3125],"rotation":0,"texture":"#1","tintindex":0},"west":{"uv":[7.5625,4.6875,7.0625,4.8125],"rotation":0,"texture":"#1","tintindex":0},"up":{"uv":[7.0625,5.0,7.5625,4.875],"rotation":90,"texture":"#1","tintindex":0},"down":{"uv":[7.0625,5.0625,7.5625,5.1875],"rotation":270,"texture":"#1","tintindex":0}}},{"from":[7.412616,6.5941973,-2.0549679],"to":[8.555473,7.7370543,2.51646],"rotation":{"angle":-22.5,"axis":"x","origin":[7.9840446,6.8799114,0.23074579]},"faces":{"east":{"uv":[7.5625,4.5,7.0625,4.625],"rotation":0,"texture":"#1","tintindex":0},"south":{"uv":[7.625,7.375,7.5,7.5],"rotation":0,"texture":"#1","tintindex":0},"north":{"uv":[7.625,7.1875,7.5,7.3125],"rotation":0,"texture":"#1","tintindex":0},"west":{"uv":[7.5625,4.6875,7.0625,4.8125],"rotation":0,"texture":"#1","tintindex":0},"up":{"uv":[7.0625,5.0,7.5625,4.875],"rotation":90,"texture":"#1","tintindex":0},"down":{"uv":[7.0625,5.0625,7.5625,5.1875],"rotation":270,"texture":"#1","tintindex":0}}}],"display":{"head":{"translation":[0.0,-6.4,0.0],"scale":[4.0,4.0,4.0]}}}