{
  "credit": "Made by PolygonMC",
  "texture_size": [
    28,
    28
  ],
  "textures": {
    "1": "nexusset:animations/animations_bolt",
    "2": "nexusset:animations/animations_nexus",
    "3": "nexusset:crossbow"
  },
  "elements": [
    {
      "from": [
        7.525,
        7,
        -1.8
      ],
      "to": [
        8.475,
        9,
        0.2
      ],
      "rotation": {
        "angle": -45,
        "axis": "x",
        "origin": [
          8,
          24.5,
          8.2
        ]
      },
      "faces": {
        "north": {
          "uv": [
            9.14286,
            11.42857,
            9.71429,
            12.57143
          ],
          "texture": "#3"
        },
        "east": {
          "uv": [
            8.57143,
            1.14286,
            9.71429,
            2.28571
          ],
          "texture": "#3"
        },
        "south": {
          "uv": [
            11.42857,
            9.14286,
            12,
            10.28571
          ],
          "texture": "#3"
        },
        "west": {
          "uv": [
            8.57143,
            2.28571,
            9.71429,
            3.42857
          ],
          "texture": "#3"
        },
        "up": {
          "uv": [
            10.28571,
            12.57143,
            9.71429,
            11.42857
          ],
          "texture": "#3"
        },
        "down": {
          "uv": [
            12,
            10.28571,
            11.42857,
            11.42857
          ],
          "texture": "#3"
        }
      }
    },
    {
      "from": [
        6.75,
        5.975,
        5.625
      ],
      "to": [
        6.8,
        8.225,
        10.125
      ],
      "rotation": {
        "angle": -22.5,
        "axis": "z",
        "origin": [
          6.775,
          7.1,
          7.875
        ]
      },
      "faces": {
        "east": {
          "uv": [
            12.33333,
            6,
            15.33333,
            0
          ],
          "rotation": 90,
          "texture": "#1"
        },
        "west": {
          "uv": [
            12.33333,
            0,
            15.33333,
            6
          ],
          "rotation": 90,
          "texture": "#1"
        }
      }
    },
    {
      "from": [
        9.2,
        5.975,
        5.625
      ],
      "to": [
        9.25,
        8.225,
        10.125
      ],
      "rotation": {
        "angle": 22.5,
        "axis": "z",
        "origin": [
          9.225,
          7.1,
          7.875
        ]
      },
      "faces": {
        "east": {
          "uv": [
            12.33333,
            6,
            15.33333,
            0
          ],
          "rotation": 90,
          "texture": "#1"
        },
        "west": {
          "uv": [
            12.33333,
            0,
            15.33333,
            6
          ],
          "rotation": 90,
          "texture": "#1"
        }
      }
    },
    {
      "from": [
        0.125,
        9.00292,
        -0.40211
      ],
      "to": [
        2.375,
        9.00292,
        4.09789
      ],
      "rotation": {
        "angle": 22.5,
        "axis": "y",
        "origin": [
          1.25,
          9.00292,
          1.84789
        ]
      },
      "faces": {
        "up": {
          "uv": [
            9.33333,
            0,
            12.33333,
            6
          ],
          "texture": "#1"
        }
      }
    },
    {
      "from": [
        13.625,
        9.00292,
        -0.40211
      ],
      "to": [
        15.875,
        9.00292,
        4.09789
      ],
      "rotation": {
        "angle": -22.5,
        "axis": "y",
        "origin": [
          14.75,
          9.00292,
          1.84789
        ]
      },
      "faces": {
        "up": {
          "uv": [
            12.33333,
            0,
            9.33333,
            6
          ],
          "texture": "#1"
        }
      }
    },
    {
      "from": [
        5.5,
        10,
        1.5
      ],
      "to": [
        10.5,
        10,
        6.5
      ],
      "rotation": {
        "angle": 0,
        "axis": "y",
        "origin": [
          8,
          10,
          4
        ]
      },
      "faces": {
        "up": {
          "uv": [
            0,
            0,
            10,
            10
          ],
          "texture": "#2"
        }
      }
    },
    {
      "from": [
        7.25,
        7.5,
        4
      ],
      "to": [
        8.75,
        8.25,
        10
      ],
      "rotation": {
        "angle": 0,
        "axis": "y",
        "origin": [
          7.5,
          7.5,
          8
        ]
      },
      "faces": {
        "east": {
          "uv": [
            8,
            7.42857,
            11.42857,
            7.85714
          ],
          "texture": "#3"
        },
        "west": {
          "uv": [
            8,
            8,
            11.42857,
            8.42857
          ],
          "texture": "#3"
        },
        "up": {
          "uv": [
            6,
            8,
            5.14286,
            4.57143
          ],
          "texture": "#3"
        },
        "down": {
          "uv": [
            2.57143,
            6.28571,
            1.71429,
            9.71429
          ],
          "texture": "#3"
        }
      }
    },
    {
      "from": [
        7.5,
        8.25,
        4
      ],
      "to": [
        8.5,
        8.5,
        10
      ],
      "rotation": {
        "angle": 0,
        "axis": "y",
        "origin": [
          7.5,
          7.5,
          8
        ]
      },
      "faces": {
        "east": {
          "uv": [
            12,
            6.85714,
            15.42857,
            7
          ],
          "texture": "#3"
        },
        "south": {
          "uv": [
            13.14286,
            9.71429,
            13.71429,
            9.85714
          ],
          "texture": "#3"
        },
        "west": {
          "uv": [
            12,
            9.14286,
            15.42857,
            9.28571
          ],
          "texture": "#3"
        },
        "up": {
          "uv": [
            5.14286,
            9.71429,
            4.57143,
            6.28571
          ],
          "texture": "#3"
        },
        "down": {
          "uv": [
            6.85714,
            5.71429,
            6.28571,
            9.14286
          ],
          "texture": "#3"
        }
      }
    },
    {
      "from": [
        7.5,
        6.5,
        4
      ],
      "to": [
        8.5,
        7.5,
        10
      ],
      "rotation": {
        "angle": 0,
        "axis": "y",
        "origin": [
          7.5,
          7.5,
          8
        ]
      },
      "faces": {
        "east": {
          "uv": [
            6.28571,
            4.57143,
            9.71429,
            5.14286
          ],
          "texture": "#3"
        },
        "west": {
          "uv": [
            6.28571,
            5.14286,
            9.71429,
            5.71429
          ],
          "texture": "#3"
        },
        "down": {
          "uv": [
            4.57143,
            6.28571,
            4,
            9.71429
          ],
          "texture": "#3"
        }
      }
    },
    {
      "from": [
        7,
        6.25,
        3
      ],
      "to": [
        9,
        8.75,
        4
      ],
      "rotation": {
        "angle": 0,
        "axis": "y",
        "origin": [
          7.5,
          7.5,
          8
        ]
      },
      "faces": {
        "north": {
          "uv": [
            6.85714,
            7.42857,
            8,
            8.85714
          ],
          "texture": "#3"
        },
        "east": {
          "uv": [
            2.85714,
            10.28571,
            3.42857,
            11.71429
          ],
          "texture": "#3"
        },
        "south": {
          "uv": [
            2.85714,
            8,
            4,
            9.42857
          ],
          "texture": "#3"
        },
        "west": {
          "uv": [
            5.14286,
            10.85714,
            5.71429,
            12.28571
          ],
          "texture": "#3"
        },
        "up": {
          "uv": [
            12.57143,
            12,
            11.42857,
            11.42857
          ],
          "texture": "#3"
        },
        "down": {
          "uv": [
            13.14286,
            0,
            12,
            0.57143
          ],
          "texture": "#3"
        }
      }
    },
    {
      "from": [
        7.2,
        5.925,
        9.825
      ],
      "to": [
        8.8,
        8.125,
        12.025
      ],
      "rotation": {
        "angle": 22.5,
        "axis": "x",
        "origin": [
          8,
          8,
          10.925
        ]
      },
      "faces": {
        "north": {
          "uv": [
            5.14286,
            9.14286,
            6,
            10.42857
          ],
          "texture": "#3"
        },
        "east": {
          "uv": [
            6.85714,
            2.85714,
            8.14286,
            4.14286
          ],
          "texture": "#3"
        },
        "south": {
          "uv": [
            6.28571,
            9.14286,
            7.14286,
            10.42857
          ],
          "texture": "#3"
        },
        "west": {
          "uv": [
            6.85714,
            5.71429,
            8.14286,
            7
          ],
          "texture": "#3"
        },
        "up": {
          "uv": [
            10,
            9.85714,
            9.14286,
            8.57143
          ],
          "texture": "#3"
        },
        "down": {
          "uv": [
            0.85714,
            9.71429,
            0,
            11
          ],
          "texture": "#3"
        }
      }
    },
    {
      "from": [
        7.5,
        4.625,
        10
      ],
      "to": [
        8.5,
        6.625,
        11
      ],
      "rotation": {
        "angle": -22.5,
        "axis": "x",
        "origin": [
          7.5,
          4.625,
          10
        ]
      },
      "faces": {
        "north": {
          "uv": [
            12,
            0.57143,
            12.57143,
            1.71429
          ],
          "texture": "#3"
        },
        "east": {
          "uv": [
            1.14286,
            12,
            1.71429,
            13.14286
          ],
          "texture": "#3"
        },
        "south": {
          "uv": [
            1.71429,
            12,
            2.28571,
            13.14286
          ],
          "texture": "#3"
        },
        "west": {
          "uv": [
            12,
            1.71429,
            12.57143,
            2.85714
          ],
          "texture": "#3"
        },
        "up": {
          "uv": [
            13.14286,
            5.71429,
            12.57143,
            5.14286
          ],
          "texture": "#3"
        },
        "down": {
          "uv": [
            6.28571,
            12.57143,
            5.71429,
            13.14286
          ],
          "texture": "#3"
        }
      }
    },
    {
      "from": [
        7.475,
        4.50768,
        9.64888
      ],
      "to": [
        8.525,
        5.00768,
        10.94888
      ],
      "rotation": {
        "angle": 0,
        "axis": "x",
        "origin": [
          8,
          4.75768,
          10.42388
        ]
      },
      "faces": {
        "north": {
          "uv": [
            13.14286,
            5.71429,
            13.71429,
            6
          ],
          "texture": "#3"
        },
        "east": {
          "uv": [
            13.14286,
            2.85714,
            13.85714,
            3.14286
          ],
          "texture": "#3"
        },
        "south": {
          "uv": [
            13.14286,
            6.28571,
            13.71429,
            6.57143
          ],
          "texture": "#3"
        },
        "west": {
          "uv": [
            3.42857,
            13.14286,
            4.14286,
            13.42857
          ],
          "texture": "#3"
        },
        "up": {
          "uv": [
            10.85714,
            12.71429,
            10.28571,
            12
          ],
          "texture": "#3"
        },
        "down": {
          "uv": [
            11.42857,
            12,
            10.85714,
            12.71429
          ],
          "texture": "#3"
        }
      }
    },
    {
      "from": [
        7.5,
        7,
        11
      ],
      "to": [
        8.5,
        8,
        14.25
      ],
      "rotation": {
        "angle": 0,
        "axis": "y",
        "origin": [
          7.5,
          0,
          0
        ]
      },
      "faces": {
        "north": {
          "uv": [
            12.57143,
            5.71429,
            13.14286,
            6.28571
          ],
          "texture": "#3"
        },
        "east": {
          "uv": [
            8.57143,
            3.42857,
            10.42857,
            4
          ],
          "texture": "#3"
        },
        "south": {
          "uv": [
            12.57143,
            6.28571,
            13.14286,
            6.85714
          ],
          "texture": "#3"
        },
        "west": {
          "uv": [
            8.57143,
            4,
            10.42857,
            4.57143
          ],
          "texture": "#3"
        },
        "up": {
          "uv": [
            8,
            11,
            7.42857,
            9.14286
          ],
          "texture": "#3"
        },
        "down": {
          "uv": [
            10.28571,
            0,
            9.71429,
            1.85714
          ],
          "texture": "#3"
        }
      }
    },
    {
      "from": [
        7.75,
        6.55,
        11
      ],
      "to": [
        8.25,
        7.55,
        14.25
      ],
      "rotation": {
        "angle": -22.5,
        "axis": "x",
        "origin": [
          8,
          6.5,
          13
        ]
      },
      "faces": {
        "east": {
          "uv": [
            1.14286,
            9.71429,
            3,
            10.28571
          ],
          "texture": "#3"
        },
        "west": {
          "uv": [
            9.71429,
            2.28571,
            11.57143,
            2.85714
          ],
          "texture": "#3"
        },
        "down": {
          "uv": [
            6.57143,
            12,
            6.28571,
            13.85714
          ],
          "texture": "#3"
        }
      }
    },
    {
      "from": [
        7.35,
        5.5,
        14.25
      ],
      "to": [
        8.65,
        8.15,
        14.75
      ],
      "rotation": {
        "angle": 0,
        "axis": "y",
        "origin": [
          7,
          6,
          0.25
        ]
      },
      "faces": {
        "north": {
          "uv": [
            8.57143,
            5.71429,
            9.28571,
            7.28571
          ],
          "texture": "#3"
        },
        "east": {
          "uv": [
            6.85714,
            12,
            7.14286,
            13.57143
          ],
          "texture": "#3"
        },
        "south": {
          "uv": [
            8,
            8.57143,
            8.71429,
            10.14286
          ],
          "texture": "#3"
        },
        "west": {
          "uv": [
            12,
            9.71429,
            12.28571,
            11.28571
          ],
          "texture": "#3"
        },
        "up": {
          "uv": [
            13.85714,
            3.71429,
            13.14286,
            3.42857
          ],
          "texture": "#3"
        },
        "down": {
          "uv": [
            13.85714,
            4,
            13.14286,
            4.28571
          ],
          "texture": "#3"
        }
      }
    },
    {
      "from": [
        7.45,
        5.6,
        14.75
      ],
      "to": [
        8.55,
        8.05,
        15
      ],
      "rotation": {
        "angle": 0,
        "axis": "y",
        "origin": [
          7,
          6,
          0.25
        ]
      },
      "faces": {
        "east": {
          "uv": [
            1.71429,
            13.14286,
            1.85714,
            14.57143
          ],
          "texture": "#3"
        },
        "south": {
          "uv": [
            5.71429,
            10.85714,
            6.28571,
            12.28571
          ],
          "texture": "#3"
        },
        "west": {
          "uv": [
            4.57143,
            13.14286,
            4.71429,
            14.57143
          ],
          "texture": "#3"
        },
        "up": {
          "uv": [
            9.71429,
            13.28571,
            9.14286,
            13.14286
          ],
          "texture": "#3"
        },
        "down": {
          "uv": [
            10.28571,
            13.14286,
            9.71429,
            13.28571
          ],
          "texture": "#3"
        }
      }
    },
    {
      "from": [
        7.75,
        7.9,
        9.6
      ],
      "to": [
        8.25,
        8.9,
        10.6
      ],
      "rotation": {
        "angle": 22.5,
        "axis": "x",
        "origin": [
          8,
          9.3,
          10.1
        ]
      },
      "faces": {
        "north": {
          "uv": [
            7.42857,
            13.14286,
            7.71429,
            13.71429
          ],
          "texture": "#3"
        },
        "east": {
          "uv": [
            7.42857,
            12.57143,
            8,
            13.14286
          ],
          "texture": "#3"
        },
        "south": {
          "uv": [
            13.14286,
            7.42857,
            13.42857,
            8
          ],
          "texture": "#3"
        },
        "west": {
          "uv": [
            12.57143,
            7.42857,
            13.14286,
            8
          ],
          "texture": "#3"
        },
        "up": {
          "uv": [
            8.28571,
            13.71429,
            8,
            13.14286
          ],
          "texture": "#3"
        },
        "down": {
          "uv": [
            13.42857,
            8,
            13.14286,
            8.57143
          ],
          "texture": "#3"
        }
      }
    },
    {
      "from": [
        6.25,
        6.75,
        10
      ],
      "to": [
        7.25,
        7.75,
        11
      ],
      "rotation": {
        "angle": 0,
        "axis": "y",
        "origin": [
          6.25,
          6.75,
          9
        ]
      },
      "faces": {
        "north": {
          "uv": [
            12.57143,
            8,
            13.14286,
            8.57143
          ],
          "texture": "#3"
        },
        "east": {
          "uv": [
            12.57143,
            8.57143,
            13.14286,
            9.14286
          ],
          "texture": "#3"
        },
        "south": {
          "uv": [
            9.14286,
            12.57143,
            9.71429,
            13.14286
          ],
          "texture": "#3"
        },
        "west": {
          "uv": [
            9.71429,
            12.57143,
            10.28571,
            13.14286
          ],
          "texture": "#3"
        },
        "up": {
          "uv": [
            13.14286,
            10.28571,
            12.57143,
            9.71429
          ],
          "texture": "#3"
        },
        "down": {
          "uv": [
            13.14286,
            10.28571,
            12.57143,
            10.85714
          ],
          "texture": "#3"
        }
      }
    },
    {
      "from": [
        6.5,
        7,
        9.5
      ],
      "to": [
        7,
        7.5,
        10
      ],
      "rotation": {
        "angle": 0,
        "axis": "y",
        "origin": [
          6.25,
          6.75,
          8
        ]
      },
      "faces": {
        "north": {
          "uv": [
            10.28571,
            13.14286,
            10.57143,
            13.42857
          ],
          "texture": "#3"
        },
        "east": {
          "uv": [
            13.14286,
            10.28571,
            13.42857,
            10.57143
          ],
          "texture": "#3"
        },
        "south": {
          "uv": [
            10.85714,
            13.14286,
            11.14286,
            13.42857
          ],
          "texture": "#3"
        },
        "west": {
          "uv": [
            13.14286,
            10.85714,
            13.42857,
            11.14286
          ],
          "texture": "#3"
        },
        "up": {
          "uv": [
            11.71429,
            13.42857,
            11.42857,
            13.14286
          ],
          "texture": "#3"
        },
        "down": {
          "uv": [
            12.28571,
            13.14286,
            12,
            13.42857
          ],
          "texture": "#3"
        }
      }
    },
    {
      "from": [
        6.25,
        6.75,
        5
      ],
      "to": [
        7.5,
        7.75,
        6
      ],
      "rotation": {
        "angle": 0,
        "axis": "y",
        "origin": [
          6.25,
          6.75,
          7
        ]
      },
      "faces": {
        "north": {
          "uv": [
            11.42857,
            12,
            12.14286,
            12.57143
          ],
          "texture": "#3"
        },
        "east": {
          "uv": [
            12.57143,
            10.85714,
            13.14286,
            11.42857
          ],
          "texture": "#3"
        },
        "south": {
          "uv": [
            0,
            12.57143,
            0.71429,
            13.14286
          ],
          "texture": "#3"
        },
        "west": {
          "uv": [
            11.42857,
            12.57143,
            12,
            13.14286
          ],
          "texture": "#3"
        },
        "up": {
          "uv": [
            13.28571,
            1.14286,
            12.57143,
            0.57143
          ],
          "texture": "#3"
        },
        "down": {
          "uv": [
            13.28571,
            1.14286,
            12.57143,
            1.71429
          ],
          "texture": "#3"
        }
      }
    },
    {
      "from": [
        6.5,
        7,
        6
      ],
      "to": [
        7,
        7.5,
        6.5
      ],
      "rotation": {
        "angle": 0,
        "axis": "y",
        "origin": [
          6.25,
          6.75,
          8
        ]
      },
      "faces": {
        "north": {
          "uv": [
            12.57143,
            13.14286,
            12.85714,
            13.42857
          ],
          "texture": "#3"
        },
        "east": {
          "uv": [
            13.14286,
            12.57143,
            13.42857,
            12.85714
          ],
          "texture": "#3"
        },
        "south": {
          "uv": [
            13.14286,
            13.14286,
            13.42857,
            13.42857
          ],
          "texture": "#3"
        },
        "west": {
          "uv": [
            13.71429,
            0.57143,
            14,
            0.85714
          ],
          "texture": "#3"
        },
        "up": {
          "uv": [
            14,
            1.42857,
            13.71429,
            1.14286
          ],
          "texture": "#3"
        },
        "down": {
          "uv": [
            14,
            1.71429,
            13.71429,
            2
          ],
          "texture": "#3"
        }
      }
    },
    {
      "from": [
        9,
        7,
        6
      ],
      "to": [
        9.5,
        7.5,
        6.5
      ],
      "rotation": {
        "angle": 0,
        "axis": "y",
        "origin": [
          9.75,
          6.75,
          8
        ]
      },
      "faces": {
        "north": {
          "uv": [
            12.85714,
            13.14286,
            12.57143,
            13.42857
          ],
          "texture": "#3"
        },
        "east": {
          "uv": [
            14,
            0.57143,
            13.71429,
            0.85714
          ],
          "texture": "#3"
        },
        "south": {
          "uv": [
            13.42857,
            13.14286,
            13.14286,
            13.42857
          ],
          "texture": "#3"
        },
        "west": {
          "uv": [
            13.42857,
            12.57143,
            13.14286,
            12.85714
          ],
          "texture": "#3"
        },
        "up": {
          "uv": [
            13.71429,
            1.42857,
            14,
            1.14286
          ],
          "texture": "#3"
        },
        "down": {
          "uv": [
            13.71429,
            1.71429,
            14,
            2
          ],
          "texture": "#3"
        }
      }
    },
    {
      "from": [
        8.5,
        6.75,
        5
      ],
      "to": [
        9.75,
        7.75,
        6
      ],
      "rotation": {
        "angle": 0,
        "axis": "y",
        "origin": [
          9.75,
          6.75,
          7
        ]
      },
      "faces": {
        "north": {
          "uv": [
            12.14286,
            12,
            11.42857,
            12.57143
          ],
          "texture": "#3"
        },
        "east": {
          "uv": [
            12,
            12.57143,
            11.42857,
            13.14286
          ],
          "texture": "#3"
        },
        "south": {
          "uv": [
            0.71429,
            12.57143,
            0,
            13.14286
          ],
          "texture": "#3"
        },
        "west": {
          "uv": [
            13.14286,
            10.85714,
            12.57143,
            11.42857
          ],
          "texture": "#3"
        },
        "up": {
          "uv": [
            12.57143,
            1.14286,
            13.28571,
            0.57143
          ],
          "texture": "#3"
        },
        "down": {
          "uv": [
            12.57143,
            1.14286,
            13.28571,
            1.71429
          ],
          "texture": "#3"
        }
      }
    },
    {
      "from": [
        9,
        7,
        9.5
      ],
      "to": [
        9.5,
        7.5,
        10
      ],
      "rotation": {
        "angle": 0,
        "axis": "y",
        "origin": [
          9.75,
          6.75,
          8
        ]
      },
      "faces": {
        "north": {
          "uv": [
            10.57143,
            13.14286,
            10.28571,
            13.42857
          ],
          "texture": "#3"
        },
        "east": {
          "uv": [
            13.42857,
            10.85714,
            13.14286,
            11.14286
          ],
          "texture": "#3"
        },
        "south": {
          "uv": [
            11.14286,
            13.14286,
            10.85714,
            13.42857
          ],
          "texture": "#3"
        },
        "west": {
          "uv": [
            13.42857,
            10.28571,
            13.14286,
            10.57143
          ],
          "texture": "#3"
        },
        "up": {
          "uv": [
            11.42857,
            13.42857,
            11.71429,
            13.14286
          ],
          "texture": "#3"
        },
        "down": {
          "uv": [
            12,
            13.14286,
            12.28571,
            13.42857
          ],
          "texture": "#3"
        }
      }
    },
    {
      "from": [
        8.75,
        6.75,
        10
      ],
      "to": [
        9.75,
        7.75,
        11
      ],
      "rotation": {
        "angle": 0,
        "axis": "y",
        "origin": [
          9.75,
          6.75,
          9
        ]
      },
      "faces": {
        "north": {
          "uv": [
            13.14286,
            8,
            12.57143,
            8.57143
          ],
          "texture": "#3"
        },
        "east": {
          "uv": [
            10.28571,
            12.57143,
            9.71429,
            13.14286
          ],
          "texture": "#3"
        },
        "south": {
          "uv": [
            9.71429,
            12.57143,
            9.14286,
            13.14286
          ],
          "texture": "#3"
        },
        "west": {
          "uv": [
            13.14286,
            8.57143,
            12.57143,
            9.14286
          ],
          "texture": "#3"
        },
        "up": {
          "uv": [
            12.57143,
            10.28571,
            13.14286,
            9.71429
          ],
          "texture": "#3"
        },
        "down": {
          "uv": [
            12.57143,
            10.28571,
            13.14286,
            10.85714
          ],
          "texture": "#3"
        }
      }
    },
    {
      "from": [
        0.75,
        8.825,
        5.5
      ],
      "to": [
        15.25,
        8.875,
        9.75
      ],
      "rotation": {
        "angle": 0,
        "axis": "y",
        "origin": [
          8,
          13.975,
          8
        ]
      },
      "faces": {
        "up": {
          "uv": [
            8.28571,
            2.42857,
            0,
            0
          ],
          "texture": "#3"
        },
        "down": {
          "uv": [
            8.28571,
            0,
            0,
            2.42857
          ],
          "texture": "#3"
        }
      }
    },
    {
      "from": [
        7.44359,
        8.25,
        2.79359
      ],
      "to": [
        9.44359,
        9.45,
        4.79359
      ],
      "rotation": {
        "angle": -45,
        "axis": "y",
        "origin": [
          8,
          8.85,
          3.35
        ]
      },
      "faces": {
        "north": {
          "uv": [
            10.28571,
            8.57143,
            11,
            9.71429
          ],
          "rotation": 90,
          "texture": "#3"
        },
        "east": {
          "uv": [
            11.57143,
            0,
            10.85714,
            1.14286
          ],
          "rotation": 270,
          "texture": "#3"
        },
        "south": {
          "uv": [
            9.14286,
            10.28571,
            9.85714,
            11.42857
          ],
          "rotation": 270,
          "texture": "#3"
        },
        "west": {
          "uv": [
            11,
            10.85714,
            10.28571,
            9.71429
          ],
          "rotation": 270,
          "texture": "#3"
        },
        "up": {
          "uv": [
            5.14286,
            8,
            6.28571,
            9.14286
          ],
          "rotation": 270,
          "texture": "#3"
        },
        "down": {
          "uv": [
            8.57143,
            0,
            9.71429,
            1.14286
          ],
          "rotation": 270,
          "texture": "#3"
        }
      }
    },
    {
      "from": [
        7.64359,
        8.05,
        2.99359
      ],
      "to": [
        9.24359,
        9.65,
        4.59359
      ],
      "rotation": {
        "angle": -45,
        "axis": "y",
        "origin": [
          8,
          8.85,
          3.35
        ]
      },
      "faces": {
        "north": {
          "uv": [
            10.85714,
            1.14286,
            11.71429,
            2
          ],
          "rotation": 90,
          "texture": "#3"
        },
        "east": {
          "uv": [
            4.28571,
            11.42857,
            3.42857,
            12.28571
          ],
          "rotation": 270,
          "texture": "#3"
        },
        "south": {
          "uv": [
            6.28571,
            10.85714,
            7.14286,
            11.71429
          ],
          "rotation": 270,
          "texture": "#3"
        },
        "west": {
          "uv": [
            0.85714,
            12.28571,
            0,
            11.42857
          ],
          "rotation": 270,
          "texture": "#3"
        },
        "up": {
          "uv": [
            10.85714,
            3.42857,
            11.71429,
            4.28571
          ],
          "rotation": 270,
          "texture": "#3"
        },
        "down": {
          "uv": [
            10.28571,
            10.85714,
            11.14286,
            11.71429
          ],
          "rotation": 270,
          "texture": "#3"
        }
      }
    },
    {
      "from": [
        8.75,
        7.85,
        1.72733
      ],
      "to": [
        9.75,
        9.85,
        4.72733
      ],
      "rotation": {
        "angle": 0,
        "axis": "y",
        "origin": [
          8,
          8.85,
          3.35
        ]
      },
      "faces": {
        "north": {
          "uv": [
            10.85714,
            7.42857,
            9.71429,
            6.85714
          ],
          "rotation": 270,
          "texture": "#3"
        },
        "east": {
          "uv": [
            5.71429,
            2.85714,
            6.85714,
            4.57143
          ],
          "rotation": 90,
          "texture": "#3"
        },
        "south": {
          "uv": [
            12,
            6.85714,
            10.85714,
            7.42857
          ],
          "rotation": 270,
          "texture": "#3"
        },
        "west": {
          "uv": [
            2.85714,
            6.28571,
            4,
            8
          ],
          "rotation": 270,
          "texture": "#3"
        },
        "up": {
          "uv": [
            3.42857,
            9.71429,
            4,
            11.42857
          ],
          "texture": "#3"
        },
        "down": {
          "uv": [
            4,
            9.71429,
            4.57143,
            11.42857
          ],
          "rotation": 180,
          "texture": "#3"
        }
      }
    },
    {
      "from": [
        7.09003,
        7.851,
        0.96516
      ],
      "to": [
        8.09003,
        9.849,
        1.96516
      ],
      "rotation": {
        "angle": -45,
        "axis": "y",
        "origin": [
          8,
          8.85,
          3.35
        ]
      },
      "faces": {
        "north": {
          "uv": [
            11.42857,
            2.85714,
            12.57143,
            3.42857
          ],
          "rotation": 90,
          "texture": "#3"
        },
        "south": {
          "uv": [
            11.42857,
            4.57143,
            12.57143,
            5.14286
          ],
          "rotation": 270,
          "texture": "#3"
        },
        "west": {
          "uv": [
            12.57143,
            5.71429,
            11.42857,
            5.14286
          ],
          "rotation": 270,
          "texture": "#3"
        },
        "up": {
          "uv": [
            10.28571,
            1.71429,
            10.85714,
            2.28571
          ],
          "rotation": 270,
          "texture": "#3"
        },
        "down": {
          "uv": [
            12.57143,
            2.85714,
            13.14286,
            3.42857
          ],
          "rotation": 270,
          "texture": "#3"
        }
      }
    },
    {
      "from": [
        9.50425,
        7.851,
        2.79358
      ],
      "to": [
        10.50425,
        9.849,
        3.79358
      ],
      "rotation": {
        "angle": -45,
        "axis": "y",
        "origin": [
          8,
          8.85,
          3.35
        ]
      },
      "faces": {
        "north": {
          "uv": [
            11.42857,
            5.71429,
            12.57143,
            6.28571
          ],
          "rotation": 90,
          "texture": "#3"
        },
        "east": {
          "uv": [
            12.57143,
            7.42857,
            11.42857,
            8
          ],
          "rotation": 270,
          "texture": "#3"
        },
        "south": {
          "uv": [
            11.42857,
            6.28571,
            12.57143,
            6.85714
          ],
          "rotation": 270,
          "texture": "#3"
        },
        "up": {
          "uv": [
            3.42857,
            12.57143,
            4,
            13.14286
          ],
          "rotation": 270,
          "texture": "#3"
        },
        "down": {
          "uv": [
            4,
            12.57143,
            4.57143,
            13.14286
          ],
          "rotation": 270,
          "texture": "#3"
        }
      }
    },
    {
      "from": [
        9.47344,
        8.35,
        2.43914
      ],
      "to": [
        11.47344,
        9.35,
        3.43914
      ],
      "rotation": {
        "angle": -22.5,
        "axis": "y",
        "origin": [
          8,
          8.85,
          3.35
        ]
      },
      "faces": {
        "north": {
          "uv": [
            5.14286,
            12.57143,
            4.57143,
            11.42857
          ],
          "rotation": 270,
          "texture": "#3"
        },
        "east": {
          "uv": [
            4.57143,
            12.57143,
            5.14286,
            13.14286
          ],
          "rotation": 90,
          "texture": "#3"
        },
        "south": {
          "uv": [
            8,
            11.42857,
            7.42857,
            12.57143
          ],
          "rotation": 270,
          "texture": "#3"
        },
        "west": {
          "uv": [
            12.57143,
            4.57143,
            13.14286,
            5.14286
          ],
          "rotation": 270,
          "texture": "#3"
        },
        "up": {
          "uv": [
            11.42857,
            8,
            12.57143,
            8.57143
          ],
          "texture": "#3"
        },
        "down": {
          "uv": [
            11.42857,
            8.57143,
            12.57143,
            9.14286
          ],
          "rotation": 180,
          "texture": "#3"
        }
      }
    },
    {
      "from": [
        10.39306,
        8.351,
        4.86912
      ],
      "to": [
        13.39306,
        9.349,
        5.86912
      ],
      "rotation": {
        "angle": 22.5,
        "axis": "y",
        "origin": [
          8,
          8.85,
          3.35
        ]
      },
      "faces": {
        "north": {
          "uv": [
            5.14286,
            11.42857,
            4.57143,
            9.71429
          ],
          "rotation": 270,
          "texture": "#3"
        },
        "east": {
          "uv": [
            5.14286,
            12.57143,
            5.71429,
            13.14286
          ],
          "rotation": 90,
          "texture": "#3"
        },
        "south": {
          "uv": [
            10.28571,
            5.14286,
            9.71429,
            6.85714
          ],
          "rotation": 270,
          "texture": "#3"
        },
        "up": {
          "uv": [
            9.71429,
            2.85714,
            11.42857,
            3.42857
          ],
          "texture": "#3"
        },
        "down": {
          "uv": [
            9.71429,
            4.57143,
            11.42857,
            5.14286
          ],
          "rotation": 180,
          "texture": "#3"
        }
      }
    },
    {
      "from": [
        11.14306,
        8.6,
        3.86912
      ],
      "to": [
        11.64306,
        9.1,
        4.86912
      ],
      "rotation": {
        "angle": 22.5,
        "axis": "y",
        "origin": [
          8,
          8.85,
          3.35
        ]
      },
      "faces": {
        "north": {
          "uv": [
            13.42857,
            8.85714,
            13.14286,
            8.57143
          ],
          "rotation": 270,
          "texture": "#3"
        },
        "east": {
          "uv": [
            13.14286,
            4.57143,
            13.42857,
            5.14286
          ],
          "rotation": 90,
          "texture": "#3"
        },
        "west": {
          "uv": [
            13.14286,
            5.14286,
            13.42857,
            5.71429
          ],
          "rotation": 270,
          "texture": "#3"
        },
        "up": {
          "uv": [
            5.14286,
            13.14286,
            5.42857,
            13.71429
          ],
          "texture": "#3"
        },
        "down": {
          "uv": [
            5.71429,
            13.14286,
            6,
            13.71429
          ],
          "rotation": 180,
          "texture": "#3"
        }
      }
    },
    {
      "from": [
        10.94311,
        8.601,
        1.14104
      ],
      "to": [
        12.36811,
        9.099,
        1.86604
      ],
      "rotation": {
        "angle": -22.5,
        "axis": "y",
        "origin": [
          8,
          8.85,
          3.35
        ]
      },
      "faces": {
        "north": {
          "uv": [
            1.42857,
            14,
            1.14286,
            13.14286
          ],
          "rotation": 270,
          "texture": "#3"
        },
        "east": {
          "uv": [
            8.57143,
            13.14286,
            8.85714,
            13.57143
          ],
          "rotation": 90,
          "texture": "#3"
        },
        "up": {
          "uv": [
            12.57143,
            1.71429,
            13.42857,
            2.14286
          ],
          "texture": "#3"
        },
        "down": {
          "uv": [
            12.57143,
            2.28571,
            13.42857,
            2.71429
          ],
          "rotation": 180,
          "texture": "#3"
        }
      }
    },
    {
      "from": [
        5.88293,
        8.35,
        1.23293
      ],
      "to": [
        8.88293,
        9.35,
        4.23293
      ],
      "rotation": {
        "angle": -45,
        "axis": "y",
        "origin": [
          8,
          8.85,
          3.35
        ]
      },
      "faces": {
        "north": {
          "uv": [
            2.28571,
            12,
            1.71429,
            10.28571
          ],
          "rotation": 270,
          "texture": "#3"
        },
        "east": {
          "uv": [
            10.28571,
            0,
            10.85714,
            1.71429
          ],
          "rotation": 90,
          "texture": "#3"
        },
        "south": {
          "uv": [
            2.85714,
            10.28571,
            2.28571,
            12
          ],
          "rotation": 270,
          "texture": "#3"
        },
        "west": {
          "uv": [
            1.14286,
            10.28571,
            1.71429,
            12
          ],
          "rotation": 270,
          "texture": "#3"
        },
        "up": {
          "uv": [
            1.71429,
            4.57143,
            3.42857,
            6.28571
          ],
          "texture": "#3"
        },
        "down": {
          "uv": [
            3.42857,
            4.57143,
            5.14286,
            6.28571
          ],
          "rotation": 180,
          "texture": "#3"
        }
      }
    },
    {
      "from": [
        9.13007,
        8.825,
        3.12113
      ],
      "to": [
        15.63007,
        8.875,
        6.12113
      ],
      "rotation": {
        "angle": 22.5,
        "axis": "y",
        "origin": [
          8,
          8.85,
          3.35
        ]
      },
      "faces": {
        "up": {
          "uv": [
            5.42857,
            2.85714,
            1.71429,
            4.57143
          ],
          "texture": "#3"
        },
        "down": {
          "uv": [
            1.71429,
            2.85714,
            5.42857,
            4.57143
          ],
          "rotation": 180,
          "texture": "#3"
        }
      }
    },
    {
      "from": [
        11.44016,
        8.21,
        -1.08474
      ],
      "to": [
        13.72016,
        9.49,
        -0.44474
      ],
      "rotation": {
        "angle": -45,
        "axis": "y",
        "origin": [
          8,
          8.85,
          3.35
        ]
      },
      "faces": {
        "north": {
          "uv": [
            10.28571,
            5.14286,
            11,
            6.42857
          ],
          "rotation": 90,
          "texture": "#3"
        },
        "east": {
          "uv": [
            12.71429,
            12.57143,
            12,
            13
          ],
          "rotation": 270,
          "texture": "#3"
        },
        "south": {
          "uv": [
            8,
            10.28571,
            8.71429,
            11.57143
          ],
          "rotation": 270,
          "texture": "#3"
        },
        "west": {
          "uv": [
            13.28571,
            11.85714,
            12.57143,
            11.42857
          ],
          "rotation": 270,
          "texture": "#3"
        },
        "up": {
          "uv": [
            2.28571,
            12,
            2.71429,
            13.28571
          ],
          "rotation": 270,
          "texture": "#3"
        },
        "down": {
          "uv": [
            2.85714,
            12,
            3.28571,
            13.28571
          ],
          "rotation": 270,
          "texture": "#3"
        }
      }
    },
    {
      "from": [
        13.64618,
        8.21,
        6.93764
      ],
      "to": [
        14.28618,
        9.49,
        8.21764
      ],
      "rotation": {
        "angle": 22.5,
        "axis": "y",
        "origin": [
          8,
          8.85,
          3.35
        ]
      },
      "faces": {
        "north": {
          "uv": [
            13.28571,
            12.42857,
            12.57143,
            12
          ],
          "rotation": 270,
          "texture": "#3"
        },
        "east": {
          "uv": [
            12,
            3.42857,
            12.71429,
            4.14286
          ],
          "rotation": 90,
          "texture": "#3"
        },
        "south": {
          "uv": [
            13.85714,
            0,
            13.14286,
            0.42857
          ],
          "rotation": 270,
          "texture": "#3"
        },
        "west": {
          "uv": [
            8,
            12,
            8.71429,
            12.71429
          ],
          "rotation": 270,
          "texture": "#3"
        },
        "up": {
          "uv": [
            0,
            13.14286,
            0.42857,
            13.85714
          ],
          "texture": "#3"
        },
        "down": {
          "uv": [
            0.57143,
            13.14286,
            1,
            13.85714
          ],
          "rotation": 180,
          "texture": "#3"
        }
      }
    },
    {
      "from": [
        4.35694,
        8.6,
        3.86912
      ],
      "to": [
        4.85694,
        9.1,
        4.86912
      ],
      "rotation": {
        "angle": -22.5,
        "axis": "y",
        "origin": [
          8,
          8.85,
          3.35
        ]
      },
      "faces": {
        "north": {
          "uv": [
            13.42857,
            8.57143,
            13.14286,
            8.85714
          ],
          "rotation": 270,
          "texture": "#3"
        },
        "east": {
          "uv": [
            13.42857,
            5.14286,
            13.14286,
            5.71429
          ],
          "rotation": 90,
          "texture": "#3"
        },
        "west": {
          "uv": [
            13.42857,
            4.57143,
            13.14286,
            5.14286
          ],
          "rotation": 270,
          "texture": "#3"
        },
        "up": {
          "uv": [
            5.42857,
            13.14286,
            5.14286,
            13.71429
          ],
          "texture": "#3"
        },
        "down": {
          "uv": [
            6,
            13.14286,
            5.71429,
            13.71429
          ],
          "rotation": 180,
          "texture": "#3"
        }
      }
    },
    {
      "from": [
        3.63189,
        8.601,
        1.14104
      ],
      "to": [
        5.05689,
        9.099,
        1.86604
      ],
      "rotation": {
        "angle": 22.5,
        "axis": "y",
        "origin": [
          8,
          8.85,
          3.35
        ]
      },
      "faces": {
        "north": {
          "uv": [
            1.42857,
            13.14286,
            1.14286,
            14
          ],
          "rotation": 270,
          "texture": "#3"
        },
        "west": {
          "uv": [
            8.85714,
            13.14286,
            8.57143,
            13.57143
          ],
          "rotation": 270,
          "texture": "#3"
        },
        "up": {
          "uv": [
            13.42857,
            1.71429,
            12.57143,
            2.14286
          ],
          "texture": "#3"
        },
        "down": {
          "uv": [
            13.42857,
            2.28571,
            12.57143,
            2.71429
          ],
          "rotation": 180,
          "texture": "#3"
        }
      }
    },
    {
      "from": [
        0.36993,
        8.825,
        3.12113
      ],
      "to": [
        6.86993,
        8.875,
        6.12113
      ],
      "rotation": {
        "angle": -22.5,
        "axis": "y",
        "origin": [
          8,
          8.85,
          3.35
        ]
      },
      "faces": {
        "up": {
          "uv": [
            1.71429,
            2.85714,
            5.42857,
            4.57143
          ],
          "texture": "#3"
        },
        "down": {
          "uv": [
            5.42857,
            2.85714,
            1.71429,
            4.57143
          ],
          "rotation": 180,
          "texture": "#3"
        }
      }
    },
    {
      "from": [
        1.71382,
        8.21,
        6.93764
      ],
      "to": [
        2.35382,
        9.49,
        8.21764
      ],
      "rotation": {
        "angle": -22.5,
        "axis": "y",
        "origin": [
          8,
          8.85,
          3.35
        ]
      },
      "faces": {
        "north": {
          "uv": [
            13.28571,
            12,
            12.57143,
            12.42857
          ],
          "rotation": 270,
          "texture": "#3"
        },
        "east": {
          "uv": [
            8.71429,
            12,
            8,
            12.71429
          ],
          "rotation": 90,
          "texture": "#3"
        },
        "south": {
          "uv": [
            13.85714,
            0.42857,
            13.14286,
            0
          ],
          "rotation": 270,
          "texture": "#3"
        },
        "west": {
          "uv": [
            12.71429,
            3.42857,
            12,
            4.14286
          ],
          "rotation": 270,
          "texture": "#3"
        },
        "up": {
          "uv": [
            0.42857,
            13.14286,
            0,
            13.85714
          ],
          "texture": "#3"
        },
        "down": {
          "uv": [
            1,
            13.14286,
            0.57143,
            13.85714
          ],
          "rotation": 180,
          "texture": "#3"
        }
      }
    },
    {
      "from": [
        3.56526,
        8.21,
        6.79016
      ],
      "to": [
        4.20526,
        9.49,
        9.07016
      ],
      "rotation": {
        "angle": -45,
        "axis": "y",
        "origin": [
          8,
          8.85,
          3.35
        ]
      },
      "faces": {
        "north": {
          "uv": [
            13.28571,
            11.42857,
            12.57143,
            11.85714
          ],
          "rotation": 270,
          "texture": "#3"
        },
        "east": {
          "uv": [
            8.71429,
            10.28571,
            8,
            11.57143
          ],
          "rotation": 90,
          "texture": "#3"
        },
        "south": {
          "uv": [
            12.71429,
            13,
            12,
            12.57143
          ],
          "rotation": 270,
          "texture": "#3"
        },
        "west": {
          "uv": [
            11,
            5.14286,
            10.28571,
            6.42857
          ],
          "rotation": 270,
          "texture": "#3"
        },
        "up": {
          "uv": [
            2.71429,
            12,
            2.28571,
            13.28571
          ],
          "texture": "#3"
        },
        "down": {
          "uv": [
            3.28571,
            12,
            2.85714,
            13.28571
          ],
          "rotation": 180,
          "texture": "#3"
        }
      }
    },
    {
      "from": [
        2.60694,
        8.351,
        4.86912
      ],
      "to": [
        5.60694,
        9.349,
        5.86912
      ],
      "rotation": {
        "angle": -22.5,
        "axis": "y",
        "origin": [
          8,
          8.85,
          3.35
        ]
      },
      "faces": {
        "north": {
          "uv": [
            5.14286,
            9.71429,
            4.57143,
            11.42857
          ],
          "rotation": 270,
          "texture": "#3"
        },
        "south": {
          "uv": [
            10.28571,
            6.85714,
            9.71429,
            5.14286
          ],
          "rotation": 270,
          "texture": "#3"
        },
        "west": {
          "uv": [
            5.71429,
            12.57143,
            5.14286,
            13.14286
          ],
          "rotation": 270,
          "texture": "#3"
        },
        "up": {
          "uv": [
            11.42857,
            2.85714,
            9.71429,
            3.42857
          ],
          "texture": "#3"
        },
        "down": {
          "uv": [
            11.42857,
            4.57143,
            9.71429,
            5.14286
          ],
          "rotation": 180,
          "texture": "#3"
        }
      }
    },
    {
      "from": [
        4.52656,
        8.35,
        2.43914
      ],
      "to": [
        6.52656,
        9.35,
        3.43914
      ],
      "rotation": {
        "angle": 22.5,
        "axis": "y",
        "origin": [
          8,
          8.85,
          3.35
        ]
      },
      "faces": {
        "north": {
          "uv": [
            5.14286,
            11.42857,
            4.57143,
            12.57143
          ],
          "rotation": 270,
          "texture": "#3"
        },
        "east": {
          "uv": [
            13.14286,
            4.57143,
            12.57143,
            5.14286
          ],
          "rotation": 90,
          "texture": "#3"
        },
        "south": {
          "uv": [
            8,
            12.57143,
            7.42857,
            11.42857
          ],
          "rotation": 270,
          "texture": "#3"
        },
        "west": {
          "uv": [
            5.14286,
            12.57143,
            4.57143,
            13.14286
          ],
          "rotation": 270,
          "texture": "#3"
        },
        "up": {
          "uv": [
            12.57143,
            8,
            11.42857,
            8.57143
          ],
          "texture": "#3"
        },
        "down": {
          "uv": [
            12.57143,
            8.57143,
            11.42857,
            9.14286
          ],
          "rotation": 180,
          "texture": "#3"
        }
      }
    },
    {
      "from": [
        7.44358,
        7.851,
        4.85425
      ],
      "to": [
        8.44358,
        9.849,
        5.85425
      ],
      "rotation": {
        "angle": -45,
        "axis": "y",
        "origin": [
          8,
          8.85,
          3.35
        ]
      },
      "faces": {
        "east": {
          "uv": [
            12.57143,
            6.28571,
            11.42857,
            6.85714
          ],
          "rotation": 90,
          "texture": "#3"
        },
        "south": {
          "uv": [
            12.57143,
            8,
            11.42857,
            7.42857
          ],
          "rotation": 270,
          "texture": "#3"
        },
        "west": {
          "uv": [
            12.57143,
            5.71429,
            11.42857,
            6.28571
          ],
          "rotation": 270,
          "texture": "#3"
        },
        "up": {
          "uv": [
            4,
            12.57143,
            3.42857,
            13.14286
          ],
          "texture": "#3"
        },
        "down": {
          "uv": [
            4.57143,
            12.57143,
            4,
            13.14286
          ],
          "rotation": 180,
          "texture": "#3"
        }
      }
    },
    {
      "from": [
        6.25,
        7.85,
        1.72733
      ],
      "to": [
        7.25,
        9.85,
        4.72733
      ],
      "rotation": {
        "angle": 0,
        "axis": "y",
        "origin": [
          8,
          8.85,
          3.35
        ]
      },
      "faces": {
        "north": {
          "uv": [
            10.85714,
            6.85714,
            9.71429,
            7.42857
          ],
          "rotation": 270,
          "texture": "#3"
        },
        "east": {
          "uv": [
            4,
            6.28571,
            2.85714,
            8
          ],
          "rotation": 90,
          "texture": "#3"
        },
        "south": {
          "uv": [
            12,
            7.42857,
            10.85714,
            6.85714
          ],
          "rotation": 270,
          "texture": "#3"
        },
        "west": {
          "uv": [
            6.85714,
            2.85714,
            5.71429,
            4.57143
          ],
          "rotation": 270,
          "texture": "#3"
        },
        "up": {
          "uv": [
            4,
            9.71429,
            3.42857,
            11.42857
          ],
          "texture": "#3"
        },
        "down": {
          "uv": [
            4.57143,
            9.71429,
            4,
            11.42857
          ],
          "rotation": 180,
          "texture": "#3"
        }
      }
    },
    {
      "from": [
        5.61516,
        7.851,
        2.44003
      ],
      "to": [
        6.61516,
        9.849,
        3.44003
      ],
      "rotation": {
        "angle": -45,
        "axis": "y",
        "origin": [
          8,
          8.85,
          3.35
        ]
      },
      "faces": {
        "north": {
          "uv": [
            12.57143,
            5.14286,
            11.42857,
            5.71429
          ],
          "rotation": 270,
          "texture": "#3"
        },
        "east": {
          "uv": [
            12.57143,
            4.57143,
            11.42857,
            5.14286
          ],
          "rotation": 90,
          "texture": "#3"
        },
        "west": {
          "uv": [
            12.57143,
            2.85714,
            11.42857,
            3.42857
          ],
          "rotation": 270,
          "texture": "#3"
        },
        "up": {
          "uv": [
            10.85714,
            1.71429,
            10.28571,
            2.28571
          ],
          "texture": "#3"
        },
        "down": {
          "uv": [
            13.14286,
            2.85714,
            12.57143,
            3.42857
          ],
          "rotation": 180,
          "texture": "#3"
        }
      }
    }
  ],
  "gui_light": "front",
  "display": {
    "thirdperson_righthand": {
      "translation": [
        0,
        1.5,
        -0.5
      ]
    },
    "thirdperson_lefthand": {
      "translation": [
        0,
        1.5,
        -0.5
      ]
    },
    "firstperson_righthand": {
      "rotation": [
        0,
        0,
        21
      ],
      "translation": [
        -3,
        5,
        3.75
      ]
    },
    "firstperson_lefthand": {
      "rotation": [
        0,
        0,
        21
      ],
      "translation": [
        -3,
        5,
        3.75
      ]
    },
    "ground": {
      "rotation": [
        15,
        0,
        0
      ],
      "translation": [
        0,
        10.75,
        0
      ]
    },
    "gui": {
      "rotation": [
        90,
        45,
        0
      ],
      "translation": [
        2.25,
        -2.25,
        0
      ]
    },
    "head": {
      "rotation": [
        -45,
        180,
        0
      ]
    },
    "fixed": {
      "rotation": [
        -90,
        0,
        0
      ],
      "translation": [
        0,
        1.25,
        -5
      ],
      "scale": [
        1.5,
        1.5,
        1.5
      ]
    }
  }
}