{
  "credit": "Made by PolygonMC",
  "texture_size": [
    24,
    24
  ],
  "textures": {
    "1": "nexusset:animations/animations_bolt",
    "2": "nexusset:animations/animations_nexus",
    "3": "nexusset:staff"
  },
  "elements": [
    {
      "from": [
        7.395,
        -1.105,
        7.395
      ],
      "to": [
        8.605,
        0.105,
        8.605
      ],
      "rotation": {
        "angle": -45,
        "axis": "x",
        "origin": [
          8,
          -0.5,
          8
        ]
      },
      "faces": {
        "north": {
          "uv": [
            10.66667,
            8.66667,
            11.5,
            9.5
          ],
          "texture": "#3"
        },
        "east": {
          "uv": [
            10.66667,
            10,
            11.5,
            10.83333
          ],
          "texture": "#3"
        },
        "south": {
          "uv": [
            11.33333,
            0,
            12.16667,
            0.83333
          ],
          "texture": "#3"
        },
        "west": {
          "uv": [
            11.33333,
            1.33333,
            12.16667,
            2.16667
          ],
          "texture": "#3"
        },
        "up": {
          "uv": [
            12.16667,
            3.5,
            11.33333,
            2.66667
          ],
          "texture": "#3"
        },
        "down": {
          "uv": [
            5.5,
            11.33333,
            4.66667,
            12.16667
          ],
          "texture": "#3"
        }
      }
    },
    {
      "from": [
        7.195,
        -0.905,
        7.595
      ],
      "to": [
        8.805,
        -0.095,
        8.405
      ],
      "rotation": {
        "angle": -45,
        "axis": "x",
        "origin": [
          8,
          -0.5,
          8
        ]
      },
      "faces": {
        "north": {
          "uv": [
            11.33333,
            11.33333,
            12.33333,
            11.83333
          ],
          "texture": "#3"
        },
        "east": {
          "uv": [
            6.66667,
            12.66667,
            7.16667,
            13.16667
          ],
          "texture": "#3"
        },
        "south": {
          "uv": [
            0,
            12,
            1,
            12.5
          ],
          "texture": "#3"
        },
        "west": {
          "uv": [
            12.66667,
            6.66667,
            13.16667,
            7.16667
          ],
          "texture": "#3"
        },
        "up": {
          "uv": [
            2.33333,
            12.5,
            1.33333,
            12
          ],
          "texture": "#3"
        },
        "down": {
          "uv": [
            13,
            4,
            12,
            4.5
          ],
          "texture": "#3"
        }
      }
    },
    {
      "from": [
        7.75,
        -1.25,
        6.525
      ],
      "to": [
        8.25,
        -0.25,
        8.025
      ],
      "rotation": {
        "angle": -22.5,
        "axis": "x",
        "origin": [
          8,
          -0.75,
          7.025
        ]
      },
      "faces": {
        "east": {
          "uv": [
            11.33333,
            5.33333,
            12.33333,
            6
          ],
          "texture": "#3"
        },
        "west": {
          "uv": [
            10,
            11.33333,
            11,
            12
          ],
          "texture": "#3"
        },
        "up": {
          "uv": [
            4.33333,
            13.66667,
            4,
            12.66667
          ],
          "texture": "#3"
        },
        "down": {
          "uv": [
            5,
            12.66667,
            4.66667,
            13.66667
          ],
          "texture": "#3"
        }
      }
    },
    {
      "from": [
        7.5,
        -1.4235,
        6.18118
      ],
      "to": [
        8.5,
        0.5765,
        7.18118
      ],
      "rotation": {
        "angle": 0,
        "axis": "x",
        "origin": [
          8,
          0.15761,
          6.77343
        ]
      },
      "faces": {
        "north": {
          "uv": [
            4,
            2,
            4.66667,
            3.33333
          ],
          "texture": "#3"
        },
        "east": {
          "uv": [
            8.66667,
            3.33333,
            9.33333,
            4.66667
          ],
          "texture": "#3"
        },
        "south": {
          "uv": [
            10,
            4,
            10.66667,
            5.33333
          ],
          "texture": "#3"
        },
        "west": {
          "uv": [
            4.66667,
            10,
            5.33333,
            11.33333
          ],
          "texture": "#3"
        },
        "up": {
          "uv": [
            4.66667,
            6,
            4,
            5.33333
          ],
          "texture": "#3"
        },
        "down": {
          "uv": [
            8.66667,
            7.33333,
            8,
            8
          ],
          "texture": "#3"
        }
      }
    },
    {
      "from": [
        7.5015,
        -0.25787,
        5.76555
      ],
      "to": [
        8.4985,
        0.74213,
        6.76555
      ],
      "rotation": {
        "angle": 45,
        "axis": "x",
        "origin": [
          8,
          0.15761,
          6.77343
        ]
      },
      "faces": {
        "north": {
          "uv": [
            8.66667,
            1.33333,
            9.33333,
            2
          ],
          "texture": "#3"
        },
        "east": {
          "uv": [
            8.66667,
            10.66667,
            9.33333,
            11.33333
          ],
          "texture": "#3"
        },
        "west": {
          "uv": [
            2.66667,
            12,
            3.33333,
            12.66667
          ],
          "texture": "#3"
        },
        "up": {
          "uv": [
            4.66667,
            12.66667,
            4,
            12
          ],
          "texture": "#3"
        },
        "down": {
          "uv": [
            12.66667,
            4.66667,
            12,
            5.33333
          ],
          "texture": "#3"
        }
      }
    },
    {
      "from": [
        7.5,
        -0.25,
        7.5
      ],
      "to": [
        8.5,
        0.75,
        8.5
      ],
      "rotation": {
        "angle": 0,
        "axis": "y",
        "origin": [
          7.5,
          -0.25,
          7.5
        ]
      },
      "faces": {
        "north": {
          "uv": [
            12,
            6,
            12.66667,
            6.66667
          ],
          "texture": "#3"
        },
        "east": {
          "uv": [
            12,
            6.66667,
            12.66667,
            7.33333
          ],
          "texture": "#3"
        },
        "south": {
          "uv": [
            12,
            7.33333,
            12.66667,
            8
          ],
          "texture": "#3"
        },
        "west": {
          "uv": [
            12,
            8,
            12.66667,
            8.66667
          ],
          "texture": "#3"
        },
        "up": {
          "uv": [
            12.66667,
            9.33333,
            12,
            8.66667
          ],
          "texture": "#3"
        },
        "down": {
          "uv": [
            12.66667,
            9.33333,
            12,
            10
          ],
          "texture": "#3"
        }
      }
    },
    {
      "from": [
        7.5,
        3.55,
        7.5
      ],
      "to": [
        8.5,
        5.55,
        8.5
      ],
      "rotation": {
        "angle": 0,
        "axis": "y",
        "origin": [
          7.5,
          3.55,
          7.5
        ]
      },
      "faces": {
        "north": {
          "uv": [
            5.33333,
            10,
            6,
            11.33333
          ],
          "texture": "#3"
        },
        "east": {
          "uv": [
            6,
            10,
            6.66667,
            11.33333
          ],
          "texture": "#3"
        },
        "south": {
          "uv": [
            9.33333,
            10,
            10,
            11.33333
          ],
          "texture": "#3"
        },
        "west": {
          "uv": [
            10,
            10,
            10.66667,
            11.33333
          ],
          "texture": "#3"
        },
        "down": {
          "uv": [
            10.66667,
            12,
            10,
            12.66667
          ],
          "texture": "#3"
        }
      }
    },
    {
      "from": [
        7.6,
        0.75,
        7.6
      ],
      "to": [
        8.4,
        3.55,
        8.4
      ],
      "rotation": {
        "angle": 0,
        "axis": "y",
        "origin": [
          7.5,
          1.65,
          7.5
        ]
      },
      "faces": {
        "north": {
          "uv": [
            8,
            9.33333,
            8.5,
            11.16667
          ],
          "texture": "#3"
        },
        "east": {
          "uv": [
            0,
            10,
            0.5,
            11.83333
          ],
          "texture": "#3"
        },
        "south": {
          "uv": [
            10,
            0,
            10.5,
            1.83333
          ],
          "texture": "#3"
        },
        "west": {
          "uv": [
            0.66667,
            10,
            1.16667,
            11.83333
          ],
          "texture": "#3"
        }
      }
    },
    {
      "from": [
        7.5,
        9.85,
        7.5
      ],
      "to": [
        8.5,
        11.85,
        8.5
      ],
      "rotation": {
        "angle": 0,
        "axis": "y",
        "origin": [
          7.5,
          3.6,
          7.5
        ]
      },
      "faces": {
        "north": {
          "uv": [
            10.66667,
            0,
            11.33333,
            1.33333
          ],
          "texture": "#3"
        },
        "east": {
          "uv": [
            10.66667,
            1.33333,
            11.33333,
            2.66667
          ],
          "texture": "#3"
        },
        "south": {
          "uv": [
            2.66667,
            10.66667,
            3.33333,
            12
          ],
          "texture": "#3"
        },
        "west": {
          "uv": [
            10.66667,
            2.66667,
            11.33333,
            4
          ],
          "texture": "#3"
        },
        "down": {
          "uv": [
            12.66667,
            10,
            12,
            10.66667
          ],
          "texture": "#3"
        }
      }
    },
    {
      "from": [
        7.6,
        7.05,
        7.6
      ],
      "to": [
        8.4,
        9.85,
        8.4
      ],
      "rotation": {
        "angle": 0,
        "axis": "y",
        "origin": [
          7.5,
          1.7,
          7.5
        ]
      },
      "faces": {
        "north": {
          "uv": [
            1.33333,
            10,
            1.83333,
            11.83333
          ],
          "texture": "#3"
        },
        "east": {
          "uv": [
            2,
            10,
            2.5,
            11.83333
          ],
          "texture": "#3"
        },
        "south": {
          "uv": [
            10,
            2,
            10.5,
            3.83333
          ],
          "texture": "#3"
        },
        "west": {
          "uv": [
            4,
            10,
            4.5,
            11.83333
          ],
          "texture": "#3"
        }
      }
    },
    {
      "from": [
        7.5,
        6.05,
        7.5
      ],
      "to": [
        8.5,
        7.05,
        8.5
      ],
      "rotation": {
        "angle": 0,
        "axis": "y",
        "origin": [
          7.5,
          -0.2,
          7.5
        ]
      },
      "faces": {
        "north": {
          "uv": [
            10.66667,
            12,
            11.33333,
            12.66667
          ],
          "texture": "#3"
        },
        "east": {
          "uv": [
            12,
            10.66667,
            12.66667,
            11.33333
          ],
          "texture": "#3"
        },
        "south": {
          "uv": [
            11.33333,
            12,
            12,
            12.66667
          ],
          "texture": "#3"
        },
        "west": {
          "uv": [
            12,
            12,
            12.66667,
            12.66667
          ],
          "texture": "#3"
        },
        "up": {
          "uv": [
            0.66667,
            13.33333,
            0,
            12.66667
          ],
          "texture": "#3"
        },
        "down": {
          "uv": [
            13.33333,
            0,
            12.66667,
            0.66667
          ],
          "texture": "#3"
        }
      }
    },
    {
      "from": [
        7.4,
        17.275,
        7
      ],
      "to": [
        8.6,
        19.275,
        9
      ],
      "rotation": {
        "angle": 45,
        "axis": "x",
        "origin": [
          8,
          18.275,
          8
        ]
      },
      "faces": {
        "north": {
          "uv": [
            8,
            2,
            8.83333,
            3.33333
          ],
          "texture": "#3"
        },
        "east": {
          "uv": [
            7.33333,
            3.33333,
            8.66667,
            4.66667
          ],
          "texture": "#3"
        },
        "south": {
          "uv": [
            8,
            6,
            8.83333,
            7.33333
          ],
          "texture": "#3"
        },
        "west": {
          "uv": [
            7.33333,
            4.66667,
            8.66667,
            6
          ],
          "texture": "#3"
        },
        "up": {
          "uv": [
            8.16667,
            9.33333,
            7.33333,
            8
          ],
          "texture": "#3"
        },
        "down": {
          "uv": [
            9.5,
            0,
            8.66667,
            1.33333
          ],
          "texture": "#3"
        }
      }
    },
    {
      "from": [
        7.2,
        17.475,
        7.2
      ],
      "to": [
        8.8,
        19.075,
        8.8
      ],
      "rotation": {
        "angle": 45,
        "axis": "x",
        "origin": [
          8,
          18.275,
          8
        ]
      },
      "faces": {
        "north": {
          "uv": [
            8.66667,
            4.66667,
            9.66667,
            5.66667
          ],
          "texture": "#3"
        },
        "east": {
          "uv": [
            2.66667,
            9.33333,
            3.66667,
            10.33333
          ],
          "texture": "#3"
        },
        "south": {
          "uv": [
            9.33333,
            6,
            10.33333,
            7
          ],
          "texture": "#3"
        },
        "west": {
          "uv": [
            6.66667,
            9.33333,
            7.66667,
            10.33333
          ],
          "texture": "#3"
        },
        "up": {
          "uv": [
            10.33333,
            8.33333,
            9.33333,
            7.33333
          ],
          "texture": "#3"
        },
        "down": {
          "uv": [
            10.33333,
            8.66667,
            9.33333,
            9.66667
          ],
          "texture": "#3"
        }
      }
    },
    {
      "from": [
        7,
        17.525,
        6.25
      ],
      "to": [
        9,
        20.525,
        7.25
      ],
      "rotation": {
        "angle": 0,
        "axis": "y",
        "origin": [
          7,
          12.275,
          7.25
        ]
      },
      "faces": {
        "north": {
          "uv": [
            6,
            4,
            7.33333,
            6
          ],
          "texture": "#3"
        },
        "east": {
          "uv": [
            7.33333,
            6,
            8,
            8
          ],
          "texture": "#3"
        },
        "south": {
          "uv": [
            5.33333,
            6,
            6.66667,
            8
          ],
          "texture": "#3"
        },
        "west": {
          "uv": [
            0,
            8,
            0.66667,
            10
          ],
          "texture": "#3"
        },
        "up": {
          "uv": [
            11.33333,
            6,
            10,
            5.33333
          ],
          "texture": "#3"
        },
        "down": {
          "uv": [
            12,
            4,
            10.66667,
            4.66667
          ],
          "texture": "#3"
        }
      }
    },
    {
      "from": [
        7.001,
        20.025,
        6.45711
      ],
      "to": [
        8.999,
        21.025,
        7.45711
      ],
      "rotation": {
        "angle": 45,
        "axis": "x",
        "origin": [
          8.001,
          20.525,
          6.95711
        ]
      },
      "faces": {
        "north": {
          "uv": [
            10.66667,
            4.66667,
            12,
            5.33333
          ],
          "texture": "#3"
        },
        "east": {
          "uv": [
            0.66667,
            12.66667,
            1.33333,
            13.33333
          ],
          "texture": "#3"
        },
        "south": {
          "uv": [
            10.66667,
            6,
            12,
            6.66667
          ],
          "texture": "#3"
        },
        "west": {
          "uv": [
            12.66667,
            0.66667,
            13.33333,
            1.33333
          ],
          "texture": "#3"
        },
        "up": {
          "uv": [
            8,
            11.33333,
            6.66667,
            10.66667
          ],
          "texture": "#3"
        }
      }
    },
    {
      "from": [
        7.001,
        17.025,
        6.04289
      ],
      "to": [
        8.999,
        18.025,
        7.04289
      ],
      "rotation": {
        "angle": 45,
        "axis": "x",
        "origin": [
          8.001,
          17.525,
          6.54289
        ]
      },
      "faces": {
        "north": {
          "uv": [
            10.66667,
            6.66667,
            12,
            7.33333
          ],
          "texture": "#3"
        },
        "east": {
          "uv": [
            1.33333,
            12.66667,
            2,
            13.33333
          ],
          "texture": "#3"
        },
        "south": {
          "uv": [
            10.66667,
            7.33333,
            12,
            8
          ],
          "texture": "#3"
        },
        "west": {
          "uv": [
            12.66667,
            1.33333,
            13.33333,
            2
          ],
          "texture": "#3"
        },
        "down": {
          "uv": [
            12,
            8,
            10.66667,
            8.66667
          ],
          "texture": "#3"
        }
      }
    },
    {
      "from": [
        7.5,
        18.275,
        6.5
      ],
      "to": [
        8.5,
        21.275,
        9.5
      ],
      "rotation": {
        "angle": -45,
        "axis": "x",
        "origin": [
          8,
          19.775,
          8
        ]
      },
      "faces": {
        "north": {
          "uv": [
            8,
            0,
            8.66667,
            2
          ],
          "texture": "#3"
        },
        "east": {
          "uv": [
            2.66667,
            3.33333,
            4.66667,
            5.33333
          ],
          "texture": "#3"
        },
        "south": {
          "uv": [
            0.66667,
            8,
            1.33333,
            10
          ],
          "texture": "#3"
        },
        "west": {
          "uv": [
            4,
            0,
            6,
            2
          ],
          "texture": "#3"
        },
        "up": {
          "uv": [
            2,
            10,
            1.33333,
            8
          ],
          "texture": "#3"
        },
        "down": {
          "uv": [
            2.66667,
            8,
            2,
            10
          ],
          "texture": "#3"
        }
      }
    },
    {
      "from": [
        7.75,
        12.775,
        6.5
      ],
      "to": [
        8.25,
        17.775,
        7.5
      ],
      "rotation": {
        "angle": 0,
        "axis": "y",
        "origin": [
          7.25,
          26.275,
          0
        ]
      },
      "faces": {
        "north": {
          "uv": [
            8.66667,
            7.33333,
            9,
            10.66667
          ],
          "texture": "#3"
        },
        "east": {
          "uv": [
            6.66667,
            6,
            7.33333,
            9.33333
          ],
          "texture": "#3"
        },
        "south": {
          "uv": [
            9.33333,
            1.33333,
            9.66667,
            4.66667
          ],
          "texture": "#3"
        },
        "west": {
          "uv": [
            7.33333,
            0,
            8,
            3.33333
          ],
          "texture": "#3"
        },
        "up": {
          "uv": [
            7.66667,
            13.33333,
            7.33333,
            12.66667
          ],
          "texture": "#3"
        },
        "down": {
          "uv": [
            13,
            7.33333,
            12.66667,
            8
          ],
          "texture": "#3"
        }
      }
    },
    {
      "from": [
        7.752,
        13.98211,
        5.79289
      ],
      "to": [
        8.248,
        16.98211,
        6.79289
      ],
      "rotation": {
        "angle": 0,
        "axis": "y",
        "origin": [
          7.252,
          29.48211,
          -0.70711
        ]
      },
      "faces": {
        "north": {
          "uv": [
            3.33333,
            10.66667,
            3.66667,
            12.66667
          ],
          "texture": "#3"
        },
        "east": {
          "uv": [
            5.33333,
            8,
            6,
            10
          ],
          "texture": "#3"
        },
        "west": {
          "uv": [
            6,
            8,
            6.66667,
            10
          ],
          "texture": "#3"
        }
      }
    },
    {
      "from": [
        7.751,
        12.275,
        6.70711
      ],
      "to": [
        8.249,
        13.275,
        7.70711
      ],
      "rotation": {
        "angle": -45,
        "axis": "x",
        "origin": [
          8.001,
          12.775,
          7.20711
        ]
      },
      "faces": {
        "north": {
          "uv": [
            8,
            12.66667,
            8.33333,
            13.33333
          ],
          "texture": "#3"
        },
        "east": {
          "uv": [
            2,
            12.66667,
            2.66667,
            13.33333
          ],
          "texture": "#3"
        },
        "south": {
          "uv": [
            12.66667,
            8,
            13,
            8.66667
          ],
          "texture": "#3"
        },
        "west": {
          "uv": [
            12.66667,
            2,
            13.33333,
            2.66667
          ],
          "texture": "#3"
        },
        "down": {
          "uv": [
            9,
            12.66667,
            8.66667,
            13.33333
          ],
          "texture": "#3"
        }
      }
    },
    {
      "from": [
        7.751,
        13.48211,
        6
      ],
      "to": [
        8.249,
        14.48211,
        7
      ],
      "rotation": {
        "angle": -45,
        "axis": "x",
        "origin": [
          8.001,
          13.98211,
          6.5
        ]
      },
      "faces": {
        "north": {
          "uv": [
            12.66667,
            8.66667,
            13,
            9.33333
          ],
          "texture": "#3"
        },
        "east": {
          "uv": [
            2.66667,
            12.66667,
            3.33333,
            13.33333
          ],
          "texture": "#3"
        },
        "west": {
          "uv": [
            12.66667,
            2.66667,
            13.33333,
            3.33333
          ],
          "texture": "#3"
        },
        "up": {
          "uv": [
            9.66667,
            13.33333,
            9.33333,
            12.66667
          ],
          "texture": "#3"
        }
      }
    },
    {
      "from": [
        7.751,
        16.48211,
        6
      ],
      "to": [
        8.249,
        17.48211,
        7
      ],
      "rotation": {
        "angle": -45,
        "axis": "x",
        "origin": [
          8.001,
          16.98211,
          6.5
        ]
      },
      "faces": {
        "north": {
          "uv": [
            12.66667,
            9.33333,
            13,
            10
          ],
          "texture": "#3"
        },
        "east": {
          "uv": [
            3.33333,
            12.66667,
            4,
            13.33333
          ],
          "texture": "#3"
        },
        "west": {
          "uv": [
            12.66667,
            3.33333,
            13.33333,
            4
          ],
          "texture": "#3"
        },
        "up": {
          "uv": [
            10.33333,
            13.33333,
            10,
            12.66667
          ],
          "texture": "#3"
        }
      }
    },
    {
      "from": [
        7.975,
        -1.78335,
        5.87482
      ],
      "to": [
        8.025,
        3.21665,
        7.87482
      ],
      "rotation": {
        "angle": 0,
        "axis": "x",
        "origin": [
          8,
          0.15761,
          6.77343
        ]
      },
      "faces": {
        "east": {
          "uv": [
            4,
            0,
            2.66667,
            3.33333
          ],
          "texture": "#3"
        },
        "west": {
          "uv": [
            2.66667,
            0,
            4,
            3.33333
          ],
          "texture": "#3"
        }
      }
    },
    {
      "from": [
        7.425,
        11.825,
        7.425
      ],
      "to": [
        8.575,
        17.525,
        8.575
      ],
      "rotation": {
        "angle": 0,
        "axis": "y",
        "origin": [
          7.5,
          11.825,
          7.5
        ]
      },
      "faces": {
        "north": {
          "uv": [
            4.66667,
            2,
            5.5,
            5.83333
          ],
          "texture": "#3"
        },
        "east": {
          "uv": [
            2.66667,
            5.33333,
            3.5,
            9.16667
          ],
          "texture": "#3"
        },
        "south": {
          "uv": [
            6,
            0,
            6.83333,
            3.83333
          ],
          "texture": "#3"
        },
        "west": {
          "uv": [
            4,
            6,
            4.83333,
            9.83333
          ],
          "texture": "#3"
        },
        "down": {
          "uv": [
            6.83333,
            11.33333,
            6,
            12.16667
          ],
          "texture": "#3"
        }
      }
    },
    {
      "from": [
        7.4,
        5.55,
        7.4
      ],
      "to": [
        8.6,
        6.05,
        8.6
      ],
      "rotation": {
        "angle": 0,
        "axis": "y",
        "origin": [
          7.5,
          5.55,
          7.5
        ]
      },
      "faces": {
        "north": {
          "uv": [
            12.66667,
            4.66667,
            13.5,
            5
          ],
          "texture": "#3"
        },
        "east": {
          "uv": [
            5.33333,
            12.66667,
            6.16667,
            13
          ],
          "texture": "#3"
        },
        "south": {
          "uv": [
            12.66667,
            5.33333,
            13.5,
            5.66667
          ],
          "texture": "#3"
        },
        "west": {
          "uv": [
            12.66667,
            6,
            13.5,
            6.33333
          ],
          "texture": "#3"
        },
        "up": {
          "uv": [
            8.16667,
            12.16667,
            7.33333,
            11.33333
          ],
          "texture": "#3"
        },
        "down": {
          "uv": [
            9.5,
            11.33333,
            8.66667,
            12.16667
          ],
          "texture": "#3"
        }
      }
    },
    {
      "from": [
        6.475,
        15.75,
        5.5
      ],
      "to": [
        6.475,
        20.75,
        10.5
      ],
      "rotation": {
        "angle": 0,
        "axis": "y",
        "origin": [
          6.5,
          18.25,
          8
        ]
      },
      "faces": {
        "west": {
          "uv": [
            0,
            0,
            10,
            10
          ],
          "texture": "#2"
        }
      }
    },
    {
      "from": [
        9.525,
        15.75,
        5.5
      ],
      "to": [
        9.525,
        20.75,
        10.5
      ],
      "rotation": {
        "angle": 0,
        "axis": "y",
        "origin": [
          9.5,
          18.25,
          8
        ]
      },
      "faces": {
        "east": {
          "uv": [
            10,
            0,
            0,
            10
          ],
          "texture": "#2"
        }
      }
    },
    {
      "from": [
        7.50996,
        11.5,
        2.25996
      ],
      "to": [
        7.50996,
        22.5,
        6.25996
      ],
      "rotation": {
        "angle": 0,
        "axis": "y",
        "origin": [
          7.50996,
          17,
          4.25996
        ]
      },
      "faces": {
        "west": {
          "uv": [
            5.33333,
            14.66667,
            0,
            0
          ],
          "texture": "#1"
        }
      }
    },
    {
      "from": [
        7.50996,
        11.5,
        9.74004
      ],
      "to": [
        7.50996,
        22.5,
        13.74004
      ],
      "rotation": {
        "angle": 0,
        "axis": "y",
        "origin": [
          7.50996,
          17,
          11.74004
        ]
      },
      "faces": {
        "west": {
          "uv": [
            0,
            14.66667,
            5.33333,
            0
          ],
          "texture": "#1"
        }
      }
    },
    {
      "from": [
        8.49004,
        11.5,
        9.74004
      ],
      "to": [
        8.49004,
        22.5,
        13.74004
      ],
      "rotation": {
        "angle": 0,
        "axis": "y",
        "origin": [
          8.49004,
          17,
          11.74004
        ]
      },
      "faces": {
        "east": {
          "uv": [
            5.33333,
            14.66667,
            0,
            0
          ],
          "texture": "#1"
        }
      }
    },
    {
      "from": [
        8.49004,
        11.5,
        2.25996
      ],
      "to": [
        8.49004,
        22.5,
        6.25996
      ],
      "rotation": {
        "angle": 0,
        "axis": "y",
        "origin": [
          8.49004,
          17,
          4.25996
        ]
      },
      "faces": {
        "east": {
          "uv": [
            0,
            14.66667,
            5.33333,
            0
          ],
          "texture": "#1"
        }
      }
    },
    {
      "from": [
        7.75,
        1.48571,
        2.18554
      ],
      "to": [
        7.75,
        5.98571,
        4.43554
      ],
      "rotation": {
        "angle": -22.5,
        "axis": "x",
        "origin": [
          8,
          10.40146,
          7.07394
        ]
      },
      "faces": {
        "west": {
          "uv": [
            9.33333,
            0,
            12.33333,
            6
          ],
          "texture": "#1"
        }
      }
    },
    {
      "from": [
        7.75,
        1.48571,
        11.56446
      ],
      "to": [
        7.75,
        5.98571,
        13.81446
      ],
      "rotation": {
        "angle": 22.5,
        "axis": "x",
        "origin": [
          8,
          10.40146,
          8.92606
        ]
      },
      "faces": {
        "west": {
          "uv": [
            12.33333,
            0,
            9.33333,
            6
          ],
          "texture": "#1"
        }
      }
    },
    {
      "from": [
        8.25,
        1.48571,
        11.56446
      ],
      "to": [
        8.25,
        5.98571,
        13.81446
      ],
      "rotation": {
        "angle": 22.5,
        "axis": "x",
        "origin": [
          8,
          10.40146,
          8.92606
        ]
      },
      "faces": {
        "east": {
          "uv": [
            9.33333,
            0,
            12.33333,
            6
          ],
          "texture": "#1"
        }
      }
    },
    {
      "from": [
        8.25,
        1.48571,
        2.18554
      ],
      "to": [
        8.25,
        5.98571,
        4.43554
      ],
      "rotation": {
        "angle": -22.5,
        "axis": "x",
        "origin": [
          8,
          10.40146,
          7.07394
        ]
      },
      "faces": {
        "east": {
          "uv": [
            12.33333,
            0,
            9.33333,
            6
          ],
          "texture": "#1"
        }
      }
    },
    {
      "from": [
        7.975,
        11,
        3
      ],
      "to": [
        8.025,
        23,
        7
      ],
      "rotation": {
        "angle": 0,
        "axis": "y",
        "origin": [
          7.975,
          11,
          2
        ]
      },
      "faces": {
        "east": {
          "uv": [
            2.66667,
            0,
            0,
            8
          ],
          "texture": "#3"
        },
        "west": {
          "uv": [
            0,
            0,
            2.66667,
            8
          ],
          "texture": "#3"
        }
      }
    },
    {
      "from": [
        7,
        17.525,
        8.75
      ],
      "to": [
        9,
        20.525,
        9.75
      ],
      "rotation": {
        "angle": 0,
        "axis": "y",
        "origin": [
          7,
          12.275,
          8.75
        ]
      },
      "faces": {
        "north": {
          "uv": [
            6.66667,
            6,
            5.33333,
            8
          ],
          "texture": "#3"
        },
        "east": {
          "uv": [
            8,
            6,
            7.33333,
            8
          ],
          "texture": "#3"
        },
        "south": {
          "uv": [
            7.33333,
            4,
            6,
            6
          ],
          "texture": "#3"
        },
        "west": {
          "uv": [
            0.66667,
            8,
            0,
            10
          ],
          "texture": "#3"
        },
        "up": {
          "uv": [
            11.33333,
            5.33333,
            10,
            6
          ],
          "texture": "#3"
        },
        "down": {
          "uv": [
            12,
            4.66667,
            10.66667,
            4
          ],
          "texture": "#3"
        }
      }
    },
    {
      "from": [
        7.001,
        20.025,
        8.54289
      ],
      "to": [
        8.999,
        21.025,
        9.54289
      ],
      "rotation": {
        "angle": -45,
        "axis": "x",
        "origin": [
          8.001,
          20.525,
          9.04289
        ]
      },
      "faces": {
        "north": {
          "uv": [
            12,
            6,
            10.66667,
            6.66667
          ],
          "texture": "#3"
        },
        "east": {
          "uv": [
            1.33333,
            12.66667,
            0.66667,
            13.33333
          ],
          "texture": "#3"
        },
        "south": {
          "uv": [
            12,
            4.66667,
            10.66667,
            5.33333
          ],
          "texture": "#3"
        },
        "west": {
          "uv": [
            13.33333,
            0.66667,
            12.66667,
            1.33333
          ],
          "texture": "#3"
        },
        "up": {
          "uv": [
            8,
            10.66667,
            6.66667,
            11.33333
          ],
          "texture": "#3"
        }
      }
    },
    {
      "from": [
        7.001,
        17.025,
        8.95711
      ],
      "to": [
        8.999,
        18.025,
        9.95711
      ],
      "rotation": {
        "angle": -45,
        "axis": "x",
        "origin": [
          8.001,
          17.525,
          9.45711
        ]
      },
      "faces": {
        "north": {
          "uv": [
            12,
            7.33333,
            10.66667,
            8
          ],
          "texture": "#3"
        },
        "east": {
          "uv": [
            2,
            12.66667,
            1.33333,
            13.33333
          ],
          "texture": "#3"
        },
        "south": {
          "uv": [
            12,
            6.66667,
            10.66667,
            7.33333
          ],
          "texture": "#3"
        },
        "west": {
          "uv": [
            13.33333,
            1.33333,
            12.66667,
            2
          ],
          "texture": "#3"
        },
        "down": {
          "uv": [
            12,
            8.66667,
            10.66667,
            8
          ],
          "texture": "#3"
        }
      }
    },
    {
      "from": [
        7.75,
        12.775,
        8.5
      ],
      "to": [
        8.25,
        17.775,
        9.5
      ],
      "rotation": {
        "angle": 0,
        "axis": "y",
        "origin": [
          7.25,
          26.275,
          16
        ]
      },
      "faces": {
        "north": {
          "uv": [
            9.66667,
            1.33333,
            9.33333,
            4.66667
          ],
          "texture": "#3"
        },
        "east": {
          "uv": [
            7.33333,
            6,
            6.66667,
            9.33333
          ],
          "texture": "#3"
        },
        "south": {
          "uv": [
            9,
            7.33333,
            8.66667,
            10.66667
          ],
          "texture": "#3"
        },
        "west": {
          "uv": [
            8,
            0,
            7.33333,
            3.33333
          ],
          "texture": "#3"
        },
        "up": {
          "uv": [
            7.66667,
            12.66667,
            7.33333,
            13.33333
          ],
          "texture": "#3"
        },
        "down": {
          "uv": [
            13,
            8,
            12.66667,
            7.33333
          ],
          "texture": "#3"
        }
      }
    },
    {
      "from": [
        7.752,
        13.98211,
        9.20711
      ],
      "to": [
        8.248,
        16.98211,
        10.20711
      ],
      "rotation": {
        "angle": 0,
        "axis": "y",
        "origin": [
          7.252,
          29.48211,
          16.70711
        ]
      },
      "faces": {
        "east": {
          "uv": [
            6,
            8,
            5.33333,
            10
          ],
          "texture": "#3"
        },
        "south": {
          "uv": [
            3.66667,
            10.66667,
            3.33333,
            12.66667
          ],
          "texture": "#3"
        },
        "west": {
          "uv": [
            6.66667,
            8,
            6,
            10
          ],
          "texture": "#3"
        }
      }
    },
    {
      "from": [
        7.751,
        12.275,
        8.29289
      ],
      "to": [
        8.249,
        13.275,
        9.29289
      ],
      "rotation": {
        "angle": 45,
        "axis": "x",
        "origin": [
          8.001,
          12.775,
          8.79289
        ]
      },
      "faces": {
        "north": {
          "uv": [
            13,
            8,
            12.66667,
            8.66667
          ],
          "texture": "#3"
        },
        "east": {
          "uv": [
            2.66667,
            12.66667,
            2,
            13.33333
          ],
          "texture": "#3"
        },
        "south": {
          "uv": [
            8.33333,
            12.66667,
            8,
            13.33333
          ],
          "texture": "#3"
        },
        "west": {
          "uv": [
            13.33333,
            2,
            12.66667,
            2.66667
          ],
          "texture": "#3"
        },
        "down": {
          "uv": [
            9,
            13.33333,
            8.66667,
            12.66667
          ],
          "texture": "#3"
        }
      }
    },
    {
      "from": [
        7.751,
        13.48211,
        9
      ],
      "to": [
        8.249,
        14.48211,
        10
      ],
      "rotation": {
        "angle": 45,
        "axis": "x",
        "origin": [
          8.001,
          13.98211,
          9.5
        ]
      },
      "faces": {
        "east": {
          "uv": [
            3.33333,
            12.66667,
            2.66667,
            13.33333
          ],
          "texture": "#3"
        },
        "south": {
          "uv": [
            13,
            8.66667,
            12.66667,
            9.33333
          ],
          "texture": "#3"
        },
        "west": {
          "uv": [
            13.33333,
            2.66667,
            12.66667,
            3.33333
          ],
          "texture": "#3"
        },
        "up": {
          "uv": [
            9.66667,
            12.66667,
            9.33333,
            13.33333
          ],
          "texture": "#3"
        }
      }
    },
    {
      "from": [
        7.751,
        16.48211,
        9
      ],
      "to": [
        8.249,
        17.48211,
        10
      ],
      "rotation": {
        "angle": 45,
        "axis": "x",
        "origin": [
          8.001,
          16.98211,
          9.5
        ]
      },
      "faces": {
        "east": {
          "uv": [
            4,
            12.66667,
            3.33333,
            13.33333
          ],
          "texture": "#3"
        },
        "south": {
          "uv": [
            13,
            9.33333,
            12.66667,
            10
          ],
          "texture": "#3"
        },
        "west": {
          "uv": [
            13.33333,
            3.33333,
            12.66667,
            4
          ],
          "texture": "#3"
        },
        "up": {
          "uv": [
            10.33333,
            12.66667,
            10,
            13.33333
          ],
          "texture": "#3"
        }
      }
    },
    {
      "from": [
        7.975,
        11,
        9
      ],
      "to": [
        8.025,
        23,
        13
      ],
      "rotation": {
        "angle": 0,
        "axis": "y",
        "origin": [
          7.975,
          11,
          14
        ]
      },
      "faces": {
        "east": {
          "uv": [
            0,
            0,
            2.66667,
            8
          ],
          "texture": "#3"
        },
        "west": {
          "uv": [
            2.66667,
            0,
            0,
            8
          ],
          "texture": "#3"
        }
      }
    },
    {
      "from": [
        7.975,
        -1.78335,
        8.12518
      ],
      "to": [
        8.025,
        3.21665,
        10.12518
      ],
      "rotation": {
        "angle": 0,
        "axis": "x",
        "origin": [
          8,
          0.15761,
          9.22657
        ]
      },
      "faces": {
        "east": {
          "uv": [
            2.66667,
            0,
            4,
            3.33333
          ],
          "texture": "#3"
        },
        "west": {
          "uv": [
            4,
            0,
            2.66667,
            3.33333
          ],
          "texture": "#3"
        }
      }
    },
    {
      "from": [
        7.5015,
        -0.25787,
        9.23445
      ],
      "to": [
        8.4985,
        0.74213,
        10.23445
      ],
      "rotation": {
        "angle": -45,
        "axis": "x",
        "origin": [
          8,
          0.15761,
          9.22657
        ]
      },
      "faces": {
        "east": {
          "uv": [
            9.33333,
            10.66667,
            8.66667,
            11.33333
          ],
          "texture": "#3"
        },
        "south": {
          "uv": [
            9.33333,
            1.33333,
            8.66667,
            2
          ],
          "texture": "#3"
        },
        "west": {
          "uv": [
            3.33333,
            12,
            2.66667,
            12.66667
          ],
          "texture": "#3"
        },
        "up": {
          "uv": [
            4.66667,
            12,
            4,
            12.66667
          ],
          "texture": "#3"
        },
        "down": {
          "uv": [
            12.66667,
            5.33333,
            12,
            4.66667
          ],
          "texture": "#3"
        }
      }
    },
    {
      "from": [
        7.5,
        -1.4235,
        8.81882
      ],
      "to": [
        8.5,
        0.5765,
        9.81882
      ],
      "rotation": {
        "angle": 0,
        "axis": "x",
        "origin": [
          8,
          0.15761,
          9.22657
        ]
      },
      "faces": {
        "north": {
          "uv": [
            10.66667,
            4,
            10,
            5.33333
          ],
          "texture": "#3"
        },
        "east": {
          "uv": [
            9.33333,
            3.33333,
            8.66667,
            4.66667
          ],
          "texture": "#3"
        },
        "south": {
          "uv": [
            4.66667,
            2,
            4,
            3.33333
          ],
          "texture": "#3"
        },
        "west": {
          "uv": [
            5.33333,
            10,
            4.66667,
            11.33333
          ],
          "texture": "#3"
        },
        "up": {
          "uv": [
            4.66667,
            5.33333,
            4,
            6
          ],
          "texture": "#3"
        },
        "down": {
          "uv": [
            8.66667,
            8,
            8,
            7.33333
          ],
          "texture": "#3"
        }
      }
    },
    {
      "from": [
        7.75,
        -1.25,
        7.975
      ],
      "to": [
        8.25,
        -0.25,
        9.475
      ],
      "rotation": {
        "angle": 22.5,
        "axis": "x",
        "origin": [
          8,
          -0.75,
          8.975
        ]
      },
      "faces": {
        "east": {
          "uv": [
            12.33333,
            5.33333,
            11.33333,
            6
          ],
          "texture": "#3"
        },
        "west": {
          "uv": [
            11,
            11.33333,
            10,
            12
          ],
          "texture": "#3"
        },
        "up": {
          "uv": [
            4.33333,
            12.66667,
            4,
            13.66667
          ],
          "texture": "#3"
        },
        "down": {
          "uv": [
            5,
            13.66667,
            4.66667,
            12.66667
          ],
          "texture": "#3"
        }
      }
    }
  ],
  "gui_light": "front",
  "display": {
    "thirdperson_righthand": {
      "translation": [
        0,
        0.25,
        1
      ]
    },
    "thirdperson_lefthand": {
      "translation": [
        0,
        0.25,
        1
      ]
    },
    "firstperson_righthand": {
      "rotation": [
        -10,
        0,
        0
      ],
      "translation": [
        0,
        0.75,
        0
      ]
    },
    "firstperson_lefthand": {
      "rotation": [
        -10,
        0,
        0
      ],
      "translation": [
        0,
        0.75,
        0
      ]
    },
    "ground": {
      "rotation": [
        -45,
        0,
        0
      ],
      "translation": [
        0,
        10.75,
        0
      ]
    },
    "gui": {
      "rotation": [
        -90,
        45,
        90
      ],
      "translation": [
        1.5,
        -1.5,
        0
      ],
      "scale": [
        0.67773,
        0.67773,
        0.67773
      ]
    },
    "head": {
      "rotation": [
        -90,
        90,
        90
      ]
    },
    "fixed": {
      "rotation": [
        90,
        -90,
        90
      ],
      "translation": [
        0,
        -3.5,
        -1.25
      ],
      "scale": [
        1.5,
        1.5,
        1.5
      ]
    }
  }
}