{"credit":"By EliteCreatures","textures":{"0":"elitecreatures:collectibles_v3_32x/delicate_butterflies_inside_32","particle":"elitecreatures:collectibles_v3_32x/delicate_butterflies_inside_32"},"elements":[{"from":[7.28,6.89,8.9],"to":[8.72,8.33,13.22],"rotation":{"angle":0,"axis":"y","origin":[7.28,0,6.68]},"faces":{"north":{"uv":[7.5,7,8.25,7.75],"texture":"#0"},"east":{"uv":[7,4.5,9.25,5.25],"texture":"#0"},"south":{"uv":[7.5,8,8.25,8.75],"texture":"#0"},"west":{"uv":[0,7.5,2.25,8.25],"texture":"#0"},"up":{"uv":[3.25,9.75,2.5,7.5],"texture":"#0"},"down":{"uv":[4.25,7.5,3.5,9.75],"texture":"#0"}}},{"from":[7.1,6.35,6.02],"to":[8.9,8.87,8.9],"rotation":{"angle":0,"axis":"y","origin":[7.28,0,6.68]},"faces":{"north":{"uv":[7.5,5.5,8.5,6.75],"texture":"#0"},"east":{"uv":[7,1.5,8.5,2.75],"texture":"#0"},"south":{"uv":[6.5,7.5,7.5,8.75],"texture":"#0"},"west":{"uv":[7,3,8.5,4.25],"texture":"#0"},"up":{"uv":[5.5,9,4.5,7.5],"texture":"#0"},"down":{"uv":[6.5,7.5,5.5,9],"texture":"#0"}}},{"from":[6.56,6.35,3.14],"to":[9.44,9.41,6.02],"rotation":{"angle":0,"axis":"y","origin":[7.28,0,6.68]},"faces":{"north":{"uv":[0,6,1.5,7.5],"texture":"#0"},"east":{"uv":[1.5,6,3,7.5],"texture":"#0"},"south":{"uv":[3,6,4.5,7.5],"texture":"#0"},"west":{"uv":[4.5,6,6,7.5],"texture":"#0"},"up":{"uv":[7.5,7.5,6,6],"texture":"#0"},"down":{"uv":[8.5,0,7,1.5],"texture":"#0"}}},{"from":[6.56,9.75,1.14],"to":[6.86,10.05,3.14],"rotation":{"angle":22.5,"axis":"x","origin":[6.71,9.25,1.64]},"faces":{"north":{"uv":[8.5,3,8.75,3.25],"texture":"#0"},"east":{"uv":[0,8.5,1,8.75],"texture":"#0"},"south":{"uv":[8.5,3.5,8.75,3.75],"texture":"#0"},"west":{"uv":[8.5,0,9.5,0.25],"texture":"#0"},"up":{"uv":[8.75,1.5,8.5,0.5],"texture":"#0"},"down":{"uv":[1.25,8.5,1,9.5],"texture":"#0"}}},{"from":[6.31,9.83321,0.46486],"to":[7.11,10.63321,1.46486],"rotation":{"angle":22.5,"axis":"x","origin":[6.71,10.23321,0.96486]},"faces":{"north":{"uv":[7,5.5,7.5,6],"texture":"#0"},"east":{"uv":[1.5,8.5,2,9],"texture":"#0"},"south":{"uv":[8.5,1.5,9,2],"texture":"#0"},"west":{"uv":[2,8.5,2.5,9],"texture":"#0"},"up":{"uv":[9,2.5,8.5,2],"texture":"#0"},"down":{"uv":[9,2.5,8.5,3],"texture":"#0"}}},{"from":[8.89,9.83321,0.46486],"to":[9.69,10.63321,1.46486],"rotation":{"angle":22.5,"axis":"x","origin":[9.29,10.23321,0.96486]},"faces":{"north":{"uv":[7.5,5.5,7,6],"texture":"#0"},"east":{"uv":[2.5,8.5,2,9],"texture":"#0"},"south":{"uv":[9,1.5,8.5,2],"texture":"#0"},"west":{"uv":[2,8.5,1.5,9],"texture":"#0"},"up":{"uv":[8.5,2.5,9,2],"texture":"#0"},"down":{"uv":[8.5,2.5,9,3],"texture":"#0"}}},{"from":[9.14,9.75,1.14],"to":[9.44,10.05,3.14],"rotation":{"angle":22.5,"axis":"x","origin":[9.29,9.25,1.64]},"faces":{"north":{"uv":[8.75,3,8.5,3.25],"texture":"#0"},"east":{"uv":[9.5,0,8.5,0.25],"texture":"#0"},"south":{"uv":[8.75,3.5,8.5,3.75],"texture":"#0"},"west":{"uv":[1,8.5,0,8.75],"texture":"#0"},"up":{"uv":[8.5,1.5,8.75,0.5],"texture":"#0"},"down":{"uv":[1,8.5,1.25,9.5],"texture":"#0"}}},{"from":[0.35,7.7994,3.8],"to":[7.4,7.7994,15.2],"rotation":{"angle":0,"axis":"y","origin":[7.4,0.4494,10.4]},"faces":{"north":{"uv":[0,0,3.5,0],"texture":"#0"},"east":{"uv":[0,0,5.75,0],"texture":"#0"},"south":{"uv":[0,0,3.5,0],"texture":"#0"},"west":{"uv":[0,0,5.75,0],"texture":"#0"},"up":{"uv":[3.5,5.75,0,0],"texture":"#0"},"down":{"uv":[3.5,0,0,5.75],"texture":"#0"}}},{"from":[0.35,7.7994,3.8],"to":[7.4,7.7994,15.2],"rotation":{"angle":0,"axis":"y","origin":[7.4,0.4494,10.4]},"faces":{"north":{"uv":[0,0,3.5,0],"texture":"#0"},"east":{"uv":[0,0,5.75,0],"texture":"#0"},"south":{"uv":[0,0,3.5,0],"texture":"#0"},"west":{"uv":[0,0,5.75,0],"texture":"#0"},"up":{"uv":[3.5,5.75,0,0],"texture":"#0"},"down":{"uv":[3.5,0,0,5.75],"texture":"#0"}}},{"from":[8.6,7.7994,3.8],"to":[15.65,7.7994,15.2],"rotation":{"angle":0,"axis":"y","origin":[8.6,0.4494,10.4]},"faces":{"north":{"uv":[3.5,0,0,0],"texture":"#0"},"east":{"uv":[5.75,0,0,0],"texture":"#0"},"south":{"uv":[3.5,0,0,0],"texture":"#0"},"west":{"uv":[5.75,0,0,0],"texture":"#0"},"up":{"uv":[0,5.75,3.5,0],"texture":"#0"},"down":{"uv":[0,0,3.5,5.75],"texture":"#0"}}}],"gui_light":"front","display":{"thirdperson_righthand":{"rotation":[61.23,4.49,0.46],"translation":[0,1.75,0.75],"scale":[0.5,0.5,0.5]},"thirdperson_lefthand":{"rotation":[61.23,4.49,0.46],"translation":[0,1.75,0.75],"scale":[0.5,0.5,0.5]},"firstperson_righthand":{"rotation":[-166,53.68,171.1],"translation":[0.75,3.75,-0.75],"scale":[0.58336,0.58336,0.58336]},"firstperson_lefthand":{"rotation":[-166,53.68,171.1],"translation":[0.75,3.75,-0.75],"scale":[0.58336,0.58336,0.58336]},"ground":{"rotation":[68,0,0],"translation":[0,1.5,0],"scale":[0.5,0.5,0.5]},"gui":{"rotation":[-170,30,-180],"translation":[0,-2,0],"scale":[0.62,0.62,0.62]},"head":{"rotation":[7,180,1],"translation":[0,-48.75,11.25],"scale":[1.6,1.6,1.6]},"fixed":{"rotation":[-90,0,0],"translation":[0,0,-16.25],"scale":[2,2,2]}}}