{
  "credit": "MadebyPolygonMC",
  "texture_size": [
    28,
    28
  ],
  "textures": {
    "1": "evergreenset:animations/animations_1",
    "2": "evergreenset:hammer",
    "particle": "evergreenset:animations/animations_1"
  },
  "elements": [
    {
      "from": [
        7.3,
        2,
        7.3
      ],
      "to": [
        8.7,
        2.5,
        8.7
      ],
      "rotation": {
        "angle": 0,
        "axis": "y",
        "origin": [
          7.5,
          0,
          7.5
        ]
      },
      "faces": {
        "north": {
          "uv": [
            6.85714,
            12.57143,
            7.71429,
            12.85714
          ],
          "texture": "#2"
        },
        "east": {
          "uv": [
            12.57143,
            7.42857,
            13.42857,
            7.71429
          ],
          "texture": "#2"
        },
        "south": {
          "uv": [
            8,
            12.57143,
            8.85714,
            12.85714
          ],
          "texture": "#2"
        },
        "west": {
          "uv": [
            12.57143,
            8,
            13.42857,
            8.28571
          ],
          "texture": "#2"
        },
        "up": {
          "uv": [
            10,
            2.57143,
            9.14286,
            1.71429
          ],
          "texture": "#2"
        },
        "down": {
          "uv": [
            10,
            2.85714,
            9.14286,
            3.71429
          ],
          "texture": "#2"
        }
      }
    },
    {
      "from": [
        7.3,
        6.25,
        7.3
      ],
      "to": [
        8.7,
        6.75,
        8.7
      ],
      "rotation": {
        "angle": 0,
        "axis": "y",
        "origin": [
          7.5,
          4.25,
          7.5
        ]
      },
      "faces": {
        "north": {
          "uv": [
            12.57143,
            8.57143,
            13.42857,
            8.85714
          ],
          "texture": "#2"
        },
        "east": {
          "uv": [
            9.14286,
            12.57143,
            10,
            12.85714
          ],
          "texture": "#2"
        },
        "south": {
          "uv": [
            12.57143,
            9.14286,
            13.42857,
            9.42857
          ],
          "texture": "#2"
        },
        "west": {
          "uv": [
            12.57143,
            9.71429,
            13.42857,
            10
          ],
          "texture": "#2"
        },
        "up": {
          "uv": [
            4.28571,
            10,
            3.42857,
            9.14286
          ],
          "texture": "#2"
        },
        "down": {
          "uv": [
            5.42857,
            9.14286,
            4.57143,
            10
          ],
          "texture": "#2"
        }
      }
    },
    {
      "from": [
        7.5,
        1,
        7.5
      ],
      "to": [
        8.5,
        2,
        8.5
      ],
      "rotation": {
        "angle": 0,
        "axis": "y",
        "origin": [
          7.5,
          0,
          7.5
        ]
      },
      "faces": {
        "north": {
          "uv": [
            3.42857,
            6.28571,
            4,
            6.85714
          ],
          "texture": "#2"
        },
        "east": {
          "uv": [
            9.14286,
            4,
            9.71429,
            4.57143
          ],
          "texture": "#2"
        },
        "south": {
          "uv": [
            9.14286,
            8,
            9.71429,
            8.57143
          ],
          "texture": "#2"
        },
        "west": {
          "uv": [
            9.71429,
            1.14286,
            10.28571,
            1.71429
          ],
          "texture": "#2"
        },
        "up": {
          "uv": [
            10.28571,
            4.57143,
            9.71429,
            4
          ],
          "texture": "#2"
        },
        "down": {
          "uv": [
            10.28571,
            8,
            9.71429,
            8.57143
          ],
          "texture": "#2"
        }
      }
    },
    {
      "from": [
        7.5,
        2.5,
        7.5
      ],
      "to": [
        8.5,
        3.5,
        8.5
      ],
      "rotation": {
        "angle": 0,
        "axis": "y",
        "origin": [
          7.5,
          0,
          7.5
        ]
      },
      "faces": {
        "north": {
          "uv": [
            10.85714,
            9.71429,
            11.42857,
            10.28571
          ],
          "texture": "#2"
        },
        "east": {
          "uv": [
            11.42857,
            9.71429,
            12,
            10.28571
          ],
          "texture": "#2"
        },
        "south": {
          "uv": [
            12,
            3.42857,
            12.57143,
            4
          ],
          "texture": "#2"
        },
        "west": {
          "uv": [
            12,
            4,
            12.57143,
            4.57143
          ],
          "texture": "#2"
        },
        "up": {
          "uv": [
            12.57143,
            6.28571,
            12,
            5.71429
          ],
          "texture": "#2"
        },
        "down": {
          "uv": [
            6.85714,
            12,
            6.28571,
            12.57143
          ],
          "texture": "#2"
        }
      }
    },
    {
      "from": [
        7.5,
        5.25,
        7.5
      ],
      "to": [
        8.5,
        6.25,
        8.5
      ],
      "rotation": {
        "angle": 0,
        "axis": "y",
        "origin": [
          7.5,
          2.75,
          7.5
        ]
      },
      "faces": {
        "north": {
          "uv": [
            12,
            6.28571,
            12.57143,
            6.85714
          ],
          "texture": "#2"
        },
        "east": {
          "uv": [
            6.85714,
            12,
            7.42857,
            12.57143
          ],
          "texture": "#2"
        },
        "south": {
          "uv": [
            7.42857,
            12,
            8,
            12.57143
          ],
          "texture": "#2"
        },
        "west": {
          "uv": [
            12,
            7.42857,
            12.57143,
            8
          ],
          "texture": "#2"
        },
        "up": {
          "uv": [
            8.57143,
            12.57143,
            8,
            12
          ],
          "texture": "#2"
        },
        "down": {
          "uv": [
            12.57143,
            8,
            12,
            8.57143
          ],
          "texture": "#2"
        }
      }
    },
    {
      "from": [
        7.6,
        3.5,
        7.6
      ],
      "to": [
        8.4,
        5.25,
        8.4
      ],
      "rotation": {
        "angle": 0,
        "axis": "y",
        "origin": [
          7.5,
          1,
          7.5
        ]
      },
      "faces": {
        "north": {
          "uv": [
            1.14286,
            11.42857,
            1.57143,
            12.42857
          ],
          "texture": "#2"
        },
        "east": {
          "uv": [
            11.42857,
            3.42857,
            11.85714,
            4.42857
          ],
          "texture": "#2"
        },
        "south": {
          "uv": [
            4,
            11.42857,
            4.42857,
            12.42857
          ],
          "texture": "#2"
        },
        "west": {
          "uv": [
            4.57143,
            11.42857,
            5,
            12.42857
          ],
          "texture": "#2"
        }
      }
    },
    {
      "from": [
        7.4,
        11,
        7.4
      ],
      "to": [
        8.6,
        11.5,
        8.6
      ],
      "rotation": {
        "angle": 0,
        "axis": "y",
        "origin": [
          7.5,
          9,
          7.5
        ]
      },
      "faces": {
        "north": {
          "uv": [
            5.14286,
            13.71429,
            5.85714,
            14
          ],
          "texture": "#2"
        },
        "east": {
          "uv": [
            13.71429,
            5.71429,
            14.42857,
            6
          ],
          "texture": "#2"
        },
        "south": {
          "uv": [
            6.28571,
            13.71429,
            7,
            14
          ],
          "texture": "#2"
        },
        "west": {
          "uv": [
            13.71429,
            6.28571,
            14.42857,
            6.57143
          ],
          "texture": "#2"
        }
      }
    },
    {
      "from": [
        7.3,
        10.5,
        7.3
      ],
      "to": [
        8.7,
        11,
        8.7
      ],
      "rotation": {
        "angle": 0,
        "axis": "y",
        "origin": [
          7.5,
          8.5,
          7.5
        ]
      },
      "faces": {
        "north": {
          "uv": [
            10.28571,
            12.57143,
            11.14286,
            12.85714
          ],
          "texture": "#2"
        },
        "east": {
          "uv": [
            12.57143,
            10.28571,
            13.42857,
            10.57143
          ],
          "texture": "#2"
        },
        "south": {
          "uv": [
            12.57143,
            10.85714,
            13.42857,
            11.14286
          ],
          "texture": "#2"
        },
        "west": {
          "uv": [
            11.42857,
            12.57143,
            12.28571,
            12.85714
          ],
          "texture": "#2"
        },
        "up": {
          "uv": [
            6.57143,
            10,
            5.71429,
            9.14286
          ],
          "texture": "#2"
        },
        "down": {
          "uv": [
            7.71429,
            9.14286,
            6.85714,
            10
          ],
          "texture": "#2"
        }
      }
    },
    {
      "from": [
        7.5,
        9.5,
        7.5
      ],
      "to": [
        8.5,
        10.5,
        8.5
      ],
      "rotation": {
        "angle": 0,
        "axis": "y",
        "origin": [
          7.5,
          7,
          7.5
        ]
      },
      "faces": {
        "north": {
          "uv": [
            8.57143,
            12,
            9.14286,
            12.57143
          ],
          "texture": "#2"
        },
        "east": {
          "uv": [
            12,
            8.57143,
            12.57143,
            9.14286
          ],
          "texture": "#2"
        },
        "south": {
          "uv": [
            9.14286,
            12,
            9.71429,
            12.57143
          ],
          "texture": "#2"
        },
        "west": {
          "uv": [
            12,
            9.14286,
            12.57143,
            9.71429
          ],
          "texture": "#2"
        },
        "up": {
          "uv": [
            10.28571,
            12.57143,
            9.71429,
            12
          ],
          "texture": "#2"
        },
        "down": {
          "uv": [
            12.57143,
            9.71429,
            12,
            10.28571
          ],
          "texture": "#2"
        }
      }
    },
    {
      "from": [
        7.6,
        7.75,
        7.6
      ],
      "to": [
        8.4,
        9.5,
        8.4
      ],
      "rotation": {
        "angle": 0,
        "axis": "y",
        "origin": [
          7.5,
          5.25,
          7.5
        ]
      },
      "faces": {
        "north": {
          "uv": [
            5.14286,
            11.42857,
            5.57143,
            12.42857
          ],
          "texture": "#2"
        },
        "east": {
          "uv": [
            5.71429,
            11.42857,
            6.14286,
            12.42857
          ],
          "texture": "#2"
        },
        "south": {
          "uv": [
            11.42857,
            5.71429,
            11.85714,
            6.71429
          ],
          "texture": "#2"
        },
        "west": {
          "uv": [
            11.42857,
            10.85714,
            11.85714,
            11.85714
          ],
          "texture": "#2"
        }
      }
    },
    {
      "from": [
        7.5,
        6.75,
        7.5
      ],
      "to": [
        8.5,
        7.75,
        8.5
      ],
      "rotation": {
        "angle": 0,
        "axis": "y",
        "origin": [
          7.5,
          4.25,
          7.5
        ]
      },
      "faces": {
        "north": {
          "uv": [
            10.28571,
            12,
            10.85714,
            12.57143
          ],
          "texture": "#2"
        },
        "east": {
          "uv": [
            12,
            10.28571,
            12.57143,
            10.85714
          ],
          "texture": "#2"
        },
        "south": {
          "uv": [
            10.85714,
            12,
            11.42857,
            12.57143
          ],
          "texture": "#2"
        },
        "west": {
          "uv": [
            12,
            10.85714,
            12.57143,
            11.42857
          ],
          "texture": "#2"
        },
        "up": {
          "uv": [
            12,
            12.57143,
            11.42857,
            12
          ],
          "texture": "#2"
        },
        "down": {
          "uv": [
            12.57143,
            11.42857,
            12,
            12
          ],
          "texture": "#2"
        }
      }
    },
    {
      "from": [
        7.3,
        13,
        7.3
      ],
      "to": [
        8.7,
        13.5,
        8.7
      ],
      "rotation": {
        "angle": 0,
        "axis": "y",
        "origin": [
          7.5,
          11,
          7.5
        ]
      },
      "faces": {
        "north": {
          "uv": [
            12.57143,
            11.42857,
            13.42857,
            11.71429
          ],
          "texture": "#2"
        },
        "east": {
          "uv": [
            12.57143,
            12,
            13.42857,
            12.28571
          ],
          "texture": "#2"
        },
        "south": {
          "uv": [
            12.57143,
            12.57143,
            13.42857,
            12.85714
          ],
          "texture": "#2"
        },
        "west": {
          "uv": [
            0,
            13.14286,
            0.85714,
            13.42857
          ],
          "texture": "#2"
        },
        "up": {
          "uv": [
            10,
            7.71429,
            9.14286,
            6.85714
          ],
          "texture": "#2"
        },
        "down": {
          "uv": [
            8.85714,
            9.14286,
            8,
            10
          ],
          "texture": "#2"
        }
      }
    },
    {
      "from": [
        7.3,
        11.5,
        7.3
      ],
      "to": [
        8.7,
        12,
        8.7
      ],
      "rotation": {
        "angle": 0,
        "axis": "y",
        "origin": [
          7.5,
          9.5,
          7.5
        ]
      },
      "faces": {
        "north": {
          "uv": [
            13.14286,
            0,
            14,
            0.28571
          ],
          "texture": "#2"
        },
        "east": {
          "uv": [
            13.14286,
            0.57143,
            14,
            0.85714
          ],
          "texture": "#2"
        },
        "south": {
          "uv": [
            1.14286,
            13.14286,
            2,
            13.42857
          ],
          "texture": "#2"
        },
        "west": {
          "uv": [
            13.14286,
            1.14286,
            14,
            1.42857
          ],
          "texture": "#2"
        },
        "up": {
          "uv": [
            10,
            10,
            9.14286,
            9.14286
          ],
          "texture": "#2"
        },
        "down": {
          "uv": [
            0.85714,
            9.71429,
            0,
            10.57143
          ],
          "texture": "#2"
        }
      }
    },
    {
      "from": [
        7.3,
        17.5,
        7.3
      ],
      "to": [
        8.7,
        18,
        8.7
      ],
      "rotation": {
        "angle": 0,
        "axis": "y",
        "origin": [
          7.5,
          15.5,
          7.5
        ]
      },
      "faces": {
        "north": {
          "uv": [
            13.14286,
            1.71429,
            14,
            2
          ],
          "texture": "#2"
        },
        "east": {
          "uv": [
            2.28571,
            13.14286,
            3.14286,
            13.42857
          ],
          "texture": "#2"
        },
        "south": {
          "uv": [
            13.14286,
            2.28571,
            14,
            2.57143
          ],
          "texture": "#2"
        },
        "west": {
          "uv": [
            13.14286,
            2.85714,
            14,
            3.14286
          ],
          "texture": "#2"
        },
        "up": {
          "uv": [
            10.57143,
            0.85714,
            9.71429,
            0
          ],
          "texture": "#2"
        },
        "down": {
          "uv": [
            11.14286,
            1.14286,
            10.28571,
            2
          ],
          "texture": "#2"
        }
      }
    },
    {
      "from": [
        7.4,
        18,
        7.4
      ],
      "to": [
        8.6,
        18.5,
        8.6
      ],
      "rotation": {
        "angle": 0,
        "axis": "y",
        "origin": [
          7.5,
          16,
          7.5
        ]
      },
      "faces": {
        "north": {
          "uv": [
            13.71429,
            6.85714,
            14.42857,
            7.14286
          ],
          "texture": "#2"
        },
        "east": {
          "uv": [
            7.42857,
            13.71429,
            8.14286,
            14
          ],
          "texture": "#2"
        },
        "south": {
          "uv": [
            13.71429,
            7.42857,
            14.42857,
            7.71429
          ],
          "texture": "#2"
        },
        "west": {
          "uv": [
            13.71429,
            8,
            14.42857,
            8.28571
          ],
          "texture": "#2"
        }
      }
    },
    {
      "from": [
        7.5,
        12,
        7.5
      ],
      "to": [
        8.5,
        13,
        8.5
      ],
      "rotation": {
        "angle": 0,
        "axis": "y",
        "origin": [
          7.5,
          11,
          7.5
        ]
      },
      "faces": {
        "north": {
          "uv": [
            12,
            12,
            12.57143,
            12.57143
          ],
          "texture": "#2"
        },
        "east": {
          "uv": [
            12.57143,
            0,
            13.14286,
            0.57143
          ],
          "texture": "#2"
        },
        "south": {
          "uv": [
            1.14286,
            12.57143,
            1.71429,
            13.14286
          ],
          "texture": "#2"
        },
        "west": {
          "uv": [
            12.57143,
            1.14286,
            13.14286,
            1.71429
          ],
          "texture": "#2"
        },
        "up": {
          "uv": [
            13.14286,
            2.28571,
            12.57143,
            1.71429
          ],
          "texture": "#2"
        },
        "down": {
          "uv": [
            13.14286,
            2.28571,
            12.57143,
            2.85714
          ],
          "texture": "#2"
        }
      }
    },
    {
      "from": [
        7.39,
        0.265,
        7.39
      ],
      "to": [
        8.61,
        1.485,
        8.61
      ],
      "rotation": {
        "angle": -45,
        "axis": "x",
        "origin": [
          8,
          0.875,
          8
        ]
      },
      "faces": {
        "north": {
          "uv": [
            10.85714,
            7.42857,
            11.57143,
            8.14286
          ],
          "texture": "#2"
        },
        "east": {
          "uv": [
            10.85714,
            8.57143,
            11.57143,
            9.28571
          ],
          "texture": "#2"
        },
        "south": {
          "uv": [
            10.28571,
            10.85714,
            11,
            11.57143
          ],
          "texture": "#2"
        },
        "west": {
          "uv": [
            11.42857,
            1.14286,
            12.14286,
            1.85714
          ],
          "texture": "#2"
        },
        "up": {
          "uv": [
            12.14286,
            3,
            11.42857,
            2.28571
          ],
          "texture": "#2"
        },
        "down": {
          "uv": [
            3.57143,
            11.42857,
            2.85714,
            12.14286
          ],
          "texture": "#2"
        }
      }
    },
    {
      "from": [
        7.2,
        18.5,
        7
      ],
      "to": [
        8.8,
        20,
        9
      ],
      "rotation": {
        "angle": 0,
        "axis": "y",
        "origin": [
          7,
          18.5,
          7
        ]
      },
      "faces": {
        "north": {
          "uv": [
            10.28571,
            2.28571,
            11.14286,
            3.14286
          ],
          "texture": "#2"
        },
        "east": {
          "uv": [
            6.85714,
            6.85714,
            8,
            7.71429
          ],
          "texture": "#2"
        },
        "south": {
          "uv": [
            2.85714,
            10.28571,
            3.71429,
            11.14286
          ],
          "texture": "#2"
        },
        "west": {
          "uv": [
            7.42857,
            4.57143,
            8.57143,
            5.42857
          ],
          "texture": "#2"
        },
        "up": {
          "uv": [
            8.28571,
            6.85714,
            7.42857,
            5.71429
          ],
          "texture": "#2"
        },
        "down": {
          "uv": [
            0.85714,
            8,
            0,
            9.14286
          ],
          "texture": "#2"
        }
      }
    },
    {
      "from": [
        7.205,
        18.01256,
        5.82322
      ],
      "to": [
        8.795,
        19.51256,
        7.82322
      ],
      "rotation": {
        "angle": -45,
        "axis": "x",
        "origin": [
          8.005,
          18.76256,
          6.82322
        ]
      },
      "faces": {
        "north": {
          "uv": [
            10.28571,
            3.42857,
            11.14286,
            4.28571
          ],
          "texture": "#2"
        },
        "east": {
          "uv": [
            1.14286,
            8,
            2.28571,
            8.85714
          ],
          "texture": "#2"
        },
        "west": {
          "uv": [
            8,
            1.14286,
            9.14286,
            2
          ],
          "texture": "#2"
        },
        "up": {
          "uv": [
            8.85714,
            3.42857,
            8,
            2.28571
          ],
          "texture": "#2"
        },
        "down": {
          "uv": [
            4.28571,
            8,
            3.42857,
            9.14286
          ],
          "texture": "#2"
        }
      }
    },
    {
      "from": [
        7.205,
        18.01256,
        8.17678
      ],
      "to": [
        8.795,
        19.51256,
        10.17678
      ],
      "rotation": {
        "angle": 45,
        "axis": "x",
        "origin": [
          8.005,
          18.76256,
          9.17678
        ]
      },
      "faces": {
        "east": {
          "uv": [
            8,
            3.42857,
            9.14286,
            4.28571
          ],
          "texture": "#2"
        },
        "south": {
          "uv": [
            4,
            10.28571,
            4.85714,
            11.14286
          ],
          "texture": "#2"
        },
        "west": {
          "uv": [
            4.57143,
            8,
            5.71429,
            8.85714
          ],
          "texture": "#2"
        },
        "up": {
          "uv": [
            6.57143,
            9.14286,
            5.71429,
            8
          ],
          "texture": "#2"
        },
        "down": {
          "uv": [
            7.71429,
            8,
            6.85714,
            9.14286
          ],
          "texture": "#2"
        }
      }
    },
    {
      "from": [
        7.5,
        19.05,
        4.55
      ],
      "to": [
        8.5,
        20.05,
        7.05
      ],
      "rotation": {
        "angle": 0,
        "axis": "y",
        "origin": [
          7.25,
          19.05,
          5.05
        ]
      },
      "faces": {
        "north": {
          "uv": [
            2.85714,
            12.57143,
            3.42857,
            13.14286
          ],
          "texture": "#2"
        },
        "east": {
          "uv": [
            8.57143,
            5.71429,
            10,
            6.28571
          ],
          "texture": "#2"
        },
        "south": {
          "uv": [
            12.57143,
            2.85714,
            13.14286,
            3.42857
          ],
          "texture": "#2"
        },
        "west": {
          "uv": [
            8.57143,
            6.28571,
            10,
            6.85714
          ],
          "texture": "#2"
        },
        "up": {
          "uv": [
            3.42857,
            10,
            2.85714,
            8.57143
          ],
          "texture": "#2"
        },
        "down": {
          "uv": [
            9.14286,
            6.85714,
            8.57143,
            8.28571
          ],
          "texture": "#2"
        }
      }
    },
    {
      "from": [
        7.5,
        20.05,
        6.3
      ],
      "to": [
        8.5,
        21.05,
        7.05
      ],
      "rotation": {
        "angle": 0,
        "axis": "x",
        "origin": [
          8,
          20.8,
          6.55
        ]
      },
      "faces": {
        "north": {
          "uv": [
            3.42857,
            12.57143,
            4,
            13.14286
          ],
          "texture": "#2"
        },
        "east": {
          "uv": [
            3.42857,
            13.14286,
            3.85714,
            13.71429
          ],
          "texture": "#2"
        },
        "south": {
          "uv": [
            12.57143,
            3.42857,
            13.14286,
            4
          ],
          "texture": "#2"
        },
        "west": {
          "uv": [
            13.14286,
            3.42857,
            13.57143,
            4
          ],
          "texture": "#2"
        },
        "up": {
          "uv": [
            4.57143,
            13.57143,
            4,
            13.14286
          ],
          "texture": "#2"
        },
        "down": {
          "uv": [
            13.71429,
            4,
            13.14286,
            4.42857
          ],
          "texture": "#2"
        }
      }
    },
    {
      "from": [
        7.505,
        20.60604,
        6.33858
      ],
      "to": [
        8.495,
        21.35604,
        7.33858
      ],
      "rotation": {
        "angle": -22.5,
        "axis": "x",
        "origin": [
          8.005,
          21.10604,
          7.08858
        ]
      },
      "faces": {
        "north": {
          "uv": [
            4.57143,
            13.14286,
            5.14286,
            13.57143
          ],
          "texture": "#2"
        },
        "east": {
          "uv": [
            13.14286,
            4.57143,
            13.71429,
            5
          ],
          "texture": "#2"
        },
        "south": {
          "uv": [
            5.14286,
            13.14286,
            5.71429,
            13.57143
          ],
          "texture": "#2"
        },
        "west": {
          "uv": [
            13.14286,
            5.14286,
            13.71429,
            5.57143
          ],
          "texture": "#2"
        },
        "up": {
          "uv": [
            4.57143,
            13.14286,
            4,
            12.57143
          ],
          "texture": "#2"
        },
        "down": {
          "uv": [
            13.14286,
            4,
            12.57143,
            4.57143
          ],
          "texture": "#2"
        }
      }
    },
    {
      "from": [
        7.505,
        20.60604,
        8.66142
      ],
      "to": [
        8.495,
        21.35604,
        9.66142
      ],
      "rotation": {
        "angle": 22.5,
        "axis": "x",
        "origin": [
          8.005,
          21.10604,
          8.91142
        ]
      },
      "faces": {
        "north": {
          "uv": [
            5.71429,
            13.14286,
            6.28571,
            13.57143
          ],
          "texture": "#2"
        },
        "east": {
          "uv": [
            13.14286,
            5.71429,
            13.71429,
            6.14286
          ],
          "texture": "#2"
        },
        "south": {
          "uv": [
            6.28571,
            13.14286,
            6.85714,
            13.57143
          ],
          "texture": "#2"
        },
        "west": {
          "uv": [
            13.14286,
            6.28571,
            13.71429,
            6.71429
          ],
          "texture": "#2"
        },
        "up": {
          "uv": [
            5.14286,
            13.14286,
            4.57143,
            12.57143
          ],
          "texture": "#2"
        },
        "down": {
          "uv": [
            5.71429,
            12.57143,
            5.14286,
            13.14286
          ],
          "texture": "#2"
        }
      }
    },
    {
      "from": [
        7.5,
        20.05,
        8.95
      ],
      "to": [
        8.5,
        21.05,
        9.7
      ],
      "rotation": {
        "angle": 0,
        "axis": "x",
        "origin": [
          8,
          20.8,
          9.45
        ]
      },
      "faces": {
        "north": {
          "uv": [
            5.71429,
            12.57143,
            6.28571,
            13.14286
          ],
          "texture": "#2"
        },
        "east": {
          "uv": [
            6.85714,
            13.14286,
            7.28571,
            13.71429
          ],
          "texture": "#2"
        },
        "south": {
          "uv": [
            12.57143,
            5.71429,
            13.14286,
            6.28571
          ],
          "texture": "#2"
        },
        "west": {
          "uv": [
            13.14286,
            6.85714,
            13.57143,
            7.42857
          ],
          "texture": "#2"
        },
        "up": {
          "uv": [
            8,
            13.57143,
            7.42857,
            13.14286
          ],
          "texture": "#2"
        },
        "down": {
          "uv": [
            8.57143,
            13.14286,
            8,
            13.57143
          ],
          "texture": "#2"
        }
      }
    },
    {
      "from": [
        7.5,
        19.05,
        8.95
      ],
      "to": [
        8.5,
        20.05,
        11.45
      ],
      "rotation": {
        "angle": 0,
        "axis": "y",
        "origin": [
          7.25,
          19.05,
          10.95
        ]
      },
      "faces": {
        "north": {
          "uv": [
            6.28571,
            12.57143,
            6.85714,
            13.14286
          ],
          "texture": "#2"
        },
        "east": {
          "uv": [
            8.57143,
            8.57143,
            10,
            9.14286
          ],
          "texture": "#2"
        },
        "south": {
          "uv": [
            12.57143,
            6.28571,
            13.14286,
            6.85714
          ],
          "texture": "#2"
        },
        "west": {
          "uv": [
            0,
            9.14286,
            1.42857,
            9.71429
          ],
          "texture": "#2"
        },
        "up": {
          "uv": [
            9.71429,
            1.42857,
            9.14286,
            0
          ],
          "texture": "#2"
        },
        "down": {
          "uv": [
            2.28571,
            9.14286,
            1.71429,
            10.57143
          ],
          "texture": "#2"
        }
      }
    },
    {
      "from": [
        7.605,
        17.33104,
        6.33858
      ],
      "to": [
        8.395,
        18.08104,
        7.33858
      ],
      "rotation": {
        "angle": -22.5,
        "axis": "x",
        "origin": [
          8.005,
          17.83104,
          7.08858
        ]
      },
      "faces": {
        "north": {
          "uv": [
            8.57143,
            13.71429,
            9,
            14.14286
          ],
          "texture": "#2"
        },
        "east": {
          "uv": [
            8.57143,
            13.14286,
            9.14286,
            13.57143
          ],
          "texture": "#2"
        },
        "south": {
          "uv": [
            13.71429,
            8.57143,
            14.14286,
            9
          ],
          "texture": "#2"
        },
        "west": {
          "uv": [
            9.14286,
            13.14286,
            9.71429,
            13.57143
          ],
          "texture": "#2"
        },
        "up": {
          "uv": [
            10.14286,
            13.71429,
            9.71429,
            13.14286
          ],
          "texture": "#2"
        },
        "down": {
          "uv": [
            10.71429,
            13.14286,
            10.28571,
            13.71429
          ],
          "texture": "#2"
        }
      }
    },
    {
      "from": [
        7.6,
        15.275,
        6.3
      ],
      "to": [
        8.4,
        17.775,
        7.05
      ],
      "rotation": {
        "angle": 0,
        "axis": "x",
        "origin": [
          8,
          17.525,
          6.55
        ]
      },
      "faces": {
        "north": {
          "uv": [
            1.14286,
            9.71429,
            1.57143,
            11.14286
          ],
          "texture": "#2"
        },
        "east": {
          "uv": [
            6.28571,
            10.28571,
            6.71429,
            11.71429
          ],
          "texture": "#2"
        },
        "south": {
          "uv": [
            6.85714,
            10.28571,
            7.28571,
            11.71429
          ],
          "texture": "#2"
        },
        "west": {
          "uv": [
            10.28571,
            6.85714,
            10.71429,
            8.28571
          ],
          "texture": "#2"
        },
        "up": {
          "uv": [
            9.57143,
            14.14286,
            9.14286,
            13.71429
          ],
          "texture": "#2"
        },
        "down": {
          "uv": [
            14.14286,
            9.14286,
            13.71429,
            9.57143
          ],
          "texture": "#2"
        }
      }
    },
    {
      "from": [
        7.605,
        14.96896,
        6.33858
      ],
      "to": [
        8.395,
        15.71896,
        7.33858
      ],
      "rotation": {
        "angle": 22.5,
        "axis": "x",
        "origin": [
          8.005,
          15.21896,
          7.08858
        ]
      },
      "faces": {
        "north": {
          "uv": [
            9.71429,
            13.71429,
            10.14286,
            14.14286
          ],
          "texture": "#2"
        },
        "east": {
          "uv": [
            10.85714,
            13.14286,
            11.42857,
            13.57143
          ],
          "texture": "#2"
        },
        "south": {
          "uv": [
            13.71429,
            9.71429,
            14.14286,
            10.14286
          ],
          "texture": "#2"
        },
        "west": {
          "uv": [
            11.42857,
            13.14286,
            12,
            13.57143
          ],
          "texture": "#2"
        },
        "up": {
          "uv": [
            12.42857,
            13.71429,
            12,
            13.14286
          ],
          "texture": "#2"
        },
        "down": {
          "uv": [
            13,
            13.14286,
            12.57143,
            13.71429
          ],
          "texture": "#2"
        }
      }
    },
    {
      "from": [
        7.605,
        14.96896,
        8.66142
      ],
      "to": [
        8.395,
        15.71896,
        9.66142
      ],
      "rotation": {
        "angle": -22.5,
        "axis": "x",
        "origin": [
          8.005,
          15.21896,
          8.91142
        ]
      },
      "faces": {
        "north": {
          "uv": [
            10.28571,
            13.71429,
            10.71429,
            14.14286
          ],
          "texture": "#2"
        },
        "east": {
          "uv": [
            13.14286,
            13.14286,
            13.71429,
            13.57143
          ],
          "texture": "#2"
        },
        "south": {
          "uv": [
            13.71429,
            10.28571,
            14.14286,
            10.71429
          ],
          "texture": "#2"
        },
        "west": {
          "uv": [
            0,
            13.71429,
            0.57143,
            14.14286
          ],
          "texture": "#2"
        },
        "up": {
          "uv": [
            1,
            14.28571,
            0.57143,
            13.71429
          ],
          "texture": "#2"
        },
        "down": {
          "uv": [
            1.57143,
            13.71429,
            1.14286,
            14.28571
          ],
          "texture": "#2"
        }
      }
    },
    {
      "from": [
        7.605,
        17.33104,
        8.66142
      ],
      "to": [
        8.395,
        18.08104,
        9.66142
      ],
      "rotation": {
        "angle": 22.5,
        "axis": "x",
        "origin": [
          8.005,
          17.83104,
          8.91142
        ]
      },
      "faces": {
        "north": {
          "uv": [
            10.85714,
            13.71429,
            11.28571,
            14.14286
          ],
          "texture": "#2"
        },
        "east": {
          "uv": [
            1.71429,
            13.71429,
            2.28571,
            14.14286
          ],
          "texture": "#2"
        },
        "south": {
          "uv": [
            13.71429,
            10.85714,
            14.14286,
            11.28571
          ],
          "texture": "#2"
        },
        "west": {
          "uv": [
            2.28571,
            13.71429,
            2.85714,
            14.14286
          ],
          "texture": "#2"
        },
        "up": {
          "uv": [
            3.28571,
            14.28571,
            2.85714,
            13.71429
          ],
          "texture": "#2"
        },
        "down": {
          "uv": [
            3.85714,
            13.71429,
            3.42857,
            14.28571
          ],
          "texture": "#2"
        }
      }
    },
    {
      "from": [
        7.6,
        15.275,
        8.95
      ],
      "to": [
        8.4,
        17.775,
        9.7
      ],
      "rotation": {
        "angle": 0,
        "axis": "x",
        "origin": [
          8,
          17.525,
          9.45
        ]
      },
      "faces": {
        "north": {
          "uv": [
            7.42857,
            10.28571,
            7.85714,
            11.71429
          ],
          "texture": "#2"
        },
        "east": {
          "uv": [
            8,
            10.28571,
            8.42857,
            11.71429
          ],
          "texture": "#2"
        },
        "south": {
          "uv": [
            8.57143,
            10.28571,
            9,
            11.71429
          ],
          "texture": "#2"
        },
        "west": {
          "uv": [
            10.28571,
            8.57143,
            10.71429,
            10
          ],
          "texture": "#2"
        },
        "up": {
          "uv": [
            11.85714,
            14.14286,
            11.42857,
            13.71429
          ],
          "texture": "#2"
        },
        "down": {
          "uv": [
            14.14286,
            11.42857,
            13.71429,
            11.85714
          ],
          "texture": "#2"
        }
      }
    },
    {
      "from": [
        7.7475,
        19.41154,
        7
      ],
      "to": [
        8.2525,
        20.82954,
        8.418
      ],
      "rotation": {
        "angle": -45,
        "axis": "x",
        "origin": [
          7.9975,
          20.41154,
          8
        ]
      },
      "faces": {
        "north": {
          "uv": [
            13.71429,
            3.42857,
            14,
            4.28571
          ],
          "texture": "#2"
        },
        "east": {
          "uv": [
            5.14286,
            10.28571,
            6,
            11.14286
          ],
          "texture": "#2"
        },
        "south": {
          "uv": [
            4,
            13.71429,
            4.28571,
            14.57143
          ],
          "texture": "#2"
        },
        "west": {
          "uv": [
            10.28571,
            5.71429,
            11.14286,
            6.57143
          ],
          "texture": "#2"
        },
        "up": {
          "uv": [
            4.85714,
            14.57143,
            4.57143,
            13.71429
          ],
          "texture": "#2"
        },
        "down": {
          "uv": [
            14,
            4.57143,
            13.71429,
            5.42857
          ],
          "texture": "#2"
        }
      }
    },
    {
      "from": [
        7.4,
        13.5,
        7.4
      ],
      "to": [
        8.6,
        17.5,
        8.6
      ],
      "rotation": {
        "angle": 0,
        "axis": "y",
        "origin": [
          6.8,
          14.75,
          6.8
        ]
      },
      "faces": {
        "north": {
          "uv": [
            4.57143,
            2.28571,
            5.28571,
            4.57143
          ],
          "texture": "#2"
        },
        "east": {
          "uv": [
            4,
            4.57143,
            4.71429,
            6.85714
          ],
          "texture": "#2"
        },
        "south": {
          "uv": [
            5.14286,
            4.57143,
            5.85714,
            6.85714
          ],
          "texture": "#2"
        },
        "west": {
          "uv": [
            5.71429,
            2.28571,
            6.42857,
            4.57143
          ],
          "texture": "#2"
        }
      }
    },
    {
      "from": [
        6.77,
        16.02,
        5.62875
      ],
      "to": [
        9.23,
        18.48,
        6.44875
      ],
      "rotation": {
        "angle": -45,
        "axis": "z",
        "origin": [
          8,
          17.25,
          3.9375
        ]
      },
      "faces": {
        "east": {
          "uv": [
            9.14286,
            10.28571,
            9.57143,
            11.71429
          ],
          "texture": "#2"
        },
        "south": {
          "uv": [
            2.28571,
            4.57143,
            3.71429,
            6
          ],
          "texture": "#2"
        },
        "west": {
          "uv": [
            9.71429,
            10.28571,
            10.14286,
            11.71429
          ],
          "texture": "#2"
        },
        "up": {
          "uv": [
            9.71429,
            10.28571,
            10.14286,
            11.71429
          ],
          "rotation": 90,
          "texture": "#2"
        },
        "down": {
          "uv": [
            10.14286,
            10.28571,
            9.71429,
            11.71429
          ],
          "rotation": 90,
          "texture": "#2"
        }
      }
    },
    {
      "from": [
        6.565,
        15.815,
        3.55375
      ],
      "to": [
        9.435,
        18.685,
        5.01375
      ],
      "rotation": {
        "angle": -45,
        "axis": "z",
        "origin": [
          8,
          17.25,
          3.9375
        ]
      },
      "faces": {
        "east": {
          "uv": [
            6.85714,
            1.14286,
            7.71429,
            2.71429
          ],
          "texture": "#2"
        },
        "west": {
          "uv": [
            6.85714,
            2.85714,
            7.71429,
            4.42857
          ],
          "texture": "#2"
        },
        "up": {
          "uv": [
            6.85714,
            4.42857,
            7.71429,
            2.85714
          ],
          "rotation": 90,
          "texture": "#2"
        },
        "down": {
          "uv": [
            7.71429,
            4.42857,
            6.85714,
            2.85714
          ],
          "rotation": 90,
          "texture": "#2"
        }
      }
    },
    {
      "from": [
        6.36,
        15.61,
        5.01375
      ],
      "to": [
        9.64,
        18.89,
        5.62875
      ],
      "rotation": {
        "angle": -45,
        "axis": "z",
        "origin": [
          8,
          17.25,
          3.9375
        ]
      },
      "faces": {
        "north": {
          "uv": [
            2.28571,
            2.28571,
            4.14286,
            4.14286
          ],
          "texture": "#2"
        },
        "east": {
          "uv": [
            1.71429,
            10.85714,
            2,
            12.71429
          ],
          "texture": "#2"
        },
        "south": {
          "uv": [
            0,
            4.57143,
            1.85714,
            6.42857
          ],
          "texture": "#2"
        },
        "west": {
          "uv": [
            2.28571,
            10.85714,
            2.57143,
            12.71429
          ],
          "texture": "#2"
        },
        "up": {
          "uv": [
            12.71429,
            5.42857,
            10.85714,
            5.14286
          ],
          "texture": "#2"
        },
        "down": {
          "uv": [
            12.71429,
            6.85714,
            10.85714,
            7.14286
          ],
          "texture": "#2"
        }
      }
    },
    {
      "from": [
        6.36,
        15.61,
        2.11875
      ],
      "to": [
        9.64,
        18.89,
        3.55375
      ],
      "rotation": {
        "angle": -45,
        "axis": "z",
        "origin": [
          8,
          17.25,
          4.9375
        ]
      },
      "faces": {
        "east": {
          "uv": [
            2.28571,
            6.28571,
            3.14286,
            8.14286
          ],
          "texture": "#2"
        },
        "south": {
          "uv": [
            4.57143,
            0,
            6.42857,
            1.85714
          ],
          "texture": "#2"
        },
        "west": {
          "uv": [
            6.28571,
            4.57143,
            7.14286,
            6.42857
          ],
          "texture": "#2"
        },
        "up": {
          "uv": [
            3.14286,
            8.14286,
            2.28571,
            6.28571
          ],
          "rotation": 90,
          "texture": "#2"
        },
        "down": {
          "uv": [
            7.14286,
            6.42857,
            6.28571,
            4.57143
          ],
          "rotation": 90,
          "texture": "#2"
        }
      }
    },
    {
      "from": [
        6.36,
        15.61,
        1.01875
      ],
      "to": [
        9.64,
        18.89,
        1.45375
      ],
      "rotation": {
        "angle": -45,
        "axis": "z",
        "origin": [
          8,
          17.25,
          2.8375
        ]
      },
      "faces": {
        "north": {
          "uv": [
            2.28571,
            0,
            4.14286,
            1.85714
          ],
          "texture": "#2"
        },
        "east": {
          "uv": [
            0,
            10.85714,
            0.28571,
            12.71429
          ],
          "texture": "#2"
        },
        "west": {
          "uv": [
            0.57143,
            10.85714,
            0.85714,
            12.71429
          ],
          "texture": "#2"
        },
        "up": {
          "uv": [
            12.71429,
            0.85714,
            10.85714,
            0.57143
          ],
          "texture": "#2"
        },
        "down": {
          "uv": [
            12.71429,
            4.57143,
            10.85714,
            4.85714
          ],
          "texture": "#2"
        }
      }
    },
    {
      "from": [
        6.11,
        15.36,
        1.43375
      ],
      "to": [
        9.89,
        19.14,
        2.11875
      ],
      "rotation": {
        "angle": -45,
        "axis": "z",
        "origin": [
          8,
          17.25,
          3.5025
        ]
      },
      "faces": {
        "north": {
          "uv": [
            0,
            0,
            2.14286,
            2.14286
          ],
          "texture": "#2"
        },
        "east": {
          "uv": [
            8,
            6.85714,
            8.42857,
            9
          ],
          "texture": "#2"
        },
        "south": {
          "uv": [
            0,
            2.28571,
            2.14286,
            4.42857
          ],
          "texture": "#2"
        },
        "west": {
          "uv": [
            2.28571,
            8.57143,
            2.71429,
            10.71429
          ],
          "texture": "#2"
        },
        "up": {
          "uv": [
            10.71429,
            5,
            8.57143,
            4.57143
          ],
          "texture": "#2"
        },
        "down": {
          "uv": [
            10.71429,
            5.14286,
            8.57143,
            5.57143
          ],
          "texture": "#2"
        }
      }
    },
    {
      "from": [
        6.36,
        15.61,
        14.54625
      ],
      "to": [
        9.64,
        18.89,
        14.98125
      ],
      "rotation": {
        "angle": -45,
        "axis": "z",
        "origin": [
          8,
          17.25,
          13.1625
        ]
      },
      "faces": {
        "east": {
          "uv": [
            0.28571,
            10.85714,
            0,
            12.71429
          ],
          "texture": "#2"
        },
        "south": {
          "uv": [
            4.14286,
            0,
            2.28571,
            1.85714
          ],
          "texture": "#2"
        },
        "west": {
          "uv": [
            0.85714,
            10.85714,
            0.57143,
            12.71429
          ],
          "texture": "#2"
        },
        "up": {
          "uv": [
            12.71429,
            0.57143,
            10.85714,
            0.85714
          ],
          "texture": "#2"
        },
        "down": {
          "uv": [
            12.71429,
            4.85714,
            10.85714,
            4.57143
          ],
          "texture": "#2"
        }
      }
    },
    {
      "from": [
        6.11,
        15.36,
        13.88125
      ],
      "to": [
        9.89,
        19.14,
        14.56625
      ],
      "rotation": {
        "angle": -45,
        "axis": "z",
        "origin": [
          8,
          17.25,
          12.4975
        ]
      },
      "faces": {
        "north": {
          "uv": [
            2.14286,
            2.28571,
            0,
            4.42857
          ],
          "texture": "#2"
        },
        "east": {
          "uv": [
            8.42857,
            6.85714,
            8,
            9
          ],
          "texture": "#2"
        },
        "south": {
          "uv": [
            2.14286,
            0,
            0,
            2.14286
          ],
          "texture": "#2"
        },
        "west": {
          "uv": [
            2.71429,
            8.57143,
            2.28571,
            10.71429
          ],
          "texture": "#2"
        },
        "up": {
          "uv": [
            10.71429,
            4.57143,
            8.57143,
            5
          ],
          "texture": "#2"
        },
        "down": {
          "uv": [
            10.71429,
            5.57143,
            8.57143,
            5.14286
          ],
          "texture": "#2"
        }
      }
    },
    {
      "from": [
        6.36,
        15.61,
        12.44625
      ],
      "to": [
        9.64,
        18.89,
        13.88125
      ],
      "rotation": {
        "angle": -45,
        "axis": "z",
        "origin": [
          8,
          17.25,
          11.0625
        ]
      },
      "faces": {
        "north": {
          "uv": [
            6.42857,
            0,
            4.57143,
            1.85714
          ],
          "texture": "#2"
        },
        "east": {
          "uv": [
            3.14286,
            6.28571,
            2.28571,
            8.14286
          ],
          "texture": "#2"
        },
        "west": {
          "uv": [
            7.14286,
            4.57143,
            6.28571,
            6.42857
          ],
          "texture": "#2"
        },
        "up": {
          "uv": [
            2.28571,
            8.14286,
            3.14286,
            6.28571
          ],
          "rotation": 90,
          "texture": "#2"
        },
        "down": {
          "uv": [
            6.28571,
            6.42857,
            7.14286,
            4.57143
          ],
          "rotation": 90,
          "texture": "#2"
        }
      }
    },
    {
      "from": [
        6.565,
        15.815,
        10.98625
      ],
      "to": [
        9.435,
        18.685,
        12.44625
      ],
      "rotation": {
        "angle": -45,
        "axis": "z",
        "origin": [
          8,
          17.25,
          12.0625
        ]
      },
      "faces": {
        "east": {
          "uv": [
            7.71429,
            1.14286,
            6.85714,
            2.71429
          ],
          "texture": "#2"
        },
        "west": {
          "uv": [
            7.71429,
            2.85714,
            6.85714,
            4.42857
          ],
          "texture": "#2"
        },
        "up": {
          "uv": [
            7.71429,
            4.42857,
            6.85714,
            2.85714
          ],
          "rotation": 90,
          "texture": "#2"
        },
        "down": {
          "uv": [
            6.85714,
            4.42857,
            7.71429,
            2.85714
          ],
          "rotation": 90,
          "texture": "#2"
        }
      }
    },
    {
      "from": [
        6.36,
        15.61,
        10.37125
      ],
      "to": [
        9.64,
        18.89,
        10.98625
      ],
      "rotation": {
        "angle": -45,
        "axis": "z",
        "origin": [
          8,
          17.25,
          12.0625
        ]
      },
      "faces": {
        "north": {
          "uv": [
            1.85714,
            4.57143,
            0,
            6.42857
          ],
          "texture": "#2"
        },
        "east": {
          "uv": [
            2,
            10.85714,
            1.71429,
            12.71429
          ],
          "texture": "#2"
        },
        "south": {
          "uv": [
            4.14286,
            2.28571,
            2.28571,
            4.14286
          ],
          "texture": "#2"
        },
        "west": {
          "uv": [
            2.57143,
            10.85714,
            2.28571,
            12.71429
          ],
          "texture": "#2"
        },
        "up": {
          "uv": [
            12.71429,
            5.14286,
            10.85714,
            5.42857
          ],
          "texture": "#2"
        },
        "down": {
          "uv": [
            12.71429,
            7.14286,
            10.85714,
            6.85714
          ],
          "texture": "#2"
        }
      }
    },
    {
      "from": [
        6.77,
        16.02,
        9.55125
      ],
      "to": [
        9.23,
        18.48,
        10.37125
      ],
      "rotation": {
        "angle": -45,
        "axis": "z",
        "origin": [
          8,
          17.25,
          12.0625
        ]
      },
      "faces": {
        "north": {
          "uv": [
            3.71429,
            4.57143,
            2.28571,
            6
          ],
          "texture": "#2"
        },
        "east": {
          "uv": [
            9.57143,
            10.28571,
            9.14286,
            11.71429
          ],
          "texture": "#2"
        },
        "west": {
          "uv": [
            10.14286,
            10.28571,
            9.71429,
            11.71429
          ],
          "texture": "#2"
        },
        "up": {
          "uv": [
            10.14286,
            10.28571,
            9.71429,
            11.71429
          ],
          "rotation": 90,
          "texture": "#2"
        },
        "down": {
          "uv": [
            9.71429,
            10.28571,
            10.14286,
            11.71429
          ],
          "rotation": 90,
          "texture": "#2"
        }
      }
    },
    {
      "from": [
        9,
        17.75,
        0
      ],
      "to": [
        9,
        22.75,
        5
      ],
      "rotation": {
        "angle": -45,
        "axis": "z",
        "origin": [
          8,
          18.75,
          -1
        ]
      },
      "faces": {
        "north": {
          "uv": [
            0,
            2.85714,
            0,
            0
          ],
          "rotation": 180,
          "texture": "#1"
        },
        "east": {
          "uv": [
            10.35714,
            0,
            0,
            10.35714
          ],
          "texture": "#1"
        },
        "south": {
          "uv": [
            0,
            0,
            0,
            2.85714
          ],
          "texture": "#1"
        },
        "west": {
          "uv": [
            0,
            0,
            10.35714,
            10.35714
          ],
          "texture": "#1"
        },
        "up": {
          "uv": [
            0,
            0,
            0,
            2.85714
          ],
          "texture": "#1"
        },
        "down": {
          "uv": [
            0,
            0,
            0,
            2.85714
          ],
          "rotation": 180,
          "texture": "#1"
        }
      }
    },
    {
      "from": [
        7,
        17.75,
        0
      ],
      "to": [
        7,
        22.75,
        5
      ],
      "rotation": {
        "angle": 45,
        "axis": "z",
        "origin": [
          8,
          18.75,
          -1
        ]
      },
      "faces": {
        "north": {
          "uv": [
            0,
            2.85714,
            0,
            0
          ],
          "rotation": 180,
          "texture": "#1"
        },
        "east": {
          "uv": [
            10.35714,
            0,
            0,
            10.35714
          ],
          "texture": "#1"
        },
        "south": {
          "uv": [
            0,
            0,
            0,
            2.85714
          ],
          "texture": "#1"
        },
        "west": {
          "uv": [
            0,
            0,
            10.35714,
            10.35714
          ],
          "texture": "#1"
        },
        "up": {
          "uv": [
            0,
            0,
            0,
            2.85714
          ],
          "texture": "#1"
        },
        "down": {
          "uv": [
            0,
            0,
            0,
            2.85714
          ],
          "rotation": 180,
          "texture": "#1"
        }
      }
    },
    {
      "from": [
        9,
        11.925,
        0
      ],
      "to": [
        9,
        16.925,
        5
      ],
      "rotation": {
        "angle": 45,
        "axis": "z",
        "origin": [
          8,
          15.925,
          -1
        ]
      },
      "faces": {
        "north": {
          "uv": [
            0,
            0,
            0,
            2.85714
          ],
          "rotation": 180,
          "texture": "#1"
        },
        "east": {
          "uv": [
            10.35714,
            10.35714,
            0,
            0
          ],
          "texture": "#1"
        },
        "south": {
          "uv": [
            0,
            2.85714,
            0,
            0
          ],
          "texture": "#1"
        },
        "west": {
          "uv": [
            0,
            10.35714,
            10.35714,
            0
          ],
          "texture": "#1"
        },
        "up": {
          "uv": [
            0,
            2.85714,
            0,
            0
          ],
          "rotation": 180,
          "texture": "#1"
        },
        "down": {
          "uv": [
            0,
            2.85714,
            0,
            0
          ],
          "texture": "#1"
        }
      }
    },
    {
      "from": [
        7,
        11.925,
        0
      ],
      "to": [
        7,
        16.925,
        5
      ],
      "rotation": {
        "angle": -45,
        "axis": "z",
        "origin": [
          8,
          15.925,
          -1
        ]
      },
      "faces": {
        "north": {
          "uv": [
            0,
            0,
            0,
            2.85714
          ],
          "rotation": 180,
          "texture": "#1"
        },
        "east": {
          "uv": [
            10.35714,
            10.35714,
            0,
            0
          ],
          "texture": "#1"
        },
        "south": {
          "uv": [
            0,
            2.85714,
            0,
            0
          ],
          "texture": "#1"
        },
        "west": {
          "uv": [
            0,
            10.35714,
            10.35714,
            0
          ],
          "texture": "#1"
        },
        "up": {
          "uv": [
            0,
            2.85714,
            0,
            0
          ],
          "rotation": 180,
          "texture": "#1"
        },
        "down": {
          "uv": [
            0,
            2.85714,
            0,
            0
          ],
          "texture": "#1"
        }
      }
    },
    {
      "from": [
        9,
        17.75,
        11
      ],
      "to": [
        9,
        22.75,
        16
      ],
      "rotation": {
        "angle": -45,
        "axis": "z",
        "origin": [
          8,
          18.75,
          17
        ]
      },
      "faces": {
        "north": {
          "uv": [
            0,
            0,
            0,
            2.85714
          ],
          "texture": "#1"
        },
        "east": {
          "uv": [
            0,
            0,
            10.35714,
            10.35714
          ],
          "texture": "#1"
        },
        "south": {
          "uv": [
            0,
            2.85714,
            0,
            0
          ],
          "rotation": 180,
          "texture": "#1"
        },
        "west": {
          "uv": [
            10.35714,
            0,
            0,
            10.35714
          ],
          "texture": "#1"
        },
        "up": {
          "uv": [
            0,
            2.85714,
            0,
            0
          ],
          "texture": "#1"
        },
        "down": {
          "uv": [
            0,
            2.85714,
            0,
            0
          ],
          "rotation": 180,
          "texture": "#1"
        }
      }
    },
    {
      "from": [
        7,
        17.75,
        11
      ],
      "to": [
        7,
        22.75,
        16
      ],
      "rotation": {
        "angle": 45,
        "axis": "z",
        "origin": [
          8,
          18.75,
          17
        ]
      },
      "faces": {
        "north": {
          "uv": [
            0,
            0,
            0,
            2.85714
          ],
          "texture": "#1"
        },
        "east": {
          "uv": [
            0,
            0,
            10.35714,
            10.35714
          ],
          "texture": "#1"
        },
        "south": {
          "uv": [
            0,
            2.85714,
            0,
            0
          ],
          "rotation": 180,
          "texture": "#1"
        },
        "west": {
          "uv": [
            10.35714,
            0,
            0,
            10.35714
          ],
          "texture": "#1"
        },
        "up": {
          "uv": [
            0,
            2.85714,
            0,
            0
          ],
          "texture": "#1"
        },
        "down": {
          "uv": [
            0,
            2.85714,
            0,
            0
          ],
          "rotation": 180,
          "texture": "#1"
        }
      }
    },
    {
      "from": [
        7,
        11.925,
        11
      ],
      "to": [
        7,
        16.925,
        16
      ],
      "rotation": {
        "angle": -45,
        "axis": "z",
        "origin": [
          8,
          15.925,
          17
        ]
      },
      "faces": {
        "north": {
          "uv": [
            0,
            2.85714,
            0,
            0
          ],
          "texture": "#1"
        },
        "east": {
          "uv": [
            0,
            10.35714,
            10.35714,
            0
          ],
          "texture": "#1"
        },
        "south": {
          "uv": [
            0,
            0,
            0,
            2.85714
          ],
          "rotation": 180,
          "texture": "#1"
        },
        "west": {
          "uv": [
            10.35714,
            10.35714,
            0,
            0
          ],
          "texture": "#1"
        },
        "up": {
          "uv": [
            0,
            0,
            0,
            2.85714
          ],
          "rotation": 180,
          "texture": "#1"
        },
        "down": {
          "uv": [
            0,
            0,
            0,
            2.85714
          ],
          "texture": "#1"
        }
      }
    },
    {
      "from": [
        9,
        11.925,
        11
      ],
      "to": [
        9,
        16.925,
        16
      ],
      "rotation": {
        "angle": 45,
        "axis": "z",
        "origin": [
          8,
          15.925,
          17
        ]
      },
      "faces": {
        "north": {
          "uv": [
            0,
            2.85714,
            0,
            0
          ],
          "texture": "#1"
        },
        "east": {
          "uv": [
            0,
            10.35714,
            10.35714,
            0
          ],
          "texture": "#1"
        },
        "south": {
          "uv": [
            0,
            0,
            0,
            2.85714
          ],
          "rotation": 180,
          "texture": "#1"
        },
        "west": {
          "uv": [
            10.35714,
            10.35714,
            0,
            0
          ],
          "texture": "#1"
        },
        "up": {
          "uv": [
            0,
            0,
            0,
            2.85714
          ],
          "rotation": 180,
          "texture": "#1"
        },
        "down": {
          "uv": [
            0,
            0,
            0,
            2.85714
          ],
          "texture": "#1"
        }
      }
    }
  ],
  "gui_light": "front",
  "display": {
    "thirdperson_righthand": {
      "translation": [
        0,
        1.75,
        1
      ]
    },
    "thirdperson_lefthand": {
      "translation": [
        0,
        1.75,
        1
      ]
    },
    "firstperson_righthand": {
      "rotation": [
        -10,
        0,
        0
      ],
      "translation": [
        -0.5,
        1,
        0.5
      ]
    },
    "firstperson_lefthand": {
      "rotation": [
        -10,
        0,
        0
      ],
      "translation": [
        -0.5,
        1,
        0.5
      ]
    },
    "ground": {
      "translation": [
        0,
        9.25,
        0
      ]
    },
    "gui": {
      "rotation": [
        90,
        -45,
        90
      ],
      "translation": [
        3.25,
        -3.25,
        0
      ],
      "scale": [
        0.96289,
        0.96289,
        0.96289
      ]
    },
    "head": {
      "scale": [
        0,
        0,
        0
      ]
    },
    "fixed": {
      "rotation": [
        0,
        90,
        0
      ],
      "translation": [
        0,
        -7.25,
        -1.5
      ],
      "scale": [
        2,
        2,
        2
      ]
    }
  }
}