{
  "credit": "MadebyBlockbench.",
  "texture_size": [
    64,
    64
  ],
  "textures": {
    "0": "elitecreatures:santa_decoration/deer_0"
  },
  "elements": [
    {
      "from": [
        4,
        0,
        2
      ],
      "to": [
        12,
        7,
        17
      ],
      "faces": {
        "north": {
          "uv": [
            4,
            0,
            6,
            1.75
          ],
          "texture": "#0"
        },
        "east": {
          "uv": [
            7.5,
            3.75,
            3.75,
            5.5
          ],
          "texture": "#0"
        },
        "south": {
          "uv": [
            4,
            1.75,
            6,
            3.5
          ],
          "texture": "#0"
        },
        "west": {
          "uv": [
            3.75,
            3.75,
            7.5,
            5.5
          ],
          "texture": "#0"
        },
        "up": {
          "uv": [
            2,
            3.75,
            0,
            0
          ],
          "texture": "#0"
        },
        "down": {
          "uv": [
            4,
            0,
            2,
            3.75
          ],
          "texture": "#0"
        }
      }
    },
    {
      "from": [
        0,
        0,
        10
      ],
      "to": [
        4,
        6,
        17
      ],
      "faces": {
        "north": {
          "uv": [
            6.75,
            10.75,
            7.75,
            12.25
          ],
          "texture": "#0"
        },
        "east": {
          "uv": [
            7,
            7.5,
            8.75,
            9
          ],
          "texture": "#0"
        },
        "south": {
          "uv": [
            10,
            10.75,
            11,
            12.25
          ],
          "texture": "#0"
        },
        "west": {
          "uv": [
            3.75,
            7.75,
            5.5,
            9.25
          ],
          "texture": "#0"
        },
        "up": {
          "uv": [
            8,
            10.75,
            7,
            9
          ],
          "texture": "#0"
        },
        "down": {
          "uv": [
            8,
            9,
            7,
            10.75
          ],
          "texture": "#0"
        }
      }
    },
    {
      "from": [
        4.98,
        2.68925,
        -2.46508
      ],
      "to": [
        11.01,
        7.68925,
        6.53492
      ],
      "rotation": {
        "angle": 45,
        "axis": "x",
        "origin": [
          8.48,
          5.1892,
          4.03492
        ]
      },
      "faces": {
        "north": {
          "uv": [
            5.5,
            7.75,
            7,
            9
          ],
          "texture": "#0"
        },
        "east": {
          "uv": [
            9.75,
            3,
            7.5,
            4.25
          ],
          "texture": "#0"
        },
        "south": {
          "uv": [
            5.5,
            9,
            7,
            10.25
          ],
          "texture": "#0"
        },
        "west": {
          "uv": [
            7.5,
            3,
            9.75,
            4.25
          ],
          "texture": "#0"
        },
        "up": {
          "uv": [
            5.5,
            7.75,
            4,
            5.5
          ],
          "texture": "#0"
        },
        "down": {
          "uv": [
            7,
            5.5,
            5.5,
            7.75
          ],
          "texture": "#0"
        }
      }
    },
    {
      "from": [
        4,
        7.54328,
        -2.7039
      ],
      "to": [
        12,
        13.54328,
        4.2961
      ],
      "faces": {
        "north": {
          "uv": [
            6,
            0,
            8,
            1.5
          ],
          "texture": "#0"
        },
        "east": {
          "uv": [
            10.25,
            4.25,
            8.5,
            5.75
          ],
          "texture": "#0"
        },
        "south": {
          "uv": [
            6,
            1.5,
            8,
            3
          ],
          "texture": "#0"
        },
        "west": {
          "uv": [
            8.5,
            4.25,
            10.25,
            5.75
          ],
          "texture": "#0"
        },
        "up": {
          "uv": [
            2,
            7.25,
            0,
            5.5
          ],
          "texture": "#0"
        },
        "down": {
          "uv": [
            4,
            5.5,
            2,
            7.25
          ],
          "texture": "#0"
        }
      }
    },
    {
      "from": [
        5,
        6.54328,
        -4.7039
      ],
      "to": [
        11,
        9.54328,
        3.2961
      ],
      "faces": {
        "north": {
          "uv": [
            6,
            3,
            7.5,
            3.75
          ],
          "texture": "#0"
        },
        "east": {
          "uv": [
            13,
            7,
            11,
            7.75
          ],
          "texture": "#0"
        },
        "south": {
          "uv": [
            11.5,
            0,
            13,
            0.75
          ],
          "texture": "#0"
        },
        "west": {
          "uv": [
            11,
            7,
            13,
            7.75
          ],
          "texture": "#0"
        },
        "up": {
          "uv": [
            8.5,
            7.5,
            7,
            5.5
          ],
          "texture": "#0"
        },
        "down": {
          "uv": [
            1.5,
            7.25,
            0,
            9.25
          ],
          "texture": "#0"
        }
      }
    },
    {
      "from": [
        0,
        10.54328,
        2.0461
      ],
      "to": [
        7,
        14.54328,
        4.0461
      ],
      "faces": {
        "north": {
          "uv": [
            10,
            9.75,
            11.75,
            10.75
          ],
          "texture": "#0"
        },
        "east": {
          "uv": [
            12.25,
            10.75,
            12.75,
            11.75
          ],
          "texture": "#0"
        },
        "south": {
          "uv": [
            2.75,
            10.25,
            4.5,
            11.25
          ],
          "texture": "#0"
        },
        "west": {
          "uv": [
            11.75,
            12.25,
            12.25,
            13.25
          ],
          "texture": "#0"
        },
        "up": {
          "uv": [
            13.25,
            2.25,
            11.5,
            1.75
          ],
          "texture": "#0"
        },
        "down": {
          "uv": [
            11.5,
            2.25,
            13.25,
            1.75
          ],
          "texture": "#0"
        }
      }
    },
    {
      "from": [
        4,
        13,
        0
      ],
      "to": [
        6,
        18,
        2
      ],
      "faces": {
        "north": {
          "uv": [
            3.5,
            12.25,
            4,
            13.5
          ],
          "texture": "#0"
        },
        "east": {
          "uv": [
            4,
            12.25,
            3.5,
            13.5
          ],
          "texture": "#0"
        },
        "south": {
          "uv": [
            3.5,
            12.25,
            4,
            13.5
          ],
          "texture": "#0"
        },
        "west": {
          "uv": [
            4,
            12.25,
            3.5,
            13.5
          ],
          "texture": "#0"
        },
        "up": {
          "uv": [
            11.5,
            6.25,
            12,
            5.75
          ],
          "texture": "#0"
        },
        "down": {
          "uv": [
            10.75,
            5.25,
            10.25,
            5.75
          ],
          "texture": "#0"
        }
      }
    },
    {
      "from": [
        2,
        12,
        0.1
      ],
      "to": [
        4,
        16,
        2.1
      ],
      "rotation": {
        "angle": 45,
        "axis": "z",
        "origin": [
          3.46767,
          14.12925,
          1
        ]
      },
      "faces": {
        "north": {
          "uv": [
            12.25,
            11.75,
            12.75,
            12.75
          ],
          "texture": "#0"
        },
        "east": {
          "uv": [
            12.75,
            11.75,
            12.25,
            12.75
          ],
          "texture": "#0"
        },
        "south": {
          "uv": [
            12.25,
            11.75,
            12.75,
            12.75
          ],
          "texture": "#0"
        },
        "west": {
          "uv": [
            12.75,
            11.75,
            12.25,
            12.75
          ],
          "texture": "#0"
        },
        "up": {
          "uv": [
            12,
            6.25,
            11.5,
            5.75
          ],
          "texture": "#0"
        },
        "down": {
          "uv": [
            6.5,
            12.5,
            6,
            13
          ],
          "texture": "#0"
        }
      }
    },
    {
      "from": [
        7,
        5,
        16
      ],
      "to": [
        9,
        9,
        20
      ],
      "faces": {
        "north": {
          "uv": [
            5,
            9.25,
            5.5,
            10.25
          ],
          "texture": "#0"
        },
        "east": {
          "uv": [
            4.5,
            11.25,
            3.5,
            12.25
          ],
          "texture": "#0"
        },
        "south": {
          "uv": [
            12.25,
            5.25,
            12.75,
            6.25
          ],
          "texture": "#0"
        },
        "west": {
          "uv": [
            3.5,
            11.25,
            4.5,
            12.25
          ],
          "texture": "#0"
        },
        "up": {
          "uv": [
            7.75,
            13.25,
            7.25,
            12.25
          ],
          "texture": "#0"
        },
        "down": {
          "uv": [
            12.75,
            9.75,
            12.25,
            10.75
          ],
          "texture": "#0"
        }
      }
    },
    {
      "from": [
        12,
        12,
        0.1
      ],
      "to": [
        14,
        16,
        2.1
      ],
      "rotation": {
        "angle": -45,
        "axis": "z",
        "origin": [
          12.53233,
          14.12925,
          1
        ]
      },
      "faces": {
        "north": {
          "uv": [
            12.75,
            11.75,
            12.25,
            12.75
          ],
          "texture": "#0"
        },
        "east": {
          "uv": [
            12.25,
            11.75,
            12.75,
            12.75
          ],
          "texture": "#0"
        },
        "south": {
          "uv": [
            12.75,
            11.75,
            12.25,
            12.75
          ],
          "texture": "#0"
        },
        "west": {
          "uv": [
            12.25,
            11.75,
            12.75,
            12.75
          ],
          "texture": "#0"
        },
        "up": {
          "uv": [
            11.5,
            6.25,
            12,
            5.75
          ],
          "texture": "#0"
        },
        "down": {
          "uv": [
            6,
            12.5,
            6.5,
            13
          ],
          "texture": "#0"
        }
      }
    },
    {
      "from": [
        10,
        13,
        0
      ],
      "to": [
        12,
        18,
        2
      ],
      "faces": {
        "north": {
          "uv": [
            4,
            12.25,
            3.5,
            13.5
          ],
          "texture": "#0"
        },
        "east": {
          "uv": [
            3.5,
            12.25,
            4,
            13.5
          ],
          "texture": "#0"
        },
        "south": {
          "uv": [
            4,
            12.25,
            3.5,
            13.5
          ],
          "texture": "#0"
        },
        "west": {
          "uv": [
            3.5,
            12.25,
            4,
            13.5
          ],
          "texture": "#0"
        },
        "up": {
          "uv": [
            12,
            6.25,
            11.5,
            5.75
          ],
          "texture": "#0"
        },
        "down": {
          "uv": [
            10.25,
            5.25,
            10.75,
            5.75
          ],
          "texture": "#0"
        }
      }
    },
    {
      "from": [
        1,
        0,
        -3
      ],
      "to": [
        4,
        4,
        6
      ],
      "faces": {
        "north": {
          "uv": [
            11.5,
            2.75,
            12.25,
            3.75
          ],
          "texture": "#0"
        },
        "east": {
          "uv": [
            11,
            6.75,
            8.75,
            7.75
          ],
          "texture": "#0"
        },
        "south": {
          "uv": [
            11.5,
            3.75,
            12.25,
            4.75
          ],
          "texture": "#0"
        },
        "west": {
          "uv": [
            8.75,
            6.75,
            11,
            7.75
          ],
          "texture": "#0"
        },
        "up": {
          "uv": [
            5.25,
            12.5,
            4.5,
            10.25
          ],
          "texture": "#0"
        },
        "down": {
          "uv": [
            5.25,
            10.25,
            4.5,
            12.5
          ],
          "texture": "#0"
        }
      }
    },
    {
      "from": [
        12,
        0,
        -3
      ],
      "to": [
        15,
        4,
        6
      ],
      "faces": {
        "north": {
          "uv": [
            12.25,
            2.75,
            11.5,
            3.75
          ],
          "texture": "#0"
        },
        "east": {
          "uv": [
            11,
            6.75,
            8.75,
            7.75
          ],
          "texture": "#0"
        },
        "south": {
          "uv": [
            12.25,
            3.75,
            11.5,
            4.75
          ],
          "texture": "#0"
        },
        "west": {
          "uv": [
            8.75,
            6.75,
            11,
            7.75
          ],
          "texture": "#0"
        },
        "up": {
          "uv": [
            4.5,
            12.5,
            5.25,
            10.25
          ],
          "texture": "#0"
        },
        "down": {
          "uv": [
            4.5,
            10.25,
            5.25,
            12.5
          ],
          "texture": "#0"
        }
      }
    },
    {
      "from": [
        9,
        10.54328,
        2.0461
      ],
      "to": [
        16,
        14.54328,
        4.0461
      ],
      "faces": {
        "north": {
          "uv": [
            11.75,
            9.75,
            10,
            10.75
          ],
          "texture": "#0"
        },
        "east": {
          "uv": [
            12.25,
            12.25,
            11.75,
            13.25
          ],
          "texture": "#0"
        },
        "south": {
          "uv": [
            4.5,
            10.25,
            2.75,
            11.25
          ],
          "texture": "#0"
        },
        "west": {
          "uv": [
            12.75,
            10.75,
            12.25,
            11.75
          ],
          "texture": "#0"
        },
        "up": {
          "uv": [
            11.5,
            2.25,
            13.25,
            1.75
          ],
          "texture": "#0"
        },
        "down": {
          "uv": [
            13.25,
            2.25,
            11.5,
            1.75
          ],
          "texture": "#0"
        }
      }
    },
    {
      "from": [
        1,
        0.01,
        15
      ],
      "to": [
        4,
        4.01,
        24
      ],
      "faces": {
        "north": {
          "uv": [
            12.25,
            3.75,
            11.5,
            4.75
          ],
          "texture": "#0"
        },
        "east": {
          "uv": [
            8.75,
            6.75,
            11,
            7.75
          ],
          "texture": "#0"
        },
        "south": {
          "uv": [
            12.25,
            2.75,
            11.5,
            3.75
          ],
          "texture": "#0"
        },
        "west": {
          "uv": [
            11,
            6.75,
            8.75,
            7.75
          ],
          "texture": "#0"
        },
        "up": {
          "uv": [
            5.25,
            10.25,
            4.5,
            12.5
          ],
          "texture": "#0"
        },
        "down": {
          "uv": [
            5.25,
            12.5,
            4.5,
            10.25
          ],
          "texture": "#0"
        }
      }
    },
    {
      "from": [
        12,
        0.01,
        15
      ],
      "to": [
        15,
        4.01,
        24
      ],
      "faces": {
        "north": {
          "uv": [
            11.5,
            3.75,
            12.25,
            4.75
          ],
          "texture": "#0"
        },
        "east": {
          "uv": [
            8.75,
            6.75,
            11,
            7.75
          ],
          "texture": "#0"
        },
        "south": {
          "uv": [
            11.5,
            2.75,
            12.25,
            3.75
          ],
          "texture": "#0"
        },
        "west": {
          "uv": [
            11,
            6.75,
            8.75,
            7.75
          ],
          "texture": "#0"
        },
        "up": {
          "uv": [
            4.5,
            10.25,
            5.25,
            12.5
          ],
          "texture": "#0"
        },
        "down": {
          "uv": [
            4.5,
            12.5,
            5.25,
            10.25
          ],
          "texture": "#0"
        }
      }
    },
    {
      "from": [
        12,
        0,
        10
      ],
      "to": [
        16,
        6,
        17
      ],
      "faces": {
        "north": {
          "uv": [
            7.75,
            10.75,
            6.75,
            12.25
          ],
          "texture": "#0"
        },
        "east": {
          "uv": [
            5.5,
            7.75,
            3.75,
            9.25
          ],
          "texture": "#0"
        },
        "south": {
          "uv": [
            11,
            10.75,
            10,
            12.25
          ],
          "texture": "#0"
        },
        "west": {
          "uv": [
            8.75,
            7.5,
            7,
            9
          ],
          "texture": "#0"
        },
        "up": {
          "uv": [
            7,
            10.75,
            8,
            9
          ],
          "texture": "#0"
        },
        "down": {
          "uv": [
            7,
            9,
            8,
            10.75
          ],
          "texture": "#0"
        }
      }
    }
  ],
  "gui_light": "front",
  "display": {
    "thirdperson_righthand": {
      "rotation": [
        75,
        45,
        0
      ],
      "translation": [
        0,
        2.5,
        0
      ],
      "scale": [
        0.375,
        0.375,
        0.375
      ]
    },
    "thirdperson_lefthand": {
      "rotation": [
        75,
        45,
        0
      ],
      "translation": [
        0,
        2.5,
        0
      ],
      "scale": [
        0.375,
        0.375,
        0.375
      ]
    },
    "firstperson_righthand": {
      "rotation": [
        -180,
        80,
        180
      ],
      "translation": [
        0,
        3,
        0
      ],
      "scale": [
        0.4,
        0.4,
        0.4
      ]
    },
    "firstperson_lefthand": {
      "rotation": [
        -180,
        80,
        180
      ],
      "translation": [
        0,
        3,
        0
      ],
      "scale": [
        0.4,
        0.4,
        0.4
      ]
    },
    "ground": {
      "translation": [
        0,
        2,
        0
      ],
      "scale": [
        0.5,
        0.5,
        0.5
      ]
    },
    "gui": {
      "rotation": [
        -146.62,
        44.95,
        -179.45
      ],
      "translation": [
        -0.75,
        -0.6,
        0
      ],
      "scale": [
        0.5,
        0.5,
        0.5
      ]
    },
    "head": {
      "translation": [
        0,
        -30.4,
        0
      ],
      "scale": [
        1.6,
        1.6,
        1.6
      ]
    },
    "fixed": {
      "rotation": [
        -90,
        180,
        0
      ],
      "translation": [
        0,
        0,
        -16
      ],
      "scale": [
        2.01,
        2.01,
        2.01
      ]
    }
  }
}