{
  "credit": "MadebyBlockbench.",
  "texture_size": [
    64,
    64
  ],
  "textures": {
    "0": "elitecreatures:santa_decoration/open_gift_box_0"
  },
  "elements": [
    {
      "from": [
        -2.82843,
        1.18157,
        1
      ],
      "to": [
        1.17157,
        15.18157,
        15
      ],
      "rotation": {
        "angle": -22.5,
        "axis": "z",
        "origin": [
          -3.82843,
          6.93157,
          8
        ]
      },
      "faces": {
        "north": {
          "uv": [
            5,
            9,
            6,
            12.5
          ],
          "texture": "#0"
        },
        "east": {
          "uv": [
            0,
            0,
            3.5,
            3.5
          ],
          "texture": "#0"
        },
        "south": {
          "uv": [
            6,
            9,
            7,
            12.5
          ],
          "texture": "#0"
        },
        "west": {
          "uv": [
            0,
            3.5,
            3.5,
            7
          ],
          "texture": "#0"
        },
        "up": {
          "uv": [
            8,
            12.5,
            7,
            9
          ],
          "texture": "#0"
        },
        "down": {
          "uv": [
            9,
            10,
            8,
            13.5
          ],
          "texture": "#0"
        }
      }
    },
    {
      "from": [
        2,
        -0.25,
        13
      ],
      "to": [
        14,
        7.75,
        14
      ],
      "faces": {
        "north": {
          "uv": [
            0,
            7,
            3,
            9
          ],
          "texture": "#0"
        },
        "east": {
          "uv": [
            3,
            7,
            3.25,
            9
          ],
          "texture": "#0"
        },
        "south": {
          "uv": [
            5.5,
            7,
            8.5,
            9
          ],
          "texture": "#0"
        },
        "west": {
          "uv": [
            3.25,
            7,
            3.5,
            9
          ],
          "texture": "#0"
        },
        "up": {
          "uv": [
            14,
            4.5,
            11,
            4.25
          ],
          "texture": "#0"
        },
        "down": {
          "uv": [
            14,
            4.5,
            11,
            4.75
          ],
          "texture": "#0"
        }
      }
    },
    {
      "from": [
        2,
        -0.25,
        2
      ],
      "to": [
        14,
        7.75,
        3
      ],
      "faces": {
        "north": {
          "uv": [
            8,
            2,
            11,
            4
          ],
          "texture": "#0"
        },
        "east": {
          "uv": [
            4,
            12,
            4.25,
            14
          ],
          "texture": "#0"
        },
        "south": {
          "uv": [
            8,
            4,
            11,
            6
          ],
          "texture": "#0"
        },
        "west": {
          "uv": [
            4.25,
            12,
            4.5,
            14
          ],
          "texture": "#0"
        },
        "up": {
          "uv": [
            14,
            5,
            11,
            4.75
          ],
          "texture": "#0"
        },
        "down": {
          "uv": [
            14,
            5,
            11,
            5.25
          ],
          "texture": "#0"
        }
      }
    },
    {
      "from": [
        2,
        -0.25,
        3
      ],
      "to": [
        3,
        7.75,
        13
      ],
      "faces": {
        "north": {
          "uv": [
            4.5,
            12,
            4.75,
            14
          ],
          "texture": "#0"
        },
        "east": {
          "uv": [
            8.5,
            6,
            11,
            8
          ],
          "texture": "#0"
        },
        "south": {
          "uv": [
            4.75,
            12,
            5,
            14
          ],
          "texture": "#0"
        },
        "west": {
          "uv": [
            8.5,
            8,
            11,
            10
          ],
          "texture": "#0"
        },
        "up": {
          "uv": [
            9.25,
            14,
            9,
            11.5
          ],
          "texture": "#0"
        },
        "down": {
          "uv": [
            9.5,
            11.5,
            9.25,
            14
          ],
          "texture": "#0"
        }
      }
    },
    {
      "from": [
        13,
        -0.25,
        3
      ],
      "to": [
        14,
        7.75,
        13
      ],
      "faces": {
        "north": {
          "uv": [
            12,
            5.25,
            12.25,
            7.25
          ],
          "texture": "#0"
        },
        "east": {
          "uv": [
            0,
            9,
            2.5,
            11
          ],
          "texture": "#0"
        },
        "south": {
          "uv": [
            12,
            9.25,
            12.25,
            11.25
          ],
          "texture": "#0"
        },
        "west": {
          "uv": [
            2.5,
            9,
            5,
            11
          ],
          "texture": "#0"
        },
        "up": {
          "uv": [
            9.75,
            14,
            9.5,
            11.5
          ],
          "texture": "#0"
        },
        "down": {
          "uv": [
            10,
            11.5,
            9.75,
            14
          ],
          "texture": "#0"
        }
      }
    },
    {
      "from": [
        3,
        -0.25,
        3
      ],
      "to": [
        13,
        0.75,
        13
      ],
      "faces": {
        "north": {
          "uv": [
            11,
            8.25,
            13.5,
            8.5
          ],
          "texture": "#0"
        },
        "east": {
          "uv": [
            11,
            8.5,
            13.5,
            8.75
          ],
          "texture": "#0"
        },
        "south": {
          "uv": [
            11,
            8.75,
            13.5,
            9
          ],
          "texture": "#0"
        },
        "west": {
          "uv": [
            11,
            9,
            13.5,
            9.25
          ],
          "texture": "#0"
        },
        "up": {
          "uv": [
            8,
            4.5,
            5.5,
            2
          ],
          "texture": "#0"
        },
        "down": {
          "uv": [
            8,
            4.5,
            5.5,
            7
          ],
          "texture": "#0"
        }
      }
    },
    {
      "from": [
        6,
        -0.24,
        -10
      ],
      "to": [
        10,
        -0.24,
        26
      ],
      "faces": {
        "north": {
          "uv": [
            0,
            0,
            1,
            0
          ],
          "texture": "#0"
        },
        "east": {
          "uv": [
            0,
            0,
            9,
            0
          ],
          "texture": "#0"
        },
        "south": {
          "uv": [
            0,
            0,
            1,
            0
          ],
          "texture": "#0"
        },
        "west": {
          "uv": [
            0,
            0,
            9,
            0
          ],
          "texture": "#0"
        },
        "up": {
          "uv": [
            4.5,
            9,
            3.5,
            0
          ],
          "texture": "#0"
        },
        "down": {
          "uv": [
            5.5,
            0,
            4.5,
            9
          ],
          "texture": "#0"
        }
      }
    },
    {
      "from": [
        -10,
        -0.24,
        6
      ],
      "to": [
        26,
        -0.24,
        10
      ],
      "faces": {
        "north": {
          "uv": [
            0,
            0,
            9,
            0
          ],
          "texture": "#0"
        },
        "east": {
          "uv": [
            0,
            0,
            1,
            0
          ],
          "texture": "#0"
        },
        "south": {
          "uv": [
            0,
            0,
            9,
            0
          ],
          "texture": "#0"
        },
        "west": {
          "uv": [
            0,
            0,
            1,
            0
          ],
          "texture": "#0"
        },
        "up": {
          "uv": [
            14.5,
            1,
            5.5,
            0
          ],
          "texture": "#0"
        },
        "down": {
          "uv": [
            14.5,
            1,
            5.5,
            2
          ],
          "texture": "#0"
        }
      }
    },
    {
      "from": [
        11,
        5,
        7
      ],
      "to": [
        13,
        7,
        11
      ],
      "rotation": {
        "angle": 22.5,
        "axis": "z",
        "origin": [
          12,
          4,
          12
        ]
      },
      "faces": {
        "north": {
          "uv": [
            3.5,
            12.25,
            4,
            12.75
          ],
          "texture": "#0"
        },
        "east": {
          "uv": [
            12,
            3.25,
            13,
            3.75
          ],
          "texture": "#0"
        },
        "south": {
          "uv": [
            12.25,
            6.25,
            12.75,
            6.75
          ],
          "texture": "#0"
        },
        "west": {
          "uv": [
            12,
            3.75,
            13,
            4.25
          ],
          "texture": "#0"
        },
        "up": {
          "uv": [
            8.5,
            7,
            8,
            6
          ],
          "texture": "#0"
        },
        "down": {
          "uv": [
            8.5,
            9,
            8,
            10
          ],
          "texture": "#0"
        }
      }
    },
    {
      "from": [
        6,
        7,
        9
      ],
      "to": [
        10,
        10,
        13
      ],
      "faces": {
        "north": {
          "uv": [
            11,
            5.25,
            12,
            6
          ],
          "texture": "#0"
        },
        "east": {
          "uv": [
            11,
            6,
            12,
            6.75
          ],
          "texture": "#0"
        },
        "south": {
          "uv": [
            11,
            6.75,
            12,
            7.5
          ],
          "texture": "#0"
        },
        "west": {
          "uv": [
            11,
            7.5,
            12,
            8.25
          ],
          "texture": "#0"
        },
        "up": {
          "uv": [
            12,
            4.25,
            11,
            3.25
          ],
          "texture": "#0"
        },
        "down": {
          "uv": [
            5,
            11,
            4,
            12
          ],
          "texture": "#0"
        }
      }
    },
    {
      "from": [
        5,
        1,
        7
      ],
      "to": [
        7,
        3,
        8
      ],
      "faces": {
        "north": {
          "uv": [
            12.25,
            6.75,
            12.75,
            7.25
          ],
          "texture": "#0"
        },
        "east": {
          "uv": [
            0.75,
            12.5,
            1,
            13
          ],
          "texture": "#0"
        },
        "south": {
          "uv": [
            12.25,
            9.25,
            12.75,
            9.75
          ],
          "texture": "#0"
        },
        "west": {
          "uv": [
            1,
            12.5,
            1.25,
            13
          ],
          "texture": "#0"
        },
        "up": {
          "uv": [
            1.75,
            12.75,
            1.25,
            12.5
          ],
          "texture": "#0"
        },
        "down": {
          "uv": [
            2.25,
            12.5,
            1.75,
            12.75
          ],
          "texture": "#0"
        }
      }
    },
    {
      "from": [
        9,
        8,
        11
      ],
      "to": [
        12,
        11,
        12
      ],
      "faces": {
        "north": {
          "uv": [
            11,
            9.25,
            11.75,
            10
          ],
          "texture": "#0"
        },
        "east": {
          "uv": [
            11.75,
            9.25,
            12,
            10
          ],
          "texture": "#0"
        },
        "south": {
          "uv": [
            10,
            11.5,
            10.75,
            12.25
          ],
          "texture": "#0"
        },
        "west": {
          "uv": [
            11,
            12.25,
            11.25,
            13
          ],
          "texture": "#0"
        },
        "up": {
          "uv": [
            13,
            11.25,
            12.25,
            11
          ],
          "texture": "#0"
        },
        "down": {
          "uv": [
            12,
            12.25,
            11.25,
            12.5
          ],
          "texture": "#0"
        }
      }
    },
    {
      "from": [
        5,
        1,
        8
      ],
      "to": [
        11,
        7,
        13
      ],
      "faces": {
        "north": {
          "uv": [
            9,
            10,
            10.5,
            11.5
          ],
          "texture": "#0"
        },
        "east": {
          "uv": [
            0,
            11,
            1.25,
            12.5
          ],
          "texture": "#0"
        },
        "south": {
          "uv": [
            10.5,
            10,
            12,
            11.5
          ],
          "texture": "#0"
        },
        "west": {
          "uv": [
            1.25,
            11,
            2.5,
            12.5
          ],
          "texture": "#0"
        },
        "up": {
          "uv": [
            12.5,
            3.25,
            11,
            2
          ],
          "texture": "#0"
        },
        "down": {
          "uv": [
            4,
            11,
            2.5,
            12.25
          ],
          "texture": "#0"
        }
      }
    },
    {
      "from": [
        9,
        1,
        7
      ],
      "to": [
        11,
        3,
        8
      ],
      "faces": {
        "north": {
          "uv": [
            12.25,
            9.75,
            12.75,
            10.25
          ],
          "texture": "#0"
        },
        "east": {
          "uv": [
            12.5,
            2,
            12.75,
            2.5
          ],
          "texture": "#0"
        },
        "south": {
          "uv": [
            10,
            12.25,
            10.5,
            12.75
          ],
          "texture": "#0"
        },
        "west": {
          "uv": [
            2.25,
            12.5,
            2.5,
            13
          ],
          "texture": "#0"
        },
        "up": {
          "uv": [
            13,
            2.75,
            12.5,
            2.5
          ],
          "texture": "#0"
        },
        "down": {
          "uv": [
            13,
            2.75,
            12.5,
            3
          ],
          "texture": "#0"
        }
      }
    },
    {
      "from": [
        3,
        5,
        7
      ],
      "to": [
        5,
        7,
        11
      ],
      "rotation": {
        "angle": -22.5,
        "axis": "z",
        "origin": [
          4,
          4,
          12
        ]
      },
      "faces": {
        "north": {
          "uv": [
            12.25,
            10.25,
            12.75,
            10.75
          ],
          "texture": "#0"
        },
        "east": {
          "uv": [
            12,
            7.25,
            13,
            7.75
          ],
          "texture": "#0"
        },
        "south": {
          "uv": [
            10.5,
            12.25,
            11,
            12.75
          ],
          "texture": "#0"
        },
        "west": {
          "uv": [
            12,
            7.75,
            13,
            8.25
          ],
          "texture": "#0"
        },
        "up": {
          "uv": [
            3,
            13.25,
            2.5,
            12.25
          ],
          "texture": "#0"
        },
        "down": {
          "uv": [
            3.5,
            12.25,
            3,
            13.25
          ],
          "texture": "#0"
        }
      }
    },
    {
      "from": [
        4,
        8,
        11
      ],
      "to": [
        7,
        11,
        12
      ],
      "faces": {
        "north": {
          "uv": [
            10.75,
            11.5,
            11.5,
            12.25
          ],
          "texture": "#0"
        },
        "east": {
          "uv": [
            12.25,
            11.5,
            12.5,
            12.25
          ],
          "texture": "#0"
        },
        "south": {
          "uv": [
            11.5,
            11.5,
            12.25,
            12.25
          ],
          "texture": "#0"
        },
        "west": {
          "uv": [
            12,
            12.25,
            12.25,
            13
          ],
          "texture": "#0"
        },
        "up": {
          "uv": [
            13,
            12.5,
            12.25,
            12.25
          ],
          "texture": "#0"
        },
        "down": {
          "uv": [
            0.75,
            12.5,
            0,
            12.75
          ],
          "texture": "#0"
        }
      }
    },
    {
      "from": [
        6.5,
        7,
        8
      ],
      "to": [
        9.5,
        8.5,
        9
      ],
      "faces": {
        "north": {
          "uv": [
            12.25,
            5.25,
            13,
            5.625
          ],
          "texture": "#0"
        },
        "east": {
          "uv": [
            5,
            12.5,
            5.25,
            12.875
          ],
          "texture": "#0"
        },
        "south": {
          "uv": [
            12.25,
            5.75,
            13,
            6.125
          ],
          "texture": "#0"
        },
        "west": {
          "uv": [
            5.25,
            12.5,
            5.5,
            12.875
          ],
          "texture": "#0"
        },
        "up": {
          "uv": [
            12.75,
            11.5,
            12,
            11.25
          ],
          "texture": "#0"
        },
        "down": {
          "uv": [
            13,
            10.75,
            12.25,
            11
          ],
          "texture": "#0"
        }
      }
    }
  ],
  "gui_light": "front",
  "display": {
    "thirdperson_righthand": {
      "rotation": [
        75,
        45,
        0
      ],
      "translation": [
        0,
        2.5,
        0
      ],
      "scale": [
        0.375,
        0.375,
        0.375
      ]
    },
    "thirdperson_lefthand": {
      "rotation": [
        75,
        45,
        0
      ],
      "translation": [
        0,
        2.5,
        0
      ],
      "scale": [
        0.375,
        0.375,
        0.375
      ]
    },
    "firstperson_righthand": {
      "rotation": [
        -180,
        45,
        -180
      ],
      "translation": [
        0,
        3,
        0
      ],
      "scale": [
        0.4,
        0.4,
        0.4
      ]
    },
    "firstperson_lefthand": {
      "rotation": [
        -180,
        45,
        -180
      ],
      "translation": [
        0,
        3,
        0
      ],
      "scale": [
        0.4,
        0.4,
        0.4
      ]
    },
    "ground": {
      "translation": [
        0,
        2,
        0
      ],
      "scale": [
        0.5,
        0.5,
        0.5
      ]
    },
    "gui": {
      "rotation": [
        -156.77,
        -31.06,
        -179.79
      ],
      "translation": [
        0,
        1.4,
        0
      ],
      "scale": [
        0.44922,
        0.44922,
        0.44922
      ]
    },
    "head": {
      "translation": [
        0,
        -30.4,
        0
      ],
      "scale": [
        1.6,
        1.6,
        1.6
      ]
    },
    "fixed": {
      "rotation": [
        -90,
        180,
        0
      ],
      "translation": [
        0,
        0,
        -16.75
      ],
      "scale": [
        2.01,
        2.01,
        2.01
      ]
    }
  }
}