{
  "credit": "Made by PolygonMC",
  "texture_size": [
    8,
    8
  ],
  "textures": {
    "1": "norarainbowset:hammer",
    "2": "norarainbowset:animations/animations_1",
    "particle": "norarainbowset:hammer"
  },
  "elements": [
    {
      "from": [
        7.5,
        1,
        7.5
      ],
      "to": [
        8.5,
        2,
        8.5
      ],
      "rotation": {
        "angle": 0,
        "axis": "y",
        "origin": [
          7.5,
          0,
          7.5
        ]
      },
      "faces": {
        "north": {
          "uv": [
            5.33333,
            1.33333,
            6,
            2
          ],
          "texture": "#1"
        },
        "east": {
          "uv": [
            5.33333,
            4.66667,
            6,
            5.33333
          ],
          "texture": "#1"
        },
        "south": {
          "uv": [
            2.66667,
            6,
            3.33333,
            6.66667
          ],
          "texture": "#1"
        },
        "west": {
          "uv": [
            6,
            2.66667,
            6.66667,
            3.33333
          ],
          "texture": "#1"
        },
        "up": {
          "uv": [
            8,
            7.33333,
            7.33333,
            6.66667
          ],
          "texture": "#1"
        },
        "down": {
          "uv": [
            4,
            10.66667,
            3.33333,
            11.33333
          ],
          "texture": "#1"
        }
      }
    },
    {
      "from": [
        7.4,
        0.5,
        7.4
      ],
      "to": [
        8.6,
        1,
        8.6
      ],
      "rotation": {
        "angle": 0,
        "axis": "y",
        "origin": [
          7.5,
          -1,
          7.5
        ]
      },
      "faces": {
        "north": {
          "uv": [
            12,
            8.66667,
            12.66667,
            9
          ],
          "texture": "#1"
        },
        "east": {
          "uv": [
            12,
            9.33333,
            12.66667,
            9.66667
          ],
          "texture": "#1"
        },
        "south": {
          "uv": [
            10,
            12,
            10.66667,
            12.33333
          ],
          "texture": "#1"
        },
        "west": {
          "uv": [
            12,
            10,
            12.66667,
            10.33333
          ],
          "texture": "#1"
        },
        "up": {
          "uv": [
            4.66667,
            11.33333,
            4,
            10.66667
          ],
          "texture": "#1"
        },
        "down": {
          "uv": [
            5.33333,
            10.66667,
            4.66667,
            11.33333
          ],
          "texture": "#1"
        }
      }
    },
    {
      "from": [
        7.4,
        7.2,
        7.4
      ],
      "to": [
        8.6,
        7.7,
        8.6
      ],
      "rotation": {
        "angle": 0,
        "axis": "y",
        "origin": [
          7.5,
          -1.3,
          7.5
        ]
      },
      "faces": {
        "north": {
          "uv": [
            10.66667,
            12,
            11.33333,
            12.33333
          ],
          "texture": "#1"
        },
        "east": {
          "uv": [
            12,
            10.66667,
            12.66667,
            11
          ],
          "texture": "#1"
        },
        "south": {
          "uv": [
            11.33333,
            12,
            12,
            12.33333
          ],
          "texture": "#1"
        },
        "west": {
          "uv": [
            12,
            11.33333,
            12.66667,
            11.66667
          ],
          "texture": "#1"
        },
        "up": {
          "uv": [
            11.33333,
            6,
            10.66667,
            5.33333
          ],
          "texture": "#1"
        },
        "down": {
          "uv": [
            6.66667,
            10.66667,
            6,
            11.33333
          ],
          "texture": "#1"
        }
      }
    },
    {
      "from": [
        7.4,
        15.7,
        7.4
      ],
      "to": [
        8.6,
        16.45,
        8.6
      ],
      "rotation": {
        "angle": 0,
        "axis": "y",
        "origin": [
          7.5,
          14.2,
          7.5
        ]
      },
      "faces": {
        "north": {
          "uv": [
            6.66667,
            10.66667,
            7.33333,
            11.33333
          ],
          "texture": "#1"
        },
        "east": {
          "uv": [
            7.33333,
            10.66667,
            8,
            11.33333
          ],
          "texture": "#1"
        },
        "south": {
          "uv": [
            10.66667,
            7.33333,
            11.33333,
            8
          ],
          "texture": "#1"
        },
        "west": {
          "uv": [
            8.66667,
            10.66667,
            9.33333,
            11.33333
          ],
          "texture": "#1"
        },
        "up": {
          "uv": [
            11.33333,
            10,
            10.66667,
            9.33333
          ],
          "texture": "#1"
        },
        "down": {
          "uv": [
            11.33333,
            10,
            10.66667,
            10.66667
          ],
          "texture": "#1"
        }
      }
    },
    {
      "from": [
        7.47,
        -0.28,
        7.47
      ],
      "to": [
        8.53,
        0.78,
        8.53
      ],
      "rotation": {
        "angle": -45,
        "axis": "x",
        "origin": [
          8,
          0.25,
          8
        ]
      },
      "faces": {
        "north": {
          "uv": [
            10.66667,
            10.66667,
            11.33333,
            11.33333
          ],
          "texture": "#1"
        },
        "east": {
          "uv": [
            11.33333,
            0,
            12,
            0.66667
          ],
          "texture": "#1"
        },
        "south": {
          "uv": [
            11.33333,
            0.66667,
            12,
            1.33333
          ],
          "texture": "#1"
        },
        "west": {
          "uv": [
            1.33333,
            11.33333,
            2,
            12
          ],
          "texture": "#1"
        },
        "up": {
          "uv": [
            12,
            2,
            11.33333,
            1.33333
          ],
          "texture": "#1"
        },
        "down": {
          "uv": [
            2.66667,
            11.33333,
            2,
            12
          ],
          "texture": "#1"
        }
      }
    },
    {
      "from": [
        7.4,
        2,
        7.4
      ],
      "to": [
        8.6,
        3.2,
        8.6
      ],
      "rotation": {
        "angle": 0,
        "axis": "y",
        "origin": [
          7.5,
          0.1,
          7.5
        ]
      },
      "faces": {
        "north": {
          "uv": [
            11.33333,
            2,
            12,
            2.66667
          ],
          "texture": "#1"
        },
        "east": {
          "uv": [
            2.66667,
            11.33333,
            3.33333,
            12
          ],
          "texture": "#1"
        },
        "south": {
          "uv": [
            11.33333,
            2.66667,
            12,
            3.33333
          ],
          "texture": "#1"
        },
        "west": {
          "uv": [
            3.33333,
            11.33333,
            4,
            12
          ],
          "texture": "#1"
        },
        "up": {
          "uv": [
            12,
            4,
            11.33333,
            3.33333
          ],
          "texture": "#1"
        },
        "down": {
          "uv": [
            4.66667,
            11.33333,
            4,
            12
          ],
          "texture": "#1"
        }
      }
    },
    {
      "from": [
        7.5,
        3.2,
        7.5
      ],
      "to": [
        8.5,
        5.2,
        8.5
      ],
      "rotation": {
        "angle": 0,
        "axis": "y",
        "origin": [
          7.5,
          0.2,
          7.5
        ]
      },
      "faces": {
        "north": {
          "uv": [
            8,
            4.66667,
            8.66667,
            6
          ],
          "texture": "#1"
        },
        "east": {
          "uv": [
            6,
            8,
            6.66667,
            9.33333
          ],
          "texture": "#1"
        },
        "south": {
          "uv": [
            8,
            6,
            8.66667,
            7.33333
          ],
          "texture": "#1"
        },
        "west": {
          "uv": [
            6.66667,
            8,
            7.33333,
            9.33333
          ],
          "texture": "#1"
        },
        "up": {
          "uv": [
            12,
            4.66667,
            11.33333,
            4
          ],
          "texture": "#1"
        },
        "down": {
          "uv": [
            5.33333,
            11.33333,
            4.66667,
            12
          ],
          "texture": "#1"
        }
      }
    },
    {
      "from": [
        7.5,
        11.4,
        7.5
      ],
      "to": [
        8.5,
        13.4,
        8.5
      ],
      "rotation": {
        "angle": 0,
        "axis": "y",
        "origin": [
          7.5,
          8.4,
          7.5
        ]
      },
      "faces": {
        "north": {
          "uv": [
            7.33333,
            8,
            8,
            9.33333
          ],
          "texture": "#1"
        },
        "east": {
          "uv": [
            8,
            7.33333,
            8.66667,
            8.66667
          ],
          "texture": "#1"
        },
        "south": {
          "uv": [
            0,
            8.66667,
            0.66667,
            10
          ],
          "texture": "#1"
        },
        "west": {
          "uv": [
            0.66667,
            8.66667,
            1.33333,
            10
          ],
          "texture": "#1"
        },
        "up": {
          "uv": [
            12,
            5.33333,
            11.33333,
            4.66667
          ],
          "texture": "#1"
        },
        "down": {
          "uv": [
            6,
            11.33333,
            5.33333,
            12
          ],
          "texture": "#1"
        }
      }
    },
    {
      "from": [
        7.4,
        10.2,
        7.4
      ],
      "to": [
        8.6,
        11.4,
        8.6
      ],
      "rotation": {
        "angle": 0,
        "axis": "y",
        "origin": [
          7.5,
          8.3,
          7.5
        ]
      },
      "faces": {
        "north": {
          "uv": [
            11.33333,
            5.33333,
            12,
            6
          ],
          "texture": "#1"
        },
        "east": {
          "uv": [
            6,
            11.33333,
            6.66667,
            12
          ],
          "texture": "#1"
        },
        "south": {
          "uv": [
            11.33333,
            6,
            12,
            6.66667
          ],
          "texture": "#1"
        },
        "west": {
          "uv": [
            6.66667,
            11.33333,
            7.33333,
            12
          ],
          "texture": "#1"
        },
        "up": {
          "uv": [
            12,
            7.33333,
            11.33333,
            6.66667
          ],
          "texture": "#1"
        },
        "down": {
          "uv": [
            8,
            11.33333,
            7.33333,
            12
          ],
          "texture": "#1"
        }
      }
    },
    {
      "from": [
        7.5,
        9.2,
        7.5
      ],
      "to": [
        8.5,
        10.2,
        8.5
      ],
      "rotation": {
        "angle": 0,
        "axis": "y",
        "origin": [
          7.5,
          8.2,
          7.5
        ]
      },
      "faces": {
        "north": {
          "uv": [
            11.33333,
            7.33333,
            12,
            8
          ],
          "texture": "#1"
        },
        "east": {
          "uv": [
            8,
            11.33333,
            8.66667,
            12
          ],
          "texture": "#1"
        },
        "south": {
          "uv": [
            11.33333,
            8,
            12,
            8.66667
          ],
          "texture": "#1"
        },
        "west": {
          "uv": [
            8.66667,
            11.33333,
            9.33333,
            12
          ],
          "texture": "#1"
        },
        "up": {
          "uv": [
            10,
            12,
            9.33333,
            11.33333
          ],
          "texture": "#1"
        },
        "down": {
          "uv": [
            12,
            9.33333,
            11.33333,
            10
          ],
          "texture": "#1"
        }
      }
    },
    {
      "from": [
        7.4,
        8.7,
        7.4
      ],
      "to": [
        8.6,
        9.2,
        8.6
      ],
      "rotation": {
        "angle": 0,
        "axis": "y",
        "origin": [
          7.5,
          7.2,
          7.5
        ]
      },
      "faces": {
        "north": {
          "uv": [
            12,
            12,
            12.66667,
            12.33333
          ],
          "texture": "#1"
        },
        "east": {
          "uv": [
            0,
            12.66667,
            0.66667,
            13
          ],
          "texture": "#1"
        },
        "south": {
          "uv": [
            12.66667,
            0,
            13.33333,
            0.33333
          ],
          "texture": "#1"
        },
        "west": {
          "uv": [
            0.66667,
            12.66667,
            1.33333,
            13
          ],
          "texture": "#1"
        },
        "up": {
          "uv": [
            10.66667,
            12,
            10,
            11.33333
          ],
          "texture": "#1"
        },
        "down": {
          "uv": [
            12,
            10,
            11.33333,
            10.66667
          ],
          "texture": "#1"
        }
      }
    },
    {
      "from": [
        7.6,
        7.7,
        7.6
      ],
      "to": [
        8.4,
        8.7,
        8.4
      ],
      "rotation": {
        "angle": 0,
        "axis": "y",
        "origin": [
          7.5,
          6.7,
          7.5
        ]
      },
      "faces": {
        "north": {
          "uv": [
            10.66667,
            11.33333,
            11.33333,
            12
          ],
          "texture": "#1"
        },
        "east": {
          "uv": [
            11.33333,
            10.66667,
            12,
            11.33333
          ],
          "texture": "#1"
        },
        "south": {
          "uv": [
            11.33333,
            11.33333,
            12,
            12
          ],
          "texture": "#1"
        },
        "west": {
          "uv": [
            12,
            0,
            12.66667,
            0.66667
          ],
          "texture": "#1"
        },
        "up": {
          "uv": [
            12.66667,
            1.33333,
            12,
            0.66667
          ],
          "texture": "#1"
        },
        "down": {
          "uv": [
            2,
            12,
            1.33333,
            12.66667
          ],
          "texture": "#1"
        }
      }
    },
    {
      "from": [
        7.6,
        5.2,
        7.6
      ],
      "to": [
        8.4,
        7.2,
        8.4
      ],
      "rotation": {
        "angle": 0,
        "axis": "y",
        "origin": [
          7.5,
          2.2,
          7.5
        ]
      },
      "faces": {
        "north": {
          "uv": [
            8.66667,
            4,
            9.33333,
            5.33333
          ],
          "texture": "#1"
        },
        "east": {
          "uv": [
            5.33333,
            8.66667,
            6,
            10
          ],
          "texture": "#1"
        },
        "south": {
          "uv": [
            8.66667,
            5.33333,
            9.33333,
            6.66667
          ],
          "texture": "#1"
        },
        "west": {
          "uv": [
            8.66667,
            6.66667,
            9.33333,
            8
          ],
          "texture": "#1"
        },
        "up": {
          "uv": [
            12.66667,
            2,
            12,
            1.33333
          ],
          "texture": "#1"
        },
        "down": {
          "uv": [
            2.66667,
            12,
            2,
            12.66667
          ],
          "texture": "#1"
        }
      }
    },
    {
      "from": [
        7.6,
        13.2,
        7.6
      ],
      "to": [
        8.4,
        15.7,
        8.4
      ],
      "rotation": {
        "angle": 0,
        "axis": "y",
        "origin": [
          7.5,
          10.2,
          7.5
        ]
      },
      "faces": {
        "north": {
          "uv": [
            2.66667,
            8,
            3.33333,
            9.66667
          ],
          "texture": "#1"
        },
        "east": {
          "uv": [
            3.33333,
            8,
            4,
            9.66667
          ],
          "texture": "#1"
        },
        "south": {
          "uv": [
            4,
            8,
            4.66667,
            9.66667
          ],
          "texture": "#1"
        },
        "west": {
          "uv": [
            4.66667,
            8,
            5.33333,
            9.66667
          ],
          "texture": "#1"
        },
        "up": {
          "uv": [
            12.66667,
            2.66667,
            12,
            2
          ],
          "texture": "#1"
        },
        "down": {
          "uv": [
            3.33333,
            12,
            2.66667,
            12.66667
          ],
          "texture": "#1"
        }
      }
    },
    {
      "from": [
        7.25,
        16.25,
        8
      ],
      "to": [
        8.75,
        18.25,
        10
      ],
      "rotation": {
        "angle": -45,
        "axis": "x",
        "origin": [
          7.5,
          16.25,
          8
        ]
      },
      "faces": {
        "north": {
          "uv": [
            6,
            1.33333,
            7,
            2.66667
          ],
          "texture": "#1"
        },
        "east": {
          "uv": [
            5.33333,
            0,
            6.66667,
            1.33333
          ],
          "texture": "#1"
        },
        "south": {
          "uv": [
            6,
            4.66667,
            7,
            6
          ],
          "texture": "#1"
        },
        "west": {
          "uv": [
            3.33333,
            5.33333,
            4.66667,
            6.66667
          ],
          "texture": "#1"
        },
        "up": {
          "uv": [
            7,
            7.33333,
            6,
            6
          ],
          "texture": "#1"
        },
        "down": {
          "uv": [
            7.66667,
            0,
            6.66667,
            1.33333
          ],
          "texture": "#1"
        }
      }
    },
    {
      "from": [
        7,
        16.5,
        8.25
      ],
      "to": [
        9,
        18,
        9.75
      ],
      "rotation": {
        "angle": -45,
        "axis": "x",
        "origin": [
          7.5,
          16.25,
          8
        ]
      },
      "faces": {
        "north": {
          "uv": [
            2.66667,
            6.66667,
            4,
            7.66667
          ],
          "texture": "#1"
        },
        "east": {
          "uv": [
            8,
            0,
            9,
            1
          ],
          "texture": "#1"
        },
        "south": {
          "uv": [
            6.66667,
            2.66667,
            8,
            3.66667
          ],
          "texture": "#1"
        },
        "west": {
          "uv": [
            8,
            2.66667,
            9,
            3.66667
          ],
          "texture": "#1"
        },
        "up": {
          "uv": [
            5.33333,
            7.66667,
            4,
            6.66667
          ],
          "texture": "#1"
        },
        "down": {
          "uv": [
            1.33333,
            7.33333,
            0,
            8.33333
          ],
          "texture": "#1"
        }
      }
    },
    {
      "from": [
        7.35,
        16.05,
        7.4
      ],
      "to": [
        8.65,
        17.25,
        8.6
      ],
      "rotation": {
        "angle": -45,
        "axis": "x",
        "origin": [
          8,
          16.65,
          8
        ]
      },
      "faces": {
        "north": {
          "uv": [
            9.33333,
            9.33333,
            10.33333,
            10
          ],
          "texture": "#1"
        },
        "east": {
          "uv": [
            12,
            2.66667,
            12.66667,
            3.33333
          ],
          "texture": "#1"
        },
        "south": {
          "uv": [
            0,
            10,
            1,
            10.66667
          ],
          "texture": "#1"
        },
        "west": {
          "uv": [
            3.33333,
            12,
            4,
            12.66667
          ],
          "texture": "#1"
        },
        "up": {
          "uv": [
            11,
            0.66667,
            10,
            0
          ],
          "texture": "#1"
        },
        "down": {
          "uv": [
            11,
            0.66667,
            10,
            1.33333
          ],
          "texture": "#1"
        }
      }
    },
    {
      "from": [
        7.2,
        16.25,
        7.6
      ],
      "to": [
        8.8,
        17.05,
        8.4
      ],
      "rotation": {
        "angle": -45,
        "axis": "x",
        "origin": [
          8,
          16.65,
          8
        ]
      },
      "faces": {
        "north": {
          "uv": [
            10,
            1.33333,
            11,
            2
          ],
          "texture": "#1"
        },
        "east": {
          "uv": [
            12,
            3.33333,
            12.66667,
            4
          ],
          "texture": "#1"
        },
        "south": {
          "uv": [
            10,
            2,
            11,
            2.66667
          ],
          "texture": "#1"
        },
        "west": {
          "uv": [
            4,
            12,
            4.66667,
            12.66667
          ],
          "texture": "#1"
        },
        "up": {
          "uv": [
            3.66667,
            10.66667,
            2.66667,
            10
          ],
          "texture": "#1"
        },
        "down": {
          "uv": [
            11,
            2.66667,
            10,
            3.33333
          ],
          "texture": "#1"
        }
      }
    },
    {
      "from": [
        7.235,
        17.32446,
        9.7724
      ],
      "to": [
        8.765,
        18.48446,
        10.3524
      ],
      "rotation": {
        "angle": -45,
        "axis": "x",
        "origin": [
          7.71,
          18.48446,
          9.7724
        ]
      },
      "faces": {
        "north": {
          "uv": [
            10,
            3.33333,
            11,
            4
          ],
          "texture": "#1"
        },
        "east": {
          "uv": [
            12.66667,
            0.66667,
            13,
            1.33333
          ],
          "texture": "#1"
        },
        "south": {
          "uv": [
            4,
            10,
            5,
            10.66667
          ],
          "texture": "#1"
        },
        "west": {
          "uv": [
            1.33333,
            12.66667,
            1.66667,
            13.33333
          ],
          "texture": "#1"
        },
        "up": {
          "uv": [
            13,
            5.66667,
            12,
            5.33333
          ],
          "texture": "#1"
        }
      }
    },
    {
      "from": [
        7.235,
        18.00397,
        9.7724
      ],
      "to": [
        8.765,
        18.58397,
        10.3524
      ],
      "rotation": {
        "angle": 45,
        "axis": "x",
        "origin": [
          7.71,
          16.84397,
          9.7724
        ]
      },
      "faces": {
        "east": {
          "uv": [
            12.66667,
            3.33333,
            13,
            3.66667
          ],
          "texture": "#1"
        },
        "south": {
          "uv": [
            6,
            12,
            7,
            12.33333
          ],
          "texture": "#1"
        },
        "west": {
          "uv": [
            4,
            12.66667,
            4.33333,
            13
          ],
          "texture": "#1"
        },
        "up": {
          "uv": [
            13,
            6.33333,
            12,
            6
          ],
          "texture": "#1"
        }
      }
    },
    {
      "from": [
        7.235,
        16.84397,
        9.7724
      ],
      "to": [
        8.765,
        18.00397,
        10.3524
      ],
      "rotation": {
        "angle": 45,
        "axis": "x",
        "origin": [
          7.71,
          16.84397,
          9.7724
        ]
      },
      "faces": {
        "north": {
          "uv": [
            10,
            4,
            11,
            4.66667
          ],
          "texture": "#1"
        },
        "east": {
          "uv": [
            12.66667,
            1.33333,
            13,
            2
          ],
          "texture": "#1"
        },
        "south": {
          "uv": [
            10,
            4.66667,
            11,
            5.33333
          ],
          "texture": "#1"
        },
        "west": {
          "uv": [
            2,
            12.66667,
            2.33333,
            13.33333
          ],
          "texture": "#1"
        },
        "down": {
          "uv": [
            13,
            6.66667,
            12,
            7
          ],
          "texture": "#1"
        }
      }
    },
    {
      "from": [
        7.5,
        16.66421,
        8.60133
      ],
      "to": [
        8.5,
        18.66421,
        10.60133
      ],
      "rotation": {
        "angle": 45,
        "axis": "x",
        "origin": [
          8,
          17.66421,
          9.60133
        ]
      },
      "faces": {
        "north": {
          "uv": [
            8,
            8.66667,
            8.66667,
            10
          ],
          "texture": "#1"
        },
        "east": {
          "uv": [
            5.33333,
            3.33333,
            6.66667,
            4.66667
          ],
          "texture": "#1"
        },
        "south": {
          "uv": [
            8.66667,
            8,
            9.33333,
            9.33333
          ],
          "texture": "#1"
        },
        "west": {
          "uv": [
            4.66667,
            5.33333,
            6,
            6.66667
          ],
          "texture": "#1"
        },
        "up": {
          "uv": [
            10,
            1.33333,
            9.33333,
            0
          ],
          "texture": "#1"
        },
        "down": {
          "uv": [
            2,
            9.33333,
            1.33333,
            10.66667
          ],
          "texture": "#1"
        }
      }
    },
    {
      "from": [
        7.5,
        16.66421,
        5.39867
      ],
      "to": [
        8.5,
        18.66421,
        7.39867
      ],
      "rotation": {
        "angle": -45,
        "axis": "x",
        "origin": [
          8,
          17.66421,
          6.39867
        ]
      },
      "faces": {
        "north": {
          "uv": [
            9.33333,
            1.33333,
            10,
            2.66667
          ],
          "texture": "#1"
        },
        "east": {
          "uv": [
            0,
            6,
            1.33333,
            7.33333
          ],
          "texture": "#1"
        },
        "south": {
          "uv": [
            2,
            9.33333,
            2.66667,
            10.66667
          ],
          "texture": "#1"
        },
        "west": {
          "uv": [
            1.33333,
            6,
            2.66667,
            7.33333
          ],
          "texture": "#1"
        },
        "up": {
          "uv": [
            10,
            4,
            9.33333,
            2.66667
          ],
          "texture": "#1"
        },
        "down": {
          "uv": [
            10,
            4,
            9.33333,
            5.33333
          ],
          "texture": "#1"
        }
      }
    },
    {
      "from": [
        7.235,
        17.32446,
        5.6476
      ],
      "to": [
        8.765,
        18.48446,
        6.2276
      ],
      "rotation": {
        "angle": 45,
        "axis": "x",
        "origin": [
          7.71,
          18.48446,
          6.2276
        ]
      },
      "faces": {
        "north": {
          "uv": [
            10,
            6,
            11,
            6.66667
          ],
          "texture": "#1"
        },
        "east": {
          "uv": [
            12.66667,
            2,
            13,
            2.66667
          ],
          "texture": "#1"
        },
        "south": {
          "uv": [
            6.66667,
            10,
            7.66667,
            10.66667
          ],
          "texture": "#1"
        },
        "west": {
          "uv": [
            2.66667,
            12.66667,
            3,
            13.33333
          ],
          "texture": "#1"
        },
        "up": {
          "uv": [
            8.33333,
            12.33333,
            7.33333,
            12
          ],
          "texture": "#1"
        }
      }
    },
    {
      "from": [
        7.235,
        18.00397,
        5.6476
      ],
      "to": [
        8.765,
        18.58397,
        6.2276
      ],
      "rotation": {
        "angle": -45,
        "axis": "x",
        "origin": [
          7.71,
          16.84397,
          6.2276
        ]
      },
      "faces": {
        "north": {
          "uv": [
            12,
            7.33333,
            13,
            7.66667
          ],
          "texture": "#1"
        },
        "east": {
          "uv": [
            12.66667,
            4,
            13,
            4.33333
          ],
          "texture": "#1"
        },
        "west": {
          "uv": [
            4.66667,
            12.66667,
            5,
            13
          ],
          "texture": "#1"
        },
        "up": {
          "uv": [
            13,
            8.33333,
            12,
            8
          ],
          "texture": "#1"
        }
      }
    },
    {
      "from": [
        7.235,
        16.84397,
        5.6476
      ],
      "to": [
        8.765,
        18.00397,
        6.2276
      ],
      "rotation": {
        "angle": -45,
        "axis": "x",
        "origin": [
          7.71,
          16.84397,
          6.2276
        ]
      },
      "faces": {
        "north": {
          "uv": [
            10,
            6.66667,
            11,
            7.33333
          ],
          "texture": "#1"
        },
        "east": {
          "uv": [
            12.66667,
            2.66667,
            13,
            3.33333
          ],
          "texture": "#1"
        },
        "south": {
          "uv": [
            10,
            8,
            11,
            8.66667
          ],
          "texture": "#1"
        },
        "west": {
          "uv": [
            3.33333,
            12.66667,
            3.66667,
            13.33333
          ],
          "texture": "#1"
        },
        "down": {
          "uv": [
            9.66667,
            12,
            8.66667,
            12.33333
          ],
          "texture": "#1"
        }
      }
    },
    {
      "from": [
        7.55,
        15.33721,
        2.52328
      ],
      "to": [
        8.45,
        16.28721,
        4.52328
      ],
      "rotation": {
        "angle": 22.5,
        "axis": "x",
        "origin": [
          8,
          15.24211,
          2.75484
        ]
      },
      "faces": {
        "north": {
          "uv": [
            12,
            4,
            12.66667,
            4.66667
          ],
          "texture": "#1"
        },
        "east": {
          "uv": [
            4,
            3.33333,
            5.33333,
            4
          ],
          "texture": "#1"
        },
        "south": {
          "uv": [
            4.66667,
            12,
            5.33333,
            12.66667
          ],
          "texture": "#1"
        },
        "west": {
          "uv": [
            9.33333,
            5.33333,
            10.66667,
            6
          ],
          "texture": "#1"
        },
        "up": {
          "uv": [
            6.66667,
            10.66667,
            6,
            9.33333
          ],
          "texture": "#1"
        },
        "down": {
          "uv": [
            10,
            6,
            9.33333,
            7.33333
          ],
          "texture": "#1"
        }
      }
    },
    {
      "from": [
        7.5536,
        14.57939,
        1.77641
      ],
      "to": [
        8.4464,
        15.47219,
        3.56201
      ],
      "rotation": {
        "angle": -22.5,
        "axis": "x",
        "origin": [
          8,
          15.24211,
          2.75484
        ]
      },
      "faces": {
        "north": {
          "uv": [
            12,
            4.66667,
            12.66667,
            5.33333
          ],
          "texture": "#1"
        },
        "east": {
          "uv": [
            6.66667,
            9.33333,
            8,
            10
          ],
          "texture": "#1"
        },
        "west": {
          "uv": [
            9.33333,
            7.33333,
            10.66667,
            8
          ],
          "texture": "#1"
        },
        "up": {
          "uv": [
            10,
            9.33333,
            9.33333,
            8
          ],
          "texture": "#1"
        },
        "down": {
          "uv": [
            9.33333,
            9.33333,
            8.66667,
            10.66667
          ],
          "texture": "#1"
        }
      }
    },
    {
      "from": [
        7.60717,
        15.00426,
        1.59728
      ],
      "to": [
        8.39283,
        16.57559,
        2.38294
      ],
      "rotation": {
        "angle": -45,
        "axis": "x",
        "origin": [
          8,
          15.24211,
          2.75484
        ]
      },
      "faces": {
        "north": {
          "uv": [
            5.33333,
            10,
            6,
            11
          ],
          "texture": "#1"
        },
        "east": {
          "uv": [
            8,
            10,
            8.66667,
            11
          ],
          "texture": "#1"
        },
        "south": {
          "uv": [
            9.33333,
            10,
            10,
            11
          ],
          "texture": "#1"
        },
        "west": {
          "uv": [
            10,
            10,
            10.66667,
            11
          ],
          "texture": "#1"
        },
        "up": {
          "uv": [
            6,
            12.66667,
            5.33333,
            12
          ],
          "texture": "#1"
        }
      }
    },
    {
      "from": [
        7.55,
        19.03779,
        2.52328
      ],
      "to": [
        8.45,
        19.98779,
        4.52328
      ],
      "rotation": {
        "angle": -22.5,
        "axis": "x",
        "origin": [
          8,
          20.08289,
          2.75484
        ]
      },
      "faces": {
        "north": {
          "uv": [
            12,
            4.66667,
            12.66667,
            4
          ],
          "texture": "#1"
        },
        "east": {
          "uv": [
            4,
            4,
            5.33333,
            3.33333
          ],
          "texture": "#1"
        },
        "south": {
          "uv": [
            4.66667,
            12.66667,
            5.33333,
            12
          ],
          "texture": "#1"
        },
        "west": {
          "uv": [
            9.33333,
            6,
            10.66667,
            5.33333
          ],
          "texture": "#1"
        },
        "up": {
          "uv": [
            10,
            7.33333,
            9.33333,
            6
          ],
          "texture": "#1"
        },
        "down": {
          "uv": [
            6.66667,
            9.33333,
            6,
            10.66667
          ],
          "texture": "#1"
        }
      }
    },
    {
      "from": [
        7.5536,
        19.85281,
        1.77641
      ],
      "to": [
        8.4464,
        20.74561,
        3.56201
      ],
      "rotation": {
        "angle": 22.5,
        "axis": "x",
        "origin": [
          8,
          20.08289,
          2.75484
        ]
      },
      "faces": {
        "north": {
          "uv": [
            12,
            5.33333,
            12.66667,
            4.66667
          ],
          "texture": "#1"
        },
        "east": {
          "uv": [
            6.66667,
            10,
            8,
            9.33333
          ],
          "texture": "#1"
        },
        "west": {
          "uv": [
            9.33333,
            8,
            10.66667,
            7.33333
          ],
          "texture": "#1"
        },
        "up": {
          "uv": [
            9.33333,
            10.66667,
            8.66667,
            9.33333
          ],
          "texture": "#1"
        },
        "down": {
          "uv": [
            10,
            8,
            9.33333,
            9.33333
          ],
          "texture": "#1"
        }
      }
    },
    {
      "from": [
        7.60717,
        18.74941,
        1.59728
      ],
      "to": [
        8.39283,
        20.32074,
        2.38294
      ],
      "rotation": {
        "angle": 45,
        "axis": "x",
        "origin": [
          8,
          20.08289,
          2.75484
        ]
      },
      "faces": {
        "north": {
          "uv": [
            5.33333,
            11,
            6,
            10
          ],
          "texture": "#1"
        },
        "east": {
          "uv": [
            8,
            11,
            8.66667,
            10
          ],
          "texture": "#1"
        },
        "south": {
          "uv": [
            9.33333,
            11,
            10,
            10
          ],
          "texture": "#1"
        },
        "west": {
          "uv": [
            10,
            11,
            10.66667,
            10
          ],
          "texture": "#1"
        },
        "down": {
          "uv": [
            6,
            12,
            5.33333,
            12.66667
          ],
          "texture": "#1"
        }
      }
    },
    {
      "from": [
        5.85895,
        17.2125,
        3.44953
      ],
      "to": [
        6.80895,
        18.1125,
        5.44953
      ],
      "rotation": {
        "angle": -22.5,
        "axis": "y",
        "origin": [
          8,
          17.6625,
          2.75484
        ]
      },
      "faces": {
        "north": {
          "uv": [
            12,
            4.66667,
            12.66667,
            4
          ],
          "rotation": 90,
          "texture": "#1"
        },
        "east": {
          "uv": [
            6.66667,
            9.33333,
            6,
            10.66667
          ],
          "rotation": 270,
          "texture": "#1"
        },
        "south": {
          "uv": [
            4.66667,
            12.66667,
            5.33333,
            12
          ],
          "rotation": 270,
          "texture": "#1"
        },
        "west": {
          "uv": [
            10,
            7.33333,
            9.33333,
            6
          ],
          "rotation": 270,
          "texture": "#1"
        },
        "up": {
          "uv": [
            4,
            4,
            5.33333,
            3.33333
          ],
          "rotation": 270,
          "texture": "#1"
        },
        "down": {
          "uv": [
            9.33333,
            6,
            10.66667,
            5.33333
          ],
          "rotation": 270,
          "texture": "#1"
        }
      }
    },
    {
      "from": [
        5.10113,
        17.2161,
        0.85017
      ],
      "to": [
        5.99393,
        18.1089,
        2.63577
      ],
      "rotation": {
        "angle": 22.5,
        "axis": "y",
        "origin": [
          8,
          17.6625,
          2.75484
        ]
      },
      "faces": {
        "north": {
          "uv": [
            12,
            5.33333,
            12.66667,
            4.66667
          ],
          "rotation": 90,
          "texture": "#1"
        },
        "east": {
          "uv": [
            10,
            8,
            9.33333,
            9.33333
          ],
          "rotation": 270,
          "texture": "#1"
        },
        "west": {
          "uv": [
            9.33333,
            10.66667,
            8.66667,
            9.33333
          ],
          "rotation": 270,
          "texture": "#1"
        },
        "up": {
          "uv": [
            6.66667,
            10,
            8,
            9.33333
          ],
          "rotation": 270,
          "texture": "#1"
        },
        "down": {
          "uv": [
            9.33333,
            8,
            10.66667,
            7.33333
          ],
          "rotation": 270,
          "texture": "#1"
        }
      }
    },
    {
      "from": [
        6.05067,
        17.26967,
        -0.11419
      ],
      "to": [
        7.622,
        18.05533,
        0.67147
      ],
      "rotation": {
        "angle": 45,
        "axis": "y",
        "origin": [
          8,
          17.6625,
          2.75484
        ]
      },
      "faces": {
        "north": {
          "uv": [
            5.33333,
            11,
            6,
            10
          ],
          "rotation": 90,
          "texture": "#1"
        },
        "east": {
          "uv": [
            6,
            12,
            5.33333,
            12.66667
          ],
          "rotation": 270,
          "texture": "#1"
        },
        "south": {
          "uv": [
            9.33333,
            11,
            10,
            10
          ],
          "rotation": 270,
          "texture": "#1"
        },
        "up": {
          "uv": [
            8,
            11,
            8.66667,
            10
          ],
          "rotation": 270,
          "texture": "#1"
        },
        "down": {
          "uv": [
            10,
            11,
            10.66667,
            10
          ],
          "rotation": 270,
          "texture": "#1"
        }
      }
    },
    {
      "from": [
        9.19105,
        17.2125,
        3.44953
      ],
      "to": [
        10.14105,
        18.1125,
        5.44953
      ],
      "rotation": {
        "angle": 22.5,
        "axis": "y",
        "origin": [
          8,
          17.6625,
          2.75484
        ]
      },
      "faces": {
        "north": {
          "uv": [
            12,
            4,
            12.66667,
            4.66667
          ],
          "rotation": 90,
          "texture": "#1"
        },
        "east": {
          "uv": [
            10,
            6,
            9.33333,
            7.33333
          ],
          "rotation": 270,
          "texture": "#1"
        },
        "south": {
          "uv": [
            4.66667,
            12,
            5.33333,
            12.66667
          ],
          "rotation": 270,
          "texture": "#1"
        },
        "west": {
          "uv": [
            6.66667,
            10.66667,
            6,
            9.33333
          ],
          "rotation": 270,
          "texture": "#1"
        },
        "up": {
          "uv": [
            4,
            3.33333,
            5.33333,
            4
          ],
          "rotation": 270,
          "texture": "#1"
        },
        "down": {
          "uv": [
            9.33333,
            5.33333,
            10.66667,
            6
          ],
          "rotation": 270,
          "texture": "#1"
        }
      }
    },
    {
      "from": [
        10.00607,
        17.2161,
        0.85017
      ],
      "to": [
        10.89887,
        18.1089,
        2.63577
      ],
      "rotation": {
        "angle": -22.5,
        "axis": "y",
        "origin": [
          8,
          17.6625,
          2.75484
        ]
      },
      "faces": {
        "north": {
          "uv": [
            12,
            4.66667,
            12.66667,
            5.33333
          ],
          "rotation": 90,
          "texture": "#1"
        },
        "east": {
          "uv": [
            9.33333,
            9.33333,
            8.66667,
            10.66667
          ],
          "rotation": 270,
          "texture": "#1"
        },
        "west": {
          "uv": [
            10,
            9.33333,
            9.33333,
            8
          ],
          "rotation": 270,
          "texture": "#1"
        },
        "up": {
          "uv": [
            6.66667,
            9.33333,
            8,
            10
          ],
          "rotation": 270,
          "texture": "#1"
        },
        "down": {
          "uv": [
            9.33333,
            7.33333,
            10.66667,
            8
          ],
          "rotation": 270,
          "texture": "#1"
        }
      }
    },
    {
      "from": [
        8.378,
        17.26967,
        -0.11419
      ],
      "to": [
        9.94933,
        18.05533,
        0.67147
      ],
      "rotation": {
        "angle": -45,
        "axis": "y",
        "origin": [
          8,
          17.6625,
          2.75484
        ]
      },
      "faces": {
        "north": {
          "uv": [
            5.33333,
            10,
            6,
            11
          ],
          "rotation": 90,
          "texture": "#1"
        },
        "south": {
          "uv": [
            9.33333,
            10,
            10,
            11
          ],
          "rotation": 270,
          "texture": "#1"
        },
        "west": {
          "uv": [
            6,
            12.66667,
            5.33333,
            12
          ],
          "rotation": 270,
          "texture": "#1"
        },
        "up": {
          "uv": [
            8,
            10,
            8.66667,
            11
          ],
          "rotation": 270,
          "texture": "#1"
        },
        "down": {
          "uv": [
            10,
            10,
            10.66667,
            11
          ],
          "rotation": 270,
          "texture": "#1"
        }
      }
    },
    {
      "from": [
        6.75,
        16.41421,
        4.66211
      ],
      "to": [
        9.25,
        18.91421,
        5.16211
      ],
      "rotation": {
        "angle": -45,
        "axis": "z",
        "origin": [
          8,
          17.66421,
          4.16211
        ]
      },
      "faces": {
        "east": {
          "uv": [
            0,
            10.66667,
            0.33333,
            12.33333
          ],
          "texture": "#1"
        },
        "south": {
          "uv": [
            0,
            4,
            1.66667,
            5.66667
          ],
          "texture": "#1"
        },
        "west": {
          "uv": [
            0.66667,
            10.66667,
            1,
            12.33333
          ],
          "texture": "#1"
        },
        "up": {
          "uv": [
            11.66667,
            9,
            10,
            8.66667
          ],
          "texture": "#1"
        },
        "down": {
          "uv": [
            3,
            10.66667,
            1.33333,
            11
          ],
          "texture": "#1"
        }
      }
    },
    {
      "from": [
        6.4,
        16.06421,
        1.16211
      ],
      "to": [
        9.6,
        19.26421,
        2.16211
      ],
      "rotation": {
        "angle": -45,
        "axis": "z",
        "origin": [
          8,
          17.66421,
          3.16211
        ]
      },
      "faces": {
        "north": {
          "uv": [
            0,
            0,
            2,
            2
          ],
          "texture": "#1"
        },
        "east": {
          "uv": [
            5.33333,
            6.66667,
            6,
            8.66667
          ],
          "texture": "#1"
        },
        "south": {
          "uv": [
            0,
            2,
            2,
            4
          ],
          "texture": "#1"
        },
        "west": {
          "uv": [
            1.33333,
            7.33333,
            2,
            9.33333
          ],
          "texture": "#1"
        },
        "up": {
          "uv": [
            8.66667,
            4.66667,
            6.66667,
            4
          ],
          "texture": "#1"
        },
        "down": {
          "uv": [
            9.33333,
            1.33333,
            7.33333,
            2
          ],
          "texture": "#1"
        }
      }
    },
    {
      "from": [
        6.5,
        16.16421,
        3.66211
      ],
      "to": [
        9.5,
        19.16421,
        4.66211
      ],
      "rotation": {
        "angle": -45,
        "axis": "z",
        "origin": [
          8,
          17.66421,
          4.66211
        ]
      },
      "faces": {
        "north": {
          "uv": [
            2,
            0,
            4,
            2
          ],
          "texture": "#1"
        },
        "east": {
          "uv": [
            2,
            7.33333,
            2.66667,
            9.33333
          ],
          "texture": "#1"
        },
        "south": {
          "uv": [
            2,
            2,
            4,
            4
          ],
          "texture": "#1"
        },
        "west": {
          "uv": [
            7.33333,
            4.66667,
            8,
            6.66667
          ],
          "texture": "#1"
        },
        "up": {
          "uv": [
            9.33333,
            2.66667,
            7.33333,
            2
          ],
          "texture": "#1"
        },
        "down": {
          "uv": [
            8,
            7.33333,
            6,
            8
          ],
          "texture": "#1"
        }
      }
    },
    {
      "from": [
        6.6,
        16.26421,
        2.16211
      ],
      "to": [
        9.4,
        19.06421,
        3.66211
      ],
      "rotation": {
        "angle": -45,
        "axis": "z",
        "origin": [
          8,
          17.66421,
          3.66211
        ]
      },
      "faces": {
        "east": {
          "uv": [
            4,
            0,
            5,
            2
          ],
          "texture": "#1"
        },
        "west": {
          "uv": [
            2,
            4,
            3,
            6
          ],
          "texture": "#1"
        },
        "up": {
          "uv": [
            6,
            3,
            4,
            2
          ],
          "texture": "#1"
        },
        "down": {
          "uv": [
            5.33333,
            4,
            3.33333,
            5
          ],
          "texture": "#1"
        }
      }
    },
    {
      "from": [
        5.58934,
        13.68934,
        -0.25
      ],
      "to": [
        5.58934,
        18.68934,
        6.75
      ],
      "rotation": {
        "angle": -45,
        "axis": "z",
        "origin": [
          5.58934,
          15.18934,
          3.25
        ]
      },
      "faces": {
        "east": {
          "uv": [
            0,
            0,
            11,
            15
          ],
          "rotation": 270,
          "texture": "#2"
        },
        "west": {
          "uv": [
            11,
            0,
            0,
            15
          ],
          "rotation": 90,
          "texture": "#2"
        }
      }
    },
    {
      "from": [
        10.41066,
        13.68934,
        -0.25
      ],
      "to": [
        10.41066,
        18.68934,
        6.75
      ],
      "rotation": {
        "angle": 45,
        "axis": "z",
        "origin": [
          10.41066,
          15.18934,
          3.25
        ]
      },
      "faces": {
        "east": {
          "uv": [
            11,
            15,
            0,
            0
          ],
          "rotation": 90,
          "texture": "#2"
        },
        "west": {
          "uv": [
            0,
            15,
            11,
            0
          ],
          "rotation": 270,
          "texture": "#2"
        }
      }
    },
    {
      "from": [
        10.41066,
        16.56066,
        -0.25
      ],
      "to": [
        10.41066,
        21.56066,
        6.75
      ],
      "rotation": {
        "angle": -45,
        "axis": "z",
        "origin": [
          10.41066,
          20.06066,
          3.25
        ]
      },
      "faces": {
        "east": {
          "uv": [
            0,
            15,
            11,
            0
          ],
          "rotation": 90,
          "texture": "#2"
        },
        "west": {
          "uv": [
            11,
            15,
            0,
            0
          ],
          "rotation": 270,
          "texture": "#2"
        }
      }
    },
    {
      "from": [
        5.58934,
        16.56066,
        -0.25
      ],
      "to": [
        5.58934,
        21.56066,
        6.75
      ],
      "rotation": {
        "angle": 45,
        "axis": "z",
        "origin": [
          5.58934,
          20.06066,
          3.25
        ]
      },
      "faces": {
        "east": {
          "uv": [
            11,
            0,
            0,
            15
          ],
          "rotation": 270,
          "texture": "#2"
        },
        "west": {
          "uv": [
            0,
            0,
            11,
            15
          ],
          "rotation": 90,
          "texture": "#2"
        }
      }
    }
  ],
  "gui_light": "front",
  "display": {
    "thirdperson_righthand": {
      "translation": [
        0,
        -0.75,
        0.75
      ]
    },
    "thirdperson_lefthand": {
      "translation": [
        0,
        -0.75,
        0.75
      ]
    },
    "firstperson_righthand": {
      "rotation": [
        -10,
        0,
        0
      ],
      "translation": [
        -1.25,
        3,
        2.75
      ]
    },
    "firstperson_lefthand": {
      "rotation": [
        -10,
        0,
        0
      ],
      "translation": [
        -1.25,
        3,
        2.75
      ]
    },
    "ground": {
      "rotation": [
        -45,
        0,
        0
      ],
      "translation": [
        0,
        8.5,
        3.25
      ]
    },
    "gui": {
      "rotation": [
        -90,
        45,
        90
      ],
      "translation": [
        3.5,
        -1.5,
        0
      ],
      "scale": [
        0.92968,
        0.92968,
        0.92968
      ]
    },
    "head": {
      "scale": [
        0,
        0,
        0
      ]
    },
    "fixed": {
      "rotation": [
        0,
        -90,
        0
      ],
      "translation": [
        0,
        -7,
        -1.25
      ],
      "scale": [
        3,
        3,
        3
      ]
    }
  }
}