{"credit":"MadewithBlockbench","ambientocclusion":false,"texture_size":[64,64],"textures":{"1":"elitecreatures:exotic_garden_decoration_v1/pot_2"},"elements":[{"from":[2,0.25,2],"to":[14,0.25,14],"rotation":{"angle":0,"axis":"y","origin":[8,16.5,8]},"faces":{"up":{"uv":[3.25,5.5,0.25,8.5],"texture":"#1"},"down":{"uv":[0.25,5.5,3.25,8.5],"texture":"#1"}}},{"from":[10,0.25,10],"to":[12,1.25,12],"rotation":{"angle":0,"axis":"y","origin":[8,16.5,8]},"faces":{"north":{"uv":[1.25,6.25,0.75,6.5],"texture":"#1"},"east":{"uv":[1.25,6.25,0.75,6.5],"texture":"#1"},"south":{"uv":[1.25,6.25,0.75,6.5],"texture":"#1"},"west":{"uv":[1.25,6.25,0.75,6.5],"texture":"#1"},"up":{"uv":[1.25,6.25,0.75,6.75],"texture":"#1"},"down":{"uv":[1.25,6.25,0.75,6.75],"texture":"#1"}}},{"from":[4,0.25,6],"to":[6,1.25,8],"rotation":{"angle":0,"axis":"y","origin":[8,16.5,8]},"faces":{"north":{"uv":[1.25,6.25,0.75,6.5],"texture":"#1"},"east":{"uv":[1.25,6.25,0.75,6.5],"texture":"#1"},"south":{"uv":[1.25,6.25,0.75,6.5],"texture":"#1"},"west":{"uv":[1.25,6.25,0.75,6.5],"texture":"#1"},"up":{"uv":[0.5,8.25,0,8.75],"texture":"#1"},"down":{"uv":[1.25,6.25,0.75,6.75],"texture":"#1"}}},{"from":[8,0.25,4],"to":[11,1.25,7],"rotation":{"angle":0,"axis":"y","origin":[8,16.5,8]},"faces":{"north":{"uv":[1.5,6.25,0.75,6.5],"texture":"#1"},"east":{"uv":[1.5,6.25,0.75,6.5],"texture":"#1"},"south":{"uv":[1.5,6.25,0.75,6.5],"texture":"#1"},"west":{"uv":[1.5,6.25,0.75,6.5],"texture":"#1"},"up":{"uv":[1.5,6.25,0.75,7],"texture":"#1"},"down":{"uv":[1.5,6.25,0.75,7],"texture":"#1"}}}],"display":{"thirdperson_righthand":{"translation":[0,4,2.25],"scale":[0.5,0.5,0.5]},"thirdperson_lefthand":{"translation":[0,4,1.5],"scale":[0.5,0.5,0.5]},"firstperson_righthand":{"translation":[0,7,0]},"firstperson_lefthand":{"translation":[0,8.25,0]},"ground":{"translation":[0,3,0],"scale":[0.7,0.7,0.7]},"gui":{"rotation":[40,-40,0],"translation":[0,5,0],"scale":[0.9,0.9,0.9]},"head":{"translation":[0,-27.5,0],"scale":[2,2,2]},"fixed":{"translation":[0,8.25,-2.5]}},"groups":[{"name":"vase1","origin":[-7,14.5,8],"color":0,"children":[{"name":"group","origin":[8,8,8],"color":0,"children":[0,1,2,3]},{"name":"group","origin":[8,8,8],"color":0,"children":[]}]}]}