{
	"credit": "Made with Blockbench",
	"texture_size": [64, 64],
	"textures": {
		"0": "elitecreature:nightclub_furniture_v2/nightclub_dance_floor",
		"particle": "elitecreature:nightclub_furniture_v2/nightclub_dance_floor"
	},
	"elements": [
		{
			"from": [-8, 0, -8],
			"to": [24, 1, 24],
			"faces": {
				"north": {"uv": [8, 0, 16, 0.25], "texture": "#0"},
				"east": {"uv": [8, 0, 16, 0.25], "texture": "#0"},
				"south": {"uv": [8, 0, 16, 0.25], "texture": "#0"},
				"west": {"uv": [8, 0, 16, 0.25], "texture": "#0"},
				"up": {"uv": [8, 8, 0, 0], "texture": "#0"},
				"down": {"uv": [8, 8, 0, 16], "texture": "#0"}
			}
		}
	],
	"gui_light": "front",
	"display": {
		"thirdperson_righthand": {
			"translation": [0, 1.75, 0],
			"scale": [0.2, 0.2, 0.2]
		},
		"thirdperson_lefthand": {
			"translation": [0, 1.75, 0],
			"scale": [0.2, 0.2, 0.2]
		},
		"firstperson_righthand": {
			"translation": [0, 3.75, 0],
			"scale": [0.37, 0.37, 0.37]
		},
		"firstperson_lefthand": {
			"translation": [0, 3.75, 0],
			"scale": [0.37, 0.37, 0.37]
		},
		"ground": {
			"translation": [0, 3, 0],
			"scale": [0.25, 0.25, 0.25]
		},
		"gui": {
			"rotation": [30, 225, 0],
			"translation": [0, 1.25, 0],
			"scale": [0.27, 0.27, 0.27]
		},
		"head": {
			"translation": [0, -27, 0],
			"scale": [2, 2, 2]
		},
		"fixed": {
			"rotation": [-90, 0, 0],
			"translation": [0, 0, -15.75],
			"scale": [2, 2, 2]
		}
	}
}