{
  "credit": "MadebyPolygonMC",
  "texture_size": [
    24,
    24
  ],
  "textures": {
    "1": "thunderboltset:bow",
    "2": "thunderboltset:animation_4",
    "particle": "thunderboltset:bow"
  },
  "elements": [
    {
      "from": [
        7.5,
        15.7186,
        13.2724
      ],
      "to": [
        8.5,
        16.7186,
        14.2724
      ],
      "rotation": {
        "angle": 0,
        "axis": "x",
        "origin": [
          8,
          15.56099,
          13.11479
        ]
      },
      "faces": {
        "north": {
          "uv": [
            9.33333,
            2.66667,
            10,
            3.33333
          ],
          "texture": "#1"
        },
        "east": {
          "uv": [
            0.66667,
            12,
            1.33333,
            12.66667
          ],
          "texture": "#1"
        },
        "south": {
          "uv": [
            6.66667,
            12,
            7.33333,
            12.66667
          ],
          "texture": "#1"
        },
        "west": {
          "uv": [
            12,
            8.66667,
            12.66667,
            9.33333
          ],
          "texture": "#1"
        },
        "up": {
          "uv": [
            12.66667,
            10,
            12,
            9.33333
          ],
          "texture": "#1"
        },
        "down": {
          "uv": [
            10.66667,
            12,
            10,
            12.66667
          ],
          "texture": "#1"
        }
      }
    },
    {
      "from": [
        7.38,
        15.63099,
        12.49479
      ],
      "to": [
        8.62,
        16.25099,
        13.73479
      ],
      "rotation": {
        "angle": 45,
        "axis": "x",
        "origin": [
          8,
          15.56099,
          13.11479
        ]
      },
      "faces": {
        "north": {
          "uv": [
            12.66667,
            5.33333,
            13.5,
            5.66667
          ],
          "texture": "#1"
        },
        "east": {
          "uv": [
            6,
            12.66667,
            6.83333,
            13
          ],
          "texture": "#1"
        },
        "south": {
          "uv": [
            12.66667,
            6,
            13.5,
            6.33333
          ],
          "texture": "#1"
        },
        "west": {
          "uv": [
            12.66667,
            6.66667,
            13.5,
            7
          ],
          "texture": "#1"
        },
        "up": {
          "uv": [
            12.16667,
            6.16667,
            11.33333,
            5.33333
          ],
          "texture": "#1"
        },
        "down": {
          "uv": [
            12.16667,
            6.66667,
            11.33333,
            7.5
          ],
          "texture": "#1"
        }
      }
    },
    {
      "from": [
        7.5,
        13.63099,
        12.61479
      ],
      "to": [
        8.5,
        15.63099,
        13.61479
      ],
      "rotation": {
        "angle": 45,
        "axis": "x",
        "origin": [
          8,
          15.56099,
          13.11479
        ]
      },
      "faces": {
        "north": {
          "uv": [
            10.66667,
            1.33333,
            11.33333,
            2.66667
          ],
          "texture": "#1"
        },
        "east": {
          "uv": [
            5.33333,
            10.66667,
            6,
            12
          ],
          "texture": "#1"
        },
        "south": {
          "uv": [
            6,
            10.66667,
            6.66667,
            12
          ],
          "texture": "#1"
        },
        "west": {
          "uv": [
            6.66667,
            10.66667,
            7.33333,
            12
          ],
          "texture": "#1"
        },
        "up": {
          "uv": [
            12.66667,
            10.66667,
            12,
            10
          ],
          "texture": "#1"
        },
        "down": {
          "uv": [
            11.33333,
            12,
            10.66667,
            12.66667
          ],
          "texture": "#1"
        }
      }
    },
    {
      "from": [
        7.5,
        13.53,
        8.57
      ],
      "to": [
        8.5,
        14.53,
        10.57
      ],
      "rotation": {
        "angle": -45,
        "axis": "x",
        "origin": [
          8,
          14.03,
          12.5
        ]
      },
      "faces": {
        "north": {
          "uv": [
            12,
            10.66667,
            12.66667,
            11.33333
          ],
          "texture": "#1"
        },
        "east": {
          "uv": [
            7.33333,
            10.66667,
            8.66667,
            11.33333
          ],
          "texture": "#1"
        },
        "south": {
          "uv": [
            12,
            11.33333,
            12.66667,
            12
          ],
          "texture": "#1"
        },
        "west": {
          "uv": [
            8.66667,
            10.66667,
            10,
            11.33333
          ],
          "texture": "#1"
        },
        "up": {
          "uv": [
            10.66667,
            12,
            10,
            10.66667
          ],
          "texture": "#1"
        },
        "down": {
          "uv": [
            11.33333,
            10.66667,
            10.66667,
            12
          ],
          "texture": "#1"
        }
      }
    },
    {
      "from": [
        7.6,
        12.28211,
        11.78211
      ],
      "to": [
        8.4,
        14.28211,
        12.58211
      ],
      "rotation": {
        "angle": 22.5,
        "axis": "x",
        "origin": [
          8,
          15.21211,
          12.18211
        ]
      },
      "faces": {
        "north": {
          "uv": [
            7.33333,
            11.33333,
            7.83333,
            12.66667
          ],
          "texture": "#1"
        },
        "east": {
          "uv": [
            8,
            11.33333,
            8.5,
            12.66667
          ],
          "texture": "#1"
        },
        "south": {
          "uv": [
            11.33333,
            8,
            11.83333,
            9.33333
          ],
          "texture": "#1"
        },
        "west": {
          "uv": [
            8.66667,
            11.33333,
            9.16667,
            12.66667
          ],
          "texture": "#1"
        },
        "up": {
          "uv": [
            13.16667,
            11.83333,
            12.66667,
            11.33333
          ],
          "texture": "#1"
        },
        "down": {
          "uv": [
            12.5,
            12.66667,
            12,
            13.16667
          ],
          "texture": "#1"
        }
      }
    },
    {
      "from": [
        7.4,
        7,
        6
      ],
      "to": [
        8.6,
        9,
        8
      ],
      "rotation": {
        "angle": -45,
        "axis": "x",
        "origin": [
          8,
          8,
          7
        ]
      },
      "faces": {
        "north": {
          "uv": [
            9.33333,
            1.33333,
            10.16667,
            2.66667
          ],
          "texture": "#1"
        },
        "east": {
          "uv": [
            7.33333,
            5.33333,
            8.66667,
            6.66667
          ],
          "texture": "#1"
        },
        "south": {
          "uv": [
            4.66667,
            9.33333,
            5.5,
            10.66667
          ],
          "texture": "#1"
        },
        "west": {
          "uv": [
            6,
            7.33333,
            7.33333,
            8.66667
          ],
          "texture": "#1"
        },
        "up": {
          "uv": [
            9.5,
            10.66667,
            8.66667,
            9.33333
          ],
          "texture": "#1"
        },
        "down": {
          "uv": [
            10.83333,
            2.66667,
            10,
            4
          ],
          "texture": "#1"
        }
      }
    },
    {
      "from": [
        7.3,
        7.2,
        6.2
      ],
      "to": [
        8.7,
        8.8,
        7.8
      ],
      "rotation": {
        "angle": 45,
        "axis": "x",
        "origin": [
          8,
          8,
          7
        ]
      },
      "faces": {
        "north": {
          "uv": [
            10,
            4,
            11,
            5
          ],
          "texture": "#1"
        },
        "east": {
          "uv": [
            10,
            5.33333,
            11,
            6.33333
          ],
          "texture": "#1"
        },
        "south": {
          "uv": [
            10,
            6.66667,
            11,
            7.66667
          ],
          "texture": "#1"
        },
        "west": {
          "uv": [
            10,
            8,
            11,
            9
          ],
          "texture": "#1"
        },
        "up": {
          "uv": [
            11,
            10.33333,
            10,
            9.33333
          ],
          "texture": "#1"
        },
        "down": {
          "uv": [
            1,
            10.66667,
            0,
            11.66667
          ],
          "texture": "#1"
        }
      }
    },
    {
      "from": [
        7.22,
        6.44,
        8.29351
      ],
      "to": [
        8.78,
        9.56,
        9.07351
      ],
      "rotation": {
        "angle": 0,
        "axis": "x",
        "origin": [
          8,
          8,
          8
        ]
      },
      "faces": {
        "north": {
          "uv": [
            4.66667,
            3.33333,
            5.66667,
            5.33333
          ],
          "texture": "#1"
        },
        "east": {
          "uv": [
            1.33333,
            10.66667,
            1.83333,
            12.66667
          ],
          "texture": "#1"
        },
        "south": {
          "uv": [
            4.66667,
            5.33333,
            5.66667,
            7.33333
          ],
          "texture": "#1"
        },
        "west": {
          "uv": [
            2,
            10.66667,
            2.5,
            12.66667
          ],
          "texture": "#1"
        },
        "up": {
          "uv": [
            13,
            1.83333,
            12,
            1.33333
          ],
          "texture": "#1"
        },
        "down": {
          "uv": [
            13,
            2,
            12,
            2.5
          ],
          "texture": "#1"
        }
      }
    },
    {
      "from": [
        7.22,
        9.55358,
        7.67418
      ],
      "to": [
        8.78,
        12.36858,
        8.45418
      ],
      "rotation": {
        "angle": 22.5,
        "axis": "x",
        "origin": [
          8,
          8,
          8
        ]
      },
      "faces": {
        "north": {
          "uv": [
            7.33333,
            3.33333,
            8.33333,
            5.16667
          ],
          "texture": "#1"
        },
        "east": {
          "uv": [
            4,
            10.66667,
            4.5,
            12.5
          ],
          "texture": "#1"
        },
        "south": {
          "uv": [
            4.66667,
            7.33333,
            5.66667,
            9.16667
          ],
          "texture": "#1"
        },
        "west": {
          "uv": [
            4.66667,
            10.66667,
            5.16667,
            12.5
          ],
          "texture": "#1"
        },
        "up": {
          "uv": [
            13,
            3.16667,
            12,
            2.66667
          ],
          "texture": "#1"
        },
        "down": {
          "uv": [
            13,
            3.33333,
            12,
            3.83333
          ],
          "texture": "#1"
        }
      }
    },
    {
      "from": [
        7.22,
        10.00131,
        8.75511
      ],
      "to": [
        8.78,
        12.39831,
        9.53511
      ],
      "rotation": {
        "angle": 22.5,
        "axis": "x",
        "origin": [
          8,
          8,
          8
        ]
      },
      "faces": {
        "north": {
          "uv": [
            7.33333,
            6.66667,
            8.33333,
            8.33333
          ],
          "texture": "#1"
        },
        "east": {
          "uv": [
            11.33333,
            1.33333,
            11.83333,
            3
          ],
          "texture": "#1"
        },
        "south": {
          "uv": [
            8.66667,
            3.33333,
            9.66667,
            5
          ],
          "texture": "#1"
        },
        "west": {
          "uv": [
            11.33333,
            3.33333,
            11.83333,
            5
          ],
          "texture": "#1"
        },
        "up": {
          "uv": [
            13,
            4.5,
            12,
            4
          ],
          "texture": "#1"
        },
        "down": {
          "uv": [
            13,
            4.66667,
            12,
            5.16667
          ],
          "texture": "#1"
        }
      }
    },
    {
      "from": [
        7.22,
        6.44,
        9.46351
      ],
      "to": [
        8.78,
        9.56,
        10.24351
      ],
      "rotation": {
        "angle": 0,
        "axis": "x",
        "origin": [
          8,
          8,
          8
        ]
      },
      "faces": {
        "north": {
          "uv": [
            6,
            3.33333,
            7,
            5.33333
          ],
          "texture": "#1"
        },
        "east": {
          "uv": [
            2.66667,
            10.66667,
            3.16667,
            12.66667
          ],
          "texture": "#1"
        },
        "south": {
          "uv": [
            6,
            5.33333,
            7,
            7.33333
          ],
          "texture": "#1"
        },
        "west": {
          "uv": [
            3.33333,
            10.66667,
            3.83333,
            12.66667
          ],
          "texture": "#1"
        },
        "up": {
          "uv": [
            6.33333,
            12.5,
            5.33333,
            12
          ],
          "texture": "#1"
        },
        "down": {
          "uv": [
            13,
            8,
            12,
            8.5
          ],
          "texture": "#1"
        }
      }
    },
    {
      "from": [
        7.376,
        6.596,
        9.07351
      ],
      "to": [
        8.624,
        9.404,
        9.46351
      ],
      "rotation": {
        "angle": 0,
        "axis": "x",
        "origin": [
          8,
          8,
          8
        ]
      },
      "faces": {
        "north": {
          "uv": [
            8.66667,
            5.33333,
            9.5,
            7.16667
          ],
          "texture": "#1"
        },
        "east": {
          "uv": [
            9.33333,
            11.33333,
            9.66667,
            13.16667
          ],
          "texture": "#1"
        },
        "south": {
          "uv": [
            6,
            8.66667,
            6.83333,
            10.5
          ],
          "texture": "#1"
        },
        "west": {
          "uv": [
            11.33333,
            9.33333,
            11.66667,
            11.16667
          ],
          "texture": "#1"
        },
        "up": {
          "uv": [
            8.16667,
            13,
            7.33333,
            12.66667
          ],
          "texture": "#1"
        },
        "down": {
          "uv": [
            13.5,
            7.33333,
            12.66667,
            7.66667
          ],
          "texture": "#1"
        }
      }
    },
    {
      "from": [
        7.376,
        9.70794,
        8.4545
      ],
      "to": [
        8.624,
        12.26394,
        8.8445
      ],
      "rotation": {
        "angle": 22.5,
        "axis": "x",
        "origin": [
          8,
          8,
          8
        ]
      },
      "faces": {
        "north": {
          "uv": [
            7.33333,
            8.66667,
            8.16667,
            10.33333
          ],
          "texture": "#1"
        },
        "east": {
          "uv": [
            11.33333,
            11.33333,
            11.66667,
            13
          ],
          "texture": "#1"
        },
        "south": {
          "uv": [
            8.66667,
            7.33333,
            9.5,
            9
          ],
          "texture": "#1"
        },
        "west": {
          "uv": [
            0,
            12,
            0.33333,
            13.66667
          ],
          "texture": "#1"
        },
        "up": {
          "uv": [
            13.5,
            9,
            12.66667,
            8.66667
          ],
          "texture": "#1"
        },
        "down": {
          "uv": [
            13.5,
            9.33333,
            12.66667,
            9.66667
          ],
          "texture": "#1"
        }
      }
    },
    {
      "from": [
        7.7325,
        8.77769,
        7.70368
      ],
      "to": [
        8.2675,
        9.43769,
        9.02368
      ],
      "rotation": {
        "angle": -22.5,
        "axis": "x",
        "origin": [
          8,
          8,
          8
        ]
      },
      "faces": {
        "north": {
          "uv": [
            2,
            13.33333,
            2.33333,
            13.83333
          ],
          "texture": "#1"
        },
        "east": {
          "uv": [
            12,
            12,
            12.83333,
            12.5
          ],
          "texture": "#1"
        },
        "south": {
          "uv": [
            13.33333,
            2,
            13.66667,
            2.5
          ],
          "texture": "#1"
        },
        "west": {
          "uv": [
            0.66667,
            12.66667,
            1.5,
            13.16667
          ],
          "texture": "#1"
        },
        "up": {
          "uv": [
            9,
            13.5,
            8.66667,
            12.66667
          ],
          "texture": "#1"
        },
        "down": {
          "uv": [
            10.33333,
            12.66667,
            10,
            13.5
          ],
          "texture": "#1"
        }
      }
    },
    {
      "from": [
        7.7325,
        7.83524,
        4.90104
      ],
      "to": [
        8.2675,
        8.49524,
        6.02104
      ],
      "rotation": {
        "angle": 22.5,
        "axis": "x",
        "origin": [
          8,
          8,
          8
        ]
      },
      "faces": {
        "north": {
          "uv": [
            2.66667,
            13.33333,
            3,
            13.83333
          ],
          "texture": "#1"
        },
        "east": {
          "uv": [
            4.66667,
            12.66667,
            5.33333,
            13.16667
          ],
          "texture": "#1"
        },
        "south": {
          "uv": [
            13.33333,
            2.66667,
            13.66667,
            3.16667
          ],
          "texture": "#1"
        },
        "west": {
          "uv": [
            5.33333,
            12.66667,
            6,
            13.16667
          ],
          "texture": "#1"
        },
        "up": {
          "uv": [
            1.66667,
            14,
            1.33333,
            13.33333
          ],
          "texture": "#1"
        },
        "down": {
          "uv": [
            13.66667,
            1.33333,
            13.33333,
            2
          ],
          "texture": "#1"
        }
      }
    },
    {
      "from": [
        7.7325,
        8.49524,
        4.90104
      ],
      "to": [
        8.2675,
        9.15524,
        5.57604
      ],
      "rotation": {
        "angle": 22.5,
        "axis": "x",
        "origin": [
          8,
          8,
          8
        ]
      },
      "faces": {
        "north": {
          "uv": [
            3.33333,
            13.33333,
            3.66667,
            13.83333
          ],
          "texture": "#1"
        },
        "east": {
          "uv": [
            12.66667,
            12.66667,
            13.16667,
            13.16667
          ],
          "texture": "#1"
        },
        "south": {
          "uv": [
            13.33333,
            3.33333,
            13.66667,
            3.83333
          ],
          "texture": "#1"
        },
        "west": {
          "uv": [
            0.66667,
            13.33333,
            1.16667,
            13.83333
          ],
          "texture": "#1"
        },
        "up": {
          "uv": [
            4.33333,
            13.83333,
            4,
            13.33333
          ],
          "texture": "#1"
        },
        "down": {
          "uv": [
            13.66667,
            4,
            13.33333,
            4.5
          ],
          "texture": "#1"
        }
      }
    },
    {
      "from": [
        7.7325,
        8.6051,
        6.10863
      ],
      "to": [
        8.2675,
        9.2651,
        7.42863
      ],
      "rotation": {
        "angle": 0,
        "axis": "x",
        "origin": [
          8,
          8,
          8
        ]
      },
      "faces": {
        "north": {
          "uv": [
            4.66667,
            13.33333,
            5,
            13.83333
          ],
          "texture": "#1"
        },
        "east": {
          "uv": [
            2,
            12.66667,
            2.83333,
            13.16667
          ],
          "texture": "#1"
        },
        "south": {
          "uv": [
            13.33333,
            4.66667,
            13.66667,
            5.16667
          ],
          "texture": "#1"
        },
        "west": {
          "uv": [
            3.33333,
            12.66667,
            4.16667,
            13.16667
          ],
          "texture": "#1"
        },
        "up": {
          "uv": [
            13,
            10.83333,
            12.66667,
            10
          ],
          "texture": "#1"
        },
        "down": {
          "uv": [
            11,
            12.66667,
            10.66667,
            13.5
          ],
          "texture": "#1"
        }
      }
    },
    {
      "from": [
        8,
        0,
        14
      ],
      "to": [
        8,
        16,
        21
      ],
      "rotation": {
        "angle": 0,
        "axis": "y",
        "origin": [
          6,
          0,
          14
        ]
      },
      "faces": {
        "north": {
          "uv": [
            0,
            0,
            0,
            10.66667
          ],
          "texture": "#1"
        },
        "east": {
          "uv": [
            4.66667,
            0,
            0,
            10.66667
          ],
          "texture": "#1"
        },
        "south": {
          "uv": [
            0,
            0,
            0,
            10.66667
          ],
          "texture": "#1"
        },
        "west": {
          "uv": [
            0,
            0,
            4.66667,
            10.66667
          ],
          "texture": "#1"
        },
        "up": {
          "uv": [
            0,
            4.66667,
            0,
            0
          ],
          "texture": "#1"
        },
        "down": {
          "uv": [
            0,
            0,
            0,
            4.66667
          ],
          "texture": "#1"
        }
      }
    },
    {
      "from": [
        8,
        12.1,
        11.2
      ],
      "to": [
        8,
        15.1,
        18.2
      ],
      "rotation": {
        "angle": -45,
        "axis": "x",
        "origin": [
          8,
          12.1,
          10
        ]
      },
      "faces": {
        "north": {
          "uv": [
            0,
            0,
            0,
            2
          ],
          "texture": "#1"
        },
        "east": {
          "uv": [
            9.33333,
            1.3375,
            4.66667,
            3.33333
          ],
          "texture": "#1"
        },
        "south": {
          "uv": [
            0,
            0,
            0,
            2
          ],
          "texture": "#1"
        },
        "west": {
          "uv": [
            4.66667,
            1.33333,
            9.33333,
            3.33333
          ],
          "texture": "#1"
        },
        "up": {
          "uv": [
            0,
            4.66667,
            0,
            0
          ],
          "texture": "#1"
        },
        "down": {
          "uv": [
            0,
            0,
            0,
            4.66667
          ],
          "texture": "#1"
        }
      }
    },
    {
      "from": [
        7.5,
        -0.7186,
        13.2724
      ],
      "to": [
        8.5,
        0.2814,
        14.2724
      ],
      "rotation": {
        "angle": 0,
        "axis": "x",
        "origin": [
          8,
          0.43901,
          13.11479
        ]
      },
      "faces": {
        "north": {
          "uv": [
            9.33333,
            3.33333,
            10,
            2.66667
          ],
          "texture": "#1"
        },
        "east": {
          "uv": [
            0.66667,
            12.66667,
            1.33333,
            12
          ],
          "texture": "#1"
        },
        "south": {
          "uv": [
            6.66667,
            12.66667,
            7.33333,
            12
          ],
          "texture": "#1"
        },
        "west": {
          "uv": [
            12,
            9.33333,
            12.66667,
            8.66667
          ],
          "texture": "#1"
        },
        "up": {
          "uv": [
            10.66667,
            12.66667,
            10,
            12
          ],
          "texture": "#1"
        },
        "down": {
          "uv": [
            12.66667,
            9.33333,
            12,
            10
          ],
          "texture": "#1"
        }
      }
    },
    {
      "from": [
        7.38,
        -0.25099,
        12.49479
      ],
      "to": [
        8.62,
        0.36901,
        13.73479
      ],
      "rotation": {
        "angle": -45,
        "axis": "x",
        "origin": [
          8,
          0.43901,
          13.11479
        ]
      },
      "faces": {
        "north": {
          "uv": [
            12.66667,
            5.66667,
            13.5,
            5.33333
          ],
          "texture": "#1"
        },
        "east": {
          "uv": [
            6,
            13,
            6.83333,
            12.66667
          ],
          "texture": "#1"
        },
        "south": {
          "uv": [
            12.66667,
            6.33333,
            13.5,
            6
          ],
          "texture": "#1"
        },
        "west": {
          "uv": [
            12.66667,
            7,
            13.5,
            6.66667
          ],
          "texture": "#1"
        },
        "up": {
          "uv": [
            12.16667,
            7.5,
            11.33333,
            6.66667
          ],
          "texture": "#1"
        },
        "down": {
          "uv": [
            12.16667,
            5.33333,
            11.33333,
            6.16667
          ],
          "texture": "#1"
        }
      }
    },
    {
      "from": [
        7.5,
        0.36901,
        12.61479
      ],
      "to": [
        8.5,
        2.36901,
        13.61479
      ],
      "rotation": {
        "angle": -45,
        "axis": "x",
        "origin": [
          8,
          0.43901,
          13.11479
        ]
      },
      "faces": {
        "north": {
          "uv": [
            10.66667,
            2.66667,
            11.33333,
            1.33333
          ],
          "texture": "#1"
        },
        "east": {
          "uv": [
            5.33333,
            12,
            6,
            10.66667
          ],
          "texture": "#1"
        },
        "south": {
          "uv": [
            6,
            12,
            6.66667,
            10.66667
          ],
          "texture": "#1"
        },
        "west": {
          "uv": [
            6.66667,
            12,
            7.33333,
            10.66667
          ],
          "texture": "#1"
        },
        "up": {
          "uv": [
            11.33333,
            12.66667,
            10.66667,
            12
          ],
          "texture": "#1"
        },
        "down": {
          "uv": [
            12.66667,
            10,
            12,
            10.66667
          ],
          "texture": "#1"
        }
      }
    },
    {
      "from": [
        7.5,
        1.47,
        8.57
      ],
      "to": [
        8.5,
        2.47,
        10.57
      ],
      "rotation": {
        "angle": 45,
        "axis": "x",
        "origin": [
          8,
          1.97,
          12.5
        ]
      },
      "faces": {
        "north": {
          "uv": [
            12,
            11.33333,
            12.66667,
            10.66667
          ],
          "texture": "#1"
        },
        "east": {
          "uv": [
            7.33333,
            11.33333,
            8.66667,
            10.66667
          ],
          "texture": "#1"
        },
        "south": {
          "uv": [
            12,
            12,
            12.66667,
            11.33333
          ],
          "texture": "#1"
        },
        "west": {
          "uv": [
            8.66667,
            11.33333,
            10,
            10.66667
          ],
          "texture": "#1"
        },
        "up": {
          "uv": [
            11.33333,
            12,
            10.66667,
            10.66667
          ],
          "texture": "#1"
        },
        "down": {
          "uv": [
            10.66667,
            10.66667,
            10,
            12
          ],
          "texture": "#1"
        }
      }
    },
    {
      "from": [
        7.6,
        1.71789,
        11.78211
      ],
      "to": [
        8.4,
        3.71789,
        12.58211
      ],
      "rotation": {
        "angle": -22.5,
        "axis": "x",
        "origin": [
          8,
          0.78789,
          12.18211
        ]
      },
      "faces": {
        "north": {
          "uv": [
            7.33333,
            12.66667,
            7.83333,
            11.33333
          ],
          "texture": "#1"
        },
        "east": {
          "uv": [
            8,
            12.66667,
            8.5,
            11.33333
          ],
          "texture": "#1"
        },
        "south": {
          "uv": [
            11.33333,
            9.33333,
            11.83333,
            8
          ],
          "texture": "#1"
        },
        "west": {
          "uv": [
            8.66667,
            12.66667,
            9.16667,
            11.33333
          ],
          "texture": "#1"
        },
        "up": {
          "uv": [
            12.5,
            13.16667,
            12,
            12.66667
          ],
          "texture": "#1"
        },
        "down": {
          "uv": [
            13.16667,
            11.33333,
            12.66667,
            11.83333
          ],
          "texture": "#1"
        }
      }
    },
    {
      "from": [
        7.22,
        3.63142,
        7.67418
      ],
      "to": [
        8.78,
        6.44642,
        8.45418
      ],
      "rotation": {
        "angle": -22.5,
        "axis": "x",
        "origin": [
          8,
          8,
          8
        ]
      },
      "faces": {
        "north": {
          "uv": [
            7.33333,
            5.16667,
            8.33333,
            3.33333
          ],
          "texture": "#1"
        },
        "east": {
          "uv": [
            4,
            12.5,
            4.5,
            10.66667
          ],
          "texture": "#1"
        },
        "south": {
          "uv": [
            4.66667,
            9.16667,
            5.66667,
            7.33333
          ],
          "texture": "#1"
        },
        "west": {
          "uv": [
            4.66667,
            12.5,
            5.16667,
            10.66667
          ],
          "texture": "#1"
        },
        "up": {
          "uv": [
            13,
            3.83333,
            12,
            3.33333
          ],
          "texture": "#1"
        },
        "down": {
          "uv": [
            13,
            2.66667,
            12,
            3.16667
          ],
          "texture": "#1"
        }
      }
    },
    {
      "from": [
        7.22,
        3.60169,
        8.75511
      ],
      "to": [
        8.78,
        5.99869,
        9.53511
      ],
      "rotation": {
        "angle": -22.5,
        "axis": "x",
        "origin": [
          8,
          8,
          8
        ]
      },
      "faces": {
        "north": {
          "uv": [
            7.33333,
            8.33333,
            8.33333,
            6.66667
          ],
          "texture": "#1"
        },
        "east": {
          "uv": [
            11.33333,
            3,
            11.83333,
            1.33333
          ],
          "texture": "#1"
        },
        "south": {
          "uv": [
            8.66667,
            5,
            9.66667,
            3.33333
          ],
          "texture": "#1"
        },
        "west": {
          "uv": [
            11.33333,
            5,
            11.83333,
            3.33333
          ],
          "texture": "#1"
        },
        "up": {
          "uv": [
            13,
            5.16667,
            12,
            4.66667
          ],
          "texture": "#1"
        },
        "down": {
          "uv": [
            13,
            4,
            12,
            4.5
          ],
          "texture": "#1"
        }
      }
    },
    {
      "from": [
        7.376,
        3.73606,
        8.4545
      ],
      "to": [
        8.624,
        6.29206,
        8.8445
      ],
      "rotation": {
        "angle": -22.5,
        "axis": "x",
        "origin": [
          8,
          8,
          8
        ]
      },
      "faces": {
        "north": {
          "uv": [
            7.33333,
            10.33333,
            8.16667,
            8.66667
          ],
          "texture": "#1"
        },
        "east": {
          "uv": [
            11.33333,
            13,
            11.66667,
            11.33333
          ],
          "texture": "#1"
        },
        "south": {
          "uv": [
            8.66667,
            9,
            9.5,
            7.33333
          ],
          "texture": "#1"
        },
        "west": {
          "uv": [
            0,
            13.66667,
            0.33333,
            12
          ],
          "texture": "#1"
        },
        "up": {
          "uv": [
            13.5,
            9.66667,
            12.66667,
            9.33333
          ],
          "texture": "#1"
        },
        "down": {
          "uv": [
            13.5,
            8.66667,
            12.66667,
            9
          ],
          "texture": "#1"
        }
      }
    },
    {
      "from": [
        8,
        0.9,
        11.2
      ],
      "to": [
        8,
        3.9,
        18.2
      ],
      "rotation": {
        "angle": 45,
        "axis": "x",
        "origin": [
          8,
          3.9,
          10
        ]
      },
      "faces": {
        "north": {
          "uv": [
            0,
            2,
            0,
            0
          ],
          "texture": "#1"
        },
        "east": {
          "uv": [
            9.33333,
            3.33333,
            4.66667,
            1.3375
          ],
          "texture": "#1"
        },
        "south": {
          "uv": [
            0,
            2,
            0,
            0
          ],
          "texture": "#1"
        },
        "west": {
          "uv": [
            4.66667,
            3.33333,
            9.33333,
            1.33333
          ],
          "texture": "#1"
        },
        "up": {
          "uv": [
            0,
            4.66667,
            0,
            0
          ],
          "texture": "#1"
        },
        "down": {
          "uv": [
            0,
            0,
            0,
            4.66667
          ],
          "texture": "#1"
        }
      }
    },
    {
      "from": [
        7.7325,
        6.56231,
        7.70368
      ],
      "to": [
        8.2675,
        7.22231,
        9.02368
      ],
      "rotation": {
        "angle": 22.5,
        "axis": "x",
        "origin": [
          8,
          8,
          8
        ]
      },
      "faces": {
        "north": {
          "uv": [
            2,
            13.83333,
            2.33333,
            13.33333
          ],
          "texture": "#1"
        },
        "east": {
          "uv": [
            12,
            12.5,
            12.83333,
            12
          ],
          "texture": "#1"
        },
        "south": {
          "uv": [
            13.33333,
            2.5,
            13.66667,
            2
          ],
          "texture": "#1"
        },
        "west": {
          "uv": [
            0.66667,
            13.16667,
            1.5,
            12.66667
          ],
          "texture": "#1"
        },
        "up": {
          "uv": [
            10.33333,
            13.5,
            10,
            12.66667
          ],
          "texture": "#1"
        },
        "down": {
          "uv": [
            9,
            12.66667,
            8.66667,
            13.5
          ],
          "texture": "#1"
        }
      }
    },
    {
      "from": [
        7.7325,
        6.7349,
        6.10863
      ],
      "to": [
        8.2675,
        7.3949,
        7.42863
      ],
      "rotation": {
        "angle": 0,
        "axis": "x",
        "origin": [
          8,
          8,
          8
        ]
      },
      "faces": {
        "north": {
          "uv": [
            4.66667,
            13.83333,
            5,
            13.33333
          ],
          "texture": "#1"
        },
        "east": {
          "uv": [
            2,
            13.16667,
            2.83333,
            12.66667
          ],
          "texture": "#1"
        },
        "south": {
          "uv": [
            13.33333,
            5.16667,
            13.66667,
            4.66667
          ],
          "texture": "#1"
        },
        "west": {
          "uv": [
            3.33333,
            13.16667,
            4.16667,
            12.66667
          ],
          "texture": "#1"
        },
        "up": {
          "uv": [
            11,
            13.5,
            10.66667,
            12.66667
          ],
          "texture": "#1"
        },
        "down": {
          "uv": [
            13,
            10,
            12.66667,
            10.83333
          ],
          "texture": "#1"
        }
      }
    },
    {
      "from": [
        7.7325,
        7.50476,
        4.90104
      ],
      "to": [
        8.2675,
        8.16476,
        6.02104
      ],
      "rotation": {
        "angle": -22.5,
        "axis": "x",
        "origin": [
          8,
          8,
          8
        ]
      },
      "faces": {
        "north": {
          "uv": [
            2.66667,
            13.83333,
            3,
            13.33333
          ],
          "texture": "#1"
        },
        "east": {
          "uv": [
            4.66667,
            13.16667,
            5.33333,
            12.66667
          ],
          "texture": "#1"
        },
        "south": {
          "uv": [
            13.33333,
            3.16667,
            13.66667,
            2.66667
          ],
          "texture": "#1"
        },
        "west": {
          "uv": [
            5.33333,
            13.16667,
            6,
            12.66667
          ],
          "texture": "#1"
        },
        "up": {
          "uv": [
            13.66667,
            2,
            13.33333,
            1.33333
          ],
          "texture": "#1"
        },
        "down": {
          "uv": [
            1.66667,
            13.33333,
            1.33333,
            14
          ],
          "texture": "#1"
        }
      }
    },
    {
      "from": [
        7.7325,
        6.84476,
        4.90104
      ],
      "to": [
        8.2675,
        7.50476,
        5.57604
      ],
      "rotation": {
        "angle": -22.5,
        "axis": "x",
        "origin": [
          8,
          8,
          8
        ]
      },
      "faces": {
        "north": {
          "uv": [
            3.33333,
            13.83333,
            3.66667,
            13.33333
          ],
          "texture": "#1"
        },
        "east": {
          "uv": [
            12.66667,
            13.16667,
            13.16667,
            12.66667
          ],
          "texture": "#1"
        },
        "south": {
          "uv": [
            13.33333,
            3.83333,
            13.66667,
            3.33333
          ],
          "texture": "#1"
        },
        "west": {
          "uv": [
            0.66667,
            13.83333,
            1.16667,
            13.33333
          ],
          "texture": "#1"
        },
        "up": {
          "uv": [
            13.66667,
            4.5,
            13.33333,
            4
          ],
          "texture": "#1"
        },
        "down": {
          "uv": [
            4.33333,
            13.33333,
            4,
            13.83333
          ],
          "texture": "#1"
        }
      }
    },
    {
      "from": [
        7.1,
        8.31779,
        8.89374
      ],
      "to": [
        7.1,
        19.31779,
        12.89374
      ],
      "rotation": {
        "angle": 45,
        "axis": "x",
        "origin": [
          7.1,
          13.81779,
          10.89374
        ]
      },
      "faces": {
        "north": {
          "uv": [
            0,
            0,
            0,
            9.77778
          ],
          "rotation": 180,
          "texture": "#2"
        },
        "east": {
          "uv": [
            0,
            0,
            0,
            0
          ],
          "rotation": 270,
          "texture": "#2"
        },
        "south": {
          "uv": [
            0,
            9.77778,
            0,
            0
          ],
          "texture": "#2"
        },
        "west": {
          "uv": [
            0,
            0,
            14.77778,
            5.55556
          ],
          "rotation": 90,
          "texture": "#2"
        },
        "up": {
          "uv": [
            0,
            0,
            0,
            3.55556
          ],
          "rotation": 180,
          "texture": "#2"
        },
        "down": {
          "uv": [
            0,
            0,
            0,
            3.55556
          ],
          "texture": "#2"
        }
      }
    },
    {
      "from": [
        7.1,
        0.3,
        8.5
      ],
      "to": [
        7.1,
        7.3,
        11.5
      ],
      "rotation": {
        "angle": -22.5,
        "axis": "x",
        "origin": [
          7.1,
          3.8,
          10
        ]
      },
      "faces": {
        "north": {
          "uv": [
            0,
            0,
            0,
            6.22222
          ],
          "rotation": 180,
          "texture": "#2"
        },
        "east": {
          "uv": [
            0,
            0,
            0,
            0
          ],
          "rotation": 270,
          "texture": "#2"
        },
        "south": {
          "uv": [
            0,
            6.22222,
            0,
            0
          ],
          "texture": "#2"
        },
        "west": {
          "uv": [
            0,
            6,
            9.33333,
            10
          ],
          "rotation": 90,
          "texture": "#2"
        },
        "up": {
          "uv": [
            0,
            0,
            0,
            2.66667
          ],
          "rotation": 180,
          "texture": "#2"
        },
        "down": {
          "uv": [
            0,
            0,
            0,
            2.66667
          ],
          "texture": "#2"
        }
      }
    },
    {
      "from": [
        8.9,
        0.3,
        8.5
      ],
      "to": [
        8.9,
        7.3,
        11.5
      ],
      "rotation": {
        "angle": -22.5,
        "axis": "x",
        "origin": [
          8.9,
          3.8,
          10
        ]
      },
      "faces": {
        "north": {
          "uv": [
            0,
            0,
            0,
            6.22222
          ],
          "rotation": 180,
          "texture": "#2"
        },
        "east": {
          "uv": [
            0,
            10,
            9.33333,
            6
          ],
          "rotation": 90,
          "texture": "#2"
        },
        "south": {
          "uv": [
            0,
            6.22222,
            0,
            0
          ],
          "texture": "#2"
        },
        "west": {
          "uv": [
            0,
            0,
            0,
            0
          ],
          "rotation": 270,
          "texture": "#2"
        },
        "up": {
          "uv": [
            0,
            0,
            0,
            2.66667
          ],
          "rotation": 180,
          "texture": "#2"
        },
        "down": {
          "uv": [
            0,
            0,
            0,
            2.66667
          ],
          "texture": "#2"
        }
      }
    },
    {
      "from": [
        8.9,
        8.31779,
        8.89374
      ],
      "to": [
        8.9,
        19.31779,
        12.89374
      ],
      "rotation": {
        "angle": 45,
        "axis": "x",
        "origin": [
          8.9,
          13.81779,
          10.89374
        ]
      },
      "faces": {
        "north": {
          "uv": [
            0,
            0,
            0,
            9.77778
          ],
          "rotation": 180,
          "texture": "#2"
        },
        "east": {
          "uv": [
            0,
            5.55556,
            14.77778,
            0
          ],
          "rotation": 90,
          "texture": "#2"
        },
        "south": {
          "uv": [
            0,
            9.77778,
            0,
            0
          ],
          "texture": "#2"
        },
        "west": {
          "uv": [
            0,
            0,
            0,
            0
          ],
          "rotation": 270,
          "texture": "#2"
        },
        "up": {
          "uv": [
            0,
            0,
            0,
            3.55556
          ],
          "rotation": 180,
          "texture": "#2"
        },
        "down": {
          "uv": [
            0,
            0,
            0,
            3.55556
          ],
          "texture": "#2"
        }
      }
    }
  ],
  "gui_light": "front",
  "display": {
    "thirdperson_righthand": {
      "translation": [
        0,
        0.25,
        -1.75
      ]
    },
    "thirdperson_lefthand": {
      "translation": [
        0,
        0.25,
        -1.75
      ]
    },
    "firstperson_righthand": {
      "translation": [
        -2.75,
        4.5,
        0.25
      ]
    },
    "firstperson_lefthand": {
      "translation": [
        -2.75,
        4.5,
        0.25
      ]
    },
    "ground": {
      "rotation": [
        45,
        0,
        0
      ],
      "translation": [
        0,
        12,
        -1.5
      ]
    },
    "gui": {
      "rotation": [
        90,
        -45,
        90
      ],
      "translation": [
        3.25,
        3.25,
        0
      ],
      "scale": [
        0.8789,
        0.8789,
        0.8789
      ]
    },
    "head": {
      "rotation": [
        90,
        45,
        90
      ],
      "translation": [
        0.75,
        0,
        0
      ],
      "scale": [
        1.5,
        1.5,
        1.5
      ]
    },
    "fixed": {
      "rotation": [
        0,
        -90,
        0
      ],
      "translation": [
        6,
        0,
        -1.5
      ],
      "scale": [
        2,
        2,
        2
      ]
    }
  }
}