{
  "credit": "MadebyPolygonMC",
  "texture_size": [
    24,
    24
  ],
  "textures": {
    "1": "thunderboltset:hammer",
    "2": "thunderboltset:animation_4",
    "particle": "thunderboltset:hammer"
  },
  "elements": [
    {
      "from": [
        7.5,
        0,
        7.5
      ],
      "to": [
        8.5,
        1,
        8.5
      ],
      "rotation": {
        "angle": -45,
        "axis": "x",
        "origin": [
          8,
          0.5,
          8
        ]
      },
      "faces": {
        "north": {
          "uv": [
            5.33333,
            2,
            6,
            2.66667
          ],
          "texture": "#1"
        },
        "east": {
          "uv": [
            6,
            4.66667,
            6.66667,
            5.33333
          ],
          "texture": "#1"
        },
        "south": {
          "uv": [
            7.33333,
            8.66667,
            8,
            9.33333
          ],
          "texture": "#1"
        },
        "west": {
          "uv": [
            9.33333,
            1.33333,
            10,
            2
          ],
          "texture": "#1"
        },
        "up": {
          "uv": [
            6,
            12.66667,
            5.33333,
            12
          ],
          "texture": "#1"
        },
        "down": {
          "uv": [
            8,
            12,
            7.33333,
            12.66667
          ],
          "texture": "#1"
        }
      }
    },
    {
      "from": [
        7.38,
        0.74,
        7.38
      ],
      "to": [
        8.62,
        1.36,
        8.62
      ],
      "rotation": {
        "angle": 0,
        "axis": "x",
        "origin": [
          8,
          1.36,
          8
        ]
      },
      "faces": {
        "north": {
          "uv": [
            12.66667,
            2,
            13.5,
            2.33333
          ],
          "texture": "#1"
        },
        "east": {
          "uv": [
            12.66667,
            2.66667,
            13.5,
            3
          ],
          "texture": "#1"
        },
        "south": {
          "uv": [
            3.33333,
            12.66667,
            4.16667,
            13
          ],
          "texture": "#1"
        },
        "west": {
          "uv": [
            12.66667,
            3.33333,
            13.5,
            3.66667
          ],
          "texture": "#1"
        },
        "up": {
          "uv": [
            12.16667,
            0.83333,
            11.33333,
            0
          ],
          "texture": "#1"
        },
        "down": {
          "uv": [
            12.16667,
            1.33333,
            11.33333,
            2.16667
          ],
          "texture": "#1"
        }
      }
    },
    {
      "from": [
        7.5,
        1.36,
        7.5
      ],
      "to": [
        8.5,
        3.36,
        8.5
      ],
      "rotation": {
        "angle": 0,
        "axis": "y",
        "origin": [
          6.88,
          -5.28,
          6.88
        ]
      },
      "faces": {
        "north": {
          "uv": [
            6,
            10,
            6.66667,
            11.33333
          ],
          "texture": "#1"
        },
        "east": {
          "uv": [
            10,
            9.33333,
            10.66667,
            10.66667
          ],
          "texture": "#1"
        },
        "south": {
          "uv": [
            0,
            10.66667,
            0.66667,
            12
          ],
          "texture": "#1"
        },
        "west": {
          "uv": [
            10.66667,
            0,
            11.33333,
            1.33333
          ],
          "texture": "#1"
        },
        "up": {
          "uv": [
            12.66667,
            8,
            12,
            7.33333
          ],
          "texture": "#1"
        },
        "down": {
          "uv": [
            8.66667,
            12,
            8,
            12.66667
          ],
          "texture": "#1"
        }
      }
    },
    {
      "from": [
        7.5,
        5.36,
        7.5
      ],
      "to": [
        8.5,
        7.36,
        8.5
      ],
      "rotation": {
        "angle": 0,
        "axis": "y",
        "origin": [
          6.88,
          -1.28,
          6.88
        ]
      },
      "faces": {
        "north": {
          "uv": [
            0.66667,
            10.66667,
            1.33333,
            12
          ],
          "texture": "#1"
        },
        "east": {
          "uv": [
            1.33333,
            10.66667,
            2,
            12
          ],
          "texture": "#1"
        },
        "south": {
          "uv": [
            2,
            10.66667,
            2.66667,
            12
          ],
          "texture": "#1"
        },
        "west": {
          "uv": [
            5.33333,
            10.66667,
            6,
            12
          ],
          "texture": "#1"
        },
        "up": {
          "uv": [
            9.33333,
            12.66667,
            8.66667,
            12
          ],
          "texture": "#1"
        },
        "down": {
          "uv": [
            10,
            12,
            9.33333,
            12.66667
          ],
          "texture": "#1"
        }
      }
    },
    {
      "from": [
        7.6,
        3.36,
        7.6
      ],
      "to": [
        8.4,
        5.36,
        8.4
      ],
      "rotation": {
        "angle": 0,
        "axis": "y",
        "origin": [
          6.88,
          -3.28,
          6.88
        ]
      },
      "faces": {
        "north": {
          "uv": [
            4,
            11.33333,
            4.5,
            12.66667
          ],
          "texture": "#1"
        },
        "east": {
          "uv": [
            4.66667,
            11.33333,
            5.16667,
            12.66667
          ],
          "texture": "#1"
        },
        "south": {
          "uv": [
            6,
            11.33333,
            6.5,
            12.66667
          ],
          "texture": "#1"
        },
        "west": {
          "uv": [
            6.66667,
            11.33333,
            7.16667,
            12.66667
          ],
          "texture": "#1"
        },
        "up": {
          "uv": [
            13.16667,
            8.5,
            12.66667,
            8
          ],
          "texture": "#1"
        },
        "down": {
          "uv": [
            9.16667,
            12.66667,
            8.66667,
            13.16667
          ],
          "texture": "#1"
        }
      }
    },
    {
      "from": [
        7.4,
        7,
        7
      ],
      "to": [
        8.6,
        9,
        9
      ],
      "rotation": {
        "angle": -45,
        "axis": "x",
        "origin": [
          8,
          8,
          8
        ]
      },
      "faces": {
        "north": {
          "uv": [
            8.66667,
            6,
            9.5,
            7.33333
          ],
          "texture": "#1"
        },
        "east": {
          "uv": [
            1.33333,
            7.33333,
            2.66667,
            8.66667
          ],
          "texture": "#1"
        },
        "south": {
          "uv": [
            0,
            9.33333,
            0.83333,
            10.66667
          ],
          "texture": "#1"
        },
        "west": {
          "uv": [
            7.33333,
            2,
            8.66667,
            3.33333
          ],
          "texture": "#1"
        },
        "up": {
          "uv": [
            10.16667,
            1.33333,
            9.33333,
            0
          ],
          "texture": "#1"
        },
        "down": {
          "uv": [
            8.16667,
            9.33333,
            7.33333,
            10.66667
          ],
          "texture": "#1"
        }
      }
    },
    {
      "from": [
        7.3,
        7.2,
        7.2
      ],
      "to": [
        8.7,
        8.8,
        8.8
      ],
      "rotation": {
        "angle": 45,
        "axis": "x",
        "origin": [
          8,
          8,
          8
        ]
      },
      "faces": {
        "north": {
          "uv": [
            9.33333,
            7.33333,
            10.33333,
            8.33333
          ],
          "texture": "#1"
        },
        "east": {
          "uv": [
            8.66667,
            9.33333,
            9.66667,
            10.33333
          ],
          "texture": "#1"
        },
        "south": {
          "uv": [
            10,
            1.33333,
            11,
            2.33333
          ],
          "texture": "#1"
        },
        "west": {
          "uv": [
            2.66667,
            10,
            3.66667,
            11
          ],
          "texture": "#1"
        },
        "up": {
          "uv": [
            11,
            3.66667,
            10,
            2.66667
          ],
          "texture": "#1"
        },
        "down": {
          "uv": [
            5,
            10,
            4,
            11
          ],
          "texture": "#1"
        }
      }
    },
    {
      "from": [
        7.22,
        14.49633,
        6.44
      ],
      "to": [
        8.78,
        15.27633,
        9.56
      ],
      "rotation": {
        "angle": 0,
        "axis": "y",
        "origin": [
          7.22,
          8.33433,
          3.866
        ]
      },
      "faces": {
        "north": {
          "uv": [
            11.33333,
            11.33333,
            12.33333,
            11.83333
          ],
          "texture": "#1"
        },
        "east": {
          "uv": [
            9.33333,
            8.66667,
            11.33333,
            9.16667
          ],
          "texture": "#1"
        },
        "south": {
          "uv": [
            0,
            12,
            1,
            12.5
          ],
          "texture": "#1"
        },
        "west": {
          "uv": [
            10,
            4,
            12,
            4.5
          ],
          "texture": "#1"
        },
        "up": {
          "uv": [
            1,
            7.33333,
            0,
            5.33333
          ],
          "texture": "#1"
        },
        "down": {
          "uv": [
            6.33333,
            0,
            5.33333,
            2
          ],
          "texture": "#1"
        }
      }
    },
    {
      "from": [
        7.22,
        15.06363,
        3.89299
      ],
      "to": [
        8.78,
        15.84363,
        6.70799
      ],
      "rotation": {
        "angle": 22.5,
        "axis": "x",
        "origin": [
          8,
          15.45363,
          5.14799
        ]
      },
      "faces": {
        "north": {
          "uv": [
            1.33333,
            12,
            2.33333,
            12.5
          ],
          "texture": "#1"
        },
        "east": {
          "uv": [
            10,
            6,
            11.83333,
            6.5
          ],
          "texture": "#1"
        },
        "south": {
          "uv": [
            12,
            4,
            13,
            4.5
          ],
          "texture": "#1"
        },
        "west": {
          "uv": [
            10,
            6.66667,
            11.83333,
            7.16667
          ],
          "texture": "#1"
        },
        "up": {
          "uv": [
            7.66667,
            1.83333,
            6.66667,
            0
          ],
          "texture": "#1"
        },
        "down": {
          "uv": [
            1,
            7.33333,
            0,
            9.16667
          ],
          "texture": "#1"
        }
      }
    },
    {
      "from": [
        7.22,
        16.35237,
        3.71401
      ],
      "to": [
        8.78,
        17.13237,
        6.11101
      ],
      "rotation": {
        "angle": 22.5,
        "axis": "x",
        "origin": [
          8,
          15.18237,
          4.55101
        ]
      },
      "faces": {
        "north": {
          "uv": [
            12,
            4.66667,
            13,
            5.16667
          ],
          "texture": "#1"
        },
        "east": {
          "uv": [
            8,
            10.66667,
            9.66667,
            11.16667
          ],
          "texture": "#1"
        },
        "south": {
          "uv": [
            12,
            5.33333,
            13,
            5.83333
          ],
          "texture": "#1"
        },
        "west": {
          "uv": [
            10.66667,
            8,
            12.33333,
            8.5
          ],
          "texture": "#1"
        },
        "up": {
          "uv": [
            9,
            1.66667,
            8,
            0
          ],
          "texture": "#1"
        },
        "down": {
          "uv": [
            5,
            8,
            4,
            9.66667
          ],
          "texture": "#1"
        }
      }
    },
    {
      "from": [
        7.22,
        15.66633,
        6.44
      ],
      "to": [
        8.78,
        16.44633,
        9.56
      ],
      "rotation": {
        "angle": 0,
        "axis": "y",
        "origin": [
          7.22,
          8.33433,
          3.866
        ]
      },
      "faces": {
        "north": {
          "uv": [
            12,
            6,
            13,
            6.5
          ],
          "texture": "#1"
        },
        "east": {
          "uv": [
            10,
            4.66667,
            12,
            5.16667
          ],
          "texture": "#1"
        },
        "south": {
          "uv": [
            12,
            6.66667,
            13,
            7.16667
          ],
          "texture": "#1"
        },
        "west": {
          "uv": [
            10,
            5.33333,
            12,
            5.83333
          ],
          "texture": "#1"
        },
        "up": {
          "uv": [
            2.33333,
            7.33333,
            1.33333,
            5.33333
          ],
          "texture": "#1"
        },
        "down": {
          "uv": [
            3.66667,
            5.33333,
            2.66667,
            7.33333
          ],
          "texture": "#1"
        }
      }
    },
    {
      "from": [
        7.376,
        15.27633,
        6.596
      ],
      "to": [
        8.624,
        15.66633,
        9.404
      ],
      "rotation": {
        "angle": 0,
        "axis": "y",
        "origin": [
          7.22,
          8.33433,
          3.866
        ]
      },
      "faces": {
        "north": {
          "uv": [
            4.66667,
            12.66667,
            5.5,
            13
          ],
          "texture": "#1"
        },
        "east": {
          "uv": [
            11.33333,
            8.66667,
            13.16667,
            9
          ],
          "texture": "#1"
        },
        "south": {
          "uv": [
            6,
            12.66667,
            6.83333,
            13
          ],
          "texture": "#1"
        },
        "west": {
          "uv": [
            11.33333,
            9.33333,
            13.16667,
            9.66667
          ],
          "texture": "#1"
        },
        "up": {
          "uv": [
            8.83333,
            9.16667,
            8,
            7.33333
          ],
          "texture": "#1"
        },
        "down": {
          "uv": [
            2.16667,
            8.66667,
            1.33333,
            10.5
          ],
          "texture": "#1"
        }
      }
    },
    {
      "from": [
        7.376,
        15.79877,
        4.2215
      ],
      "to": [
        8.624,
        16.18877,
        6.7775
      ],
      "rotation": {
        "angle": 22.5,
        "axis": "x",
        "origin": [
          8,
          15.99377,
          5.3735
        ]
      },
      "faces": {
        "north": {
          "uv": [
            7.33333,
            12.66667,
            8.16667,
            13
          ],
          "texture": "#1"
        },
        "east": {
          "uv": [
            11.33333,
            10,
            13,
            10.33333
          ],
          "texture": "#1"
        },
        "south": {
          "uv": [
            12.66667,
            7.33333,
            13.5,
            7.66667
          ],
          "texture": "#1"
        },
        "west": {
          "uv": [
            11.33333,
            10.66667,
            13,
            11
          ],
          "texture": "#1"
        },
        "up": {
          "uv": [
            9.5,
            3.66667,
            8.66667,
            2
          ],
          "texture": "#1"
        },
        "down": {
          "uv": [
            9.5,
            4,
            8.66667,
            5.66667
          ],
          "texture": "#1"
        }
      }
    },
    {
      "from": [
        7.5,
        8.9,
        7.5
      ],
      "to": [
        8.5,
        9.9,
        8.5
      ],
      "rotation": {
        "angle": 0,
        "axis": "y",
        "origin": [
          7.5,
          7,
          7.5
        ]
      },
      "faces": {
        "north": {
          "uv": [
            10.66667,
            12,
            11.33333,
            12.66667
          ],
          "texture": "#1"
        },
        "east": {
          "uv": [
            11.33333,
            12,
            12,
            12.66667
          ],
          "texture": "#1"
        },
        "south": {
          "uv": [
            12,
            12,
            12.66667,
            12.66667
          ],
          "texture": "#1"
        },
        "west": {
          "uv": [
            0,
            12.66667,
            0.66667,
            13.33333
          ],
          "texture": "#1"
        },
        "up": {
          "uv": [
            0,
            0,
            0,
            0
          ],
          "texture": "#1"
        },
        "down": {
          "uv": [
            0,
            0,
            0,
            0
          ],
          "texture": "#1"
        }
      }
    },
    {
      "from": [
        7.5,
        13.5,
        7.5
      ],
      "to": [
        8.5,
        14.5,
        8.5
      ],
      "rotation": {
        "angle": 0,
        "axis": "y",
        "origin": [
          7.5,
          7,
          7.5
        ]
      },
      "faces": {
        "north": {
          "uv": [
            12.66667,
            0,
            13.33333,
            0.66667
          ],
          "texture": "#1"
        },
        "east": {
          "uv": [
            0.66667,
            12.66667,
            1.33333,
            13.33333
          ],
          "texture": "#1"
        },
        "south": {
          "uv": [
            12.66667,
            0.66667,
            13.33333,
            1.33333
          ],
          "texture": "#1"
        },
        "west": {
          "uv": [
            1.33333,
            12.66667,
            2,
            13.33333
          ],
          "texture": "#1"
        },
        "up": {
          "uv": [
            0,
            0,
            0,
            0
          ],
          "texture": "#1"
        },
        "down": {
          "uv": [
            0,
            0,
            0,
            0
          ],
          "texture": "#1"
        }
      }
    },
    {
      "from": [
        7.4,
        9.9,
        7.4
      ],
      "to": [
        8.6,
        13.5,
        8.6
      ],
      "rotation": {
        "angle": 0,
        "axis": "y",
        "origin": [
          7.5,
          7,
          7.5
        ]
      },
      "faces": {
        "north": {
          "uv": [
            4,
            5.33333,
            4.83333,
            7.66667
          ],
          "texture": "#1"
        },
        "east": {
          "uv": [
            5.33333,
            5.33333,
            6.16667,
            7.66667
          ],
          "texture": "#1"
        },
        "south": {
          "uv": [
            6,
            2,
            6.83333,
            4.33333
          ],
          "texture": "#1"
        },
        "west": {
          "uv": [
            6.66667,
            4.66667,
            7.5,
            7
          ],
          "texture": "#1"
        },
        "up": {
          "uv": [
            3.5,
            12.16667,
            2.66667,
            11.33333
          ],
          "texture": "#1"
        },
        "down": {
          "uv": [
            12.16667,
            2.66667,
            11.33333,
            3.5
          ],
          "texture": "#1"
        }
      }
    },
    {
      "from": [
        7,
        13.5,
        3.55
      ],
      "to": [
        9,
        17.5,
        4.55
      ],
      "rotation": {
        "angle": 0,
        "axis": "y",
        "origin": [
          7,
          0,
          0
        ]
      },
      "faces": {
        "north": {
          "uv": [
            0,
            0,
            1.33333,
            2.66667
          ],
          "texture": "#1"
        },
        "east": {
          "uv": [
            2.66667,
            7.33333,
            3.33333,
            10
          ],
          "texture": "#1"
        },
        "south": {
          "uv": [
            1.33333,
            0,
            2.66667,
            2.66667
          ],
          "texture": "#1"
        },
        "west": {
          "uv": [
            3.33333,
            7.33333,
            4,
            10
          ],
          "texture": "#1"
        },
        "up": {
          "uv": [
            8,
            11.33333,
            6.66667,
            10.66667
          ],
          "texture": "#1"
        },
        "down": {
          "uv": [
            12,
            7.33333,
            10.66667,
            8
          ],
          "texture": "#1"
        }
      }
    },
    {
      "from": [
        7,
        13.5,
        0.55
      ],
      "to": [
        9,
        17.5,
        2.55
      ],
      "rotation": {
        "angle": 0,
        "axis": "y",
        "origin": [
          7,
          0,
          0
        ]
      },
      "faces": {
        "north": {
          "uv": [
            0,
            2.66667,
            1.33333,
            5.33333
          ],
          "texture": "#1"
        },
        "east": {
          "uv": [
            2.66667,
            0,
            4,
            2.66667
          ],
          "texture": "#1"
        },
        "south": {
          "uv": [
            1.33333,
            2.66667,
            2.66667,
            5.33333
          ],
          "texture": "#1"
        },
        "west": {
          "uv": [
            2.66667,
            2.66667,
            4,
            5.33333
          ],
          "texture": "#1"
        },
        "up": {
          "uv": [
            8.66667,
            4.66667,
            7.33333,
            3.33333
          ],
          "texture": "#1"
        },
        "down": {
          "uv": [
            8,
            7.33333,
            6.66667,
            8.66667
          ],
          "texture": "#1"
        }
      }
    },
    {
      "from": [
        7.1,
        13.6,
        0.05
      ],
      "to": [
        8.9,
        17.4,
        0.55
      ],
      "rotation": {
        "angle": 0,
        "axis": "y",
        "origin": [
          8,
          15.5,
          0.05
        ]
      },
      "faces": {
        "north": {
          "uv": [
            4,
            0,
            5.16667,
            2.5
          ],
          "texture": "#1"
        },
        "east": {
          "uv": [
            10.66667,
            9.33333,
            11,
            11.83333
          ],
          "texture": "#1"
        },
        "south": {
          "uv": [
            0,
            0,
            0,
            0
          ],
          "texture": "#1"
        },
        "west": {
          "uv": [
            10,
            10.66667,
            10.33333,
            13.16667
          ],
          "texture": "#1"
        },
        "up": {
          "uv": [
            13.83333,
            1.66667,
            12.66667,
            1.33333
          ],
          "texture": "#1"
        },
        "down": {
          "uv": [
            3.16667,
            12.66667,
            2,
            13
          ],
          "texture": "#1"
        }
      }
    },
    {
      "from": [
        7.2,
        13.7,
        2.55
      ],
      "to": [
        8.8,
        17.3,
        3.55
      ],
      "rotation": {
        "angle": 0,
        "axis": "y",
        "origin": [
          7,
          0,
          0
        ]
      },
      "faces": {
        "north": {
          "uv": [
            0,
            0,
            0,
            0
          ],
          "texture": "#1"
        },
        "east": {
          "uv": [
            8,
            4.66667,
            8.66667,
            7
          ],
          "texture": "#1"
        },
        "south": {
          "uv": [
            0,
            0,
            0,
            0
          ],
          "texture": "#1"
        },
        "west": {
          "uv": [
            5.33333,
            8,
            6,
            10.33333
          ],
          "texture": "#1"
        },
        "up": {
          "uv": [
            8.33333,
            12,
            7.33333,
            11.33333
          ],
          "texture": "#1"
        },
        "down": {
          "uv": [
            9.66667,
            11.33333,
            8.66667,
            12
          ],
          "texture": "#1"
        }
      }
    },
    {
      "from": [
        7.5,
        13.775,
        4.5
      ],
      "to": [
        8.5,
        15.475,
        7.5
      ],
      "rotation": {
        "angle": 0,
        "axis": "y",
        "origin": [
          7,
          -0.3,
          -0.05
        ]
      },
      "faces": {
        "north": {
          "uv": [
            0,
            0,
            0,
            0
          ],
          "texture": "#1"
        },
        "east": {
          "uv": [
            4,
            2.66667,
            6,
            3.83333
          ],
          "texture": "#1"
        },
        "south": {
          "uv": [
            0,
            0,
            0,
            0
          ],
          "texture": "#1"
        },
        "west": {
          "uv": [
            4,
            4,
            6,
            5.16667
          ],
          "texture": "#1"
        },
        "up": {
          "uv": [
            6.66667,
            10,
            6,
            8
          ],
          "texture": "#1"
        },
        "down": {
          "uv": [
            7.33333,
            8.66667,
            6.66667,
            10.66667
          ],
          "texture": "#1"
        }
      }
    },
    {
      "from": [
        7,
        13.5,
        11.45
      ],
      "to": [
        9,
        17.5,
        12.45
      ],
      "rotation": {
        "angle": 0,
        "axis": "y",
        "origin": [
          7,
          0,
          16
        ]
      },
      "faces": {
        "north": {
          "uv": [
            2.66667,
            0,
            1.33333,
            2.66667
          ],
          "texture": "#1"
        },
        "east": {
          "uv": [
            3.33333,
            7.33333,
            2.66667,
            10
          ],
          "texture": "#1"
        },
        "south": {
          "uv": [
            1.33333,
            0,
            0,
            2.66667
          ],
          "texture": "#1"
        },
        "west": {
          "uv": [
            4,
            7.33333,
            3.33333,
            10
          ],
          "texture": "#1"
        },
        "up": {
          "uv": [
            8,
            10.66667,
            6.66667,
            11.33333
          ],
          "texture": "#1"
        },
        "down": {
          "uv": [
            12,
            8,
            10.66667,
            7.33333
          ],
          "texture": "#1"
        }
      }
    },
    {
      "from": [
        7.2,
        13.7,
        12.45
      ],
      "to": [
        8.8,
        17.3,
        13.45
      ],
      "rotation": {
        "angle": 0,
        "axis": "y",
        "origin": [
          7,
          0,
          16
        ]
      },
      "faces": {
        "north": {
          "uv": [
            0,
            0,
            0,
            0
          ],
          "texture": "#1"
        },
        "east": {
          "uv": [
            8.66667,
            4.66667,
            8,
            7
          ],
          "texture": "#1"
        },
        "south": {
          "uv": [
            0,
            0,
            0,
            0
          ],
          "texture": "#1"
        },
        "west": {
          "uv": [
            6,
            8,
            5.33333,
            10.33333
          ],
          "texture": "#1"
        },
        "up": {
          "uv": [
            8.33333,
            11.33333,
            7.33333,
            12
          ],
          "texture": "#1"
        },
        "down": {
          "uv": [
            9.66667,
            12,
            8.66667,
            11.33333
          ],
          "texture": "#1"
        }
      }
    },
    {
      "from": [
        7,
        13.5,
        13.45
      ],
      "to": [
        9,
        17.5,
        15.45
      ],
      "rotation": {
        "angle": 0,
        "axis": "y",
        "origin": [
          7,
          0,
          16
        ]
      },
      "faces": {
        "north": {
          "uv": [
            2.66667,
            2.66667,
            1.33333,
            5.33333
          ],
          "texture": "#1"
        },
        "east": {
          "uv": [
            4,
            0,
            2.66667,
            2.66667
          ],
          "texture": "#1"
        },
        "south": {
          "uv": [
            1.33333,
            2.66667,
            0,
            5.33333
          ],
          "texture": "#1"
        },
        "west": {
          "uv": [
            4,
            2.66667,
            2.66667,
            5.33333
          ],
          "texture": "#1"
        },
        "up": {
          "uv": [
            8.66667,
            3.33333,
            7.33333,
            4.66667
          ],
          "texture": "#1"
        },
        "down": {
          "uv": [
            8,
            8.66667,
            6.66667,
            7.33333
          ],
          "texture": "#1"
        }
      }
    },
    {
      "from": [
        7.1,
        13.6,
        15.45
      ],
      "to": [
        8.9,
        17.4,
        15.95
      ],
      "rotation": {
        "angle": 0,
        "axis": "y",
        "origin": [
          8,
          15.5,
          15.95
        ]
      },
      "faces": {
        "north": {
          "uv": [
            0,
            0,
            0,
            0
          ],
          "texture": "#1"
        },
        "east": {
          "uv": [
            11,
            9.33333,
            10.66667,
            11.83333
          ],
          "texture": "#1"
        },
        "south": {
          "uv": [
            5.16667,
            0,
            4,
            2.5
          ],
          "texture": "#1"
        },
        "west": {
          "uv": [
            10.33333,
            10.66667,
            10,
            13.16667
          ],
          "texture": "#1"
        },
        "up": {
          "uv": [
            13.83333,
            1.33333,
            12.66667,
            1.66667
          ],
          "texture": "#1"
        },
        "down": {
          "uv": [
            3.16667,
            13,
            2,
            12.66667
          ],
          "texture": "#1"
        }
      }
    },
    {
      "from": [
        7.5,
        13.775,
        8.5
      ],
      "to": [
        8.5,
        15.475,
        11.5
      ],
      "rotation": {
        "angle": 0,
        "axis": "y",
        "origin": [
          7,
          -0.3,
          16.05
        ]
      },
      "faces": {
        "north": {
          "uv": [
            0,
            0,
            0,
            0
          ],
          "texture": "#1"
        },
        "east": {
          "uv": [
            6,
            2.66667,
            4,
            3.83333
          ],
          "texture": "#1"
        },
        "south": {
          "uv": [
            0,
            0,
            0,
            0
          ],
          "texture": "#1"
        },
        "west": {
          "uv": [
            6,
            4,
            4,
            5.16667
          ],
          "texture": "#1"
        },
        "up": {
          "uv": [
            6.66667,
            8,
            6,
            10
          ],
          "texture": "#1"
        },
        "down": {
          "uv": [
            7.33333,
            10.66667,
            6.66667,
            8.66667
          ],
          "texture": "#1"
        }
      }
    },
    {
      "from": [
        7.22,
        15.06363,
        9.29201
      ],
      "to": [
        8.78,
        15.84363,
        12.10701
      ],
      "rotation": {
        "angle": -22.5,
        "axis": "x",
        "origin": [
          8,
          15.45363,
          10.85201
        ]
      },
      "faces": {
        "north": {
          "uv": [
            13,
            4,
            12,
            4.5
          ],
          "texture": "#1"
        },
        "east": {
          "uv": [
            11.83333,
            6,
            10,
            6.5
          ],
          "texture": "#1"
        },
        "south": {
          "uv": [
            2.33333,
            12,
            1.33333,
            12.5
          ],
          "texture": "#1"
        },
        "west": {
          "uv": [
            11.83333,
            6.66667,
            10,
            7.16667
          ],
          "texture": "#1"
        },
        "up": {
          "uv": [
            7.66667,
            0,
            6.66667,
            1.83333
          ],
          "texture": "#1"
        },
        "down": {
          "uv": [
            1,
            9.16667,
            0,
            7.33333
          ],
          "texture": "#1"
        }
      }
    },
    {
      "from": [
        7.376,
        15.79877,
        9.2225
      ],
      "to": [
        8.624,
        16.18877,
        11.7785
      ],
      "rotation": {
        "angle": -22.5,
        "axis": "x",
        "origin": [
          8,
          15.99377,
          10.6265
        ]
      },
      "faces": {
        "north": {
          "uv": [
            13.5,
            7.33333,
            12.66667,
            7.66667
          ],
          "texture": "#1"
        },
        "east": {
          "uv": [
            13,
            10,
            11.33333,
            10.33333
          ],
          "texture": "#1"
        },
        "south": {
          "uv": [
            8.16667,
            12.66667,
            7.33333,
            13
          ],
          "texture": "#1"
        },
        "west": {
          "uv": [
            13,
            10.66667,
            11.33333,
            11
          ],
          "texture": "#1"
        },
        "up": {
          "uv": [
            9.5,
            2,
            8.66667,
            3.66667
          ],
          "texture": "#1"
        },
        "down": {
          "uv": [
            9.5,
            5.66667,
            8.66667,
            4
          ],
          "texture": "#1"
        }
      }
    },
    {
      "from": [
        7.22,
        16.35237,
        9.88899
      ],
      "to": [
        8.78,
        17.13237,
        12.28599
      ],
      "rotation": {
        "angle": -22.5,
        "axis": "x",
        "origin": [
          8,
          15.18237,
          11.44899
        ]
      },
      "faces": {
        "north": {
          "uv": [
            13,
            5.33333,
            12,
            5.83333
          ],
          "texture": "#1"
        },
        "east": {
          "uv": [
            9.66667,
            10.66667,
            8,
            11.16667
          ],
          "texture": "#1"
        },
        "south": {
          "uv": [
            13,
            4.66667,
            12,
            5.16667
          ],
          "texture": "#1"
        },
        "west": {
          "uv": [
            12.33333,
            8,
            10.66667,
            8.5
          ],
          "texture": "#1"
        },
        "up": {
          "uv": [
            9,
            0,
            8,
            1.66667
          ],
          "texture": "#1"
        },
        "down": {
          "uv": [
            5,
            9.66667,
            4,
            8
          ],
          "texture": "#1"
        }
      }
    },
    {
      "from": [
        7.5,
        17.2,
        4.7
      ],
      "to": [
        8.5,
        19.2,
        5.7
      ],
      "rotation": {
        "angle": 45,
        "axis": "x",
        "origin": [
          7.5,
          17.2,
          4.7
        ]
      },
      "faces": {
        "north": {
          "uv": [
            14.16667,
            0.33333,
            14.83333,
            1.66667
          ],
          "texture": "#1"
        },
        "east": {
          "uv": [
            15.66667,
            0.33333,
            15,
            1.66667
          ],
          "texture": "#1"
        },
        "south": {
          "uv": [
            14.16667,
            0.33333,
            14.83333,
            1.66667
          ],
          "texture": "#1"
        },
        "west": {
          "uv": [
            15,
            0.33333,
            15.66667,
            1.66667
          ],
          "texture": "#1"
        },
        "up": {
          "uv": [
            14.16667,
            0.33333,
            14.16667,
            0.33333
          ],
          "texture": "#1"
        },
        "down": {
          "uv": [
            14.16667,
            0.33333,
            14.16667,
            0.33333
          ],
          "texture": "#1"
        }
      }
    },
    {
      "from": [
        7.5,
        17.2,
        10.3
      ],
      "to": [
        8.5,
        19.2,
        11.3
      ],
      "rotation": {
        "angle": -45,
        "axis": "x",
        "origin": [
          7.5,
          17.2,
          11.3
        ]
      },
      "faces": {
        "north": {
          "uv": [
            14.83333,
            0.33333,
            14.16667,
            1.66667
          ],
          "texture": "#1"
        },
        "east": {
          "uv": [
            15,
            0.33333,
            15.66667,
            1.66667
          ],
          "texture": "#1"
        },
        "south": {
          "uv": [
            14.83333,
            0.33333,
            14.16667,
            1.66667
          ],
          "texture": "#1"
        },
        "west": {
          "uv": [
            15.66667,
            0.33333,
            15,
            1.66667
          ],
          "texture": "#1"
        },
        "up": {
          "uv": [
            14.16667,
            0.33333,
            14.16667,
            0.33333
          ],
          "texture": "#1"
        },
        "down": {
          "uv": [
            14.16667,
            0.33333,
            14.16667,
            0.33333
          ],
          "texture": "#1"
        }
      }
    },
    {
      "from": [
        7.5,
        17.61421,
        6.11421
      ],
      "to": [
        8.5,
        18.61421,
        9.88921
      ],
      "rotation": {
        "angle": 0,
        "axis": "x",
        "origin": [
          -0.5,
          12.02843,
          -2.47157
        ]
      },
      "faces": {
        "north": {
          "uv": [
            14.16667,
            0.33333,
            14.16667,
            0.33333
          ],
          "rotation": 180,
          "texture": "#1"
        },
        "east": {
          "uv": [
            13.83333,
            3.83333,
            13.16667,
            6.32917
          ],
          "rotation": 270,
          "texture": "#1"
        },
        "south": {
          "uv": [
            14.16667,
            0.33333,
            14.16667,
            0.33333
          ],
          "texture": "#1"
        },
        "west": {
          "uv": [
            13.16667,
            3.83333,
            13.83333,
            6.32917
          ],
          "rotation": 90,
          "texture": "#1"
        },
        "up": {
          "uv": [
            14,
            3.83333,
            14.66667,
            6.32917
          ],
          "rotation": 180,
          "texture": "#1"
        },
        "down": {
          "uv": [
            14.83333,
            3.83333,
            15.5,
            6.32917
          ],
          "texture": "#1"
        }
      }
    },
    {
      "from": [
        6.9,
        13.51332,
        -3.15059
      ],
      "to": [
        6.9,
        17.51332,
        7.84941
      ],
      "rotation": {
        "angle": 0,
        "axis": "x",
        "origin": [
          6.9,
          13.51332,
          -0.15059
        ]
      },
      "faces": {
        "north": {
          "uv": [
            0,
            0,
            0,
            5.33333
          ],
          "texture": "#2"
        },
        "south": {
          "uv": [
            0,
            0,
            0,
            5.33333
          ],
          "texture": "#2"
        },
        "west": {
          "uv": [
            0,
            0,
            14.66667,
            5.33333
          ],
          "texture": "#2"
        },
        "up": {
          "uv": [
            0,
            14.66667,
            0,
            0
          ],
          "texture": "#2"
        },
        "down": {
          "uv": [
            0,
            0,
            0,
            14.66667
          ],
          "texture": "#2"
        }
      }
    },
    {
      "from": [
        6.9,
        13.51332,
        8.15059
      ],
      "to": [
        6.9,
        17.51332,
        19.15059
      ],
      "rotation": {
        "angle": 0,
        "axis": "x",
        "origin": [
          6.9,
          13.51332,
          16.15059
        ]
      },
      "faces": {
        "north": {
          "uv": [
            0,
            0,
            0,
            5.33333
          ],
          "texture": "#2"
        },
        "south": {
          "uv": [
            0,
            0,
            0,
            5.33333
          ],
          "texture": "#2"
        },
        "west": {
          "uv": [
            14.66667,
            0,
            0,
            5.33333
          ],
          "texture": "#2"
        },
        "up": {
          "uv": [
            0,
            0,
            0,
            14.66667
          ],
          "texture": "#2"
        },
        "down": {
          "uv": [
            0,
            14.66667,
            0,
            0
          ],
          "texture": "#2"
        }
      }
    },
    {
      "from": [
        9.1,
        13.51332,
        8.15059
      ],
      "to": [
        9.1,
        17.51332,
        19.15059
      ],
      "rotation": {
        "angle": 0,
        "axis": "x",
        "origin": [
          9.1,
          13.51332,
          16.15059
        ]
      },
      "faces": {
        "north": {
          "uv": [
            0,
            0,
            0,
            5.33333
          ],
          "texture": "#2"
        },
        "east": {
          "uv": [
            0,
            0,
            14.66667,
            5.33333
          ],
          "texture": "#2"
        },
        "south": {
          "uv": [
            0,
            0,
            0,
            5.33333
          ],
          "texture": "#2"
        },
        "up": {
          "uv": [
            0,
            0,
            0,
            14.66667
          ],
          "texture": "#2"
        },
        "down": {
          "uv": [
            0,
            14.66667,
            0,
            0
          ],
          "texture": "#2"
        }
      }
    },
    {
      "from": [
        9.1,
        13.51332,
        -3.15059
      ],
      "to": [
        9.1,
        17.51332,
        7.84941
      ],
      "rotation": {
        "angle": 0,
        "axis": "x",
        "origin": [
          9.1,
          13.51332,
          -0.15059
        ]
      },
      "faces": {
        "north": {
          "uv": [
            0,
            0,
            0,
            5.33333
          ],
          "texture": "#2"
        },
        "east": {
          "uv": [
            14.66667,
            0,
            0,
            5.33333
          ],
          "texture": "#2"
        },
        "south": {
          "uv": [
            0,
            0,
            0,
            5.33333
          ],
          "texture": "#2"
        },
        "up": {
          "uv": [
            0,
            14.66667,
            0,
            0
          ],
          "texture": "#2"
        },
        "down": {
          "uv": [
            0,
            0,
            0,
            14.66667
          ],
          "texture": "#2"
        }
      }
    }
  ],
  "gui_light": "front",
  "display": {
    "thirdperson_righthand": {
      "translation": [
        0,
        1.5,
        1.25
      ]
    },
    "thirdperson_lefthand": {
      "translation": [
        0,
        1.5,
        1.25
      ]
    },
    "firstperson_righthand": {
      "rotation": [
        -10,
        0,
        0
      ],
      "translation": [
        -0.25,
        3,
        1.5
      ]
    },
    "firstperson_lefthand": {
      "rotation": [
        -10,
        0,
        0
      ],
      "translation": [
        -0.25,
        3,
        1.5
      ]
    },
    "ground": {
      "translation": [
        0,
        10.25,
        0
      ]
    },
    "gui": {
      "rotation": [
        90,
        -135,
        90
      ],
      "translation": [
        -3,
        -3,
        0
      ],
      "scale": [
        0.94726,
        0.94726,
        0.94726
      ]
    },
    "head": {
      "rotation": [
        0,
        90,
        0
      ],
      "scale": [
        1.5,
        1.5,
        1.5
      ]
    },
    "fixed": {
      "rotation": [
        0,
        -90,
        0
      ],
      "translation": [
        0,
        -2.25,
        -1.5
      ],
      "scale": [
        2,
        2,
        2
      ]
    }
  }
}