{
  "credit": "MadebyPolygonMC",
  "texture_size": [
    20,
    20
  ],
  "textures": {
    "1": "thunderboltset:pickaxe",
    "2": "thunderboltset:animation_4",
    "particle": "thunderboltset:pickaxe"
  },
  "elements": [
    {
      "from": [
        7.5,
        0,
        7.5
      ],
      "to": [
        8.5,
        1,
        8.5
      ],
      "rotation": {
        "angle": -45,
        "axis": "x",
        "origin": [
          8,
          0.5,
          8
        ]
      },
      "faces": {
        "north": {
          "uv": [
            5.6,
            9.6,
            6.4,
            10.4
          ],
          "texture": "#1"
        },
        "east": {
          "uv": [
            3.2,
            10.4,
            4,
            11.2
          ],
          "texture": "#1"
        },
        "south": {
          "uv": [
            13.6,
            0,
            14.4,
            0.8
          ],
          "texture": "#1"
        },
        "west": {
          "uv": [
            13.6,
            0.8,
            14.4,
            1.6
          ],
          "texture": "#1"
        },
        "up": {
          "uv": [
            2.4,
            14.4,
            1.6,
            13.6
          ],
          "texture": "#1"
        },
        "down": {
          "uv": [
            3.2,
            13.6,
            2.4,
            14.4
          ],
          "texture": "#1"
        }
      }
    },
    {
      "from": [
        7.38,
        0.74,
        7.38
      ],
      "to": [
        8.62,
        1.36,
        8.62
      ],
      "rotation": {
        "angle": 0,
        "axis": "x",
        "origin": [
          8,
          1.36,
          8
        ]
      },
      "faces": {
        "north": {
          "uv": [
            14.4,
            0.8,
            15.4,
            1.2
          ],
          "texture": "#1"
        },
        "east": {
          "uv": [
            1.6,
            14.4,
            2.6,
            14.8
          ],
          "texture": "#1"
        },
        "south": {
          "uv": [
            14.4,
            2.4,
            15.4,
            2.8
          ],
          "texture": "#1"
        },
        "west": {
          "uv": [
            3.2,
            14.4,
            4.2,
            14.8
          ],
          "texture": "#1"
        },
        "up": {
          "uv": [
            13,
            1,
            12,
            0
          ],
          "texture": "#1"
        },
        "down": {
          "uv": [
            2.6,
            12,
            1.6,
            13
          ],
          "texture": "#1"
        }
      }
    },
    {
      "from": [
        7.5,
        1.36,
        7.5
      ],
      "to": [
        8.5,
        3.36,
        8.5
      ],
      "rotation": {
        "angle": 0,
        "axis": "y",
        "origin": [
          6.88,
          -5.28,
          6.88
        ]
      },
      "faces": {
        "north": {
          "uv": [
            8.8,
            10.4,
            9.6,
            12
          ],
          "texture": "#1"
        },
        "east": {
          "uv": [
            0,
            11.2,
            0.8,
            12.8
          ],
          "texture": "#1"
        },
        "south": {
          "uv": [
            0.8,
            11.2,
            1.6,
            12.8
          ],
          "texture": "#1"
        },
        "west": {
          "uv": [
            11.2,
            5.6,
            12,
            7.2
          ],
          "texture": "#1"
        },
        "up": {
          "uv": [
            14.4,
            3.2,
            13.6,
            2.4
          ],
          "texture": "#1"
        },
        "down": {
          "uv": [
            4,
            13.6,
            3.2,
            14.4
          ],
          "texture": "#1"
        }
      }
    },
    {
      "from": [
        7.5,
        5.36,
        7.5
      ],
      "to": [
        8.5,
        7.36,
        8.5
      ],
      "rotation": {
        "angle": 0,
        "axis": "y",
        "origin": [
          6.88,
          -1.28,
          6.88
        ]
      },
      "faces": {
        "north": {
          "uv": [
            11.2,
            7.2,
            12,
            8.8
          ],
          "texture": "#1"
        },
        "east": {
          "uv": [
            11.2,
            8.8,
            12,
            10.4
          ],
          "texture": "#1"
        },
        "south": {
          "uv": [
            9.6,
            11.2,
            10.4,
            12.8
          ],
          "texture": "#1"
        },
        "west": {
          "uv": [
            10.4,
            11.2,
            11.2,
            12.8
          ],
          "texture": "#1"
        },
        "up": {
          "uv": [
            14.4,
            4,
            13.6,
            3.2
          ],
          "texture": "#1"
        },
        "down": {
          "uv": [
            4.8,
            13.6,
            4,
            14.4
          ],
          "texture": "#1"
        }
      }
    },
    {
      "from": [
        7.6,
        3.36,
        7.6
      ],
      "to": [
        8.4,
        5.36,
        8.4
      ],
      "rotation": {
        "angle": 0,
        "axis": "y",
        "origin": [
          6.88,
          -3.28,
          6.88
        ]
      },
      "faces": {
        "north": {
          "uv": [
            12,
            5.6,
            12.6,
            7.2
          ],
          "texture": "#1"
        },
        "east": {
          "uv": [
            6.4,
            12,
            7,
            13.6
          ],
          "texture": "#1"
        },
        "south": {
          "uv": [
            7.2,
            12,
            7.8,
            13.6
          ],
          "texture": "#1"
        },
        "west": {
          "uv": [
            12,
            7.2,
            12.6,
            8.8
          ],
          "texture": "#1"
        },
        "up": {
          "uv": [
            15,
            8.6,
            14.4,
            8
          ],
          "texture": "#1"
        },
        "down": {
          "uv": [
            9.4,
            14.4,
            8.8,
            15
          ],
          "texture": "#1"
        }
      }
    },
    {
      "from": [
        7.4,
        7,
        7
      ],
      "to": [
        8.6,
        9,
        9
      ],
      "rotation": {
        "angle": -45,
        "axis": "x",
        "origin": [
          8,
          8,
          8
        ]
      },
      "faces": {
        "north": {
          "uv": [
            9.6,
            3.2,
            10.6,
            4.8
          ],
          "texture": "#1"
        },
        "east": {
          "uv": [
            7.2,
            0,
            8.8,
            1.6
          ],
          "texture": "#1"
        },
        "south": {
          "uv": [
            4,
            9.6,
            5,
            11.2
          ],
          "texture": "#1"
        },
        "west": {
          "uv": [
            7.2,
            1.6,
            8.8,
            3.2
          ],
          "texture": "#1"
        },
        "up": {
          "uv": [
            10.6,
            6.4,
            9.6,
            4.8
          ],
          "texture": "#1"
        },
        "down": {
          "uv": [
            10.6,
            6.4,
            9.6,
            8
          ],
          "texture": "#1"
        }
      }
    },
    {
      "from": [
        7.3,
        7.2,
        7.2
      ],
      "to": [
        8.7,
        8.8,
        8.8
      ],
      "rotation": {
        "angle": 45,
        "axis": "x",
        "origin": [
          8,
          8,
          8
        ]
      },
      "faces": {
        "north": {
          "uv": [
            9.6,
            8,
            10.8,
            9.2
          ],
          "texture": "#1"
        },
        "east": {
          "uv": [
            9.6,
            9.6,
            10.8,
            10.8
          ],
          "texture": "#1"
        },
        "south": {
          "uv": [
            10.4,
            0,
            11.6,
            1.2
          ],
          "texture": "#1"
        },
        "west": {
          "uv": [
            1.6,
            10.4,
            2.8,
            11.6
          ],
          "texture": "#1"
        },
        "up": {
          "uv": [
            6.8,
            11.6,
            5.6,
            10.4
          ],
          "texture": "#1"
        },
        "down": {
          "uv": [
            8.4,
            10.4,
            7.2,
            11.6
          ],
          "texture": "#1"
        }
      }
    },
    {
      "from": [
        7.22,
        14.49633,
        6.44
      ],
      "to": [
        8.78,
        15.27633,
        9.56
      ],
      "rotation": {
        "angle": 0,
        "axis": "y",
        "origin": [
          7.22,
          8.33433,
          3.866
        ]
      },
      "faces": {
        "north": {
          "uv": [
            0,
            12.8,
            1.2,
            13.4
          ],
          "texture": "#1"
        },
        "east": {
          "uv": [
            10.4,
            1.6,
            12.8,
            2.2
          ],
          "texture": "#1"
        },
        "south": {
          "uv": [
            12.8,
            6.4,
            14,
            7
          ],
          "texture": "#1"
        },
        "west": {
          "uv": [
            11.2,
            2.4,
            13.6,
            3
          ],
          "texture": "#1"
        },
        "up": {
          "uv": [
            1.2,
            5.6,
            0,
            3.2
          ],
          "texture": "#1"
        },
        "down": {
          "uv": [
            2.8,
            3.2,
            1.6,
            5.6
          ],
          "texture": "#1"
        }
      }
    },
    {
      "from": [
        7.22,
        15.06363,
        3.89299
      ],
      "to": [
        8.78,
        15.84363,
        6.70799
      ],
      "rotation": {
        "angle": 22.5,
        "axis": "x",
        "origin": [
          8,
          15.45363,
          5.14799
        ]
      },
      "faces": {
        "north": {
          "uv": [
            12.8,
            7.2,
            14,
            7.8
          ],
          "texture": "#1"
        },
        "east": {
          "uv": [
            11.2,
            4,
            13.4,
            4.6
          ],
          "texture": "#1"
        },
        "south": {
          "uv": [
            12.8,
            8,
            14,
            8.6
          ],
          "texture": "#1"
        },
        "west": {
          "uv": [
            11.2,
            4.8,
            13.4,
            5.4
          ],
          "texture": "#1"
        },
        "up": {
          "uv": [
            7.6,
            5.4,
            6.4,
            3.2
          ],
          "texture": "#1"
        },
        "down": {
          "uv": [
            7.6,
            5.6,
            6.4,
            7.8
          ],
          "texture": "#1"
        }
      }
    },
    {
      "from": [
        7.22,
        16.35237,
        3.71401
      ],
      "to": [
        8.78,
        17.13237,
        6.11101
      ],
      "rotation": {
        "angle": 22.5,
        "axis": "x",
        "origin": [
          8,
          15.18237,
          4.55101
        ]
      },
      "faces": {
        "north": {
          "uv": [
            9.6,
            12.8,
            10.8,
            13.4
          ],
          "texture": "#1"
        },
        "east": {
          "uv": [
            11.2,
            10.4,
            13.2,
            11
          ],
          "texture": "#1"
        },
        "south": {
          "uv": [
            12.8,
            12,
            14,
            12.6
          ],
          "texture": "#1"
        },
        "west": {
          "uv": [
            11.2,
            11.2,
            13.2,
            11.8
          ],
          "texture": "#1"
        },
        "up": {
          "uv": [
            9.2,
            5.2,
            8,
            3.2
          ],
          "texture": "#1"
        },
        "down": {
          "uv": [
            9.2,
            5.6,
            8,
            7.6
          ],
          "texture": "#1"
        }
      }
    },
    {
      "from": [
        7.22,
        15.66633,
        6.44
      ],
      "to": [
        8.78,
        16.44633,
        9.56
      ],
      "rotation": {
        "angle": 0,
        "axis": "y",
        "origin": [
          7.22,
          8.33433,
          3.866
        ]
      },
      "faces": {
        "north": {
          "uv": [
            12.8,
            12.8,
            14,
            13.4
          ],
          "texture": "#1"
        },
        "east": {
          "uv": [
            3.2,
            11.2,
            5.6,
            11.8
          ],
          "texture": "#1"
        },
        "south": {
          "uv": [
            0,
            13.6,
            1.2,
            14.2
          ],
          "texture": "#1"
        },
        "west": {
          "uv": [
            11.2,
            3.2,
            13.6,
            3.8
          ],
          "texture": "#1"
        },
        "up": {
          "uv": [
            4.4,
            5.6,
            3.2,
            3.2
          ],
          "texture": "#1"
        },
        "down": {
          "uv": [
            6,
            3.2,
            4.8,
            5.6
          ],
          "texture": "#1"
        }
      }
    },
    {
      "from": [
        7.376,
        15.27633,
        6.596
      ],
      "to": [
        8.624,
        15.66633,
        9.404
      ],
      "rotation": {
        "angle": 0,
        "axis": "y",
        "origin": [
          7.22,
          8.33433,
          3.866
        ]
      },
      "faces": {
        "north": {
          "uv": [
            14.4,
            3.2,
            15.4,
            3.6
          ],
          "texture": "#1"
        },
        "east": {
          "uv": [
            12,
            8.8,
            14.2,
            9.2
          ],
          "texture": "#1"
        },
        "south": {
          "uv": [
            14.4,
            4,
            15.4,
            4.4
          ],
          "texture": "#1"
        },
        "west": {
          "uv": [
            12,
            9.6,
            14.2,
            10
          ],
          "texture": "#1"
        },
        "up": {
          "uv": [
            7.4,
            10.2,
            6.4,
            8
          ],
          "texture": "#1"
        },
        "down": {
          "uv": [
            9,
            8,
            8,
            10.2
          ],
          "texture": "#1"
        }
      }
    },
    {
      "from": [
        7.376,
        15.79877,
        4.2215
      ],
      "to": [
        8.624,
        16.18877,
        6.7775
      ],
      "rotation": {
        "angle": 22.5,
        "axis": "x",
        "origin": [
          8,
          15.99377,
          5.3735
        ]
      },
      "faces": {
        "north": {
          "uv": [
            4.8,
            14.4,
            5.8,
            14.8
          ],
          "texture": "#1"
        },
        "east": {
          "uv": [
            12.8,
            1.6,
            14.8,
            2
          ],
          "texture": "#1"
        },
        "south": {
          "uv": [
            14.4,
            4.8,
            15.4,
            5.2
          ],
          "texture": "#1"
        },
        "west": {
          "uv": [
            12.8,
            5.6,
            14.8,
            6
          ],
          "texture": "#1"
        },
        "up": {
          "uv": [
            1,
            10.8,
            0,
            8.8
          ],
          "texture": "#1"
        },
        "down": {
          "uv": [
            9.8,
            0,
            8.8,
            2
          ],
          "texture": "#1"
        }
      }
    },
    {
      "from": [
        7.7325,
        13.65771,
        7.01309
      ],
      "to": [
        8.2675,
        14.97771,
        7.67309
      ],
      "rotation": {
        "angle": -22.5,
        "axis": "x",
        "origin": [
          7.8375,
          12.9453,
          7.6
        ]
      },
      "faces": {
        "north": {
          "uv": [
            6.4,
            14.4,
            6.8,
            15.4
          ],
          "texture": "#1"
        },
        "east": {
          "uv": [
            13.6,
            10.4,
            14.2,
            11.4
          ],
          "texture": "#1"
        },
        "south": {
          "uv": [
            14.4,
            6.4,
            14.8,
            7.4
          ],
          "texture": "#1"
        },
        "west": {
          "uv": [
            12.8,
            13.6,
            13.4,
            14.6
          ],
          "texture": "#1"
        },
        "up": {
          "uv": [
            14.8,
            12.6,
            14.4,
            12
          ],
          "texture": "#1"
        },
        "down": {
          "uv": [
            14.8,
            12.8,
            14.4,
            13.4
          ],
          "texture": "#1"
        }
      }
    },
    {
      "from": [
        7.7325,
        11.16121,
        6.99308
      ],
      "to": [
        8.2675,
        12.28121,
        7.65308
      ],
      "rotation": {
        "angle": 22.5,
        "axis": "x",
        "origin": [
          7.8375,
          12.9453,
          7.6
        ]
      },
      "faces": {
        "north": {
          "uv": [
            14.4,
            9.6,
            14.8,
            10.4
          ],
          "texture": "#1"
        },
        "east": {
          "uv": [
            14.4,
            0,
            15,
            0.8
          ],
          "texture": "#1"
        },
        "south": {
          "uv": [
            10.4,
            14.4,
            10.8,
            15.2
          ],
          "texture": "#1"
        },
        "west": {
          "uv": [
            0.8,
            14.4,
            1.4,
            15.2
          ],
          "texture": "#1"
        },
        "up": {
          "uv": [
            14.8,
            14.2,
            14.4,
            13.6
          ],
          "texture": "#1"
        },
        "down": {
          "uv": [
            14.8,
            14.4,
            14.4,
            15
          ],
          "texture": "#1"
        }
      }
    },
    {
      "from": [
        7.7325,
        11.16007,
        6.33882
      ],
      "to": [
        8.2675,
        11.83507,
        6.99882
      ],
      "rotation": {
        "angle": 22.5,
        "axis": "x",
        "origin": [
          7.8375,
          12.95915,
          7.60574
        ]
      },
      "faces": {
        "north": {
          "uv": [
            15.2,
            0,
            15.6,
            0.6
          ],
          "texture": "#1"
        },
        "east": {
          "uv": [
            14.4,
            8.8,
            15,
            9.4
          ],
          "texture": "#1"
        },
        "south": {
          "uv": [
            0.8,
            15.2,
            1.2,
            15.8
          ],
          "texture": "#1"
        },
        "west": {
          "uv": [
            9.6,
            14.4,
            10.2,
            15
          ],
          "texture": "#1"
        },
        "up": {
          "uv": [
            2,
            15.8,
            1.6,
            15.2
          ],
          "texture": "#1"
        },
        "down": {
          "uv": [
            15.6,
            1.6,
            15.2,
            2.2
          ],
          "texture": "#1"
        }
      }
    },
    {
      "from": [
        7.7325,
        12.31145,
        6.7349
      ],
      "to": [
        8.2675,
        13.63145,
        7.3949
      ],
      "rotation": {
        "angle": 0,
        "axis": "x",
        "origin": [
          7.8375,
          12.9453,
          7.6
        ]
      },
      "faces": {
        "north": {
          "uv": [
            7.2,
            14.4,
            7.6,
            15.4
          ],
          "texture": "#1"
        },
        "east": {
          "uv": [
            13.6,
            13.6,
            14.2,
            14.6
          ],
          "texture": "#1"
        },
        "south": {
          "uv": [
            8,
            14.4,
            8.4,
            15.4
          ],
          "texture": "#1"
        },
        "west": {
          "uv": [
            0,
            14.4,
            0.6,
            15.4
          ],
          "texture": "#1"
        },
        "up": {
          "uv": [
            2.8,
            15.8,
            2.4,
            15.2
          ],
          "texture": "#1"
        },
        "down": {
          "uv": [
            3.6,
            15.2,
            3.2,
            15.8
          ],
          "texture": "#1"
        }
      }
    },
    {
      "from": [
        7.5,
        8.9,
        7.5
      ],
      "to": [
        8.5,
        9.9,
        8.5
      ],
      "rotation": {
        "angle": 0,
        "axis": "y",
        "origin": [
          7.5,
          7,
          7.5
        ]
      },
      "faces": {
        "north": {
          "uv": [
            13.6,
            4,
            14.4,
            4.8
          ],
          "texture": "#1"
        },
        "east": {
          "uv": [
            4.8,
            13.6,
            5.6,
            14.4
          ],
          "texture": "#1"
        },
        "south": {
          "uv": [
            13.6,
            4.8,
            14.4,
            5.6
          ],
          "texture": "#1"
        },
        "west": {
          "uv": [
            5.6,
            13.6,
            6.4,
            14.4
          ],
          "texture": "#1"
        }
      }
    },
    {
      "from": [
        7.5,
        13.5,
        7.5
      ],
      "to": [
        8.5,
        14.5,
        8.5
      ],
      "rotation": {
        "angle": 0,
        "axis": "y",
        "origin": [
          7.5,
          7,
          7.5
        ]
      },
      "faces": {
        "north": {
          "uv": [
            6.4,
            13.6,
            7.2,
            14.4
          ],
          "texture": "#1"
        },
        "east": {
          "uv": [
            7.2,
            13.6,
            8,
            14.4
          ],
          "texture": "#1"
        },
        "south": {
          "uv": [
            9.6,
            13.6,
            10.4,
            14.4
          ],
          "texture": "#1"
        },
        "west": {
          "uv": [
            10.4,
            13.6,
            11.2,
            14.4
          ],
          "texture": "#1"
        }
      }
    },
    {
      "from": [
        7.4,
        9.9,
        7.4
      ],
      "to": [
        8.6,
        13.5,
        8.6
      ],
      "rotation": {
        "angle": 0,
        "axis": "y",
        "origin": [
          7.5,
          7,
          7.5
        ]
      },
      "faces": {
        "north": {
          "uv": [
            0,
            5.6,
            1,
            8.4
          ],
          "texture": "#1"
        },
        "east": {
          "uv": [
            1.6,
            5.6,
            2.6,
            8.4
          ],
          "texture": "#1"
        },
        "south": {
          "uv": [
            3.2,
            5.6,
            4.2,
            8.4
          ],
          "texture": "#1"
        },
        "west": {
          "uv": [
            4.8,
            5.6,
            5.8,
            8.4
          ],
          "texture": "#1"
        },
        "up": {
          "uv": [
            4.2,
            13,
            3.2,
            12
          ],
          "texture": "#1"
        },
        "down": {
          "uv": [
            5.8,
            12,
            4.8,
            13
          ],
          "texture": "#1"
        }
      }
    },
    {
      "from": [
        7.75,
        15.89926,
        1.40537
      ],
      "to": [
        8.25,
        16.89926,
        4.40537
      ],
      "rotation": {
        "angle": 0,
        "axis": "x",
        "origin": [
          8,
          16.69926,
          3.30537
        ]
      },
      "faces": {
        "north": {
          "uv": [
            14.4,
            10.4,
            14.8,
            11.2
          ],
          "texture": "#1"
        },
        "east": {
          "uv": [
            1.6,
            8.8,
            4,
            9.6
          ],
          "texture": "#1"
        },
        "south": {
          "uv": [
            11.2,
            14.4,
            11.6,
            15.2
          ],
          "texture": "#1"
        },
        "west": {
          "uv": [
            8.8,
            2.4,
            11.2,
            3.2
          ],
          "texture": "#1"
        },
        "up": {
          "uv": [
            8.4,
            14.4,
            8,
            12
          ],
          "texture": "#1"
        },
        "down": {
          "uv": [
            9.2,
            12,
            8.8,
            14.4
          ],
          "texture": "#1"
        }
      }
    },
    {
      "from": [
        7.76,
        14.98505,
        -0.80174
      ],
      "to": [
        8.24,
        15.98505,
        2.19826
      ],
      "rotation": {
        "angle": -45,
        "axis": "x",
        "origin": [
          8.01,
          15.48505,
          0.69826
        ]
      },
      "faces": {
        "north": {
          "uv": [
            14.4,
            11.2,
            14.8,
            12
          ],
          "texture": "#1"
        },
        "east": {
          "uv": [
            4,
            8.8,
            6.4,
            9.6
          ],
          "texture": "#1"
        },
        "south": {
          "uv": [
            12,
            14.4,
            12.4,
            15.2
          ],
          "texture": "#1"
        },
        "west": {
          "uv": [
            1.6,
            9.6,
            4,
            10.4
          ],
          "texture": "#1"
        },
        "up": {
          "uv": [
            11.6,
            14.4,
            11.2,
            12
          ],
          "texture": "#1"
        },
        "down": {
          "uv": [
            12.4,
            12,
            12,
            14.4
          ],
          "texture": "#1"
        }
      }
    },
    {
      "from": [
        8,
        12,
        -3
      ],
      "to": [
        8,
        16,
        6
      ],
      "rotation": {
        "angle": -22.5,
        "axis": "x",
        "origin": [
          8,
          14.5,
          1
        ]
      },
      "faces": {
        "north": {
          "uv": [
            0,
            0,
            0,
            3.2
          ],
          "texture": "#1"
        },
        "east": {
          "uv": [
            7.2,
            0,
            0,
            3.2
          ],
          "texture": "#1"
        },
        "south": {
          "uv": [
            0,
            0,
            0,
            3.2
          ],
          "texture": "#1"
        },
        "west": {
          "uv": [
            0,
            0,
            7.2,
            3.2
          ],
          "texture": "#1"
        },
        "up": {
          "uv": [
            0,
            7.2,
            0,
            0
          ],
          "texture": "#1"
        },
        "down": {
          "uv": [
            0,
            0,
            0,
            7.2
          ],
          "texture": "#1"
        }
      }
    },
    {
      "from": [
        7.22,
        15.06363,
        9.29201
      ],
      "to": [
        8.78,
        15.84363,
        12.10701
      ],
      "rotation": {
        "angle": -22.5,
        "axis": "x",
        "origin": [
          8,
          15.45363,
          10.85201
        ]
      },
      "faces": {
        "north": {
          "uv": [
            14,
            8,
            12.8,
            8.6
          ],
          "texture": "#1"
        },
        "east": {
          "uv": [
            13.4,
            4,
            11.2,
            4.6
          ],
          "texture": "#1"
        },
        "south": {
          "uv": [
            14,
            7.2,
            12.8,
            7.8
          ],
          "texture": "#1"
        },
        "west": {
          "uv": [
            13.4,
            4.8,
            11.2,
            5.4
          ],
          "texture": "#1"
        },
        "up": {
          "uv": [
            7.6,
            3.2,
            6.4,
            5.4
          ],
          "texture": "#1"
        },
        "down": {
          "uv": [
            7.6,
            7.8,
            6.4,
            5.6
          ],
          "texture": "#1"
        }
      }
    },
    {
      "from": [
        7.22,
        16.35237,
        9.88899
      ],
      "to": [
        8.78,
        17.13237,
        12.28599
      ],
      "rotation": {
        "angle": -22.5,
        "axis": "x",
        "origin": [
          8,
          15.18237,
          11.44899
        ]
      },
      "faces": {
        "north": {
          "uv": [
            14,
            12,
            12.8,
            12.6
          ],
          "texture": "#1"
        },
        "east": {
          "uv": [
            13.2,
            10.4,
            11.2,
            11
          ],
          "texture": "#1"
        },
        "south": {
          "uv": [
            10.8,
            12.8,
            9.6,
            13.4
          ],
          "texture": "#1"
        },
        "west": {
          "uv": [
            13.2,
            11.2,
            11.2,
            11.8
          ],
          "texture": "#1"
        },
        "up": {
          "uv": [
            9.2,
            3.2,
            8,
            5.2
          ],
          "texture": "#1"
        },
        "down": {
          "uv": [
            9.2,
            7.6,
            8,
            5.6
          ],
          "texture": "#1"
        }
      }
    },
    {
      "from": [
        7.376,
        15.79877,
        9.2225
      ],
      "to": [
        8.624,
        16.18877,
        11.7785
      ],
      "rotation": {
        "angle": -22.5,
        "axis": "x",
        "origin": [
          8,
          15.99377,
          10.6265
        ]
      },
      "faces": {
        "north": {
          "uv": [
            15.4,
            4.8,
            14.4,
            5.2
          ],
          "texture": "#1"
        },
        "east": {
          "uv": [
            14.8,
            1.6,
            12.8,
            2
          ],
          "texture": "#1"
        },
        "south": {
          "uv": [
            5.8,
            14.4,
            4.8,
            14.8
          ],
          "texture": "#1"
        },
        "west": {
          "uv": [
            14.8,
            5.6,
            12.8,
            6
          ],
          "texture": "#1"
        },
        "up": {
          "uv": [
            1,
            8.8,
            0,
            10.8
          ],
          "texture": "#1"
        },
        "down": {
          "uv": [
            9.8,
            2,
            8.8,
            0
          ],
          "texture": "#1"
        }
      }
    },
    {
      "from": [
        7.75,
        15.89926,
        11.59463
      ],
      "to": [
        8.25,
        16.89926,
        14.59463
      ],
      "rotation": {
        "angle": 0,
        "axis": "x",
        "origin": [
          8,
          16.69926,
          12.69463
        ]
      },
      "faces": {
        "north": {
          "uv": [
            11.6,
            14.4,
            11.2,
            15.2
          ],
          "texture": "#1"
        },
        "east": {
          "uv": [
            4,
            8.8,
            1.6,
            9.6
          ],
          "texture": "#1"
        },
        "south": {
          "uv": [
            14.8,
            10.4,
            14.4,
            11.2
          ],
          "texture": "#1"
        },
        "west": {
          "uv": [
            11.2,
            2.4,
            8.8,
            3.2
          ],
          "texture": "#1"
        },
        "up": {
          "uv": [
            8.4,
            12,
            8,
            14.4
          ],
          "texture": "#1"
        },
        "down": {
          "uv": [
            9.2,
            14.4,
            8.8,
            12
          ],
          "texture": "#1"
        }
      }
    },
    {
      "from": [
        7.76,
        14.98505,
        13.80174
      ],
      "to": [
        8.24,
        15.98505,
        16.80174
      ],
      "rotation": {
        "angle": 45,
        "axis": "x",
        "origin": [
          8.01,
          15.48505,
          15.30174
        ]
      },
      "faces": {
        "north": {
          "uv": [
            12.4,
            14.4,
            12,
            15.2
          ],
          "texture": "#1"
        },
        "east": {
          "uv": [
            6.4,
            8.8,
            4,
            9.6
          ],
          "texture": "#1"
        },
        "south": {
          "uv": [
            14.8,
            11.2,
            14.4,
            12
          ],
          "texture": "#1"
        },
        "west": {
          "uv": [
            4,
            9.6,
            1.6,
            10.4
          ],
          "texture": "#1"
        },
        "up": {
          "uv": [
            11.6,
            12,
            11.2,
            14.4
          ],
          "texture": "#1"
        },
        "down": {
          "uv": [
            12.4,
            14.4,
            12,
            12
          ],
          "texture": "#1"
        }
      }
    },
    {
      "from": [
        8,
        12,
        10
      ],
      "to": [
        8,
        16,
        19
      ],
      "rotation": {
        "angle": 22.5,
        "axis": "x",
        "origin": [
          8,
          14.5,
          15
        ]
      },
      "faces": {
        "north": {
          "uv": [
            0,
            0,
            0,
            3.2
          ],
          "texture": "#1"
        },
        "east": {
          "uv": [
            0,
            0,
            7.2,
            3.2
          ],
          "texture": "#1"
        },
        "south": {
          "uv": [
            0,
            0,
            0,
            3.2
          ],
          "texture": "#1"
        },
        "west": {
          "uv": [
            7.2,
            0,
            0,
            3.2
          ],
          "texture": "#1"
        },
        "up": {
          "uv": [
            0,
            0,
            0,
            7.2
          ],
          "texture": "#1"
        },
        "down": {
          "uv": [
            0,
            7.2,
            0,
            0
          ],
          "texture": "#1"
        }
      }
    },
    {
      "from": [
        7.7325,
        13.65771,
        8.32691
      ],
      "to": [
        8.2675,
        14.97771,
        8.98691
      ],
      "rotation": {
        "angle": 22.5,
        "axis": "x",
        "origin": [
          7.8375,
          12.9453,
          8.4
        ]
      },
      "faces": {
        "north": {
          "uv": [
            14.8,
            6.4,
            14.4,
            7.4
          ],
          "texture": "#1"
        },
        "east": {
          "uv": [
            14.2,
            10.4,
            13.6,
            11.4
          ],
          "texture": "#1"
        },
        "south": {
          "uv": [
            6.8,
            14.4,
            6.4,
            15.4
          ],
          "texture": "#1"
        },
        "west": {
          "uv": [
            13.4,
            13.6,
            12.8,
            14.6
          ],
          "texture": "#1"
        },
        "up": {
          "uv": [
            14.8,
            12,
            14.4,
            12.6
          ],
          "texture": "#1"
        },
        "down": {
          "uv": [
            14.8,
            13.4,
            14.4,
            12.8
          ],
          "texture": "#1"
        }
      }
    },
    {
      "from": [
        7.7325,
        12.31145,
        8.6051
      ],
      "to": [
        8.2675,
        13.63145,
        9.2651
      ],
      "rotation": {
        "angle": 0,
        "axis": "x",
        "origin": [
          7.8375,
          12.9453,
          8.4
        ]
      },
      "faces": {
        "north": {
          "uv": [
            8.4,
            14.4,
            8,
            15.4
          ],
          "texture": "#1"
        },
        "east": {
          "uv": [
            14.2,
            13.6,
            13.6,
            14.6
          ],
          "texture": "#1"
        },
        "south": {
          "uv": [
            7.6,
            14.4,
            7.2,
            15.4
          ],
          "texture": "#1"
        },
        "west": {
          "uv": [
            0.6,
            14.4,
            0,
            15.4
          ],
          "texture": "#1"
        },
        "up": {
          "uv": [
            2.8,
            15.2,
            2.4,
            15.8
          ],
          "texture": "#1"
        },
        "down": {
          "uv": [
            3.6,
            15.8,
            3.2,
            15.2
          ],
          "texture": "#1"
        }
      }
    },
    {
      "from": [
        7.7325,
        11.16121,
        8.34692
      ],
      "to": [
        8.2675,
        12.28121,
        9.00692
      ],
      "rotation": {
        "angle": -22.5,
        "axis": "x",
        "origin": [
          7.8375,
          12.9453,
          8.4
        ]
      },
      "faces": {
        "north": {
          "uv": [
            10.8,
            14.4,
            10.4,
            15.2
          ],
          "texture": "#1"
        },
        "east": {
          "uv": [
            15,
            0,
            14.4,
            0.8
          ],
          "texture": "#1"
        },
        "south": {
          "uv": [
            14.8,
            9.6,
            14.4,
            10.4
          ],
          "texture": "#1"
        },
        "west": {
          "uv": [
            1.4,
            14.4,
            0.8,
            15.2
          ],
          "texture": "#1"
        },
        "up": {
          "uv": [
            14.8,
            13.6,
            14.4,
            14.2
          ],
          "texture": "#1"
        },
        "down": {
          "uv": [
            14.8,
            15,
            14.4,
            14.4
          ],
          "texture": "#1"
        }
      }
    },
    {
      "from": [
        7.7325,
        11.16007,
        9.00118
      ],
      "to": [
        8.2675,
        11.83507,
        9.66118
      ],
      "rotation": {
        "angle": -22.5,
        "axis": "x",
        "origin": [
          7.8375,
          12.95915,
          8.39426
        ]
      },
      "faces": {
        "north": {
          "uv": [
            1.2,
            15.2,
            0.8,
            15.8
          ],
          "texture": "#1"
        },
        "east": {
          "uv": [
            15,
            8.8,
            14.4,
            9.4
          ],
          "texture": "#1"
        },
        "south": {
          "uv": [
            15.6,
            0,
            15.2,
            0.6
          ],
          "texture": "#1"
        },
        "west": {
          "uv": [
            10.2,
            14.4,
            9.6,
            15
          ],
          "texture": "#1"
        },
        "up": {
          "uv": [
            2,
            15.2,
            1.6,
            15.8
          ],
          "texture": "#1"
        },
        "down": {
          "uv": [
            15.6,
            2.2,
            15.2,
            1.6
          ],
          "texture": "#1"
        }
      }
    },
    {
      "from": [
        7.1,
        11.91332,
        -2.45059
      ],
      "to": [
        7.1,
        15.91332,
        8.54941
      ],
      "rotation": {
        "angle": -22.5,
        "axis": "x",
        "origin": [
          7.1,
          11.91332,
          0.54941
        ]
      },
      "faces": {
        "north": {
          "uv": [
            0,
            0,
            0,
            5.33333
          ],
          "texture": "#2"
        },
        "south": {
          "uv": [
            0,
            0,
            0,
            5.33333
          ],
          "texture": "#2"
        },
        "west": {
          "uv": [
            0,
            0,
            14.66667,
            5.33333
          ],
          "texture": "#2"
        },
        "up": {
          "uv": [
            0,
            14.66667,
            0,
            0
          ],
          "texture": "#2"
        },
        "down": {
          "uv": [
            0,
            0,
            0,
            14.66667
          ],
          "texture": "#2"
        }
      }
    },
    {
      "from": [
        7.1,
        11.91332,
        7.45059
      ],
      "to": [
        7.1,
        15.91332,
        18.45059
      ],
      "rotation": {
        "angle": 22.5,
        "axis": "x",
        "origin": [
          7.1,
          11.91332,
          15.45059
        ]
      },
      "faces": {
        "north": {
          "uv": [
            0,
            0,
            0,
            5.33333
          ],
          "texture": "#2"
        },
        "south": {
          "uv": [
            0,
            0,
            0,
            5.33333
          ],
          "texture": "#2"
        },
        "west": {
          "uv": [
            14.66667,
            0,
            0,
            5.33333
          ],
          "texture": "#2"
        },
        "up": {
          "uv": [
            0,
            0,
            0,
            14.66667
          ],
          "texture": "#2"
        },
        "down": {
          "uv": [
            0,
            14.66667,
            0,
            0
          ],
          "texture": "#2"
        }
      }
    },
    {
      "from": [
        8.9,
        11.91332,
        -2.45059
      ],
      "to": [
        8.9,
        15.91332,
        8.54941
      ],
      "rotation": {
        "angle": -22.5,
        "axis": "x",
        "origin": [
          8.9,
          11.91332,
          0.54941
        ]
      },
      "faces": {
        "north": {
          "uv": [
            0,
            0,
            0,
            5.33333
          ],
          "texture": "#2"
        },
        "east": {
          "uv": [
            14.66667,
            0,
            0,
            5.33333
          ],
          "texture": "#2"
        },
        "south": {
          "uv": [
            0,
            0,
            0,
            5.33333
          ],
          "texture": "#2"
        },
        "up": {
          "uv": [
            0,
            14.66667,
            0,
            0
          ],
          "texture": "#2"
        },
        "down": {
          "uv": [
            0,
            0,
            0,
            14.66667
          ],
          "texture": "#2"
        }
      }
    },
    {
      "from": [
        8.9,
        11.91332,
        7.45059
      ],
      "to": [
        8.9,
        15.91332,
        18.45059
      ],
      "rotation": {
        "angle": 22.5,
        "axis": "x",
        "origin": [
          8.9,
          11.91332,
          15.45059
        ]
      },
      "faces": {
        "north": {
          "uv": [
            0,
            0,
            0,
            5.33333
          ],
          "texture": "#2"
        },
        "east": {
          "uv": [
            0,
            0,
            14.66667,
            5.33333
          ],
          "texture": "#2"
        },
        "south": {
          "uv": [
            0,
            0,
            0,
            5.33333
          ],
          "texture": "#2"
        },
        "up": {
          "uv": [
            0,
            0,
            0,
            14.66667
          ],
          "texture": "#2"
        },
        "down": {
          "uv": [
            0,
            14.66667,
            0,
            0
          ],
          "texture": "#2"
        }
      }
    }
  ],
  "gui_light": "front",
  "display": {
    "thirdperson_righthand": {
      "translation": [
        0,
        1.5,
        1.25
      ]
    },
    "thirdperson_lefthand": {
      "translation": [
        0,
        1.5,
        1.25
      ]
    },
    "firstperson_righthand": {
      "rotation": [
        -10,
        0,
        0
      ],
      "translation": [
        -0.25,
        3,
        1.5
      ]
    },
    "firstperson_lefthand": {
      "rotation": [
        -10,
        0,
        0
      ],
      "translation": [
        -0.25,
        3,
        1.5
      ]
    },
    "ground": {
      "translation": [
        0,
        10.25,
        0
      ]
    },
    "gui": {
      "rotation": [
        90,
        -135,
        90
      ],
      "translation": [
        -2.25,
        -2.25,
        0
      ],
      "scale": [
        0.94726,
        0.94726,
        0.94726
      ]
    },
    "head": {
      "rotation": [
        0,
        90,
        0
      ],
      "scale": [
        1.5,
        1.5,
        1.5
      ]
    },
    "fixed": {
      "rotation": [
        0,
        -90,
        0
      ],
      "translation": [
        0,
        -2.25,
        -1.5
      ],
      "scale": [
        2,
        2,
        2
      ]
    }
  }
}