{"credit":"MadebyPolygonMC","texture_size":[32,32],"textures":{"0":"littleduckset:backpack","particle":"littleduckset:backpack"},"elements":[{"from":[4,0,5],"to":[12,7,11],"rotation":{"angle":0,"axis":"y","origin":[4,0,-1]},"faces":{"north":{"uv":[0,0,4,3.5],"texture":"#0"},"east":{"uv":[4,6,7,9.5],"texture":"#0"},"south":{"uv":[0,3.5,4,7],"texture":"#0"},"west":{"uv":[0,7,3,10.5],"texture":"#0"},"up":{"uv":[8,3,4,0],"texture":"#0"},"down":{"uv":[8,3,4,6],"texture":"#0"}}},{"from":[2,1,6.5],"to":[4,5,9.5],"rotation":{"angle":0,"axis":"y","origin":[4,0,-1.5]},"faces":{"north":{"uv":[3,7,4,9],"texture":"#0"},"south":{"uv":[9.5,10,10.5,12],"texture":"#0"},"west":{"uv":[3,9.5,4.5,11.5],"texture":"#0"},"up":{"uv":[11.5,11.5,10.5,10],"texture":"#0"},"down":{"uv":[12,6,11,7.5],"texture":"#0"}}},{"from":[12,1,6.5],"to":[14,5,9.5],"rotation":{"angle":0,"axis":"y","origin":[12,0,-1.5]},"faces":{"north":{"uv":[4,7,3,9],"texture":"#0"},"east":{"uv":[4.5,9.5,3,11.5],"texture":"#0"},"south":{"uv":[10.5,10,9.5,12],"texture":"#0"},"up":{"uv":[10.5,11.5,11.5,10],"texture":"#0"},"down":{"uv":[11,6,12,7.5],"texture":"#0"}}},{"from":[4,7,5],"to":[12,11,9],"rotation":{"angle":0,"axis":"y","origin":[4,0,0]},"faces":{"north":{"uv":[7,6,11,8],"texture":"#0"},"east":{"uv":[7,8,9,10],"texture":"#0"},"south":{"uv":[8,0,12,2],"texture":"#0"},"west":{"uv":[9,8,11,10],"texture":"#0"},"up":{"uv":[12,4,8,2],"texture":"#0"},"down":{"uv":[12,4,8,6],"texture":"#0"}}},{"from":[5,10.999,1],"to":[6.5,10.999,5],"rotation":{"angle":0,"axis":"y","origin":[3,8.999,3]},"faces":{"north":{"uv":[0,0,0.75,0],"texture":"#0"},"east":{"uv":[0,0,2,0],"texture":"#0"},"south":{"uv":[0,0,0.75,0],"texture":"#0"},"west":{"uv":[0,0,2,0],"texture":"#0"},"up":{"uv":[7.75,13,7,11],"texture":"#0"},"down":{"uv":[7.75,11,7,13],"texture":"#0"}}},{"from":[5,5.999,1],"to":[6.5,5.999,5],"rotation":{"angle":0,"axis":"y","origin":[3,8.999,3]},"faces":{"north":{"uv":[0,0,0.75,0],"texture":"#0"},"east":{"uv":[0,0,2,0],"texture":"#0"},"south":{"uv":[0,0,0.75,0],"texture":"#0"},"west":{"uv":[0,0,2,0],"texture":"#0"},"up":{"uv":[7.75,13,7,11],"texture":"#0"},"down":{"uv":[7.75,11,7,13],"texture":"#0"}}},{"from":[5,5.999,1],"to":[6.5,10.999,1],"rotation":{"angle":0,"axis":"x","origin":[3,8.999,3]},"faces":{"north":{"uv":[2,10.5,2.75,13],"texture":"#0"},"east":{"uv":[0,0,0,2.5],"texture":"#0"},"south":{"uv":[2.75,10.5,2,13],"texture":"#0"},"west":{"uv":[0,0,0,2.5],"texture":"#0"},"up":{"uv":[0.75,0,0,0],"texture":"#0"},"down":{"uv":[0.75,0,0,0],"texture":"#0"}}},{"from":[9.5,10.999,1],"to":[11,10.999,5],"rotation":{"angle":0,"axis":"y","origin":[13,8.999,3]},"faces":{"north":{"uv":[0.75,0,0,0],"texture":"#0"},"east":{"uv":[2,0,0,0],"texture":"#0"},"south":{"uv":[0.75,0,0,0],"texture":"#0"},"west":{"uv":[2,0,0,0],"texture":"#0"},"up":{"uv":[7,13,7.75,11],"texture":"#0"},"down":{"uv":[7,11,7.75,13],"texture":"#0"}}},{"from":[9.5,5.999,1],"to":[11,10.999,1],"rotation":{"angle":0,"axis":"x","origin":[13,8.999,3]},"faces":{"north":{"uv":[2.75,10.5,2,13],"texture":"#0"},"east":{"uv":[0,0,0,2.5],"texture":"#0"},"south":{"uv":[2,10.5,2.75,13],"texture":"#0"},"west":{"uv":[0,0,0,2.5],"texture":"#0"},"up":{"uv":[0,0,0.75,0],"texture":"#0"},"down":{"uv":[0,0,0.75,0],"texture":"#0"}}},{"from":[9.5,5.999,1],"to":[11,5.999,5],"rotation":{"angle":0,"axis":"y","origin":[13,8.999,3]},"faces":{"north":{"uv":[0.75,0,0,0],"texture":"#0"},"east":{"uv":[2,0,0,0],"texture":"#0"},"south":{"uv":[0.75,0,0,0],"texture":"#0"},"west":{"uv":[2,0,0,0],"texture":"#0"},"up":{"uv":[7,13,7.75,11],"texture":"#0"},"down":{"uv":[7,11,7.75,13],"texture":"#0"}}},{"from":[5.5,1.5,11],"to":[10.5,3,13],"rotation":{"angle":0,"axis":"y","origin":[6,0,0]},"faces":{"east":{"uv":[11,7.5,12,8.25],"texture":"#0"},"south":{"uv":[4.5,10.5,7,11.25],"texture":"#0"},"west":{"uv":[8,11,9,11.75],"texture":"#0"},"up":{"uv":[7,10.5,4.5,9.5],"texture":"#0"},"down":{"uv":[9.5,10,7,11],"texture":"#0"}}},{"from":[6,11,5.999],"to":[10,13,5.999],"rotation":{"angle":0,"axis":"y","origin":[6,11,4.999]},"faces":{"north":{"uv":[2,10.5,0,11.5],"texture":"#0"},"east":{"uv":[0,0,0,1],"texture":"#0"},"south":{"uv":[0,10.5,2,11.5],"texture":"#0"},"west":{"uv":[0,0,0,1],"texture":"#0"},"up":{"uv":[2,0,0,0],"texture":"#0"},"down":{"uv":[2,0,0,0],"texture":"#0"}}}],"gui_light":"front","display":{"thirdperson_righthand":{"rotation":[57,180,0],"translation":[0,0.25,-3.5]},"thirdperson_lefthand":{"rotation":[66.75,0,0],"translation":[-5.5,-7,11],"scale":[1.01367,1.01367,1.01367]},"firstperson_righthand":{"rotation":[-22,0,0],"translation":[-2.75,8.25,-0.75]},"firstperson_lefthand":{"scale":[0,0,0]},"ground":{"rotation":[-35,0,0],"translation":[0,7,0]},"gui":{"rotation":[25,-39,0],"translation":[-0.5,2,0],"scale":[1.20313,1.20313,1.20313]},"head":{"translation":[0,-46.75,8.75],"scale":[1.79102,1.79102,1.79102]},"fixed":{"rotation":[-90,180,0],"translation":[0,0.25,-18.75],"scale":[2.40625,2.40625,2.40625]}}}