{
	"credit": "Polygony Creation Co.,Ltd.",
	"texture_size": [40, 40],
	"textures": {
		"2": "littleduckset:wings"
	},
	"elements": [
		{
			"from": [-15.25, 2.75, 8.75],
			"to": [5.25, 22.75, 8.78],
			"rotation": {"angle": 22.5, "axis": "y", "origin": [5.25, 4.75, 8.75]},
			"faces": {
				"north": {"uv": [8.2, 0, 0, 8], "texture": "#2"},
				"south": {"uv": [0, 0, 8.2, 8], "texture": "#2"}
			}
		},
		{
			"from": [10.75, 2.75, 8.75],
			"to": [31.25, 22.75, 8.78],
			"rotation": {"angle": -22.5, "axis": "y", "origin": [10.75, 4.75, 8.75]},
			"faces": {
				"north": {"uv": [0, 0, 8.2, 8], "texture": "#2"},
				"south": {"uv": [8.2, 0, 0, 8], "texture": "#2"}
			}
		},
		{
			"from": [6, 9.625, 8.83673],
			"to": [10, 14.625, 12.83673],
			"rotation": {"angle": 0, "axis": "x", "origin": [8, 13.875, 10.21173]},
			"faces": {
				"north": {"uv": [8.8, 4, 10.4, 6], "texture": "#2"},
				"east": {"uv": [9.6, 6.4, 11.2, 8.4], "texture": "#2"},
				"south": {"uv": [9.6, 8.8, 11.2, 10.8], "texture": "#2"},
				"west": {"uv": [10.8, 4, 12.4, 6], "texture": "#2"},
				"up": {"uv": [11.2, 12.8, 9.6, 11.2], "texture": "#2"},
				"down": {"uv": [13.2, 0, 11.6, 1.6], "texture": "#2"}
			}
		},
		{
			"from": [6.25, 14.625, 8.83673],
			"to": [9.75, 16.625, 10.33673],
			"rotation": {"angle": 0, "axis": "x", "origin": [8, 13.875, 10.21173]},
			"faces": {
				"north": {"uv": [11.6, 8.4, 13, 9.2], "texture": "#2"},
				"east": {"uv": [6.4, 12, 7, 12.8], "texture": "#2"},
				"south": {"uv": [11.6, 9.6, 13, 10.4], "texture": "#2"},
				"west": {"uv": [7.6, 12, 8.2, 12.8], "texture": "#2"},
				"up": {"uv": [5.8, 12.6, 4.4, 12], "texture": "#2"}
			}
		},
		{
			"from": [5, 4, 6],
			"to": [11, 12, 10],
			"rotation": {"angle": 0, "axis": "y", "origin": [5, 5, 6]},
			"faces": {
				"north": {"uv": [0, 8.4, 2.4, 11.6], "texture": "#2"},
				"east": {"uv": [5.6, 8.4, 7.2, 11.6], "texture": "#2"},
				"south": {"uv": [2.8, 8.4, 5.2, 11.6], "texture": "#2"},
				"west": {"uv": [7.6, 8.4, 9.2, 11.6], "texture": "#2"},
				"up": {"uv": [11.2, 1.6, 8.8, 0], "texture": "#2"},
				"down": {"uv": [11.2, 2, 8.8, 3.6], "texture": "#2"}
			}
		},
		{
			"from": [6.5, 1.57612, 8.38268],
			"to": [9.5, 5.07612, 10.38268],
			"rotation": {"angle": -22.5, "axis": "x", "origin": [6.5, 4.07612, 8.38268]},
			"faces": {
				"north": {"uv": [11.6, 2, 12.8, 3.4], "texture": "#2"},
				"east": {"uv": [11.6, 10.8, 12.4, 12.2], "texture": "#2"},
				"south": {"uv": [11.6, 6.4, 12.8, 7.8], "texture": "#2"},
				"west": {"uv": [0, 12, 0.8, 13.4], "texture": "#2"},
				"up": {"uv": [2.4, 12.8, 1.2, 12], "texture": "#2"},
				"down": {"uv": [4, 12, 2.8, 12.8], "texture": "#2"}
			}
		}
	],
	"gui_light": "front",
	"display": {
		"thirdperson_righthand": {
			"rotation": [66.75, 180, 0],
			"translation": [0.25, 0.75, 0.75],
			"scale": [0.63086, 0.63086, 0.63086]
		},
		"thirdperson_lefthand": {
			"rotation": [66.75, 0, 0],
			"translation": [-5.5, -7, 8.25]
		},
		"firstperson_righthand": {
			"rotation": [-17, 0, 0],
			"translation": [-2, 4.25, 3.75],
			"scale": [0.36914, 0.36914, 0.36914]
		},
		"firstperson_lefthand": {
			"translation": [-2, 4.75, 3.75],
			"scale": [0, 0, 0]
		},
		"ground": {
			"rotation": [-35, 0, 0],
			"translation": [0, 5, 0],
			"scale": [0.7, 0.7, 0.7]
		},
		"gui": {
			"translation": [0, -2.25, 0],
			"scale": [0.41407, 0.41407, 0.41407]
		},
		"head": {
			"translation": [0, -15.5, 6.25],
			"scale": [1.6, 1.6, 1.6]
		},
		"fixed": {
			"rotation": [0, 180, 0],
			"translation": [0, -1.5, -4.25],
			"scale": [2, 2, 2]
		}
	}
}