{
 "custom.jupiter.jbash": {
  "sounds": [
   "custom/jupiter/jbash"
  ]
 },
 "custom.jupiter.jcombo": {
  "sounds": [
   "custom/jupiter/jcombo"
  ]
 },
 "custom.jupiter.jdying": {
  "sounds": [
   "custom/jupiter/jdying"
  ]
 },
 "custom.jupiter.jgacharged": {
  "sounds": [
   "custom/jupiter/jgacharged"
  ]
 },
 "custom.jupiter.jgadying": {
  "sounds": [
   "custom/jupiter/jgadying"
  ]
 },
 "custom.jupiter.jgaimpact": {
  "sounds": [
   "custom/jupiter/jgaimpact"
  ]
 },
 "custom.jupiter.jgaranged": {
  "sounds": [
   "custom/jupiter/jgaranged"
  ]
 },
 "custom.jupiter.jgavolley": {
  "sounds": [
   "custom/jupiter/jgavolley"
  ]
 },
 "custom.jupiter.jggbash": {
  "sounds": [
   "custom/jupiter/jggbash"
  ]
 },
 "custom.jupiter.jggmelee": {
  "sounds": [
   "custom/jupiter/jggmelee"
  ]
 },
 "custom.jupiter.jggstab": {
  "sounds": [
   "custom/jupiter/jggstab"
  ]
 },
 "custom.jupiter.jlightningcircle": {
  "sounds": [
   "custom/jupiter/jlightningcircle"
  ]
 },
 "custom.jupiter.jmelee": {
  "sounds": [
   "custom/jupiter/jmelee"
  ]
 },
 "custom.jupiter.jspin": {
  "sounds": [
   "custom/jupiter/jspin"
  ]
 },
 "custom.jupiter.jstorm": {
  "sounds": [
   "custom/jupiter/jstorm"
  ]
 },
 "custom.jupiter.jstormim": {
  "sounds": [
   "custom/jupiter/jstormim"
  ]
 },
 "custom.jupiter.jsummon": {
  "sounds": [
   "custom/jupiter/jsummon"
  ]
 },
 "custom.jupiter.jteleportend": {
  "sounds": [
   "custom/jupiter/jteleportend"
  ]
 },
 "custom.jupiter.jthrow": {
  "sounds": [
   "custom/jupiter/jthrow"
  ]
 },
 "custom.jupiter.jtornado": {
  "sounds": [
   "custom/jupiter/jtornado"
  ]
 },
 "custom.jupiter.jtornadosfx": {
  "sounds": [
   "custom/jupiter/jtornadosfx"
  ]
 }
}