{"credit":"By EliteCreatures","textures":{"0":"elitecreatures:collectibles_v3_32x/fluffy_alpacas_inside_32","2":"elitecreatures:collectibles_v3_32x/ef_fluffy_alpacas_long","particle":"elitecreatures:collectibles_v3_32x/fluffy_alpacas_inside_32"},"elements":[{"from":[5.25,10.45,3],"to":[10.75,15.45,8],"rotation":{"angle":0,"axis":"y","origin":[7,0,7]},"faces":{"north":{"uv":[7.25,5,8.625,6.25],"texture":"#0"},"east":{"uv":[7,8,8.25,9.25],"texture":"#0"},"south":{"uv":[7.5,0,8.875,1.25],"texture":"#0"},"west":{"uv":[8.25,8,9.5,9.25],"texture":"#0"},"up":{"uv":[8.875,2.5,7.5,1.25],"texture":"#0"},"down":{"uv":[9.125,2.5,7.75,3.75],"texture":"#0"}}},{"from":[5,15.45,5],"to":[7,18.45,6],"rotation":{"angle":0,"axis":"y","origin":[7,0,7]},"faces":{"north":{"uv":[6.5,8.5,7,9.25],"texture":"#0"},"east":{"uv":[5.5,5.75,5.75,6.5],"texture":"#0"},"south":{"uv":[1,8.75,1.5,9.5],"texture":"#0"},"west":{"uv":[3.25,6.25,3.5,7],"texture":"#0"},"up":{"uv":[2.25,4.5,1.75,4.25],"texture":"#0"},"down":{"uv":[9.75,4.25,9.25,4.5],"texture":"#0"}}},{"from":[4.5,15.45,2],"to":[11.5,16.95,9],"rotation":{"angle":0,"axis":"y","origin":[7,0,7]},"faces":{"north":{"uv":[9,0.5,10.75,0.875],"texture":"#0"},"east":{"uv":[9,1,10.75,1.375],"texture":"#0"},"south":{"uv":[9,1.5,10.75,1.875],"texture":"#0"},"west":{"uv":[9,2,10.75,2.375],"texture":"#0"},"up":{"uv":[1.75,5.25,0,3.5],"texture":"#0"},"down":{"uv":[5.75,0,4,1.75],"texture":"#0"}}},{"from":[4.25,11.05,3.75],"to":[11.75,15.45,9.5],"rotation":{"angle":0,"axis":"y","origin":[7,0,7]},"faces":{"north":{"uv":[7,6.75,8.875,7.875],"texture":"#0"},"east":{"uv":[7.75,3.75,9.25,4.875],"texture":"#0"},"south":{"uv":[3.25,7.25,5.125,8.375],"texture":"#0"},"west":{"uv":[1.5,8,3,9.125],"texture":"#0"},"up":{"uv":[5.375,7.25,3.5,5.75],"texture":"#0"},"down":{"uv":[7.625,3.5,5.75,5],"texture":"#0"}}},{"from":[4.75,10.05,2.25],"to":[11.25,12.05,9.5],"rotation":{"angle":0,"axis":"y","origin":[7,0,7]},"faces":{"north":{"uv":[8.75,5.5,10.375,6],"texture":"#0"},"east":{"uv":[7.25,6.25,9.125,6.75],"texture":"#0"},"south":{"uv":[9,0,10.625,0.5],"texture":"#0"},"west":{"uv":[8.75,5,10.625,5.5],"texture":"#0"},"up":{"uv":[5.625,3.625,4,1.75],"texture":"#0"},"down":{"uv":[5.625,3.75,4,5.625],"texture":"#0"}}},{"from":[6,10.45,1],"to":[10,13.45,3],"rotation":{"angle":0,"axis":"y","origin":[7,0,7]},"faces":{"north":{"uv":[5.5,8.5,6.5,9.25],"texture":"#0"},"east":{"uv":[1.75,3.5,2.25,4.25],"texture":"#0"},"south":{"uv":[0,8.75,1,9.5],"texture":"#0"},"west":{"uv":[3.5,4.5,4,5.25],"texture":"#0"},"up":{"uv":[10,7.25,9,6.75],"texture":"#0"},"down":{"uv":[10,7.25,9,7.75],"texture":"#0"}}},{"from":[4.75,2.05,5.25],"to":[11.25,9.05,13.5],"rotation":{"angle":0,"axis":"y","origin":[7,0,7]},"faces":{"north":{"uv":[5.75,0,7.375,1.75],"texture":"#0"},"east":{"uv":[0,0,2.125,1.75],"texture":"#0"},"south":{"uv":[5.75,1.75,7.375,3.5],"texture":"#0"},"west":{"uv":[0,1.75,2.125,3.5],"texture":"#0"},"up":{"uv":[3.875,2.125,2.25,0],"texture":"#0"},"down":{"uv":[3.875,2.25,2.25,4.375],"texture":"#0"}}},{"from":[5.25,3.05,3.25],"to":[10.75,10.05,9.5],"rotation":{"angle":0,"axis":"y","origin":[7,0,7]},"faces":{"north":{"uv":[5.75,5,7.125,6.75],"texture":"#0"},"east":{"uv":[1.75,4.5,3.375,6.25],"texture":"#0"},"south":{"uv":[1.75,6.25,3.125,8],"texture":"#0"},"west":{"uv":[0,5.25,1.625,7],"texture":"#0"},"up":{"uv":[6.875,8.375,5.5,6.75],"texture":"#0"},"down":{"uv":[1.375,7,0,8.625],"texture":"#0"}}},{"from":[5.75,3.05,13.5],"to":[10.25,8.05,14.5],"rotation":{"angle":0,"axis":"y","origin":[7,0,7]},"faces":{"north":{"uv":[3,8.5,4.125,9.75],"texture":"#0"},"east":{"uv":[5.25,7.25,5.5,8.5],"texture":"#0"},"south":{"uv":[4.25,8.5,5.375,9.75],"texture":"#0"},"west":{"uv":[1.5,9.25,1.75,10.5],"texture":"#0"},"up":{"uv":[9.875,6.25,8.75,6],"texture":"#0"},"down":{"uv":[10.125,7.75,9,8],"texture":"#0"}}},{"from":[4.75,0,5.25],"to":[6.75,2.05,7.5],"rotation":{"angle":0,"axis":"y","origin":[7,0,7]},"faces":{"north":{"uv":[3.5,5.25,4,5.75],"texture":"#0"},"east":{"uv":[1.75,9.25,2.375,9.75],"texture":"#0"},"south":{"uv":[9.25,3.75,9.75,4.25],"texture":"#0"},"west":{"uv":[9.25,2.5,9.875,3],"texture":"#0"},"up":{"uv":[3,9.875,2.5,9.25],"texture":"#0"},"down":{"uv":[9.75,3,9.25,3.625],"texture":"#0"}}},{"from":[9.25,0,5.25],"to":[11.25,2.05,7.5],"rotation":{"angle":0,"axis":"y","origin":[9,0,7]},"faces":{"north":{"uv":[4,5.25,3.5,5.75],"texture":"#0"},"east":{"uv":[9.875,2.5,9.25,3],"texture":"#0"},"south":{"uv":[9.75,3.75,9.25,4.25],"texture":"#0"},"west":{"uv":[2.375,9.25,1.75,9.75],"texture":"#0"},"up":{"uv":[2.5,9.875,3,9.25],"texture":"#0"},"down":{"uv":[9.25,3,9.75,3.625],"texture":"#0"}}},{"from":[9,15.45,5],"to":[11,18.45,6],"rotation":{"angle":0,"axis":"y","origin":[9,0,7]},"faces":{"north":{"uv":[7,8.5,6.5,9.25],"texture":"#0"},"east":{"uv":[3.5,6.25,3.25,7],"texture":"#0"},"south":{"uv":[1.5,8.75,1,9.5],"texture":"#0"},"west":{"uv":[5.75,5.75,5.5,6.5],"texture":"#0"},"up":{"uv":[1.75,4.5,2.25,4.25],"texture":"#0"},"down":{"uv":[9.25,4.25,9.75,4.5],"texture":"#0"}}},{"from":[4.75,0,11],"to":[6.75,2.05,13.25],"rotation":{"angle":0,"axis":"y","origin":[7,0,7]},"faces":{"north":{"uv":[3.5,5.25,4,5.75],"texture":"#0"},"east":{"uv":[1.75,9.25,2.375,9.75],"texture":"#0"},"south":{"uv":[9.25,3.75,9.75,4.25],"texture":"#0"},"west":{"uv":[9.25,2.5,9.875,3],"texture":"#0"},"up":{"uv":[3,9.875,2.5,9.25],"texture":"#0"},"down":{"uv":[9.75,3,9.25,3.625],"texture":"#0"}}},{"from":[9.25,0,11],"to":[11.25,2.05,13.25],"rotation":{"angle":0,"axis":"y","origin":[9,0,7]},"faces":{"north":{"uv":[4,5.25,3.5,5.75],"texture":"#0"},"east":{"uv":[9.875,2.5,9.25,3],"texture":"#0"},"south":{"uv":[9.75,3.75,9.25,4.25],"texture":"#0"},"west":{"uv":[2.375,9.25,1.75,9.75],"texture":"#0"},"up":{"uv":[2.5,9.875,3,9.25],"texture":"#0"},"down":{"uv":[9.25,3,9.75,3.625],"texture":"#0"}}},{"name":"ef","from":[-0.75,5,2],"to":[2.75,22,2],"rotation":{"angle":45,"axis":"y","origin":[3,8.5,0]},"faces":{"north":{"uv":[1,0,4,13.5],"texture":"#2"},"east":{"uv":[0,0,0,16],"texture":"#missing"},"south":{"uv":[4,0,1,13.5],"texture":"#2"},"west":{"uv":[0,0,0,16],"texture":"#missing"},"up":{"uv":[0,0,6,0],"texture":"#missing"},"down":{"uv":[0,0,6,0],"texture":"#missing"}}},{"name":"ef","from":[13.25,2,2],"to":[16.75,19,2],"rotation":{"angle":-45,"axis":"y","origin":[13,8.5,0]},"faces":{"north":{"uv":[15,0,12,13.5],"texture":"#2"},"east":{"uv":[0,0,0,16],"texture":"#missing"},"south":{"uv":[12,0,15,13.5],"texture":"#2"},"west":{"uv":[0,0,0,16],"texture":"#missing"},"up":{"uv":[6,0,0,0],"texture":"#missing"},"down":{"uv":[6,0,0,0],"texture":"#missing"}}},{"name":"ef","from":[13.25,3,14],"to":[16.75,20,14],"rotation":{"angle":45,"axis":"y","origin":[13,8.5,16]},"faces":{"north":{"uv":[9,0,6,13.5],"texture":"#2"},"east":{"uv":[0,0,0,16],"texture":"#missing"},"south":{"uv":[6,0,9,13.5],"texture":"#2"},"west":{"uv":[0,0,0,16],"texture":"#missing"},"up":{"uv":[6,0,0,0],"texture":"#missing"},"down":{"uv":[6,0,0,0],"texture":"#missing"}}},{"name":"ef","from":[-0.75,0,14],"to":[2.75,17,14],"rotation":{"angle":-45,"axis":"y","origin":[3,8.5,16]},"faces":{"north":{"uv":[12,0,15,13.5],"texture":"#2"},"east":{"uv":[0,0,0,16],"texture":"#missing"},"south":{"uv":[15,0,12,13.5],"texture":"#2"},"west":{"uv":[0,0,0,16],"texture":"#missing"},"up":{"uv":[0,0,6,0],"texture":"#missing"},"down":{"uv":[0,0,6,0],"texture":"#missing"}}}],"gui_light":"front","display":{"thirdperson_righthand":{"rotation":[61.23,4.49,0.46],"translation":[0,1.75,0.75],"scale":[0.5,0.5,0.5]},"thirdperson_lefthand":{"rotation":[61.23,4.49,0.46],"translation":[0,1.75,0.75],"scale":[0.5,0.5,0.5]},"firstperson_righthand":{"rotation":[-166,53.68,171.1],"translation":[0.75,3.75,-0.75],"scale":[0.58336,0.58336,0.58336]},"firstperson_lefthand":{"rotation":[-166,53.68,171.1],"translation":[0.75,3.75,-0.75],"scale":[0.58336,0.58336,0.58336]},"ground":{"rotation":[68,0,0],"translation":[0,1.5,0],"scale":[0.5,0.5,0.5]},"gui":{"rotation":[-170,30,-180],"translation":[0,-2,0],"scale":[0.62,0.62,0.62]},"head":{"rotation":[7,180,1],"translation":[0,-48.75,11.25],"scale":[1.6,1.6,1.6]},"fixed":{"rotation":[-90,0,0],"translation":[0,0,-16.25],"scale":[2,2,2]}}}