{"credit":"Made with Blockbench","texture_size":[8,8],"textures":{"2":"killburn_set:animations/animation_4","3":"killburn_set:emissive_texture/01","4":"killburn_set:shovel","particle":"killburn_set:animations/animation_4"},"elements":[{"from":[7.25,0.25,6.75],"to":[8.75,1.75,8.25],"rotation":{"angle":45,"axis":"x","origin":[7.5,0.5,8]},"faces":{"north":{"uv":[11,0.33333,12,1.33333],"texture":"#4"},"east":{"uv":[11,1.66667,12,2.66667],"texture":"#4"},"south":{"uv":[11,9,12,10],"texture":"#4"},"west":{"uv":[1.66667,11.66667,2.66667,12.66667],"texture":"#4"},"up":{"uv":[4,12.66667,3,11.66667],"texture":"#4"},"down":{"uv":[12.66667,5,11.66667,6],"texture":"#4"}}},{"from":[6.75,9.75,5.75],"to":[9.25,12.25,8.25],"rotation":{"angle":45,"axis":"x","origin":[7.5,10,8]},"faces":{"north":{"uv":[6.33333,5.66667,8,7.33333],"texture":"#4"},"east":{"uv":[7,2.33333,8.66667,4],"texture":"#4"},"south":{"uv":[0.33333,7.66667,2,9.33333],"texture":"#4"},"west":{"uv":[7.66667,0.33333,9.33333,2],"texture":"#4"},"up":{"uv":[8,9.33333,6.33333,7.66667],"texture":"#4"},"down":{"uv":[10,4.33333,8.33333,6],"texture":"#4"}}},{"from":[6.5,10.1,6.1],"to":[9.5,11.9,7.9],"rotation":{"angle":45,"axis":"x","origin":[7.5,10,8]},"faces":{"north":{"uv":[8.33333,6.33333,10.33333,7.66667],"texture":"#4"},"east":{"uv":[7,4.33333,8.33333,5.66667],"texture":"#4"},"south":{"uv":[8.33333,7.66667,10.33333,9],"texture":"#4"},"west":{"uv":[9,10.33333,10.33333,11.66667],"texture":"#4"},"up":{"uv":[4.33333,10.33333,2.33333,9],"texture":"#4"},"down":{"uv":[11,2.33333,9,3.66667],"texture":"#4"}}},{"from":[7.25,1.95711,7.25],"to":[8.75,2.45711,8.75],"rotation":{"angle":-45,"axis":"y","origin":[8,1.83211,8]},"faces":{"north":{"uv":[13.66667,3.66667,14.66667,4],"texture":"#4"},"east":{"uv":[13.66667,9,14.66667,9.33333],"texture":"#4"},"south":{"uv":[13.66667,9.66667,14.66667,10],"texture":"#4"},"west":{"uv":[11.66667,13.66667,12.66667,14],"texture":"#4"},"up":{"uv":[7.33333,12.66667,6.33333,11.66667],"texture":"#4"},"down":{"uv":[12.66667,6.33333,11.66667,7.33333],"texture":"#4"}}},{"from":[7.25,4.20711,7.25],"to":[8.75,4.70711,8.75],"rotation":{"angle":-45,"axis":"y","origin":[8,4.08211,8]},"faces":{"north":{"uv":[13.66667,13,14.66667,13.33333],"texture":"#4"},"east":{"uv":[13.66667,13.66667,14.66667,14],"texture":"#4"},"south":{"uv":[14.33333,0.33333,15.33333,0.66667],"texture":"#4"},"west":{"uv":[14.33333,1,15.33333,1.33333],"texture":"#4"},"up":{"uv":[12.66667,8.66667,11.66667,7.66667],"texture":"#4"},"down":{"uv":[10,11.66667,9,12.66667],"texture":"#4"}}},{"from":[7.25,6.45711,7.25],"to":[8.75,6.95711,8.75],"rotation":{"angle":-45,"axis":"y","origin":[8,6.33211,8]},"faces":{"north":{"uv":[1.66667,14.33333,2.66667,14.66667],"texture":"#4"},"east":{"uv":[14.33333,1.66667,15.33333,2],"texture":"#4"},"south":{"uv":[14.33333,2.33333,15.33333,2.66667],"texture":"#4"},"west":{"uv":[3,14.33333,4,14.66667],"texture":"#4"},"up":{"uv":[11.33333,12.66667,10.33333,11.66667],"texture":"#4"},"down":{"uv":[12.66667,10.33333,11.66667,11.33333],"texture":"#4"}}},{"from":[7.25,10.61951,4.18414],"to":[8.75,12.11951,7.18414],"rotation":{"angle":-22.5,"axis":"x","origin":[8,12.36951,5.55914]},"faces":{"north":{"uv":[11.66667,11.66667,12.66667,12.66667],"texture":"#4"},"east":{"uv":[9,9,11,10],"texture":"#4"},"south":{"uv":[0.33333,12.33333,1.33333,13.33333],"texture":"#4"},"west":{"uv":[0.33333,9.66667,2.33333,10.66667],"texture":"#4"},"up":{"uv":[10.66667,2.33333,9.66667,0.33333],"texture":"#4"},"down":{"uv":[7.33333,9.66667,6.33333,11.66667],"texture":"#4"}}},{"from":[7.25,12.11951,4.18414],"to":[8.75,13.61951,5.68414],"rotation":{"angle":-22.5,"axis":"x","origin":[8,12.36951,5.55914]},"faces":{"north":{"uv":[12.33333,0.33333,13.33333,1.33333],"texture":"#4"},"east":{"uv":[12.33333,1.66667,13.33333,2.66667],"texture":"#4"},"south":{"uv":[12.33333,3,13.33333,4],"texture":"#4"},"west":{"uv":[4.33333,12.33333,5.33333,13.33333],"texture":"#4"},"up":{"uv":[8.66667,13.33333,7.66667,12.33333],"texture":"#4"}}},{"from":[7.29289,2.45711,7],"to":[8.29289,7.45711,8],"rotation":{"angle":-45,"axis":"y","origin":[7.29289,1.45711,8]},"faces":{"north":{"uv":[4.33333,9,5,12.33333],"texture":"#4"},"east":{"uv":[5,9,5.66667,12.33333],"texture":"#4"},"south":{"uv":[5.66667,9,6.33333,12.33333],"texture":"#4"},"west":{"uv":[8.33333,9,9,12.33333],"texture":"#4"},"up":{"uv":[2.33333,11.66667,1.66667,11],"texture":"#4"}}},{"from":[7,1.61498,8.42208],"to":[9,1.64498,9.42208],"rotation":{"angle":22.5,"axis":"x","origin":[8,1.4382,9.34886]},"faces":{"up":{"uv":[10.33333,4.33333,9,3.66667],"texture":"#4"},"down":{"uv":[12.33333,3,11,3.66667],"texture":"#4"}}},{"from":[7,0.53914,9.50712],"to":[9,1.53914,9.53712],"rotation":{"angle":-22.5,"axis":"x","origin":[8,1.46592,9.36034]},"faces":{"north":{"uv":[13,8.33333,14.33333,9],"texture":"#4"},"south":{"uv":[13,10.33333,14.33333,11],"texture":"#4"}}},{"from":[7,1.61498,6.57792],"to":[9,1.64498,7.57792],"rotation":{"angle":-22.5,"axis":"x","origin":[8,1.4382,6.65114]},"faces":{"up":{"uv":[14.33333,11.66667,13,11],"texture":"#4"},"down":{"uv":[13,13,11.66667,13.66667],"texture":"#4"}}},{"from":[7,0.53914,6.46288],"to":[9,1.53914,6.49288],"rotation":{"angle":22.5,"axis":"x","origin":[8,1.46592,6.63966]},"faces":{"north":{"uv":[13,11.66667,14.33333,12.33333],"texture":"#4"},"south":{"uv":[13,12.33333,14.33333,13],"texture":"#4"}}},{"from":[7.04289,7.45711,7.75],"to":[8.54289,11.95711,9.25],"rotation":{"angle":45,"axis":"y","origin":[7.29289,7.70711,8]},"faces":{"north":{"uv":[2.33333,5.66667,3.33333,8.66667],"texture":"#4"},"east":{"uv":[5.66667,2.33333,6.66667,5.33333],"texture":"#4"},"south":{"uv":[3.66667,5.66667,4.66667,8.66667],"texture":"#4"},"west":{"uv":[5,5.66667,6,8.66667],"texture":"#4"},"up":{"uv":[13.33333,10,12.33333,9],"texture":"#4"},"down":{"uv":[2.66667,13,1.66667,14],"texture":"#4"}}},{"name":"cube_outline","from":[6.7,12.05,8.05],"to":[6.15,9.95,5.95],"rotation":{"angle":45,"axis":"x","origin":[5.85,10,8]},"faces":{"north":{"uv":[4,0,5,4],"texture":"#3"},"east":{"uv":[0,0,4,4],"texture":"#3"},"south":{"uv":[4,4,5,8],"texture":"#3"},"west":{"uv":[0,4,4,8],"texture":"#3"},"up":{"uv":[7,4,6,0],"texture":"#3"},"down":{"uv":[7,4,6,8],"texture":"#3"}}},{"name":"cube_outline","from":[9.85,12.05,8.05],"to":[9.3,9.95,5.95],"rotation":{"angle":45,"axis":"x","origin":[10.15,10,8]},"faces":{"north":{"uv":[5,0,4,4],"texture":"#3"},"east":{"uv":[4,4,0,8],"texture":"#3"},"south":{"uv":[5,4,4,8],"texture":"#3"},"west":{"uv":[4,0,0,4],"texture":"#3"},"up":{"uv":[6,4,7,0],"texture":"#3"},"down":{"uv":[6,4,7,8],"texture":"#3"}}},{"from":[7.25,10.61951,8.81586],"to":[8.75,12.11951,11.81586],"rotation":{"angle":22.5,"axis":"x","origin":[8,12.36951,10.44086]},"faces":{"north":{"uv":[9,13,10,14],"texture":"#4"},"east":{"uv":[2.33333,10.33333,4.33333,11.33333],"texture":"#4"},"south":{"uv":[10.33333,13,11.33333,14],"texture":"#4"},"west":{"uv":[10.33333,3.66667,12.33333,4.66667],"texture":"#4"},"up":{"uv":[11.33333,7,10.33333,5],"texture":"#4"},"down":{"uv":[11.33333,7,10.33333,9],"texture":"#4"}}},{"from":[7.25,12.11951,10.31586],"to":[8.75,13.61951,11.81586],"rotation":{"angle":22.5,"axis":"x","origin":[8,12.36951,10.44086]},"faces":{"north":{"uv":[3,13,4,14],"texture":"#4"},"east":{"uv":[13,4.33333,14,5.33333],"texture":"#4"},"south":{"uv":[5.66667,13,6.66667,14],"texture":"#4"},"west":{"uv":[13,5.66667,14,6.66667],"texture":"#4"},"up":{"uv":[14,8,13,7],"texture":"#4"}}},{"from":[7.7475,11.25,8],"to":[8.2525,14,10.75],"rotation":{"angle":-45,"axis":"x","origin":[7.7475,11.25,8]},"faces":{"north":{"uv":[13,13,13.33333,15],"texture":"#4"},"east":{"uv":[0.33333,5.66667,2.33333,7.66667],"texture":"#4"},"south":{"uv":[0.33333,13.66667,0.66667,15.66667],"texture":"#4"},"west":{"uv":[5.66667,0.33333,7.66667,2.33333],"texture":"#4"},"up":{"uv":[14,2.33333,13.66667,0.33333],"texture":"#4"},"down":{"uv":[1.33333,13.66667,1,15.66667],"texture":"#4"}}},{"from":[7.7475,15.36872,8],"to":[8.2525,17.49372,10.125],"rotation":{"angle":-45,"axis":"x","origin":[7.7475,15.36872,8]},"faces":{"north":{"uv":[13.66667,2.33333,14,3.66667],"texture":"#4"},"east":{"uv":[10.33333,10.33333,11.66667,11.66667],"texture":"#4"},"south":{"uv":[4.33333,13.66667,4.66667,15],"texture":"#4"},"west":{"uv":[0.33333,11,1.66667,12.33333],"texture":"#4"},"up":{"uv":[5.33333,15,5,13.66667],"texture":"#4"},"down":{"uv":[8,13.66667,7.66667,15],"texture":"#4"}}},{"from":[7.75,13.37132,6.5],"to":[8.25,16.87132,9.5],"rotation":{"angle":0,"axis":"y","origin":[7.75,13.37132,9.5]},"faces":{"north":{"uv":[7.66667,9.66667,8,12],"texture":"#4"},"east":{"uv":[3.66667,0.33333,5.66667,2.66667],"texture":"#4"},"south":{"uv":[7,13,7.33333,15.33333],"texture":"#4"},"west":{"uv":[3.66667,3,5.66667,5.33333],"texture":"#4"}}},{"from":[8,12,5.5],"to":[8,20,10.5],"rotation":{"angle":0,"axis":"y","origin":[8,13,5.5]},"faces":{"east":{"uv":[3.33333,0,0,5.33333],"texture":"#4"},"west":{"uv":[0,0,3.33333,5.33333],"texture":"#4"}}},{"from":[7.85,13,5.5],"to":[8.15,20,10.5],"rotation":{"angle":0,"axis":"y","origin":[7.75,13,5.5]},"faces":{"east":{"uv":[10,0,0,14],"texture":"#2"},"west":{"uv":[0,0,10,14],"texture":"#2"}}}],"gui_light":"front","display":{"thirdperson_righthand":{"translation":[0,1.5,0.75]},"thirdperson_lefthand":{"translation":[0,1.5,0.75]},"firstperson_righthand":{"rotation":[8,0,0],"translation":[0.75,0.5,0.75]},"firstperson_lefthand":{"rotation":[8,0,0],"translation":[0.75,0.5,0.75]},"ground":{"rotation":[-45,0,0],"translation":[0,5,0],"scale":[0.7,0.7,0.7]},"gui":{"rotation":[-90,45,90],"translation":[1.75,-1.75,0]},"head":{"rotation":[0,-90,0]},"fixed":{"rotation":[0,-90,0],"translation":[0,0,-1.5],"scale":[2,2,2]}}}