{
  "credit": "MadebyPolygonMC",
  "texture_size": [
    24,
    24
  ],
  "textures": {
    "0": "lunarset:animations_2",
    "2": "lunarset:axe",
    "3": "lunarset:animations_1",
    "particle": "lunarset:animations_2"
  },
  "elements": [
    {
      "from": [
        7.25,
        1,
        7.25
      ],
      "to": [
        8.75,
        1.5,
        8.75
      ],
      "rotation": {
        "angle": 0,
        "axis": "y",
        "origin": [
          7.5,
          0,
          7.5
        ]
      },
      "faces": {
        "north": {
          "uv": [
            12.66667,
            8,
            13.66667,
            8.33333
          ],
          "texture": "#2"
        },
        "east": {
          "uv": [
            12.66667,
            8.66667,
            13.66667,
            9
          ],
          "texture": "#2"
        },
        "south": {
          "uv": [
            12.66667,
            9.33333,
            13.66667,
            9.66667
          ],
          "texture": "#2"
        },
        "west": {
          "uv": [
            10,
            12.66667,
            11,
            13
          ],
          "texture": "#2"
        },
        "up": {
          "uv": [
            1,
            11.66667,
            0,
            10.66667
          ],
          "texture": "#2"
        },
        "down": {
          "uv": [
            11.66667,
            0,
            10.66667,
            1
          ],
          "texture": "#2"
        }
      }
    },
    {
      "from": [
        7.25,
        5.5,
        7.25
      ],
      "to": [
        8.75,
        6,
        8.75
      ],
      "rotation": {
        "angle": 0,
        "axis": "y",
        "origin": [
          7.5,
          0,
          7.5
        ]
      },
      "faces": {
        "north": {
          "uv": [
            12.66667,
            10,
            13.66667,
            10.33333
          ],
          "texture": "#2"
        },
        "east": {
          "uv": [
            12.66667,
            10.66667,
            13.66667,
            11
          ],
          "texture": "#2"
        },
        "south": {
          "uv": [
            12.66667,
            11.33333,
            13.66667,
            11.66667
          ],
          "texture": "#2"
        },
        "west": {
          "uv": [
            12,
            12.66667,
            13,
            13
          ],
          "texture": "#2"
        },
        "up": {
          "uv": [
            2.33333,
            11.66667,
            1.33333,
            10.66667
          ],
          "texture": "#2"
        },
        "down": {
          "uv": [
            3.66667,
            10.66667,
            2.66667,
            11.66667
          ],
          "texture": "#2"
        }
      }
    },
    {
      "from": [
        7.5,
        1.5,
        7.5
      ],
      "to": [
        8.5,
        2.5,
        8.5
      ],
      "rotation": {
        "angle": 0,
        "axis": "y",
        "origin": [
          7.5,
          0,
          7.5
        ]
      },
      "faces": {
        "north": {
          "uv": [
            9.33333,
            2,
            10,
            2.66667
          ],
          "texture": "#2"
        },
        "east": {
          "uv": [
            10,
            3.33333,
            10.66667,
            4
          ],
          "texture": "#2"
        },
        "south": {
          "uv": [
            10.66667,
            1.33333,
            11.33333,
            2
          ],
          "texture": "#2"
        },
        "west": {
          "uv": [
            11.33333,
            2.66667,
            12,
            3.33333
          ],
          "texture": "#2"
        },
        "up": {
          "uv": [
            12.66667,
            0.66667,
            12,
            0
          ],
          "texture": "#2"
        }
      }
    },
    {
      "from": [
        7.5,
        4.5,
        7.5
      ],
      "to": [
        8.5,
        5.5,
        8.5
      ],
      "rotation": {
        "angle": 0,
        "axis": "y",
        "origin": [
          7.5,
          0.5,
          7.5
        ]
      },
      "faces": {
        "north": {
          "uv": [
            12,
            0.66667,
            12.66667,
            1.33333
          ],
          "texture": "#2"
        },
        "east": {
          "uv": [
            1.33333,
            12,
            2,
            12.66667
          ],
          "texture": "#2"
        },
        "south": {
          "uv": [
            2,
            12,
            2.66667,
            12.66667
          ],
          "texture": "#2"
        },
        "west": {
          "uv": [
            2.66667,
            12,
            3.33333,
            12.66667
          ],
          "texture": "#2"
        },
        "up": {
          "uv": [
            12.66667,
            3.33333,
            12,
            2.66667
          ],
          "texture": "#2"
        },
        "down": {
          "uv": [
            4,
            12,
            3.33333,
            12.66667
          ],
          "texture": "#2"
        }
      }
    },
    {
      "from": [
        7.6,
        2.5,
        7.6
      ],
      "to": [
        8.4,
        4.5,
        8.4
      ],
      "rotation": {
        "angle": 0,
        "axis": "y",
        "origin": [
          7.5,
          0,
          7.5
        ]
      },
      "faces": {
        "north": {
          "uv": [
            6.66667,
            11.33333,
            7.16667,
            12.66667
          ],
          "texture": "#2"
        },
        "east": {
          "uv": [
            7.33333,
            11.33333,
            7.83333,
            12.66667
          ],
          "texture": "#2"
        },
        "south": {
          "uv": [
            11.33333,
            7.33333,
            11.83333,
            8.66667
          ],
          "texture": "#2"
        },
        "west": {
          "uv": [
            8,
            11.33333,
            8.5,
            12.66667
          ],
          "texture": "#2"
        }
      }
    },
    {
      "from": [
        7.75,
        -0.75,
        7
      ],
      "to": [
        8.25,
        1.25,
        7.75
      ],
      "rotation": {
        "angle": -45,
        "axis": "x",
        "origin": [
          8,
          0.25,
          8
        ]
      },
      "faces": {
        "north": {
          "uv": [
            12,
            3.33333,
            12.33333,
            4.66667
          ],
          "texture": "#2"
        },
        "east": {
          "uv": [
            8.66667,
            11.33333,
            9.16667,
            12.66667
          ],
          "texture": "#2"
        },
        "south": {
          "uv": [
            4,
            12,
            4.33333,
            13.33333
          ],
          "texture": "#2"
        },
        "west": {
          "uv": [
            11.33333,
            8.66667,
            11.83333,
            10
          ],
          "texture": "#2"
        },
        "up": {
          "uv": [
            13,
            12.5,
            12.66667,
            12
          ],
          "texture": "#2"
        },
        "down": {
          "uv": [
            2.33333,
            13.33333,
            2,
            13.83333
          ],
          "texture": "#2"
        }
      }
    },
    {
      "from": [
        7.75,
        -0.75,
        8.25
      ],
      "to": [
        8.25,
        1.25,
        9
      ],
      "rotation": {
        "angle": -45,
        "axis": "x",
        "origin": [
          8,
          0.25,
          8
        ]
      },
      "faces": {
        "north": {
          "uv": [
            4.66667,
            12,
            5,
            13.33333
          ],
          "texture": "#2"
        },
        "east": {
          "uv": [
            11.33333,
            10,
            11.83333,
            11.33333
          ],
          "texture": "#2"
        },
        "south": {
          "uv": [
            12,
            4.66667,
            12.33333,
            6
          ],
          "texture": "#2"
        },
        "west": {
          "uv": [
            10.66667,
            11.33333,
            11.16667,
            12.66667
          ],
          "texture": "#2"
        },
        "up": {
          "uv": [
            3,
            13.83333,
            2.66667,
            13.33333
          ],
          "texture": "#2"
        },
        "down": {
          "uv": [
            13.66667,
            2.66667,
            13.33333,
            3.16667
          ],
          "texture": "#2"
        }
      }
    },
    {
      "from": [
        7.75,
        0.5,
        7.75
      ],
      "to": [
        8.25,
        1.25,
        8.25
      ],
      "rotation": {
        "angle": -45,
        "axis": "x",
        "origin": [
          8,
          0.25,
          8
        ]
      },
      "faces": {
        "east": {
          "uv": [
            13.33333,
            3.33333,
            13.66667,
            3.83333
          ],
          "texture": "#2"
        },
        "west": {
          "uv": [
            4,
            13.33333,
            4.33333,
            13.83333
          ],
          "texture": "#2"
        },
        "up": {
          "uv": [
            13.66667,
            5,
            13.33333,
            4.66667
          ],
          "texture": "#2"
        },
        "down": {
          "uv": [
            5.66667,
            13.33333,
            5.33333,
            13.66667
          ],
          "texture": "#2"
        }
      }
    },
    {
      "from": [
        7.75,
        -0.75,
        7.75
      ],
      "to": [
        8.25,
        0,
        8.25
      ],
      "rotation": {
        "angle": -45,
        "axis": "x",
        "origin": [
          8,
          0.25,
          8
        ]
      },
      "faces": {
        "east": {
          "uv": [
            13.33333,
            4,
            13.66667,
            4.5
          ],
          "texture": "#2"
        },
        "west": {
          "uv": [
            4.66667,
            13.33333,
            5,
            13.83333
          ],
          "texture": "#2"
        },
        "up": {
          "uv": [
            13.66667,
            5.66667,
            13.33333,
            5.33333
          ],
          "texture": "#2"
        },
        "down": {
          "uv": [
            6.33333,
            13.33333,
            6,
            13.66667
          ],
          "texture": "#2"
        }
      }
    },
    {
      "from": [
        7.4,
        14.3,
        6.9
      ],
      "to": [
        8.6,
        16.5,
        9.1
      ],
      "rotation": {
        "angle": -45,
        "axis": "x",
        "origin": [
          8,
          15.4,
          8
        ]
      },
      "faces": {
        "north": {
          "uv": [
            5.33333,
            8.66667,
            6.16667,
            10.16667
          ],
          "texture": "#2"
        },
        "east": {
          "uv": [
            8,
            8,
            9.5,
            9.5
          ],
          "texture": "#2"
        },
        "south": {
          "uv": [
            8.66667,
            6,
            9.5,
            7.5
          ],
          "texture": "#2"
        },
        "west": {
          "uv": [
            2.66667,
            8.66667,
            4.16667,
            10.16667
          ],
          "texture": "#2"
        },
        "up": {
          "uv": [
            10.16667,
            1.5,
            9.33333,
            0
          ],
          "texture": "#2"
        },
        "down": {
          "uv": [
            10.16667,
            4,
            9.33333,
            5.5
          ],
          "texture": "#2"
        }
      }
    },
    {
      "from": [
        7.1,
        14.6,
        7.2
      ],
      "to": [
        8.9,
        16.2,
        8.8
      ],
      "rotation": {
        "angle": -45,
        "axis": "x",
        "origin": [
          8,
          15.4,
          8
        ]
      },
      "faces": {
        "north": {
          "uv": [
            10,
            2,
            11.16667,
            3
          ],
          "texture": "#2"
        },
        "east": {
          "uv": [
            10.66667,
            3.33333,
            11.66667,
            4.33333
          ],
          "texture": "#2"
        },
        "south": {
          "uv": [
            10,
            6,
            11.16667,
            7
          ],
          "texture": "#2"
        },
        "west": {
          "uv": [
            4,
            10.66667,
            5,
            11.66667
          ],
          "texture": "#2"
        },
        "up": {
          "uv": [
            11.16667,
            8.33333,
            10,
            7.33333
          ],
          "texture": "#2"
        },
        "down": {
          "uv": [
            9.16667,
            10,
            8,
            11
          ],
          "texture": "#2"
        }
      }
    },
    {
      "from": [
        7.5,
        14.25,
        5
      ],
      "to": [
        8.5,
        16.25,
        8
      ],
      "rotation": {
        "angle": -22.5,
        "axis": "x",
        "origin": [
          8,
          15.25,
          6.5
        ]
      },
      "faces": {
        "north": {
          "uv": [
            10.66667,
            8.66667,
            11.33333,
            10
          ],
          "texture": "#2"
        },
        "east": {
          "uv": [
            6.66667,
            2.66667,
            8.66667,
            4
          ],
          "texture": "#2"
        },
        "south": {
          "uv": [
            10.66667,
            10,
            11.33333,
            11.33333
          ],
          "texture": "#2"
        },
        "west": {
          "uv": [
            6.66667,
            4,
            8.66667,
            5.33333
          ],
          "texture": "#2"
        },
        "up": {
          "uv": [
            9.33333,
            6,
            8.66667,
            4
          ],
          "texture": "#2"
        },
        "down": {
          "uv": [
            5.33333,
            8.66667,
            4.66667,
            10.66667
          ],
          "texture": "#2"
        }
      }
    },
    {
      "from": [
        7.75,
        16.25,
        7
      ],
      "to": [
        8.25,
        18.25,
        9
      ],
      "rotation": {
        "angle": -45,
        "axis": "x",
        "origin": [
          8,
          17.25,
          8
        ]
      },
      "faces": {
        "north": {
          "uv": [
            5.33333,
            12,
            5.66667,
            13.33333
          ],
          "texture": "#2"
        },
        "east": {
          "uv": [
            1.16667,
            8.66667,
            2.5,
            10
          ],
          "texture": "#2"
        },
        "south": {
          "uv": [
            6,
            12,
            6.33333,
            13.33333
          ],
          "texture": "#2"
        },
        "west": {
          "uv": [
            8.66667,
            2.66667,
            10,
            4
          ],
          "texture": "#2"
        },
        "up": {
          "uv": [
            12.33333,
            8.66667,
            12,
            7.33333
          ],
          "texture": "#2"
        },
        "down": {
          "uv": [
            12.33333,
            8.66667,
            12,
            10
          ],
          "texture": "#2"
        }
      }
    },
    {
      "from": [
        7.725,
        18.01295,
        7
      ],
      "to": [
        8.275,
        19.42895,
        8.416
      ],
      "rotation": {
        "angle": -45,
        "axis": "x",
        "origin": [
          8,
          19.01295,
          8
        ]
      },
      "faces": {
        "north": {
          "uv": [
            8.66667,
            12.66667,
            9,
            13.66667
          ],
          "texture": "#2"
        },
        "east": {
          "uv": [
            10.66667,
            4.66667,
            11.66667,
            5.66667
          ],
          "texture": "#2"
        },
        "south": {
          "uv": [
            13.33333,
            0,
            13.66667,
            1
          ],
          "texture": "#2"
        },
        "west": {
          "uv": [
            5.33333,
            10.66667,
            6.33333,
            11.66667
          ],
          "texture": "#2"
        },
        "up": {
          "uv": [
            1.66667,
            14.33333,
            1.33333,
            13.33333
          ],
          "texture": "#2"
        },
        "down": {
          "uv": [
            13.66667,
            1.33333,
            13.33333,
            2.33333
          ],
          "texture": "#2"
        }
      }
    },
    {
      "from": [
        4,
        15.35,
        4
      ],
      "to": [
        12,
        15.4,
        12
      ],
      "rotation": {
        "angle": -45,
        "axis": "x",
        "origin": [
          8,
          15.375,
          8
        ]
      },
      "faces": {
        "up": {
          "uv": [
            0,
            0,
            16,
            16
          ],
          "rotation": 90,
          "texture": "#3"
        },
        "down": {
          "uv": [
            0,
            16,
            16,
            0
          ],
          "rotation": 270,
          "texture": "#3"
        }
      }
    },
    {
      "from": [
        4,
        11.375,
        7.975
      ],
      "to": [
        12,
        19.375,
        8.025
      ],
      "rotation": {
        "angle": -45,
        "axis": "x",
        "origin": [
          8,
          15.375,
          8
        ]
      },
      "faces": {
        "north": {
          "uv": [
            0,
            0,
            16,
            16
          ],
          "rotation": 90,
          "texture": "#3"
        },
        "south": {
          "uv": [
            0,
            16,
            16,
            0
          ],
          "rotation": 90,
          "texture": "#3"
        }
      }
    },
    {
      "from": [
        7.5,
        6,
        7.5
      ],
      "to": [
        8.5,
        7,
        8.5
      ],
      "rotation": {
        "angle": 0,
        "axis": "y",
        "origin": [
          7.5,
          6,
          7.5
        ]
      },
      "faces": {
        "north": {
          "uv": [
            10,
            12,
            10.66667,
            12.66667
          ],
          "texture": "#2"
        },
        "east": {
          "uv": [
            10,
            12,
            10.66667,
            12.66667
          ],
          "texture": "#2"
        },
        "south": {
          "uv": [
            10,
            12,
            10.66667,
            12.66667
          ],
          "texture": "#2"
        },
        "west": {
          "uv": [
            10,
            12,
            10.66667,
            12.66667
          ],
          "texture": "#2"
        }
      }
    },
    {
      "from": [
        7.5,
        13.5,
        7.5
      ],
      "to": [
        8.5,
        14.5,
        8.5
      ],
      "rotation": {
        "angle": 0,
        "axis": "y",
        "origin": [
          7.5,
          13.5,
          7.5
        ]
      },
      "faces": {
        "north": {
          "uv": [
            12.66667,
            0.66667,
            13.33333,
            1.33333
          ],
          "texture": "#2"
        },
        "east": {
          "uv": [
            12.66667,
            0.66667,
            13.33333,
            1.33333
          ],
          "texture": "#2"
        },
        "south": {
          "uv": [
            12.66667,
            0.66667,
            13.33333,
            1.33333
          ],
          "texture": "#2"
        },
        "west": {
          "uv": [
            12.66667,
            0.66667,
            13.33333,
            1.33333
          ],
          "texture": "#2"
        }
      }
    },
    {
      "from": [
        7.35,
        7,
        7.35
      ],
      "to": [
        8.65,
        13.5,
        8.65
      ],
      "rotation": {
        "angle": 0,
        "axis": "y",
        "origin": [
          7.5,
          12.5,
          7.5
        ]
      },
      "faces": {
        "north": {
          "uv": [
            5.66667,
            2.83333,
            6.5,
            7.16667
          ],
          "texture": "#2"
        },
        "east": {
          "uv": [
            5.66667,
            2.83333,
            6.5,
            7.16667
          ],
          "texture": "#2"
        },
        "south": {
          "uv": [
            5.66667,
            2.83333,
            6.5,
            7.16667
          ],
          "texture": "#2"
        },
        "west": {
          "uv": [
            5.66667,
            2.83333,
            6.5,
            7.16667
          ],
          "texture": "#2"
        },
        "up": {
          "uv": [
            12.16667,
            2.16667,
            11.33333,
            1.33333
          ],
          "texture": "#2"
        },
        "down": {
          "uv": [
            12.16667,
            6,
            11.33333,
            6.83333
          ],
          "texture": "#2"
        }
      }
    },
    {
      "from": [
        7.75,
        13.25,
        2.5
      ],
      "to": [
        8.25,
        15.25,
        7.5
      ],
      "rotation": {
        "angle": 0,
        "axis": "y",
        "origin": [
          7.75,
          13.25,
          4.5
        ]
      },
      "faces": {
        "north": {
          "uv": [
            12.66667,
            2.66667,
            13,
            4
          ],
          "texture": "#2"
        },
        "east": {
          "uv": [
            0,
            14.66667,
            3.33333,
            16
          ],
          "texture": "#2"
        },
        "south": {
          "uv": [
            3.33333,
            12.66667,
            3.66667,
            14
          ],
          "texture": "#2"
        },
        "west": {
          "uv": [
            3.33333,
            14.66667,
            6.66667,
            16
          ],
          "texture": "#2"
        },
        "up": {
          "uv": [
            10.33333,
            12,
            10,
            8.66667
          ],
          "texture": "#2"
        },
        "down": {
          "uv": [
            9.66667,
            10,
            9.33333,
            13.33333
          ],
          "texture": "#2"
        }
      }
    },
    {
      "from": [
        7.755,
        12.09149,
        2.73044
      ],
      "to": [
        8.245,
        14.09149,
        5.50544
      ],
      "rotation": {
        "angle": -22.5,
        "axis": "x",
        "origin": [
          8.005,
          13.09149,
          4.73044
        ]
      },
      "faces": {
        "north": {
          "uv": [
            12.66667,
            4,
            13,
            5.33333
          ],
          "texture": "#2"
        },
        "east": {
          "uv": [
            6.66667,
            5.33333,
            8.66667,
            6.66667
          ],
          "texture": "#2"
        },
        "south": {
          "uv": [
            12.66667,
            5.33333,
            13,
            6.66667
          ],
          "texture": "#2"
        },
        "west": {
          "uv": [
            6.66667,
            6.66667,
            8.66667,
            8
          ],
          "texture": "#2"
        },
        "down": {
          "uv": [
            11.66667,
            11.33333,
            11.33333,
            13.33333
          ],
          "texture": "#2"
        }
      }
    },
    {
      "from": [
        7.755,
        14.40851,
        2.73044
      ],
      "to": [
        8.245,
        16.40851,
        5.50544
      ],
      "rotation": {
        "angle": 22.5,
        "axis": "x",
        "origin": [
          8.005,
          15.40851,
          4.73044
        ]
      },
      "faces": {
        "north": {
          "uv": [
            7.33333,
            12.66667,
            7.66667,
            14
          ],
          "texture": "#2"
        },
        "east": {
          "uv": [
            2.66667,
            7.33333,
            4.66667,
            8.66667
          ],
          "texture": "#2"
        },
        "south": {
          "uv": [
            8,
            12.66667,
            8.33333,
            14
          ],
          "texture": "#2"
        },
        "west": {
          "uv": [
            4.66667,
            7.33333,
            6.66667,
            8.66667
          ],
          "texture": "#2"
        },
        "up": {
          "uv": [
            1,
            14,
            0.66667,
            12
          ],
          "texture": "#2"
        }
      }
    },
    {
      "from": [
        7.7575,
        11.10935,
        3.38669
      ],
      "to": [
        8.2425,
        13.10935,
        5.95169
      ],
      "rotation": {
        "angle": -45,
        "axis": "x",
        "origin": [
          8.0075,
          12.10935,
          5.38669
        ]
      },
      "faces": {
        "north": {
          "uv": [
            6.66667,
            12.66667,
            7,
            14
          ],
          "texture": "#2"
        },
        "east": {
          "uv": [
            7.33333,
            0,
            9.33333,
            1.33333
          ],
          "texture": "#2"
        },
        "south": {
          "uv": [
            12.66667,
            6.66667,
            13,
            8
          ],
          "texture": "#2"
        },
        "west": {
          "uv": [
            7.33333,
            1.33333,
            9.33333,
            2.66667
          ],
          "texture": "#2"
        },
        "down": {
          "uv": [
            0.33333,
            12,
            0,
            14
          ],
          "texture": "#2"
        }
      }
    },
    {
      "from": [
        7.975,
        9,
        0.75
      ],
      "to": [
        8.025,
        18,
        6.75
      ],
      "rotation": {
        "angle": 0,
        "axis": "y",
        "origin": [
          7.975,
          3.5,
          0
        ]
      },
      "faces": {
        "east": {
          "uv": [
            4,
            0,
            0,
            6
          ],
          "texture": "#2"
        },
        "west": {
          "uv": [
            0,
            0,
            4,
            6
          ],
          "texture": "#2"
        }
      }
    },
    {
      "from": [
        7.5,
        14.25,
        8
      ],
      "to": [
        8.5,
        16.25,
        11
      ],
      "rotation": {
        "angle": 22.5,
        "axis": "x",
        "origin": [
          8,
          15.25,
          9.5
        ]
      },
      "faces": {
        "north": {
          "uv": [
            11.33333,
            10,
            10.66667,
            11.33333
          ],
          "texture": "#2"
        },
        "east": {
          "uv": [
            8.66667,
            2.66667,
            6.66667,
            4
          ],
          "texture": "#2"
        },
        "south": {
          "uv": [
            11.33333,
            8.66667,
            10.66667,
            10
          ],
          "texture": "#2"
        },
        "west": {
          "uv": [
            8.66667,
            4,
            6.66667,
            5.33333
          ],
          "texture": "#2"
        },
        "up": {
          "uv": [
            9.33333,
            4,
            8.66667,
            6
          ],
          "texture": "#2"
        },
        "down": {
          "uv": [
            5.33333,
            10.66667,
            4.66667,
            8.66667
          ],
          "texture": "#2"
        }
      }
    },
    {
      "from": [
        7.975,
        9,
        9.25
      ],
      "to": [
        8.025,
        18,
        15.25
      ],
      "rotation": {
        "angle": 0,
        "axis": "y",
        "origin": [
          7.975,
          3.5,
          16
        ]
      },
      "faces": {
        "east": {
          "uv": [
            0,
            0,
            4,
            6
          ],
          "texture": "#2"
        },
        "west": {
          "uv": [
            4,
            0,
            0,
            6
          ],
          "texture": "#2"
        }
      }
    },
    {
      "from": [
        7.755,
        14.40851,
        10.49456
      ],
      "to": [
        8.245,
        16.40851,
        13.26956
      ],
      "rotation": {
        "angle": -22.5,
        "axis": "x",
        "origin": [
          8.005,
          15.40851,
          11.26956
        ]
      },
      "faces": {
        "north": {
          "uv": [
            8.33333,
            12.66667,
            8,
            14
          ],
          "texture": "#2"
        },
        "east": {
          "uv": [
            4.66667,
            7.33333,
            2.66667,
            8.66667
          ],
          "texture": "#2"
        },
        "south": {
          "uv": [
            7.66667,
            12.66667,
            7.33333,
            14
          ],
          "texture": "#2"
        },
        "west": {
          "uv": [
            6.66667,
            7.33333,
            4.66667,
            8.66667
          ],
          "texture": "#2"
        },
        "up": {
          "uv": [
            1,
            12,
            0.66667,
            14
          ],
          "texture": "#2"
        }
      }
    },
    {
      "from": [
        7.75,
        13.25,
        8.5
      ],
      "to": [
        8.25,
        15.25,
        13.5
      ],
      "rotation": {
        "angle": 0,
        "axis": "y",
        "origin": [
          7.75,
          13.25,
          11.5
        ]
      },
      "faces": {
        "north": {
          "uv": [
            3.66667,
            12.66667,
            3.33333,
            14
          ],
          "texture": "#2"
        },
        "east": {
          "uv": [
            3.33333,
            14.66667,
            0,
            16
          ],
          "texture": "#2"
        },
        "south": {
          "uv": [
            13,
            2.66667,
            12.66667,
            4
          ],
          "texture": "#2"
        },
        "west": {
          "uv": [
            6.66667,
            14.66667,
            3.33333,
            16
          ],
          "texture": "#2"
        },
        "up": {
          "uv": [
            10.33333,
            8.66667,
            10,
            12
          ],
          "texture": "#2"
        },
        "down": {
          "uv": [
            9.66667,
            13.33333,
            9.33333,
            10
          ],
          "texture": "#2"
        }
      }
    },
    {
      "from": [
        7.755,
        12.09149,
        10.49456
      ],
      "to": [
        8.245,
        14.09149,
        13.26956
      ],
      "rotation": {
        "angle": 22.5,
        "axis": "x",
        "origin": [
          8.005,
          13.09149,
          11.26956
        ]
      },
      "faces": {
        "north": {
          "uv": [
            13,
            5.33333,
            12.66667,
            6.66667
          ],
          "texture": "#2"
        },
        "east": {
          "uv": [
            8.66667,
            5.33333,
            6.66667,
            6.66667
          ],
          "texture": "#2"
        },
        "south": {
          "uv": [
            13,
            4,
            12.66667,
            5.33333
          ],
          "texture": "#2"
        },
        "west": {
          "uv": [
            8.66667,
            6.66667,
            6.66667,
            8
          ],
          "texture": "#2"
        },
        "down": {
          "uv": [
            11.66667,
            13.33333,
            11.33333,
            11.33333
          ],
          "texture": "#2"
        }
      }
    },
    {
      "from": [
        7.7575,
        11.10935,
        10.04831
      ],
      "to": [
        8.2425,
        13.10935,
        12.61331
      ],
      "rotation": {
        "angle": 45,
        "axis": "x",
        "origin": [
          8.0075,
          12.10935,
          10.61331
        ]
      },
      "faces": {
        "north": {
          "uv": [
            13,
            6.66667,
            12.66667,
            8
          ],
          "texture": "#2"
        },
        "east": {
          "uv": [
            9.33333,
            0,
            7.33333,
            1.33333
          ],
          "texture": "#2"
        },
        "south": {
          "uv": [
            7,
            12.66667,
            6.66667,
            14
          ],
          "texture": "#2"
        },
        "west": {
          "uv": [
            9.33333,
            1.33333,
            7.33333,
            2.66667
          ],
          "texture": "#2"
        },
        "down": {
          "uv": [
            0.33333,
            14,
            0,
            12
          ],
          "texture": "#2"
        }
      }
    },
    {
      "from": [
        7.975,
        6.18986,
        4.1
      ],
      "to": [
        8.025,
        10.38986,
        5.9
      ],
      "rotation": {
        "angle": 22.5,
        "axis": "y",
        "origin": [
          8,
          8.28986,
          5
        ]
      },
      "faces": {
        "east": {
          "uv": [
            3.5,
            0,
            0,
            8.5
          ],
          "texture": "#0"
        },
        "west": {
          "uv": [
            0,
            0,
            3.5,
            8.5
          ],
          "texture": "#0"
        }
      }
    },
    {
      "from": [
        7.975,
        7.43986,
        5.35
      ],
      "to": [
        8.025,
        11.63986,
        7.15
      ],
      "rotation": {
        "angle": -22.5,
        "axis": "y",
        "origin": [
          8,
          9.53986,
          6.25
        ]
      },
      "faces": {
        "east": {
          "uv": [
            0,
            0,
            3.5,
            8.5
          ],
          "texture": "#0"
        },
        "west": {
          "uv": [
            3.5,
            0,
            0,
            8.5
          ],
          "texture": "#0"
        }
      }
    },
    {
      "from": [
        7.975,
        7.43986,
        8.85
      ],
      "to": [
        8.025,
        11.63986,
        10.65
      ],
      "rotation": {
        "angle": 22.5,
        "axis": "y",
        "origin": [
          8,
          9.53986,
          9.75
        ]
      },
      "faces": {
        "east": {
          "uv": [
            3.5,
            0,
            0,
            8.5
          ],
          "texture": "#0"
        },
        "west": {
          "uv": [
            0,
            0,
            3.5,
            8.5
          ],
          "texture": "#0"
        }
      }
    },
    {
      "from": [
        7.975,
        6.18986,
        10.1
      ],
      "to": [
        8.025,
        10.38986,
        11.9
      ],
      "rotation": {
        "angle": -22.5,
        "axis": "y",
        "origin": [
          8,
          8.28986,
          11
        ]
      },
      "faces": {
        "east": {
          "uv": [
            0,
            0,
            3.5,
            8.5
          ],
          "texture": "#0"
        },
        "west": {
          "uv": [
            3.5,
            0,
            0,
            8.5
          ],
          "texture": "#0"
        }
      }
    }
  ],
  "gui_light": "front",
  "display": {
    "thirdperson_righthand": {
      "translation": [
        0,
        2.5,
        1.25
      ]
    },
    "thirdperson_lefthand": {
      "translation": [
        0,
        2.5,
        1.25
      ]
    },
    "firstperson_righthand": {
      "rotation": [
        -10,
        0,
        0
      ],
      "translation": [
        0,
        2.75,
        0
      ]
    },
    "firstperson_lefthand": {
      "rotation": [
        -10,
        0,
        0
      ],
      "translation": [
        0,
        2.75,
        0
      ]
    },
    "ground": {
      "translation": [
        0,
        10,
        0
      ]
    },
    "gui": {
      "rotation": [
        -90,
        45,
        90
      ],
      "translation": [
        2.25,
        -2.25,
        0
      ],
      "scale": [
        0.90234,
        0.90234,
        0.90234
      ]
    },
    "head": {
      "scale": [
        0,
        0,
        0
      ]
    },
    "fixed": {
      "rotation": [
        0,
        90,
        0
      ],
      "translation": [
        0,
        -3.5,
        -0.5
      ],
      "scale": [
        2.5,
        2.5,
        2.5
      ]
    }
  }
}