{
  "credit": "MadebyPolygonMC",
  "texture_size": [
    24,
    24
  ],
  "textures": {
    "0": "lunarset:animations_2",
    "4": "lunarset:bow",
    "particle": "lunarset:animations_2"
  },
  "elements": [
    {
      "from": [
        7.25,
        10,
        10.1
      ],
      "to": [
        8.75,
        10.5,
        11.6
      ],
      "rotation": {
        "angle": 22.5,
        "axis": "x",
        "origin": [
          8,
          10.25,
          10.75
        ]
      },
      "faces": {
        "north": {
          "uv": [
            14,
            5.33333,
            15,
            5.66667
          ],
          "texture": "#4"
        },
        "east": {
          "uv": [
            6,
            14,
            7,
            14.33333
          ],
          "texture": "#4"
        },
        "south": {
          "uv": [
            14,
            6,
            15,
            6.33333
          ],
          "texture": "#4"
        },
        "west": {
          "uv": [
            14,
            6.66667,
            15,
            7
          ],
          "texture": "#4"
        },
        "up": {
          "uv": [
            12.33333,
            3,
            11.33333,
            2
          ],
          "texture": "#4"
        },
        "down": {
          "uv": [
            6.33333,
            11.33333,
            5.33333,
            12.33333
          ],
          "texture": "#4"
        }
      }
    },
    {
      "from": [
        7.5,
        9,
        10.25
      ],
      "to": [
        8.5,
        10.25,
        11.25
      ],
      "rotation": {
        "angle": 0,
        "axis": "y",
        "origin": [
          7.5,
          5,
          10.25
        ]
      },
      "faces": {
        "north": {
          "uv": [
            2.66667,
            13.33333,
            3.33333,
            14.16667
          ],
          "texture": "#4"
        },
        "east": {
          "uv": [
            3.33333,
            13.33333,
            4,
            14.16667
          ],
          "texture": "#4"
        },
        "south": {
          "uv": [
            4,
            13.33333,
            4.66667,
            14.16667
          ],
          "texture": "#4"
        },
        "west": {
          "uv": [
            13.33333,
            4,
            14,
            4.83333
          ],
          "texture": "#4"
        },
        "up": {
          "uv": [
            10.66667,
            14,
            10,
            13.33333
          ],
          "texture": "#4"
        },
        "down": {
          "uv": [
            14,
            11.33333,
            13.33333,
            12
          ],
          "texture": "#4"
        }
      }
    },
    {
      "from": [
        7.6,
        7,
        10.35
      ],
      "to": [
        8.4,
        9,
        11.15
      ],
      "rotation": {
        "angle": 0,
        "axis": "y",
        "origin": [
          7.5,
          4.5,
          10.25
        ]
      },
      "faces": {
        "north": {
          "uv": [
            12.66667,
            2,
            13.16667,
            3.33333
          ],
          "texture": "#4"
        },
        "east": {
          "uv": [
            5.33333,
            12.66667,
            5.83333,
            14
          ],
          "texture": "#4"
        },
        "south": {
          "uv": [
            6,
            12.66667,
            6.5,
            14
          ],
          "texture": "#4"
        },
        "west": {
          "uv": [
            6.66667,
            12.66667,
            7.16667,
            14
          ],
          "texture": "#4"
        }
      }
    },
    {
      "from": [
        7.6,
        8.65,
        8.9
      ],
      "to": [
        8.4,
        10.65,
        9.7
      ],
      "rotation": {
        "angle": 22.5,
        "axis": "x",
        "origin": [
          8,
          9.9,
          8.8
        ]
      },
      "faces": {
        "north": {
          "uv": [
            10.66667,
            12.66667,
            11.16667,
            14
          ],
          "texture": "#4"
        },
        "east": {
          "uv": [
            11.33333,
            12.66667,
            11.83333,
            14
          ],
          "texture": "#4"
        },
        "south": {
          "uv": [
            12.66667,
            11.33333,
            13.16667,
            12.66667
          ],
          "texture": "#4"
        },
        "west": {
          "uv": [
            12,
            12.66667,
            12.5,
            14
          ],
          "texture": "#4"
        }
      }
    },
    {
      "from": [
        7.75,
        10.25,
        11
      ],
      "to": [
        8.25,
        12.25,
        11.75
      ],
      "rotation": {
        "angle": 45,
        "axis": "x",
        "origin": [
          8,
          11.25,
          10.75
        ]
      },
      "faces": {
        "north": {
          "uv": [
            2,
            14,
            2.33333,
            15.33333
          ],
          "texture": "#4"
        },
        "east": {
          "uv": [
            13.33333,
            0,
            13.83333,
            1.33333
          ],
          "texture": "#4"
        },
        "south": {
          "uv": [
            14,
            4,
            14.33333,
            5.33333
          ],
          "texture": "#4"
        },
        "west": {
          "uv": [
            0.66667,
            13.33333,
            1.16667,
            14.66667
          ],
          "texture": "#4"
        },
        "up": {
          "uv": [
            14.33333,
            14.5,
            14,
            14
          ],
          "texture": "#4"
        },
        "down": {
          "uv": [
            0.33333,
            14.66667,
            0,
            15.16667
          ],
          "texture": "#4"
        }
      }
    },
    {
      "from": [
        7.75,
        10.25,
        10.5
      ],
      "to": [
        8.25,
        11,
        11
      ],
      "rotation": {
        "angle": 45,
        "axis": "x",
        "origin": [
          8,
          11.25,
          10.75
        ]
      },
      "faces": {
        "east": {
          "uv": [
            14,
            12.66667,
            14.33333,
            13.16667
          ],
          "texture": "#4"
        },
        "west": {
          "uv": [
            14,
            13.33333,
            14.33333,
            13.83333
          ],
          "texture": "#4"
        },
        "up": {
          "uv": [
            15,
            1,
            14.66667,
            0.66667
          ],
          "texture": "#4"
        },
        "down": {
          "uv": [
            15,
            1.33333,
            14.66667,
            1.66667
          ],
          "texture": "#4"
        }
      }
    },
    {
      "from": [
        7.75,
        10.25,
        9.75
      ],
      "to": [
        8.25,
        12.25,
        10.5
      ],
      "rotation": {
        "angle": 45,
        "axis": "x",
        "origin": [
          8,
          11.25,
          10.75
        ]
      },
      "faces": {
        "north": {
          "uv": [
            1.33333,
            14,
            1.66667,
            15.33333
          ],
          "texture": "#4"
        },
        "east": {
          "uv": [
            12.66667,
            12.66667,
            13.16667,
            14
          ],
          "texture": "#4"
        },
        "south": {
          "uv": [
            14,
            1.33333,
            14.33333,
            2.66667
          ],
          "texture": "#4"
        },
        "west": {
          "uv": [
            0,
            13.33333,
            0.5,
            14.66667
          ],
          "texture": "#4"
        },
        "up": {
          "uv": [
            14.33333,
            12.5,
            14,
            12
          ],
          "texture": "#4"
        },
        "down": {
          "uv": [
            13,
            14,
            12.66667,
            14.5
          ],
          "texture": "#4"
        }
      }
    },
    {
      "from": [
        7.75,
        11.5,
        10.5
      ],
      "to": [
        8.25,
        12.25,
        11
      ],
      "rotation": {
        "angle": 45,
        "axis": "x",
        "origin": [
          8,
          11.25,
          10.75
        ]
      },
      "faces": {
        "east": {
          "uv": [
            14,
            11.33333,
            14.33333,
            11.83333
          ],
          "texture": "#4"
        },
        "west": {
          "uv": [
            12,
            14,
            12.33333,
            14.5
          ],
          "texture": "#4"
        },
        "up": {
          "uv": [
            15,
            0.33333,
            14.66667,
            0
          ],
          "texture": "#4"
        },
        "down": {
          "uv": [
            1,
            14.66667,
            0.66667,
            15
          ],
          "texture": "#4"
        }
      }
    },
    {
      "from": [
        7.4,
        6.95303,
        6.95303
      ],
      "to": [
        8.6,
        9.15303,
        9.15303
      ],
      "rotation": {
        "angle": 45,
        "axis": "x",
        "origin": [
          8,
          8,
          8
        ]
      },
      "faces": {
        "north": {
          "uv": [
            2.66667,
            10,
            3.5,
            11.5
          ],
          "texture": "#4"
        },
        "east": {
          "uv": [
            8.66667,
            4,
            10.16667,
            5.5
          ],
          "texture": "#4"
        },
        "south": {
          "uv": [
            4,
            10,
            4.83333,
            11.5
          ],
          "texture": "#4"
        },
        "west": {
          "uv": [
            8.66667,
            6,
            10.16667,
            7.5
          ],
          "texture": "#4"
        },
        "up": {
          "uv": [
            10.83333,
            9.5,
            10,
            8
          ],
          "texture": "#4"
        },
        "down": {
          "uv": [
            9.5,
            10,
            8.66667,
            11.5
          ],
          "texture": "#4"
        }
      }
    },
    {
      "from": [
        7.1,
        7.2,
        7.275
      ],
      "to": [
        8.9,
        8.8,
        8.875
      ],
      "rotation": {
        "angle": -45,
        "axis": "x",
        "origin": [
          8,
          8,
          8.075
        ]
      },
      "faces": {
        "north": {
          "uv": [
            10,
            10,
            11.16667,
            11
          ],
          "texture": "#4"
        },
        "east": {
          "uv": [
            6.66667,
            11.33333,
            7.66667,
            12.33333
          ],
          "texture": "#4"
        },
        "south": {
          "uv": [
            10.66667,
            4,
            11.83333,
            5
          ],
          "texture": "#4"
        },
        "west": {
          "uv": [
            11.33333,
            8,
            12.33333,
            9
          ],
          "texture": "#4"
        },
        "up": {
          "uv": [
            11.83333,
            6.33333,
            10.66667,
            5.33333
          ],
          "texture": "#4"
        },
        "down": {
          "uv": [
            11.83333,
            6.66667,
            10.66667,
            7.66667
          ],
          "texture": "#4"
        }
      }
    },
    {
      "from": [
        7.5,
        9.88952,
        8.60473
      ],
      "to": [
        8.5,
        12.88952,
        10.60473
      ],
      "rotation": {
        "angle": -22.5,
        "axis": "x",
        "origin": [
          8,
          9.975,
          9.1
        ]
      },
      "faces": {
        "north": {
          "uv": [
            1.33333,
            10,
            2,
            12
          ],
          "texture": "#4"
        },
        "east": {
          "uv": [
            7.33333,
            4,
            8.66667,
            6
          ],
          "texture": "#4"
        },
        "south": {
          "uv": [
            2,
            10,
            2.66667,
            12
          ],
          "texture": "#4"
        },
        "west": {
          "uv": [
            7.33333,
            6,
            8.66667,
            8
          ],
          "texture": "#4"
        },
        "up": {
          "uv": [
            0.66667,
            13.33333,
            0,
            12
          ],
          "texture": "#4"
        },
        "down": {
          "uv": [
            1.33333,
            12,
            0.66667,
            13.33333
          ],
          "texture": "#4"
        }
      }
    },
    {
      "from": [
        7.525,
        19.87532,
        4.18883
      ],
      "to": [
        8.325,
        20.42532,
        7.18883
      ],
      "rotation": {
        "angle": -45,
        "axis": "x",
        "origin": [
          7.425,
          22.50344,
          14.48124
        ]
      },
      "faces": {
        "east": {
          "uv": [
            12.66667,
            3.33333,
            14.66667,
            3.66667
          ],
          "texture": "#4"
        },
        "west": {
          "uv": [
            12.66667,
            8,
            14.66667,
            8.33333
          ],
          "texture": "#4"
        },
        "up": {
          "uv": [
            8.5,
            13.33333,
            8,
            11.33333
          ],
          "texture": "#4"
        },
        "down": {
          "uv": [
            11.83333,
            9.33333,
            11.33333,
            11.33333
          ],
          "texture": "#4"
        }
      }
    },
    {
      "from": [
        7.675,
        20.41067,
        4.15348
      ],
      "to": [
        8.175,
        20.96067,
        7.15348
      ],
      "rotation": {
        "angle": -45,
        "axis": "x",
        "origin": [
          7.425,
          22.5388,
          14.44588
        ]
      },
      "faces": {
        "east": {
          "uv": [
            8.66667,
            12.66667,
            10.66667,
            13
          ],
          "texture": "#4"
        },
        "west": {
          "uv": [
            12.66667,
            8.66667,
            14.66667,
            9
          ],
          "texture": "#4"
        },
        "up": {
          "uv": [
            7.66667,
            14.66667,
            7.33333,
            12.66667
          ],
          "texture": "#4"
        }
      }
    },
    {
      "from": [
        7.425,
        12.4935,
        7.37485
      ],
      "to": [
        8.575,
        13.9935,
        8.87485
      ],
      "rotation": {
        "angle": -45,
        "axis": "x",
        "origin": [
          8,
          13.2435,
          8.12485
        ]
      },
      "faces": {
        "north": {
          "uv": [
            2.66667,
            12,
            3.5,
            13
          ],
          "texture": "#4"
        },
        "east": {
          "uv": [
            10,
            11.33333,
            11,
            12.33333
          ],
          "texture": "#4"
        },
        "south": {
          "uv": [
            4,
            12,
            4.83333,
            13
          ],
          "texture": "#4"
        },
        "west": {
          "uv": [
            11.33333,
            11.33333,
            12.33333,
            12.33333
          ],
          "texture": "#4"
        },
        "up": {
          "uv": [
            12.83333,
            5,
            12,
            4
          ],
          "texture": "#4"
        },
        "down": {
          "uv": [
            12.83333,
            5.33333,
            12,
            6.33333
          ],
          "texture": "#4"
        }
      }
    },
    {
      "from": [
        7.175,
        12.7435,
        7.62485
      ],
      "to": [
        8.825,
        13.7435,
        8.62485
      ],
      "rotation": {
        "angle": -45,
        "axis": "x",
        "origin": [
          8,
          13.2435,
          8.12485
        ]
      },
      "faces": {
        "north": {
          "uv": [
            12,
            6.66667,
            13.16667,
            7.33333
          ],
          "texture": "#4"
        },
        "east": {
          "uv": [
            13.33333,
            12,
            14,
            12.66667
          ],
          "texture": "#4"
        },
        "south": {
          "uv": [
            12,
            7.33333,
            13.16667,
            8
          ],
          "texture": "#4"
        },
        "west": {
          "uv": [
            13.33333,
            12.66667,
            14,
            13.33333
          ],
          "texture": "#4"
        },
        "up": {
          "uv": [
            9.83333,
            12.66667,
            8.66667,
            12
          ],
          "texture": "#4"
        },
        "down": {
          "uv": [
            13.16667,
            9.33333,
            12,
            10
          ],
          "texture": "#4"
        }
      }
    },
    {
      "from": [
        7.525,
        12.5935,
        11.87485
      ],
      "to": [
        8.475,
        13.8935,
        13.17485
      ],
      "rotation": {
        "angle": -45,
        "axis": "x",
        "origin": [
          8,
          13.2435,
          8.12485
        ]
      },
      "faces": {
        "north": {
          "uv": [
            4.66667,
            13.33333,
            5.33333,
            14.16667
          ],
          "texture": "#4"
        },
        "east": {
          "uv": [
            12,
            10,
            12.83333,
            10.83333
          ],
          "texture": "#4"
        },
        "south": {
          "uv": [
            13.33333,
            5.33333,
            14,
            6.16667
          ],
          "texture": "#4"
        },
        "west": {
          "uv": [
            1.33333,
            12.66667,
            2.16667,
            13.5
          ],
          "texture": "#4"
        },
        "up": {
          "uv": [
            14,
            7.5,
            13.33333,
            6.66667
          ],
          "texture": "#4"
        },
        "down": {
          "uv": [
            8.66667,
            13.33333,
            8,
            14.16667
          ],
          "texture": "#4"
        }
      }
    },
    {
      "from": [
        7.275,
        12.8435,
        12.12485
      ],
      "to": [
        8.725,
        13.6435,
        12.92485
      ],
      "rotation": {
        "angle": -45,
        "axis": "x",
        "origin": [
          8,
          13.2435,
          8.12485
        ]
      },
      "faces": {
        "north": {
          "uv": [
            8.66667,
            13.33333,
            9.66667,
            13.83333
          ],
          "texture": "#4"
        },
        "east": {
          "uv": [
            14,
            7.33333,
            14.5,
            7.83333
          ],
          "texture": "#4"
        },
        "south": {
          "uv": [
            13.33333,
            9.33333,
            14.33333,
            9.83333
          ],
          "texture": "#4"
        },
        "west": {
          "uv": [
            8.66667,
            14,
            9.16667,
            14.5
          ],
          "texture": "#4"
        },
        "up": {
          "uv": [
            14.33333,
            10.5,
            13.33333,
            10
          ],
          "texture": "#4"
        },
        "down": {
          "uv": [
            14.33333,
            10.66667,
            13.33333,
            11.16667
          ],
          "texture": "#4"
        }
      }
    },
    {
      "from": [
        7.725,
        10.7935,
        12.89985
      ],
      "to": [
        8.275,
        11.7935,
        13.89985
      ],
      "rotation": {
        "angle": -45,
        "axis": "x",
        "origin": [
          8,
          13.2435,
          8.12485
        ]
      },
      "faces": {
        "north": {
          "uv": [
            9.33333,
            14,
            9.66667,
            14.66667
          ],
          "texture": "#4"
        },
        "east": {
          "uv": [
            14,
            2.66667,
            14.66667,
            3.33333
          ],
          "texture": "#4"
        },
        "south": {
          "uv": [
            10,
            14,
            10.33333,
            14.66667
          ],
          "texture": "#4"
        },
        "west": {
          "uv": [
            5.33333,
            14,
            6,
            14.66667
          ],
          "texture": "#4"
        },
        "up": {
          "uv": [
            11,
            14.66667,
            10.66667,
            14
          ],
          "texture": "#4"
        },
        "down": {
          "uv": [
            11.66667,
            14,
            11.33333,
            14.66667
          ],
          "texture": "#4"
        }
      }
    },
    {
      "from": [
        7.75,
        8.15,
        7.85
      ],
      "to": [
        8.25,
        10.85,
        9.1
      ],
      "rotation": {
        "angle": 22.5,
        "axis": "x",
        "origin": [
          8,
          10.25,
          8.5
        ]
      },
      "faces": {
        "north": {
          "uv": [
            13.33333,
            1.33333,
            13.66667,
            3.16667
          ],
          "texture": "#4"
        },
        "east": {
          "uv": [
            8.66667,
            8,
            9.5,
            9.83333
          ],
          "texture": "#4"
        },
        "west": {
          "uv": [
            0,
            10,
            0.83333,
            11.83333
          ],
          "texture": "#4"
        }
      }
    },
    {
      "from": [
        7.75,
        15.7,
        11.4
      ],
      "to": [
        8.25,
        16.7,
        13.4
      ],
      "rotation": {
        "angle": 22.5,
        "axis": "x",
        "origin": [
          8,
          16.5,
          12
        ]
      },
      "faces": {
        "east": {
          "uv": [
            11.33333,
            3.33333,
            12.66667,
            4
          ],
          "texture": "#4"
        },
        "west": {
          "uv": [
            1.33333,
            12,
            2.66667,
            12.66667
          ],
          "texture": "#4"
        },
        "up": {
          "uv": [
            13.66667,
            14.66667,
            13.33333,
            13.33333
          ],
          "texture": "#4"
        },
        "down": {
          "uv": [
            14.33333,
            0,
            14,
            1.33333
          ],
          "texture": "#4"
        }
      }
    },
    {
      "from": [
        7.975,
        0.75,
        13
      ],
      "to": [
        8.025,
        15.25,
        21
      ],
      "rotation": {
        "angle": 0,
        "axis": "y",
        "origin": [
          7.975,
          0,
          0
        ]
      },
      "faces": {
        "east": {
          "uv": [
            5.33333,
            0,
            0,
            9.66667
          ],
          "texture": "#4"
        },
        "west": {
          "uv": [
            0,
            0,
            5.33333,
            9.66667
          ],
          "texture": "#4"
        }
      }
    },
    {
      "from": [
        7.975,
        8.5,
        2.25
      ],
      "to": [
        8.025,
        11.5,
        8.25
      ],
      "rotation": {
        "angle": 0,
        "axis": "y",
        "origin": [
          7.975,
          0,
          0
        ]
      },
      "faces": {
        "east": {
          "uv": [
            11.33333,
            2,
            7.33333,
            4
          ],
          "texture": "#4"
        },
        "west": {
          "uv": [
            7.33333,
            2,
            11.33333,
            4
          ],
          "texture": "#4"
        }
      }
    },
    {
      "from": [
        7.975,
        12.5,
        3.35
      ],
      "to": [
        8.025,
        15.5,
        12.35
      ],
      "rotation": {
        "angle": -45,
        "axis": "x",
        "origin": [
          7.975,
          16,
          5.25
        ]
      },
      "faces": {
        "east": {
          "uv": [
            13.33333,
            0,
            7.33333,
            2
          ],
          "texture": "#4"
        },
        "west": {
          "uv": [
            7.33333,
            0,
            13.33333,
            2
          ],
          "texture": "#4"
        }
      }
    },
    {
      "from": [
        7.25,
        5.5,
        10.1
      ],
      "to": [
        8.75,
        6,
        11.6
      ],
      "rotation": {
        "angle": -22.5,
        "axis": "x",
        "origin": [
          8,
          5.75,
          10.75
        ]
      },
      "faces": {
        "north": {
          "uv": [
            14,
            5.66667,
            15,
            5.33333
          ],
          "texture": "#4"
        },
        "east": {
          "uv": [
            6,
            14.33333,
            7,
            14
          ],
          "texture": "#4"
        },
        "south": {
          "uv": [
            14,
            6.33333,
            15,
            6
          ],
          "texture": "#4"
        },
        "west": {
          "uv": [
            14,
            7,
            15,
            6.66667
          ],
          "texture": "#4"
        },
        "up": {
          "uv": [
            6.33333,
            12.33333,
            5.33333,
            11.33333
          ],
          "texture": "#4"
        },
        "down": {
          "uv": [
            12.33333,
            2,
            11.33333,
            3
          ],
          "texture": "#4"
        }
      }
    },
    {
      "from": [
        7.5,
        5.75,
        10.25
      ],
      "to": [
        8.5,
        7,
        11.25
      ],
      "rotation": {
        "angle": 0,
        "axis": "y",
        "origin": [
          7.5,
          11,
          10.25
        ]
      },
      "faces": {
        "north": {
          "uv": [
            2.66667,
            14.16667,
            3.33333,
            13.33333
          ],
          "texture": "#4"
        },
        "east": {
          "uv": [
            3.33333,
            14.16667,
            4,
            13.33333
          ],
          "texture": "#4"
        },
        "south": {
          "uv": [
            4,
            14.16667,
            4.66667,
            13.33333
          ],
          "texture": "#4"
        },
        "west": {
          "uv": [
            13.33333,
            4.83333,
            14,
            4
          ],
          "texture": "#4"
        },
        "up": {
          "uv": [
            14,
            12,
            13.33333,
            11.33333
          ],
          "texture": "#4"
        },
        "down": {
          "uv": [
            10.66667,
            13.33333,
            10,
            14
          ],
          "texture": "#4"
        }
      }
    },
    {
      "from": [
        7.5,
        3.11048,
        8.60473
      ],
      "to": [
        8.5,
        6.11048,
        10.60473
      ],
      "rotation": {
        "angle": 22.5,
        "axis": "x",
        "origin": [
          8,
          6.025,
          9.1
        ]
      },
      "faces": {
        "north": {
          "uv": [
            1.33333,
            12,
            2,
            10
          ],
          "texture": "#4"
        },
        "east": {
          "uv": [
            7.33333,
            6,
            8.66667,
            4
          ],
          "texture": "#4"
        },
        "south": {
          "uv": [
            2,
            12,
            2.66667,
            10
          ],
          "texture": "#4"
        },
        "west": {
          "uv": [
            7.33333,
            8,
            8.66667,
            6
          ],
          "texture": "#4"
        },
        "up": {
          "uv": [
            1.33333,
            13.33333,
            0.66667,
            12
          ],
          "texture": "#4"
        },
        "down": {
          "uv": [
            0.66667,
            12,
            0,
            13.33333
          ],
          "texture": "#4"
        }
      }
    },
    {
      "from": [
        7.525,
        -4.42532,
        4.18883
      ],
      "to": [
        8.325,
        -3.87532,
        7.18883
      ],
      "rotation": {
        "angle": 45,
        "axis": "x",
        "origin": [
          7.425,
          -6.50344,
          14.48124
        ]
      },
      "faces": {
        "east": {
          "uv": [
            12.66667,
            3.66667,
            14.66667,
            3.33333
          ],
          "texture": "#4"
        },
        "west": {
          "uv": [
            12.66667,
            8.33333,
            14.66667,
            8
          ],
          "texture": "#4"
        },
        "up": {
          "uv": [
            11.83333,
            11.33333,
            11.33333,
            9.33333
          ],
          "texture": "#4"
        },
        "down": {
          "uv": [
            8.5,
            11.33333,
            8,
            13.33333
          ],
          "texture": "#4"
        }
      }
    },
    {
      "from": [
        7.675,
        -4.96067,
        4.15348
      ],
      "to": [
        8.175,
        -4.41067,
        7.15348
      ],
      "rotation": {
        "angle": 45,
        "axis": "x",
        "origin": [
          7.425,
          -6.5388,
          14.44588
        ]
      },
      "faces": {
        "east": {
          "uv": [
            8.66667,
            13,
            10.66667,
            12.66667
          ],
          "texture": "#4"
        },
        "west": {
          "uv": [
            12.66667,
            9,
            14.66667,
            8.66667
          ],
          "texture": "#4"
        },
        "down": {
          "uv": [
            7.66667,
            12.66667,
            7.33333,
            14.66667
          ],
          "texture": "#4"
        }
      }
    },
    {
      "from": [
        7.425,
        2.0065,
        7.37485
      ],
      "to": [
        8.575,
        3.5065,
        8.87485
      ],
      "rotation": {
        "angle": 45,
        "axis": "x",
        "origin": [
          8,
          2.7565,
          8.12485
        ]
      },
      "faces": {
        "north": {
          "uv": [
            2.66667,
            13,
            3.5,
            12
          ],
          "texture": "#4"
        },
        "east": {
          "uv": [
            10,
            12.33333,
            11,
            11.33333
          ],
          "texture": "#4"
        },
        "south": {
          "uv": [
            4,
            13,
            4.83333,
            12
          ],
          "texture": "#4"
        },
        "west": {
          "uv": [
            11.33333,
            12.33333,
            12.33333,
            11.33333
          ],
          "texture": "#4"
        },
        "up": {
          "uv": [
            12.83333,
            6.33333,
            12,
            5.33333
          ],
          "texture": "#4"
        },
        "down": {
          "uv": [
            12.83333,
            4,
            12,
            5
          ],
          "texture": "#4"
        }
      }
    },
    {
      "from": [
        7.175,
        2.2565,
        7.62485
      ],
      "to": [
        8.825,
        3.2565,
        8.62485
      ],
      "rotation": {
        "angle": 45,
        "axis": "x",
        "origin": [
          8,
          2.7565,
          8.12485
        ]
      },
      "faces": {
        "north": {
          "uv": [
            12,
            7.33333,
            13.16667,
            6.66667
          ],
          "texture": "#4"
        },
        "east": {
          "uv": [
            13.33333,
            12.66667,
            14,
            12
          ],
          "texture": "#4"
        },
        "south": {
          "uv": [
            12,
            8,
            13.16667,
            7.33333
          ],
          "texture": "#4"
        },
        "west": {
          "uv": [
            13.33333,
            13.33333,
            14,
            12.66667
          ],
          "texture": "#4"
        },
        "up": {
          "uv": [
            13.16667,
            10,
            12,
            9.33333
          ],
          "texture": "#4"
        },
        "down": {
          "uv": [
            9.83333,
            12,
            8.66667,
            12.66667
          ],
          "texture": "#4"
        }
      }
    },
    {
      "from": [
        7.6,
        5.35,
        8.9
      ],
      "to": [
        8.4,
        7.35,
        9.7
      ],
      "rotation": {
        "angle": -22.5,
        "axis": "x",
        "origin": [
          8,
          6.1,
          8.8
        ]
      },
      "faces": {
        "north": {
          "uv": [
            10.66667,
            14,
            11.16667,
            12.66667
          ],
          "texture": "#4"
        },
        "east": {
          "uv": [
            11.33333,
            14,
            11.83333,
            12.66667
          ],
          "texture": "#4"
        },
        "south": {
          "uv": [
            12.66667,
            12.66667,
            13.16667,
            11.33333
          ],
          "texture": "#4"
        },
        "west": {
          "uv": [
            12,
            14,
            12.5,
            12.66667
          ],
          "texture": "#4"
        }
      }
    },
    {
      "from": [
        7.275,
        2.3565,
        12.12485
      ],
      "to": [
        8.725,
        3.1565,
        12.92485
      ],
      "rotation": {
        "angle": 45,
        "axis": "x",
        "origin": [
          8,
          2.7565,
          8.12485
        ]
      },
      "faces": {
        "north": {
          "uv": [
            8.66667,
            13.83333,
            9.66667,
            13.33333
          ],
          "texture": "#4"
        },
        "east": {
          "uv": [
            14,
            7.83333,
            14.5,
            7.33333
          ],
          "texture": "#4"
        },
        "south": {
          "uv": [
            13.33333,
            9.83333,
            14.33333,
            9.33333
          ],
          "texture": "#4"
        },
        "west": {
          "uv": [
            8.66667,
            14.5,
            9.16667,
            14
          ],
          "texture": "#4"
        },
        "up": {
          "uv": [
            14.33333,
            11.16667,
            13.33333,
            10.66667
          ],
          "texture": "#4"
        },
        "down": {
          "uv": [
            14.33333,
            10,
            13.33333,
            10.5
          ],
          "texture": "#4"
        }
      }
    },
    {
      "from": [
        7.525,
        2.1065,
        11.87485
      ],
      "to": [
        8.475,
        3.4065,
        13.17485
      ],
      "rotation": {
        "angle": 45,
        "axis": "x",
        "origin": [
          8,
          2.7565,
          8.12485
        ]
      },
      "faces": {
        "north": {
          "uv": [
            4.66667,
            14.16667,
            5.33333,
            13.33333
          ],
          "texture": "#4"
        },
        "east": {
          "uv": [
            12,
            10.83333,
            12.83333,
            10
          ],
          "texture": "#4"
        },
        "south": {
          "uv": [
            13.33333,
            6.16667,
            14,
            5.33333
          ],
          "texture": "#4"
        },
        "west": {
          "uv": [
            1.33333,
            13.5,
            2.16667,
            12.66667
          ],
          "texture": "#4"
        },
        "up": {
          "uv": [
            8.66667,
            14.16667,
            8,
            13.33333
          ],
          "texture": "#4"
        },
        "down": {
          "uv": [
            14,
            6.66667,
            13.33333,
            7.5
          ],
          "texture": "#4"
        }
      }
    },
    {
      "from": [
        7.75,
        5.15,
        7.85
      ],
      "to": [
        8.25,
        7.85,
        9.1
      ],
      "rotation": {
        "angle": -22.5,
        "axis": "x",
        "origin": [
          8,
          5.75,
          8.5
        ]
      },
      "faces": {
        "north": {
          "uv": [
            13.33333,
            3.16667,
            13.66667,
            1.33333
          ],
          "texture": "#4"
        },
        "east": {
          "uv": [
            8.66667,
            9.83333,
            9.5,
            8
          ],
          "texture": "#4"
        },
        "west": {
          "uv": [
            0,
            11.83333,
            0.83333,
            10
          ],
          "texture": "#4"
        }
      }
    },
    {
      "from": [
        7.75,
        -0.7,
        11.4
      ],
      "to": [
        8.25,
        0.3,
        13.4
      ],
      "rotation": {
        "angle": -22.5,
        "axis": "x",
        "origin": [
          8,
          -0.5,
          12
        ]
      },
      "faces": {
        "east": {
          "uv": [
            11.33333,
            4,
            12.66667,
            3.33333
          ],
          "texture": "#4"
        },
        "west": {
          "uv": [
            1.33333,
            12.66667,
            2.66667,
            12
          ],
          "texture": "#4"
        },
        "up": {
          "uv": [
            14.33333,
            1.33333,
            14,
            0
          ],
          "texture": "#4"
        },
        "down": {
          "uv": [
            13.66667,
            13.33333,
            13.33333,
            14.66667
          ],
          "texture": "#4"
        }
      }
    },
    {
      "from": [
        7.75,
        3.75,
        10.5
      ],
      "to": [
        8.25,
        4.5,
        11
      ],
      "rotation": {
        "angle": -45,
        "axis": "x",
        "origin": [
          8,
          4.75,
          10.75
        ]
      },
      "faces": {
        "east": {
          "uv": [
            14,
            11.83333,
            14.33333,
            11.33333
          ],
          "texture": "#4"
        },
        "west": {
          "uv": [
            12,
            14.5,
            12.33333,
            14
          ],
          "texture": "#4"
        },
        "up": {
          "uv": [
            1,
            15,
            0.66667,
            14.66667
          ],
          "texture": "#4"
        },
        "down": {
          "uv": [
            15,
            0,
            14.66667,
            0.33333
          ],
          "texture": "#4"
        }
      }
    },
    {
      "from": [
        7.75,
        3.75,
        9.75
      ],
      "to": [
        8.25,
        5.75,
        10.5
      ],
      "rotation": {
        "angle": -45,
        "axis": "x",
        "origin": [
          8,
          4.75,
          10.75
        ]
      },
      "faces": {
        "north": {
          "uv": [
            1.33333,
            15.33333,
            1.66667,
            14
          ],
          "texture": "#4"
        },
        "east": {
          "uv": [
            12.66667,
            14,
            13.16667,
            12.66667
          ],
          "texture": "#4"
        },
        "south": {
          "uv": [
            14,
            2.66667,
            14.33333,
            1.33333
          ],
          "texture": "#4"
        },
        "west": {
          "uv": [
            0,
            14.66667,
            0.5,
            13.33333
          ],
          "texture": "#4"
        },
        "up": {
          "uv": [
            13,
            14.5,
            12.66667,
            14
          ],
          "texture": "#4"
        },
        "down": {
          "uv": [
            14.33333,
            12,
            14,
            12.5
          ],
          "texture": "#4"
        }
      }
    },
    {
      "from": [
        7.75,
        5,
        10.5
      ],
      "to": [
        8.25,
        5.75,
        11
      ],
      "rotation": {
        "angle": -45,
        "axis": "x",
        "origin": [
          8,
          4.75,
          10.75
        ]
      },
      "faces": {
        "east": {
          "uv": [
            14,
            13.16667,
            14.33333,
            12.66667
          ],
          "texture": "#4"
        },
        "west": {
          "uv": [
            14,
            13.83333,
            14.33333,
            13.33333
          ],
          "texture": "#4"
        },
        "up": {
          "uv": [
            15,
            1.66667,
            14.66667,
            1.33333
          ],
          "texture": "#4"
        },
        "down": {
          "uv": [
            15,
            0.66667,
            14.66667,
            1
          ],
          "texture": "#4"
        }
      }
    },
    {
      "from": [
        7.75,
        3.75,
        11
      ],
      "to": [
        8.25,
        5.75,
        11.75
      ],
      "rotation": {
        "angle": -45,
        "axis": "x",
        "origin": [
          8,
          4.75,
          10.75
        ]
      },
      "faces": {
        "north": {
          "uv": [
            2,
            15.33333,
            2.33333,
            14
          ],
          "texture": "#4"
        },
        "east": {
          "uv": [
            13.33333,
            1.33333,
            13.83333,
            0
          ],
          "texture": "#4"
        },
        "south": {
          "uv": [
            14,
            5.33333,
            14.33333,
            4
          ],
          "texture": "#4"
        },
        "west": {
          "uv": [
            0.66667,
            14.66667,
            1.16667,
            13.33333
          ],
          "texture": "#4"
        },
        "up": {
          "uv": [
            0.33333,
            15.16667,
            0,
            14.66667
          ],
          "texture": "#4"
        },
        "down": {
          "uv": [
            14.33333,
            14,
            14,
            14.5
          ],
          "texture": "#4"
        }
      }
    },
    {
      "from": [
        7.725,
        4.2065,
        12.89985
      ],
      "to": [
        8.275,
        5.2065,
        13.89985
      ],
      "rotation": {
        "angle": 45,
        "axis": "x",
        "origin": [
          8,
          2.7565,
          8.12485
        ]
      },
      "faces": {
        "north": {
          "uv": [
            9.33333,
            14.66667,
            9.66667,
            14
          ],
          "texture": "#4"
        },
        "east": {
          "uv": [
            14,
            3.33333,
            14.66667,
            2.66667
          ],
          "texture": "#4"
        },
        "south": {
          "uv": [
            10,
            14.66667,
            10.33333,
            14
          ],
          "texture": "#4"
        },
        "west": {
          "uv": [
            5.33333,
            14.66667,
            6,
            14
          ],
          "texture": "#4"
        },
        "up": {
          "uv": [
            11.66667,
            14.66667,
            11.33333,
            14
          ],
          "texture": "#4"
        },
        "down": {
          "uv": [
            11,
            14,
            10.66667,
            14.66667
          ],
          "texture": "#4"
        }
      }
    },
    {
      "from": [
        7.975,
        4.5,
        2.25
      ],
      "to": [
        8.025,
        7.5,
        8.25
      ],
      "rotation": {
        "angle": 0,
        "axis": "y",
        "origin": [
          7.975,
          16,
          0
        ]
      },
      "faces": {
        "east": {
          "uv": [
            11.33333,
            4,
            7.33333,
            2
          ],
          "texture": "#4"
        },
        "west": {
          "uv": [
            7.33333,
            4,
            11.33333,
            2
          ],
          "texture": "#4"
        }
      }
    },
    {
      "from": [
        7.975,
        0.5,
        3.35
      ],
      "to": [
        8.025,
        3.5,
        12.35
      ],
      "rotation": {
        "angle": 45,
        "axis": "x",
        "origin": [
          7.975,
          0,
          5.25
        ]
      },
      "faces": {
        "east": {
          "uv": [
            13.33333,
            2,
            7.33333,
            0
          ],
          "texture": "#4"
        },
        "west": {
          "uv": [
            7.33333,
            2,
            13.33333,
            0
          ],
          "texture": "#4"
        }
      }
    },
    {
      "from": [
        7.225,
        8.68986,
        7.175
      ],
      "to": [
        7.275,
        12.88986,
        8.975
      ],
      "rotation": {
        "angle": 0,
        "axis": "y",
        "origin": [
          7.2,
          10.78986,
          8.075
        ]
      },
      "faces": {
        "east": {
          "uv": [
            3.5,
            0,
            0,
            8.5
          ],
          "texture": "#0"
        },
        "west": {
          "uv": [
            0,
            0,
            3.5,
            8.5
          ],
          "texture": "#0"
        }
      }
    },
    {
      "from": [
        7.225,
        3.11014,
        7.175
      ],
      "to": [
        7.275,
        7.31014,
        8.975
      ],
      "rotation": {
        "angle": 0,
        "axis": "y",
        "origin": [
          7.2,
          5.21014,
          8.075
        ]
      },
      "faces": {
        "east": {
          "uv": [
            3.5,
            8.5,
            0,
            0
          ],
          "texture": "#0"
        },
        "west": {
          "uv": [
            0,
            8.5,
            3.5,
            0
          ],
          "texture": "#0"
        }
      }
    },
    {
      "from": [
        8.725,
        3.11014,
        7.175
      ],
      "to": [
        8.775,
        7.31014,
        8.975
      ],
      "rotation": {
        "angle": 0,
        "axis": "y",
        "origin": [
          8.8,
          5.21014,
          8.075
        ]
      },
      "faces": {
        "east": {
          "uv": [
            3.5,
            8.5,
            0,
            0
          ],
          "texture": "#0"
        },
        "west": {
          "uv": [
            0,
            8.5,
            3.5,
            0
          ],
          "texture": "#0"
        }
      }
    },
    {
      "from": [
        8.725,
        8.68986,
        7.175
      ],
      "to": [
        8.775,
        12.88986,
        8.975
      ],
      "rotation": {
        "angle": 0,
        "axis": "y",
        "origin": [
          8.8,
          10.78986,
          8.075
        ]
      },
      "faces": {
        "east": {
          "uv": [
            3.5,
            0,
            0,
            8.5
          ],
          "texture": "#0"
        },
        "west": {
          "uv": [
            0,
            0,
            3.5,
            8.5
          ],
          "texture": "#0"
        }
      }
    }
  ],
  "gui_light": "front",
  "display": {
    "thirdperson_righthand": {
      "translation": [
        0,
        -2,
        -2.25
      ]
    },
    "thirdperson_lefthand": {
      "translation": [
        0,
        -2,
        -2.25
      ]
    },
    "firstperson_righthand": {
      "translation": [
        0,
        5.25,
        -1
      ]
    },
    "firstperson_lefthand": {
      "translation": [
        0,
        5.25,
        -1
      ]
    },
    "ground": {
      "rotation": [
        40,
        0,
        0
      ],
      "translation": [
        0,
        13.25,
        0
      ]
    },
    "gui": {
      "rotation": [
        -90,
        135,
        90
      ],
      "translation": [
        -1.5,
        1.5,
        0
      ],
      "scale": [
        0.92578,
        0.92578,
        0.92578
      ]
    },
    "head": {
      "scale": [
        0,
        0,
        0
      ]
    },
    "fixed": {
      "rotation": [
        90,
        0,
        90
      ],
      "scale": [
        2.5,
        2.5,
        2.5
      ]
    }
  }
}