{
  "credit": "MadebyPolygonMC",
  "texture_size": [
    36,
    36
  ],
  "textures": {
    "0": "lunarset:animations_2",
    "1": "lunarset:chest",
    "particle": "lunarset:animations_2"
  },
  "elements": [
    {
      "from": [
        3.75,
        10.5,
        3.75
      ],
      "to": [
        5,
        12,
        5
      ],
      "rotation": {
        "angle": 0,
        "axis": "x",
        "origin": [
          8,
          8,
          8
        ]
      },
      "faces": {
        "north": {
          "uv": [
            10.66667,
            12.44444,
            11.22222,
            13.11111
          ],
          "texture": "#1"
        },
        "east": {
          "uv": [
            12.44444,
            11.11111,
            13,
            11.77778
          ],
          "texture": "#1"
        },
        "south": {
          "uv": [
            11.55556,
            12.44444,
            12.11111,
            13.11111
          ],
          "texture": "#1"
        },
        "west": {
          "uv": [
            12.44444,
            12,
            13,
            12.66667
          ],
          "texture": "#1"
        }
      }
    },
    {
      "from": [
        3.5,
        8.5,
        3.5
      ],
      "to": [
        5,
        10.5,
        5
      ],
      "rotation": {
        "angle": 0,
        "axis": "x",
        "origin": [
          8,
          8,
          8
        ]
      },
      "faces": {
        "north": {
          "uv": [
            10.66667,
            11.55556,
            11.33333,
            12.44444
          ],
          "texture": "#1"
        },
        "east": {
          "uv": [
            11.55556,
            10.66667,
            12.22222,
            11.55556
          ],
          "texture": "#1"
        },
        "south": {
          "uv": [
            11.55556,
            11.55556,
            12.22222,
            12.44444
          ],
          "texture": "#1"
        },
        "west": {
          "uv": [
            0,
            12,
            0.66667,
            12.88889
          ],
          "texture": "#1"
        },
        "up": {
          "uv": [
            7.77778,
            12.66667,
            7.11111,
            12
          ],
          "texture": "#1"
        },
        "down": {
          "uv": [
            8.66667,
            12,
            8,
            12.66667
          ],
          "texture": "#1"
        }
      }
    },
    {
      "from": [
        3.5,
        12,
        3.5
      ],
      "to": [
        5,
        13,
        12.5
      ],
      "rotation": {
        "angle": 0,
        "axis": "y",
        "origin": [
          8,
          8,
          8
        ]
      },
      "faces": {
        "north": {
          "uv": [
            1.77778,
            12.88889,
            2.44444,
            13.33333
          ],
          "texture": "#1"
        },
        "east": {
          "uv": [
            10.66667,
            5.33333,
            14.66667,
            5.77778
          ],
          "texture": "#1"
        },
        "south": {
          "uv": [
            2.66667,
            12.88889,
            3.33333,
            13.33333
          ],
          "texture": "#1"
        },
        "west": {
          "uv": [
            10.66667,
            5.77778,
            14.66667,
            6.22222
          ],
          "texture": "#1"
        },
        "up": {
          "uv": [
            4.22222,
            13.33333,
            3.55556,
            9.33333
          ],
          "texture": "#1"
        },
        "down": {
          "uv": [
            5.11111,
            9.33333,
            4.44444,
            13.33333
          ],
          "texture": "#1"
        }
      }
    },
    {
      "from": [
        4,
        9,
        4
      ],
      "to": [
        12,
        12.75,
        12
      ],
      "rotation": {
        "angle": 0,
        "axis": "x",
        "origin": [
          8,
          8,
          8
        ]
      },
      "faces": {
        "north": {
          "uv": [
            7.11111,
            4.44444,
            10.66667,
            6.11111
          ],
          "texture": "#1"
        },
        "east": {
          "uv": [
            7.11111,
            6.22222,
            10.66667,
            7.88889
          ],
          "texture": "#1"
        },
        "south": {
          "uv": [
            7.11111,
            8,
            10.66667,
            9.66667
          ],
          "texture": "#1"
        },
        "west": {
          "uv": [
            0,
            9.33333,
            3.55556,
            11
          ],
          "texture": "#1"
        },
        "up": {
          "uv": [
            7.11111,
            3.55556,
            3.55556,
            0
          ],
          "texture": "#1"
        },
        "down": {
          "uv": [
            7.11111,
            3.55556,
            3.55556,
            7.11111
          ],
          "texture": "#1"
        }
      }
    },
    {
      "from": [
        1.75,
        9,
        4.225
      ],
      "to": [
        3.75,
        14.5,
        4.275
      ],
      "rotation": {
        "angle": 0,
        "axis": "x",
        "origin": [
          8,
          8,
          8
        ]
      },
      "faces": {
        "north": {
          "uv": [
            6.22222,
            9.33333,
            7.11111,
            11.77778
          ],
          "texture": "#1"
        },
        "south": {
          "uv": [
            7.11111,
            9.33333,
            6.22222,
            11.77778
          ],
          "texture": "#1"
        }
      }
    },
    {
      "from": [
        5,
        8.5,
        3.5
      ],
      "to": [
        11,
        9.5,
        5
      ],
      "rotation": {
        "angle": 0,
        "axis": "x",
        "origin": [
          8,
          8,
          8
        ]
      },
      "faces": {
        "north": {
          "uv": [
            10.66667,
            7.11111,
            13.33333,
            7.55556
          ],
          "rotation": 180,
          "texture": "#1"
        },
        "east": {
          "uv": [
            0,
            12.88889,
            0.66667,
            13.33333
          ],
          "rotation": 180,
          "texture": "#1"
        },
        "south": {
          "uv": [
            7.11111,
            10.66667,
            9.77778,
            11.11111
          ],
          "rotation": 180,
          "texture": "#1"
        },
        "west": {
          "uv": [
            0.88889,
            12.88889,
            1.55556,
            13.33333
          ],
          "rotation": 180,
          "texture": "#1"
        },
        "up": {
          "uv": [
            13.33333,
            0.88889,
            10.66667,
            1.55556
          ],
          "texture": "#1"
        },
        "down": {
          "uv": [
            13.33333,
            0.66667,
            10.66667,
            0
          ],
          "texture": "#1"
        }
      }
    },
    {
      "from": [
        3.5,
        8.5,
        5
      ],
      "to": [
        5,
        9.5,
        11
      ],
      "rotation": {
        "angle": 0,
        "axis": "y",
        "origin": [
          8,
          8,
          8
        ]
      },
      "faces": {
        "north": {
          "uv": [
            0,
            12.88889,
            0.66667,
            13.33333
          ],
          "rotation": 180,
          "texture": "#1"
        },
        "east": {
          "uv": [
            7.11111,
            10.66667,
            9.77778,
            11.11111
          ],
          "rotation": 180,
          "texture": "#1"
        },
        "south": {
          "uv": [
            0.88889,
            12.88889,
            1.55556,
            13.33333
          ],
          "rotation": 180,
          "texture": "#1"
        },
        "west": {
          "uv": [
            10.66667,
            7.11111,
            13.33333,
            7.55556
          ],
          "rotation": 180,
          "texture": "#1"
        },
        "up": {
          "uv": [
            13.33333,
            0.88889,
            10.66667,
            1.55556
          ],
          "rotation": 270,
          "texture": "#1"
        },
        "down": {
          "uv": [
            13.33333,
            0.66667,
            10.66667,
            0
          ],
          "rotation": 90,
          "texture": "#1"
        }
      }
    },
    {
      "from": [
        3.5,
        8.5,
        11
      ],
      "to": [
        5,
        10.5,
        12.5
      ],
      "rotation": {
        "angle": 0,
        "axis": "x",
        "origin": [
          8,
          8,
          8
        ]
      },
      "faces": {
        "north": {
          "uv": [
            12.22222,
            11.55556,
            11.55556,
            12.44444
          ],
          "texture": "#1"
        },
        "east": {
          "uv": [
            12.22222,
            10.66667,
            11.55556,
            11.55556
          ],
          "texture": "#1"
        },
        "south": {
          "uv": [
            11.33333,
            11.55556,
            10.66667,
            12.44444
          ],
          "texture": "#1"
        },
        "west": {
          "uv": [
            0.66667,
            12,
            0,
            12.88889
          ],
          "texture": "#1"
        },
        "up": {
          "uv": [
            7.77778,
            12,
            7.11111,
            12.66667
          ],
          "texture": "#1"
        },
        "down": {
          "uv": [
            8.66667,
            12.66667,
            8,
            12
          ],
          "texture": "#1"
        }
      }
    },
    {
      "from": [
        3.75,
        10.5,
        11
      ],
      "to": [
        5,
        12,
        12.25
      ],
      "rotation": {
        "angle": 0,
        "axis": "x",
        "origin": [
          8,
          8,
          8
        ]
      },
      "faces": {
        "north": {
          "uv": [
            12.11111,
            12.44444,
            11.55556,
            13.11111
          ],
          "texture": "#1"
        },
        "east": {
          "uv": [
            13,
            11.11111,
            12.44444,
            11.77778
          ],
          "texture": "#1"
        },
        "south": {
          "uv": [
            11.22222,
            12.44444,
            10.66667,
            13.11111
          ],
          "texture": "#1"
        },
        "west": {
          "uv": [
            13,
            12,
            12.44444,
            12.66667
          ],
          "texture": "#1"
        }
      }
    },
    {
      "from": [
        11,
        8.5,
        11
      ],
      "to": [
        12.5,
        10.5,
        12.5
      ],
      "rotation": {
        "angle": 0,
        "axis": "x",
        "origin": [
          8,
          8,
          8
        ]
      },
      "faces": {
        "north": {
          "uv": [
            11.55556,
            11.55556,
            12.22222,
            12.44444
          ],
          "texture": "#1"
        },
        "east": {
          "uv": [
            0,
            12,
            0.66667,
            12.88889
          ],
          "texture": "#1"
        },
        "south": {
          "uv": [
            10.66667,
            11.55556,
            11.33333,
            12.44444
          ],
          "texture": "#1"
        },
        "west": {
          "uv": [
            11.55556,
            10.66667,
            12.22222,
            11.55556
          ],
          "texture": "#1"
        },
        "up": {
          "uv": [
            7.11111,
            12,
            7.77778,
            12.66667
          ],
          "texture": "#1"
        },
        "down": {
          "uv": [
            8,
            12.66667,
            8.66667,
            12
          ],
          "texture": "#1"
        }
      }
    },
    {
      "from": [
        11,
        10.5,
        11
      ],
      "to": [
        12.25,
        12,
        12.25
      ],
      "rotation": {
        "angle": 0,
        "axis": "x",
        "origin": [
          8,
          8,
          8
        ]
      },
      "faces": {
        "north": {
          "uv": [
            11.55556,
            12.44444,
            12.11111,
            13.11111
          ],
          "texture": "#1"
        },
        "east": {
          "uv": [
            12.44444,
            12,
            13,
            12.66667
          ],
          "texture": "#1"
        },
        "south": {
          "uv": [
            10.66667,
            12.44444,
            11.22222,
            13.11111
          ],
          "texture": "#1"
        },
        "west": {
          "uv": [
            12.44444,
            11.11111,
            13,
            11.77778
          ],
          "texture": "#1"
        }
      }
    },
    {
      "from": [
        11,
        8.5,
        3.5
      ],
      "to": [
        12.5,
        10.5,
        5
      ],
      "rotation": {
        "angle": 0,
        "axis": "x",
        "origin": [
          8,
          8,
          8
        ]
      },
      "faces": {
        "north": {
          "uv": [
            11.33333,
            11.55556,
            10.66667,
            12.44444
          ],
          "texture": "#1"
        },
        "east": {
          "uv": [
            0.66667,
            12,
            0,
            12.88889
          ],
          "texture": "#1"
        },
        "south": {
          "uv": [
            12.22222,
            11.55556,
            11.55556,
            12.44444
          ],
          "texture": "#1"
        },
        "west": {
          "uv": [
            12.22222,
            10.66667,
            11.55556,
            11.55556
          ],
          "texture": "#1"
        },
        "up": {
          "uv": [
            7.11111,
            12.66667,
            7.77778,
            12
          ],
          "texture": "#1"
        },
        "down": {
          "uv": [
            8,
            12,
            8.66667,
            12.66667
          ],
          "texture": "#1"
        }
      }
    },
    {
      "from": [
        11,
        10.5,
        3.75
      ],
      "to": [
        12.25,
        12,
        5
      ],
      "rotation": {
        "angle": 0,
        "axis": "x",
        "origin": [
          8,
          8,
          8
        ]
      },
      "faces": {
        "north": {
          "uv": [
            11.22222,
            12.44444,
            10.66667,
            13.11111
          ],
          "texture": "#1"
        },
        "east": {
          "uv": [
            13,
            12,
            12.44444,
            12.66667
          ],
          "texture": "#1"
        },
        "south": {
          "uv": [
            12.11111,
            12.44444,
            11.55556,
            13.11111
          ],
          "texture": "#1"
        },
        "west": {
          "uv": [
            13,
            11.11111,
            12.44444,
            11.77778
          ],
          "texture": "#1"
        }
      }
    },
    {
      "from": [
        11,
        12,
        3.5
      ],
      "to": [
        12.5,
        13,
        12.5
      ],
      "rotation": {
        "angle": 0,
        "axis": "y",
        "origin": [
          8,
          8,
          8
        ]
      },
      "faces": {
        "north": {
          "uv": [
            2.44444,
            12.88889,
            1.77778,
            13.33333
          ],
          "texture": "#1"
        },
        "east": {
          "uv": [
            14.66667,
            5.77778,
            10.66667,
            6.22222
          ],
          "texture": "#1"
        },
        "south": {
          "uv": [
            3.33333,
            12.88889,
            2.66667,
            13.33333
          ],
          "texture": "#1"
        },
        "west": {
          "uv": [
            14.66667,
            5.33333,
            10.66667,
            5.77778
          ],
          "texture": "#1"
        },
        "up": {
          "uv": [
            3.55556,
            13.33333,
            4.22222,
            9.33333
          ],
          "texture": "#1"
        },
        "down": {
          "uv": [
            4.44444,
            9.33333,
            5.11111,
            13.33333
          ],
          "texture": "#1"
        }
      }
    },
    {
      "from": [
        11,
        8.5,
        5
      ],
      "to": [
        12.5,
        9.5,
        11
      ],
      "rotation": {
        "angle": 0,
        "axis": "y",
        "origin": [
          8,
          8,
          8
        ]
      },
      "faces": {
        "north": {
          "uv": [
            0.66667,
            12.88889,
            0,
            13.33333
          ],
          "rotation": 180,
          "texture": "#1"
        },
        "east": {
          "uv": [
            13.33333,
            7.11111,
            10.66667,
            7.55556
          ],
          "rotation": 180,
          "texture": "#1"
        },
        "south": {
          "uv": [
            1.55556,
            12.88889,
            0.88889,
            13.33333
          ],
          "rotation": 180,
          "texture": "#1"
        },
        "west": {
          "uv": [
            9.77778,
            10.66667,
            7.11111,
            11.11111
          ],
          "rotation": 180,
          "texture": "#1"
        },
        "up": {
          "uv": [
            13.33333,
            1.55556,
            10.66667,
            0.88889
          ],
          "rotation": 270,
          "texture": "#1"
        },
        "down": {
          "uv": [
            13.33333,
            0,
            10.66667,
            0.66667
          ],
          "rotation": 90,
          "texture": "#1"
        }
      }
    },
    {
      "from": [
        5,
        8.5,
        11
      ],
      "to": [
        11,
        9.5,
        12.5
      ],
      "rotation": {
        "angle": 0,
        "axis": "x",
        "origin": [
          8,
          8,
          8
        ]
      },
      "faces": {
        "north": {
          "uv": [
            9.77778,
            10.66667,
            7.11111,
            11.11111
          ],
          "rotation": 180,
          "texture": "#1"
        },
        "east": {
          "uv": [
            0.66667,
            12.88889,
            0,
            13.33333
          ],
          "rotation": 180,
          "texture": "#1"
        },
        "south": {
          "uv": [
            13.33333,
            7.11111,
            10.66667,
            7.55556
          ],
          "rotation": 180,
          "texture": "#1"
        },
        "west": {
          "uv": [
            1.55556,
            12.88889,
            0.88889,
            13.33333
          ],
          "rotation": 180,
          "texture": "#1"
        },
        "up": {
          "uv": [
            13.33333,
            1.55556,
            10.66667,
            0.88889
          ],
          "texture": "#1"
        },
        "down": {
          "uv": [
            13.33333,
            0,
            10.66667,
            0.66667
          ],
          "texture": "#1"
        }
      }
    },
    {
      "from": [
        12.25,
        9,
        4.225
      ],
      "to": [
        14.25,
        14.5,
        4.275
      ],
      "rotation": {
        "angle": 0,
        "axis": "x",
        "origin": [
          8,
          8,
          8
        ]
      },
      "faces": {
        "north": {
          "uv": [
            7.11111,
            9.33333,
            6.22222,
            11.77778
          ],
          "texture": "#1"
        },
        "south": {
          "uv": [
            6.22222,
            9.33333,
            7.11111,
            11.77778
          ],
          "texture": "#1"
        }
      }
    },
    {
      "from": [
        1.75,
        9,
        11.725
      ],
      "to": [
        3.75,
        14.5,
        11.775
      ],
      "rotation": {
        "angle": 0,
        "axis": "x",
        "origin": [
          8,
          8,
          8
        ]
      },
      "faces": {
        "north": {
          "uv": [
            6.22222,
            9.33333,
            7.11111,
            11.77778
          ],
          "texture": "#1"
        },
        "south": {
          "uv": [
            7.11111,
            9.33333,
            6.22222,
            11.77778
          ],
          "texture": "#1"
        }
      }
    },
    {
      "from": [
        12.25,
        9,
        11.725
      ],
      "to": [
        14.25,
        14.5,
        11.775
      ],
      "rotation": {
        "angle": 0,
        "axis": "x",
        "origin": [
          8,
          8,
          8
        ]
      },
      "faces": {
        "north": {
          "uv": [
            7.11111,
            9.33333,
            6.22222,
            11.77778
          ],
          "texture": "#1"
        },
        "south": {
          "uv": [
            6.22222,
            9.33333,
            7.11111,
            11.77778
          ],
          "texture": "#1"
        }
      }
    },
    {
      "from": [
        5,
        7.5,
        3.5
      ],
      "to": [
        11,
        8.5,
        5
      ],
      "rotation": {
        "angle": 0,
        "axis": "y",
        "origin": [
          8,
          8,
          8
        ]
      },
      "faces": {
        "north": {
          "uv": [
            10.66667,
            6.22222,
            13.33333,
            6.66667
          ],
          "texture": "#1"
        },
        "south": {
          "uv": [
            10.66667,
            6.66667,
            13.33333,
            7.11111
          ],
          "texture": "#1"
        },
        "up": {
          "uv": [
            9.77778,
            10.44444,
            7.11111,
            9.77778
          ],
          "texture": "#1"
        },
        "down": {
          "uv": [
            12.44444,
            9.77778,
            9.77778,
            10.44444
          ],
          "texture": "#1"
        }
      }
    },
    {
      "from": [
        3.5,
        6.5,
        3.5
      ],
      "to": [
        5,
        8.5,
        5
      ],
      "rotation": {
        "angle": 0,
        "axis": "y",
        "origin": [
          8,
          8,
          8
        ]
      },
      "faces": {
        "north": {
          "uv": [
            0,
            11.11111,
            0.66667,
            12
          ],
          "texture": "#1"
        },
        "east": {
          "uv": [
            0.88889,
            11.11111,
            1.55556,
            12
          ],
          "texture": "#1"
        },
        "south": {
          "uv": [
            1.77778,
            11.11111,
            2.44444,
            12
          ],
          "texture": "#1"
        },
        "west": {
          "uv": [
            2.66667,
            11.11111,
            3.33333,
            12
          ],
          "texture": "#1"
        },
        "up": {
          "uv": [
            1.55556,
            12.66667,
            0.88889,
            12
          ],
          "texture": "#1"
        },
        "down": {
          "uv": [
            2.44444,
            12,
            1.77778,
            12.66667
          ],
          "texture": "#1"
        }
      }
    },
    {
      "from": [
        4,
        3.5,
        4
      ],
      "to": [
        12,
        8,
        12
      ],
      "rotation": {
        "angle": 0,
        "axis": "y",
        "origin": [
          8,
          8,
          8
        ]
      },
      "faces": {
        "north": {
          "uv": [
            0,
            7.11111,
            3.55556,
            9.11111
          ],
          "texture": "#1"
        },
        "east": {
          "uv": [
            7.11111,
            0,
            10.66667,
            2
          ],
          "texture": "#1"
        },
        "south": {
          "uv": [
            7.11111,
            2.22222,
            10.66667,
            4.22222
          ],
          "texture": "#1"
        },
        "west": {
          "uv": [
            3.55556,
            7.11111,
            7.11111,
            9.11111
          ],
          "texture": "#1"
        },
        "up": {
          "uv": [
            3.55556,
            3.55556,
            0,
            0
          ],
          "texture": "#1"
        },
        "down": {
          "uv": [
            3.55556,
            3.55556,
            0,
            7.11111
          ],
          "texture": "#1"
        }
      }
    },
    {
      "from": [
        5,
        7.5,
        11
      ],
      "to": [
        11,
        8.5,
        12.5
      ],
      "rotation": {
        "angle": 0,
        "axis": "y",
        "origin": [
          8,
          8,
          8
        ]
      },
      "faces": {
        "north": {
          "uv": [
            7.11111,
            10.66667,
            9.77778,
            11.11111
          ],
          "texture": "#1"
        },
        "east": {
          "uv": [
            0,
            12.88889,
            0.66667,
            13.33333
          ],
          "texture": "#1"
        },
        "south": {
          "uv": [
            10.66667,
            7.11111,
            13.33333,
            7.55556
          ],
          "texture": "#1"
        },
        "west": {
          "uv": [
            0.88889,
            12.88889,
            1.55556,
            13.33333
          ],
          "texture": "#1"
        },
        "up": {
          "uv": [
            13.33333,
            0.66667,
            10.66667,
            0
          ],
          "texture": "#1"
        },
        "down": {
          "uv": [
            13.33333,
            0.88889,
            10.66667,
            1.55556
          ],
          "texture": "#1"
        }
      }
    },
    {
      "from": [
        5,
        3,
        3.5
      ],
      "to": [
        11,
        4,
        5
      ],
      "rotation": {
        "angle": 0,
        "axis": "y",
        "origin": [
          8,
          8,
          8
        ]
      },
      "faces": {
        "north": {
          "uv": [
            10.66667,
            7.55556,
            13.33333,
            8
          ],
          "texture": "#1"
        },
        "south": {
          "uv": [
            10.66667,
            8,
            13.33333,
            8.44444
          ],
          "texture": "#1"
        },
        "up": {
          "uv": [
            13.33333,
            2.44444,
            10.66667,
            1.77778
          ],
          "texture": "#1"
        },
        "down": {
          "uv": [
            13.33333,
            2.66667,
            10.66667,
            3.33333
          ],
          "texture": "#1"
        }
      }
    },
    {
      "from": [
        3.5,
        3,
        3.5
      ],
      "to": [
        5,
        5,
        5
      ],
      "rotation": {
        "angle": 0,
        "axis": "y",
        "origin": [
          8,
          8,
          8
        ]
      },
      "faces": {
        "north": {
          "uv": [
            7.11111,
            11.11111,
            7.77778,
            12
          ],
          "texture": "#1"
        },
        "east": {
          "uv": [
            8,
            11.11111,
            8.66667,
            12
          ],
          "texture": "#1"
        },
        "south": {
          "uv": [
            8.88889,
            11.11111,
            9.55556,
            12
          ],
          "texture": "#1"
        },
        "west": {
          "uv": [
            9.77778,
            11.55556,
            10.44444,
            12.44444
          ],
          "texture": "#1"
        },
        "up": {
          "uv": [
            3.33333,
            12.66667,
            2.66667,
            12
          ],
          "texture": "#1"
        },
        "down": {
          "uv": [
            6.88889,
            12,
            6.22222,
            12.66667
          ],
          "texture": "#1"
        }
      }
    },
    {
      "from": [
        3.75,
        5,
        3.75
      ],
      "to": [
        5,
        6.5,
        5
      ],
      "rotation": {
        "angle": 0,
        "axis": "y",
        "origin": [
          8,
          8,
          8
        ]
      },
      "faces": {
        "north": {
          "uv": [
            5.33333,
            12.44444,
            5.88889,
            13.11111
          ],
          "texture": "#1"
        },
        "east": {
          "uv": [
            12.44444,
            9.33333,
            13,
            10
          ],
          "texture": "#1"
        },
        "south": {
          "uv": [
            9.77778,
            12.44444,
            10.33333,
            13.11111
          ],
          "texture": "#1"
        },
        "west": {
          "uv": [
            12.44444,
            10.22222,
            13,
            10.88889
          ],
          "texture": "#1"
        }
      }
    },
    {
      "from": [
        7,
        7,
        3
      ],
      "to": [
        9,
        9,
        4
      ],
      "rotation": {
        "angle": -45,
        "axis": "z",
        "origin": [
          8,
          8,
          8
        ]
      },
      "faces": {
        "north": {
          "uv": [
            9.77778,
            10.66667,
            10.66667,
            11.55556
          ],
          "texture": "#1"
        },
        "east": {
          "uv": [
            8.88889,
            12,
            9.33333,
            12.88889
          ],
          "texture": "#1"
        },
        "south": {
          "uv": [
            10.66667,
            10.66667,
            11.55556,
            11.55556
          ],
          "texture": "#1"
        },
        "west": {
          "uv": [
            9.33333,
            12,
            9.77778,
            12.88889
          ],
          "texture": "#1"
        },
        "up": {
          "uv": [
            11.55556,
            9.77778,
            10.66667,
            9.33333
          ],
          "texture": "#1"
        },
        "down": {
          "uv": [
            12.44444,
            9.33333,
            11.55556,
            9.77778
          ],
          "texture": "#1"
        }
      }
    },
    {
      "from": [
        -0.2832,
        3,
        7.975
      ],
      "to": [
        1.7168,
        9.5,
        8.025
      ],
      "rotation": {
        "angle": -45,
        "axis": "y",
        "origin": [
          8,
          8,
          8
        ]
      },
      "faces": {
        "north": {
          "uv": [
            5.33333,
            9.33333,
            6.22222,
            12.22222
          ],
          "texture": "#1"
        },
        "south": {
          "uv": [
            6.22222,
            9.33333,
            5.33333,
            12.22222
          ],
          "texture": "#1"
        }
      }
    },
    {
      "from": [
        14.2832,
        3,
        7.975
      ],
      "to": [
        16.2832,
        9.5,
        8.025
      ],
      "rotation": {
        "angle": 45,
        "axis": "y",
        "origin": [
          8,
          8,
          8
        ]
      },
      "faces": {
        "north": {
          "uv": [
            6.22222,
            9.33333,
            5.33333,
            12.22222
          ],
          "texture": "#1"
        },
        "south": {
          "uv": [
            5.33333,
            9.33333,
            6.22222,
            12.22222
          ],
          "texture": "#1"
        }
      }
    },
    {
      "from": [
        -0.2832,
        3,
        7.975
      ],
      "to": [
        1.7168,
        9.5,
        8.025
      ],
      "rotation": {
        "angle": 45,
        "axis": "y",
        "origin": [
          8,
          8,
          8
        ]
      },
      "faces": {
        "north": {
          "uv": [
            5.33333,
            9.33333,
            6.22222,
            12.22222
          ],
          "texture": "#1"
        },
        "south": {
          "uv": [
            6.22222,
            9.33333,
            5.33333,
            12.22222
          ],
          "texture": "#1"
        }
      }
    },
    {
      "from": [
        14.2832,
        3,
        7.975
      ],
      "to": [
        16.2832,
        9.5,
        8.025
      ],
      "rotation": {
        "angle": -45,
        "axis": "y",
        "origin": [
          8,
          8,
          8
        ]
      },
      "faces": {
        "north": {
          "uv": [
            6.22222,
            9.33333,
            5.33333,
            12.22222
          ],
          "texture": "#1"
        },
        "south": {
          "uv": [
            5.33333,
            9.33333,
            6.22222,
            12.22222
          ],
          "texture": "#1"
        }
      }
    },
    {
      "from": [
        3.5,
        3,
        5
      ],
      "to": [
        5,
        4,
        11
      ],
      "rotation": {
        "angle": 0,
        "axis": "y",
        "origin": [
          8,
          8,
          8
        ]
      },
      "faces": {
        "east": {
          "uv": [
            10.66667,
            8,
            13.33333,
            8.44444
          ],
          "texture": "#1"
        },
        "west": {
          "uv": [
            10.66667,
            7.55556,
            13.33333,
            8
          ],
          "texture": "#1"
        },
        "up": {
          "uv": [
            13.33333,
            2.44444,
            10.66667,
            1.77778
          ],
          "rotation": 270,
          "texture": "#1"
        },
        "down": {
          "uv": [
            13.33333,
            2.66667,
            10.66667,
            3.33333
          ],
          "rotation": 90,
          "texture": "#1"
        }
      }
    },
    {
      "from": [
        11,
        3,
        3.5
      ],
      "to": [
        12.5,
        5,
        5
      ],
      "rotation": {
        "angle": 0,
        "axis": "y",
        "origin": [
          8,
          8,
          8
        ]
      },
      "faces": {
        "north": {
          "uv": [
            7.77778,
            11.11111,
            7.11111,
            12
          ],
          "texture": "#1"
        },
        "east": {
          "uv": [
            10.44444,
            11.55556,
            9.77778,
            12.44444
          ],
          "texture": "#1"
        },
        "south": {
          "uv": [
            9.55556,
            11.11111,
            8.88889,
            12
          ],
          "texture": "#1"
        },
        "west": {
          "uv": [
            8.66667,
            11.11111,
            8,
            12
          ],
          "texture": "#1"
        },
        "up": {
          "uv": [
            2.66667,
            12.66667,
            3.33333,
            12
          ],
          "texture": "#1"
        },
        "down": {
          "uv": [
            6.22222,
            12,
            6.88889,
            12.66667
          ],
          "texture": "#1"
        }
      }
    },
    {
      "from": [
        11,
        5,
        3.75
      ],
      "to": [
        12.25,
        6.5,
        5
      ],
      "rotation": {
        "angle": 0,
        "axis": "y",
        "origin": [
          8,
          8,
          8
        ]
      },
      "faces": {
        "north": {
          "uv": [
            5.88889,
            12.44444,
            5.33333,
            13.11111
          ],
          "texture": "#1"
        },
        "east": {
          "uv": [
            13,
            10.22222,
            12.44444,
            10.88889
          ],
          "texture": "#1"
        },
        "south": {
          "uv": [
            10.33333,
            12.44444,
            9.77778,
            13.11111
          ],
          "texture": "#1"
        },
        "west": {
          "uv": [
            13,
            9.33333,
            12.44444,
            10
          ],
          "texture": "#1"
        }
      }
    },
    {
      "from": [
        11,
        6.5,
        3.5
      ],
      "to": [
        12.5,
        8.5,
        5
      ],
      "rotation": {
        "angle": 0,
        "axis": "y",
        "origin": [
          8,
          8,
          8
        ]
      },
      "faces": {
        "north": {
          "uv": [
            0.66667,
            11.11111,
            0,
            12
          ],
          "texture": "#1"
        },
        "east": {
          "uv": [
            3.33333,
            11.11111,
            2.66667,
            12
          ],
          "texture": "#1"
        },
        "south": {
          "uv": [
            2.44444,
            11.11111,
            1.77778,
            12
          ],
          "texture": "#1"
        },
        "west": {
          "uv": [
            1.55556,
            11.11111,
            0.88889,
            12
          ],
          "texture": "#1"
        },
        "up": {
          "uv": [
            0.88889,
            12.66667,
            1.55556,
            12
          ],
          "texture": "#1"
        },
        "down": {
          "uv": [
            1.77778,
            12,
            2.44444,
            12.66667
          ],
          "texture": "#1"
        }
      }
    },
    {
      "from": [
        3.5,
        7.5,
        5
      ],
      "to": [
        5,
        8.5,
        11
      ],
      "rotation": {
        "angle": 0,
        "axis": "y",
        "origin": [
          8,
          8,
          8
        ]
      },
      "faces": {
        "north": {
          "uv": [
            0.88889,
            12.88889,
            1.55556,
            13.33333
          ],
          "texture": "#1"
        },
        "east": {
          "uv": [
            7.11111,
            10.66667,
            9.77778,
            11.11111
          ],
          "texture": "#1"
        },
        "south": {
          "uv": [
            0,
            12.88889,
            0.66667,
            13.33333
          ],
          "texture": "#1"
        },
        "west": {
          "uv": [
            10.66667,
            7.11111,
            13.33333,
            7.55556
          ],
          "texture": "#1"
        },
        "up": {
          "uv": [
            13.33333,
            0.66667,
            10.66667,
            0
          ],
          "rotation": 90,
          "texture": "#1"
        },
        "down": {
          "uv": [
            13.33333,
            0.88889,
            10.66667,
            1.55556
          ],
          "rotation": 270,
          "texture": "#1"
        }
      }
    },
    {
      "from": [
        11,
        7.5,
        5
      ],
      "to": [
        12.5,
        8.5,
        11
      ],
      "rotation": {
        "angle": 0,
        "axis": "y",
        "origin": [
          8,
          8,
          8
        ]
      },
      "faces": {
        "north": {
          "uv": [
            1.55556,
            12.88889,
            0.88889,
            13.33333
          ],
          "texture": "#1"
        },
        "east": {
          "uv": [
            13.33333,
            7.11111,
            10.66667,
            7.55556
          ],
          "texture": "#1"
        },
        "south": {
          "uv": [
            0.66667,
            12.88889,
            0,
            13.33333
          ],
          "texture": "#1"
        },
        "west": {
          "uv": [
            9.77778,
            10.66667,
            7.11111,
            11.11111
          ],
          "texture": "#1"
        },
        "up": {
          "uv": [
            13.33333,
            0,
            10.66667,
            0.66667
          ],
          "rotation": 90,
          "texture": "#1"
        },
        "down": {
          "uv": [
            13.33333,
            1.55556,
            10.66667,
            0.88889
          ],
          "rotation": 270,
          "texture": "#1"
        }
      }
    },
    {
      "from": [
        11,
        3,
        11
      ],
      "to": [
        12.5,
        5,
        12.5
      ],
      "rotation": {
        "angle": 0,
        "axis": "y",
        "origin": [
          8,
          8,
          8
        ]
      },
      "faces": {
        "north": {
          "uv": [
            8.88889,
            11.11111,
            9.55556,
            12
          ],
          "texture": "#1"
        },
        "east": {
          "uv": [
            9.77778,
            11.55556,
            10.44444,
            12.44444
          ],
          "texture": "#1"
        },
        "south": {
          "uv": [
            7.11111,
            11.11111,
            7.77778,
            12
          ],
          "texture": "#1"
        },
        "west": {
          "uv": [
            8,
            11.11111,
            8.66667,
            12
          ],
          "texture": "#1"
        },
        "up": {
          "uv": [
            2.66667,
            12,
            3.33333,
            12.66667
          ],
          "texture": "#1"
        },
        "down": {
          "uv": [
            6.22222,
            12.66667,
            6.88889,
            12
          ],
          "texture": "#1"
        }
      }
    },
    {
      "from": [
        11,
        5,
        11
      ],
      "to": [
        12.25,
        6.5,
        12.25
      ],
      "rotation": {
        "angle": 0,
        "axis": "y",
        "origin": [
          8,
          8,
          8
        ]
      },
      "faces": {
        "north": {
          "uv": [
            9.77778,
            12.44444,
            10.33333,
            13.11111
          ],
          "texture": "#1"
        },
        "east": {
          "uv": [
            12.44444,
            10.22222,
            13,
            10.88889
          ],
          "texture": "#1"
        },
        "south": {
          "uv": [
            5.33333,
            12.44444,
            5.88889,
            13.11111
          ],
          "texture": "#1"
        },
        "west": {
          "uv": [
            12.44444,
            9.33333,
            13,
            10
          ],
          "texture": "#1"
        }
      }
    },
    {
      "from": [
        11,
        6.5,
        11
      ],
      "to": [
        12.5,
        8.5,
        12.5
      ],
      "rotation": {
        "angle": 0,
        "axis": "y",
        "origin": [
          8,
          8,
          8
        ]
      },
      "faces": {
        "north": {
          "uv": [
            1.77778,
            11.11111,
            2.44444,
            12
          ],
          "texture": "#1"
        },
        "east": {
          "uv": [
            2.66667,
            11.11111,
            3.33333,
            12
          ],
          "texture": "#1"
        },
        "south": {
          "uv": [
            0,
            11.11111,
            0.66667,
            12
          ],
          "texture": "#1"
        },
        "west": {
          "uv": [
            0.88889,
            11.11111,
            1.55556,
            12
          ],
          "texture": "#1"
        },
        "up": {
          "uv": [
            0.88889,
            12,
            1.55556,
            12.66667
          ],
          "texture": "#1"
        },
        "down": {
          "uv": [
            1.77778,
            12.66667,
            2.44444,
            12
          ],
          "texture": "#1"
        }
      }
    },
    {
      "from": [
        3.75,
        5,
        11
      ],
      "to": [
        5,
        6.5,
        12.25
      ],
      "rotation": {
        "angle": 0,
        "axis": "y",
        "origin": [
          8,
          8,
          8
        ]
      },
      "faces": {
        "north": {
          "uv": [
            10.33333,
            12.44444,
            9.77778,
            13.11111
          ],
          "texture": "#1"
        },
        "east": {
          "uv": [
            13,
            9.33333,
            12.44444,
            10
          ],
          "texture": "#1"
        },
        "south": {
          "uv": [
            5.88889,
            12.44444,
            5.33333,
            13.11111
          ],
          "texture": "#1"
        },
        "west": {
          "uv": [
            13,
            10.22222,
            12.44444,
            10.88889
          ],
          "texture": "#1"
        }
      }
    },
    {
      "from": [
        3.5,
        3,
        11
      ],
      "to": [
        5,
        5,
        12.5
      ],
      "rotation": {
        "angle": 0,
        "axis": "y",
        "origin": [
          8,
          8,
          8
        ]
      },
      "faces": {
        "north": {
          "uv": [
            9.55556,
            11.11111,
            8.88889,
            12
          ],
          "texture": "#1"
        },
        "east": {
          "uv": [
            8.66667,
            11.11111,
            8,
            12
          ],
          "texture": "#1"
        },
        "south": {
          "uv": [
            7.77778,
            11.11111,
            7.11111,
            12
          ],
          "texture": "#1"
        },
        "west": {
          "uv": [
            10.44444,
            11.55556,
            9.77778,
            12.44444
          ],
          "texture": "#1"
        },
        "up": {
          "uv": [
            3.33333,
            12,
            2.66667,
            12.66667
          ],
          "texture": "#1"
        },
        "down": {
          "uv": [
            6.88889,
            12.66667,
            6.22222,
            12
          ],
          "texture": "#1"
        }
      }
    },
    {
      "from": [
        3.5,
        6.5,
        11
      ],
      "to": [
        5,
        8.5,
        12.5
      ],
      "rotation": {
        "angle": 0,
        "axis": "y",
        "origin": [
          8,
          8,
          8
        ]
      },
      "faces": {
        "north": {
          "uv": [
            2.44444,
            11.11111,
            1.77778,
            12
          ],
          "texture": "#1"
        },
        "east": {
          "uv": [
            1.55556,
            11.11111,
            0.88889,
            12
          ],
          "texture": "#1"
        },
        "south": {
          "uv": [
            0.66667,
            11.11111,
            0,
            12
          ],
          "texture": "#1"
        },
        "west": {
          "uv": [
            3.33333,
            11.11111,
            2.66667,
            12
          ],
          "texture": "#1"
        },
        "up": {
          "uv": [
            1.55556,
            12,
            0.88889,
            12.66667
          ],
          "texture": "#1"
        },
        "down": {
          "uv": [
            2.44444,
            12.66667,
            1.77778,
            12
          ],
          "texture": "#1"
        }
      }
    },
    {
      "from": [
        11,
        3,
        5
      ],
      "to": [
        12.5,
        4,
        11
      ],
      "rotation": {
        "angle": 0,
        "axis": "y",
        "origin": [
          8,
          8,
          8
        ]
      },
      "faces": {
        "east": {
          "uv": [
            13.33333,
            7.55556,
            10.66667,
            8
          ],
          "texture": "#1"
        },
        "west": {
          "uv": [
            13.33333,
            8,
            10.66667,
            8.44444
          ],
          "texture": "#1"
        },
        "up": {
          "uv": [
            13.33333,
            1.77778,
            10.66667,
            2.44444
          ],
          "rotation": 270,
          "texture": "#1"
        },
        "down": {
          "uv": [
            13.33333,
            3.33333,
            10.66667,
            2.66667
          ],
          "rotation": 90,
          "texture": "#1"
        }
      }
    },
    {
      "from": [
        5,
        3,
        11
      ],
      "to": [
        11,
        4,
        12.5
      ],
      "rotation": {
        "angle": 0,
        "axis": "y",
        "origin": [
          8,
          8,
          8
        ]
      },
      "faces": {
        "north": {
          "uv": [
            13.33333,
            8,
            10.66667,
            8.44444
          ],
          "texture": "#1"
        },
        "south": {
          "uv": [
            13.33333,
            7.55556,
            10.66667,
            8
          ],
          "texture": "#1"
        },
        "up": {
          "uv": [
            13.33333,
            1.77778,
            10.66667,
            2.44444
          ],
          "texture": "#1"
        },
        "down": {
          "uv": [
            13.33333,
            3.33333,
            10.66667,
            2.66667
          ],
          "texture": "#1"
        }
      }
    },
    {
      "from": [
        8.8,
        3.33986,
        3.725
      ],
      "to": [
        10.6,
        7.53986,
        3.775
      ],
      "rotation": {
        "angle": 0,
        "axis": "y",
        "origin": [
          9.7,
          5.43986,
          3.8
        ]
      },
      "faces": {
        "north": {
          "uv": [
            3.5,
            0,
            0,
            8.5
          ],
          "texture": "#0"
        },
        "south": {
          "uv": [
            0,
            0,
            3.5,
            8.5
          ],
          "texture": "#0"
        }
      }
    },
    {
      "from": [
        5.4,
        3.33986,
        3.725
      ],
      "to": [
        7.2,
        7.53986,
        3.775
      ],
      "rotation": {
        "angle": 0,
        "axis": "y",
        "origin": [
          6.3,
          5.43986,
          3.8
        ]
      },
      "faces": {
        "north": {
          "uv": [
            0,
            0,
            3.5,
            8.5
          ],
          "texture": "#0"
        },
        "south": {
          "uv": [
            3.5,
            0,
            0,
            8.5
          ],
          "texture": "#0"
        }
      }
    },
    {
      "from": [
        8.8,
        3.33986,
        12.225
      ],
      "to": [
        10.6,
        7.53986,
        12.275
      ],
      "rotation": {
        "angle": 0,
        "axis": "y",
        "origin": [
          9.7,
          5.43986,
          12.2
        ]
      },
      "faces": {
        "north": {
          "uv": [
            3.5,
            0,
            0,
            8.5
          ],
          "texture": "#0"
        },
        "south": {
          "uv": [
            0,
            0,
            3.5,
            8.5
          ],
          "texture": "#0"
        }
      }
    },
    {
      "from": [
        5.4,
        3.33986,
        12.225
      ],
      "to": [
        7.2,
        7.53986,
        12.275
      ],
      "rotation": {
        "angle": 0,
        "axis": "y",
        "origin": [
          6.3,
          5.43986,
          12.2
        ]
      },
      "faces": {
        "north": {
          "uv": [
            0,
            0,
            3.5,
            8.5
          ],
          "texture": "#0"
        },
        "south": {
          "uv": [
            3.5,
            0,
            0,
            8.5
          ],
          "texture": "#0"
        }
      }
    },
    {
      "from": [
        12.225,
        3.33986,
        5.4
      ],
      "to": [
        12.275,
        7.53986,
        7.2
      ],
      "rotation": {
        "angle": 0,
        "axis": "y",
        "origin": [
          8,
          5.43986,
          8
        ]
      },
      "faces": {
        "east": {
          "uv": [
            0,
            0,
            3.5,
            8.5
          ],
          "texture": "#0"
        },
        "west": {
          "uv": [
            3.5,
            0,
            0,
            8.5
          ],
          "texture": "#0"
        }
      }
    },
    {
      "from": [
        12.225,
        3.33986,
        8.8
      ],
      "to": [
        12.275,
        7.53986,
        10.6
      ],
      "rotation": {
        "angle": 0,
        "axis": "y",
        "origin": [
          8,
          5.43986,
          8
        ]
      },
      "faces": {
        "east": {
          "uv": [
            3.5,
            0,
            0,
            8.5
          ],
          "texture": "#0"
        },
        "west": {
          "uv": [
            0,
            0,
            3.5,
            8.5
          ],
          "texture": "#0"
        }
      }
    },
    {
      "from": [
        3.725,
        3.33986,
        5.4
      ],
      "to": [
        3.775,
        7.53986,
        7.2
      ],
      "rotation": {
        "angle": 0,
        "axis": "y",
        "origin": [
          8,
          5.43986,
          8
        ]
      },
      "faces": {
        "east": {
          "uv": [
            0,
            0,
            3.5,
            8.5
          ],
          "texture": "#0"
        },
        "west": {
          "uv": [
            3.5,
            0,
            0,
            8.5
          ],
          "texture": "#0"
        }
      }
    },
    {
      "from": [
        3.725,
        3.33986,
        8.8
      ],
      "to": [
        3.775,
        7.53986,
        10.6
      ],
      "rotation": {
        "angle": 0,
        "axis": "y",
        "origin": [
          8,
          5.43986,
          8
        ]
      },
      "faces": {
        "east": {
          "uv": [
            3.5,
            0,
            0,
            8.5
          ],
          "texture": "#0"
        },
        "west": {
          "uv": [
            0,
            0,
            3.5,
            8.5
          ],
          "texture": "#0"
        }
      }
    }
  ],
  "gui_light": "front",
  "display": {
    "thirdperson_righthand": {
      "rotation": [
        60,
        0,
        0
      ],
      "translation": [
        0,
        2.25,
        1.5
      ],
      "scale": [
        0.51563,
        0.51563,
        0.51563
      ]
    },
    "thirdperson_lefthand": {
      "rotation": [
        60,
        0,
        0
      ],
      "translation": [
        0,
        2.25,
        1.5
      ],
      "scale": [
        0.51563,
        0.51563,
        0.51563
      ]
    },
    "firstperson_righthand": {
      "rotation": [
        160.25,
        0,
        180
      ],
      "translation": [
        -2.5,
        4.25,
        1.5
      ],
      "scale": [
        0.71484,
        0.71484,
        0.71484
      ]
    },
    "firstperson_lefthand": {
      "rotation": [
        160.25,
        0,
        180
      ],
      "translation": [
        -2.5,
        4.25,
        1.5
      ],
      "scale": [
        0.71484,
        0.71484,
        0.71484
      ]
    },
    "ground": {
      "translation": [
        0,
        7.75,
        0
      ]
    },
    "gui": {
      "rotation": [
        0,
        135,
        0
      ],
      "translation": [
        0,
        -0.25,
        0
      ]
    },
    "head": {
      "rotation": [
        0,
        180,
        0
      ],
      "translation": [
        0,
        -29.75,
        0
      ],
      "scale": [
        3.59,
        3.18,
        2.96
      ]
    },
    "fixed": {
      "rotation": [
        -90,
        0,
        0
      ],
      "translation": [
        0,
        0,
        -17.25
      ],
      "scale": [
        3.44726,
        3.44726,
        3.44726
      ]
    }
  },
  "groups": [
    {
      "name": "group",
      "origin": [
        12.5,
        3.5,
        12.5
      ],
      "color": 0,
      "children": [
        0,
        1,
        2,
        3,
        4,
        5,
        6,
        7,
        8,
        9,
        10,
        11,
        12,
        13,
        14,
        15,
        16,
        17,
        18
      ]
    },
    {
      "name": "group",
      "origin": [
        12.5,
        3.5,
        12.5
      ],
      "color": 0,
      "children": [
        19,
        20,
        21,
        22,
        23,
        24,
        25,
        26,
        27,
        28,
        29,
        30,
        31,
        32,
        33,
        34,
        35,
        36,
        37,
        38,
        39,
        40,
        41,
        42,
        43,
        44
      ]
    },
    45,
    46,
    47,
    48,
    49,
    50,
    51,
    52
  ]
}