{
  "credit": "MadebyPolygonMC",
  "texture_size": [
    20,
    20
  ],
  "textures": {
    "0": "lunarset:animations_2",
    "2": "lunarset:crossbow",
    "particle": "lunarset:animations_2"
  },
  "elements": [
    {
      "from": [
        7.5,
        7.5,
        5
      ],
      "to": [
        8.5,
        8.5,
        9
      ],
      "rotation": {
        "angle": 0,
        "axis": "y",
        "origin": [
          7.5,
          6.5,
          7
        ]
      },
      "faces": {
        "east": {
          "uv": [
            3.2,
            7.2,
            6.4,
            8
          ],
          "texture": "#2"
        },
        "west": {
          "uv": [
            7.2,
            3.2,
            10.4,
            4
          ],
          "texture": "#2"
        },
        "up": {
          "uv": [
            7.2,
            10.4,
            6.4,
            7.2
          ],
          "texture": "#2"
        },
        "down": {
          "uv": [
            8,
            7.2,
            7.2,
            10.4
          ],
          "texture": "#2"
        }
      }
    },
    {
      "from": [
        7,
        8,
        3
      ],
      "to": [
        7.5,
        8.5,
        9
      ],
      "rotation": {
        "angle": 0,
        "axis": "y",
        "origin": [
          6.5,
          6.5,
          7
        ]
      },
      "faces": {
        "north": {
          "uv": [
            12.8,
            3.2,
            13.2,
            3.6
          ],
          "texture": "#2"
        },
        "east": {
          "uv": [
            7.2,
            5.6,
            12,
            6
          ],
          "texture": "#2"
        },
        "south": {
          "uv": [
            12.8,
            4,
            13.2,
            4.4
          ],
          "texture": "#2"
        },
        "west": {
          "uv": [
            8,
            7.2,
            12.8,
            7.6
          ],
          "texture": "#2"
        },
        "up": {
          "uv": [
            5.2,
            12.8,
            4.8,
            8
          ],
          "texture": "#2"
        },
        "down": {
          "uv": [
            6,
            8,
            5.6,
            12.8
          ],
          "texture": "#2"
        }
      }
    },
    {
      "from": [
        8.5,
        8,
        3
      ],
      "to": [
        9,
        8.5,
        9
      ],
      "rotation": {
        "angle": 0,
        "axis": "y",
        "origin": [
          9.5,
          6.5,
          7
        ]
      },
      "faces": {
        "north": {
          "uv": [
            4.8,
            12.8,
            5.2,
            13.2
          ],
          "texture": "#2"
        },
        "east": {
          "uv": [
            8,
            8,
            12.8,
            8.4
          ],
          "texture": "#2"
        },
        "south": {
          "uv": [
            5.6,
            12.8,
            6,
            13.2
          ],
          "texture": "#2"
        },
        "west": {
          "uv": [
            8.8,
            0,
            13.6,
            0.4
          ],
          "texture": "#2"
        },
        "up": {
          "uv": [
            8.4,
            13.6,
            8,
            8.8
          ],
          "texture": "#2"
        },
        "down": {
          "uv": [
            9.2,
            8.8,
            8.8,
            13.6
          ],
          "texture": "#2"
        }
      }
    },
    {
      "from": [
        7.44,
        7.315,
        3.78
      ],
      "to": [
        8.56,
        8.435,
        6.02
      ],
      "rotation": {
        "angle": 45,
        "axis": "x",
        "origin": [
          8,
          7.875,
          4.9
        ]
      },
      "faces": {
        "north": {
          "uv": [
            3.2,
            11.2,
            4,
            12
          ],
          "texture": "#2"
        },
        "east": {
          "uv": [
            8.8,
            0.8,
            10.6,
            1.6
          ],
          "texture": "#2"
        },
        "south": {
          "uv": [
            11.2,
            3.2,
            12,
            4
          ],
          "texture": "#2"
        },
        "west": {
          "uv": [
            8.8,
            1.6,
            10.6,
            2.4
          ],
          "texture": "#2"
        },
        "up": {
          "uv": [
            10.4,
            10.6,
            9.6,
            8.8
          ],
          "texture": "#2"
        },
        "down": {
          "uv": [
            11.2,
            2.4,
            10.4,
            4.2
          ],
          "texture": "#2"
        }
      }
    },
    {
      "from": [
        7.44,
        6.82706,
        8.27598
      ],
      "to": [
        8.56,
        7.94706,
        11.51598
      ],
      "rotation": {
        "angle": 45,
        "axis": "x",
        "origin": [
          8,
          7.38706,
          9.39598
        ]
      },
      "faces": {
        "north": {
          "uv": [
            4,
            11.2,
            4.8,
            12
          ],
          "texture": "#2"
        },
        "east": {
          "uv": [
            7.2,
            4,
            9.8,
            4.8
          ],
          "texture": "#2"
        },
        "south": {
          "uv": [
            11.2,
            4,
            12,
            4.8
          ],
          "texture": "#2"
        },
        "west": {
          "uv": [
            7.2,
            4.8,
            9.8,
            5.6
          ],
          "texture": "#2"
        },
        "up": {
          "uv": [
            4,
            10.6,
            3.2,
            8
          ],
          "texture": "#2"
        },
        "down": {
          "uv": [
            4.8,
            8,
            4,
            10.6
          ],
          "texture": "#2"
        }
      }
    },
    {
      "from": [
        7.55,
        7.075,
        9.5
      ],
      "to": [
        8.45,
        8.075,
        14.5
      ],
      "rotation": {
        "angle": 0,
        "axis": "y",
        "origin": [
          7.75,
          7.075,
          9.5
        ]
      },
      "faces": {
        "east": {
          "uv": [
            1.6,
            6.4,
            5.6,
            7.2
          ],
          "texture": "#2"
        },
        "south": {
          "uv": [
            11.2,
            6.4,
            12,
            7.2
          ],
          "texture": "#2"
        },
        "west": {
          "uv": [
            5.6,
            6.4,
            9.6,
            7.2
          ],
          "texture": "#2"
        },
        "up": {
          "uv": [
            2.4,
            11.2,
            1.6,
            7.2
          ],
          "texture": "#2"
        },
        "down": {
          "uv": [
            3.2,
            7.2,
            2.4,
            11.2
          ],
          "texture": "#2"
        }
      }
    },
    {
      "from": [
        7.55,
        6.075,
        13.5
      ],
      "to": [
        8.45,
        7.075,
        14.5
      ],
      "rotation": {
        "angle": 0,
        "axis": "y",
        "origin": [
          7.75,
          6.075,
          9.5
        ]
      },
      "faces": {
        "north": {
          "uv": [
            11.2,
            8.8,
            12,
            9.6
          ],
          "texture": "#2"
        },
        "east": {
          "uv": [
            9.6,
            11.2,
            10.4,
            12
          ],
          "texture": "#2"
        },
        "south": {
          "uv": [
            11.2,
            9.6,
            12,
            10.4
          ],
          "texture": "#2"
        },
        "west": {
          "uv": [
            10.4,
            11.2,
            11.2,
            12
          ],
          "texture": "#2"
        },
        "up": {
          "uv": [
            12,
            12,
            11.2,
            11.2
          ],
          "texture": "#2"
        },
        "down": {
          "uv": [
            2.4,
            12,
            1.6,
            12.8
          ],
          "texture": "#2"
        }
      }
    },
    {
      "from": [
        7.555,
        6.28211,
        12.575
      ],
      "to": [
        8.445,
        7.28211,
        14
      ],
      "rotation": {
        "angle": 45,
        "axis": "x",
        "origin": [
          8.005,
          6.78211,
          13.5
        ]
      },
      "faces": {
        "east": {
          "uv": [
            8.8,
            2.4,
            10,
            3.2
          ],
          "texture": "#2"
        },
        "west": {
          "uv": [
            9.6,
            6.4,
            10.8,
            7.2
          ],
          "texture": "#2"
        },
        "down": {
          "uv": [
            11.2,
            8.8,
            10.4,
            10
          ],
          "texture": "#2"
        }
      }
    },
    {
      "from": [
        6.5,
        8,
        3
      ],
      "to": [
        7,
        10,
        4
      ],
      "rotation": {
        "angle": 0,
        "axis": "y",
        "origin": [
          6.5,
          8,
          3
        ]
      },
      "faces": {
        "north": {
          "uv": [
            2.4,
            12,
            2.8,
            13.6
          ],
          "texture": "#2"
        },
        "east": {
          "uv": [
            6.4,
            10.4,
            7.2,
            12
          ],
          "texture": "#2"
        },
        "south": {
          "uv": [
            3.2,
            12,
            3.6,
            13.6
          ],
          "texture": "#2"
        },
        "west": {
          "uv": [
            7.2,
            10.4,
            8,
            12
          ],
          "texture": "#2"
        },
        "up": {
          "uv": [
            11.6,
            12.8,
            11.2,
            12
          ],
          "texture": "#2"
        },
        "down": {
          "uv": [
            12.4,
            11.2,
            12,
            12
          ],
          "texture": "#2"
        }
      }
    },
    {
      "from": [
        5,
        8.75,
        3.25
      ],
      "to": [
        6.5,
        9.75,
        3.75
      ],
      "rotation": {
        "angle": 0,
        "axis": "x",
        "origin": [
          6.5,
          8.75,
          3.75
        ]
      },
      "faces": {
        "north": {
          "uv": [
            10.4,
            4.8,
            11.6,
            5.6
          ],
          "texture": "#2"
        },
        "south": {
          "uv": [
            10.4,
            10.4,
            11.6,
            11.2
          ],
          "texture": "#2"
        },
        "up": {
          "uv": [
            13.2,
            5.2,
            12,
            4.8
          ],
          "texture": "#2"
        },
        "down": {
          "uv": [
            13.2,
            5.6,
            12,
            6
          ],
          "texture": "#2"
        }
      }
    },
    {
      "from": [
        3.69134,
        8.75,
        3.21194
      ],
      "to": [
        5.19134,
        9.75,
        3.71194
      ],
      "rotation": {
        "angle": 22.5,
        "axis": "y",
        "origin": [
          5.19134,
          8.75,
          3.71194
        ]
      },
      "faces": {
        "north": {
          "uv": [
            11.2,
            0.8,
            12.4,
            1.6
          ],
          "texture": "#2"
        },
        "south": {
          "uv": [
            1.6,
            11.2,
            2.8,
            12
          ],
          "texture": "#2"
        },
        "up": {
          "uv": [
            7.6,
            12.4,
            6.4,
            12
          ],
          "texture": "#2"
        },
        "down": {
          "uv": [
            13.2,
            6.4,
            12,
            6.8
          ],
          "texture": "#2"
        }
      }
    },
    {
      "from": [
        2.58385,
        8.75,
        4.45791
      ],
      "to": [
        4.08385,
        9.75,
        4.95791
      ],
      "rotation": {
        "angle": 45,
        "axis": "y",
        "origin": [
          3.08385,
          9.25,
          4.70791
        ]
      },
      "faces": {
        "north": {
          "uv": [
            11.2,
            1.6,
            12.4,
            2.4
          ],
          "texture": "#2"
        },
        "south": {
          "uv": [
            11.2,
            2.4,
            12.4,
            3.2
          ],
          "texture": "#2"
        },
        "west": {
          "uv": [
            12,
            12,
            12.4,
            12.8
          ],
          "texture": "#2"
        },
        "up": {
          "uv": [
            13.2,
            9.2,
            12,
            8.8
          ],
          "texture": "#2"
        },
        "down": {
          "uv": [
            10.8,
            12,
            9.6,
            12.4
          ],
          "texture": "#2"
        }
      }
    },
    {
      "from": [
        9,
        8,
        3
      ],
      "to": [
        9.5,
        10,
        4
      ],
      "rotation": {
        "angle": 0,
        "axis": "y",
        "origin": [
          9.5,
          8,
          3
        ]
      },
      "faces": {
        "north": {
          "uv": [
            2.8,
            12,
            2.4,
            13.6
          ],
          "texture": "#2"
        },
        "east": {
          "uv": [
            8,
            10.4,
            7.2,
            12
          ],
          "texture": "#2"
        },
        "south": {
          "uv": [
            3.6,
            12,
            3.2,
            13.6
          ],
          "texture": "#2"
        },
        "west": {
          "uv": [
            7.2,
            10.4,
            6.4,
            12
          ],
          "texture": "#2"
        },
        "up": {
          "uv": [
            11.2,
            12.8,
            11.6,
            12
          ],
          "texture": "#2"
        },
        "down": {
          "uv": [
            12,
            11.2,
            12.4,
            12
          ],
          "texture": "#2"
        }
      }
    },
    {
      "from": [
        9.5,
        8.75,
        3.25
      ],
      "to": [
        11,
        9.75,
        3.75
      ],
      "rotation": {
        "angle": 0,
        "axis": "x",
        "origin": [
          9.5,
          8.75,
          3.75
        ]
      },
      "faces": {
        "north": {
          "uv": [
            11.6,
            4.8,
            10.4,
            5.6
          ],
          "texture": "#2"
        },
        "south": {
          "uv": [
            11.6,
            10.4,
            10.4,
            11.2
          ],
          "texture": "#2"
        },
        "up": {
          "uv": [
            12,
            5.2,
            13.2,
            4.8
          ],
          "texture": "#2"
        },
        "down": {
          "uv": [
            12,
            5.6,
            13.2,
            6
          ],
          "texture": "#2"
        }
      }
    },
    {
      "from": [
        10.80866,
        8.75,
        3.21194
      ],
      "to": [
        12.30866,
        9.75,
        3.71194
      ],
      "rotation": {
        "angle": -22.5,
        "axis": "y",
        "origin": [
          10.80866,
          8.75,
          3.71194
        ]
      },
      "faces": {
        "north": {
          "uv": [
            12.4,
            0.8,
            11.2,
            1.6
          ],
          "texture": "#2"
        },
        "south": {
          "uv": [
            2.8,
            11.2,
            1.6,
            12
          ],
          "texture": "#2"
        },
        "up": {
          "uv": [
            6.4,
            12.4,
            7.6,
            12
          ],
          "texture": "#2"
        },
        "down": {
          "uv": [
            12,
            6.4,
            13.2,
            6.8
          ],
          "texture": "#2"
        }
      }
    },
    {
      "from": [
        11.91615,
        8.75,
        4.45791
      ],
      "to": [
        13.41615,
        9.75,
        4.95791
      ],
      "rotation": {
        "angle": -45,
        "axis": "y",
        "origin": [
          12.91615,
          9.25,
          4.70791
        ]
      },
      "faces": {
        "north": {
          "uv": [
            12.4,
            1.6,
            11.2,
            2.4
          ],
          "texture": "#2"
        },
        "east": {
          "uv": [
            12.4,
            12,
            12,
            12.8
          ],
          "texture": "#2"
        },
        "south": {
          "uv": [
            12.4,
            2.4,
            11.2,
            3.2
          ],
          "texture": "#2"
        },
        "up": {
          "uv": [
            12,
            9.2,
            13.2,
            8.8
          ],
          "texture": "#2"
        },
        "down": {
          "uv": [
            9.6,
            12,
            10.8,
            12.4
          ],
          "texture": "#2"
        }
      }
    },
    {
      "from": [
        7.7,
        6.325,
        9.75
      ],
      "to": [
        8.3,
        8.325,
        14.75
      ],
      "rotation": {
        "angle": 0,
        "axis": "y",
        "origin": [
          7.5,
          6.075,
          8.5
        ]
      },
      "faces": {
        "north": {
          "uv": [
            12,
            3.2,
            12.4,
            4.8
          ],
          "texture": "#2"
        },
        "east": {
          "uv": [
            1.6,
            3.2,
            5.6,
            4.8
          ],
          "texture": "#2"
        },
        "south": {
          "uv": [
            4,
            12,
            4.4,
            13.6
          ],
          "texture": "#2"
        },
        "west": {
          "uv": [
            1.6,
            4.8,
            5.6,
            6.4
          ],
          "texture": "#2"
        },
        "up": {
          "uv": [
            0.4,
            13.6,
            0,
            9.6
          ],
          "texture": "#2"
        },
        "down": {
          "uv": [
            1.2,
            9.6,
            0.8,
            13.6
          ],
          "texture": "#2"
        }
      }
    },
    {
      "from": [
        7.75,
        8.45,
        8.5
      ],
      "to": [
        8.25,
        9.2,
        9.25
      ],
      "rotation": {
        "angle": -45,
        "axis": "x",
        "origin": [
          8,
          8.95,
          9
        ]
      },
      "faces": {
        "north": {
          "uv": [
            12.8,
            0.8,
            13.2,
            1.4
          ],
          "texture": "#2"
        },
        "east": {
          "uv": [
            12,
            9.6,
            12.6,
            10.2
          ],
          "texture": "#2"
        },
        "south": {
          "uv": [
            1.6,
            12.8,
            2,
            13.4
          ],
          "texture": "#2"
        },
        "west": {
          "uv": [
            12,
            10.4,
            12.6,
            11
          ],
          "texture": "#2"
        },
        "up": {
          "uv": [
            13.2,
            2.2,
            12.8,
            1.6
          ],
          "texture": "#2"
        },
        "down": {
          "uv": [
            13.2,
            2.4,
            12.8,
            3
          ],
          "texture": "#2"
        }
      }
    },
    {
      "from": [
        2.625,
        9.149,
        4.88469
      ],
      "to": [
        13.375,
        9.199,
        8.98469
      ],
      "rotation": {
        "angle": 0,
        "axis": "y",
        "origin": [
          7.375,
          9.149,
          4.88469
        ]
      },
      "faces": {
        "up": {
          "uv": [
            8.6,
            3.2,
            0,
            0
          ],
          "texture": "#2"
        },
        "down": {
          "uv": [
            8.6,
            0,
            0,
            3.2
          ],
          "texture": "#2"
        }
      }
    },
    {
      "from": [
        10,
        4.68986,
        3.475
      ],
      "to": [
        11.8,
        8.88986,
        3.525
      ],
      "rotation": {
        "angle": 22.5,
        "axis": "y",
        "origin": [
          10.9,
          6.78986,
          3.45
        ]
      },
      "faces": {
        "north": {
          "uv": [
            0,
            0,
            3.5,
            8.5
          ],
          "texture": "#0"
        },
        "south": {
          "uv": [
            3.5,
            0,
            0,
            8.5
          ],
          "texture": "#0"
        }
      }
    },
    {
      "from": [
        2.2,
        5.48986,
        4.475
      ],
      "to": [
        4,
        9.68986,
        4.525
      ],
      "rotation": {
        "angle": -22.5,
        "axis": "y",
        "origin": [
          3.1,
          7.58986,
          4.45
        ]
      },
      "faces": {
        "north": {
          "uv": [
            3.5,
            0,
            0,
            8.5
          ],
          "texture": "#0"
        },
        "south": {
          "uv": [
            0,
            0,
            3.5,
            8.5
          ],
          "texture": "#0"
        }
      }
    },
    {
      "from": [
        12,
        5.48986,
        4.475
      ],
      "to": [
        13.8,
        9.68986,
        4.525
      ],
      "rotation": {
        "angle": 22.5,
        "axis": "y",
        "origin": [
          12.9,
          7.58986,
          4.45
        ]
      },
      "faces": {
        "north": {
          "uv": [
            0,
            0,
            3.5,
            8.5
          ],
          "texture": "#0"
        },
        "south": {
          "uv": [
            3.5,
            0,
            0,
            8.5
          ],
          "texture": "#0"
        }
      }
    },
    {
      "from": [
        4.2,
        4.68986,
        3.475
      ],
      "to": [
        6,
        8.88986,
        3.525
      ],
      "rotation": {
        "angle": -22.5,
        "axis": "y",
        "origin": [
          5.1,
          6.78986,
          3.45
        ]
      },
      "faces": {
        "north": {
          "uv": [
            3.5,
            0,
            0,
            8.5
          ],
          "texture": "#0"
        },
        "south": {
          "uv": [
            0,
            0,
            3.5,
            8.5
          ],
          "texture": "#0"
        }
      }
    }
  ],
  "gui_light": "front",
  "display": {
    "thirdperson_righthand": {
      "translation": [
        0,
        0.5,
        1
      ]
    },
    "thirdperson_lefthand": {
      "translation": [
        0,
        0.5,
        1
      ]
    },
    "firstperson_righthand": {
      "translation": [
        -3,
        4.75,
        4.75
      ]
    },
    "firstperson_lefthand": {
      "translation": [
        -3,
        4.75,
        4.75
      ]
    },
    "ground": {
      "rotation": [
        35,
        0,
        0
      ],
      "translation": [
        0,
        7.25,
        0
      ]
    },
    "gui": {
      "rotation": [
        90,
        45,
        0
      ],
      "translation": [
        1,
        -0.75,
        0
      ],
      "scale": [
        1.53515,
        1.53515,
        1.53515
      ]
    },
    "head": {
      "scale": [
        0,
        0,
        0
      ]
    },
    "fixed": {
      "rotation": [
        -90,
        0,
        0
      ],
      "translation": [
        0,
        -2.25,
        -4.5
      ],
      "scale": [
        3.17383,
        3.17383,
        3.17383
      ]
    }
  }
}