{
	"credit": "Made by PolygonMC",
	"texture_size": [40, 40],
	"textures": {
		"3": "lunarset:wings"
	},
	"elements": [
		{
			"from": [0, -2.2484, 6.1768],
			"to": [16, 22.7516, 6.2068],
			"rotation": {"angle": 0, "axis": "y", "origin": [0, 6.7516, 6.1768]},
			"faces": {
				"north": {"uv": [0, 0, 6.4, 10], "texture": "#3"},
				"south": {"uv": [6.4, 0, 0, 10], "texture": "#3"}
			}
		},
		{
			"from": [16, -2.2484, 6.1768],
			"to": [23, 22.7516, 6.2068],
			"rotation": {"angle": -22.5, "axis": "y", "origin": [16, 6.7516, 6.1768]},
			"faces": {
				"north": {"uv": [6.4, 0, 9.2, 10], "texture": "#3"},
				"south": {"uv": [9.2, 0, 6.4, 10], "texture": "#3"}
			}
		},
		{
			"from": [22.46716, -2.2484, 8.85558],
			"to": [29.46716, 22.7516, 8.88558],
			"rotation": {"angle": -45, "axis": "y", "origin": [22.46716, 6.7516, 8.85558]},
			"faces": {
				"north": {"uv": [9.2, 0, 12, 10], "texture": "#3"},
				"south": {"uv": [12, 0, 9.2, 10], "texture": "#3"}
			}
		},
		{
			"from": [-7, -2.2484, 6.1768],
			"to": [0, 22.7516, 6.2068],
			"rotation": {"angle": 22.5, "axis": "y", "origin": [0, 6.7516, 6.1768]},
			"faces": {
				"north": {"uv": [9.2, 0, 6.4, 10], "texture": "#3"},
				"south": {"uv": [6.4, 0, 9.2, 10], "texture": "#3"}
			}
		},
		{
			"from": [-13.46716, -2.2484, 8.85558],
			"to": [-6.46716, 22.7516, 8.88558],
			"rotation": {"angle": 45, "axis": "y", "origin": [-6.46716, 6.7516, 8.85558]},
			"faces": {
				"north": {"uv": [12, 0, 9.2, 10], "texture": "#3"},
				"south": {"uv": [9.2, 0, 12, 10], "texture": "#3"}
			}
		},
		{
			"from": [2.5625, 4.6266, 4.59643],
			"to": [3.5125, 5.1016, 5.54643],
			"rotation": {"angle": 45, "axis": "z", "origin": [3.75, 4.8641, 5.07143]},
			"faces": {
				"north": {"uv": [6.4, 14.4, 6.6, 14.8], "rotation": 90, "texture": "#3"},
				"east": {"uv": [7.6, 14.4, 7.2, 14.6], "rotation": 180, "texture": "#3"},
				"south": {"uv": [6, 14.4, 6.2, 14.8], "rotation": 270, "texture": "#3"},
				"west": {"uv": [7.2, 14.6, 6.8, 14.4], "texture": "#3"}
			}
		},
		{
			"from": [12.4875, 4.6266, 4.59643],
			"to": [13.4375, 5.1016, 5.54643],
			"rotation": {"angle": -45, "axis": "z", "origin": [12.25, 4.8641, 5.07143]},
			"faces": {
				"north": {"uv": [6.4, 14.8, 6.6, 14.4], "rotation": 90, "texture": "#3"},
				"east": {"uv": [6.8, 14.6, 7.2, 14.4], "texture": "#3"},
				"south": {"uv": [6, 14.8, 6.2, 14.4], "rotation": 270, "texture": "#3"},
				"west": {"uv": [7.2, 14.4, 7.6, 14.6], "rotation": 180, "texture": "#3"}
			}
		}
	],
	"gui_light": "front",
	"display": {
		"thirdperson_righthand": {
			"rotation": [50, 180, 0],
			"translation": [0, 1.5, 0.25],
			"scale": [0.44336, 0.44336, 0.44336]
		},
		"thirdperson_lefthand": {
			"rotation": [67.5, 0, 0],
			"translation": [-5.5, -9.75, 10.75]
		},
		"firstperson_righthand": {
			"rotation": [-10, 180, 0],
			"translation": [0, 1.5, 0],
			"scale": [0.55078, 0.55078, 0.55078]
		},
		"firstperson_lefthand": {
			"rotation": [-10, 0, 0],
			"translation": [0, -4.75, 0],
			"scale": [0, 0, 0]
		},
		"ground": {
			"rotation": [-45, 0, 0],
			"translation": [0, 6, 0],
			"scale": [0.7, 0.7, 0.7]
		},
		"gui": {
			"rotation": [0, 180, 0],
			"scale": [0.47344, 0.47344, 0.47344]
		},
		"head": {
			"translation": [0, -13.5, 11.75],
			"scale": [1.7, 1.7, 1.7]
		},
		"fixed": {
			"rotation": [0, -180, 0],
			"translation": [0, 3.25, -8.5],
			"scale": [2, 2, 2]
		}
	},
	"groups": [
		0,
		1,
		2,
		3,
		4,
		5,
		6,
		{
			"name": "group",
			"origin": [7.1, 11.51256, 8.17678],
			"color": 0,
			"children": []
		}
	]
}