{
  "credit": "Made by LZLeon with Blockbench, Contact - Discord: LZBlocks#0261 - E-Mail: lzblocks@outlook.com",
  "texture_size": [
    128,
    128
  ],
  "textures": {
    "0": "lzfurniture:furniture/outdoor/outdoor_grill",
    "particle": "lzfurniture:furniture/outdoor/outdoor_grill"
  },
  "elements": [
    {
      "from": [
        0,
        2,
        1
      ],
      "to": [
        16,
        13,
        15
      ],
      "faces": {
        "north": {
          "uv": [
            1.75,
            1.75,
            3.75,
            3.125
          ],
          "texture": "#0"
        },
        "east": {
          "uv": [
            0,
            1.75,
            1.75,
            3.125
          ],
          "texture": "#0"
        },
        "south": {
          "uv": [
            5.5,
            1.75,
            7.5,
            3.125
          ],
          "texture": "#0"
        },
        "west": {
          "uv": [
            3.75,
            1.75,
            5.5,
            3.125
          ],
          "texture": "#0"
        },
        "up": {
          "uv": [
            3.75,
            1.75,
            1.75,
            0
          ],
          "texture": "#0"
        },
        "down": {
          "uv": [
            5.75,
            0,
            3.75,
            1.75
          ],
          "texture": "#0"
        }
      }
    },
    {
      "from": [
        -0.5,
        13,
        0.5
      ],
      "to": [
        16.5,
        16,
        15.5
      ],
      "faces": {
        "north": {
          "uv": [
            1.875,
            5.125,
            4,
            5.5
          ],
          "texture": "#0"
        },
        "east": {
          "uv": [
            0,
            5.125,
            1.875,
            5.5
          ],
          "texture": "#0"
        },
        "south": {
          "uv": [
            5.875,
            5.125,
            8,
            5.5
          ],
          "texture": "#0"
        },
        "west": {
          "uv": [
            4,
            5.125,
            5.875,
            5.5
          ],
          "texture": "#0"
        },
        "up": {
          "uv": [
            4,
            5.125,
            1.875,
            3.25
          ],
          "texture": "#0"
        },
        "down": {
          "uv": [
            6.125,
            3.25,
            4,
            5.125
          ],
          "texture": "#0"
        }
      }
    },
    {
      "from": [
        -5.5,
        13.5,
        2
      ],
      "to": [
        -0.5,
        15.5,
        13
      ],
      "faces": {
        "north": {
          "uv": [
            7.25,
            7,
            7.875,
            7.25
          ],
          "texture": "#0"
        },
        "east": {
          "uv": [
            5.875,
            7,
            7.25,
            7.25
          ],
          "texture": "#0"
        },
        "south": {
          "uv": [
            9.25,
            7,
            9.875,
            7.25
          ],
          "texture": "#0"
        },
        "west": {
          "uv": [
            7.875,
            7,
            9.25,
            7.25
          ],
          "texture": "#0"
        },
        "up": {
          "uv": [
            7.875,
            7,
            7.25,
            5.625
          ],
          "texture": "#0"
        },
        "down": {
          "uv": [
            8.5,
            5.625,
            7.875,
            7
          ],
          "texture": "#0"
        }
      }
    },
    {
      "from": [
        16.5,
        13.5,
        2
      ],
      "to": [
        21.5,
        15.5,
        13
      ],
      "faces": {
        "north": {
          "uv": [
            7.25,
            7,
            7.875,
            7.25
          ],
          "texture": "#0"
        },
        "east": {
          "uv": [
            5.875,
            7,
            7.25,
            7.25
          ],
          "texture": "#0"
        },
        "south": {
          "uv": [
            9.25,
            7,
            9.875,
            7.25
          ],
          "texture": "#0"
        },
        "west": {
          "uv": [
            7.875,
            7,
            9.25,
            7.25
          ],
          "texture": "#0"
        },
        "up": {
          "uv": [
            7.875,
            7,
            7.25,
            5.625
          ],
          "texture": "#0"
        },
        "down": {
          "uv": [
            8.5,
            5.625,
            7.875,
            7
          ],
          "texture": "#0"
        }
      }
    },
    {
      "from": [
        0.5,
        0,
        1.5
      ],
      "to": [
        2.5,
        2,
        3.5
      ],
      "faces": {
        "north": {
          "uv": [
            0.25,
            0.25,
            0.5,
            0.5
          ],
          "texture": "#0"
        },
        "east": {
          "uv": [
            0,
            0.25,
            0.25,
            0.5
          ],
          "texture": "#0"
        },
        "south": {
          "uv": [
            0.75,
            0.25,
            1,
            0.5
          ],
          "texture": "#0"
        },
        "west": {
          "uv": [
            0.5,
            0.25,
            0.75,
            0.5
          ],
          "texture": "#0"
        },
        "up": {
          "uv": [
            0.5,
            0.25,
            0.25,
            0
          ],
          "texture": "#0"
        },
        "down": {
          "uv": [
            0.75,
            0,
            0.5,
            0.25
          ],
          "texture": "#0"
        }
      }
    },
    {
      "from": [
        0.5,
        0,
        12.5
      ],
      "to": [
        2.5,
        2,
        14.5
      ],
      "faces": {
        "north": {
          "uv": [
            0.25,
            0.25,
            0.5,
            0.5
          ],
          "texture": "#0"
        },
        "east": {
          "uv": [
            0,
            0.25,
            0.25,
            0.5
          ],
          "texture": "#0"
        },
        "south": {
          "uv": [
            0.75,
            0.25,
            1,
            0.5
          ],
          "texture": "#0"
        },
        "west": {
          "uv": [
            0.5,
            0.25,
            0.75,
            0.5
          ],
          "texture": "#0"
        },
        "up": {
          "uv": [
            0.5,
            0.25,
            0.25,
            0
          ],
          "texture": "#0"
        },
        "down": {
          "uv": [
            0.75,
            0,
            0.5,
            0.25
          ],
          "texture": "#0"
        }
      }
    },
    {
      "from": [
        13.5,
        0,
        12.5
      ],
      "to": [
        15.5,
        2,
        14.5
      ],
      "faces": {
        "north": {
          "uv": [
            0.25,
            0.25,
            0.5,
            0.5
          ],
          "texture": "#0"
        },
        "east": {
          "uv": [
            0,
            0.25,
            0.25,
            0.5
          ],
          "texture": "#0"
        },
        "south": {
          "uv": [
            0.75,
            0.25,
            1,
            0.5
          ],
          "texture": "#0"
        },
        "west": {
          "uv": [
            0.5,
            0.25,
            0.75,
            0.5
          ],
          "texture": "#0"
        },
        "up": {
          "uv": [
            0.5,
            0.25,
            0.25,
            0
          ],
          "texture": "#0"
        },
        "down": {
          "uv": [
            0.75,
            0,
            0.5,
            0.25
          ],
          "texture": "#0"
        }
      }
    },
    {
      "from": [
        13.5,
        0,
        1.5
      ],
      "to": [
        15.5,
        2,
        3.5
      ],
      "faces": {
        "north": {
          "uv": [
            0.25,
            0.25,
            0.5,
            0.5
          ],
          "texture": "#0"
        },
        "east": {
          "uv": [
            0,
            0.25,
            0.25,
            0.5
          ],
          "texture": "#0"
        },
        "south": {
          "uv": [
            0.75,
            0.25,
            1,
            0.5
          ],
          "texture": "#0"
        },
        "west": {
          "uv": [
            0.5,
            0.25,
            0.75,
            0.5
          ],
          "texture": "#0"
        },
        "up": {
          "uv": [
            0.5,
            0.25,
            0.25,
            0
          ],
          "texture": "#0"
        },
        "down": {
          "uv": [
            0.75,
            0,
            0.5,
            0.25
          ],
          "texture": "#0"
        }
      }
    },
    {
      "from": [
        -0.5,
        11.28633,
        22.8028
      ],
      "to": [
        16.5,
        26.28633,
        28.8028
      ],
      "rotation": {
        "angle": -22.5,
        "axis": "x",
        "origin": [
          0,
          -4.71367,
          7.3028
        ]
      },
      "faces": {
        "north": {
          "uv": [
            0.75,
            6.375,
            2.875,
            8.25
          ],
          "texture": "#0"
        },
        "east": {
          "uv": [
            0,
            6.375,
            0.75,
            8.25
          ],
          "texture": "#0"
        },
        "south": {
          "uv": [
            3.625,
            6.375,
            5.75,
            8.25
          ],
          "texture": "#0"
        },
        "west": {
          "uv": [
            2.875,
            6.375,
            3.625,
            8.25
          ],
          "texture": "#0"
        },
        "up": {
          "uv": [
            2.875,
            6.375,
            0.75,
            5.625
          ],
          "texture": "#0"
        },
        "down": {
          "uv": [
            5,
            5.625,
            2.875,
            6.375
          ],
          "texture": "#0"
        }
      }
    },
    {
      "from": [
        0.5,
        13.5,
        -0.5
      ],
      "to": [
        2.5,
        15.5,
        0.5
      ],
      "faces": {
        "north": {
          "uv": [
            0.125,
            4.625,
            0.375,
            4.875
          ],
          "texture": "#0"
        },
        "east": {
          "uv": [
            0,
            4.625,
            0.125,
            4.875
          ],
          "texture": "#0"
        },
        "south": {
          "uv": [
            0.5,
            4.625,
            0.75,
            4.875
          ],
          "texture": "#0"
        },
        "west": {
          "uv": [
            0.375,
            4.625,
            0.5,
            4.875
          ],
          "texture": "#0"
        },
        "up": {
          "uv": [
            0.375,
            4.625,
            0.125,
            4.5
          ],
          "texture": "#0"
        },
        "down": {
          "uv": [
            0.625,
            4.5,
            0.375,
            4.625
          ],
          "texture": "#0"
        }
      }
    },
    {
      "from": [
        3.5,
        13.5,
        -0.5
      ],
      "to": [
        5.5,
        15.5,
        0.5
      ],
      "faces": {
        "north": {
          "uv": [
            0.125,
            4.625,
            0.375,
            4.875
          ],
          "texture": "#0"
        },
        "east": {
          "uv": [
            0,
            4.625,
            0.125,
            4.875
          ],
          "texture": "#0"
        },
        "south": {
          "uv": [
            0.5,
            4.625,
            0.75,
            4.875
          ],
          "texture": "#0"
        },
        "west": {
          "uv": [
            0.375,
            4.625,
            0.5,
            4.875
          ],
          "texture": "#0"
        },
        "up": {
          "uv": [
            0.375,
            4.625,
            0.125,
            4.5
          ],
          "texture": "#0"
        },
        "down": {
          "uv": [
            0.625,
            4.5,
            0.375,
            4.625
          ],
          "texture": "#0"
        }
      }
    },
    {
      "from": [
        10.5,
        13.5,
        -0.5
      ],
      "to": [
        12.5,
        15.5,
        0.5
      ],
      "faces": {
        "north": {
          "uv": [
            0.125,
            4.625,
            0.375,
            4.875
          ],
          "texture": "#0"
        },
        "east": {
          "uv": [
            0,
            4.625,
            0.125,
            4.875
          ],
          "texture": "#0"
        },
        "south": {
          "uv": [
            0.5,
            4.625,
            0.75,
            4.875
          ],
          "texture": "#0"
        },
        "west": {
          "uv": [
            0.375,
            4.625,
            0.5,
            4.875
          ],
          "texture": "#0"
        },
        "up": {
          "uv": [
            0.375,
            4.625,
            0.125,
            4.5
          ],
          "texture": "#0"
        },
        "down": {
          "uv": [
            0.625,
            4.5,
            0.375,
            4.625
          ],
          "texture": "#0"
        }
      }
    },
    {
      "from": [
        13.5,
        13.5,
        -0.5
      ],
      "to": [
        15.5,
        15.5,
        0.5
      ],
      "faces": {
        "north": {
          "uv": [
            0.125,
            4.625,
            0.375,
            4.875
          ],
          "texture": "#0"
        },
        "east": {
          "uv": [
            0,
            4.625,
            0.125,
            4.875
          ],
          "texture": "#0"
        },
        "south": {
          "uv": [
            0.5,
            4.625,
            0.75,
            4.875
          ],
          "texture": "#0"
        },
        "west": {
          "uv": [
            0.375,
            4.625,
            0.5,
            4.875
          ],
          "texture": "#0"
        },
        "up": {
          "uv": [
            0.375,
            4.625,
            0.125,
            4.5
          ],
          "texture": "#0"
        },
        "down": {
          "uv": [
            0.625,
            4.5,
            0.375,
            4.625
          ],
          "texture": "#0"
        }
      }
    },
    {
      "name": "cube inverted",
      "from": [
        16.5,
        26.28633,
        28.8028
      ],
      "to": [
        -0.5,
        11.28633,
        22.8028
      ],
      "rotation": {
        "angle": -22.5,
        "axis": "x",
        "origin": [
          0,
          -4.71367,
          7.3028
        ]
      },
      "faces": {
        "north": {
          "uv": [
            3.625,
            8.25,
            5.75,
            6.375
          ],
          "texture": "#0"
        },
        "east": {
          "uv": [
            2.875,
            8.25,
            3.625,
            6.375
          ],
          "texture": "#0"
        },
        "south": {
          "uv": [
            0.75,
            8.25,
            2.875,
            6.375
          ],
          "texture": "#0"
        },
        "west": {
          "uv": [
            0,
            8.25,
            0.75,
            6.375
          ],
          "texture": "#0"
        },
        "up": {
          "uv": [
            2.875,
            5.625,
            5,
            6.375
          ],
          "texture": "#0"
        },
        "down": {
          "uv": [
            0.75,
            6.375,
            2.875,
            5.625
          ],
          "texture": "#0"
        }
      }
    },
    {
      "name": "cube inverted",
      "from": [
        16.5,
        16,
        15.5
      ],
      "to": [
        -0.5,
        13,
        0.5
      ],
      "faces": {
        "north": {
          "uv": [
            5.875,
            5.5,
            8,
            5.125
          ],
          "texture": "#0"
        },
        "east": {
          "uv": [
            4,
            5.5,
            5.875,
            5.125
          ],
          "texture": "#0"
        },
        "south": {
          "uv": [
            1.875,
            5.5,
            4,
            5.125
          ],
          "texture": "#0"
        },
        "west": {
          "uv": [
            0,
            5.5,
            1.875,
            5.125
          ],
          "texture": "#0"
        },
        "up": {
          "uv": [
            4,
            3.25,
            6.125,
            5.125
          ],
          "texture": "#0"
        },
        "down": {
          "uv": [
            1.875,
            5.125,
            4,
            3.25
          ],
          "texture": "#0"
        }
      }
    }
  ],
  "display": {
    "thirdperson_righthand": {
      "rotation": [
        60,
        -160,
        0
      ],
      "translation": [
        -0.75,
        2.25,
        -4.25
      ],
      "scale": [
        -0.6,
        0.6,
        -0.6
      ]
    },
    "thirdperson_lefthand": {
      "rotation": [
        60,
        -160,
        0
      ],
      "translation": [
        -0.75,
        2.25,
        -4.25
      ],
      "scale": [
        -0.6,
        0.6,
        -0.6
      ]
    },
    "firstperson_righthand": {
      "rotation": [
        0,
        -73,
        6
      ],
      "translation": [
        0,
        -1.25,
        0
      ],
      "scale": [
        -0.4,
        0.4,
        -0.4
      ]
    },
    "firstperson_lefthand": {
      "rotation": [
        0,
        -73,
        6
      ],
      "translation": [
        0,
        -1.25,
        0
      ],
      "scale": [
        -0.4,
        0.4,
        -0.4
      ]
    },
    "ground": {
      "translation": [
        0,
        1.5,
        0
      ],
      "scale": [
        0.35,
        0.35,
        0.35
      ]
    },
    "gui": {
      "rotation": [
        30,
        -40,
        0
      ],
      "translation": [
        -0.25,
        -3,
        0
      ],
      "scale": [
        -0.4,
        0.4,
        -0.4
      ]
    },
    "head": {
      "rotation": [
        0,
        -180,
        0
      ],
      "translation": [
        0,
        -30.4,
        0
      ],
      "scale": [
        1.6,
        1.6,
        1.6
      ]
    },
    "fixed": {
      "rotation": [
        90,
        -180,
        -180
      ],
      "translation": [
        0,
        0,
        -15
      ],
      "scale": [
        2,
        2,
        2
      ]
    }
  }
}