{
	"credit": "Made by PolygonMC",
	"texture_size": [8, 8],
	"textures": {
		"0": "norarainbowset:crossbow_1",
		"1": "norarainbowset:animations/animations_4",
		"particle": "norarainbowset:crossbow_1"
	},
	"elements": [
		{
			"from": [7.5, 7.84605, 4],
			"to": [8.5, 9.34605, 7],
			"rotation": {"angle": 0, "axis": "y", "origin": [6.5, 7.34605, 3]},
			"faces": {
				"north": {"uv": [8.66667, 4, 9.33333, 5], "texture": "#0"},
				"east": {"uv": [4.66667, 2.66667, 6.66667, 3.66667], "texture": "#0"},
				"south": {"uv": [4.66667, 8.66667, 5.33333, 9.66667], "texture": "#0"},
				"west": {"uv": [4.66667, 4, 6.66667, 5], "texture": "#0"},
				"up": {"uv": [7.33333, 2, 6.66667, 0], "texture": "#0"},
				"down": {"uv": [2.66667, 6.66667, 2, 8.66667], "texture": "#0"}
			}
		},
		{
			"from": [7.6, 8.09605, 3.75],
			"to": [8.4, 9.59605, 6.75],
			"rotation": {"angle": 0, "axis": "y", "origin": [6.5, 7.59605, 2.75]},
			"faces": {
				"north": {"uv": [8.66667, 6.66667, 9.33333, 7.66667], "texture": "#0"},
				"east": {"uv": [2, 5.33333, 4, 6.33333], "texture": "#0"},
				"south": {"uv": [8, 8.66667, 8.66667, 9.66667], "texture": "#0"},
				"west": {"uv": [4, 5.33333, 6, 6.33333], "texture": "#0"},
				"up": {"uv": [8, 2, 7.33333, 0], "texture": "#0"},
				"down": {"uv": [3.33333, 7.33333, 2.66667, 9.33333], "texture": "#0"}
			}
		},
		{
			"from": [7.75, 7.34605, 4.25],
			"to": [8.25, 7.84605, 6.75],
			"rotation": {"angle": 0, "axis": "y", "origin": [6.5, 7.34605, 3]},
			"faces": {
				"north": {"uv": [11.33333, 0.66667, 11.66667, 1], "texture": "#0"},
				"east": {"uv": [9.33333, 7.33333, 11, 7.66667], "texture": "#0"},
				"south": {"uv": [1.33333, 11.33333, 1.66667, 11.66667], "texture": "#0"},
				"west": {"uv": [9.33333, 8, 11, 8.33333], "texture": "#0"},
				"up": {"uv": [9, 11, 8.66667, 9.33333], "texture": "#0"},
				"down": {"uv": [9.66667, 8.66667, 9.33333, 10.33333], "texture": "#0"}
			}
		},
		{
			"from": [7.5, 7.34605, 9],
			"to": [8.5, 9.34605, 10],
			"rotation": {"angle": 0, "axis": "y", "origin": [6.5, 7.34605, 9]},
			"faces": {
				"north": {"uv": [6.66667, 8, 7.33333, 9.33333], "texture": "#0"},
				"east": {"uv": [7.33333, 8, 8, 9.33333], "texture": "#0"},
				"south": {"uv": [8, 7.33333, 8.66667, 8.66667], "texture": "#0"},
				"west": {"uv": [8.66667, 0, 9.33333, 1.33333], "texture": "#0"},
				"up": {"uv": [10.66667, 0.66667, 10, 0], "texture": "#0"},
				"down": {"uv": [1.33333, 10, 0.66667, 10.66667], "texture": "#0"}
			}
		},
		{
			"from": [7.525, 6.34605, 9],
			"to": [8.475, 8.84605, 9.95],
			"rotation": {"angle": -22.5, "axis": "x", "origin": [8, 7.34605, 9.475]},
			"faces": {
				"north": {"uv": [4, 7.33333, 4.66667, 9], "texture": "#0"},
				"east": {"uv": [7.33333, 6, 8, 7.66667], "texture": "#0"},
				"south": {"uv": [0, 8, 0.66667, 9.66667], "texture": "#0"},
				"west": {"uv": [8, 0, 8.66667, 1.66667], "texture": "#0"},
				"up": {"uv": [10.66667, 2, 10, 1.33333], "texture": "#0"},
				"down": {"uv": [2.66667, 10, 2, 10.66667], "texture": "#0"}
			}
		},
		{
			"from": [7.5, 8.34605, 10],
			"to": [8.5, 9.34605, 13],
			"rotation": {"angle": 0, "axis": "y", "origin": [6.5, 7.34605, 10]},
			"faces": {
				"north": {"uv": [10, 0.66667, 10.66667, 1.33333], "texture": "#0"},
				"east": {"uv": [6.66667, 2, 8.66667, 2.66667], "texture": "#0"},
				"south": {"uv": [1.33333, 10, 2, 10.66667], "texture": "#0"},
				"west": {"uv": [2.66667, 6.66667, 4.66667, 7.33333], "texture": "#0"},
				"up": {"uv": [7.33333, 4.66667, 6.66667, 2.66667], "texture": "#0"},
				"down": {"uv": [5.33333, 6.66667, 4.66667, 8.66667], "texture": "#0"}
			}
		},
		{
			"from": [7.6, 7.54605, 10],
			"to": [8.4, 9.04605, 13.4],
			"rotation": {"angle": 22.5, "axis": "x", "origin": [8, 8.04605, 11.5]},
			"faces": {
				"north": {"uv": [5.33333, 8.66667, 6, 9.66667], "texture": "#0"},
				"east": {"uv": [2, 2.66667, 4.33333, 3.66667], "texture": "#0"},
				"south": {"uv": [8.66667, 5.33333, 9.33333, 6.33333], "texture": "#0"},
				"west": {"uv": [2, 4, 4.33333, 5], "texture": "#0"},
				"up": {"uv": [6.66667, 2.33333, 6, 0], "texture": "#0"},
				"down": {"uv": [6.66667, 5.33333, 6, 7.66667], "texture": "#0"}
			}
		},
		{
			"from": [7.5, 6.84605, 13],
			"to": [8.5, 9.34605, 13.5],
			"rotation": {"angle": 0, "axis": "y", "origin": [6.5, 7.34605, 13]},
			"faces": {
				"north": {"uv": [7.33333, 2.66667, 8, 4.33333], "texture": "#0"},
				"east": {"uv": [9.33333, 5.33333, 9.66667, 7], "texture": "#0"},
				"south": {"uv": [3.33333, 7.33333, 4, 9], "texture": "#0"},
				"west": {"uv": [6, 9.33333, 6.33333, 11], "texture": "#0"},
				"up": {"uv": [10.66667, 7, 10, 6.66667], "texture": "#0"},
				"down": {"uv": [10.66667, 10, 10, 10.33333], "texture": "#0"}
			}
		},
		{
			"from": [7.625, 6.97105, 13.5],
			"to": [8.375, 9.22105, 13.75],
			"rotation": {"angle": 0, "axis": "y", "origin": [6.5, 7.34605, 13.5]},
			"faces": {
				"north": {"uv": [0.66667, 8, 1.33333, 9.66667], "texture": "#0"},
				"east": {"uv": [6.66667, 9.33333, 7, 11], "texture": "#0"},
				"south": {"uv": [1.33333, 8, 2, 9.66667], "texture": "#0"},
				"west": {"uv": [7.33333, 9.33333, 7.66667, 11], "texture": "#0"},
				"up": {"uv": [0.66667, 11, 0, 10.66667], "texture": "#0"},
				"down": {"uv": [11.33333, 0, 10.66667, 0.33333], "texture": "#0"}
			}
		},
		{
			"from": [7.5, 8.34605, 7],
			"to": [8.5, 9.34605, 9],
			"rotation": {"angle": 0, "axis": "y", "origin": [6.5, 7.34605, 6]},
			"faces": {
				"north": {"uv": [8, 4, 8.66667, 4.66667], "texture": "#0"},
				"east": {"uv": [8, 2.66667, 9.33333, 3.33333], "texture": "#0"},
				"south": {"uv": [0, 10, 0.66667, 10.66667], "texture": "#0"},
				"west": {"uv": [8, 3.33333, 9.33333, 4], "texture": "#0"},
				"up": {"uv": [6.66667, 9.33333, 6, 8], "texture": "#0"},
				"down": {"uv": [8.66667, 6, 8, 7.33333], "texture": "#0"}
			}
		},
		{
			"from": [7.5, 6.10395, 9.12153],
			"to": [8.5, 6.60395, 10.32153],
			"rotation": {"angle": 0, "axis": "x", "origin": [8, 6.35395, 9.72153]},
			"faces": {
				"north": {"uv": [0.66667, 10.66667, 1.33333, 11], "texture": "#0"},
				"east": {"uv": [10.66667, 0.66667, 11.33333, 1], "texture": "#0"},
				"south": {"uv": [1.33333, 10.66667, 2, 11], "texture": "#0"},
				"west": {"uv": [10.66667, 1.33333, 11.33333, 1.66667], "texture": "#0"},
				"up": {"uv": [10.66667, 2.66667, 10, 2], "texture": "#0"},
				"down": {"uv": [10.66667, 2.66667, 10, 3.33333], "texture": "#0"}
			}
		},
		{
			"from": [7.75, 7.44605, 8.25],
			"to": [8.25, 8.44605, 8.75],
			"rotation": {"angle": -22.5, "axis": "x", "origin": [8, 7.84605, 8.3]},
			"faces": {
				"north": {"uv": [2, 10.66667, 2.33333, 11.33333], "texture": "#0"},
				"east": {"uv": [10.66667, 2, 11, 2.66667], "texture": "#0"},
				"west": {"uv": [2.66667, 10.66667, 3, 11.33333], "texture": "#0"},
				"down": {"uv": [1, 11.33333, 0.66667, 11.66667], "texture": "#0"}
			}
		},
		{
			"from": [7.5, 6.54605, 4],
			"to": [8.5, 7.54605, 7],
			"rotation": {"angle": 45, "axis": "z", "origin": [8, 7.04605, 5]},
			"faces": {
				"north": {"uv": [10, 3.33333, 10.66667, 4], "texture": "#0"},
				"east": {"uv": [6.66667, 4.66667, 8.66667, 5.33333], "texture": "#0"},
				"south": {"uv": [10, 4, 10.66667, 4.66667], "texture": "#0"},
				"west": {"uv": [6.66667, 5.33333, 8.66667, 6], "texture": "#0"},
				"up": {"uv": [6, 8.66667, 5.33333, 6.66667], "texture": "#0"},
				"down": {"uv": [7.33333, 6, 6.66667, 8], "texture": "#0"}
			}
		},
		{
			"from": [7.75, 9.34605, 9],
			"to": [8.25, 9.84605, 10],
			"rotation": {"angle": 0, "axis": "y", "origin": [7.75, 9.34605, 9]},
			"faces": {
				"north": {"uv": [11.33333, 1.33333, 11.66667, 1.66667], "texture": "#0"},
				"east": {"uv": [10.66667, 2.66667, 11.33333, 3], "texture": "#0"},
				"south": {"uv": [2, 11.33333, 2.33333, 11.66667], "texture": "#0"},
				"west": {"uv": [3.33333, 10.66667, 4, 11], "texture": "#0"},
				"up": {"uv": [11, 4, 10.66667, 3.33333], "texture": "#0"},
				"down": {"uv": [4.33333, 10.66667, 4, 11.33333], "texture": "#0"}
			}
		},
		{
			"from": [7, 8.59605, 4],
			"to": [7.5, 10.59605, 5],
			"rotation": {"angle": 0, "axis": "y", "origin": [7, 8.59605, 4]},
			"faces": {
				"north": {"uv": [4.66667, 10, 5, 11.33333], "texture": "#0"},
				"east": {"uv": [8.66667, 1.33333, 9.33333, 2.66667], "texture": "#0"},
				"south": {"uv": [10, 4.66667, 10.33333, 6], "texture": "#0"},
				"west": {"uv": [2, 8.66667, 2.66667, 10], "texture": "#0"},
				"up": {"uv": [11, 4.66667, 10.66667, 4], "texture": "#0"},
				"down": {"uv": [11, 4.66667, 10.66667, 5.33333], "texture": "#0"}
			}
		},
		{
			"from": [8.5, 8.59605, 4],
			"to": [9, 10.59605, 5],
			"rotation": {"angle": 0, "axis": "y", "origin": [9, 8.59605, 4]},
			"faces": {
				"north": {"uv": [5, 10, 4.66667, 11.33333], "texture": "#0"},
				"east": {"uv": [2.66667, 8.66667, 2, 10], "texture": "#0"},
				"south": {"uv": [10.33333, 4.66667, 10, 6], "texture": "#0"},
				"west": {"uv": [9.33333, 1.33333, 8.66667, 2.66667], "texture": "#0"},
				"up": {"uv": [10.66667, 4.66667, 11, 4], "texture": "#0"},
				"down": {"uv": [10.66667, 4.66667, 11, 5.33333], "texture": "#0"}
			}
		},
		{
			"from": [6.15, 8.97105, 4.4],
			"to": [7.15, 10.22105, 4.9],
			"rotation": {"angle": 22.5, "axis": "y", "origin": [6.65, 9.34605, 4.65]},
			"faces": {
				"north": {"uv": [8.66667, 8, 9.33333, 9], "texture": "#0"},
				"south": {"uv": [9.33333, 0, 10, 1], "texture": "#0"},
				"up": {"uv": [6, 11, 5.33333, 10.66667], "texture": "#0"},
				"down": {"uv": [11.33333, 5.33333, 10.66667, 5.66667], "texture": "#0"}
			}
		},
		{
			"from": [5.66561, 8.97105, 4.6407],
			"to": [6.16561, 10.22105, 5.6407],
			"rotation": {"angle": -45, "axis": "y", "origin": [5.91561, 9.34605, 5.1407]},
			"faces": {
				"east": {"uv": [9.33333, 1.33333, 10, 2.33333], "texture": "#0"},
				"west": {"uv": [2.66667, 9.33333, 3.33333, 10.33333], "texture": "#0"},
				"up": {"uv": [11, 6.66667, 10.66667, 6], "texture": "#0"},
				"down": {"uv": [11, 6.66667, 10.66667, 7.33333], "texture": "#0"}
			}
		},
		{
			"from": [4.68123, 8.97105, 5.3814],
			"to": [5.68123, 10.22105, 5.8814],
			"rotation": {"angle": 22.5, "axis": "y", "origin": [5.18123, 9.34605, 5.6314]},
			"faces": {
				"north": {"uv": [9.33333, 2.66667, 10, 3.66667], "texture": "#0"},
				"south": {"uv": [3.33333, 9.33333, 4, 10.33333], "texture": "#0"},
				"up": {"uv": [11.33333, 9, 10.66667, 8.66667], "texture": "#0"},
				"down": {"uv": [10, 10.66667, 9.33333, 11], "texture": "#0"}
			}
		},
		{
			"from": [3.81496, 8.97105, 5.55372],
			"to": [4.81496, 10.22105, 6.05372],
			"rotation": {"angle": 0, "axis": "y", "origin": [4.31496, 9.34605, 5.80372]},
			"faces": {
				"north": {"uv": [4, 9.33333, 4.66667, 10.33333], "texture": "#0"},
				"east": {"uv": [8, 10, 8.33333, 11], "texture": "#0"},
				"south": {"uv": [9.33333, 4, 10, 5], "texture": "#0"},
				"west": {"uv": [10, 8.66667, 10.33333, 9.66667], "texture": "#0"},
				"up": {"uv": [11.33333, 9.66667, 10.66667, 9.33333], "texture": "#0"},
				"down": {"uv": [10.66667, 10.66667, 10, 11], "texture": "#0"}
			}
		},
		{
			"from": [3.35, 9.34605, 5.6],
			"to": [4.35, 9.84605, 6.6],
			"rotation": {"angle": -45, "axis": "y", "origin": [3.85, 9.59605, 6.1]},
			"faces": {
				"north": {"uv": [10.66667, 10, 11.33333, 10.33333], "texture": "#0"},
				"east": {"uv": [10.66667, 10.66667, 11.33333, 11], "texture": "#0"},
				"south": {"uv": [0, 11.33333, 0.66667, 11.66667], "texture": "#0"},
				"west": {"uv": [11.33333, 0, 12, 0.33333], "texture": "#0"},
				"up": {"uv": [6, 10.66667, 5.33333, 10], "texture": "#0"},
				"down": {"uv": [10.66667, 6, 10, 6.66667], "texture": "#0"}
			}
		},
		{
			"from": [8.85, 8.97105, 4.4],
			"to": [9.85, 10.22105, 4.9],
			"rotation": {"angle": -22.5, "axis": "y", "origin": [9.35, 9.34605, 4.65]},
			"faces": {
				"north": {"uv": [9.33333, 8, 8.66667, 9], "texture": "#0"},
				"south": {"uv": [10, 0, 9.33333, 1], "texture": "#0"},
				"up": {"uv": [5.33333, 11, 6, 10.66667], "texture": "#0"},
				"down": {"uv": [10.66667, 5.33333, 11.33333, 5.66667], "texture": "#0"}
			}
		},
		{
			"from": [9.83439, 8.97105, 4.6407],
			"to": [10.33439, 10.22105, 5.6407],
			"rotation": {"angle": 45, "axis": "y", "origin": [10.08439, 9.34605, 5.1407]},
			"faces": {
				"east": {"uv": [3.33333, 9.33333, 2.66667, 10.33333], "texture": "#0"},
				"west": {"uv": [10, 1.33333, 9.33333, 2.33333], "texture": "#0"},
				"up": {"uv": [10.66667, 6.66667, 11, 6], "texture": "#0"},
				"down": {"uv": [10.66667, 6.66667, 11, 7.33333], "texture": "#0"}
			}
		},
		{
			"from": [10.31877, 8.97105, 5.3814],
			"to": [11.31877, 10.22105, 5.8814],
			"rotation": {"angle": -22.5, "axis": "y", "origin": [10.81877, 9.34605, 5.6314]},
			"faces": {
				"north": {"uv": [10, 2.66667, 9.33333, 3.66667], "texture": "#0"},
				"south": {"uv": [4, 9.33333, 3.33333, 10.33333], "texture": "#0"},
				"up": {"uv": [10.66667, 9, 11.33333, 8.66667], "texture": "#0"},
				"down": {"uv": [9.33333, 10.66667, 10, 11], "texture": "#0"}
			}
		},
		{
			"from": [11.18504, 8.97105, 5.55372],
			"to": [12.18504, 10.22105, 6.05372],
			"rotation": {"angle": 0, "axis": "y", "origin": [11.68504, 9.34605, 5.80372]},
			"faces": {
				"north": {"uv": [4.66667, 9.33333, 4, 10.33333], "texture": "#0"},
				"east": {"uv": [10.33333, 8.66667, 10, 9.66667], "texture": "#0"},
				"south": {"uv": [10, 4, 9.33333, 5], "texture": "#0"},
				"west": {"uv": [8.33333, 10, 8, 11], "texture": "#0"},
				"up": {"uv": [10.66667, 9.66667, 11.33333, 9.33333], "texture": "#0"},
				"down": {"uv": [10, 10.66667, 10.66667, 11], "texture": "#0"}
			}
		},
		{
			"from": [11.65, 9.34605, 5.6],
			"to": [12.65, 9.84605, 6.6],
			"rotation": {"angle": 45, "axis": "y", "origin": [12.15, 9.59605, 6.1]},
			"faces": {
				"north": {"uv": [11.33333, 10, 10.66667, 10.33333], "texture": "#0"},
				"east": {"uv": [12, 0, 11.33333, 0.33333], "texture": "#0"},
				"south": {"uv": [0.66667, 11.33333, 0, 11.66667], "texture": "#0"},
				"west": {"uv": [11.33333, 10.66667, 10.66667, 11], "texture": "#0"},
				"up": {"uv": [5.33333, 10.66667, 6, 10], "texture": "#0"},
				"down": {"uv": [10, 6, 10.66667, 6.66667], "texture": "#0"}
			}
		},
		{
			"from": [3.85, 9.64605, 6.3],
			"to": [12.15, 9.64605, 9.8],
			"rotation": {"angle": 0, "axis": "y", "origin": [4, 9.64605, 6.3]},
			"faces": {
				"north": {"uv": [0, 0, 5.66667, 0], "texture": "#0"},
				"east": {"uv": [0, 0, 2.33333, 0], "texture": "#0"},
				"south": {"uv": [0, 0, 5.66667, 0], "texture": "#0"},
				"west": {"uv": [0, 0, 2.33333, 0], "texture": "#0"},
				"up": {"uv": [5.66667, 2.33333, 0, 0], "texture": "#0"},
				"down": {"uv": [5.66667, 0, 0, 2.33333], "texture": "#0"}
			}
		},
		{
			"from": [6.75, 9.64605, 0.05],
			"to": [9.25, 9.64605, 8.05],
			"rotation": {"angle": 45, "axis": "z", "origin": [8, 9.64605, 4.05]},
			"faces": {
				"north": {"uv": [0, 0, 1.66667, 0], "texture": "#0"},
				"east": {"uv": [0, 0, 5.33333, 0], "texture": "#0"},
				"south": {"uv": [0, 0, 1.66667, 0], "texture": "#0"},
				"west": {"uv": [0, 0, 5.33333, 0], "texture": "#0"},
				"up": {"uv": [1.66667, 8, 0, 2.66667], "texture": "#0"},
				"down": {"uv": [1.66667, 2.66667, 0, 8], "texture": "#0"}
			}
		},
		{
			"from": [6.75, 9.64605, 0.05],
			"to": [9.25, 9.64605, 8.05],
			"rotation": {"angle": -45, "axis": "z", "origin": [8, 9.64605, 4.05]},
			"faces": {
				"north": {"uv": [0, 0, 1.66667, 0], "texture": "#0"},
				"east": {"uv": [0, 0, 5.33333, 0], "texture": "#0"},
				"south": {"uv": [0, 0, 1.66667, 0], "texture": "#0"},
				"west": {"uv": [0, 0, 5.33333, 0], "texture": "#0"},
				"up": {"uv": [1.66667, 8, 0, 2.66667], "texture": "#0"},
				"down": {"uv": [1.66667, 2.66667, 0, 8], "texture": "#0"}
			}
		},
		{
			"from": [6, 10.35, 1],
			"to": [10, 10.35, 9],
			"faces": {
				"up": {"uv": [8, 16, 0, 0], "texture": "#1"}
			}
		}
	],
	"gui_light": "front",
	"display": {
		"thirdperson_righthand": {
			"translation": [0, -0.25, 0.25]
		},
		"thirdperson_lefthand": {
			"translation": [0, -0.25, 0.25]
		},
		"firstperson_righthand": {
			"rotation": [0, -12, 0],
			"translation": [4.25, 2.25, 5]
		},
		"firstperson_lefthand": {
			"rotation": [0, -12, 0],
			"translation": [4, 2.5, 5.25]
		},
		"ground": {
			"rotation": [40, 0, 0],
			"translation": [0, 7.75, 0],
			"scale": [1.39844, 1.39844, 1.39844]
		},
		"gui": {
			"rotation": [90, 45, 0],
			"translation": [0.25, -0.25, 0],
			"scale": [1.73633, 1.73633, 1.73633]
		},
		"head": {
			"scale": [0, 0, 0]
		},
		"fixed": {
			"rotation": [-90, 0, 0],
			"translation": [0, 0, -2.75],
			"scale": [2.4082, 2.4082, 2.4082]
		}
	}
}