{
  "credit": "Made by PolygonMC",
  "texture_size": [
    24,
    24
  ],
  "textures": {
    "2": "norarainbowset:animations/animations_1",
    "3": "norarainbowset:hoe"
  },
  "elements": [
    {
      "from": [
        7.5,
        1,
        7.5
      ],
      "to": [
        8.5,
        2,
        8.5
      ],
      "rotation": {
        "angle": 0,
        "axis": "y",
        "origin": [
          7.5,
          0,
          7.5
        ]
      },
      "faces": {
        "north": {
          "uv": [
            2,
            7.33333,
            2.66667,
            8
          ],
          "texture": "#3"
        },
        "east": {
          "uv": [
            7.33333,
            8,
            8,
            8.66667
          ],
          "texture": "#3"
        },
        "south": {
          "uv": [
            8,
            8,
            8.66667,
            8.66667
          ],
          "texture": "#3"
        },
        "west": {
          "uv": [
            0,
            8.66667,
            0.66667,
            9.33333
          ],
          "texture": "#3"
        },
        "up": {
          "uv": [
            1.33333,
            9.33333,
            0.66667,
            8.66667
          ],
          "texture": "#3"
        },
        "down": {
          "uv": [
            2,
            8.66667,
            1.33333,
            9.33333
          ],
          "texture": "#3"
        }
      }
    },
    {
      "from": [
        7.4,
        0.5,
        7.4
      ],
      "to": [
        8.6,
        1,
        8.6
      ],
      "rotation": {
        "angle": 0,
        "axis": "y",
        "origin": [
          7.5,
          -1,
          7.5
        ]
      },
      "faces": {
        "north": {
          "uv": [
            3.33333,
            10,
            4,
            10.33333
          ],
          "texture": "#3"
        },
        "east": {
          "uv": [
            10,
            3.33333,
            10.66667,
            3.66667
          ],
          "texture": "#3"
        },
        "south": {
          "uv": [
            4,
            10,
            4.66667,
            10.33333
          ],
          "texture": "#3"
        },
        "west": {
          "uv": [
            10,
            4,
            10.66667,
            4.33333
          ],
          "texture": "#3"
        },
        "up": {
          "uv": [
            9.33333,
            2,
            8.66667,
            1.33333
          ],
          "texture": "#3"
        },
        "down": {
          "uv": [
            2.66667,
            8.66667,
            2,
            9.33333
          ],
          "texture": "#3"
        }
      }
    },
    {
      "from": [
        7.4,
        10.2,
        7.4
      ],
      "to": [
        8.6,
        10.95,
        8.6
      ],
      "rotation": {
        "angle": 0,
        "axis": "y",
        "origin": [
          7.5,
          8.7,
          7.5
        ]
      },
      "faces": {
        "north": {
          "uv": [
            8.66667,
            2,
            9.33333,
            2.66667
          ],
          "texture": "#3"
        },
        "east": {
          "uv": [
            2.66667,
            8.66667,
            3.33333,
            9.33333
          ],
          "texture": "#3"
        },
        "south": {
          "uv": [
            8.66667,
            2.66667,
            9.33333,
            3.33333
          ],
          "texture": "#3"
        },
        "west": {
          "uv": [
            3.33333,
            8.66667,
            4,
            9.33333
          ],
          "texture": "#3"
        },
        "up": {
          "uv": [
            9.33333,
            4,
            8.66667,
            3.33333
          ],
          "texture": "#3"
        },
        "down": {
          "uv": [
            4.66667,
            8.66667,
            4,
            9.33333
          ],
          "texture": "#3"
        }
      }
    },
    {
      "from": [
        7.47,
        -0.28,
        7.47
      ],
      "to": [
        8.53,
        0.78,
        8.53
      ],
      "rotation": {
        "angle": -45,
        "axis": "x",
        "origin": [
          8,
          0.25,
          8
        ]
      },
      "faces": {
        "north": {
          "uv": [
            8.66667,
            4,
            9.33333,
            4.66667
          ],
          "texture": "#3"
        },
        "east": {
          "uv": [
            8.66667,
            4.66667,
            9.33333,
            5.33333
          ],
          "texture": "#3"
        },
        "south": {
          "uv": [
            8.66667,
            5.33333,
            9.33333,
            6
          ],
          "texture": "#3"
        },
        "west": {
          "uv": [
            8.66667,
            6,
            9.33333,
            6.66667
          ],
          "texture": "#3"
        },
        "up": {
          "uv": [
            9.33333,
            7.33333,
            8.66667,
            6.66667
          ],
          "texture": "#3"
        },
        "down": {
          "uv": [
            8,
            8.66667,
            7.33333,
            9.33333
          ],
          "texture": "#3"
        }
      }
    },
    {
      "from": [
        7.4,
        2,
        7.4
      ],
      "to": [
        8.6,
        3.2,
        8.6
      ],
      "rotation": {
        "angle": 0,
        "axis": "y",
        "origin": [
          7.5,
          0.1,
          7.5
        ]
      },
      "faces": {
        "north": {
          "uv": [
            8.66667,
            7.33333,
            9.33333,
            8
          ],
          "texture": "#3"
        },
        "east": {
          "uv": [
            8,
            8.66667,
            8.66667,
            9.33333
          ],
          "texture": "#3"
        },
        "south": {
          "uv": [
            8.66667,
            8,
            9.33333,
            8.66667
          ],
          "texture": "#3"
        },
        "west": {
          "uv": [
            8.66667,
            8.66667,
            9.33333,
            9.33333
          ],
          "texture": "#3"
        },
        "up": {
          "uv": [
            0.66667,
            10,
            0,
            9.33333
          ],
          "texture": "#3"
        },
        "down": {
          "uv": [
            10,
            0,
            9.33333,
            0.66667
          ],
          "texture": "#3"
        }
      }
    },
    {
      "from": [
        7.5,
        3.2,
        7.5
      ],
      "to": [
        8.5,
        5.2,
        8.5
      ],
      "rotation": {
        "angle": 0,
        "axis": "y",
        "origin": [
          7.5,
          0.2,
          7.5
        ]
      },
      "faces": {
        "north": {
          "uv": [
            5.33333,
            5.33333,
            6,
            6.66667
          ],
          "texture": "#3"
        },
        "east": {
          "uv": [
            0,
            6,
            0.66667,
            7.33333
          ],
          "texture": "#3"
        },
        "south": {
          "uv": [
            6,
            0,
            6.66667,
            1.33333
          ],
          "texture": "#3"
        },
        "west": {
          "uv": [
            0.66667,
            6,
            1.33333,
            7.33333
          ],
          "texture": "#3"
        },
        "up": {
          "uv": [
            1.33333,
            10,
            0.66667,
            9.33333
          ],
          "texture": "#3"
        },
        "down": {
          "uv": [
            10,
            0.66667,
            9.33333,
            1.33333
          ],
          "texture": "#3"
        }
      }
    },
    {
      "from": [
        7.5,
        7.2,
        7.5
      ],
      "to": [
        8.5,
        9.2,
        8.5
      ],
      "rotation": {
        "angle": 0,
        "axis": "y",
        "origin": [
          7.5,
          6.2,
          7.5
        ]
      },
      "faces": {
        "north": {
          "uv": [
            1.33333,
            6,
            2,
            7.33333
          ],
          "texture": "#3"
        },
        "east": {
          "uv": [
            6,
            1.33333,
            6.66667,
            2.66667
          ],
          "texture": "#3"
        },
        "south": {
          "uv": [
            2,
            6,
            2.66667,
            7.33333
          ],
          "texture": "#3"
        },
        "west": {
          "uv": [
            6,
            5.33333,
            6.66667,
            6.66667
          ],
          "texture": "#3"
        },
        "up": {
          "uv": [
            2,
            10,
            1.33333,
            9.33333
          ],
          "texture": "#3"
        },
        "down": {
          "uv": [
            10,
            1.33333,
            9.33333,
            2
          ],
          "texture": "#3"
        }
      }
    },
    {
      "from": [
        7.6,
        9.2,
        7.6
      ],
      "to": [
        8.4,
        10.2,
        8.4
      ],
      "rotation": {
        "angle": 0,
        "axis": "y",
        "origin": [
          7.5,
          8.2,
          7.5
        ]
      },
      "faces": {
        "north": {
          "uv": [
            2,
            9.33333,
            2.66667,
            10
          ],
          "texture": "#3"
        },
        "east": {
          "uv": [
            9.33333,
            2,
            10,
            2.66667
          ],
          "texture": "#3"
        },
        "south": {
          "uv": [
            2.66667,
            9.33333,
            3.33333,
            10
          ],
          "texture": "#3"
        },
        "west": {
          "uv": [
            9.33333,
            2.66667,
            10,
            3.33333
          ],
          "texture": "#3"
        },
        "up": {
          "uv": [
            4,
            10,
            3.33333,
            9.33333
          ],
          "texture": "#3"
        },
        "down": {
          "uv": [
            10,
            3.33333,
            9.33333,
            4
          ],
          "texture": "#3"
        }
      }
    },
    {
      "from": [
        7.6,
        5.2,
        7.6
      ],
      "to": [
        8.4,
        7.2,
        8.4
      ],
      "rotation": {
        "angle": 0,
        "axis": "y",
        "origin": [
          7.5,
          2.2,
          7.5
        ]
      },
      "faces": {
        "north": {
          "uv": [
            6.66667,
            0,
            7.33333,
            1.33333
          ],
          "texture": "#3"
        },
        "east": {
          "uv": [
            6.66667,
            1.33333,
            7.33333,
            2.66667
          ],
          "texture": "#3"
        },
        "south": {
          "uv": [
            2.66667,
            6.66667,
            3.33333,
            8
          ],
          "texture": "#3"
        },
        "west": {
          "uv": [
            6.66667,
            2.66667,
            7.33333,
            4
          ],
          "texture": "#3"
        },
        "up": {
          "uv": [
            4.66667,
            10,
            4,
            9.33333
          ],
          "texture": "#3"
        },
        "down": {
          "uv": [
            10,
            4,
            9.33333,
            4.66667
          ],
          "texture": "#3"
        }
      }
    },
    {
      "from": [
        7.25,
        10.75,
        8
      ],
      "to": [
        8.75,
        12.75,
        10
      ],
      "rotation": {
        "angle": -45,
        "axis": "x",
        "origin": [
          7.5,
          10.75,
          8
        ]
      },
      "faces": {
        "north": {
          "uv": [
            3.33333,
            1.33333,
            4.33333,
            2.66667
          ],
          "texture": "#3"
        },
        "east": {
          "uv": [
            2,
            0,
            3.33333,
            1.33333
          ],
          "texture": "#3"
        },
        "south": {
          "uv": [
            2.66667,
            4,
            3.66667,
            5.33333
          ],
          "texture": "#3"
        },
        "west": {
          "uv": [
            2,
            1.33333,
            3.33333,
            2.66667
          ],
          "texture": "#3"
        },
        "up": {
          "uv": [
            5,
            4,
            4,
            2.66667
          ],
          "texture": "#3"
        },
        "down": {
          "uv": [
            5,
            4,
            4,
            5.33333
          ],
          "texture": "#3"
        }
      }
    },
    {
      "from": [
        7,
        11,
        8.25
      ],
      "to": [
        9,
        12.5,
        9.75
      ],
      "rotation": {
        "angle": -45,
        "axis": "x",
        "origin": [
          7.5,
          10.75,
          8
        ]
      },
      "faces": {
        "north": {
          "uv": [
            4.66667,
            0,
            6,
            1
          ],
          "texture": "#3"
        },
        "east": {
          "uv": [
            4,
            5.33333,
            5,
            6.33333
          ],
          "texture": "#3"
        },
        "south": {
          "uv": [
            4.66667,
            1.33333,
            6,
            2.33333
          ],
          "texture": "#3"
        },
        "west": {
          "uv": [
            5.33333,
            4,
            6.33333,
            5
          ],
          "texture": "#3"
        },
        "up": {
          "uv": [
            4,
            6.33333,
            2.66667,
            5.33333
          ],
          "texture": "#3"
        },
        "down": {
          "uv": [
            6.66667,
            2.66667,
            5.33333,
            3.66667
          ],
          "texture": "#3"
        }
      }
    },
    {
      "from": [
        7.35,
        10.55,
        7.4
      ],
      "to": [
        8.65,
        11.75,
        8.6
      ],
      "rotation": {
        "angle": -45,
        "axis": "x",
        "origin": [
          8,
          11.15,
          8
        ]
      },
      "faces": {
        "north": {
          "uv": [
            0.66667,
            7.33333,
            1.66667,
            8
          ],
          "texture": "#3"
        },
        "east": {
          "uv": [
            9.33333,
            4.66667,
            10,
            5.33333
          ],
          "texture": "#3"
        },
        "south": {
          "uv": [
            7.33333,
            1.33333,
            8.33333,
            2
          ],
          "texture": "#3"
        },
        "west": {
          "uv": [
            9.33333,
            5.33333,
            10,
            6
          ],
          "texture": "#3"
        },
        "up": {
          "uv": [
            8.33333,
            2.66667,
            7.33333,
            2
          ],
          "texture": "#3"
        },
        "down": {
          "uv": [
            8.33333,
            2.66667,
            7.33333,
            3.33333
          ],
          "texture": "#3"
        }
      }
    },
    {
      "from": [
        7.2,
        10.75,
        7.6
      ],
      "to": [
        8.8,
        11.55,
        8.4
      ],
      "rotation": {
        "angle": -45,
        "axis": "x",
        "origin": [
          8,
          11.15,
          8
        ]
      },
      "faces": {
        "north": {
          "uv": [
            7.33333,
            3.33333,
            8.33333,
            4
          ],
          "texture": "#3"
        },
        "east": {
          "uv": [
            9.33333,
            6,
            10,
            6.66667
          ],
          "texture": "#3"
        },
        "south": {
          "uv": [
            7.33333,
            4,
            8.33333,
            4.66667
          ],
          "texture": "#3"
        },
        "west": {
          "uv": [
            9.33333,
            6.66667,
            10,
            7.33333
          ],
          "texture": "#3"
        },
        "up": {
          "uv": [
            8.33333,
            5.33333,
            7.33333,
            4.66667
          ],
          "texture": "#3"
        },
        "down": {
          "uv": [
            8.33333,
            5.33333,
            7.33333,
            6
          ],
          "texture": "#3"
        }
      }
    },
    {
      "from": [
        7.235,
        11.82446,
        9.7724
      ],
      "to": [
        8.765,
        12.98446,
        10.3524
      ],
      "rotation": {
        "angle": -45,
        "axis": "x",
        "origin": [
          7.71,
          12.98446,
          9.7724
        ]
      },
      "faces": {
        "north": {
          "uv": [
            7.33333,
            6,
            8.33333,
            6.66667
          ],
          "texture": "#3"
        },
        "east": {
          "uv": [
            4.66667,
            10,
            5,
            10.66667
          ],
          "texture": "#3"
        },
        "south": {
          "uv": [
            7.33333,
            6.66667,
            8.33333,
            7.33333
          ],
          "texture": "#3"
        },
        "west": {
          "uv": [
            10,
            4.66667,
            10.33333,
            5.33333
          ],
          "texture": "#3"
        },
        "up": {
          "uv": [
            9,
            9.66667,
            8,
            9.33333
          ],
          "texture": "#3"
        }
      }
    },
    {
      "from": [
        7.235,
        12.50397,
        9.7724
      ],
      "to": [
        8.765,
        13.08397,
        10.3524
      ],
      "rotation": {
        "angle": 45,
        "axis": "x",
        "origin": [
          7.71,
          11.34397,
          9.7724
        ]
      },
      "faces": {
        "east": {
          "uv": [
            8,
            10,
            8.33333,
            10.33333
          ],
          "texture": "#3"
        },
        "south": {
          "uv": [
            9.33333,
            8.66667,
            10.33333,
            9
          ],
          "texture": "#3"
        },
        "west": {
          "uv": [
            10,
            8,
            10.33333,
            8.33333
          ],
          "texture": "#3"
        },
        "up": {
          "uv": [
            10.33333,
            9.66667,
            9.33333,
            9.33333
          ],
          "texture": "#3"
        }
      }
    },
    {
      "from": [
        7.235,
        11.34397,
        9.7724
      ],
      "to": [
        8.765,
        12.50397,
        10.3524
      ],
      "rotation": {
        "angle": 45,
        "axis": "x",
        "origin": [
          7.71,
          11.34397,
          9.7724
        ]
      },
      "faces": {
        "north": {
          "uv": [
            7.33333,
            7.33333,
            8.33333,
            8
          ],
          "texture": "#3"
        },
        "east": {
          "uv": [
            5.33333,
            10,
            5.66667,
            10.66667
          ],
          "texture": "#3"
        },
        "south": {
          "uv": [
            8,
            0,
            9,
            0.66667
          ],
          "texture": "#3"
        },
        "west": {
          "uv": [
            10,
            5.33333,
            10.33333,
            6
          ],
          "texture": "#3"
        },
        "down": {
          "uv": [
            1,
            10,
            0,
            10.33333
          ],
          "texture": "#3"
        }
      }
    },
    {
      "from": [
        7.5,
        11.16421,
        8.60133
      ],
      "to": [
        8.5,
        13.16421,
        10.60133
      ],
      "rotation": {
        "angle": 45,
        "axis": "x",
        "origin": [
          8,
          12.16421,
          9.60133
        ]
      },
      "faces": {
        "north": {
          "uv": [
            3.33333,
            6.66667,
            4,
            8
          ],
          "texture": "#3"
        },
        "east": {
          "uv": [
            0,
            2.66667,
            1.33333,
            4
          ],
          "texture": "#3"
        },
        "south": {
          "uv": [
            4,
            6.66667,
            4.66667,
            8
          ],
          "texture": "#3"
        },
        "west": {
          "uv": [
            1.33333,
            2.66667,
            2.66667,
            4
          ],
          "texture": "#3"
        },
        "up": {
          "uv": [
            7.33333,
            5.33333,
            6.66667,
            4
          ],
          "texture": "#3"
        },
        "down": {
          "uv": [
            5.33333,
            6.66667,
            4.66667,
            8
          ],
          "texture": "#3"
        }
      }
    },
    {
      "from": [
        7.5,
        11.16421,
        5.39867
      ],
      "to": [
        8.5,
        13.16421,
        7.39867
      ],
      "rotation": {
        "angle": -45,
        "axis": "x",
        "origin": [
          8,
          12.16421,
          6.39867
        ]
      },
      "faces": {
        "north": {
          "uv": [
            5.33333,
            6.66667,
            6,
            8
          ],
          "texture": "#3"
        },
        "east": {
          "uv": [
            2.66667,
            2.66667,
            4,
            4
          ],
          "texture": "#3"
        },
        "south": {
          "uv": [
            6.66667,
            5.33333,
            7.33333,
            6.66667
          ],
          "texture": "#3"
        },
        "west": {
          "uv": [
            3.33333,
            0,
            4.66667,
            1.33333
          ],
          "texture": "#3"
        },
        "up": {
          "uv": [
            6.66667,
            8,
            6,
            6.66667
          ],
          "texture": "#3"
        },
        "down": {
          "uv": [
            7.33333,
            6.66667,
            6.66667,
            8
          ],
          "texture": "#3"
        }
      }
    },
    {
      "from": [
        7.235,
        11.34397,
        5.6476
      ],
      "to": [
        8.765,
        12.50397,
        6.2276
      ],
      "rotation": {
        "angle": -45,
        "axis": "x",
        "origin": [
          7.71,
          11.34397,
          6.2276
        ]
      },
      "faces": {
        "north": {
          "uv": [
            0.66667,
            8,
            1.66667,
            8.66667
          ],
          "texture": "#3"
        },
        "east": {
          "uv": [
            6,
            10,
            6.33333,
            10.66667
          ],
          "texture": "#3"
        },
        "south": {
          "uv": [
            8,
            0.66667,
            9,
            1.33333
          ],
          "texture": "#3"
        },
        "west": {
          "uv": [
            10,
            6,
            10.33333,
            6.66667
          ],
          "texture": "#3"
        },
        "down": {
          "uv": [
            11,
            0,
            10,
            0.33333
          ],
          "texture": "#3"
        }
      }
    },
    {
      "from": [
        7.235,
        11.82446,
        5.6476
      ],
      "to": [
        8.765,
        12.98446,
        6.2276
      ],
      "rotation": {
        "angle": 45,
        "axis": "x",
        "origin": [
          7.71,
          12.98446,
          6.2276
        ]
      },
      "faces": {
        "north": {
          "uv": [
            2,
            8,
            3,
            8.66667
          ],
          "texture": "#3"
        },
        "east": {
          "uv": [
            6.66667,
            10,
            7,
            10.66667
          ],
          "texture": "#3"
        },
        "south": {
          "uv": [
            3.33333,
            8,
            4.33333,
            8.66667
          ],
          "texture": "#3"
        },
        "west": {
          "uv": [
            10,
            6.66667,
            10.33333,
            7.33333
          ],
          "texture": "#3"
        },
        "up": {
          "uv": [
            11,
            1,
            10,
            0.66667
          ],
          "texture": "#3"
        }
      }
    },
    {
      "from": [
        7.235,
        12.50397,
        5.6476
      ],
      "to": [
        8.765,
        13.08397,
        6.2276
      ],
      "rotation": {
        "angle": -45,
        "axis": "x",
        "origin": [
          7.71,
          11.34397,
          6.2276
        ]
      },
      "faces": {
        "north": {
          "uv": [
            1.33333,
            10,
            2.33333,
            10.33333
          ],
          "texture": "#3"
        },
        "east": {
          "uv": [
            8.66667,
            10,
            9,
            10.33333
          ],
          "texture": "#3"
        },
        "west": {
          "uv": [
            9.33333,
            10,
            9.66667,
            10.33333
          ],
          "texture": "#3"
        },
        "up": {
          "uv": [
            11,
            1.66667,
            10,
            1.33333
          ],
          "texture": "#3"
        }
      }
    },
    {
      "from": [
        7.65,
        10.375,
        3.3
      ],
      "to": [
        8.35,
        11.925,
        6.3
      ],
      "rotation": {
        "angle": -22.5,
        "axis": "x",
        "origin": [
          8,
          10.58394,
          2.98103
        ]
      },
      "faces": {
        "north": {
          "uv": [
            10,
            2,
            10.33333,
            3
          ],
          "texture": "#3"
        },
        "east": {
          "uv": [
            0,
            0,
            2,
            1
          ],
          "texture": "#3"
        },
        "west": {
          "uv": [
            0,
            1.33333,
            2,
            2.33333
          ],
          "texture": "#3"
        },
        "up": {
          "uv": [
            5,
            10,
            4.66667,
            8
          ],
          "texture": "#3"
        },
        "down": {
          "uv": [
            5.66667,
            8,
            5.33333,
            10
          ],
          "texture": "#3"
        }
      }
    },
    {
      "from": [
        7.701,
        9.31362,
        2.36333
      ],
      "to": [
        8.299,
        11.59362,
        3.71133
      ],
      "rotation": {
        "angle": 22.5,
        "axis": "x",
        "origin": [
          8,
          10.76587,
          3.44613
        ]
      },
      "faces": {
        "north": {
          "uv": [
            6,
            8,
            6.33333,
            9.66667
          ],
          "texture": "#3"
        },
        "east": {
          "uv": [
            0,
            4,
            1,
            5.66667
          ],
          "texture": "#3"
        },
        "south": {
          "uv": [
            6.66667,
            8,
            7,
            9.66667
          ],
          "texture": "#3"
        },
        "west": {
          "uv": [
            1.33333,
            4,
            2.33333,
            5.66667
          ],
          "texture": "#3"
        },
        "down": {
          "uv": [
            3,
            10,
            2.66667,
            11
          ],
          "texture": "#3"
        }
      }
    },
    {
      "from": [
        7.74464,
        8.12827,
        2.13074
      ],
      "to": [
        8.25536,
        10.08747,
        3.11646
      ],
      "rotation": {
        "angle": -22.5,
        "axis": "x",
        "origin": [
          8,
          9.35787,
          2.6361
        ]
      },
      "faces": {
        "north": {
          "uv": [
            7.33333,
            9.33333,
            7.66667,
            10.66667
          ],
          "texture": "#3"
        },
        "east": {
          "uv": [
            0,
            7.33333,
            0.66667,
            8.66667
          ],
          "texture": "#3"
        },
        "south": {
          "uv": [
            9.33333,
            7.33333,
            9.66667,
            8.66667
          ],
          "texture": "#3"
        },
        "west": {
          "uv": [
            7.33333,
            0,
            8,
            1.33333
          ],
          "texture": "#3"
        },
        "down": {
          "uv": [
            10.33333,
            7.33333,
            10,
            8
          ],
          "texture": "#3"
        }
      }
    },
    {
      "from": [
        7.15,
        8.5,
        3
      ],
      "to": [
        7.15,
        15.5,
        8
      ],
      "rotation": {
        "angle": 45,
        "axis": "x",
        "origin": [
          7.4,
          12.5,
          4.5
        ]
      },
      "faces": {
        "west": {
          "uv": [
            0,
            0,
            11,
            15
          ],
          "texture": "#2"
        }
      }
    },
    {
      "from": [
        8.85,
        8.5,
        3
      ],
      "to": [
        8.85,
        15.5,
        8
      ],
      "rotation": {
        "angle": 45,
        "axis": "x",
        "origin": [
          8.6,
          12.5,
          4.5
        ]
      },
      "faces": {
        "east": {
          "uv": [
            11,
            0,
            0,
            15
          ],
          "texture": "#2"
        }
      }
    }
  ],
  "gui_light": "front",
  "display": {
    "thirdperson_righthand": {
      "translation": [
        0,
        3,
        0.75
      ]
    },
    "thirdperson_lefthand": {
      "translation": [
        0,
        3,
        0.75
      ]
    },
    "firstperson_righthand": {
      "rotation": [
        -10,
        0,
        0
      ],
      "translation": [
        -1.25,
        4.75,
        2.5
      ]
    },
    "firstperson_lefthand": {
      "rotation": [
        -10,
        0,
        0
      ],
      "translation": [
        -1.25,
        4.75,
        2.5
      ]
    },
    "ground": {
      "rotation": [
        -45,
        0,
        0
      ],
      "translation": [
        0,
        8.5,
        0
      ]
    },
    "gui": {
      "rotation": [
        -90,
        45,
        90
      ],
      "translation": [
        1,
        -1,
        0
      ],
      "scale": [
        1.20898,
        1.20898,
        1.20898
      ]
    },
    "head": {
      "scale": [
        0,
        0,
        0
      ]
    },
    "fixed": {
      "rotation": [
        0,
        -90,
        0
      ],
      "translation": [
        0,
        4.5,
        -1.25
      ],
      "scale": [
        3,
        3,
        3
      ]
    }
  }
}