{"credit":"Made by Yassou, discord: Yassou#0001 mail : miss.yas.mc@gmail.com","texture_size":[128,128],"textures":{"4":"park_plus:box_construction"},"elements":[{"from":[14,0,0],"to":[16,16,16],"rotation":{"angle":0,"axis":"y","origin":[2.6,-4,22]},"faces":{"north":{"uv":[1.375,6.5,1.625,8.5],"texture":"#4"},"east":{"uv":[0,0,2,2],"texture":"#4"},"south":{"uv":[1.625,6.5,1.875,8.5],"texture":"#4"},"west":{"uv":[0,2,2,4],"texture":"#4"},"up":{"uv":[6.75,8.875,6.5,6.875],"texture":"#4"},"down":{"uv":[7,6.875,6.75,8.875],"texture":"#4"}}},{"from":[21,0,13],"to":[28,4,20],"rotation":{"angle":22.5,"axis":"y","origin":[24.5,6,16.5]},"faces":{"north":{"uv":[6,5,6.875,5.5],"texture":"#4"},"east":{"uv":[6.875,5,7.75,5.5],"texture":"#4"},"south":{"uv":[7,2,7.875,2.5],"texture":"#4"},"west":{"uv":[7,2.5,7.875,3],"texture":"#4"},"up":{"uv":[1.375,7.375,0.5,6.5],"texture":"#4"},"down":{"uv":[7.375,6,6.5,6.875],"texture":"#4"}}},{"from":[22,4,14],"to":[27,8,19],"rotation":{"angle":22.5,"axis":"y","origin":[24.5,6,16.5]},"faces":{"north":{"uv":[7.75,0.75,8.375,1.25],"texture":"#4"},"east":{"uv":[7.75,1.25,8.375,1.75],"texture":"#4"},"south":{"uv":[3,7.75,3.625,8.25],"texture":"#4"},"west":{"uv":[3.625,7.75,4.25,8.25],"texture":"#4"},"up":{"uv":[8,6.125,7.375,5.5],"texture":"#4"},"down":{"uv":[8,6.125,7.375,6.75],"texture":"#4"}}},{"from":[23,8,15],"to":[26,12,18],"rotation":{"angle":22.5,"axis":"y","origin":[24.5,6,16.5]},"faces":{"north":{"uv":[7,5.5,7.375,6],"texture":"#4"},"east":{"uv":[7.5,7.875,7.875,8.375],"texture":"#4"},"south":{"uv":[7.875,7.875,8.25,8.375],"texture":"#4"},"west":{"uv":[2,8,2.375,8.5],"texture":"#4"},"up":{"uv":[8.25,3,7.875,2.625],"texture":"#4"},"down":{"uv":[2.75,8,2.375,8.375],"texture":"#4"}}},{"from":[2,0,2],"to":[14,2,14],"rotation":{"angle":0,"axis":"y","origin":[2.6,-4,22]},"faces":{"north":{"uv":[7.5,3.75,9,4],"texture":"#4"},"east":{"uv":[7.5,6.75,9,7],"texture":"#4"},"south":{"uv":[7.5,7,9,7.25],"texture":"#4"},"west":{"uv":[7.5,7.25,9,7.5],"texture":"#4"},"up":{"uv":[4.5,5.5,3,4],"texture":"#4"},"down":{"uv":[6,4,4.5,5.5],"texture":"#4"}}},{"from":[4.4,2,3],"to":[5.4,18,7],"rotation":{"angle":22.5,"axis":"z","origin":[3.5,10,4]},"faces":{"north":{"uv":[1.875,6.5,2,8.5],"texture":"#4"},"east":{"uv":[3,5.5,3.5,7.5],"texture":"#4"},"south":{"uv":[1.25,7.375,1.375,9.375],"texture":"#4"},"west":{"uv":[3.5,5.5,4,7.5],"texture":"#4"},"up":{"uv":[4.875,8,4.75,7.5],"texture":"#4"},"down":{"uv":[5,7.5,4.875,8],"texture":"#4"}}},{"from":[5.7,1.2,3],"to":[6.7,17.2,7],"rotation":{"angle":22.5,"axis":"z","origin":[3.5,10,4]},"faces":{"north":{"uv":[4.5,7.5,4.625,9.5],"texture":"#4"},"east":{"uv":[4,5.5,4.5,7.5],"texture":"#4"},"south":{"uv":[4.625,7.5,4.75,9.5],"texture":"#4"},"west":{"uv":[4.5,5.5,5,7.5],"texture":"#4"},"up":{"uv":[4.375,8.25,4.25,7.75],"texture":"#4"},"down":{"uv":[4.5,7.75,4.375,8.25],"texture":"#4"}}},{"from":[0.00844,18,8.5],"to":[16.00844,19,12.5],"rotation":{"angle":22.5,"axis":"y","origin":[8.00844,11.45211,0.5]},"faces":{"north":{"uv":[7.75,1.75,9.75,1.875],"texture":"#4"},"east":{"uv":[8,4.375,8.5,4.5],"texture":"#4"},"south":{"uv":[7.75,1.875,9.75,2],"texture":"#4"},"west":{"uv":[8,4.125,8.5,4.25],"texture":"#4"},"up":{"uv":[7.5,3.5,5.5,3],"texture":"#4"},"down":{"uv":[7,6,5,5.5],"texture":"#4"}}},{"from":[1.20844,19,8.5],"to":[17.20844,20,12.5],"rotation":{"angle":0,"axis":"y","origin":[8.00844,11.45211,0.5]},"faces":{"north":{"uv":[7.75,5,9.75,5.125],"texture":"#4"},"east":{"uv":[8,4.375,8.5,4.5],"texture":"#4"},"south":{"uv":[7.75,5.125,9.75,5.25],"texture":"#4"},"west":{"uv":[8,4.375,8.5,4.5],"texture":"#4"},"up":{"uv":[7,6,5,5.5],"texture":"#4"},"down":{"uv":[7,6,5,5.5],"texture":"#4"}}},{"from":[-7.09754,1,3.43281],"to":[-3.09754,2,19.43281],"rotation":{"angle":-22.5,"axis":"y","origin":[-5.47814,0.95211,10.1194]},"faces":{"north":{"uv":[8,4.75,8.5,4.875],"texture":"#4"},"east":{"uv":[7.5,7.75,9.5,7.875],"texture":"#4"},"south":{"uv":[8,4.75,8.5,4.875],"texture":"#4"},"west":{"uv":[7.875,2,9.875,2.125],"texture":"#4"},"up":{"uv":[5.5,8,5,6],"texture":"#4"},"down":{"uv":[6,6,5.5,8],"texture":"#4"}}},{"from":[-7.09754,2,3.43281],"to":[-3.09754,3,19.43281],"rotation":{"angle":22.5,"axis":"y","origin":[-5.47814,0.95211,10.1194]},"faces":{"north":{"uv":[8,4.75,8.5,4.875],"texture":"#4"},"east":{"uv":[7.875,2.125,9.875,2.25],"texture":"#4"},"south":{"uv":[5.25,8,5.75,8.125],"texture":"#4"},"west":{"uv":[7.875,2.25,9.875,2.375],"texture":"#4"},"up":{"uv":[6.5,8,6,6],"texture":"#4"},"down":{"uv":[0.5,6.5,0,8.5],"texture":"#4"}}},{"from":[-7.32715,0,0.76031],"to":[-3.32715,1,16.76031],"rotation":{"angle":0,"axis":"y","origin":[-5.47814,0.95211,10.1194]},"faces":{"north":{"uv":[8,4.75,8.5,4.875],"texture":"#4"},"east":{"uv":[7.75,5.25,9.75,5.375],"texture":"#4"},"south":{"uv":[8,4.625,8.5,4.75],"texture":"#4"},"west":{"uv":[7.75,5.375,9.75,5.5],"texture":"#4"},"up":{"uv":[2.5,8,2,6],"texture":"#4"},"down":{"uv":[3,6,2.5,8],"texture":"#4"}}},{"from":[2.67285,0,-9.23969],"to":[18.67285,1,-5.23969],"rotation":{"angle":-22.5,"axis":"y","origin":[10.67285,0.5,-7.23969]},"faces":{"north":{"uv":[7.875,2.375,9.875,2.5],"texture":"#4"},"east":{"uv":[8,5.5,8.5,5.625],"texture":"#4"},"south":{"uv":[7.875,2.5,9.875,2.625],"texture":"#4"},"west":{"uv":[8,5.5,8.5,5.625],"texture":"#4"},"up":{"uv":[8,4.5,6,4],"texture":"#4"},"down":{"uv":[8,5.5,8.5,5.625],"texture":"#4"}}},{"from":[6.35269,16,3.01594],"to":[18.35269,18,15.01594],"rotation":{"angle":-22.5,"axis":"y","origin":[11.25269,17.3,3.61594]},"faces":{"north":{"uv":[7.5,7.5,9,7.75],"texture":"#4"},"east":{"uv":[7.75,0,9.25,0.25],"texture":"#4"},"south":{"uv":[7.75,0.25,9.25,0.5],"texture":"#4"},"west":{"uv":[7.75,0.5,9.25,0.75],"texture":"#4"},"up":{"uv":[7,1.5,5.5,0],"texture":"#4"},"down":{"uv":[7,1.5,5.5,3],"texture":"#4"}}},{"from":[0,0,0],"to":[2,16,16],"rotation":{"angle":0,"axis":"y","origin":[2.6,-4,22]},"faces":{"north":{"uv":[7,0,7.25,2],"texture":"#4"},"east":{"uv":[2,0,4,2],"texture":"#4"},"south":{"uv":[7,6.875,7.25,8.875],"texture":"#4"},"west":{"uv":[2,2,4,4],"texture":"#4"},"up":{"uv":[7.25,2,7.5,0],"texture":"#4"},"down":{"uv":[7.5,6.875,7.25,8.875],"texture":"#4"}}},{"from":[2,0,0],"to":[14,16,2],"rotation":{"angle":0,"axis":"y","origin":[2.6,-4,22]},"faces":{"north":{"uv":[0,4,1.5,6],"texture":"#4"},"east":{"uv":[0.5,7.375,0.75,9.375],"texture":"#4"},"south":{"uv":[4,0,5.5,2],"texture":"#4"},"west":{"uv":[0.75,7.375,1,9.375],"texture":"#4"},"up":{"uv":[4.5,7.5,3,7.75],"texture":"#4"},"down":{"uv":[9,3,7.5,3.25],"texture":"#4"}}},{"from":[2,0,14],"to":[14,16,16],"rotation":{"angle":0,"axis":"y","origin":[2.6,-4,22]},"faces":{"north":{"uv":[1.5,4,3,6],"texture":"#4"},"east":{"uv":[1,7.375,1.25,9.375],"texture":"#4"},"south":{"uv":[4,2,5.5,4],"texture":"#4"},"west":{"uv":[7.5,0,7.75,2],"texture":"#4"},"up":{"uv":[9,3.5,7.5,3.25],"texture":"#4"},"down":{"uv":[9,3.5,7.5,3.75],"texture":"#4"}}}],"display":{"thirdperson_righthand":{"rotation":[60,-160,0],"translation":[0,1.75,0.25],"scale":[0.35586,0.35586,0.35586]},"thirdperson_lefthand":{"rotation":[60,-160,0],"translation":[0,0.75,0.25],"scale":[0.35586,0.35586,0.35586]},"firstperson_righthand":{"rotation":[0,-73,6],"translation":[3.25,0.5,0],"scale":[0.19492,0.19492,0.19492]},"firstperson_lefthand":{"rotation":[0,-73,6],"translation":[3.25,0.5,0],"scale":[0.19492,0.19492,0.19492]},"ground":{"translation":[0,1.5,0],"scale":[0.35,0.35,0.35]},"gui":{"rotation":[30,-40,0],"translation":[0.5,-0.25,0],"scale":[0.40508,0.40508,0.40508]},"head":{"translation":[0,-30.4,0],"scale":[1.6,1.6,1.6]},"fixed":{"rotation":[-90,-180,0],"translation":[0,0,-15],"scale":[2,2,2]}}}