{"credit":"Made by Yassou, discord: Yassou#0001 mail : miss.yas.mc@gmail.com","texture_size":[128,128],"textures":{"3":"park_plus:concret_pot_plant"},"elements":[{"from":[0,0,12],"to":[16,13,16],"faces":{"north":{"uv":[4.25,4,6.25,5.625],"texture":"#3"},"east":{"uv":[0,7.625,0.5,9.25],"texture":"#3"},"south":{"uv":[4.25,5.625,6.25,7.25],"texture":"#3"},"west":{"uv":[0.5,7.625,0,9.25],"texture":"#3"},"up":{"uv":[8,7.75,6,7.25],"texture":"#3"},"down":{"uv":[9.25,6.25,7.25,6.75],"texture":"#3"}}},{"from":[0,0,0],"to":[16,13,4],"faces":{"north":{"uv":[4.25,5.625,6.25,7.25],"texture":"#3"},"east":{"uv":[1,7.625,1.5,9.25],"texture":"#3"},"south":{"uv":[2,6,4,7.625],"texture":"#3"},"west":{"uv":[0,7.625,0.5,9.25],"texture":"#3"},"up":{"uv":[9.25,7.25,7.25,6.75],"texture":"#3"},"down":{"uv":[9.375,0,7.375,0.5],"texture":"#3"}}},{"from":[12,0,4],"to":[16,13,12],"faces":{"north":{"uv":[2,7.625,2.5,9.25],"texture":"#3"},"east":{"uv":[6.25,4,7.25,5.625],"texture":"#3"},"south":{"uv":[2.5,7.625,3,9.25],"texture":"#3"},"west":{"uv":[6.25,5.625,7.25,7.25],"texture":"#3"},"up":{"uv":[6.5,8.75,6,7.75],"texture":"#3"},"down":{"uv":[7,7.75,6.5,8.75],"texture":"#3"}}},{"from":[4,0,4],"to":[12,12,12],"faces":{"north":{"uv":[7.25,3.25,8.25,4.75],"texture":"#3"},"east":{"uv":[4,7.25,5,8.75],"texture":"#3"},"south":{"uv":[7.25,4.75,8.25,6.25],"texture":"#3"},"west":{"uv":[5,7.25,6,8.75],"texture":"#3"},"up":{"uv":[8.375,1.5,7.375,0.5],"texture":"#3"},"down":{"uv":[8.375,1.5,7.375,2.5],"texture":"#3"}}},{"from":[7.5,12,-0.5],"to":[7.5,28,16.5],"rotation":{"angle":0,"axis":"y","origin":[7.5,19,8]},"faces":{"north":{"uv":[0,0,0,2],"texture":"#3"},"east":{"uv":[0,0,2.125,2],"texture":"#3"},"south":{"uv":[0,0,0,2],"texture":"#3"},"west":{"uv":[0,2,2.125,4],"texture":"#3"},"up":{"uv":[0,2.125,0,0],"texture":"#3"},"down":{"uv":[0,0,0,2.125],"texture":"#3"}}},{"from":[-1,12,8],"to":[16,28,8],"rotation":{"angle":0,"axis":"y","origin":[7.5,20,8]},"faces":{"north":{"uv":[2.125,0,4.25,2],"texture":"#3"},"east":{"uv":[0,0,0,2],"texture":"#3"},"south":{"uv":[2.125,2,4.25,4],"texture":"#3"},"west":{"uv":[0,0,0,2],"texture":"#3"},"up":{"uv":[2.125,0,0,0],"texture":"#3"},"down":{"uv":[2.125,0,0,0],"texture":"#3"}}},{"from":[7.5,16,-0.5],"to":[7.5,32,16.5],"rotation":{"angle":-45,"axis":"y","origin":[7.5,24,8]},"faces":{"north":{"uv":[0,0,0,2],"texture":"#3"},"east":{"uv":[0,4,2.125,6],"texture":"#3"},"south":{"uv":[0,0,0,2],"texture":"#3"},"west":{"uv":[2.125,4,4.25,6],"texture":"#3"},"up":{"uv":[0,2.125,0,0],"texture":"#3"},"down":{"uv":[0,0,0,2.125],"texture":"#3"}}},{"from":[7.5,16,-0.5],"to":[7.5,32,16.5],"rotation":{"angle":45,"axis":"y","origin":[7.5,24,8]},"faces":{"north":{"uv":[0,0,0,2],"texture":"#3"},"east":{"uv":[4.25,0,6.375,2],"texture":"#3"},"south":{"uv":[0,0,0,2],"texture":"#3"},"west":{"uv":[4.25,2,6.375,4],"texture":"#3"},"up":{"uv":[0,2.125,0,0],"texture":"#3"},"down":{"uv":[0,0,0,2.125],"texture":"#3"}}},{"from":[0,0,4],"to":[4,13,12],"faces":{"north":{"uv":[3,7.625,3.5,9.25],"texture":"#3"},"east":{"uv":[6.375,0,7.375,1.625],"texture":"#3"},"south":{"uv":[3.5,7.625,4,9.25],"texture":"#3"},"west":{"uv":[6.25,4,7.25,5.625],"texture":"#3"},"up":{"uv":[7.5,8.75,7,7.75],"texture":"#3"},"down":{"uv":[8,7.75,7.5,8.75],"texture":"#3"}}}],"display":{"thirdperson_righthand":{"rotation":[60,-160,0],"translation":[0,2.25,0.25],"scale":[0.35586,0.35586,0.35586]},"thirdperson_lefthand":{"rotation":[60,-160,0],"translation":[0,2.25,0.25],"scale":[0.35586,0.35586,0.35586]},"firstperson_righthand":{"rotation":[0,-73,6],"translation":[3.25,0.5,0],"scale":[0.19492,0.19492,0.19492]},"firstperson_lefthand":{"rotation":[0,-73,6],"translation":[3.25,0.5,0],"scale":[0.19492,0.19492,0.19492]},"ground":{"translation":[0,1.5,0],"scale":[0.35,0.35,0.35]},"gui":{"rotation":[30,-40,0],"translation":[0.25,-2,0],"scale":[0.41484,0.41484,0.41484]},"head":{"translation":[0,-30.4,0],"scale":[1.6,1.6,1.6]},"fixed":{"rotation":[-90,-180,0],"translation":[0,0,-15],"scale":[2,2,2]}}}