{"credit":"Made by Yassou, discord: Yassou#0001 mail : miss.yas.mc@gmail.com","texture_size":[64,64],"textures":{"2":"park_plus:fence"},"elements":[{"from":[0,10,9],"to":[16,14,11],"rotation":{"angle":0,"axis":"y","origin":[9,8.5,8]},"faces":{"north":{"uv":[4,2,8,3],"texture":"#2"},"east":{"uv":[8.75,6,9.25,7],"texture":"#2"},"south":{"uv":[4,1,8,2],"texture":"#2"},"west":{"uv":[8.75,7,9.25,8],"texture":"#2"},"up":{"uv":[8.75,8,8.25,4],"rotation":90,"texture":"#2"},"down":{"uv":[8.75,8,8.25,12],"rotation":270,"texture":"#2"}}},{"from":[0,0,7],"to":[3,16,9],"rotation":{"angle":0,"axis":"y","origin":[9,8.5,8]},"faces":{"north":{"uv":[5.5,3,6.25,7],"texture":"#2"},"east":{"uv":[7.75,7,8.25,11],"texture":"#2"},"south":{"uv":[3,5,3.75,9],"texture":"#2"},"west":{"uv":[8.25,0,8.75,4],"texture":"#2"},"up":{"uv":[2.5,9.75,2,9],"rotation":90,"texture":"#2"},"down":{"uv":[3,9,2.5,9.75],"rotation":270,"texture":"#2"}}},{"from":[13,0,7],"to":[16,16,9],"rotation":{"angle":0,"axis":"y","origin":[9,8.5,8]},"faces":{"north":{"uv":[2.25,5,3,9],"texture":"#2"},"east":{"uv":[7.25,7,7.75,11],"texture":"#2"},"south":{"uv":[1.5,5,2.25,9],"texture":"#2"},"west":{"uv":[7.75,3,8.25,7],"texture":"#2"},"up":{"uv":[1.5,9.75,1,9],"rotation":90,"texture":"#2"},"down":{"uv":[2,9,1.5,9.75],"rotation":270,"texture":"#2"}}},{"from":[0,3,9],"to":[16,7,11],"rotation":{"angle":0,"axis":"y","origin":[9,8.5,8]},"faces":{"north":{"uv":[4,0,8,1],"texture":"#2"},"east":{"uv":[8.75,4,9.25,5],"texture":"#2"},"south":{"uv":[0,4,4,5],"texture":"#2"},"west":{"uv":[8.75,5,9.25,6],"texture":"#2"},"up":{"uv":[7.25,11,6.75,7],"rotation":90,"texture":"#2"},"down":{"uv":[7.75,3,7.25,7],"rotation":270,"texture":"#2"}}}],"display":{"thirdperson_righthand":{"rotation":[60,-160,0],"translation":[0,0.5,0.25],"scale":[0.35586,0.35586,0.35586]},"thirdperson_lefthand":{"rotation":[60,-160,0],"translation":[0,0.25,0.5],"scale":[0.35586,0.35586,0.35586]},"firstperson_righthand":{"rotation":[0,-73,6],"translation":[3.25,1.5,0],"scale":[0.19492,0.19492,0.19492]},"firstperson_lefthand":{"rotation":[0,-73,6],"translation":[3.25,0.5,0],"scale":[0.19492,0.19492,0.19492]},"ground":{"translation":[0,1.5,0],"scale":[0.35,0.35,0.35]},"gui":{"rotation":[17.5,31.25,0],"translation":[0,0.5,0],"scale":[0.70196,0.70196,0.70196]},"head":{"translation":[0,-30.4,0],"scale":[1.6,1.6,1.6]},"fixed":{"rotation":[-90,-180,0],"translation":[0,0,-15],"scale":[2,2,2]}}}