{"credit":"Made by Yassou, discord: Yassou#0001 mail : miss.yas.mc@gmail.com","texture_size":[64,64],"textures":{"3":"park_plus:lantern_box"},"elements":[{"from":[3,0,3],"to":[5,1,13],"rotation":{"angle":0,"axis":"z","origin":[8,8,14.5]},"faces":{"north":{"uv":[0,8.75,0.5,9],"texture":"#3"},"east":{"uv":[7.5,5.25,10,5.5],"texture":"#3"},"south":{"uv":[0.5,8.75,1,9],"texture":"#3"},"west":{"uv":[7.5,5.25,10,5.5],"texture":"#3"},"up":{"uv":[0.5,6.75,0,4.25],"texture":"#3"},"down":{"uv":[0.5,4.25,0,6.75],"texture":"#3"}}},{"from":[5,0,3],"to":[11,1,13],"rotation":{"angle":0,"axis":"z","origin":[8,8,14.5]},"faces":{"north":{"uv":[7.5,6.5,9,6.75],"texture":"#3"},"east":{"uv":[7.5,6.25,10,6.5],"texture":"#3"},"south":{"uv":[7.5,6.75,9,7],"texture":"#3"},"west":{"uv":[7.5,6.25,10,6.5],"texture":"#3"},"up":{"uv":[1.5,2.5,0,0],"texture":"#3"},"down":{"uv":[1.5,0,0,2.5],"texture":"#3"}}},{"from":[11,0,3],"to":[13,1,13],"rotation":{"angle":0,"axis":"z","origin":[8,8,14.5]},"faces":{"north":{"uv":[1,8.75,1.5,9],"texture":"#3"},"east":{"uv":[7.5,5.75,10,6],"texture":"#3"},"south":{"uv":[1.5,8.75,2,9],"texture":"#3"},"west":{"uv":[7.5,5.75,10,6],"texture":"#3"},"up":{"uv":[1.5,6.75,1,4.25],"texture":"#3"},"down":{"uv":[1.5,4.25,1,6.75],"texture":"#3"}}},{"from":[5,9,11],"to":[11,10,13],"rotation":{"angle":0,"axis":"z","origin":[8,8,14.5]},"faces":{"north":{"uv":[1.5,8,3,8.25],"texture":"#3"},"east":{"uv":[8.75,3.75,9.25,4],"texture":"#3"},"south":{"uv":[3,8,4.5,8.25],"texture":"#3"},"west":{"uv":[8.75,3.75,9.25,4],"texture":"#3"},"up":{"uv":[4.5,7.25,3,6.75],"texture":"#3"},"down":{"uv":[9,0.5,7.5,1],"texture":"#3"}}},{"from":[5,12,11],"to":[11,13,13],"rotation":{"angle":-45,"axis":"z","origin":[8,11.5,12]},"faces":{"north":{"uv":[6,8.25,7.5,8.5],"texture":"#3"},"east":{"uv":[0,9,0.5,9.25],"texture":"#3"},"south":{"uv":[7.5,8.25,9,8.5],"texture":"#3"},"west":{"uv":[9,0.5,9.5,0.75],"texture":"#3"},"up":{"uv":[8,7.5,6.5,7],"texture":"#3"},"down":{"uv":[1.5,6.75,0,7.25],"texture":"#3"}}},{"from":[5,12,10.8],"to":[11,13,12.8],"rotation":{"angle":45,"axis":"z","origin":[8,11.5,12]},"faces":{"north":{"uv":[0,8.25,1.5,8.5],"texture":"#3"},"east":{"uv":[8.5,0.75,9,1],"texture":"#3"},"south":{"uv":[8.5,0.25,10,0.5],"texture":"#3"},"west":{"uv":[1,9,1.5,9.25],"texture":"#3"},"up":{"uv":[4.5,7.75,3,7.25],"texture":"#3"},"down":{"uv":[4.5,7.25,3,7.75],"texture":"#3"}}},{"from":[5,12,2.9],"to":[11,13,4.9],"rotation":{"angle":45,"axis":"z","origin":[8,11.5,4.1]},"faces":{"north":{"uv":[6.75,2,8.25,2.25],"texture":"#3"},"east":{"uv":[1.5,8.75,2,9],"texture":"#3"},"south":{"uv":[6.75,2.25,8.25,2.5],"texture":"#3"},"west":{"uv":[9,1.25,9.5,1.5],"texture":"#3"},"up":{"uv":[7.75,2.5,6.25,2],"texture":"#3"},"down":{"uv":[9,4,7.5,4.5],"texture":"#3"}}},{"from":[5,12,3.1],"to":[11,13,5.1],"rotation":{"angle":-45,"axis":"z","origin":[8,11.5,4.1]},"faces":{"north":{"uv":[8.5,0.25,10,0.5],"texture":"#3"},"east":{"uv":[9,1.25,9.5,1.5],"texture":"#3"},"south":{"uv":[1.5,8.5,3,8.75],"texture":"#3"},"west":{"uv":[9,1.25,9.5,1.5],"texture":"#3"},"up":{"uv":[9,1,7.5,0.5],"texture":"#3"},"down":{"uv":[9,0.5,7.5,1],"texture":"#3"}}},{"from":[5,9,3],"to":[11,10,5],"rotation":{"angle":0,"axis":"z","origin":[8,8,14.5]},"faces":{"north":{"uv":[7.25,7.75,8.75,8],"texture":"#3"},"east":{"uv":[8.75,3.25,9.25,3.5],"texture":"#3"},"south":{"uv":[0,8,1.5,8.25],"texture":"#3"},"west":{"uv":[8.75,3.25,9.25,3.5],"texture":"#3"},"up":{"uv":[1.5,7.25,0,6.75],"texture":"#3"},"down":{"uv":[1.5,6.75,0,7.25],"texture":"#3"}}},{"from":[11,9,5],"to":[13,10,11],"rotation":{"angle":0,"axis":"z","origin":[8,8,14.5]},"faces":{"north":{"uv":[8.75,2.5,9.25,2.75],"texture":"#3"},"east":{"uv":[3,7.75,4.5,8],"texture":"#3"},"south":{"uv":[8.75,2.75,9.25,3],"texture":"#3"},"west":{"uv":[3,7.75,4.5,8],"texture":"#3"},"up":{"uv":[7,5.5,6.5,4],"texture":"#3"},"down":{"uv":[7,4,6.5,5.5],"texture":"#3"}}},{"from":[11,1,3],"to":[13,11,5],"rotation":{"angle":0,"axis":"z","origin":[8,8,14.5]},"faces":{"north":{"uv":[2,4.25,2.5,6.75],"texture":"#3"},"east":{"uv":[3,4.25,3.5,6.75],"texture":"#3"},"south":{"uv":[3,4.25,3.5,6.75],"texture":"#3"},"west":{"uv":[3.5,4.25,4,6.75],"texture":"#3"},"up":{"uv":[3.5,9,3,8.5],"texture":"#3"},"down":{"uv":[3.5,8.5,3,9],"texture":"#3"}}},{"from":[11,1,11],"to":[13,11,13],"rotation":{"angle":0,"axis":"z","origin":[8,8,14.5]},"faces":{"north":{"uv":[4,4.25,4.5,6.75],"texture":"#3"},"east":{"uv":[4,4.25,4.5,6.75],"texture":"#3"},"south":{"uv":[5,0,5.5,2.5],"texture":"#3"},"west":{"uv":[5,2.5,5.5,5],"texture":"#3"},"up":{"uv":[4.5,9,4,8.5],"texture":"#3"},"down":{"uv":[4.5,8.5,4,9],"texture":"#3"}}},{"from":[3,1,11],"to":[5,11,13],"rotation":{"angle":0,"axis":"z","origin":[8,8,14.5]},"faces":{"north":{"uv":[6,0,6.5,2.5],"texture":"#3"},"east":{"uv":[5.5,2.5,6,5],"texture":"#3"},"south":{"uv":[6,5,6.5,7.5],"texture":"#3"},"west":{"uv":[6.5,0,7,2.5],"texture":"#3"},"up":{"uv":[6.5,9,6,8.5],"texture":"#3"},"down":{"uv":[6.5,8.5,6,9],"texture":"#3"}}},{"from":[3,1,3],"to":[5,11,5],"rotation":{"angle":0,"axis":"z","origin":[8,8,14.5]},"faces":{"north":{"uv":[5,5,5.5,7.5],"texture":"#3"},"east":{"uv":[5,0,5.5,2.5],"texture":"#3"},"south":{"uv":[5.5,2.5,6,5],"texture":"#3"},"west":{"uv":[5.5,5,6,7.5],"texture":"#3"},"up":{"uv":[5.5,9,5,8.5],"texture":"#3"},"down":{"uv":[5.5,8.5,5,9],"texture":"#3"}}},{"from":[3,9,5],"to":[5,10,11],"rotation":{"angle":0,"axis":"z","origin":[8,8,14.5]},"faces":{"north":{"uv":[2,8.75,2.5,9],"texture":"#3"},"east":{"uv":[7.25,7.25,8.75,7.5],"texture":"#3"},"south":{"uv":[2.5,8.75,3,9],"texture":"#3"},"west":{"uv":[0,7.75,1.5,8],"texture":"#3"},"up":{"uv":[4.75,1.5,4.25,0],"texture":"#3"},"down":{"uv":[6.75,1,6.25,2.5],"texture":"#3"}}},{"from":[7.2,12.2,5],"to":[8.2,14.2,11],"rotation":{"angle":0,"axis":"z","origin":[4,9.5,8]},"faces":{"north":{"uv":[2,9,2.25,9.5],"texture":"#3"},"east":{"uv":[7.5,4.5,9,5],"texture":"#3"},"south":{"uv":[2.25,9,2.5,9.5],"texture":"#3"},"west":{"uv":[5,7.5,6.5,8],"texture":"#3"},"up":{"uv":[5,1.5,4.75,0],"texture":"#3"},"down":{"uv":[8.75,2.5,8.5,4],"texture":"#3"}}},{"from":[3,3,5],"to":[5,4,11],"rotation":{"angle":0,"axis":"z","origin":[8,8,14.5]},"faces":{"north":{"uv":[8.5,8.75,9,9],"texture":"#3"},"east":{"uv":[3,8,4.5,8.25],"texture":"#3"},"south":{"uv":[0,9,0.5,9.25],"texture":"#3"},"west":{"uv":[4.5,8.25,6,8.5],"texture":"#3"},"up":{"uv":[7.5,5.5,7,4],"texture":"#3"},"down":{"uv":[7,4,6.5,5.5],"texture":"#3"}}},{"from":[5,3,3],"to":[11,4,5],"rotation":{"angle":0,"axis":"z","origin":[8,8,14.5]},"faces":{"north":{"uv":[0,8.25,1.5,8.5],"texture":"#3"},"east":{"uv":[8,8,8.5,8.25],"texture":"#3"},"south":{"uv":[1.5,8.25,3,8.5],"texture":"#3"},"west":{"uv":[8.75,8,9.25,8.25],"texture":"#3"},"up":{"uv":[8.5,3.5,7,3],"texture":"#3"},"down":{"uv":[8.5,3,7,3.5],"texture":"#3"}}},{"from":[5,3,11],"to":[11,4,13],"rotation":{"angle":0,"axis":"z","origin":[8,8,14.5]},"faces":{"north":{"uv":[7.25,8,8.75,8.25],"texture":"#3"},"east":{"uv":[8.5,7.75,9,8],"texture":"#3"},"south":{"uv":[8,7.25,9.5,7.5],"texture":"#3"},"west":{"uv":[8.75,7.75,9.25,8],"texture":"#3"},"up":{"uv":[8.5,2.5,7,2],"texture":"#3"},"down":{"uv":[8.5,2,7,2.5],"texture":"#3"}}},{"from":[11,3,5],"to":[13,4,11],"rotation":{"angle":0,"axis":"z","origin":[8,8,14.5]},"faces":{"north":{"uv":[7,8.75,7.5,9],"texture":"#3"},"east":{"uv":[5,7.75,6.5,8],"texture":"#3"},"south":{"uv":[7.5,8.75,8,9],"texture":"#3"},"west":{"uv":[8,7,9.5,7.25],"texture":"#3"},"up":{"uv":[5,8.25,4.5,6.75],"texture":"#3"},"down":{"uv":[7,0.5,6.5,2],"texture":"#3"}}},{"from":[5.5,1,5.5],"to":[10.5,8,10.5],"rotation":{"angle":0,"axis":"z","origin":[8.5,8,15]},"faces":{"north":{"uv":[0,2.5,1.25,4.25],"texture":"#3"},"east":{"uv":[1.25,2.5,2.5,4.25],"texture":"#3"},"south":{"uv":[2.5,2.5,3.75,4.25],"texture":"#3"},"west":{"uv":[3,0,4.25,1.75],"texture":"#3"},"up":{"uv":[5,4.25,3.75,3],"texture":"#3"},"down":{"uv":[5,3,3.75,4.25],"texture":"#3"}}},{"from":[6.5,8,6.5],"to":[9.5,9,9.5],"rotation":{"angle":0,"axis":"z","origin":[8.5,8,15]},"faces":{"north":{"uv":[4.25,1.5,5,1.75],"texture":"#3"},"east":{"uv":[7,8.5,7.75,8.75],"texture":"#3"},"south":{"uv":[7.75,8.5,8.5,8.75],"texture":"#3"},"west":{"uv":[8.5,8.5,9.25,8.75],"texture":"#3"},"up":{"uv":[7.25,8.25,6.5,7.5],"texture":"#3"},"down":{"uv":[7.25,7.5,6.5,8.25],"texture":"#3"}}},{"from":[7.5,9,7.5],"to":[8.5,10,8.5],"rotation":{"angle":0,"axis":"z","origin":[8.5,8,15]},"faces":{"north":{"uv":[9,1.75,9.25,2],"texture":"#3"},"east":{"uv":[2.5,9,2.75,9.25],"texture":"#3"},"south":{"uv":[2.75,9,3,9.25],"texture":"#3"},"west":{"uv":[3,9,3.25,9.25],"texture":"#3"},"up":{"uv":[4.75,3.5,4.5,3.25],"texture":"#3"},"down":{"uv":[4.25,3.75,4,4],"texture":"#3"}}}],"display":{"thirdperson_righthand":{"rotation":[60,-160,0],"translation":[0,1.75,1],"scale":[0.35586,0.35586,0.35586]},"thirdperson_lefthand":{"rotation":[60,-160,0],"translation":[0,1.75,1],"scale":[0.35586,0.35586,0.35586]},"firstperson_righthand":{"rotation":[0,-73,6],"translation":[3.25,1.5,0],"scale":[0.19492,0.19492,0.19492]},"firstperson_lefthand":{"rotation":[0,-73,6],"translation":[2.5,2,0],"scale":[0.19492,0.19492,0.19492]},"ground":{"translation":[0,1.5,0],"scale":[0.35,0.35,0.35]},"gui":{"rotation":[30.25,-39,0],"translation":[0,1,0],"scale":[0.80743,0.80743,0.80743]},"head":{"translation":[0,-30.4,0],"scale":[1.6,1.6,1.6]},"fixed":{"rotation":[-90,-180,0],"translation":[0,0,-15],"scale":[2,2,2]}},"groups":[0,1,2,3,4,5,6,7,8,9,10,11,12,13,14,15,16,17,18,19,{"name":"group","origin":[8.5,8,15],"color":0,"boneType":"","children":[20,21,22]}]}