{"credit":"Made by Yassou, discord: Yassou#0001 mail : miss.yas.mc@gmail.com","texture_size":[128,128],"textures":{"3":"park_plus:picnictable_nappe"},"elements":[{"from":[13,0,20],"to":[15,15,22],"rotation":{"angle":22.5,"axis":"z","origin":[14,7.5,21]},"faces":{"north":{"uv":[5,6.25,5.25,8.125],"texture":"#3"},"east":{"uv":[5.25,6.25,5.5,8.125],"texture":"#3"},"south":{"uv":[5.5,6.25,5.75,8.125],"texture":"#3"},"west":{"uv":[5.75,6.25,6,8.125],"texture":"#3"},"up":{"uv":[7.125,4.125,6.875,3.875],"texture":"#3"},"down":{"uv":[7.125,4.125,6.875,4.375],"texture":"#3"}}},{"from":[13,0,-7],"to":[15,15,-5],"rotation":{"angle":22.5,"axis":"z","origin":[14,7.5,21]},"faces":{"north":{"uv":[6,6.25,6.25,8.125],"texture":"#3"},"east":{"uv":[6.25,6.25,6.5,8.125],"texture":"#3"},"south":{"uv":[3,6.5,3.25,8.375],"texture":"#3"},"west":{"uv":[3.25,6.5,3.5,8.375],"texture":"#3"},"up":{"uv":[7.125,4.625,6.875,4.375],"texture":"#3"},"down":{"uv":[7.125,4.625,6.875,4.875],"texture":"#3"}}},{"from":[1,0,20],"to":[3,15,22],"rotation":{"angle":-22.5,"axis":"z","origin":[2,7.5,21]},"faces":{"north":{"uv":[3.5,6.5,3.75,8.375],"texture":"#3"},"east":{"uv":[3.75,6.5,4,8.375],"texture":"#3"},"south":{"uv":[4,6.5,4.25,8.375],"texture":"#3"},"west":{"uv":[4.25,6.5,4.5,8.375],"texture":"#3"},"up":{"uv":[7.25,5.375,7,5.125],"texture":"#3"},"down":{"uv":[7.25,6.25,7,6.5],"texture":"#3"}}},{"from":[1,0,-7],"to":[3,15,-5],"rotation":{"angle":-22.5,"axis":"z","origin":[2,7.5,21]},"faces":{"north":{"uv":[4.5,6.5,4.75,8.375],"texture":"#3"},"east":{"uv":[4.75,6.5,5,8.375],"texture":"#3"},"south":{"uv":[6.5,6.25,6.75,8.125],"texture":"#3"},"west":{"uv":[6.75,6.25,7,8.125],"texture":"#3"},"up":{"uv":[7.25,6.75,7,6.5],"texture":"#3"},"down":{"uv":[7.25,6.75,7,7],"texture":"#3"}}},{"from":[0,14,-8],"to":[16,16,23],"rotation":{"angle":0,"axis":"y","origin":[16,0,0]},"faces":{"north":{"uv":[3,6.25,5,6.5],"texture":"#3"},"east":{"uv":[4,3.5,7.875,3.75],"texture":"#3"},"south":{"uv":[6.25,4.875,8.25,5.125],"texture":"#3"},"west":{"uv":[3,4.625,6.875,4.875],"texture":"#3"},"up":{"uv":[2,3.875,0,0],"texture":"#3"},"down":{"uv":[4,0,2,3.875],"texture":"#3"}}},{"from":[0,9,-8],"to":[0,14,23],"rotation":{"angle":0,"axis":"y","origin":[16,0,0]},"faces":{"north":{"uv":[0,0,0,0.625],"texture":"#3"},"east":{"uv":[4,0.75,7.875,1.375],"texture":"#3"},"south":{"uv":[0,0,0,0.625],"texture":"#3"},"west":{"uv":[4,1.375,7.875,2],"texture":"#3"},"up":{"uv":[0,3.875,0,0],"texture":"#3"},"down":{"uv":[0,0,0,3.875],"texture":"#3"}}},{"from":[16,8,-8],"to":[16,14,23],"rotation":{"angle":0,"axis":"y","origin":[16,0,0]},"faces":{"north":{"uv":[0,0,0,0.75],"texture":"#3"},"east":{"uv":[3,3.875,6.875,4.625],"texture":"#3"},"south":{"uv":[0,0,0,0.75],"texture":"#3"},"west":{"uv":[4,0,7.875,0.75],"texture":"#3"},"up":{"uv":[0,3.875,0,0],"texture":"#3"},"down":{"uv":[0,0,0,3.875],"texture":"#3"}}},{"from":[-5,7,19.5],"to":[21,9,22.5],"rotation":{"angle":0,"axis":"y","origin":[16,0,0]},"faces":{"north":{"uv":[3,4.875,6.25,5.125],"texture":"#3"},"east":{"uv":[6.25,5.125,6.625,5.375],"texture":"#3"},"south":{"uv":[3,5.125,6.25,5.375],"texture":"#3"},"west":{"uv":[6.25,5.375,6.625,5.625],"texture":"#3"},"up":{"uv":[7.25,2.375,4,2],"texture":"#3"},"down":{"uv":[7.25,2.375,4,2.75],"texture":"#3"}}},{"from":[-5,7,-7.5],"to":[21,9,-4.5],"rotation":{"angle":0,"axis":"y","origin":[16,0,0]},"faces":{"north":{"uv":[3,5.375,6.25,5.625],"texture":"#3"},"east":{"uv":[6.25,5.625,6.625,5.875],"texture":"#3"},"south":{"uv":[3,5.625,6.25,5.875],"texture":"#3"},"west":{"uv":[6.625,5.125,7,5.375],"texture":"#3"},"up":{"uv":[7.25,3.125,4,2.75],"texture":"#3"},"down":{"uv":[7.25,3.125,4,3.5],"texture":"#3"}}},{"from":[18,9,-9],"to":[24,10,24],"rotation":{"angle":0,"axis":"y","origin":[16,0,0]},"faces":{"north":{"uv":[6.625,5.375,7.375,5.5],"texture":"#3"},"east":{"uv":[4,3.75,8.125,3.875],"texture":"#3"},"south":{"uv":[6.625,5.5,7.375,5.625],"texture":"#3"},"west":{"uv":[3,5.875,7.125,6],"texture":"#3"},"up":{"uv":[0.75,8,0,3.875],"texture":"#3"},"down":{"uv":[1.5,3.875,0.75,8],"texture":"#3"}}},{"from":[-8,9,-9],"to":[-2,10,24],"faces":{"north":{"uv":[6.625,5.625,7.375,5.75],"texture":"#3"},"east":{"uv":[3,6,7.125,6.125],"texture":"#3"},"south":{"uv":[6.625,5.75,7.375,5.875],"texture":"#3"},"west":{"uv":[3,6.125,7.125,6.25],"texture":"#3"},"up":{"uv":[2.25,8,1.5,3.875],"texture":"#3"},"down":{"uv":[3,3.875,2.25,8],"texture":"#3"}}}],"display":{"thirdperson_righthand":{"rotation":[60,-160,0],"translation":[-0.25,3.25,0.25],"scale":[0.22109,0.22109,0.22109]},"thirdperson_lefthand":{"rotation":[60,-160,0],"translation":[-0.25,3.25,0.25],"scale":[0.22109,0.22109,0.22109]},"firstperson_righthand":{"rotation":[0,-40,6],"translation":[1.25,1,0],"scale":[0.10899,0.10899,0.10899]},"firstperson_lefthand":{"rotation":[0,-40,6],"translation":[3.25,1,0],"scale":[0.10899,0.10899,0.10899]},"ground":{"translation":[-2.25,1.5,0],"scale":[0.35,0.35,0.35]},"gui":{"rotation":[30,-40,0],"translation":[0,-0.5,0],"scale":[0.325,0.325,0.325]},"head":{"translation":[0,-30.4,0],"scale":[1.6,1.6,1.6]},"fixed":{"rotation":[-90,-180,0],"translation":[0,0,-15],"scale":[2,2,2]}},"groups":[0,1,2,3,4,5,6,7,8,9,10,{"name":"group","origin":[0,11,0],"color":0,"boneType":"","children":[]},{"name":"group","origin":[0,0,0],"color":0,"boneType":"","children":[]},{"name":"group","origin":[0,0,0],"color":0,"boneType":"","children":[]}]}