{"credit":"Made by Yassou, discord: Yassou#0001 mail : miss.yas.mc@gmail.com","texture_size":[64,64],"textures":{"1":"park_plus:stele"},"elements":[{"from":[0,0,0],"to":[16,12,16],"faces":{"north":{"uv":[4,0,8,3],"texture":"#1"},"east":{"uv":[4,3,8,6],"texture":"#1"},"south":{"uv":[4,6,8,9],"texture":"#1"},"west":{"uv":[0,8,4,11],"texture":"#1"},"up":{"uv":[4,4,0,0],"texture":"#1"},"down":{"uv":[4,4,0,8],"texture":"#1"}}},{"from":[0,0,0],"to":[16,12,16],"faces":{"north":{"uv":[4,0,8,3],"texture":"#1"},"east":{"uv":[4,3,8,6],"texture":"#1"},"south":{"uv":[4,6,8,9],"texture":"#1"},"west":{"uv":[0,8,4,11],"texture":"#1"},"up":{"uv":[4,4,0,0],"texture":"#1"},"down":{"uv":[4,4,0,8],"texture":"#1"}}},{"from":[3,12,3],"to":[13,20,13],"faces":{"north":{"uv":[4,9,6.5,11],"texture":"#1"},"east":{"uv":[6.5,10,9,12],"texture":"#1"},"south":{"uv":[9,10,11.5,12],"texture":"#1"},"west":{"uv":[10.5,0,13,2],"texture":"#1"},"up":{"uv":[10.5,7.5,8,5],"texture":"#1"},"down":{"uv":[10.5,7.5,8,10],"texture":"#1"}}},{"from":[4,20,4],"to":[6,27,12],"faces":{"north":{"uv":[7,6.75,7.5,8.5],"texture":"#1"},"east":{"uv":[5.5,4,7.5,5.75],"texture":"#1"},"south":{"uv":[7,6.75,7.5,8.5],"texture":"#1"},"west":{"uv":[5.5,4,7.5,5.75],"texture":"#1"},"up":{"uv":[8.5,7,8,5],"texture":"#1"},"down":{"uv":[8.5,7.5,8,9.5],"texture":"#1"}}},{"from":[10,20,4],"to":[12,27,12],"faces":{"north":{"uv":[7,6.75,7.5,8.5],"texture":"#1"},"east":{"uv":[5.5,4,7.5,5.75],"texture":"#1"},"south":{"uv":[7,6.75,7.5,8.5],"texture":"#1"},"west":{"uv":[5.5,4,7.5,5.75],"texture":"#1"},"up":{"uv":[8.5,7,8,5],"texture":"#1"},"down":{"uv":[8.5,7.5,8,9.5],"texture":"#1"}}},{"from":[0.2,27,3],"to":[8.2,29,13],"rotation":{"angle":45,"axis":"z","origin":[5,28,8]},"faces":{"north":{"uv":[10.5,9.5,12.5,10],"texture":"#1"},"east":{"uv":[11.5,10,14,10.5],"texture":"#1"},"south":{"uv":[11.5,10.5,13.5,11],"texture":"#1"},"west":{"uv":[11.5,11,14,11.5],"texture":"#1"},"up":{"uv":[10.5,2.5,8.5,0],"texture":"#1"},"down":{"uv":[10.5,2.5,8.5,0],"texture":"#1"}}},{"from":[8.2,27,3],"to":[10.2,29,13],"rotation":{"angle":45,"axis":"z","origin":[5,28,8]},"faces":{"north":{"uv":[10.5,9.5,11,10],"texture":"#1"},"east":{"uv":[11.5,10,14,10.5],"texture":"#1"},"south":{"uv":[11.5,10.5,12,11],"texture":"#1"},"west":{"uv":[11.5,11,14,11.5],"texture":"#1"},"up":{"uv":[8.5,2.5,8,0],"texture":"#1"},"down":{"uv":[8.5,2.5,8,5],"texture":"#1"}}},{"from":[7.8,27,3],"to":[15.8,29,13],"rotation":{"angle":-45,"axis":"z","origin":[11,28,8]},"faces":{"north":{"uv":[12.5,9.5,10.5,10],"texture":"#1"},"east":{"uv":[14,11,11.5,11.5],"texture":"#1"},"south":{"uv":[13.5,10.5,11.5,11],"texture":"#1"},"west":{"uv":[14,10,11.5,10.5],"texture":"#1"},"up":{"uv":[10,2.5,8,0],"texture":"#1"},"down":{"uv":[8.5,0,10.5,2.5],"texture":"#1"}}}],"display":{"thirdperson_righthand":{"rotation":[60,-160,0],"translation":[0,0.75,0.25],"scale":[0.35586,0.35586,0.35586]},"thirdperson_lefthand":{"rotation":[60,-160,0],"translation":[0,0.75,0.25],"scale":[0.35586,0.35586,0.35586]},"firstperson_righthand":{"rotation":[0,-73,6],"translation":[3.25,0.5,0],"scale":[0.19492,0.19492,0.19492]},"firstperson_lefthand":{"rotation":[0,-73,6],"translation":[3.25,0.5,0],"scale":[0.19492,0.19492,0.19492]},"ground":{"translation":[0,1.5,0],"scale":[0.35,0.35,0.35]},"gui":{"rotation":[30,-40,0],"translation":[0,-3,0],"scale":[0.37969,0.37969,0.37969]},"head":{"translation":[0,-30.4,0],"scale":[1.6,1.6,1.6]},"fixed":{"rotation":[-90,-180,0],"translation":[0,0,-15],"scale":[2,2,2]}}}