{"credit":"Made by Yassou, discord: Yassou#0001 mail : miss.yas.mc@gmail.com","texture_size":[64,64],"textures":{"2":"park_plus:lantern_plus"},"elements":[{"from":[6,4,6],"to":[10,28,10],"faces":{"north":{"uv":[0,0,1,6],"texture":"#2"},"east":{"uv":[1,0,2,6],"texture":"#2"},"south":{"uv":[2,0,3,6],"texture":"#2"},"west":{"uv":[3,0,4,6],"texture":"#2"},"up":{"uv":[6,9,5,8],"texture":"#2"},"down":{"uv":[7,8,6,9],"texture":"#2"}}},{"from":[5.5,0,5.5],"to":[10.5,4,10.5],"faces":{"north":{"uv":[0,7.5,1.25,8.5],"texture":"#2"},"east":{"uv":[7.5,0,8.75,1],"texture":"#2"},"south":{"uv":[1.25,7.5,2.5,8.5],"texture":"#2"},"west":{"uv":[7.75,3,9,4],"texture":"#2"},"up":{"uv":[4.25,8,3,6.75],"texture":"#2"},"down":{"uv":[5.5,6.75,4.25,8],"texture":"#2"}}},{"from":[5.5,28,5.5],"to":[10.5,32,10.5],"faces":{"north":{"uv":[7.75,4,9,5],"texture":"#2"},"east":{"uv":[7.75,5,9,6],"texture":"#2"},"south":{"uv":[2.5,8,3.75,9],"texture":"#2"},"west":{"uv":[3.75,8,5,9],"texture":"#2"},"up":{"uv":[6.75,8,5.5,6.75],"texture":"#2"},"down":{"uv":[8,6.75,6.75,8],"texture":"#2"}}},{"from":[6.5,28,10.5],"to":[9.5,31,24.5],"rotation":{"angle":0,"axis":"y","origin":[0,3,0]},"faces":{"north":{"uv":[3,6,3.75,6.75],"texture":"#2"},"east":{"uv":[4,0,7.5,0.75],"texture":"#2"},"south":{"uv":[2.25,9,3,9.75],"texture":"#2"},"west":{"uv":[4,0.75,7.5,1.5],"texture":"#2"},"up":{"uv":[4.75,5,4,1.5],"texture":"#2"},"down":{"uv":[5.5,1.5,4.75,5],"texture":"#2"}}},{"from":[6,17.6,19.5],"to":[10,19.6,23.5],"rotation":{"angle":0,"axis":"y","origin":[0,3,0]},"faces":{"north":{"uv":[7.5,1,8.5,1.5],"texture":"#2"},"east":{"uv":[4.5,9,5.5,9.5],"texture":"#2"},"south":{"uv":[9,4.5,10,5],"texture":"#2"},"west":{"uv":[9,5,10,5.5],"texture":"#2"},"up":{"uv":[9,7,8,6],"texture":"#2"},"down":{"uv":[8,8,7,9],"texture":"#2"}}},{"from":[6.5,24,14],"to":[9.5,28,17],"rotation":{"angle":0,"axis":"y","origin":[0,3,0]},"faces":{"north":{"uv":[8,7,8.75,8],"texture":"#2"},"east":{"uv":[8,8,8.75,9],"texture":"#2"},"south":{"uv":[0,8.5,0.75,9.5],"texture":"#2"},"west":{"uv":[0.75,8.5,1.5,9.5],"texture":"#2"},"up":{"uv":[3.75,9.75,3,9],"texture":"#2"},"down":{"uv":[9.75,3,9,3.75],"texture":"#2"}}},{"from":[6.5,21,10],"to":[9.5,24,17],"rotation":{"angle":0,"axis":"y","origin":[0,3,0]},"faces":{"north":{"uv":[3.75,9,4.5,9.75],"texture":"#2"},"east":{"uv":[7,1.5,8.75,2.25],"texture":"#2"},"south":{"uv":[9,3.75,9.75,4.5],"texture":"#2"},"west":{"uv":[7,2.25,8.75,3],"texture":"#2"},"up":{"uv":[7.75,4.75,7,3],"texture":"#2"},"down":{"uv":[7.75,4.75,7,6.5],"texture":"#2"}}},{"from":[5,10.6,18.5],"to":[11,17.6,24.5],"rotation":{"angle":0,"axis":"y","origin":[0,3,0]},"faces":{"north":{"uv":[4,5,5.5,6.75],"texture":"#2"},"east":{"uv":[5.5,1.5,7,3.25],"texture":"#2"},"south":{"uv":[5.5,3.25,7,5],"texture":"#2"},"west":{"uv":[5.5,5,7,6.75],"texture":"#2"},"up":{"uv":[1.5,7.5,0,6],"texture":"#2"},"down":{"uv":[3,6,1.5,7.5],"texture":"#2"}}},{"from":[6.5,19.6,21.5],"to":[9.5,23.6,21.5],"rotation":{"angle":45,"axis":"y","origin":[8,15.5,21.5]},"faces":{"north":{"uv":[1.5,8.5,2.25,9.5],"texture":"#2"},"east":{"uv":[0,0,0,1],"texture":"#2"},"south":{"uv":[8.75,0,9.5,1],"texture":"#2"},"west":{"uv":[0,0,0,1],"texture":"#2"},"up":{"uv":[0.75,0,0,0],"texture":"#2"},"down":{"uv":[0.75,0,0,0],"texture":"#2"}}},{"from":[8,22.6,20],"to":[8,26.6,23],"rotation":{"angle":45,"axis":"y","origin":[8,21.1,21.5]},"faces":{"north":{"uv":[0,0,0,1],"texture":"#2"},"east":{"uv":[8.75,1,9.5,2],"texture":"#2"},"south":{"uv":[0,0,0,1],"texture":"#2"},"west":{"uv":[8.75,2,9.5,3],"texture":"#2"},"up":{"uv":[0,0.75,0,0],"texture":"#2"},"down":{"uv":[0,0,0,0.75],"texture":"#2"}}},{"from":[6.5,24.6,21.5],"to":[9.5,28.6,21.5],"rotation":{"angle":45,"axis":"y","origin":[8,15.5,21.5]},"faces":{"north":{"uv":[8.75,7,9.5,8],"texture":"#2"},"east":{"uv":[0,0,0,1],"texture":"#2"},"south":{"uv":[8.75,8,9.5,9],"texture":"#2"},"west":{"uv":[0,0,0,1],"texture":"#2"},"up":{"uv":[0.75,0,0,0],"texture":"#2"},"down":{"uv":[0.75,0,0,0],"texture":"#2"}}},{"from":[-8.5,28,6.5],"to":[5.5,31,9.5],"rotation":{"angle":0,"axis":"y","origin":[16,3,0]},"faces":{"north":{"uv":[4,0.75,7.5,1.5],"texture":"#2"},"east":{"uv":[3,6,3.75,6.75],"texture":"#2"},"south":{"uv":[4,0,7.5,0.75],"texture":"#2"},"west":{"uv":[2.25,9,3,9.75],"texture":"#2"},"up":{"uv":[4.75,5,4,1.5],"rotation":90,"texture":"#2"},"down":{"uv":[5.5,1.5,4.75,5],"rotation":270,"texture":"#2"}}},{"from":[-7.5,17.6,6],"to":[-3.5,19.6,10],"rotation":{"angle":0,"axis":"y","origin":[16,3,0]},"faces":{"north":{"uv":[9,5,10,5.5],"texture":"#2"},"east":{"uv":[7.5,1,8.5,1.5],"texture":"#2"},"south":{"uv":[4.5,9,5.5,9.5],"texture":"#2"},"west":{"uv":[9,4.5,10,5],"texture":"#2"},"up":{"uv":[9,7,8,6],"rotation":90,"texture":"#2"},"down":{"uv":[8,8,7,9],"rotation":270,"texture":"#2"}}},{"from":[-1,24,6.5],"to":[2,28,9.5],"rotation":{"angle":0,"axis":"y","origin":[16,3,0]},"faces":{"north":{"uv":[0.75,8.5,1.5,9.5],"texture":"#2"},"east":{"uv":[8,7,8.75,8],"texture":"#2"},"south":{"uv":[8,8,8.75,9],"texture":"#2"},"west":{"uv":[0,8.5,0.75,9.5],"texture":"#2"},"up":{"uv":[3.75,9.75,3,9],"rotation":90,"texture":"#2"},"down":{"uv":[9.75,3,9,3.75],"rotation":270,"texture":"#2"}}},{"from":[-1,21,6.5],"to":[6,24,9.5],"rotation":{"angle":0,"axis":"y","origin":[16,3,0]},"faces":{"north":{"uv":[7,2.25,8.75,3],"texture":"#2"},"east":{"uv":[3.75,9,4.5,9.75],"texture":"#2"},"south":{"uv":[7,1.5,8.75,2.25],"texture":"#2"},"west":{"uv":[9,3.75,9.75,4.5],"texture":"#2"},"up":{"uv":[7.75,4.75,7,3],"rotation":90,"texture":"#2"},"down":{"uv":[7.75,4.75,7,6.5],"rotation":270,"texture":"#2"}}},{"from":[-8.5,10.6,5],"to":[-2.5,17.6,11],"rotation":{"angle":0,"axis":"y","origin":[16,3,0]},"faces":{"north":{"uv":[5.5,5,7,6.75],"texture":"#2"},"east":{"uv":[4,5,5.5,6.75],"texture":"#2"},"south":{"uv":[5.5,1.5,7,3.25],"texture":"#2"},"west":{"uv":[5.5,3.25,7,5],"texture":"#2"},"up":{"uv":[1.5,7.5,0,6],"rotation":90,"texture":"#2"},"down":{"uv":[3,6,1.5,7.5],"rotation":270,"texture":"#2"}}},{"from":[-5.5,19.6,6.5],"to":[-5.5,23.6,9.5],"rotation":{"angle":45,"axis":"y","origin":[-5.5,15.5,8]},"faces":{"north":{"uv":[0,0,0,1],"texture":"#2"},"east":{"uv":[1.5,8.5,2.25,9.5],"texture":"#2"},"south":{"uv":[0,0,0,1],"texture":"#2"},"west":{"uv":[8.75,0,9.5,1],"texture":"#2"},"up":{"uv":[0.75,0,0,0],"rotation":90,"texture":"#2"},"down":{"uv":[0.75,0,0,0],"rotation":270,"texture":"#2"}}},{"from":[-7,22.6,8],"to":[-4,26.6,8],"rotation":{"angle":45,"axis":"y","origin":[-5.5,21.1,8]},"faces":{"north":{"uv":[8.75,2,9.5,3],"texture":"#2"},"east":{"uv":[0,0,0,1],"texture":"#2"},"south":{"uv":[8.75,1,9.5,2],"texture":"#2"},"west":{"uv":[0,0,0,1],"texture":"#2"},"up":{"uv":[0,0.75,0,0],"rotation":90,"texture":"#2"},"down":{"uv":[0,0,0,0.75],"rotation":270,"texture":"#2"}}},{"from":[-5.5,24.6,6.5],"to":[-5.5,28.6,9.5],"rotation":{"angle":45,"axis":"y","origin":[-5.5,15.5,8]},"faces":{"north":{"uv":[0,0,0,1],"texture":"#2"},"east":{"uv":[8.75,7,9.5,8],"texture":"#2"},"south":{"uv":[0,0,0,1],"texture":"#2"},"west":{"uv":[8.75,8,9.5,9],"texture":"#2"},"up":{"uv":[0.75,0,0,0],"rotation":90,"texture":"#2"},"down":{"uv":[0.75,0,0,0],"rotation":270,"texture":"#2"}}},{"from":[6.5,28,-8.5],"to":[9.5,31,5.5],"rotation":{"angle":0,"axis":"y","origin":[0,3,16]},"faces":{"north":{"uv":[3,9,2.25,9.75],"texture":"#2"},"east":{"uv":[7.5,0,4,0.75],"texture":"#2"},"south":{"uv":[3.75,6,3,6.75],"texture":"#2"},"west":{"uv":[7.5,0.75,4,1.5],"texture":"#2"},"up":{"uv":[4.75,1.5,4,5],"texture":"#2"},"down":{"uv":[5.5,5,4.75,1.5],"texture":"#2"}}},{"from":[6,17.6,-7.5],"to":[10,19.6,-3.5],"rotation":{"angle":0,"axis":"y","origin":[0,3,16]},"faces":{"north":{"uv":[10,4.5,9,5],"texture":"#2"},"east":{"uv":[5.5,9,4.5,9.5],"texture":"#2"},"south":{"uv":[8.5,1,7.5,1.5],"texture":"#2"},"west":{"uv":[10,5,9,5.5],"texture":"#2"},"up":{"uv":[9,6,8,7],"texture":"#2"},"down":{"uv":[8,9,7,8],"texture":"#2"}}},{"from":[6.5,24,-1],"to":[9.5,28,2],"rotation":{"angle":0,"axis":"y","origin":[0,3,16]},"faces":{"north":{"uv":[0.75,8.5,0,9.5],"texture":"#2"},"east":{"uv":[8.75,8,8,9],"texture":"#2"},"south":{"uv":[8.75,7,8,8],"texture":"#2"},"west":{"uv":[1.5,8.5,0.75,9.5],"texture":"#2"},"up":{"uv":[3.75,9,3,9.75],"texture":"#2"},"down":{"uv":[9.75,3.75,9,3],"texture":"#2"}}},{"from":[6.5,21,-1],"to":[9.5,24,6],"rotation":{"angle":0,"axis":"y","origin":[0,3,16]},"faces":{"north":{"uv":[9.75,3.75,9,4.5],"texture":"#2"},"east":{"uv":[8.75,1.5,7,2.25],"texture":"#2"},"south":{"uv":[4.5,9,3.75,9.75],"texture":"#2"},"west":{"uv":[8.75,2.25,7,3],"texture":"#2"},"up":{"uv":[7.75,3,7,4.75],"texture":"#2"},"down":{"uv":[7.75,6.5,7,4.75],"texture":"#2"}}},{"from":[5,10.6,-8.5],"to":[11,17.6,-2.5],"rotation":{"angle":0,"axis":"y","origin":[0,3,16]},"faces":{"north":{"uv":[7,3.25,5.5,5],"texture":"#2"},"east":{"uv":[7,1.5,5.5,3.25],"texture":"#2"},"south":{"uv":[5.5,5,4,6.75],"texture":"#2"},"west":{"uv":[7,5,5.5,6.75],"texture":"#2"},"up":{"uv":[1.5,6,0,7.5],"texture":"#2"},"down":{"uv":[3,7.5,1.5,6],"texture":"#2"}}},{"from":[6.5,19.6,-5.5],"to":[9.5,23.6,-5.5],"rotation":{"angle":-45,"axis":"y","origin":[8,15.5,-5.5]},"faces":{"north":{"uv":[9.5,0,8.75,1],"texture":"#2"},"east":{"uv":[0,0,0,1],"texture":"#2"},"south":{"uv":[2.25,8.5,1.5,9.5],"texture":"#2"},"west":{"uv":[0,0,0,1],"texture":"#2"},"up":{"uv":[0.75,0,0,0],"texture":"#2"},"down":{"uv":[0.75,0,0,0],"texture":"#2"}}},{"from":[8,22.6,-7],"to":[8,26.6,-4],"rotation":{"angle":-45,"axis":"y","origin":[8,21.1,-5.5]},"faces":{"north":{"uv":[0,0,0,1],"texture":"#2"},"east":{"uv":[9.5,1,8.75,2],"texture":"#2"},"south":{"uv":[0,0,0,1],"texture":"#2"},"west":{"uv":[9.5,2,8.75,3],"texture":"#2"},"up":{"uv":[0,0,0,0.75],"texture":"#2"},"down":{"uv":[0,0.75,0,0],"texture":"#2"}}},{"from":[6.5,24.6,-5.5],"to":[9.5,28.6,-5.5],"rotation":{"angle":-45,"axis":"y","origin":[8,15.5,-5.5]},"faces":{"north":{"uv":[9.5,8,8.75,9],"texture":"#2"},"east":{"uv":[0,0,0,1],"texture":"#2"},"south":{"uv":[9.5,7,8.75,8],"texture":"#2"},"west":{"uv":[0,0,0,1],"texture":"#2"},"up":{"uv":[0.75,0,0,0],"texture":"#2"},"down":{"uv":[0.75,0,0,0],"texture":"#2"}}},{"from":[10.5,28,6.5],"to":[24.5,31,9.5],"rotation":{"angle":0,"axis":"y","origin":[0,3,0]},"faces":{"north":{"uv":[7.5,0.75,4,1.5],"texture":"#2"},"east":{"uv":[3,9,2.25,9.75],"texture":"#2"},"south":{"uv":[7.5,0,4,0.75],"texture":"#2"},"west":{"uv":[3.75,6,3,6.75],"texture":"#2"},"up":{"uv":[4.75,1.5,4,5],"rotation":90,"texture":"#2"},"down":{"uv":[5.5,5,4.75,1.5],"rotation":270,"texture":"#2"}}},{"from":[19.5,17.6,6],"to":[23.5,19.6,10],"rotation":{"angle":0,"axis":"y","origin":[0,3,0]},"faces":{"north":{"uv":[10,5,9,5.5],"texture":"#2"},"east":{"uv":[10,4.5,9,5],"texture":"#2"},"south":{"uv":[5.5,9,4.5,9.5],"texture":"#2"},"west":{"uv":[8.5,1,7.5,1.5],"texture":"#2"},"up":{"uv":[9,6,8,7],"rotation":90,"texture":"#2"},"down":{"uv":[8,9,7,8],"rotation":270,"texture":"#2"}}},{"from":[14,24,6.5],"to":[17,28,9.5],"rotation":{"angle":0,"axis":"y","origin":[0,3,0]},"faces":{"north":{"uv":[1.5,8.5,0.75,9.5],"texture":"#2"},"east":{"uv":[0.75,8.5,0,9.5],"texture":"#2"},"south":{"uv":[8.75,8,8,9],"texture":"#2"},"west":{"uv":[8.75,7,8,8],"texture":"#2"},"up":{"uv":[3.75,9,3,9.75],"rotation":90,"texture":"#2"},"down":{"uv":[9.75,3.75,9,3],"rotation":270,"texture":"#2"}}},{"from":[10,21,6.5],"to":[17,24,9.5],"rotation":{"angle":0,"axis":"y","origin":[0,3,0]},"faces":{"north":{"uv":[8.75,2.25,7,3],"texture":"#2"},"east":{"uv":[9.75,3.75,9,4.5],"texture":"#2"},"south":{"uv":[8.75,1.5,7,2.25],"texture":"#2"},"west":{"uv":[4.5,9,3.75,9.75],"texture":"#2"},"up":{"uv":[7.75,3,7,4.75],"rotation":90,"texture":"#2"},"down":{"uv":[7.75,6.5,7,4.75],"rotation":270,"texture":"#2"}}},{"from":[18.5,10.6,5],"to":[24.5,17.6,11],"rotation":{"angle":0,"axis":"y","origin":[0,3,0]},"faces":{"north":{"uv":[7,5,5.5,6.75],"texture":"#2"},"east":{"uv":[7,3.25,5.5,5],"texture":"#2"},"south":{"uv":[7,1.5,5.5,3.25],"texture":"#2"},"west":{"uv":[5.5,5,4,6.75],"texture":"#2"},"up":{"uv":[1.5,6,0,7.5],"rotation":90,"texture":"#2"},"down":{"uv":[3,7.5,1.5,6],"rotation":270,"texture":"#2"}}},{"from":[21.5,19.6,6.5],"to":[21.5,23.6,9.5],"rotation":{"angle":-45,"axis":"y","origin":[21.5,15.5,8]},"faces":{"north":{"uv":[0,0,0,1],"texture":"#2"},"east":{"uv":[9.5,0,8.75,1],"texture":"#2"},"south":{"uv":[0,0,0,1],"texture":"#2"},"west":{"uv":[2.25,8.5,1.5,9.5],"texture":"#2"},"up":{"uv":[0.75,0,0,0],"rotation":90,"texture":"#2"},"down":{"uv":[0.75,0,0,0],"rotation":270,"texture":"#2"}}},{"from":[20,22.6,8],"to":[23,26.6,8],"rotation":{"angle":-45,"axis":"y","origin":[21.5,21.1,8]},"faces":{"north":{"uv":[9.5,2,8.75,3],"texture":"#2"},"east":{"uv":[0,0,0,1],"texture":"#2"},"south":{"uv":[9.5,1,8.75,2],"texture":"#2"},"west":{"uv":[0,0,0,1],"texture":"#2"},"up":{"uv":[0,0,0,0.75],"rotation":90,"texture":"#2"},"down":{"uv":[0,0.75,0,0],"rotation":270,"texture":"#2"}}},{"from":[21.5,24.6,6.5],"to":[21.5,28.6,9.5],"rotation":{"angle":-45,"axis":"y","origin":[21.5,15.5,8]},"faces":{"north":{"uv":[0,0,0,1],"texture":"#2"},"east":{"uv":[9.5,8,8.75,9],"texture":"#2"},"south":{"uv":[0,0,0,1],"texture":"#2"},"west":{"uv":[9.5,7,8.75,8],"texture":"#2"},"up":{"uv":[0.75,0,0,0],"rotation":90,"texture":"#2"},"down":{"uv":[0.75,0,0,0],"rotation":270,"texture":"#2"}}}],"display":{"thirdperson_righthand":{"rotation":[60,-160,0],"translation":[0,0.75,0.25],"scale":[0.35586,0.35586,0.35586]},"thirdperson_lefthand":{"rotation":[60,-160,0],"translation":[0,0.75,0.25],"scale":[0.35586,0.35586,0.35586]},"firstperson_righthand":{"rotation":[0,-73,6],"translation":[3.25,0.5,0],"scale":[0.19492,0.19492,0.19492]},"firstperson_lefthand":{"rotation":[0,-73,6],"translation":[3.25,0.5,0],"scale":[0.19492,0.19492,0.19492]},"ground":{"translation":[0,1.5,0],"scale":[0.35,0.35,0.35]},"gui":{"rotation":[30,-40,0],"translation":[0.25,-4.25,0],"scale":[0.45,0.45,0.45]},"head":{"translation":[0,-30.4,0],"scale":[1.6,1.6,1.6]},"fixed":{"rotation":[-90,-180,0],"translation":[0,0,-15],"scale":[2,2,2]}},"groups":[0,1,2,{"name":"group","origin":[8,15.5,21.5],"color":0,"boneType":"","children":[3,4,5,6,7,8,9,10,11,12,13,14,15,16,17,18]},{"name":"group","origin":[8,15.5,21.5],"color":0,"boneType":"","children":[19,20,21,22,23,24,25,26,27,28,29,30,31,32,33,34]}]}