{"credit":"Made by Yassou, discord: Yassou#0001 mail : miss.yas.mc@gmail.com","texture_size":[64,64],"textures":{"2":"park_plus:lantern_plus"},"elements":[{"from":[6,4,6],"to":[10,17,10],"faces":{"north":{"uv":[0,0,1,3.25],"texture":"#2"},"east":{"uv":[1,0,2,3.25],"texture":"#2"},"south":{"uv":[2,0,3,3.25],"texture":"#2"},"west":{"uv":[3,0,4,3.25],"texture":"#2"},"up":{"uv":[6,9,5,8],"texture":"#2"},"down":{"uv":[7,8,6,9],"texture":"#2"}}},{"from":[5.5,0,5.5],"to":[10.5,4,10.5],"faces":{"north":{"uv":[0,7.5,1.25,8.5],"texture":"#2"},"east":{"uv":[7.5,0,8.75,1],"texture":"#2"},"south":{"uv":[1.25,7.5,2.5,8.5],"texture":"#2"},"west":{"uv":[7.75,3,9,4],"texture":"#2"},"up":{"uv":[4.25,8,3,6.75],"texture":"#2"},"down":{"uv":[5.5,6.75,4.25,8],"texture":"#2"}}},{"from":[7.1,16.6,7],"to":[9.1,18.6,9],"rotation":{"angle":0,"axis":"y","origin":[-13.4,13,0]},"faces":{"north":{"uv":[5,7.25,4.5,7.75],"texture":"#2"},"east":{"uv":[5,7.25,4.5,7.75],"texture":"#2"},"south":{"uv":[5,7.25,4.5,7.75],"texture":"#2"},"west":{"uv":[5,7.25,4.5,7.75],"texture":"#2"},"up":{"uv":[5,7.25,4.5,7.75],"texture":"#2"},"down":{"uv":[5,7.25,4.5,7.75],"texture":"#2"}}},{"from":[6.1,27.6,6],"to":[10.1,29.6,10],"rotation":{"angle":0,"axis":"y","origin":[-13.4,13,0]},"faces":{"north":{"uv":[10,5,9,5.5],"texture":"#2"},"east":{"uv":[10,4.5,9,5],"texture":"#2"},"south":{"uv":[5.5,9,4.5,9.5],"texture":"#2"},"west":{"uv":[8.5,1,7.5,1.5],"texture":"#2"},"up":{"uv":[9,6,8,7],"rotation":90,"texture":"#2"},"down":{"uv":[8,9,7,8],"rotation":270,"texture":"#2"}}},{"from":[6.6,27.6,8],"to":[9.6,31.6,8],"rotation":{"angle":45,"axis":"y","origin":[8.1,29.6,8]},"faces":{"north":{"uv":[9.5,2,8.75,3],"texture":"#2"},"east":{"uv":[0,0,0,1],"texture":"#2"},"south":{"uv":[9.5,1,8.75,2],"texture":"#2"},"west":{"uv":[0,0,0,1],"texture":"#2"},"up":{"uv":[0,0,0,0.75],"rotation":90,"texture":"#2"},"down":{"uv":[0,0.75,0,0],"rotation":270,"texture":"#2"}}},{"from":[6.6,27.6,8],"to":[9.6,31.6,8],"rotation":{"angle":-45,"axis":"y","origin":[8.1,26.1,8]},"faces":{"north":{"uv":[9.5,2,8.75,3],"texture":"#2"},"east":{"uv":[0,0,0,1],"texture":"#2"},"south":{"uv":[9.5,1,8.75,2],"texture":"#2"},"west":{"uv":[0,0,0,1],"texture":"#2"},"up":{"uv":[0,0,0,0.75],"rotation":90,"texture":"#2"},"down":{"uv":[0,0.75,0,0],"rotation":270,"texture":"#2"}}},{"from":[5.1,20.6,5],"to":[11.1,27.6,11],"rotation":{"angle":0,"axis":"y","origin":[-13.4,13,0]},"faces":{"north":{"uv":[7,5,5.5,6.75],"texture":"#2"},"east":{"uv":[7,3.25,5.5,5],"texture":"#2"},"south":{"uv":[7,1.5,5.5,3.25],"texture":"#2"},"west":{"uv":[5.5,5,4,6.75],"texture":"#2"},"up":{"uv":[1.5,6,0,7.5],"rotation":90,"texture":"#2"},"down":{"uv":[3,7.5,1.5,6],"rotation":270,"texture":"#2"}}},{"from":[6.1,18.6,6],"to":[10.1,20.6,10],"rotation":{"angle":0,"axis":"y","origin":[-13.4,13,0]},"faces":{"north":{"uv":[10,5.5,9,5],"texture":"#2"},"east":{"uv":[10,5,9,4.5],"texture":"#2"},"south":{"uv":[5.5,9.5,4.5,9],"texture":"#2"},"west":{"uv":[8.5,1.5,7.5,1],"texture":"#2"},"up":{"uv":[9,6,8,7],"rotation":90,"texture":"#2"},"down":{"uv":[8,9,7,8],"rotation":270,"texture":"#2"}}},{"from":[8.5,0.6,6.5],"to":[22.5,3.6,9.5],"rotation":{"angle":0,"axis":"y","origin":[0,-8,0]},"faces":{"north":{"uv":[7.5,0.75,4,1.5],"texture":"#2"},"east":{"uv":[3,9,2.25,9.75],"texture":"#2"},"south":{"uv":[7.5,0.75,4,0],"texture":"#2"},"west":{"uv":[3.75,6,3,6.75],"texture":"#2"},"up":{"uv":[4,5,4.75,1.5],"rotation":270,"texture":"#2"},"down":{"uv":[4,5,4.75,1.5],"rotation":90,"texture":"#2"}}},{"from":[19.5,5.6,6],"to":[23.5,7.6,10],"faces":{"north":{"uv":[10,5.5,9,5],"texture":"#2"},"east":{"uv":[10,5,9,4.5],"texture":"#2"},"south":{"uv":[5.5,9.5,4.5,9],"texture":"#2"},"west":{"uv":[8.5,1.5,7.5,1],"texture":"#2"},"up":{"uv":[9,6,8,7],"rotation":90,"texture":"#2"},"down":{"uv":[8,9,7,8],"rotation":270,"texture":"#2"}}},{"from":[18.5,7.6,5],"to":[24.5,14.6,11],"faces":{"north":{"uv":[7,5,5.5,6.75],"texture":"#2"},"east":{"uv":[7,3.25,5.5,5],"texture":"#2"},"south":{"uv":[7,1.5,5.5,3.25],"texture":"#2"},"west":{"uv":[5.5,5,4,6.75],"texture":"#2"},"up":{"uv":[1.5,6,0,7.5],"rotation":90,"texture":"#2"},"down":{"uv":[3,7.5,1.5,6],"rotation":270,"texture":"#2"}}},{"from":[20,14.6,8],"to":[23,18.6,8],"rotation":{"angle":-45,"axis":"y","origin":[21.5,13.1,8]},"faces":{"north":{"uv":[9.5,2,8.75,3],"texture":"#2"},"east":{"uv":[0,0,0,1],"texture":"#2"},"south":{"uv":[9.5,1,8.75,2],"texture":"#2"},"west":{"uv":[0,0,0,1],"texture":"#2"},"up":{"uv":[0,0,0,0.75],"rotation":90,"texture":"#2"},"down":{"uv":[0,0.75,0,0],"rotation":270,"texture":"#2"}}},{"from":[20,14.6,8],"to":[23,18.6,8],"rotation":{"angle":45,"axis":"y","origin":[21.5,16.6,8]},"faces":{"north":{"uv":[9.5,2,8.75,3],"texture":"#2"},"east":{"uv":[0,0,0,1],"texture":"#2"},"south":{"uv":[9.5,1,8.75,2],"texture":"#2"},"west":{"uv":[0,0,0,1],"texture":"#2"},"up":{"uv":[0,0,0,0.75],"rotation":90,"texture":"#2"},"down":{"uv":[0,0.75,0,0],"rotation":270,"texture":"#2"}}},{"from":[19.5,14.6,6],"to":[23.5,16.6,10],"faces":{"north":{"uv":[10,5,9,5.5],"texture":"#2"},"east":{"uv":[10,4.5,9,5],"texture":"#2"},"south":{"uv":[5.5,9,4.5,9.5],"texture":"#2"},"west":{"uv":[8.5,1,7.5,1.5],"texture":"#2"},"up":{"uv":[9,6,8,7],"rotation":90,"texture":"#2"},"down":{"uv":[8,9,7,8],"rotation":270,"texture":"#2"}}},{"from":[20.5,3.6,7],"to":[22.5,5.6,9],"faces":{"north":{"uv":[5,7.25,4.5,7.75],"texture":"#2"},"east":{"uv":[5,7.25,4.5,7.75],"texture":"#2"},"south":{"uv":[5,7.25,4.5,7.75],"texture":"#2"},"west":{"uv":[5,7.25,4.5,7.75],"texture":"#2"},"up":{"uv":[5,7.25,4.5,7.75],"texture":"#2"},"down":{"uv":[5,7.25,4.5,7.75],"texture":"#2"}}},{"from":[6.3,0.6,10],"to":[9.3,3.6,24],"rotation":{"angle":0,"axis":"y","origin":[7.8,9.35,20]},"faces":{"north":{"uv":[3.75,6,3,6.75],"texture":"#2"},"east":{"uv":[7.5,1.5,4,0.75],"texture":"#2"},"south":{"uv":[3,9,2.25,9.75],"texture":"#2"},"west":{"uv":[7.5,0.75,4,0],"texture":"#2"},"up":{"uv":[4.75,1.5,4,5],"rotation":180,"texture":"#2"},"down":{"uv":[5.5,5,4.75,1.5],"rotation":180,"texture":"#2"}}},{"from":[5.8,5.6,21],"to":[9.8,7.6,25],"rotation":{"angle":0,"axis":"y","origin":[7.8,9.35,20]},"faces":{"north":{"uv":[8.5,1.5,7.5,1],"texture":"#2"},"east":{"uv":[10,5.5,9,5],"texture":"#2"},"south":{"uv":[10,5,9,4.5],"texture":"#2"},"west":{"uv":[5.5,9.5,4.5,9],"texture":"#2"},"up":{"uv":[9,6,8,7],"rotation":180,"texture":"#2"},"down":{"uv":[8,9,7,8],"rotation":180,"texture":"#2"}}},{"from":[4.8,7.6,20],"to":[10.8,14.6,26],"rotation":{"angle":0,"axis":"y","origin":[7.8,9.35,20]},"faces":{"north":{"uv":[5.5,5,4,6.75],"texture":"#2"},"east":{"uv":[7,5,5.5,6.75],"texture":"#2"},"south":{"uv":[7,3.25,5.5,5],"texture":"#2"},"west":{"uv":[7,1.5,5.5,3.25],"texture":"#2"},"up":{"uv":[1.5,6,0,7.5],"rotation":180,"texture":"#2"},"down":{"uv":[3,7.5,1.5,6],"rotation":180,"texture":"#2"}}},{"from":[9.92132,14.6,20.62132],"to":[9.92132,18.6,23.62132],"rotation":{"angle":-45,"axis":"y","origin":[7.8,9.35,20]},"faces":{"north":{"uv":[0,0,0,1],"texture":"#2"},"east":{"uv":[9.5,2,8.75,3],"texture":"#2"},"south":{"uv":[0,0,0,1],"texture":"#2"},"west":{"uv":[9.5,1,8.75,2],"texture":"#2"},"up":{"uv":[0,0,0,0.75],"rotation":180,"texture":"#2"},"down":{"uv":[0,0.75,0,0],"rotation":180,"texture":"#2"}}},{"from":[5.67868,14.6,20.62132],"to":[5.67868,18.6,23.62132],"rotation":{"angle":45,"axis":"y","origin":[7.8,9.35,20]},"faces":{"north":{"uv":[0,0,0,1],"texture":"#2"},"east":{"uv":[9.5,2,8.75,3],"texture":"#2"},"south":{"uv":[0,0,0,1],"texture":"#2"},"west":{"uv":[9.5,1,8.75,2],"texture":"#2"},"up":{"uv":[0,0,0,0.75],"rotation":180,"texture":"#2"},"down":{"uv":[0,0.75,0,0],"rotation":180,"texture":"#2"}}},{"from":[5.8,14.6,21],"to":[9.8,16.6,25],"rotation":{"angle":0,"axis":"y","origin":[7.8,9.35,20]},"faces":{"north":{"uv":[8.5,1,7.5,1.5],"texture":"#2"},"east":{"uv":[10,5,9,5.5],"texture":"#2"},"south":{"uv":[10,4.5,9,5],"texture":"#2"},"west":{"uv":[5.5,9,4.5,9.5],"texture":"#2"},"up":{"uv":[9,6,8,7],"rotation":180,"texture":"#2"},"down":{"uv":[8,9,7,8],"rotation":180,"texture":"#2"}}},{"from":[6.8,3.6,22],"to":[8.8,5.6,24],"rotation":{"angle":0,"axis":"y","origin":[7.8,9.35,20]},"faces":{"north":{"uv":[5,7.25,4.5,7.75],"texture":"#2"},"east":{"uv":[5,7.25,4.5,7.75],"texture":"#2"},"south":{"uv":[5,7.25,4.5,7.75],"texture":"#2"},"west":{"uv":[5,7.25,4.5,7.75],"texture":"#2"},"up":{"uv":[5,7.25,4.5,7.75],"rotation":90,"texture":"#2"},"down":{"uv":[5,7.25,4.5,7.75],"rotation":270,"texture":"#2"}}},{"from":[-6.5,0.6,6.5],"to":[7.5,3.6,9.5],"rotation":{"angle":0,"axis":"y","origin":[16,-8,0]},"faces":{"north":{"uv":[4,0.75,7.5,1.5],"texture":"#2"},"east":{"uv":[3,6,3.75,6.75],"texture":"#2"},"south":{"uv":[4,0.75,7.5,0],"texture":"#2"},"west":{"uv":[2.25,9,3,9.75],"texture":"#2"},"up":{"uv":[4,1.5,4.75,5],"rotation":270,"texture":"#2"},"down":{"uv":[4,1.5,4.75,5],"rotation":90,"texture":"#2"}}},{"from":[-7.5,5.6,6],"to":[-3.5,7.6,10],"rotation":{"angle":0,"axis":"y","origin":[16,0,0]},"faces":{"north":{"uv":[9,5.5,10,5],"texture":"#2"},"east":{"uv":[7.5,1.5,8.5,1],"texture":"#2"},"south":{"uv":[4.5,9.5,5.5,9],"texture":"#2"},"west":{"uv":[9,5,10,4.5],"texture":"#2"},"up":{"uv":[9,7,8,6],"rotation":90,"texture":"#2"},"down":{"uv":[8,8,7,9],"rotation":270,"texture":"#2"}}},{"from":[-8.5,7.6,5],"to":[-2.5,14.6,11],"rotation":{"angle":0,"axis":"y","origin":[16,0,0]},"faces":{"north":{"uv":[5.5,5,7,6.75],"texture":"#2"},"east":{"uv":[4,5,5.5,6.75],"texture":"#2"},"south":{"uv":[5.5,1.5,7,3.25],"texture":"#2"},"west":{"uv":[5.5,3.25,7,5],"texture":"#2"},"up":{"uv":[1.5,7.5,0,6],"rotation":90,"texture":"#2"},"down":{"uv":[3,6,1.5,7.5],"rotation":270,"texture":"#2"}}},{"from":[-7,14.6,8],"to":[-4,18.6,8],"rotation":{"angle":45,"axis":"y","origin":[-5.5,13.1,8]},"faces":{"north":{"uv":[8.75,2,9.5,3],"texture":"#2"},"east":{"uv":[0,0,0,1],"texture":"#2"},"south":{"uv":[8.75,1,9.5,2],"texture":"#2"},"west":{"uv":[0,0,0,1],"texture":"#2"},"up":{"uv":[0,0.75,0,0],"rotation":90,"texture":"#2"},"down":{"uv":[0,0,0,0.75],"rotation":270,"texture":"#2"}}},{"from":[-7,14.6,8],"to":[-4,18.6,8],"rotation":{"angle":-45,"axis":"y","origin":[-5.5,16.6,8]},"faces":{"north":{"uv":[8.75,2,9.5,3],"texture":"#2"},"east":{"uv":[0,0,0,1],"texture":"#2"},"south":{"uv":[8.75,1,9.5,2],"texture":"#2"},"west":{"uv":[0,0,0,1],"texture":"#2"},"up":{"uv":[0,0.75,0,0],"rotation":90,"texture":"#2"},"down":{"uv":[0,0,0,0.75],"rotation":270,"texture":"#2"}}},{"from":[-7.5,14.6,6],"to":[-3.5,16.6,10],"rotation":{"angle":0,"axis":"y","origin":[16,0,0]},"faces":{"north":{"uv":[9,5,10,5.5],"texture":"#2"},"east":{"uv":[7.5,1,8.5,1.5],"texture":"#2"},"south":{"uv":[4.5,9,5.5,9.5],"texture":"#2"},"west":{"uv":[9,4.5,10,5],"texture":"#2"},"up":{"uv":[9,7,8,6],"rotation":90,"texture":"#2"},"down":{"uv":[8,8,7,9],"rotation":270,"texture":"#2"}}},{"from":[-6.5,3.6,7],"to":[-4.5,5.6,9],"rotation":{"angle":0,"axis":"y","origin":[16,0,0]},"faces":{"north":{"uv":[4.5,7.25,5,7.75],"texture":"#2"},"east":{"uv":[4.5,7.25,5,7.75],"texture":"#2"},"south":{"uv":[4.5,7.25,5,7.75],"texture":"#2"},"west":{"uv":[4.5,7.25,5,7.75],"texture":"#2"},"up":{"uv":[4.5,7.25,5,7.75],"texture":"#2"},"down":{"uv":[4.5,7.25,5,7.75],"texture":"#2"}}},{"from":[6.3,0.6,-8],"to":[9.3,3.6,6],"rotation":{"angle":0,"axis":"y","origin":[7.8,9.35,-4]},"faces":{"north":{"uv":[2.25,9,3,9.75],"texture":"#2"},"east":{"uv":[4,1.5,7.5,0.75],"texture":"#2"},"south":{"uv":[3,6,3.75,6.75],"texture":"#2"},"west":{"uv":[4,0.75,7.5,0],"texture":"#2"},"up":{"uv":[4.75,5,4,1.5],"rotation":180,"texture":"#2"},"down":{"uv":[5.5,1.5,4.75,5],"rotation":180,"texture":"#2"}}},{"from":[5.8,5.6,-9],"to":[9.8,7.6,-5],"rotation":{"angle":0,"axis":"y","origin":[7.8,9.35,-4]},"faces":{"north":{"uv":[9,5,10,4.5],"texture":"#2"},"east":{"uv":[9,5.5,10,5],"texture":"#2"},"south":{"uv":[7.5,1.5,8.5,1],"texture":"#2"},"west":{"uv":[4.5,9.5,5.5,9],"texture":"#2"},"up":{"uv":[9,7,8,6],"rotation":180,"texture":"#2"},"down":{"uv":[8,8,7,9],"rotation":180,"texture":"#2"}}},{"from":[4.8,7.6,-10],"to":[10.8,14.6,-4],"rotation":{"angle":0,"axis":"y","origin":[7.8,9.35,-4]},"faces":{"north":{"uv":[5.5,3.25,7,5],"texture":"#2"},"east":{"uv":[5.5,5,7,6.75],"texture":"#2"},"south":{"uv":[4,5,5.5,6.75],"texture":"#2"},"west":{"uv":[5.5,1.5,7,3.25],"texture":"#2"},"up":{"uv":[1.5,7.5,0,6],"rotation":180,"texture":"#2"},"down":{"uv":[3,6,1.5,7.5],"rotation":180,"texture":"#2"}}},{"from":[9.92132,14.6,-7.62132],"to":[9.92132,18.6,-4.62132],"rotation":{"angle":45,"axis":"y","origin":[7.8,9.35,-4]},"faces":{"north":{"uv":[0,0,0,1],"texture":"#2"},"east":{"uv":[8.75,2,9.5,3],"texture":"#2"},"south":{"uv":[0,0,0,1],"texture":"#2"},"west":{"uv":[8.75,1,9.5,2],"texture":"#2"},"up":{"uv":[0,0.75,0,0],"rotation":180,"texture":"#2"},"down":{"uv":[0,0,0,0.75],"rotation":180,"texture":"#2"}}},{"from":[5.67868,14.6,-7.62132],"to":[5.67868,18.6,-4.62132],"rotation":{"angle":-45,"axis":"y","origin":[7.8,9.35,-4]},"faces":{"north":{"uv":[0,0,0,1],"texture":"#2"},"east":{"uv":[8.75,2,9.5,3],"texture":"#2"},"south":{"uv":[0,0,0,1],"texture":"#2"},"west":{"uv":[8.75,1,9.5,2],"texture":"#2"},"up":{"uv":[0,0.75,0,0],"rotation":180,"texture":"#2"},"down":{"uv":[0,0,0,0.75],"rotation":180,"texture":"#2"}}},{"from":[5.8,14.6,-9],"to":[9.8,16.6,-5],"rotation":{"angle":0,"axis":"y","origin":[7.8,9.35,-4]},"faces":{"north":{"uv":[9,4.5,10,5],"texture":"#2"},"east":{"uv":[9,5,10,5.5],"texture":"#2"},"south":{"uv":[7.5,1,8.5,1.5],"texture":"#2"},"west":{"uv":[4.5,9,5.5,9.5],"texture":"#2"},"up":{"uv":[9,7,8,6],"rotation":180,"texture":"#2"},"down":{"uv":[8,8,7,9],"rotation":180,"texture":"#2"}}},{"from":[6.8,3.6,-8],"to":[8.8,5.6,-6],"rotation":{"angle":0,"axis":"y","origin":[7.8,9.35,-4]},"faces":{"north":{"uv":[4.5,7.25,5,7.75],"texture":"#2"},"east":{"uv":[4.5,7.25,5,7.75],"texture":"#2"},"south":{"uv":[4.5,7.25,5,7.75],"texture":"#2"},"west":{"uv":[4.5,7.25,5,7.75],"texture":"#2"},"up":{"uv":[4.5,7.25,5,7.75],"rotation":90,"texture":"#2"},"down":{"uv":[4.5,7.25,5,7.75],"rotation":270,"texture":"#2"}}}],"display":{"thirdperson_righthand":{"rotation":[60,-160,0],"translation":[0,0.75,0.25],"scale":[0.35586,0.35586,0.35586]},"thirdperson_lefthand":{"rotation":[60,-160,0],"translation":[0,0.75,0.25],"scale":[0.35586,0.35586,0.35586]},"firstperson_righthand":{"rotation":[0,-73,6],"translation":[3.25,0.5,0],"scale":[0.19492,0.19492,0.19492]},"firstperson_lefthand":{"rotation":[0,-73,6],"translation":[3.25,0.5,0],"scale":[0.19492,0.19492,0.19492]},"ground":{"translation":[0,1.5,0],"scale":[0.35,0.35,0.35]},"gui":{"rotation":[30,-40,0],"translation":[0.25,-1.75,0],"scale":[0.45,0.45,0.45]},"head":{"translation":[0,-30.4,0],"scale":[1.6,1.6,1.6]},"fixed":{"rotation":[-90,-180,0],"translation":[0,0,-15],"scale":[2,2,2]}},"groups":[0,1,2,3,4,5,6,7,{"name":"group","origin":[0,11,0],"color":0,"boneType":"","children":[]},{"name":"group","origin":[0,0,0],"color":0,"boneType":"","children":[8,9,10,11,12,13,14]},{"name":"group","origin":[0,0,0],"color":0,"boneType":"","children":[15,16,17,18,19,20,21]},{"name":"group","origin":[0,0,0],"color":0,"boneType":"","children":[22,23,24,25,26,27,28]},{"name":"group","origin":[0,0,0],"color":0,"boneType":"","children":[29,30,31,32,33,34,35]}]}