{"credit":"Made by Yassou, discord: Yassou#0001 mail : miss.yas.mc@gmail.com","texture_size":[128,128],"textures":{"4":"park_plus:box_construction"},"elements":[{"from":[14,0,-3],"to":[21,4,4],"rotation":{"angle":22.5,"axis":"y","origin":[24.5,6,16.5]},"faces":{"north":{"uv":[6,5,6.875,5.5],"texture":"#4"},"east":{"uv":[6.875,5,7.75,5.5],"texture":"#4"},"south":{"uv":[7,2,7.875,2.5],"texture":"#4"},"west":{"uv":[7,2.5,7.875,3],"texture":"#4"},"up":{"uv":[1.375,7.375,0.5,6.5],"texture":"#4"},"down":{"uv":[7.375,6,6.5,6.875],"texture":"#4"}}},{"from":[15,4,-2],"to":[20,8,3],"rotation":{"angle":22.5,"axis":"y","origin":[24.5,6,16.5]},"faces":{"north":{"uv":[7.75,0.75,8.375,1.25],"texture":"#4"},"east":{"uv":[7.75,1.25,8.375,1.75],"texture":"#4"},"south":{"uv":[3,7.75,3.625,8.25],"texture":"#4"},"west":{"uv":[3.625,7.75,4.25,8.25],"texture":"#4"},"up":{"uv":[8,6.125,7.375,5.5],"texture":"#4"},"down":{"uv":[8,6.125,7.375,6.75],"texture":"#4"}}},{"from":[16,8,-1],"to":[19,12,2],"rotation":{"angle":22.5,"axis":"y","origin":[24.5,6,16.5]},"faces":{"north":{"uv":[7,5.5,7.375,6],"texture":"#4"},"east":{"uv":[7.5,7.875,7.875,8.375],"texture":"#4"},"south":{"uv":[7.875,7.875,8.25,8.375],"texture":"#4"},"west":{"uv":[2,8,2.375,8.5],"texture":"#4"},"up":{"uv":[8.25,3,7.875,2.625],"texture":"#4"},"down":{"uv":[2.75,8,2.375,8.375],"texture":"#4"}}},{"from":[1.90246,1,5.43281],"to":[5.90246,2,21.43281],"rotation":{"angle":22.5,"axis":"y","origin":[3.52186,0.95211,12.1194]},"faces":{"north":{"uv":[8,4.75,8.5,4.875],"texture":"#4"},"east":{"uv":[7.5,7.75,9.5,7.875],"texture":"#4"},"south":{"uv":[8,4.75,8.5,4.875],"texture":"#4"},"west":{"uv":[7.875,2,9.875,2.125],"texture":"#4"},"up":{"uv":[5.5,8,5,6],"texture":"#4"},"down":{"uv":[6,6,5.5,8],"texture":"#4"}}},{"from":[-3.16473,2,9.7388],"to":[12.83527,3,13.7388],"rotation":{"angle":-22.5,"axis":"y","origin":[3.52186,0.95211,12.1194]},"faces":{"north":{"uv":[7.875,2.125,9.875,2.25],"texture":"#4"},"east":{"uv":[5.25,8,5.75,8.125],"texture":"#4"},"south":{"uv":[7.875,2.25,9.875,2.375],"texture":"#4"},"west":{"uv":[8,4.75,8.5,4.875],"texture":"#4"},"up":{"uv":[6.5,8,6,6],"rotation":270,"texture":"#4"},"down":{"uv":[0.5,6.5,0,8.5],"rotation":90,"texture":"#4"}}},{"from":[1.67285,0,2.76031],"to":[5.67285,1,18.76031],"rotation":{"angle":45,"axis":"y","origin":[3.52186,0.95211,12.1194]},"faces":{"north":{"uv":[8,4.75,8.5,4.875],"texture":"#4"},"east":{"uv":[7.75,5.25,9.75,5.375],"texture":"#4"},"south":{"uv":[8,4.625,8.5,4.75],"texture":"#4"},"west":{"uv":[7.75,5.375,9.75,5.5],"texture":"#4"},"up":{"uv":[2.5,8,2,6],"texture":"#4"},"down":{"uv":[3,6,2.5,8],"texture":"#4"}}}],"display":{"thirdperson_righthand":{"rotation":[60,-160,0],"translation":[0,3,0.25],"scale":[0.35586,0.35586,0.35586]},"thirdperson_lefthand":{"rotation":[60,-160,0],"translation":[-1.5,2,0.25],"scale":[0.35586,0.35586,0.35586]},"firstperson_righthand":{"rotation":[0,-73,6],"translation":[2.75,1.5,0],"scale":[0.19492,0.19492,0.19492]},"firstperson_lefthand":{"rotation":[0,-73,6],"translation":[2.25,2.5,0],"scale":[0.19492,0.19492,0.19492]},"ground":{"translation":[0,1.5,0],"scale":[0.35,0.35,0.35]},"gui":{"rotation":[30,-40,0],"translation":[0.5,2.25,0],"scale":[0.65898,0.65898,0.65898]},"head":{"translation":[0,-30.4,0],"scale":[1.6,1.6,1.6]},"fixed":{"rotation":[-90,-180,0],"translation":[0,0,-15],"scale":[2,2,2]}}}