{"credit":"Made by Yassou, discord: Yassou#0001 mail : miss.yas.mc@gmail.com","texture_size":[64,64],"textures":{"1":"park_plus:flower_pot","particle":"park_plus:flower_pot"},"elements":[{"from":[0,0,12],"to":[16,13,16],"faces":{"north":{"uv":[0,0,4,3.25],"texture":"#1"},"east":{"uv":[9,8,10,11.25],"texture":"#1"},"south":{"uv":[4,0,8,3.25],"texture":"#1"},"west":{"uv":[9,8,10,11.25],"texture":"#1"},"up":{"uv":[12,5,8,4],"texture":"#1"},"down":{"uv":[12,4,8,5],"texture":"#1"}}},{"from":[0,0,0],"to":[16,13,4],"faces":{"north":{"uv":[4,0,8,3.25],"texture":"#1"},"east":{"uv":[9,8,10,11.25],"texture":"#1"},"south":{"uv":[4,3.25,8,6.5],"texture":"#1"},"west":{"uv":[1,9.75,2,13],"texture":"#1"},"up":{"uv":[12,7,8,6],"texture":"#1"},"down":{"uv":[12,6,8,7],"texture":"#1"}}},{"from":[12,0,4],"to":[16,13,12],"faces":{"north":{"uv":[2,9.75,3,13],"texture":"#1"},"east":{"uv":[6,6.5,8,9.75],"texture":"#1"},"south":{"uv":[3,9.75,4,13],"texture":"#1"},"west":{"uv":[2,6.5,4,9.75],"texture":"#1"},"up":{"uv":[11,10,10,8],"texture":"#1"},"down":{"uv":[10,8,9,10],"texture":"#1"}}},{"from":[4,0,4],"to":[12,12,12],"faces":{"north":{"uv":[2,9.75,3,13],"texture":"#1"},"east":{"uv":[0,6.5,2,9.75],"texture":"#1"},"south":{"uv":[3,9.75,4,13],"texture":"#1"},"west":{"uv":[12.5,5.5,14.5,8.5],"texture":"#1"},"up":{"uv":[14.5,11,12.5,9],"texture":"#1"},"down":{"uv":[10,8,9,10],"texture":"#1"}}},{"from":[0,12,8],"to":[13,26,8],"faces":{"north":{"uv":[12.75,11.5,9.5,15],"texture":"#1"},"east":{"uv":[13.75,5.75,13.75,9.25],"texture":"#1"},"south":{"uv":[9.5,11.5,12.75,15],"texture":"#1"},"west":{"uv":[12.5,5.5,12.5,9],"texture":"#1"},"up":{"uv":[15.75,9,12.5,9],"texture":"#1"},"down":{"uv":[15.75,5,12.5,5],"texture":"#1"}}},{"from":[7.5,16,1.5],"to":[7.5,30,14.5],"rotation":{"angle":0,"axis":"y","origin":[7.5,19,8]},"faces":{"north":{"uv":[13.75,5.75,13.75,9.25],"texture":"#1"},"east":{"uv":[9.5,11.5,12.75,15],"texture":"#1"},"south":{"uv":[12.5,5.5,12.5,9],"texture":"#1"},"west":{"uv":[12.75,11.5,9.5,15],"texture":"#1"},"up":{"uv":[15.75,9,12.5,9],"rotation":270,"texture":"#1"},"down":{"uv":[15.75,5,12.5,5],"rotation":90,"texture":"#1"}}},{"from":[7.5,12,2.5],"to":[7.5,26,15.5],"rotation":{"angle":45,"axis":"y","origin":[7.5,19,8]},"faces":{"north":{"uv":[13.75,5.75,13.75,9.25],"texture":"#1"},"east":{"uv":[9.5,11.5,12.75,15],"texture":"#1"},"south":{"uv":[12.5,5.5,12.5,9],"texture":"#1"},"west":{"uv":[12.75,11.5,9.5,15],"texture":"#1"},"up":{"uv":[15.75,9,12.5,9],"rotation":270,"texture":"#1"},"down":{"uv":[15.75,5,12.5,5],"rotation":90,"texture":"#1"}}},{"from":[1,12,8],"to":[14,26,8],"rotation":{"angle":45,"axis":"y","origin":[7.5,19,8]},"faces":{"north":{"uv":[9.5,11.5,12.75,15],"texture":"#1"},"east":{"uv":[12.5,5.5,12.5,9],"texture":"#1"},"south":{"uv":[12.75,11.5,9.5,15],"texture":"#1"},"west":{"uv":[13.75,5.75,13.75,9.25],"texture":"#1"},"up":{"uv":[15.75,9,12.5,9],"rotation":180,"texture":"#1"},"down":{"uv":[15.75,5,12.5,5],"rotation":180,"texture":"#1"}}},{"from":[0,0,4],"to":[4,13,12],"faces":{"north":{"uv":[4,9.75,5,13],"texture":"#1"},"east":{"uv":[4,6.5,6,9.75],"texture":"#1"},"south":{"uv":[5,9.75,6,13],"texture":"#1"},"west":{"uv":[6,6.5,8,9.75],"texture":"#1"},"up":{"uv":[7,12.75,6,10.75],"texture":"#1"},"down":{"uv":[5.75,6.5,4.75,8.5],"texture":"#1"}}}],"display":{"thirdperson_righthand":{"rotation":[60,-160,0],"translation":[0,2.25,0.25],"scale":[0.35586,0.35586,0.35586]},"thirdperson_lefthand":{"rotation":[60,-160,0],"translation":[0,2.25,0.25],"scale":[0.35586,0.35586,0.35586]},"firstperson_righthand":{"rotation":[0,-73,6],"translation":[3.25,0.5,0],"scale":[0.19492,0.19492,0.19492]},"firstperson_lefthand":{"rotation":[0,-73,6],"translation":[3.25,0.5,0],"scale":[0.19492,0.19492,0.19492]},"ground":{"translation":[0,1.5,0],"scale":[0.35,0.35,0.35]},"gui":{"rotation":[30,-40,0],"translation":[0.25,-1.5,0],"scale":[0.45,0.45,0.45]},"head":{"translation":[0,-30.4,0],"scale":[1.6,1.6,1.6]},"fixed":{"rotation":[-90,-180,0],"translation":[0,0,-15],"scale":[2,2,2]}}}