{
  "credit": "Made by LZLeon with Blockbench, Contact - Discord: LZBlocks#0261 - E-Mail: lzblocks@outlook.com",
  "texture_size": [
    128,
    128
  ],
  "textures": {
    "0": "lzfurniture:furniture/outdoor/outdoor_bench",
    "particle": "lzfurniture:furniture/outdoor/outdoor_bench"
  },
  "elements": [
    {
      "from": [
        13,
        0,
        13
      ],
      "to": [
        15,
        23,
        15
      ],
      "faces": {
        "north": {
          "uv": [
            1.375,
            6,
            1.625,
            8.875
          ],
          "texture": "#0"
        },
        "east": {
          "uv": [
            1.125,
            6,
            1.375,
            8.875
          ],
          "texture": "#0"
        },
        "south": {
          "uv": [
            1.875,
            6,
            2.125,
            8.875
          ],
          "texture": "#0"
        },
        "west": {
          "uv": [
            1.625,
            6,
            1.875,
            8.875
          ],
          "texture": "#0"
        },
        "up": {
          "uv": [
            1.625,
            6,
            1.375,
            5.75
          ],
          "texture": "#0"
        },
        "down": {
          "uv": [
            1.875,
            5.75,
            1.625,
            6
          ],
          "texture": "#0"
        }
      }
    },
    {
      "from": [
        -13,
        10,
        13.5
      ],
      "to": [
        13,
        22,
        14.5
      ],
      "faces": {
        "north": {
          "uv": [
            0.125,
            2.25,
            3.375,
            3.75
          ],
          "texture": "#0"
        },
        "east": {
          "uv": [
            0,
            2.25,
            0.125,
            3.75
          ],
          "texture": "#0"
        },
        "south": {
          "uv": [
            3.5,
            2.25,
            6.75,
            3.75
          ],
          "texture": "#0"
        },
        "west": {
          "uv": [
            3.375,
            2.25,
            3.5,
            3.75
          ],
          "texture": "#0"
        },
        "up": {
          "uv": [
            3.375,
            2.25,
            0.125,
            2.125
          ],
          "texture": "#0"
        },
        "down": {
          "uv": [
            6.625,
            2.125,
            3.375,
            2.25
          ],
          "texture": "#0"
        }
      }
    },
    {
      "from": [
        13,
        0,
        1
      ],
      "to": [
        15,
        14,
        3
      ],
      "faces": {
        "north": {
          "uv": [
            3.625,
            6,
            3.875,
            7.75
          ],
          "texture": "#0"
        },
        "east": {
          "uv": [
            3.375,
            6,
            3.625,
            7.75
          ],
          "texture": "#0"
        },
        "south": {
          "uv": [
            4.125,
            6,
            4.375,
            7.75
          ],
          "texture": "#0"
        },
        "west": {
          "uv": [
            3.875,
            6,
            4.125,
            7.75
          ],
          "texture": "#0"
        },
        "up": {
          "uv": [
            3.875,
            6,
            3.625,
            5.75
          ],
          "texture": "#0"
        },
        "down": {
          "uv": [
            4.125,
            5.75,
            3.875,
            6
          ],
          "texture": "#0"
        }
      }
    },
    {
      "from": [
        -15,
        0,
        13
      ],
      "to": [
        -13,
        23,
        15
      ],
      "shade": false,
      "rotation": {
        "angle": 0,
        "axis": "y",
        "origin": [
          16,
          0,
          0
        ]
      },
      "faces": {
        "north": {
          "uv": [
            1.625,
            6,
            1.375,
            8.875
          ],
          "texture": "#0"
        },
        "east": {
          "uv": [
            1.875,
            6,
            1.625,
            8.875
          ],
          "texture": "#0"
        },
        "south": {
          "uv": [
            2.125,
            6,
            1.875,
            8.875
          ],
          "texture": "#0"
        },
        "west": {
          "uv": [
            1.375,
            6,
            1.125,
            8.875
          ],
          "texture": "#0"
        },
        "up": {
          "uv": [
            1.375,
            6,
            1.625,
            5.75
          ],
          "texture": "#0"
        },
        "down": {
          "uv": [
            1.625,
            5.75,
            1.875,
            6
          ],
          "texture": "#0"
        }
      }
    },
    {
      "from": [
        -15,
        0,
        1
      ],
      "to": [
        -13,
        14,
        3
      ],
      "shade": false,
      "rotation": {
        "angle": 0,
        "axis": "y",
        "origin": [
          16,
          0,
          0
        ]
      },
      "faces": {
        "north": {
          "uv": [
            3.875,
            6,
            3.625,
            7.75
          ],
          "texture": "#0"
        },
        "east": {
          "uv": [
            4.125,
            6,
            3.875,
            7.75
          ],
          "texture": "#0"
        },
        "south": {
          "uv": [
            4.375,
            6,
            4.125,
            7.75
          ],
          "texture": "#0"
        },
        "west": {
          "uv": [
            3.625,
            6,
            3.375,
            7.75
          ],
          "texture": "#0"
        },
        "up": {
          "uv": [
            3.625,
            6,
            3.875,
            5.75
          ],
          "texture": "#0"
        },
        "down": {
          "uv": [
            3.875,
            5.75,
            4.125,
            6
          ],
          "texture": "#0"
        }
      }
    },
    {
      "from": [
        -15,
        8,
        1
      ],
      "to": [
        15,
        10,
        15
      ],
      "faces": {
        "north": {
          "uv": [
            1.75,
            1.75,
            5.5,
            2
          ],
          "texture": "#0"
        },
        "east": {
          "uv": [
            0,
            1.75,
            1.75,
            2
          ],
          "texture": "#0"
        },
        "south": {
          "uv": [
            7.25,
            1.75,
            11,
            2
          ],
          "texture": "#0"
        },
        "west": {
          "uv": [
            5.5,
            1.75,
            7.25,
            2
          ],
          "texture": "#0"
        },
        "up": {
          "uv": [
            5.5,
            1.75,
            1.75,
            0
          ],
          "texture": "#0"
        },
        "down": {
          "uv": [
            9.25,
            0,
            5.5,
            1.75
          ],
          "texture": "#0"
        }
      }
    },
    {
      "from": [
        -15,
        14,
        0
      ],
      "to": [
        -13,
        15,
        13
      ],
      "faces": {
        "north": {
          "uv": [
            5.5,
            5.5,
            5.75,
            5.625
          ],
          "texture": "#0"
        },
        "east": {
          "uv": [
            3.875,
            5.5,
            5.5,
            5.625
          ],
          "texture": "#0"
        },
        "south": {
          "uv": [
            7.375,
            5.5,
            7.625,
            5.625
          ],
          "texture": "#0"
        },
        "west": {
          "uv": [
            5.75,
            5.5,
            7.375,
            5.625
          ],
          "texture": "#0"
        },
        "up": {
          "uv": [
            5.75,
            5.5,
            5.5,
            3.875
          ],
          "texture": "#0"
        },
        "down": {
          "uv": [
            6,
            3.875,
            5.75,
            5.5
          ],
          "texture": "#0"
        }
      }
    },
    {
      "from": [
        13,
        14,
        0
      ],
      "to": [
        15,
        15,
        13
      ],
      "faces": {
        "north": {
          "uv": [
            5.5,
            5.5,
            5.75,
            5.625
          ],
          "texture": "#0"
        },
        "east": {
          "uv": [
            3.875,
            5.5,
            5.5,
            5.625
          ],
          "texture": "#0"
        },
        "south": {
          "uv": [
            7.375,
            5.5,
            7.625,
            5.625
          ],
          "texture": "#0"
        },
        "west": {
          "uv": [
            5.75,
            5.5,
            7.375,
            5.625
          ],
          "texture": "#0"
        },
        "up": {
          "uv": [
            5.75,
            5.5,
            5.5,
            3.875
          ],
          "texture": "#0"
        },
        "down": {
          "uv": [
            6,
            3.875,
            5.75,
            5.5
          ],
          "texture": "#0"
        }
      }
    }
  ],
  "display": {
    "thirdperson_righthand": {
      "rotation": [
        60,
        -170,
        0
      ],
      "translation": [
        7.25,
        3.25,
        -4
      ],
      "scale": [
        -0.6,
        0.6,
        -0.6
      ]
    },
    "thirdperson_lefthand": {
      "rotation": [
        60,
        -170,
        0
      ],
      "translation": [
        -1.25,
        2,
        -4
      ],
      "scale": [
        -0.6,
        0.6,
        -0.6
      ]
    },
    "firstperson_righthand": {
      "rotation": [
        0,
        -73,
        6
      ],
      "translation": [
        -1.25,
        -0.75,
        0
      ],
      "scale": [
        -0.4,
        0.4,
        -0.4
      ]
    },
    "firstperson_lefthand": {
      "rotation": [
        0,
        -73,
        6
      ],
      "translation": [
        -1.25,
        -0.75,
        5.5
      ],
      "scale": [
        -0.4,
        0.4,
        -0.4
      ]
    },
    "ground": {
      "translation": [
        2.5,
        1.5,
        0
      ],
      "scale": [
        0.35,
        0.35,
        0.35
      ]
    },
    "gui": {
      "rotation": [
        30,
        -40,
        0
      ],
      "translation": [
        -2.5,
        0,
        0
      ],
      "scale": [
        -0.4,
        0.4,
        -0.4
      ]
    },
    "head": {
      "rotation": [
        0,
        -180,
        0
      ],
      "translation": [
        0,
        -30.4,
        0
      ],
      "scale": [
        1.6,
        1.6,
        1.6
      ]
    },
    "fixed": {
      "rotation": [
        90,
        -180,
        -180
      ],
      "translation": [
        0,
        0,
        -15
      ],
      "scale": [
        2,
        2,
        2
      ]
    }
  }
}