{"credit":"By EliteCreatures","textures":{"0":"elitecreatures:collectibles_v3_32x/precious_fawns_inside_32","2":"elitecreatures:collectibles_v3_32x/ef_precious_fawns_long","particle":"elitecreatures:collectibles_v3_32x/precious_fawns_inside_32"},"elements":[{"from":[5,0,4],"to":[11,6,14],"rotation":{"angle":0,"axis":"y","origin":[7,0,7]},"faces":{"north":{"uv":[0,4.5,1.5,6],"texture":"#0"},"east":{"uv":[0,0,2.5,1.5],"texture":"#0"},"south":{"uv":[4,4.5,5.5,6],"texture":"#0"},"west":{"uv":[0,1.5,2.5,3],"texture":"#0"},"up":{"uv":[4,2.5,2.5,0],"texture":"#0"},"down":{"uv":[4,2.5,2.5,5],"texture":"#0"}}},{"from":[4.498,-0.002,1.998],"to":[7.002,2.002,7.002],"rotation":{"angle":0,"axis":"y","origin":[7,0,7]},"faces":{"north":{"uv":[7,5.5,7.625,6],"texture":"#0"},"east":{"uv":[6.75,1,8,1.5],"texture":"#0"},"south":{"uv":[6.75,7,7.375,7.5],"texture":"#0"},"west":{"uv":[6.75,1.5,8,2],"texture":"#0"},"up":{"uv":[6.375,7.25,5.75,6],"texture":"#0"},"down":{"uv":[1.625,6.5,1,7.75],"texture":"#0"}}},{"from":[3.748,-0.002,9.598],"to":[6.252,4.002,13.602],"rotation":{"angle":22.5,"axis":"y","origin":[5.75,2,12.5]},"faces":{"north":{"uv":[6.75,2,7.375,3],"texture":"#0"},"east":{"uv":[0,6,1,7],"texture":"#0"},"south":{"uv":[6.75,3,7.375,4],"texture":"#0"},"west":{"uv":[4,6,5,7],"texture":"#0"},"up":{"uv":[0.625,8,0,7],"texture":"#0"},"down":{"uv":[4.375,7,3.75,8],"texture":"#0"}}},{"from":[3.748,-0.002,7.848],"to":[6.252,2.002,9.602],"rotation":{"angle":22.5,"axis":"y","origin":[5.75,2,12.5]},"faces":{"north":{"uv":[5,7.25,5.625,7.75],"texture":"#0"},"east":{"uv":[1,6,1.5,6.5],"texture":"#0"},"south":{"uv":[5.75,7.25,6.375,7.75],"texture":"#0"},"west":{"uv":[2.5,7.5,3,8],"texture":"#0"},"up":{"uv":[2.375,8,1.75,7.5],"texture":"#0"},"down":{"uv":[8.125,2,7.5,2.5],"texture":"#0"}}},{"from":[6.25,3,11.5],"to":[9.75,9,15],"rotation":{"angle":0,"axis":"y","origin":[8,6,13.25]},"faces":{"north":{"uv":[3,5,3.875,6.5],"texture":"#0"},"east":{"uv":[5.75,0,6.625,1.5],"texture":"#0"},"south":{"uv":[5.75,1.5,6.625,3],"texture":"#0"},"west":{"uv":[5.75,3,6.625,4.5],"texture":"#0"},"up":{"uv":[7.375,6.875,6.5,6],"texture":"#0"},"down":{"uv":[7.625,0,6.75,0.875],"texture":"#0"}}},{"from":[4.5,6,2],"to":[11.5,12,8],"rotation":{"angle":0,"axis":"y","origin":[7,0,7]},"faces":{"north":{"uv":[0,3,1.75,4.5],"texture":"#0"},"east":{"uv":[1.5,5,3,6.5],"texture":"#0"},"south":{"uv":[4,0,5.75,1.5],"texture":"#0"},"west":{"uv":[5.5,4.5,7,6],"texture":"#0"},"up":{"uv":[5.75,3,4,1.5],"texture":"#0"},"down":{"uv":[5.75,3,4,4.5],"texture":"#0"}}},{"from":[4.5,12,3.25],"to":[7,17,4.25],"rotation":{"angle":0,"axis":"y","origin":[7,0,7]},"faces":{"north":{"uv":[1.75,3,2.375,4.25],"texture":"#0"},"east":{"uv":[0.75,7,1,8.25],"texture":"#0"},"south":{"uv":[5,6,5.625,7.25],"texture":"#0"},"west":{"uv":[6.5,7,6.75,8.25],"texture":"#0"},"up":{"uv":[2.375,4.5,1.75,4.25],"texture":"#0"},"down":{"uv":[8.125,2.5,7.5,2.75],"texture":"#0"}}},{"from":[6.25,6,0.25],"to":[9.75,9.25,2],"rotation":{"angle":0,"axis":"y","origin":[7,0,7]},"faces":{"north":{"uv":[1.75,6.5,2.625,7.375],"texture":"#0"},"east":{"uv":[7,4,7.5,4.875],"texture":"#0"},"south":{"uv":[2.75,6.5,3.625,7.375],"texture":"#0"},"west":{"uv":[4.5,7,5,7.875],"texture":"#0"},"up":{"uv":[2.375,5,1.5,4.5],"texture":"#0"},"down":{"uv":[7.875,5,7,5.5],"texture":"#0"}}},{"from":[9.748,-0.002,7.848],"to":[12.252,2.002,9.602],"rotation":{"angle":-22.5,"axis":"y","origin":[10.25,2,12.5]},"faces":{"north":{"uv":[5.625,7.25,5,7.75],"texture":"#0"},"east":{"uv":[3,7.5,2.5,8],"texture":"#0"},"south":{"uv":[6.375,7.25,5.75,7.75],"texture":"#0"},"west":{"uv":[1.5,6,1,6.5],"texture":"#0"},"up":{"uv":[1.75,8,2.375,7.5],"texture":"#0"},"down":{"uv":[7.5,2,8.125,2.5],"texture":"#0"}}},{"from":[9.748,-0.002,9.598],"to":[12.252,4.002,13.602],"rotation":{"angle":-22.5,"axis":"y","origin":[10.25,2,12.5]},"faces":{"north":{"uv":[7.375,2,6.75,3],"texture":"#0"},"east":{"uv":[5,6,4,7],"texture":"#0"},"south":{"uv":[7.375,3,6.75,4],"texture":"#0"},"west":{"uv":[1,6,0,7],"texture":"#0"},"up":{"uv":[0,8,0.625,7],"texture":"#0"},"down":{"uv":[3.75,7,4.375,8],"texture":"#0"}}},{"from":[8.998,-0.002,1.998],"to":[11.502,2.002,7.002],"rotation":{"angle":0,"axis":"y","origin":[9,0,7]},"faces":{"north":{"uv":[7.625,5.5,7,6],"texture":"#0"},"east":{"uv":[8,1.5,6.75,2],"texture":"#0"},"south":{"uv":[7.375,7,6.75,7.5],"texture":"#0"},"west":{"uv":[8,1,6.75,1.5],"texture":"#0"},"up":{"uv":[5.75,7.25,6.375,6],"texture":"#0"},"down":{"uv":[1,6.5,1.625,7.75],"texture":"#0"}}},{"from":[6.25,6,0.25],"to":[9.75,9.25,2],"rotation":{"angle":0,"axis":"y","origin":[9,0,7]},"faces":{"north":{"uv":[2.625,6.5,1.75,7.375],"texture":"#0"},"east":{"uv":[5,7,4.5,7.875],"texture":"#0"},"south":{"uv":[3.625,6.5,2.75,7.375],"texture":"#0"},"west":{"uv":[7.5,4,7,4.875],"texture":"#0"},"up":{"uv":[1.5,5,2.375,4.5],"texture":"#0"},"down":{"uv":[7,5,7.875,5.5],"texture":"#0"}}},{"from":[9,12,3.25],"to":[11.5,17,4.25],"rotation":{"angle":0,"axis":"y","origin":[9,0,7]},"faces":{"north":{"uv":[2.375,3,1.75,4.25],"texture":"#0"},"east":{"uv":[6.75,7,6.5,8.25],"texture":"#0"},"south":{"uv":[5.625,6,5,7.25],"texture":"#0"},"west":{"uv":[1,7,0.75,8.25],"texture":"#0"},"up":{"uv":[1.75,4.5,2.375,4.25],"texture":"#0"},"down":{"uv":[7.5,2.5,8.125,2.75],"texture":"#0"}}},{"from":[-1.5,9.25,2.25],"to":[2.5,14.75,2.25],"rotation":{"angle":45,"axis":"y","origin":[2.5,4,0]},"faces":{"north":{"uv":[2,5.5,6.5,11],"texture":"#2"},"east":{"uv":[0,0,0,8],"texture":"#missing"},"south":{"uv":[6.5,5.5,2,11],"texture":"#2"},"west":{"uv":[0,0,0,8],"texture":"#missing"},"up":{"uv":[0,0,5,0],"texture":"#missing"},"down":{"uv":[0,0,5,0],"texture":"#missing"}}},{"from":[13.32322,2.25,1.0052],"to":[13.32322,7.75,5.0052],"rotation":{"angle":-45,"axis":"y","origin":[13.32322,12,3.0052]},"faces":{"north":{"uv":[7.5,0,7.5,8],"texture":"#missing"},"east":{"uv":[14,5.5,9.5,11],"texture":"#2"},"south":{"uv":[7.5,0,7.5,8],"texture":"#missing"},"west":{"uv":[9.5,5.5,14,11],"texture":"#2"},"up":{"uv":[0,0,5,0],"rotation":270,"texture":"#missing"},"down":{"uv":[0,0,5,0],"rotation":90,"texture":"#missing"}}},{"from":[11.32322,2.25,3.0052],"to":[15.32322,7.75,3.0052],"rotation":{"angle":-45,"axis":"y","origin":[13.32322,12,3.0052]},"faces":{"north":{"uv":[14,5.5,9.5,11],"texture":"#2"},"east":{"uv":[7.5,0,7.5,8],"texture":"#missing"},"south":{"uv":[9.5,5.5,14,11],"texture":"#2"},"west":{"uv":[7.5,0,7.5,8],"texture":"#missing"},"up":{"uv":[5,0,0,0],"texture":"#missing"},"down":{"uv":[5,0,0,0],"texture":"#missing"}}},{"from":[2.67678,5.25,10.9948],"to":[2.67678,10.75,14.9948],"rotation":{"angle":-45,"axis":"y","origin":[2.67678,12,12.9948]},"faces":{"north":{"uv":[7.5,0,7.5,8],"texture":"#missing"},"east":{"uv":[9.5,5.5,14,11],"texture":"#2"},"south":{"uv":[7.5,0,7.5,8],"texture":"#missing"},"west":{"uv":[14,5.5,9.5,11],"texture":"#2"},"up":{"uv":[5,0,0,0],"rotation":270,"texture":"#missing"},"down":{"uv":[5,0,0,0],"rotation":90,"texture":"#missing"}}},{"from":[0.67678,5.25,12.9948],"to":[4.67678,10.75,12.9948],"rotation":{"angle":-45,"axis":"y","origin":[2.67678,12,12.9948]},"faces":{"north":{"uv":[9.5,5.5,14,11],"texture":"#2"},"east":{"uv":[7.5,0,7.5,8],"texture":"#missing"},"south":{"uv":[14,5.5,9.5,11],"texture":"#2"},"west":{"uv":[7.5,0,7.5,8],"texture":"#missing"},"up":{"uv":[0,0,5,0],"texture":"#missing"},"down":{"uv":[0,0,5,0],"texture":"#missing"}}},{"from":[2.67678,9.25,1.0052],"to":[2.67678,14.75,5.0052],"rotation":{"angle":45,"axis":"y","origin":[2.67678,12,3.0052]},"faces":{"north":{"uv":[0,0,0,8],"texture":"#missing"},"east":{"uv":[6.5,5.5,2,11],"texture":"#2"},"south":{"uv":[0,0,0,8],"texture":"#missing"},"west":{"uv":[2,5.5,6.5,11],"texture":"#2"},"up":{"uv":[0,0,5,0],"rotation":270,"texture":"#missing"},"down":{"uv":[0,0,5,0],"rotation":90,"texture":"#missing"}}},{"from":[13.5,9.25,13.75],"to":[17.5,14.75,13.75],"rotation":{"angle":45,"axis":"y","origin":[13.5,4,16]},"faces":{"north":{"uv":[6.5,5.5,2,11],"texture":"#2"},"east":{"uv":[0,0,0,8],"texture":"#missing"},"south":{"uv":[2,5.5,6.5,11],"texture":"#2"},"west":{"uv":[0,0,0,8],"texture":"#missing"},"up":{"uv":[5,0,0,0],"texture":"#missing"},"down":{"uv":[5,0,0,0],"texture":"#missing"}}},{"from":[13.32322,9.25,10.9948],"to":[13.32322,14.75,14.9948],"rotation":{"angle":45,"axis":"y","origin":[13.32322,12,12.9948]},"faces":{"north":{"uv":[0,0,0,8],"texture":"#missing"},"east":{"uv":[2,5.5,6.5,11],"texture":"#2"},"south":{"uv":[0,0,0,8],"texture":"#missing"},"west":{"uv":[6.5,5.5,2,11],"texture":"#2"},"up":{"uv":[5,0,0,0],"rotation":270,"texture":"#missing"},"down":{"uv":[5,0,0,0],"rotation":90,"texture":"#missing"}}}],"gui_light":"front","display":{"thirdperson_righthand":{"rotation":[61.23,4.49,0.46],"translation":[0,1.75,0.75],"scale":[0.5,0.5,0.5]},"thirdperson_lefthand":{"rotation":[61.23,4.49,0.46],"translation":[0,1.75,0.75],"scale":[0.5,0.5,0.5]},"firstperson_righthand":{"rotation":[-166,53.68,171.1],"translation":[0.75,3.75,-0.75],"scale":[0.58336,0.58336,0.58336]},"firstperson_lefthand":{"rotation":[-166,53.68,171.1],"translation":[0.75,3.75,-0.75],"scale":[0.58336,0.58336,0.58336]},"ground":{"rotation":[68,0,0],"translation":[0,1.5,0],"scale":[0.5,0.5,0.5]},"gui":{"rotation":[-170,30,-180],"translation":[0,-2,0],"scale":[0.62,0.62,0.62]},"head":{"rotation":[7,180,1],"translation":[0,-48.75,11.25],"scale":[1.6,1.6,1.6]},"fixed":{"rotation":[-90,0,0],"translation":[0,0,-16.25],"scale":[2,2,2]}}}