{"textures":{"0":"modelengine:entity/tire_swing"},"elements":[{"from":[7.81,-2.4000015,7.6],"to":[8.21,32.0,8.4],"rotation":{"angle":0.0,"axis":"y","origin":[8.0,2.7999992,8.0]},"faces":{"east":{"uv":[1.1875,4.0,1.3125,9.375],"rotation":0,"texture":"#0","tintindex":0},"south":{"uv":[1.6875,4.0625,1.75,9.4375],"rotation":0,"texture":"#0","tintindex":0},"north":{"uv":[1.5625,4.0,1.625,9.375],"rotation":0,"texture":"#0","tintindex":0},"west":{"uv":[1.375,4.0,1.5,9.375],"rotation":0,"texture":"#0","tintindex":0},"up":{"uv":[4.375,2.75,4.3125,2.625],"rotation":0,"texture":"#0","tintindex":0},"down":{"uv":[4.5,2.625,4.4375,2.75],"rotation":0,"texture":"#0","tintindex":0}}},{"from":[0.07847738,-7.948024,6.81],"to":[3.4784775,-5.548024,9.19],"rotation":{"angle":45.0,"axis":"z","origin":[8.0,2.7999992,8.0]},"faces":{"east":{"uv":[5.75,4.375,5.375,4.75],"rotation":0,"texture":"#0","tintindex":0},"south":{"uv":[5.3125,3.5,4.75,3.875],"rotation":0,"texture":"#0","tintindex":0},"north":{"uv":[5.3125,3.0625,4.75,3.4375],"rotation":0,"texture":"#0","tintindex":0},"west":{"uv":[5.75,3.5,5.375,3.875],"rotation":0,"texture":"#0","tintindex":0},"up":{"uv":[1.8125,5.25,2.375,4.875],"rotation":0,"texture":"#0","tintindex":0},"down":{"uv":[4.9375,0.4375,5.5,0.8125],"rotation":0,"texture":"#0","tintindex":0}}},{"from":[12.5215225,-7.948024,6.81],"to":[15.921522,-5.548024,9.19],"rotation":{"angle":-45.0,"axis":"z","origin":[8.0,2.7999992,8.0]},"faces":{"east":{"uv":[5.75,3.0625,5.375,3.4375],"rotation":0,"texture":"#0","tintindex":0},"south":{"uv":[4.25,4.625,3.6875,5.0],"rotation":0,"texture":"#0","tintindex":0},"north":{"uv":[5.125,4.1875,4.5625,4.5625],"rotation":0,"texture":"#0","tintindex":0},"west":{"uv":[5.75,2.625,5.375,3.0],"rotation":0,"texture":"#0","tintindex":0},"up":{"uv":[4.3125,5.0,4.875,4.625],"rotation":0,"texture":"#0","tintindex":0},"down":{"uv":[4.75,2.625,5.3125,3.0],"rotation":0,"texture":"#0","tintindex":0}}},{"from":[-0.49116898,-1.8627434,6.81],"to":[2.9088311,0.5372572,9.19],"rotation":{"angle":45.0,"axis":"z","origin":[8.0,2.7999992,8.0]},"faces":{"east":{"uv":[5.375,1.75,5.75,2.125],"rotation":0,"texture":"#0","tintindex":0},"south":{"uv":[1.8125,4.4375,2.375,4.8125],"rotation":0,"texture":"#0","tintindex":0},"north":{"uv":[4.3125,2.1875,4.875,2.5625],"rotation":0,"texture":"#0","tintindex":0},"west":{"uv":[5.375,2.1875,5.75,2.5625],"rotation":0,"texture":"#0","tintindex":0},"up":{"uv":[3.0,4.875,2.4375,4.5],"rotation":0,"texture":"#0","tintindex":0},"down":{"uv":[3.625,4.5,3.0625,4.875],"rotation":0,"texture":"#0","tintindex":0}}},{"from":[13.091169,-1.8627434,6.8199997],"to":[16.491169,0.5372572,9.18],"rotation":{"angle":-45.0,"axis":"z","origin":[8.0,2.7999992,8.0]},"faces":{"east":{"uv":[5.375,0.875,5.75,1.25],"rotation":0,"texture":"#0","tintindex":0},"south":{"uv":[4.3125,0.875,4.875,1.25],"rotation":0,"texture":"#0","tintindex":0},"north":{"uv":[4.3125,0.4375,4.875,0.8125],"rotation":0,"texture":"#0","tintindex":0},"west":{"uv":[5.375,1.3125,5.75,1.6875],"rotation":0,"texture":"#0","tintindex":0},"up":{"uv":[4.875,1.6875,4.3125,1.3125],"rotation":0,"texture":"#0","tintindex":0},"down":{"uv":[4.875,1.75,4.3125,2.125],"rotation":0,"texture":"#0","tintindex":0}}},{"from":[6.0,-4.800001,6.8],"to":[10.0,-2.4000015,9.2],"rotation":{"angle":0.0,"axis":"y","origin":[8.0,2.7999992,8.0]},"faces":{"east":{"uv":[5.0625,5.1875,5.4375,5.5625],"rotation":0,"texture":"#0","tintindex":0},"south":{"uv":[4.0625,3.75,4.6875,4.125],"rotation":0,"texture":"#0","tintindex":0},"north":{"uv":[4.0625,3.3125,4.6875,3.6875],"rotation":0,"texture":"#0","tintindex":0},"west":{"uv":[1.8125,5.3125,2.1875,5.6875],"rotation":0,"texture":"#0","tintindex":0},"up":{"uv":[4.5,4.5625,3.875,4.1875],"rotation":0,"texture":"#0","tintindex":0},"down":{"uv":[4.9375,0.0,4.3125,0.375],"rotation":0,"texture":"#0","tintindex":0}}},{"from":[3.6,-8.0,6.8],"to":[6.0,-4.800001,9.2],"rotation":{"angle":0.0,"axis":"y","origin":[8.0,2.7999992,8.0]},"faces":{"east":{"uv":[4.9375,4.625,5.3125,5.125],"rotation":0,"texture":"#0","tintindex":0},"south":{"uv":[3.3125,5.0625,3.6875,5.5625],"rotation":0,"texture":"#0","tintindex":0},"north":{"uv":[2.875,4.9375,3.25,5.4375],"rotation":0,"texture":"#0","tintindex":0},"west":{"uv":[3.75,5.0625,4.125,5.5625],"rotation":0,"texture":"#0","tintindex":0},"up":{"uv":[5.5625,4.3125,5.1875,3.9375],"rotation":0,"texture":"#0","tintindex":0},"down":{"uv":[5.0,5.1875,4.625,5.5625],"rotation":0,"texture":"#0","tintindex":0}}},{"from":[10.0,-8.0,6.8],"to":[12.4,-4.800001,9.2],"rotation":{"angle":0.0,"axis":"y","origin":[8.0,2.7999992,8.0]},"faces":{"east":{"uv":[4.9375,1.4375,5.3125,1.9375],"rotation":0,"texture":"#0","tintindex":0},"south":{"uv":[4.9375,2.0,5.3125,2.5],"rotation":0,"texture":"#0","tintindex":0},"north":{"uv":[4.9375,0.875,5.3125,1.375],"rotation":0,"texture":"#0","tintindex":0},"west":{"uv":[2.4375,4.9375,2.8125,5.4375],"rotation":0,"texture":"#0","tintindex":0},"up":{"uv":[0.375,5.5625,0.0,5.1875],"rotation":0,"texture":"#0","tintindex":0},"down":{"uv":[0.8125,5.1875,0.4375,5.5625],"rotation":0,"texture":"#0","tintindex":0}}},{"from":[6.0,-10.400002,6.8],"to":[10.0,-8.0,9.2],"rotation":{"angle":0.0,"axis":"y","origin":[8.0,2.7999992,8.0]},"faces":{"east":{"uv":[5.0,0.0,5.375,0.375],"rotation":0,"texture":"#0","tintindex":0},"south":{"uv":[2.5,4.0625,3.125,4.4375],"rotation":0,"texture":"#0","tintindex":0},"north":{"uv":[1.8125,4.0,2.4375,4.375],"rotation":0,"texture":"#0","tintindex":0},"west":{"uv":[4.1875,5.0625,4.5625,5.4375],"rotation":0,"texture":"#0","tintindex":0},"up":{"uv":[4.6875,3.25,4.0625,2.875],"rotation":0,"texture":"#0","tintindex":0},"down":{"uv":[3.8125,4.0625,3.1875,4.4375],"rotation":0,"texture":"#0","tintindex":0}}}],"display":{"head":{"translation":[0.0,14.400003,0.0],"scale":[4.0,4.0,4.0]}}}