{"textures":{"0":"modelengine:entity/tire_swing"},"elements":[{"from":[7.714286,7.029646,2.8571424],"to":[8.285714,17.315361,13.142858],"rotation":{"angle":0.0,"axis":"y","origin":[8.0,-50.684643,58.857143]},"faces":{"east":{"uv":[2.875,2.875,4.0,4.0],"rotation":0,"texture":"#0","tintindex":0},"south":{"uv":[1.0,5.1875,1.0625,6.3125],"rotation":0,"texture":"#0","tintindex":0},"north":{"uv":[0.875,5.1875,0.9375,6.3125],"rotation":0,"texture":"#0","tintindex":0},"west":{"uv":[0.0,4.0,1.125,5.125],"rotation":0,"texture":"#0","tintindex":0},"up":{"uv":[2.3125,6.4375,2.25,5.3125],"rotation":0,"texture":"#0","tintindex":0},"down":{"uv":[2.4375,5.5,2.375,6.625],"rotation":0,"texture":"#0","tintindex":0}}}],"display":{"head":{"translation":[0.0,-6.4,0.0],"scale":[4.0,4.0,4.0]}}}