{
	"format_version": "1.21.6",
	"credit": "By EliteCreatures",
	"textures": {
		"1": "elitecreatures:collectibles_v3_32x/petite_hummingbirds_inside_32",
		"3": "elitecreatures:collectibles_v3_32x/ef_petite_hummingbirds_long"
	},
	"elements": [
		{
			"from": [5.057, 10.08315, 0.65548],
			"to": [10.943, 15.31515, 7.19548],
			"rotation": {"angle": 0, "axis": "y", "origin": [8, 9.83315, 1.39123]},
			"faces": {
				"north": {"uv": [6, 4.5, 7.5, 5.75], "texture": "#1"},
				"east": {"uv": [4.25, 4.5, 5.875, 5.75], "texture": "#1"},
				"south": {"uv": [6, 5.75, 7.5, 7], "texture": "#1"},
				"west": {"uv": [4.25, 5.75, 5.875, 7], "texture": "#1"},
				"up": {"uv": [2.75, 6.125, 1.25, 4.5], "texture": "#1"},
				"down": {"uv": [4.25, 4.5, 2.75, 6.125], "texture": "#1"}
			}
		},
		{
			"from": [5.384, 2.90335, 1.36671],
			"to": [10.616, 8.78935, 13.13871],
			"rotation": {"angle": 45, "axis": "x", "origin": [8, 7.15435, 8.07021]},
			"faces": {
				"north": {"uv": [0, 6, 1.25, 7.5], "texture": "#1"},
				"east": {"uv": [0, 0, 3, 1.5], "texture": "#1"},
				"south": {"uv": [1.25, 6.25, 2.5, 7.75], "texture": "#1"},
				"west": {"uv": [0, 1.5, 3, 3], "texture": "#1"},
				"up": {"uv": [1.25, 6, 0, 3], "texture": "#1"},
				"down": {"uv": [4.25, 0, 3, 3], "texture": "#1"}
			}
		},
		{
			"from": [4.076, 4.47885, 3.99092],
			"to": [5.384, 10.36485, 13.80092],
			"rotation": {"angle": 22.5, "axis": "x", "origin": [4.73, 6.11385, 7.26092]},
			"faces": {
				"north": {"uv": [2.5, 7.25, 2.875, 8.75], "texture": "#1"},
				"east": {"uv": [1.25, 3, 3.75, 4.5], "texture": "#1"},
				"south": {"uv": [3, 7.25, 3.375, 8.75], "texture": "#1"},
				"west": {"uv": [3.75, 3, 6.25, 4.5], "texture": "#1"},
				"up": {"uv": [4.125, 8.75, 3.75, 6.25], "texture": "#1"},
				"down": {"uv": [4.625, 7, 4.25, 9.5], "texture": "#1"}
			}
		},
		{
			"from": [5.057, -0.02662, 6.02546],
			"to": [7.346, 1.28138, 9.62246],
			"rotation": {"angle": 0, "axis": "y", "origin": [6.2015, 0.62738, 7.82396]},
			"faces": {
				"north": {"uv": [6.75, 2.5, 7.375, 2.875], "texture": "#1"},
				"east": {"uv": [7.75, 1, 8.625, 1.375], "texture": "#1"},
				"south": {"uv": [7.75, 7, 8.375, 7.375], "texture": "#1"},
				"west": {"uv": [1.5, 7.75, 2.375, 8.125], "texture": "#1"},
				"up": {"uv": [8.125, 3.375, 7.5, 2.5], "texture": "#1"},
				"down": {"uv": [8.125, 3.5, 7.5, 4.375], "texture": "#1"}
			}
		},
		{
			"from": [8.654, -0.02662, 6.02546],
			"to": [10.943, 1.28138, 9.62246],
			"rotation": {"angle": 0, "axis": "y", "origin": [9.7985, 0.62738, 7.82396]},
			"faces": {
				"north": {"uv": [7.75, 7.5, 8.375, 7.875], "texture": "#1"},
				"east": {"uv": [7.75, 1.5, 8.625, 1.875], "texture": "#1"},
				"south": {"uv": [5.75, 8, 6.375, 8.375], "texture": "#1"},
				"west": {"uv": [7.75, 2, 8.625, 2.375], "texture": "#1"},
				"up": {"uv": [8.125, 5.375, 7.5, 4.5], "texture": "#1"},
				"down": {"uv": [8.125, 5.5, 7.5, 6.375], "texture": "#1"}
			}
		},
		{
			"from": [10.616, 4.47885, 3.99092],
			"to": [11.924, 10.36485, 13.80092],
			"rotation": {"angle": 22.5, "axis": "x", "origin": [11.27, 6.11385, 7.26092]},
			"faces": {
				"north": {"uv": [0, 7.5, 0.375, 9], "texture": "#1"},
				"east": {"uv": [4.25, 0, 6.75, 1.5], "texture": "#1"},
				"south": {"uv": [0.5, 7.5, 0.875, 9], "texture": "#1"},
				"west": {"uv": [4.25, 1.5, 6.75, 3], "texture": "#1"},
				"up": {"uv": [5.125, 9.5, 4.75, 7], "texture": "#1"},
				"down": {"uv": [5.625, 7, 5.25, 9.5], "texture": "#1"}
			}
		},
		{
			"from": [6.365, 0.75239, 9.40113],
			"to": [9.635, 4.34939, 14.48013],
			"rotation": {"angle": 22.5, "axis": "x", "origin": [8, 1.40639, 14.30613]},
			"faces": {
				"north": {"uv": [5.75, 7, 6.625, 7.875], "texture": "#1"},
				"east": {"uv": [2.5, 6.25, 3.75, 7.125], "texture": "#1"},
				"south": {"uv": [6.75, 7, 7.625, 7.875], "texture": "#1"},
				"west": {"uv": [6.25, 3, 7.5, 3.875], "texture": "#1"},
				"up": {"uv": [7.625, 1.25, 6.75, 0], "texture": "#1"},
				"down": {"uv": [7.625, 1.25, 6.75, 2.5], "texture": "#1"}
			}
		},
		{
			"from": [7.346, 10.08315, -0.94152],
			"to": [8.654, 11.39115, 2.65548],
			"rotation": {"angle": 0, "axis": "y", "origin": [8, 9.83315, 1.39123]},
			"faces": {
				"north": {"uv": [6.5, 8, 6.875, 8.375], "texture": "#1"},
				"east": {"uv": [6.25, 4, 7.125, 4.375], "texture": "#1"},
				"south": {"uv": [7, 8, 7.375, 8.375], "texture": "#1"},
				"west": {"uv": [7.5, 6.5, 8.375, 6.875], "texture": "#1"},
				"up": {"uv": [8.125, 0.875, 7.75, 0], "texture": "#1"},
				"down": {"uv": [1.375, 7.75, 1, 8.625], "texture": "#1"}
			}
		},
		{
			"name": "ef",
			"from": [11.5, 0, 1.9],
			"to": [15.5, 12.8, 1.9],
			"rotation": {"angle": -45, "axis": "y", "origin": [13.5, 6.4, 1.9]},
			"faces": {
				"north": {"uv": [4, 0, 0, 16], "texture": "#3"},
				"east": {"uv": [0, 0, 0, 16], "texture": "#missing"},
				"south": {"uv": [0, 0, 4, 16], "texture": "#3"},
				"west": {"uv": [0, 0, 0, 16], "texture": "#missing"},
				"up": {"uv": [5, 0, 0, 0], "texture": "#missing"},
				"down": {"uv": [5, 0, 0, 0], "texture": "#missing"}
			}
		},
		{
			"name": "ef",
			"from": [13.07707, 6.88248, -0.1],
			"to": [17.07707, 6.88248, 3.9],
			"rotation": {"angle": -22.5, "axis": "z", "origin": [13.27574, 9.6, 1.9]},
			"faces": {
				"north": {"uv": [8, 0, 0, 0], "texture": "#missing"},
				"east": {"uv": [8, 0, 0, 0], "texture": "#missing"},
				"south": {"uv": [8, 0, 0, 0], "texture": "#missing"},
				"west": {"uv": [8, 0, 0, 0], "texture": "#missing"},
				"up": {"uv": [10, 4.5, 6, 8.5], "texture": "#3"},
				"down": {"uv": [10, 8.5, 6, 4.5], "texture": "#3"}
			}
		},
		{
			"name": "ef",
			"from": [11.9, 6.64359, -1.32459],
			"to": [15.9, 6.64359, 2.67541],
			"rotation": {"angle": -22.5, "axis": "x", "origin": [13.27574, 9.6, 1.9]},
			"faces": {
				"north": {"uv": [8, 0, 0, 0], "texture": "#missing"},
				"east": {"uv": [8, 0, 0, 0], "texture": "#missing"},
				"south": {"uv": [8, 0, 0, 0], "texture": "#missing"},
				"west": {"uv": [8, 0, 0, 0], "texture": "#missing"},
				"up": {"uv": [10, 4.5, 6, 8.5], "texture": "#3"},
				"down": {"uv": [10, 8.5, 6, 4.5], "texture": "#3"}
			}
		},
		{
			"name": "ef",
			"from": [12.5, 11.4, 0.92574],
			"to": [14.5, 14.2, 0.92574],
			"rotation": {"angle": -45, "axis": "y", "origin": [12.77574, 9.6, 1.65]},
			"faces": {
				"north": {"uv": [7, 1, 9, 3.5], "texture": "#3"},
				"east": {"uv": [0, 0, 0, 4], "texture": "#missing"},
				"south": {"uv": [9, 1, 7, 3.5], "texture": "#3"},
				"west": {"uv": [0, 0, 0, 4], "texture": "#missing"},
				"up": {"uv": [0, 0, 3, 0], "texture": "#missing"},
				"down": {"uv": [0, 0, 3, 0], "texture": "#missing"}
			}
		},
		{
			"name": "ef",
			"from": [12.5, 11.4, 2.37426],
			"to": [14.5, 14.2, 2.37426],
			"rotation": {"angle": 45, "axis": "y", "origin": [12.77574, 9.6, 1.65]},
			"faces": {
				"north": {"uv": [7, 1, 9, 3.5], "texture": "#3"},
				"east": {"uv": [0, 0, 0, 4], "texture": "#missing"},
				"south": {"uv": [9, 1, 7, 3.5], "texture": "#3"},
				"west": {"uv": [0, 0, 0, 4], "texture": "#missing"},
				"up": {"uv": [0, 0, 3, 0], "texture": "#missing"},
				"down": {"uv": [0, 0, 3, 0], "texture": "#missing"}
			}
		},
		{
			"name": "ef",
			"from": [10.78579, 9.04142, 0.4],
			"to": [13.98579, 9.04142, 2.4],
			"rotation": {"angle": -45, "axis": "z", "origin": [13.27574, 9.6, 1.9]},
			"faces": {
				"north": {"uv": [0, 6, 0, 0], "rotation": 270, "texture": "#missing"},
				"east": {"uv": [0, 0, 6, 0], "texture": "#missing"},
				"south": {"uv": [0, 6, 0, 0], "rotation": 90, "texture": "#missing"},
				"west": {"uv": [0, 0, 6, 0], "rotation": 180, "texture": "#missing"},
				"up": {"uv": [6.5, 14.5, 9.5, 10.5], "rotation": 90, "texture": "#3"},
				"down": {"uv": [9.5, 14.5, 6.5, 10.5], "rotation": 90, "texture": "#3"}
			}
		},
		{
			"name": "ef",
			"from": [1.89277, 11.30178, 12.25],
			"to": [5.89277, 11.30178, 14.75],
			"rotation": {"angle": 45, "axis": "z", "origin": [2.78033, 12, 13.5]},
			"faces": {
				"north": {"uv": [0, 6, 0, 0], "rotation": 90, "texture": "#missing"},
				"east": {"uv": [0, 0, 6, 0], "rotation": 180, "texture": "#missing"},
				"south": {"uv": [0, 6, 0, 0], "rotation": 270, "texture": "#missing"},
				"west": {"uv": [0, 0, 6, 0], "texture": "#missing"},
				"up": {"uv": [9.5, 10.5, 6.5, 14.5], "rotation": 90, "texture": "#3"},
				"down": {"uv": [6.5, 10.5, 9.5, 14.5], "rotation": 90, "texture": "#3"}
			}
		},
		{
			"name": "ef",
			"from": [0.625, 14.25, 12.59467],
			"to": [3.125, 17.75, 12.59467],
			"rotation": {"angle": 45, "axis": "y", "origin": [2.78033, 12, 13.5]},
			"faces": {
				"north": {"uv": [9, 1, 7, 3.5], "texture": "#3"},
				"east": {"uv": [0, 0, 0, 4], "texture": "#missing"},
				"south": {"uv": [7, 1, 9, 3.5], "texture": "#3"},
				"west": {"uv": [0, 0, 0, 4], "texture": "#missing"},
				"up": {"uv": [3, 0, 0, 0], "texture": "#missing"},
				"down": {"uv": [3, 0, 0, 0], "texture": "#missing"}
			}
		},
		{
			"name": "ef",
			"from": [0.625, 14.25, 14.40533],
			"to": [3.125, 17.75, 14.40533],
			"rotation": {"angle": -45, "axis": "y", "origin": [2.78033, 12, 13.5]},
			"faces": {
				"north": {"uv": [9, 1, 7, 3.5], "texture": "#3"},
				"east": {"uv": [0, 0, 0, 4], "texture": "#missing"},
				"south": {"uv": [7, 1, 9, 3.5], "texture": "#3"},
				"west": {"uv": [0, 0, 0, 4], "texture": "#missing"},
				"up": {"uv": [3, 0, 0, 0], "texture": "#missing"},
				"down": {"uv": [3, 0, 0, 0], "texture": "#missing"}
			}
		},
		{
			"name": "ef",
			"from": [-0.5, 8.30448, 12.53073],
			"to": [4.5, 8.30448, 17.53073],
			"rotation": {"angle": 22.5, "axis": "x", "origin": [2.78033, 12, 13.5]},
			"faces": {
				"north": {"uv": [8, 0, 0, 0], "texture": "#missing"},
				"east": {"uv": [8, 0, 0, 0], "texture": "#missing"},
				"south": {"uv": [8, 0, 0, 0], "texture": "#missing"},
				"west": {"uv": [8, 0, 0, 0], "texture": "#missing"},
				"up": {"uv": [6, 8.5, 10, 4.5], "texture": "#3"},
				"down": {"uv": [6, 4.5, 10, 8.5], "texture": "#3"}
			}
		},
		{
			"name": "ef",
			"from": [-1.97133, 8.6031, 11],
			"to": [3.02867, 8.6031, 16],
			"rotation": {"angle": 22.5, "axis": "z", "origin": [2.78033, 12, 13.5]},
			"faces": {
				"north": {"uv": [8, 0, 0, 0], "texture": "#missing"},
				"east": {"uv": [8, 0, 0, 0], "texture": "#missing"},
				"south": {"uv": [8, 0, 0, 0], "texture": "#missing"},
				"west": {"uv": [8, 0, 0, 0], "texture": "#missing"},
				"up": {"uv": [6, 8.5, 10, 4.5], "texture": "#3"},
				"down": {"uv": [6, 4.5, 10, 8.5], "texture": "#3"}
			}
		},
		{
			"name": "ef",
			"from": [0, 0, 13.5],
			"to": [5, 16, 13.5],
			"rotation": {"angle": -45, "axis": "y", "origin": [2.5, 8, 13.5]},
			"faces": {
				"north": {"uv": [0, 0, 4, 16], "texture": "#3"},
				"east": {"uv": [0, 0, 0, 16], "texture": "#missing"},
				"south": {"uv": [4, 0, 0, 16], "texture": "#3"},
				"west": {"uv": [0, 0, 0, 16], "texture": "#missing"},
				"up": {"uv": [0, 0, 5, 0], "texture": "#missing"},
				"down": {"uv": [0, 0, 5, 0], "texture": "#missing"}
			}
		},
		{
			"name": "ef",
			"from": [0, 0, 2.5],
			"to": [5, 8, 2.5],
			"rotation": {"angle": 45, "axis": "y", "origin": [2.625, 6.625, 2.5]},
			"faces": {
				"north": {"uv": [0, 8, 4, 16], "texture": "#3"},
				"east": {"uv": [0, 0, 0, 16], "texture": "#missing"},
				"south": {"uv": [4, 8, 0, 16], "texture": "#3"},
				"west": {"uv": [0, 0, 0, 16], "texture": "#missing"},
				"up": {"uv": [0, 0, 5, 0], "texture": "#missing"},
				"down": {"uv": [0, 0, 5, 0], "texture": "#missing"}
			}
		},
		{
			"name": "ef",
			"from": [1.46339, 7.5, 2.41161],
			"to": [3.96339, 11, 2.41161],
			"rotation": {"angle": 0, "axis": "y", "origin": [2.625, 6.625, 2.5]},
			"faces": {
				"north": {"uv": [9, 1, 7, 3.5], "texture": "#3"},
				"east": {"uv": [0, 0, 0, 4], "texture": "#missing"},
				"south": {"uv": [7, 1, 9, 3.5], "texture": "#3"},
				"west": {"uv": [0, 0, 0, 4], "texture": "#missing"},
				"up": {"uv": [3, 0, 0, 0], "texture": "#missing"},
				"down": {"uv": [3, 0, 0, 0], "texture": "#missing"}
			}
		},
		{
			"name": "ef",
			"from": [2.71339, 7.5, 1.16161],
			"to": [2.71339, 11, 3.66161],
			"rotation": {"angle": 0, "axis": "y", "origin": [2.625, 6.625, 2.5]},
			"faces": {
				"north": {"uv": [0, 0, 0, 4], "texture": "#missing"},
				"east": {"uv": [7, 1, 9, 3.5], "texture": "#3"},
				"south": {"uv": [0, 0, 0, 4], "texture": "#missing"},
				"west": {"uv": [9, 1, 7, 3.5], "texture": "#3"},
				"up": {"uv": [3, 0, 0, 0], "rotation": 270, "texture": "#missing"},
				"down": {"uv": [3, 0, 0, 0], "rotation": 90, "texture": "#missing"}
			}
		},
		{
			"name": "ef",
			"from": [11, 0, 13.5],
			"to": [16, 8, 13.5],
			"rotation": {"angle": 45, "axis": "y", "origin": [13.375, 6.625, 13.5]},
			"faces": {
				"north": {"uv": [4, 8, 0, 16], "texture": "#3"},
				"east": {"uv": [0, 0, 0, 16], "texture": "#missing"},
				"south": {"uv": [0, 8, 4, 16], "texture": "#3"},
				"west": {"uv": [0, 0, 0, 16], "texture": "#missing"},
				"up": {"uv": [5, 0, 0, 0], "texture": "#missing"},
				"down": {"uv": [5, 0, 0, 0], "texture": "#missing"}
			}
		},
		{
			"name": "ef",
			"from": [13.28661, 7.5, 12.33839],
			"to": [13.28661, 11, 14.83839],
			"rotation": {"angle": 0, "axis": "y", "origin": [13.375, 6.625, 13.5]},
			"faces": {
				"north": {"uv": [0, 0, 0, 4], "texture": "#missing"},
				"east": {"uv": [9, 1, 7, 3.5], "texture": "#3"},
				"south": {"uv": [0, 0, 0, 4], "texture": "#missing"},
				"west": {"uv": [7, 1, 9, 3.5], "texture": "#3"},
				"up": {"uv": [0, 0, 3, 0], "rotation": 270, "texture": "#missing"},
				"down": {"uv": [0, 0, 3, 0], "rotation": 90, "texture": "#missing"}
			}
		},
		{
			"name": "ef",
			"from": [12.03661, 7.5, 13.58839],
			"to": [14.53661, 11, 13.58839],
			"rotation": {"angle": 0, "axis": "y", "origin": [13.375, 6.625, 13.5]},
			"faces": {
				"north": {"uv": [7, 1, 9, 3.5], "texture": "#3"},
				"east": {"uv": [0, 0, 0, 4], "texture": "#missing"},
				"south": {"uv": [9, 1, 7, 3.5], "texture": "#3"},
				"west": {"uv": [0, 0, 0, 4], "texture": "#missing"},
				"up": {"uv": [0, 0, 3, 0], "texture": "#missing"},
				"down": {"uv": [0, 0, 3, 0], "texture": "#missing"}
			}
		}
	],
	"gui_light": "front",
	"display": {
		"thirdperson_righthand": {
			"rotation": [61.23, 4.49, 0.46],
			"translation": [0, 1.75, 0.75],
			"scale": [0.5, 0.5, 0.5]
		},
		"thirdperson_lefthand": {
			"rotation": [70, -180, 0.46],
			"translation": [-6, -9.25, 8.25],
			"scale": [0.75, 0.75, 0.75]
		},
		"firstperson_righthand": {
			"rotation": [-166, 53.68, 171.1],
			"translation": [0.75, 3.75, -0.75],
			"scale": [0.58336, 0.58336, 0.58336]
		},
		"firstperson_lefthand": {
			"rotation": [-166, 53.68, 171.1],
			"translation": [0.75, 3.75, -0.75],
			"scale": [0, 0, 0]
		},
		"ground": {
			"rotation": [68, 0, 0],
			"translation": [0, 1.5, 0],
			"scale": [0.5, 0.5, 0.5]
		},
		"gui": {
			"rotation": [-170, 30, -180],
			"translation": [0, -2, 0],
			"scale": [0.62, 0.62, 0.62]
		},
		"head": {
			"rotation": [7, -180, 1],
			"translation": [0, -13.25, 11.25],
			"scale": [1.6, 1.6, 1.6]
		},
		"fixed": {
			"rotation": [-90, 0, 0],
			"translation": [0, 0, -16.25],
			"scale": [2, 2, 2]
		}
	}
}