{
  "credit": "Made with Blockbench",
  "texture_size": [
    64,
    64
  ],
  "textures": {
    "1": "elitecreatures:ginger_bread_gear/gingerbread_animation01",
    "2": "elitecreatures:ginger_bread_gear/gingerbread_texture1",
    "particle": "elitecreatures:ginger_bread_gear/gingerbread_texture1"
  },
  "elements": [
    {
      "from": [
        7,
        -3.5,
        6.1
      ],
      "to": [
        9,
        -2.5,
        9.1
      ],
      "rotation": {
        "angle": -22.5,
        "axis": "x",
        "origin": [
          8,
          6.75,
          7.6
        ]
      },
      "faces": {
        "north": {
          "uv": [
            6.75,
            3,
            7.25,
            3.25
          ],
          "texture": "#2"
        },
        "east": {
          "uv": [
            2,
            7.75,
            2.75,
            8
          ],
          "texture": "#2"
        },
        "south": {
          "uv": [
            8.5,
            2,
            9,
            2.25
          ],
          "texture": "#2"
        },
        "west": {
          "uv": [
            7.75,
            2.75,
            8.5,
            3
          ],
          "texture": "#2"
        },
        "up": {
          "uv": [
            2.5,
            7.75,
            2,
            7
          ],
          "texture": "#2"
        },
        "down": {
          "uv": [
            3,
            7,
            2.5,
            7.75
          ],
          "texture": "#2"
        }
      }
    },
    {
      "from": [
        7.25,
        -5.5,
        11.1
      ],
      "to": [
        8.75,
        -3.5,
        16.1
      ],
      "rotation": {
        "angle": 45,
        "axis": "x",
        "origin": [
          8,
          -3.5,
          13.6
        ]
      },
      "faces": {
        "north": {
          "uv": [
            1,
            8.25,
            1.5,
            7.75
          ],
          "texture": "#2"
        },
        "east": {
          "uv": [
            6,
            3.75,
            7.25,
            3.25
          ],
          "texture": "#2"
        },
        "south": {
          "uv": [
            1.5,
            8.25,
            2,
            7.75
          ],
          "texture": "#2"
        },
        "west": {
          "uv": [
            6,
            4.25,
            7.25,
            3.75
          ],
          "texture": "#2"
        },
        "up": {
          "uv": [
            6.5,
            5.5,
            6,
            4.25
          ],
          "texture": "#2"
        },
        "down": {
          "uv": [
            3.25,
            5.75,
            2.75,
            7
          ],
          "texture": "#2"
        }
      }
    },
    {
      "from": [
        7,
        2,
        6.5
      ],
      "to": [
        9,
        5,
        9.5
      ],
      "rotation": {
        "angle": 0,
        "axis": "y",
        "origin": [
          8,
          3.5,
          8
        ]
      },
      "faces": {
        "north": {
          "uv": [
            6.75,
            2.25,
            7.25,
            3
          ],
          "texture": "#2"
        },
        "east": {
          "uv": [
            6,
            5.5,
            6.75,
            6.25
          ],
          "texture": "#2"
        },
        "south": {
          "uv": [
            0.5,
            7,
            1,
            7.75
          ],
          "texture": "#2"
        },
        "west": {
          "uv": [
            3.25,
            6.25,
            4,
            7
          ],
          "texture": "#2"
        },
        "up": {
          "uv": [
            1.5,
            7.75,
            1,
            7
          ],
          "texture": "#2"
        },
        "down": {
          "uv": [
            2,
            7,
            1.5,
            7.75
          ],
          "texture": "#2"
        }
      }
    },
    {
      "from": [
        7.5,
        -7.3431,
        12.94828
      ],
      "to": [
        8.5,
        -5.8431,
        17.94828
      ],
      "rotation": {
        "angle": 22.5,
        "axis": "x",
        "origin": [
          7.75,
          -7.13485,
          17.08486
        ]
      },
      "faces": {
        "north": {
          "uv": [
            7.75,
            5.5,
            8.125,
            5.875
          ],
          "texture": "#2"
        },
        "east": {
          "uv": [
            6.5,
            5,
            7.75,
            5.375
          ],
          "texture": "#2"
        },
        "south": {
          "uv": [
            7.75,
            6,
            8.125,
            6.375
          ],
          "texture": "#2"
        },
        "west": {
          "uv": [
            6.75,
            0.75,
            8,
            1.125
          ],
          "texture": "#2"
        },
        "up": {
          "uv": [
            4.375,
            7.5,
            4,
            6.25
          ],
          "texture": "#2"
        },
        "down": {
          "uv": [
            5.375,
            6.25,
            5,
            7.5
          ],
          "texture": "#2"
        }
      }
    },
    {
      "from": [
        7.525,
        -8.35277,
        17.10902
      ],
      "to": [
        8.475,
        -6.85277,
        18.60902
      ],
      "rotation": {
        "angle": -22.5,
        "axis": "x",
        "origin": [
          7.75,
          -7.13485,
          17.08486
        ]
      },
      "faces": {
        "north": {
          "uv": [
            8.375,
            1.25,
            8,
            1.625
          ],
          "rotation": 180,
          "texture": "#2"
        },
        "east": {
          "uv": [
            7.75,
            7,
            8.125,
            7.375
          ],
          "rotation": 270,
          "texture": "#2"
        },
        "south": {
          "uv": [
            8.375,
            1.125,
            8,
            0.75
          ],
          "texture": "#2"
        },
        "west": {
          "uv": [
            7.75,
            7.5,
            8.125,
            7.875
          ],
          "rotation": 90,
          "texture": "#2"
        },
        "up": {
          "uv": [
            7.75,
            6.5,
            8.125,
            6.875
          ],
          "rotation": 180,
          "texture": "#2"
        },
        "down": {
          "uv": [
            7.25,
            7.75,
            7.625,
            8.125
          ],
          "texture": "#2"
        }
      }
    },
    {
      "from": [
        7.55,
        -8.43911,
        17.52402
      ],
      "to": [
        8.45,
        -6.93911,
        19.02402
      ],
      "rotation": {
        "angle": 22.5,
        "axis": "x",
        "origin": [
          7.75,
          -7.13485,
          17.08486
        ]
      },
      "faces": {
        "north": {
          "uv": [
            8,
            1.75,
            8.375,
            2.125
          ],
          "texture": "#2"
        },
        "east": {
          "uv": [
            2,
            8,
            2.375,
            8.375
          ],
          "texture": "#2"
        },
        "south": {
          "uv": [
            2.5,
            8,
            2.875,
            8.375
          ],
          "texture": "#2"
        },
        "west": {
          "uv": [
            3,
            8,
            3.375,
            8.375
          ],
          "texture": "#2"
        },
        "up": {
          "uv": [
            3.875,
            8.375,
            3.5,
            8
          ],
          "texture": "#2"
        },
        "down": {
          "uv": [
            6.375,
            8,
            6,
            8.375
          ],
          "texture": "#2"
        }
      }
    },
    {
      "from": [
        7.575,
        -9.42517,
        16.02626
      ],
      "to": [
        8.425,
        -7.92517,
        17.52626
      ],
      "rotation": {
        "angle": -22.5,
        "axis": "x",
        "origin": [
          7.75,
          -7.13485,
          17.08486
        ]
      },
      "faces": {
        "north": {
          "uv": [
            8.625,
            2.25,
            8.25,
            2.625
          ],
          "rotation": 180,
          "texture": "#2"
        },
        "east": {
          "uv": [
            7.75,
            8,
            8.125,
            8.375
          ],
          "rotation": 270,
          "texture": "#2"
        },
        "south": {
          "uv": [
            1.875,
            8.625,
            1.5,
            8.25
          ],
          "texture": "#2"
        },
        "west": {
          "uv": [
            1,
            8.25,
            1.375,
            8.625
          ],
          "rotation": 90,
          "texture": "#2"
        },
        "up": {
          "uv": [
            6.5,
            8,
            6.875,
            8.375
          ],
          "rotation": 180,
          "texture": "#2"
        },
        "down": {
          "uv": [
            8.25,
            0,
            8.625,
            0.375
          ],
          "texture": "#2"
        }
      }
    },
    {
      "from": [
        7.5,
        21.4431,
        12.94828
      ],
      "to": [
        8.5,
        22.9431,
        17.94828
      ],
      "rotation": {
        "angle": -22.5,
        "axis": "x",
        "origin": [
          7.75,
          22.73485,
          17.08486
        ]
      },
      "faces": {
        "north": {
          "uv": [
            7.75,
            5.875,
            8.125,
            5.5
          ],
          "texture": "#2"
        },
        "east": {
          "uv": [
            6.5,
            5.375,
            7.75,
            5
          ],
          "texture": "#2"
        },
        "south": {
          "uv": [
            7.75,
            6.375,
            8.125,
            6
          ],
          "texture": "#2"
        },
        "west": {
          "uv": [
            6.75,
            1.125,
            8,
            0.75
          ],
          "texture": "#2"
        },
        "up": {
          "uv": [
            5.375,
            7.5,
            5,
            6.25
          ],
          "texture": "#2"
        },
        "down": {
          "uv": [
            4.375,
            6.25,
            4,
            7.5
          ],
          "texture": "#2"
        }
      }
    },
    {
      "from": [
        7.525,
        22.45277,
        17.10902
      ],
      "to": [
        8.475,
        23.95277,
        18.60902
      ],
      "rotation": {
        "angle": 22.5,
        "axis": "x",
        "origin": [
          7.75,
          22.73485,
          17.08486
        ]
      },
      "faces": {
        "north": {
          "uv": [
            8.375,
            1.625,
            8,
            1.25
          ],
          "rotation": 180,
          "texture": "#2"
        },
        "east": {
          "uv": [
            8.125,
            7,
            7.75,
            7.375
          ],
          "rotation": 270,
          "texture": "#2"
        },
        "south": {
          "uv": [
            8.375,
            0.75,
            8,
            1.125
          ],
          "texture": "#2"
        },
        "west": {
          "uv": [
            8.125,
            7.5,
            7.75,
            7.875
          ],
          "rotation": 90,
          "texture": "#2"
        },
        "up": {
          "uv": [
            7.25,
            8.125,
            7.625,
            7.75
          ],
          "texture": "#2"
        },
        "down": {
          "uv": [
            7.75,
            6.875,
            8.125,
            6.5
          ],
          "rotation": 180,
          "texture": "#2"
        }
      }
    },
    {
      "from": [
        7.55,
        22.53911,
        17.52402
      ],
      "to": [
        8.45,
        24.03911,
        19.02402
      ],
      "rotation": {
        "angle": -22.5,
        "axis": "x",
        "origin": [
          7.75,
          22.73485,
          17.08486
        ]
      },
      "faces": {
        "north": {
          "uv": [
            8,
            2.125,
            8.375,
            1.75
          ],
          "texture": "#2"
        },
        "east": {
          "uv": [
            2,
            8.375,
            2.375,
            8
          ],
          "texture": "#2"
        },
        "south": {
          "uv": [
            2.5,
            8.375,
            2.875,
            8
          ],
          "texture": "#2"
        },
        "west": {
          "uv": [
            3,
            8.375,
            3.375,
            8
          ],
          "texture": "#2"
        },
        "up": {
          "uv": [
            6.375,
            8.375,
            6,
            8
          ],
          "texture": "#2"
        },
        "down": {
          "uv": [
            3.875,
            8,
            3.5,
            8.375
          ],
          "texture": "#2"
        }
      }
    },
    {
      "from": [
        7.575,
        23.52517,
        16.02626
      ],
      "to": [
        8.425,
        25.02517,
        17.52626
      ],
      "rotation": {
        "angle": 22.5,
        "axis": "x",
        "origin": [
          7.75,
          22.73485,
          17.08486
        ]
      },
      "faces": {
        "north": {
          "uv": [
            8.625,
            2.625,
            8.25,
            2.25
          ],
          "rotation": 180,
          "texture": "#2"
        },
        "east": {
          "uv": [
            8.125,
            8,
            7.75,
            8.375
          ],
          "rotation": 270,
          "texture": "#2"
        },
        "south": {
          "uv": [
            1.875,
            8.25,
            1.5,
            8.625
          ],
          "texture": "#2"
        },
        "west": {
          "uv": [
            1.375,
            8.25,
            1,
            8.625
          ],
          "rotation": 90,
          "texture": "#2"
        },
        "up": {
          "uv": [
            8.25,
            0.375,
            8.625,
            0
          ],
          "texture": "#2"
        },
        "down": {
          "uv": [
            6.5,
            8.375,
            6.875,
            8
          ],
          "rotation": 180,
          "texture": "#2"
        }
      }
    },
    {
      "from": [
        7.5,
        -2.5,
        6.6
      ],
      "to": [
        8.5,
        3.5,
        8.6
      ],
      "rotation": {
        "angle": -22.5,
        "axis": "x",
        "origin": [
          8,
          6.75,
          7.6
        ]
      },
      "faces": {
        "north": {
          "uv": [
            4.5,
            9.25,
            4.75,
            11.25
          ],
          "texture": "#2"
        },
        "east": {
          "uv": [
            0,
            9.25,
            0.5,
            10.75
          ],
          "texture": "#2"
        },
        "south": {
          "uv": [
            4.75,
            9.25,
            5,
            10.75
          ],
          "texture": "#2"
        },
        "west": {
          "uv": [
            5,
            4.25,
            5.5,
            5.75
          ],
          "texture": "#2"
        },
        "up": {
          "uv": [
            6.75,
            7.5,
            6.5,
            7
          ],
          "texture": "#2"
        },
        "down": {
          "uv": [
            6.75,
            7.5,
            6.5,
            8
          ],
          "texture": "#2"
        }
      }
    },
    {
      "from": [
        7.9,
        0.9,
        6.5
      ],
      "to": [
        7.9,
        6.9,
        10.5
      ],
      "rotation": {
        "angle": 45,
        "axis": "x",
        "origin": [
          7.95,
          -3.56573,
          -1.15701
        ]
      },
      "faces": {
        "north": {
          "uv": [
            0,
            0,
            0,
            1.5
          ],
          "texture": "#1"
        },
        "east": {
          "uv": [
            8,
            0,
            0,
            12
          ],
          "texture": "#1"
        },
        "south": {
          "uv": [
            0,
            0,
            0,
            1.5
          ],
          "texture": "#1"
        },
        "west": {
          "uv": [
            0,
            0,
            8,
            12
          ],
          "texture": "#1"
        },
        "up": {
          "uv": [
            0,
            1,
            0,
            0
          ],
          "texture": "#1"
        },
        "down": {
          "uv": [
            0,
            0,
            0,
            1
          ],
          "texture": "#1"
        }
      }
    },
    {
      "from": [
        7.025,
        2.7,
        6
      ],
      "to": [
        8.975,
        4.7,
        10
      ],
      "rotation": {
        "angle": 0,
        "axis": "y",
        "origin": [
          8,
          3.7,
          17
        ]
      },
      "faces": {
        "north": {
          "uv": [
            10.625,
            0.5,
            10.125,
            1
          ],
          "texture": "#2"
        },
        "east": {
          "uv": [
            9.625,
            0,
            10.625,
            0.5
          ],
          "texture": "#2"
        },
        "south": {
          "uv": [
            10.125,
            0.5,
            9.625,
            1
          ],
          "texture": "#2"
        },
        "west": {
          "uv": [
            10.625,
            0,
            9.625,
            0.5
          ],
          "texture": "#2"
        },
        "up": {
          "uv": [
            8.625,
            1,
            9.125,
            0
          ],
          "texture": "#2"
        },
        "down": {
          "uv": [
            9.125,
            1,
            9.625,
            0
          ],
          "texture": "#2"
        }
      }
    },
    {
      "from": [
        7.275,
        4,
        4
      ],
      "to": [
        8.725,
        5.5,
        8
      ],
      "rotation": {
        "angle": 0,
        "axis": "y",
        "origin": [
          6.7,
          9,
          8
        ]
      },
      "faces": {
        "north": {
          "uv": [
            10.375,
            5.25,
            10.7375,
            4.875
          ],
          "texture": "#2"
        },
        "east": {
          "uv": [
            10.875,
            5.625,
            9.875,
            5.25
          ],
          "texture": "#2"
        },
        "south": {
          "uv": [
            10,
            5.25,
            10.3625,
            4.875
          ],
          "texture": "#2"
        },
        "west": {
          "uv": [
            9.875,
            5.625,
            10.875,
            5.25
          ],
          "texture": "#2"
        },
        "up": {
          "uv": [
            10.7375,
            3.875,
            10.375,
            4.875
          ],
          "rotation": 180,
          "texture": "#2"
        },
        "down": {
          "uv": [
            10.3625,
            3.875,
            10,
            4.875
          ],
          "rotation": 180,
          "texture": "#2"
        }
      }
    },
    {
      "from": [
        7.275,
        3,
        8
      ],
      "to": [
        8.725,
        7,
        9.5
      ],
      "rotation": {
        "angle": 0,
        "axis": "y",
        "origin": [
          6.7,
          9,
          8
        ]
      },
      "faces": {
        "north": {
          "uv": [
            10.3625,
            3.875,
            10,
            4.875
          ],
          "texture": "#2"
        },
        "east": {
          "uv": [
            10.875,
            5.625,
            9.875,
            5.25
          ],
          "rotation": 270,
          "texture": "#2"
        },
        "south": {
          "uv": [
            10.7375,
            3.875,
            10.375,
            4.875
          ],
          "rotation": 180,
          "texture": "#2"
        },
        "west": {
          "uv": [
            9.875,
            5.625,
            10.875,
            5.25
          ],
          "rotation": 90,
          "texture": "#2"
        },
        "up": {
          "uv": [
            10.375,
            5.25,
            10.7375,
            4.875
          ],
          "rotation": 180,
          "texture": "#2"
        },
        "down": {
          "uv": [
            10,
            5.25,
            10.3625,
            4.875
          ],
          "texture": "#2"
        }
      }
    },
    {
      "from": [
        7.25,
        -2.5,
        5.6
      ],
      "to": [
        8.75,
        3.5,
        7.6
      ],
      "rotation": {
        "angle": -22.5,
        "axis": "x",
        "origin": [
          8,
          6.75,
          7.6
        ]
      },
      "faces": {
        "north": {
          "uv": [
            10.125,
            5.625,
            10.375,
            7.125
          ],
          "rotation": 180,
          "texture": "#2"
        },
        "east": {
          "uv": [
            10.875,
            5.625,
            10.375,
            7.625
          ],
          "rotation": 180,
          "texture": "#2"
        },
        "south": {
          "uv": [
            9.875,
            5.625,
            10.125,
            7.125
          ],
          "rotation": 180,
          "texture": "#2"
        },
        "west": {
          "uv": [
            10.375,
            5.625,
            10.875,
            7.125
          ],
          "rotation": 180,
          "texture": "#2"
        },
        "up": {
          "uv": [
            9.875,
            7.625,
            10.125,
            8.125
          ],
          "texture": "#2"
        },
        "down": {
          "uv": [
            10.125,
            7.625,
            10.375,
            8.125
          ],
          "texture": "#2"
        }
      }
    },
    {
      "from": [
        8,
        -4.8,
        13.6
      ],
      "to": [
        8,
        7.8,
        14.1
      ],
      "rotation": {
        "angle": 0,
        "axis": "y",
        "origin": [
          8,
          -4.5,
          13.85
        ]
      },
      "faces": {
        "east": {
          "uv": [
            5,
            8.875,
            5.125,
            10.875
          ],
          "texture": "#2"
        },
        "west": {
          "uv": [
            5.125,
            8.875,
            5,
            10.875
          ],
          "texture": "#2"
        }
      }
    },
    {
      "from": [
        7.5,
        4.8253,
        6.59602
      ],
      "to": [
        8.5,
        6.8253,
        7.59602
      ],
      "rotation": {
        "angle": 0,
        "axis": "y",
        "origin": [
          5,
          5.8253,
          15.09602
        ]
      },
      "faces": {
        "north": {
          "uv": [
            10.875,
            7.625,
            10.375,
            7.875
          ],
          "rotation": 270,
          "texture": "#2"
        },
        "east": {
          "uv": [
            10.375,
            7.625,
            10.875,
            7.875
          ],
          "rotation": 90,
          "texture": "#2"
        },
        "south": {
          "uv": [
            10.875,
            7.625,
            10.375,
            7.875
          ],
          "rotation": 270,
          "texture": "#2"
        },
        "west": {
          "uv": [
            10.875,
            7.875,
            10.375,
            7.625
          ],
          "rotation": 270,
          "texture": "#2"
        },
        "up": {
          "uv": [
            10.625,
            7.875,
            10.375,
            8.125
          ],
          "texture": "#2"
        },
        "down": {
          "uv": [
            10.875,
            7.875,
            10.625,
            8.125
          ],
          "rotation": 180,
          "texture": "#2"
        }
      }
    },
    {
      "from": [
        7.5,
        6.8253,
        7.25
      ],
      "to": [
        8.5,
        8.8253,
        8.25
      ],
      "rotation": {
        "angle": 0,
        "axis": "y",
        "origin": [
          5,
          5.8253,
          15.09602
        ]
      },
      "faces": {
        "north": {
          "uv": [
            10.875,
            7.625,
            10.375,
            7.875
          ],
          "rotation": 270,
          "texture": "#2"
        },
        "east": {
          "uv": [
            10.375,
            7.625,
            10.875,
            7.875
          ],
          "rotation": 90,
          "texture": "#2"
        },
        "south": {
          "uv": [
            10.875,
            7.625,
            10.375,
            7.875
          ],
          "rotation": 270,
          "texture": "#2"
        },
        "west": {
          "uv": [
            10.875,
            7.875,
            10.375,
            7.625
          ],
          "rotation": 270,
          "texture": "#2"
        },
        "up": {
          "uv": [
            10.625,
            7.875,
            10.375,
            8.125
          ],
          "texture": "#2"
        },
        "down": {
          "uv": [
            10.875,
            7.875,
            10.625,
            8.125
          ],
          "rotation": 180,
          "texture": "#2"
        }
      }
    },
    {
      "from": [
        7.5,
        4.8253,
        7.59602
      ],
      "to": [
        8.5,
        6.8253,
        8.59602
      ],
      "rotation": {
        "angle": 0,
        "axis": "y",
        "origin": [
          5,
          5.8253,
          15.09602
        ]
      },
      "faces": {
        "north": {
          "uv": [
            10.875,
            7.625,
            10.375,
            7.875
          ],
          "rotation": 270,
          "texture": "#2"
        },
        "east": {
          "uv": [
            10.375,
            7.625,
            10.875,
            7.875
          ],
          "rotation": 90,
          "texture": "#2"
        },
        "south": {
          "uv": [
            10.875,
            7.625,
            10.375,
            7.875
          ],
          "rotation": 270,
          "texture": "#2"
        },
        "west": {
          "uv": [
            10.875,
            7.875,
            10.375,
            7.625
          ],
          "rotation": 270,
          "texture": "#2"
        },
        "up": {
          "uv": [
            10.625,
            7.875,
            10.375,
            8.125
          ],
          "texture": "#2"
        },
        "down": {
          "uv": [
            10.875,
            7.875,
            10.625,
            8.125
          ],
          "rotation": 180,
          "texture": "#2"
        }
      }
    },
    {
      "from": [
        7,
        10.6,
        6.5
      ],
      "to": [
        9,
        13.6,
        9.5
      ],
      "rotation": {
        "angle": 0,
        "axis": "y",
        "origin": [
          8,
          12.1,
          8
        ]
      },
      "faces": {
        "north": {
          "uv": [
            6.75,
            3,
            7.25,
            2.25
          ],
          "texture": "#2"
        },
        "east": {
          "uv": [
            6,
            6.25,
            6.75,
            5.5
          ],
          "texture": "#2"
        },
        "south": {
          "uv": [
            0.5,
            7.75,
            1,
            7
          ],
          "texture": "#2"
        },
        "west": {
          "uv": [
            3.25,
            7,
            4,
            6.25
          ],
          "texture": "#2"
        },
        "up": {
          "uv": [
            2,
            7.75,
            1.5,
            7
          ],
          "texture": "#2"
        },
        "down": {
          "uv": [
            1.5,
            7,
            1,
            7.75
          ],
          "texture": "#2"
        }
      }
    },
    {
      "from": [
        7,
        18.1,
        6.1
      ],
      "to": [
        9,
        19.1,
        9.1
      ],
      "rotation": {
        "angle": 22.5,
        "axis": "x",
        "origin": [
          8,
          8.85,
          7.6
        ]
      },
      "faces": {
        "north": {
          "uv": [
            6.75,
            3.25,
            7.25,
            3
          ],
          "texture": "#2"
        },
        "east": {
          "uv": [
            2,
            8,
            2.75,
            7.75
          ],
          "texture": "#2"
        },
        "south": {
          "uv": [
            8.5,
            2.25,
            9,
            2
          ],
          "texture": "#2"
        },
        "west": {
          "uv": [
            7.75,
            3,
            8.5,
            2.75
          ],
          "texture": "#2"
        },
        "up": {
          "uv": [
            3,
            7.75,
            2.5,
            7
          ],
          "texture": "#2"
        },
        "down": {
          "uv": [
            2.5,
            7,
            2,
            7.75
          ],
          "texture": "#2"
        }
      }
    },
    {
      "from": [
        7.25,
        19.1,
        11.1
      ],
      "to": [
        8.75,
        21.1,
        16.1
      ],
      "rotation": {
        "angle": -45,
        "axis": "x",
        "origin": [
          8,
          19.1,
          13.6
        ]
      },
      "faces": {
        "north": {
          "uv": [
            1,
            7.75,
            1.5,
            8.25
          ],
          "texture": "#2"
        },
        "east": {
          "uv": [
            6,
            3.25,
            7.25,
            3.75
          ],
          "texture": "#2"
        },
        "south": {
          "uv": [
            1.5,
            7.75,
            2,
            8.25
          ],
          "texture": "#2"
        },
        "west": {
          "uv": [
            6,
            3.75,
            7.25,
            4.25
          ],
          "texture": "#2"
        },
        "up": {
          "uv": [
            3.25,
            7,
            2.75,
            5.75
          ],
          "texture": "#2"
        },
        "down": {
          "uv": [
            6.5,
            4.25,
            6,
            5.5
          ],
          "texture": "#2"
        }
      }
    },
    {
      "from": [
        7.5,
        12.1,
        6.6
      ],
      "to": [
        8.5,
        18.1,
        8.6
      ],
      "rotation": {
        "angle": 22.5,
        "axis": "x",
        "origin": [
          8,
          8.85,
          7.6
        ]
      },
      "faces": {
        "north": {
          "uv": [
            4.5,
            11.25,
            4.75,
            9.25
          ],
          "texture": "#2"
        },
        "east": {
          "uv": [
            0,
            10.75,
            0.5,
            9.25
          ],
          "texture": "#2"
        },
        "south": {
          "uv": [
            4.75,
            10.75,
            5,
            9.25
          ],
          "texture": "#2"
        },
        "west": {
          "uv": [
            5,
            5.75,
            5.5,
            4.25
          ],
          "texture": "#2"
        },
        "up": {
          "uv": [
            6.75,
            8,
            6.5,
            7.5
          ],
          "texture": "#2"
        },
        "down": {
          "uv": [
            6.75,
            7,
            6.5,
            7.5
          ],
          "texture": "#2"
        }
      }
    },
    {
      "from": [
        7.25,
        12.1,
        5.6
      ],
      "to": [
        8.75,
        18.1,
        7.6
      ],
      "rotation": {
        "angle": 22.5,
        "axis": "x",
        "origin": [
          8,
          8.85,
          7.6
        ]
      },
      "faces": {
        "north": {
          "uv": [
            10.125,
            7.125,
            10.375,
            5.625
          ],
          "rotation": 180,
          "texture": "#2"
        },
        "east": {
          "uv": [
            10.875,
            7.625,
            10.375,
            5.625
          ],
          "rotation": 180,
          "texture": "#2"
        },
        "south": {
          "uv": [
            9.875,
            7.125,
            10.125,
            5.625
          ],
          "rotation": 180,
          "texture": "#2"
        },
        "west": {
          "uv": [
            10.375,
            7.125,
            10.875,
            5.625
          ],
          "rotation": 180,
          "texture": "#2"
        },
        "up": {
          "uv": [
            10.125,
            8.125,
            10.375,
            7.625
          ],
          "texture": "#2"
        },
        "down": {
          "uv": [
            9.875,
            8.125,
            10.125,
            7.625
          ],
          "texture": "#2"
        }
      }
    },
    {
      "from": [
        7.275,
        10.1,
        4
      ],
      "to": [
        8.725,
        11.6,
        8
      ],
      "rotation": {
        "angle": 0,
        "axis": "y",
        "origin": [
          6.7,
          6.6,
          8
        ]
      },
      "faces": {
        "north": {
          "uv": [
            10.375,
            4.875,
            10.7375,
            5.25
          ],
          "texture": "#2"
        },
        "east": {
          "uv": [
            10.875,
            5.25,
            9.875,
            5.625
          ],
          "texture": "#2"
        },
        "south": {
          "uv": [
            10,
            4.875,
            10.3625,
            5.25
          ],
          "texture": "#2"
        },
        "west": {
          "uv": [
            9.875,
            5.25,
            10.875,
            5.625
          ],
          "texture": "#2"
        },
        "up": {
          "uv": [
            10.3625,
            4.875,
            10,
            3.875
          ],
          "rotation": 180,
          "texture": "#2"
        },
        "down": {
          "uv": [
            10.7375,
            4.875,
            10.375,
            3.875
          ],
          "rotation": 180,
          "texture": "#2"
        }
      }
    },
    {
      "from": [
        7.025,
        10.9,
        6
      ],
      "to": [
        8.975,
        12.9,
        10
      ],
      "rotation": {
        "angle": 0,
        "axis": "y",
        "origin": [
          8,
          11.9,
          17
        ]
      },
      "faces": {
        "north": {
          "uv": [
            10.625,
            1,
            10.125,
            0.5
          ],
          "texture": "#2"
        },
        "east": {
          "uv": [
            9.625,
            0.5,
            10.625,
            0
          ],
          "texture": "#2"
        },
        "south": {
          "uv": [
            10.125,
            1,
            9.625,
            0.5
          ],
          "texture": "#2"
        },
        "west": {
          "uv": [
            10.625,
            0.5,
            9.625,
            0
          ],
          "texture": "#2"
        },
        "up": {
          "uv": [
            9.125,
            0,
            9.625,
            1
          ],
          "texture": "#2"
        },
        "down": {
          "uv": [
            8.625,
            0,
            9.125,
            1
          ],
          "texture": "#2"
        }
      }
    },
    {
      "from": [
        7.5,
        8.7747,
        7.59602
      ],
      "to": [
        8.5,
        10.7747,
        8.59602
      ],
      "rotation": {
        "angle": 0,
        "axis": "y",
        "origin": [
          5,
          9.7747,
          15.09602
        ]
      },
      "faces": {
        "north": {
          "uv": [
            10.375,
            7.625,
            10.875,
            7.875
          ],
          "rotation": 270,
          "texture": "#2"
        },
        "east": {
          "uv": [
            10.875,
            7.625,
            10.375,
            7.875
          ],
          "rotation": 90,
          "texture": "#2"
        },
        "south": {
          "uv": [
            10.375,
            7.625,
            10.875,
            7.875
          ],
          "rotation": 270,
          "texture": "#2"
        },
        "west": {
          "uv": [
            10.375,
            7.875,
            10.875,
            7.625
          ],
          "rotation": 270,
          "texture": "#2"
        },
        "up": {
          "uv": [
            10.875,
            8.125,
            10.625,
            7.875
          ],
          "rotation": 180,
          "texture": "#2"
        },
        "down": {
          "uv": [
            10.625,
            8.125,
            10.375,
            7.875
          ],
          "texture": "#2"
        }
      }
    },
    {
      "from": [
        8,
        7.8,
        13.6
      ],
      "to": [
        8,
        20.4,
        14.1
      ],
      "rotation": {
        "angle": 0,
        "axis": "y",
        "origin": [
          8,
          20.1,
          13.85
        ]
      },
      "faces": {
        "east": {
          "uv": [
            5,
            10.875,
            5.125,
            8.875
          ],
          "texture": "#2"
        },
        "west": {
          "uv": [
            5.125,
            10.875,
            5,
            8.875
          ],
          "texture": "#2"
        }
      }
    },
    {
      "from": [
        7.5,
        8.7747,
        6.59602
      ],
      "to": [
        8.5,
        10.7747,
        7.59602
      ],
      "rotation": {
        "angle": 0,
        "axis": "y",
        "origin": [
          5,
          9.7747,
          15.09602
        ]
      },
      "faces": {
        "north": {
          "uv": [
            10.375,
            7.625,
            10.875,
            7.875
          ],
          "rotation": 270,
          "texture": "#2"
        },
        "east": {
          "uv": [
            10.875,
            7.625,
            10.375,
            7.875
          ],
          "rotation": 90,
          "texture": "#2"
        },
        "south": {
          "uv": [
            10.375,
            7.625,
            10.875,
            7.875
          ],
          "rotation": 270,
          "texture": "#2"
        },
        "west": {
          "uv": [
            10.375,
            7.875,
            10.875,
            7.625
          ],
          "rotation": 270,
          "texture": "#2"
        },
        "up": {
          "uv": [
            10.875,
            8.125,
            10.625,
            7.875
          ],
          "rotation": 180,
          "texture": "#2"
        },
        "down": {
          "uv": [
            10.625,
            8.125,
            10.375,
            7.875
          ],
          "texture": "#2"
        }
      }
    },
    {
      "from": [
        7.275,
        8.6,
        8
      ],
      "to": [
        8.725,
        12.6,
        9.5
      ],
      "rotation": {
        "angle": 0,
        "axis": "y",
        "origin": [
          6.7,
          6.6,
          8
        ]
      },
      "faces": {
        "north": {
          "uv": [
            10.3625,
            4.875,
            10,
            3.875
          ],
          "texture": "#2"
        },
        "east": {
          "uv": [
            9.875,
            5.625,
            10.875,
            5.25
          ],
          "rotation": 270,
          "texture": "#2"
        },
        "south": {
          "uv": [
            10.7375,
            4.875,
            10.375,
            3.875
          ],
          "rotation": 180,
          "texture": "#2"
        },
        "west": {
          "uv": [
            10.875,
            5.625,
            9.875,
            5.25
          ],
          "rotation": 90,
          "texture": "#2"
        },
        "up": {
          "uv": [
            10,
            4.875,
            10.3625,
            5.25
          ],
          "texture": "#2"
        },
        "down": {
          "uv": [
            10.375,
            4.875,
            10.7375,
            5.25
          ],
          "rotation": 180,
          "texture": "#2"
        }
      }
    },
    {
      "from": [
        7.9,
        8.7,
        6.5
      ],
      "to": [
        7.9,
        14.7,
        10.5
      ],
      "rotation": {
        "angle": -45,
        "axis": "x",
        "origin": [
          7.95,
          19.16573,
          -1.15701
        ]
      },
      "faces": {
        "north": {
          "uv": [
            0,
            1.5,
            0,
            0
          ],
          "texture": "#1"
        },
        "east": {
          "uv": [
            8,
            12,
            0,
            0
          ],
          "texture": "#1"
        },
        "south": {
          "uv": [
            0,
            1.5,
            0,
            0
          ],
          "texture": "#1"
        },
        "west": {
          "uv": [
            0,
            12,
            8,
            0
          ],
          "texture": "#1"
        },
        "up": {
          "uv": [
            0,
            1,
            0,
            0
          ],
          "texture": "#1"
        },
        "down": {
          "uv": [
            0,
            0,
            0,
            1
          ],
          "texture": "#1"
        }
      }
    },
    {
      "from": [
        8,
        13.7,
        3.5
      ],
      "to": [
        8,
        21.7,
        4.5
      ],
      "rotation": {
        "angle": 22.5,
        "axis": "x",
        "origin": [
          5.95,
          7.7,
          -2
        ]
      },
      "faces": {
        "east": {
          "uv": [
            5.25,
            8.875,
            5,
            10.875
          ],
          "texture": "#2"
        },
        "west": {
          "uv": [
            5,
            8.875,
            5.25,
            10.875
          ],
          "texture": "#2"
        }
      }
    },
    {
      "from": [
        8,
        -6.1,
        3.5
      ],
      "to": [
        8,
        1.9,
        4.5
      ],
      "rotation": {
        "angle": -22.5,
        "axis": "x",
        "origin": [
          5.95,
          8.3,
          -2
        ]
      },
      "faces": {
        "east": {
          "uv": [
            5.25,
            10.875,
            5,
            8.875
          ],
          "texture": "#2"
        },
        "west": {
          "uv": [
            5,
            10.875,
            5.25,
            8.875
          ],
          "texture": "#2"
        }
      }
    },
    {
      "from": [
        7.5,
        -0.8,
        7.2
      ],
      "to": [
        8.5,
        3.2,
        8.7
      ],
      "rotation": {
        "angle": 22.5,
        "axis": "x",
        "origin": [
          7.25,
          3.3,
          7.7
        ]
      },
      "faces": {
        "north": {
          "uv": [
            7.25,
            3.75,
            7.625,
            2.75
          ],
          "texture": "#2"
        },
        "east": {
          "uv": [
            4,
            7.375,
            3,
            7
          ],
          "rotation": 90,
          "texture": "#2"
        },
        "south": {
          "uv": [
            6,
            7,
            6.375,
            8
          ],
          "rotation": 180,
          "texture": "#2"
        },
        "west": {
          "uv": [
            8.25,
            2.625,
            7.25,
            2.25
          ],
          "rotation": 270,
          "texture": "#2"
        },
        "up": {
          "uv": [
            8.625,
            3.375,
            8.25,
            3
          ],
          "texture": "#2"
        },
        "down": {
          "uv": [
            8.625,
            3.875,
            8.25,
            3.5
          ],
          "rotation": 180,
          "texture": "#2"
        }
      }
    },
    {
      "from": [
        8,
        -2.8,
        7.2
      ],
      "to": [
        8,
        -0.8,
        8.7
      ],
      "rotation": {
        "angle": 22.5,
        "axis": "x",
        "origin": [
          7.5,
          3.3,
          7.7
        ]
      },
      "faces": {
        "north": {
          "uv": [
            0,
            0.5,
            0,
            0
          ],
          "texture": "#2"
        },
        "east": {
          "uv": [
            8.25,
            3.375,
            7.75,
            3
          ],
          "rotation": 90,
          "texture": "#2"
        },
        "south": {
          "uv": [
            0,
            0,
            0,
            0.5
          ],
          "rotation": 180,
          "texture": "#2"
        },
        "west": {
          "uv": [
            8.25,
            3.875,
            7.75,
            3.5
          ],
          "rotation": 270,
          "texture": "#2"
        },
        "up": {
          "uv": [
            0,
            0.375,
            0,
            0
          ],
          "texture": "#2"
        },
        "down": {
          "uv": [
            0,
            0.375,
            0,
            0
          ],
          "rotation": 180,
          "texture": "#2"
        }
      }
    },
    {
      "from": [
        7.5,
        12.8,
        7.2
      ],
      "to": [
        8.5,
        16.8,
        8.7
      ],
      "rotation": {
        "angle": -22.5,
        "axis": "x",
        "origin": [
          7.25,
          12.7,
          7.7
        ]
      },
      "faces": {
        "north": {
          "uv": [
            7.25,
            2.75,
            7.625,
            3.75
          ],
          "texture": "#2"
        },
        "east": {
          "uv": [
            3,
            7.375,
            4,
            7
          ],
          "rotation": 90,
          "texture": "#2"
        },
        "south": {
          "uv": [
            6,
            8,
            6.375,
            7
          ],
          "rotation": 180,
          "texture": "#2"
        },
        "west": {
          "uv": [
            7.25,
            2.625,
            8.25,
            2.25
          ],
          "rotation": 270,
          "texture": "#2"
        },
        "up": {
          "uv": [
            8.625,
            3.5,
            8.25,
            3.875
          ],
          "rotation": 180,
          "texture": "#2"
        },
        "down": {
          "uv": [
            8.625,
            3,
            8.25,
            3.375
          ],
          "texture": "#2"
        }
      }
    },
    {
      "from": [
        8,
        16.8,
        7.2
      ],
      "to": [
        8,
        18.8,
        8.7
      ],
      "rotation": {
        "angle": -22.5,
        "axis": "x",
        "origin": [
          7.5,
          12.7,
          7.7
        ]
      },
      "faces": {
        "north": {
          "uv": [
            0,
            0,
            0,
            0.5
          ],
          "texture": "#2"
        },
        "east": {
          "uv": [
            7.75,
            3.375,
            8.25,
            3
          ],
          "rotation": 90,
          "texture": "#2"
        },
        "south": {
          "uv": [
            0,
            0.5,
            0,
            0
          ],
          "rotation": 180,
          "texture": "#2"
        },
        "west": {
          "uv": [
            7.75,
            3.875,
            8.25,
            3.5
          ],
          "rotation": 270,
          "texture": "#2"
        },
        "up": {
          "uv": [
            0,
            0,
            0,
            0.375
          ],
          "rotation": 180,
          "texture": "#2"
        },
        "down": {
          "uv": [
            0,
            0,
            0,
            0.375
          ],
          "texture": "#2"
        }
      }
    }
  ],
  "gui_light": "front",
  "display": {
    "thirdperson_righthand": {
      "translation": [
        0,
        -1.75,
        1.5
      ],
      "scale": [
        0.60547,
        0.60547,
        0.60547
      ]
    },
    "thirdperson_lefthand": {
      "translation": [
        0,
        -1.75,
        1.5
      ],
      "scale": [
        0.60547,
        0.60547,
        0.60547
      ]
    },
    "firstperson_righthand": {
      "rotation": [
        8,
        0,
        0
      ],
      "translation": [
        0,
        5,
        2.5
      ],
      "scale": [
        0.75,
        0.75,
        0.75
      ]
    },
    "firstperson_lefthand": {
      "rotation": [
        8,
        0,
        0
      ],
      "translation": [
        0,
        5,
        2.5
      ],
      "scale": [
        0.75,
        0.75,
        0.75
      ]
    },
    "ground": {
      "rotation": [
        45,
        0,
        0
      ],
      "translation": [
        0,
        6.75,
        -2.75
      ],
      "scale": [
        0.5,
        0.5,
        0.5
      ]
    },
    "gui": {
      "rotation": [
        90,
        45,
        -90
      ],
      "translation": [
        -2.75,
        2.5,
        0
      ],
      "scale": [
        0.5,
        0.5,
        0.5
      ]
    },
    "head": {
      "scale": [
        0,
        0,
        0
      ]
    },
    "fixed": {
      "rotation": [
        90,
        90,
        -90
      ],
      "translation": [
        -3.25,
        1.5,
        -1.88
      ],
      "scale": [
        1.83594,
        1.83594,
        1.83594
      ]
    }
  }
}