{
  "credit": "Made with Blockbench",
  "textures": {
    "0": "empowered_glorious_set:empowered_glorious_set/shield",
    "1": "empowered_glorious_set:empowered_glorious_set/eff_01",
    "particle": "empowered_glorious_set:empowered_glorious_set/shield"
  },
  "elements": [
    {
      "from": [
        8,
        2.5,
        4.5
      ],
      "to": [
        8,
        11.5,
        19.5
      ],
      "rotation": {
        "angle": 0,
        "axis": "y",
        "origin": [
          8.5,
          -1,
          10
        ]
      },
      "faces": {
        "north": {
          "uv": [
            0,
            0,
            0,
            4.5
          ],
          "texture": "#0"
        },
        "east": {
          "uv": [
            7.5,
            0,
            0,
            4.5
          ],
          "texture": "#0"
        },
        "south": {
          "uv": [
            0,
            0,
            0,
            4.5
          ],
          "texture": "#0"
        },
        "west": {
          "uv": [
            7.5,
            4.5,
            0,
            9
          ],
          "texture": "#0"
        },
        "up": {
          "uv": [
            0,
            0,
            0,
            7.5
          ],
          "texture": "#0"
        },
        "down": {
          "uv": [
            0,
            7.5,
            0,
            0
          ],
          "texture": "#0"
        }
      }
    },
    {
      "from": [
        8,
        2.5,
        -3.5
      ],
      "to": [
        8,
        11.5,
        11.5
      ],
      "rotation": {
        "angle": 0,
        "axis": "y",
        "origin": [
          8.5,
          -1,
          6
        ]
      },
      "faces": {
        "north": {
          "uv": [
            0,
            0,
            0,
            4.5
          ],
          "texture": "#0"
        },
        "east": {
          "uv": [
            0,
            0,
            7.5,
            4.5
          ],
          "texture": "#0"
        },
        "south": {
          "uv": [
            0,
            0,
            0,
            4.5
          ],
          "texture": "#0"
        },
        "west": {
          "uv": [
            0,
            4.5,
            7.5,
            9
          ],
          "texture": "#0"
        },
        "up": {
          "uv": [
            0,
            7.5,
            0,
            0
          ],
          "texture": "#0"
        },
        "down": {
          "uv": [
            0,
            0,
            0,
            7.5
          ],
          "texture": "#0"
        }
      }
    },
    {
      "from": [
        7.505,
        3.78033,
        1.76256
      ],
      "to": [
        8.495,
        7.03033,
        2.76256
      ],
      "rotation": {
        "angle": -45,
        "axis": "x",
        "origin": [
          8.005,
          5.03033,
          2.26256
        ]
      },
      "faces": {
        "north": {
          "uv": [
            8.5,
            6,
            9,
            7.5
          ],
          "texture": "#0"
        },
        "east": {
          "uv": [
            8.5,
            7.5,
            9,
            9
          ],
          "texture": "#0"
        },
        "south": {
          "uv": [
            0,
            9,
            0.5,
            10.5
          ],
          "texture": "#0"
        },
        "west": {
          "uv": [
            0.5,
            9,
            1,
            10.5
          ],
          "texture": "#0"
        },
        "up": {
          "uv": [
            6,
            12,
            5.5,
            11.5
          ],
          "texture": "#0"
        },
        "down": {
          "uv": [
            7,
            11.5,
            6.5,
            12
          ],
          "texture": "#0"
        }
      }
    },
    {
      "from": [
        7.5,
        -3,
        1.95
      ],
      "to": [
        8.5,
        -1,
        2.95
      ],
      "rotation": {
        "angle": -45,
        "axis": "x",
        "origin": [
          8,
          -0.29289,
          3.36422
        ]
      },
      "faces": {
        "north": {
          "uv": [
            4,
            10.5,
            4.5,
            11.5
          ],
          "texture": "#0"
        },
        "east": {
          "uv": [
            10.5,
            4,
            11,
            5
          ],
          "texture": "#0"
        },
        "south": {
          "uv": [
            4.5,
            10.5,
            5,
            11.5
          ],
          "texture": "#0"
        },
        "west": {
          "uv": [
            5,
            10.5,
            5.5,
            11.5
          ],
          "texture": "#0"
        },
        "up": {
          "uv": [
            7.5,
            12,
            7,
            11.5
          ],
          "texture": "#0"
        },
        "down": {
          "uv": [
            12,
            7,
            11.5,
            7.5
          ],
          "texture": "#0"
        }
      }
    },
    {
      "from": [
        7.5,
        0.41421,
        3.77843
      ],
      "to": [
        8.5,
        2.41421,
        4.77843
      ],
      "rotation": {
        "angle": -45,
        "axis": "x",
        "origin": [
          8,
          -0.29289,
          3.36422
        ]
      },
      "faces": {
        "north": {
          "uv": [
            5.5,
            10.5,
            6,
            11.5
          ],
          "texture": "#0"
        },
        "east": {
          "uv": [
            10.5,
            6,
            11,
            7
          ],
          "texture": "#0"
        },
        "south": {
          "uv": [
            6.5,
            10.5,
            7,
            11.5
          ],
          "texture": "#0"
        },
        "west": {
          "uv": [
            7,
            10.5,
            7.5,
            11.5
          ],
          "texture": "#0"
        },
        "up": {
          "uv": [
            8,
            12,
            7.5,
            11.5
          ],
          "texture": "#0"
        },
        "down": {
          "uv": [
            12,
            7.5,
            11.5,
            8
          ],
          "texture": "#0"
        }
      }
    },
    {
      "from": [
        7.505,
        -1.7929,
        2.86422
      ],
      "to": [
        8.495,
        1.2071,
        3.86422
      ],
      "rotation": {
        "angle": 0,
        "axis": "x",
        "origin": [
          8,
          -0.29289,
          3.36422
        ]
      },
      "faces": {
        "north": {
          "uv": [
            1,
            9,
            1.5,
            10.5
          ],
          "texture": "#0"
        },
        "east": {
          "uv": [
            1.5,
            9,
            2,
            10.5
          ],
          "texture": "#0"
        },
        "south": {
          "uv": [
            2,
            9,
            2.5,
            10.5
          ],
          "texture": "#0"
        },
        "west": {
          "uv": [
            2.5,
            9,
            3,
            10.5
          ],
          "texture": "#0"
        },
        "up": {
          "uv": [
            8.5,
            12,
            8,
            11.5
          ],
          "texture": "#0"
        },
        "down": {
          "uv": [
            12,
            8,
            11.5,
            8.5
          ],
          "texture": "#0"
        }
      }
    },
    {
      "from": [
        7.5,
        6.09099,
        0.4948
      ],
      "to": [
        8.5,
        7.34099,
        1.4948
      ],
      "rotation": {
        "angle": 0,
        "axis": "y",
        "origin": [
          8,
          6.59099,
          0.9948
        ]
      },
      "faces": {
        "north": {
          "uv": [
            11.5,
            1.5,
            12,
            2.25
          ],
          "texture": "#0"
        },
        "east": {
          "uv": [
            2,
            11.5,
            2.5,
            12.25
          ],
          "texture": "#0"
        },
        "south": {
          "uv": [
            2.5,
            11.5,
            3,
            12.25
          ],
          "texture": "#0"
        },
        "west": {
          "uv": [
            11.5,
            2.5,
            12,
            3.25
          ],
          "texture": "#0"
        },
        "up": {
          "uv": [
            12,
            9,
            11.5,
            8.5
          ],
          "texture": "#0"
        },
        "down": {
          "uv": [
            12,
            9,
            11.5,
            9.5
          ],
          "texture": "#0"
        }
      }
    },
    {
      "from": [
        7.505,
        6.97487,
        1.39644
      ],
      "to": [
        8.495,
        9.97487,
        2.39644
      ],
      "rotation": {
        "angle": 22.5,
        "axis": "x",
        "origin": [
          8,
          9.40165,
          1.61611
        ]
      },
      "faces": {
        "north": {
          "uv": [
            3,
            9,
            3.5,
            10.5
          ],
          "texture": "#0"
        },
        "east": {
          "uv": [
            3.5,
            9,
            4,
            10.5
          ],
          "texture": "#0"
        },
        "south": {
          "uv": [
            4,
            9,
            4.5,
            10.5
          ],
          "texture": "#0"
        },
        "west": {
          "uv": [
            4.5,
            9,
            5,
            10.5
          ],
          "texture": "#0"
        },
        "up": {
          "uv": [
            12,
            10,
            11.5,
            9.5
          ],
          "texture": "#0"
        },
        "down": {
          "uv": [
            12,
            10,
            11.5,
            10.5
          ],
          "texture": "#0"
        }
      }
    },
    {
      "from": [
        7.5,
        9.2552,
        1.57322
      ],
      "to": [
        8.5,
        11.2552,
        2.57322
      ],
      "rotation": {
        "angle": -22.5,
        "axis": "x",
        "origin": [
          8,
          9.40165,
          1.61611
        ]
      },
      "faces": {
        "north": {
          "uv": [
            10.5,
            8.5,
            11,
            9.5
          ],
          "texture": "#0"
        },
        "east": {
          "uv": [
            10.5,
            9.5,
            11,
            10.5
          ],
          "texture": "#0"
        },
        "south": {
          "uv": [
            10.5,
            10.5,
            11,
            11.5
          ],
          "texture": "#0"
        },
        "west": {
          "uv": [
            11,
            4,
            11.5,
            5
          ],
          "texture": "#0"
        },
        "up": {
          "uv": [
            11,
            12,
            10.5,
            11.5
          ],
          "texture": "#0"
        },
        "down": {
          "uv": [
            11.5,
            11.5,
            11,
            12
          ],
          "texture": "#0"
        }
      }
    },
    {
      "from": [
        7.45,
        -8.44232,
        5.15821
      ],
      "to": [
        8.55,
        -5.44232,
        6.25821
      ],
      "rotation": {
        "angle": -45,
        "axis": "x",
        "origin": [
          8,
          -6.08163,
          5.87821
        ]
      },
      "faces": {
        "north": {
          "uv": [
            9.5,
            6.5,
            9,
            8
          ],
          "rotation": 180,
          "texture": "#0"
        },
        "east": {
          "uv": [
            5,
            9,
            6.5,
            9.5
          ],
          "rotation": 270,
          "texture": "#0"
        },
        "south": {
          "uv": [
            7,
            10.5,
            6.5,
            9
          ],
          "texture": "#0"
        },
        "west": {
          "uv": [
            9,
            6,
            10.5,
            6.5
          ],
          "rotation": 90,
          "texture": "#0"
        },
        "up": {
          "uv": [
            12,
            2,
            12.5,
            2.5
          ],
          "rotation": 180,
          "texture": "#0"
        },
        "down": {
          "uv": [
            12,
            2.5,
            12.5,
            3
          ],
          "texture": "#0"
        }
      }
    },
    {
      "from": [
        7.375,
        -6.90282,
        4.76481
      ],
      "to": [
        8.625,
        -3.80282,
        6.01481
      ],
      "rotation": {
        "angle": 0,
        "axis": "x",
        "origin": [
          8,
          -6.08163,
          5.87821
        ]
      },
      "faces": {
        "north": {
          "uv": [
            8.5,
            0,
            9.25,
            1.5
          ],
          "texture": "#0"
        },
        "east": {
          "uv": [
            8.5,
            1.5,
            9.25,
            3
          ],
          "texture": "#0"
        },
        "south": {
          "uv": [
            8.5,
            3,
            9.25,
            4.5
          ],
          "texture": "#0"
        },
        "west": {
          "uv": [
            8.5,
            4.5,
            9.25,
            6
          ],
          "texture": "#0"
        },
        "up": {
          "uv": [
            9.25,
            10.75,
            8.5,
            10
          ],
          "texture": "#0"
        },
        "down": {
          "uv": [
            10.25,
            10,
            9.5,
            10.75
          ],
          "texture": "#0"
        }
      }
    },
    {
      "from": [
        7.375,
        -7.41421,
        7.04038
      ],
      "to": [
        8.625,
        -5.66421,
        8.79038
      ],
      "rotation": {
        "angle": 45,
        "axis": "x",
        "origin": [
          8.125,
          -6.81421,
          7.54038
        ]
      },
      "faces": {
        "north": {
          "uv": [
            9,
            8,
            9.75,
            8.75
          ],
          "texture": "#0"
        },
        "east": {
          "uv": [
            8.5,
            9,
            9.25,
            9.75
          ],
          "texture": "#0"
        },
        "south": {
          "uv": [
            9.5,
            0,
            10.25,
            0.75
          ],
          "texture": "#0"
        },
        "west": {
          "uv": [
            9.5,
            1,
            10.25,
            1.75
          ],
          "texture": "#0"
        },
        "up": {
          "uv": [
            0.75,
            11.25,
            0,
            10.5
          ],
          "texture": "#0"
        },
        "down": {
          "uv": [
            11.25,
            0,
            10.5,
            0.75
          ],
          "texture": "#0"
        }
      }
    },
    {
      "from": [
        7.375,
        6.48579,
        2.87868
      ],
      "to": [
        8.625,
        8.23579,
        4.62868
      ],
      "rotation": {
        "angle": 45,
        "axis": "x",
        "origin": [
          8.125,
          8.08579,
          3.37868
        ]
      },
      "faces": {
        "north": {
          "uv": [
            9.5,
            2,
            10.25,
            2.75
          ],
          "texture": "#0"
        },
        "east": {
          "uv": [
            9.5,
            3,
            10.25,
            3.75
          ],
          "texture": "#0"
        },
        "south": {
          "uv": [
            9.5,
            4,
            10.25,
            4.75
          ],
          "texture": "#0"
        },
        "west": {
          "uv": [
            5,
            9.5,
            5.75,
            10.25
          ],
          "texture": "#0"
        },
        "up": {
          "uv": [
            1.75,
            11.25,
            1,
            10.5
          ],
          "texture": "#0"
        },
        "down": {
          "uv": [
            11.25,
            1,
            10.5,
            1.75
          ],
          "texture": "#0"
        }
      }
    },
    {
      "from": [
        7.375,
        5.98579,
        -0.12132
      ],
      "to": [
        8.625,
        7.73579,
        1.62868
      ],
      "rotation": {
        "angle": 45,
        "axis": "x",
        "origin": [
          8.125,
          7.58579,
          0.37868
        ]
      },
      "faces": {
        "north": {
          "uv": [
            9.5,
            6.5,
            10.25,
            7.25
          ],
          "texture": "#0"
        },
        "east": {
          "uv": [
            9.5,
            9,
            10.25,
            9.75
          ],
          "texture": "#0"
        },
        "south": {
          "uv": [
            7.5,
            10,
            8.25,
            10.75
          ],
          "texture": "#0"
        },
        "west": {
          "uv": [
            10,
            7.5,
            10.75,
            8.25
          ],
          "texture": "#0"
        },
        "up": {
          "uv": [
            3.75,
            11.25,
            3,
            10.5
          ],
          "texture": "#0"
        },
        "down": {
          "uv": [
            11.25,
            3,
            10.5,
            3.75
          ],
          "texture": "#0"
        }
      }
    },
    {
      "from": [
        7.9,
        3.75,
        4.5
      ],
      "to": [
        7.9,
        10.75,
        11.5
      ],
      "rotation": {
        "angle": 0,
        "axis": "x",
        "origin": [
          7.9,
          7.25,
          8
        ]
      },
      "faces": {
        "north": {
          "uv": [
            0,
            0,
            0,
            4.5
          ],
          "texture": "#1"
        },
        "east": {
          "uv": [
            0,
            0,
            16,
            16
          ],
          "texture": "#1"
        },
        "south": {
          "uv": [
            0,
            0,
            0,
            4.5
          ],
          "texture": "#1"
        },
        "west": {
          "uv": [
            0,
            0,
            16,
            16
          ],
          "texture": "#1"
        },
        "up": {
          "uv": [
            0,
            7.5,
            0,
            0
          ],
          "texture": "#1"
        },
        "down": {
          "uv": [
            0,
            0,
            0,
            7.5
          ],
          "texture": "#1"
        }
      }
    },
    {
      "from": [
        7.75,
        3.75,
        4.5
      ],
      "to": [
        7.75,
        10.75,
        11.5
      ],
      "rotation": {
        "angle": 0,
        "axis": "y",
        "origin": [
          7.75,
          7.25,
          8
        ]
      },
      "faces": {
        "north": {
          "uv": [
            0,
            0,
            0,
            4.5
          ],
          "texture": "#1"
        },
        "east": {
          "uv": [
            0,
            0,
            16,
            16
          ],
          "texture": "#1"
        },
        "south": {
          "uv": [
            0,
            0,
            0,
            4.5
          ],
          "texture": "#1"
        },
        "west": {
          "uv": [
            0,
            0,
            16,
            16
          ],
          "texture": "#1"
        },
        "up": {
          "uv": [
            0,
            7.5,
            0,
            0
          ],
          "texture": "#1"
        },
        "down": {
          "uv": [
            0,
            0,
            0,
            7.5
          ],
          "texture": "#1"
        }
      }
    },
    {
      "from": [
        7.375,
        6.48579,
        11.37132
      ],
      "to": [
        8.625,
        8.23579,
        13.12132
      ],
      "rotation": {
        "angle": -45,
        "axis": "x",
        "origin": [
          8.125,
          8.08579,
          12.62132
        ]
      },
      "faces": {
        "north": {
          "uv": [
            10.25,
            4,
            9.5,
            4.75
          ],
          "texture": "#0"
        },
        "east": {
          "uv": [
            10.25,
            3,
            9.5,
            3.75
          ],
          "texture": "#0"
        },
        "south": {
          "uv": [
            10.25,
            2,
            9.5,
            2.75
          ],
          "texture": "#0"
        },
        "west": {
          "uv": [
            5.75,
            9.5,
            5,
            10.25
          ],
          "texture": "#0"
        },
        "up": {
          "uv": [
            1.75,
            10.5,
            1,
            11.25
          ],
          "texture": "#0"
        },
        "down": {
          "uv": [
            11.25,
            1.75,
            10.5,
            1
          ],
          "texture": "#0"
        }
      }
    },
    {
      "from": [
        7.5,
        -3,
        13.05
      ],
      "to": [
        8.5,
        -1,
        14.05
      ],
      "rotation": {
        "angle": 45,
        "axis": "x",
        "origin": [
          8,
          -0.29289,
          12.63579
        ]
      },
      "faces": {
        "north": {
          "uv": [
            5,
            10.5,
            4.5,
            11.5
          ],
          "texture": "#0"
        },
        "east": {
          "uv": [
            11,
            4,
            10.5,
            5
          ],
          "texture": "#0"
        },
        "south": {
          "uv": [
            4.5,
            10.5,
            4,
            11.5
          ],
          "texture": "#0"
        },
        "west": {
          "uv": [
            5.5,
            10.5,
            5,
            11.5
          ],
          "texture": "#0"
        },
        "up": {
          "uv": [
            7.5,
            11.5,
            7,
            12
          ],
          "texture": "#0"
        },
        "down": {
          "uv": [
            12,
            7.5,
            11.5,
            7
          ],
          "texture": "#0"
        }
      }
    },
    {
      "from": [
        7.505,
        -1.7929,
        12.13579
      ],
      "to": [
        8.495,
        1.2071,
        13.13579
      ],
      "rotation": {
        "angle": 0,
        "axis": "x",
        "origin": [
          8,
          -0.29289,
          12.63579
        ]
      },
      "faces": {
        "north": {
          "uv": [
            2.5,
            9,
            2,
            10.5
          ],
          "texture": "#0"
        },
        "east": {
          "uv": [
            2,
            9,
            1.5,
            10.5
          ],
          "texture": "#0"
        },
        "south": {
          "uv": [
            1.5,
            9,
            1,
            10.5
          ],
          "texture": "#0"
        },
        "west": {
          "uv": [
            3,
            9,
            2.5,
            10.5
          ],
          "texture": "#0"
        },
        "up": {
          "uv": [
            8.5,
            11.5,
            8,
            12
          ],
          "texture": "#0"
        },
        "down": {
          "uv": [
            12,
            8.5,
            11.5,
            8
          ],
          "texture": "#0"
        }
      }
    },
    {
      "from": [
        7.5,
        0.41421,
        11.22157
      ],
      "to": [
        8.5,
        2.41421,
        12.22157
      ],
      "rotation": {
        "angle": 45,
        "axis": "x",
        "origin": [
          8,
          -0.29289,
          12.63579
        ]
      },
      "faces": {
        "north": {
          "uv": [
            7,
            10.5,
            6.5,
            11.5
          ],
          "texture": "#0"
        },
        "east": {
          "uv": [
            11,
            6,
            10.5,
            7
          ],
          "texture": "#0"
        },
        "south": {
          "uv": [
            6,
            10.5,
            5.5,
            11.5
          ],
          "texture": "#0"
        },
        "west": {
          "uv": [
            7.5,
            10.5,
            7,
            11.5
          ],
          "texture": "#0"
        },
        "up": {
          "uv": [
            8,
            11.5,
            7.5,
            12
          ],
          "texture": "#0"
        },
        "down": {
          "uv": [
            12,
            8,
            11.5,
            7.5
          ],
          "texture": "#0"
        }
      }
    },
    {
      "from": [
        7.505,
        3.78033,
        13.23744
      ],
      "to": [
        8.495,
        7.03033,
        14.23744
      ],
      "rotation": {
        "angle": 45,
        "axis": "x",
        "origin": [
          8.005,
          5.03033,
          13.73744
        ]
      },
      "faces": {
        "north": {
          "uv": [
            0.5,
            9,
            0,
            10.5
          ],
          "texture": "#0"
        },
        "east": {
          "uv": [
            9,
            7.5,
            8.5,
            9
          ],
          "texture": "#0"
        },
        "south": {
          "uv": [
            9,
            6,
            8.5,
            7.5
          ],
          "texture": "#0"
        },
        "west": {
          "uv": [
            1,
            9,
            0.5,
            10.5
          ],
          "texture": "#0"
        },
        "up": {
          "uv": [
            6,
            11.5,
            5.5,
            12
          ],
          "texture": "#0"
        },
        "down": {
          "uv": [
            7,
            12,
            6.5,
            11.5
          ],
          "texture": "#0"
        }
      }
    },
    {
      "from": [
        7.5,
        6.09099,
        14.5052
      ],
      "to": [
        8.5,
        7.34099,
        15.5052
      ],
      "rotation": {
        "angle": 0,
        "axis": "y",
        "origin": [
          8,
          6.59099,
          15.0052
        ]
      },
      "faces": {
        "north": {
          "uv": [
            3,
            11.5,
            2.5,
            12.25
          ],
          "texture": "#0"
        },
        "east": {
          "uv": [
            2.5,
            11.5,
            2,
            12.25
          ],
          "texture": "#0"
        },
        "south": {
          "uv": [
            12,
            1.5,
            11.5,
            2.25
          ],
          "texture": "#0"
        },
        "west": {
          "uv": [
            12,
            2.5,
            11.5,
            3.25
          ],
          "texture": "#0"
        },
        "up": {
          "uv": [
            12,
            8.5,
            11.5,
            9
          ],
          "texture": "#0"
        },
        "down": {
          "uv": [
            12,
            9.5,
            11.5,
            9
          ],
          "texture": "#0"
        }
      }
    },
    {
      "from": [
        7.375,
        5.98579,
        14.37132
      ],
      "to": [
        8.625,
        7.73579,
        16.12132
      ],
      "rotation": {
        "angle": -45,
        "axis": "x",
        "origin": [
          8.125,
          7.58579,
          15.62132
        ]
      },
      "faces": {
        "north": {
          "uv": [
            8.25,
            10,
            7.5,
            10.75
          ],
          "texture": "#0"
        },
        "east": {
          "uv": [
            10.25,
            9,
            9.5,
            9.75
          ],
          "texture": "#0"
        },
        "south": {
          "uv": [
            10.25,
            6.5,
            9.5,
            7.25
          ],
          "texture": "#0"
        },
        "west": {
          "uv": [
            10.75,
            7.5,
            10,
            8.25
          ],
          "texture": "#0"
        },
        "up": {
          "uv": [
            3.75,
            10.5,
            3,
            11.25
          ],
          "texture": "#0"
        },
        "down": {
          "uv": [
            11.25,
            3.75,
            10.5,
            3
          ],
          "texture": "#0"
        }
      }
    },
    {
      "from": [
        7.505,
        6.97487,
        13.60356
      ],
      "to": [
        8.495,
        9.97487,
        14.60356
      ],
      "rotation": {
        "angle": -22.5,
        "axis": "x",
        "origin": [
          8,
          9.40165,
          14.38389
        ]
      },
      "faces": {
        "north": {
          "uv": [
            4.5,
            9,
            4,
            10.5
          ],
          "texture": "#0"
        },
        "east": {
          "uv": [
            4,
            9,
            3.5,
            10.5
          ],
          "texture": "#0"
        },
        "south": {
          "uv": [
            3.5,
            9,
            3,
            10.5
          ],
          "texture": "#0"
        },
        "west": {
          "uv": [
            5,
            9,
            4.5,
            10.5
          ],
          "texture": "#0"
        },
        "up": {
          "uv": [
            12,
            9.5,
            11.5,
            10
          ],
          "texture": "#0"
        },
        "down": {
          "uv": [
            12,
            10.5,
            11.5,
            10
          ],
          "texture": "#0"
        }
      }
    },
    {
      "from": [
        7.5,
        9.2552,
        13.42678
      ],
      "to": [
        8.5,
        11.2552,
        14.42678
      ],
      "rotation": {
        "angle": 22.5,
        "axis": "x",
        "origin": [
          8,
          9.40165,
          14.38389
        ]
      },
      "faces": {
        "north": {
          "uv": [
            11,
            10.5,
            10.5,
            11.5
          ],
          "texture": "#0"
        },
        "east": {
          "uv": [
            11,
            9.5,
            10.5,
            10.5
          ],
          "texture": "#0"
        },
        "south": {
          "uv": [
            11,
            8.5,
            10.5,
            9.5
          ],
          "texture": "#0"
        },
        "west": {
          "uv": [
            11.5,
            4,
            11,
            5
          ],
          "texture": "#0"
        },
        "up": {
          "uv": [
            11,
            11.5,
            10.5,
            12
          ],
          "texture": "#0"
        },
        "down": {
          "uv": [
            11.5,
            12,
            11,
            11.5
          ],
          "texture": "#0"
        }
      }
    },
    {
      "from": [
        8,
        -6.5,
        3.95
      ],
      "to": [
        8,
        7.25,
        12.05
      ],
      "rotation": {
        "angle": 0,
        "axis": "x",
        "origin": [
          8,
          1,
          8
        ]
      },
      "faces": {
        "north": {
          "uv": [
            0,
            7.5,
            0,
            0
          ],
          "rotation": 180,
          "texture": "#0"
        },
        "east": {
          "uv": [
            16,
            12,
            9.5,
            16
          ],
          "rotation": 90,
          "texture": "#0"
        },
        "south": {
          "uv": [
            0,
            0,
            0,
            7.5
          ],
          "texture": "#0"
        },
        "west": {
          "uv": [
            9.5,
            12,
            16,
            16
          ],
          "rotation": 270,
          "texture": "#0"
        },
        "up": {
          "uv": [
            0,
            0,
            0,
            4.5
          ],
          "texture": "#0"
        },
        "down": {
          "uv": [
            0,
            0,
            0,
            4.5
          ],
          "rotation": 180,
          "texture": "#0"
        }
      }
    },
    {
      "from": [
        7.45,
        -8.44232,
        9.74179
      ],
      "to": [
        8.55,
        -5.44232,
        10.84179
      ],
      "rotation": {
        "angle": 45,
        "axis": "x",
        "origin": [
          8,
          -6.08163,
          10.12179
        ]
      },
      "faces": {
        "north": {
          "uv": [
            6.5,
            10.5,
            7,
            9
          ],
          "texture": "#0"
        },
        "east": {
          "uv": [
            5,
            9.5,
            6.5,
            9
          ],
          "rotation": 270,
          "texture": "#0"
        },
        "south": {
          "uv": [
            9,
            6.5,
            9.5,
            8
          ],
          "rotation": 180,
          "texture": "#0"
        },
        "west": {
          "uv": [
            9,
            6.5,
            10.5,
            6
          ],
          "rotation": 90,
          "texture": "#0"
        },
        "up": {
          "uv": [
            12,
            2.5,
            12.5,
            2
          ],
          "rotation": 180,
          "texture": "#0"
        },
        "down": {
          "uv": [
            12,
            3,
            12.5,
            2.5
          ],
          "texture": "#0"
        }
      }
    },
    {
      "from": [
        7.375,
        -6.90282,
        9.98519
      ],
      "to": [
        8.625,
        -3.80282,
        11.23519
      ],
      "rotation": {
        "angle": 0,
        "axis": "x",
        "origin": [
          8,
          -6.08163,
          10.12179
        ]
      },
      "faces": {
        "north": {
          "uv": [
            9.25,
            3,
            8.5,
            4.5
          ],
          "texture": "#0"
        },
        "east": {
          "uv": [
            9.25,
            1.5,
            8.5,
            3
          ],
          "texture": "#0"
        },
        "south": {
          "uv": [
            9.25,
            0,
            8.5,
            1.5
          ],
          "texture": "#0"
        },
        "west": {
          "uv": [
            9.25,
            4.5,
            8.5,
            6
          ],
          "texture": "#0"
        },
        "up": {
          "uv": [
            9.25,
            10,
            8.5,
            10.75
          ],
          "texture": "#0"
        },
        "down": {
          "uv": [
            10.25,
            10.75,
            9.5,
            10
          ],
          "texture": "#0"
        }
      }
    },
    {
      "from": [
        7.9,
        -5.075,
        1.825
      ],
      "to": [
        7.9,
        2.525,
        14.175
      ],
      "rotation": {
        "angle": 0,
        "axis": "x",
        "origin": [
          7.9,
          -1.525,
          7.5
        ]
      },
      "faces": {
        "north": {
          "uv": [
            0,
            0,
            0,
            4.5
          ],
          "rotation": 180,
          "texture": "#0"
        },
        "east": {
          "uv": [
            6,
            12.5,
            0,
            16
          ],
          "rotation": 180,
          "texture": "#0"
        },
        "south": {
          "uv": [
            0,
            0,
            0,
            4.5
          ],
          "rotation": 180,
          "texture": "#0"
        },
        "west": {
          "uv": [
            0,
            12.5,
            6,
            16
          ],
          "rotation": 180,
          "texture": "#0"
        },
        "up": {
          "uv": [
            0,
            0,
            0,
            7.5
          ],
          "texture": "#0"
        },
        "down": {
          "uv": [
            0,
            7.5,
            0,
            0
          ],
          "texture": "#0"
        }
      }
    },
    {
      "from": [
        7.9,
        -6.25,
        3.5
      ],
      "to": [
        7.9,
        -1.25,
        8.5
      ],
      "rotation": {
        "angle": 45,
        "axis": "x",
        "origin": [
          7.9,
          -3.75,
          6
        ]
      },
      "faces": {
        "north": {
          "uv": [
            0,
            0,
            0,
            4.5
          ],
          "texture": "#1"
        },
        "east": {
          "uv": [
            0,
            0,
            16,
            16
          ],
          "texture": "#1"
        },
        "south": {
          "uv": [
            0,
            0,
            0,
            4.5
          ],
          "texture": "#1"
        },
        "west": {
          "uv": [
            16,
            0,
            0,
            16
          ],
          "texture": "#1"
        },
        "up": {
          "uv": [
            0,
            7.5,
            0,
            0
          ],
          "texture": "#1"
        },
        "down": {
          "uv": [
            0,
            0,
            0,
            7.5
          ],
          "texture": "#1"
        }
      }
    },
    {
      "from": [
        7.9,
        -6.25,
        7.5
      ],
      "to": [
        7.9,
        -1.25,
        12.5
      ],
      "rotation": {
        "angle": -45,
        "axis": "x",
        "origin": [
          7.9,
          -3.75,
          10
        ]
      },
      "faces": {
        "north": {
          "uv": [
            0,
            0,
            0,
            4.5
          ],
          "texture": "#1"
        },
        "east": {
          "uv": [
            16,
            0,
            0,
            16
          ],
          "texture": "#1"
        },
        "south": {
          "uv": [
            0,
            0,
            0,
            4.5
          ],
          "texture": "#1"
        },
        "west": {
          "uv": [
            0,
            0,
            16,
            16
          ],
          "texture": "#1"
        },
        "up": {
          "uv": [
            0,
            0,
            0,
            7.5
          ],
          "texture": "#1"
        },
        "down": {
          "uv": [
            0,
            7.5,
            0,
            0
          ],
          "texture": "#1"
        }
      }
    }
  ],
  "gui_light": "front",
  "display": {
    "thirdperson_righthand": {
      "translation": [
        3.25,
        3,
        1.5
      ],
      "scale": [
        0.8,
        0.8,
        0.8
      ]
    },
    "thirdperson_lefthand": {
      "translation": [
        3.25,
        3,
        1.5
      ],
      "scale": [
        0.8,
        0.8,
        0.8
      ]
    },
    "firstperson_righthand": {
      "rotation": [
        0,
        -90,
        0
      ],
      "translation": [
        3.25,
        2,
        -5.5
      ],
      "scale": [
        1.16328,
        1.18867,
        1.16328
      ]
    },
    "firstperson_lefthand": {
      "rotation": [
        0,
        -90,
        0
      ],
      "translation": [
        3.25,
        2,
        -5.5
      ],
      "scale": [
        1.16328,
        1.18867,
        1.16328
      ]
    },
    "ground": {
      "rotation": [
        0,
        0,
        -77
      ],
      "translation": [
        5.75,
        3.25,
        0
      ],
      "scale": [
        0.91602,
        0.91602,
        0.91602
      ]
    },
    "gui": {
      "rotation": [
        0,
        90,
        0
      ],
      "translation": [
        0,
        4,
        0
      ],
      "scale": [
        0.67305,
        0.67305,
        0.67305
      ]
    },
    "head": {
      "scale": [
        0,
        0,
        0
      ]
    },
    "fixed": {
      "rotation": [
        -90,
        90,
        90
      ],
      "translation": [
        1,
        15.25,
        -2.25
      ],
      "scale": [
        2.05195,
        2.05195,
        2.05195
      ]
    }
  },
  "groups": [
    {
      "name": "shield",
      "origin": [
        7.9,
        -3.75,
        10
      ],
      "color": 0,
      "nbt": "{}",
      "armAnimationEnabled": false,
      "children": [
        0,
        1,
        2,
        3,
        4,
        5,
        6,
        7,
        8,
        9,
        10,
        11,
        12,
        13,
        14,
        15,
        16,
        17,
        18,
        19,
        20,
        21,
        22,
        23,
        24,
        25,
        26,
        27,
        28,
        29,
        30
      ]
    }
  ]
}