{"credit":"magic_store_official","textures":{"0":"magic_store:furnitures/bank_pack/bank_money_case","particle":"magic_store:furnitures/bank_pack/bank_money_case"},"elements":[{"from":[7,2.1,-1],"to":[13,2.1,2],"rotation":{"angle":-45,"axis":"y","origin":[8,2.05,4.75]},"faces":{"north":{"uv":[0,0,3,0],"texture":"#0"},"east":{"uv":[0,0,1.5,0],"texture":"#0"},"south":{"uv":[0,0,3,0],"texture":"#0"},"west":{"uv":[0,0,1.5,0],"texture":"#0"},"up":{"uv":[8,14.5,5,13],"texture":"#0"},"down":{"uv":[5,13,8,14.5],"texture":"#0"}}},{"from":[3,0.1,2],"to":[17,2.1,12],"rotation":{"angle":-45,"axis":"y","origin":[8,2.05,4.75]},"faces":{"north":{"uv":[0,10,7,11],"texture":"#0"},"east":{"uv":[5,12,10,13],"texture":"#0"},"south":{"uv":[0,10,7,11],"texture":"#0"},"west":{"uv":[5,12,10,13],"texture":"#0"},"up":{"uv":[7,5,0,0],"texture":"#0"},"down":{"uv":[7,5,0,10],"texture":"#0"}}},{"from":[3,2.1,2],"to":[17,0.1,12],"rotation":{"angle":-45,"axis":"y","origin":[8,2.05,4.75]},"faces":{"north":{"uv":[0,11,7,10],"texture":"#0"},"east":{"uv":[5,13,10,12],"texture":"#0"},"south":{"uv":[0,11,7,10],"texture":"#0"},"west":{"uv":[5,13,10,12],"texture":"#0"},"up":{"uv":[7,10,0,5],"texture":"#0"}}},{"from":[3,2,2],"to":[17,4,12],"rotation":{"angle":-45,"axis":"y","origin":[8,2.05,4.75]},"faces":{"north":{"uv":[0,10,7,11],"texture":"#0"},"east":{"uv":[10,12,15,13],"texture":"#0"},"south":{"uv":[7,11,14,12],"texture":"#0"},"west":{"uv":[15,12,10,13],"texture":"#0"},"up":{"uv":[14,5,7,0],"texture":"#0"},"down":{"uv":[14,5,7,10],"texture":"#0"}}},{"from":[7,2,-1],"to":[13,2,2],"rotation":{"angle":-45,"axis":"y","origin":[8,2.05,4.75]},"faces":{"north":{"uv":[0,0,3,0],"texture":"#0"},"east":{"uv":[0,0,1.5,0],"texture":"#0"},"south":{"uv":[0,0,3,0],"texture":"#0"},"west":{"uv":[0,0,1.5,0],"texture":"#0"},"up":{"uv":[8,14.5,5,13],"texture":"#0"},"down":{"uv":[5,13,8,14.5],"texture":"#0"}}},{"from":[3,4,2],"to":[17,2,12],"rotation":{"angle":-45,"axis":"y","origin":[8,2.05,4.75]},"faces":{"north":{"uv":[0,11,7,10],"texture":"#0"},"east":{"uv":[10,12,15,13],"texture":"#0"},"south":{"uv":[7,12,14,11],"texture":"#0"},"west":{"uv":[15,13,10,12],"texture":"#0"},"down":{"uv":[14,0,7,5],"texture":"#0"}}}],"display":{"thirdperson_righthand":{"rotation":[49,36,0],"translation":[-1,6.5,2.75],"scale":[0.65,0.65,0.65]},"thirdperson_lefthand":{"rotation":[49,36,0],"translation":[-1,6.5,2.75],"scale":[0.65,0.65,0.65]},"firstperson_righthand":{"rotation":[-180,11,-180],"translation":[8,2,-9.25],"scale":[0.85,0.85,0.85]},"firstperson_lefthand":{"rotation":[-180,98,-180],"translation":[8,2,-9.25],"scale":[0.85,0.85,0.85]},"ground":{"translation":[0,5.5,0],"scale":[0.5,0.5,0.5]},"gui":{"rotation":[30,180,0],"translation":[-0.25,2,0],"scale":[0.75,0.75,0.75]},"head":{"translation":[0,-30.5,0],"scale":[1.6,1.6,1.6]},"fixed":{"rotation":[-90,0,0],"translation":[0,-1,-16],"scale":[2,2,2]}},"groups":[{"name":"group","origin":[8,8,8],"color":0,"children":[{"name":"group","origin":[8,2,8],"color":0,"children":[0,1,2]},{"name":"group","origin":[8,2,13],"color":0,"children":[3,4,5]}]}]}