{
  "credit": "Made with Blockbench",
  "textures": {
    "0": "empowered_glorious_set:empowered_glorious_set/shovel",
    "1": "empowered_glorious_set:empowered_glorious_set/eff_01",
    "particle": "empowered_glorious_set:empowered_glorious_set/shovel"
  },
  "elements": [
    {
      "from": [
        7.5,
        -5.5,
        7.5
      ],
      "to": [
        8.5,
        4.5,
        8.5
      ],
      "rotation": {
        "angle": 0,
        "axis": "y",
        "origin": [
          8,
          -1,
          8
        ]
      },
      "faces": {
        "north": {
          "uv": [
            7.5,
            0,
            8,
            5
          ],
          "texture": "#0"
        },
        "east": {
          "uv": [
            7.5,
            5,
            8,
            10
          ],
          "texture": "#0"
        },
        "south": {
          "uv": [
            8,
            0,
            8.5,
            5
          ],
          "texture": "#0"
        },
        "west": {
          "uv": [
            8,
            5,
            8.5,
            10
          ],
          "texture": "#0"
        },
        "up": {
          "uv": [
            10,
            8,
            9.5,
            7.5
          ],
          "texture": "#0"
        },
        "down": {
          "uv": [
            10.5,
            8.5,
            10,
            9
          ],
          "texture": "#0"
        }
      }
    },
    {
      "from": [
        7.505,
        3.78033,
        6.51256
      ],
      "to": [
        8.495,
        7.03033,
        7.51256
      ],
      "rotation": {
        "angle": -45,
        "axis": "x",
        "origin": [
          8.005,
          5.03033,
          7.01256
        ]
      },
      "faces": {
        "north": {
          "uv": [
            8.5,
            6,
            9,
            7.5
          ],
          "texture": "#0"
        },
        "east": {
          "uv": [
            8.5,
            7.5,
            9,
            9
          ],
          "texture": "#0"
        },
        "south": {
          "uv": [
            0,
            9,
            0.5,
            10.5
          ],
          "texture": "#0"
        },
        "west": {
          "uv": [
            0.5,
            9,
            1,
            10.5
          ],
          "texture": "#0"
        },
        "up": {
          "uv": [
            6,
            12,
            5.5,
            11.5
          ],
          "texture": "#0"
        },
        "down": {
          "uv": [
            7,
            11.5,
            6.5,
            12
          ],
          "texture": "#0"
        }
      }
    },
    {
      "from": [
        7.505,
        8.99099,
        4.23033
      ],
      "to": [
        8.495,
        11.99099,
        5.23033
      ],
      "rotation": {
        "angle": 0,
        "axis": "x",
        "origin": [
          8,
          9.56422,
          5.01066
        ]
      },
      "faces": {
        "north": {
          "uv": [
            7.5,
            10.5,
            7,
            9
          ],
          "rotation": 180,
          "texture": "#0"
        },
        "east": {
          "uv": [
            9.5,
            5,
            11,
            5.5
          ],
          "rotation": 90,
          "texture": "#0"
        },
        "south": {
          "uv": [
            6.5,
            9.5,
            6,
            11
          ],
          "texture": "#0"
        },
        "west": {
          "uv": [
            9.5,
            5.5,
            11,
            6
          ],
          "rotation": 270,
          "texture": "#0"
        },
        "up": {
          "uv": [
            12,
            5,
            12.5,
            5.5
          ],
          "texture": "#0"
        },
        "down": {
          "uv": [
            5,
            12,
            5.5,
            12.5
          ],
          "rotation": 180,
          "texture": "#0"
        }
      }
    },
    {
      "from": [
        7.5,
        8.60712,
        4.86421
      ],
      "to": [
        8.5,
        9.60712,
        6.86421
      ],
      "rotation": {
        "angle": 45,
        "axis": "x",
        "origin": [
          8,
          9.56422,
          5.01066
        ]
      },
      "faces": {
        "north": {
          "uv": [
            4.5,
            12,
            5,
            12.5
          ],
          "rotation": 180,
          "texture": "#0"
        },
        "east": {
          "uv": [
            11,
            10.5,
            12,
            11
          ],
          "rotation": 180,
          "texture": "#0"
        },
        "south": {
          "uv": [
            12,
            4,
            12.5,
            4.5
          ],
          "rotation": 180,
          "texture": "#0"
        },
        "west": {
          "uv": [
            11,
            11,
            12,
            11.5
          ],
          "rotation": 180,
          "texture": "#0"
        },
        "up": {
          "uv": [
            0.5,
            11.5,
            0,
            12.5
          ],
          "texture": "#0"
        },
        "down": {
          "uv": [
            10.5,
            12,
            10,
            11
          ],
          "texture": "#0"
        }
      }
    },
    {
      "from": [
        7.5,
        6.09099,
        5.2448
      ],
      "to": [
        8.5,
        7.59099,
        6.2448
      ],
      "rotation": {
        "angle": 0,
        "axis": "y",
        "origin": [
          8,
          6.59099,
          5.7448
        ]
      },
      "faces": {
        "north": {
          "uv": [
            11.5,
            1.5,
            12,
            2.25
          ],
          "texture": "#0"
        },
        "east": {
          "uv": [
            2,
            11.5,
            2.5,
            12.25
          ],
          "texture": "#0"
        },
        "south": {
          "uv": [
            2.5,
            11.5,
            3,
            12.25
          ],
          "texture": "#0"
        },
        "west": {
          "uv": [
            11.5,
            2.5,
            12,
            3.25
          ],
          "texture": "#0"
        },
        "up": {
          "uv": [
            12,
            9,
            11.5,
            8.5
          ],
          "texture": "#0"
        },
        "down": {
          "uv": [
            12,
            9,
            11.5,
            9.5
          ],
          "texture": "#0"
        }
      }
    },
    {
      "from": [
        7.505,
        5.65165,
        5.51256
      ],
      "to": [
        8.495,
        8.65165,
        6.51256
      ],
      "rotation": {
        "angle": 45,
        "axis": "x",
        "origin": [
          8.005,
          7.65165,
          6.01256
        ]
      },
      "faces": {
        "north": {
          "uv": [
            3,
            9,
            3.5,
            10.5
          ],
          "texture": "#0"
        },
        "east": {
          "uv": [
            3.5,
            9,
            4,
            10.5
          ],
          "texture": "#0"
        },
        "south": {
          "uv": [
            4,
            9,
            4.5,
            10.5
          ],
          "texture": "#0"
        },
        "west": {
          "uv": [
            4.5,
            9,
            5,
            10.5
          ],
          "texture": "#0"
        },
        "up": {
          "uv": [
            12,
            10,
            11.5,
            9.5
          ],
          "texture": "#0"
        },
        "down": {
          "uv": [
            12,
            10,
            11.5,
            10.5
          ],
          "texture": "#0"
        }
      }
    },
    {
      "from": [
        7.505,
        3.78033,
        8.48744
      ],
      "to": [
        8.495,
        7.03033,
        9.48744
      ],
      "rotation": {
        "angle": 45,
        "axis": "x",
        "origin": [
          8.005,
          5.03033,
          8.98744
        ]
      },
      "faces": {
        "north": {
          "uv": [
            0.5,
            9,
            0,
            10.5
          ],
          "texture": "#0"
        },
        "east": {
          "uv": [
            9,
            7.5,
            8.5,
            9
          ],
          "texture": "#0"
        },
        "south": {
          "uv": [
            9,
            6,
            8.5,
            7.5
          ],
          "texture": "#0"
        },
        "west": {
          "uv": [
            1,
            9,
            0.5,
            10.5
          ],
          "texture": "#0"
        },
        "up": {
          "uv": [
            6,
            11.5,
            5.5,
            12
          ],
          "texture": "#0"
        },
        "down": {
          "uv": [
            7,
            12,
            6.5,
            11.5
          ],
          "texture": "#0"
        }
      }
    },
    {
      "from": [
        7.5,
        6.09099,
        9.7552
      ],
      "to": [
        8.5,
        7.59099,
        10.7552
      ],
      "rotation": {
        "angle": 0,
        "axis": "y",
        "origin": [
          8,
          6.59099,
          10.2552
        ]
      },
      "faces": {
        "north": {
          "uv": [
            3,
            11.5,
            2.5,
            12.25
          ],
          "texture": "#0"
        },
        "east": {
          "uv": [
            2.5,
            11.5,
            2,
            12.25
          ],
          "texture": "#0"
        },
        "south": {
          "uv": [
            12,
            1.5,
            11.5,
            2.25
          ],
          "texture": "#0"
        },
        "west": {
          "uv": [
            12,
            2.5,
            11.5,
            3.25
          ],
          "texture": "#0"
        },
        "up": {
          "uv": [
            12,
            8.5,
            11.5,
            9
          ],
          "texture": "#0"
        },
        "down": {
          "uv": [
            12,
            9.5,
            11.5,
            9
          ],
          "texture": "#0"
        }
      }
    },
    {
      "from": [
        7.505,
        5.65165,
        9.48744
      ],
      "to": [
        8.495,
        8.65165,
        10.48744
      ],
      "rotation": {
        "angle": -45,
        "axis": "x",
        "origin": [
          8.005,
          7.65165,
          9.98744
        ]
      },
      "faces": {
        "north": {
          "uv": [
            4.5,
            9,
            4,
            10.5
          ],
          "texture": "#0"
        },
        "east": {
          "uv": [
            4,
            9,
            3.5,
            10.5
          ],
          "texture": "#0"
        },
        "south": {
          "uv": [
            3.5,
            9,
            3,
            10.5
          ],
          "texture": "#0"
        },
        "west": {
          "uv": [
            5,
            9,
            4.5,
            10.5
          ],
          "texture": "#0"
        },
        "up": {
          "uv": [
            12,
            9.5,
            11.5,
            10
          ],
          "texture": "#0"
        },
        "down": {
          "uv": [
            12,
            10.5,
            11.5,
            10
          ],
          "texture": "#0"
        }
      }
    },
    {
      "from": [
        8,
        3.5,
        3.5
      ],
      "to": [
        8,
        18.5,
        12.5
      ],
      "rotation": {
        "angle": 0,
        "axis": "x",
        "origin": [
          8,
          11,
          8
        ]
      },
      "faces": {
        "north": {
          "uv": [
            0,
            0,
            0,
            7.5
          ],
          "rotation": 180,
          "texture": "#0"
        },
        "east": {
          "uv": [
            7.5,
            0,
            0,
            4.5
          ],
          "rotation": 90,
          "texture": "#0"
        },
        "south": {
          "uv": [
            0,
            7.5,
            0,
            0
          ],
          "texture": "#0"
        },
        "west": {
          "uv": [
            7.5,
            4.5,
            0,
            9
          ],
          "rotation": 270,
          "texture": "#0"
        },
        "up": {
          "uv": [
            0,
            0,
            0,
            4.5
          ],
          "texture": "#0"
        },
        "down": {
          "uv": [
            0,
            0,
            0,
            4.5
          ],
          "rotation": 180,
          "texture": "#0"
        }
      }
    },
    {
      "from": [
        8,
        3.5,
        3.5
      ],
      "to": [
        8,
        18.5,
        12.5
      ],
      "rotation": {
        "angle": 0,
        "axis": "x",
        "origin": [
          8,
          11,
          8
        ]
      },
      "faces": {
        "north": {
          "uv": [
            0,
            7.5,
            0,
            0
          ],
          "texture": "#0"
        },
        "east": {
          "uv": [
            7.5,
            4.5,
            0,
            0
          ],
          "rotation": 90,
          "texture": "#0"
        },
        "south": {
          "uv": [
            0,
            0,
            0,
            7.5
          ],
          "rotation": 180,
          "texture": "#0"
        },
        "west": {
          "uv": [
            7.5,
            9,
            0,
            4.5
          ],
          "rotation": 270,
          "texture": "#0"
        },
        "up": {
          "uv": [
            0,
            4.5,
            0,
            0
          ],
          "texture": "#0"
        },
        "down": {
          "uv": [
            0,
            4.5,
            0,
            0
          ],
          "rotation": 180,
          "texture": "#0"
        }
      }
    },
    {
      "from": [
        7.505,
        8.99099,
        10.76967
      ],
      "to": [
        8.495,
        11.99099,
        11.76967
      ],
      "rotation": {
        "angle": 0,
        "axis": "x",
        "origin": [
          8,
          9.56422,
          10.98934
        ]
      },
      "faces": {
        "north": {
          "uv": [
            6.5,
            11,
            6,
            9.5
          ],
          "rotation": 180,
          "texture": "#0"
        },
        "east": {
          "uv": [
            11,
            5,
            9.5,
            5.5
          ],
          "rotation": 270,
          "texture": "#0"
        },
        "south": {
          "uv": [
            7.5,
            9,
            7,
            10.5
          ],
          "texture": "#0"
        },
        "west": {
          "uv": [
            11,
            5.5,
            9.5,
            6
          ],
          "rotation": 90,
          "texture": "#0"
        },
        "up": {
          "uv": [
            12.5,
            5,
            12,
            5.5
          ],
          "rotation": 180,
          "texture": "#0"
        },
        "down": {
          "uv": [
            5.5,
            12,
            5,
            12.5
          ],
          "texture": "#0"
        }
      }
    },
    {
      "from": [
        7.5,
        7.71067,
        10.94644
      ],
      "to": [
        8.5,
        9.71067,
        11.94644
      ],
      "rotation": {
        "angle": 45,
        "axis": "x",
        "origin": [
          8,
          9.56422,
          10.98934
        ]
      },
      "faces": {
        "north": {
          "uv": [
            0.5,
            12.5,
            0,
            11.5
          ],
          "rotation": 180,
          "texture": "#0"
        },
        "east": {
          "uv": [
            12,
            10.5,
            11,
            11
          ],
          "rotation": 270,
          "texture": "#0"
        },
        "south": {
          "uv": [
            10.5,
            11,
            10,
            12
          ],
          "texture": "#0"
        },
        "west": {
          "uv": [
            12,
            11,
            11,
            11.5
          ],
          "rotation": 90,
          "texture": "#0"
        },
        "up": {
          "uv": [
            5,
            12,
            4.5,
            12.5
          ],
          "rotation": 180,
          "texture": "#0"
        },
        "down": {
          "uv": [
            12.5,
            4,
            12,
            4.5
          ],
          "texture": "#0"
        }
      }
    },
    {
      "from": [
        7.55,
        -9.00876,
        9.01612
      ],
      "to": [
        8.45,
        -7.00876,
        9.91612
      ],
      "rotation": {
        "angle": 22.5,
        "axis": "x",
        "origin": [
          8,
          -8.00876,
          9.46612
        ]
      },
      "faces": {
        "north": {
          "uv": [
            6.5,
            11,
            6,
            12
          ],
          "rotation": 180,
          "texture": "#0"
        },
        "east": {
          "uv": [
            10.5,
            7,
            11.5,
            7.5
          ],
          "rotation": 270,
          "texture": "#0"
        },
        "south": {
          "uv": [
            11.5,
            6.5,
            11,
            5.5
          ],
          "texture": "#0"
        },
        "west": {
          "uv": [
            11,
            5,
            12,
            5.5
          ],
          "rotation": 90,
          "texture": "#0"
        },
        "up": {
          "uv": [
            11.5,
            11.5,
            12,
            12
          ],
          "rotation": 180,
          "texture": "#0"
        },
        "down": {
          "uv": [
            0.5,
            12,
            1,
            12.5
          ],
          "texture": "#0"
        }
      }
    },
    {
      "from": [
        7.605,
        -10.53302,
        9.22617
      ],
      "to": [
        8.395,
        -8.53302,
        10.02617
      ],
      "rotation": {
        "angle": -22.5,
        "axis": "x",
        "origin": [
          8,
          -9.53302,
          9.62617
        ]
      },
      "faces": {
        "north": {
          "uv": [
            11.5,
            8.5,
            11,
            7.5
          ],
          "rotation": 180,
          "texture": "#0"
        },
        "east": {
          "uv": [
            11,
            6.5,
            12,
            7
          ],
          "rotation": 90,
          "texture": "#0"
        },
        "south": {
          "uv": [
            9,
            11,
            8.5,
            12
          ],
          "texture": "#0"
        },
        "west": {
          "uv": [
            7.5,
            11,
            8.5,
            11.5
          ],
          "rotation": 270,
          "texture": "#0"
        },
        "up": {
          "uv": [
            1,
            12,
            1.5,
            12.5
          ],
          "texture": "#0"
        },
        "down": {
          "uv": [
            12,
            0.5,
            12.5,
            1
          ],
          "rotation": 180,
          "texture": "#0"
        }
      }
    },
    {
      "from": [
        7.45,
        -7.50165,
        7.46612
      ],
      "to": [
        8.55,
        -6.40165,
        10.46612
      ],
      "rotation": {
        "angle": 45,
        "axis": "x",
        "origin": [
          8.05,
          -7.00165,
          9.96612
        ]
      },
      "faces": {
        "north": {
          "uv": [
            12,
            2,
            12.5,
            2.5
          ],
          "texture": "#0"
        },
        "east": {
          "uv": [
            5,
            9,
            6.5,
            9.5
          ],
          "texture": "#0"
        },
        "south": {
          "uv": [
            12,
            2.5,
            12.5,
            3
          ],
          "texture": "#0"
        },
        "west": {
          "uv": [
            9,
            6,
            10.5,
            6.5
          ],
          "texture": "#0"
        },
        "up": {
          "uv": [
            7,
            10.5,
            6.5,
            9
          ],
          "texture": "#0"
        },
        "down": {
          "uv": [
            9.5,
            6.5,
            9,
            8
          ],
          "texture": "#0"
        }
      }
    },
    {
      "from": [
        7.625,
        -6.49101,
        7.9293
      ],
      "to": [
        8.375,
        -5.24101,
        10.0293
      ],
      "rotation": {
        "angle": -22.5,
        "axis": "x",
        "origin": [
          8,
          -5.86601,
          8.9793
        ]
      },
      "faces": {
        "north": {
          "uv": [
            9.25,
            10,
            8.5,
            10.75
          ],
          "rotation": 180,
          "texture": "#0"
        },
        "east": {
          "uv": [
            9.25,
            1.5,
            8.5,
            3
          ],
          "rotation": 90,
          "texture": "#0"
        },
        "south": {
          "uv": [
            10.25,
            10.75,
            9.5,
            10
          ],
          "texture": "#0"
        },
        "west": {
          "uv": [
            9.25,
            4.5,
            8.5,
            6
          ],
          "rotation": 270,
          "texture": "#0"
        },
        "up": {
          "uv": [
            9.25,
            0,
            8.5,
            1.5
          ],
          "texture": "#0"
        },
        "down": {
          "uv": [
            9.25,
            3,
            8.5,
            4.5
          ],
          "rotation": 180,
          "texture": "#0"
        }
      }
    },
    {
      "from": [
        7.45,
        -7.50165,
        5.53388
      ],
      "to": [
        8.55,
        -6.40165,
        8.53388
      ],
      "rotation": {
        "angle": -45,
        "axis": "x",
        "origin": [
          8.05,
          -7.00165,
          6.03388
        ]
      },
      "faces": {
        "north": {
          "uv": [
            12.5,
            2.5,
            12,
            3
          ],
          "texture": "#0"
        },
        "east": {
          "uv": [
            6.5,
            9,
            5,
            9.5
          ],
          "texture": "#0"
        },
        "south": {
          "uv": [
            12.5,
            2,
            12,
            2.5
          ],
          "texture": "#0"
        },
        "west": {
          "uv": [
            10.5,
            6,
            9,
            6.5
          ],
          "texture": "#0"
        },
        "up": {
          "uv": [
            7,
            9,
            6.5,
            10.5
          ],
          "texture": "#0"
        },
        "down": {
          "uv": [
            9.5,
            8,
            9,
            6.5
          ],
          "texture": "#0"
        }
      }
    },
    {
      "from": [
        7.625,
        -6.49101,
        5.9707
      ],
      "to": [
        8.375,
        -5.24101,
        8.0707
      ],
      "rotation": {
        "angle": 22.5,
        "axis": "x",
        "origin": [
          8,
          -5.86601,
          7.0207
        ]
      },
      "faces": {
        "north": {
          "uv": [
            9.5,
            10.75,
            10.25,
            10
          ],
          "texture": "#0"
        },
        "east": {
          "uv": [
            9.25,
            3,
            8.5,
            1.5
          ],
          "rotation": 90,
          "texture": "#0"
        },
        "south": {
          "uv": [
            8.5,
            10,
            9.25,
            10.75
          ],
          "rotation": 180,
          "texture": "#0"
        },
        "west": {
          "uv": [
            9.25,
            6,
            8.5,
            4.5
          ],
          "rotation": 270,
          "texture": "#0"
        },
        "up": {
          "uv": [
            9.25,
            1.5,
            8.5,
            0
          ],
          "texture": "#0"
        },
        "down": {
          "uv": [
            9.25,
            4.5,
            8.5,
            3
          ],
          "rotation": 180,
          "texture": "#0"
        }
      }
    },
    {
      "from": [
        7.55,
        -9.00876,
        6.08388
      ],
      "to": [
        8.45,
        -7.00876,
        6.98388
      ],
      "rotation": {
        "angle": -22.5,
        "axis": "x",
        "origin": [
          8,
          -8.00876,
          6.53388
        ]
      },
      "faces": {
        "north": {
          "uv": [
            11,
            6.5,
            11.5,
            5.5
          ],
          "texture": "#0"
        },
        "east": {
          "uv": [
            10.5,
            7.5,
            11.5,
            7
          ],
          "rotation": 270,
          "texture": "#0"
        },
        "south": {
          "uv": [
            6,
            11,
            6.5,
            12
          ],
          "rotation": 180,
          "texture": "#0"
        },
        "west": {
          "uv": [
            11,
            5.5,
            12,
            5
          ],
          "rotation": 90,
          "texture": "#0"
        },
        "up": {
          "uv": [
            11.5,
            12,
            12,
            11.5
          ],
          "rotation": 180,
          "texture": "#0"
        },
        "down": {
          "uv": [
            0.5,
            12.5,
            1,
            12
          ],
          "texture": "#0"
        }
      }
    },
    {
      "from": [
        7.605,
        -10.53302,
        5.97383
      ],
      "to": [
        8.395,
        -8.53302,
        6.77383
      ],
      "rotation": {
        "angle": 22.5,
        "axis": "x",
        "origin": [
          8,
          -9.53302,
          6.37383
        ]
      },
      "faces": {
        "north": {
          "uv": [
            8.5,
            11,
            9,
            12
          ],
          "texture": "#0"
        },
        "east": {
          "uv": [
            11,
            7,
            12,
            6.5
          ],
          "rotation": 90,
          "texture": "#0"
        },
        "south": {
          "uv": [
            11,
            8.5,
            11.5,
            7.5
          ],
          "rotation": 180,
          "texture": "#0"
        },
        "west": {
          "uv": [
            7.5,
            11.5,
            8.5,
            11
          ],
          "rotation": 270,
          "texture": "#0"
        },
        "up": {
          "uv": [
            1,
            12.5,
            1.5,
            12
          ],
          "texture": "#0"
        },
        "down": {
          "uv": [
            12,
            1,
            12.5,
            0.5
          ],
          "rotation": 180,
          "texture": "#0"
        }
      }
    },
    {
      "from": [
        7.375,
        -7.66421,
        7.29038
      ],
      "to": [
        8.625,
        -6.16421,
        8.79038
      ],
      "rotation": {
        "angle": 45,
        "axis": "x",
        "origin": [
          8.125,
          -7.06421,
          7.54038
        ]
      },
      "faces": {
        "north": {
          "uv": [
            9,
            8,
            9.75,
            8.75
          ],
          "texture": "#0"
        },
        "east": {
          "uv": [
            8.5,
            9,
            9.25,
            9.75
          ],
          "texture": "#0"
        },
        "south": {
          "uv": [
            9.5,
            0,
            10.25,
            0.75
          ],
          "texture": "#0"
        },
        "west": {
          "uv": [
            9.5,
            1,
            10.25,
            1.75
          ],
          "texture": "#0"
        },
        "up": {
          "uv": [
            0.75,
            11.25,
            0,
            10.5
          ],
          "texture": "#0"
        },
        "down": {
          "uv": [
            11.25,
            0,
            10.5,
            0.75
          ],
          "texture": "#0"
        }
      }
    },
    {
      "from": [
        7.375,
        5.98579,
        7.74749
      ],
      "to": [
        8.625,
        7.73579,
        9.49749
      ],
      "rotation": {
        "angle": 45,
        "axis": "x",
        "origin": [
          8.125,
          7.58579,
          8.24749
        ]
      },
      "faces": {
        "north": {
          "uv": [
            9.5,
            2,
            10.25,
            2.75
          ],
          "texture": "#0"
        },
        "east": {
          "uv": [
            9.5,
            3,
            10.25,
            3.75
          ],
          "texture": "#0"
        },
        "south": {
          "uv": [
            9.5,
            4,
            10.25,
            4.75
          ],
          "texture": "#0"
        },
        "west": {
          "uv": [
            5,
            9.5,
            5.75,
            10.25
          ],
          "texture": "#0"
        },
        "up": {
          "uv": [
            1.75,
            11.25,
            1,
            10.5
          ],
          "texture": "#0"
        },
        "down": {
          "uv": [
            11.25,
            1,
            10.5,
            1.75
          ],
          "texture": "#0"
        }
      }
    },
    {
      "from": [
        7.375,
        8.98579,
        7.99749
      ],
      "to": [
        8.625,
        10.23579,
        9.24749
      ],
      "rotation": {
        "angle": 45,
        "axis": "x",
        "origin": [
          8.125,
          10.33579,
          8.24749
        ]
      },
      "faces": {
        "north": {
          "uv": [
            3,
            11.5,
            3.5,
            12.25
          ],
          "texture": "#0"
        },
        "east": {
          "uv": [
            2,
            10.5,
            2.75,
            11.25
          ],
          "texture": "#0"
        },
        "south": {
          "uv": [
            3.5,
            11.5,
            4,
            12.25
          ],
          "texture": "#0"
        },
        "west": {
          "uv": [
            10.5,
            2,
            11.25,
            2.75
          ],
          "texture": "#0"
        },
        "up": {
          "uv": [
            12,
            4.25,
            11.5,
            3.5
          ],
          "texture": "#0"
        },
        "down": {
          "uv": [
            4.5,
            11.5,
            4,
            12.25
          ],
          "texture": "#0"
        }
      }
    },
    {
      "from": [
        7.375,
        3.98579,
        8.67426
      ],
      "to": [
        8.625,
        4.98579,
        9.67426
      ],
      "rotation": {
        "angle": 45,
        "axis": "x",
        "origin": [
          8.125,
          5.83579,
          8.42426
        ]
      },
      "faces": {
        "north": {
          "uv": [
            4.5,
            11.5,
            5.25,
            12
          ],
          "texture": "#0"
        },
        "east": {
          "uv": [
            12,
            3,
            12.5,
            3.5
          ],
          "texture": "#0"
        },
        "south": {
          "uv": [
            11.5,
            4.5,
            12.25,
            5
          ],
          "texture": "#0"
        },
        "west": {
          "uv": [
            12,
            3.5,
            12.5,
            4
          ],
          "texture": "#0"
        },
        "up": {
          "uv": [
            12.25,
            6,
            11.5,
            5.5
          ],
          "texture": "#0"
        },
        "down": {
          "uv": [
            12.25,
            6,
            11.5,
            6.5
          ],
          "texture": "#0"
        }
      }
    },
    {
      "from": [
        7.9,
        6.75,
        4.5
      ],
      "to": [
        7.9,
        13.75,
        11.5
      ],
      "rotation": {
        "angle": 0,
        "axis": "y",
        "origin": [
          7.9,
          10.25,
          8
        ]
      },
      "faces": {
        "north": {
          "uv": [
            0,
            0,
            0,
            9
          ],
          "texture": "#1"
        },
        "east": {
          "uv": [
            0,
            0,
            16,
            16
          ],
          "texture": "#1"
        },
        "south": {
          "uv": [
            0,
            0,
            0,
            9
          ],
          "texture": "#1"
        },
        "west": {
          "uv": [
            0,
            0,
            16,
            16
          ],
          "texture": "#1"
        },
        "up": {
          "uv": [
            0,
            15,
            0,
            0
          ],
          "texture": "#1"
        },
        "down": {
          "uv": [
            0,
            0,
            0,
            15
          ],
          "texture": "#1"
        }
      }
    },
    {
      "from": [
        8,
        3.75,
        4.5
      ],
      "to": [
        8,
        10.75,
        11.5
      ],
      "rotation": {
        "angle": 0,
        "axis": "x",
        "origin": [
          8,
          7.25,
          8
        ]
      },
      "faces": {
        "north": {
          "uv": [
            0,
            15,
            0,
            0
          ],
          "rotation": 180,
          "texture": "#1"
        },
        "east": {
          "uv": [
            0,
            0,
            16,
            16
          ],
          "rotation": 90,
          "texture": "#1"
        },
        "south": {
          "uv": [
            0,
            0,
            0,
            15
          ],
          "texture": "#1"
        },
        "west": {
          "uv": [
            0,
            0,
            16,
            16
          ],
          "rotation": 270,
          "texture": "#1"
        },
        "up": {
          "uv": [
            0,
            0,
            0,
            9
          ],
          "texture": "#1"
        },
        "down": {
          "uv": [
            0,
            0,
            0,
            9
          ],
          "rotation": 180,
          "texture": "#1"
        }
      }
    },
    {
      "from": [
        8.1,
        6.75,
        4.5
      ],
      "to": [
        8.1,
        13.75,
        11.5
      ],
      "rotation": {
        "angle": 0,
        "axis": "y",
        "origin": [
          8.1,
          10.25,
          8
        ]
      },
      "faces": {
        "north": {
          "uv": [
            0,
            0,
            0,
            9
          ],
          "texture": "#1"
        },
        "east": {
          "uv": [
            0,
            0,
            16,
            16
          ],
          "texture": "#1"
        },
        "south": {
          "uv": [
            0,
            0,
            0,
            9
          ],
          "texture": "#1"
        },
        "west": {
          "uv": [
            0,
            0,
            16,
            16
          ],
          "texture": "#1"
        },
        "up": {
          "uv": [
            0,
            15,
            0,
            0
          ],
          "texture": "#1"
        },
        "down": {
          "uv": [
            0,
            0,
            0,
            15
          ],
          "texture": "#1"
        }
      }
    }
  ],
  "gui_light": "front",
  "display": {
    "thirdperson_righthand": {
      "translation": [
        0,
        5.5,
        1.75
      ],
      "scale": [
        0.8,
        0.8,
        0.8
      ]
    },
    "thirdperson_lefthand": {
      "translation": [
        0,
        5.5,
        1.75
      ],
      "scale": [
        0.8,
        0.8,
        0.8
      ]
    },
    "firstperson_righthand": {
      "rotation": [
        -12.75,
        0,
        0
      ],
      "translation": [
        3.5,
        6.25,
        -3.75
      ],
      "scale": [
        0.8,
        0.8,
        0.8
      ]
    },
    "firstperson_lefthand": {
      "rotation": [
        -12.75,
        0,
        0
      ],
      "translation": [
        3.5,
        6.25,
        -3.75
      ],
      "scale": [
        0.8,
        0.8,
        0.8
      ]
    },
    "ground": {
      "rotation": [
        0,
        0,
        -77
      ],
      "translation": [
        6.5,
        3.25,
        0
      ],
      "scale": [
        1.07813,
        1.07813,
        1.07813
      ]
    },
    "gui": {
      "rotation": [
        -90,
        -52.75,
        -90
      ],
      "translation": [
        1.75,
        2,
        0
      ],
      "scale": [
        0.6418,
        0.6418,
        0.6418
      ]
    },
    "head": {
      "scale": [
        0,
        0,
        0
      ]
    },
    "fixed": {
      "rotation": [
        -90,
        90,
        90
      ],
      "translation": [
        0,
        8.75,
        -2.25
      ],
      "scale": [
        1.875,
        1.875,
        1.875
      ]
    }
  },
  "groups": [
    {
      "name": "shovel",
      "origin": [
        8.1,
        10.25,
        8
      ],
      "color": 0,
      "nbt": "{}",
      "armAnimationEnabled": false,
      "children": [
        0,
        1,
        2,
        3,
        4,
        5,
        6,
        7,
        8,
        9,
        10,
        11,
        12,
        13,
        14,
        15,
        16,
        17,
        18,
        19,
        20,
        21,
        22,
        23,
        24,
        25,
        26,
        27
      ]
    }
  ]
}