{
  "credit": "Made with Blockbench",
  "texture_size": [
    32,
    32
  ],
  "textures": {
    "0": "empowered_glorious_set:empowered_glorious_set/sword",
    "1": "empowered_glorious_set:empowered_glorious_set/eff_01",
    "particle": "empowered_glorious_set:empowered_glorious_set/sword"
  },
  "elements": [
    {
      "from": [
        7.5,
        -5.5,
        7.5
      ],
      "to": [
        8.5,
        -0.5,
        8.5
      ],
      "rotation": {
        "angle": 0,
        "axis": "y",
        "origin": [
          8,
          -1,
          8
        ]
      },
      "faces": {
        "north": {
          "uv": [
            6,
            8,
            6.5,
            10.5
          ],
          "texture": "#0"
        },
        "east": {
          "uv": [
            6.5,
            8,
            7,
            10.5
          ],
          "texture": "#0"
        },
        "south": {
          "uv": [
            7,
            8,
            7.5,
            10.5
          ],
          "texture": "#0"
        },
        "west": {
          "uv": [
            7.5,
            8,
            8,
            10.5
          ],
          "texture": "#0"
        },
        "up": {
          "uv": [
            11.5,
            11,
            11,
            10.5
          ],
          "texture": "#0"
        },
        "down": {
          "uv": [
            12,
            2.5,
            11.5,
            3
          ],
          "texture": "#0"
        }
      }
    },
    {
      "from": [
        8,
        4.5,
        5.5
      ],
      "to": [
        8,
        28.5,
        11.5
      ],
      "rotation": {
        "angle": 0,
        "axis": "y",
        "origin": [
          8.5,
          6,
          8
        ]
      },
      "faces": {
        "north": {
          "uv": [
            0,
            0,
            0,
            12
          ],
          "texture": "#0"
        },
        "east": {
          "uv": [
            0,
            0,
            3,
            12
          ],
          "texture": "#0"
        },
        "south": {
          "uv": [
            0,
            0,
            0,
            12
          ],
          "texture": "#0"
        },
        "west": {
          "uv": [
            3,
            0,
            6,
            12
          ],
          "texture": "#0"
        },
        "up": {
          "uv": [
            0,
            3,
            0,
            0
          ],
          "texture": "#0"
        },
        "down": {
          "uv": [
            0,
            0,
            0,
            3
          ],
          "texture": "#0"
        }
      }
    },
    {
      "from": [
        8,
        -3.5,
        3.5
      ],
      "to": [
        8,
        4.5,
        12.5
      ],
      "rotation": {
        "angle": 0,
        "axis": "y",
        "origin": [
          8.5,
          2,
          8
        ]
      },
      "faces": {
        "north": {
          "uv": [
            0,
            0,
            0,
            4
          ],
          "texture": "#0"
        },
        "east": {
          "uv": [
            6,
            0,
            10.5,
            4
          ],
          "texture": "#0"
        },
        "south": {
          "uv": [
            0,
            0,
            0,
            4
          ],
          "texture": "#0"
        },
        "west": {
          "uv": [
            6,
            4,
            10.5,
            8
          ],
          "texture": "#0"
        },
        "up": {
          "uv": [
            0,
            4.5,
            0,
            0
          ],
          "texture": "#0"
        },
        "down": {
          "uv": [
            0,
            0,
            0,
            4.5
          ],
          "texture": "#0"
        }
      }
    },
    {
      "from": [
        7.505,
        -1.21967,
        6.76256
      ],
      "to": [
        8.495,
        2.03033,
        7.76256
      ],
      "rotation": {
        "angle": -45,
        "axis": "x",
        "origin": [
          8.005,
          0.03033,
          7.26256
        ]
      },
      "faces": {
        "north": {
          "uv": [
            10.5,
            3,
            11,
            4.75
          ],
          "texture": "#0"
        },
        "east": {
          "uv": [
            10.5,
            5,
            11,
            6.75
          ],
          "texture": "#0"
        },
        "south": {
          "uv": [
            6,
            10.5,
            6.5,
            12.25
          ],
          "texture": "#0"
        },
        "west": {
          "uv": [
            6.5,
            10.5,
            7,
            12.25
          ],
          "texture": "#0"
        },
        "up": {
          "uv": [
            11,
            13.5,
            10.5,
            13
          ],
          "texture": "#0"
        },
        "down": {
          "uv": [
            13.5,
            10.5,
            13,
            11
          ],
          "texture": "#0"
        }
      }
    },
    {
      "from": [
        7.5,
        -1.5,
        8.7
      ],
      "to": [
        8.5,
        0.5,
        9.7
      ],
      "rotation": {
        "angle": 0,
        "axis": "y",
        "origin": [
          8,
          0,
          9.2
        ]
      },
      "faces": {
        "north": {
          "uv": [
            12.5,
            0,
            13,
            1
          ],
          "texture": "#0"
        },
        "east": {
          "uv": [
            6,
            12.5,
            6.5,
            13.5
          ],
          "texture": "#0"
        },
        "south": {
          "uv": [
            6.5,
            12.5,
            7,
            13.5
          ],
          "texture": "#0"
        },
        "west": {
          "uv": [
            8,
            12.5,
            8.5,
            13.5
          ],
          "texture": "#0"
        },
        "up": {
          "uv": [
            13.5,
            6,
            13,
            5.5
          ],
          "texture": "#0"
        },
        "down": {
          "uv": [
            13.5,
            6,
            13,
            6.5
          ],
          "texture": "#0"
        }
      }
    },
    {
      "from": [
        7.5,
        1.91421,
        10.52843
      ],
      "to": [
        8.5,
        3.91421,
        11.52843
      ],
      "rotation": {
        "angle": 0,
        "axis": "y",
        "origin": [
          8,
          3.41421,
          11.02843
        ]
      },
      "faces": {
        "north": {
          "uv": [
            12.5,
            8,
            13,
            9
          ],
          "texture": "#0"
        },
        "east": {
          "uv": [
            8.5,
            12.5,
            9,
            13.5
          ],
          "texture": "#0"
        },
        "south": {
          "uv": [
            9,
            12.5,
            9.5,
            13.5
          ],
          "texture": "#0"
        },
        "west": {
          "uv": [
            9.5,
            12.5,
            10,
            13.5
          ],
          "texture": "#0"
        },
        "up": {
          "uv": [
            13.5,
            7.5,
            13,
            7
          ],
          "texture": "#0"
        },
        "down": {
          "uv": [
            8,
            13,
            7.5,
            13.5
          ],
          "texture": "#0"
        }
      }
    },
    {
      "from": [
        7.505,
        -0.14645,
        9.26066
      ],
      "to": [
        8.495,
        2.85355,
        10.26066
      ],
      "rotation": {
        "angle": 45,
        "axis": "x",
        "origin": [
          8.005,
          0.85355,
          9.76066
        ]
      },
      "faces": {
        "north": {
          "uv": [
            8,
            11,
            8.5,
            12.5
          ],
          "texture": "#0"
        },
        "east": {
          "uv": [
            11,
            8,
            11.5,
            9.5
          ],
          "texture": "#0"
        },
        "south": {
          "uv": [
            8.5,
            11,
            9,
            12.5
          ],
          "texture": "#0"
        },
        "west": {
          "uv": [
            9,
            11,
            9.5,
            12.5
          ],
          "texture": "#0"
        },
        "up": {
          "uv": [
            13.5,
            7,
            13,
            6.5
          ],
          "texture": "#0"
        },
        "down": {
          "uv": [
            7.5,
            13,
            7,
            13.5
          ],
          "texture": "#0"
        }
      }
    },
    {
      "from": [
        7.5,
        1.09099,
        5.4948
      ],
      "to": [
        8.5,
        2.34099,
        6.4948
      ],
      "rotation": {
        "angle": 0,
        "axis": "y",
        "origin": [
          8,
          1.59099,
          5.9948
        ]
      },
      "faces": {
        "north": {
          "uv": [
            12,
            12.5,
            12.5,
            13.25
          ],
          "texture": "#0"
        },
        "east": {
          "uv": [
            12.5,
            12.5,
            13,
            13.25
          ],
          "texture": "#0"
        },
        "south": {
          "uv": [
            13,
            0,
            13.5,
            0.75
          ],
          "texture": "#0"
        },
        "west": {
          "uv": [
            0.5,
            13,
            1,
            13.75
          ],
          "texture": "#0"
        },
        "up": {
          "uv": [
            13.5,
            10,
            13,
            9.5
          ],
          "texture": "#0"
        },
        "down": {
          "uv": [
            13.5,
            10,
            13,
            10.5
          ],
          "texture": "#0"
        }
      }
    },
    {
      "from": [
        7.505,
        1.40165,
        6.76256
      ],
      "to": [
        8.495,
        4.40165,
        7.76256
      ],
      "rotation": {
        "angle": 45,
        "axis": "x",
        "origin": [
          8.005,
          3.40165,
          7.26256
        ]
      },
      "faces": {
        "north": {
          "uv": [
            11.5,
            1,
            12,
            2.5
          ],
          "texture": "#0"
        },
        "east": {
          "uv": [
            11.5,
            8,
            12,
            9.5
          ],
          "texture": "#0"
        },
        "south": {
          "uv": [
            11.5,
            10.5,
            12,
            12
          ],
          "texture": "#0"
        },
        "west": {
          "uv": [
            0,
            12,
            0.5,
            13.5
          ],
          "texture": "#0"
        },
        "up": {
          "uv": [
            13.5,
            9,
            13,
            8.5
          ],
          "texture": "#0"
        },
        "down": {
          "uv": [
            13.5,
            9,
            13,
            9.5
          ],
          "texture": "#0"
        }
      }
    },
    {
      "from": [
        7.5,
        3.7552,
        7.32322
      ],
      "to": [
        8.5,
        5.7552,
        8.32322
      ],
      "rotation": {
        "angle": 0,
        "axis": "y",
        "origin": [
          8,
          4.2552,
          7.82322
        ]
      },
      "faces": {
        "north": {
          "uv": [
            12.5,
            9.5,
            13,
            10.5
          ],
          "texture": "#0"
        },
        "east": {
          "uv": [
            10,
            12.5,
            10.5,
            13.5
          ],
          "texture": "#0"
        },
        "south": {
          "uv": [
            12.5,
            10.5,
            13,
            11.5
          ],
          "texture": "#0"
        },
        "west": {
          "uv": [
            12.5,
            11.5,
            13,
            12.5
          ],
          "texture": "#0"
        },
        "up": {
          "uv": [
            13.5,
            8,
            13,
            7.5
          ],
          "texture": "#0"
        },
        "down": {
          "uv": [
            13.5,
            8,
            13,
            8.5
          ],
          "texture": "#0"
        }
      }
    },
    {
      "from": [
        7.55,
        -8.95876,
        7.71612
      ],
      "to": [
        8.45,
        -8.05876,
        9.71612
      ],
      "rotation": {
        "angle": 0,
        "axis": "x",
        "origin": [
          8.05,
          -7.45876,
          7.21612
        ]
      },
      "faces": {
        "north": {
          "uv": [
            13,
            3.5,
            13.5,
            4
          ],
          "texture": "#0"
        },
        "east": {
          "uv": [
            12,
            7,
            13,
            7.5
          ],
          "texture": "#0"
        },
        "south": {
          "uv": [
            4,
            13,
            4.5,
            13.5
          ],
          "texture": "#0"
        },
        "west": {
          "uv": [
            12,
            7.5,
            13,
            8
          ],
          "texture": "#0"
        },
        "up": {
          "uv": [
            6,
            13,
            5.5,
            12
          ],
          "texture": "#0"
        },
        "down": {
          "uv": [
            12.5,
            8,
            12,
            9
          ],
          "texture": "#0"
        }
      }
    },
    {
      "from": [
        7.605,
        -9.78302,
        7.72617
      ],
      "to": [
        8.395,
        -8.98302,
        9.72617
      ],
      "rotation": {
        "angle": -45,
        "axis": "x",
        "origin": [
          8.005,
          -9.38302,
          8.72617
        ]
      },
      "faces": {
        "north": {
          "uv": [
            13,
            4.5,
            13.5,
            5
          ],
          "texture": "#0"
        },
        "east": {
          "uv": [
            12,
            9,
            13,
            9.5
          ],
          "texture": "#0"
        },
        "south": {
          "uv": [
            5,
            13,
            5.5,
            13.5
          ],
          "texture": "#0"
        },
        "west": {
          "uv": [
            9.5,
            12,
            10.5,
            12.5
          ],
          "texture": "#0"
        },
        "up": {
          "uv": [
            12.5,
            10.5,
            12,
            9.5
          ],
          "texture": "#0"
        },
        "down": {
          "uv": [
            11,
            12,
            10.5,
            13
          ],
          "texture": "#0"
        }
      }
    },
    {
      "from": [
        7.6,
        -11.57809,
        8.08845
      ],
      "to": [
        8.4,
        -9.57809,
        8.88845
      ],
      "rotation": {
        "angle": -22.5,
        "axis": "x",
        "origin": [
          8,
          -10.57809,
          8.48845
        ]
      },
      "faces": {
        "north": {
          "uv": [
            12,
            10.5,
            12.5,
            11.5
          ],
          "texture": "#0"
        },
        "east": {
          "uv": [
            11,
            12,
            11.5,
            13
          ],
          "texture": "#0"
        },
        "south": {
          "uv": [
            11.5,
            12,
            12,
            13
          ],
          "texture": "#0"
        },
        "west": {
          "uv": [
            12,
            11.5,
            12.5,
            12.5
          ],
          "texture": "#0"
        },
        "up": {
          "uv": [
            13.5,
            5.5,
            13,
            5
          ],
          "texture": "#0"
        },
        "down": {
          "uv": [
            6,
            13,
            5.5,
            13.5
          ],
          "texture": "#0"
        }
      }
    },
    {
      "from": [
        7.45,
        -8.75165,
        5.21612
      ],
      "to": [
        8.55,
        -7.65165,
        8.21612
      ],
      "rotation": {
        "angle": 45,
        "axis": "x",
        "origin": [
          8.05,
          -8.25165,
          7.71612
        ]
      },
      "faces": {
        "north": {
          "uv": [
            13,
            4,
            13.5,
            4.5
          ],
          "texture": "#0"
        },
        "east": {
          "uv": [
            10.5,
            7,
            12,
            7.5
          ],
          "texture": "#0"
        },
        "south": {
          "uv": [
            4.5,
            13,
            5,
            13.5
          ],
          "texture": "#0"
        },
        "west": {
          "uv": [
            10.5,
            7.5,
            12,
            8
          ],
          "texture": "#0"
        },
        "up": {
          "uv": [
            7.5,
            12,
            7,
            10.5
          ],
          "texture": "#0"
        },
        "down": {
          "uv": [
            8,
            10.5,
            7.5,
            12
          ],
          "texture": "#0"
        }
      }
    },
    {
      "from": [
        7.375,
        -7.51421,
        5.62868
      ],
      "to": [
        8.625,
        -4.41421,
        6.87868
      ],
      "rotation": {
        "angle": 45,
        "axis": "x",
        "origin": [
          8.125,
          -6.91421,
          6.37868
        ]
      },
      "faces": {
        "north": {
          "uv": [
            8,
            8,
            8.75,
            9.5
          ],
          "texture": "#0"
        },
        "east": {
          "uv": [
            9,
            8,
            9.75,
            9.5
          ],
          "texture": "#0"
        },
        "south": {
          "uv": [
            8,
            9.5,
            8.75,
            11
          ],
          "texture": "#0"
        },
        "west": {
          "uv": [
            9,
            9.5,
            9.75,
            11
          ],
          "texture": "#0"
        },
        "up": {
          "uv": [
            3.25,
            12.75,
            2.5,
            12
          ],
          "texture": "#0"
        },
        "down": {
          "uv": [
            12.75,
            3,
            12,
            3.75
          ],
          "texture": "#0"
        }
      }
    },
    {
      "from": [
        7.375,
        -7.41421,
        7.87868
      ],
      "to": [
        8.625,
        -5.66421,
        9.62868
      ],
      "rotation": {
        "angle": 45,
        "axis": "x",
        "origin": [
          8.125,
          -6.81421,
          8.37868
        ]
      },
      "faces": {
        "north": {
          "uv": [
            11,
            3,
            11.75,
            4
          ],
          "texture": "#0"
        },
        "east": {
          "uv": [
            10,
            8,
            11,
            9
          ],
          "texture": "#0"
        },
        "south": {
          "uv": [
            11,
            4,
            11.75,
            5
          ],
          "texture": "#0"
        },
        "west": {
          "uv": [
            10,
            9,
            11,
            10
          ],
          "texture": "#0"
        },
        "up": {
          "uv": [
            11.75,
            6,
            11,
            5
          ],
          "texture": "#0"
        },
        "down": {
          "uv": [
            11.75,
            6,
            11,
            7
          ],
          "texture": "#0"
        }
      }
    },
    {
      "from": [
        7.375,
        0.98579,
        7.87868
      ],
      "to": [
        8.625,
        2.73579,
        9.62868
      ],
      "rotation": {
        "angle": 45,
        "axis": "x",
        "origin": [
          8.125,
          2.58579,
          8.37868
        ]
      },
      "faces": {
        "north": {
          "uv": [
            9.5,
            11,
            10.25,
            12
          ],
          "texture": "#0"
        },
        "east": {
          "uv": [
            10,
            10,
            11,
            11
          ],
          "texture": "#0"
        },
        "south": {
          "uv": [
            11,
            9.5,
            11.75,
            10.5
          ],
          "texture": "#0"
        },
        "west": {
          "uv": [
            10.5,
            0,
            11.5,
            1
          ],
          "texture": "#0"
        },
        "up": {
          "uv": [
            11.25,
            12,
            10.5,
            11
          ],
          "texture": "#0"
        },
        "down": {
          "uv": [
            12.25,
            0,
            11.5,
            1
          ],
          "texture": "#0"
        }
      }
    },
    {
      "from": [
        7.625,
        6.98579,
        8.87868
      ],
      "to": [
        8.375,
        8.73579,
        10.62868
      ],
      "rotation": {
        "angle": 45,
        "axis": "x",
        "origin": [
          8.125,
          8.58579,
          9.37868
        ]
      },
      "faces": {
        "north": {
          "uv": [
            0.5,
            12,
            1.25,
            13
          ],
          "texture": "#0"
        },
        "east": {
          "uv": [
            10.5,
            1,
            11.5,
            2
          ],
          "texture": "#0"
        },
        "south": {
          "uv": [
            12,
            1,
            12.75,
            2
          ],
          "texture": "#0"
        },
        "west": {
          "uv": [
            10.5,
            2,
            11.5,
            3
          ],
          "texture": "#0"
        },
        "up": {
          "uv": [
            2.25,
            13,
            1.5,
            12
          ],
          "texture": "#0"
        },
        "down": {
          "uv": [
            12.75,
            2,
            12,
            3
          ],
          "texture": "#0"
        }
      }
    },
    {
      "from": [
        7.625,
        16.48579,
        9.12868
      ],
      "to": [
        8.375,
        17.73579,
        10.37868
      ],
      "rotation": {
        "angle": 45,
        "axis": "x",
        "origin": [
          8.125,
          17.83579,
          9.37868
        ]
      },
      "faces": {
        "north": {
          "uv": [
            3.5,
            12,
            4.25,
            12.75
          ],
          "texture": "#0"
        },
        "east": {
          "uv": [
            12,
            4,
            12.75,
            4.75
          ],
          "texture": "#0"
        },
        "south": {
          "uv": [
            4.5,
            12,
            5.25,
            12.75
          ],
          "texture": "#0"
        },
        "west": {
          "uv": [
            12,
            5,
            12.75,
            5.75
          ],
          "texture": "#0"
        },
        "up": {
          "uv": [
            12.75,
            6.75,
            12,
            6
          ],
          "texture": "#0"
        },
        "down": {
          "uv": [
            7.75,
            12,
            7,
            12.75
          ],
          "texture": "#0"
        }
      }
    },
    {
      "from": [
        7.625,
        12.08579,
        9.77868
      ],
      "to": [
        8.375,
        12.83579,
        10.52868
      ],
      "rotation": {
        "angle": 45,
        "axis": "x",
        "origin": [
          8.125,
          13.68579,
          9.27868
        ]
      },
      "faces": {
        "north": {
          "uv": [
            13,
            2,
            13.75,
            2.5
          ],
          "texture": "#0"
        },
        "east": {
          "uv": [
            11.5,
            13,
            12,
            13.5
          ],
          "texture": "#0"
        },
        "south": {
          "uv": [
            13,
            2.5,
            13.75,
            3
          ],
          "texture": "#0"
        },
        "west": {
          "uv": [
            13,
            11.5,
            13.5,
            12
          ],
          "texture": "#0"
        },
        "up": {
          "uv": [
            3.75,
            13.5,
            3,
            13
          ],
          "texture": "#0"
        },
        "down": {
          "uv": [
            13.75,
            3,
            13,
            3.5
          ],
          "texture": "#0"
        }
      }
    },
    {
      "from": [
        7.375,
        2.98579,
        10.12868
      ],
      "to": [
        8.625,
        3.73579,
        10.87868
      ],
      "rotation": {
        "angle": 45,
        "axis": "x",
        "origin": [
          8.125,
          4.58579,
          9.62868
        ]
      },
      "faces": {
        "north": {
          "uv": [
            1,
            13,
            1.75,
            13.5
          ],
          "texture": "#0"
        },
        "east": {
          "uv": [
            11,
            13,
            11.5,
            13.5
          ],
          "texture": "#0"
        },
        "south": {
          "uv": [
            13,
            1,
            13.75,
            1.5
          ],
          "texture": "#0"
        },
        "west": {
          "uv": [
            13,
            11,
            13.5,
            11.5
          ],
          "texture": "#0"
        },
        "up": {
          "uv": [
            13.75,
            2,
            13,
            1.5
          ],
          "texture": "#0"
        },
        "down": {
          "uv": [
            2.75,
            13,
            2,
            13.5
          ],
          "texture": "#0"
        }
      }
    },
    {
      "from": [
        7.9,
        2.6,
        6.7
      ],
      "to": [
        7.9,
        7.6,
        11.7
      ],
      "rotation": {
        "angle": 0,
        "axis": "x",
        "origin": [
          8,
          5.1,
          9.2
        ]
      },
      "faces": {
        "north": {
          "uv": [
            0,
            0,
            0,
            4.5
          ],
          "texture": "#1"
        },
        "east": {
          "uv": [
            0,
            0,
            16,
            16
          ],
          "texture": "#1"
        },
        "south": {
          "uv": [
            0,
            0,
            0,
            4.5
          ],
          "texture": "#1"
        },
        "west": {
          "uv": [
            0,
            0,
            16,
            16
          ],
          "texture": "#1"
        },
        "up": {
          "uv": [
            0,
            7.5,
            0,
            0
          ],
          "texture": "#1"
        },
        "down": {
          "uv": [
            0,
            0,
            0,
            7.5
          ],
          "texture": "#1"
        }
      }
    },
    {
      "from": [
        8,
        -1.25,
        5.25
      ],
      "to": [
        8,
        5.75,
        12.25
      ],
      "rotation": {
        "angle": -45,
        "axis": "x",
        "origin": [
          8,
          2.25,
          8.75
        ]
      },
      "faces": {
        "north": {
          "uv": [
            0,
            0,
            0,
            4.5
          ],
          "texture": "#1"
        },
        "east": {
          "uv": [
            0,
            0,
            16,
            16
          ],
          "texture": "#1"
        },
        "south": {
          "uv": [
            0,
            0,
            0,
            4.5
          ],
          "texture": "#1"
        },
        "west": {
          "uv": [
            0,
            0,
            16,
            16
          ],
          "texture": "#1"
        },
        "up": {
          "uv": [
            0,
            7.5,
            0,
            0
          ],
          "texture": "#1"
        },
        "down": {
          "uv": [
            0,
            0,
            0,
            7.5
          ],
          "texture": "#1"
        }
      }
    },
    {
      "from": [
        8.1,
        2.6,
        6.7
      ],
      "to": [
        8.1,
        7.6,
        11.7
      ],
      "rotation": {
        "angle": 0,
        "axis": "x",
        "origin": [
          8,
          5.1,
          9.2
        ]
      },
      "faces": {
        "north": {
          "uv": [
            0,
            0,
            0,
            4.5
          ],
          "texture": "#1"
        },
        "east": {
          "uv": [
            0,
            0,
            16,
            16
          ],
          "texture": "#1"
        },
        "south": {
          "uv": [
            0,
            0,
            0,
            4.5
          ],
          "texture": "#1"
        },
        "west": {
          "uv": [
            0,
            0,
            16,
            16
          ],
          "texture": "#1"
        },
        "up": {
          "uv": [
            0,
            7.5,
            0,
            0
          ],
          "texture": "#1"
        },
        "down": {
          "uv": [
            0,
            0,
            0,
            7.5
          ],
          "texture": "#1"
        }
      }
    }
  ],
  "gui_light": "front",
  "display": {
    "thirdperson_righthand": {
      "translation": [
        0,
        7,
        1.5
      ],
      "scale": [
        0.8,
        0.8,
        0.8
      ]
    },
    "thirdperson_lefthand": {
      "translation": [
        0,
        7,
        1.5
      ],
      "scale": [
        0.8,
        0.8,
        0.8
      ]
    },
    "firstperson_righthand": {
      "rotation": [
        -14.48,
        -3.49,
        -0.5
      ],
      "translation": [
        9.5,
        2.5,
        -8.75
      ],
      "scale": [
        1.13984,
        1.13984,
        1.13984
      ]
    },
    "firstperson_lefthand": {
      "rotation": [
        -14.48,
        -3.49,
        -0.5
      ],
      "translation": [
        9.5,
        2.5,
        -8.75
      ],
      "scale": [
        1.13984,
        1.13984,
        1.13984
      ]
    },
    "ground": {
      "rotation": [
        0,
        0,
        -77
      ],
      "translation": [
        -1,
        1.5,
        -1.5
      ],
      "scale": [
        0.92578,
        0.92578,
        0.92578
      ]
    },
    "gui": {
      "rotation": [
        -90,
        -41.75,
        -90
      ],
      "translation": [
        0.25,
        -1,
        0
      ],
      "scale": [
        0.53828,
        0.53828,
        0.53828
      ]
    },
    "head": {
      "scale": [
        0,
        0,
        0
      ]
    },
    "fixed": {
      "rotation": [
        -90,
        90,
        90
      ],
      "translation": [
        -0.75,
        1.75,
        -2.25
      ],
      "scale": [
        1.75,
        1.75,
        1.75
      ]
    }
  },
  "groups": [
    {
      "name": "sword",
      "origin": [
        8,
        5.1,
        9.2
      ],
      "color": 0,
      "nbt": "{}",
      "armAnimationEnabled": false,
      "children": [
        0,
        1,
        2,
        3,
        4,
        5,
        6,
        7,
        8,
        9,
        10,
        11,
        12,
        13,
        14,
        15,
        16,
        17,
        18,
        19,
        20,
        21,
        22,
        23
      ]
    }
  ]
}