{"credit":"MadewithBlockbench","ambientocclusion":false,"texture_size":[64,64],"textures":{"1":"elitecreatures:exotic_garden_decoration_v1/pot_1"},"elements":[{"from":[9.4,-1,6.35],"to":[10.4,14,7.35],"rotation":{"angle":-22.5,"axis":"z","origin":[10,0,7.75]},"faces":{"north":{"uv":[3.75,8.75,4,5],"texture":"#1"},"east":{"uv":[4,8.75,3.75,5],"texture":"#1"},"south":{"uv":[3.75,8.75,4,5],"texture":"#1"},"west":{"uv":[4,8.75,3.75,5],"texture":"#1"},"up":{"uv":[3.75,7.25,3.5,7.5],"rotation":90,"texture":"#1"},"down":{"uv":[3.75,7.25,3.5,7.5],"rotation":270,"texture":"#1"}}},{"from":[8.4,14,5.35],"to":[11.4,22,8.35],"rotation":{"angle":-22.5,"axis":"z","origin":[10,0,7.75]},"faces":{"north":{"uv":[4,6.75,4.75,4.75],"texture":"#1"},"east":{"uv":[4.75,6.75,4,4.75],"texture":"#1"},"south":{"uv":[4,6.75,4.75,4.75],"texture":"#1"},"west":{"uv":[4.75,6.75,4,4.75],"texture":"#1"},"up":{"uv":[4.75,6.75,4,7.5],"rotation":90,"texture":"#1"},"down":{"uv":[4.75,7.5,4,8.25],"rotation":270,"texture":"#1"}}},{"from":[6.4,-2,8.35],"to":[7.4,13,9.35],"rotation":{"angle":22.5,"axis":"z","origin":[6.9,0.25,7.85]},"faces":{"north":{"uv":[3.75,8.75,4,5],"texture":"#1"},"east":{"uv":[4,8.75,3.75,5],"texture":"#1"},"south":{"uv":[3.75,8.75,4,5],"texture":"#1"},"west":{"uv":[4,8.75,3.75,5],"texture":"#1"},"up":{"uv":[3.75,7.25,3.5,7.5],"rotation":90,"texture":"#1"},"down":{"uv":[3.75,7.25,3.5,7.5],"rotation":270,"texture":"#1"}}},{"from":[5.4,13,7.35],"to":[8.4,21,10.35],"rotation":{"angle":22.5,"axis":"z","origin":[6.9,0.25,7.85]},"faces":{"north":{"uv":[4,6.75,4.75,4.75],"texture":"#1"},"east":{"uv":[4.75,6.75,4,4.75],"texture":"#1"},"south":{"uv":[4,6.75,4.75,4.75],"texture":"#1"},"west":{"uv":[4.75,6.75,4,4.75],"texture":"#1"},"up":{"uv":[4.75,6.75,4,7.5],"rotation":90,"texture":"#1"},"down":{"uv":[4.75,7.5,4,8.25],"rotation":270,"texture":"#1"}}},{"from":[6.4,0,4.35],"to":[7.4,15,5.35],"rotation":{"angle":0,"axis":"y","origin":[6.9,0.25,7.85]},"faces":{"north":{"uv":[3.75,8.75,4,5],"texture":"#1"},"east":{"uv":[4,8.75,3.75,5],"texture":"#1"},"south":{"uv":[3.75,8.75,4,5],"texture":"#1"},"west":{"uv":[4,8.75,3.75,5],"texture":"#1"},"up":{"uv":[3.75,7.25,3.5,7.5],"rotation":90,"texture":"#1"},"down":{"uv":[3.75,7.25,3.5,7.5],"rotation":270,"texture":"#1"}}},{"from":[5.4,15,3.35],"to":[8.4,23,6.35],"rotation":{"angle":0,"axis":"y","origin":[6.9,0.25,7.85]},"faces":{"north":{"uv":[4,6.75,4.75,4.75],"texture":"#1"},"east":{"uv":[4.75,6.75,4,4.75],"texture":"#1"},"south":{"uv":[4,6.75,4.75,4.75],"texture":"#1"},"west":{"uv":[4.75,6.75,4,4.75],"texture":"#1"},"up":{"uv":[4.75,6.75,4,7.5],"rotation":90,"texture":"#1"},"down":{"uv":[4.75,7.5,4,8.25],"rotation":270,"texture":"#1"}}},{"from":[9.4,0,10.35],"to":[10.4,10,11.35],"rotation":{"angle":0,"axis":"y","origin":[6.9,0.25,7.85]},"faces":{"north":{"uv":[3.75,8.5,4,6],"texture":"#1"},"east":{"uv":[4,8.5,3.75,6],"texture":"#1"},"south":{"uv":[3.75,8.5,4,6],"texture":"#1"},"west":{"uv":[4,8.5,3.75,6],"texture":"#1"},"up":{"uv":[3.75,7.25,3.5,7.5],"rotation":90,"texture":"#1"},"down":{"uv":[3.75,7.25,3.5,7.5],"rotation":270,"texture":"#1"}}},{"from":[8.4,10,9.35],"to":[11.4,18,12.35],"rotation":{"angle":0,"axis":"y","origin":[6.9,0.25,7.85]},"faces":{"north":{"uv":[4,6.75,4.75,4.75],"texture":"#1"},"east":{"uv":[4.75,6.75,4,4.75],"texture":"#1"},"south":{"uv":[4,6.75,4.75,4.75],"texture":"#1"},"west":{"uv":[4.75,6.75,4,4.75],"texture":"#1"},"up":{"uv":[4.75,6.75,4,7.5],"rotation":90,"texture":"#1"},"down":{"uv":[4.75,7.5,4,8.25],"rotation":270,"texture":"#1"}}},{"from":[5.65,0,10.6],"to":[6.15,5,11.1],"rotation":{"angle":0,"axis":"y","origin":[6.9,0.25,7.85]},"faces":{"north":{"uv":[3.75,7.25,3.875,6],"texture":"#1"},"east":{"uv":[3.875,7.25,3.75,6],"texture":"#1"},"south":{"uv":[3.75,7.25,3.875,6],"texture":"#1"},"west":{"uv":[3.875,7.25,3.75,6],"texture":"#1"},"up":{"uv":[3.75,7.25,3.5,7.5],"rotation":90,"texture":"#1"},"down":{"uv":[3.75,7.25,3.5,7.5],"rotation":270,"texture":"#1"}}},{"from":[4.9,5,9.85],"to":[6.9,10,11.85],"rotation":{"angle":0,"axis":"y","origin":[6.9,0.25,7.85]},"faces":{"north":{"uv":[4,6,4.5,4.75],"texture":"#1"},"east":{"uv":[4.5,6,4,4.75],"texture":"#1"},"south":{"uv":[4,6,4.5,4.75],"texture":"#1"},"west":{"uv":[4.5,6,4,4.75],"texture":"#1"},"up":{"uv":[4.5,6.75,4,7.25],"rotation":90,"texture":"#1"},"down":{"uv":[4.625,7.625,4.125,8.125],"rotation":270,"texture":"#1"}}},{"from":[9.65,-2,4.6],"to":[10.15,3,5.1],"rotation":{"angle":0,"axis":"y","origin":[6.9,0.25,7.85]},"faces":{"north":{"uv":[3.75,7.25,3.875,6],"texture":"#1"},"east":{"uv":[3.875,7.25,3.75,6],"texture":"#1"},"south":{"uv":[3.75,7.25,3.875,6],"texture":"#1"},"west":{"uv":[3.875,7.25,3.75,6],"texture":"#1"},"up":{"uv":[3.75,7.25,3.5,7.5],"rotation":90,"texture":"#1"},"down":{"uv":[3.75,7.25,3.5,7.5],"rotation":270,"texture":"#1"}}},{"from":[8.9,3,3.85],"to":[10.9,8,5.85],"rotation":{"angle":0,"axis":"y","origin":[6.9,0.25,7.85]},"faces":{"north":{"uv":[4,6,4.5,4.75],"texture":"#1"},"east":{"uv":[4.5,6,4,4.75],"texture":"#1"},"south":{"uv":[4,6,4.5,4.75],"texture":"#1"},"west":{"uv":[4.5,6,4,4.75],"texture":"#1"},"up":{"uv":[4.5,6.75,4,7.25],"rotation":90,"texture":"#1"},"down":{"uv":[4.625,7.625,4.125,8.125],"rotation":270,"texture":"#1"}}}],"display":{"thirdperson_righthand":{"translation":[0,3.5,2.75],"scale":[0.5,0.5,0.5]},"thirdperson_lefthand":{"translation":[0,4,2.75],"scale":[0.5,0.5,0.5]},"ground":{"translation":[0,2.25,0],"scale":[0.5,0.5,0.5]},"gui":{"rotation":[40,-40,0],"translation":[0,-2,0],"scale":[0.6,0.6,0.6]},"head":{"translation":[0,-33,0],"scale":[1.3,1.3,1.3]},"fixed":{"rotation":[0,180,0],"translation":[0,-1.75,-2],"scale":[0.6,0.6,0.6]}},"groups":[{"name":"vase1","origin":[-7,14.5,8],"color":0,"children":[{"name":"group","origin":[8,8,8],"color":0,"children":[{"name":"group","origin":[8.5,9,8],"color":0,"children":[]},{"name":"group","origin":[8.5,9,8],"color":0,"children":[]},{"name":"group","origin":[8.5,9,8],"color":0,"children":[0,1]},{"name":"group","origin":[8.5,9,8],"color":0,"children":[2,3]},{"name":"group","origin":[8.5,9,8],"color":0,"children":[4,5]},{"name":"group","origin":[8.5,9,8],"color":0,"children":[6,7]},{"name":"group","origin":[8.5,9,8],"color":0,"children":[8,9]},{"name":"group","origin":[8.5,9,8],"color":0,"children":[10,11]},{"name":"group","origin":[8.5,9,8],"color":0,"children":[]}]}]}]}