{"textures":{"0":"modelengine:entity/standing_swing"},"elements":[{"from":[13.142858,-14.857143,7.428571],"to":[13.714286,20.000002,8.571428],"rotation":{"angle":0.0,"axis":"y","origin":[7.428571,-18.285713,8.0]},"faces":{"east":{"uv":[8.0,3.75,8.25,11.375],"rotation":0,"texture":"#0","tintindex":0},"south":{"uv":[9.75,3.75,9.875,11.375],"rotation":0,"texture":"#0","tintindex":0},"north":{"uv":[9.5,3.75,9.625,11.375],"rotation":0,"texture":"#0","tintindex":0},"west":{"uv":[8.375,3.75,8.625,11.375],"rotation":0,"texture":"#0","tintindex":0},"up":{"uv":[10.875,10.875,10.75,10.625],"rotation":0,"texture":"#0","tintindex":0},"down":{"uv":[0.125,10.875,0.0,11.125],"rotation":0,"texture":"#0","tintindex":0}}},{"from":[2.2857141,-14.857143,7.428571],"to":[2.8571424,20.000002,8.571428],"rotation":{"angle":0.0,"axis":"y","origin":[7.428571,-18.285713,8.0]},"faces":{"east":{"uv":[8.0,3.75,8.25,11.375],"rotation":0,"texture":"#0","tintindex":0},"south":{"uv":[9.75,3.75,9.875,11.375],"rotation":0,"texture":"#0","tintindex":0},"north":{"uv":[9.5,3.75,9.625,11.375],"rotation":0,"texture":"#0","tintindex":0},"west":{"uv":[8.375,3.75,8.625,11.375],"rotation":0,"texture":"#0","tintindex":0},"up":{"uv":[10.875,10.875,10.75,10.625],"rotation":0,"texture":"#0","tintindex":0},"down":{"uv":[0.125,10.875,0.0,11.125],"rotation":0,"texture":"#0","tintindex":0}}},{"from":[1.7142854,-16.0,6.285714],"to":[14.285715,-14.857143,9.714286],"rotation":{"angle":0.0,"axis":"y","origin":[8.0,-19.42857,8.0]},"faces":{"east":{"uv":[10.5,3.75,11.25,4.0],"rotation":0,"texture":"#0","tintindex":0},"south":{"uv":[2.875,10.5,5.625,10.75],"rotation":0,"texture":"#0","tintindex":0},"north":{"uv":[0.0,10.5,2.75,10.75],"rotation":0,"texture":"#0","tintindex":0},"west":{"uv":[10.5,4.125,11.25,4.375],"rotation":0,"texture":"#0","tintindex":0},"up":{"uv":[10.75,2.75,8.0,2.0],"rotation":0,"texture":"#0","tintindex":0},"down":{"uv":[10.75,2.875,8.0,3.625],"rotation":0,"texture":"#0","tintindex":0}}},{"from":[12.857143,19.14286,7.714286],"to":[14.0,21.428574,8.285714],"rotation":{"angle":0.0,"axis":"y","origin":[8.0,23.14286,8.0]},"faces":{"east":{"uv":[7.75,10.5,7.875,11.0],"rotation":0,"texture":"#0","tintindex":0},"south":{"uv":[10.5,8.125,10.75,8.625],"rotation":0,"texture":"#0","tintindex":0},"north":{"uv":[10.5,7.5,10.75,8.0],"rotation":0,"texture":"#0","tintindex":0},"west":{"uv":[10.5,10.0,10.625,10.5],"rotation":0,"texture":"#0","tintindex":0},"up":{"uv":[1.0,11.0,0.75,10.875],"rotation":0,"texture":"#0","tintindex":0},"down":{"uv":[1.375,10.875,1.125,11.0],"rotation":0,"texture":"#0","tintindex":0}}},{"from":[1.9999995,19.14286,7.714286],"to":[3.142857,21.428574,8.285714],"rotation":{"angle":0.0,"axis":"y","origin":[8.0,23.14286,8.0]},"faces":{"east":{"uv":[7.75,10.5,7.875,11.0],"rotation":0,"texture":"#0","tintindex":0},"south":{"uv":[10.5,8.125,10.75,8.625],"rotation":0,"texture":"#0","tintindex":0},"north":{"uv":[10.5,7.5,10.75,8.0],"rotation":0,"texture":"#0","tintindex":0},"west":{"uv":[10.5,10.0,10.625,10.5],"rotation":0,"texture":"#0","tintindex":0},"up":{"uv":[1.0,11.0,0.75,10.875],"rotation":0,"texture":"#0","tintindex":0},"down":{"uv":[1.375,10.875,1.125,11.0],"rotation":0,"texture":"#0","tintindex":0}}}],"display":{"head":{"translation":[0.0,-60.114296,0.0],"scale":[4.0,4.0,4.0]}}}