{"credit":"MadewithBlockbench","ambientocclusion":false,"texture_size":[64,64],"textures":{"1":"elitecreatures:exotic_garden_decoration_v1/pot_1"},"elements":[{"from":[7,9,7.1],"to":[9,21,8.9],"rotation":{"angle":-45,"axis":"z","origin":[7,9,8]},"faces":{"north":{"uv":[11.5,6.5,11,9.5],"texture":"#1"},"east":{"uv":[11.5,6.5,11,9.5],"texture":"#1"},"south":{"uv":[11.5,6.5,11,9.5],"texture":"#1"},"west":{"uv":[11.5,6.5,11,9.5],"texture":"#1"},"up":{"uv":[12,6.75,11.5,7.25],"texture":"#1"}}},{"from":[7,9,7],"to":[9,21,9],"rotation":{"angle":45,"axis":"z","origin":[7,9,8]},"faces":{"north":{"uv":[11.5,6.5,11,9.5],"texture":"#1"},"east":{"uv":[11.5,6.5,11,9.5],"texture":"#1"},"south":{"uv":[11.5,6.5,11,9.5],"texture":"#1"},"west":{"uv":[11.5,6.5,11,9.5],"texture":"#1"},"up":{"uv":[12,6.75,11.5,7.25],"texture":"#1"}}},{"from":[7,0,7],"to":[9,9,9],"rotation":{"angle":0,"axis":"y","origin":[8,0,8]},"faces":{"north":{"uv":[11.5,6.5,11,8.75],"texture":"#1"},"east":{"uv":[11.5,6.5,11,8.75],"texture":"#1"},"south":{"uv":[11.5,6.5,11,8.75],"texture":"#1"},"west":{"uv":[11.5,6.5,11,8.75],"texture":"#1"},"up":{"uv":[11.75,6.5,11.25,7],"texture":"#1"}}},{"from":[4.85,12,7.1],"to":[6.65,19,8.9],"rotation":{"angle":0,"axis":"y","origin":[8,0,8]},"faces":{"north":{"uv":[11.5,6.5,11,8.25],"texture":"#1"},"east":{"uv":[11.5,6.5,11,8.25],"texture":"#1"},"south":{"uv":[11.5,6.5,11,8.25],"texture":"#1"},"west":{"uv":[11.5,6.5,11,8.25],"texture":"#1"},"up":{"uv":[11.75,6.5,11.25,7],"texture":"#1"}}},{"from":[4.75,19,7],"to":[6.75,26,9],"rotation":{"angle":-22.5,"axis":"z","origin":[4.75,19,8]},"faces":{"north":{"uv":[11.5,6.5,11,8.25],"texture":"#1"},"east":{"uv":[11.5,6.5,11,8.25],"texture":"#1"},"south":{"uv":[11.5,6.5,11,8.25],"texture":"#1"},"west":{"uv":[11.5,6.5,11,8.25],"texture":"#1"},"up":{"uv":[12,6.75,11.5,7.25],"texture":"#1"}}},{"from":[4.5,17,11],"to":[11.5,24,18],"rotation":{"angle":0,"axis":"y","origin":[7.59567,6.36627,14.5]},"faces":{"north":{"uv":[2,10.5,0.25,12.25],"texture":"#1"},"east":{"uv":[2,10.5,0.25,12.25],"texture":"#1"},"south":{"uv":[2,10.5,0.25,12.25],"texture":"#1"},"west":{"uv":[2,10.5,0.25,12.25],"texture":"#1"},"up":{"uv":[2.25,11.5,0.5,13.25],"texture":"#1"},"down":{"uv":[2.25,11.5,0.5,13.25],"texture":"#1"}}},{"from":[12.5,15,5],"to":[19.5,22,12],"rotation":{"angle":0,"axis":"y","origin":[7.59567,6.36627,14.5]},"faces":{"north":{"uv":[2,10.5,0.25,12.25],"texture":"#1"},"east":{"uv":[2,10.5,0.25,12.25],"texture":"#1"},"south":{"uv":[2,10.5,0.25,12.25],"texture":"#1"},"west":{"uv":[2,10.5,0.25,12.25],"texture":"#1"},"up":{"uv":[2.25,11.5,0.5,13.25],"texture":"#1"},"down":{"uv":[2.25,11.5,0.5,13.25],"texture":"#1"}}},{"from":[-4.5,16,4],"to":[4.5,25,13],"rotation":{"angle":0,"axis":"y","origin":[7.59567,6.36627,14.5]},"faces":{"north":{"uv":[2.5,10.75,0.25,12.75],"texture":"#1"},"east":{"uv":[2.5,10.75,0.25,12.75],"texture":"#1"},"south":{"uv":[2.5,10.75,0.25,12.75],"texture":"#1"},"west":{"uv":[2.5,10.75,0.25,12.75],"texture":"#1"},"up":{"uv":[2.75,11.75,0.5,13.75],"texture":"#1"},"down":{"uv":[2.75,11.75,0.5,13.75],"texture":"#1"}}},{"from":[3.5,21,5],"to":[12.5,30,14],"rotation":{"angle":0,"axis":"y","origin":[7.59567,6.36627,14.5]},"faces":{"north":{"uv":[2.5,11.5,0.25,13.5],"texture":"#1"},"east":{"uv":[2.5,11.5,0.25,13.5],"texture":"#1"},"south":{"uv":[2.5,11.5,0.25,13.5],"texture":"#1"},"west":{"uv":[2.5,11.5,0.25,13.5],"texture":"#1"},"up":{"uv":[2.75,12.5,0.5,14.5],"texture":"#1"},"down":{"uv":[2.75,12.5,0.5,14.5],"texture":"#1"}}},{"from":[4.5,13,-1],"to":[11.5,20,6],"rotation":{"angle":0,"axis":"y","origin":[7.59567,6.36627,14.5]},"faces":{"north":{"uv":[2,10.5,0.25,12.25],"texture":"#1"},"east":{"uv":[2,10.5,0.25,12.25],"texture":"#1"},"south":{"uv":[2,10.5,0.25,12.25],"texture":"#1"},"west":{"uv":[2,10.5,0.25,12.25],"texture":"#1"},"up":{"uv":[2.25,11.5,0.5,13.25],"texture":"#1"},"down":{"uv":[2.25,11.5,0.5,13.25],"texture":"#1"}}},{"from":[5.5,19,1],"to":[10.5,24,6],"rotation":{"angle":0,"axis":"y","origin":[7.59567,6.36627,14.5]},"faces":{"north":{"uv":[2,11,0.75,12.25],"texture":"#1"},"east":{"uv":[2,11,0.75,12.25],"texture":"#1"},"south":{"uv":[2,11,0.75,12.25],"texture":"#1"},"west":{"uv":[2,11,0.75,12.25],"texture":"#1"},"up":{"uv":[2.25,12,1,13.25],"texture":"#1"},"down":{"uv":[2.25,12,1,13.25],"texture":"#1"}}},{"from":[10.5,14,1],"to":[15.5,19,6],"rotation":{"angle":0,"axis":"y","origin":[7.59567,6.36627,14.5]},"faces":{"north":{"uv":[2,11,0.75,12.25],"texture":"#1"},"east":{"uv":[2,11,0.75,12.25],"texture":"#1"},"south":{"uv":[2,11,0.75,12.25],"texture":"#1"},"west":{"uv":[2,11,0.75,12.25],"texture":"#1"},"up":{"uv":[2.25,12,1,13.25],"texture":"#1"},"down":{"uv":[2.25,12,1,13.25],"texture":"#1"}}},{"from":[8.57133,14.37395,10.5],"to":[8.57133,19.37395,18.5],"rotation":{"angle":-22.5,"axis":"z","origin":[7.59567,14.36627,14.5]},"faces":{"north":{"uv":[15,0,11,0.5],"texture":"#1"},"east":{"uv":[7.75,10.5,9.75,11.75],"texture":"#1"},"south":{"uv":[15,0,11,0.5],"texture":"#1"},"west":{"uv":[9.75,10.5,7.75,11.75],"texture":"#1"},"up":{"uv":[7,4,11,0],"texture":"#1"},"down":{"uv":[6.5,4,10.5,8],"texture":"#1"}}},{"from":[6,11,13],"to":[9,14,16],"rotation":{"angle":0,"axis":"y","origin":[7.09567,14.36627,14]},"faces":{"north":{"uv":[12.25,8,11.5,8.75],"texture":"#1"},"east":{"uv":[12.25,8,11.5,8.75],"texture":"#1"},"south":{"uv":[12.25,8,11.5,8.75],"texture":"#1"},"west":{"uv":[12.25,8,11.5,8.75],"texture":"#1"},"up":{"uv":[12.25,8.75,11.5,9.5],"texture":"#1"},"down":{"uv":[12.25,7.25,11.5,8],"texture":"#1"}}},{"from":[6.5,14,13.5],"to":[8.5,15,15.5],"rotation":{"angle":0,"axis":"y","origin":[7.59567,14.36627,14.5]},"faces":{"north":{"uv":[8,12.25,7.5,12.5],"texture":"#1"},"east":{"uv":[8,12.25,7.5,12.5],"texture":"#1"},"south":{"uv":[8,12.25,7.5,12.5],"texture":"#1"},"west":{"uv":[8,12.25,7.5,12.5],"texture":"#1"},"up":{"uv":[8,11.75,7.5,12.25],"texture":"#1"}}},{"from":[7,15,14],"to":[8,17,15],"rotation":{"angle":0,"axis":"y","origin":[7.59567,14.36627,14.5]},"faces":{"north":{"uv":[10.75,5.25,10.5,5.75],"texture":"#1"},"east":{"uv":[10.75,5.25,10.5,5.75],"texture":"#1"},"south":{"uv":[10.75,5.25,10.5,5.75],"texture":"#1"},"west":{"uv":[10.75,5.25,10.5,5.75],"texture":"#1"},"up":{"uv":[11,5.25,10.75,5.5],"texture":"#1"}}},{"from":[6.44324,14.44718,10.5],"to":[6.44324,18.44718,18.5],"rotation":{"angle":22.5,"axis":"z","origin":[7.59567,14.36627,14.5]},"faces":{"north":{"uv":[11,0,15,0.5],"texture":"#1"},"east":{"uv":[9.75,10.625,7.75,11.625],"texture":"#1"},"south":{"uv":[11,0,15,0.5],"texture":"#1"},"west":{"uv":[7.75,10.625,9.75,11.625],"texture":"#1"},"up":{"uv":[11,4,7,0],"texture":"#1"},"down":{"uv":[10.5,4,6.5,8],"texture":"#1"}}},{"from":[3.59567,14.37395,15.47566],"to":[11.59567,19.37395,15.47566],"rotation":{"angle":22.5,"axis":"x","origin":[7.59567,14.36627,14.5]},"faces":{"north":{"uv":[9.75,10.5,7.75,11.75],"texture":"#1"},"east":{"uv":[15,0,11,0.5],"texture":"#1"},"south":{"uv":[7.75,10.5,9.75,11.75],"texture":"#1"},"west":{"uv":[15,0,11,0.5],"texture":"#1"},"up":{"uv":[7,4,11,0],"rotation":90,"texture":"#1"},"down":{"uv":[6.5,4,10.5,8],"rotation":270,"texture":"#1"}}},{"from":[3.59567,14.44718,13.34757],"to":[11.59567,18.44718,13.34757],"rotation":{"angle":-22.5,"axis":"x","origin":[7.59567,14.36627,14.5]},"faces":{"north":{"uv":[7.75,10.625,9.75,11.625],"texture":"#1"},"east":{"uv":[11,0,15,0.5],"texture":"#1"},"south":{"uv":[9.75,10.625,7.75,11.625],"texture":"#1"},"west":{"uv":[11,0,15,0.5],"texture":"#1"},"up":{"uv":[11,4,7,0],"rotation":90,"texture":"#1"},"down":{"uv":[10.5,4,6.5,8],"rotation":270,"texture":"#1"}}},{"from":[8.57133,10.37395,-1.5],"to":[8.57133,15.37395,6.5],"rotation":{"angle":-22.5,"axis":"z","origin":[7.59567,10.36627,2.5]},"faces":{"north":{"uv":[15,0,11,0.5],"texture":"#1"},"east":{"uv":[7.75,10.5,9.75,11.75],"texture":"#1"},"south":{"uv":[15,0,11,0.5],"texture":"#1"},"west":{"uv":[9.75,10.5,7.75,11.75],"texture":"#1"},"up":{"uv":[7,4,11,0],"texture":"#1"},"down":{"uv":[6.5,4,10.5,8],"texture":"#1"}}},{"from":[6,7,1],"to":[9,10,4],"rotation":{"angle":0,"axis":"y","origin":[7.09567,10.36627,2]},"faces":{"north":{"uv":[12.25,8,11.5,8.75],"texture":"#1"},"east":{"uv":[12.25,8,11.5,8.75],"texture":"#1"},"south":{"uv":[12.25,8,11.5,8.75],"texture":"#1"},"west":{"uv":[12.25,8,11.5,8.75],"texture":"#1"},"up":{"uv":[12.25,8.75,11.5,9.5],"texture":"#1"},"down":{"uv":[12.25,7.25,11.5,8],"texture":"#1"}}},{"from":[6.5,10,1.5],"to":[8.5,11,3.5],"rotation":{"angle":0,"axis":"y","origin":[7.59567,10.36627,2.5]},"faces":{"north":{"uv":[8,12.25,7.5,12.5],"texture":"#1"},"east":{"uv":[8,12.25,7.5,12.5],"texture":"#1"},"south":{"uv":[8,12.25,7.5,12.5],"texture":"#1"},"west":{"uv":[8,12.25,7.5,12.5],"texture":"#1"},"up":{"uv":[8,11.75,7.5,12.25],"texture":"#1"}}},{"from":[7,11,2],"to":[8,13,3],"rotation":{"angle":0,"axis":"y","origin":[7.59567,10.36627,2.5]},"faces":{"north":{"uv":[10.75,5.25,10.5,5.75],"texture":"#1"},"east":{"uv":[10.75,5.25,10.5,5.75],"texture":"#1"},"south":{"uv":[10.75,5.25,10.5,5.75],"texture":"#1"},"west":{"uv":[10.75,5.25,10.5,5.75],"texture":"#1"},"up":{"uv":[11,5.25,10.75,5.5],"texture":"#1"}}},{"from":[6.44324,10.44718,-1.5],"to":[6.44324,14.44718,6.5],"rotation":{"angle":22.5,"axis":"z","origin":[7.59567,10.36627,2.5]},"faces":{"north":{"uv":[11,0,15,0.5],"texture":"#1"},"east":{"uv":[9.75,10.625,7.75,11.625],"texture":"#1"},"south":{"uv":[11,0,15,0.5],"texture":"#1"},"west":{"uv":[7.75,10.625,9.75,11.625],"texture":"#1"},"up":{"uv":[11,4,7,0],"texture":"#1"},"down":{"uv":[10.5,4,6.5,8],"texture":"#1"}}},{"from":[3.59567,10.37395,3.47566],"to":[11.59567,15.37395,3.47566],"rotation":{"angle":22.5,"axis":"x","origin":[7.59567,10.36627,2.5]},"faces":{"north":{"uv":[9.75,10.5,7.75,11.75],"texture":"#1"},"east":{"uv":[15,0,11,0.5],"texture":"#1"},"south":{"uv":[7.75,10.5,9.75,11.75],"texture":"#1"},"west":{"uv":[15,0,11,0.5],"texture":"#1"},"up":{"uv":[7,4,11,0],"rotation":90,"texture":"#1"},"down":{"uv":[6.5,4,10.5,8],"rotation":270,"texture":"#1"}}},{"from":[3.59567,10.44718,1.34757],"to":[11.59567,14.44718,1.34757],"rotation":{"angle":-22.5,"axis":"x","origin":[7.59567,10.36627,2.5]},"faces":{"north":{"uv":[7.75,10.625,9.75,11.625],"texture":"#1"},"east":{"uv":[11,0,15,0.5],"texture":"#1"},"south":{"uv":[9.75,10.625,7.75,11.625],"texture":"#1"},"west":{"uv":[11,0,15,0.5],"texture":"#1"},"up":{"uv":[11,4,7,0],"rotation":90,"texture":"#1"},"down":{"uv":[10.5,4,6.5,8],"rotation":270,"texture":"#1"}}},{"from":[16.57133,12.37395,4],"to":[16.57133,17.37395,12],"rotation":{"angle":-22.5,"axis":"z","origin":[15.59567,12.36627,8]},"faces":{"north":{"uv":[15,0,11,0.5],"texture":"#1"},"east":{"uv":[7.75,10.5,9.75,11.75],"texture":"#1"},"south":{"uv":[15,0,11,0.5],"texture":"#1"},"west":{"uv":[9.75,10.5,7.75,11.75],"texture":"#1"},"up":{"uv":[7,4,11,0],"texture":"#1"},"down":{"uv":[6.5,4,10.5,8],"texture":"#1"}}},{"from":[14,9,6.5],"to":[17,12,9.5],"rotation":{"angle":0,"axis":"y","origin":[15.09567,12.36627,7.5]},"faces":{"north":{"uv":[12.25,8,11.5,8.75],"texture":"#1"},"east":{"uv":[12.25,8,11.5,8.75],"texture":"#1"},"south":{"uv":[12.25,8,11.5,8.75],"texture":"#1"},"west":{"uv":[12.25,8,11.5,8.75],"texture":"#1"},"up":{"uv":[12.25,8.75,11.5,9.5],"texture":"#1"},"down":{"uv":[12.25,7.25,11.5,8],"texture":"#1"}}},{"from":[14.5,12,7],"to":[16.5,13,9],"rotation":{"angle":0,"axis":"y","origin":[15.59567,12.36627,8]},"faces":{"north":{"uv":[8,12.25,7.5,12.5],"texture":"#1"},"east":{"uv":[8,12.25,7.5,12.5],"texture":"#1"},"south":{"uv":[8,12.25,7.5,12.5],"texture":"#1"},"west":{"uv":[8,12.25,7.5,12.5],"texture":"#1"},"up":{"uv":[8,11.75,7.5,12.25],"texture":"#1"}}},{"from":[15,13,7.5],"to":[16,15,8.5],"rotation":{"angle":0,"axis":"y","origin":[15.59567,12.36627,8]},"faces":{"north":{"uv":[10.75,5.25,10.5,5.75],"texture":"#1"},"east":{"uv":[10.75,5.25,10.5,5.75],"texture":"#1"},"south":{"uv":[10.75,5.25,10.5,5.75],"texture":"#1"},"west":{"uv":[10.75,5.25,10.5,5.75],"texture":"#1"},"up":{"uv":[11,5.25,10.75,5.5],"texture":"#1"}}},{"from":[14.44324,12.44718,4],"to":[14.44324,16.44718,12],"rotation":{"angle":22.5,"axis":"z","origin":[15.59567,12.36627,8]},"faces":{"north":{"uv":[11,0,15,0.5],"texture":"#1"},"east":{"uv":[9.75,10.625,7.75,11.625],"texture":"#1"},"south":{"uv":[11,0,15,0.5],"texture":"#1"},"west":{"uv":[7.75,10.625,9.75,11.625],"texture":"#1"},"up":{"uv":[11,4,7,0],"texture":"#1"},"down":{"uv":[10.5,4,6.5,8],"texture":"#1"}}},{"from":[11.59567,12.37395,8.97566],"to":[19.59567,17.37395,8.97566],"rotation":{"angle":22.5,"axis":"x","origin":[15.59567,12.36627,8]},"faces":{"north":{"uv":[9.75,10.5,7.75,11.75],"texture":"#1"},"east":{"uv":[15,0,11,0.5],"texture":"#1"},"south":{"uv":[7.75,10.5,9.75,11.75],"texture":"#1"},"west":{"uv":[15,0,11,0.5],"texture":"#1"},"up":{"uv":[7,4,11,0],"rotation":90,"texture":"#1"},"down":{"uv":[6.5,4,10.5,8],"rotation":270,"texture":"#1"}}},{"from":[11.59567,12.44718,6.84757],"to":[19.59567,16.44718,6.84757],"rotation":{"angle":-22.5,"axis":"x","origin":[15.59567,12.36627,8]},"faces":{"north":{"uv":[7.75,10.625,9.75,11.625],"texture":"#1"},"east":{"uv":[11,0,15,0.5],"texture":"#1"},"south":{"uv":[9.75,10.625,7.75,11.625],"texture":"#1"},"west":{"uv":[11,0,15,0.5],"texture":"#1"},"up":{"uv":[11,4,7,0],"rotation":90,"texture":"#1"},"down":{"uv":[10.5,4,6.5,8],"rotation":270,"texture":"#1"}}},{"from":[0.57133,14.37395,5],"to":[0.57133,19.37395,13],"rotation":{"angle":-22.5,"axis":"z","origin":[-0.40433,14.36627,9]},"faces":{"north":{"uv":[15,0,11,0.5],"texture":"#1"},"east":{"uv":[7.75,10.5,9.75,11.75],"texture":"#1"},"south":{"uv":[15,0,11,0.5],"texture":"#1"},"west":{"uv":[9.75,10.5,7.75,11.75],"texture":"#1"},"up":{"uv":[7,4,11,0],"texture":"#1"},"down":{"uv":[6.5,4,10.5,8],"texture":"#1"}}},{"from":[-2,11,7.5],"to":[1,14,10.5],"rotation":{"angle":0,"axis":"y","origin":[-0.90433,14.36627,8.5]},"faces":{"north":{"uv":[12.25,8,11.5,8.75],"texture":"#1"},"east":{"uv":[12.25,8,11.5,8.75],"texture":"#1"},"south":{"uv":[12.25,8,11.5,8.75],"texture":"#1"},"west":{"uv":[12.25,8,11.5,8.75],"texture":"#1"},"up":{"uv":[12.25,8.75,11.5,9.5],"texture":"#1"},"down":{"uv":[12.25,7.25,11.5,8],"texture":"#1"}}},{"from":[-1.5,14,8],"to":[0.5,15,10],"rotation":{"angle":0,"axis":"y","origin":[-0.40433,14.36627,9]},"faces":{"north":{"uv":[8,12.25,7.5,12.5],"texture":"#1"},"east":{"uv":[8,12.25,7.5,12.5],"texture":"#1"},"south":{"uv":[8,12.25,7.5,12.5],"texture":"#1"},"west":{"uv":[8,12.25,7.5,12.5],"texture":"#1"},"up":{"uv":[8,11.75,7.5,12.25],"texture":"#1"}}},{"from":[-1,15,8.5],"to":[0,17,9.5],"rotation":{"angle":0,"axis":"y","origin":[-0.40433,14.36627,9]},"faces":{"north":{"uv":[10.75,5.25,10.5,5.75],"texture":"#1"},"east":{"uv":[10.75,5.25,10.5,5.75],"texture":"#1"},"south":{"uv":[10.75,5.25,10.5,5.75],"texture":"#1"},"west":{"uv":[10.75,5.25,10.5,5.75],"texture":"#1"},"up":{"uv":[11,5.25,10.75,5.5],"texture":"#1"}}},{"from":[-1.55676,14.44718,5],"to":[-1.55676,18.44718,13],"rotation":{"angle":22.5,"axis":"z","origin":[-0.40433,14.36627,9]},"faces":{"north":{"uv":[11,0,15,0.5],"texture":"#1"},"east":{"uv":[9.75,10.625,7.75,11.625],"texture":"#1"},"south":{"uv":[11,0,15,0.5],"texture":"#1"},"west":{"uv":[7.75,10.625,9.75,11.625],"texture":"#1"},"up":{"uv":[11,4,7,0],"texture":"#1"},"down":{"uv":[10.5,4,6.5,8],"texture":"#1"}}},{"from":[-4.40433,14.37395,9.97566],"to":[3.59567,19.37395,9.97566],"rotation":{"angle":22.5,"axis":"x","origin":[-0.40433,14.36627,9]},"faces":{"north":{"uv":[9.75,10.5,7.75,11.75],"texture":"#1"},"east":{"uv":[15,0,11,0.5],"texture":"#1"},"south":{"uv":[7.75,10.5,9.75,11.75],"texture":"#1"},"west":{"uv":[15,0,11,0.5],"texture":"#1"},"up":{"uv":[7,4,11,0],"rotation":90,"texture":"#1"},"down":{"uv":[6.5,4,10.5,8],"rotation":270,"texture":"#1"}}},{"from":[-4.40433,14.44718,7.84757],"to":[3.59567,18.44718,7.84757],"rotation":{"angle":-22.5,"axis":"x","origin":[-0.40433,14.36627,9]},"faces":{"north":{"uv":[7.75,10.625,9.75,11.625],"texture":"#1"},"east":{"uv":[11,0,15,0.5],"texture":"#1"},"south":{"uv":[9.75,10.625,7.75,11.625],"texture":"#1"},"west":{"uv":[11,0,15,0.5],"texture":"#1"},"up":{"uv":[11,4,7,0],"rotation":90,"texture":"#1"},"down":{"uv":[10.5,4,6.5,8],"rotation":270,"texture":"#1"}}},{"from":[7,9,7],"to":[9,15,9],"rotation":{"angle":22.5,"axis":"x","origin":[7,9,9]},"faces":{"north":{"uv":[11.5,6.5,11,8],"texture":"#1"},"east":{"uv":[11.5,6.5,11,8],"texture":"#1"},"south":{"uv":[11.5,6.5,11,8],"texture":"#1"},"west":{"uv":[11.5,6.5,11,8],"texture":"#1"},"up":{"uv":[11.75,6.5,11.25,7],"texture":"#1"}}},{"from":[7,13.33571,9.41116],"to":[9,15.33571,15.41116],"rotation":{"angle":-45,"axis":"x","origin":[8,15.35,9.45]},"faces":{"east":{"uv":[11.5,6.5,11,8],"rotation":270,"texture":"#1"},"south":{"uv":[12,6.75,11.5,7.25],"texture":"#1"},"west":{"uv":[11.5,6.5,11,8],"rotation":90,"texture":"#1"},"up":{"uv":[11.5,6.5,11,8],"rotation":180,"texture":"#1"},"down":{"uv":[11.5,6.5,11,8],"texture":"#1"}}},{"from":[7.5,4,8],"to":[8.5,10,9],"rotation":{"angle":-22.5,"axis":"x","origin":[7.5,4,7]},"faces":{"north":{"uv":[11,6.5,11.25,8],"texture":"#1"},"east":{"uv":[11,6.5,11.25,8],"texture":"#1"},"south":{"uv":[11,6.5,11.25,8],"texture":"#1"},"west":{"uv":[11,6.5,11.25,8],"texture":"#1"},"up":{"uv":[11.5,6.75,11.25,6.5],"texture":"#1"}}},{"from":[7.5,9.33571,0.58884],"to":[8.5,10.33571,6.58884],"rotation":{"angle":45,"axis":"x","origin":[8.5,10.35,6.55]},"faces":{"north":{"uv":[11.75,6.75,11.5,7],"texture":"#1"},"east":{"uv":[11.25,8,11,6.5],"rotation":270,"texture":"#1"},"west":{"uv":[11.25,8,11,6.5],"rotation":90,"texture":"#1"},"up":{"uv":[11.25,8,11,6.5],"rotation":180,"texture":"#1"},"down":{"uv":[11.25,8,11,6.5],"texture":"#1"}}},{"from":[7.5,1,7],"to":[8.5,7,8],"rotation":{"angle":22.5,"axis":"x","origin":[7.5,1,9]},"faces":{"north":{"uv":[11.25,6.5,11,8],"texture":"#1"},"east":{"uv":[11.25,6.5,11,8],"texture":"#1"},"south":{"uv":[11.25,6.5,11,8],"texture":"#1"},"west":{"uv":[11.25,6.5,11,8],"texture":"#1"},"up":{"uv":[11.5,6.5,11.25,6.75],"texture":"#1"}}},{"from":[7.5,6.33571,9.41116],"to":[8.5,7.33571,13.41116],"rotation":{"angle":-45,"axis":"x","origin":[8.5,7.35,9.45]},"faces":{"east":{"uv":[11.25,6.5,11,7.5],"rotation":270,"texture":"#1"},"south":{"uv":[11.5,6.75,11.75,7],"texture":"#1"},"west":{"uv":[11.25,6.5,11,7.5],"rotation":90,"texture":"#1"},"up":{"uv":[11.25,6.5,11,7.5],"rotation":180,"texture":"#1"},"down":{"uv":[11.25,6.5,11,7.5],"texture":"#1"}}}],"display":{"thirdperson_righthand":{"translation":[0,4,1.75],"scale":[0.5,0.5,0.5]},"thirdperson_lefthand":{"translation":[0,4,2],"scale":[0.5,0.5,0.5]},"ground":{"translation":[0,2.75,0],"scale":[0.6,0.6,0.6]},"gui":{"rotation":[40,-40,0],"translation":[0,-3.25,0],"scale":[0.5,0.5,0.5]},"head":{"translation":[0,-27.25,0],"scale":[2,2,2]},"fixed":{"translation":[0,-3.5,-0.5],"scale":[0.5,0.5,0.5]}},"groups":[0,1,2,3,4,{"name":"vase1","origin":[-7,14.5,8],"color":0,"children":[5,6,7,8,9,10,11,{"name":"group","origin":[8,8,8],"color":0,"children":[]},{"name":"group","origin":[8,8,8],"color":0,"children":[{"name":"group","origin":[7.59567,6.36627,14.5],"color":0,"children":[12,13,14,15,16,17,18]},{"name":"group","origin":[7.59567,6.36627,14.5],"color":0,"children":[19,20,21,22,23,24,25]},{"name":"group","origin":[7.59567,6.36627,14.5],"color":0,"children":[26,27,28,29,30,31,32]},{"name":"group","origin":[7.59567,6.36627,14.5],"color":0,"children":[33,34,35,36,37,38,39]}]}]},{"name":"group","origin":[8,15.35,9.45],"color":0,"children":[40,41]},{"name":"group","origin":[8,15.35,9.45],"color":0,"children":[42,43]},{"name":"group","origin":[8,15.35,9.45],"color":0,"children":[44,45]}]}