{"credit":"Made with Blockbench","texture_size":[256,256],"textures":{"4":"elitecreatures:farmer_decoration_v1/farmer_hay_with_spade"},"elements":[{"from":[-11,-11.87868,31.15076],"to":[3,0.12132,31.15076],"rotation":{"angle":0,"axis":"y","origin":[-4.96613,-6.68107,24.15076]},"faces":{"north":{"uv":[0,4,4,0],"texture":"#4"},"east":{"uv":[0,0,0,4],"rotation":180,"texture":"#4"},"south":{"uv":[0,0,4,4],"rotation":180,"texture":"#4"},"west":{"uv":[0,0,0,4],"rotation":180,"texture":"#4"},"up":{"uv":[4,0,0,0],"texture":"#4"},"down":{"uv":[4,0,0,0],"texture":"#4"}}},{"from":[-14,-11.87868,27.90076],"to":[0,0.12132,27.90076],"rotation":{"angle":0,"axis":"y","origin":[-4.96613,-6.68107,24.90076]},"faces":{"north":{"uv":[0,4,4,0],"texture":"#4"},"east":{"uv":[0,0,0,4],"rotation":180,"texture":"#4"},"south":{"uv":[0,0,4,4],"rotation":180,"texture":"#4"},"west":{"uv":[0,0,0,4],"rotation":180,"texture":"#4"},"up":{"uv":[4,0,0,0],"texture":"#4"},"down":{"uv":[4,0,0,0],"texture":"#4"}}},{"from":[-13,-12.87868,23.15076],"to":[1,-0.87868,23.15076],"rotation":{"angle":0,"axis":"y","origin":[-4.96613,-6.68107,24.15076]},"faces":{"north":{"uv":[0,4,4,0],"texture":"#4"},"east":{"uv":[0,0,0,4],"rotation":180,"texture":"#4"},"south":{"uv":[0,0,4,4],"rotation":180,"texture":"#4"},"west":{"uv":[0,0,0,4],"rotation":180,"texture":"#4"},"up":{"uv":[4,0,0,0],"texture":"#4"},"down":{"uv":[4,0,0,0],"texture":"#4"}}},{"from":[-14,-13.87868,19.15076],"to":[0,-1.87868,19.15076],"rotation":{"angle":0,"axis":"y","origin":[-4.96613,-6.68107,24.15076]},"faces":{"north":{"uv":[0,4,4,0],"texture":"#4"},"east":{"uv":[0,0,0,4],"rotation":180,"texture":"#4"},"south":{"uv":[0,0,4,4],"rotation":180,"texture":"#4"},"west":{"uv":[0,0,0,4],"rotation":180,"texture":"#4"},"up":{"uv":[4,0,0,0],"texture":"#4"},"down":{"uv":[4,0,0,0],"texture":"#4"}}},{"from":[-11,-15.87868,17.15076],"to":[3,-3.87868,17.15076],"rotation":{"angle":0,"axis":"y","origin":[-4.96613,-6.68107,24.15076]},"faces":{"north":{"uv":[0,4,4,0],"texture":"#4"},"east":{"uv":[0,0,0,4],"rotation":180,"texture":"#4"},"south":{"uv":[0,0,4,4],"rotation":180,"texture":"#4"},"west":{"uv":[0,0,0,4],"rotation":180,"texture":"#4"},"up":{"uv":[4,0,0,0],"texture":"#4"},"down":{"uv":[4,0,0,0],"texture":"#4"}}},{"from":[-11,-15.87868,21.15076],"to":[3,-3.87868,21.15076],"rotation":{"angle":0,"axis":"y","origin":[-4.96613,-6.68107,24.15076]},"faces":{"north":{"uv":[0,4,4,0],"texture":"#4"},"east":{"uv":[0,0,0,4],"rotation":180,"texture":"#4"},"south":{"uv":[0,0,4,4],"rotation":180,"texture":"#4"},"west":{"uv":[0,0,0,4],"rotation":180,"texture":"#4"},"up":{"uv":[4,0,0,0],"texture":"#4"},"down":{"uv":[4,0,0,0],"texture":"#4"}}},{"from":[-11,-15.87868,25.15076],"to":[3,-3.87868,25.15076],"rotation":{"angle":0,"axis":"y","origin":[-4.96613,-6.68107,24.15076]},"faces":{"north":{"uv":[0,4,4,0],"texture":"#4"},"east":{"uv":[0,0,0,4],"rotation":180,"texture":"#4"},"south":{"uv":[0,0,4,4],"rotation":180,"texture":"#4"},"west":{"uv":[0,0,0,4],"rotation":180,"texture":"#4"},"up":{"uv":[4,0,0,0],"texture":"#4"},"down":{"uv":[4,0,0,0],"texture":"#4"}}},{"from":[-11,-15.87868,29.15076],"to":[3,-3.87868,29.15076],"rotation":{"angle":0,"axis":"y","origin":[-4.96613,-6.68107,24.15076]},"faces":{"north":{"uv":[0,4,4,0],"texture":"#4"},"east":{"uv":[0,0,0,4],"rotation":180,"texture":"#4"},"south":{"uv":[0,0,4,4],"rotation":180,"texture":"#4"},"west":{"uv":[0,0,0,4],"rotation":180,"texture":"#4"},"up":{"uv":[4,0,0,0],"texture":"#4"},"down":{"uv":[4,0,0,0],"texture":"#4"}}},{"from":[-14.08239,-10.09658,18.15076],"to":[-0.08239,1.90342,18.15076],"rotation":{"angle":-45,"axis":"z","origin":[-4.96613,-6.68107,24.15076]},"faces":{"north":{"uv":[0,4,4,0],"texture":"#4"},"east":{"uv":[0,0,0,4],"rotation":180,"texture":"#4"},"south":{"uv":[0,0,4,4],"rotation":180,"texture":"#4"},"west":{"uv":[0,0,0,4],"rotation":180,"texture":"#4"},"up":{"uv":[4,0,0,0],"texture":"#4"},"down":{"uv":[4,0,0,0],"texture":"#4"}}},{"from":[-14.08239,-10.09658,21.90076],"to":[-0.08239,1.90342,21.90076],"rotation":{"angle":-22.5,"axis":"z","origin":[-4.96613,-6.68107,24.90076]},"faces":{"north":{"uv":[0,4,4,0],"texture":"#4"},"east":{"uv":[0,0,0,4],"rotation":180,"texture":"#4"},"south":{"uv":[0,0,4,4],"rotation":180,"texture":"#4"},"west":{"uv":[0,0,0,4],"rotation":180,"texture":"#4"},"up":{"uv":[4,0,0,0],"texture":"#4"},"down":{"uv":[4,0,0,0],"texture":"#4"}}},{"from":[-14.08239,-10.09658,25.90076],"to":[-0.08239,1.90342,25.90076],"rotation":{"angle":-45,"axis":"z","origin":[-4.96613,-6.68107,24.90076]},"faces":{"north":{"uv":[0,4,4,0],"texture":"#4"},"east":{"uv":[0,0,0,4],"rotation":180,"texture":"#4"},"south":{"uv":[0,0,4,4],"rotation":180,"texture":"#4"},"west":{"uv":[0,0,0,4],"rotation":180,"texture":"#4"},"up":{"uv":[4,0,0,0],"texture":"#4"},"down":{"uv":[4,0,0,0],"texture":"#4"}}},{"from":[-15.08239,-10.09658,29.90076],"to":[-1.08239,1.90342,29.90076],"rotation":{"angle":-45,"axis":"z","origin":[-4.96613,-6.68107,24.90076]},"faces":{"north":{"uv":[0,4,4,0],"texture":"#4"},"east":{"uv":[0,0,0,4],"rotation":180,"texture":"#4"},"south":{"uv":[0,0,4,4],"rotation":180,"texture":"#4"},"west":{"uv":[0,0,0,4],"rotation":180,"texture":"#4"},"up":{"uv":[4,0,0,0],"texture":"#4"},"down":{"uv":[4,0,0,0],"texture":"#4"}}},{"from":[-8,2.12132,31.15076],"to":[6,14.12132,31.15076],"rotation":{"angle":0,"axis":"y","origin":[2.03387,9.31893,24.15076]},"faces":{"north":{"uv":[0,4,4,0],"texture":"#4"},"east":{"uv":[0,0,0,4],"rotation":180,"texture":"#4"},"south":{"uv":[0,0,4,4],"rotation":180,"texture":"#4"},"west":{"uv":[0,0,0,4],"rotation":180,"texture":"#4"},"up":{"uv":[4,0,0,0],"texture":"#4"},"down":{"uv":[4,0,0,0],"texture":"#4"}}},{"from":[-8,2.12132,27.15076],"to":[6,14.12132,27.15076],"rotation":{"angle":-22.5,"axis":"z","origin":[2.03387,9.31893,24.15076]},"faces":{"north":{"uv":[0,4,4,0],"texture":"#4"},"east":{"uv":[0,0,0,4],"rotation":180,"texture":"#4"},"south":{"uv":[0,0,4,4],"rotation":180,"texture":"#4"},"west":{"uv":[0,0,0,4],"rotation":180,"texture":"#4"},"up":{"uv":[4,0,0,0],"texture":"#4"},"down":{"uv":[4,0,0,0],"texture":"#4"}}},{"from":[-8,3.12132,23.15076],"to":[6,15.12132,23.15076],"rotation":{"angle":-22.5,"axis":"z","origin":[2.03387,9.31893,24.15076]},"faces":{"north":{"uv":[0,4,4,0],"texture":"#4"},"east":{"uv":[0,0,0,4],"rotation":180,"texture":"#4"},"south":{"uv":[0,0,4,4],"rotation":180,"texture":"#4"},"west":{"uv":[0,0,0,4],"rotation":180,"texture":"#4"},"up":{"uv":[4,0,0,0],"texture":"#4"},"down":{"uv":[4,0,0,0],"texture":"#4"}}},{"from":[-8,5.12132,19.15076],"to":[6,17.12132,19.15076],"rotation":{"angle":-22.5,"axis":"z","origin":[2.03387,9.31893,24.15076]},"faces":{"north":{"uv":[0,4,4,0],"texture":"#4"},"east":{"uv":[0,0,0,4],"rotation":180,"texture":"#4"},"south":{"uv":[0,0,4,4],"rotation":180,"texture":"#4"},"west":{"uv":[0,0,0,4],"rotation":180,"texture":"#4"},"up":{"uv":[4,0,0,0],"texture":"#4"},"down":{"uv":[4,0,0,0],"texture":"#4"}}},{"from":[-4,0.12132,17.15076],"to":[10,12.12132,17.15076],"rotation":{"angle":0,"axis":"y","origin":[2.03387,9.31893,24.15076]},"faces":{"north":{"uv":[0,4,4,0],"texture":"#4"},"east":{"uv":[0,0,0,4],"rotation":180,"texture":"#4"},"south":{"uv":[0,0,4,4],"rotation":180,"texture":"#4"},"west":{"uv":[0,0,0,4],"rotation":180,"texture":"#4"},"up":{"uv":[4,0,0,0],"texture":"#4"},"down":{"uv":[4,0,0,0],"texture":"#4"}}},{"from":[-4,0.12132,21.15076],"to":[10,12.12132,21.15076],"rotation":{"angle":0,"axis":"y","origin":[2.03387,9.31893,24.15076]},"faces":{"north":{"uv":[0,4,4,0],"texture":"#4"},"east":{"uv":[0,0,0,4],"rotation":180,"texture":"#4"},"south":{"uv":[0,0,4,4],"rotation":180,"texture":"#4"},"west":{"uv":[0,0,0,4],"rotation":180,"texture":"#4"},"up":{"uv":[4,0,0,0],"texture":"#4"},"down":{"uv":[4,0,0,0],"texture":"#4"}}},{"from":[-4,0.12132,25.15076],"to":[10,12.12132,25.15076],"rotation":{"angle":0,"axis":"y","origin":[2.03387,9.31893,24.15076]},"faces":{"north":{"uv":[0,4,4,0],"texture":"#4"},"east":{"uv":[0,0,0,4],"rotation":180,"texture":"#4"},"south":{"uv":[0,0,4,4],"rotation":180,"texture":"#4"},"west":{"uv":[0,0,0,4],"rotation":180,"texture":"#4"},"up":{"uv":[4,0,0,0],"texture":"#4"},"down":{"uv":[4,0,0,0],"texture":"#4"}}},{"from":[-4,0.12132,29.15076],"to":[10,12.12132,29.15076],"rotation":{"angle":0,"axis":"y","origin":[2.03387,9.31893,24.15076]},"faces":{"north":{"uv":[0,4,4,0],"texture":"#4"},"east":{"uv":[0,0,0,4],"rotation":180,"texture":"#4"},"south":{"uv":[0,0,4,4],"rotation":180,"texture":"#4"},"west":{"uv":[0,0,0,4],"rotation":180,"texture":"#4"},"up":{"uv":[4,0,0,0],"texture":"#4"},"down":{"uv":[4,0,0,0],"texture":"#4"}}},{"from":[-10.08239,0.90342,18.15076],"to":[3.91761,12.90342,18.15076],"rotation":{"angle":-22.5,"axis":"z","origin":[2.03387,9.31893,24.15076]},"faces":{"north":{"uv":[0,4,4,0],"texture":"#4"},"east":{"uv":[0,0,0,4],"rotation":180,"texture":"#4"},"south":{"uv":[0,0,4,4],"rotation":180,"texture":"#4"},"west":{"uv":[0,0,0,4],"rotation":180,"texture":"#4"},"up":{"uv":[4,0,0,0],"texture":"#4"},"down":{"uv":[4,0,0,0],"texture":"#4"}}},{"from":[-7.08239,5.90342,21.15076],"to":[6.91761,17.90342,21.15076],"rotation":{"angle":-22.5,"axis":"z","origin":[2.03387,9.31893,24.15076]},"faces":{"north":{"uv":[0,4,4,0],"texture":"#4"},"east":{"uv":[0,0,0,4],"rotation":180,"texture":"#4"},"south":{"uv":[0,0,4,4],"rotation":180,"texture":"#4"},"west":{"uv":[0,0,0,4],"rotation":180,"texture":"#4"},"up":{"uv":[4,0,0,0],"texture":"#4"},"down":{"uv":[4,0,0,0],"texture":"#4"}}},{"from":[-7.08239,5.90342,25.15076],"to":[6.91761,17.90342,25.15076],"rotation":{"angle":-22.5,"axis":"z","origin":[2.03387,9.31893,24.15076]},"faces":{"north":{"uv":[0,4,4,0],"texture":"#4"},"east":{"uv":[0,0,0,4],"rotation":180,"texture":"#4"},"south":{"uv":[0,0,4,4],"rotation":180,"texture":"#4"},"west":{"uv":[0,0,0,4],"rotation":180,"texture":"#4"},"up":{"uv":[4,0,0,0],"texture":"#4"},"down":{"uv":[4,0,0,0],"texture":"#4"}}},{"from":[-7.08239,5.90342,29.15076],"to":[6.91761,17.90342,29.15076],"rotation":{"angle":-22.5,"axis":"z","origin":[2.03387,9.31893,24.15076]},"faces":{"north":{"uv":[0,4,4,0],"texture":"#4"},"east":{"uv":[0,0,0,4],"rotation":180,"texture":"#4"},"south":{"uv":[0,0,4,4],"rotation":180,"texture":"#4"},"west":{"uv":[0,0,0,4],"rotation":180,"texture":"#4"},"up":{"uv":[4,0,0,0],"texture":"#4"},"down":{"uv":[4,0,0,0],"texture":"#4"}}},{"from":[-8,-16,16],"to":[24,0,32],"rotation":{"angle":0,"axis":"y","origin":[-8,0,0]},"faces":{"north":{"uv":[0,10,4,12],"texture":"#4"},"east":{"uv":[6,12,4,14],"texture":"#4"},"south":{"uv":[0,10,4,12],"texture":"#4"},"west":{"uv":[4,12,6,14],"texture":"#4"},"up":{"uv":[4,12,0,10],"texture":"#4"},"down":{"uv":[4,10,0,12],"texture":"#4"}}},{"from":[-1,0,16],"to":[17,16,32],"rotation":{"angle":0,"axis":"y","origin":[-8,0,0]},"faces":{"north":{"uv":[0,8,2.25,10],"texture":"#4"},"east":{"uv":[6,12,4,14],"texture":"#4"},"south":{"uv":[0,8,2.25,10],"texture":"#4"},"west":{"uv":[4,12,6,14],"texture":"#4"},"up":{"uv":[0,8,2.25,10],"texture":"#4"},"down":{"uv":[0,8,2.25,10],"texture":"#4"}}},{"from":[13,-11.87868,31.15076],"to":[27,0.12132,31.15076],"rotation":{"angle":0,"axis":"y","origin":[20.96613,-6.68107,24.15076]},"faces":{"north":{"uv":[4,4,0,0],"texture":"#4"},"east":{"uv":[0,0,0,4],"rotation":180,"texture":"#4"},"south":{"uv":[4,0,0,4],"rotation":180,"texture":"#4"},"west":{"uv":[0,0,0,4],"rotation":180,"texture":"#4"},"up":{"uv":[0,0,4,0],"texture":"#4"},"down":{"uv":[0,0,4,0],"texture":"#4"}}},{"from":[13,-11.87868,27.15076],"to":[27,0.12132,27.15076],"rotation":{"angle":0,"axis":"y","origin":[20.96613,-6.68107,24.15076]},"faces":{"north":{"uv":[4,4,0,0],"texture":"#4"},"east":{"uv":[0,0,0,4],"rotation":180,"texture":"#4"},"south":{"uv":[4,0,0,4],"rotation":180,"texture":"#4"},"west":{"uv":[0,0,0,4],"rotation":180,"texture":"#4"},"up":{"uv":[0,0,4,0],"texture":"#4"},"down":{"uv":[0,0,4,0],"texture":"#4"}}},{"from":[13,-11.87868,23.15076],"to":[27,0.12132,23.15076],"rotation":{"angle":0,"axis":"y","origin":[20.96613,-6.68107,24.15076]},"faces":{"north":{"uv":[4,4,0,0],"texture":"#4"},"east":{"uv":[0,0,0,4],"rotation":180,"texture":"#4"},"south":{"uv":[4,0,0,4],"rotation":180,"texture":"#4"},"west":{"uv":[0,0,0,4],"rotation":180,"texture":"#4"},"up":{"uv":[0,0,4,0],"texture":"#4"},"down":{"uv":[0,0,4,0],"texture":"#4"}}},{"from":[13,-11.87868,19.15076],"to":[27,0.12132,19.15076],"rotation":{"angle":0,"axis":"y","origin":[20.96613,-6.68107,24.15076]},"faces":{"north":{"uv":[4,4,0,0],"texture":"#4"},"east":{"uv":[0,0,0,4],"rotation":180,"texture":"#4"},"south":{"uv":[4,0,0,4],"rotation":180,"texture":"#4"},"west":{"uv":[0,0,0,4],"rotation":180,"texture":"#4"},"up":{"uv":[0,0,4,0],"texture":"#4"},"down":{"uv":[0,0,4,0],"texture":"#4"}}},{"from":[13,-15.87868,17.15076],"to":[27,-3.87868,17.15076],"rotation":{"angle":0,"axis":"y","origin":[20.96613,-6.68107,24.15076]},"faces":{"north":{"uv":[4,4,0,0],"texture":"#4"},"east":{"uv":[0,0,0,4],"rotation":180,"texture":"#4"},"south":{"uv":[4,0,0,4],"rotation":180,"texture":"#4"},"west":{"uv":[0,0,0,4],"rotation":180,"texture":"#4"},"up":{"uv":[0,0,4,0],"texture":"#4"},"down":{"uv":[0,0,4,0],"texture":"#4"}}},{"from":[16,-15.87868,21.15076],"to":[30,-3.87868,21.15076],"rotation":{"angle":-22.5,"axis":"z","origin":[20.96613,-6.68107,24.15076]},"faces":{"north":{"uv":[4,4,0,0],"texture":"#4"},"east":{"uv":[0,0,0,4],"rotation":180,"texture":"#4"},"south":{"uv":[4,0,0,4],"rotation":180,"texture":"#4"},"west":{"uv":[0,0,0,4],"rotation":180,"texture":"#4"},"up":{"uv":[0,0,4,0],"texture":"#4"},"down":{"uv":[0,0,4,0],"texture":"#4"}}},{"from":[16,-15.87868,25.65076],"to":[30,-3.87868,25.65076],"rotation":{"angle":0,"axis":"y","origin":[20.96613,-6.68107,24.65076]},"faces":{"north":{"uv":[4,4,0,0],"texture":"#4"},"east":{"uv":[0,0,0,4],"rotation":180,"texture":"#4"},"south":{"uv":[4,0,0,4],"rotation":180,"texture":"#4"},"west":{"uv":[0,0,0,4],"rotation":180,"texture":"#4"},"up":{"uv":[0,0,4,0],"texture":"#4"},"down":{"uv":[0,0,4,0],"texture":"#4"}}},{"from":[16,-15.87868,29.65076],"to":[30,-3.87868,29.65076],"rotation":{"angle":22.5,"axis":"z","origin":[20.96613,-6.68107,24.65076]},"faces":{"north":{"uv":[4,4,0,0],"texture":"#4"},"east":{"uv":[0,0,0,4],"rotation":180,"texture":"#4"},"south":{"uv":[4,0,0,4],"rotation":180,"texture":"#4"},"west":{"uv":[0,0,0,4],"rotation":180,"texture":"#4"},"up":{"uv":[0,0,4,0],"texture":"#4"},"down":{"uv":[0,0,4,0],"texture":"#4"}}},{"from":[16.08239,-10.09658,18.15076],"to":[30.08239,1.90342,18.15076],"rotation":{"angle":22.5,"axis":"z","origin":[20.96613,-6.68107,24.15076]},"faces":{"north":{"uv":[4,4,0,0],"texture":"#4"},"east":{"uv":[0,0,0,4],"rotation":180,"texture":"#4"},"south":{"uv":[4,0,0,4],"rotation":180,"texture":"#4"},"west":{"uv":[0,0,0,4],"rotation":180,"texture":"#4"},"up":{"uv":[0,0,4,0],"texture":"#4"},"down":{"uv":[0,0,4,0],"texture":"#4"}}},{"from":[17.08239,-8.09658,20.65076],"to":[31.08239,3.90342,20.65076],"rotation":{"angle":0,"axis":"y","origin":[20.96613,-6.68107,24.15076]},"faces":{"north":{"uv":[4,4,0,0],"texture":"#4"},"east":{"uv":[0,0,0,4],"rotation":180,"texture":"#4"},"south":{"uv":[4,0,0,4],"rotation":180,"texture":"#4"},"west":{"uv":[0,0,0,4],"rotation":180,"texture":"#4"},"up":{"uv":[0,0,4,0],"texture":"#4"},"down":{"uv":[0,0,4,0],"texture":"#4"}}},{"from":[17.08239,-10.09658,25.15076],"to":[31.08239,1.90342,25.15076],"rotation":{"angle":22.5,"axis":"z","origin":[20.96613,-6.68107,24.15076]},"faces":{"north":{"uv":[4,4,0,0],"texture":"#4"},"east":{"uv":[0,0,0,4],"rotation":180,"texture":"#4"},"south":{"uv":[4,0,0,4],"rotation":180,"texture":"#4"},"west":{"uv":[0,0,0,4],"rotation":180,"texture":"#4"},"up":{"uv":[0,0,4,0],"texture":"#4"},"down":{"uv":[0,0,4,0],"texture":"#4"}}},{"from":[16.08239,-10.09658,28.40076],"to":[30.08239,1.90342,28.40076],"rotation":{"angle":22.5,"axis":"z","origin":[20.96613,-6.68107,24.15076]},"faces":{"north":{"uv":[4,4,0,0],"texture":"#4"},"east":{"uv":[0,0,0,4],"rotation":180,"texture":"#4"},"south":{"uv":[4,0,0,4],"rotation":180,"texture":"#4"},"west":{"uv":[0,0,0,4],"rotation":180,"texture":"#4"},"up":{"uv":[0,0,4,0],"texture":"#4"},"down":{"uv":[0,0,4,0],"texture":"#4"}}},{"from":[6,4.12132,31.15076],"to":[20,16.12132,31.15076],"rotation":{"angle":0,"axis":"y","origin":[13.96613,9.31893,24.15076]},"faces":{"north":{"uv":[4,4,0,0],"texture":"#4"},"east":{"uv":[0,0,0,4],"rotation":180,"texture":"#4"},"south":{"uv":[4,0,0,4],"rotation":180,"texture":"#4"},"west":{"uv":[0,0,0,4],"rotation":180,"texture":"#4"},"up":{"uv":[0,0,4,0],"texture":"#4"},"down":{"uv":[0,0,4,0],"texture":"#4"}}},{"from":[6,4.12132,27.15076],"to":[20,16.12132,27.15076],"rotation":{"angle":0,"axis":"y","origin":[13.96613,9.31893,24.15076]},"faces":{"north":{"uv":[4,4,0,0],"texture":"#4"},"east":{"uv":[0,0,0,4],"rotation":180,"texture":"#4"},"south":{"uv":[4,0,0,4],"rotation":180,"texture":"#4"},"west":{"uv":[0,0,0,4],"rotation":180,"texture":"#4"},"up":{"uv":[0,0,4,0],"texture":"#4"},"down":{"uv":[0,0,4,0],"texture":"#4"}}},{"from":[6,4.12132,23.15076],"to":[20,16.12132,23.15076],"rotation":{"angle":0,"axis":"y","origin":[13.96613,9.31893,24.15076]},"faces":{"north":{"uv":[4,4,0,0],"texture":"#4"},"east":{"uv":[0,0,0,4],"rotation":180,"texture":"#4"},"south":{"uv":[4,0,0,4],"rotation":180,"texture":"#4"},"west":{"uv":[0,0,0,4],"rotation":180,"texture":"#4"},"up":{"uv":[0,0,4,0],"texture":"#4"},"down":{"uv":[0,0,4,0],"texture":"#4"}}},{"from":[6,4.12132,19.15076],"to":[20,16.12132,19.15076],"rotation":{"angle":0,"axis":"y","origin":[13.96613,9.31893,24.15076]},"faces":{"north":{"uv":[4,4,0,0],"texture":"#4"},"east":{"uv":[0,0,0,4],"rotation":180,"texture":"#4"},"south":{"uv":[4,0,0,4],"rotation":180,"texture":"#4"},"west":{"uv":[0,0,0,4],"rotation":180,"texture":"#4"},"up":{"uv":[0,0,4,0],"texture":"#4"},"down":{"uv":[0,0,4,0],"texture":"#4"}}},{"from":[6,0.12132,17.15076],"to":[20,12.12132,17.15076],"rotation":{"angle":0,"axis":"y","origin":[13.96613,9.31893,24.15076]},"faces":{"north":{"uv":[4,4,0,0],"texture":"#4"},"east":{"uv":[0,0,0,4],"rotation":180,"texture":"#4"},"south":{"uv":[4,0,0,4],"rotation":180,"texture":"#4"},"west":{"uv":[0,0,0,4],"rotation":180,"texture":"#4"},"up":{"uv":[0,0,4,0],"texture":"#4"},"down":{"uv":[0,0,4,0],"texture":"#4"}}},{"from":[6,0.12132,21.15076],"to":[20,12.12132,21.15076],"rotation":{"angle":0,"axis":"y","origin":[13.96613,9.31893,24.15076]},"faces":{"north":{"uv":[4,4,0,0],"texture":"#4"},"east":{"uv":[0,0,0,4],"rotation":180,"texture":"#4"},"south":{"uv":[4,0,0,4],"rotation":180,"texture":"#4"},"west":{"uv":[0,0,0,4],"rotation":180,"texture":"#4"},"up":{"uv":[0,0,4,0],"texture":"#4"},"down":{"uv":[0,0,4,0],"texture":"#4"}}},{"from":[6,0.12132,25.15076],"to":[20,12.12132,25.15076],"rotation":{"angle":0,"axis":"y","origin":[13.96613,9.31893,24.15076]},"faces":{"north":{"uv":[4,4,0,0],"texture":"#4"},"east":{"uv":[0,0,0,4],"rotation":180,"texture":"#4"},"south":{"uv":[4,0,0,4],"rotation":180,"texture":"#4"},"west":{"uv":[0,0,0,4],"rotation":180,"texture":"#4"},"up":{"uv":[0,0,4,0],"texture":"#4"},"down":{"uv":[0,0,4,0],"texture":"#4"}}},{"from":[6,0.12132,29.15076],"to":[20,12.12132,29.15076],"rotation":{"angle":0,"axis":"y","origin":[13.96613,9.31893,24.15076]},"faces":{"north":{"uv":[4,4,0,0],"texture":"#4"},"east":{"uv":[0,0,0,4],"rotation":180,"texture":"#4"},"south":{"uv":[4,0,0,4],"rotation":180,"texture":"#4"},"west":{"uv":[0,0,0,4],"rotation":180,"texture":"#4"},"up":{"uv":[0,0,4,0],"texture":"#4"},"down":{"uv":[0,0,4,0],"texture":"#4"}}},{"from":[8.08239,1.90342,18.15076],"to":[22.08239,13.90342,18.15076],"rotation":{"angle":22.5,"axis":"z","origin":[13.96613,9.31893,24.15076]},"faces":{"north":{"uv":[4,4,0,0],"texture":"#4"},"east":{"uv":[0,0,0,4],"rotation":180,"texture":"#4"},"south":{"uv":[4,0,0,4],"rotation":180,"texture":"#4"},"west":{"uv":[0,0,0,4],"rotation":180,"texture":"#4"},"up":{"uv":[0,0,4,0],"texture":"#4"},"down":{"uv":[0,0,4,0],"texture":"#4"}}},{"from":[9.08239,5.90342,20.65076],"to":[23.08239,17.90342,20.65076],"rotation":{"angle":0,"axis":"y","origin":[13.96613,9.31893,23.65076]},"faces":{"north":{"uv":[4,4,0,0],"texture":"#4"},"east":{"uv":[0,0,0,4],"rotation":180,"texture":"#4"},"south":{"uv":[4,0,0,4],"rotation":180,"texture":"#4"},"west":{"uv":[0,0,0,4],"rotation":180,"texture":"#4"},"up":{"uv":[0,0,4,0],"texture":"#4"},"down":{"uv":[0,0,4,0],"texture":"#4"}}},{"from":[10.08239,4.90342,24.65076],"to":[24.08239,16.90342,24.65076],"rotation":{"angle":22.5,"axis":"z","origin":[13.96613,9.31893,23.65076]},"faces":{"north":{"uv":[4,4,0,0],"texture":"#4"},"east":{"uv":[0,0,0,4],"rotation":180,"texture":"#4"},"south":{"uv":[4,0,0,4],"rotation":180,"texture":"#4"},"west":{"uv":[0,0,0,4],"rotation":180,"texture":"#4"},"up":{"uv":[0,0,4,0],"texture":"#4"},"down":{"uv":[0,0,4,0],"texture":"#4"}}},{"from":[9.08239,5.90342,28.65076],"to":[23.08239,17.90342,28.65076],"rotation":{"angle":0,"axis":"y","origin":[13.96613,9.31893,23.65076]},"faces":{"north":{"uv":[4,4,0,0],"texture":"#4"},"east":{"uv":[0,0,0,4],"rotation":180,"texture":"#4"},"south":{"uv":[4,0,0,4],"rotation":180,"texture":"#4"},"west":{"uv":[0,0,0,4],"rotation":180,"texture":"#4"},"up":{"uv":[0,0,4,0],"texture":"#4"},"down":{"uv":[0,0,4,0],"texture":"#4"}}},{"from":[7,-16,8.65173],"to":[9,0,10.65173],"rotation":{"angle":22.5,"axis":"x","origin":[8,3.82066,5.41584]},"faces":{"north":{"uv":[12.5,1,12,5],"texture":"#4"},"east":{"uv":[12.5,1,12,5],"texture":"#4"},"south":{"uv":[12.5,1,12,5],"texture":"#4"},"west":{"uv":[12.5,1,12,5],"texture":"#4"},"up":{"uv":[12.5,1.5,13,1],"texture":"#4"},"down":{"uv":[12.5,1.5,13,1],"texture":"#4"}}},{"from":[0,-16,9.51449],"to":[16,16,9.51449],"rotation":{"angle":22.5,"axis":"x","origin":[8,3.82066,5.41584]},"faces":{"north":{"uv":[8,0,12,8],"texture":"#4"},"east":{"uv":[8,0,8,0],"rotation":180,"texture":"#4"},"south":{"uv":[12,0,8,8],"texture":"#4"},"west":{"uv":[8,0,8,0],"rotation":180,"texture":"#4"},"up":{"uv":[8,0,8,0],"rotation":180,"texture":"#4"},"down":{"uv":[8,0,8,0],"rotation":180,"texture":"#4"}}},{"from":[0,15.64131,9.3172],"to":[16,15.64131,13.3172],"rotation":{"angle":22.5,"axis":"x","origin":[8,3.82066,5.41584]},"faces":{"north":{"uv":[8,0,8,0],"rotation":180,"texture":"#4"},"east":{"uv":[8,0,8,0],"rotation":180,"texture":"#4"},"south":{"uv":[8,0,8,0],"rotation":180,"texture":"#4"},"west":{"uv":[8,0,8,0],"rotation":180,"texture":"#4"},"up":{"uv":[16,0,12,1],"texture":"#4"},"down":{"uv":[16,1,12,0],"texture":"#4"}}}],"gui_light":"front","display":{"thirdperson_righthand":{"translation":[0,8,-0.5],"scale":[0.33,0.33,0.33]},"thirdperson_lefthand":{"translation":[0,8,-0.5],"scale":[0.33,0.33,0.33]},"firstperson_righthand":{"translation":[0,8,-0.5],"scale":[0.22,0.22,0.22]},"firstperson_lefthand":{"translation":[0,8,-0.5],"scale":[0.22,0.22,0.22]},"ground":{"translation":[0,8,-5.5],"scale":[0.5,0.5,0.5]},"gui":{"rotation":[30,225,0],"translation":[2.25,0.5,0],"scale":[0.24,0.24,0.24]},"head":{"rotation":[0,180,0],"translation":[0,-4.5,0],"scale":[1.6,1.6,1.6]},"fixed":{"scale":[0,0,0]}},"groups":[{"name":"Rices","origin":[15,5.87868,-11.09188],"color":0,"children":[0,1,2,3,4,5,6,7,8,9,10,11,12,13,14,15,16,17,18,19,20,21,22,23]},{"name":"HatStack","origin":[-8,0,0],"color":0,"children":[24,25]},{"name":"Rices","origin":[15,5.87868,-11.09188],"color":0,"children":[26,27,28,29,30,31,32,33,34,35,36,37,38,39,40,41,42,43,44,45,46,47,48,49]},{"name":"Rake","origin":[8,30,11],"color":0,"children":[50,51,52]}]}