{"credit":"Made with Blockbench","texture_size":[64,64],"textures":{"1":"elitecreatures:farmer_decoration_v1/farmer_stone"},"elements":[{"from":[-4,0,3],"to":[5,6,11],"rotation":{"angle":0,"axis":"y","origin":[7.48,2,7.19]},"faces":{"north":{"uv":[0,8.75,2.25,10.25],"texture":"#1"},"east":{"uv":[2.25,8.75,4.25,10.25],"texture":"#1"},"south":{"uv":[0,8.75,2.25,10.25],"texture":"#1"},"west":{"uv":[2.25,8.75,4.25,10.25],"texture":"#1"},"up":{"uv":[8.75,6.5,6.5,4.5],"texture":"#1"},"down":{"uv":[8.75,6.5,6.5,8.5],"texture":"#1"}}},{"from":[3,0,19],"to":[12,5,27],"rotation":{"angle":0,"axis":"y","origin":[7.48,2,7.19]},"faces":{"north":{"uv":[0,8.75,2.25,10],"texture":"#1"},"east":{"uv":[2.25,8.75,4.25,10],"texture":"#1"},"south":{"uv":[0,8.75,2.25,10],"texture":"#1"},"west":{"uv":[2.25,8.75,4.25,10],"texture":"#1"},"up":{"uv":[8.75,6.5,6.5,4.5],"texture":"#1"},"down":{"uv":[8.75,6.5,6.5,8.5],"texture":"#1"}}},{"from":[7,0,6],"to":[13,7,12],"rotation":{"angle":0,"axis":"y","origin":[7.48,2,7.19]},"faces":{"north":{"uv":[4.25,8.75,5.75,10.5],"texture":"#1"},"east":{"uv":[4.25,8.75,5.75,10.5],"texture":"#1"},"south":{"uv":[4.25,8.75,5.75,10.5],"texture":"#1"},"west":{"uv":[4.25,8.75,5.75,10.5],"texture":"#1"},"up":{"uv":[11.25,1.5,9.75,0],"texture":"#1"},"down":{"uv":[11.25,1.5,9.75,3],"texture":"#1"}}},{"from":[11,0,2],"to":[13,1,4],"rotation":{"angle":0,"axis":"y","origin":[7.48,2,7.19]},"faces":{"north":{"uv":[8.25,0,8.75,0.25],"texture":"#1"},"east":{"uv":[8.25,0,8.75,0.25],"texture":"#1"},"south":{"uv":[8.25,0,8.75,0.25],"texture":"#1"},"west":{"uv":[8.25,0,8.75,0.25],"texture":"#1"},"up":{"uv":[9.25,0.5,8.75,0],"texture":"#1"},"down":{"uv":[9.75,0,9.25,0.5],"texture":"#1"}}},{"from":[-14,0,4],"to":[-10,1,9],"rotation":{"angle":0,"axis":"y","origin":[7.48,2,7.19]},"faces":{"north":{"uv":[8.25,0,8.75,0.25],"texture":"#1"},"east":{"uv":[8.25,0,8.75,0.25],"texture":"#1"},"south":{"uv":[8.25,0,8.75,0.25],"texture":"#1"},"west":{"uv":[8.25,0,8.75,0.25],"texture":"#1"},"up":{"uv":[9.25,0.5,8.75,0],"texture":"#1"},"down":{"uv":[9.75,0,9.25,0.5],"texture":"#1"}}},{"from":[9,0,16],"to":[15,3,22],"rotation":{"angle":0,"axis":"y","origin":[7.48,2,7.19]},"faces":{"north":{"uv":[4.25,8.75,5.75,9.5],"texture":"#1"},"east":{"uv":[4.25,8.75,5.75,9.5],"texture":"#1"},"south":{"uv":[4.25,8.75,5.75,9.5],"texture":"#1"},"west":{"uv":[4.25,8.75,5.75,9.5],"texture":"#1"},"up":{"uv":[2.25,2.5,0.75,1],"texture":"#1"},"down":{"uv":[11.25,1.5,9.75,3],"texture":"#1"}}},{"from":[-13,0,6],"to":[1,9,19],"rotation":{"angle":0,"axis":"y","origin":[5.48,2,6.19]},"faces":{"north":{"uv":[0,6.5,3.5,8.75],"texture":"#1"},"east":{"uv":[6.5,2.25,9.75,4.5],"texture":"#1"},"south":{"uv":[0,6.5,3.5,8.75],"texture":"#1"},"west":{"uv":[6.5,2.25,9.75,4.5],"texture":"#1"},"up":{"uv":[3.5,3.25,0,0],"texture":"#1"},"down":{"uv":[3.5,3.25,0,6.5],"texture":"#1"}}},{"from":[-12,0,19],"to":[0,9,32],"rotation":{"angle":45,"axis":"x","origin":[-6,9,19]},"faces":{"north":{"uv":[3.5,6.5,6.5,8.75],"texture":"#1"},"east":{"uv":[0,6.5,3.25,8.75],"texture":"#1"},"south":{"uv":[3.5,6.5,6.5,8.75],"texture":"#1"},"west":{"uv":[0,6.5,3.25,8.75],"texture":"#1"},"up":{"uv":[3,3.25,0,0],"texture":"#1"},"down":{"uv":[3.25,0,0.25,3.25],"texture":"#1"}}}],"gui_light":"front","display":{"thirdperson_righthand":{"rotation":[75,45,0],"translation":[0,7.25,2.75],"scale":[0.375,0.375,0.375]},"thirdperson_lefthand":{"rotation":[75,45,0],"translation":[0,7.25,2.75],"scale":[0.375,0.375,0.375]},"firstperson_righthand":{"rotation":[0,179,0],"translation":[0,4.25,0],"scale":[0.43,0.43,0.43]},"firstperson_lefthand":{"rotation":[0,179,0],"translation":[4,4.25,0],"scale":[0.43,0.43,0.43]},"ground":{"translation":[4,2,-4],"scale":[0.5,0.5,0.5]},"gui":{"rotation":[30,225,0],"translation":[0,-1,0],"scale":[0.34,0.34,0.34]},"head":{"scale":[0,0,0]},"fixed":{"rotation":[-90,0,0],"translation":[12.75,-13.5,-16.5],"scale":[2,2,2]}}}