{"credit":"MadewithBlockbench","texture_size":[64,64],"textures":{"0":"elitecreatures:dungeon_decoration_v1/dungeon_skeleton_sleep","particle":"elitecreatures:dungeon_decoration_v1/dungeon_skeleton_sleep"},"elements":[{"from":[13,-1,10],"to":[21,7,16],"rotation":{"angle":-22.5,"axis":"y","origin":[0,0,-11]},"faces":{"north":{"uv":[2,5.25,0,3.25],"rotation":180,"texture":"#0"},"east":{"uv":[4,1.5,6,3],"rotation":270,"texture":"#0"},"south":{"uv":[2,5.25,0,3.25],"texture":"#0"},"west":{"uv":[4,1.5,6,3],"rotation":90,"texture":"#0"},"up":{"uv":[4,0,6,1.5],"rotation":180,"texture":"#0"},"down":{"uv":[4,3,6,4.5],"texture":"#0"}}},{"from":[2.8,7,17.1],"to":[5.3,7.5,18.1],"rotation":{"angle":-22.5,"axis":"y","origin":[5,0,18]},"faces":{"north":{"uv":[1.125,8,0.5,8.125],"rotation":180,"texture":"#0"},"east":{"uv":[1.25,7.75,1.125,8],"rotation":270,"texture":"#0"},"south":{"uv":[1.125,8,0.5,8.125],"texture":"#0"},"west":{"uv":[1.25,7.75,1.125,8],"rotation":90,"texture":"#0"},"up":{"uv":[1.125,7.75,0.5,8],"rotation":180,"texture":"#0"},"down":{"uv":[1.125,7.75,0.5,8],"texture":"#0"}}},{"from":[7.5,7,18.1],"to":[10,7.5,19.1],"rotation":{"angle":0,"axis":"y","origin":[11,0,18]},"faces":{"north":{"uv":[0.5,8,1.125,8.125],"rotation":180,"texture":"#0"},"east":{"uv":[1.125,7.75,1.25,8],"rotation":270,"texture":"#0"},"south":{"uv":[0.5,8,1.125,8.125],"texture":"#0"},"west":{"uv":[1.125,7.75,1.25,8],"rotation":90,"texture":"#0"},"up":{"uv":[0.5,7.75,1.125,8],"rotation":180,"texture":"#0"},"down":{"uv":[0.5,7.75,1.125,8],"texture":"#0"}}},{"from":[14,-1,8],"to":[20,4,10],"rotation":{"angle":-22.5,"axis":"y","origin":[0,0,-11]},"faces":{"north":{"uv":[5.5,5.75,4,4.5],"rotation":180,"texture":"#0"},"east":{"uv":[6,3.25,7.25,3.75],"rotation":270,"texture":"#0"},"south":{"uv":[5.5,5.75,4,4.5],"texture":"#0"},"west":{"uv":[6,3.25,7.25,3.75],"rotation":90,"texture":"#0"},"up":{"uv":[6,3.75,7.5,4.25],"rotation":180,"texture":"#0"},"down":{"uv":[0.5,6.25,2,6.75],"texture":"#0"}}},{"from":[14,4,8],"to":[20,6,9],"rotation":{"angle":-22.5,"axis":"y","origin":[0,0,-11]},"faces":{"north":{"uv":[2,7.5,0.5,7],"rotation":180,"texture":"#0"},"east":{"uv":[0.5,7.5,1,7.75],"rotation":270,"texture":"#0"},"south":{"uv":[2,7.5,0.5,7],"texture":"#0"},"west":{"uv":[0.5,7.5,1,7.75],"rotation":90,"texture":"#0"},"up":{"uv":[0.5,6.75,2,7],"rotation":180,"texture":"#0"},"down":{"uv":[0.5,6.75,2,7],"texture":"#0"}}},{"from":[4,4,0],"to":[12,4,13],"rotation":{"angle":0,"axis":"y","origin":[0,0,-11]},"faces":{"up":{"uv":[0,0,2,3.25],"rotation":180,"texture":"#0"},"down":{"uv":[0,0,2,3.25],"texture":"#0"}}},{"from":[12,0,0],"to":[12,4,13],"rotation":{"angle":0,"axis":"y","origin":[0,0,-11]},"faces":{"east":{"uv":[3,3.25,4,6.5],"rotation":270,"texture":"#0"},"west":{"uv":[3,3.25,4,6.5],"rotation":90,"texture":"#0"}}},{"from":[4,0,13],"to":[12,4,13],"rotation":{"angle":0,"axis":"y","origin":[0,0,-11]},"faces":{"north":{"uv":[2,6.25,0,5.25],"rotation":180,"texture":"#0"},"south":{"uv":[2,6.25,0,5.25],"texture":"#0"}}},{"from":[4,0,0],"to":[12,0,13],"rotation":{"angle":0,"axis":"y","origin":[0,0,-11]},"faces":{"up":{"uv":[2,0,4,3.25],"rotation":180,"texture":"#0"},"down":{"uv":[2,0,4,3.25],"texture":"#0"}}},{"from":[4,0,0],"to":[4,4,13],"rotation":{"angle":0,"axis":"y","origin":[0,0,-11]},"faces":{"east":{"uv":[2,3.25,3,6.5],"rotation":270,"texture":"#0"},"west":{"uv":[2,3.25,3,6.5],"rotation":90,"texture":"#0"}}},{"from":[4,0,0],"to":[12,4,0],"rotation":{"angle":0,"axis":"y","origin":[0,0,-11]},"faces":{"north":{"uv":[7.5,4.5,5.5,5.5],"rotation":180,"texture":"#0"},"south":{"uv":[7.5,4.5,5.5,5.5],"texture":"#0"}}},{"from":[13,0,-16],"to":[15,2,-5],"rotation":{"angle":-22.5,"axis":"y","origin":[0,-1,-11]},"faces":{"north":{"uv":[5,6.75,4.5,6.25],"rotation":180,"texture":"#0"},"east":{"uv":[0,6.25,0.5,9],"rotation":270,"texture":"#0"},"south":{"uv":[5,6.75,4.5,6.25],"texture":"#0"},"west":{"uv":[0,6.25,0.5,9],"rotation":90,"texture":"#0"},"up":{"uv":[6,5.5,6.5,8.25],"rotation":180,"texture":"#0"},"down":{"uv":[6,5.5,6.5,8.25],"texture":"#0"}}},{"from":[1,0,-15],"to":[3,2,-4],"rotation":{"angle":22.5,"axis":"y","origin":[16,-1,-11]},"faces":{"north":{"uv":[4.5,6.75,5,6.25],"rotation":180,"texture":"#0"},"east":{"uv":[0.5,6.25,0,9],"rotation":270,"texture":"#0"},"south":{"uv":[4.5,6.75,5,6.25],"texture":"#0"},"west":{"uv":[0.5,6.25,0,9],"rotation":90,"texture":"#0"},"up":{"uv":[6.5,5.5,6,8.25],"rotation":180,"texture":"#0"},"down":{"uv":[6.5,5.5,6,8.25],"texture":"#0"}}},{"from":[-10,0,-16],"to":[-8,2,-3],"rotation":{"angle":45,"axis":"y","origin":[16,-1,-11]},"faces":{"north":{"uv":[4,6.75,4.5,6.25],"rotation":180,"texture":"#0"},"east":{"uv":[6.5,0,6,3.25],"rotation":270,"texture":"#0"},"south":{"uv":[4,6.75,4.5,6.25],"texture":"#0"},"west":{"uv":[6.5,0,6,3.25],"rotation":90,"texture":"#0"},"up":{"uv":[6,5.5,5.5,8.75],"rotation":180,"texture":"#0"},"down":{"uv":[6,5.5,5.5,8.75],"texture":"#0"}}},{"from":[19,0,-7],"to":[21,2,6],"rotation":{"angle":-22.5,"axis":"y","origin":[0,-1,-11]},"faces":{"north":{"uv":[4.5,6.75,4,6.25],"rotation":180,"texture":"#0"},"east":{"uv":[6,0,6.5,3.25],"rotation":270,"texture":"#0"},"south":{"uv":[4.5,6.75,4,6.25],"texture":"#0"},"west":{"uv":[6,0,6.5,3.25],"rotation":90,"texture":"#0"},"up":{"uv":[5.5,5.5,6,8.75],"rotation":180,"texture":"#0"},"down":{"uv":[5.5,5.5,6,8.75],"texture":"#0"}}}],"gui_light":"front","display":{"thirdperson_righthand":{"translation":[0,3.5,3.25],"scale":[0.35,0.35,0.35]},"thirdperson_lefthand":{"translation":[0,3.5,3.25],"scale":[0.35,0.35,0.35]},"firstperson_righthand":{"translation":[0,4.75,0],"scale":[0.45,0.45,0.45]},"firstperson_lefthand":{"translation":[0,4.75,0],"scale":[0.45,0.45,0.45]},"ground":{"translation":[0,2,0],"scale":[0.5,0.5,0.5]},"gui":{"rotation":[30,-164,0],"translation":[-0.5,0.75,0],"scale":[0.4,0.4,0.4]},"head":{"translation":[0,-35.25,0]},"fixed":{"rotation":[-90,0,0],"translation":[1,3.25,-18.5],"scale":[2,2,2]}},"groups":[{"name":"group","origin":[0,0,0],"color":0,"children":[0,1,2,3,4]},{"name":"group","origin":[0,0,0],"color":0,"children":[5,6,7,8,9,10]},{"name":"group","origin":[16,0,0],"color":0,"children":[11,12]},{"name":"group","origin":[0,0,0],"color":0,"children":[13,14]}]}