{
  "credit": "Made with Blockbench",
  "texture_size": [
    48,
    48
  ],
  "textures": {
    "0": "empowered_glorious_set:empowered_glorious_set/chest",
    "1": "empowered_glorious_set:empowered_glorious_set/eff_01",
    "particle": "empowered_glorious_set:empowered_glorious_set/chest"
  },
  "elements": [
    {
      "from": [
        6.75,
        4,
        3.9375
      ],
      "to": [
        9.25,
        6.5,
        4.6875
      ],
      "rotation": {
        "angle": 0,
        "axis": "x",
        "origin": [
          8,
          6.3875,
          11.9375
        ]
      },
      "faces": {
        "north": {
          "uv": [
            7.66667,
            11.66667,
            8.5,
            12.5
          ],
          "texture": "#0"
        },
        "east": {
          "uv": [
            1.33333,
            11,
            1.66667,
            11.83333
          ],
          "texture": "#0"
        },
        "south": {
          "uv": [
            12,
            0,
            12.83333,
            0.83333
          ],
          "texture": "#0"
        },
        "west": {
          "uv": [
            12,
            13.66667,
            12.33333,
            14.5
          ],
          "texture": "#0"
        },
        "up": {
          "uv": [
            13.5,
            5,
            12.66667,
            4.66667
          ],
          "texture": "#0"
        },
        "down": {
          "uv": [
            13.83333,
            0.66667,
            13,
            1
          ],
          "texture": "#0"
        }
      }
    },
    {
      "from": [
        2.25,
        5.4,
        3.9375
      ],
      "to": [
        4,
        8.4,
        5.6875
      ],
      "rotation": {
        "angle": 0,
        "axis": "x",
        "origin": [
          8,
          6.3875,
          11.9375
        ]
      },
      "faces": {
        "north": {
          "uv": [
            12,
            4,
            12.66667,
            5
          ],
          "texture": "#0"
        },
        "east": {
          "uv": [
            4.66667,
            12,
            5.33333,
            13
          ],
          "texture": "#0"
        },
        "south": {
          "uv": [
            12,
            7.66667,
            12.66667,
            8.66667
          ],
          "texture": "#0"
        },
        "west": {
          "uv": [
            8.66667,
            12,
            9.33333,
            13
          ],
          "texture": "#0"
        },
        "up": {
          "uv": [
            10,
            14.33333,
            9.33333,
            13.66667
          ],
          "texture": "#0"
        },
        "down": {
          "uv": [
            10.66667,
            13.66667,
            10,
            14.33333
          ],
          "texture": "#0"
        }
      }
    },
    {
      "from": [
        3,
        6,
        4.6875
      ],
      "to": [
        13,
        8,
        11.6875
      ],
      "rotation": {
        "angle": 0,
        "axis": "x",
        "origin": [
          8,
          6.3875,
          11.9375
        ]
      },
      "faces": {
        "north": {
          "uv": [
            0,
            9,
            3.33333,
            9.66667
          ],
          "texture": "#0"
        },
        "east": {
          "uv": [
            6.66667,
            9,
            9,
            9.66667
          ],
          "texture": "#0"
        },
        "south": {
          "uv": [
            3.33333,
            9,
            6.66667,
            9.66667
          ],
          "texture": "#0"
        },
        "west": {
          "uv": [
            9,
            9,
            11.33333,
            9.66667
          ],
          "texture": "#0"
        },
        "up": {
          "uv": [
            10,
            7.66667,
            6.66667,
            5.33333
          ],
          "texture": "#0"
        },
        "down": {
          "uv": [
            10.66667,
            0,
            7.33333,
            2.33333
          ],
          "texture": "#0"
        }
      }
    },
    {
      "from": [
        7.125,
        5.4,
        4.1875
      ],
      "to": [
        8.875,
        8.4,
        5.9375
      ],
      "rotation": {
        "angle": 0,
        "axis": "x",
        "origin": [
          8,
          6.3875,
          11.9375
        ]
      },
      "faces": {
        "north": {
          "uv": [
            12,
            11,
            12.66667,
            12
          ],
          "texture": "#0"
        },
        "east": {
          "uv": [
            11.33333,
            12,
            12,
            13
          ],
          "texture": "#0"
        },
        "south": {
          "uv": [
            12,
            12,
            12.66667,
            13
          ],
          "texture": "#0"
        },
        "west": {
          "uv": [
            0,
            12.33333,
            0.66667,
            13.33333
          ],
          "texture": "#0"
        },
        "up": {
          "uv": [
            14.33333,
            14,
            13.66667,
            13.33333
          ],
          "texture": "#0"
        },
        "down": {
          "uv": [
            0.66667,
            14,
            0,
            14.66667
          ],
          "texture": "#0"
        }
      }
    },
    {
      "from": [
        12,
        5.4,
        3.9375
      ],
      "to": [
        13.75,
        8.4,
        5.6875
      ],
      "rotation": {
        "angle": 0,
        "axis": "x",
        "origin": [
          8,
          6.3875,
          11.9375
        ]
      },
      "faces": {
        "north": {
          "uv": [
            9.33333,
            12,
            10,
            13
          ],
          "texture": "#0"
        },
        "east": {
          "uv": [
            10,
            12,
            10.66667,
            13
          ],
          "texture": "#0"
        },
        "south": {
          "uv": [
            12,
            10,
            12.66667,
            11
          ],
          "texture": "#0"
        },
        "west": {
          "uv": [
            10.66667,
            12,
            11.33333,
            13
          ],
          "texture": "#0"
        },
        "up": {
          "uv": [
            11.33333,
            14.33333,
            10.66667,
            13.66667
          ],
          "texture": "#0"
        },
        "down": {
          "uv": [
            12,
            13.66667,
            11.33333,
            14.33333
          ],
          "texture": "#0"
        }
      }
    },
    {
      "from": [
        12,
        6.65,
        5.6875
      ],
      "to": [
        13.75,
        8.4,
        10.6875
      ],
      "rotation": {
        "angle": 0,
        "axis": "x",
        "origin": [
          8,
          6.3875,
          11.9375
        ]
      },
      "faces": {
        "north": {
          "uv": [
            5.33333,
            14,
            6,
            14.66667
          ],
          "texture": "#0"
        },
        "east": {
          "uv": [
            8.66667,
            10,
            10.33333,
            10.66667
          ],
          "texture": "#0"
        },
        "south": {
          "uv": [
            6,
            14,
            6.66667,
            14.66667
          ],
          "texture": "#0"
        },
        "west": {
          "uv": [
            0,
            10.33333,
            1.66667,
            11
          ],
          "texture": "#0"
        },
        "up": {
          "uv": [
            2.33333,
            12,
            1.66667,
            10.33333
          ],
          "texture": "#0"
        },
        "down": {
          "uv": [
            3,
            10.33333,
            2.33333,
            12
          ],
          "texture": "#0"
        }
      }
    },
    {
      "from": [
        7.125,
        6.65,
        5.9375
      ],
      "to": [
        8.875,
        8.4,
        10.4375
      ],
      "rotation": {
        "angle": 0,
        "axis": "x",
        "origin": [
          8,
          6.3875,
          11.9375
        ]
      },
      "faces": {
        "north": {
          "uv": [
            14,
            3.33333,
            14.66667,
            4
          ],
          "texture": "#0"
        },
        "east": {
          "uv": [
            5.66667,
            10.33333,
            7.16667,
            11
          ],
          "texture": "#0"
        },
        "south": {
          "uv": [
            14,
            4,
            14.66667,
            4.66667
          ],
          "texture": "#0"
        },
        "west": {
          "uv": [
            10.33333,
            10,
            11.83333,
            10.66667
          ],
          "texture": "#0"
        },
        "up": {
          "uv": [
            11.33333,
            1.5,
            10.66667,
            0
          ],
          "texture": "#0"
        },
        "down": {
          "uv": [
            11.33333,
            1.66667,
            10.66667,
            3.16667
          ],
          "texture": "#0"
        }
      }
    },
    {
      "from": [
        2.25,
        6.65,
        5.6875
      ],
      "to": [
        4,
        8.4,
        10.6875
      ],
      "rotation": {
        "angle": 0,
        "axis": "x",
        "origin": [
          8,
          6.3875,
          11.9375
        ]
      },
      "faces": {
        "north": {
          "uv": [
            14,
            2,
            14.66667,
            2.66667
          ],
          "texture": "#0"
        },
        "east": {
          "uv": [
            10,
            6,
            11.66667,
            6.66667
          ],
          "texture": "#0"
        },
        "south": {
          "uv": [
            14,
            2.66667,
            14.66667,
            3.33333
          ],
          "texture": "#0"
        },
        "west": {
          "uv": [
            10,
            6.66667,
            11.66667,
            7.33333
          ],
          "texture": "#0"
        },
        "up": {
          "uv": [
            8,
            11.66667,
            7.33333,
            10
          ],
          "texture": "#0"
        },
        "down": {
          "uv": [
            8.66667,
            10,
            8,
            11.66667
          ],
          "texture": "#0"
        }
      }
    },
    {
      "from": [
        2.25,
        5.4,
        10.6875
      ],
      "to": [
        4,
        8.4,
        12.4375
      ],
      "rotation": {
        "angle": 0,
        "axis": "x",
        "origin": [
          8,
          6.3875,
          11.9375
        ]
      },
      "faces": {
        "north": {
          "uv": [
            2.66667,
            12,
            3.33333,
            13
          ],
          "texture": "#0"
        },
        "east": {
          "uv": [
            12,
            3,
            12.66667,
            4
          ],
          "texture": "#0"
        },
        "south": {
          "uv": [
            3.33333,
            12,
            4,
            13
          ],
          "texture": "#0"
        },
        "west": {
          "uv": [
            4,
            12,
            4.66667,
            13
          ],
          "texture": "#0"
        },
        "up": {
          "uv": [
            8.66667,
            14.33333,
            8,
            13.66667
          ],
          "texture": "#0"
        },
        "down": {
          "uv": [
            9.33333,
            13.66667,
            8.66667,
            14.33333
          ],
          "texture": "#0"
        }
      }
    },
    {
      "from": [
        7.125,
        5.4,
        10.4375
      ],
      "to": [
        8.875,
        8.4,
        12.1875
      ],
      "rotation": {
        "angle": 0,
        "axis": "x",
        "origin": [
          8,
          6.3875,
          11.9375
        ]
      },
      "faces": {
        "north": {
          "uv": [
            0.66667,
            12.33333,
            1.33333,
            13.33333
          ],
          "texture": "#0"
        },
        "east": {
          "uv": [
            5.33333,
            12.33333,
            6,
            13.33333
          ],
          "texture": "#0"
        },
        "south": {
          "uv": [
            6,
            12.33333,
            6.66667,
            13.33333
          ],
          "texture": "#0"
        },
        "west": {
          "uv": [
            12.33333,
            6,
            13,
            7
          ],
          "texture": "#0"
        },
        "up": {
          "uv": [
            1.33333,
            14.66667,
            0.66667,
            14
          ],
          "texture": "#0"
        },
        "down": {
          "uv": [
            14.66667,
            1.33333,
            14,
            2
          ],
          "texture": "#0"
        }
      }
    },
    {
      "from": [
        12,
        5.4,
        10.6875
      ],
      "to": [
        13.75,
        8.4,
        12.4375
      ],
      "rotation": {
        "angle": 0,
        "axis": "x",
        "origin": [
          8,
          6.3875,
          11.9375
        ]
      },
      "faces": {
        "north": {
          "uv": [
            12,
            1,
            12.66667,
            2
          ],
          "texture": "#0"
        },
        "east": {
          "uv": [
            1.33333,
            12,
            2,
            13
          ],
          "texture": "#0"
        },
        "south": {
          "uv": [
            2,
            12,
            2.66667,
            13
          ],
          "texture": "#0"
        },
        "west": {
          "uv": [
            12,
            2,
            12.66667,
            3
          ],
          "texture": "#0"
        },
        "up": {
          "uv": [
            14.33333,
            6.66667,
            13.66667,
            6
          ],
          "texture": "#0"
        },
        "down": {
          "uv": [
            7.33333,
            13.66667,
            6.66667,
            14.33333
          ],
          "texture": "#0"
        }
      }
    },
    {
      "from": [
        2.75,
        5.725,
        4.4375
      ],
      "to": [
        13.25,
        6.475,
        11.9375
      ],
      "rotation": {
        "angle": 0,
        "axis": "x",
        "origin": [
          8,
          6.3875,
          11.9375
        ]
      },
      "faces": {
        "north": {
          "uv": [
            10,
            5.33333,
            13.5,
            5.66667
          ],
          "texture": "#0"
        },
        "east": {
          "uv": [
            11.33333,
            9,
            13.83333,
            9.33333
          ],
          "texture": "#0"
        },
        "south": {
          "uv": [
            10,
            5.66667,
            13.5,
            6
          ],
          "texture": "#0"
        },
        "west": {
          "uv": [
            11.33333,
            9.33333,
            13.83333,
            9.66667
          ],
          "texture": "#0"
        },
        "up": {
          "uv": [
            7.16667,
            2.5,
            3.66667,
            0
          ],
          "texture": "#0"
        },
        "down": {
          "uv": [
            7.16667,
            2.66667,
            3.66667,
            5.16667
          ],
          "texture": "#0"
        }
      }
    },
    {
      "from": [
        4,
        8,
        8
      ],
      "to": [
        12,
        16,
        8
      ],
      "rotation": {
        "angle": 0,
        "axis": "x",
        "origin": [
          8,
          5.5,
          11.75
        ]
      },
      "faces": {
        "north": {
          "uv": [
            0,
            0,
            16,
            16
          ],
          "texture": "#1"
        },
        "east": {
          "uv": [
            0,
            0,
            0,
            0.33333
          ],
          "texture": "#1"
        },
        "south": {
          "uv": [
            0,
            0,
            16,
            16
          ],
          "texture": "#1"
        },
        "west": {
          "uv": [
            0,
            0,
            0,
            0.33333
          ],
          "texture": "#1"
        },
        "up": {
          "uv": [
            0.33333,
            0,
            0,
            0
          ],
          "texture": "#1"
        },
        "down": {
          "uv": [
            0.33333,
            0,
            0,
            0
          ],
          "texture": "#1"
        }
      }
    },
    {
      "from": [
        2,
        0,
        3.6875
      ],
      "to": [
        4,
        2,
        5.6875
      ],
      "rotation": {
        "angle": 0,
        "axis": "y",
        "origin": [
          2,
          0,
          3.6875
        ]
      },
      "faces": {
        "north": {
          "uv": [
            12.66667,
            1.33333,
            13.33333,
            2
          ],
          "texture": "#0"
        },
        "east": {
          "uv": [
            12.66667,
            2,
            13.33333,
            2.66667
          ],
          "texture": "#0"
        },
        "south": {
          "uv": [
            12.66667,
            2.66667,
            13.33333,
            3.33333
          ],
          "texture": "#0"
        },
        "west": {
          "uv": [
            12.66667,
            3.33333,
            13.33333,
            4
          ],
          "texture": "#0"
        },
        "up": {
          "uv": [
            13.33333,
            4.66667,
            12.66667,
            4
          ],
          "texture": "#0"
        },
        "down": {
          "uv": [
            13.33333,
            7.33333,
            12.66667,
            8
          ],
          "texture": "#0"
        }
      }
    },
    {
      "from": [
        12,
        0,
        3.6875
      ],
      "to": [
        14,
        2,
        5.6875
      ],
      "rotation": {
        "angle": 0,
        "axis": "y",
        "origin": [
          12,
          0,
          3.6875
        ]
      },
      "faces": {
        "north": {
          "uv": [
            7.66667,
            12.66667,
            8.33333,
            13.33333
          ],
          "texture": "#0"
        },
        "east": {
          "uv": [
            12.66667,
            8,
            13.33333,
            8.66667
          ],
          "texture": "#0"
        },
        "south": {
          "uv": [
            12.66667,
            10,
            13.33333,
            10.66667
          ],
          "texture": "#0"
        },
        "west": {
          "uv": [
            12.66667,
            10.66667,
            13.33333,
            11.33333
          ],
          "texture": "#0"
        },
        "up": {
          "uv": [
            13.33333,
            12,
            12.66667,
            11.33333
          ],
          "texture": "#0"
        },
        "down": {
          "uv": [
            13.33333,
            12,
            12.66667,
            12.66667
          ],
          "texture": "#0"
        }
      }
    },
    {
      "from": [
        12,
        0,
        10.6875
      ],
      "to": [
        14,
        2,
        12.6875
      ],
      "rotation": {
        "angle": 0,
        "axis": "y",
        "origin": [
          12,
          0,
          10.6875
        ]
      },
      "faces": {
        "north": {
          "uv": [
            4,
            13,
            4.66667,
            13.66667
          ],
          "texture": "#0"
        },
        "east": {
          "uv": [
            4.66667,
            13,
            5.33333,
            13.66667
          ],
          "texture": "#0"
        },
        "south": {
          "uv": [
            13,
            6,
            13.66667,
            6.66667
          ],
          "texture": "#0"
        },
        "west": {
          "uv": [
            6.66667,
            13,
            7.33333,
            13.66667
          ],
          "texture": "#0"
        },
        "up": {
          "uv": [
            9,
            13.66667,
            8.33333,
            13
          ],
          "texture": "#0"
        },
        "down": {
          "uv": [
            9.66667,
            13,
            9,
            13.66667
          ],
          "texture": "#0"
        }
      }
    },
    {
      "from": [
        11.75,
        1,
        4.1875
      ],
      "to": [
        13.5,
        5,
        5.9375
      ],
      "rotation": {
        "angle": 0,
        "axis": "y",
        "origin": [
          11,
          1,
          9.6875
        ]
      },
      "faces": {
        "north": {
          "uv": [
            10.66667,
            3.33333,
            11.33333,
            4.66667
          ],
          "texture": "#0"
        },
        "east": {
          "uv": [
            8.66667,
            10.66667,
            9.33333,
            12
          ],
          "texture": "#0"
        },
        "south": {
          "uv": [
            9.33333,
            10.66667,
            10,
            12
          ],
          "texture": "#0"
        },
        "west": {
          "uv": [
            10,
            10.66667,
            10.66667,
            12
          ],
          "texture": "#0"
        },
        "up": {
          "uv": [
            10.33333,
            13.66667,
            9.66667,
            13
          ],
          "texture": "#0"
        },
        "down": {
          "uv": [
            11,
            13,
            10.33333,
            13.66667
          ],
          "texture": "#0"
        }
      }
    },
    {
      "from": [
        2.5,
        4.875,
        4.1875
      ],
      "to": [
        13.5,
        5.625,
        5.9375
      ],
      "rotation": {
        "angle": 0,
        "axis": "z",
        "origin": [
          11.5,
          5.75,
          5.0625
        ]
      },
      "faces": {
        "north": {
          "uv": [
            7.33333,
            5,
            11,
            5.33333
          ],
          "texture": "#0"
        },
        "east": {
          "uv": [
            10.66667,
            4.66667,
            11.33333,
            5
          ],
          "texture": "#0"
        },
        "south": {
          "uv": [
            0,
            9.66667,
            3.66667,
            10
          ],
          "texture": "#0"
        },
        "west": {
          "uv": [
            13,
            6.66667,
            13.66667,
            7
          ],
          "texture": "#0"
        },
        "up": {
          "uv": [
            8.33333,
            8.33333,
            4.66667,
            7.66667
          ],
          "texture": "#0"
        },
        "down": {
          "uv": [
            8.33333,
            8.33333,
            4.66667,
            9
          ],
          "texture": "#0"
        }
      }
    },
    {
      "from": [
        2.75,
        0.875,
        4.4375
      ],
      "to": [
        13.25,
        1.625,
        11.9375
      ],
      "rotation": {
        "angle": 0,
        "axis": "z",
        "origin": [
          11.5,
          1.75,
          5.0625
        ]
      },
      "faces": {
        "north": {
          "uv": [
            0,
            10,
            3.5,
            10.33333
          ],
          "texture": "#0"
        },
        "east": {
          "uv": [
            10,
            7.33333,
            12.5,
            7.66667
          ],
          "texture": "#0"
        },
        "south": {
          "uv": [
            3.66667,
            10,
            7.16667,
            10.33333
          ],
          "texture": "#0"
        },
        "west": {
          "uv": [
            11,
            9.66667,
            13.5,
            10
          ],
          "texture": "#0"
        },
        "up": {
          "uv": [
            3.5,
            2.5,
            0,
            0
          ],
          "texture": "#0"
        },
        "down": {
          "uv": [
            3.5,
            2.66667,
            0,
            5.16667
          ],
          "texture": "#0"
        }
      }
    },
    {
      "from": [
        2.5,
        4.875,
        10.4375
      ],
      "to": [
        13.5,
        5.625,
        12.1875
      ],
      "rotation": {
        "angle": 0,
        "axis": "z",
        "origin": [
          11.5,
          5.75,
          11.3125
        ]
      },
      "faces": {
        "north": {
          "uv": [
            3.66667,
            9.66667,
            7.33333,
            10
          ],
          "texture": "#0"
        },
        "east": {
          "uv": [
            13.66667,
            6.66667,
            14.33333,
            7
          ],
          "texture": "#0"
        },
        "south": {
          "uv": [
            7.33333,
            9.66667,
            11,
            10
          ],
          "texture": "#0"
        },
        "west": {
          "uv": [
            13.66667,
            8.66667,
            14.33333,
            9
          ],
          "texture": "#0"
        },
        "up": {
          "uv": [
            12,
            8.33333,
            8.33333,
            7.66667
          ],
          "texture": "#0"
        },
        "down": {
          "uv": [
            12,
            8.33333,
            8.33333,
            9
          ],
          "texture": "#0"
        }
      }
    },
    {
      "from": [
        11.75,
        4.875,
        5.9375
      ],
      "to": [
        13.5,
        5.625,
        10.4375
      ],
      "rotation": {
        "angle": 0,
        "axis": "z",
        "origin": [
          11.5,
          5.75,
          11.3125
        ]
      },
      "faces": {
        "north": {
          "uv": [
            13.66667,
            9.66667,
            14.33333,
            10
          ],
          "texture": "#0"
        },
        "east": {
          "uv": [
            12,
            5,
            13.5,
            5.33333
          ],
          "texture": "#0"
        },
        "south": {
          "uv": [
            14,
            0.66667,
            14.66667,
            1
          ],
          "texture": "#0"
        },
        "west": {
          "uv": [
            12,
            8.66667,
            13.5,
            9
          ],
          "texture": "#0"
        },
        "up": {
          "uv": [
            3.66667,
            11.83333,
            3,
            10.33333
          ],
          "texture": "#0"
        },
        "down": {
          "uv": [
            4.33333,
            10.33333,
            3.66667,
            11.83333
          ],
          "texture": "#0"
        }
      }
    },
    {
      "from": [
        2.5,
        4.875,
        5.9375
      ],
      "to": [
        4.25,
        5.625,
        10.4375
      ],
      "rotation": {
        "angle": 0,
        "axis": "z",
        "origin": [
          2.25,
          5.75,
          11.3125
        ]
      },
      "faces": {
        "north": {
          "uv": [
            14,
            7,
            14.66667,
            7.33333
          ],
          "texture": "#0"
        },
        "east": {
          "uv": [
            12.33333,
            7,
            13.83333,
            7.33333
          ],
          "texture": "#0"
        },
        "south": {
          "uv": [
            7.33333,
            14,
            8,
            14.33333
          ],
          "texture": "#0"
        },
        "west": {
          "uv": [
            12.66667,
            1,
            14.16667,
            1.33333
          ],
          "texture": "#0"
        },
        "up": {
          "uv": [
            5,
            11.83333,
            4.33333,
            10.33333
          ],
          "texture": "#0"
        },
        "down": {
          "uv": [
            5.66667,
            10.33333,
            5,
            11.83333
          ],
          "texture": "#0"
        }
      }
    },
    {
      "from": [
        2.5,
        1,
        4.1875
      ],
      "to": [
        4.25,
        5,
        5.9375
      ],
      "rotation": {
        "angle": 0,
        "axis": "y",
        "origin": [
          2,
          1,
          9.6875
        ]
      },
      "faces": {
        "north": {
          "uv": [
            10.66667,
            10.66667,
            11.33333,
            12
          ],
          "texture": "#0"
        },
        "east": {
          "uv": [
            0,
            11,
            0.66667,
            12.33333
          ],
          "texture": "#0"
        },
        "south": {
          "uv": [
            0.66667,
            11,
            1.33333,
            12.33333
          ],
          "texture": "#0"
        },
        "west": {
          "uv": [
            5.66667,
            11,
            6.33333,
            12.33333
          ],
          "texture": "#0"
        },
        "up": {
          "uv": [
            11.66667,
            13.66667,
            11,
            13
          ],
          "texture": "#0"
        },
        "down": {
          "uv": [
            12.33333,
            13,
            11.66667,
            13.66667
          ],
          "texture": "#0"
        }
      }
    },
    {
      "from": [
        2.5,
        1,
        10.4375
      ],
      "to": [
        4.25,
        5,
        12.1875
      ],
      "rotation": {
        "angle": 0,
        "axis": "y",
        "origin": [
          2,
          1,
          15.6875
        ]
      },
      "faces": {
        "north": {
          "uv": [
            11.33333,
            4,
            12,
            5.33333
          ],
          "texture": "#0"
        },
        "east": {
          "uv": [
            11.33333,
            10.66667,
            12,
            12
          ],
          "texture": "#0"
        },
        "south": {
          "uv": [
            11.66667,
            6,
            12.33333,
            7.33333
          ],
          "texture": "#0"
        },
        "west": {
          "uv": [
            7,
            11.66667,
            7.66667,
            13
          ],
          "texture": "#0"
        },
        "up": {
          "uv": [
            14,
            2,
            13.33333,
            1.33333
          ],
          "texture": "#0"
        },
        "down": {
          "uv": [
            14,
            2,
            13.33333,
            2.66667
          ],
          "texture": "#0"
        }
      }
    },
    {
      "from": [
        11.75,
        1,
        10.4375
      ],
      "to": [
        13.5,
        5,
        12.1875
      ],
      "rotation": {
        "angle": 0,
        "axis": "y",
        "origin": [
          11,
          1,
          15.6875
        ]
      },
      "faces": {
        "north": {
          "uv": [
            6.33333,
            11,
            7,
            12.33333
          ],
          "texture": "#0"
        },
        "east": {
          "uv": [
            11.33333,
            0,
            12,
            1.33333
          ],
          "texture": "#0"
        },
        "south": {
          "uv": [
            11.33333,
            1.33333,
            12,
            2.66667
          ],
          "texture": "#0"
        },
        "west": {
          "uv": [
            11.33333,
            2.66667,
            12,
            4
          ],
          "texture": "#0"
        },
        "up": {
          "uv": [
            0.66667,
            14,
            0,
            13.33333
          ],
          "texture": "#0"
        },
        "down": {
          "uv": [
            1.33333,
            13.33333,
            0.66667,
            14
          ],
          "texture": "#0"
        }
      }
    },
    {
      "from": [
        3,
        1,
        4.6875
      ],
      "to": [
        13,
        5,
        11.6875
      ],
      "rotation": {
        "angle": 0,
        "axis": "y",
        "origin": [
          11,
          1,
          9.6875
        ]
      },
      "faces": {
        "north": {
          "uv": [
            7.33333,
            2.33333,
            10.66667,
            3.66667
          ],
          "texture": "#0"
        },
        "east": {
          "uv": [
            0,
            7.66667,
            2.33333,
            9
          ],
          "texture": "#0"
        },
        "south": {
          "uv": [
            7.33333,
            3.66667,
            10.66667,
            5
          ],
          "texture": "#0"
        },
        "west": {
          "uv": [
            2.33333,
            7.66667,
            4.66667,
            9
          ],
          "texture": "#0"
        },
        "up": {
          "uv": [
            3.33333,
            7.66667,
            0,
            5.33333
          ],
          "texture": "#0"
        },
        "down": {
          "uv": [
            6.66667,
            5.33333,
            3.33333,
            7.66667
          ],
          "texture": "#0"
        }
      }
    },
    {
      "from": [
        2,
        0,
        10.6875
      ],
      "to": [
        4,
        2,
        12.6875
      ],
      "rotation": {
        "angle": 0,
        "axis": "y",
        "origin": [
          2,
          0,
          10.6875
        ]
      },
      "faces": {
        "north": {
          "uv": [
            12.66667,
            12.66667,
            13.33333,
            13.33333
          ],
          "texture": "#0"
        },
        "east": {
          "uv": [
            13,
            0,
            13.66667,
            0.66667
          ],
          "texture": "#0"
        },
        "south": {
          "uv": [
            1.33333,
            13,
            2,
            13.66667
          ],
          "texture": "#0"
        },
        "west": {
          "uv": [
            2,
            13,
            2.66667,
            13.66667
          ],
          "texture": "#0"
        },
        "up": {
          "uv": [
            3.33333,
            13.66667,
            2.66667,
            13
          ],
          "texture": "#0"
        },
        "down": {
          "uv": [
            4,
            13,
            3.33333,
            13.66667
          ],
          "texture": "#0"
        }
      }
    },
    {
      "from": [
        11.95,
        4,
        3.7875
      ],
      "to": [
        13.95,
        6,
        5.7875
      ],
      "rotation": {
        "angle": 0,
        "axis": "x",
        "origin": [
          8,
          6.2625,
          12.1
        ]
      },
      "faces": {
        "north": {
          "uv": [
            2.66667,
            13.66667,
            3.33333,
            14.33333
          ],
          "texture": "#0"
        },
        "east": {
          "uv": [
            3.33333,
            13.66667,
            4,
            14.33333
          ],
          "texture": "#0"
        },
        "south": {
          "uv": [
            4,
            13.66667,
            4.66667,
            14.33333
          ],
          "texture": "#0"
        },
        "west": {
          "uv": [
            4.66667,
            13.66667,
            5.33333,
            14.33333
          ],
          "texture": "#0"
        },
        "up": {
          "uv": [
            14.33333,
            5.33333,
            13.66667,
            4.66667
          ],
          "texture": "#0"
        },
        "down": {
          "uv": [
            14.33333,
            5.33333,
            13.66667,
            6
          ],
          "texture": "#0"
        }
      }
    },
    {
      "from": [
        2.05,
        4,
        3.7875
      ],
      "to": [
        4.05,
        6,
        5.7875
      ],
      "rotation": {
        "angle": 0,
        "axis": "x",
        "origin": [
          8,
          6.2625,
          12.1
        ]
      },
      "faces": {
        "north": {
          "uv": [
            13.33333,
            7.33333,
            14,
            8
          ],
          "texture": "#0"
        },
        "east": {
          "uv": [
            13.33333,
            8,
            14,
            8.66667
          ],
          "texture": "#0"
        },
        "south": {
          "uv": [
            13.33333,
            10,
            14,
            10.66667
          ],
          "texture": "#0"
        },
        "west": {
          "uv": [
            13.33333,
            10.66667,
            14,
            11.33333
          ],
          "texture": "#0"
        },
        "up": {
          "uv": [
            14,
            12,
            13.33333,
            11.33333
          ],
          "texture": "#0"
        },
        "down": {
          "uv": [
            14,
            12,
            13.33333,
            12.66667
          ],
          "texture": "#0"
        }
      }
    },
    {
      "from": [
        2.05,
        4,
        10.5875
      ],
      "to": [
        4.05,
        6,
        12.5875
      ],
      "rotation": {
        "angle": 0,
        "axis": "x",
        "origin": [
          8,
          6.2625,
          11.9
        ]
      },
      "faces": {
        "north": {
          "uv": [
            13.33333,
            2.66667,
            14,
            3.33333
          ],
          "texture": "#0"
        },
        "east": {
          "uv": [
            13.33333,
            3.33333,
            14,
            4
          ],
          "texture": "#0"
        },
        "south": {
          "uv": [
            13.33333,
            4,
            14,
            4.66667
          ],
          "texture": "#0"
        },
        "west": {
          "uv": [
            5.33333,
            13.33333,
            6,
            14
          ],
          "texture": "#0"
        },
        "up": {
          "uv": [
            6.66667,
            14,
            6,
            13.33333
          ],
          "texture": "#0"
        },
        "down": {
          "uv": [
            8,
            13.33333,
            7.33333,
            14
          ],
          "texture": "#0"
        }
      }
    },
    {
      "from": [
        11.95,
        4,
        10.5875
      ],
      "to": [
        13.95,
        6,
        12.5875
      ],
      "rotation": {
        "angle": 0,
        "axis": "x",
        "origin": [
          8,
          6.2625,
          11.9
        ]
      },
      "faces": {
        "north": {
          "uv": [
            12.33333,
            13.33333,
            13,
            14
          ],
          "texture": "#0"
        },
        "east": {
          "uv": [
            13.33333,
            12.66667,
            14,
            13.33333
          ],
          "texture": "#0"
        },
        "south": {
          "uv": [
            13,
            13.33333,
            13.66667,
            14
          ],
          "texture": "#0"
        },
        "west": {
          "uv": [
            13.66667,
            0,
            14.33333,
            0.66667
          ],
          "texture": "#0"
        },
        "up": {
          "uv": [
            2,
            14.33333,
            1.33333,
            13.66667
          ],
          "texture": "#0"
        },
        "down": {
          "uv": [
            2.66667,
            13.66667,
            2,
            14.33333
          ],
          "texture": "#0"
        }
      }
    },
    {
      "from": [
        0,
        2.5,
        5
      ],
      "to": [
        6,
        8.5,
        5
      ],
      "faces": {
        "north": {
          "uv": [
            0,
            0,
            16,
            16
          ],
          "texture": "#1"
        },
        "east": {
          "uv": [
            0,
            0,
            0,
            0.33333
          ],
          "texture": "#1"
        },
        "south": {
          "uv": [
            0,
            0,
            16,
            16
          ],
          "texture": "#1"
        },
        "west": {
          "uv": [
            0,
            0,
            0,
            0.33333
          ],
          "texture": "#1"
        },
        "up": {
          "uv": [
            0,
            0,
            0.33333,
            0
          ],
          "texture": "#1"
        },
        "down": {
          "uv": [
            0,
            0,
            0.33333,
            0
          ],
          "texture": "#1"
        }
      }
    },
    {
      "from": [
        2.9,
        2.5,
        2
      ],
      "to": [
        2.9,
        8.5,
        8
      ],
      "rotation": {
        "angle": 0,
        "axis": "y",
        "origin": [
          3,
          6,
          5
        ]
      },
      "faces": {
        "north": {
          "uv": [
            0,
            0,
            0,
            0.33333
          ],
          "texture": "#1"
        },
        "east": {
          "uv": [
            0,
            0,
            16,
            16
          ],
          "texture": "#1"
        },
        "south": {
          "uv": [
            0,
            0,
            0,
            0.33333
          ],
          "texture": "#1"
        },
        "west": {
          "uv": [
            0,
            0,
            16,
            16
          ],
          "texture": "#1"
        },
        "up": {
          "uv": [
            0,
            0,
            0.33333,
            0
          ],
          "rotation": 270,
          "texture": "#1"
        },
        "down": {
          "uv": [
            0,
            0,
            0.33333,
            0
          ],
          "rotation": 90,
          "texture": "#1"
        }
      }
    },
    {
      "from": [
        10,
        2.5,
        5
      ],
      "to": [
        16,
        8.5,
        5
      ],
      "rotation": {
        "angle": 0,
        "axis": "y",
        "origin": [
          16,
          0,
          0
        ]
      },
      "faces": {
        "north": {
          "uv": [
            16,
            0,
            0,
            16
          ],
          "texture": "#1"
        },
        "east": {
          "uv": [
            0,
            0,
            0,
            0.33333
          ],
          "texture": "#1"
        },
        "south": {
          "uv": [
            16,
            0,
            0,
            16
          ],
          "texture": "#1"
        },
        "west": {
          "uv": [
            0,
            0,
            0,
            0.33333
          ],
          "texture": "#1"
        },
        "up": {
          "uv": [
            0.33333,
            0,
            0,
            0
          ],
          "texture": "#1"
        },
        "down": {
          "uv": [
            0.33333,
            0,
            0,
            0
          ],
          "texture": "#1"
        }
      }
    },
    {
      "from": [
        13.1,
        2.5,
        2
      ],
      "to": [
        13.1,
        8.5,
        8
      ],
      "rotation": {
        "angle": 0,
        "axis": "y",
        "origin": [
          13,
          6,
          5
        ]
      },
      "faces": {
        "north": {
          "uv": [
            0,
            0,
            0,
            0.33333
          ],
          "texture": "#1"
        },
        "east": {
          "uv": [
            16,
            0,
            0,
            16
          ],
          "texture": "#1"
        },
        "south": {
          "uv": [
            0,
            0,
            0,
            0.33333
          ],
          "texture": "#1"
        },
        "west": {
          "uv": [
            16,
            0,
            0,
            16
          ],
          "texture": "#1"
        },
        "up": {
          "uv": [
            0,
            0,
            0.33333,
            0
          ],
          "rotation": 270,
          "texture": "#1"
        },
        "down": {
          "uv": [
            0,
            0,
            0.33333,
            0
          ],
          "rotation": 90,
          "texture": "#1"
        }
      }
    },
    {
      "from": [
        10,
        2.5,
        11.25
      ],
      "to": [
        16,
        8.5,
        11.25
      ],
      "rotation": {
        "angle": 0,
        "axis": "y",
        "origin": [
          16,
          0,
          16
        ]
      },
      "faces": {
        "north": {
          "uv": [
            0,
            0,
            16,
            16
          ],
          "texture": "#1"
        },
        "east": {
          "uv": [
            0,
            0,
            0,
            0.33333
          ],
          "texture": "#1"
        },
        "south": {
          "uv": [
            0,
            0,
            16,
            16
          ],
          "texture": "#1"
        },
        "west": {
          "uv": [
            0,
            0,
            0,
            0.33333
          ],
          "texture": "#1"
        },
        "up": {
          "uv": [
            0.33333,
            0,
            0,
            0
          ],
          "texture": "#1"
        },
        "down": {
          "uv": [
            0.33333,
            0,
            0,
            0
          ],
          "texture": "#1"
        }
      }
    },
    {
      "from": [
        13.1,
        2.5,
        8.25
      ],
      "to": [
        13.1,
        8.5,
        14.25
      ],
      "rotation": {
        "angle": 0,
        "axis": "y",
        "origin": [
          13,
          6,
          11
        ]
      },
      "faces": {
        "north": {
          "uv": [
            0,
            0,
            0,
            0.33333
          ],
          "texture": "#1"
        },
        "east": {
          "uv": [
            0,
            0,
            16,
            16
          ],
          "texture": "#1"
        },
        "south": {
          "uv": [
            0,
            0,
            0,
            0.33333
          ],
          "texture": "#1"
        },
        "west": {
          "uv": [
            0,
            0,
            16,
            16
          ],
          "texture": "#1"
        },
        "up": {
          "uv": [
            0.33333,
            0,
            0,
            0
          ],
          "rotation": 270,
          "texture": "#1"
        },
        "down": {
          "uv": [
            0.33333,
            0,
            0,
            0
          ],
          "rotation": 90,
          "texture": "#1"
        }
      }
    },
    {
      "from": [
        2.9,
        2.5,
        8.25
      ],
      "to": [
        2.9,
        8.5,
        14.25
      ],
      "rotation": {
        "angle": 0,
        "axis": "y",
        "origin": [
          3,
          6,
          11
        ]
      },
      "faces": {
        "north": {
          "uv": [
            0,
            0,
            0,
            0.33333
          ],
          "texture": "#1"
        },
        "east": {
          "uv": [
            16,
            0,
            0,
            16
          ],
          "texture": "#1"
        },
        "south": {
          "uv": [
            0,
            0,
            0,
            0.33333
          ],
          "texture": "#1"
        },
        "west": {
          "uv": [
            16,
            0,
            0,
            16
          ],
          "texture": "#1"
        },
        "up": {
          "uv": [
            0.33333,
            0,
            0,
            0
          ],
          "rotation": 270,
          "texture": "#1"
        },
        "down": {
          "uv": [
            0.33333,
            0,
            0,
            0
          ],
          "rotation": 90,
          "texture": "#1"
        }
      }
    },
    {
      "from": [
        0,
        2.5,
        11.25
      ],
      "to": [
        6,
        8.5,
        11.25
      ],
      "rotation": {
        "angle": 0,
        "axis": "y",
        "origin": [
          0,
          0,
          16
        ]
      },
      "faces": {
        "north": {
          "uv": [
            16,
            0,
            0,
            16
          ],
          "texture": "#1"
        },
        "east": {
          "uv": [
            0,
            0,
            0,
            0.33333
          ],
          "texture": "#1"
        },
        "south": {
          "uv": [
            16,
            0,
            0,
            16
          ],
          "texture": "#1"
        },
        "west": {
          "uv": [
            0,
            0,
            0,
            0.33333
          ],
          "texture": "#1"
        },
        "up": {
          "uv": [
            0,
            0,
            0.33333,
            0
          ],
          "texture": "#1"
        },
        "down": {
          "uv": [
            0,
            0,
            0.33333,
            0
          ],
          "texture": "#1"
        }
      }
    }
  ],
  "gui_light": "front",
  "display": {
    "thirdperson_righthand": {
      "rotation": [
        40.25,
        0,
        0
      ],
      "translation": [
        0,
        4.75,
        0.5
      ],
      "scale": [
        0.7793,
        0.7793,
        0.7793
      ]
    },
    "thirdperson_lefthand": {
      "rotation": [
        40.25,
        0,
        0
      ],
      "translation": [
        0,
        4.75,
        0.5
      ],
      "scale": [
        0.7793,
        0.7793,
        0.7793
      ]
    },
    "firstperson_righthand": {
      "rotation": [
        -174,
        0,
        -180
      ],
      "translation": [
        -8.75,
        7.75,
        0
      ],
      "scale": [
        0.9043,
        0.9043,
        0.9043
      ]
    },
    "firstperson_lefthand": {
      "rotation": [
        -174,
        0,
        -180
      ],
      "translation": [
        -8.75,
        7.75,
        0
      ],
      "scale": [
        0.9043,
        0.9043,
        0.9043
      ]
    },
    "ground": {
      "translation": [
        0,
        5.25,
        0
      ]
    },
    "gui": {
      "rotation": [
        -170.37,
        14.25,
        178.86
      ],
      "translation": [
        0,
        1,
        0
      ],
      "scale": [
        0.89258,
        0.89258,
        0.89258
      ]
    },
    "head": {
      "translation": [
        0,
        -23.75,
        0
      ],
      "scale": [
        2.5,
        2.5,
        2.5
      ]
    },
    "fixed": {
      "rotation": [
        -90,
        0,
        0
      ],
      "translation": [
        0,
        0,
        -19.25
      ],
      "scale": [
        2.33594,
        2.33594,
        2.33594
      ]
    }
  },
  "groups": [
    {
      "name": "chest_energy",
      "origin": [
        8,
        8,
        8
      ],
      "color": 0,
      "nbt": "{}",
      "armAnimationEnabled": false,
      "children": [
        {
          "name": "group",
          "origin": [
            11.5,
            6.5,
            4.375
          ],
          "color": 0,
          "nbt": "{}",
          "armAnimationEnabled": false,
          "children": [
            0,
            1,
            2,
            3,
            4,
            5,
            6,
            7,
            8,
            9,
            10,
            11,
            12
          ]
        },
        {
          "name": "group",
          "origin": [
            8,
            6.2625,
            11.9
          ],
          "color": 0,
          "nbt": "{}",
          "armAnimationEnabled": false,
          "children": [
            13,
            14,
            15,
            16,
            17,
            18,
            19,
            20,
            21,
            22,
            23,
            24,
            25,
            26,
            27,
            28,
            29,
            30
          ]
        },
        31,
        32,
        33,
        34,
        35,
        36,
        37,
        38
      ]
    }
  ]
}