{"credit":"Made with Blockbench","texture_size":[256,256],"textures":{"4":"elitecreatures:farmer_decoration_v1/farmer_log_axe"},"elements":[{"name":"Wood","from":[4,-8,16],"to":[12,8,24],"rotation":{"angle":0,"axis":"y","origin":[0,-16,22]},"faces":{"north":{"uv":[14,12,13,14],"texture":"#4"},"east":{"uv":[12,12,13,14],"texture":"#4"},"south":{"uv":[13,12,14,14],"texture":"#4"},"west":{"uv":[12,12,13,14],"texture":"#4"},"up":{"uv":[15,9,14,8],"texture":"#4"},"down":{"uv":[10,14,9,15],"texture":"#4"}}},{"from":[8,9.25,13.69136],"to":[8,25.25,29.69136],"rotation":{"angle":22.5,"axis":"x","origin":[8,8.25,12.94136]},"faces":{"north":{"uv":[0,0,0,4],"rotation":180,"texture":"#4"},"east":{"uv":[0,0,4,4],"rotation":270,"texture":"#4"},"south":{"uv":[0,4,0,0],"texture":"#4"},"west":{"uv":[4,0,0,4],"rotation":90,"texture":"#4"},"up":{"uv":[0,0,0,4],"rotation":180,"texture":"#4"},"down":{"uv":[0,0,0,4],"texture":"#4"}}},{"from":[7,18.25,-3.30864],"to":[9,20.25,25.69136],"rotation":{"angle":22.5,"axis":"x","origin":[8,8.25,12.94136]},"faces":{"north":{"uv":[9.25,0.25,9,0.5],"rotation":180,"texture":"#4"},"east":{"uv":[8.25,0,8.5,4.3125],"rotation":270,"texture":"#4"},"south":{"uv":[9.25,0.25,9,0],"texture":"#4"},"west":{"uv":[8.25,0,8.5,4.3125],"rotation":270,"texture":"#4"},"up":{"uv":[8.25,0,8.5,4.3125],"rotation":180,"texture":"#4"},"down":{"uv":[8.25,4.3125,8.5,0],"rotation":180,"texture":"#4"}}},{"from":[-2,-16,10],"to":[18,-8,30],"rotation":{"angle":0,"axis":"y","origin":[0,-16,22]},"faces":{"north":{"uv":[2.5,8,5,9],"texture":"#4"},"east":{"uv":[2.5,9,5,10],"texture":"#4"},"south":{"uv":[2.5,10,5,11],"texture":"#4"},"west":{"uv":[2.5,11,5,12],"texture":"#4"},"up":{"uv":[2.5,10.5,0,8],"texture":"#4"},"down":{"uv":[2.5,10.5,0,8],"texture":"#4"}}},{"from":[0,-16,8],"to":[16,-8,10],"rotation":{"angle":0,"axis":"y","origin":[0,-16,22]},"faces":{"north":{"uv":[2.5,13,0,14],"texture":"#4"},"east":{"uv":[0,14,0.25,15],"texture":"#4"},"south":{"uv":[2.5,13,4.5,14],"texture":"#4"},"west":{"uv":[0.25,14,0.5,15],"texture":"#4"},"up":{"uv":[7.5,13.25,5.5,13],"texture":"#4"},"down":{"uv":[7.5,13.25,5.5,13],"texture":"#4"}}},{"from":[0,-16,30],"to":[16,-8,32],"rotation":{"angle":0,"axis":"y","origin":[0,-16,22]},"faces":{"north":{"uv":[5,11,7,12],"texture":"#4"},"east":{"uv":[0.5,14,0.75,15],"texture":"#4"},"south":{"uv":[2.5,14,0,13],"texture":"#4"},"west":{"uv":[0.75,14,1,15],"texture":"#4"},"up":{"uv":[7.5,13.75,5.5,13.5],"texture":"#4"},"down":{"uv":[7.5,13.75,5.5,13.5],"texture":"#4"}}},{"from":[-4,-16,10],"to":[-2,-8,30],"rotation":{"angle":0,"axis":"y","origin":[0,-16,22]},"faces":{"north":{"uv":[1,14,1.25,15],"texture":"#4"},"east":{"uv":[2.5,12,5,13],"texture":"#4"},"south":{"uv":[1.25,14,1.5,15],"texture":"#4"},"west":{"uv":[0,13,2.5,14],"texture":"#4"},"up":{"uv":[4.75,15.5,4.5,13],"texture":"#4"},"down":{"uv":[4.75,15.5,4.5,13],"texture":"#4"}}},{"from":[18,-16,10],"to":[20,-8,30],"rotation":{"angle":0,"axis":"y","origin":[0,-16,22]},"faces":{"north":{"uv":[1.5,14,1.75,15],"texture":"#4"},"east":{"uv":[0,13,2.5,14],"texture":"#4"},"south":{"uv":[1.75,14,2,15],"texture":"#4"},"west":{"uv":[5,9,7.5,10],"texture":"#4"},"up":{"uv":[5.25,15.5,5,13],"texture":"#4"},"down":{"uv":[5.25,15.5,5,13],"texture":"#4"}}}],"display":{"thirdperson_righthand":{"translation":[0,4.25,-0.5],"scale":[0.18,0.18,0.18]},"thirdperson_lefthand":{"translation":[0,4.25,-0.5],"scale":[0.18,0.18,0.18]},"firstperson_righthand":{"translation":[0,6.75,-0.5],"scale":[0.31,0.31,0.31]},"firstperson_lefthand":{"translation":[0,6.75,-0.5],"scale":[0.31,0.31,0.31]},"ground":{"translation":[0,3,-2.25],"scale":[0.25,0.25,0.25]},"gui":{"rotation":[30,225,0],"translation":[2.25,1,0],"scale":[0.31,0.31,0.31]},"head":{"translation":[0,-4.75,-19.25],"scale":[1.6,1.6,1.6]},"fixed":{"scale":[0,0,0]}},"groups":[0,{"name":"Axe","origin":[8,-5.18099,23.69136],"color":0,"children":[1,2]},{"name":"WoodBase","origin":[0,-16,16],"color":0,"children":[3,4,5,6,7]}]}