{"credit":"MadewithBlockbench","ambientocclusion":false,"texture_size":[64,64],"textures":{"1":"elitecreatures:exotic_garden_decoration_v1/pot_1"},"elements":[{"from":[2,0,2],"to":[14,3,14],"rotation":{"angle":0,"axis":"y","origin":[8,5,8]},"faces":{"north":{"uv":[9.5,12.25,12.5,13],"texture":"#1"},"east":{"uv":[9.5,12.25,12.5,13],"texture":"#1"},"south":{"uv":[9.5,12.25,12.5,13],"texture":"#1"},"west":{"uv":[9.5,12.25,12.5,13],"texture":"#1"},"up":{"uv":[12.5,13,9.5,16],"texture":"#1"},"down":{"uv":[12.5,13,9.5,16],"texture":"#1"}}},{"from":[3,3,3],"to":[13,8,13],"rotation":{"angle":0,"axis":"y","origin":[8,8,8]},"faces":{"north":{"uv":[10.5,4,13,5.25],"texture":"#1"},"east":{"uv":[10.5,4,13,5.25],"texture":"#1"},"south":{"uv":[10.5,4,13,5.25],"texture":"#1"},"west":{"uv":[10.5,4,13,5.25],"texture":"#1"}}},{"from":[1,8,1],"to":[15,10,15],"rotation":{"angle":0,"axis":"y","origin":[8,8,8]},"faces":{"north":{"uv":[12.5,12,16,12.5],"texture":"#1"},"east":{"uv":[12.5,12,16,12.5],"texture":"#1"},"south":{"uv":[12.5,12,16,12.5],"texture":"#1"},"west":{"uv":[12.5,12,16,12.5],"texture":"#1"},"up":{"uv":[16,16,12.5,12.5],"texture":"#1"},"down":{"uv":[16,16,12.5,12.5],"texture":"#1"}}},{"from":[6,5,13],"to":[10,5,16],"rotation":{"angle":0,"axis":"y","origin":[8,8,8]},"faces":{"up":{"uv":[15.5,1.75,14.5,1],"texture":"#1"},"down":{"uv":[15.5,1,14.5,1.75],"texture":"#1"}}},{"from":[6,5,0],"to":[10,5,3],"rotation":{"angle":0,"axis":"y","origin":[8,8,8]},"faces":{"up":{"uv":[15.5,1,14.5,1.75],"texture":"#1"},"down":{"uv":[15.5,1.75,14.5,1],"texture":"#1"}}}],"display":{"thirdperson_righthand":{"translation":[0,2.25,2.75],"scale":[0.3,0.3,0.3]},"thirdperson_lefthand":{"translation":[0,2.5,2.5],"scale":[0.3,0.3,0.3]},"ground":{"translation":[0,1.5,0],"scale":[0.5,0.5,0.5]},"gui":{"rotation":[40,-40,0],"translation":[0,1.5,0],"scale":[0.8,0.8,0.8]},"head":{"translation":[0,-27,0],"scale":[2,2,2]},"fixed":{"translation":[0,1.75,-0.75],"scale":[0.8,0.8,0.8]}},"groups":[{"name":"vase1","origin":[-7,14.5,8],"color":0,"children":[0,1,2,3,4]}]}