{"credit":"MadewithBlockbench","texture_size":[64,64],"textures":{"0":"elitecreatures:dungeon_decoration_v1/dungeon_table","particle":"elitecreatures:dungeon_decoration_v1/dungeon_table"},"elements":[{"from":[-15,13,-2],"to":[15,16,2],"faces":{"north":{"uv":[0,14.125,7.5,14.875],"texture":"#0"},"east":{"uv":[7.5,15.25,8.5,16],"texture":"#0"},"south":{"uv":[0,14.125,7.5,14.875],"texture":"#0"},"west":{"uv":[7.5,15.25,8.5,16],"texture":"#0"},"up":{"uv":[7.5,16,0,15],"texture":"#0"},"down":{"uv":[7.5,16,0,15],"texture":"#0"}}},{"from":[-14,13,6],"to":[16,16,10],"faces":{"north":{"uv":[0,14.125,7.5,14.875],"texture":"#0"},"east":{"uv":[7.5,15.25,8.5,16],"texture":"#0"},"south":{"uv":[0,14.125,7.5,14.875],"texture":"#0"},"west":{"uv":[7.5,15.25,8.5,16],"texture":"#0"},"up":{"uv":[7.5,16,0,15],"texture":"#0"},"down":{"uv":[7.5,16,0,15],"texture":"#0"}}},{"from":[-16,13,10],"to":[14,16,14],"faces":{"north":{"uv":[0,14.125,7.5,14.875],"texture":"#0"},"east":{"uv":[7.5,15.25,8.5,16],"texture":"#0"},"south":{"uv":[0,14.125,7.5,14.875],"texture":"#0"},"west":{"uv":[7.5,15.25,8.5,16],"texture":"#0"},"up":{"uv":[7.5,16,0,15],"texture":"#0"},"down":{"uv":[7.5,16,0,15],"texture":"#0"}}},{"from":[-16,13,2],"to":[14,16,6],"faces":{"north":{"uv":[0,11.875,7.5,12.625],"texture":"#0"},"east":{"uv":[7.625,11.875,8.625,12.625],"texture":"#0"},"south":{"uv":[0,11.875,7.5,12.625],"texture":"#0"},"west":{"uv":[7.625,11.875,8.625,12.625],"texture":"#0"},"up":{"uv":[7.5,13.875,0,12.875],"texture":"#0"},"down":{"uv":[7.5,13.875,0,12.875],"texture":"#0"}}},{"from":[-15,13,14],"to":[15,16,18],"faces":{"north":{"uv":[0,11.875,7.5,12.625],"texture":"#0"},"east":{"uv":[7.625,11.875,8.625,12.625],"texture":"#0"},"south":{"uv":[0,11.875,7.5,12.625],"texture":"#0"},"west":{"uv":[7.625,11.875,8.625,12.625],"texture":"#0"},"up":{"uv":[7.5,13.875,0,12.875],"texture":"#0"},"down":{"uv":[7.5,13.875,0,12.875],"texture":"#0"}}},{"from":[-14,2,3],"to":[-11,4,13],"rotation":{"angle":0,"axis":"y","origin":[16,0,0]},"faces":{"north":{"uv":[8,5.5,7.25,6],"texture":"#0"},"east":{"uv":[5.5,5.75,3,6.25],"texture":"#0"},"south":{"uv":[8,5.5,7.25,6],"texture":"#0"},"west":{"uv":[5.5,5.75,3,6.25],"texture":"#0"},"up":{"uv":[1,8.25,1.75,5.75],"texture":"#0"},"down":{"uv":[1,8.25,1.75,5.75],"texture":"#0"}}},{"from":[10,2,3],"to":[13,4,13],"faces":{"north":{"uv":[7.25,5.5,8,6],"texture":"#0"},"east":{"uv":[3,5.75,5.5,6.25],"texture":"#0"},"south":{"uv":[7.25,5.5,8,6],"texture":"#0"},"west":{"uv":[3,5.75,5.5,6.25],"texture":"#0"},"up":{"uv":[1.75,8.25,1,5.75],"texture":"#0"},"down":{"uv":[1.75,8.25,1,5.75],"texture":"#0"}}},{"from":[-11,2,6],"to":[10,4,10],"faces":{"north":{"uv":[5.625,11,10.875,11.5],"texture":"#0"},"east":{"uv":[11.25,10.875,12.25,11.375],"texture":"#0"},"south":{"uv":[5.625,11,10.875,11.5],"texture":"#0"},"west":{"uv":[11.25,10.875,12.25,11.375],"texture":"#0"},"up":{"uv":[5.25,11.5,0,10.5],"texture":"#0"},"down":{"uv":[5.25,11.5,0,10.5],"texture":"#0"}}},{"from":[10,6,0],"to":[13,10,3],"faces":{"north":{"uv":[6.5,5,7.25,6],"texture":"#0"},"east":{"uv":[6.5,6,7.25,7],"texture":"#0"},"south":{"uv":[6.5,5,7.25,6],"texture":"#0"},"west":{"uv":[6.5,6,7.25,7],"texture":"#0"},"up":{"uv":[5.5,7.75,4.75,7],"texture":"#0"},"down":{"uv":[5.5,7.75,4.75,7],"texture":"#0"}}},{"from":[9,0,-1],"to":[14,3,4],"faces":{"north":{"uv":[3,6.25,4.25,7],"texture":"#0"},"east":{"uv":[4.25,6.25,5.5,7],"texture":"#0"},"south":{"uv":[3,6.25,4.25,7],"texture":"#0"},"west":{"uv":[4.25,6.25,5.5,7],"texture":"#0"},"up":{"uv":[3,7,1.75,5.75],"texture":"#0"},"down":{"uv":[3,7,1.75,5.75],"texture":"#0"}}},{"from":[9.5,3,-0.5],"to":[13.5,6,3.5],"faces":{"north":{"uv":[5.5,6.75,6.5,7.5],"texture":"#0"},"east":{"uv":[1.75,7,2.75,7.75],"texture":"#0"},"south":{"uv":[5.5,6.75,6.5,7.5],"texture":"#0"},"west":{"uv":[1.75,7,2.75,7.75],"texture":"#0"},"up":{"uv":[6.5,6.75,5.5,5.75],"texture":"#0"},"down":{"uv":[6.5,6.75,5.5,5.75],"texture":"#0"}}},{"from":[10,6,13],"to":[13,10,16],"rotation":{"angle":0,"axis":"y","origin":[0,0,16]},"faces":{"north":{"uv":[7.25,5,6.5,6],"texture":"#0"},"east":{"uv":[7.25,6,6.5,7],"texture":"#0"},"south":{"uv":[7.25,5,6.5,6],"texture":"#0"},"west":{"uv":[7.25,6,6.5,7],"texture":"#0"},"up":{"uv":[5.5,7,4.75,7.75],"texture":"#0"},"down":{"uv":[5.5,7,4.75,7.75],"texture":"#0"}}},{"from":[9.5,3,12.5],"to":[13.5,6,16.5],"rotation":{"angle":0,"axis":"y","origin":[0,0,16]},"faces":{"north":{"uv":[6.5,6.75,5.5,7.5],"texture":"#0"},"east":{"uv":[2.75,7,1.75,7.75],"texture":"#0"},"south":{"uv":[6.5,6.75,5.5,7.5],"texture":"#0"},"west":{"uv":[2.75,7,1.75,7.75],"texture":"#0"},"up":{"uv":[6.5,5.75,5.5,6.75],"texture":"#0"},"down":{"uv":[6.5,5.75,5.5,6.75],"texture":"#0"}}},{"from":[9,0,12],"to":[14,3,17],"rotation":{"angle":0,"axis":"y","origin":[0,0,16]},"faces":{"north":{"uv":[4.25,6.25,3,7],"texture":"#0"},"east":{"uv":[5.5,6.25,4.25,7],"texture":"#0"},"south":{"uv":[4.25,6.25,3,7],"texture":"#0"},"west":{"uv":[5.5,6.25,4.25,7],"texture":"#0"},"up":{"uv":[3,5.75,1.75,7],"texture":"#0"},"down":{"uv":[3,5.75,1.75,7],"texture":"#0"}}},{"from":[9.5,10,-2.5],"to":[13.5,13,18.5],"rotation":{"angle":0,"axis":"y","origin":[16,0,0]},"faces":{"north":{"uv":[6.5,7,7.5,7.75],"texture":"#0"},"east":{"uv":[1,5,6.25,5.75],"texture":"#0"},"south":{"uv":[6.5,7,7.5,7.75],"texture":"#0"},"west":{"uv":[1,5,6.25,5.75],"texture":"#0"},"up":{"uv":[1,9.75,0,4.5],"texture":"#0"},"down":{"uv":[1,9.75,0,4.5],"texture":"#0"}}},{"from":[-13.5,6,13],"to":[-10.5,10,16],"rotation":{"angle":0,"axis":"y","origin":[-19.5,0,16]},"faces":{"north":{"uv":[7.25,5,6.5,6],"texture":"#0"},"east":{"uv":[7.25,6,6.5,7],"texture":"#0"},"south":{"uv":[7.25,5,6.5,6],"texture":"#0"},"west":{"uv":[7.25,6,6.5,7],"texture":"#0"},"up":{"uv":[5.5,7,4.75,7.75],"texture":"#0"},"down":{"uv":[5.5,7,4.75,7.75],"texture":"#0"}}},{"from":[-14,3,12.5],"to":[-10,6,16.5],"rotation":{"angle":0,"axis":"y","origin":[-19.5,0,16]},"faces":{"north":{"uv":[6.5,6.75,5.5,7.5],"texture":"#0"},"east":{"uv":[2.75,7,1.75,7.75],"texture":"#0"},"south":{"uv":[6.5,6.75,5.5,7.5],"texture":"#0"},"west":{"uv":[2.75,7,1.75,7.75],"texture":"#0"},"up":{"uv":[6.5,5.75,5.5,6.75],"texture":"#0"},"down":{"uv":[6.5,5.75,5.5,6.75],"texture":"#0"}}},{"from":[-14.5,0,12],"to":[-9.5,3,17],"rotation":{"angle":0,"axis":"y","origin":[-19.5,0,16]},"faces":{"north":{"uv":[4.25,6.25,3,7],"texture":"#0"},"east":{"uv":[5.5,6.25,4.25,7],"texture":"#0"},"south":{"uv":[4.25,6.25,3,7],"texture":"#0"},"west":{"uv":[5.5,6.25,4.25,7],"texture":"#0"},"up":{"uv":[3,5.75,1.75,7],"texture":"#0"},"down":{"uv":[3,5.75,1.75,7],"texture":"#0"}}},{"from":[-14,10,-2.5],"to":[-10,13,18.5],"rotation":{"angle":0,"axis":"y","origin":[-3.5,0,0]},"faces":{"north":{"uv":[6.5,7,7.5,7.75],"texture":"#0"},"east":{"uv":[1,5,6.25,5.75],"texture":"#0"},"south":{"uv":[6.5,7,7.5,7.75],"texture":"#0"},"west":{"uv":[1,5,6.25,5.75],"texture":"#0"},"up":{"uv":[1,9.75,0,4.5],"texture":"#0"},"down":{"uv":[1,9.75,0,4.5],"texture":"#0"}}},{"from":[-14.5,0,-1],"to":[-9.5,3,4],"rotation":{"angle":0,"axis":"y","origin":[-19.5,0,0]},"faces":{"north":{"uv":[3,6.25,4.25,7],"texture":"#0"},"east":{"uv":[4.25,6.25,5.5,7],"texture":"#0"},"south":{"uv":[3,6.25,4.25,7],"texture":"#0"},"west":{"uv":[4.25,6.25,5.5,7],"texture":"#0"},"up":{"uv":[3,7,1.75,5.75],"texture":"#0"},"down":{"uv":[3,7,1.75,5.75],"texture":"#0"}}},{"from":[-14,3,-0.5],"to":[-10,6,3.5],"rotation":{"angle":0,"axis":"y","origin":[-19.5,0,0]},"faces":{"north":{"uv":[5.5,6.75,6.5,7.5],"texture":"#0"},"east":{"uv":[1.75,7,2.75,7.75],"texture":"#0"},"south":{"uv":[5.5,6.75,6.5,7.5],"texture":"#0"},"west":{"uv":[1.75,7,2.75,7.75],"texture":"#0"},"up":{"uv":[6.5,6.75,5.5,5.75],"texture":"#0"},"down":{"uv":[6.5,6.75,5.5,5.75],"texture":"#0"}}},{"from":[-13.5,6,0],"to":[-10.5,10,3],"rotation":{"angle":0,"axis":"y","origin":[-19.5,0,0]},"faces":{"north":{"uv":[6.5,5,7.25,6],"texture":"#0"},"east":{"uv":[6.5,6,7.25,7],"texture":"#0"},"south":{"uv":[6.5,5,7.25,6],"texture":"#0"},"west":{"uv":[6.5,6,7.25,7],"texture":"#0"},"up":{"uv":[5.5,7.75,4.75,7],"texture":"#0"},"down":{"uv":[5.5,7.75,4.75,7],"texture":"#0"}}}],"gui_light":"front","display":{"thirdperson_righthand":{"translation":[1.25,0,1.75],"scale":[0.18,0.18,0.18]},"thirdperson_lefthand":{"translation":[-1.25,0,1.75],"scale":[0.18,0.18,0.18]},"firstperson_righthand":{"translation":[3.75,2.5,0],"scale":[0.49,0.49,0.49]},"firstperson_lefthand":{"translation":[-2.75,2.5,0],"scale":[0.49,0.49,0.49]},"ground":{"translation":[2,-0.25,0.25],"scale":[0.25,0.25,0.25]},"gui":{"rotation":[30,225,0],"translation":[-1.5,-1.5,0],"scale":[0.31,0.31,0.31]},"head":{"translation":[13.25,-30.25,0],"scale":[1.6,1.6,1.6]},"fixed":{"translation":[3.5,0,0],"scale":[0.5,0.5,0.5]}}}