{"credit":"By EliteCreatures","texture_size":[64,64],"textures":{"0":"elitecreatures:collectibles_v3_32x/chubby_chipmunks_inside_32","1":"elitecreatures:collectibles_v3_32x/collectibles_package","particle":"elitecreatures:collectibles_v3_32x/collectibles_package"},"elements":[{"from":[4.998,9.748,3.498],"to":[11.002,15.752,10.502],"rotation":{"angle":0,"axis":"y","origin":[8,-0.25,7.5]},"faces":{"north":{"uv":[5.25,0,6.75,1.5],"texture":"#0"},"east":{"uv":[3,2.75,4.75,4.25],"texture":"#0"},"south":{"uv":[1.5,5.5,3,7],"texture":"#0"},"west":{"uv":[3.5,0,5.25,1.5],"texture":"#0"},"up":{"uv":[4.5,6,3,4.25],"texture":"#0"},"down":{"uv":[6,4.25,4.5,6],"texture":"#0"}}},{"from":[6.5,9.75,1.25],"to":[9.5,12.75,3.5],"rotation":{"angle":0,"axis":"y","origin":[8,-0.25,7.5]},"faces":{"north":{"uv":[6.75,5.5,7.5,6.25],"texture":"#0"},"east":{"uv":[7,2.5,7.625,3.25],"texture":"#0"},"south":{"uv":[1.5,7,2.25,7.75],"texture":"#0"},"west":{"uv":[7,3.25,7.625,4],"texture":"#0"},"up":{"uv":[7.25,7.625,6.5,7],"texture":"#0"},"down":{"uv":[0.75,7.25,0,7.875],"texture":"#0"}}},{"from":[5,0.75,6.5],"to":[11,11.25,13.5],"rotation":{"angle":-22.5,"axis":"x","origin":[8,6.75,8.5]},"faces":{"north":{"uv":[0,2.75,1.5,5.375],"texture":"#0"},"east":{"uv":[0,0,1.75,2.625],"texture":"#0"},"south":{"uv":[1.5,2.75,3,5.375],"texture":"#0"},"west":{"uv":[1.75,0,3.5,2.625],"texture":"#0"},"up":{"uv":[6.25,3.25,4.75,1.5],"texture":"#0"},"down":{"uv":[1.5,5.5,0,7.25],"texture":"#0"}}},{"from":[4.92388,7.23724,3.02584],"to":[6.92388,9.73724,7.02584],"rotation":{"angle":-22.5,"axis":"y","origin":[5.92388,8.98724,5.02584]},"faces":{"north":{"uv":[7.75,3,8.25,3.625],"texture":"#0"},"east":{"uv":[6.5,6.25,7.5,6.875],"texture":"#0"},"south":{"uv":[3.25,7.75,3.75,8.375],"texture":"#0"},"west":{"uv":[6.75,0,7.75,0.625],"texture":"#0"},"up":{"uv":[7.5,2.5,7,1.5],"texture":"#0"},"down":{"uv":[2.75,7,2.25,8],"texture":"#0"}}},{"from":[6.2214,2.94559,13.5566],"to":[8.2374,5.96159,15.5726],"rotation":{"angle":-22.5,"axis":"z","origin":[5.7294,2.45359,14.5646]},"faces":{"north":{"uv":[7.5,5,8,5.75],"texture":"#0"},"east":{"uv":[5.75,7.5,6.25,8.25],"texture":"#0"},"south":{"uv":[7.5,5.75,8,6.5],"texture":"#0"},"west":{"uv":[7.25,7.5,7.75,8.25],"texture":"#0"},"up":{"uv":[5,8.5,4.5,8],"texture":"#0"},"down":{"uv":[5.5,8,5,8.5],"texture":"#0"}}},{"from":[5.45668,0.34926,13.5586],"to":[7.46868,3.11126,15.5706],"rotation":{"angle":-45,"axis":"z","origin":[6.46268,1.60526,14.5646]},"faces":{"north":{"uv":[7.75,0,8.25,0.75],"texture":"#0"},"east":{"uv":[1.5,7.75,2,8.5],"texture":"#0"},"south":{"uv":[7.75,2.25,8.25,3],"texture":"#0"},"west":{"uv":[2.75,7.75,3.25,8.5],"texture":"#0"},"up":{"uv":[8.5,5.5,8,5],"texture":"#0"},"down":{"uv":[8.5,5.5,8,6],"texture":"#0"}}},{"from":[2.8319,0.01027,13.5606],"to":[6.2899,2.01827,15.5686],"rotation":{"angle":0,"axis":"y","origin":[6.1609,1.01427,14.5646]},"faces":{"north":{"uv":[2.75,7.25,3.625,7.75],"texture":"#0"},"east":{"uv":[8,6,8.5,6.5],"texture":"#0"},"south":{"uv":[7.25,7,8.125,7.5],"texture":"#0"},"west":{"uv":[7.75,8,8.25,8.5],"texture":"#0"},"up":{"uv":[8.375,1.25,7.5,0.75],"texture":"#0"},"down":{"uv":[8.375,1.25,7.5,1.75],"texture":"#0"}}},{"from":[0.59625,0.01227,12.63574],"to":[4.05025,2.01627,14.63974],"rotation":{"angle":-45,"axis":"y","origin":[2.32325,1.01427,13.63774]},"faces":{"north":{"uv":[7.5,1.75,8.375,2.25],"texture":"#0"},"east":{"uv":[8.25,0,8.75,0.5],"texture":"#0"},"south":{"uv":[3.75,7.5,4.625,8],"texture":"#0"},"west":{"uv":[8.25,2.25,8.75,2.75],"texture":"#0"},"up":{"uv":[8.375,4.5,7.5,4],"texture":"#0"},"down":{"uv":[8.375,4.5,7.5,5],"texture":"#0"}}},{"from":[0.37851,0.19032,7.5646],"to":[2.87851,2.69032,13.5646],"rotation":{"angle":0,"axis":"y","origin":[-0.62149,1.19032,14.5646]},"faces":{"north":{"uv":[0.75,7.25,1.375,7.875],"texture":"#0"},"east":{"uv":[4.75,3.25,6.25,3.875],"texture":"#0"},"south":{"uv":[5,7.25,5.625,7.875],"texture":"#0"},"west":{"uv":[6,4,7.5,4.625],"texture":"#0"},"up":{"uv":[4.875,7.5,4.25,6],"texture":"#0"},"down":{"uv":[6.625,4.75,6,6.25],"texture":"#0"}}},{"from":[9.5,0.13112,6.67283],"to":[12.5,5.13112,11.67283],"rotation":{"angle":-22.5,"axis":"y","origin":[11,1.75612,7.54783]},"faces":{"north":{"uv":[5,6,5.75,7.25],"texture":"#0"},"east":{"uv":[3.5,1.5,4.75,2.75],"texture":"#0"},"south":{"uv":[6.25,1.5,7,2.75],"texture":"#0"},"west":{"uv":[3,6,4.25,7.25],"texture":"#0"},"up":{"uv":[7,4,6.25,2.75],"texture":"#0"},"down":{"uv":[6.5,6.25,5.75,7.5],"texture":"#0"}}},{"from":[9.5,0.13112,5.17283],"to":[12.5,1.63112,6.67283],"rotation":{"angle":-22.5,"axis":"y","origin":[11,1.75612,7.54783]},"faces":{"north":{"uv":[0,8,0.75,8.375],"texture":"#0"},"east":{"uv":[8.25,2.75,8.625,3.125],"texture":"#0"},"south":{"uv":[0.75,8,1.5,8.375],"texture":"#0"},"west":{"uv":[8.25,3.25,8.625,3.625],"texture":"#0"},"up":{"uv":[2.75,8.375,2,8],"texture":"#0"},"down":{"uv":[4.5,8,3.75,8.375],"texture":"#0"}}},{"from":[3.5,0.13112,5.17283],"to":[6.5,1.63112,6.67283],"rotation":{"angle":22.5,"axis":"y","origin":[5,1.75612,7.54783]},"faces":{"north":{"uv":[0.75,8,0,8.375],"texture":"#0"},"east":{"uv":[8.625,3.25,8.25,3.625],"texture":"#0"},"south":{"uv":[1.5,8,0.75,8.375],"texture":"#0"},"west":{"uv":[8.625,2.75,8.25,3.125],"texture":"#0"},"up":{"uv":[2,8.375,2.75,8],"texture":"#0"},"down":{"uv":[3.75,8,4.5,8.375],"texture":"#0"}}},{"from":[3.5,0.13112,6.67283],"to":[6.5,5.13112,11.67283],"rotation":{"angle":22.5,"axis":"y","origin":[5,1.75612,7.54783]},"faces":{"north":{"uv":[5.75,6,5,7.25],"texture":"#0"},"east":{"uv":[4.25,6,3,7.25],"texture":"#0"},"south":{"uv":[7,1.5,6.25,2.75],"texture":"#0"},"west":{"uv":[4.75,1.5,3.5,2.75],"texture":"#0"},"up":{"uv":[6.25,4,7,2.75],"texture":"#0"},"down":{"uv":[5.75,6.25,6.5,7.5],"texture":"#0"}}},{"from":[9.07612,7.23724,3.02584],"to":[11.07612,9.73724,7.02584],"rotation":{"angle":22.5,"axis":"y","origin":[10.07612,8.98724,5.02584]},"faces":{"north":{"uv":[8.25,3,7.75,3.625],"texture":"#0"},"east":{"uv":[7.75,0,6.75,0.625],"texture":"#0"},"south":{"uv":[3.75,7.75,3.25,8.375],"texture":"#0"},"west":{"uv":[7.5,6.25,6.5,6.875],"texture":"#0"},"up":{"uv":[7,2.5,7.5,1.5],"texture":"#0"},"down":{"uv":[2.25,7,2.75,8],"texture":"#0"}}},{"from":[3.5,13.75,6.75],"to":[6.5,16.75,8.25],"rotation":{"angle":0,"axis":"y","origin":[8,-0.25,7.5]},"faces":{"north":{"uv":[6.75,0.75,7.5,1.5],"texture":"#0"},"east":{"uv":[6.25,7.75,6.625,8.5],"texture":"#0"},"south":{"uv":[6.75,4.75,7.5,5.5],"texture":"#0"},"west":{"uv":[6.75,7.75,7.125,8.5],"texture":"#0"},"up":{"uv":[8.25,6.875,7.5,6.5],"texture":"#0"},"down":{"uv":[8.5,7.5,7.75,7.875],"texture":"#0"}}},{"from":[9.5,13.75,6.75],"to":[12.5,16.75,8.25],"rotation":{"angle":0,"axis":"y","origin":[8,-0.25,7.5]},"faces":{"north":{"uv":[7.5,0.75,6.75,1.5],"texture":"#0"},"east":{"uv":[7.125,7.75,6.75,8.5],"texture":"#0"},"south":{"uv":[7.5,4.75,6.75,5.5],"texture":"#0"},"west":{"uv":[6.625,7.75,6.25,8.5],"texture":"#0"},"up":{"uv":[7.5,6.875,8.25,6.5],"texture":"#0"},"down":{"uv":[7.75,7.5,8.5,7.875],"texture":"#0"}}},{"name":"signs","from":[0.7,18,-0.075],"to":[15.3,20.8,-0.075],"rotation":{"angle":0,"axis":"y","origin":[17,6.9,0]},"faces":{"north":{"uv":[0,14.875,7.375,16],"texture":"#0"},"east":{"uv":[0,0,0,0.75],"texture":"#0"},"west":{"uv":[0,0,0,0.75],"texture":"#0"},"up":{"uv":[3.625,0,0,0],"texture":"#0"},"down":{"uv":[3.625,0,0,0],"texture":"#0"}}},{"name":"package","from":[0,-0.1,0],"to":[16,21.9,0],"faces":{"north":{"uv":[0,0,4,5.5],"texture":"#1"},"east":{"uv":[4,0,8,5.5],"texture":"#1"},"south":{"uv":[0,0,4,5.5],"texture":"#1"},"west":{"uv":[4,5.5,8,11],"texture":"#1"},"up":{"uv":[12,4,8,0],"texture":"#1"},"down":{"uv":[12,4,8,8],"texture":"#1"}}},{"name":"package","from":[0,-0.1,16],"to":[16,21.9,16],"faces":{"north":{"uv":[0,5.5,4,11],"texture":"#1"},"east":{"uv":[4,0,8,5.5],"texture":"#1"},"south":{"uv":[0,5.5,4,11],"texture":"#1"},"west":{"uv":[4,5.5,8,11],"texture":"#1"},"up":{"uv":[12,4,8,0],"texture":"#1"},"down":{"uv":[12,4,8,8],"texture":"#1"}}},{"name":"package","from":[0,-0.1,0],"to":[16,-0.1,16],"faces":{"north":{"uv":[0,0,4,5.5],"texture":"#1"},"east":{"uv":[4,0,8,5.5],"texture":"#1"},"south":{"uv":[0,5.5,4,11],"texture":"#1"},"west":{"uv":[4,5.5,8,11],"texture":"#1"},"up":{"uv":[12,4,8,8],"texture":"#1"},"down":{"uv":[12,4,8,8],"texture":"#1"}}},{"name":"package","from":[0,21.9,0],"to":[16,21.9,16],"faces":{"north":{"uv":[0,0,4,5.5],"texture":"#1"},"east":{"uv":[4,0,8,5.5],"texture":"#1"},"south":{"uv":[0,5.5,4,11],"texture":"#1"},"west":{"uv":[4,5.5,8,11],"texture":"#1"},"up":{"uv":[12,4,8,0],"texture":"#1"},"down":{"uv":[12,4,8,8],"texture":"#1"}}},{"name":"package","from":[16,-0.1,0],"to":[16,21.9,16],"faces":{"north":{"uv":[0,0,4,5.5],"texture":"#1"},"east":{"uv":[4,0,8,5.5],"texture":"#1"},"south":{"uv":[0,5.5,4,11],"texture":"#1"},"west":{"uv":[4,5.5,8,11],"texture":"#1"},"up":{"uv":[12,4,8,0],"texture":"#1"},"down":{"uv":[12,4,8,8],"texture":"#1"}}},{"name":"package","from":[0,-0.1,0],"to":[0,21.9,16],"faces":{"north":{"uv":[0,0,4,5.5],"texture":"#1"},"east":{"uv":[4,0,8,5.5],"texture":"#1"},"south":{"uv":[0,5.5,4,11],"texture":"#1"},"west":{"uv":[4,5.5,8,11],"texture":"#1"},"up":{"uv":[12,4,8,0],"texture":"#1"},"down":{"uv":[12,4,8,8],"texture":"#1"}}}],"gui_light":"front","display":{"thirdperson_righthand":{"rotation":[61.23,4.49,0.46],"translation":[0,1.75,0.75],"scale":[0.5,0.5,0.5]},"thirdperson_lefthand":{"rotation":[61.23,4.49,0.46],"translation":[0,1.75,0.75],"scale":[0.5,0.5,0.5]},"firstperson_righthand":{"rotation":[-166,53.68,171.1],"translation":[0.75,3.75,-0.75],"scale":[0.58336,0.58336,0.58336]},"firstperson_lefthand":{"rotation":[-166,53.68,171.1],"translation":[0.75,3.75,-0.75],"scale":[0.58336,0.58336,0.58336]},"ground":{"rotation":[68,0,0],"translation":[0,1.5,0],"scale":[0.5,0.5,0.5]},"gui":{"rotation":[-170,30,-180],"translation":[0,-2,0],"scale":[0.62,0.62,0.62]},"head":{"rotation":[7,180,1],"translation":[0,-60,11.25],"scale":[1.6,1.6,1.6]},"fixed":{"rotation":[-90,0,0],"translation":[0,-0.25,-16.25],"scale":[2,2,2]}}}