{"credit":"By EliteCreatures","textures":{"0":"elitecreatures:collectibles_v3_32x/happy_frogs_inside_32","1":"elitecreatures:collectibles_v3_32x/collectibles_package","2":"elitecreatures:collectibles_v3_32x/ef_happy_frogs_long","particle":"elitecreatures:collectibles_v3_32x/collectibles_package"},"elements":[{"from":[3,7,2.4],"to":[13,10,11.4],"rotation":{"angle":0,"axis":"y","origin":[7,0,14.4]},"faces":{"north":{"uv":[0,5.75,2.5,6.5],"texture":"#0"},"east":{"uv":[6,5.75,8.25,6.5],"texture":"#0"},"south":{"uv":[6,5,8.5,5.75],"texture":"#0"},"west":{"uv":[2.5,6.25,4.75,7],"texture":"#0"},"up":{"uv":[2.5,2.25,0,0],"texture":"#0"},"down":{"uv":[2.5,2.25,0,4.5],"texture":"#0"}}},{"from":[3,10,4.4],"to":[7,14.75,7.4],"rotation":{"angle":0,"axis":"y","origin":[7,0,14.4]},"faces":{"north":{"uv":[6.75,2.75,7.75,4],"texture":"#0"},"east":{"uv":[1.75,4.5,2.5,5.75],"texture":"#0"},"south":{"uv":[2.25,7,3.25,8.25],"texture":"#0"},"west":{"uv":[7,7,7.75,8.25],"texture":"#0"},"up":{"uv":[7.75,4.75,6.75,4],"texture":"#0"},"down":{"uv":[1,7.75,0,8.5],"texture":"#0"}}},{"from":[9,10,4.4],"to":[13,14.75,7.4],"rotation":{"angle":0,"axis":"y","origin":[9,0,14.4]},"faces":{"north":{"uv":[3.25,7,4.25,8.25],"texture":"#0"},"east":{"uv":[4.25,7.5,5,8.75],"texture":"#0"},"south":{"uv":[6,7,7,8.25],"texture":"#0"},"west":{"uv":[5,7.5,5.75,8.75],"texture":"#0"},"up":{"uv":[2,8.5,1,7.75],"texture":"#0"},"down":{"uv":[8.75,1.5,7.75,2.25],"texture":"#0"}}},{"from":[3,5,7.15],"to":[13,7,11.4],"rotation":{"angle":0,"axis":"y","origin":[8,6,6.9]},"faces":{"north":{"uv":[6,6.5,8.5,7],"texture":"#0"},"east":{"uv":[2.5,8.25,3.625,8.75],"texture":"#0"},"south":{"uv":[6.75,0,9.25,0.5],"texture":"#0"},"west":{"uv":[5.75,8.25,6.875,8.75],"texture":"#0"},"up":{"uv":[6.75,3.625,4.25,2.5],"texture":"#0"},"down":{"uv":[6.75,3.75,4.25,4.875],"texture":"#0"}}},{"from":[4.5,1,6.15],"to":[11.5,6,12.4],"rotation":{"angle":0,"axis":"y","origin":[8,6,6.9]},"faces":{"north":{"uv":[0,4.5,1.75,5.75],"texture":"#0"},"east":{"uv":[5,1.25,6.625,2.5],"texture":"#0"},"south":{"uv":[5,0,6.75,1.25],"texture":"#0"},"west":{"uv":[4.25,5,5.875,6.25],"texture":"#0"},"up":{"uv":[4.25,4.125,2.5,2.5],"texture":"#0"},"down":{"uv":[4.25,4.25,2.5,5.875],"texture":"#0"}}},{"from":[2.5,0,8.15],"to":[4.5,4.5,12.4],"rotation":{"angle":45,"axis":"y","origin":[4.5,2.25,10.275]},"faces":{"north":{"uv":[3.75,8.25,4.25,9.375],"texture":"#0"},"east":{"uv":[4.75,6.25,5.875,7.375],"texture":"#0"},"south":{"uv":[7,8.25,7.5,9.375],"texture":"#0"},"west":{"uv":[0,6.5,1.125,7.625],"texture":"#0"},"up":{"uv":[8.75,8.125,8.25,7],"texture":"#0"},"down":{"uv":[8.75,8.25,8.25,9.375],"texture":"#0"}}},{"from":[3.58579,0.375,5.53236],"to":[5.58579,5.625,7.53236],"rotation":{"angle":22.5,"axis":"x","origin":[3.08579,4,6.03236]},"faces":{"north":{"uv":[7.75,2.25,8.25,3.625],"texture":"#0"},"east":{"uv":[7.75,7,8.25,8.375],"texture":"#0"},"south":{"uv":[2,8.25,2.5,9.625],"texture":"#0"},"west":{"uv":[8.25,2.25,8.75,3.625],"texture":"#0"},"up":{"uv":[0.5,9,0,8.5],"texture":"#0"},"down":{"uv":[1,8.5,0.5,9],"texture":"#0"}}},{"from":[2.5,0,6.4],"to":[4.5,1.5,8.15],"rotation":{"angle":45,"axis":"y","origin":[4.5,2.25,10.275]},"faces":{"north":{"uv":[1,8.5,1.5,8.875],"texture":"#0"},"east":{"uv":[1.5,8.5,2,8.875],"texture":"#0"},"south":{"uv":[8.5,5,9,5.375],"texture":"#0"},"west":{"uv":[8.5,6.5,9,6.875],"texture":"#0"},"up":{"uv":[4.75,7.5,4.25,7],"texture":"#0"},"down":{"uv":[8.75,6,8.25,6.5],"texture":"#0"}}},{"from":[11.5,0,6.4],"to":[13.5,1.5,8.15],"rotation":{"angle":-45,"axis":"y","origin":[11.5,2.25,10.275]},"faces":{"north":{"uv":[1.5,8.5,1,8.875],"texture":"#0"},"east":{"uv":[9,6.5,8.5,6.875],"texture":"#0"},"south":{"uv":[9,5,8.5,5.375],"texture":"#0"},"west":{"uv":[2,8.5,1.5,8.875],"texture":"#0"},"up":{"uv":[4.25,7.5,4.75,7],"texture":"#0"},"down":{"uv":[8.25,6,8.75,6.5],"texture":"#0"}}},{"from":[11.5,0,8.15],"to":[13.5,4.5,12.4],"rotation":{"angle":-45,"axis":"y","origin":[11.5,2.25,10.275]},"faces":{"north":{"uv":[4.25,8.25,3.75,9.375],"texture":"#0"},"east":{"uv":[1.125,6.5,0,7.625],"texture":"#0"},"south":{"uv":[7.5,8.25,7,9.375],"texture":"#0"},"west":{"uv":[5.875,6.25,4.75,7.375],"texture":"#0"},"up":{"uv":[8.25,8.125,8.75,7],"texture":"#0"},"down":{"uv":[8.25,8.25,8.75,9.375],"texture":"#0"}}},{"from":[10.41421,0.375,5.53236],"to":[12.41421,5.625,7.53236],"rotation":{"angle":22.5,"axis":"x","origin":[12.91421,4,6.03236]},"faces":{"north":{"uv":[8.25,2.25,7.75,3.625],"texture":"#0"},"east":{"uv":[8.75,2.25,8.25,3.625],"texture":"#0"},"south":{"uv":[2.5,8.25,2,9.625],"texture":"#0"},"west":{"uv":[8.25,7,7.75,8.375],"texture":"#0"},"up":{"uv":[0,9,0.5,8.5],"texture":"#0"},"down":{"uv":[0.5,8.5,1,9],"texture":"#0"}}},{"from":[3,4.34933,2.37888],"to":[13,6.34933,7.37888],"rotation":{"angle":-22.5,"axis":"x","origin":[8,6.09933,5.62888]},"faces":{"north":{"uv":[6.75,0.5,9.25,1],"texture":"#0"},"east":{"uv":[7.75,3.75,9,4.25],"texture":"#0"},"south":{"uv":[6.75,1,9.25,1.5],"texture":"#0"},"west":{"uv":[7.75,4.25,9,4.75],"texture":"#0"},"up":{"uv":[5,1.25,2.5,0],"texture":"#0"},"down":{"uv":[5,1.25,2.5,2.5],"texture":"#0"}}},{"from":[6,6.34933,2.37888],"to":[10,7.34933,7.37888],"rotation":{"angle":-22.5,"axis":"x","origin":[8,6.09933,5.62888]},"faces":{"north":{"uv":[8,4.75,9,5],"texture":"#0"},"east":{"uv":[2.5,6,3.75,6.25],"texture":"#0"},"south":{"uv":[8.25,5.75,9.25,6],"texture":"#0"},"west":{"uv":[6.75,4.75,8,5],"texture":"#0"},"up":{"uv":[2.25,7.75,1.25,6.5],"texture":"#0"},"down":{"uv":[7.75,1.5,6.75,2.75],"texture":"#0"}}},{"name":"signs","from":[0.7,18,-0.075],"to":[15.3,20.8,-0.075],"rotation":{"angle":0,"axis":"y","origin":[17,6.9,0]},"faces":{"north":{"uv":[0,14.875,7.375,16],"texture":"#0"},"east":{"uv":[0,0,0,0.75],"texture":"#0"},"west":{"uv":[0,0,0,0.75],"texture":"#0"},"up":{"uv":[3.625,0,0,0],"texture":"#0"},"down":{"uv":[3.625,0,0,0],"texture":"#0"}}},{"name":"package","from":[0,-0.1,0],"to":[16,21.9,0],"faces":{"north":{"uv":[0,0,4,5.5],"texture":"#1"},"east":{"uv":[4,0,8,5.5],"texture":"#1"},"south":{"uv":[0,0,4,5.5],"texture":"#1"},"west":{"uv":[4,5.5,8,11],"texture":"#1"},"up":{"uv":[12,4,8,0],"texture":"#1"},"down":{"uv":[12,4,8,8],"texture":"#1"}}},{"name":"package","from":[0,-0.1,16],"to":[16,21.9,16],"faces":{"north":{"uv":[0,5.5,4,11],"texture":"#1"},"east":{"uv":[4,0,8,5.5],"texture":"#1"},"south":{"uv":[0,5.5,4,11],"texture":"#1"},"west":{"uv":[4,5.5,8,11],"texture":"#1"},"up":{"uv":[12,4,8,0],"texture":"#1"},"down":{"uv":[12,4,8,8],"texture":"#1"}}},{"name":"package","from":[0,-0.1,0],"to":[16,-0.1,16],"faces":{"north":{"uv":[0,0,4,5.5],"texture":"#1"},"east":{"uv":[4,0,8,5.5],"texture":"#1"},"south":{"uv":[0,5.5,4,11],"texture":"#1"},"west":{"uv":[4,5.5,8,11],"texture":"#1"},"up":{"uv":[12,4,8,8],"texture":"#1"},"down":{"uv":[12,4,8,8],"texture":"#1"}}},{"name":"package","from":[0,21.9,0],"to":[16,21.9,16],"faces":{"north":{"uv":[0,0,4,5.5],"texture":"#1"},"east":{"uv":[4,0,8,5.5],"texture":"#1"},"south":{"uv":[0,5.5,4,11],"texture":"#1"},"west":{"uv":[4,5.5,8,11],"texture":"#1"},"up":{"uv":[12,4,8,0],"texture":"#1"},"down":{"uv":[12,4,8,8],"texture":"#1"}}},{"name":"package","from":[16,-0.1,0],"to":[16,21.9,16],"faces":{"north":{"uv":[0,0,4,5.5],"texture":"#1"},"east":{"uv":[4,0,8,5.5],"texture":"#1"},"south":{"uv":[0,5.5,4,11],"texture":"#1"},"west":{"uv":[4,5.5,8,11],"texture":"#1"},"up":{"uv":[12,4,8,0],"texture":"#1"},"down":{"uv":[12,4,8,8],"texture":"#1"}}},{"name":"package","from":[0,-0.1,0],"to":[0,21.9,16],"faces":{"north":{"uv":[0,0,4,5.5],"texture":"#1"},"east":{"uv":[4,0,8,5.5],"texture":"#1"},"south":{"uv":[0,5.5,4,11],"texture":"#1"},"west":{"uv":[4,5.5,8,11],"texture":"#1"},"up":{"uv":[12,4,8,0],"texture":"#1"},"down":{"uv":[12,4,8,8],"texture":"#1"}}},{"from":[-0.5,0,14],"to":[9.5,18,14],"rotation":{"angle":-22.5,"axis":"y","origin":[6,8,14]},"faces":{"north":{"uv":[9.5,8,14.5,16],"texture":"#2"},"east":{"uv":[0,0,0,16],"texture":"#missing"},"south":{"uv":[14.5,8,9.5,16],"texture":"#2"},"west":{"uv":[0,0,0,16],"texture":"#missing"},"up":{"uv":[0,0,12,0],"texture":"#missing"},"down":{"uv":[0,0,12,0],"texture":"#missing"}}},{"from":[12.97391,0,8.37908],"to":[12.97391,20,18.37908],"rotation":{"angle":-45,"axis":"y","origin":[13.72391,10,11.62908]},"faces":{"north":{"uv":[0,0,0,16],"texture":"#missing"},"east":{"uv":[7,7.5,0.5,16],"texture":"#2"},"south":{"uv":[0,0,0,16],"texture":"#missing"},"west":{"uv":[0.5,7.5,7,16],"texture":"#2"},"up":{"uv":[12,0,0,0],"rotation":270,"texture":"#missing"},"down":{"uv":[12,0,0,0],"rotation":90,"texture":"#missing"}}},{"from":[4,10.5344,9],"to":[12,20.5344,9],"rotation":{"angle":0,"axis":"z","origin":[8,18.5344,6]},"faces":{"north":{"uv":[6,0,11.5,6],"texture":"#2"},"east":{"uv":[0,0,0,13],"texture":"#missing"},"south":{"uv":[11.5,0,6,6],"texture":"#2"},"west":{"uv":[0,0,0,13],"texture":"#missing"},"up":{"uv":[0,0,6,0],"texture":"#missing"},"down":{"uv":[0,0,6,0],"texture":"#missing"}}}],"gui_light":"front","display":{"thirdperson_righthand":{"rotation":[61.23,4.49,0.46],"translation":[0,1.75,0.75],"scale":[0.5,0.5,0.5]},"thirdperson_lefthand":{"rotation":[61.23,4.49,0.46],"translation":[0,1.75,0.75],"scale":[0.5,0.5,0.5]},"firstperson_righthand":{"rotation":[-166,53.68,171.1],"translation":[0.75,3.75,-0.75],"scale":[0.58336,0.58336,0.58336]},"firstperson_lefthand":{"rotation":[-166,53.68,171.1],"translation":[0.75,3.75,-0.75],"scale":[0.58336,0.58336,0.58336]},"ground":{"rotation":[68,0,0],"translation":[0,1.5,0],"scale":[0.5,0.5,0.5]},"gui":{"rotation":[-170,30,-180],"translation":[0,-2,0],"scale":[0.62,0.62,0.62]},"head":{"rotation":[7,180,1],"translation":[0,-60,11.25],"scale":[1.6,1.6,1.6]},"fixed":{"rotation":[-90,0,0],"translation":[0,-0.25,-16.25],"scale":[2,2,2]}}}