{"credit":"MadewithBlockbench","ambientocclusion":false,"texture_size":[64,64],"textures":{"1":"elitecreatures:exotic_garden_decoration_v1/pot_1"},"elements":[{"from":[10,0.5,5.5],"to":[10,6.5,10.5],"rotation":{"angle":0,"axis":"y","origin":[9.5,0.03582,8]},"faces":{"east":{"uv":[3,14.5,4.25,13],"texture":"#1"},"west":{"uv":[4.25,14.5,3,13],"texture":"#1"}}},{"from":[9.5,0,5.5],"to":[9.5,6,10.5],"rotation":{"angle":-22.5,"axis":"z","origin":[9.5,0.03582,8]},"faces":{"east":{"uv":[3,16,4.25,14.5],"texture":"#1"},"west":{"uv":[4.25,16,3,14.5],"texture":"#1"}}},{"from":[7.22324,5.51768,5.5],"to":[7.22324,11.51768,10.5],"rotation":{"angle":-45,"axis":"z","origin":[9.5,0.03582,8]},"faces":{"east":{"uv":[3,14.5,4.25,13],"texture":"#1"},"west":{"uv":[4.25,14.5,3,13],"texture":"#1"}}},{"from":[6.5,0,5.5],"to":[6.5,6,10.5],"rotation":{"angle":22.5,"axis":"z","origin":[6.5,0.03582,8]},"faces":{"east":{"uv":[3,16,4.25,14.5],"texture":"#1"},"west":{"uv":[4.25,16,3,14.5],"texture":"#1"}}},{"from":[8.77676,5.51768,5.5],"to":[8.77676,11.51768,10.5],"rotation":{"angle":45,"axis":"z","origin":[6.5,0.03582,8]},"faces":{"east":{"uv":[3,14.5,4.25,13],"texture":"#1"},"west":{"uv":[4.25,14.5,3,13],"texture":"#1"}}},{"from":[5,0,6.5],"to":[10,6,6.5],"rotation":{"angle":-22.5,"axis":"x","origin":[7.5,0.03582,6.5]},"faces":{"north":{"uv":[4.25,16,3,14.5],"texture":"#1"},"south":{"uv":[3,16,4.25,14.5],"texture":"#1"}}},{"from":[5,5.51768,8.77676],"to":[10,11.51768,8.77676],"rotation":{"angle":-45,"axis":"x","origin":[7.5,0.03582,6.5]},"faces":{"north":{"uv":[4.25,14.5,3,13],"texture":"#1"},"south":{"uv":[3,14.5,4.25,13],"texture":"#1"}}},{"from":[5,0,9.5],"to":[10,6,9.5],"rotation":{"angle":22.5,"axis":"x","origin":[7.5,0.03582,9.5]},"faces":{"north":{"uv":[4.25,16,3,14.5],"texture":"#1"},"south":{"uv":[3,16,4.25,14.5],"texture":"#1"}}},{"from":[5,5.51768,7.22324],"to":[10,11.51768,7.22324],"rotation":{"angle":45,"axis":"x","origin":[7.5,0.03582,9.5]},"faces":{"north":{"uv":[4.25,14.5,3,13],"texture":"#1"},"south":{"uv":[3,14.5,4.25,13],"texture":"#1"}}},{"from":[6.5,0,6.5],"to":[9.5,6,9.5],"rotation":{"angle":0,"axis":"y","origin":[8.1,4,8.35]},"faces":{"north":{"uv":[5.5,6.25,4.75,4.75],"texture":"#1"},"east":{"uv":[4.75,6.25,5.5,4.75],"texture":"#1"},"south":{"uv":[5.5,6.25,4.75,4.75],"texture":"#1"},"west":{"uv":[4.75,6.25,5.5,4.75],"texture":"#1"},"up":{"uv":[5.5,6.25,4.75,7],"texture":"#1"}}},{"from":[7,6,7],"to":[9,8,9],"rotation":{"angle":0,"axis":"y","origin":[8.1,4,8.35]},"faces":{"north":{"uv":[5.25,7.5,4.75,7],"texture":"#1"},"east":{"uv":[4.75,7.5,5.25,7],"texture":"#1"},"south":{"uv":[5.25,7.5,4.75,7],"texture":"#1"},"west":{"uv":[4.75,7.5,5.25,7],"texture":"#1"}}},{"from":[6.5,10,6.5],"to":[9.5,12,9.5],"rotation":{"angle":0,"axis":"y","origin":[8.1,4,8.35]},"faces":{"north":{"uv":[6.75,2.5,6,2],"texture":"#1"},"east":{"uv":[6,2.5,6.75,2],"texture":"#1"},"south":{"uv":[6.75,2.5,6,2],"texture":"#1"},"west":{"uv":[6,2.5,6.75,2],"texture":"#1"},"up":{"uv":[6.75,2.5,6,3.25],"texture":"#1"},"down":{"uv":[6.75,3.25,6,4],"texture":"#1"}}},{"from":[6,8,6],"to":[10,10,10],"rotation":{"angle":0,"axis":"y","origin":[8.1,4,8.35]},"faces":{"north":{"uv":[6.5,5.25,5.5,4.75],"texture":"#1"},"east":{"uv":[5.5,5.25,6.5,4.75],"texture":"#1"},"south":{"uv":[6.5,5.25,5.5,4.75],"texture":"#1"},"west":{"uv":[5.5,5.25,6.5,4.75],"texture":"#1"},"up":{"uv":[6.5,5.25,5.5,6.25],"texture":"#1"},"down":{"uv":[6.5,6.25,5.5,7.25],"texture":"#1"}}}],"display":{"thirdperson_righthand":{"translation":[0,4,2],"scale":[0.5,0.5,0.5]},"thirdperson_lefthand":{"translation":[0,4,2],"scale":[0.5,0.5,0.5]},"ground":{"translation":[0,1.5,0],"scale":[0.7,0.7,0.7]},"gui":{"rotation":[40,-40,0],"translation":[0,0.75,0]},"head":{"translation":[0,-27.5,0],"scale":[2,2,2]},"fixed":{"translation":[0,-0.5,-0.75]}},"groups":[{"name":"vase1","origin":[-7,14.5,8],"color":0,"children":[{"name":"group","origin":[8,8,8],"color":0,"children":[0,{"name":"group","origin":[8.5,9,8],"color":0,"children":[1,2]},{"name":"group","origin":[8.5,9,8],"color":0,"children":[3,4]},{"name":"group","origin":[8.5,9,8],"color":0,"children":[5,6]},{"name":"group","origin":[8.5,9,8],"color":0,"children":[7,8]},9,10,11,12]}]}]}