{
  "credit": "Made by PolygonMC",
  "texture_size": [
    24,
    24
  ],
  "textures": {
    "2": "littlepandaset:trident"
  },
  "elements": [
    {
      "from": [
        7.5,
        1,
        7.5
      ],
      "to": [
        8.5,
        2,
        8.5
      ],
      "rotation": {
        "angle": 0,
        "axis": "y",
        "origin": [
          6.5,
          0,
          7.5
        ]
      },
      "faces": {
        "north": {
          "uv": [
            8.66667,
            9.33333,
            9.33333,
            10
          ],
          "texture": "#2"
        },
        "east": {
          "uv": [
            13.33333,
            1.33333,
            14,
            2
          ],
          "texture": "#2"
        },
        "south": {
          "uv": [
            5.33333,
            14,
            6,
            14.66667
          ],
          "texture": "#2"
        },
        "west": {
          "uv": [
            6,
            14,
            6.66667,
            14.66667
          ],
          "texture": "#2"
        },
        "up": {
          "uv": [
            14.66667,
            6.66667,
            14,
            6
          ],
          "texture": "#2"
        },
        "down": {
          "uv": [
            7.33333,
            14,
            6.66667,
            14.66667
          ],
          "texture": "#2"
        }
      }
    },
    {
      "from": [
        7.5,
        2.5,
        7.5
      ],
      "to": [
        8.5,
        7.5,
        8.5
      ],
      "rotation": {
        "angle": 0,
        "axis": "y",
        "origin": [
          6.5,
          0,
          7.5
        ]
      },
      "faces": {
        "north": {
          "uv": [
            5.33333,
            8,
            6,
            11.33333
          ],
          "texture": "#2"
        },
        "east": {
          "uv": [
            6,
            8,
            6.66667,
            11.33333
          ],
          "texture": "#2"
        },
        "south": {
          "uv": [
            6.66667,
            8,
            7.33333,
            11.33333
          ],
          "texture": "#2"
        },
        "west": {
          "uv": [
            7.33333,
            8,
            8,
            11.33333
          ],
          "texture": "#2"
        }
      }
    },
    {
      "from": [
        7.35,
        2,
        7.35
      ],
      "to": [
        8.65,
        2.5,
        8.65
      ],
      "rotation": {
        "angle": 0,
        "axis": "y",
        "origin": [
          6.5,
          0,
          7.5
        ]
      },
      "faces": {
        "north": {
          "uv": [
            14,
            11.33333,
            15,
            11.66667
          ],
          "texture": "#2"
        },
        "east": {
          "uv": [
            12,
            14,
            13,
            14.33333
          ],
          "texture": "#2"
        },
        "south": {
          "uv": [
            14,
            12,
            15,
            12.33333
          ],
          "texture": "#2"
        },
        "west": {
          "uv": [
            14,
            12.66667,
            15,
            13
          ],
          "texture": "#2"
        },
        "up": {
          "uv": [
            1.66667,
            13.66667,
            0.66667,
            12.66667
          ],
          "texture": "#2"
        },
        "down": {
          "uv": [
            3,
            12.66667,
            2,
            13.66667
          ],
          "texture": "#2"
        }
      }
    },
    {
      "from": [
        7.35,
        6.5,
        7.35
      ],
      "to": [
        8.65,
        7,
        8.65
      ],
      "rotation": {
        "angle": 0,
        "axis": "y",
        "origin": [
          6.5,
          -1,
          7.5
        ]
      },
      "faces": {
        "north": {
          "uv": [
            13.33333,
            14,
            14.33333,
            14.33333
          ],
          "texture": "#2"
        },
        "east": {
          "uv": [
            14,
            13.33333,
            15,
            13.66667
          ],
          "texture": "#2"
        },
        "south": {
          "uv": [
            14.66667,
            0,
            15.66667,
            0.33333
          ],
          "texture": "#2"
        },
        "west": {
          "uv": [
            14.66667,
            0.66667,
            15.66667,
            1
          ],
          "texture": "#2"
        },
        "up": {
          "uv": [
            13.66667,
            3,
            12.66667,
            2
          ],
          "texture": "#2"
        },
        "down": {
          "uv": [
            4.33333,
            12.66667,
            3.33333,
            13.66667
          ],
          "texture": "#2"
        }
      }
    },
    {
      "from": [
        7.35,
        3,
        7.35
      ],
      "to": [
        8.65,
        6,
        8.65
      ],
      "rotation": {
        "angle": 0,
        "axis": "y",
        "origin": [
          6.5,
          0,
          7.5
        ]
      },
      "faces": {
        "north": {
          "uv": [
            10,
            0,
            11,
            2
          ],
          "texture": "#2"
        },
        "east": {
          "uv": [
            10,
            2,
            11,
            4
          ],
          "texture": "#2"
        },
        "south": {
          "uv": [
            10,
            4,
            11,
            6
          ],
          "texture": "#2"
        },
        "west": {
          "uv": [
            10,
            6,
            11,
            8
          ],
          "texture": "#2"
        },
        "up": {
          "uv": [
            13.66667,
            4.33333,
            12.66667,
            3.33333
          ],
          "texture": "#2"
        },
        "down": {
          "uv": [
            5.66667,
            12.66667,
            4.66667,
            13.66667
          ],
          "texture": "#2"
        }
      }
    },
    {
      "from": [
        7.75,
        0,
        7.25
      ],
      "to": [
        8.25,
        1.5,
        8.75
      ],
      "rotation": {
        "angle": -45,
        "axis": "x",
        "origin": [
          8,
          0.75,
          8
        ]
      },
      "faces": {
        "north": {
          "uv": [
            0,
            14.66667,
            0.33333,
            15.66667
          ],
          "texture": "#2"
        },
        "east": {
          "uv": [
            12.66667,
            4.66667,
            13.66667,
            5.66667
          ],
          "texture": "#2"
        },
        "south": {
          "uv": [
            3.33333,
            14.66667,
            3.66667,
            15.66667
          ],
          "texture": "#2"
        },
        "west": {
          "uv": [
            6,
            12.66667,
            7,
            13.66667
          ],
          "texture": "#2"
        },
        "up": {
          "uv": [
            4.33333,
            15.66667,
            4,
            14.66667
          ],
          "texture": "#2"
        },
        "down": {
          "uv": [
            15,
            4.66667,
            14.66667,
            5.66667
          ],
          "texture": "#2"
        }
      }
    },
    {
      "from": [
        7.5,
        13.5,
        7.5
      ],
      "to": [
        8.5,
        14.5,
        8.5
      ],
      "rotation": {
        "angle": 0,
        "axis": "y",
        "origin": [
          6.5,
          -8,
          7.5
        ]
      },
      "faces": {
        "north": {
          "uv": [
            14,
            6.66667,
            14.66667,
            7.33333
          ],
          "texture": "#2"
        },
        "east": {
          "uv": [
            7.33333,
            14,
            8,
            14.66667
          ],
          "texture": "#2"
        },
        "south": {
          "uv": [
            14,
            7.33333,
            14.66667,
            8
          ],
          "texture": "#2"
        },
        "west": {
          "uv": [
            8,
            14,
            8.66667,
            14.66667
          ],
          "texture": "#2"
        },
        "up": {
          "uv": [
            14.66667,
            8.66667,
            14,
            8
          ],
          "texture": "#2"
        },
        "down": {
          "uv": [
            14.66667,
            8.66667,
            14,
            9.33333
          ],
          "texture": "#2"
        }
      }
    },
    {
      "from": [
        7.5,
        15,
        7.5
      ],
      "to": [
        8.5,
        20,
        8.5
      ],
      "rotation": {
        "angle": 0,
        "axis": "y",
        "origin": [
          6.5,
          -8,
          7.5
        ]
      },
      "faces": {
        "north": {
          "uv": [
            9.33333,
            0,
            10,
            3.33333
          ],
          "texture": "#2"
        },
        "east": {
          "uv": [
            9.33333,
            3.33333,
            10,
            6.66667
          ],
          "texture": "#2"
        },
        "south": {
          "uv": [
            9.33333,
            6.66667,
            10,
            10
          ],
          "texture": "#2"
        },
        "west": {
          "uv": [
            8,
            9.33333,
            8.66667,
            12.66667
          ],
          "texture": "#2"
        }
      }
    },
    {
      "from": [
        7.35,
        14.5,
        7.35
      ],
      "to": [
        8.65,
        15,
        8.65
      ],
      "rotation": {
        "angle": 0,
        "axis": "y",
        "origin": [
          6.5,
          -8,
          7.5
        ]
      },
      "faces": {
        "north": {
          "uv": [
            5.33333,
            14.66667,
            6.33333,
            15
          ],
          "texture": "#2"
        },
        "east": {
          "uv": [
            14.66667,
            6,
            15.66667,
            6.33333
          ],
          "texture": "#2"
        },
        "south": {
          "uv": [
            6.66667,
            14.66667,
            7.66667,
            15
          ],
          "texture": "#2"
        },
        "west": {
          "uv": [
            14.66667,
            6.66667,
            15.66667,
            7
          ],
          "texture": "#2"
        },
        "up": {
          "uv": [
            13.66667,
            7,
            12.66667,
            6
          ],
          "texture": "#2"
        },
        "down": {
          "uv": [
            8.33333,
            12.66667,
            7.33333,
            13.66667
          ],
          "texture": "#2"
        }
      }
    },
    {
      "from": [
        7.35,
        19,
        7.35
      ],
      "to": [
        8.65,
        19.5,
        8.65
      ],
      "rotation": {
        "angle": 0,
        "axis": "y",
        "origin": [
          6.5,
          -9,
          7.5
        ]
      },
      "faces": {
        "north": {
          "uv": [
            14.66667,
            7.33333,
            15.66667,
            7.66667
          ],
          "texture": "#2"
        },
        "east": {
          "uv": [
            8,
            14.66667,
            9,
            15
          ],
          "texture": "#2"
        },
        "south": {
          "uv": [
            14.66667,
            8,
            15.66667,
            8.33333
          ],
          "texture": "#2"
        },
        "west": {
          "uv": [
            14.66667,
            8.66667,
            15.66667,
            9
          ],
          "texture": "#2"
        },
        "up": {
          "uv": [
            13.66667,
            8.33333,
            12.66667,
            7.33333
          ],
          "texture": "#2"
        },
        "down": {
          "uv": [
            13.66667,
            8.66667,
            12.66667,
            9.66667
          ],
          "texture": "#2"
        }
      }
    },
    {
      "from": [
        7.35,
        15.5,
        7.35
      ],
      "to": [
        8.65,
        18.5,
        8.65
      ],
      "rotation": {
        "angle": 0,
        "axis": "y",
        "origin": [
          6.5,
          -8,
          7.5
        ]
      },
      "faces": {
        "north": {
          "uv": [
            10,
            8,
            11,
            10
          ],
          "texture": "#2"
        },
        "east": {
          "uv": [
            8.66667,
            10,
            9.66667,
            12
          ],
          "texture": "#2"
        },
        "south": {
          "uv": [
            10,
            10,
            11,
            12
          ],
          "texture": "#2"
        },
        "west": {
          "uv": [
            0,
            10.66667,
            1,
            12.66667
          ],
          "texture": "#2"
        },
        "up": {
          "uv": [
            13.66667,
            11,
            12.66667,
            10
          ],
          "texture": "#2"
        },
        "down": {
          "uv": [
            12.33333,
            12.66667,
            11.33333,
            13.66667
          ],
          "texture": "#2"
        }
      }
    },
    {
      "from": [
        6,
        20,
        6
      ],
      "to": [
        10,
        24,
        10
      ],
      "rotation": {
        "angle": 0,
        "axis": "y",
        "origin": [
          6.5,
          8,
          6.5
        ]
      },
      "faces": {
        "north": {
          "uv": [
            0,
            5.33333,
            2.66667,
            8
          ],
          "texture": "#2"
        },
        "east": {
          "uv": [
            5.33333,
            0,
            8,
            2.66667
          ],
          "texture": "#2"
        },
        "south": {
          "uv": [
            2.66667,
            5.33333,
            5.33333,
            8
          ],
          "texture": "#2"
        },
        "west": {
          "uv": [
            5.33333,
            2.66667,
            8,
            5.33333
          ],
          "texture": "#2"
        },
        "up": {
          "uv": [
            8,
            8,
            5.33333,
            5.33333
          ],
          "texture": "#2"
        },
        "down": {
          "uv": [
            2.66667,
            8,
            0,
            10.66667
          ],
          "texture": "#2"
        }
      }
    },
    {
      "from": [
        7,
        20,
        5
      ],
      "to": [
        9,
        21.5,
        6
      ],
      "rotation": {
        "angle": 0,
        "axis": "y",
        "origin": [
          6.5,
          8,
          2.5
        ]
      },
      "faces": {
        "north": {
          "uv": [
            11.33333,
            7.33333,
            12.66667,
            8.33333
          ],
          "texture": "#2"
        },
        "east": {
          "uv": [
            4.66667,
            14,
            5.33333,
            15
          ],
          "texture": "#2"
        },
        "west": {
          "uv": [
            14,
            4.66667,
            14.66667,
            5.66667
          ],
          "texture": "#2"
        },
        "up": {
          "uv": [
            4.66667,
            14.66667,
            3.33333,
            14
          ],
          "texture": "#2"
        },
        "down": {
          "uv": [
            15.33333,
            4,
            14,
            4.66667
          ],
          "texture": "#2"
        }
      }
    },
    {
      "from": [
        9,
        23.5,
        7.75
      ],
      "to": [
        11,
        25,
        8.25
      ],
      "rotation": {
        "angle": 0,
        "axis": "y",
        "origin": [
          9,
          11,
          7.75
        ]
      },
      "faces": {
        "north": {
          "uv": [
            11.33333,
            8.66667,
            12.66667,
            9.66667
          ],
          "texture": "#2"
        },
        "east": {
          "uv": [
            9.33333,
            14.66667,
            9.66667,
            15.66667
          ],
          "texture": "#2"
        },
        "south": {
          "uv": [
            11.33333,
            10,
            12.66667,
            11
          ],
          "texture": "#2"
        },
        "west": {
          "uv": [
            10,
            14.66667,
            10.33333,
            15.66667
          ],
          "texture": "#2"
        },
        "up": {
          "uv": [
            15.33333,
            9.66667,
            14,
            9.33333
          ],
          "texture": "#2"
        },
        "down": {
          "uv": [
            11.33333,
            14,
            10,
            14.33333
          ],
          "texture": "#2"
        }
      }
    },
    {
      "from": [
        5,
        23.5,
        7.75
      ],
      "to": [
        7,
        25,
        8.25
      ],
      "rotation": {
        "angle": 0,
        "axis": "y",
        "origin": [
          7,
          11,
          7.75
        ]
      },
      "faces": {
        "north": {
          "uv": [
            11.33333,
            11.33333,
            12.66667,
            12.33333
          ],
          "texture": "#2"
        },
        "east": {
          "uv": [
            10.66667,
            14.66667,
            11,
            15.66667
          ],
          "texture": "#2"
        },
        "south": {
          "uv": [
            8.66667,
            12,
            10,
            13
          ],
          "texture": "#2"
        },
        "west": {
          "uv": [
            11.33333,
            14.66667,
            11.66667,
            15.66667
          ],
          "texture": "#2"
        },
        "up": {
          "uv": [
            15.33333,
            10.33333,
            14,
            10
          ],
          "texture": "#2"
        },
        "down": {
          "uv": [
            15.33333,
            10.66667,
            14,
            11
          ],
          "texture": "#2"
        }
      }
    },
    {
      "from": [
        7,
        12.27024,
        3.87392
      ],
      "to": [
        9,
        14.27024,
        5.87392
      ],
      "rotation": {
        "angle": 22.5,
        "axis": "x",
        "origin": [
          8,
          14.43274,
          4.87392
        ]
      },
      "faces": {
        "north": {
          "uv": [
            11.33333,
            2,
            12.66667,
            3.33333
          ],
          "texture": "#2"
        },
        "east": {
          "uv": [
            11.33333,
            3.33333,
            12.66667,
            4.66667
          ],
          "texture": "#2"
        },
        "south": {
          "uv": [
            11.33333,
            4.66667,
            12.66667,
            6
          ],
          "texture": "#2"
        },
        "west": {
          "uv": [
            5.33333,
            11.33333,
            6.66667,
            12.66667
          ],
          "texture": "#2"
        },
        "up": {
          "uv": [
            12.66667,
            7.33333,
            11.33333,
            6
          ],
          "texture": "#2"
        },
        "down": {
          "uv": [
            8,
            11.33333,
            6.66667,
            12.66667
          ],
          "texture": "#2"
        }
      }
    },
    {
      "from": [
        7.3,
        14.27024,
        4.17392
      ],
      "to": [
        8.7,
        14.77024,
        5.57392
      ],
      "rotation": {
        "angle": 22.5,
        "axis": "x",
        "origin": [
          8,
          14.43274,
          4.87392
        ]
      },
      "faces": {
        "north": {
          "uv": [
            12,
            14.66667,
            13,
            15
          ],
          "texture": "#2"
        },
        "east": {
          "uv": [
            13.33333,
            14.66667,
            14.33333,
            15
          ],
          "texture": "#2"
        },
        "south": {
          "uv": [
            14.66667,
            14,
            15.66667,
            14.33333
          ],
          "texture": "#2"
        },
        "west": {
          "uv": [
            14.66667,
            14.66667,
            15.66667,
            15
          ],
          "texture": "#2"
        }
      }
    },
    {
      "from": [
        7.2,
        14.77024,
        4.07392
      ],
      "to": [
        8.8,
        16.42024,
        5.67392
      ],
      "rotation": {
        "angle": 22.5,
        "axis": "x",
        "origin": [
          8,
          14.43274,
          4.87392
        ]
      },
      "faces": {
        "north": {
          "uv": [
            12.66667,
            11.33333,
            13.66667,
            12.33333
          ],
          "texture": "#2"
        },
        "east": {
          "uv": [
            12.66667,
            12.66667,
            13.66667,
            13.66667
          ],
          "texture": "#2"
        },
        "south": {
          "uv": [
            13.33333,
            0,
            14.33333,
            1
          ],
          "texture": "#2"
        },
        "west": {
          "uv": [
            8.66667,
            13.33333,
            9.66667,
            14.33333
          ],
          "texture": "#2"
        },
        "up": {
          "uv": [
            1.66667,
            15,
            0.66667,
            14
          ],
          "texture": "#2"
        },
        "down": {
          "uv": [
            15,
            1.33333,
            14,
            2.33333
          ],
          "texture": "#2"
        }
      }
    },
    {
      "from": [
        7.25,
        14.775,
        5.35
      ],
      "to": [
        8.75,
        14.805,
        8.35
      ],
      "rotation": {
        "angle": -22.5,
        "axis": "x",
        "origin": [
          8,
          14.775,
          6.85
        ]
      },
      "faces": {
        "up": {
          "uv": [
            2.33333,
            12.66667,
            1.33333,
            10.66667
          ],
          "texture": "#2"
        },
        "down": {
          "uv": [
            12.33333,
            0,
            11.33333,
            2
          ],
          "texture": "#2"
        }
      }
    },
    {
      "from": [
        7.25,
        7.5,
        7.25
      ],
      "to": [
        8.75,
        14,
        8.75
      ],
      "rotation": {
        "angle": 0,
        "axis": "y",
        "origin": [
          7.5,
          7.5,
          7.5
        ]
      },
      "faces": {
        "north": {
          "uv": [
            8,
            0,
            9,
            4.33333
          ],
          "texture": "#2"
        },
        "east": {
          "uv": [
            2.66667,
            8,
            3.66667,
            12.33333
          ],
          "texture": "#2"
        },
        "south": {
          "uv": [
            4,
            8,
            5,
            12.33333
          ],
          "texture": "#2"
        },
        "west": {
          "uv": [
            8,
            4.66667,
            9,
            9
          ],
          "texture": "#2"
        },
        "up": {
          "uv": [
            3,
            15,
            2,
            14
          ],
          "texture": "#2"
        },
        "down": {
          "uv": [
            15,
            2.66667,
            14,
            3.66667
          ],
          "texture": "#2"
        }
      }
    },
    {
      "from": [
        7.5,
        24,
        7.5
      ],
      "to": [
        8.5,
        27,
        8.5
      ],
      "rotation": {
        "angle": 0,
        "axis": "y",
        "origin": [
          7.5,
          24,
          7.5
        ]
      },
      "faces": {
        "north": {
          "uv": [
            10,
            12,
            10.66667,
            14
          ],
          "texture": "#2"
        },
        "east": {
          "uv": [
            10.66667,
            12,
            11.33333,
            14
          ],
          "texture": "#2"
        },
        "south": {
          "uv": [
            0,
            12.66667,
            0.66667,
            14.66667
          ],
          "texture": "#2"
        },
        "west": {
          "uv": [
            12.66667,
            0,
            13.33333,
            2
          ],
          "texture": "#2"
        },
        "up": {
          "uv": [
            12,
            14.66667,
            11.33333,
            14
          ],
          "texture": "#2"
        }
      }
    },
    {
      "from": [
        7.985,
        24,
        4.25
      ],
      "to": [
        8.015,
        32,
        11.75
      ],
      "rotation": {
        "angle": 0,
        "axis": "y",
        "origin": [
          8,
          28,
          8
        ]
      },
      "faces": {
        "east": {
          "uv": [
            5,
            0,
            0,
            5.33333
          ],
          "texture": "#2"
        },
        "west": {
          "uv": [
            0,
            0,
            5,
            5.33333
          ],
          "texture": "#2"
        }
      }
    }
  ],
  "gui_light": "front",
  "display": {
    "thirdperson_righthand": {
      "translation": [
        0,
        -4.5,
        1
      ]
    },
    "thirdperson_lefthand": {
      "translation": [
        0,
        -4.5,
        1
      ]
    },
    "firstperson_righthand": {
      "rotation": [
        -10,
        0,
        0
      ],
      "translation": [
        0,
        -4.25,
        0
      ]
    },
    "firstperson_lefthand": {
      "rotation": [
        -10,
        0,
        0
      ],
      "translation": [
        0,
        -4.25,
        0
      ]
    },
    "ground": {
      "rotation": [
        -45,
        0,
        0
      ],
      "translation": [
        0,
        10.5,
        0
      ]
    },
    "gui": {
      "rotation": [
        -90,
        45,
        90
      ],
      "translation": [
        4,
        -4,
        0
      ],
      "scale": [
        0.72852,
        0.72852,
        0.72852
      ]
    },
    "head": {
      "rotation": [
        90,
        -90,
        90
      ]
    },
    "fixed": {
      "rotation": [
        90,
        -90,
        90
      ],
      "translation": [
        0,
        -12.5,
        -1
      ],
      "scale": [
        2,
        2,
        2
      ]
    }
  }
}