{
  "credit": "MadebyPolygonMC",
  "texture_size": [
    24,
    24
  ],
  "textures": {
    "1": "noraset:sword",
    "2": "noraset:animations/animations_6",
    "particle": "noraset:sword"
  },
  "elements": [
    {
      "from": [
        7.5,
        1,
        7.5
      ],
      "to": [
        8.5,
        2,
        8.5
      ],
      "rotation": {
        "angle": 0,
        "axis": "y",
        "origin": [
          7.5,
          0,
          7.5
        ]
      },
      "faces": {
        "north": {
          "uv": [
            7.33333,
            10,
            8,
            10.66667
          ],
          "texture": "#1"
        },
        "east": {
          "uv": [
            8,
            10,
            8.66667,
            10.66667
          ],
          "texture": "#1"
        },
        "south": {
          "uv": [
            8.66667,
            10,
            9.33333,
            10.66667
          ],
          "texture": "#1"
        },
        "west": {
          "uv": [
            9.33333,
            10,
            10,
            10.66667
          ],
          "texture": "#1"
        },
        "up": {
          "uv": [
            10.66667,
            10,
            10,
            9.33333
          ],
          "texture": "#1"
        },
        "down": {
          "uv": [
            10.66667,
            10,
            10,
            10.66667
          ],
          "texture": "#1"
        }
      }
    },
    {
      "from": [
        7.4,
        0.5,
        7.4
      ],
      "to": [
        8.6,
        1,
        8.6
      ],
      "rotation": {
        "angle": 0,
        "axis": "y",
        "origin": [
          7.5,
          -1,
          7.5
        ]
      },
      "faces": {
        "north": {
          "uv": [
            2.66667,
            12,
            3.33333,
            12.33333
          ],
          "texture": "#1"
        },
        "east": {
          "uv": [
            3.33333,
            12,
            4,
            12.33333
          ],
          "texture": "#1"
        },
        "south": {
          "uv": [
            12,
            3.33333,
            12.66667,
            3.66667
          ],
          "texture": "#1"
        },
        "west": {
          "uv": [
            4,
            12,
            4.66667,
            12.33333
          ],
          "texture": "#1"
        },
        "up": {
          "uv": [
            9.33333,
            11.33333,
            8.66667,
            10.66667
          ],
          "texture": "#1"
        },
        "down": {
          "uv": [
            11.33333,
            8.66667,
            10.66667,
            9.33333
          ],
          "texture": "#1"
        }
      }
    },
    {
      "from": [
        7.4,
        5.2,
        7.4
      ],
      "to": [
        8.6,
        5.95,
        8.6
      ],
      "rotation": {
        "angle": 0,
        "axis": "y",
        "origin": [
          7.5,
          3.7,
          7.5
        ]
      },
      "faces": {
        "north": {
          "uv": [
            9.33333,
            10.66667,
            10,
            11.33333
          ],
          "texture": "#1"
        },
        "east": {
          "uv": [
            10.66667,
            9.33333,
            11.33333,
            10
          ],
          "texture": "#1"
        },
        "south": {
          "uv": [
            10,
            10.66667,
            10.66667,
            11.33333
          ],
          "texture": "#1"
        },
        "west": {
          "uv": [
            10.66667,
            10,
            11.33333,
            10.66667
          ],
          "texture": "#1"
        },
        "up": {
          "uv": [
            11.33333,
            11.33333,
            10.66667,
            10.66667
          ],
          "texture": "#1"
        },
        "down": {
          "uv": [
            0.66667,
            11.33333,
            0,
            12
          ],
          "texture": "#1"
        }
      }
    },
    {
      "from": [
        7.47,
        -0.28,
        7.47
      ],
      "to": [
        8.53,
        0.78,
        8.53
      ],
      "rotation": {
        "angle": -45,
        "axis": "x",
        "origin": [
          8,
          0.25,
          8
        ]
      },
      "faces": {
        "north": {
          "uv": [
            5.33333,
            10.66667,
            6,
            11.33333
          ],
          "texture": "#1"
        },
        "east": {
          "uv": [
            10.66667,
            6.66667,
            11.33333,
            7.33333
          ],
          "texture": "#1"
        },
        "south": {
          "uv": [
            7.33333,
            10.66667,
            8,
            11.33333
          ],
          "texture": "#1"
        },
        "west": {
          "uv": [
            10.66667,
            7.33333,
            11.33333,
            8
          ],
          "texture": "#1"
        },
        "up": {
          "uv": [
            8.66667,
            11.33333,
            8,
            10.66667
          ],
          "texture": "#1"
        },
        "down": {
          "uv": [
            11.33333,
            8,
            10.66667,
            8.66667
          ],
          "texture": "#1"
        }
      }
    },
    {
      "from": [
        7.4,
        2,
        7.4
      ],
      "to": [
        8.6,
        3.2,
        8.6
      ],
      "rotation": {
        "angle": 0,
        "axis": "y",
        "origin": [
          7.5,
          0.1,
          7.5
        ]
      },
      "faces": {
        "north": {
          "uv": [
            1.33333,
            10.66667,
            2,
            11.33333
          ],
          "texture": "#1"
        },
        "east": {
          "uv": [
            2,
            10.66667,
            2.66667,
            11.33333
          ],
          "texture": "#1"
        },
        "south": {
          "uv": [
            2.66667,
            10.66667,
            3.33333,
            11.33333
          ],
          "texture": "#1"
        },
        "west": {
          "uv": [
            3.33333,
            10.66667,
            4,
            11.33333
          ],
          "texture": "#1"
        },
        "up": {
          "uv": [
            4.66667,
            11.33333,
            4,
            10.66667
          ],
          "texture": "#1"
        },
        "down": {
          "uv": [
            5.33333,
            10.66667,
            4.66667,
            11.33333
          ],
          "texture": "#1"
        }
      }
    },
    {
      "from": [
        7.5,
        3.2,
        7.5
      ],
      "to": [
        8.5,
        5.2,
        8.5
      ],
      "rotation": {
        "angle": 0,
        "axis": "y",
        "origin": [
          7.5,
          0.2,
          7.5
        ]
      },
      "faces": {
        "north": {
          "uv": [
            4,
            5.33333,
            4.66667,
            6.66667
          ],
          "texture": "#1"
        },
        "east": {
          "uv": [
            4,
            6.66667,
            4.66667,
            8
          ],
          "texture": "#1"
        },
        "south": {
          "uv": [
            8.66667,
            4,
            9.33333,
            5.33333
          ],
          "texture": "#1"
        },
        "west": {
          "uv": [
            8.66667,
            5.33333,
            9.33333,
            6.66667
          ],
          "texture": "#1"
        },
        "up": {
          "uv": [
            0.66667,
            11.33333,
            0,
            10.66667
          ],
          "texture": "#1"
        },
        "down": {
          "uv": [
            1.33333,
            10.66667,
            0.66667,
            11.33333
          ],
          "texture": "#1"
        }
      }
    },
    {
      "from": [
        7.25,
        5.75,
        8
      ],
      "to": [
        8.75,
        7.75,
        10
      ],
      "rotation": {
        "angle": -45,
        "axis": "x",
        "origin": [
          7.5,
          5.75,
          8
        ]
      },
      "faces": {
        "north": {
          "uv": [
            7.33333,
            5.33333,
            8.33333,
            6.66667
          ],
          "texture": "#1"
        },
        "east": {
          "uv": [
            2.66667,
            5.33333,
            4,
            6.66667
          ],
          "texture": "#1"
        },
        "south": {
          "uv": [
            7.33333,
            6.66667,
            8.33333,
            8
          ],
          "texture": "#1"
        },
        "west": {
          "uv": [
            6,
            0,
            7.33333,
            1.33333
          ],
          "texture": "#1"
        },
        "up": {
          "uv": [
            1,
            9.33333,
            0,
            8
          ],
          "texture": "#1"
        },
        "down": {
          "uv": [
            2.33333,
            8,
            1.33333,
            9.33333
          ],
          "texture": "#1"
        }
      }
    },
    {
      "from": [
        7,
        6,
        8.25
      ],
      "to": [
        9,
        7.5,
        9.75
      ],
      "rotation": {
        "angle": -45,
        "axis": "x",
        "origin": [
          7.5,
          5.75,
          8
        ]
      },
      "faces": {
        "north": {
          "uv": [
            2.66667,
            8,
            4,
            9
          ],
          "texture": "#1"
        },
        "east": {
          "uv": [
            8,
            8,
            9,
            9
          ],
          "texture": "#1"
        },
        "south": {
          "uv": [
            4,
            8,
            5.33333,
            9
          ],
          "texture": "#1"
        },
        "west": {
          "uv": [
            8.66667,
            0,
            9.66667,
            1
          ],
          "texture": "#1"
        },
        "up": {
          "uv": [
            6.66667,
            9,
            5.33333,
            8
          ],
          "texture": "#1"
        },
        "down": {
          "uv": [
            8,
            8,
            6.66667,
            9
          ],
          "texture": "#1"
        }
      }
    },
    {
      "from": [
        7.35,
        5.55,
        7.4
      ],
      "to": [
        8.65,
        6.75,
        8.6
      ],
      "rotation": {
        "angle": -45,
        "axis": "x",
        "origin": [
          8,
          6.15,
          8
        ]
      },
      "faces": {
        "north": {
          "uv": [
            9.33333,
            6.66667,
            10.33333,
            7.33333
          ],
          "texture": "#1"
        },
        "east": {
          "uv": [
            11.33333,
            0,
            12,
            0.66667
          ],
          "texture": "#1"
        },
        "south": {
          "uv": [
            7.33333,
            9.33333,
            8.33333,
            10
          ],
          "texture": "#1"
        },
        "west": {
          "uv": [
            0.66667,
            11.33333,
            1.33333,
            12
          ],
          "texture": "#1"
        },
        "up": {
          "uv": [
            10.33333,
            8,
            9.33333,
            7.33333
          ],
          "texture": "#1"
        },
        "down": {
          "uv": [
            10.33333,
            8,
            9.33333,
            8.66667
          ],
          "texture": "#1"
        }
      }
    },
    {
      "from": [
        7.2,
        5.75,
        7.6
      ],
      "to": [
        8.8,
        6.55,
        8.4
      ],
      "rotation": {
        "angle": -45,
        "axis": "x",
        "origin": [
          8,
          6.15,
          8
        ]
      },
      "faces": {
        "north": {
          "uv": [
            8.66667,
            9.33333,
            9.66667,
            10
          ],
          "texture": "#1"
        },
        "east": {
          "uv": [
            11.33333,
            0.66667,
            12,
            1.33333
          ],
          "texture": "#1"
        },
        "south": {
          "uv": [
            9.33333,
            8.66667,
            10.33333,
            9.33333
          ],
          "texture": "#1"
        },
        "west": {
          "uv": [
            1.33333,
            11.33333,
            2,
            12
          ],
          "texture": "#1"
        },
        "up": {
          "uv": [
            11,
            0.66667,
            10,
            0
          ],
          "texture": "#1"
        },
        "down": {
          "uv": [
            11,
            0.66667,
            10,
            1.33333
          ],
          "texture": "#1"
        }
      }
    },
    {
      "from": [
        7.6,
        7.87421,
        6.21
      ],
      "to": [
        8.4,
        9.87421,
        8.21
      ],
      "rotation": {
        "angle": -45,
        "axis": "x",
        "origin": [
          8,
          9.66421,
          8
        ]
      },
      "faces": {
        "north": {
          "uv": [
            8.66667,
            6.66667,
            9.33333,
            8
          ],
          "texture": "#1"
        },
        "east": {
          "uv": [
            6,
            1.33333,
            7.33333,
            2.66667
          ],
          "texture": "#1"
        },
        "south": {
          "uv": [
            0,
            9.33333,
            0.66667,
            10.66667
          ],
          "texture": "#1"
        },
        "west": {
          "uv": [
            6,
            2.66667,
            7.33333,
            4
          ],
          "texture": "#1"
        },
        "up": {
          "uv": [
            1.33333,
            10.66667,
            0.66667,
            9.33333
          ],
          "texture": "#1"
        },
        "down": {
          "uv": [
            2,
            9.33333,
            1.33333,
            10.66667
          ],
          "texture": "#1"
        }
      }
    },
    {
      "from": [
        7.485,
        9.87421,
        7.05
      ],
      "to": [
        8.515,
        10.45421,
        8.21
      ],
      "rotation": {
        "angle": -45,
        "axis": "x",
        "origin": [
          8,
          9.66421,
          8
        ]
      },
      "faces": {
        "north": {
          "uv": [
            12,
            4,
            12.66667,
            4.33333
          ],
          "texture": "#1"
        },
        "east": {
          "uv": [
            12,
            4.66667,
            12.66667,
            5
          ],
          "texture": "#1"
        },
        "west": {
          "uv": [
            12,
            5.33333,
            12.66667,
            5.66667
          ],
          "texture": "#1"
        },
        "up": {
          "uv": [
            12,
            2,
            11.33333,
            1.33333
          ],
          "texture": "#1"
        },
        "down": {
          "uv": [
            2.66667,
            11.33333,
            2,
            12
          ],
          "texture": "#1"
        }
      }
    },
    {
      "from": [
        7.485,
        9.87421,
        8.21
      ],
      "to": [
        8.515,
        10.45421,
        8.79
      ],
      "rotation": {
        "angle": -45,
        "axis": "x",
        "origin": [
          8,
          9.66421,
          8
        ]
      },
      "faces": {
        "east": {
          "uv": [
            12.66667,
            4.66667,
            13,
            5
          ],
          "texture": "#1"
        },
        "south": {
          "uv": [
            12,
            6.66667,
            12.66667,
            7
          ],
          "texture": "#1"
        },
        "west": {
          "uv": [
            5.33333,
            12.66667,
            5.66667,
            13
          ],
          "texture": "#1"
        },
        "up": {
          "uv": [
            12.66667,
            7.66667,
            12,
            7.33333
          ],
          "texture": "#1"
        }
      }
    },
    {
      "from": [
        7.485,
        9.29421,
        9.37
      ],
      "to": [
        8.515,
        9.87421,
        9.95
      ],
      "rotation": {
        "angle": -45,
        "axis": "x",
        "origin": [
          8,
          9.66421,
          8
        ]
      },
      "faces": {
        "north": {
          "uv": [
            11.33333,
            12,
            12,
            12.33333
          ],
          "texture": "#1"
        },
        "east": {
          "uv": [
            12.66667,
            5.33333,
            13,
            5.66667
          ],
          "texture": "#1"
        },
        "south": {
          "uv": [
            12,
            12,
            12.66667,
            12.33333
          ],
          "texture": "#1"
        },
        "west": {
          "uv": [
            6,
            12.66667,
            6.33333,
            13
          ],
          "texture": "#1"
        },
        "up": {
          "uv": [
            0.66667,
            13,
            0,
            12.66667
          ],
          "texture": "#1"
        }
      }
    },
    {
      "from": [
        7.485,
        11.03421,
        7.63
      ],
      "to": [
        8.515,
        11.61421,
        8.21
      ],
      "rotation": {
        "angle": -45,
        "axis": "x",
        "origin": [
          8,
          9.66421,
          8
        ]
      },
      "faces": {
        "east": {
          "uv": [
            12.66667,
            6,
            13,
            6.33333
          ],
          "texture": "#1"
        },
        "south": {
          "uv": [
            0.66667,
            12.66667,
            1.33333,
            13
          ],
          "texture": "#1"
        },
        "west": {
          "uv": [
            6.66667,
            12.66667,
            7,
            13
          ],
          "texture": "#1"
        },
        "up": {
          "uv": [
            13.33333,
            1,
            12.66667,
            0.66667
          ],
          "texture": "#1"
        },
        "down": {
          "uv": [
            13.33333,
            1.33333,
            12.66667,
            1.66667
          ],
          "texture": "#1"
        }
      }
    },
    {
      "from": [
        7.485,
        8.71421,
        8.21
      ],
      "to": [
        8.515,
        9.87421,
        8.79
      ],
      "rotation": {
        "angle": -45,
        "axis": "x",
        "origin": [
          8,
          9.66421,
          8
        ]
      },
      "faces": {
        "north": {
          "uv": [
            11.33333,
            2,
            12,
            2.66667
          ],
          "texture": "#1"
        },
        "east": {
          "uv": [
            6,
            12,
            6.33333,
            12.66667
          ],
          "texture": "#1"
        },
        "south": {
          "uv": [
            2.66667,
            11.33333,
            3.33333,
            12
          ],
          "texture": "#1"
        },
        "west": {
          "uv": [
            12,
            6,
            12.33333,
            6.66667
          ],
          "texture": "#1"
        },
        "down": {
          "uv": [
            7.33333,
            12,
            6.66667,
            12.33333
          ],
          "texture": "#1"
        }
      }
    },
    {
      "from": [
        7.235,
        6.82446,
        9.7724
      ],
      "to": [
        8.765,
        7.98446,
        10.3524
      ],
      "rotation": {
        "angle": -45,
        "axis": "x",
        "origin": [
          7.71,
          7.98446,
          9.7724
        ]
      },
      "faces": {
        "north": {
          "uv": [
            10,
            2.66667,
            11,
            3.33333
          ],
          "texture": "#1"
        },
        "east": {
          "uv": [
            12.66667,
            2.66667,
            13,
            3.33333
          ],
          "texture": "#1"
        },
        "south": {
          "uv": [
            10,
            3.33333,
            11,
            4
          ],
          "texture": "#1"
        },
        "west": {
          "uv": [
            3.33333,
            12.66667,
            3.66667,
            13.33333
          ],
          "texture": "#1"
        },
        "up": {
          "uv": [
            12.33333,
            10.33333,
            11.33333,
            10
          ],
          "texture": "#1"
        }
      }
    },
    {
      "from": [
        7.235,
        7.50397,
        9.7724
      ],
      "to": [
        8.765,
        8.08397,
        10.3524
      ],
      "rotation": {
        "angle": 45,
        "axis": "x",
        "origin": [
          7.71,
          6.34397,
          9.7724
        ]
      },
      "faces": {
        "east": {
          "uv": [
            12.66667,
            6.66667,
            13,
            7
          ],
          "texture": "#1"
        },
        "south": {
          "uv": [
            11.33333,
            9.33333,
            12.33333,
            9.66667
          ],
          "texture": "#1"
        },
        "west": {
          "uv": [
            7.33333,
            12.66667,
            7.66667,
            13
          ],
          "texture": "#1"
        },
        "up": {
          "uv": [
            11,
            11.66667,
            10,
            11.33333
          ],
          "texture": "#1"
        }
      }
    },
    {
      "from": [
        7.235,
        6.34397,
        9.7724
      ],
      "to": [
        8.765,
        7.50397,
        10.3524
      ],
      "rotation": {
        "angle": 45,
        "axis": "x",
        "origin": [
          7.71,
          6.34397,
          9.7724
        ]
      },
      "faces": {
        "north": {
          "uv": [
            10,
            1.33333,
            11,
            2
          ],
          "texture": "#1"
        },
        "east": {
          "uv": [
            12.66667,
            2,
            13,
            2.66667
          ],
          "texture": "#1"
        },
        "south": {
          "uv": [
            10,
            2,
            11,
            2.66667
          ],
          "texture": "#1"
        },
        "west": {
          "uv": [
            2.66667,
            12.66667,
            3,
            13.33333
          ],
          "texture": "#1"
        },
        "down": {
          "uv": [
            9.66667,
            11.33333,
            8.66667,
            11.66667
          ],
          "texture": "#1"
        }
      }
    },
    {
      "from": [
        7.485,
        8.71421,
        8.79
      ],
      "to": [
        8.515,
        9.29421,
        9.95
      ],
      "rotation": {
        "angle": -45,
        "axis": "x",
        "origin": [
          8,
          9.66421,
          8
        ]
      },
      "faces": {
        "east": {
          "uv": [
            12,
            8,
            12.66667,
            8.33333
          ],
          "texture": "#1"
        },
        "south": {
          "uv": [
            8.66667,
            12,
            9.33333,
            12.33333
          ],
          "texture": "#1"
        },
        "west": {
          "uv": [
            12,
            8.66667,
            12.66667,
            9
          ],
          "texture": "#1"
        },
        "up": {
          "uv": [
            12,
            3.33333,
            11.33333,
            2.66667
          ],
          "texture": "#1"
        },
        "down": {
          "uv": [
            4,
            11.33333,
            3.33333,
            12
          ],
          "texture": "#1"
        }
      }
    },
    {
      "from": [
        7.485,
        10.45421,
        7.05
      ],
      "to": [
        8.515,
        11.61421,
        7.63
      ],
      "rotation": {
        "angle": -45,
        "axis": "x",
        "origin": [
          8,
          9.66421,
          8
        ]
      },
      "faces": {
        "north": {
          "uv": [
            11.33333,
            3.33333,
            12,
            4
          ],
          "texture": "#1"
        },
        "east": {
          "uv": [
            9.33333,
            12,
            9.66667,
            12.66667
          ],
          "texture": "#1"
        },
        "south": {
          "uv": [
            4,
            11.33333,
            4.66667,
            12
          ],
          "texture": "#1"
        },
        "west": {
          "uv": [
            10,
            12,
            10.33333,
            12.66667
          ],
          "texture": "#1"
        },
        "up": {
          "uv": [
            11.33333,
            12.33333,
            10.66667,
            12
          ],
          "texture": "#1"
        }
      }
    },
    {
      "from": [
        7.75,
        9.16132,
        7.49711
      ],
      "to": [
        8.25,
        11.16132,
        9.49711
      ],
      "rotation": {
        "angle": -45,
        "axis": "x",
        "origin": [
          8,
          9.66421,
          8
        ]
      },
      "faces": {
        "north": {
          "uv": [
            11.33333,
            4,
            11.66667,
            5.33333
          ],
          "texture": "#1"
        },
        "east": {
          "uv": [
            6,
            4,
            7.33333,
            5.33333
          ],
          "texture": "#1"
        },
        "south": {
          "uv": [
            4.66667,
            11.33333,
            5,
            12.66667
          ],
          "texture": "#1"
        },
        "west": {
          "uv": [
            6,
            5.33333,
            7.33333,
            6.66667
          ],
          "texture": "#1"
        },
        "up": {
          "uv": [
            5.66667,
            12.66667,
            5.33333,
            11.33333
          ],
          "texture": "#1"
        },
        "down": {
          "uv": [
            11.66667,
            5.33333,
            11.33333,
            6.66667
          ],
          "texture": "#1"
        }
      }
    },
    {
      "from": [
        7.5,
        6.16421,
        8.60133
      ],
      "to": [
        8.5,
        8.16421,
        10.60133
      ],
      "rotation": {
        "angle": 45,
        "axis": "x",
        "origin": [
          8,
          7.16421,
          9.60133
        ]
      },
      "faces": {
        "north": {
          "uv": [
            2,
            9.33333,
            2.66667,
            10.66667
          ],
          "texture": "#1"
        },
        "east": {
          "uv": [
            2.66667,
            6.66667,
            4,
            8
          ],
          "texture": "#1"
        },
        "south": {
          "uv": [
            2.66667,
            9.33333,
            3.33333,
            10.66667
          ],
          "texture": "#1"
        },
        "west": {
          "uv": [
            6,
            6.66667,
            7.33333,
            8
          ],
          "texture": "#1"
        },
        "up": {
          "uv": [
            4,
            10.66667,
            3.33333,
            9.33333
          ],
          "texture": "#1"
        },
        "down": {
          "uv": [
            4.66667,
            9.33333,
            4,
            10.66667
          ],
          "texture": "#1"
        }
      }
    },
    {
      "from": [
        7.235,
        6.34397,
        5.6476
      ],
      "to": [
        8.765,
        7.50397,
        6.2276
      ],
      "rotation": {
        "angle": -45,
        "axis": "x",
        "origin": [
          7.71,
          6.34397,
          6.2276
        ]
      },
      "faces": {
        "north": {
          "uv": [
            10,
            5.33333,
            11,
            6
          ],
          "texture": "#1"
        },
        "east": {
          "uv": [
            12.66667,
            4,
            13,
            4.66667
          ],
          "texture": "#1"
        },
        "south": {
          "uv": [
            10,
            6,
            11,
            6.66667
          ],
          "texture": "#1"
        },
        "west": {
          "uv": [
            4.66667,
            12.66667,
            5,
            13.33333
          ],
          "texture": "#1"
        },
        "down": {
          "uv": [
            13,
            0,
            12,
            0.33333
          ],
          "texture": "#1"
        }
      }
    },
    {
      "from": [
        7.235,
        7.50397,
        5.6476
      ],
      "to": [
        8.765,
        8.08397,
        6.2276
      ],
      "rotation": {
        "angle": -45,
        "axis": "x",
        "origin": [
          7.71,
          6.34397,
          6.2276
        ]
      },
      "faces": {
        "north": {
          "uv": [
            11.33333,
            11.33333,
            12.33333,
            11.66667
          ],
          "texture": "#1"
        },
        "east": {
          "uv": [
            12.66667,
            7.33333,
            13,
            7.66667
          ],
          "texture": "#1"
        },
        "west": {
          "uv": [
            8,
            12.66667,
            8.33333,
            13
          ],
          "texture": "#1"
        },
        "up": {
          "uv": [
            1,
            12.33333,
            0,
            12
          ],
          "texture": "#1"
        }
      }
    },
    {
      "from": [
        7.235,
        6.82446,
        5.6476
      ],
      "to": [
        8.765,
        7.98446,
        6.2276
      ],
      "rotation": {
        "angle": 45,
        "axis": "x",
        "origin": [
          7.71,
          7.98446,
          6.2276
        ]
      },
      "faces": {
        "north": {
          "uv": [
            10,
            4,
            11,
            4.66667
          ],
          "texture": "#1"
        },
        "east": {
          "uv": [
            12.66667,
            3.33333,
            13,
            4
          ],
          "texture": "#1"
        },
        "south": {
          "uv": [
            10,
            4.66667,
            11,
            5.33333
          ],
          "texture": "#1"
        },
        "west": {
          "uv": [
            4,
            12.66667,
            4.33333,
            13.33333
          ],
          "texture": "#1"
        },
        "up": {
          "uv": [
            12.33333,
            11,
            11.33333,
            10.66667
          ],
          "texture": "#1"
        }
      }
    },
    {
      "from": [
        7.5,
        6.16421,
        5.39867
      ],
      "to": [
        8.5,
        8.16421,
        7.39867
      ],
      "rotation": {
        "angle": -45,
        "axis": "x",
        "origin": [
          8,
          7.16421,
          6.39867
        ]
      },
      "faces": {
        "north": {
          "uv": [
            9.33333,
            4,
            10,
            5.33333
          ],
          "texture": "#1"
        },
        "east": {
          "uv": [
            7.33333,
            0,
            8.66667,
            1.33333
          ],
          "texture": "#1"
        },
        "south": {
          "uv": [
            4.66667,
            9.33333,
            5.33333,
            10.66667
          ],
          "texture": "#1"
        },
        "west": {
          "uv": [
            7.33333,
            1.33333,
            8.66667,
            2.66667
          ],
          "texture": "#1"
        },
        "up": {
          "uv": [
            6,
            10.66667,
            5.33333,
            9.33333
          ],
          "texture": "#1"
        },
        "down": {
          "uv": [
            10,
            5.33333,
            9.33333,
            6.66667
          ],
          "texture": "#1"
        }
      }
    },
    {
      "from": [
        7.775,
        10.37132,
        6.85
      ],
      "to": [
        8.225,
        14.37132,
        9.15
      ],
      "rotation": {
        "angle": 0,
        "axis": "y",
        "origin": [
          7.75,
          10.37132,
          7
        ]
      },
      "faces": {
        "north": {
          "uv": [
            6,
            9.33333,
            6.33333,
            12
          ],
          "texture": "#1"
        },
        "east": {
          "uv": [
            2.66667,
            0,
            4.33333,
            2.66667
          ],
          "texture": "#1"
        },
        "south": {
          "uv": [
            6.66667,
            9.33333,
            7,
            12
          ],
          "texture": "#1"
        },
        "west": {
          "uv": [
            2.66667,
            2.66667,
            4.33333,
            5.33333
          ],
          "texture": "#1"
        }
      }
    },
    {
      "from": [
        7.775,
        14.77132,
        7.1
      ],
      "to": [
        8.225,
        26.37132,
        8.9
      ],
      "rotation": {
        "angle": 0,
        "axis": "y",
        "origin": [
          7.75,
          16.37132,
          7
        ]
      },
      "faces": {
        "north": {
          "uv": [
            4.66667,
            0,
            5,
            7.66667
          ],
          "texture": "#1"
        },
        "east": {
          "uv": [
            0,
            0,
            1.33333,
            7.66667
          ],
          "texture": "#1"
        },
        "south": {
          "uv": [
            5.33333,
            0,
            5.66667,
            7.66667
          ],
          "texture": "#1"
        },
        "west": {
          "uv": [
            1.33333,
            0,
            2.66667,
            7.66667
          ],
          "texture": "#1"
        }
      }
    },
    {
      "from": [
        7.765,
        13.45882,
        7.33396
      ],
      "to": [
        8.235,
        15.53882,
        9.41396
      ],
      "rotation": {
        "angle": 45,
        "axis": "x",
        "origin": [
          7.99,
          14.87132,
          7.99646
        ]
      },
      "faces": {
        "north": {
          "uv": [
            11.33333,
            6.66667,
            11.66667,
            8
          ],
          "texture": "#1"
        },
        "east": {
          "uv": [
            7.33333,
            2.66667,
            8.66667,
            4
          ],
          "texture": "#1"
        },
        "south": {
          "uv": [
            7.33333,
            11.33333,
            7.66667,
            12.66667
          ],
          "texture": "#1"
        },
        "west": {
          "uv": [
            7.33333,
            4,
            8.66667,
            5.33333
          ],
          "texture": "#1"
        },
        "up": {
          "uv": [
            8.33333,
            12.66667,
            8,
            11.33333
          ],
          "texture": "#1"
        },
        "down": {
          "uv": [
            11.66667,
            8,
            11.33333,
            9.33333
          ],
          "texture": "#1"
        }
      }
    },
    {
      "from": [
        7.765,
        26.03716,
        8.13159
      ],
      "to": [
        8.235,
        27.31016,
        9.40459
      ],
      "rotation": {
        "angle": 45,
        "axis": "x",
        "origin": [
          7.99,
          27.44966,
          8.01909
        ]
      },
      "faces": {
        "north": {
          "uv": [
            12,
            0.66667,
            12.33333,
            1.66667
          ],
          "texture": "#1"
        },
        "east": {
          "uv": [
            8.66667,
            1.33333,
            9.66667,
            2.33333
          ],
          "texture": "#1"
        },
        "south": {
          "uv": [
            1.33333,
            12,
            1.66667,
            13
          ],
          "texture": "#1"
        },
        "west": {
          "uv": [
            8.66667,
            2.66667,
            9.66667,
            3.66667
          ],
          "texture": "#1"
        },
        "up": {
          "uv": [
            2.33333,
            13,
            2,
            12
          ],
          "texture": "#1"
        },
        "down": {
          "uv": [
            12.33333,
            2,
            12,
            3
          ],
          "texture": "#1"
        }
      }
    },
    {
      "from": [
        7.4,
        6.7,
        4.6
      ],
      "to": [
        7.4,
        28.7,
        7.6
      ],
      "faces": {
        "west": {
          "uv": [
            0,
            0,
            2,
            14.66667
          ],
          "texture": "#2"
        }
      }
    },
    {
      "from": [
        7.4,
        6.7,
        8.4
      ],
      "to": [
        7.4,
        28.7,
        11.4
      ],
      "rotation": {
        "angle": 0,
        "axis": "y",
        "origin": [
          0,
          0,
          16
        ]
      },
      "faces": {
        "west": {
          "uv": [
            2,
            0,
            0,
            14.66667
          ],
          "texture": "#2"
        }
      }
    },
    {
      "from": [
        8.6,
        6.7,
        8.4
      ],
      "to": [
        8.6,
        28.7,
        11.4
      ],
      "rotation": {
        "angle": 0,
        "axis": "y",
        "origin": [
          16,
          0,
          16
        ]
      },
      "faces": {
        "east": {
          "uv": [
            0,
            0,
            2,
            14.66667
          ],
          "texture": "#2"
        }
      }
    },
    {
      "from": [
        8.6,
        6.7,
        4.6
      ],
      "to": [
        8.6,
        28.7,
        7.6
      ],
      "rotation": {
        "angle": 0,
        "axis": "y",
        "origin": [
          16,
          0,
          0
        ]
      },
      "faces": {
        "east": {
          "uv": [
            2,
            0,
            0,
            14.66667
          ],
          "texture": "#2"
        }
      }
    }
  ],
  "gui_light": "front",
  "display": {
    "thirdperson_righthand": {
      "translation": [
        0,
        3,
        0.75
      ]
    },
    "thirdperson_lefthand": {
      "translation": [
        0,
        3,
        0.75
      ]
    },
    "firstperson_righthand": {
      "rotation": [
        -10,
        0,
        0
      ],
      "translation": [
        -1.25,
        4.5,
        2.5
      ]
    },
    "firstperson_lefthand": {
      "rotation": [
        -10,
        0,
        0
      ],
      "translation": [
        -1.25,
        4.5,
        2.5
      ]
    },
    "ground": {
      "rotation": [
        -45,
        0,
        0
      ],
      "translation": [
        0,
        8.5,
        2.75
      ]
    },
    "gui": {
      "rotation": [
        -90,
        45,
        90
      ],
      "translation": [
        3.5,
        -3.5,
        0
      ],
      "scale": [
        0.89063,
        0.89063,
        0.89063
      ]
    },
    "head": {
      "scale": [
        0,
        0,
        0
      ]
    },
    "fixed": {
      "rotation": [
        0,
        -90,
        0
      ],
      "translation": [
        0,
        -14.25,
        -1.25
      ],
      "scale": [
        3,
        3,
        3
      ]
    }
  }
}