{
  "credit": "MadebyPolygonMC",
  "textures": {
    "1": "noraset:key"
  },
  "elements": [
    {
      "from": [
        7.5,
        7.4125,
        9.1375
      ],
      "to": [
        8.5,
        9.4125,
        11.1375
      ],
      "rotation": {
        "angle": -45,
        "axis": "x",
        "origin": [
          8,
          8.4125,
          10.1375
        ]
      },
      "faces": {
        "north": {
          "uv": [
            4,
            4,
            5,
            6
          ],
          "texture": "#1"
        },
        "east": {
          "uv": [
            0,
            0,
            2,
            2
          ],
          "texture": "#1"
        },
        "south": {
          "uv": [
            5,
            4,
            6,
            6
          ],
          "texture": "#1"
        },
        "west": {
          "uv": [
            0,
            2,
            2,
            4
          ],
          "texture": "#1"
        },
        "up": {
          "uv": [
            1,
            8,
            0,
            6
          ],
          "texture": "#1"
        },
        "down": {
          "uv": [
            7,
            0,
            6,
            2
          ],
          "texture": "#1"
        }
      }
    },
    {
      "from": [
        7.3,
        7.7125,
        9.4375
      ],
      "to": [
        8.7,
        9.1125,
        10.8375
      ],
      "rotation": {
        "angle": -45,
        "axis": "x",
        "origin": [
          8,
          8.4125,
          10.1375
        ]
      },
      "faces": {
        "north": {
          "uv": [
            2,
            0,
            3.5,
            1.5
          ],
          "texture": "#1"
        },
        "east": {
          "uv": [
            2,
            2,
            3.5,
            3.5
          ],
          "texture": "#1"
        },
        "south": {
          "uv": [
            0,
            4,
            1.5,
            5.5
          ],
          "texture": "#1"
        },
        "west": {
          "uv": [
            4,
            0,
            5.5,
            1.5
          ],
          "texture": "#1"
        },
        "up": {
          "uv": [
            3.5,
            5.5,
            2,
            4
          ],
          "texture": "#1"
        },
        "down": {
          "uv": [
            5.5,
            2,
            4,
            3.5
          ],
          "texture": "#1"
        }
      }
    },
    {
      "from": [
        7.525,
        7.9375,
        8.2875
      ],
      "to": [
        8.475,
        8.8875,
        9.2375
      ],
      "rotation": {
        "angle": 0,
        "axis": "y",
        "origin": [
          7.5,
          7.9125,
          7.2375
        ]
      },
      "faces": {
        "north": {
          "uv": [
            7,
            3,
            8,
            4
          ],
          "texture": "#1"
        },
        "east": {
          "uv": [
            4,
            7,
            5,
            8
          ],
          "texture": "#1"
        },
        "west": {
          "uv": [
            7,
            4,
            8,
            5
          ],
          "texture": "#1"
        },
        "up": {
          "uv": [
            6,
            8,
            5,
            7
          ],
          "texture": "#1"
        },
        "down": {
          "uv": [
            8,
            6,
            7,
            7
          ],
          "texture": "#1"
        }
      }
    },
    {
      "from": [
        7.525,
        7.9375,
        4.4875
      ],
      "to": [
        8.475,
        8.8875,
        6.4375
      ],
      "rotation": {
        "angle": 0,
        "axis": "y",
        "origin": [
          7.5,
          7.9125,
          4.4375
        ]
      },
      "faces": {
        "north": {
          "uv": [
            7,
            7,
            8,
            8
          ],
          "texture": "#1"
        },
        "east": {
          "uv": [
            4,
            6,
            6,
            7
          ],
          "texture": "#1"
        },
        "south": {
          "uv": [
            0,
            8,
            1,
            9
          ],
          "texture": "#1"
        },
        "west": {
          "uv": [
            6,
            5,
            8,
            6
          ],
          "texture": "#1"
        },
        "up": {
          "uv": [
            7,
            8,
            6,
            6
          ],
          "texture": "#1"
        },
        "down": {
          "uv": [
            8,
            0,
            7,
            2
          ],
          "texture": "#1"
        }
      }
    },
    {
      "from": [
        7.625,
        8.0375,
        6.4375
      ],
      "to": [
        8.375,
        8.7875,
        8.2875
      ],
      "rotation": {
        "angle": 0,
        "axis": "y",
        "origin": [
          7.5,
          7.9125,
          5.2875
        ]
      },
      "faces": {
        "east": {
          "uv": [
            1,
            6,
            3,
            7
          ],
          "texture": "#1"
        },
        "west": {
          "uv": [
            6,
            2,
            8,
            3
          ],
          "texture": "#1"
        },
        "up": {
          "uv": [
            4,
            8,
            3,
            6
          ],
          "texture": "#1"
        },
        "down": {
          "uv": [
            7,
            3,
            6,
            5
          ],
          "texture": "#1"
        }
      }
    },
    {
      "from": [
        7.7,
        6.8,
        5.45
      ],
      "to": [
        8.3,
        7.8,
        6.45
      ],
      "rotation": {
        "angle": -45,
        "axis": "x",
        "origin": [
          8,
          6.8,
          5.45
        ]
      },
      "faces": {
        "north": {
          "uv": [
            8,
            0,
            8.5,
            1
          ],
          "texture": "#1"
        },
        "east": {
          "uv": [
            1,
            7,
            2,
            8
          ],
          "texture": "#1"
        },
        "south": {
          "uv": [
            1,
            8,
            1.5,
            9
          ],
          "texture": "#1"
        },
        "west": {
          "uv": [
            2,
            7,
            3,
            8
          ],
          "texture": "#1"
        },
        "up": {
          "uv": [
            8.5,
            2,
            8,
            1
          ],
          "texture": "#1"
        },
        "down": {
          "uv": [
            2.5,
            8,
            2,
            9
          ],
          "texture": "#1"
        }
      }
    }
  ],
  "gui_light": "front",
  "display": {
    "thirdperson_righthand": {
      "rotation": [
        48,
        0,
        0
      ],
      "translation": [
        0,
        1.5,
        -2
      ]
    },
    "thirdperson_lefthand": {
      "rotation": [
        48,
        0,
        0
      ],
      "translation": [
        0,
        1.5,
        -2
      ]
    },
    "firstperson_righthand": {
      "rotation": [
        65.75,
        0,
        -31
      ],
      "translation": [
        -1,
        4.75,
        1.75
      ],
      "scale": [
        1.27539,
        1.27539,
        1.27539
      ]
    },
    "firstperson_lefthand": {
      "rotation": [
        65.75,
        0,
        -31
      ],
      "translation": [
        -1,
        4.75,
        1.75
      ],
      "scale": [
        1.27539,
        1.27539,
        1.27539
      ]
    },
    "ground": {
      "rotation": [
        45,
        0,
        0
      ],
      "translation": [
        0,
        5.5,
        0
      ],
      "scale": [
        1.48828,
        1.48828,
        1.48828
      ]
    },
    "gui": {
      "rotation": [
        -90,
        135,
        90
      ],
      "translation": [
        -0.25,
        -1.25,
        0
      ],
      "scale": [
        2.85938,
        2.85938,
        2.85938
      ]
    },
    "head": {
      "scale": [
        0,
        0,
        0
      ]
    },
    "fixed": {
      "rotation": [
        90,
        -45,
        90
      ],
      "translation": [
        0.25,
        -1.5,
        0
      ],
      "scale": [
        2.98828,
        2.98828,
        2.98828
      ]
    }
  }
}