{
	"credit": "Made with Blockbench",
	"textures": {
		"0": "empowered_glorious_set:empowered_glorious_set/bow",
		"1": "empowered_glorious_set:empowered_glorious_set/eff_01",
		"particle": "empowered_glorious_set:empowered_glorious_set/bow"
	},
	"elements": [
		{
			"from": [8, 6.5, 15.2],
			"to": [8, 9.5, 19.95],
			"rotation": {"angle": 0, "axis": "x", "origin": [8, 8, 18.575]},
			"faces": {
				"north": {"uv": [0, 0, 0, 4.5], "texture": "#0"},
				"east": {"uv": [0, 12.75, 5.25, 16], "texture": "#0"},
				"south": {"uv": [0, 0, 0, 4.5], "texture": "#0"},
				"west": {"uv": [5.25, 12.75, 0, 16], "texture": "#0"},
				"up": {"uv": [0, 0, 0, 7.5], "texture": "#0"},
				"down": {"uv": [0, 7.5, 0, 0], "texture": "#0"}
			}
		},
		{
			"from": [8, 6.5, 17.2],
			"to": [8, 9.5, 21.95],
			"rotation": {"angle": 0, "axis": "x", "origin": [8, 8, 18.575]},
			"faces": {
				"north": {"uv": [0, 0, 0, 4.5], "texture": "#0"},
				"east": {"uv": [0, 12.75, 5.25, 16], "texture": "#0"},
				"south": {"uv": [0, 0, 0, 4.5], "texture": "#0"},
				"west": {"uv": [5.25, 12.75, 0, 16], "texture": "#0"},
				"up": {"uv": [0, 0, 0, 7.5], "texture": "#0"},
				"down": {"uv": [0, 7.5, 0, 0], "texture": "#0"}
			}
		},
		{
			"from": [6.5, 8, 15.2],
			"to": [9.5, 8, 19.95],
			"rotation": {"angle": 0, "axis": "z", "origin": [8, 8, 18.575]},
			"faces": {
				"north": {"uv": [0, 0, 0, 4.5], "rotation": 90, "texture": "#0"},
				"east": {"uv": [0, 7.5, 0, 0], "rotation": 270, "texture": "#0"},
				"south": {"uv": [0, 0, 0, 4.5], "rotation": 270, "texture": "#0"},
				"west": {"uv": [0, 0, 0, 7.5], "rotation": 270, "texture": "#0"},
				"up": {"uv": [0, 12.75, 5.25, 16], "rotation": 270, "texture": "#0"},
				"down": {"uv": [5.25, 12.75, 0, 16], "rotation": 270, "texture": "#0"}
			}
		},
		{
			"from": [6.5, 8, 17.2],
			"to": [9.5, 8, 21.95],
			"rotation": {"angle": 0, "axis": "z", "origin": [8, 8, 18.575]},
			"faces": {
				"north": {"uv": [0, 0, 0, 4.5], "rotation": 90, "texture": "#0"},
				"east": {"uv": [0, 7.5, 0, 0], "rotation": 270, "texture": "#0"},
				"south": {"uv": [0, 0, 0, 4.5], "rotation": 270, "texture": "#0"},
				"west": {"uv": [0, 0, 0, 7.5], "rotation": 270, "texture": "#0"},
				"up": {"uv": [0, 12.75, 5.25, 16], "rotation": 270, "texture": "#0"},
				"down": {"uv": [5.25, 12.75, 0, 16], "rotation": 270, "texture": "#0"}
			}
		},
		{
			"from": [8, 6.5, 1.2],
			"to": [8, 9.5, 5.95],
			"rotation": {"angle": 0, "axis": "x", "origin": [8, 11, 8.7]},
			"faces": {
				"north": {"uv": [0, 0, 0, 4.5], "texture": "#0"},
				"east": {"uv": [0, 12.75, 5.25, 16], "texture": "#0"},
				"south": {"uv": [0, 0, 0, 4.5], "texture": "#0"},
				"west": {"uv": [5.25, 12.75, 0, 16], "texture": "#0"},
				"up": {"uv": [0, 0, 0, 7.5], "texture": "#0"},
				"down": {"uv": [0, 7.5, 0, 0], "texture": "#0"}
			}
		},
		{
			"from": [7.875, 7.875, 3],
			"to": [8.125, 8.125, 10.75],
			"rotation": {"angle": 0, "axis": "x", "origin": [8, 8, 3.875]},
			"faces": {
				"north": {"uv": [14.75, 8, 14.5, 7.5], "rotation": 180, "texture": "#0"},
				"east": {"uv": [13.75, 0, 13.5, 5], "rotation": 90, "texture": "#0"},
				"south": {"uv": [10.5, 8.5, 10, 9], "texture": "#0"},
				"west": {"uv": [13.75, 0, 13.5, 5], "rotation": 270, "texture": "#0"},
				"up": {"uv": [13.75, 0, 13.5, 5], "texture": "#0"},
				"down": {"uv": [13.75, 0, 13.5, 5], "rotation": 180, "texture": "#0"}
			}
		},
		{
			"from": [7.875, 7.875, 10.75],
			"to": [8.125, 8.125, 18.5],
			"rotation": {"angle": 0, "axis": "x", "origin": [8, 8, 11.625]},
			"faces": {
				"north": {"uv": [14.75, 8, 14.5, 7.5], "rotation": 180, "texture": "#0"},
				"east": {"uv": [13.75, 0, 13.5, 5], "rotation": 90, "texture": "#0"},
				"south": {"uv": [10.5, 8.5, 10, 9], "texture": "#0"},
				"west": {"uv": [13.75, 0, 13.5, 5], "rotation": 270, "texture": "#0"},
				"up": {"uv": [13.75, 0, 13.5, 5], "texture": "#0"},
				"down": {"uv": [13.75, 0, 13.5, 5], "rotation": 180, "texture": "#0"}
			}
		},
		{
			"from": [7.25, 7.65915, 6.4095],
			"to": [8.75, 9.15915, 7.9095],
			"rotation": {"angle": -45, "axis": "x", "origin": [7.9975, 8, 11.01692]},
			"faces": {
				"north": {"uv": [9, 8.75, 9.75, 8], "texture": "#0"},
				"east": {"uv": [8.5, 9.75, 9.25, 9], "texture": "#0"},
				"south": {"uv": [9.5, 0.75, 10.25, 0], "texture": "#0"},
				"west": {"uv": [9.5, 1.75, 10.25, 1], "texture": "#0"},
				"up": {"uv": [11.25, 0.75, 10.5, 0], "texture": "#0"},
				"down": {"uv": [0.75, 10.5, 0, 11.25], "texture": "#0"}
			}
		},
		{
			"from": [7.375, 2.54907, 10.95128],
			"to": [8.625, 3.79907, 12.20128],
			"rotation": {"angle": 45, "axis": "x", "origin": [7.9975, 8, 11.01692]},
			"faces": {
				"north": {"uv": [3, 12.25, 3.5, 11.5], "texture": "#0"},
				"east": {"uv": [2, 11.25, 2.75, 10.5], "texture": "#0"},
				"south": {"uv": [3.5, 12.25, 4, 11.5], "texture": "#0"},
				"west": {"uv": [10.5, 2.75, 11.25, 2], "texture": "#0"},
				"up": {"uv": [4.5, 12.25, 4, 11.5], "texture": "#0"},
				"down": {"uv": [12, 3.5, 11.5, 4.25], "texture": "#0"}
			}
		},
		{
			"from": [7.375, 1.81703, 8.125],
			"to": [8.625, 3.06703, 9.375],
			"rotation": {"angle": 0, "axis": "x", "origin": [8, 2.44203, 8.75]},
			"faces": {
				"north": {"uv": [4.5, 12.25, 4, 11.5], "rotation": 180, "texture": "#0"},
				"east": {"uv": [2.75, 10.5, 2, 11.25], "rotation": 270, "texture": "#0"},
				"south": {"uv": [12, 3.5, 11.5, 4.25], "texture": "#0"},
				"west": {"uv": [11.25, 2, 10.5, 2.75], "rotation": 90, "texture": "#0"},
				"up": {"uv": [3.5, 12.25, 4, 11.5], "texture": "#0"},
				"down": {"uv": [3, 12.25, 3.5, 11.5], "rotation": 180, "texture": "#0"}
			}
		},
		{
			"from": [7.495, 4.17479, 4.97029],
			"to": [8.495, 5.67479, 5.97029],
			"rotation": {"angle": -22.5, "axis": "x", "origin": [7.9975, 11.25, 11.01692]},
			"faces": {
				"north": {"uv": [11.5, 2.25, 12, 1.5], "texture": "#0"},
				"east": {"uv": [2, 12.25, 2.5, 11.5], "texture": "#0"},
				"south": {"uv": [2.5, 12.25, 3, 11.5], "texture": "#0"},
				"west": {"uv": [11.5, 3.25, 12, 2.5], "texture": "#0"},
				"up": {"uv": [12, 9.5, 11.5, 9], "texture": "#0"},
				"down": {"uv": [12, 8.5, 11.5, 9], "texture": "#0"}
			}
		},
		{
			"from": [7.5, 1.97145, 10.33002],
			"to": [8.49, 2.97145, 13.33002],
			"rotation": {"angle": 22.5, "axis": "x", "origin": [7.9975, 11.25, 11.01692]},
			"faces": {
				"north": {"uv": [12, 10.5, 11.5, 10], "rotation": 180, "texture": "#0"},
				"east": {"uv": [4, 9, 3.5, 10.5], "rotation": 270, "texture": "#0"},
				"south": {"uv": [12, 9.5, 11.5, 10], "texture": "#0"},
				"west": {"uv": [5, 9, 4.5, 10.5], "rotation": 90, "texture": "#0"},
				"up": {"uv": [4, 10.5, 4.5, 9], "texture": "#0"},
				"down": {"uv": [3, 10.5, 3.5, 9], "rotation": 180, "texture": "#0"}
			}
		},
		{
			"from": [7.495, 0.26416, 12.01686],
			"to": [8.495, 2.26416, 13.01686],
			"rotation": {"angle": 22.5, "axis": "x", "origin": [7.9975, 11.25, 11.01692]},
			"faces": {
				"north": {"uv": [10.5, 11, 10, 12], "rotation": 180, "texture": "#0"},
				"east": {"uv": [12, 10.5, 11, 11], "rotation": 90, "texture": "#0"},
				"south": {"uv": [0.5, 12.5, 0, 11.5], "texture": "#0"},
				"west": {"uv": [12, 11, 11, 11.5], "rotation": 270, "texture": "#0"},
				"up": {"uv": [12, 4.5, 12.5, 4], "rotation": 180, "texture": "#0"},
				"down": {"uv": [4.5, 12.5, 5, 12], "texture": "#0"}
			}
		},
		{
			"from": [7.5, -0.22521, 3.95582],
			"to": [8.49, 2.77479, 4.95582],
			"rotation": {"angle": -22.5, "axis": "x", "origin": [7.9975, 11.25, 11.01692]},
			"faces": {
				"north": {"uv": [7.5, 9, 7, 10.5], "rotation": 180, "texture": "#0"},
				"east": {"uv": [11, 5, 9.5, 5.5], "rotation": 90, "texture": "#0"},
				"south": {"uv": [6.5, 11, 6, 9.5], "texture": "#0"},
				"west": {"uv": [11, 5.5, 9.5, 6], "rotation": 270, "texture": "#0"},
				"up": {"uv": [5, 12.5, 5.5, 12], "rotation": 180, "texture": "#0"},
				"down": {"uv": [12, 5.5, 12.5, 5], "texture": "#0"}
			}
		},
		{
			"from": [7.37, -2.58883, 13.85477],
			"to": [8.62, -0.83883, 15.60477],
			"rotation": {"angle": 22.5, "axis": "x", "origin": [7.9975, 11.25, 11.01692]},
			"faces": {
				"north": {"uv": [11.25, 1.75, 10.5, 1], "rotation": 180, "texture": "#0"},
				"east": {"uv": [10.25, 3, 9.5, 3.75], "rotation": 270, "texture": "#0"},
				"south": {"uv": [1.75, 10.5, 1, 11.25], "texture": "#0"},
				"west": {"uv": [5.75, 9.5, 5, 10.25], "rotation": 90, "texture": "#0"},
				"up": {"uv": [9.5, 4.75, 10.25, 4], "texture": "#0"},
				"down": {"uv": [9.5, 2.75, 10.25, 2], "rotation": 180, "texture": "#0"}
			}
		},
		{
			"from": [7.445, -0.57157, -0.21796],
			"to": [8.545, 2.42843, 0.88204],
			"rotation": {"angle": -45, "axis": "x", "origin": [7.9975, 11.25, 11.01692]},
			"faces": {
				"north": {"uv": [7, 9, 6.5, 10.5], "rotation": 180, "texture": "#0"},
				"east": {"uv": [5, 9.5, 6.5, 9], "rotation": 270, "texture": "#0"},
				"south": {"uv": [9.5, 8, 9, 6.5], "texture": "#0"},
				"west": {"uv": [9, 6.5, 10.5, 6], "rotation": 90, "texture": "#0"},
				"up": {"uv": [12.5, 2, 12, 2.5], "texture": "#0"},
				"down": {"uv": [12.5, 2.5, 12, 3], "rotation": 180, "texture": "#0"}
			}
		},
		{
			"from": [7.62, -3.48082, 15.35506],
			"to": [8.37, -1.38082, 16.60506],
			"rotation": {"angle": 22.5, "axis": "x", "origin": [7.9975, 11.25, 11.01692]},
			"faces": {
				"north": {"uv": [9.25, 1.5, 8.5, 0], "rotation": 180, "texture": "#0"},
				"east": {"uv": [8.5, 1.5, 9.25, 3], "texture": "#0"},
				"south": {"uv": [9.25, 4.5, 8.5, 3], "rotation": 180, "texture": "#0"},
				"west": {"uv": [8.5, 4.5, 9.25, 6], "texture": "#0"},
				"up": {"uv": [8.5, 10, 9.25, 10.75], "rotation": 180, "texture": "#0"},
				"down": {"uv": [9.5, 10.75, 10.25, 10], "rotation": 180, "texture": "#0"}
			}
		},
		{
			"from": [7.545, -4.93999, 11.59823],
			"to": [8.445, -4.03999, 13.59823],
			"rotation": {"angle": 0, "axis": "x", "origin": [7.995, -4.85558, 13.27172]},
			"faces": {
				"north": {"uv": [11.5, 12, 12, 11.5], "texture": "#0"},
				"east": {"uv": [11.5, 7, 10.5, 7.5], "rotation": 180, "texture": "#0"},
				"south": {"uv": [0.5, 12.5, 1, 12], "texture": "#0"},
				"west": {"uv": [12, 5, 11, 5.5], "rotation": 180, "texture": "#0"},
				"up": {"uv": [6, 11, 6.5, 12], "rotation": 180, "texture": "#0"},
				"down": {"uv": [11, 6.5, 11.5, 5.5], "rotation": 180, "texture": "#0"}
			}
		},
		{
			"from": [7.6, -5.03786, 13.00646],
			"to": [8.39, -4.23786, 15.00646],
			"rotation": {"angle": 45, "axis": "x", "origin": [7.995, -4.85558, 13.27172]},
			"faces": {
				"north": {"uv": [1, 12.5, 1.5, 12], "rotation": 180, "texture": "#0"},
				"east": {"uv": [12, 6.5, 11, 7], "texture": "#0"},
				"south": {"uv": [12, 1, 12.5, 0.5], "rotation": 180, "texture": "#0"},
				"west": {"uv": [8.5, 11, 7.5, 11.5], "texture": "#0"},
				"up": {"uv": [11, 8.5, 11.5, 7.5], "rotation": 180, "texture": "#0"},
				"down": {"uv": [8.5, 11, 9, 12], "rotation": 180, "texture": "#0"}
			}
		},
		{
			"from": [8, -8.15, 5.6],
			"to": [8, 6.85, 14.6],
			"rotation": {"angle": -45, "axis": "x", "origin": [8, -0.65, 10.1]},
			"faces": {
				"north": {"uv": [0, 7.5, 0, 0], "rotation": 180, "texture": "#0"},
				"east": {"uv": [0, 0, 7.5, 4.5], "rotation": 90, "texture": "#0"},
				"south": {"uv": [0, 0, 0, 7.5], "texture": "#0"},
				"west": {"uv": [0, 4.5, 7.5, 9], "rotation": 270, "texture": "#0"},
				"up": {"uv": [0, 4.5, 0, 0], "rotation": 180, "texture": "#0"},
				"down": {"uv": [0, 4.5, 0, 0], "texture": "#0"}
			}
		},
		{
			"from": [7.25, 6.84085, 6.4095],
			"to": [8.75, 8.34085, 7.9095],
			"rotation": {"angle": 45, "axis": "x", "origin": [7.9975, 8, 11.01692]},
			"faces": {
				"north": {"uv": [9, 8, 9.75, 8.75], "texture": "#0"},
				"east": {"uv": [8.5, 9, 9.25, 9.75], "texture": "#0"},
				"south": {"uv": [9.5, 0, 10.25, 0.75], "texture": "#0"},
				"west": {"uv": [9.5, 1, 10.25, 1.75], "texture": "#0"},
				"up": {"uv": [0.75, 11.25, 0, 10.5], "texture": "#0"},
				"down": {"uv": [11.25, 0, 10.5, 0.75], "texture": "#0"}
			}
		},
		{
			"from": [7.375, 12.20093, 10.95128],
			"to": [8.625, 13.45093, 12.20128],
			"rotation": {"angle": -45, "axis": "x", "origin": [7.9975, 8, 11.01692]},
			"faces": {
				"north": {"uv": [3, 11.5, 3.5, 12.25], "texture": "#0"},
				"east": {"uv": [2, 10.5, 2.75, 11.25], "texture": "#0"},
				"south": {"uv": [3.5, 11.5, 4, 12.25], "texture": "#0"},
				"west": {"uv": [10.5, 2, 11.25, 2.75], "texture": "#0"},
				"up": {"uv": [12, 4.25, 11.5, 3.5], "texture": "#0"},
				"down": {"uv": [4.5, 11.5, 4, 12.25], "texture": "#0"}
			}
		},
		{
			"from": [7.375, 12.93297, 8.125],
			"to": [8.625, 14.18297, 9.375],
			"rotation": {"angle": 0, "axis": "x", "origin": [8, 13.55797, 8.75]},
			"faces": {
				"north": {"uv": [4.5, 11.5, 4, 12.25], "rotation": 180, "texture": "#0"},
				"east": {"uv": [2, 10.5, 2.75, 11.25], "rotation": 270, "texture": "#0"},
				"south": {"uv": [12, 4.25, 11.5, 3.5], "texture": "#0"},
				"west": {"uv": [10.5, 2, 11.25, 2.75], "rotation": 90, "texture": "#0"},
				"up": {"uv": [3, 11.5, 3.5, 12.25], "rotation": 180, "texture": "#0"},
				"down": {"uv": [3.5, 11.5, 4, 12.25], "texture": "#0"}
			}
		},
		{
			"from": [7.495, 10.32521, 4.97029],
			"to": [8.495, 11.82521, 5.97029],
			"rotation": {"angle": 22.5, "axis": "x", "origin": [7.9975, 4.75, 11.01692]},
			"faces": {
				"north": {"uv": [11.5, 1.5, 12, 2.25], "texture": "#0"},
				"east": {"uv": [2, 11.5, 2.5, 12.25], "texture": "#0"},
				"south": {"uv": [2.5, 11.5, 3, 12.25], "texture": "#0"},
				"west": {"uv": [11.5, 2.5, 12, 3.25], "texture": "#0"},
				"up": {"uv": [12, 9, 11.5, 8.5], "texture": "#0"},
				"down": {"uv": [12, 9, 11.5, 9.5], "texture": "#0"}
			}
		},
		{
			"from": [7.5, 13.02855, 10.33002],
			"to": [8.49, 14.02855, 13.33002],
			"rotation": {"angle": -22.5, "axis": "x", "origin": [7.9975, 4.75, 11.01692]},
			"faces": {
				"north": {"uv": [12, 10, 11.5, 10.5], "rotation": 180, "texture": "#0"},
				"east": {"uv": [3.5, 9, 4, 10.5], "rotation": 270, "texture": "#0"},
				"south": {"uv": [12, 10, 11.5, 9.5], "texture": "#0"},
				"west": {"uv": [4.5, 9, 5, 10.5], "rotation": 90, "texture": "#0"},
				"up": {"uv": [3, 9, 3.5, 10.5], "rotation": 180, "texture": "#0"},
				"down": {"uv": [4, 9, 4.5, 10.5], "texture": "#0"}
			}
		},
		{
			"from": [7.495, 13.73584, 12.01686],
			"to": [8.495, 15.73584, 13.01686],
			"rotation": {"angle": -22.5, "axis": "x", "origin": [7.9975, 4.75, 11.01692]},
			"faces": {
				"north": {"uv": [10.5, 12, 10, 11], "rotation": 180, "texture": "#0"},
				"east": {"uv": [11, 10.5, 12, 11], "rotation": 90, "texture": "#0"},
				"south": {"uv": [0.5, 11.5, 0, 12.5], "texture": "#0"},
				"west": {"uv": [11, 11, 12, 11.5], "rotation": 270, "texture": "#0"},
				"up": {"uv": [4.5, 12, 5, 12.5], "texture": "#0"},
				"down": {"uv": [12, 4, 12.5, 4.5], "rotation": 180, "texture": "#0"}
			}
		},
		{
			"from": [7.5, 13.22521, 3.95582],
			"to": [8.49, 16.22521, 4.95582],
			"rotation": {"angle": 22.5, "axis": "x", "origin": [7.9975, 4.75, 11.01692]},
			"faces": {
				"north": {"uv": [7.5, 10.5, 7, 9], "rotation": 180, "texture": "#0"},
				"east": {"uv": [9.5, 5, 11, 5.5], "rotation": 90, "texture": "#0"},
				"south": {"uv": [6.5, 9.5, 6, 11], "texture": "#0"},
				"west": {"uv": [9.5, 5.5, 11, 6], "rotation": 270, "texture": "#0"},
				"up": {"uv": [12, 5, 12.5, 5.5], "texture": "#0"},
				"down": {"uv": [5, 12, 5.5, 12.5], "rotation": 180, "texture": "#0"}
			}
		},
		{
			"from": [7.37, 16.83883, 13.85477],
			"to": [8.62, 18.58883, 15.60477],
			"rotation": {"angle": -22.5, "axis": "x", "origin": [7.9975, 4.75, 11.01692]},
			"faces": {
				"north": {"uv": [11.25, 1, 10.5, 1.75], "rotation": 180, "texture": "#0"},
				"east": {"uv": [9.5, 3, 10.25, 3.75], "rotation": 270, "texture": "#0"},
				"south": {"uv": [1.75, 11.25, 1, 10.5], "texture": "#0"},
				"west": {"uv": [5, 9.5, 5.75, 10.25], "rotation": 90, "texture": "#0"},
				"up": {"uv": [9.5, 2, 10.25, 2.75], "rotation": 180, "texture": "#0"},
				"down": {"uv": [9.5, 4, 10.25, 4.75], "texture": "#0"}
			}
		},
		{
			"from": [7.445, 13.57157, -0.21796],
			"to": [8.545, 16.57157, 0.88204],
			"rotation": {"angle": 45, "axis": "x", "origin": [7.9975, 4.75, 11.01692]},
			"faces": {
				"north": {"uv": [7, 10.5, 6.5, 9], "rotation": 180, "texture": "#0"},
				"east": {"uv": [6.5, 9.5, 5, 9], "rotation": 270, "texture": "#0"},
				"south": {"uv": [9.5, 6.5, 9, 8], "texture": "#0"},
				"west": {"uv": [10.5, 6.5, 9, 6], "rotation": 90, "texture": "#0"},
				"up": {"uv": [12.5, 3, 12, 2.5], "rotation": 180, "texture": "#0"},
				"down": {"uv": [12.5, 2.5, 12, 2], "texture": "#0"}
			}
		},
		{
			"from": [7.62, 17.38082, 15.35506],
			"to": [8.37, 19.48082, 16.60506],
			"rotation": {"angle": -22.5, "axis": "x", "origin": [7.9975, 4.75, 11.01692]},
			"faces": {
				"north": {"uv": [9.25, 0, 8.5, 1.5], "rotation": 180, "texture": "#0"},
				"east": {"uv": [8.5, 3, 9.25, 1.5], "texture": "#0"},
				"south": {"uv": [9.25, 3, 8.5, 4.5], "rotation": 180, "texture": "#0"},
				"west": {"uv": [8.5, 6, 9.25, 4.5], "texture": "#0"},
				"up": {"uv": [9.5, 10, 10.25, 10.75], "rotation": 180, "texture": "#0"},
				"down": {"uv": [8.5, 10.75, 9.25, 10], "rotation": 180, "texture": "#0"}
			}
		},
		{
			"from": [7.545, 20.03999, 11.59823],
			"to": [8.445, 20.93999, 13.59823],
			"rotation": {"angle": 0, "axis": "x", "origin": [7.995, 20.85558, 13.27172]},
			"faces": {
				"north": {"uv": [11.5, 11.5, 12, 12], "texture": "#0"},
				"east": {"uv": [11.5, 7.5, 10.5, 7], "rotation": 180, "texture": "#0"},
				"south": {"uv": [0.5, 12, 1, 12.5], "texture": "#0"},
				"west": {"uv": [12, 5.5, 11, 5], "rotation": 180, "texture": "#0"},
				"up": {"uv": [11, 5.5, 11.5, 6.5], "rotation": 180, "texture": "#0"},
				"down": {"uv": [6, 12, 6.5, 11], "rotation": 180, "texture": "#0"}
			}
		},
		{
			"from": [7.6, 20.23786, 13.00646],
			"to": [8.39, 21.03786, 15.00646],
			"rotation": {"angle": -45, "axis": "x", "origin": [7.995, 20.85558, 13.27172]},
			"faces": {
				"north": {"uv": [1, 12, 1.5, 12.5], "rotation": 180, "texture": "#0"},
				"east": {"uv": [12, 7, 11, 6.5], "texture": "#0"},
				"south": {"uv": [12, 0.5, 12.5, 1], "rotation": 180, "texture": "#0"},
				"west": {"uv": [8.5, 11.5, 7.5, 11], "texture": "#0"},
				"up": {"uv": [8.5, 12, 9, 11], "rotation": 180, "texture": "#0"},
				"down": {"uv": [11, 7.5, 11.5, 8.5], "rotation": 180, "texture": "#0"}
			}
		},
		{
			"from": [8, 9.15, 5.6],
			"to": [8, 24.15, 14.6],
			"rotation": {"angle": 45, "axis": "x", "origin": [8, 16.65, 10.1]},
			"faces": {
				"north": {"uv": [0, 0, 0, 7.5], "rotation": 180, "texture": "#0"},
				"east": {"uv": [7.5, 0, 0, 4.5], "rotation": 90, "texture": "#0"},
				"south": {"uv": [0, 7.5, 0, 0], "texture": "#0"},
				"west": {"uv": [7.5, 4.5, 0, 9], "rotation": 270, "texture": "#0"},
				"up": {"uv": [0, 0, 0, 4.5], "texture": "#0"},
				"down": {"uv": [0, 0, 0, 4.5], "rotation": 180, "texture": "#0"}
			}
		},
		{
			"from": [7.875, 7, 13.5],
			"to": [8.125, 20.75, 13.75],
			"rotation": {"angle": -22.5, "axis": "x", "origin": [7.875, 20, 14]},
			"faces": {
				"north": {"uv": [12.75, 0, 12.5, 5], "texture": "#0"},
				"east": {"uv": [12.75, 5, 12.5, 10], "texture": "#0"},
				"south": {"uv": [13.25, 0, 13, 5], "texture": "#0"},
				"west": {"uv": [13.25, 5, 13, 10], "texture": "#0"},
				"up": {"uv": [14.75, 8, 14.5, 7.5], "texture": "#0"},
				"down": {"uv": [10.5, 8.5, 10, 9], "texture": "#0"}
			}
		},
		{
			"from": [7.875, -4.75, 13.5],
			"to": [8.125, 9, 13.75],
			"rotation": {"angle": 22.5, "axis": "x", "origin": [7.875, -4, 14]},
			"faces": {
				"north": {"uv": [12.75, 5, 12.5, 0], "texture": "#0"},
				"east": {"uv": [12.75, 10, 12.5, 5], "texture": "#0"},
				"south": {"uv": [13.25, 5, 13, 0], "texture": "#0"},
				"west": {"uv": [13.25, 10, 13, 5], "texture": "#0"},
				"up": {"uv": [10.5, 9, 10, 8.5], "texture": "#0"},
				"down": {"uv": [14.75, 7.5, 14.5, 8], "texture": "#0"}
			}
		},
		{
			"from": [7.5, 3, 7.5],
			"to": [8.5, 13, 8.5],
			"rotation": {"angle": 0, "axis": "y", "origin": [8, 8, 8]},
			"faces": {
				"north": {"uv": [7.5, 0, 8, 5], "texture": "#0"},
				"east": {"uv": [7.5, 5, 8, 10], "texture": "#0"},
				"south": {"uv": [8, 0, 8.5, 5], "texture": "#0"},
				"west": {"uv": [8, 5, 8.5, 10], "texture": "#0"},
				"up": {"uv": [10, 8, 9.5, 7.5], "texture": "#0"},
				"down": {"uv": [10.5, 8.5, 10, 9], "texture": "#0"}
			}
		},
		{
			"from": [8, 14, 5],
			"to": [8, 22, 13],
			"rotation": {"angle": 0, "axis": "y", "origin": [8, 18, 9]},
			"faces": {
				"north": {"uv": [0, 0, 0, 1], "texture": "#1"},
				"east": {"uv": [0, 0, 16, 16], "texture": "#1"},
				"south": {"uv": [0, 0, 0, 1], "texture": "#1"},
				"west": {"uv": [0, 0, 16, 16], "texture": "#1"},
				"up": {"uv": [1, 0, 0, 0], "rotation": 270, "texture": "#1"},
				"down": {"uv": [1, 0, 0, 0], "rotation": 90, "texture": "#1"}
			}
		},
		{
			"from": [8, -6, 5],
			"to": [8, 2, 13],
			"rotation": {"angle": 0, "axis": "y", "origin": [8, -2, 9]},
			"faces": {
				"north": {"uv": [0, 1, 0, 0], "texture": "#1"},
				"east": {"uv": [0, 16, 16, 0], "texture": "#1"},
				"south": {"uv": [0, 1, 0, 0], "texture": "#1"},
				"west": {"uv": [0, 16, 16, 0], "texture": "#1"},
				"up": {"uv": [0, 0, 1, 0], "rotation": 90, "texture": "#1"},
				"down": {"uv": [0, 0, 1, 0], "rotation": 270, "texture": "#1"}
			}
		}
	],
	"gui_light": "front",
	"display": {
		"thirdperson_righthand": {
			"translation": [0, -2, 1.75],
			"scale": [0.8, 0.8, 0.8]
		},
		"thirdperson_lefthand": {
			"translation": [0, -2, 1.75],
			"scale": [0.8, 0.8, 0.8]
		},
		"firstperson_righthand": {
			"rotation": [20.34, 42.32, -1.08],
			"translation": [1.75, 7.25, -10.5]
		},
		"firstperson_lefthand": {
			"rotation": [20.34, 42.32, -1.08],
			"translation": [1.75, 7.25, -10.5]
		},
		"ground": {
			"rotation": [0, 0, -77],
			"translation": [0, 0.25, -1.75],
			"scale": [0.79883, 0.79883, 0.79883]
		},
		"gui": {
			"rotation": [-90, -135, 90],
			"translation": [1.75, 1.75, 0],
			"scale": [0.57031, 0.57031, 0.57031]
		},
		"head": {
			"scale": [0, 0, 0]
		},
		"fixed": {
			"rotation": [-90, 90, 90],
			"translation": [-2.5, 0, -1.5],
			"scale": [1.43359, 1.43359, 1.43359]
		}
	},
	"groups": [
		{
			"name": "bow",
			"origin": [8, 8, 8],
			"color": 0,
			"nbt": "{}",
			"armAnimationEnabled": false,
			"children": [
				{
					"name": "arrow",
					"origin": [8, 8, 9.625],
					"color": 0,
					"nbt": "{}",
					"armAnimationEnabled": false,
					"children": [0, 1, 2, 3, 4, 5, 6]
				},
				{
					"name": "group",
					"origin": [7.995, 11.55616, 10.40911],
					"color": 0,
					"nbt": "{}",
					"armAnimationEnabled": false,
					"children": [7, 8, 9, 10, 11, 12, 13, 14, 15, 16, 17, 18, 19]
				},
				{
					"name": "group",
					"origin": [7.995, 11.55616, 10.40911],
					"color": 0,
					"nbt": "{}",
					"armAnimationEnabled": false,
					"children": [20, 21, 22, 23, 24, 25, 26, 27, 28, 29, 30, 31, 32, 33, 34]
				},
				35,
				36,
				37
			]
		}
	]
}