{"credit":"MadewithBlockbench","textures":{"0":"elitecreatures:dungeon_decoration_v1/dungeon_decorate_goldbars","particle":"elitecreatures:dungeon_decoration_v1/dungeon_decorate_goldbars"},"elements":[{"from":[-4,0,3],"to":[-1,2,13],"rotation":{"angle":22.5,"axis":"y","origin":[0,0,0]},"faces":{"north":{"uv":[3,2,6,4],"texture":"#0"},"east":{"uv":[3,0,13,2],"texture":"#0"},"south":{"uv":[3,2,6,4],"texture":"#0"},"west":{"uv":[3,0,13,2],"texture":"#0"},"up":{"uv":[3,10,0,0],"texture":"#0"},"down":{"uv":[3,10,0,0],"texture":"#0"}}},{"from":[4,0,3],"to":[7,2,13],"faces":{"north":{"uv":[3,2,6,4],"texture":"#0"},"east":{"uv":[3,0,13,2],"texture":"#0"},"south":{"uv":[3,2,6,4],"texture":"#0"},"west":{"uv":[3,0,13,2],"texture":"#0"},"up":{"uv":[3,10,0,0],"texture":"#0"},"down":{"uv":[3,10,0,0],"texture":"#0"}}},{"from":[8,0,2],"to":[11,2,12],"faces":{"north":{"uv":[3,2,6,4],"texture":"#0"},"east":{"uv":[3,0,13,2],"texture":"#0"},"south":{"uv":[3,2,6,4],"texture":"#0"},"west":{"uv":[3,0,13,2],"texture":"#0"},"up":{"uv":[3,10,0,0],"texture":"#0"},"down":{"uv":[3,10,0,0],"texture":"#0"}}},{"from":[12,0,3],"to":[15,2,13],"faces":{"north":{"uv":[3,2,6,4],"texture":"#0"},"east":{"uv":[3,0,13,2],"texture":"#0"},"south":{"uv":[3,2,6,4],"texture":"#0"},"west":{"uv":[3,0,13,2],"texture":"#0"},"up":{"uv":[3,10,0,0],"texture":"#0"},"down":{"uv":[3,10,0,0],"texture":"#0"}}},{"from":[10,2,2],"to":[13,4,12],"faces":{"north":{"uv":[3,2,6,4],"texture":"#0"},"east":{"uv":[3,0,13,2],"texture":"#0"},"south":{"uv":[3,2,6,4],"texture":"#0"},"west":{"uv":[3,0,13,2],"texture":"#0"},"up":{"uv":[3,10,0,0],"texture":"#0"},"down":{"uv":[3,10,0,0],"texture":"#0"}}},{"from":[6,2,3],"to":[9,4,13],"faces":{"north":{"uv":[3,2,6,4],"texture":"#0"},"east":{"uv":[3,0,13,2],"texture":"#0"},"south":{"uv":[3,2,6,4],"texture":"#0"},"west":{"uv":[3,0,13,2],"texture":"#0"},"up":{"uv":[3,10,0,0],"texture":"#0"},"down":{"uv":[3,10,0,0],"texture":"#0"}}},{"from":[3,2,4],"to":[6,4,14],"faces":{"north":{"uv":[3,2,6,4],"texture":"#0"},"east":{"uv":[3,0,13,2],"texture":"#0"},"south":{"uv":[3,2,6,4],"texture":"#0"},"west":{"uv":[3,0,13,2],"texture":"#0"},"up":{"uv":[3,10,0,0],"texture":"#0"},"down":{"uv":[3,10,0,0],"texture":"#0"}}},{"from":[4,4,3],"to":[7,6,13],"faces":{"north":{"uv":[3,2,6,4],"texture":"#0"},"east":{"uv":[3,0,13,2],"texture":"#0"},"south":{"uv":[3,2,6,4],"texture":"#0"},"west":{"uv":[3,0,13,2],"texture":"#0"},"up":{"uv":[3,10,0,0],"texture":"#0"},"down":{"uv":[3,10,0,0],"texture":"#0"}}},{"from":[3,-0.25,2],"to":[6,9.75,4],"rotation":{"angle":22.5,"axis":"x","origin":[5.5,5,3]},"faces":{"north":{"uv":[3,10,0,0],"rotation":180,"texture":"#0"},"east":{"uv":[3,0,13,2],"rotation":90,"texture":"#0"},"south":{"uv":[3,10,0,0],"texture":"#0"},"west":{"uv":[3,0,13,2],"rotation":270,"texture":"#0"},"up":{"uv":[3,2,6,4],"texture":"#0"},"down":{"uv":[3,2,6,4],"rotation":180,"texture":"#0"}}},{"from":[11,4,-2],"to":[14,6,8],"rotation":{"angle":-22.5,"axis":"y","origin":[0,0,0]},"faces":{"north":{"uv":[3,2,6,4],"texture":"#0"},"east":{"uv":[3,0,13,2],"texture":"#0"},"south":{"uv":[3,2,6,4],"texture":"#0"},"west":{"uv":[3,0,13,2],"texture":"#0"},"up":{"uv":[3,10,0,0],"texture":"#0"},"down":{"uv":[3,10,0,0],"texture":"#0"}}},{"from":[4,6,5],"to":[7,8,15],"rotation":{"angle":22.5,"axis":"y","origin":[0,0,0]},"faces":{"north":{"uv":[3,2,6,4],"texture":"#0"},"east":{"uv":[3,0,13,2],"texture":"#0"},"south":{"uv":[3,2,6,4],"texture":"#0"},"west":{"uv":[3,0,13,2],"texture":"#0"},"up":{"uv":[3,10,0,0],"texture":"#0"},"down":{"uv":[3,10,0,0],"texture":"#0"}}}],"display":{"thirdperson_righthand":{"translation":[0,3.25,2.25],"scale":[0.4,0.4,0.4]},"thirdperson_lefthand":{"translation":[0,3.25,2.25],"scale":[0.4,0.4,0.4]},"firstperson_righthand":{"translation":[-0.75,6.25,-1.5],"scale":[0.9,0.9,0.9]},"firstperson_lefthand":{"translation":[-0.75,6.25,-1.5],"scale":[0.9,0.9,0.9]},"ground":{"translation":[0,2,0],"scale":[0.5,0.5,0.5]},"gui":{"rotation":[30,225,0],"translation":[-0.75,2,0],"scale":[0.625,0.625,0.625]},"head":{"translation":[0,-35.25,0]},"fixed":{"rotation":[-90,0,0],"translation":[2.75,-1,-12.75],"scale":[1.6,1.6,1.6]}}}