{"credit":"MadewithBlockbench","texture_size":[64,64],"textures":{"0":"elitecreatures:dungeon_decoration_v1/dungeon_wood_barrel","particle":"elitecreatures:dungeon_decoration_v1/dungeon_wood_barrel"},"elements":[{"from":[2,1,2],"to":[14,16,4],"faces":{"north":{"uv":[3.5,3.75,6.5,7.5],"texture":"#0"},"east":{"uv":[3.5,7.5,4,11.25],"texture":"#0"},"south":{"uv":[3.5,3.75,6.5,7.5],"texture":"#0"},"west":{"uv":[4,7.5,3.5,11.25],"texture":"#0"},"up":{"uv":[11.5,7.5,8.5,7],"texture":"#0"},"down":{"uv":[11.5,7.5,8.5,7],"texture":"#0"}}},{"from":[2,1,12],"to":[14,16,14],"rotation":{"angle":0,"axis":"y","origin":[0,0,16]},"faces":{"north":{"uv":[6.5,3.75,3.5,7.5],"texture":"#0"},"east":{"uv":[4,7.5,3.5,11.25],"texture":"#0"},"south":{"uv":[6.5,3.75,3.5,7.5],"texture":"#0"},"west":{"uv":[3.5,7.5,4,11.25],"texture":"#0"},"up":{"uv":[11.5,7,8.5,7.5],"texture":"#0"},"down":{"uv":[11.5,7,8.5,7.5],"texture":"#0"}}},{"from":[12,1,4],"to":[14,16,12],"faces":{"north":{"uv":[4,7.5,4.5,11.25],"texture":"#0"},"east":{"uv":[6.5,6.5,8.5,10.25],"texture":"#0"},"south":{"uv":[4,7.5,4.5,11.25],"texture":"#0"},"west":{"uv":[6.5,6.5,8.5,10.25],"texture":"#0"},"up":{"uv":[5,9.5,4.5,7.5],"texture":"#0"},"down":{"uv":[5,9.5,4.5,7.5],"texture":"#0"}}},{"from":[2,1,4],"to":[4,16,12],"rotation":{"angle":0,"axis":"y","origin":[16,0,0]},"faces":{"north":{"uv":[4.5,7.5,4,11.25],"texture":"#0"},"east":{"uv":[8.5,6.5,6.5,10.25],"texture":"#0"},"south":{"uv":[4.5,7.5,4,11.25],"texture":"#0"},"west":{"uv":[8.5,6.5,6.5,10.25],"texture":"#0"},"up":{"uv":[4.5,9.5,5,7.5],"texture":"#0"},"down":{"uv":[4.5,9.5,5,7.5],"texture":"#0"}}},{"from":[2,0,2],"to":[14,1,14],"faces":{"north":{"uv":[8.5,7.5,11.5,7.75],"texture":"#0"},"east":{"uv":[8.5,7.75,11.5,8],"texture":"#0"},"south":{"uv":[8.5,7.5,11.5,7.75],"texture":"#0"},"west":{"uv":[8.5,7.75,11.5,8],"texture":"#0"},"up":{"uv":[9.5,6.5,6.5,3.5],"texture":"#0"},"down":{"uv":[9.5,6.5,6.5,3.5],"texture":"#0"}}},{"from":[1,4,1],"to":[15,12,15],"faces":{"north":{"uv":[0,7.25,3.5,9.25],"texture":"#0"},"east":{"uv":[0,7.25,3.5,9.25],"texture":"#0"},"south":{"uv":[0,7.25,3.5,9.25],"texture":"#0"},"west":{"uv":[0,7.25,3.5,9.25],"texture":"#0"},"up":{"uv":[3.5,7.25,0,3.75],"texture":"#0"},"down":{"uv":[3.5,7.25,0,3.75],"texture":"#0"}}},{"from":[1,13,1],"to":[15,15,15],"faces":{"north":{"uv":[7.25,3,10.75,3.5],"texture":"#0"},"east":{"uv":[8.5,6.5,12,7],"texture":"#0"},"south":{"uv":[7.25,3,10.75,3.5],"texture":"#0"},"west":{"uv":[8.5,6.5,12,7],"texture":"#0"},"up":{"uv":[7.25,3.5,3.75,0],"texture":"#0"},"down":{"uv":[7.25,3.5,3.75,0],"texture":"#0"}}},{"from":[0.5,12,0.5],"to":[15.5,14,15.5],"faces":{"north":{"uv":[7.25,2.5,11,3],"texture":"#0"},"east":{"uv":[7.25,2.5,11,3],"texture":"#0"},"south":{"uv":[7.25,2.5,11,3],"texture":"#0"},"west":{"uv":[7.25,2.5,11,3],"texture":"#0"},"up":{"uv":[3.75,3.75,0,0],"texture":"#0"},"down":{"uv":[3.75,3.75,0,0],"texture":"#0"}}},{"from":[1,1,1],"to":[15,3,15],"rotation":{"angle":0,"axis":"y","origin":[0,16,0]},"faces":{"north":{"uv":[7.25,3.5,10.75,3],"texture":"#0"},"east":{"uv":[8.5,7,12,6.5],"texture":"#0"},"south":{"uv":[7.25,3.5,10.75,3],"texture":"#0"},"west":{"uv":[8.5,7,12,6.5],"texture":"#0"},"up":{"uv":[7.25,0,3.75,3.5],"texture":"#0"},"down":{"uv":[7.25,0,3.75,3.5],"texture":"#0"}}},{"from":[0.5,2,0.5],"to":[15.5,4,15.5],"rotation":{"angle":0,"axis":"y","origin":[0,16,0]},"faces":{"north":{"uv":[7.25,3,11,2.5],"texture":"#0"},"east":{"uv":[7.25,3,11,2.5],"texture":"#0"},"south":{"uv":[7.25,3,11,2.5],"texture":"#0"},"west":{"uv":[7.25,3,11,2.5],"texture":"#0"},"up":{"uv":[7.25,3.5,3.75,0],"texture":"#0"},"down":{"uv":[3.75,0,0,3.75],"texture":"#0"}}}],"gui_light":"front","display":{"thirdperson_righthand":{"translation":[0,0,1.5],"scale":[0.29,0.29,0.29]},"thirdperson_lefthand":{"translation":[0,0,1.5],"scale":[0.29,0.29,0.29]},"firstperson_righthand":{"translation":[0,1,1.5],"scale":[0.59,0.59,0.59]},"firstperson_lefthand":{"translation":[0,1,1.5],"scale":[0.59,0.59,0.59]},"ground":{"translation":[0,2,0],"scale":[0.5,0.5,0.5]},"gui":{"rotation":[30,225,0],"scale":[0.47,0.47,0.47]},"head":{"translation":[0,-30.25,0],"scale":[1.6,1.6,1.6]}}}