{"credit":"MadewithBlockbench","texture_size":[512,256],"textures":{"2":"elitecreatures:dungeon_decoration_v1/dungeon_cage_with_bone"},"elements":[{"from":[-3,-16,-3],"to":[19,-14,19],"faces":{"north":{"uv":[10.5,4.375,11.875,4.625],"texture":"#2"},"east":{"uv":[10.5,4.625,11.875,4.875],"texture":"#2"},"south":{"uv":[10.5,4.375,11.875,4.625],"texture":"#2"},"west":{"uv":[10.5,4.625,11.875,4.875],"texture":"#2"},"up":{"uv":[9.375,6.875,8,4.125],"texture":"#2"},"down":{"uv":[9.375,6.875,8,4.125],"texture":"#2"}}},{"from":[3,18.1,3],"to":[13,20.1,13],"faces":{"north":{"uv":[10.625,5.625,11.25,5.875],"texture":"#2"},"east":{"uv":[10.875,2.25,11.5,2.5],"texture":"#2"},"south":{"uv":[10.625,5.625,11.25,5.875],"texture":"#2"},"west":{"uv":[10.875,2.25,11.5,2.5],"texture":"#2"},"up":{"uv":[10.875,3.5,10.25,2.25],"texture":"#2"},"down":{"uv":[10.875,3.5,10.25,2.25],"texture":"#2"}}},{"from":[6,20,6],"to":[10,23,10],"faces":{"north":{"uv":[10.875,2.5,11.125,2.875],"texture":"#2"},"east":{"uv":[10.875,2.875,11.125,3.25],"texture":"#2"},"south":{"uv":[10.875,2.5,11.125,2.875],"texture":"#2"},"west":{"uv":[10.875,2.875,11.125,3.25],"texture":"#2"},"up":{"uv":[10.5,4,10.25,3.5],"texture":"#2"},"down":{"uv":[10.5,4,10.25,3.5],"texture":"#2"}}},{"from":[4,23,8],"to":[12,30,8],"faces":{"north":{"uv":[10.5,3.5,11,4.375],"texture":"#2"},"south":{"uv":[10.5,3.5,11,4.375],"texture":"#2"}}},{"from":[17,-11,-1],"to":[19,-9,17],"rotation":{"angle":0,"axis":"y","origin":[16,0,16]},"faces":{"north":{"uv":[10.625,5.875,10.75,6.125],"texture":"#2"},"east":{"uv":[10.5,5.375,11.625,5.625],"texture":"#2"},"south":{"uv":[10.625,5.875,10.75,6.125],"texture":"#2"},"west":{"uv":[10.5,5.375,11.625,5.625],"texture":"#2"},"up":{"uv":[10.625,7.875,10.5,5.625],"texture":"#2"},"down":{"uv":[10.625,7.875,10.5,5.625],"texture":"#2"}}},{"from":[-1,18,-1],"to":[17,18,17],"rotation":{"angle":0,"axis":"y","origin":[16,0,16]},"faces":{"up":{"uv":[10.5,6.375,9.375,4.125],"texture":"#2"},"down":{"uv":[10.5,6.375,9.375,4.125],"texture":"#2"}}},{"from":[-1,-15,-0.9],"to":[17,18,-0.9],"faces":{"north":{"uv":[9.125,0,10.25,4.125],"texture":"#2"},"south":{"uv":[9.125,0,10.25,4.125],"texture":"#2"}}},{"from":[16.9,-15,-1],"to":[16.9,18,17],"faces":{"east":{"uv":[9.125,0,10.25,4.125],"texture":"#2"},"west":{"uv":[9.125,0,10.25,4.125],"texture":"#2"}}},{"from":[-0.9,-15,-1],"to":[-0.9,18,17],"faces":{"east":{"uv":[9.125,0,10.25,4.125],"texture":"#2"},"west":{"uv":[9.125,0,10.25,4.125],"texture":"#2"}}},{"from":[-1,-15,16.9],"to":[17,18,16.9],"rotation":{"angle":0,"axis":"y","origin":[0,0,16]},"faces":{"north":{"uv":[10.25,0,9.125,4.125],"texture":"#2"},"south":{"uv":[10.25,0,9.125,4.125],"texture":"#2"}}},{"from":[-3,-11,-3],"to":[19,-9,-1],"faces":{"north":{"uv":[10.5,4.875,11.875,5.125],"texture":"#2"},"east":{"uv":[10.875,3.25,11,3.5],"texture":"#2"},"south":{"uv":[10.5,4.875,11.875,5.125],"texture":"#2"},"west":{"uv":[10.875,3.25,11,3.5],"texture":"#2"},"up":{"uv":[11.875,5.375,10.5,5.125],"texture":"#2"},"down":{"uv":[11.875,5.375,10.5,5.125],"texture":"#2"}}},{"from":[17,1,-1],"to":[19,3,17],"rotation":{"angle":0,"axis":"y","origin":[16,0,16]},"faces":{"north":{"uv":[10.625,5.875,10.75,6.125],"texture":"#2"},"east":{"uv":[10.5,5.375,11.625,5.625],"texture":"#2"},"south":{"uv":[10.625,5.875,10.75,6.125],"texture":"#2"},"west":{"uv":[10.5,5.375,11.625,5.625],"texture":"#2"},"up":{"uv":[10.625,7.875,10.5,5.625],"texture":"#2"},"down":{"uv":[10.625,7.875,10.5,5.625],"texture":"#2"}}},{"from":[-3,1,-3],"to":[19,3,-1],"faces":{"north":{"uv":[10.5,4.875,11.875,5.125],"texture":"#2"},"east":{"uv":[10.875,3.25,11,3.5],"texture":"#2"},"south":{"uv":[10.5,4.875,11.875,5.125],"texture":"#2"},"west":{"uv":[10.875,3.25,11,3.5],"texture":"#2"},"up":{"uv":[11.875,5.375,10.5,5.125],"texture":"#2"},"down":{"uv":[11.875,5.375,10.5,5.125],"texture":"#2"}}},{"from":[17,13,-1],"to":[19,15,17],"rotation":{"angle":0,"axis":"y","origin":[16,0,16]},"faces":{"north":{"uv":[10.625,5.875,10.75,6.125],"texture":"#2"},"east":{"uv":[10.5,5.375,11.625,5.625],"texture":"#2"},"south":{"uv":[10.625,5.875,10.75,6.125],"texture":"#2"},"west":{"uv":[10.5,5.375,11.625,5.625],"texture":"#2"},"up":{"uv":[10.625,7.875,10.5,5.625],"texture":"#2"},"down":{"uv":[10.625,7.875,10.5,5.625],"texture":"#2"}}},{"from":[-3,13,-1],"to":[-1,15,17],"rotation":{"angle":0,"axis":"y","origin":[0,0,16]},"faces":{"north":{"uv":[10.75,5.875,10.625,6.125],"texture":"#2"},"east":{"uv":[11.625,5.375,10.5,5.625],"texture":"#2"},"south":{"uv":[10.75,5.875,10.625,6.125],"texture":"#2"},"west":{"uv":[11.625,5.375,10.5,5.625],"texture":"#2"},"up":{"uv":[10.5,7.875,10.625,5.625],"texture":"#2"},"down":{"uv":[10.5,7.875,10.625,5.625],"texture":"#2"}}},{"from":[-3,1,-1],"to":[-1,3,17],"rotation":{"angle":0,"axis":"y","origin":[0,0,16]},"faces":{"north":{"uv":[10.75,5.875,10.625,6.125],"texture":"#2"},"east":{"uv":[11.625,5.375,10.5,5.625],"texture":"#2"},"south":{"uv":[10.75,5.875,10.625,6.125],"texture":"#2"},"west":{"uv":[11.625,5.375,10.5,5.625],"texture":"#2"},"up":{"uv":[10.5,7.875,10.625,5.625],"texture":"#2"},"down":{"uv":[10.5,7.875,10.625,5.625],"texture":"#2"}}},{"from":[-3,-11,-1],"to":[-1,-9,17],"rotation":{"angle":0,"axis":"y","origin":[0,0,16]},"faces":{"north":{"uv":[10.75,5.875,10.625,6.125],"texture":"#2"},"east":{"uv":[11.625,5.375,10.5,5.625],"texture":"#2"},"south":{"uv":[10.75,5.875,10.625,6.125],"texture":"#2"},"west":{"uv":[11.625,5.375,10.5,5.625],"texture":"#2"},"up":{"uv":[10.5,7.875,10.625,5.625],"texture":"#2"},"down":{"uv":[10.5,7.875,10.625,5.625],"texture":"#2"}}},{"from":[-3,13,-3],"to":[19,15,-1],"faces":{"north":{"uv":[10.5,4.875,11.875,5.125],"texture":"#2"},"east":{"uv":[10.875,3.25,11,3.5],"texture":"#2"},"south":{"uv":[10.5,4.875,11.875,5.125],"texture":"#2"},"west":{"uv":[10.875,3.25,11,3.5],"texture":"#2"},"up":{"uv":[11.875,5.375,10.5,5.125],"texture":"#2"},"down":{"uv":[11.875,5.375,10.5,5.125],"texture":"#2"}}},{"from":[-3,13,17],"to":[19,15,19],"rotation":{"angle":0,"axis":"y","origin":[0,0,16]},"faces":{"north":{"uv":[11.875,4.875,10.5,5.125],"texture":"#2"},"east":{"uv":[11,3.25,10.875,3.5],"texture":"#2"},"south":{"uv":[11.875,4.875,10.5,5.125],"texture":"#2"},"west":{"uv":[11,3.25,10.875,3.5],"texture":"#2"},"up":{"uv":[11.875,5.125,10.5,5.375],"texture":"#2"},"down":{"uv":[11.875,5.125,10.5,5.375],"texture":"#2"}}},{"from":[-3,1,17],"to":[19,3,19],"rotation":{"angle":0,"axis":"y","origin":[0,0,16]},"faces":{"north":{"uv":[11.875,4.875,10.5,5.125],"texture":"#2"},"east":{"uv":[11,3.25,10.875,3.5],"texture":"#2"},"south":{"uv":[11.875,4.875,10.5,5.125],"texture":"#2"},"west":{"uv":[11,3.25,10.875,3.5],"texture":"#2"},"up":{"uv":[11.875,5.125,10.5,5.375],"texture":"#2"},"down":{"uv":[11.875,5.125,10.5,5.375],"texture":"#2"}}},{"from":[-3,-11,17],"to":[19,-9,19],"rotation":{"angle":0,"axis":"y","origin":[0,0,16]},"faces":{"north":{"uv":[11.875,4.875,10.5,5.125],"texture":"#2"},"east":{"uv":[11,3.25,10.875,3.5],"texture":"#2"},"south":{"uv":[11.875,4.875,10.5,5.125],"texture":"#2"},"west":{"uv":[11,3.25,10.875,3.5],"texture":"#2"},"up":{"uv":[11.875,5.125,10.5,5.375],"texture":"#2"},"down":{"uv":[11.875,5.125,10.5,5.375],"texture":"#2"}}},{"from":[4,4,0],"to":[12,10,8],"rotation":{"angle":22.5,"axis":"z","origin":[8,2,-4]},"faces":{"north":{"uv":[2,0,3,1.5],"texture":"#2"},"east":{"uv":[2,1.5,3,3],"texture":"#2"},"south":{"uv":[2,3,3,4.5],"texture":"#2"},"west":{"uv":[2,1.5,3,3],"texture":"#2"},"up":{"uv":[1,5.25,0,3.25],"texture":"#2"},"down":{"uv":[1,5.25,0,3.25],"texture":"#2"}}},{"from":[4.5,7,-0.5],"to":[7,8,0],"rotation":{"angle":22.5,"axis":"z","origin":[8,2,-4]},"faces":{"north":{"uv":[0.5625,7.75,0.25,8],"texture":"#2"},"east":{"uv":[0.625,7.75,0.5625,8],"texture":"#2"},"south":{"uv":[0.5625,7.75,0.25,8],"texture":"#2"},"west":{"uv":[0.625,7.75,0.5625,8],"texture":"#2"},"up":{"uv":[0.5625,8,0.25,8.125],"texture":"#2"},"down":{"uv":[0.5625,8,0.25,8.125],"texture":"#2"}}},{"from":[7,7,-0.5],"to":[9.5,8,0],"rotation":{"angle":0,"axis":"y","origin":[8,2,-4]},"faces":{"north":{"uv":[0.25,7.75,0.5625,8],"texture":"#2"},"east":{"uv":[0.5625,7.75,0.625,8],"texture":"#2"},"south":{"uv":[0.25,7.75,0.5625,8],"texture":"#2"},"west":{"uv":[0.5625,7.75,0.625,8],"texture":"#2"},"up":{"uv":[0.25,8,0.5625,8.125],"texture":"#2"},"down":{"uv":[0.25,8,0.5625,8.125],"texture":"#2"}}},{"from":[5,2,3],"to":[11,4,8],"rotation":{"angle":22.5,"axis":"z","origin":[8,2,-4]},"faces":{"north":{"uv":[3,3.75,3.75,4.25],"texture":"#2"},"east":{"uv":[3,3.25,3.625,3.75],"texture":"#2"},"south":{"uv":[0.25,6.25,1,6.75],"texture":"#2"},"west":{"uv":[3,3.25,3.625,3.75],"texture":"#2"},"up":{"uv":[2.75,5.75,2,4.5],"texture":"#2"},"down":{"uv":[2.75,5.75,2,4.5],"texture":"#2"}}},{"from":[5,2,1],"to":[11,3,3],"rotation":{"angle":22.5,"axis":"z","origin":[8,2,-4]},"faces":{"north":{"uv":[0.25,6.75,1,7],"texture":"#2"},"east":{"uv":[0.25,7.5,0.5,7.75],"texture":"#2"},"south":{"uv":[0.25,6.75,1,7],"texture":"#2"},"west":{"uv":[0.25,7.5,0.5,7.75],"texture":"#2"},"up":{"uv":[1,7.5,0.25,7],"texture":"#2"},"down":{"uv":[1,7.5,0.25,7],"texture":"#2"}}},{"from":[4,-12,3],"to":[12,1,3],"rotation":{"angle":-22.5,"axis":"x","origin":[0,1,7]},"faces":{"north":{"uv":[0,0,1,3.25],"texture":"#2"},"south":{"uv":[0,0,1,3.25],"texture":"#2"}}},{"from":[12,-12,3],"to":[12,1,7],"rotation":{"angle":-22.5,"axis":"x","origin":[0,1,7]},"faces":{"east":{"uv":[1.5,3.25,2,6.5],"texture":"#2"},"west":{"uv":[1.5,3.25,2,6.5],"texture":"#2"}}},{"from":[4,1,3],"to":[12,1,7],"rotation":{"angle":-22.5,"axis":"x","origin":[0,1,7]},"faces":{"up":{"uv":[1,6.25,0,5.25],"texture":"#2"},"down":{"uv":[1,6.25,0,5.25],"texture":"#2"}}},{"from":[4,-12,7],"to":[12,1,7],"rotation":{"angle":-22.5,"axis":"x","origin":[0,1,7]},"faces":{"north":{"uv":[1,0,2,3.25],"texture":"#2"},"south":{"uv":[1,0,2,3.25],"texture":"#2"}}},{"from":[4,-12,3],"to":[4,1,7],"rotation":{"angle":-22.5,"axis":"x","origin":[0,1,7]},"faces":{"east":{"uv":[1,3.25,1.5,6.5],"texture":"#2"},"west":{"uv":[1,3.25,1.5,6.5],"texture":"#2"}}},{"from":[4,-12,3],"to":[12,-12,7],"rotation":{"angle":-22.5,"axis":"x","origin":[0,1,7]},"faces":{"up":{"uv":[3.75,4.5,2.75,5.5],"texture":"#2"},"down":{"uv":[3.75,4.5,2.75,5.5],"texture":"#2"}}},{"from":[11,-13,0],"to":[13,-11,11],"rotation":{"angle":-22.5,"axis":"y","origin":[18,-23,6]},"faces":{"north":{"uv":[2.5,6.75,2.25,6.25],"rotation":180,"texture":"#2"},"east":{"uv":[0,6.25,0.25,9],"rotation":270,"texture":"#2"},"south":{"uv":[2.5,6.75,2.25,6.25],"texture":"#2"},"west":{"uv":[0,6.25,0.25,9],"rotation":90,"texture":"#2"},"up":{"uv":[3,5.5,3.25,8.25],"rotation":180,"texture":"#2"},"down":{"uv":[3,5.5,3.25,8.25],"texture":"#2"}}},{"from":[2,-13,-5],"to":[4,-11,6],"rotation":{"angle":22.5,"axis":"y","origin":[13,-23,1]},"faces":{"north":{"uv":[2.25,6.75,2.5,6.25],"rotation":180,"texture":"#2"},"east":{"uv":[0.25,6.25,0,9],"rotation":270,"texture":"#2"},"south":{"uv":[2.25,6.75,2.5,6.25],"texture":"#2"},"west":{"uv":[0.25,6.25,0,9],"rotation":90,"texture":"#2"},"up":{"uv":[3.25,5.5,3,8.25],"rotation":180,"texture":"#2"},"down":{"uv":[3.25,5.5,3,8.25],"texture":"#2"}}},{"from":[-2,-2,-8],"to":[0,0,5],"rotation":{"angle":22.5,"axis":"y","origin":[7,-26,-4]},"faces":{"north":{"uv":[2,6.75,2.25,6.25],"rotation":180,"texture":"#2"},"east":{"uv":[3.25,0,3,3.25],"rotation":270,"texture":"#2"},"south":{"uv":[2,6.75,2.25,6.25],"texture":"#2"},"west":{"uv":[3.25,0,3,3.25],"rotation":90,"texture":"#2"},"up":{"uv":[3,5.5,2.75,8.75],"rotation":180,"texture":"#2"},"down":{"uv":[3,5.5,2.75,8.75],"texture":"#2"}}},{"from":[12,-6,-4],"to":[14,7,-2],"rotation":{"angle":22.5,"axis":"x","origin":[0,-17,-12]},"faces":{"north":{"uv":[2.75,5.5,3,8.75],"texture":"#2"},"east":{"uv":[3,0,3.25,3.25],"texture":"#2"},"south":{"uv":[2.75,5.5,3,8.75],"texture":"#2"},"west":{"uv":[3,0,3.25,3.25],"texture":"#2"},"up":{"uv":[2.25,6.75,2,6.25],"texture":"#2"},"down":{"uv":[2.25,6.75,2,6.25],"texture":"#2"}}}],"display":{"thirdperson_righthand":{"translation":[0,3,2],"scale":[0.16,0.16,0.16]},"thirdperson_lefthand":{"translation":[0,3,2],"scale":[0.16,0.16,0.16]},"firstperson_righthand":{"translation":[0,3,2],"scale":[0.38,0.38,0.38]},"firstperson_lefthand":{"translation":[0,3,2],"scale":[0.38,0.38,0.38]},"ground":{"translation":[0,9.25,0],"scale":[0.5,0.5,0.5]},"gui":{"rotation":[30,225,0],"translation":[0,1,0],"scale":[0.25,0.25,0.25]},"head":{"rotation":[0,180,0],"translation":[0,-4.75,0],"scale":[1.6,1.6,1.6]},"fixed":{"translation":[0,1,-1.75],"scale":[0.28,0.28,0.28]}},"groups":[0,1,2,3,4,5,6,7,8,9,10,11,12,13,14,15,16,17,18,19,20,{"name":"group","origin":[8,1,-4],"color":0,"children":[]},{"name":"group","origin":[7,-27,4],"color":0,"children":[]},{"name":"group","origin":[18,-23,6],"color":0,"children":[]},{"name":"group","origin":[0,0,15],"color":0,"children":[]},{"name":"dungeon_skeleton_01","origin":[8,8,8],"color":0,"children":[{"name":"group","origin":[0,0,0],"color":0,"children":[21,22,23,24,25]},{"name":"group","origin":[0,0,0],"color":0,"children":[26,27,28,29,30,31]},{"name":"group","origin":[16,0,0],"color":0,"children":[32,33]},{"name":"group","origin":[0,0,0],"color":0,"children":[34,35]}]}]}