{
  "credit": "MadewithBlockbench",
  "textures": {
    "1": "warden_set:warden_weapon_1"
  },
  "elements": [
    {
      "from": [
        7.9,
        -8,
        12
      ],
      "to": [
        7.9,
        15,
        13
      ],
      "rotation": {
        "angle": 0,
        "axis": "y",
        "origin": [
          6.5,
          4.5,
          9.5
        ]
      },
      "faces": {
        "north": {
          "uv": [
            5.5,
            5.75,
            6.25,
            6
          ],
          "texture": "#1"
        },
        "east": {
          "uv": [
            15.25,
            3.75,
            15,
            9.5
          ],
          "texture": "#1"
        },
        "south": {
          "uv": [
            0,
            6,
            0.75,
            6.25
          ],
          "texture": "#1"
        },
        "west": {
          "uv": [
            15,
            3.75,
            15.25,
            9.5
          ],
          "texture": "#1"
        },
        "up": {
          "uv": [
            3.5,
            6.25,
            2.75,
            5.5
          ],
          "rotation": 270,
          "texture": "#1"
        },
        "down": {
          "uv": [
            6.25,
            3.5,
            5.5,
            2.75
          ],
          "rotation": 90,
          "texture": "#1"
        }
      }
    },
    {
      "from": [
        7.5,
        3,
        3.5
      ],
      "to": [
        8.5,
        7,
        4.5
      ],
      "rotation": {
        "angle": 0,
        "axis": "y",
        "origin": [
          8,
          3.5,
          10
        ]
      },
      "faces": {
        "north": {
          "uv": [
            15.75,
            10.5,
            16,
            11.5
          ],
          "texture": "#1"
        },
        "east": {
          "uv": [
            15.75,
            10.5,
            16,
            11.5
          ],
          "texture": "#1"
        },
        "south": {
          "uv": [
            15.75,
            10.5,
            16,
            11.5
          ],
          "texture": "#1"
        },
        "west": {
          "uv": [
            15.75,
            10.5,
            16,
            11.5
          ],
          "texture": "#1"
        }
      }
    },
    {
      "from": [
        6.5,
        7,
        2.5
      ],
      "to": [
        9.5,
        8,
        5.5
      ],
      "rotation": {
        "angle": 0,
        "axis": "y",
        "origin": [
          8,
          3,
          10
        ]
      },
      "faces": {
        "north": {
          "uv": [
            5.5,
            5.75,
            6.25,
            6
          ],
          "texture": "#1"
        },
        "east": {
          "uv": [
            5.5,
            5.75,
            6.25,
            6
          ],
          "texture": "#1"
        },
        "south": {
          "uv": [
            0,
            6,
            0.75,
            6.25
          ],
          "texture": "#1"
        },
        "west": {
          "uv": [
            5.5,
            5.75,
            6.25,
            6
          ],
          "texture": "#1"
        },
        "up": {
          "uv": [
            3.5,
            6.25,
            2.75,
            5.5
          ],
          "rotation": 270,
          "texture": "#1"
        },
        "down": {
          "uv": [
            6.25,
            3.5,
            5.5,
            2.75
          ],
          "rotation": 90,
          "texture": "#1"
        }
      }
    },
    {
      "from": [
        6.5,
        2,
        2.5
      ],
      "to": [
        9.5,
        3,
        5.5
      ],
      "rotation": {
        "angle": 0,
        "axis": "y",
        "origin": [
          8,
          3,
          10
        ]
      },
      "faces": {
        "north": {
          "uv": [
            5.5,
            5.75,
            6.25,
            6
          ],
          "texture": "#1"
        },
        "east": {
          "uv": [
            5.5,
            5.75,
            6.25,
            6
          ],
          "texture": "#1"
        },
        "south": {
          "uv": [
            0,
            6,
            0.75,
            6.25
          ],
          "texture": "#1"
        },
        "west": {
          "uv": [
            5.5,
            5.75,
            6.25,
            6
          ],
          "texture": "#1"
        },
        "up": {
          "uv": [
            3.5,
            6.25,
            2.75,
            5.5
          ],
          "rotation": 270,
          "texture": "#1"
        },
        "down": {
          "uv": [
            6.25,
            3.5,
            5.5,
            2.75
          ],
          "rotation": 90,
          "texture": "#1"
        }
      }
    },
    {
      "from": [
        7,
        20.24124,
        11.08576
      ],
      "to": [
        9,
        24.24124,
        13.08576
      ],
      "rotation": {
        "angle": 45,
        "axis": "x",
        "origin": [
          8,
          19.79814,
          11.40608
        ]
      },
      "faces": {
        "north": {
          "uv": [
            3.25,
            12.25,
            4.25,
            11.75
          ],
          "rotation": 90,
          "texture": "#1"
        },
        "east": {
          "uv": [
            3.25,
            12.25,
            4.25,
            11.75
          ],
          "rotation": 90,
          "texture": "#1"
        },
        "south": {
          "uv": [
            3.25,
            12.25,
            4.25,
            11.75
          ],
          "rotation": 90,
          "texture": "#1"
        },
        "west": {
          "uv": [
            3.25,
            12.25,
            4.25,
            11.75
          ],
          "rotation": 90,
          "texture": "#1"
        },
        "up": {
          "uv": [
            3.75,
            12.25,
            4,
            12.5
          ],
          "rotation": 180,
          "texture": "#1"
        },
        "down": {
          "uv": [
            3.25,
            12.75,
            3.75,
            12.25
          ],
          "texture": "#1"
        }
      }
    },
    {
      "from": [
        7.1,
        21.26569,
        14.35988
      ],
      "to": [
        8.9,
        23.06569,
        18.35988
      ],
      "rotation": {
        "angle": 0,
        "axis": "y",
        "origin": [
          8,
          19.79814,
          11.40608
        ]
      },
      "faces": {
        "north": {
          "uv": [
            4.25,
            12.25,
            3.75,
            12.75
          ],
          "texture": "#1"
        },
        "east": {
          "uv": [
            4.5,
            12.75,
            3.5,
            13.25
          ],
          "rotation": 180,
          "texture": "#1"
        },
        "south": {
          "uv": [
            4.25,
            12.75,
            3.75,
            12.25
          ],
          "texture": "#1"
        },
        "west": {
          "uv": [
            4.5,
            12.75,
            3.5,
            13.25
          ],
          "texture": "#1"
        },
        "up": {
          "uv": [
            4.5,
            12.75,
            3.5,
            13.25
          ],
          "rotation": 90,
          "texture": "#1"
        },
        "down": {
          "uv": [
            4.5,
            12.75,
            3.5,
            13.25
          ],
          "rotation": 270,
          "texture": "#1"
        }
      }
    },
    {
      "from": [
        8,
        20.3719,
        13.03164
      ],
      "to": [
        8,
        26.3719,
        17.03164
      ],
      "rotation": {
        "angle": 45,
        "axis": "x",
        "origin": [
          8,
          19.79814,
          11.40608
        ]
      },
      "faces": {
        "north": {
          "uv": [
            2.5,
            14.5,
            3,
            14
          ],
          "rotation": 90,
          "texture": "#1"
        },
        "east": {
          "uv": [
            14.5,
            2.25,
            16,
            1.25
          ],
          "rotation": 270,
          "texture": "#1"
        },
        "south": {
          "uv": [
            6,
            10.5,
            6.5,
            10
          ],
          "rotation": 90,
          "texture": "#1"
        },
        "west": {
          "uv": [
            14.5,
            1.25,
            16,
            2.25
          ],
          "rotation": 270,
          "texture": "#1"
        },
        "up": {
          "uv": [
            5.5,
            3.75,
            4.5,
            4.75
          ],
          "rotation": 180,
          "texture": "#1"
        },
        "down": {
          "uv": [
            4.5,
            4.75,
            5.5,
            3.75
          ],
          "texture": "#1"
        }
      }
    },
    {
      "from": [
        4.5,
        9.24124,
        1.08576
      ],
      "to": [
        6.5,
        13.24124,
        3.08576
      ],
      "rotation": {
        "angle": 45,
        "axis": "x",
        "origin": [
          5.5,
          8.79814,
          1.40608
        ]
      },
      "faces": {
        "north": {
          "uv": [
            3.25,
            12.25,
            4.25,
            11.75
          ],
          "rotation": 90,
          "texture": "#1"
        },
        "east": {
          "uv": [
            3.25,
            12.25,
            4.25,
            11.75
          ],
          "rotation": 90,
          "texture": "#1"
        },
        "south": {
          "uv": [
            3.25,
            12.25,
            4.25,
            11.75
          ],
          "rotation": 90,
          "texture": "#1"
        },
        "west": {
          "uv": [
            3.25,
            12.25,
            4.25,
            11.75
          ],
          "rotation": 90,
          "texture": "#1"
        },
        "up": {
          "uv": [
            3.75,
            12.25,
            4,
            12.5
          ],
          "rotation": 180,
          "texture": "#1"
        },
        "down": {
          "uv": [
            3.25,
            12.75,
            3.75,
            12.25
          ],
          "texture": "#1"
        }
      }
    },
    {
      "from": [
        4.6,
        10.26569,
        4.35988
      ],
      "to": [
        6.4,
        12.06569,
        8.35988
      ],
      "rotation": {
        "angle": 0,
        "axis": "y",
        "origin": [
          5.5,
          8.79814,
          1.40608
        ]
      },
      "faces": {
        "north": {
          "uv": [
            4.25,
            12.25,
            3.75,
            12.75
          ],
          "texture": "#1"
        },
        "east": {
          "uv": [
            4.5,
            12.75,
            3.5,
            13.25
          ],
          "rotation": 180,
          "texture": "#1"
        },
        "south": {
          "uv": [
            4.25,
            12.75,
            3.75,
            12.25
          ],
          "texture": "#1"
        },
        "west": {
          "uv": [
            4.5,
            12.75,
            3.5,
            13.25
          ],
          "texture": "#1"
        },
        "up": {
          "uv": [
            4.5,
            12.75,
            3.5,
            13.25
          ],
          "rotation": 90,
          "texture": "#1"
        },
        "down": {
          "uv": [
            4.5,
            12.75,
            3.5,
            13.25
          ],
          "rotation": 270,
          "texture": "#1"
        }
      }
    },
    {
      "from": [
        5.5,
        9.3719,
        3.03164
      ],
      "to": [
        5.5,
        15.3719,
        7.03164
      ],
      "rotation": {
        "angle": 45,
        "axis": "x",
        "origin": [
          5.5,
          8.79814,
          1.40608
        ]
      },
      "faces": {
        "north": {
          "uv": [
            2.5,
            14.5,
            3,
            14
          ],
          "rotation": 90,
          "texture": "#1"
        },
        "east": {
          "uv": [
            14.5,
            2.25,
            16,
            1.25
          ],
          "rotation": 270,
          "texture": "#1"
        },
        "south": {
          "uv": [
            6,
            10.5,
            6.5,
            10
          ],
          "rotation": 90,
          "texture": "#1"
        },
        "west": {
          "uv": [
            14.5,
            1.25,
            16,
            2.25
          ],
          "rotation": 270,
          "texture": "#1"
        },
        "up": {
          "uv": [
            5.5,
            3.75,
            4.5,
            4.75
          ],
          "rotation": 180,
          "texture": "#1"
        },
        "down": {
          "uv": [
            4.5,
            4.75,
            5.5,
            3.75
          ],
          "texture": "#1"
        }
      }
    },
    {
      "from": [
        9.5,
        9.24124,
        1.08576
      ],
      "to": [
        11.5,
        13.24124,
        3.08576
      ],
      "rotation": {
        "angle": 45,
        "axis": "x",
        "origin": [
          10.5,
          8.79814,
          1.40608
        ]
      },
      "faces": {
        "north": {
          "uv": [
            3.25,
            12.25,
            4.25,
            11.75
          ],
          "rotation": 90,
          "texture": "#1"
        },
        "east": {
          "uv": [
            3.25,
            12.25,
            4.25,
            11.75
          ],
          "rotation": 90,
          "texture": "#1"
        },
        "south": {
          "uv": [
            3.25,
            12.25,
            4.25,
            11.75
          ],
          "rotation": 90,
          "texture": "#1"
        },
        "west": {
          "uv": [
            3.25,
            12.25,
            4.25,
            11.75
          ],
          "rotation": 90,
          "texture": "#1"
        },
        "up": {
          "uv": [
            3.75,
            12.25,
            4,
            12.5
          ],
          "rotation": 180,
          "texture": "#1"
        },
        "down": {
          "uv": [
            3.25,
            12.75,
            3.75,
            12.25
          ],
          "texture": "#1"
        }
      }
    },
    {
      "from": [
        9.6,
        10.26569,
        4.35988
      ],
      "to": [
        11.4,
        12.06569,
        8.35988
      ],
      "rotation": {
        "angle": 0,
        "axis": "y",
        "origin": [
          10.5,
          8.79814,
          1.40608
        ]
      },
      "faces": {
        "north": {
          "uv": [
            4.25,
            12.25,
            3.75,
            12.75
          ],
          "texture": "#1"
        },
        "east": {
          "uv": [
            4.5,
            12.75,
            3.5,
            13.25
          ],
          "rotation": 180,
          "texture": "#1"
        },
        "south": {
          "uv": [
            4.25,
            12.75,
            3.75,
            12.25
          ],
          "texture": "#1"
        },
        "west": {
          "uv": [
            4.5,
            12.75,
            3.5,
            13.25
          ],
          "texture": "#1"
        },
        "up": {
          "uv": [
            4.5,
            12.75,
            3.5,
            13.25
          ],
          "rotation": 90,
          "texture": "#1"
        },
        "down": {
          "uv": [
            4.5,
            12.75,
            3.5,
            13.25
          ],
          "rotation": 270,
          "texture": "#1"
        }
      }
    },
    {
      "from": [
        10.5,
        9.3719,
        3.03164
      ],
      "to": [
        10.5,
        15.3719,
        7.03164
      ],
      "rotation": {
        "angle": 45,
        "axis": "x",
        "origin": [
          10.5,
          8.79814,
          1.40608
        ]
      },
      "faces": {
        "north": {
          "uv": [
            2.5,
            14.5,
            3,
            14
          ],
          "rotation": 90,
          "texture": "#1"
        },
        "east": {
          "uv": [
            14.5,
            2.25,
            16,
            1.25
          ],
          "rotation": 270,
          "texture": "#1"
        },
        "south": {
          "uv": [
            6,
            10.5,
            6.5,
            10
          ],
          "rotation": 90,
          "texture": "#1"
        },
        "west": {
          "uv": [
            14.5,
            1.25,
            16,
            2.25
          ],
          "rotation": 270,
          "texture": "#1"
        },
        "up": {
          "uv": [
            5.5,
            3.75,
            4.5,
            4.75
          ],
          "rotation": 180,
          "texture": "#1"
        },
        "down": {
          "uv": [
            4.5,
            4.75,
            5.5,
            3.75
          ],
          "texture": "#1"
        }
      }
    },
    {
      "from": [
        7,
        12.22083,
        7.61082
      ],
      "to": [
        9,
        16.22083,
        9.61082
      ],
      "rotation": {
        "angle": 45,
        "axis": "x",
        "origin": [
          8,
          19.79814,
          11.40608
        ]
      },
      "faces": {
        "north": {
          "uv": [
            2.5,
            13.5,
            2,
            14.5
          ],
          "texture": "#1"
        },
        "east": {
          "uv": [
            2.5,
            13.5,
            2,
            14.5
          ],
          "rotation": 180,
          "texture": "#1"
        },
        "south": {
          "uv": [
            2.5,
            14.5,
            2,
            13.5
          ],
          "texture": "#1"
        },
        "west": {
          "uv": [
            2.5,
            13.5,
            2,
            14.5
          ],
          "texture": "#1"
        },
        "up": {
          "uv": [
            3,
            14,
            2.5,
            14.5
          ],
          "rotation": 90,
          "texture": "#1"
        },
        "down": {
          "uv": [
            3,
            14,
            2.5,
            14.5
          ],
          "rotation": 270,
          "texture": "#1"
        }
      }
    },
    {
      "from": [
        7.1,
        18.48331,
        5.68402
      ],
      "to": [
        8.9,
        22.48331,
        7.48402
      ],
      "rotation": {
        "angle": 0,
        "axis": "y",
        "origin": [
          8,
          19.79814,
          11.40608
        ]
      },
      "faces": {
        "north": {
          "uv": [
            3,
            14,
            2.5,
            13
          ],
          "texture": "#1"
        },
        "east": {
          "uv": [
            3,
            13,
            2.5,
            14
          ],
          "rotation": 180,
          "texture": "#1"
        },
        "south": {
          "uv": [
            3,
            14,
            2.5,
            13
          ],
          "texture": "#1"
        },
        "west": {
          "uv": [
            3,
            14,
            2.5,
            13
          ],
          "texture": "#1"
        },
        "up": {
          "uv": [
            3.5,
            13,
            3,
            13.5
          ],
          "rotation": 90,
          "texture": "#1"
        },
        "down": {
          "uv": [
            3.5,
            13,
            3,
            13.5
          ],
          "rotation": 270,
          "texture": "#1"
        }
      }
    },
    {
      "from": [
        7,
        18.5063,
        7.53145
      ],
      "to": [
        9,
        20.5063,
        11.53145
      ],
      "rotation": {
        "angle": 0,
        "axis": "y",
        "origin": [
          8,
          19.79814,
          11.40608
        ]
      },
      "faces": {
        "north": {
          "uv": [
            3.75,
            12.25,
            3.25,
            12.75
          ],
          "texture": "#1"
        },
        "east": {
          "uv": [
            4.25,
            11.75,
            3.25,
            12.25
          ],
          "rotation": 180,
          "texture": "#1"
        },
        "south": {
          "uv": [
            4,
            12.5,
            3.75,
            12.25
          ],
          "texture": "#1"
        },
        "west": {
          "uv": [
            4.25,
            11.75,
            3.25,
            12.25
          ],
          "texture": "#1"
        },
        "up": {
          "uv": [
            4.25,
            11.75,
            3.25,
            12.25
          ],
          "rotation": 90,
          "texture": "#1"
        },
        "down": {
          "uv": [
            4.25,
            11.75,
            3.25,
            12.25
          ],
          "rotation": 270,
          "texture": "#1"
        }
      }
    },
    {
      "from": [
        7.1,
        18.48685,
        11.03254
      ],
      "to": [
        8.9,
        20.28685,
        15.03254
      ],
      "rotation": {
        "angle": 45,
        "axis": "x",
        "origin": [
          8,
          19.79814,
          11.40608
        ]
      },
      "faces": {
        "north": {
          "uv": [
            4.25,
            12.25,
            3.75,
            12.75
          ],
          "texture": "#1"
        },
        "east": {
          "uv": [
            4.5,
            12.75,
            3.5,
            13.25
          ],
          "rotation": 180,
          "texture": "#1"
        },
        "south": {
          "uv": [
            4.25,
            12.75,
            3.75,
            12.25
          ],
          "texture": "#1"
        },
        "west": {
          "uv": [
            4.5,
            12.75,
            3.5,
            13.25
          ],
          "texture": "#1"
        },
        "up": {
          "uv": [
            4.5,
            12.75,
            3.5,
            13.25
          ],
          "rotation": 90,
          "texture": "#1"
        },
        "down": {
          "uv": [
            4.5,
            12.75,
            3.5,
            13.25
          ],
          "rotation": 270,
          "texture": "#1"
        }
      }
    },
    {
      "from": [
        8,
        14.56042,
        4.66211
      ],
      "to": [
        8,
        18.56042,
        13.66211
      ],
      "rotation": {
        "angle": 0,
        "axis": "y",
        "origin": [
          8,
          19.79814,
          11.40608
        ]
      },
      "faces": {
        "north": {
          "uv": [
            5.5,
            3.75,
            4.5,
            4.75
          ],
          "texture": "#1"
        },
        "east": {
          "uv": [
            16,
            1.25,
            13.75,
            2.25
          ],
          "texture": "#1"
        },
        "south": {
          "uv": [
            4.5,
            4.75,
            5.5,
            3.75
          ],
          "texture": "#1"
        },
        "west": {
          "uv": [
            16,
            2.25,
            13.75,
            1.25
          ],
          "rotation": 180,
          "texture": "#1"
        },
        "up": {
          "uv": [
            3,
            14,
            2.5,
            14.5
          ],
          "rotation": 90,
          "texture": "#1"
        },
        "down": {
          "uv": [
            6.5,
            10,
            6,
            10.5
          ],
          "rotation": 270,
          "texture": "#1"
        }
      }
    },
    {
      "from": [
        6.1,
        13,
        1
      ],
      "to": [
        9.9,
        18,
        5
      ],
      "rotation": {
        "angle": 22.5,
        "axis": "x",
        "origin": [
          8,
          13,
          1
        ]
      },
      "faces": {
        "north": {
          "uv": [
            3,
            14.5,
            2,
            15.75
          ],
          "texture": "#1"
        },
        "east": {
          "uv": [
            2,
            14.5,
            1,
            15.75
          ],
          "texture": "#1"
        },
        "south": {
          "uv": [
            3,
            14.5,
            2,
            15.75
          ],
          "texture": "#1"
        },
        "west": {
          "uv": [
            2,
            14.5,
            1,
            15.75
          ],
          "texture": "#1"
        },
        "up": {
          "uv": [
            2,
            13.5,
            1,
            14.5
          ],
          "texture": "#1"
        },
        "down": {
          "uv": [
            2,
            13.5,
            1,
            14.5
          ],
          "texture": "#1"
        }
      }
    },
    {
      "from": [
        6,
        8,
        1
      ],
      "to": [
        10,
        13,
        5
      ],
      "rotation": {
        "angle": 0,
        "axis": "y",
        "origin": [
          9,
          0,
          12
        ]
      },
      "faces": {
        "north": {
          "uv": [
            1,
            12.5,
            0,
            13.75
          ],
          "texture": "#1"
        },
        "east": {
          "uv": [
            0,
            14,
            1,
            15.25
          ],
          "texture": "#1"
        },
        "south": {
          "uv": [
            1,
            12.5,
            0,
            13.75
          ],
          "texture": "#1"
        },
        "west": {
          "uv": [
            1,
            14,
            0,
            15.25
          ],
          "texture": "#1"
        },
        "up": {
          "uv": [
            2,
            12.5,
            1,
            13.5
          ],
          "texture": "#1"
        },
        "down": {
          "uv": [
            2,
            12.5,
            1,
            13.5
          ],
          "texture": "#1"
        }
      }
    },
    {
      "from": [
        5.5,
        6,
        0.5
      ],
      "to": [
        5.5,
        11,
        4.5
      ],
      "rotation": {
        "angle": 0,
        "axis": "y",
        "origin": [
          9,
          0,
          12
        ]
      },
      "faces": {
        "north": {
          "uv": [
            4.25,
            13.5,
            3,
            14.75
          ],
          "texture": "#1"
        },
        "east": {
          "uv": [
            3,
            14.75,
            4,
            16
          ],
          "texture": "#1"
        },
        "west": {
          "uv": [
            4,
            14.75,
            3,
            16
          ],
          "texture": "#1"
        },
        "up": {
          "uv": [
            4,
            16,
            5,
            14.75
          ],
          "rotation": 90,
          "texture": "#1"
        }
      }
    },
    {
      "from": [
        5.5,
        11,
        0.5
      ],
      "to": [
        10.5,
        11,
        4.5
      ],
      "rotation": {
        "angle": 0,
        "axis": "y",
        "origin": [
          9,
          0,
          12
        ]
      },
      "faces": {
        "north": {
          "uv": [
            4.25,
            13.5,
            3,
            14.75
          ],
          "texture": "#1"
        },
        "east": {
          "uv": [
            3,
            14.75,
            4,
            16
          ],
          "texture": "#1"
        },
        "west": {
          "uv": [
            4,
            14.75,
            3,
            16
          ],
          "texture": "#1"
        },
        "up": {
          "uv": [
            4,
            16,
            5,
            14.75
          ],
          "rotation": 90,
          "texture": "#1"
        },
        "down": {
          "uv": [
            4,
            16,
            5,
            14.75
          ],
          "rotation": 90,
          "texture": "#1"
        }
      }
    },
    {
      "from": [
        10.5,
        6,
        0.5
      ],
      "to": [
        10.5,
        11,
        4.5
      ],
      "rotation": {
        "angle": 0,
        "axis": "y",
        "origin": [
          9,
          0,
          12
        ]
      },
      "faces": {
        "north": {
          "uv": [
            4.25,
            13.5,
            3,
            14.75
          ],
          "texture": "#1"
        },
        "east": {
          "uv": [
            3,
            14.75,
            4,
            16
          ],
          "texture": "#1"
        },
        "west": {
          "uv": [
            4,
            14.75,
            3,
            16
          ],
          "texture": "#1"
        },
        "up": {
          "uv": [
            4,
            16,
            5,
            14.75
          ],
          "rotation": 90,
          "texture": "#1"
        }
      }
    },
    {
      "from": [
        5.5,
        6,
        0.5
      ],
      "to": [
        10.5,
        11,
        0.5
      ],
      "rotation": {
        "angle": 0,
        "axis": "y",
        "origin": [
          9,
          0,
          12
        ]
      },
      "faces": {
        "north": {
          "uv": [
            4.25,
            13.5,
            3,
            14.75
          ],
          "texture": "#1"
        },
        "east": {
          "uv": [
            3,
            14.75,
            4,
            16
          ],
          "texture": "#1"
        },
        "south": {
          "uv": [
            3,
            13.5,
            4.25,
            14.75
          ],
          "texture": "#1"
        },
        "west": {
          "uv": [
            4,
            14.75,
            3,
            16
          ],
          "texture": "#1"
        },
        "up": {
          "uv": [
            4,
            16,
            5,
            14.75
          ],
          "rotation": 90,
          "texture": "#1"
        }
      }
    },
    {
      "from": [
        6.5,
        -3,
        2
      ],
      "to": [
        9.5,
        2,
        5
      ],
      "rotation": {
        "angle": 0,
        "axis": "y",
        "origin": [
          9.5,
          10,
          13
        ]
      },
      "faces": {
        "north": {
          "uv": [
            4.25,
            11.75,
            3.5,
            10.5
          ],
          "texture": "#1"
        },
        "east": {
          "uv": [
            4.25,
            11.75,
            3.5,
            10.5
          ],
          "texture": "#1"
        },
        "south": {
          "uv": [
            4.25,
            11.75,
            3.5,
            10.5
          ],
          "texture": "#1"
        },
        "west": {
          "uv": [
            4.25,
            11.75,
            3.5,
            10.5
          ],
          "texture": "#1"
        },
        "up": {
          "uv": [
            1.75,
            13.25,
            1,
            12.5
          ],
          "texture": "#1"
        },
        "down": {
          "uv": [
            3,
            12.75,
            2.25,
            12
          ],
          "texture": "#1"
        }
      }
    },
    {
      "from": [
        9,
        9,
        1.9
      ],
      "to": [
        16,
        14,
        1.9
      ],
      "rotation": {
        "angle": -22.5,
        "axis": "y",
        "origin": [
          8,
          13,
          1
        ]
      },
      "faces": {
        "north": {
          "uv": [
            10,
            3.25,
            8.25,
            4.5
          ],
          "texture": "#1"
        },
        "south": {
          "uv": [
            8.25,
            3.25,
            10,
            4.5
          ],
          "texture": "#1"
        }
      }
    },
    {
      "from": [
        0,
        9,
        1.9
      ],
      "to": [
        7,
        14,
        1.9
      ],
      "rotation": {
        "angle": 22.5,
        "axis": "y",
        "origin": [
          8,
          13,
          1
        ]
      },
      "faces": {
        "north": {
          "uv": [
            8.25,
            3.25,
            10,
            4.5
          ],
          "texture": "#1"
        },
        "south": {
          "uv": [
            10,
            3.25,
            8.25,
            4.5
          ],
          "texture": "#1"
        }
      }
    },
    {
      "from": [
        7.5,
        7.74842,
        4.59822
      ],
      "to": [
        8.5,
        9.74842,
        8.59822
      ],
      "rotation": {
        "angle": -45,
        "axis": "x",
        "origin": [
          8,
          7.99842,
          6.59822
        ]
      },
      "faces": {
        "north": {
          "uv": [
            6.25,
            0,
            6,
            0.5
          ],
          "rotation": 180,
          "texture": "#1"
        },
        "east": {
          "uv": [
            6.5,
            4.5,
            5.5,
            5
          ],
          "rotation": 180,
          "texture": "#1"
        },
        "south": {
          "uv": [
            3,
            5,
            2.75,
            5.5
          ],
          "rotation": 180,
          "texture": "#1"
        },
        "west": {
          "uv": [
            5.5,
            4.5,
            6.5,
            5
          ],
          "rotation": 180,
          "texture": "#1"
        },
        "up": {
          "uv": [
            5,
            6.75,
            4.75,
            5.75
          ],
          "rotation": 180,
          "texture": "#1"
        },
        "down": {
          "uv": [
            3.25,
            3.5,
            3,
            4.5
          ],
          "rotation": 180,
          "texture": "#1"
        }
      }
    },
    {
      "from": [
        7.5,
        1.05075,
        4.42214
      ],
      "to": [
        8.5,
        3.05075,
        8.42214
      ],
      "rotation": {
        "angle": -45,
        "axis": "x",
        "origin": [
          8,
          -5.36359,
          7.18305
        ]
      },
      "faces": {
        "north": {
          "uv": [
            3,
            5.5,
            2.75,
            5
          ],
          "texture": "#1"
        },
        "east": {
          "uv": [
            6.5,
            5,
            5.5,
            4.5
          ],
          "texture": "#1"
        },
        "south": {
          "uv": [
            6.25,
            0.5,
            6,
            0
          ],
          "texture": "#1"
        },
        "west": {
          "uv": [
            5.5,
            5,
            6.5,
            4.5
          ],
          "texture": "#1"
        },
        "up": {
          "uv": [
            5,
            5.75,
            4.75,
            6.75
          ],
          "rotation": 180,
          "texture": "#1"
        },
        "down": {
          "uv": [
            3.25,
            4.5,
            3,
            3.5
          ],
          "rotation": 180,
          "texture": "#1"
        }
      }
    },
    {
      "from": [
        7,
        -9.74215,
        7.00659
      ],
      "to": [
        9,
        -7.74215,
        11.00659
      ],
      "rotation": {
        "angle": 45,
        "axis": "x",
        "origin": [
          8,
          -6.39889,
          7.63043
        ]
      },
      "faces": {
        "north": {
          "uv": [
            3.25,
            12.25,
            3.75,
            12.75
          ],
          "rotation": 180,
          "texture": "#1"
        },
        "east": {
          "uv": [
            4.25,
            12.25,
            3.25,
            11.75
          ],
          "rotation": 180,
          "texture": "#1"
        },
        "south": {
          "uv": [
            3.75,
            12.5,
            4,
            12.25
          ],
          "rotation": 180,
          "texture": "#1"
        },
        "west": {
          "uv": [
            4.25,
            12.25,
            3.25,
            11.75
          ],
          "texture": "#1"
        },
        "up": {
          "uv": [
            4.25,
            12.25,
            3.25,
            11.75
          ],
          "rotation": 90,
          "texture": "#1"
        },
        "down": {
          "uv": [
            4.25,
            12.25,
            3.25,
            11.75
          ],
          "rotation": 270,
          "texture": "#1"
        }
      }
    },
    {
      "from": [
        7.1,
        -11.04954,
        7.69225
      ],
      "to": [
        8.9,
        -9.24954,
        11.69225
      ],
      "rotation": {
        "angle": 0,
        "axis": "y",
        "origin": [
          8,
          -6.39889,
          7.63043
        ]
      },
      "faces": {
        "north": {
          "uv": [
            4.25,
            12.75,
            3.75,
            12.25
          ],
          "texture": "#1"
        },
        "east": {
          "uv": [
            4.5,
            13.25,
            3.5,
            12.75
          ],
          "rotation": 180,
          "texture": "#1"
        },
        "south": {
          "uv": [
            4.25,
            12.25,
            3.75,
            12.75
          ],
          "texture": "#1"
        },
        "west": {
          "uv": [
            4.5,
            13.25,
            3.5,
            12.75
          ],
          "texture": "#1"
        },
        "up": {
          "uv": [
            3.5,
            12.75,
            4.5,
            13.25
          ],
          "rotation": 270,
          "texture": "#1"
        },
        "down": {
          "uv": [
            3.5,
            12.75,
            4.5,
            13.25
          ],
          "rotation": 90,
          "texture": "#1"
        }
      }
    },
    {
      "from": [
        8,
        -7.79627,
        7.13724
      ],
      "to": [
        8,
        -3.79627,
        13.13724
      ],
      "rotation": {
        "angle": 45,
        "axis": "x",
        "origin": [
          8,
          -6.39889,
          7.63043
        ]
      },
      "faces": {
        "north": {
          "uv": [
            4.5,
            3.75,
            5.5,
            4.75
          ],
          "rotation": 180,
          "texture": "#1"
        },
        "east": {
          "uv": [
            16,
            2.25,
            14.5,
            1.25
          ],
          "texture": "#1"
        },
        "south": {
          "uv": [
            5.5,
            4.75,
            4.5,
            3.75
          ],
          "rotation": 180,
          "texture": "#1"
        },
        "west": {
          "uv": [
            16,
            1.25,
            14.5,
            2.25
          ],
          "rotation": 180,
          "texture": "#1"
        },
        "up": {
          "uv": [
            6.5,
            10.5,
            6,
            10
          ],
          "rotation": 90,
          "texture": "#1"
        },
        "down": {
          "uv": [
            3,
            14.5,
            2.5,
            14
          ],
          "rotation": 270,
          "texture": "#1"
        }
      }
    },
    {
      "from": [
        7,
        -5.40907,
        3.74066
      ],
      "to": [
        9,
        -2.40907,
        7.74066
      ],
      "rotation": {
        "angle": 22.5,
        "axis": "x",
        "origin": [
          8,
          -6.39889,
          7.63043
        ]
      },
      "faces": {
        "north": {
          "uv": [
            4.5,
            6.5,
            4,
            5.75
          ],
          "rotation": 180,
          "texture": "#1"
        },
        "east": {
          "uv": [
            5.5,
            2.75,
            4.5,
            2
          ],
          "rotation": 180,
          "texture": "#1"
        },
        "south": {
          "uv": [
            6,
            5.75,
            5.5,
            5
          ],
          "rotation": 180,
          "texture": "#1"
        },
        "west": {
          "uv": [
            4.5,
            2.75,
            5.5,
            2
          ],
          "rotation": 180,
          "texture": "#1"
        },
        "up": {
          "uv": [
            2.75,
            6,
            2.25,
            5
          ],
          "rotation": 180,
          "texture": "#1"
        },
        "down": {
          "uv": [
            5.5,
            4.75,
            5,
            5.75
          ],
          "rotation": 180,
          "texture": "#1"
        }
      }
    },
    {
      "from": [
        7.5,
        -5.52424,
        8.13793
      ],
      "to": [
        8.5,
        -3.52424,
        12.13793
      ],
      "rotation": {
        "angle": 0,
        "axis": "y",
        "origin": [
          8,
          -6.39889,
          7.63043
        ]
      },
      "faces": {
        "north": {
          "uv": [
            6.25,
            0.5,
            6,
            0
          ],
          "rotation": 180,
          "texture": "#1"
        },
        "east": {
          "uv": [
            6.5,
            5,
            5.5,
            4.5
          ],
          "rotation": 180,
          "texture": "#1"
        },
        "south": {
          "uv": [
            3,
            5.5,
            2.75,
            5
          ],
          "rotation": 180,
          "texture": "#1"
        },
        "west": {
          "uv": [
            5.5,
            5,
            6.5,
            4.5
          ],
          "rotation": 180,
          "texture": "#1"
        },
        "up": {
          "uv": [
            3.25,
            4.5,
            3,
            3.5
          ],
          "rotation": 180,
          "texture": "#1"
        },
        "down": {
          "uv": [
            5,
            5.75,
            4.75,
            6.75
          ],
          "rotation": 180,
          "texture": "#1"
        }
      }
    },
    {
      "from": [
        6.9,
        -7.01438,
        3.79122
      ],
      "to": [
        9.1,
        -1.01438,
        6.79122
      ],
      "rotation": {
        "angle": -22.5,
        "axis": "x",
        "origin": [
          8,
          -6.39889,
          7.63043
        ]
      },
      "faces": {
        "north": {
          "uv": [
            5.5,
            4.75,
            5,
            6.25
          ],
          "texture": "#1"
        },
        "east": {
          "uv": [
            6,
            2.75,
            4.5,
            2
          ],
          "rotation": 90,
          "texture": "#1"
        },
        "south": {
          "uv": [
            2.75,
            6.5,
            2.25,
            5
          ],
          "rotation": 180,
          "texture": "#1"
        },
        "west": {
          "uv": [
            4.5,
            2.75,
            6,
            2
          ],
          "rotation": 270,
          "texture": "#1"
        },
        "up": {
          "uv": [
            4.5,
            6.5,
            4,
            5.75
          ],
          "texture": "#1"
        },
        "down": {
          "uv": [
            6,
            5.75,
            5.5,
            5
          ],
          "rotation": 180,
          "texture": "#1"
        }
      }
    }
  ],
  "gui_light": "front",
  "display": {
    "thirdperson_righthand": {
      "translation": [
        0,
        1,
        4.25
      ],
      "scale": [
        0.65,
        0.65,
        0.65
      ]
    },
    "thirdperson_lefthand": {
      "translation": [
        0,
        1,
        4.25
      ],
      "scale": [
        0.65,
        0.65,
        0.65
      ]
    },
    "firstperson_righthand": {
      "rotation": [
        0,
        0,
        -11
      ],
      "translation": [
        0.5,
        6.25,
        2.25
      ],
      "scale": [
        0.38672,
        0.38672,
        0.38672
      ]
    },
    "firstperson_lefthand": {
      "rotation": [
        0,
        0,
        -11
      ],
      "translation": [
        0.5,
        6.25,
        2.25
      ],
      "scale": [
        0.38672,
        0.38672,
        0.38672
      ]
    },
    "ground": {
      "rotation": [
        0,
        0,
        -70
      ],
      "translation": [
        0,
        4.5,
        0
      ],
      "scale": [
        0.5,
        0.5,
        0.5
      ]
    },
    "gui": {
      "rotation": [
        88,
        45,
        -88
      ],
      "translation": [
        -0.5,
        2,
        -2
      ],
      "scale": [
        0.43945,
        0.43945,
        0.43945
      ]
    },
    "head": {
      "rotation": [
        -135.5,
        0,
        0
      ],
      "translation": [
        0,
        14,
        5.75
      ],
      "scale": [
        0.7,
        0.7,
        0.7
      ]
    },
    "fixed": {
      "rotation": [
        -88,
        90,
        88
      ],
      "translation": [
        1.75,
        2.25,
        -3.5
      ],
      "scale": [
        1.225,
        1.225,
        1.225
      ]
    }
  },
  "groups": [
    {
      "name": "group",
      "origin": [
        0,
        3,
        0
      ],
      "color": 0,
      "boneType": "",
      "children": [
        0,
        {
          "name": "group",
          "origin": [
            8,
            -5,
            8
          ],
          "color": 0,
          "boneType": "",
          "children": [
            1,
            2,
            3,
            {
              "name": "group",
              "origin": [
                12.9,
                11.55,
                7
              ],
              "color": 0,
              "boneType": "",
              "children": [
                {
                  "name": "group",
                  "origin": [
                    12.9,
                    11.55,
                    7
                  ],
                  "color": 0,
                  "boneType": "",
                  "children": [
                    4,
                    5,
                    6
                  ]
                },
                {
                  "name": "group",
                  "origin": [
                    12.9,
                    11.55,
                    7
                  ],
                  "color": 0,
                  "boneType": "",
                  "children": [
                    7,
                    8,
                    9
                  ]
                },
                {
                  "name": "group",
                  "origin": [
                    12.9,
                    11.55,
                    7
                  ],
                  "color": 0,
                  "boneType": "",
                  "children": [
                    10,
                    11,
                    12
                  ]
                },
                13,
                14,
                15,
                16,
                17
              ]
            }
          ]
        }
      ]
    },
    18,
    19,
    20,
    21,
    22,
    23,
    24,
    25,
    26,
    27,
    28,
    {
      "name": "group",
      "origin": [
        15.5,
        2.35,
        8
      ],
      "color": 0,
      "boneType": "",
      "children": [
        {
          "name": "group",
          "origin": [
            12.9,
            11.55,
            7
          ],
          "color": 0,
          "boneType": "",
          "children": [
            29,
            30,
            31
          ]
        },
        32,
        33,
        34
      ]
    }
  ]
}