{
  "credit": "MadewithBlockbench",
  "texture_size": [
    64,
    64
  ],
  "textures": {
    "1": "warden_set:warden_weapon_1",
    "4": "warden_set:animation_3",
    "particle": "warden_set:animation_1"
  },
  "elements": [
    {
      "from": [
        7,
        -1,
        6
      ],
      "to": [
        9,
        3,
        10
      ],
      "rotation": {
        "angle": 0,
        "axis": "y",
        "origin": [
          9,
          2,
          8
        ]
      },
      "faces": {
        "north": {
          "uv": [
            7.25,
            5.75,
            7.75,
            6.75
          ],
          "texture": "#1"
        },
        "east": {
          "uv": [
            8.75,
            5.75,
            7.75,
            6.75
          ],
          "texture": "#1"
        },
        "south": {
          "uv": [
            7.75,
            5.75,
            7.25,
            6.75
          ],
          "texture": "#1"
        },
        "west": {
          "uv": [
            8.75,
            5.75,
            7.75,
            6.75
          ],
          "texture": "#1"
        },
        "up": {
          "uv": [
            8.75,
            6.75,
            9.25,
            5.75
          ],
          "rotation": 180,
          "texture": "#1"
        },
        "down": {
          "uv": [
            8.75,
            6.75,
            9.25,
            5.75
          ],
          "texture": "#1"
        }
      }
    },
    {
      "from": [
        8,
        -7,
        8
      ],
      "to": [
        8,
        -1,
        10
      ],
      "rotation": {
        "angle": 0,
        "axis": "y",
        "origin": [
          8,
          3,
          10
        ]
      },
      "faces": {
        "east": {
          "uv": [
            9.5,
            0,
            8,
            0.5
          ],
          "rotation": 90,
          "texture": "#1"
        },
        "west": {
          "uv": [
            8,
            0,
            9.5,
            0.5
          ],
          "rotation": 270,
          "texture": "#1"
        }
      }
    },
    {
      "from": [
        8,
        3,
        5
      ],
      "to": [
        8,
        12,
        10
      ],
      "rotation": {
        "angle": 0,
        "axis": "y",
        "origin": [
          9,
          2,
          8
        ]
      },
      "faces": {
        "east": {
          "uv": [
            10,
            4.25,
            12.25,
            3
          ],
          "rotation": 90,
          "texture": "#1"
        },
        "west": {
          "uv": [
            10,
            3,
            12.25,
            4.25
          ],
          "rotation": 90,
          "texture": "#1"
        }
      }
    },
    {
      "from": [
        7.5,
        0,
        3
      ],
      "to": [
        8.5,
        2,
        7
      ],
      "rotation": {
        "angle": 0,
        "axis": "y",
        "origin": [
          8,
          0,
          6
        ]
      },
      "faces": {
        "north": {
          "uv": [
            3,
            5,
            2.75,
            5.5
          ],
          "texture": "#1"
        },
        "east": {
          "uv": [
            6.5,
            4.5,
            5.5,
            5
          ],
          "texture": "#1"
        },
        "south": {
          "uv": [
            6.25,
            0,
            6,
            0.5
          ],
          "texture": "#1"
        },
        "west": {
          "uv": [
            5.5,
            4.5,
            6.5,
            5
          ],
          "texture": "#1"
        },
        "up": {
          "uv": [
            3.25,
            3.5,
            3,
            4.5
          ],
          "rotation": 180,
          "texture": "#1"
        },
        "down": {
          "uv": [
            5,
            6.75,
            4.75,
            5.75
          ],
          "rotation": 180,
          "texture": "#1"
        }
      }
    },
    {
      "from": [
        7.4,
        0,
        2
      ],
      "to": [
        8.6,
        2,
        6
      ],
      "rotation": {
        "angle": 45,
        "axis": "x",
        "origin": [
          8,
          0,
          6
        ]
      },
      "faces": {
        "north": {
          "uv": [
            3,
            5,
            2.75,
            5.5
          ],
          "texture": "#1"
        },
        "east": {
          "uv": [
            6.5,
            4.5,
            5.5,
            5
          ],
          "texture": "#1"
        },
        "south": {
          "uv": [
            6.25,
            0,
            6,
            0.5
          ],
          "texture": "#1"
        },
        "west": {
          "uv": [
            5.5,
            4.5,
            6.5,
            5
          ],
          "texture": "#1"
        },
        "up": {
          "uv": [
            3.25,
            3.5,
            3,
            4.5
          ],
          "rotation": 180,
          "texture": "#1"
        },
        "down": {
          "uv": [
            5,
            6.75,
            4.75,
            5.75
          ],
          "rotation": 180,
          "texture": "#1"
        }
      }
    },
    {
      "from": [
        7.5,
        0,
        9
      ],
      "to": [
        8.5,
        2,
        13
      ],
      "rotation": {
        "angle": 0,
        "axis": "y",
        "origin": [
          8,
          2,
          10
        ]
      },
      "faces": {
        "north": {
          "uv": [
            6,
            0.5,
            6.25,
            0
          ],
          "texture": "#1"
        },
        "east": {
          "uv": [
            5.5,
            5,
            6.5,
            4.5
          ],
          "texture": "#1"
        },
        "south": {
          "uv": [
            2.75,
            5.5,
            3,
            5
          ],
          "texture": "#1"
        },
        "west": {
          "uv": [
            6.5,
            5,
            5.5,
            4.5
          ],
          "texture": "#1"
        },
        "up": {
          "uv": [
            4.75,
            5.75,
            5,
            6.75
          ],
          "texture": "#1"
        },
        "down": {
          "uv": [
            3,
            4.5,
            3.25,
            3.5
          ],
          "texture": "#1"
        }
      }
    },
    {
      "from": [
        7.4,
        0,
        10
      ],
      "to": [
        8.6,
        2,
        14
      ],
      "rotation": {
        "angle": 45,
        "axis": "x",
        "origin": [
          8,
          2,
          10
        ]
      },
      "faces": {
        "north": {
          "uv": [
            6,
            0.5,
            6.25,
            0
          ],
          "texture": "#1"
        },
        "east": {
          "uv": [
            5.5,
            5,
            6.5,
            4.5
          ],
          "texture": "#1"
        },
        "south": {
          "uv": [
            2.75,
            5.5,
            3,
            5
          ],
          "texture": "#1"
        },
        "west": {
          "uv": [
            6.5,
            5,
            5.5,
            4.5
          ],
          "texture": "#1"
        },
        "up": {
          "uv": [
            4.75,
            5.75,
            5,
            6.75
          ],
          "texture": "#1"
        },
        "down": {
          "uv": [
            3,
            4.5,
            3.25,
            3.5
          ],
          "texture": "#1"
        }
      }
    },
    {
      "from": [
        7.9,
        -4,
        -9
      ],
      "to": [
        7.9,
        12,
        7
      ],
      "rotation": {
        "angle": 0,
        "axis": "y",
        "origin": [
          8,
          16,
          9
        ]
      },
      "faces": {
        "north": {
          "uv": [
            1.5,
            8.5,
            3.5,
            6.5
          ],
          "rotation": 180,
          "texture": "#1"
        },
        "east": {
          "uv": [
            16,
            0,
            0,
            16
          ],
          "rotation": 270,
          "texture": "#4"
        },
        "south": {
          "uv": [
            1.5,
            10.5,
            3.5,
            8.5
          ],
          "rotation": 180,
          "texture": "#1"
        },
        "west": {
          "uv": [
            0,
            0,
            16,
            16
          ],
          "rotation": 90,
          "texture": "#4"
        },
        "up": {
          "uv": [
            0.25,
            10.5,
            1.5,
            8.5
          ],
          "rotation": 270,
          "texture": "#1"
        },
        "down": {
          "uv": [
            0.25,
            10.5,
            1.5,
            8.5
          ],
          "rotation": 90,
          "texture": "#1"
        }
      }
    }
  ],
  "gui_light": "front",
  "display": {
    "thirdperson_righthand": {
      "translation": [
        0,
        4.75,
        0.5
      ],
      "scale": [
        0.6543,
        0.6543,
        0.6543
      ]
    },
    "thirdperson_lefthand": {
      "translation": [
        0,
        4.75,
        0.5
      ],
      "scale": [
        0.6543,
        0.6543,
        0.6543
      ]
    },
    "firstperson_righthand": {
      "rotation": [
        -36,
        0,
        0
      ],
      "translation": [
        -0.5,
        7.25,
        0.75
      ],
      "scale": [
        0.67188,
        0.67188,
        0.67188
      ]
    },
    "firstperson_lefthand": {
      "rotation": [
        -36,
        0,
        0
      ],
      "translation": [
        -0.5,
        7.25,
        0.75
      ],
      "scale": [
        0.67188,
        0.67188,
        0.67188
      ]
    },
    "ground": {
      "rotation": [
        0,
        0,
        -101
      ],
      "translation": [
        3.5,
        0.75,
        0
      ],
      "scale": [
        0.82617,
        0.82617,
        0.82617
      ]
    },
    "gui": {
      "rotation": [
        90,
        -138,
        -90
      ],
      "translation": [
        -2.25,
        -3.25,
        -2
      ],
      "scale": [
        0.74023,
        0.74023,
        0.74023
      ]
    },
    "head": {
      "rotation": [
        -135.5,
        0,
        0
      ],
      "translation": [
        0,
        14,
        5.75
      ],
      "scale": [
        0.7,
        0.7,
        0.7
      ]
    },
    "fixed": {
      "rotation": [
        0,
        90,
        0
      ],
      "translation": [
        -0.5,
        6.5,
        -2
      ],
      "scale": [
        1.63086,
        1.63086,
        1.63086
      ]
    }
  },
  "groups": [
    {
      "name": "group",
      "origin": [
        0,
        3,
        0
      ],
      "color": 0,
      "boneType": "",
      "children": [
        0,
        1,
        2,
        {
          "name": "group",
          "origin": [
            15.5,
            2.35,
            8
          ],
          "color": 0,
          "boneType": "",
          "children": [
            3,
            4
          ]
        },
        {
          "name": "group",
          "origin": [
            15.5,
            2.35,
            8
          ],
          "color": 0,
          "boneType": "",
          "children": [
            5,
            6
          ]
        }
      ]
    },
    7
  ]
}