{
  "credit": "MadewithBlockbench",
  "texture_size": [
    64,
    64
  ],
  "textures": {
    "1": "warden_set:warden_weapon_1",
    "2": "warden_set:animation_1",
    "3": "warden_set:animation_2",
    "4": "warden_set:animation_3",
    "particle": "warden_set:animation_1"
  },
  "elements": [
    {
      "from": [
        7,
        8,
        7
      ],
      "to": [
        9,
        12,
        9
      ],
      "rotation": {
        "angle": 0,
        "axis": "y",
        "origin": [
          8,
          -0.5,
          9
        ]
      },
      "faces": {
        "north": {
          "uv": [
            15.5,
            9.5,
            16,
            10.5
          ],
          "texture": "#1"
        },
        "east": {
          "uv": [
            15.5,
            9.5,
            16,
            10.5
          ],
          "texture": "#1"
        },
        "south": {
          "uv": [
            15.5,
            9.5,
            16,
            10.5
          ],
          "texture": "#1"
        },
        "west": {
          "uv": [
            15.5,
            9.5,
            16,
            10.5
          ],
          "texture": "#1"
        },
        "down": {
          "uv": [
            15,
            9.5,
            15.5,
            10
          ],
          "texture": "#1"
        }
      }
    },
    {
      "from": [
        7,
        -10,
        7
      ],
      "to": [
        9,
        -5,
        9
      ],
      "rotation": {
        "angle": 0,
        "axis": "y",
        "origin": [
          8,
          3.5,
          9
        ]
      },
      "faces": {
        "north": {
          "uv": [
            15.5,
            14.75,
            16,
            16
          ],
          "texture": "#1"
        },
        "east": {
          "uv": [
            15.5,
            14.75,
            16,
            16
          ],
          "texture": "#1"
        },
        "south": {
          "uv": [
            15.5,
            14.75,
            16,
            16
          ],
          "texture": "#1"
        },
        "west": {
          "uv": [
            15.5,
            14.75,
            16,
            16
          ],
          "texture": "#1"
        },
        "up": {
          "uv": [
            15,
            9.5,
            15.5,
            10
          ],
          "texture": "#1"
        }
      }
    },
    {
      "from": [
        7.5,
        -5,
        7.5
      ],
      "to": [
        8.5,
        8,
        8.5
      ],
      "rotation": {
        "angle": 0,
        "axis": "y",
        "origin": [
          8,
          -0.5,
          9
        ]
      },
      "faces": {
        "north": {
          "uv": [
            15.75,
            10.5,
            16,
            13.75
          ],
          "texture": "#1"
        },
        "east": {
          "uv": [
            15.75,
            10.5,
            16,
            13.75
          ],
          "texture": "#1"
        },
        "south": {
          "uv": [
            15.75,
            10.5,
            16,
            13.75
          ],
          "texture": "#1"
        },
        "west": {
          "uv": [
            15.75,
            10.5,
            16,
            13.75
          ],
          "texture": "#1"
        }
      }
    },
    {
      "from": [
        6,
        -12,
        6
      ],
      "to": [
        10,
        -10,
        10
      ],
      "rotation": {
        "angle": 0,
        "axis": "y",
        "origin": [
          8,
          -1,
          9
        ]
      },
      "faces": {
        "north": {
          "uv": [
            6.5,
            4,
            5.5,
            4.5
          ],
          "texture": "#1"
        },
        "east": {
          "uv": [
            5.5,
            3.5,
            6.5,
            4
          ],
          "texture": "#1"
        },
        "south": {
          "uv": [
            5.5,
            4,
            6.5,
            4.5
          ],
          "texture": "#1"
        },
        "west": {
          "uv": [
            5.5,
            3.5,
            6.5,
            4
          ],
          "texture": "#1"
        },
        "up": {
          "uv": [
            5.5,
            3.75,
            4.5,
            2.75
          ],
          "rotation": 270,
          "texture": "#1"
        },
        "down": {
          "uv": [
            4,
            5.5,
            3,
            4.5
          ],
          "rotation": 90,
          "texture": "#1"
        }
      }
    },
    {
      "from": [
        6,
        19,
        6
      ],
      "to": [
        10,
        21,
        10
      ],
      "rotation": {
        "angle": 0,
        "axis": "y",
        "origin": [
          8,
          21,
          9
        ]
      },
      "faces": {
        "north": {
          "uv": [
            6.5,
            4.5,
            5.5,
            4
          ],
          "texture": "#1"
        },
        "east": {
          "uv": [
            5.5,
            4,
            6.5,
            3.5
          ],
          "texture": "#1"
        },
        "south": {
          "uv": [
            5.5,
            4.5,
            6.5,
            4
          ],
          "texture": "#1"
        },
        "west": {
          "uv": [
            5.5,
            4,
            6.5,
            3.5
          ],
          "texture": "#1"
        },
        "up": {
          "uv": [
            3,
            4.5,
            4,
            5.5
          ],
          "rotation": 90,
          "texture": "#1"
        },
        "down": {
          "uv": [
            4.5,
            2.75,
            5.5,
            3.75
          ],
          "rotation": 270,
          "texture": "#1"
        }
      }
    },
    {
      "from": [
        6,
        21,
        6
      ],
      "to": [
        10,
        27,
        10
      ],
      "rotation": {
        "angle": 0,
        "axis": "y",
        "origin": [
          8,
          21,
          9
        ]
      },
      "faces": {
        "north": {
          "uv": [
            3.5,
            9,
            5,
            10
          ],
          "rotation": 90,
          "texture": "#1"
        },
        "east": {
          "uv": [
            3.5,
            9,
            5,
            10
          ],
          "rotation": 90,
          "texture": "#1"
        },
        "south": {
          "uv": [
            3.5,
            9,
            5,
            10
          ],
          "rotation": 90,
          "texture": "#1"
        },
        "west": {
          "uv": [
            3.5,
            9,
            5,
            10
          ],
          "rotation": 90,
          "texture": "#1"
        },
        "up": {
          "uv": [
            3.5,
            8,
            4.5,
            9
          ],
          "rotation": 90,
          "texture": "#1"
        },
        "down": {
          "uv": [
            3.5,
            8,
            4.5,
            9
          ],
          "rotation": 90,
          "texture": "#1"
        }
      }
    },
    {
      "from": [
        5.75,
        21.25,
        5.75
      ],
      "to": [
        10.25,
        27.25,
        10.25
      ],
      "rotation": {
        "angle": 0,
        "axis": "y",
        "origin": [
          8,
          21,
          9
        ]
      },
      "faces": {
        "north": {
          "uv": [
            0,
            0,
            16,
            16
          ],
          "rotation": 90,
          "texture": "#2"
        },
        "east": {
          "uv": [
            0,
            0,
            16,
            16
          ],
          "rotation": 90,
          "texture": "#2"
        },
        "south": {
          "uv": [
            0,
            0,
            16,
            16
          ],
          "rotation": 90,
          "texture": "#2"
        },
        "west": {
          "uv": [
            0,
            0,
            16,
            16
          ],
          "rotation": 90,
          "texture": "#2"
        },
        "up": {
          "uv": [
            0,
            0,
            16,
            16
          ],
          "rotation": 90,
          "texture": "#2"
        },
        "down": {
          "uv": [
            0,
            0,
            16,
            16
          ],
          "rotation": 90,
          "texture": "#2"
        }
      }
    },
    {
      "from": [
        6.5,
        -9,
        6.5
      ],
      "to": [
        9.5,
        -8,
        9.5
      ],
      "rotation": {
        "angle": 0,
        "axis": "y",
        "origin": [
          8,
          -1,
          9
        ]
      },
      "faces": {
        "north": {
          "uv": [
            5.5,
            5.75,
            6.25,
            6
          ],
          "texture": "#1"
        },
        "east": {
          "uv": [
            5.5,
            5.75,
            6.25,
            6
          ],
          "texture": "#1"
        },
        "south": {
          "uv": [
            0,
            6,
            0.75,
            6.25
          ],
          "texture": "#1"
        },
        "west": {
          "uv": [
            5.5,
            5.75,
            6.25,
            6
          ],
          "texture": "#1"
        },
        "up": {
          "uv": [
            3.5,
            6.25,
            2.75,
            5.5
          ],
          "rotation": 270,
          "texture": "#1"
        },
        "down": {
          "uv": [
            6.25,
            3.5,
            5.5,
            2.75
          ],
          "rotation": 90,
          "texture": "#1"
        }
      }
    },
    {
      "from": [
        6,
        12,
        6
      ],
      "to": [
        10,
        16,
        10
      ],
      "rotation": {
        "angle": 0,
        "axis": "y",
        "origin": [
          8,
          5,
          9
        ]
      },
      "faces": {
        "north": {
          "uv": [
            5,
            4.75,
            4,
            5.75
          ],
          "texture": "#1"
        },
        "east": {
          "uv": [
            4.5,
            3.75,
            5.5,
            4.75
          ],
          "texture": "#1"
        },
        "south": {
          "uv": [
            4,
            4.75,
            5,
            5.75
          ],
          "texture": "#1"
        },
        "west": {
          "uv": [
            5.5,
            3.75,
            4.5,
            4.75
          ],
          "texture": "#1"
        },
        "down": {
          "uv": [
            1,
            6,
            0,
            5
          ],
          "rotation": 90,
          "texture": "#1"
        }
      }
    },
    {
      "from": [
        10,
        13,
        7
      ],
      "to": [
        14,
        15,
        9
      ],
      "rotation": {
        "angle": -22.5,
        "axis": "z",
        "origin": [
          10,
          15,
          8
        ]
      },
      "faces": {
        "north": {
          "uv": [
            2.5,
            13.5,
            2,
            14.5
          ],
          "rotation": 90,
          "texture": "#1"
        },
        "east": {
          "uv": [
            3,
            14,
            2.5,
            14.5
          ],
          "rotation": 90,
          "texture": "#1"
        },
        "south": {
          "uv": [
            2.5,
            13.5,
            2,
            14.5
          ],
          "rotation": 90,
          "texture": "#1"
        },
        "west": {
          "uv": [
            3,
            14,
            2.5,
            14.5
          ],
          "rotation": 90,
          "texture": "#1"
        },
        "up": {
          "uv": [
            2.5,
            13.5,
            2,
            14.5
          ],
          "rotation": 90,
          "texture": "#1"
        },
        "down": {
          "uv": [
            2.5,
            14.5,
            2,
            13.5
          ],
          "rotation": 90,
          "texture": "#1"
        }
      }
    },
    {
      "from": [
        12.90049,
        11.7276,
        7.1
      ],
      "to": [
        16.90049,
        13.5276,
        8.9
      ],
      "rotation": {
        "angle": 22.5,
        "axis": "z",
        "origin": [
          12.9,
          11.55,
          8
        ]
      },
      "faces": {
        "north": {
          "uv": [
            3,
            13,
            2.5,
            14
          ],
          "rotation": 90,
          "texture": "#1"
        },
        "east": {
          "uv": [
            3.5,
            13,
            3,
            13.5
          ],
          "rotation": 90,
          "texture": "#1"
        },
        "south": {
          "uv": [
            3,
            14,
            2.5,
            13
          ],
          "rotation": 90,
          "texture": "#1"
        },
        "west": {
          "uv": [
            3.5,
            13,
            3,
            13.5
          ],
          "rotation": 90,
          "texture": "#1"
        },
        "up": {
          "uv": [
            3,
            14,
            2.5,
            13
          ],
          "rotation": 90,
          "texture": "#1"
        },
        "down": {
          "uv": [
            3,
            14,
            2.5,
            13
          ],
          "rotation": 90,
          "texture": "#1"
        }
      }
    },
    {
      "from": [
        12.8776,
        7.64951,
        7
      ],
      "to": [
        14.8776,
        11.64951,
        9
      ],
      "rotation": {
        "angle": 22.5,
        "axis": "z",
        "origin": [
          12.8,
          11.65,
          8
        ]
      },
      "faces": {
        "north": {
          "uv": [
            4.25,
            11.75,
            3.25,
            12.25
          ],
          "rotation": 90,
          "texture": "#1"
        },
        "east": {
          "uv": [
            4.25,
            11.75,
            3.25,
            12.25
          ],
          "rotation": 90,
          "texture": "#1"
        },
        "south": {
          "uv": [
            4.25,
            11.75,
            3.25,
            12.25
          ],
          "rotation": 90,
          "texture": "#1"
        },
        "west": {
          "uv": [
            4.25,
            11.75,
            3.25,
            12.25
          ],
          "rotation": 90,
          "texture": "#1"
        },
        "up": {
          "uv": [
            3.75,
            12.25,
            3.25,
            12.75
          ],
          "rotation": 90,
          "texture": "#1"
        },
        "down": {
          "uv": [
            4,
            12.5,
            3.75,
            12.25
          ],
          "rotation": 90,
          "texture": "#1"
        }
      }
    },
    {
      "from": [
        14.34619,
        4.72988,
        7.1
      ],
      "to": [
        16.14619,
        8.72988,
        8.9
      ],
      "rotation": {
        "angle": -22.5,
        "axis": "z",
        "origin": [
          16.2,
          8.75,
          8
        ]
      },
      "faces": {
        "north": {
          "uv": [
            4.5,
            12.75,
            3.5,
            13.25
          ],
          "rotation": 90,
          "texture": "#1"
        },
        "east": {
          "uv": [
            4.5,
            12.75,
            3.5,
            13.25
          ],
          "rotation": 90,
          "texture": "#1"
        },
        "south": {
          "uv": [
            4.5,
            12.75,
            3.5,
            13.25
          ],
          "rotation": 90,
          "texture": "#1"
        },
        "west": {
          "uv": [
            4.5,
            12.75,
            3.5,
            13.25
          ],
          "rotation": 90,
          "texture": "#1"
        },
        "up": {
          "uv": [
            4.25,
            12.25,
            3.75,
            12.75
          ],
          "rotation": 90,
          "texture": "#1"
        },
        "down": {
          "uv": [
            4.25,
            12.75,
            3.75,
            12.25
          ],
          "rotation": 90,
          "texture": "#1"
        }
      }
    },
    {
      "from": [
        8.9776,
        5.54951,
        8
      ],
      "to": [
        12.9776,
        14.54951,
        8
      ],
      "rotation": {
        "angle": 22.5,
        "axis": "z",
        "origin": [
          12.9,
          11.55,
          8
        ]
      },
      "faces": {
        "north": {
          "uv": [
            16,
            1.25,
            13.75,
            2.25
          ],
          "rotation": 270,
          "texture": "#1"
        },
        "east": {
          "uv": [
            3,
            14,
            2.5,
            14.5
          ],
          "rotation": 90,
          "texture": "#1"
        },
        "south": {
          "uv": [
            16,
            2.25,
            13.75,
            1.25
          ],
          "rotation": 270,
          "texture": "#1"
        },
        "west": {
          "uv": [
            6.5,
            10,
            6,
            10.5
          ],
          "rotation": 90,
          "texture": "#1"
        },
        "up": {
          "uv": [
            5.5,
            3.75,
            4.5,
            4.75
          ],
          "rotation": 90,
          "texture": "#1"
        },
        "down": {
          "uv": [
            4.5,
            4.75,
            5.5,
            3.75
          ],
          "rotation": 90,
          "texture": "#1"
        }
      }
    },
    {
      "from": [
        2,
        13,
        7
      ],
      "to": [
        6,
        15,
        9
      ],
      "rotation": {
        "angle": 22.5,
        "axis": "z",
        "origin": [
          6,
          15,
          8
        ]
      },
      "faces": {
        "north": {
          "uv": [
            2.5,
            14.5,
            2,
            13.5
          ],
          "rotation": 90,
          "texture": "#1"
        },
        "east": {
          "uv": [
            3,
            14.5,
            2.5,
            14
          ],
          "rotation": 90,
          "texture": "#1"
        },
        "south": {
          "uv": [
            2.5,
            14.5,
            2,
            13.5
          ],
          "rotation": 90,
          "texture": "#1"
        },
        "west": {
          "uv": [
            3,
            14.5,
            2.5,
            14
          ],
          "rotation": 90,
          "texture": "#1"
        },
        "up": {
          "uv": [
            2.5,
            14.5,
            2,
            13.5
          ],
          "rotation": 90,
          "texture": "#1"
        },
        "down": {
          "uv": [
            2.5,
            13.5,
            2,
            14.5
          ],
          "rotation": 90,
          "texture": "#1"
        }
      }
    },
    {
      "from": [
        -0.90049,
        11.7276,
        7.1
      ],
      "to": [
        3.09951,
        13.5276,
        8.9
      ],
      "rotation": {
        "angle": -22.5,
        "axis": "z",
        "origin": [
          3.1,
          11.55,
          8
        ]
      },
      "faces": {
        "north": {
          "uv": [
            3,
            14,
            2.5,
            13
          ],
          "rotation": 90,
          "texture": "#1"
        },
        "east": {
          "uv": [
            3.5,
            13.5,
            3,
            13
          ],
          "rotation": 90,
          "texture": "#1"
        },
        "south": {
          "uv": [
            3,
            13,
            2.5,
            14
          ],
          "rotation": 90,
          "texture": "#1"
        },
        "west": {
          "uv": [
            3.5,
            13.5,
            3,
            13
          ],
          "rotation": 90,
          "texture": "#1"
        },
        "up": {
          "uv": [
            3,
            13,
            2.5,
            14
          ],
          "rotation": 90,
          "texture": "#1"
        },
        "down": {
          "uv": [
            3,
            13,
            2.5,
            14
          ],
          "rotation": 90,
          "texture": "#1"
        }
      }
    },
    {
      "from": [
        1.1224,
        7.64951,
        7
      ],
      "to": [
        3.1224,
        11.64951,
        9
      ],
      "rotation": {
        "angle": -22.5,
        "axis": "z",
        "origin": [
          3.2,
          11.65,
          8
        ]
      },
      "faces": {
        "north": {
          "uv": [
            4.25,
            12.25,
            3.25,
            11.75
          ],
          "rotation": 90,
          "texture": "#1"
        },
        "east": {
          "uv": [
            4.25,
            12.25,
            3.25,
            11.75
          ],
          "rotation": 90,
          "texture": "#1"
        },
        "south": {
          "uv": [
            4.25,
            12.25,
            3.25,
            11.75
          ],
          "rotation": 90,
          "texture": "#1"
        },
        "west": {
          "uv": [
            4.25,
            12.25,
            3.25,
            11.75
          ],
          "rotation": 90,
          "texture": "#1"
        },
        "up": {
          "uv": [
            3.75,
            12.75,
            3.25,
            12.25
          ],
          "rotation": 90,
          "texture": "#1"
        },
        "down": {
          "uv": [
            4,
            12.25,
            3.75,
            12.5
          ],
          "rotation": 90,
          "texture": "#1"
        }
      }
    },
    {
      "from": [
        -0.14619,
        4.72988,
        7.1
      ],
      "to": [
        1.65381,
        8.72988,
        8.9
      ],
      "rotation": {
        "angle": 22.5,
        "axis": "z",
        "origin": [
          -0.2,
          8.75,
          8
        ]
      },
      "faces": {
        "north": {
          "uv": [
            4.5,
            13.25,
            3.5,
            12.75
          ],
          "rotation": 90,
          "texture": "#1"
        },
        "east": {
          "uv": [
            4.5,
            13.25,
            3.5,
            12.75
          ],
          "rotation": 90,
          "texture": "#1"
        },
        "south": {
          "uv": [
            4.5,
            13.25,
            3.5,
            12.75
          ],
          "rotation": 90,
          "texture": "#1"
        },
        "west": {
          "uv": [
            4.5,
            13.25,
            3.5,
            12.75
          ],
          "rotation": 90,
          "texture": "#1"
        },
        "up": {
          "uv": [
            4.25,
            12.75,
            3.75,
            12.25
          ],
          "rotation": 90,
          "texture": "#1"
        },
        "down": {
          "uv": [
            4.25,
            12.25,
            3.75,
            12.75
          ],
          "rotation": 90,
          "texture": "#1"
        }
      }
    },
    {
      "from": [
        3.0224,
        5.54951,
        8
      ],
      "to": [
        7.0224,
        14.54951,
        8
      ],
      "rotation": {
        "angle": -22.5,
        "axis": "z",
        "origin": [
          3.1,
          11.55,
          8
        ]
      },
      "faces": {
        "north": {
          "uv": [
            16,
            2.25,
            13.75,
            1.25
          ],
          "rotation": 270,
          "texture": "#1"
        },
        "east": {
          "uv": [
            6.5,
            10.5,
            6,
            10
          ],
          "rotation": 90,
          "texture": "#1"
        },
        "south": {
          "uv": [
            16,
            1.25,
            13.75,
            2.25
          ],
          "rotation": 270,
          "texture": "#1"
        },
        "west": {
          "uv": [
            3,
            14.5,
            2.5,
            14
          ],
          "rotation": 90,
          "texture": "#1"
        },
        "up": {
          "uv": [
            5.5,
            4.75,
            4.5,
            3.75
          ],
          "rotation": 90,
          "texture": "#1"
        },
        "down": {
          "uv": [
            4.5,
            3.75,
            5.5,
            4.75
          ],
          "rotation": 90,
          "texture": "#1"
        }
      }
    },
    {
      "from": [
        7,
        15.62136,
        2.44244
      ],
      "to": [
        9,
        17.62136,
        6.44244
      ],
      "rotation": {
        "angle": -22.5,
        "axis": "x",
        "origin": [
          8,
          14.73141,
          3.62036
        ]
      },
      "faces": {
        "north": {
          "uv": [
            4,
            12.25,
            3.75,
            12.5
          ],
          "rotation": 180,
          "texture": "#1"
        },
        "east": {
          "uv": [
            4.25,
            12.25,
            3.25,
            11.75
          ],
          "texture": "#1"
        },
        "south": {
          "uv": [
            3.75,
            12.75,
            3.25,
            12.25
          ],
          "rotation": 180,
          "texture": "#1"
        },
        "west": {
          "uv": [
            4.25,
            12.25,
            3.25,
            11.75
          ],
          "rotation": 180,
          "texture": "#1"
        },
        "up": {
          "uv": [
            4.25,
            12.25,
            3.25,
            11.75
          ],
          "rotation": 270,
          "texture": "#1"
        },
        "down": {
          "uv": [
            4.25,
            12.25,
            3.25,
            11.75
          ],
          "rotation": 90,
          "texture": "#1"
        }
      }
    },
    {
      "from": [
        7.1,
        11.90344,
        0.84464
      ],
      "to": [
        8.9,
        15.90344,
        2.64464
      ],
      "rotation": {
        "angle": 22.5,
        "axis": "x",
        "origin": [
          8,
          14.73141,
          3.62036
        ]
      },
      "faces": {
        "north": {
          "uv": [
            4.5,
            13.25,
            3.5,
            12.75
          ],
          "rotation": 90,
          "texture": "#1"
        },
        "east": {
          "uv": [
            4.5,
            13.25,
            3.5,
            12.75
          ],
          "rotation": 90,
          "texture": "#1"
        },
        "south": {
          "uv": [
            4.5,
            13.25,
            3.5,
            12.75
          ],
          "rotation": 90,
          "texture": "#1"
        },
        "west": {
          "uv": [
            4.5,
            13.25,
            3.5,
            12.75
          ],
          "rotation": 90,
          "texture": "#1"
        },
        "up": {
          "uv": [
            4.25,
            12.75,
            3.75,
            12.25
          ],
          "rotation": 180,
          "texture": "#1"
        },
        "down": {
          "uv": [
            4.25,
            12.25,
            3.75,
            12.75
          ],
          "texture": "#1"
        }
      }
    },
    {
      "from": [
        8,
        11.67548,
        0.31178
      ],
      "to": [
        8,
        15.67548,
        6.31178
      ],
      "rotation": {
        "angle": -22.5,
        "axis": "x",
        "origin": [
          8,
          14.73141,
          3.62036
        ]
      },
      "faces": {
        "north": {
          "uv": [
            4.5,
            3.75,
            5.5,
            4.75
          ],
          "rotation": 180,
          "texture": "#1"
        },
        "east": {
          "uv": [
            16,
            2.25,
            14.5,
            1.25
          ],
          "rotation": 180,
          "texture": "#1"
        },
        "south": {
          "uv": [
            5.5,
            4.75,
            4.5,
            3.75
          ],
          "rotation": 180,
          "texture": "#1"
        },
        "west": {
          "uv": [
            16,
            1.25,
            14.5,
            2.25
          ],
          "texture": "#1"
        },
        "up": {
          "uv": [
            3,
            14.5,
            2.5,
            14
          ],
          "rotation": 270,
          "texture": "#1"
        },
        "down": {
          "uv": [
            6.5,
            10.5,
            6,
            10
          ],
          "rotation": 90,
          "texture": "#1"
        }
      }
    },
    {
      "from": [
        7,
        15.62136,
        9.55756
      ],
      "to": [
        9,
        17.62136,
        13.55756
      ],
      "rotation": {
        "angle": 22.5,
        "axis": "x",
        "origin": [
          8,
          14.73141,
          12.37964
        ]
      },
      "faces": {
        "north": {
          "uv": [
            3.25,
            12.75,
            3.75,
            12.25
          ],
          "rotation": 180,
          "texture": "#1"
        },
        "east": {
          "uv": [
            3.25,
            12.25,
            4.25,
            11.75
          ],
          "texture": "#1"
        },
        "south": {
          "uv": [
            3.75,
            12.25,
            4,
            12.5
          ],
          "rotation": 180,
          "texture": "#1"
        },
        "west": {
          "uv": [
            3.25,
            12.25,
            4.25,
            11.75
          ],
          "rotation": 180,
          "texture": "#1"
        },
        "up": {
          "uv": [
            3.25,
            12.25,
            4.25,
            11.75
          ],
          "rotation": 270,
          "texture": "#1"
        },
        "down": {
          "uv": [
            3.25,
            12.25,
            4.25,
            11.75
          ],
          "rotation": 90,
          "texture": "#1"
        }
      }
    },
    {
      "from": [
        7.1,
        11.90344,
        13.35536
      ],
      "to": [
        8.9,
        15.90344,
        15.15536
      ],
      "rotation": {
        "angle": -22.5,
        "axis": "x",
        "origin": [
          8,
          14.73141,
          12.37964
        ]
      },
      "faces": {
        "north": {
          "uv": [
            4.5,
            12.75,
            3.5,
            13.25
          ],
          "rotation": 90,
          "texture": "#1"
        },
        "east": {
          "uv": [
            4.5,
            12.75,
            3.5,
            13.25
          ],
          "rotation": 90,
          "texture": "#1"
        },
        "south": {
          "uv": [
            4.5,
            12.75,
            3.5,
            13.25
          ],
          "rotation": 90,
          "texture": "#1"
        },
        "west": {
          "uv": [
            4.5,
            12.75,
            3.5,
            13.25
          ],
          "rotation": 90,
          "texture": "#1"
        },
        "up": {
          "uv": [
            4.25,
            12.25,
            3.75,
            12.75
          ],
          "rotation": 180,
          "texture": "#1"
        },
        "down": {
          "uv": [
            4.25,
            12.75,
            3.75,
            12.25
          ],
          "texture": "#1"
        }
      }
    },
    {
      "from": [
        8,
        11.67548,
        9.68822
      ],
      "to": [
        8,
        15.67548,
        15.68822
      ],
      "rotation": {
        "angle": 22.5,
        "axis": "x",
        "origin": [
          8,
          14.73141,
          12.37964
        ]
      },
      "faces": {
        "north": {
          "uv": [
            4.5,
            4.75,
            5.5,
            3.75
          ],
          "rotation": 180,
          "texture": "#1"
        },
        "east": {
          "uv": [
            14.5,
            2.25,
            16,
            1.25
          ],
          "rotation": 180,
          "texture": "#1"
        },
        "south": {
          "uv": [
            5.5,
            3.75,
            4.5,
            4.75
          ],
          "rotation": 180,
          "texture": "#1"
        },
        "west": {
          "uv": [
            14.5,
            1.25,
            16,
            2.25
          ],
          "texture": "#1"
        },
        "up": {
          "uv": [
            2.5,
            14.5,
            3,
            14
          ],
          "rotation": 270,
          "texture": "#1"
        },
        "down": {
          "uv": [
            6,
            10.5,
            6.5,
            10
          ],
          "rotation": 90,
          "texture": "#1"
        }
      }
    },
    {
      "from": [
        5,
        15,
        5
      ],
      "to": [
        11,
        19,
        11
      ],
      "rotation": {
        "angle": 0,
        "axis": "y",
        "origin": [
          8,
          16,
          9
        ]
      },
      "faces": {
        "north": {
          "uv": [
            6,
            1,
            4.5,
            2
          ],
          "texture": "#1"
        },
        "east": {
          "uv": [
            4.5,
            0,
            6,
            1
          ],
          "texture": "#1"
        },
        "south": {
          "uv": [
            4.5,
            1,
            6,
            2
          ],
          "texture": "#1"
        },
        "west": {
          "uv": [
            6,
            0,
            4.5,
            1
          ],
          "texture": "#1"
        },
        "up": {
          "uv": [
            1.5,
            5,
            0,
            3.5
          ],
          "rotation": 270,
          "texture": "#1"
        },
        "down": {
          "uv": [
            3,
            3.5,
            1.5,
            5
          ],
          "rotation": 90,
          "texture": "#1"
        }
      }
    },
    {
      "from": [
        2,
        14,
        8
      ],
      "to": [
        14,
        19,
        8
      ],
      "rotation": {
        "angle": 0,
        "axis": "y",
        "origin": [
          8,
          16,
          9
        ]
      },
      "faces": {
        "north": {
          "uv": [
            16,
            0,
            13,
            1.25
          ],
          "texture": "#1"
        },
        "east": {
          "uv": [
            4.5,
            0,
            6,
            1
          ],
          "texture": "#1"
        },
        "south": {
          "uv": [
            13,
            0,
            16,
            1.25
          ],
          "texture": "#1"
        },
        "west": {
          "uv": [
            6,
            0,
            4.5,
            1
          ],
          "texture": "#1"
        },
        "up": {
          "uv": [
            1.5,
            5,
            0,
            3.5
          ],
          "rotation": 270,
          "texture": "#1"
        },
        "down": {
          "uv": [
            3,
            3.5,
            1.5,
            5
          ],
          "rotation": 90,
          "texture": "#1"
        }
      }
    },
    {
      "from": [
        4,
        24,
        4
      ],
      "to": [
        12,
        24,
        12
      ],
      "rotation": {
        "angle": 0,
        "axis": "y",
        "origin": [
          8,
          16,
          9
        ]
      },
      "faces": {
        "north": {
          "uv": [
            0.25,
            10.5,
            1.5,
            8.5
          ],
          "rotation": 90,
          "texture": "#1"
        },
        "east": {
          "uv": [
            0.25,
            10.5,
            1.5,
            8.5
          ],
          "rotation": 90,
          "texture": "#1"
        },
        "south": {
          "uv": [
            0.25,
            10.5,
            1.5,
            8.5
          ],
          "rotation": 90,
          "texture": "#1"
        },
        "west": {
          "uv": [
            0.25,
            10.5,
            1.5,
            8.5
          ],
          "rotation": 90,
          "texture": "#1"
        },
        "up": {
          "uv": [
            1.5,
            10.5,
            3.5,
            8.5
          ],
          "rotation": 180,
          "texture": "#1"
        },
        "down": {
          "uv": [
            3.5,
            10.5,
            1.5,
            8.5
          ],
          "texture": "#1"
        }
      }
    },
    {
      "from": [
        4,
        19,
        4
      ],
      "to": [
        4,
        24,
        12
      ],
      "rotation": {
        "angle": 0,
        "axis": "y",
        "origin": [
          8,
          16,
          9
        ]
      },
      "faces": {
        "north": {
          "uv": [
            0.25,
            10.5,
            1.5,
            8.5
          ],
          "rotation": 90,
          "texture": "#1"
        },
        "east": {
          "uv": [
            0.25,
            10.5,
            1.5,
            8.5
          ],
          "rotation": 90,
          "texture": "#1"
        },
        "south": {
          "uv": [
            0.25,
            10.5,
            1.5,
            8.5
          ],
          "rotation": 90,
          "texture": "#1"
        },
        "west": {
          "uv": [
            0.25,
            10.5,
            1.5,
            8.5
          ],
          "rotation": 90,
          "texture": "#1"
        },
        "up": {
          "uv": [
            1.5,
            10.5,
            3.5,
            8.5
          ],
          "rotation": 180,
          "texture": "#1"
        },
        "down": {
          "uv": [
            1.5,
            8.5,
            3.5,
            6.5
          ],
          "texture": "#1"
        }
      }
    },
    {
      "from": [
        7,
        -6,
        7
      ],
      "to": [
        9,
        10,
        9
      ],
      "rotation": {
        "angle": 0,
        "axis": "y",
        "origin": [
          8,
          16,
          9
        ]
      },
      "faces": {
        "north": {
          "uv": [
            6,
            0,
            4,
            16
          ],
          "texture": "#3"
        },
        "east": {
          "uv": [
            8,
            0,
            6,
            16
          ],
          "texture": "#3"
        },
        "south": {
          "uv": [
            10,
            0,
            8,
            16
          ],
          "texture": "#3"
        },
        "west": {
          "uv": [
            12,
            0,
            10,
            16
          ],
          "texture": "#3"
        }
      }
    },
    {
      "from": [
        4.5,
        15,
        4.5
      ],
      "to": [
        11.5,
        19,
        11.5
      ],
      "rotation": {
        "angle": 0,
        "axis": "y",
        "origin": [
          8,
          16,
          9
        ]
      },
      "faces": {
        "north": {
          "uv": [
            2,
            4,
            7.5,
            7.5
          ],
          "texture": "#3"
        },
        "east": {
          "uv": [
            7.5,
            7.5,
            2,
            11
          ],
          "texture": "#3"
        },
        "south": {
          "uv": [
            13,
            7.5,
            7.5,
            11
          ],
          "texture": "#3"
        },
        "west": {
          "uv": [
            13,
            4,
            7.5,
            7.5
          ],
          "texture": "#3"
        }
      }
    },
    {
      "from": [
        0,
        -11,
        9
      ],
      "to": [
        16,
        5,
        9
      ],
      "rotation": {
        "angle": 45,
        "axis": "y",
        "origin": [
          8,
          16,
          9
        ]
      },
      "faces": {
        "north": {
          "uv": [
            0,
            0,
            16,
            16
          ],
          "texture": "#4"
        },
        "east": {
          "uv": [
            0.25,
            10.5,
            1.5,
            8.5
          ],
          "rotation": 90,
          "texture": "#1"
        },
        "south": {
          "uv": [
            16,
            0,
            0,
            16
          ],
          "texture": "#4"
        },
        "west": {
          "uv": [
            0.25,
            10.5,
            1.5,
            8.5
          ],
          "rotation": 90,
          "texture": "#1"
        },
        "up": {
          "uv": [
            1.5,
            10.5,
            3.5,
            8.5
          ],
          "rotation": 270,
          "texture": "#1"
        },
        "down": {
          "uv": [
            1.5,
            8.5,
            3.5,
            6.5
          ],
          "rotation": 270,
          "texture": "#1"
        }
      }
    },
    {
      "from": [
        8,
        -3,
        1
      ],
      "to": [
        8,
        13,
        17
      ],
      "rotation": {
        "angle": 45,
        "axis": "y",
        "origin": [
          8,
          -3,
          9
        ]
      },
      "faces": {
        "north": {
          "uv": [
            0.25,
            10.5,
            1.5,
            8.5
          ],
          "rotation": 90,
          "texture": "#1"
        },
        "east": {
          "uv": [
            0,
            0,
            16,
            16
          ],
          "texture": "#4"
        },
        "south": {
          "uv": [
            0.25,
            10.5,
            1.5,
            8.5
          ],
          "rotation": 90,
          "texture": "#1"
        },
        "west": {
          "uv": [
            16,
            0,
            0,
            16
          ],
          "texture": "#4"
        },
        "up": {
          "uv": [
            1.5,
            10.5,
            3.5,
            8.5
          ],
          "texture": "#1"
        },
        "down": {
          "uv": [
            1.5,
            8.5,
            3.5,
            6.5
          ],
          "rotation": 180,
          "texture": "#1"
        }
      }
    },
    {
      "from": [
        4,
        19,
        4
      ],
      "to": [
        12,
        19,
        12
      ],
      "rotation": {
        "angle": 0,
        "axis": "y",
        "origin": [
          8,
          16,
          9
        ]
      },
      "faces": {
        "north": {
          "uv": [
            0.25,
            10.5,
            1.5,
            8.5
          ],
          "rotation": 90,
          "texture": "#1"
        },
        "east": {
          "uv": [
            0.25,
            10.5,
            1.5,
            8.5
          ],
          "rotation": 90,
          "texture": "#1"
        },
        "south": {
          "uv": [
            0.25,
            10.5,
            1.5,
            8.5
          ],
          "rotation": 90,
          "texture": "#1"
        },
        "west": {
          "uv": [
            0.25,
            10.5,
            1.5,
            8.5
          ],
          "rotation": 90,
          "texture": "#1"
        },
        "up": {
          "uv": [
            3.5,
            8.5,
            1.5,
            6.5
          ],
          "rotation": 180,
          "texture": "#1"
        },
        "down": {
          "uv": [
            1.5,
            8.5,
            3.5,
            6.5
          ],
          "texture": "#1"
        }
      }
    },
    {
      "from": [
        12,
        19,
        4
      ],
      "to": [
        12,
        24,
        12
      ],
      "rotation": {
        "angle": 0,
        "axis": "y",
        "origin": [
          8,
          16,
          9
        ]
      },
      "faces": {
        "north": {
          "uv": [
            0.25,
            10.5,
            1.5,
            8.5
          ],
          "rotation": 90,
          "texture": "#1"
        },
        "east": {
          "uv": [
            0.25,
            10.5,
            1.5,
            8.5
          ],
          "rotation": 90,
          "texture": "#1"
        },
        "south": {
          "uv": [
            0.25,
            10.5,
            1.5,
            8.5
          ],
          "rotation": 90,
          "texture": "#1"
        },
        "west": {
          "uv": [
            0.25,
            10.5,
            1.5,
            8.5
          ],
          "rotation": 90,
          "texture": "#1"
        },
        "up": {
          "uv": [
            1.5,
            10.5,
            3.5,
            8.5
          ],
          "rotation": 180,
          "texture": "#1"
        },
        "down": {
          "uv": [
            1.5,
            8.5,
            3.5,
            6.5
          ],
          "texture": "#1"
        }
      }
    },
    {
      "from": [
        4,
        19,
        12
      ],
      "to": [
        12,
        24,
        12
      ],
      "rotation": {
        "angle": 0,
        "axis": "y",
        "origin": [
          8,
          16,
          9
        ]
      },
      "faces": {
        "north": {
          "uv": [
            0.25,
            10.5,
            1.5,
            8.5
          ],
          "rotation": 90,
          "texture": "#1"
        },
        "east": {
          "uv": [
            0.25,
            10.5,
            1.5,
            8.5
          ],
          "rotation": 90,
          "texture": "#1"
        },
        "south": {
          "uv": [
            0.25,
            10.5,
            1.5,
            8.5
          ],
          "rotation": 90,
          "texture": "#1"
        },
        "west": {
          "uv": [
            0.25,
            10.5,
            1.5,
            8.5
          ],
          "rotation": 90,
          "texture": "#1"
        },
        "up": {
          "uv": [
            1.5,
            10.5,
            3.5,
            8.5
          ],
          "rotation": 180,
          "texture": "#1"
        },
        "down": {
          "uv": [
            1.5,
            8.5,
            3.5,
            6.5
          ],
          "texture": "#1"
        }
      }
    },
    {
      "from": [
        4,
        19,
        4
      ],
      "to": [
        12,
        24,
        4
      ],
      "rotation": {
        "angle": 0,
        "axis": "y",
        "origin": [
          8,
          16,
          9
        ]
      },
      "faces": {
        "north": {
          "uv": [
            0.25,
            10.5,
            1.5,
            8.5
          ],
          "rotation": 90,
          "texture": "#1"
        },
        "east": {
          "uv": [
            0.25,
            10.5,
            1.5,
            8.5
          ],
          "rotation": 90,
          "texture": "#1"
        },
        "south": {
          "uv": [
            0.25,
            10.5,
            1.5,
            8.5
          ],
          "rotation": 90,
          "texture": "#1"
        },
        "west": {
          "uv": [
            0.25,
            10.5,
            1.5,
            8.5
          ],
          "rotation": 90,
          "texture": "#1"
        },
        "up": {
          "uv": [
            1.5,
            10.5,
            3.5,
            8.5
          ],
          "rotation": 180,
          "texture": "#1"
        },
        "down": {
          "uv": [
            1.5,
            8.5,
            3.5,
            6.5
          ],
          "texture": "#1"
        }
      }
    }
  ],
  "gui_light": "front",
  "display": {
    "thirdperson_righthand": {
      "rotation": [
        51,
        0,
        0
      ],
      "translation": [
        0,
        1.25,
        3.5
      ],
      "scale": [
        0.65,
        0.65,
        0.65
      ]
    },
    "thirdperson_lefthand": {
      "rotation": [
        51,
        0,
        0
      ],
      "translation": [
        0,
        1.25,
        3.5
      ],
      "scale": [
        0.65,
        0.65,
        0.65
      ]
    },
    "firstperson_righthand": {
      "rotation": [
        -19,
        -87,
        -11
      ],
      "translation": [
        0.75,
        3.5,
        0.75
      ],
      "scale": [
        0.5,
        0.5,
        0.5
      ]
    },
    "firstperson_lefthand": {
      "rotation": [
        -19,
        -87,
        -11
      ],
      "translation": [
        0.75,
        3.5,
        0.75
      ],
      "scale": [
        0.5,
        0.5,
        0.5
      ]
    },
    "ground": {
      "rotation": [
        -64,
        0,
        -84
      ],
      "translation": [
        0,
        2.25,
        0
      ],
      "scale": [
        0.5,
        0.5,
        0.5
      ]
    },
    "gui": {
      "rotation": [
        0,
        0,
        -44
      ],
      "translation": [
        0.25,
        -0.25,
        -2
      ],
      "scale": [
        0.45703,
        0.45703,
        0.45703
      ]
    },
    "head": {
      "rotation": [
        -135.5,
        0,
        0
      ],
      "translation": [
        0,
        14,
        5.75
      ],
      "scale": [
        0.7,
        0.7,
        0.7
      ]
    },
    "fixed": {
      "rotation": [
        -180,
        0,
        -180
      ],
      "translation": [
        0,
        0.75,
        -3
      ],
      "scale": [
        1.15547,
        1.15547,
        1.15547
      ]
    }
  },
  "groups": [
    {
      "name": "group",
      "origin": [
        0,
        3,
        0
      ],
      "color": 0,
      "boneType": "",
      "children": [
        {
          "name": "group",
          "origin": [
            8,
            -5,
            8
          ],
          "color": 0,
          "boneType": "",
          "children": [
            0,
            1,
            2,
            3,
            4,
            5,
            6,
            7,
            8,
            {
              "name": "group",
              "origin": [
                12.9,
                11.55,
                7
              ],
              "color": 0,
              "boneType": "",
              "children": [
                9,
                10,
                11,
                12,
                13
              ]
            },
            {
              "name": "group",
              "origin": [
                12.9,
                11.55,
                7
              ],
              "color": 0,
              "boneType": "",
              "children": [
                14,
                15,
                16,
                17,
                18
              ]
            },
            {
              "name": "group",
              "origin": [
                12.9,
                11.55,
                7
              ],
              "color": 0,
              "boneType": "",
              "children": [
                19,
                20,
                21
              ]
            },
            {
              "name": "group",
              "origin": [
                12.9,
                11.55,
                7
              ],
              "color": 0,
              "boneType": "",
              "children": [
                22,
                23,
                24
              ]
            }
          ]
        },
        25,
        26,
        27,
        28,
        29,
        30,
        31,
        32,
        33,
        34,
        35,
        36
      ]
    }
  ]
}