{
  "credit": "MadewithBlockbench",
  "texture_size": [
    64,
    64
  ],
  "textures": {
    "1": "warden_set:warden_weapon_1"
  },
  "elements": [
    {
      "from": [
        7,
        -7,
        8
      ],
      "to": [
        9,
        -1,
        10
      ],
      "rotation": {
        "angle": 0,
        "axis": "y",
        "origin": [
          8,
          6.5,
          8
        ]
      },
      "faces": {
        "north": {
          "uv": [
            1.75,
            5,
            2.25,
            6.5
          ],
          "texture": "#1"
        },
        "east": {
          "uv": [
            1.75,
            5,
            2.25,
            6.5
          ],
          "texture": "#1"
        },
        "south": {
          "uv": [
            1.75,
            5,
            2.25,
            6.5
          ],
          "texture": "#1"
        },
        "west": {
          "uv": [
            1.25,
            5,
            1.75,
            6.5
          ],
          "texture": "#1"
        }
      }
    },
    {
      "from": [
        6,
        -9,
        7
      ],
      "to": [
        10,
        -7,
        11
      ],
      "rotation": {
        "angle": 0,
        "axis": "y",
        "origin": [
          8,
          2,
          8
        ]
      },
      "faces": {
        "north": {
          "uv": [
            5.5,
            4,
            6.5,
            4.5
          ],
          "texture": "#1"
        },
        "east": {
          "uv": [
            5.5,
            3.5,
            6.5,
            4
          ],
          "texture": "#1"
        },
        "south": {
          "uv": [
            6.5,
            4,
            5.5,
            4.5
          ],
          "texture": "#1"
        },
        "west": {
          "uv": [
            5.5,
            3.5,
            6.5,
            4
          ],
          "texture": "#1"
        },
        "up": {
          "uv": [
            5.5,
            3.75,
            4.5,
            2.75
          ],
          "rotation": 90,
          "texture": "#1"
        },
        "down": {
          "uv": [
            4,
            4.5,
            3,
            5.5
          ],
          "rotation": 270,
          "texture": "#1"
        }
      }
    },
    {
      "from": [
        6,
        -1,
        7
      ],
      "to": [
        10,
        3,
        11
      ],
      "rotation": {
        "angle": 0,
        "axis": "y",
        "origin": [
          8,
          2,
          8
        ]
      },
      "faces": {
        "north": {
          "uv": [
            4,
            4.75,
            5,
            5.75
          ],
          "texture": "#1"
        },
        "east": {
          "uv": [
            5.5,
            3.75,
            4.5,
            4.75
          ],
          "texture": "#1"
        },
        "south": {
          "uv": [
            5,
            4.75,
            4,
            5.75
          ],
          "texture": "#1"
        },
        "west": {
          "uv": [
            4.5,
            3.75,
            5.5,
            4.75
          ],
          "texture": "#1"
        },
        "down": {
          "uv": [
            1,
            5,
            0,
            6
          ],
          "rotation": 270,
          "texture": "#1"
        }
      }
    },
    {
      "from": [
        5,
        1,
        6
      ],
      "to": [
        11,
        5,
        12
      ],
      "rotation": {
        "angle": 0,
        "axis": "y",
        "origin": [
          8,
          2,
          8
        ]
      },
      "faces": {
        "north": {
          "uv": [
            4.5,
            1,
            6,
            2
          ],
          "texture": "#1"
        },
        "east": {
          "uv": [
            6,
            0,
            4.5,
            1
          ],
          "texture": "#1"
        },
        "south": {
          "uv": [
            6,
            1,
            4.5,
            2
          ],
          "texture": "#1"
        },
        "west": {
          "uv": [
            4.5,
            0,
            6,
            1
          ],
          "texture": "#1"
        },
        "up": {
          "uv": [
            1.5,
            5,
            0,
            3.5
          ],
          "rotation": 90,
          "texture": "#1"
        },
        "down": {
          "uv": [
            3,
            3.5,
            1.5,
            5
          ],
          "rotation": 270,
          "texture": "#1"
        }
      }
    },
    {
      "from": [
        4,
        0,
        5
      ],
      "to": [
        4,
        6,
        13
      ],
      "rotation": {
        "angle": 0,
        "axis": "y",
        "origin": [
          8,
          2,
          8
        ]
      },
      "faces": {
        "north": {
          "uv": [
            1.5,
            8.5,
            0,
            10.5
          ],
          "rotation": 270,
          "texture": "#1"
        },
        "east": {
          "uv": [
            1.5,
            8.5,
            0,
            10.5
          ],
          "rotation": 270,
          "texture": "#1"
        },
        "south": {
          "uv": [
            1.5,
            8.5,
            0,
            10.5
          ],
          "rotation": 270,
          "texture": "#1"
        },
        "west": {
          "uv": [
            1.5,
            8.5,
            0,
            10.5
          ],
          "rotation": 270,
          "texture": "#1"
        },
        "up": {
          "uv": [
            3.5,
            8.5,
            1.5,
            10.5
          ],
          "rotation": 270,
          "texture": "#1"
        },
        "down": {
          "uv": [
            3.5,
            6.5,
            1.5,
            8.5
          ],
          "rotation": 270,
          "texture": "#1"
        }
      }
    },
    {
      "from": [
        4,
        0,
        5
      ],
      "to": [
        12,
        0,
        13
      ],
      "rotation": {
        "angle": 0,
        "axis": "y",
        "origin": [
          8,
          2,
          8
        ]
      },
      "faces": {
        "north": {
          "uv": [
            1.5,
            8.5,
            0,
            10.5
          ],
          "rotation": 270,
          "texture": "#1"
        },
        "east": {
          "uv": [
            1.5,
            8.5,
            0,
            10.5
          ],
          "rotation": 270,
          "texture": "#1"
        },
        "south": {
          "uv": [
            1.5,
            8.5,
            0,
            10.5
          ],
          "rotation": 270,
          "texture": "#1"
        },
        "west": {
          "uv": [
            1.5,
            8.5,
            0,
            10.5
          ],
          "rotation": 270,
          "texture": "#1"
        },
        "up": {
          "uv": [
            1.5,
            6.5,
            3.5,
            8.5
          ],
          "rotation": 270,
          "texture": "#1"
        },
        "down": {
          "uv": [
            3.5,
            6.5,
            1.5,
            8.5
          ],
          "rotation": 270,
          "texture": "#1"
        }
      }
    },
    {
      "from": [
        4,
        6,
        5
      ],
      "to": [
        12,
        6,
        13
      ],
      "rotation": {
        "angle": 0,
        "axis": "y",
        "origin": [
          8,
          2,
          8
        ]
      },
      "faces": {
        "north": {
          "uv": [
            1.5,
            8.5,
            0,
            10.5
          ],
          "rotation": 270,
          "texture": "#1"
        },
        "east": {
          "uv": [
            1.5,
            8.5,
            0,
            10.5
          ],
          "rotation": 270,
          "texture": "#1"
        },
        "south": {
          "uv": [
            1.5,
            8.5,
            0,
            10.5
          ],
          "rotation": 270,
          "texture": "#1"
        },
        "west": {
          "uv": [
            1.5,
            8.5,
            0,
            10.5
          ],
          "rotation": 270,
          "texture": "#1"
        },
        "up": {
          "uv": [
            3.5,
            8.5,
            1.5,
            10.5
          ],
          "rotation": 270,
          "texture": "#1"
        },
        "down": {
          "uv": [
            1.5,
            8.5,
            3.5,
            10.5
          ],
          "rotation": 270,
          "texture": "#1"
        }
      }
    },
    {
      "from": [
        4,
        0,
        5
      ],
      "to": [
        12,
        6,
        5
      ],
      "rotation": {
        "angle": 0,
        "axis": "y",
        "origin": [
          8,
          2,
          8
        ]
      },
      "faces": {
        "north": {
          "uv": [
            1.5,
            8.5,
            0,
            10.5
          ],
          "rotation": 270,
          "texture": "#1"
        },
        "east": {
          "uv": [
            1.5,
            8.5,
            0,
            10.5
          ],
          "rotation": 270,
          "texture": "#1"
        },
        "south": {
          "uv": [
            1.5,
            8.5,
            0,
            10.5
          ],
          "rotation": 270,
          "texture": "#1"
        },
        "west": {
          "uv": [
            1.5,
            8.5,
            0,
            10.5
          ],
          "rotation": 270,
          "texture": "#1"
        },
        "up": {
          "uv": [
            3.5,
            8.5,
            1.5,
            10.5
          ],
          "rotation": 270,
          "texture": "#1"
        },
        "down": {
          "uv": [
            3.5,
            6.5,
            1.5,
            8.5
          ],
          "rotation": 270,
          "texture": "#1"
        }
      }
    },
    {
      "from": [
        4,
        0,
        13
      ],
      "to": [
        12,
        6,
        13
      ],
      "rotation": {
        "angle": 0,
        "axis": "y",
        "origin": [
          8,
          2,
          8
        ]
      },
      "faces": {
        "north": {
          "uv": [
            1.5,
            8.5,
            0,
            10.5
          ],
          "rotation": 270,
          "texture": "#1"
        },
        "east": {
          "uv": [
            1.5,
            8.5,
            0,
            10.5
          ],
          "rotation": 270,
          "texture": "#1"
        },
        "south": {
          "uv": [
            1.5,
            8.5,
            0,
            10.5
          ],
          "rotation": 270,
          "texture": "#1"
        },
        "west": {
          "uv": [
            1.5,
            8.5,
            0,
            10.5
          ],
          "rotation": 270,
          "texture": "#1"
        },
        "up": {
          "uv": [
            3.5,
            8.5,
            1.5,
            10.5
          ],
          "rotation": 270,
          "texture": "#1"
        },
        "down": {
          "uv": [
            3.5,
            6.5,
            1.5,
            8.5
          ],
          "rotation": 270,
          "texture": "#1"
        }
      }
    },
    {
      "from": [
        12,
        0,
        5
      ],
      "to": [
        12,
        6,
        13
      ],
      "rotation": {
        "angle": 0,
        "axis": "y",
        "origin": [
          8,
          2,
          8
        ]
      },
      "faces": {
        "north": {
          "uv": [
            1.5,
            8.5,
            0,
            10.5
          ],
          "rotation": 270,
          "texture": "#1"
        },
        "east": {
          "uv": [
            1.5,
            8.5,
            0,
            10.5
          ],
          "rotation": 270,
          "texture": "#1"
        },
        "south": {
          "uv": [
            1.5,
            8.5,
            0,
            10.5
          ],
          "rotation": 270,
          "texture": "#1"
        },
        "west": {
          "uv": [
            1.5,
            8.5,
            0,
            10.5
          ],
          "rotation": 270,
          "texture": "#1"
        },
        "up": {
          "uv": [
            3.5,
            8.5,
            1.5,
            10.5
          ],
          "rotation": 270,
          "texture": "#1"
        },
        "down": {
          "uv": [
            3.5,
            6.5,
            1.5,
            8.5
          ],
          "rotation": 270,
          "texture": "#1"
        }
      }
    },
    {
      "from": [
        11,
        -2,
        9
      ],
      "to": [
        19,
        3,
        9
      ],
      "rotation": {
        "angle": -22.5,
        "axis": "z",
        "origin": [
          13,
          1,
          9
        ]
      },
      "faces": {
        "north": {
          "uv": [
            7.5,
            1.25,
            9.5,
            0
          ],
          "texture": "#1"
        },
        "south": {
          "uv": [
            9.5,
            1.25,
            7.5,
            0
          ],
          "texture": "#1"
        }
      }
    },
    {
      "from": [
        9.5,
        -2,
        7.5
      ],
      "to": [
        15.5,
        3,
        7.5
      ],
      "rotation": {
        "angle": -22.5,
        "axis": "z",
        "origin": [
          13,
          1,
          9
        ]
      },
      "faces": {
        "north": {
          "uv": [
            7.5,
            2.5,
            9,
            1.25
          ],
          "texture": "#1"
        },
        "south": {
          "uv": [
            9,
            2.5,
            7.5,
            1.25
          ],
          "texture": "#1"
        }
      }
    },
    {
      "from": [
        9.5,
        -2,
        10.5
      ],
      "to": [
        15.5,
        3,
        10.5
      ],
      "rotation": {
        "angle": -22.5,
        "axis": "z",
        "origin": [
          13,
          1,
          9
        ]
      },
      "faces": {
        "north": {
          "uv": [
            7.5,
            2.5,
            9,
            1.25
          ],
          "texture": "#1"
        },
        "south": {
          "uv": [
            9,
            2.5,
            7.5,
            1.25
          ],
          "texture": "#1"
        }
      }
    },
    {
      "from": [
        0.5,
        -2,
        7.5
      ],
      "to": [
        6.5,
        3,
        7.5
      ],
      "rotation": {
        "angle": 22.5,
        "axis": "z",
        "origin": [
          3,
          1,
          9
        ]
      },
      "faces": {
        "north": {
          "uv": [
            9,
            2.5,
            7.5,
            1.25
          ],
          "texture": "#1"
        },
        "south": {
          "uv": [
            7.5,
            2.5,
            9,
            1.25
          ],
          "texture": "#1"
        }
      }
    },
    {
      "from": [
        0.5,
        -2,
        10.5
      ],
      "to": [
        6.5,
        3,
        10.5
      ],
      "rotation": {
        "angle": 22.5,
        "axis": "z",
        "origin": [
          3,
          1,
          9
        ]
      },
      "faces": {
        "north": {
          "uv": [
            9,
            2.5,
            7.5,
            1.25
          ],
          "texture": "#1"
        },
        "south": {
          "uv": [
            7.5,
            2.5,
            9,
            1.25
          ],
          "texture": "#1"
        }
      }
    },
    {
      "from": [
        -3,
        -2,
        9
      ],
      "to": [
        5,
        3,
        9
      ],
      "rotation": {
        "angle": 22.5,
        "axis": "z",
        "origin": [
          3,
          1,
          9
        ]
      },
      "faces": {
        "north": {
          "uv": [
            9.5,
            1.25,
            7.5,
            0
          ],
          "texture": "#1"
        },
        "south": {
          "uv": [
            7.5,
            1.25,
            9.5,
            0
          ],
          "texture": "#1"
        }
      }
    },
    {
      "from": [
        4,
        21,
        9
      ],
      "to": [
        12,
        28,
        9
      ],
      "rotation": {
        "angle": 0,
        "axis": "y",
        "origin": [
          8,
          2,
          8
        ]
      },
      "faces": {
        "north": {
          "uv": [
            1.25,
            1.75,
            3.25,
            3.5
          ],
          "texture": "#1"
        },
        "east": {
          "uv": [
            0,
            0,
            0,
            1.75
          ],
          "texture": "#1"
        },
        "south": {
          "uv": [
            3.25,
            1.75,
            1.25,
            3.5
          ],
          "texture": "#1"
        },
        "west": {
          "uv": [
            0,
            0,
            0,
            1.75
          ],
          "texture": "#1"
        },
        "up": {
          "uv": [
            0,
            2,
            0,
            0
          ],
          "rotation": 90,
          "texture": "#1"
        },
        "down": {
          "uv": [
            0,
            0,
            0,
            2
          ],
          "rotation": 270,
          "texture": "#1"
        }
      }
    },
    {
      "from": [
        9,
        7,
        9
      ],
      "to": [
        14,
        21,
        9
      ],
      "rotation": {
        "angle": 0,
        "axis": "y",
        "origin": [
          8,
          2,
          8
        ]
      },
      "faces": {
        "north": {
          "uv": [
            6.25,
            0,
            7.5,
            3.5
          ],
          "texture": "#1"
        },
        "south": {
          "uv": [
            7.5,
            0,
            6.25,
            3.5
          ],
          "texture": "#1"
        }
      }
    },
    {
      "from": [
        2,
        7,
        9
      ],
      "to": [
        7,
        21,
        9
      ],
      "rotation": {
        "angle": 0,
        "axis": "y",
        "origin": [
          8,
          2,
          8
        ]
      },
      "faces": {
        "north": {
          "uv": [
            7.5,
            0,
            6.25,
            3.5
          ],
          "texture": "#1"
        },
        "south": {
          "uv": [
            6.25,
            0,
            7.5,
            3.5
          ],
          "texture": "#1"
        }
      }
    },
    {
      "from": [
        10,
        0,
        8
      ],
      "to": [
        16,
        3,
        10
      ],
      "rotation": {
        "angle": 22.5,
        "axis": "z",
        "origin": [
          10,
          0,
          8
        ]
      },
      "faces": {
        "north": {
          "uv": [
            4.5,
            2,
            6,
            2.75
          ],
          "texture": "#1"
        },
        "east": {
          "uv": [
            5.5,
            5,
            6,
            5.75
          ],
          "texture": "#1"
        },
        "south": {
          "uv": [
            6,
            2,
            4.5,
            2.75
          ],
          "texture": "#1"
        },
        "west": {
          "uv": [
            4,
            5.75,
            4.5,
            6.5
          ],
          "texture": "#1"
        },
        "up": {
          "uv": [
            2.75,
            6.5,
            2.25,
            5
          ],
          "rotation": 90,
          "texture": "#1"
        },
        "down": {
          "uv": [
            5.5,
            4.75,
            5,
            6.25
          ],
          "rotation": 270,
          "texture": "#1"
        }
      }
    },
    {
      "from": [
        15.51936,
        2.28364,
        8.5
      ],
      "to": [
        19.51936,
        4.28364,
        9.5
      ],
      "rotation": {
        "angle": 45,
        "axis": "z",
        "origin": [
          15.5,
          2.35,
          8
        ]
      },
      "faces": {
        "north": {
          "uv": [
            5.5,
            4.5,
            6.5,
            5
          ],
          "texture": "#1"
        },
        "east": {
          "uv": [
            2.75,
            5,
            3,
            5.5
          ],
          "texture": "#1"
        },
        "south": {
          "uv": [
            6.5,
            4.5,
            5.5,
            5
          ],
          "texture": "#1"
        },
        "west": {
          "uv": [
            6,
            0,
            6.25,
            0.5
          ],
          "texture": "#1"
        },
        "up": {
          "uv": [
            3.25,
            4.5,
            3,
            3.5
          ],
          "rotation": 90,
          "texture": "#1"
        },
        "down": {
          "uv": [
            5,
            5.75,
            4.75,
            6.75
          ],
          "rotation": 270,
          "texture": "#1"
        }
      }
    },
    {
      "from": [
        0,
        0,
        8
      ],
      "to": [
        6,
        3,
        10
      ],
      "rotation": {
        "angle": -22.5,
        "axis": "z",
        "origin": [
          6,
          0,
          8
        ]
      },
      "faces": {
        "north": {
          "uv": [
            6,
            2,
            4.5,
            2.75
          ],
          "texture": "#1"
        },
        "east": {
          "uv": [
            4.5,
            5.75,
            4,
            6.5
          ],
          "texture": "#1"
        },
        "south": {
          "uv": [
            4.5,
            2,
            6,
            2.75
          ],
          "texture": "#1"
        },
        "west": {
          "uv": [
            6,
            5,
            5.5,
            5.75
          ],
          "texture": "#1"
        },
        "up": {
          "uv": [
            2.75,
            5,
            2.25,
            6.5
          ],
          "rotation": 90,
          "texture": "#1"
        },
        "down": {
          "uv": [
            5.5,
            6.25,
            5,
            4.75
          ],
          "rotation": 270,
          "texture": "#1"
        }
      }
    },
    {
      "from": [
        -3.51936,
        2.28364,
        8.5
      ],
      "to": [
        0.48064,
        4.28364,
        9.5
      ],
      "rotation": {
        "angle": -45,
        "axis": "z",
        "origin": [
          0.5,
          2.35,
          8
        ]
      },
      "faces": {
        "north": {
          "uv": [
            6.5,
            4.5,
            5.5,
            5
          ],
          "texture": "#1"
        },
        "east": {
          "uv": [
            6.25,
            0,
            6,
            0.5
          ],
          "texture": "#1"
        },
        "south": {
          "uv": [
            5.5,
            4.5,
            6.5,
            5
          ],
          "texture": "#1"
        },
        "west": {
          "uv": [
            3,
            5,
            2.75,
            5.5
          ],
          "texture": "#1"
        },
        "up": {
          "uv": [
            3.25,
            3.5,
            3,
            4.5
          ],
          "rotation": 90,
          "texture": "#1"
        },
        "down": {
          "uv": [
            5,
            6.75,
            4.75,
            5.75
          ],
          "rotation": 270,
          "texture": "#1"
        }
      }
    },
    {
      "from": [
        6.5,
        -6,
        7.5
      ],
      "to": [
        9.5,
        -5,
        10.5
      ],
      "rotation": {
        "angle": 0,
        "axis": "y",
        "origin": [
          8,
          2,
          8
        ]
      },
      "faces": {
        "north": {
          "uv": [
            0,
            6,
            0.75,
            6.25
          ],
          "texture": "#1"
        },
        "east": {
          "uv": [
            0,
            6,
            0.75,
            6.25
          ],
          "texture": "#1"
        },
        "south": {
          "uv": [
            0,
            6,
            0.75,
            6.25
          ],
          "texture": "#1"
        },
        "west": {
          "uv": [
            5.5,
            5.75,
            6.25,
            6
          ],
          "texture": "#1"
        },
        "up": {
          "uv": [
            3.5,
            6.25,
            2.75,
            5.5
          ],
          "rotation": 90,
          "texture": "#1"
        },
        "down": {
          "uv": [
            6.25,
            2.75,
            5.5,
            3.5
          ],
          "rotation": 270,
          "texture": "#1"
        }
      }
    },
    {
      "from": [
        5.5,
        3,
        8.5
      ],
      "to": [
        10.5,
        17,
        9.5
      ],
      "rotation": {
        "angle": 0,
        "axis": "y",
        "origin": [
          8,
          2,
          8
        ]
      },
      "faces": {
        "north": {
          "uv": [
            0,
            0,
            1.25,
            3.5
          ],
          "texture": "#1"
        },
        "east": {
          "uv": [
            1.25,
            5,
            1,
            8.5
          ],
          "texture": "#1"
        },
        "south": {
          "uv": [
            1.25,
            0,
            0,
            3.5
          ],
          "texture": "#1"
        },
        "west": {
          "uv": [
            1,
            5,
            1.25,
            8.5
          ],
          "texture": "#1"
        },
        "up": {
          "uv": [
            4.75,
            7,
            4.5,
            5.75
          ],
          "rotation": 90,
          "texture": "#1"
        }
      }
    },
    {
      "from": [
        6.5,
        3,
        8
      ],
      "to": [
        9.5,
        21,
        10
      ],
      "rotation": {
        "angle": 0,
        "axis": "y",
        "origin": [
          8,
          2,
          8
        ]
      },
      "faces": {
        "north": {
          "uv": [
            3.25,
            0,
            4,
            4.5
          ],
          "texture": "#1"
        },
        "east": {
          "uv": [
            4.5,
            0,
            4,
            4.5
          ],
          "texture": "#1"
        },
        "south": {
          "uv": [
            4,
            0,
            3.25,
            4.5
          ],
          "texture": "#1"
        },
        "west": {
          "uv": [
            4,
            0,
            4.5,
            4.5
          ],
          "texture": "#1"
        },
        "up": {
          "uv": [
            4,
            6.25,
            3.5,
            5.5
          ],
          "rotation": 90,
          "texture": "#1"
        }
      }
    }
  ],
  "gui_light": "front",
  "display": {
    "thirdperson_righthand": {
      "rotation": [
        90,
        -75,
        90
      ],
      "translation": [
        -0.75,
        3.5,
        1.75
      ],
      "scale": [
        0.575,
        0.575,
        0.575
      ]
    },
    "thirdperson_lefthand": {
      "rotation": [
        90,
        -75,
        90
      ],
      "translation": [
        -0.75,
        3.5,
        1.75
      ],
      "scale": [
        0.575,
        0.575,
        0.575
      ]
    },
    "firstperson_righthand": {
      "rotation": [
        -17,
        -87,
        -11
      ],
      "translation": [
        1,
        4.5,
        0.75
      ],
      "scale": [
        0.5,
        0.5,
        0.5
      ]
    },
    "firstperson_lefthand": {
      "rotation": [
        -17,
        -87,
        -11
      ],
      "translation": [
        1,
        4.5,
        0.75
      ],
      "scale": [
        0.5,
        0.5,
        0.5
      ]
    },
    "ground": {
      "rotation": [
        -64,
        0,
        -84
      ],
      "translation": [
        0,
        2.25,
        0
      ],
      "scale": [
        0.5,
        0.5,
        0.5
      ]
    },
    "gui": {
      "rotation": [
        0,
        0,
        -44
      ],
      "translation": [
        0.25,
        -0.25,
        -2
      ],
      "scale": [
        0.45703,
        0.45703,
        0.45703
      ]
    },
    "head": {
      "rotation": [
        -135.5,
        0,
        0
      ],
      "translation": [
        0,
        14,
        5.75
      ],
      "scale": [
        0.7,
        0.7,
        0.7
      ]
    },
    "fixed": {
      "rotation": [
        -180,
        0,
        -180
      ],
      "translation": [
        0,
        0.75,
        -3
      ],
      "scale": [
        1.15547,
        1.15547,
        1.15547
      ]
    }
  },
  "groups": [
    {
      "name": "group",
      "origin": [
        0,
        3,
        0
      ],
      "color": 0,
      "boneType": "",
      "children": [
        0,
        1,
        2,
        3,
        4,
        5,
        6,
        7,
        8,
        9,
        10,
        11,
        12,
        13,
        14,
        15,
        16,
        17,
        18,
        {
          "name": "group",
          "origin": [
            15.5,
            2.35,
            8
          ],
          "color": 0,
          "boneType": "",
          "children": [
            19,
            20
          ]
        },
        {
          "name": "group",
          "origin": [
            15.5,
            2.35,
            8
          ],
          "color": 0,
          "boneType": "",
          "children": [
            21,
            22
          ]
        },
        23,
        24
      ]
    },
    25
  ]
}