{
  "credit": "Made by PolygonMC",
  "texture_size": [
    24,
    24
  ],
  "textures": {
    "2": "beatsset:animations/animations_02",
    "3": "beatsset:animations/animations_01",
    "4": "beatsset:shield",
    "5": "beatsset:animations/animations_07",
    "particle": "beatsset:animations/animations_07"
  },
  "elements": [
    {
      "from": [
        7.5,
        5.25,
        9.8
      ],
      "to": [
        8.5,
        7.25,
        10.8
      ],
      "rotation": {
        "angle": 0,
        "axis": "y",
        "origin": [
          8.5,
          3.75,
          9.8
        ]
      },
      "faces": {
        "north": {
          "uv": [
            10.66667,
            10.66667,
            11.33333,
            12
          ],
          "texture": "#4"
        },
        "east": {
          "uv": [
            8.66667,
            9.33333,
            9.33333,
            10.66667
          ],
          "texture": "#4"
        },
        "south": {
          "uv": [
            9.33333,
            10.66667,
            10,
            12
          ],
          "texture": "#4"
        },
        "west": {
          "uv": [
            10,
            10.66667,
            10.66667,
            12
          ],
          "texture": "#4"
        },
        "up": {
          "uv": [
            11.33333,
            13.33333,
            10.66667,
            12.66667
          ],
          "rotation": 90,
          "texture": "#4"
        }
      }
    },
    {
      "from": [
        7.6,
        7.25,
        9.9
      ],
      "to": [
        8.4,
        8.75,
        10.7
      ],
      "rotation": {
        "angle": 0,
        "axis": "y",
        "origin": [
          8.5,
          4.25,
          9.8
        ]
      },
      "faces": {
        "north": {
          "uv": [
            8.66667,
            12,
            9.33333,
            13
          ],
          "texture": "#4"
        },
        "east": {
          "uv": [
            7.33333,
            12,
            8,
            13
          ],
          "texture": "#4"
        },
        "south": {
          "uv": [
            8,
            12,
            8.66667,
            13
          ],
          "texture": "#4"
        },
        "west": {
          "uv": [
            12,
            8,
            12.66667,
            9
          ],
          "texture": "#4"
        }
      }
    },
    {
      "from": [
        7.5,
        8.75,
        9.8
      ],
      "to": [
        8.5,
        10.75,
        10.8
      ],
      "rotation": {
        "angle": 0,
        "axis": "y",
        "origin": [
          8.5,
          4.25,
          9.8
        ]
      },
      "faces": {
        "north": {
          "uv": [
            11.33333,
            4,
            12,
            5.33333
          ],
          "texture": "#4"
        },
        "east": {
          "uv": [
            11.33333,
            0,
            12,
            1.33333
          ],
          "texture": "#4"
        },
        "south": {
          "uv": [
            11.33333,
            1.33333,
            12,
            2.66667
          ],
          "texture": "#4"
        },
        "west": {
          "uv": [
            11.33333,
            2.66667,
            12,
            4
          ],
          "texture": "#4"
        },
        "down": {
          "uv": [
            13.33333,
            10.66667,
            12.66667,
            11.33333
          ],
          "rotation": 270,
          "texture": "#4"
        }
      }
    },
    {
      "from": [
        7.4,
        5.75,
        9.7
      ],
      "to": [
        8.6,
        6.25,
        10.9
      ],
      "rotation": {
        "angle": 0,
        "axis": "y",
        "origin": [
          8.5,
          4.75,
          9.8
        ]
      },
      "faces": {
        "north": {
          "uv": [
            1.33333,
            14,
            2,
            14.33333
          ],
          "texture": "#4"
        },
        "east": {
          "uv": [
            14,
            0,
            14.66667,
            0.33333
          ],
          "texture": "#4"
        },
        "south": {
          "uv": [
            0.66667,
            14,
            1.33333,
            14.33333
          ],
          "texture": "#4"
        },
        "west": {
          "uv": [
            14,
            0.66667,
            14.66667,
            1
          ],
          "texture": "#4"
        },
        "up": {
          "uv": [
            12,
            13.33333,
            11.33333,
            12.66667
          ],
          "rotation": 90,
          "texture": "#4"
        },
        "down": {
          "uv": [
            13.33333,
            11.33333,
            12.66667,
            12
          ],
          "rotation": 270,
          "texture": "#4"
        }
      }
    },
    {
      "from": [
        7.4,
        9.75,
        9.7
      ],
      "to": [
        8.6,
        10.25,
        10.9
      ],
      "rotation": {
        "angle": 0,
        "axis": "y",
        "origin": [
          8.5,
          5.75,
          9.8
        ]
      },
      "faces": {
        "north": {
          "uv": [
            2.66667,
            14,
            3.33333,
            14.33333
          ],
          "texture": "#4"
        },
        "east": {
          "uv": [
            14,
            1.33333,
            14.66667,
            1.66667
          ],
          "texture": "#4"
        },
        "south": {
          "uv": [
            2,
            14,
            2.66667,
            14.33333
          ],
          "texture": "#4"
        },
        "west": {
          "uv": [
            14,
            2,
            14.66667,
            2.33333
          ],
          "texture": "#4"
        },
        "up": {
          "uv": [
            13.33333,
            12.66667,
            12.66667,
            12
          ],
          "rotation": 90,
          "texture": "#4"
        },
        "down": {
          "uv": [
            13.33333,
            12.66667,
            12.66667,
            13.33333
          ],
          "rotation": 270,
          "texture": "#4"
        }
      }
    },
    {
      "from": [
        7.405,
        4.43,
        9.705
      ],
      "to": [
        8.595,
        5.62,
        10.895
      ],
      "rotation": {
        "angle": 45,
        "axis": "z",
        "origin": [
          8,
          5.025,
          10.3
        ]
      },
      "faces": {
        "north": {
          "uv": [
            13.33333,
            2,
            14,
            2.66667
          ],
          "texture": "#4"
        },
        "east": {
          "uv": [
            13.33333,
            0,
            14,
            0.66667
          ],
          "texture": "#4"
        },
        "south": {
          "uv": [
            13.33333,
            0.66667,
            14,
            1.33333
          ],
          "texture": "#4"
        },
        "west": {
          "uv": [
            13.33333,
            1.33333,
            14,
            2
          ],
          "texture": "#4"
        },
        "up": {
          "uv": [
            14,
            3.33333,
            13.33333,
            2.66667
          ],
          "rotation": 90,
          "texture": "#4"
        },
        "down": {
          "uv": [
            14,
            3.33333,
            13.33333,
            4
          ],
          "rotation": 270,
          "texture": "#4"
        }
      }
    },
    {
      "from": [
        7.605,
        4.63,
        9.505
      ],
      "to": [
        8.395,
        5.42,
        11.095
      ],
      "rotation": {
        "angle": 45,
        "axis": "z",
        "origin": [
          8,
          5.025,
          10.3
        ]
      },
      "faces": {
        "north": {
          "uv": [
            13.33333,
            4.66667,
            14,
            5.33333
          ],
          "texture": "#4"
        },
        "east": {
          "uv": [
            9.33333,
            12,
            10.33333,
            12.66667
          ],
          "texture": "#4"
        },
        "south": {
          "uv": [
            13.33333,
            4,
            14,
            4.66667
          ],
          "texture": "#4"
        },
        "west": {
          "uv": [
            12,
            9.33333,
            13,
            10
          ],
          "texture": "#4"
        },
        "up": {
          "uv": [
            13,
            10.66667,
            12,
            10
          ],
          "rotation": 90,
          "texture": "#4"
        },
        "down": {
          "uv": [
            11.66667,
            12,
            10.66667,
            12.66667
          ],
          "rotation": 270,
          "texture": "#4"
        }
      }
    },
    {
      "from": [
        8,
        4.525,
        9.9
      ],
      "to": [
        9.25,
        5.025,
        10.7
      ],
      "rotation": {
        "angle": -22.5,
        "axis": "z",
        "origin": [
          9,
          4.775,
          10.3
        ]
      },
      "faces": {
        "north": {
          "uv": [
            13.33333,
            12,
            14.33333,
            12.33333
          ],
          "texture": "#4"
        },
        "south": {
          "uv": [
            11.33333,
            13.33333,
            12.33333,
            13.66667
          ],
          "texture": "#4"
        },
        "up": {
          "uv": [
            12.66667,
            11.66667,
            12,
            10.66667
          ],
          "rotation": 90,
          "texture": "#4"
        },
        "down": {
          "uv": [
            12.66667,
            12,
            12,
            13
          ],
          "rotation": 270,
          "texture": "#4"
        }
      }
    },
    {
      "from": [
        8,
        5.025,
        10.05
      ],
      "to": [
        9.35,
        5.525,
        10.55
      ],
      "rotation": {
        "angle": -22.5,
        "axis": "z",
        "origin": [
          9,
          4.775,
          10.3
        ]
      },
      "faces": {
        "north": {
          "uv": [
            13.33333,
            12.66667,
            14.33333,
            13
          ],
          "texture": "#4"
        },
        "south": {
          "uv": [
            12.66667,
            13.33333,
            13.66667,
            13.66667
          ],
          "texture": "#4"
        },
        "up": {
          "uv": [
            0.33333,
            15,
            0,
            14
          ],
          "rotation": 90,
          "texture": "#4"
        }
      }
    },
    {
      "from": [
        6.75,
        11.41598,
        6.05
      ],
      "to": [
        8.75,
        13.41598,
        7.55
      ],
      "rotation": {
        "angle": -45,
        "axis": "z",
        "origin": [
          8,
          12.16598,
          6.8
        ]
      },
      "faces": {
        "north": {
          "uv": [
            7.33333,
            5.33333,
            8.66667,
            6.66667
          ],
          "texture": "#4"
        },
        "east": {
          "uv": [
            7.33333,
            9.33333,
            8.33333,
            10.66667
          ],
          "texture": "#4"
        },
        "south": {
          "uv": [
            7.33333,
            4,
            8.66667,
            5.33333
          ],
          "texture": "#4"
        },
        "west": {
          "uv": [
            10,
            0,
            11,
            1.33333
          ],
          "texture": "#4"
        },
        "up": {
          "uv": [
            11,
            2.66667,
            10,
            1.33333
          ],
          "rotation": 90,
          "texture": "#4"
        },
        "down": {
          "uv": [
            11,
            2.66667,
            10,
            4
          ],
          "rotation": 270,
          "texture": "#4"
        }
      }
    },
    {
      "from": [
        7,
        11.66598,
        5.8
      ],
      "to": [
        8.5,
        13.16598,
        7.8
      ],
      "rotation": {
        "angle": -45,
        "axis": "z",
        "origin": [
          8,
          12.16598,
          6.8
        ]
      },
      "faces": {
        "north": {
          "uv": [
            5.33333,
            10.66667,
            6.33333,
            11.66667
          ],
          "texture": "#4"
        },
        "east": {
          "uv": [
            10,
            4,
            11.33333,
            5
          ],
          "texture": "#4"
        },
        "south": {
          "uv": [
            10,
            9.33333,
            11,
            10.33333
          ],
          "texture": "#4"
        },
        "west": {
          "uv": [
            10,
            5.33333,
            11.33333,
            6.33333
          ],
          "texture": "#4"
        },
        "up": {
          "uv": [
            11.33333,
            7.66667,
            10,
            6.66667
          ],
          "rotation": 90,
          "texture": "#4"
        },
        "down": {
          "uv": [
            11.33333,
            8,
            10,
            9
          ],
          "rotation": 270,
          "texture": "#4"
        }
      }
    },
    {
      "from": [
        8.95711,
        11.31243,
        6.3
      ],
      "to": [
        10.45711,
        12.81243,
        7.3
      ],
      "rotation": {
        "angle": 45,
        "axis": "z",
        "origin": [
          8.95711,
          11.81243,
          6.3
        ]
      },
      "faces": {
        "north": {
          "uv": [
            8,
            10.66667,
            9,
            11.66667
          ],
          "texture": "#4"
        },
        "east": {
          "uv": [
            12.66667,
            0,
            13.33333,
            1
          ],
          "texture": "#4"
        },
        "south": {
          "uv": [
            6.66667,
            10.66667,
            7.66667,
            11.66667
          ],
          "texture": "#4"
        },
        "west": {
          "uv": [
            12.66667,
            1.33333,
            13.33333,
            2.33333
          ],
          "texture": "#4"
        },
        "up": {
          "uv": [
            13.33333,
            3.66667,
            12.66667,
            2.66667
          ],
          "rotation": 90,
          "texture": "#4"
        },
        "down": {
          "uv": [
            13.33333,
            4,
            12.66667,
            5
          ],
          "rotation": 270,
          "texture": "#4"
        }
      }
    },
    {
      "from": [
        9.15842,
        12.22424,
        6.325
      ],
      "to": [
        11.15842,
        13.22424,
        7.275
      ],
      "rotation": {
        "angle": 22.5,
        "axis": "z",
        "origin": [
          11.15842,
          12.22424,
          6.3
        ]
      },
      "faces": {
        "north": {
          "uv": [
            11.33333,
            6,
            12.66667,
            6.66667
          ],
          "texture": "#4"
        },
        "east": {
          "uv": [
            5.33333,
            13.33333,
            6,
            14
          ],
          "texture": "#4"
        },
        "south": {
          "uv": [
            11.33333,
            5.33333,
            12.66667,
            6
          ],
          "texture": "#4"
        },
        "up": {
          "uv": [
            12,
            8,
            11.33333,
            6.66667
          ],
          "rotation": 90,
          "texture": "#4"
        },
        "down": {
          "uv": [
            12,
            8,
            11.33333,
            9.33333
          ],
          "rotation": 270,
          "texture": "#4"
        }
      }
    },
    {
      "from": [
        11.15842,
        12.22424,
        6.325
      ],
      "to": [
        13.15842,
        12.72424,
        7.275
      ],
      "rotation": {
        "angle": 22.5,
        "axis": "z",
        "origin": [
          11.15842,
          12.22424,
          6.3
        ]
      },
      "faces": {
        "north": {
          "uv": [
            6,
            13.33333,
            7.33333,
            13.66667
          ],
          "texture": "#4"
        },
        "east": {
          "uv": [
            14,
            2.66667,
            14.66667,
            3
          ],
          "texture": "#4"
        },
        "south": {
          "uv": [
            13.33333,
            5.33333,
            14.66667,
            5.66667
          ],
          "texture": "#4"
        },
        "up": {
          "uv": [
            12,
            10.66667,
            11.33333,
            9.33333
          ],
          "rotation": 90,
          "texture": "#4"
        },
        "down": {
          "uv": [
            12,
            10.66667,
            11.33333,
            12
          ],
          "rotation": 270,
          "texture": "#4"
        }
      }
    },
    {
      "from": [
        12.71655,
        13.04722,
        6.326
      ],
      "to": [
        13.21655,
        13.54722,
        7.274
      ],
      "rotation": {
        "angle": -22.5,
        "axis": "z",
        "origin": [
          12.96655,
          13.54722,
          6.801
        ]
      },
      "faces": {
        "north": {
          "uv": [
            14,
            11.33333,
            14.33333,
            11.66667
          ],
          "texture": "#4"
        },
        "east": {
          "uv": [
            3.33333,
            14,
            4,
            14.33333
          ],
          "texture": "#4"
        },
        "south": {
          "uv": [
            11.33333,
            14,
            11.66667,
            14.33333
          ],
          "texture": "#4"
        },
        "west": {
          "uv": [
            14,
            3.33333,
            14.66667,
            3.66667
          ],
          "texture": "#4"
        },
        "up": {
          "uv": [
            4.66667,
            14.33333,
            4,
            14
          ],
          "rotation": 90,
          "texture": "#4"
        }
      }
    },
    {
      "from": [
        10.642,
        12.47581,
        6.3255
      ],
      "to": [
        11.392,
        12.97581,
        7.2745
      ],
      "rotation": {
        "angle": -22.5,
        "axis": "z",
        "origin": [
          11.142,
          12.72581,
          6.8005
        ]
      },
      "faces": {
        "north": {
          "uv": [
            4.66667,
            14,
            5.33333,
            14.33333
          ],
          "texture": "#4"
        },
        "south": {
          "uv": [
            14,
            4,
            14.66667,
            4.33333
          ],
          "texture": "#4"
        },
        "up": {
          "uv": [
            14,
            6.66667,
            13.33333,
            6
          ],
          "rotation": 90,
          "texture": "#4"
        }
      }
    },
    {
      "from": [
        3.92283,
        8.25914,
        6.55
      ],
      "to": [
        6.42283,
        10.75914,
        7.05
      ],
      "rotation": {
        "angle": -45,
        "axis": "z",
        "origin": [
          8,
          6.68197,
          6.8
        ]
      },
      "faces": {
        "north": {
          "uv": [
            7.33333,
            2,
            9,
            3.66667
          ],
          "texture": "#4"
        },
        "east": {
          "uv": [
            12.66667,
            5.33333,
            13,
            7
          ],
          "texture": "#4"
        },
        "south": {
          "uv": [
            7.33333,
            0,
            9,
            1.66667
          ],
          "texture": "#4"
        },
        "west": {
          "uv": [
            12.66667,
            7.33333,
            13,
            9
          ],
          "texture": "#4"
        },
        "up": {
          "uv": [
            9.66667,
            14.33333,
            9.33333,
            12.66667
          ],
          "rotation": 90,
          "texture": "#4"
        },
        "down": {
          "uv": [
            10.33333,
            12.66667,
            10,
            14.33333
          ],
          "rotation": 270,
          "texture": "#4"
        }
      }
    },
    {
      "from": [
        9.94417,
        2.9718,
        6.55
      ],
      "to": [
        11.71017,
        4.7378,
        7.05
      ],
      "rotation": {
        "angle": -45,
        "axis": "z",
        "origin": [
          8,
          6.68197,
          6.8
        ]
      },
      "faces": {
        "north": {
          "uv": [
            7.33333,
            8,
            8.66667,
            9.33333
          ],
          "texture": "#4"
        },
        "east": {
          "uv": [
            13.33333,
            6.66667,
            13.66667,
            8
          ],
          "texture": "#4"
        },
        "south": {
          "uv": [
            7.33333,
            6.66667,
            8.66667,
            8
          ],
          "texture": "#4"
        },
        "west": {
          "uv": [
            7.33333,
            13.33333,
            7.66667,
            14.66667
          ],
          "texture": "#4"
        },
        "up": {
          "uv": [
            8.33333,
            14.66667,
            8,
            13.33333
          ],
          "rotation": 90,
          "texture": "#4"
        },
        "down": {
          "uv": [
            13.66667,
            8,
            13.33333,
            9.33333
          ],
          "rotation": 270,
          "texture": "#4"
        }
      }
    },
    {
      "from": [
        6.75,
        2.68375,
        6.555
      ],
      "to": [
        9.25,
        10.18375,
        7.045
      ],
      "rotation": {
        "angle": 0,
        "axis": "x",
        "origin": [
          8,
          6.68197,
          6.8
        ]
      },
      "faces": {
        "north": {
          "uv": [
            5.33333,
            5.33333,
            7,
            10.33333
          ],
          "texture": "#4"
        },
        "east": {
          "uv": [
            9.33333,
            0,
            9.66667,
            5
          ],
          "texture": "#4"
        },
        "south": {
          "uv": [
            5.33333,
            0,
            7,
            5
          ],
          "texture": "#4"
        },
        "west": {
          "uv": [
            9.33333,
            5.33333,
            9.66667,
            10.33333
          ],
          "texture": "#4"
        }
      }
    },
    {
      "from": [
        10.14034,
        5.66295,
        6.302
      ],
      "to": [
        10.64034,
        6.16295,
        7.298
      ],
      "rotation": {
        "angle": -45,
        "axis": "z",
        "origin": [
          8,
          6.68197,
          6.8
        ]
      },
      "faces": {
        "north": {
          "uv": [
            12.66667,
            14,
            13,
            14.33333
          ],
          "texture": "#4"
        },
        "east": {
          "uv": [
            14,
            4.66667,
            14.66667,
            5
          ],
          "texture": "#4"
        },
        "south": {
          "uv": [
            12,
            14,
            12.33333,
            14.33333
          ],
          "texture": "#4"
        },
        "west": {
          "uv": [
            5.33333,
            14,
            6,
            14.33333
          ],
          "texture": "#4"
        },
        "down": {
          "uv": [
            6.66667,
            14,
            6,
            14.33333
          ],
          "rotation": 270,
          "texture": "#4"
        }
      }
    },
    {
      "from": [
        9,
        4.44796,
        6.3
      ],
      "to": [
        9.5,
        8.44796,
        7.3
      ],
      "rotation": {
        "angle": 0,
        "axis": "x",
        "origin": [
          8,
          6.68197,
          6.8
        ]
      },
      "faces": {
        "north": {
          "uv": [
            12,
            2.66667,
            12.33333,
            5.33333
          ],
          "texture": "#4"
        },
        "east": {
          "uv": [
            8.66667,
            4,
            9.33333,
            6.66667
          ],
          "texture": "#4"
        },
        "south": {
          "uv": [
            12,
            0,
            12.33333,
            2.66667
          ],
          "texture": "#4"
        },
        "west": {
          "uv": [
            8.66667,
            6.66667,
            9.33333,
            9.33333
          ],
          "texture": "#4"
        },
        "up": {
          "uv": [
            14.66667,
            6.33333,
            14,
            6
          ],
          "rotation": 90,
          "texture": "#4"
        },
        "down": {
          "uv": [
            7.33333,
            14,
            6.66667,
            14.33333
          ],
          "rotation": 270,
          "texture": "#4"
        }
      }
    },
    {
      "from": [
        7.31192,
        8.49137,
        6.302
      ],
      "to": [
        7.81192,
        8.99137,
        7.298
      ],
      "rotation": {
        "angle": -45,
        "axis": "z",
        "origin": [
          8,
          6.68197,
          6.8
        ]
      },
      "faces": {
        "north": {
          "uv": [
            14,
            13.33333,
            14.33333,
            13.66667
          ],
          "texture": "#4"
        },
        "south": {
          "uv": [
            13.33333,
            14,
            13.66667,
            14.33333
          ],
          "texture": "#4"
        },
        "west": {
          "uv": [
            14,
            6.66667,
            14.66667,
            7
          ],
          "texture": "#4"
        },
        "up": {
          "uv": [
            14.66667,
            7.66667,
            14,
            7.33333
          ],
          "rotation": 90,
          "texture": "#4"
        },
        "down": {
          "uv": [
            14.66667,
            8,
            14,
            8.33333
          ],
          "rotation": 270,
          "texture": "#4"
        }
      }
    },
    {
      "from": [
        9.0436,
        3.67065,
        9.8
      ],
      "to": [
        9.5436,
        5.67065,
        10.8
      ],
      "rotation": {
        "angle": -22.5,
        "axis": "z",
        "origin": [
          10.85487,
          4.02545,
          10.3
        ]
      },
      "faces": {
        "north": {
          "uv": [
            13.33333,
            9.33333,
            13.66667,
            10.66667
          ],
          "texture": "#4"
        },
        "east": {
          "uv": [
            5.33333,
            12,
            6,
            13.33333
          ],
          "texture": "#4"
        },
        "south": {
          "uv": [
            8.66667,
            13.33333,
            9,
            14.66667
          ],
          "texture": "#4"
        },
        "west": {
          "uv": [
            6,
            12,
            6.66667,
            13.33333
          ],
          "texture": "#4"
        },
        "up": {
          "uv": [
            14.66667,
            9,
            14,
            8.66667
          ],
          "rotation": 90,
          "texture": "#4"
        },
        "down": {
          "uv": [
            14.66667,
            9.33333,
            14,
            9.66667
          ],
          "rotation": 270,
          "texture": "#4"
        }
      }
    },
    {
      "from": [
        9.1936,
        3.92065,
        10.05
      ],
      "to": [
        9.9436,
        5.92065,
        10.55
      ],
      "rotation": {
        "angle": -22.5,
        "axis": "z",
        "origin": [
          10.85487,
          4.02545,
          10.3
        ]
      },
      "faces": {
        "north": {
          "uv": [
            12,
            6.66667,
            12.66667,
            8
          ],
          "texture": "#4"
        },
        "east": {
          "uv": [
            10.66667,
            13.33333,
            11,
            14.66667
          ],
          "texture": "#4"
        },
        "south": {
          "uv": [
            6.66667,
            12,
            7.33333,
            13.33333
          ],
          "texture": "#4"
        },
        "west": {
          "uv": [
            13.33333,
            10.66667,
            13.66667,
            12
          ],
          "texture": "#4"
        },
        "up": {
          "uv": [
            14.33333,
            10.66667,
            14,
            10
          ],
          "rotation": 90,
          "texture": "#4"
        },
        "down": {
          "uv": [
            14.33333,
            10.66667,
            14,
            11.33333
          ],
          "rotation": 270,
          "texture": "#4"
        }
      }
    },
    {
      "from": [
        8.5,
        -3,
        6.8
      ],
      "to": [
        13,
        18,
        6.83
      ],
      "rotation": {
        "angle": 0,
        "axis": "y",
        "origin": [
          13.5,
          0,
          6.8
        ]
      },
      "faces": {
        "north": {
          "uv": [
            0,
            0,
            3,
            14
          ],
          "texture": "#4"
        },
        "south": {
          "uv": [
            3,
            0,
            0,
            14
          ],
          "texture": "#4"
        }
      }
    },
    {
      "from": [
        12.90485,
        -3,
        7.27835
      ],
      "to": [
        15.40485,
        18,
        7.30835
      ],
      "rotation": {
        "angle": -22.5,
        "axis": "y",
        "origin": [
          14.15485,
          7.5,
          7.27835
        ]
      },
      "faces": {
        "north": {
          "uv": [
            3.33333,
            0,
            5,
            14
          ],
          "texture": "#4"
        },
        "south": {
          "uv": [
            5,
            0,
            3.33333,
            14
          ],
          "texture": "#4"
        }
      }
    },
    {
      "from": [
        0.59515,
        -3,
        7.27835
      ],
      "to": [
        3.09515,
        18,
        7.30835
      ],
      "rotation": {
        "angle": 22.5,
        "axis": "y",
        "origin": [
          1.84515,
          7.5,
          7.27835
        ]
      },
      "faces": {
        "north": {
          "uv": [
            5,
            0,
            3.33333,
            14
          ],
          "texture": "#4"
        },
        "south": {
          "uv": [
            3.33333,
            0,
            5,
            14
          ],
          "texture": "#4"
        }
      }
    },
    {
      "from": [
        3,
        -3,
        6.8
      ],
      "to": [
        7.5,
        18,
        6.83
      ],
      "rotation": {
        "angle": 0,
        "axis": "y",
        "origin": [
          2.5,
          0,
          6.8
        ]
      },
      "faces": {
        "north": {
          "uv": [
            3,
            0,
            0,
            14
          ],
          "texture": "#4"
        },
        "south": {
          "uv": [
            0,
            0,
            3,
            14
          ],
          "texture": "#4"
        }
      }
    },
    {
      "from": [
        2.78345,
        13.04722,
        6.326
      ],
      "to": [
        3.28345,
        13.54722,
        7.274
      ],
      "rotation": {
        "angle": 22.5,
        "axis": "z",
        "origin": [
          3.03345,
          13.54722,
          6.801
        ]
      },
      "faces": {
        "north": {
          "uv": [
            14.33333,
            11.33333,
            14,
            11.66667
          ],
          "texture": "#4"
        },
        "east": {
          "uv": [
            14.66667,
            3.33333,
            14,
            3.66667
          ],
          "texture": "#4"
        },
        "south": {
          "uv": [
            11.66667,
            14,
            11.33333,
            14.33333
          ],
          "texture": "#4"
        },
        "west": {
          "uv": [
            4,
            14,
            3.33333,
            14.33333
          ],
          "texture": "#4"
        },
        "up": {
          "uv": [
            4.66667,
            14,
            4,
            14.33333
          ],
          "rotation": 90,
          "texture": "#4"
        }
      }
    },
    {
      "from": [
        2.84158,
        12.22424,
        6.325
      ],
      "to": [
        4.84158,
        12.72424,
        7.275
      ],
      "rotation": {
        "angle": -22.5,
        "axis": "z",
        "origin": [
          4.84158,
          12.22424,
          6.3
        ]
      },
      "faces": {
        "north": {
          "uv": [
            7.33333,
            13.33333,
            6,
            13.66667
          ],
          "texture": "#4"
        },
        "south": {
          "uv": [
            14.66667,
            5.33333,
            13.33333,
            5.66667
          ],
          "texture": "#4"
        },
        "west": {
          "uv": [
            14.66667,
            2.66667,
            14,
            3
          ],
          "texture": "#4"
        },
        "up": {
          "uv": [
            12,
            9.33333,
            11.33333,
            10.66667
          ],
          "rotation": 90,
          "texture": "#4"
        },
        "down": {
          "uv": [
            12,
            12,
            11.33333,
            10.66667
          ],
          "rotation": 270,
          "texture": "#4"
        }
      }
    },
    {
      "from": [
        4.608,
        12.47581,
        6.3255
      ],
      "to": [
        5.358,
        12.97581,
        7.2745
      ],
      "rotation": {
        "angle": 22.5,
        "axis": "z",
        "origin": [
          4.858,
          12.72581,
          6.8005
        ]
      },
      "faces": {
        "north": {
          "uv": [
            5.33333,
            14,
            4.66667,
            14.33333
          ],
          "texture": "#4"
        },
        "south": {
          "uv": [
            14.66667,
            4,
            14,
            4.33333
          ],
          "texture": "#4"
        },
        "up": {
          "uv": [
            14,
            6,
            13.33333,
            6.66667
          ],
          "rotation": 90,
          "texture": "#4"
        }
      }
    },
    {
      "from": [
        4.84158,
        12.22424,
        6.325
      ],
      "to": [
        6.84158,
        13.22424,
        7.275
      ],
      "rotation": {
        "angle": -22.5,
        "axis": "z",
        "origin": [
          4.84158,
          12.22424,
          6.3
        ]
      },
      "faces": {
        "north": {
          "uv": [
            12.66667,
            6,
            11.33333,
            6.66667
          ],
          "texture": "#4"
        },
        "south": {
          "uv": [
            12.66667,
            5.33333,
            11.33333,
            6
          ],
          "texture": "#4"
        },
        "west": {
          "uv": [
            6,
            13.33333,
            5.33333,
            14
          ],
          "texture": "#4"
        },
        "up": {
          "uv": [
            12,
            6.66667,
            11.33333,
            8
          ],
          "rotation": 90,
          "texture": "#4"
        },
        "down": {
          "uv": [
            12,
            9.33333,
            11.33333,
            8
          ],
          "rotation": 270,
          "texture": "#4"
        }
      }
    },
    {
      "from": [
        5.54289,
        11.31243,
        6.3
      ],
      "to": [
        7.04289,
        12.81243,
        7.3
      ],
      "rotation": {
        "angle": -45,
        "axis": "z",
        "origin": [
          7.04289,
          11.81243,
          6.3
        ]
      },
      "faces": {
        "north": {
          "uv": [
            9,
            10.66667,
            8,
            11.66667
          ],
          "texture": "#4"
        },
        "east": {
          "uv": [
            13.33333,
            1.33333,
            12.66667,
            2.33333
          ],
          "texture": "#4"
        },
        "south": {
          "uv": [
            7.66667,
            10.66667,
            6.66667,
            11.66667
          ],
          "texture": "#4"
        },
        "west": {
          "uv": [
            13.33333,
            0,
            12.66667,
            1
          ],
          "texture": "#4"
        },
        "up": {
          "uv": [
            13.33333,
            2.66667,
            12.66667,
            3.66667
          ],
          "rotation": 90,
          "texture": "#4"
        },
        "down": {
          "uv": [
            13.33333,
            5,
            12.66667,
            4
          ],
          "rotation": 270,
          "texture": "#4"
        }
      }
    },
    {
      "from": [
        6.5,
        4.44796,
        6.3
      ],
      "to": [
        7,
        8.44796,
        7.3
      ],
      "rotation": {
        "angle": 0,
        "axis": "x",
        "origin": [
          8,
          6.68197,
          6.8
        ]
      },
      "faces": {
        "north": {
          "uv": [
            12.33333,
            2.66667,
            12,
            5.33333
          ],
          "texture": "#4"
        },
        "east": {
          "uv": [
            9.33333,
            6.66667,
            8.66667,
            9.33333
          ],
          "texture": "#4"
        },
        "south": {
          "uv": [
            12.33333,
            0,
            12,
            2.66667
          ],
          "texture": "#4"
        },
        "west": {
          "uv": [
            9.33333,
            4,
            8.66667,
            6.66667
          ],
          "texture": "#4"
        },
        "up": {
          "uv": [
            14.66667,
            6,
            14,
            6.33333
          ],
          "rotation": 90,
          "texture": "#4"
        },
        "down": {
          "uv": [
            7.33333,
            14.33333,
            6.66667,
            14
          ],
          "rotation": 270,
          "texture": "#4"
        }
      }
    },
    {
      "from": [
        8.18808,
        8.49137,
        6.302
      ],
      "to": [
        8.68808,
        8.99137,
        7.298
      ],
      "rotation": {
        "angle": 45,
        "axis": "z",
        "origin": [
          8,
          6.68197,
          6.8
        ]
      },
      "faces": {
        "north": {
          "uv": [
            14.33333,
            13.33333,
            14,
            13.66667
          ],
          "texture": "#4"
        },
        "east": {
          "uv": [
            14.66667,
            6.66667,
            14,
            7
          ],
          "texture": "#4"
        },
        "south": {
          "uv": [
            13.66667,
            14,
            13.33333,
            14.33333
          ],
          "texture": "#4"
        },
        "up": {
          "uv": [
            14.66667,
            7.33333,
            14,
            7.66667
          ],
          "rotation": 90,
          "texture": "#4"
        },
        "down": {
          "uv": [
            14.66667,
            8.33333,
            14,
            8
          ],
          "rotation": 270,
          "texture": "#4"
        }
      }
    },
    {
      "from": [
        5.35966,
        5.66295,
        6.302
      ],
      "to": [
        5.85966,
        6.16295,
        7.298
      ],
      "rotation": {
        "angle": 45,
        "axis": "z",
        "origin": [
          8,
          6.68197,
          6.8
        ]
      },
      "faces": {
        "north": {
          "uv": [
            13,
            14,
            12.66667,
            14.33333
          ],
          "texture": "#4"
        },
        "east": {
          "uv": [
            6,
            14,
            5.33333,
            14.33333
          ],
          "texture": "#4"
        },
        "south": {
          "uv": [
            12.33333,
            14,
            12,
            14.33333
          ],
          "texture": "#4"
        },
        "west": {
          "uv": [
            14.66667,
            4.66667,
            14,
            5
          ],
          "texture": "#4"
        },
        "down": {
          "uv": [
            6.66667,
            14.33333,
            6,
            14
          ],
          "rotation": 270,
          "texture": "#4"
        }
      }
    },
    {
      "from": [
        4.5,
        9,
        5.7
      ],
      "to": [
        11.5,
        16,
        5.7
      ],
      "rotation": {
        "angle": 0,
        "axis": "y",
        "origin": [
          15.5,
          5.4,
          -1.2
        ]
      },
      "faces": {
        "north": {
          "uv": [
            1,
            1,
            15,
            15
          ],
          "texture": "#2"
        }
      }
    },
    {
      "from": [
        11.12404,
        1.55109,
        10.285
      ],
      "to": [
        13.12404,
        5.55109,
        10.315
      ],
      "rotation": {
        "angle": -22.5,
        "axis": "z",
        "origin": [
          12.12404,
          5.55109,
          10.3
        ]
      },
      "faces": {
        "north": {
          "uv": [
            0,
            0,
            8,
            4
          ],
          "rotation": 270,
          "texture": "#3"
        },
        "south": {
          "uv": [
            8,
            0,
            0,
            4
          ],
          "rotation": 90,
          "texture": "#3"
        }
      }
    },
    {
      "from": [
        2.87596,
        1.55109,
        10.285
      ],
      "to": [
        4.87596,
        5.55109,
        10.315
      ],
      "rotation": {
        "angle": 22.5,
        "axis": "z",
        "origin": [
          3.87596,
          5.55109,
          10.3
        ]
      },
      "faces": {
        "north": {
          "uv": [
            0,
            4,
            8,
            0
          ],
          "rotation": 270,
          "texture": "#3"
        },
        "south": {
          "uv": [
            8,
            4,
            0,
            0
          ],
          "rotation": 90,
          "texture": "#3"
        }
      }
    },
    {
      "from": [
        6.0564,
        3.92065,
        10.05
      ],
      "to": [
        6.8064,
        5.92065,
        10.55
      ],
      "rotation": {
        "angle": 22.5,
        "axis": "z",
        "origin": [
          5.14513,
          4.02545,
          10.3
        ]
      },
      "faces": {
        "north": {
          "uv": [
            12.66667,
            6.66667,
            12,
            8
          ],
          "texture": "#4"
        },
        "east": {
          "uv": [
            13.66667,
            10.66667,
            13.33333,
            12
          ],
          "texture": "#4"
        },
        "south": {
          "uv": [
            7.33333,
            12,
            6.66667,
            13.33333
          ],
          "texture": "#4"
        },
        "west": {
          "uv": [
            11,
            13.33333,
            10.66667,
            14.66667
          ],
          "texture": "#4"
        },
        "up": {
          "uv": [
            14.33333,
            10,
            14,
            10.66667
          ],
          "rotation": 90,
          "texture": "#4"
        },
        "down": {
          "uv": [
            14.33333,
            11.33333,
            14,
            10.66667
          ],
          "rotation": 270,
          "texture": "#4"
        }
      }
    },
    {
      "from": [
        6.4564,
        3.67065,
        9.8
      ],
      "to": [
        6.9564,
        5.67065,
        10.8
      ],
      "rotation": {
        "angle": 22.5,
        "axis": "z",
        "origin": [
          5.14513,
          4.02545,
          10.3
        ]
      },
      "faces": {
        "north": {
          "uv": [
            13.66667,
            9.33333,
            13.33333,
            10.66667
          ],
          "texture": "#4"
        },
        "east": {
          "uv": [
            6.66667,
            12,
            6,
            13.33333
          ],
          "texture": "#4"
        },
        "south": {
          "uv": [
            9,
            13.33333,
            8.66667,
            14.66667
          ],
          "texture": "#4"
        },
        "west": {
          "uv": [
            6,
            12,
            5.33333,
            13.33333
          ],
          "texture": "#4"
        },
        "up": {
          "uv": [
            14.66667,
            8.66667,
            14,
            9
          ],
          "rotation": 90,
          "texture": "#4"
        },
        "down": {
          "uv": [
            14.66667,
            9.66667,
            14,
            9.33333
          ],
          "rotation": 270,
          "texture": "#4"
        }
      }
    },
    {
      "from": [
        6.65,
        5.025,
        10.05
      ],
      "to": [
        8,
        5.525,
        10.55
      ],
      "rotation": {
        "angle": 22.5,
        "axis": "z",
        "origin": [
          7,
          4.775,
          10.3
        ]
      },
      "faces": {
        "north": {
          "uv": [
            14.33333,
            12.66667,
            13.33333,
            13
          ],
          "texture": "#4"
        },
        "south": {
          "uv": [
            13.66667,
            13.33333,
            12.66667,
            13.66667
          ],
          "texture": "#4"
        },
        "up": {
          "uv": [
            0.33333,
            14,
            0,
            15
          ],
          "rotation": 90,
          "texture": "#4"
        }
      }
    },
    {
      "from": [
        6.75,
        4.525,
        9.9
      ],
      "to": [
        8,
        5.025,
        10.7
      ],
      "rotation": {
        "angle": 22.5,
        "axis": "z",
        "origin": [
          7,
          4.775,
          10.3
        ]
      },
      "faces": {
        "north": {
          "uv": [
            14.33333,
            12,
            13.33333,
            12.33333
          ],
          "texture": "#4"
        },
        "south": {
          "uv": [
            12.33333,
            13.33333,
            11.33333,
            13.66667
          ],
          "texture": "#4"
        },
        "up": {
          "uv": [
            12.66667,
            10.66667,
            12,
            11.66667
          ],
          "rotation": 90,
          "texture": "#4"
        },
        "down": {
          "uv": [
            12.66667,
            13,
            12,
            12
          ],
          "rotation": 270,
          "texture": "#4"
        }
      }
    },
    {
      "from": [
        2.87596,
        10.44891,
        10.285
      ],
      "to": [
        4.87596,
        14.44891,
        10.315
      ],
      "rotation": {
        "angle": -22.5,
        "axis": "z",
        "origin": [
          3.87596,
          10.44891,
          10.3
        ]
      },
      "faces": {
        "north": {
          "uv": [
            8,
            4,
            0,
            0
          ],
          "rotation": 270,
          "texture": "#3"
        },
        "south": {
          "uv": [
            0,
            4,
            8,
            0
          ],
          "rotation": 90,
          "texture": "#3"
        }
      }
    },
    {
      "from": [
        6.0564,
        10.07935,
        10.05
      ],
      "to": [
        6.8064,
        12.07935,
        10.55
      ],
      "rotation": {
        "angle": -22.5,
        "axis": "z",
        "origin": [
          5.14513,
          11.97455,
          10.3
        ]
      },
      "faces": {
        "north": {
          "uv": [
            12.66667,
            8,
            12,
            6.66667
          ],
          "texture": "#4"
        },
        "east": {
          "uv": [
            13.66667,
            12,
            13.33333,
            10.66667
          ],
          "texture": "#4"
        },
        "south": {
          "uv": [
            7.33333,
            13.33333,
            6.66667,
            12
          ],
          "texture": "#4"
        },
        "west": {
          "uv": [
            11,
            14.66667,
            10.66667,
            13.33333
          ],
          "texture": "#4"
        },
        "up": {
          "uv": [
            14.33333,
            10.66667,
            14,
            11.33333
          ],
          "rotation": 90,
          "texture": "#4"
        },
        "down": {
          "uv": [
            14.33333,
            10.66667,
            14,
            10
          ],
          "rotation": 270,
          "texture": "#4"
        }
      }
    },
    {
      "from": [
        6.4564,
        10.32935,
        9.8
      ],
      "to": [
        6.9564,
        12.32935,
        10.8
      ],
      "rotation": {
        "angle": -22.5,
        "axis": "z",
        "origin": [
          5.14513,
          11.97455,
          10.3
        ]
      },
      "faces": {
        "north": {
          "uv": [
            13.66667,
            10.66667,
            13.33333,
            9.33333
          ],
          "texture": "#4"
        },
        "east": {
          "uv": [
            6.66667,
            13.33333,
            6,
            12
          ],
          "texture": "#4"
        },
        "south": {
          "uv": [
            9,
            14.66667,
            8.66667,
            13.33333
          ],
          "texture": "#4"
        },
        "west": {
          "uv": [
            6,
            13.33333,
            5.33333,
            12
          ],
          "texture": "#4"
        },
        "up": {
          "uv": [
            14.66667,
            9.33333,
            14,
            9.66667
          ],
          "rotation": 90,
          "texture": "#4"
        },
        "down": {
          "uv": [
            14.66667,
            9,
            14,
            8.66667
          ],
          "rotation": 270,
          "texture": "#4"
        }
      }
    },
    {
      "from": [
        6.65,
        10.475,
        10.05
      ],
      "to": [
        8,
        10.975,
        10.55
      ],
      "rotation": {
        "angle": -22.5,
        "axis": "z",
        "origin": [
          7,
          11.225,
          10.3
        ]
      },
      "faces": {
        "north": {
          "uv": [
            14.33333,
            13,
            13.33333,
            12.66667
          ],
          "texture": "#4"
        },
        "south": {
          "uv": [
            13.66667,
            13.66667,
            12.66667,
            13.33333
          ],
          "texture": "#4"
        },
        "down": {
          "uv": [
            0.33333,
            15,
            0,
            14
          ],
          "rotation": 270,
          "texture": "#4"
        }
      }
    },
    {
      "from": [
        6.75,
        10.975,
        9.9
      ],
      "to": [
        8,
        11.475,
        10.7
      ],
      "rotation": {
        "angle": -22.5,
        "axis": "z",
        "origin": [
          7,
          11.225,
          10.3
        ]
      },
      "faces": {
        "north": {
          "uv": [
            14.33333,
            12.33333,
            13.33333,
            12
          ],
          "texture": "#4"
        },
        "south": {
          "uv": [
            12.33333,
            13.66667,
            11.33333,
            13.33333
          ],
          "texture": "#4"
        },
        "up": {
          "uv": [
            12.66667,
            12,
            12,
            13
          ],
          "rotation": 90,
          "texture": "#4"
        },
        "down": {
          "uv": [
            12.66667,
            11.66667,
            12,
            10.66667
          ],
          "rotation": 270,
          "texture": "#4"
        }
      }
    },
    {
      "from": [
        8,
        10.475,
        10.05
      ],
      "to": [
        9.35,
        10.975,
        10.55
      ],
      "rotation": {
        "angle": 22.5,
        "axis": "z",
        "origin": [
          9,
          11.225,
          10.3
        ]
      },
      "faces": {
        "north": {
          "uv": [
            13.33333,
            13,
            14.33333,
            12.66667
          ],
          "texture": "#4"
        },
        "south": {
          "uv": [
            12.66667,
            13.66667,
            13.66667,
            13.33333
          ],
          "texture": "#4"
        },
        "down": {
          "uv": [
            0.33333,
            14,
            0,
            15
          ],
          "rotation": 270,
          "texture": "#4"
        }
      }
    },
    {
      "from": [
        8,
        10.975,
        9.9
      ],
      "to": [
        9.25,
        11.475,
        10.7
      ],
      "rotation": {
        "angle": 22.5,
        "axis": "z",
        "origin": [
          9,
          11.225,
          10.3
        ]
      },
      "faces": {
        "north": {
          "uv": [
            13.33333,
            12.33333,
            14.33333,
            12
          ],
          "texture": "#4"
        },
        "south": {
          "uv": [
            11.33333,
            13.66667,
            12.33333,
            13.33333
          ],
          "texture": "#4"
        },
        "up": {
          "uv": [
            12.66667,
            13,
            12,
            12
          ],
          "rotation": 90,
          "texture": "#4"
        },
        "down": {
          "uv": [
            12.66667,
            10.66667,
            12,
            11.66667
          ],
          "rotation": 270,
          "texture": "#4"
        }
      }
    },
    {
      "from": [
        9.0436,
        10.32935,
        9.8
      ],
      "to": [
        9.5436,
        12.32935,
        10.8
      ],
      "rotation": {
        "angle": 22.5,
        "axis": "z",
        "origin": [
          10.85487,
          11.97455,
          10.3
        ]
      },
      "faces": {
        "north": {
          "uv": [
            13.33333,
            10.66667,
            13.66667,
            9.33333
          ],
          "texture": "#4"
        },
        "east": {
          "uv": [
            5.33333,
            13.33333,
            6,
            12
          ],
          "texture": "#4"
        },
        "south": {
          "uv": [
            8.66667,
            14.66667,
            9,
            13.33333
          ],
          "texture": "#4"
        },
        "west": {
          "uv": [
            6,
            13.33333,
            6.66667,
            12
          ],
          "texture": "#4"
        },
        "up": {
          "uv": [
            14.66667,
            9.66667,
            14,
            9.33333
          ],
          "rotation": 90,
          "texture": "#4"
        },
        "down": {
          "uv": [
            14.66667,
            8.66667,
            14,
            9
          ],
          "rotation": 270,
          "texture": "#4"
        }
      }
    },
    {
      "from": [
        9.1936,
        10.07935,
        10.05
      ],
      "to": [
        9.9436,
        12.07935,
        10.55
      ],
      "rotation": {
        "angle": 22.5,
        "axis": "z",
        "origin": [
          10.85487,
          11.97455,
          10.3
        ]
      },
      "faces": {
        "north": {
          "uv": [
            12,
            8,
            12.66667,
            6.66667
          ],
          "texture": "#4"
        },
        "east": {
          "uv": [
            10.66667,
            14.66667,
            11,
            13.33333
          ],
          "texture": "#4"
        },
        "south": {
          "uv": [
            6.66667,
            13.33333,
            7.33333,
            12
          ],
          "texture": "#4"
        },
        "west": {
          "uv": [
            13.33333,
            12,
            13.66667,
            10.66667
          ],
          "texture": "#4"
        },
        "up": {
          "uv": [
            14.33333,
            11.33333,
            14,
            10.66667
          ],
          "rotation": 90,
          "texture": "#4"
        },
        "down": {
          "uv": [
            14.33333,
            10,
            14,
            10.66667
          ],
          "rotation": 270,
          "texture": "#4"
        }
      }
    },
    {
      "from": [
        11.12404,
        10.44891,
        10.285
      ],
      "to": [
        13.12404,
        14.44891,
        10.315
      ],
      "rotation": {
        "angle": 22.5,
        "axis": "z",
        "origin": [
          12.12404,
          10.44891,
          10.3
        ]
      },
      "faces": {
        "north": {
          "uv": [
            8,
            0,
            0,
            4
          ],
          "rotation": 270,
          "texture": "#3"
        },
        "south": {
          "uv": [
            0,
            0,
            8,
            4
          ],
          "rotation": 90,
          "texture": "#3"
        }
      }
    },
    {
      "from": [
        7.405,
        10.38,
        9.705
      ],
      "to": [
        8.595,
        11.57,
        10.895
      ],
      "rotation": {
        "angle": -45,
        "axis": "z",
        "origin": [
          8,
          10.975,
          10.3
        ]
      },
      "faces": {
        "north": {
          "uv": [
            13.33333,
            2.66667,
            14,
            2
          ],
          "texture": "#4"
        },
        "east": {
          "uv": [
            13.33333,
            0.66667,
            14,
            0
          ],
          "texture": "#4"
        },
        "south": {
          "uv": [
            13.33333,
            1.33333,
            14,
            0.66667
          ],
          "texture": "#4"
        },
        "west": {
          "uv": [
            13.33333,
            2,
            14,
            1.33333
          ],
          "texture": "#4"
        },
        "up": {
          "uv": [
            14,
            4,
            13.33333,
            3.33333
          ],
          "rotation": 90,
          "texture": "#4"
        },
        "down": {
          "uv": [
            14,
            2.66667,
            13.33333,
            3.33333
          ],
          "rotation": 270,
          "texture": "#4"
        }
      }
    },
    {
      "from": [
        7.605,
        10.58,
        9.505
      ],
      "to": [
        8.395,
        11.37,
        11.095
      ],
      "rotation": {
        "angle": -45,
        "axis": "z",
        "origin": [
          8,
          10.975,
          10.3
        ]
      },
      "faces": {
        "north": {
          "uv": [
            13.33333,
            5.33333,
            14,
            4.66667
          ],
          "texture": "#4"
        },
        "east": {
          "uv": [
            9.33333,
            12.66667,
            10.33333,
            12
          ],
          "texture": "#4"
        },
        "south": {
          "uv": [
            13.33333,
            4.66667,
            14,
            4
          ],
          "texture": "#4"
        },
        "west": {
          "uv": [
            12,
            10,
            13,
            9.33333
          ],
          "texture": "#4"
        },
        "up": {
          "uv": [
            11.66667,
            12.66667,
            10.66667,
            12
          ],
          "rotation": 90,
          "texture": "#4"
        },
        "down": {
          "uv": [
            13,
            10,
            12,
            10.66667
          ],
          "rotation": 270,
          "texture": "#4"
        }
      }
    },
    {
      "from": [
        -2.06075,
        0.31381,
        6.94829
      ],
      "to": [
        2.43925,
        14.31381,
        6.97829
      ],
      "rotation": {
        "angle": 22.5,
        "axis": "y",
        "origin": [
          0.18925,
          7.31381,
          6.96329
        ]
      },
      "faces": {
        "north": {
          "uv": [
            0,
            3,
            10.99583,
            6.49167
          ],
          "rotation": 270,
          "texture": "#5"
        },
        "south": {
          "uv": [
            0,
            6.49167,
            10.99583,
            3
          ],
          "rotation": 270,
          "texture": "#5"
        }
      }
    },
    {
      "from": [
        13.56075,
        0.31381,
        6.94829
      ],
      "to": [
        18.06075,
        14.31381,
        6.97829
      ],
      "rotation": {
        "angle": -22.5,
        "axis": "y",
        "origin": [
          15.81075,
          7.31381,
          6.96329
        ]
      },
      "faces": {
        "north": {
          "uv": [
            0,
            6.49167,
            10.99583,
            3
          ],
          "rotation": 270,
          "texture": "#5"
        },
        "south": {
          "uv": [
            0,
            3,
            10.99583,
            6.49167
          ],
          "rotation": 270,
          "texture": "#5"
        }
      }
    }
  ],
  "gui_light": "front",
  "display": {
    "thirdperson_righthand": {
      "rotation": [
        0,
        -90,
        0
      ],
      "translation": [
        2.25,
        -2,
        1
      ]
    },
    "thirdperson_lefthand": {
      "rotation": [
        0,
        -90,
        0
      ],
      "translation": [
        2.25,
        -2,
        1
      ]
    },
    "firstperson_righthand": {
      "rotation": [
        0,
        0,
        15
      ],
      "translation": [
        1.75,
        1.25,
        0.75
      ]
    },
    "firstperson_lefthand": {
      "rotation": [
        0,
        0,
        15
      ],
      "translation": [
        1.75,
        1.25,
        0.75
      ]
    },
    "ground": {
      "rotation": [
        45,
        0,
        0
      ],
      "translation": [
        0,
        8,
        0
      ]
    },
    "gui": {
      "rotation": [
        0,
        180,
        -45
      ],
      "translation": [
        -0.5,
        0.5,
        0
      ],
      "scale": [
        0.76953,
        0.76953,
        0.76953
      ]
    },
    "fixed": {
      "translation": [
        0,
        0.75,
        -1
      ],
      "scale": [
        2.5,
        2.5,
        2.5
      ]
    }
  }
}