{
	"credit": "MadebyPolygonMC",
	"texture_size": [24, 24],
	"textures": {
		"0": "littleduckset:sword",
		"particle": "littleduckset:sword"
	},
	"elements": [
		{
			"from": [7.4, -0.1, 7.4],
			"to": [8.6, 1.1, 8.6],
			"rotation": {"angle": -45, "axis": "x", "origin": [8, 0.5, 8]},
			"faces": {
				"north": {"uv": [8.66667, 7.33333, 9.33333, 8], "texture": "#0"},
				"east": {"uv": [8.66667, 8, 9.33333, 8.66667], "texture": "#0"},
				"south": {"uv": [8.66667, 8.66667, 9.33333, 9.33333], "texture": "#0"},
				"west": {"uv": [3.33333, 9.33333, 4, 10], "texture": "#0"},
				"up": {"uv": [4.66667, 10, 4, 9.33333], "texture": "#0"},
				"down": {"uv": [6.66667, 9.33333, 6, 10], "texture": "#0"}
			}
		},
		{
			"from": [7.5, 0.7, 7.5],
			"to": [8.5, 1.7, 8.5],
			"rotation": {"angle": 0, "axis": "x", "origin": [8, 1.2, 8]},
			"faces": {
				"north": {"uv": [6.66667, 9.33333, 7.33333, 10], "texture": "#0"},
				"east": {"uv": [7.33333, 9.33333, 8, 10], "texture": "#0"},
				"south": {"uv": [9.33333, 7.33333, 10, 8], "texture": "#0"},
				"west": {"uv": [8, 9.33333, 8.66667, 10], "texture": "#0"},
				"up": {"uv": [10, 8.66667, 9.33333, 8], "texture": "#0"},
				"down": {"uv": [9.33333, 9.33333, 8.66667, 10], "texture": "#0"}
			}
		},
		{
			"from": [7.5, 3.7, 7.5],
			"to": [8.5, 4.7, 8.5],
			"rotation": {"angle": 0, "axis": "x", "origin": [8, 4.2, 8]},
			"faces": {
				"north": {"uv": [0, 10, 0.66667, 10.66667], "texture": "#0"},
				"east": {"uv": [10, 0, 10.66667, 0.66667], "texture": "#0"},
				"south": {"uv": [0.66667, 10, 1.33333, 10.66667], "texture": "#0"},
				"west": {"uv": [10, 0.66667, 10.66667, 1.33333], "texture": "#0"},
				"up": {"uv": [2, 10.66667, 1.33333, 10], "texture": "#0"},
				"down": {"uv": [10.66667, 1.33333, 10, 2], "texture": "#0"}
			}
		},
		{
			"from": [7.6, 1.7, 7.6],
			"to": [8.4, 3.7, 8.4],
			"rotation": {"angle": 0, "axis": "x", "origin": [8, 2.2, 8]},
			"faces": {
				"north": {"uv": [6, 8.66667, 5.33333, 10], "texture": "#0"},
				"east": {"uv": [5.33333, 8.66667, 6, 10], "texture": "#0"},
				"south": {"uv": [6, 8.66667, 5.33333, 10], "texture": "#0"},
				"west": {"uv": [5.33333, 8.66667, 6, 10], "texture": "#0"},
				"up": {"uv": [10, 9.33333, 9.33333, 8.66667], "texture": "#0"},
				"down": {"uv": [10, 9.33333, 9.33333, 10], "texture": "#0"}
			}
		},
		{
			"from": [6.78, 4.67, 6.2767],
			"to": [9.22, 7.11, 9.9367],
			"rotation": {"angle": 0, "axis": "y", "origin": [-2.37, -5.09, -2.2633]},
			"faces": {
				"north": {"uv": [4.66667, 6.66667, 6.33333, 8.33333], "texture": "#0"},
				"east": {"uv": [5.33333, 0, 7.66667, 1.66667], "texture": "#0"},
				"south": {"uv": [6.66667, 6.66667, 8.33333, 8.33333], "texture": "#0"},
				"west": {"uv": [5.33333, 2, 7.66667, 3.66667], "texture": "#0"},
				"up": {"uv": [4.33333, 7.66667, 2.66667, 5.33333], "texture": "#0"},
				"down": {"uv": [7, 4, 5.33333, 6.33333], "texture": "#0"}
			}
		},
		{
			"from": [7.2192, 6.2292, 5.2025],
			"to": [8.7808, 8.0908, 7.2349],
			"rotation": {"angle": 0, "axis": "y", "origin": [1.3632, -0.0172, -1.6539]},
			"faces": {
				"north": {"uv": [7.33333, 5.33333, 8.33333, 6.66667], "texture": "#0"},
				"east": {"uv": [0, 7.33333, 1.33333, 8.66667], "texture": "#0"},
				"south": {"uv": [3.33333, 8, 4.33333, 9.33333], "texture": "#0"},
				"west": {"uv": [1.33333, 7.33333, 2.66667, 8.66667], "texture": "#0"},
				"up": {"uv": [1, 10, 0, 8.66667], "texture": "#0"},
				"down": {"uv": [9.66667, 0, 8.66667, 1.33333], "texture": "#0"}
			}
		},
		{
			"from": [7.3412, 6.3207, 4.3241],
			"to": [8.6588, 6.9063, 5.2025],
			"rotation": {"angle": 0, "axis": "y", "origin": [1.3632, -0.0477, -3.3863]},
			"faces": {
				"north": {"uv": [3.33333, 10, 4.33333, 10.33333], "texture": "#0"},
				"east": {"uv": [6, 10, 6.66667, 10.33333], "texture": "#0"},
				"west": {"uv": [10, 6, 10.66667, 6.33333], "texture": "#0"},
				"up": {"uv": [9.66667, 7.33333, 8.66667, 6.66667], "texture": "#0"},
				"down": {"uv": [8.33333, 8.66667, 7.33333, 9.33333], "texture": "#0"}
			}
		},
		{
			"from": [7.2192, 6.6342, 9.3755],
			"to": [8.7808, 7.4638, 10.8079],
			"rotation": {"angle": -22.5, "axis": "x", "origin": [8, 7.049, 10.2417]},
			"faces": {
				"east": {"uv": [8.66667, 5.33333, 9.66667, 6], "texture": "#0"},
				"south": {"uv": [6, 8.66667, 7, 9.33333], "texture": "#0"},
				"west": {"uv": [8.66667, 6, 9.66667, 6.66667], "texture": "#0"},
				"up": {"uv": [2.33333, 9.66667, 1.33333, 8.66667], "texture": "#0"},
				"down": {"uv": [9.66667, 1.33333, 8.66667, 2.33333], "texture": "#0"}
			}
		},
		{
			"from": [7.75, 7, 7],
			"to": [8.25, 15, 9],
			"rotation": {"angle": 0, "axis": "y", "origin": [8.25, 8, 8]},
			"faces": {
				"north": {"uv": [8, 0, 8.33333, 5.33333], "texture": "#0"},
				"east": {"uv": [2.66667, 0, 4, 5.33333], "texture": "#0"},
				"south": {"uv": [2.66667, 8, 3, 13.33333], "texture": "#0"},
				"west": {"uv": [4, 0, 5.33333, 5.33333], "texture": "#0"},
				"up": {"uv": [2.33333, 11.33333, 2, 10], "texture": "#0"},
				"down": {"uv": [10.33333, 2, 10, 3.33333], "texture": "#0"}
			}
		},
		{
			"from": [8, 7, 6.3],
			"to": [8, 18, 9.7],
			"rotation": {"angle": 0, "axis": "y", "origin": [8.5, 8, 7.3]},
			"faces": {
				"north": {"uv": [0, 0, 0, 7.33333], "texture": "#0"},
				"east": {"uv": [0, 0, 2.33333, 7.33333], "texture": "#0"},
				"south": {"uv": [0, 0, 0, 7.33333], "texture": "#0"},
				"west": {"uv": [0, 0, 2.33333, 7.33333], "texture": "#0"},
				"up": {"uv": [0, 2.33333, 0, 0], "texture": "#0"},
				"down": {"uv": [0, 0, 0, 2.33333], "texture": "#0"}
			}
		},
		{
			"from": [7.7475, 14.40659, 7],
			"to": [8.2525, 15.83159, 8.425],
			"rotation": {"angle": -45, "axis": "x", "origin": [7.9975, 15.40659, 8]},
			"faces": {
				"north": {"uv": [10, 3.33333, 10.33333, 4.33333], "texture": "#0"},
				"east": {"uv": [8.66667, 2.66667, 9.66667, 3.66667], "texture": "#0"},
				"south": {"uv": [4.66667, 10, 5, 11], "texture": "#0"},
				"west": {"uv": [8.66667, 4, 9.66667, 5], "texture": "#0"},
				"up": {"uv": [10.33333, 5.66667, 10, 4.66667], "texture": "#0"},
				"down": {"uv": [5.66667, 10, 5.33333, 11], "texture": "#0"}
			}
		}
	],
	"gui_light": "front",
	"display": {
		"thirdperson_righthand": {
			"translation": [0, 3, 1.5]
		},
		"thirdperson_lefthand": {
			"translation": [0, 3, 1.5]
		},
		"firstperson_righthand": {
			"translation": [-1.5, 4.5, 3]
		},
		"firstperson_lefthand": {
			"translation": [-1.5, 4.5, 3]
		},
		"ground": {
			"translation": [0, 7.5, 0]
		},
		"gui": {
			"rotation": [90, -135, 90],
			"translation": [-0.75, -0.75, -1],
			"scale": [1.39258, 1.39258, 1.39258]
		},
		"head": {
			"rotation": [0, 90, 0],
			"scale": [1.5, 1.5, 1.5]
		},
		"fixed": {
			"rotation": [0, -90, 0],
			"translation": [-0.75, -0.75, -1.75],
			"scale": [2.5, 2.5, 2.5]
		}
	}
}