{
  "credit": "MadebyPolygonMC",
  "texture_size": [
    24,
    24
  ],
  "textures": {
    "1": "noraset:spear",
    "2": "noraset:animations/animations_1",
    "particle": "noraset:spear"
  },
  "elements": [
    {
      "from": [
        7.5,
        1,
        7.5
      ],
      "to": [
        8.5,
        2,
        8.5
      ],
      "rotation": {
        "angle": 0,
        "axis": "y",
        "origin": [
          7.5,
          0,
          7.5
        ]
      },
      "faces": {
        "north": {
          "uv": [
            6,
            9.33333,
            6.66667,
            10
          ],
          "texture": "#1"
        },
        "east": {
          "uv": [
            9.33333,
            6,
            10,
            6.66667
          ],
          "texture": "#1"
        },
        "south": {
          "uv": [
            7.33333,
            9.33333,
            8,
            10
          ],
          "texture": "#1"
        },
        "west": {
          "uv": [
            8,
            9.33333,
            8.66667,
            10
          ],
          "texture": "#1"
        },
        "up": {
          "uv": [
            9.33333,
            10,
            8.66667,
            9.33333
          ],
          "texture": "#1"
        },
        "down": {
          "uv": [
            10,
            9.33333,
            9.33333,
            10
          ],
          "texture": "#1"
        }
      }
    },
    {
      "from": [
        7.4,
        0.5,
        7.4
      ],
      "to": [
        8.6,
        1,
        8.6
      ],
      "rotation": {
        "angle": 0,
        "axis": "y",
        "origin": [
          7.5,
          -1,
          7.5
        ]
      },
      "faces": {
        "north": {
          "uv": [
            11.33333,
            8.66667,
            12,
            9
          ],
          "texture": "#1"
        },
        "east": {
          "uv": [
            11.33333,
            9.33333,
            12,
            9.66667
          ],
          "texture": "#1"
        },
        "south": {
          "uv": [
            10,
            11.33333,
            10.66667,
            11.66667
          ],
          "texture": "#1"
        },
        "west": {
          "uv": [
            11.33333,
            10,
            12,
            10.33333
          ],
          "texture": "#1"
        },
        "up": {
          "uv": [
            0.66667,
            10.66667,
            0,
            10
          ],
          "texture": "#1"
        },
        "down": {
          "uv": [
            1.33333,
            10,
            0.66667,
            10.66667
          ],
          "texture": "#1"
        }
      }
    },
    {
      "from": [
        7.4,
        7.2,
        7.4
      ],
      "to": [
        8.6,
        7.7,
        8.6
      ],
      "rotation": {
        "angle": 0,
        "axis": "y",
        "origin": [
          7.5,
          -1.3,
          7.5
        ]
      },
      "faces": {
        "north": {
          "uv": [
            10.66667,
            11.33333,
            11.33333,
            11.66667
          ],
          "texture": "#1"
        },
        "east": {
          "uv": [
            11.33333,
            10.66667,
            12,
            11
          ],
          "texture": "#1"
        },
        "south": {
          "uv": [
            11.33333,
            11.33333,
            12,
            11.66667
          ],
          "texture": "#1"
        },
        "west": {
          "uv": [
            0,
            12,
            0.66667,
            12.33333
          ],
          "texture": "#1"
        },
        "up": {
          "uv": [
            2,
            10.66667,
            1.33333,
            10
          ],
          "texture": "#1"
        },
        "down": {
          "uv": [
            2.66667,
            10,
            2,
            10.66667
          ],
          "texture": "#1"
        }
      }
    },
    {
      "from": [
        7.4,
        19.7,
        7.4
      ],
      "to": [
        8.6,
        20.45,
        8.6
      ],
      "rotation": {
        "angle": 0,
        "axis": "y",
        "origin": [
          7.5,
          18.2,
          7.5
        ]
      },
      "faces": {
        "north": {
          "uv": [
            2.66667,
            10,
            3.33333,
            10.66667
          ],
          "texture": "#1"
        },
        "east": {
          "uv": [
            3.33333,
            10,
            4,
            10.66667
          ],
          "texture": "#1"
        },
        "south": {
          "uv": [
            4,
            10,
            4.66667,
            10.66667
          ],
          "texture": "#1"
        },
        "west": {
          "uv": [
            4.66667,
            10,
            5.33333,
            10.66667
          ],
          "texture": "#1"
        },
        "up": {
          "uv": [
            6,
            10.66667,
            5.33333,
            10
          ],
          "texture": "#1"
        },
        "down": {
          "uv": [
            6.66667,
            10,
            6,
            10.66667
          ],
          "texture": "#1"
        }
      }
    },
    {
      "from": [
        7.6,
        22.37421,
        6.21
      ],
      "to": [
        8.4,
        24.37421,
        8.21
      ],
      "rotation": {
        "angle": -45,
        "axis": "x",
        "origin": [
          8,
          24.16421,
          8
        ]
      },
      "faces": {
        "north": {
          "uv": [
            6,
            6.66667,
            6.66667,
            8
          ],
          "texture": "#1"
        },
        "east": {
          "uv": [
            2.66667,
            3.33333,
            4,
            4.66667
          ],
          "texture": "#1"
        },
        "south": {
          "uv": [
            7.33333,
            6.66667,
            8,
            8
          ],
          "texture": "#1"
        },
        "west": {
          "uv": [
            4,
            0,
            5.33333,
            1.33333
          ],
          "texture": "#1"
        },
        "up": {
          "uv": [
            0.66667,
            9.33333,
            0,
            8
          ],
          "texture": "#1"
        },
        "down": {
          "uv": [
            8.66667,
            0,
            8,
            1.33333
          ],
          "texture": "#1"
        }
      }
    },
    {
      "from": [
        7.485,
        23.79421,
        9.37
      ],
      "to": [
        8.515,
        24.37421,
        9.95
      ],
      "rotation": {
        "angle": -45,
        "axis": "x",
        "origin": [
          8,
          24.16421,
          8
        ]
      },
      "faces": {
        "north": {
          "uv": [
            12,
            0,
            12.66667,
            0.33333
          ],
          "texture": "#1"
        },
        "east": {
          "uv": [
            12.66667,
            1.33333,
            13,
            1.66667
          ],
          "texture": "#1"
        },
        "south": {
          "uv": [
            0.66667,
            12,
            1.33333,
            12.33333
          ],
          "texture": "#1"
        },
        "west": {
          "uv": [
            2,
            12.66667,
            2.33333,
            13
          ],
          "texture": "#1"
        },
        "up": {
          "uv": [
            12.66667,
            1,
            12,
            0.66667
          ],
          "texture": "#1"
        }
      }
    },
    {
      "from": [
        7.485,
        23.21421,
        8.79
      ],
      "to": [
        8.515,
        23.79421,
        9.95
      ],
      "rotation": {
        "angle": -45,
        "axis": "x",
        "origin": [
          8,
          24.16421,
          8
        ]
      },
      "faces": {
        "east": {
          "uv": [
            1.33333,
            12,
            2,
            12.33333
          ],
          "texture": "#1"
        },
        "south": {
          "uv": [
            12,
            1.33333,
            12.66667,
            1.66667
          ],
          "texture": "#1"
        },
        "west": {
          "uv": [
            2,
            12,
            2.66667,
            12.33333
          ],
          "texture": "#1"
        },
        "up": {
          "uv": [
            10.66667,
            6.66667,
            10,
            6
          ],
          "texture": "#1"
        },
        "down": {
          "uv": [
            7.33333,
            10,
            6.66667,
            10.66667
          ],
          "texture": "#1"
        }
      }
    },
    {
      "from": [
        7.485,
        23.21421,
        8.21
      ],
      "to": [
        8.515,
        24.37421,
        8.79
      ],
      "rotation": {
        "angle": -45,
        "axis": "x",
        "origin": [
          8,
          24.16421,
          8
        ]
      },
      "faces": {
        "north": {
          "uv": [
            10,
            6.66667,
            10.66667,
            7.33333
          ],
          "texture": "#1"
        },
        "east": {
          "uv": [
            12,
            2,
            12.33333,
            2.66667
          ],
          "texture": "#1"
        },
        "south": {
          "uv": [
            7.33333,
            10,
            8,
            10.66667
          ],
          "texture": "#1"
        },
        "west": {
          "uv": [
            2.66667,
            12,
            3,
            12.66667
          ],
          "texture": "#1"
        },
        "down": {
          "uv": [
            12.66667,
            2.66667,
            12,
            3
          ],
          "texture": "#1"
        }
      }
    },
    {
      "from": [
        7.485,
        24.37421,
        8.21
      ],
      "to": [
        8.515,
        24.95421,
        8.79
      ],
      "rotation": {
        "angle": -45,
        "axis": "x",
        "origin": [
          8,
          24.16421,
          8
        ]
      },
      "faces": {
        "east": {
          "uv": [
            12.66667,
            2,
            13,
            2.33333
          ],
          "texture": "#1"
        },
        "south": {
          "uv": [
            3.33333,
            12,
            4,
            12.33333
          ],
          "texture": "#1"
        },
        "west": {
          "uv": [
            2.66667,
            12.66667,
            3,
            13
          ],
          "texture": "#1"
        },
        "up": {
          "uv": [
            12.66667,
            3.66667,
            12,
            3.33333
          ],
          "texture": "#1"
        }
      }
    },
    {
      "from": [
        7.485,
        24.37421,
        7.05
      ],
      "to": [
        8.515,
        24.95421,
        8.21
      ],
      "rotation": {
        "angle": -45,
        "axis": "x",
        "origin": [
          8,
          24.16421,
          8
        ]
      },
      "faces": {
        "north": {
          "uv": [
            4,
            12,
            4.66667,
            12.33333
          ],
          "texture": "#1"
        },
        "east": {
          "uv": [
            12,
            4,
            12.66667,
            4.33333
          ],
          "texture": "#1"
        },
        "west": {
          "uv": [
            4.66667,
            12,
            5.33333,
            12.33333
          ],
          "texture": "#1"
        },
        "up": {
          "uv": [
            10.66667,
            8,
            10,
            7.33333
          ],
          "texture": "#1"
        },
        "down": {
          "uv": [
            8.66667,
            10,
            8,
            10.66667
          ],
          "texture": "#1"
        }
      }
    },
    {
      "from": [
        7.485,
        24.95421,
        7.05
      ],
      "to": [
        8.515,
        26.11421,
        7.63
      ],
      "rotation": {
        "angle": -45,
        "axis": "x",
        "origin": [
          8,
          24.16421,
          8
        ]
      },
      "faces": {
        "north": {
          "uv": [
            10,
            8,
            10.66667,
            8.66667
          ],
          "texture": "#1"
        },
        "east": {
          "uv": [
            12,
            4.66667,
            12.33333,
            5.33333
          ],
          "texture": "#1"
        },
        "south": {
          "uv": [
            8.66667,
            10,
            9.33333,
            10.66667
          ],
          "texture": "#1"
        },
        "west": {
          "uv": [
            5.33333,
            12,
            5.66667,
            12.66667
          ],
          "texture": "#1"
        },
        "up": {
          "uv": [
            6.66667,
            12.33333,
            6,
            12
          ],
          "texture": "#1"
        }
      }
    },
    {
      "from": [
        7.485,
        25.53421,
        7.63
      ],
      "to": [
        8.515,
        26.11421,
        8.21
      ],
      "rotation": {
        "angle": -45,
        "axis": "x",
        "origin": [
          8,
          24.16421,
          8
        ]
      },
      "faces": {
        "east": {
          "uv": [
            12.66667,
            2.66667,
            13,
            3
          ],
          "texture": "#1"
        },
        "south": {
          "uv": [
            6.66667,
            12,
            7.33333,
            12.33333
          ],
          "texture": "#1"
        },
        "west": {
          "uv": [
            3.33333,
            12.66667,
            3.66667,
            13
          ],
          "texture": "#1"
        },
        "up": {
          "uv": [
            8,
            12.33333,
            7.33333,
            12
          ],
          "texture": "#1"
        },
        "down": {
          "uv": [
            8.66667,
            12,
            8,
            12.33333
          ],
          "texture": "#1"
        }
      }
    },
    {
      "from": [
        7.7475,
        27.67398,
        6.99711
      ],
      "to": [
        8.2525,
        29.44898,
        8.77211
      ],
      "rotation": {
        "angle": -45,
        "axis": "x",
        "origin": [
          7.9975,
          28.67687,
          8
        ]
      },
      "faces": {
        "north": {
          "uv": [
            10,
            8.66667,
            10.33333,
            10
          ],
          "texture": "#1"
        },
        "east": {
          "uv": [
            4,
            1.33333,
            5.33333,
            2.66667
          ],
          "texture": "#1"
        },
        "south": {
          "uv": [
            9.33333,
            10,
            9.66667,
            11.33333
          ],
          "texture": "#1"
        },
        "west": {
          "uv": [
            4,
            2.66667,
            5.33333,
            4
          ],
          "texture": "#1"
        },
        "up": {
          "uv": [
            10.33333,
            11.33333,
            10,
            10
          ],
          "texture": "#1"
        },
        "down": {
          "uv": [
            0.33333,
            10.66667,
            0,
            12
          ],
          "texture": "#1"
        }
      }
    },
    {
      "from": [
        7.75,
        24.26368,
        6.75
      ],
      "to": [
        8.25,
        28.51368,
        9.25
      ],
      "rotation": {
        "angle": 0,
        "axis": "x",
        "origin": [
          8,
          26.26368,
          8
        ]
      },
      "faces": {
        "north": {
          "uv": [
            5.33333,
            6.66667,
            5.66667,
            9.66667
          ],
          "texture": "#1"
        },
        "east": {
          "uv": [
            0,
            0,
            1.66667,
            3
          ],
          "texture": "#1"
        },
        "south": {
          "uv": [
            6.66667,
            5.33333,
            7,
            8.33333
          ],
          "texture": "#1"
        },
        "west": {
          "uv": [
            2,
            0,
            3.66667,
            3
          ],
          "texture": "#1"
        }
      }
    },
    {
      "from": [
        7.47,
        -0.28,
        7.47
      ],
      "to": [
        8.53,
        0.78,
        8.53
      ],
      "rotation": {
        "angle": -45,
        "axis": "x",
        "origin": [
          8,
          0.25,
          8
        ]
      },
      "faces": {
        "north": {
          "uv": [
            10.66667,
            0,
            11.33333,
            0.66667
          ],
          "texture": "#1"
        },
        "east": {
          "uv": [
            0.66667,
            10.66667,
            1.33333,
            11.33333
          ],
          "texture": "#1"
        },
        "south": {
          "uv": [
            10.66667,
            0.66667,
            11.33333,
            1.33333
          ],
          "texture": "#1"
        },
        "west": {
          "uv": [
            1.33333,
            10.66667,
            2,
            11.33333
          ],
          "texture": "#1"
        },
        "up": {
          "uv": [
            11.33333,
            2,
            10.66667,
            1.33333
          ],
          "texture": "#1"
        },
        "down": {
          "uv": [
            2.66667,
            10.66667,
            2,
            11.33333
          ],
          "texture": "#1"
        }
      }
    },
    {
      "from": [
        7.4,
        2,
        7.4
      ],
      "to": [
        8.6,
        3.2,
        8.6
      ],
      "rotation": {
        "angle": 0,
        "axis": "y",
        "origin": [
          7.5,
          0.1,
          7.5
        ]
      },
      "faces": {
        "north": {
          "uv": [
            10.66667,
            2,
            11.33333,
            2.66667
          ],
          "texture": "#1"
        },
        "east": {
          "uv": [
            2.66667,
            10.66667,
            3.33333,
            11.33333
          ],
          "texture": "#1"
        },
        "south": {
          "uv": [
            10.66667,
            2.66667,
            11.33333,
            3.33333
          ],
          "texture": "#1"
        },
        "west": {
          "uv": [
            3.33333,
            10.66667,
            4,
            11.33333
          ],
          "texture": "#1"
        },
        "up": {
          "uv": [
            11.33333,
            4,
            10.66667,
            3.33333
          ],
          "texture": "#1"
        },
        "down": {
          "uv": [
            4.66667,
            10.66667,
            4,
            11.33333
          ],
          "texture": "#1"
        }
      }
    },
    {
      "from": [
        7.5,
        3.2,
        7.5
      ],
      "to": [
        8.5,
        5.2,
        8.5
      ],
      "rotation": {
        "angle": 0,
        "axis": "y",
        "origin": [
          7.5,
          0.2,
          7.5
        ]
      },
      "faces": {
        "north": {
          "uv": [
            0.66667,
            8,
            1.33333,
            9.33333
          ],
          "texture": "#1"
        },
        "east": {
          "uv": [
            1.33333,
            8,
            2,
            9.33333
          ],
          "texture": "#1"
        },
        "south": {
          "uv": [
            8,
            1.33333,
            8.66667,
            2.66667
          ],
          "texture": "#1"
        },
        "west": {
          "uv": [
            2,
            8,
            2.66667,
            9.33333
          ],
          "texture": "#1"
        },
        "up": {
          "uv": [
            11.33333,
            4.66667,
            10.66667,
            4
          ],
          "texture": "#1"
        },
        "down": {
          "uv": [
            5.33333,
            10.66667,
            4.66667,
            11.33333
          ],
          "texture": "#1"
        }
      }
    },
    {
      "from": [
        7.5,
        11.4,
        7.5
      ],
      "to": [
        8.5,
        13.4,
        8.5
      ],
      "rotation": {
        "angle": 0,
        "axis": "y",
        "origin": [
          7.5,
          8.4,
          7.5
        ]
      },
      "faces": {
        "north": {
          "uv": [
            3.33333,
            8.66667,
            4,
            10
          ],
          "texture": "#1"
        },
        "east": {
          "uv": [
            8.66667,
            4,
            9.33333,
            5.33333
          ],
          "texture": "#1"
        },
        "south": {
          "uv": [
            8.66667,
            5.33333,
            9.33333,
            6.66667
          ],
          "texture": "#1"
        },
        "west": {
          "uv": [
            6.66667,
            8.66667,
            7.33333,
            10
          ],
          "texture": "#1"
        },
        "up": {
          "uv": [
            12,
            4,
            11.33333,
            3.33333
          ],
          "texture": "#1"
        },
        "down": {
          "uv": [
            4.66667,
            11.33333,
            4,
            12
          ],
          "texture": "#1"
        }
      }
    },
    {
      "from": [
        7.4,
        10.2,
        7.4
      ],
      "to": [
        8.6,
        11.4,
        8.6
      ],
      "rotation": {
        "angle": 0,
        "axis": "y",
        "origin": [
          7.5,
          8.3,
          7.5
        ]
      },
      "faces": {
        "north": {
          "uv": [
            11.33333,
            1.33333,
            12,
            2
          ],
          "texture": "#1"
        },
        "east": {
          "uv": [
            2,
            11.33333,
            2.66667,
            12
          ],
          "texture": "#1"
        },
        "south": {
          "uv": [
            11.33333,
            2,
            12,
            2.66667
          ],
          "texture": "#1"
        },
        "west": {
          "uv": [
            2.66667,
            11.33333,
            3.33333,
            12
          ],
          "texture": "#1"
        },
        "up": {
          "uv": [
            12,
            3.33333,
            11.33333,
            2.66667
          ],
          "texture": "#1"
        },
        "down": {
          "uv": [
            4,
            11.33333,
            3.33333,
            12
          ],
          "texture": "#1"
        }
      }
    },
    {
      "from": [
        7.5,
        9.2,
        7.5
      ],
      "to": [
        8.5,
        10.2,
        8.5
      ],
      "rotation": {
        "angle": 0,
        "axis": "y",
        "origin": [
          7.5,
          8.2,
          7.5
        ]
      },
      "faces": {
        "north": {
          "uv": [
            10.66667,
            10,
            11.33333,
            10.66667
          ],
          "texture": "#1"
        },
        "east": {
          "uv": [
            10.66667,
            10.66667,
            11.33333,
            11.33333
          ],
          "texture": "#1"
        },
        "south": {
          "uv": [
            11.33333,
            0,
            12,
            0.66667
          ],
          "texture": "#1"
        },
        "west": {
          "uv": [
            0.66667,
            11.33333,
            1.33333,
            12
          ],
          "texture": "#1"
        },
        "up": {
          "uv": [
            12,
            1.33333,
            11.33333,
            0.66667
          ],
          "texture": "#1"
        },
        "down": {
          "uv": [
            2,
            11.33333,
            1.33333,
            12
          ],
          "texture": "#1"
        }
      }
    },
    {
      "from": [
        7.4,
        8.7,
        7.4
      ],
      "to": [
        8.6,
        9.2,
        8.6
      ],
      "rotation": {
        "angle": 0,
        "axis": "y",
        "origin": [
          7.5,
          7.2,
          7.5
        ]
      },
      "faces": {
        "north": {
          "uv": [
            11.33333,
            12,
            12,
            12.33333
          ],
          "texture": "#1"
        },
        "east": {
          "uv": [
            12,
            11.33333,
            12.66667,
            11.66667
          ],
          "texture": "#1"
        },
        "south": {
          "uv": [
            12,
            12,
            12.66667,
            12.33333
          ],
          "texture": "#1"
        },
        "west": {
          "uv": [
            0,
            12.66667,
            0.66667,
            13
          ],
          "texture": "#1"
        },
        "up": {
          "uv": [
            11.33333,
            9.33333,
            10.66667,
            8.66667
          ],
          "texture": "#1"
        },
        "down": {
          "uv": [
            11.33333,
            9.33333,
            10.66667,
            10
          ],
          "texture": "#1"
        }
      }
    },
    {
      "from": [
        7.6,
        7.7,
        7.6
      ],
      "to": [
        8.4,
        8.7,
        8.4
      ],
      "rotation": {
        "angle": 0,
        "axis": "y",
        "origin": [
          7.5,
          6.7,
          7.5
        ]
      },
      "faces": {
        "north": {
          "uv": [
            10.66667,
            4.66667,
            11.33333,
            5.33333
          ],
          "texture": "#1"
        },
        "east": {
          "uv": [
            5.33333,
            10.66667,
            6,
            11.33333
          ],
          "texture": "#1"
        },
        "south": {
          "uv": [
            10.66667,
            5.33333,
            11.33333,
            6
          ],
          "texture": "#1"
        },
        "west": {
          "uv": [
            6,
            10.66667,
            6.66667,
            11.33333
          ],
          "texture": "#1"
        },
        "up": {
          "uv": [
            11.33333,
            6.66667,
            10.66667,
            6
          ],
          "texture": "#1"
        },
        "down": {
          "uv": [
            7.33333,
            10.66667,
            6.66667,
            11.33333
          ],
          "texture": "#1"
        }
      }
    },
    {
      "from": [
        7.6,
        5.2,
        7.6
      ],
      "to": [
        8.4,
        7.2,
        8.4
      ],
      "rotation": {
        "angle": 0,
        "axis": "y",
        "origin": [
          7.5,
          2.2,
          7.5
        ]
      },
      "faces": {
        "north": {
          "uv": [
            8,
            2.66667,
            8.66667,
            4
          ],
          "texture": "#1"
        },
        "east": {
          "uv": [
            4,
            8,
            4.66667,
            9.33333
          ],
          "texture": "#1"
        },
        "south": {
          "uv": [
            8,
            4,
            8.66667,
            5.33333
          ],
          "texture": "#1"
        },
        "west": {
          "uv": [
            4.66667,
            8,
            5.33333,
            9.33333
          ],
          "texture": "#1"
        },
        "up": {
          "uv": [
            11.33333,
            7.33333,
            10.66667,
            6.66667
          ],
          "texture": "#1"
        },
        "down": {
          "uv": [
            8,
            10.66667,
            7.33333,
            11.33333
          ],
          "texture": "#1"
        }
      }
    },
    {
      "from": [
        7.6,
        13.2,
        7.6
      ],
      "to": [
        8.4,
        19.7,
        8.4
      ],
      "rotation": {
        "angle": 0,
        "axis": "y",
        "origin": [
          7.5,
          10.2,
          7.5
        ]
      },
      "faces": {
        "north": {
          "uv": [
            0,
            3.33333,
            0.66667,
            7.66667
          ],
          "texture": "#1"
        },
        "east": {
          "uv": [
            0.66667,
            3.33333,
            1.33333,
            7.66667
          ],
          "texture": "#1"
        },
        "south": {
          "uv": [
            1.33333,
            3.33333,
            2,
            7.66667
          ],
          "texture": "#1"
        },
        "west": {
          "uv": [
            2,
            3.33333,
            2.66667,
            7.66667
          ],
          "texture": "#1"
        },
        "up": {
          "uv": [
            12,
            4.66667,
            11.33333,
            4
          ],
          "texture": "#1"
        },
        "down": {
          "uv": [
            5.33333,
            11.33333,
            4.66667,
            12
          ],
          "texture": "#1"
        }
      }
    },
    {
      "from": [
        7.25,
        20.25,
        8
      ],
      "to": [
        8.75,
        22.25,
        10
      ],
      "rotation": {
        "angle": -45,
        "axis": "x",
        "origin": [
          7.5,
          20.25,
          8
        ]
      },
      "faces": {
        "north": {
          "uv": [
            5.33333,
            4,
            6.33333,
            5.33333
          ],
          "texture": "#1"
        },
        "east": {
          "uv": [
            4,
            4,
            5.33333,
            5.33333
          ],
          "texture": "#1"
        },
        "south": {
          "uv": [
            5.33333,
            5.33333,
            6.33333,
            6.66667
          ],
          "texture": "#1"
        },
        "west": {
          "uv": [
            2.66667,
            4.66667,
            4,
            6
          ],
          "texture": "#1"
        },
        "up": {
          "uv": [
            3.66667,
            7.33333,
            2.66667,
            6
          ],
          "texture": "#1"
        },
        "down": {
          "uv": [
            7.66667,
            0,
            6.66667,
            1.33333
          ],
          "texture": "#1"
        }
      }
    },
    {
      "from": [
        7,
        20.5,
        8.25
      ],
      "to": [
        9,
        22,
        9.75
      ],
      "rotation": {
        "angle": -45,
        "axis": "x",
        "origin": [
          7.5,
          20.25,
          8
        ]
      },
      "faces": {
        "north": {
          "uv": [
            6.66667,
            1.33333,
            8,
            2.33333
          ],
          "texture": "#1"
        },
        "east": {
          "uv": [
            2.66667,
            7.33333,
            3.66667,
            8.33333
          ],
          "texture": "#1"
        },
        "south": {
          "uv": [
            6.66667,
            2.66667,
            8,
            3.66667
          ],
          "texture": "#1"
        },
        "west": {
          "uv": [
            7.33333,
            5.33333,
            8.33333,
            6.33333
          ],
          "texture": "#1"
        },
        "up": {
          "uv": [
            5.33333,
            7.66667,
            4,
            6.66667
          ],
          "texture": "#1"
        },
        "down": {
          "uv": [
            8,
            4,
            6.66667,
            5
          ],
          "texture": "#1"
        }
      }
    },
    {
      "from": [
        7.35,
        20.05,
        7.4
      ],
      "to": [
        8.65,
        21.25,
        8.6
      ],
      "rotation": {
        "angle": -45,
        "axis": "x",
        "origin": [
          8,
          20.65,
          8
        ]
      },
      "faces": {
        "north": {
          "uv": [
            8.66667,
            6.66667,
            9.66667,
            7.33333
          ],
          "texture": "#1"
        },
        "east": {
          "uv": [
            10.66667,
            7.33333,
            11.33333,
            8
          ],
          "texture": "#1"
        },
        "south": {
          "uv": [
            8.66667,
            7.33333,
            9.66667,
            8
          ],
          "texture": "#1"
        },
        "west": {
          "uv": [
            8,
            10.66667,
            8.66667,
            11.33333
          ],
          "texture": "#1"
        },
        "up": {
          "uv": [
            9.66667,
            8.66667,
            8.66667,
            8
          ],
          "texture": "#1"
        },
        "down": {
          "uv": [
            9.66667,
            8.66667,
            8.66667,
            9.33333
          ],
          "texture": "#1"
        }
      }
    },
    {
      "from": [
        7.2,
        20.25,
        7.6
      ],
      "to": [
        8.8,
        21.05,
        8.4
      ],
      "rotation": {
        "angle": -45,
        "axis": "x",
        "origin": [
          8,
          20.65,
          8
        ]
      },
      "faces": {
        "north": {
          "uv": [
            0,
            9.33333,
            1,
            10
          ],
          "texture": "#1"
        },
        "east": {
          "uv": [
            10.66667,
            8,
            11.33333,
            8.66667
          ],
          "texture": "#1"
        },
        "south": {
          "uv": [
            9.33333,
            0,
            10.33333,
            0.66667
          ],
          "texture": "#1"
        },
        "west": {
          "uv": [
            8.66667,
            10.66667,
            9.33333,
            11.33333
          ],
          "texture": "#1"
        },
        "up": {
          "uv": [
            10.33333,
            1.33333,
            9.33333,
            0.66667
          ],
          "texture": "#1"
        },
        "down": {
          "uv": [
            2.33333,
            9.33333,
            1.33333,
            10
          ],
          "texture": "#1"
        }
      }
    },
    {
      "from": [
        7.235,
        21.32446,
        9.7724
      ],
      "to": [
        8.765,
        22.48446,
        10.3524
      ],
      "rotation": {
        "angle": -45,
        "axis": "x",
        "origin": [
          7.71,
          22.48446,
          9.7724
        ]
      },
      "faces": {
        "north": {
          "uv": [
            9.33333,
            1.33333,
            10.33333,
            2
          ],
          "texture": "#1"
        },
        "east": {
          "uv": [
            8.66667,
            12,
            9,
            12.66667
          ],
          "texture": "#1"
        },
        "south": {
          "uv": [
            9.33333,
            2,
            10.33333,
            2.66667
          ],
          "texture": "#1"
        },
        "west": {
          "uv": [
            12,
            8.66667,
            12.33333,
            9.33333
          ],
          "texture": "#1"
        },
        "up": {
          "uv": [
            12.33333,
            5.66667,
            11.33333,
            5.33333
          ],
          "texture": "#1"
        }
      }
    },
    {
      "from": [
        7.235,
        22.00397,
        9.7724
      ],
      "to": [
        8.765,
        22.58397,
        10.3524
      ],
      "rotation": {
        "angle": 45,
        "axis": "x",
        "origin": [
          7.71,
          20.84397,
          9.7724
        ]
      },
      "faces": {
        "east": {
          "uv": [
            12.66667,
            3.33333,
            13,
            3.66667
          ],
          "texture": "#1"
        },
        "south": {
          "uv": [
            6,
            11.33333,
            7,
            11.66667
          ],
          "texture": "#1"
        },
        "west": {
          "uv": [
            4,
            12.66667,
            4.33333,
            13
          ],
          "texture": "#1"
        },
        "up": {
          "uv": [
            12.33333,
            6.33333,
            11.33333,
            6
          ],
          "texture": "#1"
        }
      }
    },
    {
      "from": [
        7.235,
        20.84397,
        9.7724
      ],
      "to": [
        8.765,
        22.00397,
        10.3524
      ],
      "rotation": {
        "angle": 45,
        "axis": "x",
        "origin": [
          7.71,
          20.84397,
          9.7724
        ]
      },
      "faces": {
        "north": {
          "uv": [
            9.33333,
            2.66667,
            10.33333,
            3.33333
          ],
          "texture": "#1"
        },
        "east": {
          "uv": [
            9.33333,
            12,
            9.66667,
            12.66667
          ],
          "texture": "#1"
        },
        "south": {
          "uv": [
            9.33333,
            3.33333,
            10.33333,
            4
          ],
          "texture": "#1"
        },
        "west": {
          "uv": [
            12,
            9.33333,
            12.33333,
            10
          ],
          "texture": "#1"
        },
        "down": {
          "uv": [
            12.33333,
            6.66667,
            11.33333,
            7
          ],
          "texture": "#1"
        }
      }
    },
    {
      "from": [
        7.5,
        20.66421,
        8.60133
      ],
      "to": [
        8.5,
        22.66421,
        10.60133
      ],
      "rotation": {
        "angle": 45,
        "axis": "x",
        "origin": [
          8,
          21.66421,
          9.60133
        ]
      },
      "faces": {
        "north": {
          "uv": [
            6,
            8,
            6.66667,
            9.33333
          ],
          "texture": "#1"
        },
        "east": {
          "uv": [
            5.33333,
            0,
            6.66667,
            1.33333
          ],
          "texture": "#1"
        },
        "south": {
          "uv": [
            8,
            6.66667,
            8.66667,
            8
          ],
          "texture": "#1"
        },
        "west": {
          "uv": [
            5.33333,
            1.33333,
            6.66667,
            2.66667
          ],
          "texture": "#1"
        },
        "up": {
          "uv": [
            8,
            9.33333,
            7.33333,
            8
          ],
          "texture": "#1"
        },
        "down": {
          "uv": [
            8.66667,
            8,
            8,
            9.33333
          ],
          "texture": "#1"
        }
      }
    },
    {
      "from": [
        7.5,
        20.66421,
        5.39867
      ],
      "to": [
        8.5,
        22.66421,
        7.39867
      ],
      "rotation": {
        "angle": -45,
        "axis": "x",
        "origin": [
          8,
          21.66421,
          6.39867
        ]
      },
      "faces": {
        "north": {
          "uv": [
            8.66667,
            0,
            9.33333,
            1.33333
          ],
          "texture": "#1"
        },
        "east": {
          "uv": [
            5.33333,
            2.66667,
            6.66667,
            4
          ],
          "texture": "#1"
        },
        "south": {
          "uv": [
            8.66667,
            1.33333,
            9.33333,
            2.66667
          ],
          "texture": "#1"
        },
        "west": {
          "uv": [
            4,
            5.33333,
            5.33333,
            6.66667
          ],
          "texture": "#1"
        },
        "up": {
          "uv": [
            3.33333,
            10,
            2.66667,
            8.66667
          ],
          "texture": "#1"
        },
        "down": {
          "uv": [
            9.33333,
            2.66667,
            8.66667,
            4
          ],
          "texture": "#1"
        }
      }
    },
    {
      "from": [
        7.235,
        21.32446,
        5.6476
      ],
      "to": [
        8.765,
        22.48446,
        6.2276
      ],
      "rotation": {
        "angle": 45,
        "axis": "x",
        "origin": [
          7.71,
          22.48446,
          6.2276
        ]
      },
      "faces": {
        "north": {
          "uv": [
            4,
            9.33333,
            5,
            10
          ],
          "texture": "#1"
        },
        "east": {
          "uv": [
            10,
            12,
            10.33333,
            12.66667
          ],
          "texture": "#1"
        },
        "south": {
          "uv": [
            9.33333,
            4,
            10.33333,
            4.66667
          ],
          "texture": "#1"
        },
        "west": {
          "uv": [
            12,
            10,
            12.33333,
            10.66667
          ],
          "texture": "#1"
        },
        "up": {
          "uv": [
            8.33333,
            11.66667,
            7.33333,
            11.33333
          ],
          "texture": "#1"
        }
      }
    },
    {
      "from": [
        7.235,
        22.00397,
        5.6476
      ],
      "to": [
        8.765,
        22.58397,
        6.2276
      ],
      "rotation": {
        "angle": -45,
        "axis": "x",
        "origin": [
          7.71,
          20.84397,
          6.2276
        ]
      },
      "faces": {
        "north": {
          "uv": [
            11.33333,
            7.33333,
            12.33333,
            7.66667
          ],
          "texture": "#1"
        },
        "east": {
          "uv": [
            12.66667,
            4,
            13,
            4.33333
          ],
          "texture": "#1"
        },
        "west": {
          "uv": [
            4.66667,
            12.66667,
            5,
            13
          ],
          "texture": "#1"
        },
        "up": {
          "uv": [
            12.33333,
            8.33333,
            11.33333,
            8
          ],
          "texture": "#1"
        }
      }
    },
    {
      "from": [
        7.235,
        20.84397,
        5.6476
      ],
      "to": [
        8.765,
        22.00397,
        6.2276
      ],
      "rotation": {
        "angle": -45,
        "axis": "x",
        "origin": [
          7.71,
          20.84397,
          6.2276
        ]
      },
      "faces": {
        "north": {
          "uv": [
            9.33333,
            4.66667,
            10.33333,
            5.33333
          ],
          "texture": "#1"
        },
        "east": {
          "uv": [
            10.66667,
            12,
            11,
            12.66667
          ],
          "texture": "#1"
        },
        "south": {
          "uv": [
            9.33333,
            5.33333,
            10.33333,
            6
          ],
          "texture": "#1"
        },
        "west": {
          "uv": [
            12,
            10.66667,
            12.33333,
            11.33333
          ],
          "texture": "#1"
        },
        "down": {
          "uv": [
            9.66667,
            11.33333,
            8.66667,
            11.66667
          ],
          "texture": "#1"
        }
      }
    },
    {
      "from": [
        7.75,
        24.37132,
        5.44228
      ],
      "to": [
        8.25,
        25.37132,
        6.44228
      ],
      "rotation": {
        "angle": 45,
        "axis": "x",
        "origin": [
          8,
          24.87132,
          5.94228
        ]
      },
      "faces": {
        "north": {
          "uv": [
            12.66667,
            0,
            13,
            0.66667
          ],
          "texture": "#1"
        },
        "east": {
          "uv": [
            11.33333,
            4.66667,
            12,
            5.33333
          ],
          "texture": "#1"
        },
        "south": {
          "uv": [
            0.66667,
            12.66667,
            1,
            13.33333
          ],
          "texture": "#1"
        },
        "west": {
          "uv": [
            5.33333,
            11.33333,
            6,
            12
          ],
          "texture": "#1"
        },
        "up": {
          "uv": [
            13,
            1.33333,
            12.66667,
            0.66667
          ],
          "texture": "#1"
        },
        "down": {
          "uv": [
            1.66667,
            12.66667,
            1.33333,
            13.33333
          ],
          "texture": "#1"
        }
      }
    },
    {
      "from": [
        7.75,
        24.37132,
        9.55772
      ],
      "to": [
        8.25,
        25.37132,
        10.55772
      ],
      "rotation": {
        "angle": -45,
        "axis": "x",
        "origin": [
          8,
          24.87132,
          10.05772
        ]
      },
      "faces": {
        "north": {
          "uv": [
            1,
            12.66667,
            0.66667,
            13.33333
          ],
          "texture": "#1"
        },
        "east": {
          "uv": [
            12,
            4.66667,
            11.33333,
            5.33333
          ],
          "texture": "#1"
        },
        "south": {
          "uv": [
            13,
            0,
            12.66667,
            0.66667
          ],
          "texture": "#1"
        },
        "west": {
          "uv": [
            6,
            11.33333,
            5.33333,
            12
          ],
          "texture": "#1"
        },
        "up": {
          "uv": [
            13,
            0.66667,
            12.66667,
            1.33333
          ],
          "texture": "#1"
        },
        "down": {
          "uv": [
            1.66667,
            13.33333,
            1.33333,
            12.66667
          ],
          "texture": "#1"
        }
      }
    },
    {
      "from": [
        8,
        21.75,
        7.5
      ],
      "to": [
        8,
        28.75,
        12.5
      ],
      "rotation": {
        "angle": 0,
        "axis": "y",
        "origin": [
          0.6,
          0,
          0
        ]
      },
      "faces": {
        "east": {
          "uv": [
            0,
            0,
            10.66667,
            16
          ],
          "texture": "#2"
        },
        "west": {
          "uv": [
            10.66667,
            0,
            0,
            16
          ],
          "texture": "#2"
        }
      }
    },
    {
      "from": [
        8,
        21.75,
        3.5
      ],
      "to": [
        8,
        28.75,
        8.5
      ],
      "rotation": {
        "angle": 0,
        "axis": "y",
        "origin": [
          0.6,
          0,
          16
        ]
      },
      "faces": {
        "east": {
          "uv": [
            10.66667,
            0,
            0,
            16
          ],
          "texture": "#2"
        },
        "west": {
          "uv": [
            0,
            0,
            10.66667,
            16
          ],
          "texture": "#2"
        }
      }
    }
  ],
  "gui_light": "front",
  "display": {
    "thirdperson_righthand": {
      "translation": [
        0,
        -3.75,
        0.75
      ]
    },
    "thirdperson_lefthand": {
      "translation": [
        0,
        -3.75,
        0.75
      ]
    },
    "firstperson_righthand": {
      "rotation": [
        -10,
        0,
        0
      ],
      "translation": [
        -1.25,
        -4,
        2.75
      ]
    },
    "firstperson_lefthand": {
      "rotation": [
        -10,
        0,
        0
      ],
      "translation": [
        -1.25,
        -4,
        2.75
      ]
    },
    "ground": {
      "rotation": [
        -45,
        0,
        0
      ],
      "translation": [
        0,
        8.5,
        4.25
      ]
    },
    "gui": {
      "rotation": [
        -90,
        45,
        90
      ],
      "translation": [
        3.75,
        -3.75,
        0
      ],
      "scale": [
        0.81054,
        0.81054,
        0.81054
      ]
    },
    "head": {
      "scale": [
        0,
        0,
        0
      ]
    },
    "fixed": {
      "rotation": [
        0,
        -90,
        0
      ],
      "translation": [
        0,
        -15.25,
        -1.25
      ],
      "scale": [
        3,
        3,
        3
      ]
    }
  }
}