{"credit":"MadewithBlockbench","textures":{"0":"elitecreatures:dungeon_decoration_v1/dungeon_decorate_sword_and_bone","particle":"elitecreatures:dungeon_decoration_v1/dungeon_decorate_sword_and_bone"},"elements":[{"from":[20,0.4,10],"to":[21.5,1.6,11.5],"rotation":{"angle":-22.5,"axis":"y","origin":[1,0,0]},"faces":{"north":{"uv":[12,5,13.5,6],"texture":"#0"},"east":{"uv":[12,6,13.5,7],"texture":"#0"},"south":{"uv":[12,5,13.5,6],"texture":"#0"},"west":{"uv":[12,6,13.5,7],"texture":"#0"},"up":{"uv":[4.5,12.5,3,11],"texture":"#0"},"down":{"uv":[4.5,12.5,3,11],"texture":"#0"}}},{"from":[8.5,-0.5,17],"to":[10.5,1.5,18],"rotation":{"angle":-22.5,"axis":"y","origin":[10,-9,-3]},"faces":{"north":{"uv":[10,6,12,8],"texture":"#0"},"east":{"uv":[13,0,12,2],"texture":"#0"},"south":{"uv":[10,6,12,8],"texture":"#0"},"west":{"uv":[12,0,13,2],"texture":"#0"},"up":{"uv":[14,5,12,4],"texture":"#0"},"down":{"uv":[14,4,12,5],"texture":"#0"}}},{"from":[9,0,13],"to":[10,1,17],"rotation":{"angle":-22.5,"axis":"y","origin":[10,-9,-3]},"faces":{"north":{"uv":[12,9,13,10],"texture":"#0"},"east":{"uv":[10,2,14,3],"texture":"#0"},"south":{"uv":[12,9,13,10],"texture":"#0"},"west":{"uv":[10,2,14,3],"texture":"#0"},"up":{"uv":[8,13,7,9],"texture":"#0"},"down":{"uv":[8,13,7,9],"texture":"#0"}}},{"from":[7,-1,11],"to":[12,2,13],"rotation":{"angle":-22.5,"axis":"y","origin":[10,-9,-3]},"faces":{"north":{"uv":[3,0,8,3],"texture":"#0"},"east":{"uv":[10,0,8,3],"texture":"#0"},"south":{"uv":[3,0,8,3],"texture":"#0"},"west":{"uv":[8,0,10,3],"texture":"#0"},"up":{"uv":[8,6,3,4],"texture":"#0"},"down":{"uv":[8,4,3,6],"texture":"#0"}}},{"from":[8,0,-1],"to":[11,1,11],"rotation":{"angle":-22.5,"axis":"y","origin":[10,-9,-3]},"faces":{"north":{"uv":[10,10,13,11],"texture":"#0"},"east":{"uv":[3,3,15,4],"texture":"#0"},"south":{"uv":[3,12,0,0],"texture":"#0"},"west":{"uv":[3,3,15,4],"texture":"#0"},"up":{"uv":[3,12,0,0],"texture":"#0"},"down":{"uv":[3,12,0,0],"texture":"#0"}}},{"from":[7.8,0.1,-4],"to":[9.9,0.9,-1.9],"rotation":{"angle":22.5,"axis":"y","origin":[12.8,-9,-1.9]},"faces":{"north":{"uv":[10,11,12,12],"texture":"#0"},"east":{"uv":[0,12,2,13],"texture":"#0"},"south":{"uv":[10,11,12,12],"texture":"#0"},"west":{"uv":[0,12,2,13],"texture":"#0"},"up":{"uv":[12,6,10,4],"texture":"#0"},"down":{"uv":[12,6,10,4],"texture":"#0"}}},{"from":[20,0,8],"to":[22,2,10],"rotation":{"angle":-22.5,"axis":"y","origin":[1,0,0]},"faces":{"north":{"uv":[8,4,10,6],"texture":"#0"},"east":{"uv":[8,6,10,8],"texture":"#0"},"south":{"uv":[8,4,10,6],"texture":"#0"},"west":{"uv":[8,6,10,8],"texture":"#0"},"up":{"uv":[10,10,8,8],"texture":"#0"},"down":{"uv":[10,10,8,8],"texture":"#0"}}},{"from":[15,0.5,9],"to":[20,1.5,10.5],"rotation":{"angle":-22.5,"axis":"y","origin":[1,0,0]},"faces":{"north":{"uv":[3,8,8,9],"texture":"#0"},"east":{"uv":[12,7,13.5,8],"texture":"#0"},"south":{"uv":[3,8,8,9],"texture":"#0"},"west":{"uv":[12,7,13.5,8],"texture":"#0"},"up":{"uv":[8,7.5,3,6],"texture":"#0"},"down":{"uv":[8,7.5,3,6],"texture":"#0"}}},{"from":[8.6,0.4,15.5],"to":[10.1,1.6,17],"rotation":{"angle":-22.5,"axis":"y","origin":[17,0,16]},"faces":{"north":{"uv":[8,12,9.5,13],"texture":"#0"},"east":{"uv":[12,8,13.5,9],"texture":"#0"},"south":{"uv":[8,12,9.5,13],"texture":"#0"},"west":{"uv":[12,8,13.5,9],"texture":"#0"},"up":{"uv":[6.5,12.5,5,11],"texture":"#0"},"down":{"uv":[6.5,12.5,5,11],"texture":"#0"}}},{"from":[8.1,0,17],"to":[10.1,2,19],"rotation":{"angle":-22.5,"axis":"y","origin":[17,0,16]},"faces":{"north":{"uv":[3,9,5,11],"texture":"#0"},"east":{"uv":[5,9,7,11],"texture":"#0"},"south":{"uv":[3,9,5,11],"texture":"#0"},"west":{"uv":[5,9,7,11],"texture":"#0"},"up":{"uv":[12,2,10,0],"texture":"#0"},"down":{"uv":[12,2,10,0],"texture":"#0"}}},{"from":[7,0,4.1],"to":[9,2,6.1],"rotation":{"angle":-22.5,"axis":"y","origin":[17,0,16]},"faces":{"north":{"uv":[5,9,7,11],"texture":"#0"},"east":{"uv":[3,9,5,11],"texture":"#0"},"south":{"uv":[5,9,7,11],"texture":"#0"},"west":{"uv":[3,9,5,11],"texture":"#0"},"up":{"uv":[12,2,10,0],"rotation":90,"texture":"#0"},"down":{"uv":[12,2,10,0],"rotation":270,"texture":"#0"}}},{"from":[9,0.4,4.6],"to":[10.5,1.6,6.1],"rotation":{"angle":-22.5,"axis":"y","origin":[17,0,16]},"faces":{"north":{"uv":[12,8,13.5,9],"texture":"#0"},"east":{"uv":[8,12,9.5,13],"texture":"#0"},"south":{"uv":[12,8,13.5,9],"texture":"#0"},"west":{"uv":[8,12,9.5,13],"texture":"#0"},"up":{"uv":[6.5,12.5,5,11],"rotation":90,"texture":"#0"},"down":{"uv":[6.5,12.5,5,11],"rotation":270,"texture":"#0"}}},{"from":[16,0,16],"to":[18,2,18],"rotation":{"angle":-22.5,"axis":"y","origin":[33,0,0]},"faces":{"north":{"uv":[8,6,10,8],"texture":"#0"},"east":{"uv":[8,4,10,6],"texture":"#0"},"south":{"uv":[8,6,10,8],"texture":"#0"},"west":{"uv":[8,4,10,6],"texture":"#0"},"up":{"uv":[10,10,8,8],"rotation":90,"texture":"#0"},"down":{"uv":[10,10,8,8],"rotation":270,"texture":"#0"}}},{"from":[14.5,0.4,16],"to":[16,1.6,17.5],"rotation":{"angle":-22.5,"axis":"y","origin":[33,0,0]},"faces":{"north":{"uv":[12,6,13.5,7],"texture":"#0"},"east":{"uv":[12,5,13.5,6],"texture":"#0"},"south":{"uv":[12,6,13.5,7],"texture":"#0"},"west":{"uv":[12,5,13.5,6],"texture":"#0"},"up":{"uv":[4.5,12.5,3,11],"rotation":90,"texture":"#0"},"down":{"uv":[4.5,12.5,3,11],"rotation":270,"texture":"#0"}}},{"from":[15.5,0.5,11],"to":[17,1.5,16],"rotation":{"angle":-22.5,"axis":"y","origin":[33,0,0]},"faces":{"north":{"uv":[12,7,13.5,8],"texture":"#0"},"east":{"uv":[3,8,8,9],"texture":"#0"},"south":{"uv":[12,7,13.5,8],"texture":"#0"},"west":{"uv":[3,8,8,9],"texture":"#0"},"up":{"uv":[8,7.5,3,6],"rotation":90,"texture":"#0"},"down":{"uv":[8,7.5,3,6],"rotation":270,"texture":"#0"}}},{"from":[1,0,0],"to":[3,0.5,2],"rotation":{"angle":0,"axis":"y","origin":[1,0,0]},"faces":{"north":{"uv":[10,12,12,12.5],"texture":"#0"},"east":{"uv":[12,11,14,11.5],"texture":"#0"},"south":{"uv":[10,12,12,12.5],"texture":"#0"},"west":{"uv":[12,11,14,11.5],"texture":"#0"},"up":{"uv":[10,12,8,10],"texture":"#0"},"down":{"uv":[10,12,8,10],"texture":"#0"}}},{"from":[2,0,4],"to":[4,0.5,6],"rotation":{"angle":0,"axis":"y","origin":[1,0,0]},"faces":{"north":{"uv":[12,12,14,12.5],"texture":"#0"},"east":{"uv":[0,13,2,13.5],"texture":"#0"},"south":{"uv":[12,12,14,12.5],"texture":"#0"},"west":{"uv":[0,13,2,13.5],"texture":"#0"},"up":{"uv":[12,10,10,8],"texture":"#0"},"down":{"uv":[12,10,10,8],"texture":"#0"}}},{"from":[0,0,3],"to":[1,0.5,4],"rotation":{"angle":0,"axis":"y","origin":[1,0,0]},"faces":{"north":{"uv":[13,0,14,0.5],"texture":"#0"},"east":{"uv":[13,1,14,1.5],"texture":"#0"},"south":{"uv":[13,0,14,0.5],"texture":"#0"},"west":{"uv":[13,1,14,1.5],"texture":"#0"},"up":{"uv":[3,13,2,12],"texture":"#0"},"down":{"uv":[3,13,2,12],"texture":"#0"}}}],"display":{"thirdperson_righthand":{"translation":[0,3.5,2.25],"scale":[0.4,0.4,0.4]},"thirdperson_lefthand":{"translation":[0,3.5,2.25],"scale":[0.4,0.4,0.4]},"firstperson_righthand":{"translation":[-0.75,6.25,-1.5],"scale":[0.9,0.9,0.9]},"firstperson_lefthand":{"translation":[-0.75,6.25,-1.5],"scale":[0.9,0.9,0.9]},"ground":{"translation":[0,2,0],"scale":[0.5,0.5,0.5]},"gui":{"rotation":[30,225,0],"translation":[0.75,2,0],"scale":[0.625,0.625,0.625]},"head":{"translation":[0,-34.25,0]},"fixed":{"rotation":[-90,0,0],"translation":[-1,-1,-12.75],"scale":[1.6,1.6,1.6]}}}