{"credit":"MadewithBlockbench","texture_size":[64,64],"textures":{"2":"elitecreatures:spooky_furniture_v1/chest_close","3":"elitecreatures:spooky_furniture_v1/skull2blood","particle":"elitecreatures:spooky_furniture_v1/chest_close"},"elements":[{"from":[6,9.99181,6.01446],"to":[10,11.19181,10.01446],"rotation":{"angle":0,"axis":"y","origin":[8,15.3,7]},"faces":{"north":{"uv":[8,2,10,2.5],"texture":"#3"},"east":{"uv":[8,2.5,10,3],"texture":"#3"},"south":{"uv":[3,8,5,8.5],"texture":"#3"},"west":{"uv":[8,3,10,3.5],"texture":"#3"},"up":{"uv":[2,6,0,4],"texture":"#3"},"down":{"uv":[4,4,2,6],"texture":"#3"}}},{"from":[6,11.19181,6.01446],"to":[10,13.69181,9.31446],"rotation":{"angle":0,"axis":"y","origin":[8,15.3,7]},"faces":{"north":{"uv":[6,2,8,3.25],"texture":"#3"},"east":{"uv":[7,7,8.75,8.25],"texture":"#3"},"south":{"uv":[6,3.5,8,4.75],"texture":"#3"},"west":{"uv":[0,8,1.75,9.25],"texture":"#3"},"up":{"uv":[6,5.75,4,4],"texture":"#3"},"down":{"uv":[2,6,0,7.75],"texture":"#3"}}},{"from":[6,11.19181,10.01346],"to":[10,12.29181,10.01346],"rotation":{"angle":0,"axis":"y","origin":[8,15.3,7]},"faces":{"north":{"uv":[8,3.5,10,4],"texture":"#3"},"east":{"uv":[0,0,0,0.5],"texture":"#3"},"south":{"uv":[8,4,10,4.5],"texture":"#3"},"west":{"uv":[0,0,0,0.5],"texture":"#3"},"up":{"uv":[2,0,0,0],"texture":"#3"},"down":{"uv":[2,0,0,0],"texture":"#3"}}},{"from":[5,11.53802,8.6245],"to":[11,12.63802,8.6245],"rotation":{"angle":-22.5,"axis":"x","origin":[8,15.3,7]},"faces":{"north":{"uv":[8,0,11,0.5],"texture":"#3"},"east":{"uv":[0,0,0,0.5],"texture":"#3"},"south":{"uv":[8,0.5,11,1],"texture":"#3"},"west":{"uv":[0,0,0,0.5],"texture":"#3"},"up":{"uv":[3,0,0,0],"texture":"#3"},"down":{"uv":[3,0,0,0],"texture":"#3"}}},{"from":[8.4,12.63802,7.1255],"to":[11,13.33802,8.6255],"rotation":{"angle":-22.5,"axis":"x","origin":[8,15.3,7]},"faces":{"north":{"uv":[9,8,10.25,8.25],"texture":"#3"},"east":{"uv":[10,7.5,10.75,7.75],"texture":"#3"},"south":{"uv":[10,4,11.25,4.25],"texture":"#3"},"west":{"uv":[10,8.5,10.75,8.75],"texture":"#3"},"up":{"uv":[4.25,9.25,3,8.5],"texture":"#3"},"down":{"uv":[8.25,8.5,7,9.25],"texture":"#3"}}},{"from":[5,12.63802,7.1255],"to":[7.6,13.33802,8.6255],"rotation":{"angle":-22.5,"axis":"x","origin":[8,15.3,7]},"faces":{"north":{"uv":[10,6.5,11.25,6.75],"texture":"#3"},"east":{"uv":[10,9,10.75,9.25],"texture":"#3"},"south":{"uv":[10,7,11.25,7.25],"texture":"#3"},"west":{"uv":[10,9.5,10.75,9.75],"texture":"#3"},"up":{"uv":[9.75,9.25,8.5,8.5],"texture":"#3"},"down":{"uv":[10.25,1,9,1.75],"texture":"#3"}}},{"from":[5,12.63802,3.6255],"to":[11,16.33802,7.1255],"rotation":{"angle":-22.5,"axis":"x","origin":[8,15.3,7]},"faces":{"north":{"uv":[0,0,3,1.75],"texture":"#3"},"east":{"uv":[6,0,7.75,1.75],"texture":"#3"},"south":{"uv":[0,2,3,3.75],"texture":"#3"},"west":{"uv":[2,6,3.75,7.75],"texture":"#3"},"up":{"uv":[6,1.75,3,0],"texture":"#3"},"down":{"uv":[6,2,3,3.75],"texture":"#3"}}},{"from":[10,13.33802,7.1255],"to":[11,15.03802,8.6255],"rotation":{"angle":-22.5,"axis":"x","origin":[8,15.3,7]},"faces":{"north":{"uv":[4,9.5,4.5,10.25],"texture":"#3"},"east":{"uv":[9,7,9.75,7.75],"texture":"#3"},"south":{"uv":[8,9.5,8.5,10.25],"texture":"#3"},"west":{"uv":[0,9.5,0.75,10.25],"texture":"#3"},"up":{"uv":[9,10.25,8.5,9.5],"texture":"#3"},"down":{"uv":[9.5,9.5,9,10.25],"texture":"#3"}}},{"from":[7.6,13.33802,7.1255],"to":[8.4,15.03802,8.6255],"rotation":{"angle":-22.5,"axis":"x","origin":[8,15.3,7]},"faces":{"north":{"uv":[5,10,5.5,10.75],"texture":"#3"},"east":{"uv":[9.5,4.5,10.25,5.25],"texture":"#3"},"south":{"uv":[5.5,10,6,10.75],"texture":"#3"},"west":{"uv":[7,9.5,7.75,10.25],"texture":"#3"},"up":{"uv":[10.5,6.25,10,5.5],"texture":"#3"},"down":{"uv":[6.5,10,6,10.75],"texture":"#3"}}},{"from":[5,13.33802,7.1255],"to":[6,15.03802,8.6255],"rotation":{"angle":-22.5,"axis":"x","origin":[8,15.3,7]},"faces":{"north":{"uv":[9.5,9.5,10,10.25],"texture":"#3"},"east":{"uv":[1,9.5,1.75,10.25],"texture":"#3"},"south":{"uv":[10,2,10.5,2.75],"texture":"#3"},"west":{"uv":[3,9.5,3.75,10.25],"texture":"#3"},"up":{"uv":[10.5,3.75,10,3],"texture":"#3"},"down":{"uv":[5,10,4.5,10.75],"texture":"#3"}}},{"from":[5,15.03802,7.1255],"to":[11,16.33802,8.6255],"rotation":{"angle":-22.5,"axis":"x","origin":[8,15.3,7]},"faces":{"north":{"uv":[4,6,7,6.75],"texture":"#3"},"east":{"uv":[5,9,5.75,9.75],"texture":"#3"},"south":{"uv":[6,5,9,5.75],"texture":"#3"},"west":{"uv":[6,9,6.75,9.75],"texture":"#3"},"up":{"uv":[7,7.75,4,7],"texture":"#3"},"down":{"uv":[10,6,7,6.75],"texture":"#3"}}},{"name":"base","from":[1,0,1.25],"to":[15,10,15.25],"rotation":{"angle":0,"axis":"y","origin":[8,5,-4.75]},"faces":{"north":{"uv":[7,7,10.5,9.5],"texture":"#2"},"east":{"uv":[0,7.25,3.5,9.75],"texture":"#2"},"south":{"uv":[3.5,7.25,7,9.75],"texture":"#2"},"west":{"uv":[7,9.5,10.5,12],"texture":"#2"},"up":{"uv":[3.5,7.25,0,3.75],"texture":"#2"},"down":{"uv":[7,3.75,3.5,7.25],"texture":"#2"}}},{"name":"cover","from":[1,10,-3.75],"to":[15,24,1.25],"rotation":{"angle":-22.5,"axis":"x","origin":[8,10,1.25]},"faces":{"north":{"uv":[10.5,3.5,7,0],"rotation":180,"texture":"#2"},"east":{"uv":[3.5,9.75,7,11],"rotation":90,"texture":"#2"},"south":{"uv":[10.5,3.5,7,7],"texture":"#2"},"west":{"uv":[10.5,1.25,14,2.5],"rotation":270,"texture":"#2"},"up":{"uv":[10.5,0,14,1.25],"texture":"#2"},"down":{"uv":[0,9.75,3.5,11],"rotation":180,"texture":"#2"}}},{"name":"lock","from":[7,24,-0.75],"to":[9,25,3.25],"rotation":{"angle":-22.5,"axis":"x","origin":[8,10,1.25]},"faces":{"north":{"uv":[11,6.75,10.5,6.5],"rotation":180,"texture":"#2"},"east":{"uv":[10.5,4.5,10.75,5.5],"rotation":90,"texture":"#2"},"south":{"uv":[11,6.75,10.5,7],"texture":"#2"},"west":{"uv":[10.5,5.5,10.75,6.5],"rotation":270,"texture":"#2"},"up":{"uv":[10.5,3.5,11,4.5],"texture":"#2"},"down":{"uv":[10.5,2.5,11,3.5],"rotation":180,"texture":"#2"}}},{"from":[0.05,-0.85,0.65053],"to":[0.05,15.05,16.55053],"rotation":{"angle":0,"axis":"y","origin":[1.852,-2.07,13.83053]},"faces":{"north":{"uv":[0,0,0,3.75],"texture":"#2"},"east":{"uv":[4.875,12.25,1.375,16],"texture":"#2"},"south":{"uv":[0,0,0,3.75],"texture":"#2"},"west":{"uv":[1.375,12.25,4.875,16],"texture":"#2"},"up":{"uv":[0,3.5,0,0],"texture":"#2"},"down":{"uv":[0,0,0,3.5],"texture":"#2"}}},{"from":[15.95,-0.85,0.65053],"to":[15.95,15.05,16.55053],"rotation":{"angle":0,"axis":"y","origin":[1.852,-2.07,13.83053]},"faces":{"north":{"uv":[0,0,0,3.75],"texture":"#2"},"east":{"uv":[7.25,12.25,3.75,16],"texture":"#2"},"south":{"uv":[0,0,0,3.75],"texture":"#2"},"west":{"uv":[3.75,12.25,7.25,16],"texture":"#2"},"up":{"uv":[0,3.5,0,0],"texture":"#2"},"down":{"uv":[0,0,0,3.5],"texture":"#2"}}},{"from":[0.05,-0.85,16.54947],"to":[15.95,15.05,16.54947],"rotation":{"angle":0,"axis":"y","origin":[-2.706,-2.07,12.45147]},"faces":{"north":{"uv":[4.375,12.25,0.875,16],"texture":"#2"},"east":{"uv":[0,0,0,3.75],"texture":"#2"},"south":{"uv":[0.875,12.25,4.375,16],"texture":"#2"},"west":{"uv":[0,0,0,3.75],"texture":"#2"},"up":{"uv":[0,3.5,0,0],"rotation":270,"texture":"#2"},"down":{"uv":[0,0,0,3.5],"rotation":90,"texture":"#2"}}},{"from":[0.05,-0.85,0.65053],"to":[15.95,15.05,0.65053],"rotation":{"angle":0,"axis":"y","origin":[-2.706,-2.07,12.45253]},"faces":{"north":{"uv":[4.75,12.25,1.25,16],"texture":"#2"},"east":{"uv":[0,0,0,3.75],"texture":"#2"},"south":{"uv":[1.25,12.25,4.75,16],"texture":"#2"},"west":{"uv":[0,0,0,3.75],"texture":"#2"},"up":{"uv":[0,3.5,0,0],"rotation":270,"texture":"#2"},"down":{"uv":[0,0,0,3.5],"rotation":90,"texture":"#2"}}}],"gui_light":"front","display":{"thirdperson_righthand":{"rotation":[67.5,180,0],"translation":[0,2.25,0.25],"scale":[0.32031,0.32031,0.32031]},"thirdperson_lefthand":{"rotation":[67.5,180,0],"translation":[0,2.25,0.25],"scale":[0.32031,0.32031,0.32031]},"firstperson_righthand":{"rotation":[0,180,0],"translation":[0,3.75,0.25],"scale":[0.36328,0.36328,0.36328]},"firstperson_lefthand":{"rotation":[0,180,0],"translation":[0,3.75,0.25],"scale":[0.36328,0.36328,0.36328]},"ground":{"translation":[0,3,0],"scale":[0.5,0.5,0.5]},"gui":{"rotation":[30,45,0],"translation":[1.25,-2,0],"scale":[0.46539,0.46539,0.46539]},"head":{"translation":[0,-30.25,0.75],"scale":[0,0,0]},"fixed":{"rotation":[-90,-180,0],"translation":[0,0.6,-18.25],"scale":[2.28711,2.28711,2.28711]}},"groups":[{"name":"all_chest_open","origin":[8,8,8],"color":0,"children":[{"name":"skull","origin":[8,8,8],"color":0,"children":[{"name":"mouth","origin":[8,8.04397,7.77449],"color":0,"children":[0,1,2]},{"name":"head","origin":[7,7,7],"color":0,"children":[3,4,5,6,7,8,9,10]}]},{"name":"all_chest_open","origin":[8,8,8],"color":0,"children":[{"name":"chest","origin":[8,10,-2.75],"color":0,"children":[11,12,13]},{"name":"chain","origin":[1.852,-2.07,-0.47947],"color":0,"children":[14,15,16,17]}]}]}]}