{"credit":"MadewithBlockbench","ambientocclusion":false,"texture_size":[64,64],"textures":{"2":"elitecreatures:exotic_garden_decoration_v1/pot_2","particle":"elitecreatures:exotic_garden_decoration_v1/pot_2"},"elements":[{"from":[1,0,4],"to":[15,13,4],"rotation":{"angle":0,"axis":"y","origin":[8,6.5,8]},"faces":{"north":{"uv":[0,0,3.5,3.25],"texture":"#2"},"south":{"uv":[3.5,0,0,3.25],"texture":"#2"}}},{"from":[1,0,3],"to":[15,8,3],"rotation":{"angle":0,"axis":"y","origin":[8,4,8]},"faces":{"north":{"uv":[0,3.25,3.5,5.25],"texture":"#2"},"south":{"uv":[3.5,3.25,0,5.25],"texture":"#2"}}},{"from":[1,0,13],"to":[15,8,13],"rotation":{"angle":0,"axis":"y","origin":[8,4,8]},"faces":{"north":{"uv":[0,3.25,3.5,5.25],"texture":"#2"},"south":{"uv":[3.5,3.25,0,5.25],"texture":"#2"}}},{"from":[3,0,1],"to":[3,8,15],"rotation":{"angle":0,"axis":"y","origin":[8,4,8]},"faces":{"east":{"uv":[0,3.25,3.5,5.25],"texture":"#2"},"west":{"uv":[3.5,3.25,0,5.25],"texture":"#2"}}},{"from":[13,0,1],"to":[13,8,15],"rotation":{"angle":0,"axis":"y","origin":[8,4,8]},"faces":{"east":{"uv":[0,3.25,3.5,5.25],"texture":"#2"},"west":{"uv":[3.5,3.25,0,5.25],"texture":"#2"}}},{"from":[1,0,12],"to":[15,13,12],"rotation":{"angle":0,"axis":"y","origin":[8,6.5,8]},"faces":{"north":{"uv":[0,0,3.5,3.25],"texture":"#2"},"south":{"uv":[3.5,0,0,3.25],"texture":"#2"}}},{"from":[6,0,6],"to":[10,7,10],"rotation":{"angle":0,"axis":"y","origin":[8,6.5,8]},"faces":{"north":{"uv":[3.5,0,4.5,1.75],"texture":"#2"},"east":{"uv":[3.5,0,4.5,1.75],"texture":"#2"},"south":{"uv":[3.5,0,4.5,1.75],"texture":"#2"},"west":{"uv":[3.5,0,4.5,1.75],"texture":"#2"},"up":{"uv":[3.5,1.75,4.5,2.75],"texture":"#2"},"down":{"uv":[3.5,1.75,4.5,2.75],"texture":"#2"}}},{"from":[4,0,1],"to":[4,13,15],"rotation":{"angle":0,"axis":"y","origin":[8,6.5,8]},"faces":{"east":{"uv":[0,0,3.5,3.25],"texture":"#2"},"west":{"uv":[3.5,0,0,3.25],"texture":"#2"}}},{"from":[12,0,1],"to":[12,13,15],"rotation":{"angle":0,"axis":"y","origin":[8,6.5,8]},"faces":{"east":{"uv":[0,0,3.5,3.25],"texture":"#2"},"west":{"uv":[3.5,0,0,3.25],"texture":"#2"}}}],"display":{"thirdperson_righthand":{"translation":[0,4,3.25],"scale":[0.5,0.5,0.5]},"thirdperson_lefthand":{"translation":[0,4,3.25],"scale":[0.5,0.5,0.5]},"ground":{"translation":[0,3,0],"scale":[0.6,0.6,0.6]},"gui":{"rotation":[40,-40,0],"translation":[0,2.5,0],"scale":[0.9,0.9,0.9]},"head":{"translation":[0,-27,0],"scale":[2,2,2]},"fixed":{"translation":[-0.5,2.25,2.25]}},"groups":[{"name":"vase1","origin":[-7,14.5,8],"color":0,"children":[{"name":"group","origin":[8,8,8],"color":0,"children":[0,1,2,3,4,5,6,7,8]}]}]}