{"credit":"MadewithBlockbench","ambientocclusion":false,"texture_size":[64,64],"textures":{"1":"elitecreatures:exotic_garden_decoration_v1/pot_2"},"elements":[{"from":[0,14,0],"to":[16,16,16],"rotation":{"angle":0,"axis":"y","origin":[8,8,8]},"faces":{"north":{"uv":[12,11.5,16,12],"texture":"#1"},"east":{"uv":[12,11.5,16,12],"texture":"#1"},"south":{"uv":[12,11.5,16,12],"texture":"#1"},"west":{"uv":[12,11.5,16,12],"texture":"#1"},"up":{"uv":[16,16,12,12],"texture":"#1"},"down":{"uv":[16,16,12,12],"texture":"#1"}}},{"from":[0,9,0],"to":[16,9,16],"rotation":{"angle":0,"axis":"y","origin":[8,8,8]},"faces":{"north":{"uv":[12,11.5,16,12],"texture":"#1"},"east":{"uv":[12,11.5,16,12],"texture":"#1"},"south":{"uv":[12,11.5,16,12],"texture":"#1"},"west":{"uv":[12,11.5,16,12],"texture":"#1"},"up":{"uv":[16,11.5,12,7.5],"texture":"#1"},"down":{"uv":[16,11.5,12,7.5],"texture":"#1"}}},{"from":[1,1,13],"to":[3,14,15],"rotation":{"angle":0,"axis":"y","origin":[8,8,8]},"faces":{"north":{"uv":[11.5,12.75,12,16],"texture":"#1"},"east":{"uv":[12,12.75,11.5,16],"texture":"#1"},"south":{"uv":[11.5,12.75,12,16],"texture":"#1"},"west":{"uv":[12,12.75,11.5,16],"texture":"#1"},"down":{"uv":[11.5,12.25,12,12.75],"texture":"#1"}}},{"from":[0,0,12],"to":[4,1,16],"rotation":{"angle":0,"axis":"y","origin":[8,8,8]},"faces":{"north":{"uv":[10.5,12.5,11.5,12.75],"texture":"#1"},"east":{"uv":[10.5,12.75,11.5,13],"texture":"#1"},"south":{"uv":[10.5,12.5,11.5,12.75],"texture":"#1"},"west":{"uv":[10.5,12.75,11.5,13],"texture":"#1"},"up":{"uv":[10.5,13,11.5,14],"texture":"#1"},"down":{"uv":[10.5,13,11.5,14],"texture":"#1"}}},{"from":[13,1,13],"to":[15,14,15],"rotation":{"angle":0,"axis":"y","origin":[8,8,8]},"faces":{"north":{"uv":[11.5,12.75,12,16],"texture":"#1"},"east":{"uv":[12,12.75,11.5,16],"texture":"#1"},"south":{"uv":[11.5,12.75,12,16],"texture":"#1"},"west":{"uv":[12,12.75,11.5,16],"texture":"#1"},"down":{"uv":[11.5,12.25,12,12.75],"texture":"#1"}}},{"from":[12,0,12],"to":[16,1,16],"rotation":{"angle":0,"axis":"y","origin":[8,8,8]},"faces":{"north":{"uv":[10.5,12.5,11.5,12.75],"texture":"#1"},"east":{"uv":[10.5,12.75,11.5,13],"texture":"#1"},"south":{"uv":[10.5,12.5,11.5,12.75],"texture":"#1"},"west":{"uv":[10.5,12.75,11.5,13],"texture":"#1"},"up":{"uv":[10.5,13,11.5,14],"texture":"#1"},"down":{"uv":[10.5,13,11.5,14],"texture":"#1"}}},{"from":[13,1,1],"to":[15,14,3],"rotation":{"angle":0,"axis":"y","origin":[8,8,8]},"faces":{"north":{"uv":[11.5,12.75,12,16],"texture":"#1"},"east":{"uv":[12,12.75,11.5,16],"texture":"#1"},"south":{"uv":[11.5,12.75,12,16],"texture":"#1"},"west":{"uv":[12,12.75,11.5,16],"texture":"#1"},"down":{"uv":[11.5,12.25,12,12.75],"texture":"#1"}}},{"from":[12,0,0],"to":[16,1,4],"rotation":{"angle":0,"axis":"y","origin":[8,8,8]},"faces":{"north":{"uv":[10.5,12.5,11.5,12.75],"texture":"#1"},"east":{"uv":[10.5,12.75,11.5,13],"texture":"#1"},"south":{"uv":[10.5,12.5,11.5,12.75],"texture":"#1"},"west":{"uv":[10.5,12.75,11.5,13],"texture":"#1"},"up":{"uv":[10.5,13,11.5,14],"texture":"#1"},"down":{"uv":[10.5,13,11.5,14],"texture":"#1"}}},{"from":[1,1,1],"to":[3,14,3],"rotation":{"angle":0,"axis":"y","origin":[8,8,8]},"faces":{"north":{"uv":[11.5,12.75,12,16],"texture":"#1"},"east":{"uv":[12,12.75,11.5,16],"texture":"#1"},"south":{"uv":[11.5,12.75,12,16],"texture":"#1"},"west":{"uv":[12,12.75,11.5,16],"texture":"#1"},"down":{"uv":[11.5,12.25,12,12.75],"texture":"#1"}}},{"from":[0,0,0],"to":[4,1,4],"rotation":{"angle":0,"axis":"y","origin":[8,8,8]},"faces":{"north":{"uv":[10.5,12.5,11.5,12.75],"texture":"#1"},"east":{"uv":[10.5,12.75,11.5,13],"texture":"#1"},"south":{"uv":[10.5,12.5,11.5,12.75],"texture":"#1"},"west":{"uv":[10.5,12.75,11.5,13],"texture":"#1"},"up":{"uv":[10.5,13,11.5,14],"texture":"#1"},"down":{"uv":[10.5,13,11.5,14],"texture":"#1"}}}],"display":{"thirdperson_righthand":{"translation":[0,2.5,2.75],"scale":[0.3,0.3,0.3]},"thirdperson_lefthand":{"rotation":[0,1,0],"translation":[0,2.25,2.75],"scale":[0.3,0.3,0.3]},"ground":{"translation":[0,1,0],"scale":[0.4,0.4,0.4]},"gui":{"rotation":[40,-40,0],"translation":[0,-0.25,0],"scale":[0.55,0.55,0.55]},"head":{"translation":[0,-31.25,0],"scale":[1.5,1.5,1.5]},"fixed":{"translation":[0,0,-5],"scale":[0.7,0.7,0.7]}},"groups":[{"name":"vase1","origin":[-7,14.5,8],"color":0,"children":[0,1,2,3,4,5,6,7,8,9]}]}