{"credit":"magic_store_official","texture_size":[32,32],"textures":{"0":"magic_store:furnitures/bank_pack/bank_greek_balance","particle":"magic_store:furnitures/bank_pack/bank_greek_balance"},"elements":[{"from":[0,18.5,7.4],"to":[16,20.5,7.4],"rotation":{"angle":0,"axis":"z","origin":[8,10,9.5]},"faces":{"north":{"uv":[6.5,6,14.5,7],"texture":"#0"},"east":{"uv":[6.5,9,7,9.5],"texture":"#0"},"south":{"uv":[6.5,6,14.5,7],"texture":"#0"},"west":{"uv":[7,9,7.5,9.5],"texture":"#0"},"up":{"uv":[14,6.5,6,6],"texture":"#0"},"down":{"uv":[14,6.5,6,7],"texture":"#0"}}},{"from":[7,1,7.5],"to":[9,21,9.5],"faces":{"north":{"uv":[0,0,1,10],"texture":"#0"},"east":{"uv":[1,0,0,10],"texture":"#0"},"south":{"uv":[0,0,1,10],"texture":"#0"},"west":{"uv":[1,0,0,10],"texture":"#0"},"up":{"uv":[9.5,4.5,8.5,3.5],"texture":"#0"},"down":{"uv":[5,8.5,4,9.5],"texture":"#0"}}},{"from":[5.5,0,6],"to":[10.5,1,11],"faces":{"north":{"uv":[8.5,1.5,11,2],"texture":"#0"},"east":{"uv":[8.5,1.5,11,2],"texture":"#0"},"south":{"uv":[8.5,1.5,11,2],"texture":"#0"},"west":{"uv":[8.5,1.5,11,2],"texture":"#0"},"up":{"uv":[9,6,6.5,3.5],"texture":"#0"},"down":{"uv":[11.5,3.5,9,6],"texture":"#0"}}},{"from":[6.5,2,7],"to":[9.5,3,10],"faces":{"north":{"uv":[8.5,7.5,10,8],"texture":"#0"},"east":{"uv":[8.5,7.5,10,8],"texture":"#0"},"south":{"uv":[8.5,7.5,10,8],"texture":"#0"},"west":{"uv":[8.5,7.5,10,8],"texture":"#0"},"up":{"uv":[8.5,8.5,7,7],"texture":"#0"},"down":{"uv":[10,0,8.5,1.5],"texture":"#0"}}},{"from":[6.5,19.5,7],"to":[9.5,20.5,10],"faces":{"north":{"uv":[8.5,7.5,10,8],"texture":"#0"},"east":{"uv":[8.5,7.5,10,8],"texture":"#0"},"south":{"uv":[8.5,7.5,10,8],"texture":"#0"},"west":{"uv":[8.5,7.5,10,8],"texture":"#0"},"up":{"uv":[8.5,8.5,7,7],"texture":"#0"},"down":{"uv":[10,0,8.5,1.5],"texture":"#0"}}},{"from":[6.5,21,7],"to":[9.5,22,10],"faces":{"north":{"uv":[8.5,7.5,10,8],"texture":"#0"},"east":{"uv":[8.5,7.5,10,8],"texture":"#0"},"south":{"uv":[8.5,7.5,10,8],"texture":"#0"},"west":{"uv":[8.5,7.5,10,8],"texture":"#0"},"up":{"uv":[8.5,8.5,7,7],"texture":"#0"},"down":{"uv":[10,0,8.5,1.5],"texture":"#0"}}},{"from":[-1,4,5.9],"to":[2,5,8.9],"faces":{"north":{"uv":[8.5,7,10,7.5],"texture":"#0"},"east":{"uv":[8.5,7,10,7.5],"texture":"#0"},"south":{"uv":[8.5,7,10,7.5],"texture":"#0"},"west":{"uv":[8.5,7,10,7.5],"texture":"#0"},"up":{"uv":[5.5,8.5,4,7],"texture":"#0"},"down":{"uv":[7,7,5.5,8.5],"texture":"#0"}}},{"from":[0.5,4.5,4.9],"to":[0.5,18.5,7.9],"rotation":{"angle":0,"axis":"y","origin":[0.5,11.5,7]},"faces":{"north":{"uv":[0,0,0,7],"texture":"#0"},"east":{"uv":[6.5,0,5,7],"texture":"#0"},"south":{"uv":[0,0,0,7],"texture":"#0"},"west":{"uv":[5,0,6.5,7],"texture":"#0"},"up":{"uv":[0,1,0,0],"texture":"#0"},"down":{"uv":[0,0,0,1],"texture":"#0"}}},{"from":[0.5,4.5,6.9],"to":[0.5,18.5,9.9],"rotation":{"angle":0,"axis":"y","origin":[0.5,11.5,9]},"faces":{"north":{"uv":[0,0,0,7],"texture":"#0"},"east":{"uv":[5,0,6.5,7],"texture":"#0"},"south":{"uv":[0,0,0,7],"texture":"#0"},"west":{"uv":[6.5,0,5,7],"texture":"#0"},"up":{"uv":[0,0,0,1],"texture":"#0"},"down":{"uv":[0,1,0,0],"texture":"#0"}}},{"from":[15.5,4.5,4.9],"to":[15.5,18.5,7.9],"rotation":{"angle":0,"axis":"y","origin":[0.5,11.5,7]},"faces":{"north":{"uv":[0,0,0,7],"texture":"#0"},"east":{"uv":[6.5,0,5,7],"texture":"#0"},"south":{"uv":[0,0,0,7],"texture":"#0"},"west":{"uv":[5,0,6.5,7],"texture":"#0"},"up":{"uv":[0,1,0,0],"texture":"#0"},"down":{"uv":[0,0,0,1],"texture":"#0"}}},{"from":[15.5,4.5,6.9],"to":[15.5,18.5,9.9],"rotation":{"angle":0,"axis":"y","origin":[0.5,11.5,9]},"faces":{"north":{"uv":[0,0,0,7],"texture":"#0"},"east":{"uv":[5,0,6.5,7],"texture":"#0"},"south":{"uv":[0,0,0,7],"texture":"#0"},"west":{"uv":[6.5,0,5,7],"texture":"#0"},"up":{"uv":[0,0,0,1],"texture":"#0"},"down":{"uv":[0,1,0,0],"texture":"#0"}}},{"from":[14,4,5.9],"to":[17,5,8.9],"faces":{"north":{"uv":[8.5,7,10,7.5],"texture":"#0"},"east":{"uv":[8.5,7,10,7.5],"texture":"#0"},"south":{"uv":[8.5,7,10,7.5],"texture":"#0"},"west":{"uv":[8.5,7,10,7.5],"texture":"#0"},"up":{"uv":[5.5,8.5,4,7],"texture":"#0"},"down":{"uv":[7,7,5.5,8.5],"texture":"#0"}}}],"display":{"thirdperson_righthand":{"rotation":[44,30,0],"translation":[0,1.25,0.5],"scale":[0.35,0.35,0.35]},"thirdperson_lefthand":{"rotation":[44,30,0],"translation":[0,1.25,0.5],"scale":[0.35,0.35,0.35]},"firstperson_righthand":{"rotation":[0,115,0],"translation":[11.75,-1.5,-12.5]},"firstperson_lefthand":{"rotation":[0,115,0],"translation":[11.75,-1.5,-12.5]},"ground":{"rotation":[-30,0,-20],"translation":[0,2,0],"scale":[0.4,0.4,0.4]},"gui":{"rotation":[30,135,0],"translation":[0,-1.5,0],"scale":[0.75,0.75,0.75]},"head":{"translation":[0,-30.5,0],"scale":[1.6,1.6,1.6]},"fixed":{"rotation":[-90,0,0],"translation":[0,0,-16],"scale":[2,2,2]}},"groups":[{"name":"group","origin":[0,0,0],"color":0,"children":[0,1,2,3,4,5,6,7,8,9,10,11]}]}