{
  "credit": "MadewithBlockbench",
  "texture_size": [
    64,
    64
  ],
  "textures": {
    "1": "warden_set:warden_weapon_1",
    "3": "warden_set:animation_2",
    "4": "warden_set:animation_3",
    "particle": "warden_set:animation_1"
  },
  "elements": [
    {
      "from": [
        7,
        8,
        7
      ],
      "to": [
        9,
        12,
        9
      ],
      "rotation": {
        "angle": 0,
        "axis": "y",
        "origin": [
          8,
          10,
          8
        ]
      },
      "faces": {
        "north": {
          "uv": [
            15.5,
            9.5,
            16,
            10.5
          ],
          "texture": "#1"
        },
        "east": {
          "uv": [
            15.5,
            9.5,
            16,
            10.5
          ],
          "texture": "#1"
        },
        "south": {
          "uv": [
            15.5,
            9.5,
            16,
            10.5
          ],
          "texture": "#1"
        },
        "west": {
          "uv": [
            15.5,
            9.5,
            16,
            10.5
          ],
          "texture": "#1"
        },
        "down": {
          "uv": [
            15,
            9.5,
            15.5,
            10
          ],
          "texture": "#1"
        }
      }
    },
    {
      "from": [
        7,
        -14,
        7
      ],
      "to": [
        9,
        -9,
        9
      ],
      "rotation": {
        "angle": 0,
        "axis": "y",
        "origin": [
          8,
          -11.5,
          8
        ]
      },
      "faces": {
        "north": {
          "uv": [
            15.5,
            14.75,
            16,
            16
          ],
          "texture": "#1"
        },
        "east": {
          "uv": [
            15.5,
            14.75,
            16,
            16
          ],
          "texture": "#1"
        },
        "south": {
          "uv": [
            15.5,
            14.75,
            16,
            16
          ],
          "texture": "#1"
        },
        "west": {
          "uv": [
            15.5,
            14.75,
            16,
            16
          ],
          "texture": "#1"
        },
        "up": {
          "uv": [
            15,
            9.5,
            15.5,
            10
          ],
          "texture": "#1"
        }
      }
    },
    {
      "from": [
        7.5,
        -9,
        7.5
      ],
      "to": [
        8.5,
        8,
        8.5
      ],
      "rotation": {
        "angle": 0,
        "axis": "y",
        "origin": [
          8,
          -0.5,
          8
        ]
      },
      "faces": {
        "north": {
          "uv": [
            15.75,
            10.5,
            16,
            14.75
          ],
          "texture": "#1"
        },
        "east": {
          "uv": [
            15.75,
            10.5,
            16,
            14.75
          ],
          "texture": "#1"
        },
        "south": {
          "uv": [
            15.75,
            10.5,
            16,
            14.75
          ],
          "texture": "#1"
        },
        "west": {
          "uv": [
            15.75,
            10.5,
            16,
            14.75
          ],
          "texture": "#1"
        }
      }
    },
    {
      "from": [
        6,
        -16,
        6
      ],
      "to": [
        10,
        -14,
        10
      ],
      "rotation": {
        "angle": 0,
        "axis": "y",
        "origin": [
          8,
          -15,
          8
        ]
      },
      "faces": {
        "north": {
          "uv": [
            6.5,
            4,
            5.5,
            4.5
          ],
          "texture": "#1"
        },
        "east": {
          "uv": [
            5.5,
            3.5,
            6.5,
            4
          ],
          "texture": "#1"
        },
        "south": {
          "uv": [
            5.5,
            4,
            6.5,
            4.5
          ],
          "texture": "#1"
        },
        "west": {
          "uv": [
            5.5,
            3.5,
            6.5,
            4
          ],
          "texture": "#1"
        },
        "up": {
          "uv": [
            5.5,
            3.75,
            4.5,
            2.75
          ],
          "rotation": 270,
          "texture": "#1"
        },
        "down": {
          "uv": [
            4,
            4.5,
            3,
            5.5
          ],
          "rotation": 90,
          "texture": "#1"
        }
      }
    },
    {
      "from": [
        6,
        19,
        6
      ],
      "to": [
        10,
        21,
        10
      ],
      "rotation": {
        "angle": 0,
        "axis": "y",
        "origin": [
          8,
          20,
          8
        ]
      },
      "faces": {
        "north": {
          "uv": [
            6.5,
            4.5,
            5.5,
            4
          ],
          "texture": "#1"
        },
        "east": {
          "uv": [
            5.5,
            4,
            6.5,
            3.5
          ],
          "texture": "#1"
        },
        "south": {
          "uv": [
            5.5,
            4.5,
            6.5,
            4
          ],
          "texture": "#1"
        },
        "west": {
          "uv": [
            5.5,
            4,
            6.5,
            3.5
          ],
          "texture": "#1"
        },
        "up": {
          "uv": [
            3,
            4.5,
            4,
            5.5
          ],
          "rotation": 90,
          "texture": "#1"
        },
        "down": {
          "uv": [
            4.5,
            3.75,
            5.5,
            2.75
          ],
          "rotation": 270,
          "texture": "#1"
        }
      }
    },
    {
      "from": [
        6,
        19,
        2
      ],
      "to": [
        10,
        20,
        6
      ],
      "rotation": {
        "angle": 0,
        "axis": "y",
        "origin": [
          8,
          19.5,
          4
        ]
      },
      "faces": {
        "north": {
          "uv": [
            5,
            7.25,
            5.25,
            6.25
          ],
          "rotation": 270,
          "texture": "#1"
        },
        "east": {
          "uv": [
            5,
            7.25,
            5.25,
            6.25
          ],
          "rotation": 270,
          "texture": "#1"
        },
        "south": {
          "uv": [
            5,
            7.25,
            5.25,
            6.25
          ],
          "rotation": 270,
          "texture": "#1"
        },
        "west": {
          "uv": [
            5,
            7.25,
            5.25,
            6.25
          ],
          "rotation": 270,
          "texture": "#1"
        },
        "up": {
          "uv": [
            5.25,
            7.25,
            6.25,
            6.25
          ],
          "rotation": 270,
          "texture": "#1"
        },
        "down": {
          "uv": [
            5.25,
            7.25,
            6.25,
            6.25
          ],
          "rotation": 270,
          "texture": "#1"
        }
      }
    },
    {
      "from": [
        5,
        19.88945,
        3.5
      ],
      "to": [
        11,
        20.88945,
        7.5
      ],
      "rotation": {
        "angle": -22.5,
        "axis": "x",
        "origin": [
          11.30984,
          6.75,
          6.99553
        ]
      },
      "faces": {
        "north": {
          "uv": [
            5,
            8.75,
            5.25,
            7.25
          ],
          "rotation": 270,
          "texture": "#1"
        },
        "east": {
          "uv": [
            4.5,
            9,
            4.75,
            8
          ],
          "rotation": 270,
          "texture": "#1"
        },
        "south": {
          "uv": [
            5,
            8.75,
            5.25,
            7.25
          ],
          "rotation": 270,
          "texture": "#1"
        },
        "west": {
          "uv": [
            4.5,
            9,
            4.75,
            8
          ],
          "rotation": 270,
          "texture": "#1"
        },
        "up": {
          "uv": [
            5.25,
            8.75,
            6.25,
            7.25
          ],
          "rotation": 270,
          "texture": "#1"
        },
        "down": {
          "uv": [
            5.25,
            8.75,
            6.25,
            7.25
          ],
          "rotation": 270,
          "texture": "#1"
        }
      }
    },
    {
      "from": [
        6.50537,
        -13,
        6.53568
      ],
      "to": [
        9.50537,
        -12,
        9.53568
      ],
      "rotation": {
        "angle": 0,
        "axis": "y",
        "origin": [
          11.30984,
          6.75,
          6.99553
        ]
      },
      "faces": {
        "north": {
          "uv": [
            5.5,
            5.75,
            6.25,
            6
          ],
          "texture": "#1"
        },
        "east": {
          "uv": [
            5.5,
            5.75,
            6.25,
            6
          ],
          "texture": "#1"
        },
        "south": {
          "uv": [
            0,
            6,
            0.75,
            6.25
          ],
          "texture": "#1"
        },
        "west": {
          "uv": [
            5.5,
            5.75,
            6.25,
            6
          ],
          "texture": "#1"
        },
        "up": {
          "uv": [
            3.5,
            6.25,
            2.75,
            5.5
          ],
          "rotation": 270,
          "texture": "#1"
        },
        "down": {
          "uv": [
            6.25,
            2.75,
            5.5,
            3.5
          ],
          "rotation": 90,
          "texture": "#1"
        }
      }
    },
    {
      "from": [
        6,
        12,
        6
      ],
      "to": [
        10,
        16,
        10
      ],
      "rotation": {
        "angle": 0,
        "axis": "y",
        "origin": [
          8,
          14,
          8
        ]
      },
      "faces": {
        "north": {
          "uv": [
            5,
            4.75,
            4,
            5.75
          ],
          "texture": "#1"
        },
        "east": {
          "uv": [
            4.5,
            3.75,
            5.5,
            4.75
          ],
          "texture": "#1"
        },
        "south": {
          "uv": [
            4,
            4.75,
            5,
            5.75
          ],
          "texture": "#1"
        },
        "west": {
          "uv": [
            5.5,
            3.75,
            4.5,
            4.75
          ],
          "texture": "#1"
        },
        "down": {
          "uv": [
            1,
            5,
            0,
            6
          ],
          "rotation": 90,
          "texture": "#1"
        }
      }
    },
    {
      "from": [
        5,
        15,
        5
      ],
      "to": [
        11,
        19,
        11
      ],
      "rotation": {
        "angle": 0,
        "axis": "y",
        "origin": [
          8,
          17,
          8
        ]
      },
      "faces": {
        "north": {
          "uv": [
            6,
            1,
            4.5,
            2
          ],
          "texture": "#1"
        },
        "east": {
          "uv": [
            4.5,
            0,
            6,
            1
          ],
          "texture": "#1"
        },
        "south": {
          "uv": [
            4.5,
            1,
            6,
            2
          ],
          "texture": "#1"
        },
        "west": {
          "uv": [
            6,
            0,
            4.5,
            1
          ],
          "texture": "#1"
        },
        "up": {
          "uv": [
            1.5,
            5,
            0,
            3.5
          ],
          "rotation": 270,
          "texture": "#1"
        },
        "down": {
          "uv": [
            3,
            3.5,
            1.5,
            5
          ],
          "rotation": 90,
          "texture": "#1"
        }
      }
    },
    {
      "from": [
        8.00537,
        14.77006,
        5.79937
      ],
      "to": [
        8.00537,
        19.77006,
        13.79937
      ],
      "rotation": {
        "angle": 22.5,
        "axis": "x",
        "origin": [
          11.30984,
          6.75,
          6.99553
        ]
      },
      "faces": {
        "east": {
          "uv": [
            7.5,
            1.25,
            9.5,
            0
          ],
          "texture": "#1"
        },
        "west": {
          "uv": [
            9.5,
            1.25,
            7.5,
            0
          ],
          "texture": "#1"
        }
      }
    },
    {
      "from": [
        9.50537,
        14.77006,
        4.29937
      ],
      "to": [
        9.50537,
        19.77006,
        10.29937
      ],
      "rotation": {
        "angle": 22.5,
        "axis": "x",
        "origin": [
          11.30984,
          6.75,
          6.99553
        ]
      },
      "faces": {
        "east": {
          "uv": [
            7.5,
            2.5,
            9,
            1.25
          ],
          "texture": "#1"
        },
        "west": {
          "uv": [
            9,
            2.5,
            7.5,
            1.25
          ],
          "texture": "#1"
        }
      }
    },
    {
      "from": [
        6.50537,
        14.77006,
        4.29937
      ],
      "to": [
        6.50537,
        19.77006,
        10.29937
      ],
      "rotation": {
        "angle": 22.5,
        "axis": "x",
        "origin": [
          11.30984,
          6.75,
          6.99553
        ]
      },
      "faces": {
        "east": {
          "uv": [
            7.5,
            2.5,
            9,
            1.25
          ],
          "texture": "#1"
        },
        "west": {
          "uv": [
            9,
            2.5,
            7.5,
            1.25
          ],
          "texture": "#1"
        }
      }
    },
    {
      "from": [
        14.03344,
        13.72316,
        9.03568
      ],
      "to": [
        22.03344,
        18.72316,
        9.03568
      ],
      "rotation": {
        "angle": 22.5,
        "axis": "z",
        "origin": [
          11.30984,
          6.75,
          6.99553
        ]
      },
      "faces": {
        "north": {
          "uv": [
            7.5,
            1.25,
            9.5,
            0
          ],
          "texture": "#1"
        },
        "south": {
          "uv": [
            9.5,
            1.25,
            7.5,
            0
          ],
          "texture": "#1"
        }
      }
    },
    {
      "from": [
        5,
        -14,
        8
      ],
      "to": [
        11,
        -7,
        8
      ],
      "rotation": {
        "angle": 0,
        "axis": "y",
        "origin": [
          8,
          -10.5,
          8
        ]
      },
      "faces": {
        "north": {
          "uv": [
            6.5,
            5.25,
            8,
            3.5
          ],
          "texture": "#1"
        },
        "south": {
          "uv": [
            8,
            5.25,
            6.5,
            3.5
          ],
          "texture": "#1"
        }
      }
    },
    {
      "from": [
        12.53344,
        13.72316,
        7.53568
      ],
      "to": [
        18.53344,
        18.72316,
        7.53568
      ],
      "rotation": {
        "angle": 22.5,
        "axis": "z",
        "origin": [
          11.30984,
          6.75,
          6.99553
        ]
      },
      "faces": {
        "north": {
          "uv": [
            7.5,
            2.5,
            9,
            1.25
          ],
          "texture": "#1"
        },
        "south": {
          "uv": [
            9,
            2.5,
            7.5,
            1.25
          ],
          "texture": "#1"
        }
      }
    },
    {
      "from": [
        -2.01963,
        11.19402,
        7.53568
      ],
      "to": [
        3.98037,
        16.19402,
        7.53568
      ],
      "rotation": {
        "angle": -22.5,
        "axis": "z",
        "origin": [
          11.30984,
          6.75,
          6.99553
        ]
      },
      "faces": {
        "north": {
          "uv": [
            9,
            2.5,
            7.5,
            1.25
          ],
          "texture": "#1"
        },
        "south": {
          "uv": [
            7.5,
            2.5,
            9,
            1.25
          ],
          "texture": "#1"
        }
      }
    },
    {
      "from": [
        -5.51963,
        11.19402,
        9.03568
      ],
      "to": [
        2.48037,
        16.19402,
        9.03568
      ],
      "rotation": {
        "angle": -22.5,
        "axis": "z",
        "origin": [
          11.30984,
          6.75,
          6.99553
        ]
      },
      "faces": {
        "north": {
          "uv": [
            9.5,
            1.25,
            7.5,
            0
          ],
          "texture": "#1"
        },
        "south": {
          "uv": [
            7.5,
            1.25,
            9.5,
            0
          ],
          "texture": "#1"
        }
      }
    },
    {
      "from": [
        10.68966,
        8.54969,
        7.03568
      ],
      "to": [
        13.68966,
        14.54969,
        9.03568
      ],
      "rotation": {
        "angle": 22.5,
        "axis": "z",
        "origin": [
          11.30984,
          6.75,
          6.99553
        ]
      },
      "faces": {
        "north": {
          "uv": [
            4.5,
            2,
            6,
            2.75
          ],
          "rotation": 270,
          "texture": "#1"
        },
        "east": {
          "uv": [
            2.75,
            5,
            2.25,
            6.5
          ],
          "texture": "#1"
        },
        "south": {
          "uv": [
            6,
            2,
            4.5,
            2.75
          ],
          "rotation": 90,
          "texture": "#1"
        },
        "west": {
          "uv": [
            5.5,
            6.25,
            5,
            4.75
          ],
          "rotation": 180,
          "texture": "#1"
        },
        "up": {
          "uv": [
            4.5,
            5.75,
            4,
            6.5
          ],
          "rotation": 90,
          "texture": "#1"
        },
        "down": {
          "uv": [
            6,
            5,
            5.5,
            5.75
          ],
          "rotation": 90,
          "texture": "#1"
        }
      }
    },
    {
      "from": [
        9.43668,
        6.86809,
        7.53568
      ],
      "to": [
        13.43668,
        8.86809,
        8.53568
      ],
      "rotation": {
        "angle": -45,
        "axis": "z",
        "origin": [
          11.30984,
          6.75,
          6.99553
        ]
      },
      "faces": {
        "north": {
          "uv": [
            5.5,
            4.5,
            6.5,
            5
          ],
          "texture": "#1"
        },
        "east": {
          "uv": [
            3,
            5,
            2.75,
            5.5
          ],
          "texture": "#1"
        },
        "south": {
          "uv": [
            6.5,
            4.5,
            5.5,
            5
          ],
          "texture": "#1"
        },
        "west": {
          "uv": [
            6.25,
            0,
            6,
            0.5
          ],
          "texture": "#1"
        },
        "up": {
          "uv": [
            3.25,
            3.5,
            3,
            4.5
          ],
          "rotation": 270,
          "texture": "#1"
        },
        "down": {
          "uv": [
            5,
            6.75,
            4.75,
            5.75
          ],
          "rotation": 90,
          "texture": "#1"
        }
      }
    },
    {
      "from": [
        2.82415,
        6.02056,
        7.03568
      ],
      "to": [
        5.82415,
        12.02056,
        9.03568
      ],
      "rotation": {
        "angle": -22.5,
        "axis": "z",
        "origin": [
          11.30984,
          6.75,
          6.99553
        ]
      },
      "faces": {
        "north": {
          "uv": [
            4.5,
            2.75,
            6,
            2
          ],
          "rotation": 270,
          "texture": "#1"
        },
        "east": {
          "uv": [
            5,
            6.25,
            5.5,
            4.75
          ],
          "rotation": 180,
          "texture": "#1"
        },
        "south": {
          "uv": [
            6,
            2.75,
            4.5,
            2
          ],
          "rotation": 90,
          "texture": "#1"
        },
        "west": {
          "uv": [
            2.25,
            5,
            2.75,
            6.5
          ],
          "texture": "#1"
        },
        "up": {
          "uv": [
            4.5,
            6.5,
            4,
            5.75
          ],
          "rotation": 90,
          "texture": "#1"
        },
        "down": {
          "uv": [
            6,
            5.75,
            5.5,
            5
          ],
          "rotation": 90,
          "texture": "#1"
        }
      }
    },
    {
      "from": [
        4.50978,
        11.54133,
        7.53568
      ],
      "to": [
        8.50978,
        13.54133,
        8.53568
      ],
      "rotation": {
        "angle": 45,
        "axis": "z",
        "origin": [
          11.30984,
          6.75,
          6.99553
        ]
      },
      "faces": {
        "north": {
          "uv": [
            6.5,
            4.5,
            5.5,
            5
          ],
          "texture": "#1"
        },
        "east": {
          "uv": [
            6,
            0,
            6.25,
            0.5
          ],
          "texture": "#1"
        },
        "south": {
          "uv": [
            5.5,
            4.5,
            6.5,
            5
          ],
          "texture": "#1"
        },
        "west": {
          "uv": [
            2.75,
            5,
            3,
            5.5
          ],
          "texture": "#1"
        },
        "up": {
          "uv": [
            3.25,
            4.5,
            3,
            3.5
          ],
          "rotation": 270,
          "texture": "#1"
        },
        "down": {
          "uv": [
            5,
            5.75,
            4.75,
            6.75
          ],
          "rotation": 90,
          "texture": "#1"
        }
      }
    },
    {
      "from": [
        8.6,
        17.03873,
        1.03392
      ],
      "to": [
        10.6,
        19.03873,
        5.03392
      ],
      "rotation": {
        "angle": 0,
        "axis": "y",
        "origin": [
          9.6,
          16.96493,
          1.50496
        ]
      },
      "faces": {
        "north": {
          "uv": [
            4,
            12.25,
            3.75,
            12.5
          ],
          "rotation": 180,
          "texture": "#1"
        },
        "east": {
          "uv": [
            4.25,
            12.25,
            3.25,
            11.75
          ],
          "texture": "#1"
        },
        "south": {
          "uv": [
            3.75,
            12.75,
            3.25,
            12.25
          ],
          "rotation": 180,
          "texture": "#1"
        },
        "west": {
          "uv": [
            4.25,
            12.25,
            3.25,
            11.75
          ],
          "rotation": 180,
          "texture": "#1"
        },
        "up": {
          "uv": [
            4.25,
            12.25,
            3.25,
            11.75
          ],
          "rotation": 270,
          "texture": "#1"
        },
        "down": {
          "uv": [
            4.25,
            12.25,
            3.25,
            11.75
          ],
          "rotation": 90,
          "texture": "#1"
        }
      }
    },
    {
      "from": [
        8.7,
        14.05969,
        -0.19382
      ],
      "to": [
        10.5,
        18.05969,
        1.60618
      ],
      "rotation": {
        "angle": 45,
        "axis": "x",
        "origin": [
          9.6,
          16.96493,
          1.50496
        ]
      },
      "faces": {
        "north": {
          "uv": [
            4.5,
            13.25,
            3.5,
            12.75
          ],
          "rotation": 90,
          "texture": "#1"
        },
        "east": {
          "uv": [
            4.5,
            13.25,
            3.5,
            12.75
          ],
          "rotation": 90,
          "texture": "#1"
        },
        "south": {
          "uv": [
            4.5,
            13.25,
            3.5,
            12.75
          ],
          "rotation": 90,
          "texture": "#1"
        },
        "west": {
          "uv": [
            4.5,
            13.25,
            3.5,
            12.75
          ],
          "rotation": 90,
          "texture": "#1"
        },
        "up": {
          "uv": [
            4.25,
            12.75,
            3.75,
            12.25
          ],
          "rotation": 180,
          "texture": "#1"
        },
        "down": {
          "uv": [
            4.25,
            12.25,
            3.75,
            12.75
          ],
          "texture": "#1"
        }
      }
    },
    {
      "from": [
        9.6,
        13.09285,
        -1.09674
      ],
      "to": [
        9.6,
        17.09285,
        4.90326
      ],
      "rotation": {
        "angle": 0,
        "axis": "y",
        "origin": [
          9.6,
          16.96493,
          1.50496
        ]
      },
      "faces": {
        "north": {
          "uv": [
            4.5,
            3.75,
            5.5,
            4.75
          ],
          "rotation": 180,
          "texture": "#1"
        },
        "east": {
          "uv": [
            16,
            2.25,
            14.5,
            1.25
          ],
          "rotation": 180,
          "texture": "#1"
        },
        "south": {
          "uv": [
            5.5,
            4.75,
            4.5,
            3.75
          ],
          "rotation": 180,
          "texture": "#1"
        },
        "west": {
          "uv": [
            16,
            1.25,
            14.5,
            2.25
          ],
          "texture": "#1"
        },
        "up": {
          "uv": [
            3,
            14.5,
            2.5,
            14
          ],
          "rotation": 270,
          "texture": "#1"
        },
        "down": {
          "uv": [
            6.5,
            10.5,
            6,
            10
          ],
          "rotation": 90,
          "texture": "#1"
        }
      }
    },
    {
      "from": [
        4.6,
        17.03873,
        1.03392
      ],
      "to": [
        6.6,
        19.03873,
        5.03392
      ],
      "rotation": {
        "angle": 0,
        "axis": "y",
        "origin": [
          5.6,
          16.96493,
          1.50496
        ]
      },
      "faces": {
        "north": {
          "uv": [
            4,
            12.25,
            3.75,
            12.5
          ],
          "rotation": 180,
          "texture": "#1"
        },
        "east": {
          "uv": [
            4.25,
            12.25,
            3.25,
            11.75
          ],
          "texture": "#1"
        },
        "south": {
          "uv": [
            3.75,
            12.75,
            3.25,
            12.25
          ],
          "rotation": 180,
          "texture": "#1"
        },
        "west": {
          "uv": [
            4.25,
            12.25,
            3.25,
            11.75
          ],
          "rotation": 180,
          "texture": "#1"
        },
        "up": {
          "uv": [
            4.25,
            12.25,
            3.25,
            11.75
          ],
          "rotation": 270,
          "texture": "#1"
        },
        "down": {
          "uv": [
            4.25,
            12.25,
            3.25,
            11.75
          ],
          "rotation": 90,
          "texture": "#1"
        }
      }
    },
    {
      "from": [
        4.7,
        14.05969,
        -0.19382
      ],
      "to": [
        6.5,
        18.05969,
        1.60618
      ],
      "rotation": {
        "angle": 45,
        "axis": "x",
        "origin": [
          5.6,
          16.96493,
          1.50496
        ]
      },
      "faces": {
        "north": {
          "uv": [
            4.5,
            13.25,
            3.5,
            12.75
          ],
          "rotation": 90,
          "texture": "#1"
        },
        "east": {
          "uv": [
            4.5,
            13.25,
            3.5,
            12.75
          ],
          "rotation": 90,
          "texture": "#1"
        },
        "south": {
          "uv": [
            4.5,
            13.25,
            3.5,
            12.75
          ],
          "rotation": 90,
          "texture": "#1"
        },
        "west": {
          "uv": [
            4.5,
            13.25,
            3.5,
            12.75
          ],
          "rotation": 90,
          "texture": "#1"
        },
        "up": {
          "uv": [
            4.25,
            12.75,
            3.75,
            12.25
          ],
          "rotation": 180,
          "texture": "#1"
        },
        "down": {
          "uv": [
            4.25,
            12.25,
            3.75,
            12.75
          ],
          "texture": "#1"
        }
      }
    },
    {
      "from": [
        5.6,
        13.09285,
        -1.09674
      ],
      "to": [
        5.6,
        17.09285,
        4.90326
      ],
      "rotation": {
        "angle": 0,
        "axis": "y",
        "origin": [
          5.6,
          16.96493,
          1.50496
        ]
      },
      "faces": {
        "north": {
          "uv": [
            4.5,
            3.75,
            5.5,
            4.75
          ],
          "rotation": 180,
          "texture": "#1"
        },
        "east": {
          "uv": [
            16,
            2.25,
            14.5,
            1.25
          ],
          "rotation": 180,
          "texture": "#1"
        },
        "south": {
          "uv": [
            5.5,
            4.75,
            4.5,
            3.75
          ],
          "rotation": 180,
          "texture": "#1"
        },
        "west": {
          "uv": [
            16,
            1.25,
            14.5,
            2.25
          ],
          "texture": "#1"
        },
        "up": {
          "uv": [
            3,
            14.5,
            2.5,
            14
          ],
          "rotation": 270,
          "texture": "#1"
        },
        "down": {
          "uv": [
            6.5,
            10.5,
            6,
            10
          ],
          "rotation": 90,
          "texture": "#1"
        }
      }
    },
    {
      "from": [
        4.5,
        15,
        4.5
      ],
      "to": [
        11.5,
        19,
        11.5
      ],
      "rotation": {
        "angle": 0,
        "axis": "y",
        "origin": [
          8,
          16,
          8
        ]
      },
      "faces": {
        "north": {
          "uv": [
            2,
            4,
            7.5,
            7.5
          ],
          "texture": "#3"
        },
        "east": {
          "uv": [
            7.5,
            7.5,
            2,
            11
          ],
          "texture": "#3"
        },
        "south": {
          "uv": [
            13,
            7.5,
            7.5,
            11
          ],
          "texture": "#3"
        },
        "west": {
          "uv": [
            13,
            4,
            7.5,
            7.5
          ],
          "texture": "#3"
        }
      }
    },
    {
      "from": [
        7,
        -6,
        7
      ],
      "to": [
        9,
        10,
        9
      ],
      "rotation": {
        "angle": 0,
        "axis": "y",
        "origin": [
          8,
          16,
          8
        ]
      },
      "faces": {
        "north": {
          "uv": [
            6,
            0,
            4,
            16
          ],
          "texture": "#3"
        },
        "east": {
          "uv": [
            8,
            0,
            6,
            16
          ],
          "texture": "#3"
        },
        "south": {
          "uv": [
            10,
            0,
            8,
            16
          ],
          "texture": "#3"
        },
        "west": {
          "uv": [
            12,
            0,
            10,
            16
          ],
          "texture": "#3"
        }
      }
    },
    {
      "from": [
        0,
        -11,
        8
      ],
      "to": [
        16,
        5,
        8
      ],
      "rotation": {
        "angle": 45,
        "axis": "y",
        "origin": [
          8,
          16,
          8
        ]
      },
      "faces": {
        "north": {
          "uv": [
            0,
            0,
            16,
            16
          ],
          "texture": "#4"
        },
        "east": {
          "uv": [
            0.25,
            10.5,
            1.5,
            8.5
          ],
          "rotation": 90,
          "texture": "#1"
        },
        "south": {
          "uv": [
            16,
            0,
            0,
            16
          ],
          "texture": "#4"
        },
        "west": {
          "uv": [
            0.25,
            10.5,
            1.5,
            8.5
          ],
          "rotation": 90,
          "texture": "#1"
        },
        "up": {
          "uv": [
            1.5,
            10.5,
            3.5,
            8.5
          ],
          "rotation": 270,
          "texture": "#1"
        },
        "down": {
          "uv": [
            1.5,
            8.5,
            3.5,
            6.5
          ],
          "rotation": 270,
          "texture": "#1"
        }
      }
    },
    {
      "from": [
        8,
        -3,
        0
      ],
      "to": [
        8,
        13,
        16
      ],
      "rotation": {
        "angle": 45,
        "axis": "y",
        "origin": [
          8,
          -3,
          8
        ]
      },
      "faces": {
        "north": {
          "uv": [
            0.25,
            10.5,
            1.5,
            8.5
          ],
          "rotation": 90,
          "texture": "#1"
        },
        "east": {
          "uv": [
            0,
            0,
            16,
            16
          ],
          "texture": "#4"
        },
        "south": {
          "uv": [
            0.25,
            10.5,
            1.5,
            8.5
          ],
          "rotation": 90,
          "texture": "#1"
        },
        "west": {
          "uv": [
            16,
            0,
            0,
            16
          ],
          "texture": "#4"
        },
        "up": {
          "uv": [
            1.5,
            10.5,
            3.5,
            8.5
          ],
          "texture": "#1"
        },
        "down": {
          "uv": [
            1.5,
            8.5,
            3.5,
            6.5
          ],
          "rotation": 180,
          "texture": "#1"
        }
      }
    }
  ],
  "gui_light": "front",
  "display": {
    "thirdperson_righthand": {
      "translation": [
        0,
        5,
        1.75
      ],
      "scale": [
        0.65,
        0.65,
        0.65
      ]
    },
    "thirdperson_lefthand": {
      "translation": [
        0,
        5,
        1.75
      ],
      "scale": [
        0.65,
        0.65,
        0.65
      ]
    },
    "firstperson_righthand": {
      "rotation": [
        -20,
        3,
        9
      ],
      "translation": [
        0.5,
        3.75,
        1
      ],
      "scale": [
        0.5,
        0.5,
        0.5
      ]
    },
    "firstperson_lefthand": {
      "rotation": [
        -20,
        3,
        9
      ],
      "translation": [
        0.5,
        3.75,
        1
      ],
      "scale": [
        0.5,
        0.5,
        0.5
      ]
    },
    "ground": {
      "rotation": [
        0,
        0,
        -80
      ],
      "translation": [
        2.5,
        1.25,
        0
      ],
      "scale": [
        0.56836,
        0.56836,
        0.56836
      ]
    },
    "gui": {
      "rotation": [
        88,
        45,
        -88
      ],
      "translation": [
        1.5,
        1,
        -2
      ],
      "scale": [
        0.39453,
        0.39453,
        0.39453
      ]
    },
    "head": {
      "rotation": [
        -135.5,
        0,
        0
      ],
      "translation": [
        0,
        14,
        5.75
      ],
      "scale": [
        0.7,
        0.7,
        0.7
      ]
    },
    "fixed": {
      "rotation": [
        0,
        45,
        0
      ],
      "translation": [
        0,
        5.75,
        -2
      ],
      "scale": [
        1.25,
        1.25,
        1.25
      ]
    }
  },
  "groups": [
    {
      "name": "group",
      "origin": [
        0,
        3,
        0
      ],
      "color": 0,
      "boneType": "",
      "children": [
        {
          "name": "group",
          "origin": [
            8,
            -5,
            8
          ],
          "color": 0,
          "boneType": "",
          "children": [
            0,
            1,
            2,
            3,
            4,
            5,
            6,
            7,
            8
          ]
        },
        9,
        {
          "name": "group",
          "origin": [
            13,
            15,
            9
          ],
          "color": 0,
          "boneType": "",
          "children": [
            10,
            11,
            12
          ]
        },
        {
          "name": "group",
          "origin": [
            3,
            15,
            9
          ],
          "color": 0,
          "boneType": "",
          "children": [
            13,
            14,
            15,
            16,
            17
          ]
        },
        {
          "name": "group",
          "origin": [
            15.5,
            2.35,
            8
          ],
          "color": 0,
          "boneType": "",
          "children": [
            18,
            19
          ]
        },
        {
          "name": "group",
          "origin": [
            15.5,
            2.35,
            8
          ],
          "color": 0,
          "boneType": "",
          "children": [
            20,
            21
          ]
        }
      ]
    },
    {
      "name": "group",
      "origin": [
        12.9,
        11.55,
        7
      ],
      "color": 0,
      "boneType": "",
      "children": [
        22,
        23,
        24
      ]
    },
    {
      "name": "group",
      "origin": [
        12.9,
        11.55,
        7
      ],
      "color": 0,
      "boneType": "",
      "children": [
        25,
        26,
        27
      ]
    },
    28,
    29,
    30,
    31
  ]
}