{
  "credit": "MadewithBlockbench",
  "texture_size": [
    64,
    64
  ],
  "textures": {
    "1": "warden_set:warden_weapon_1",
    "3": "warden_set:animation_2",
    "4": "warden_set:animation_3",
    "particle": "warden_set:animation_1"
  },
  "elements": [
    {
      "from": [
        7,
        -7,
        7
      ],
      "to": [
        9,
        -1,
        9
      ],
      "rotation": {
        "angle": 0,
        "axis": "y",
        "origin": [
          9,
          6.5,
          8
        ]
      },
      "faces": {
        "north": {
          "uv": [
            2.25,
            5,
            1.75,
            6.5
          ],
          "texture": "#1"
        },
        "east": {
          "uv": [
            2.25,
            5,
            1.75,
            6.5
          ],
          "texture": "#1"
        },
        "south": {
          "uv": [
            1.75,
            5,
            1.25,
            6.5
          ],
          "texture": "#1"
        },
        "west": {
          "uv": [
            2.25,
            5,
            1.75,
            6.5
          ],
          "texture": "#1"
        }
      }
    },
    {
      "from": [
        6.5,
        -5,
        6.5
      ],
      "to": [
        9.5,
        -1,
        9.5
      ],
      "rotation": {
        "angle": 0,
        "axis": "y",
        "origin": [
          8,
          16,
          8
        ]
      },
      "faces": {
        "north": {
          "uv": [
            5,
            6,
            8,
            10.5
          ],
          "texture": "#3"
        },
        "east": {
          "uv": [
            2,
            6,
            5,
            10.5
          ],
          "texture": "#3"
        },
        "south": {
          "uv": [
            11,
            6,
            14,
            10.5
          ],
          "texture": "#3"
        },
        "west": {
          "uv": [
            8,
            6,
            11,
            10.5
          ],
          "texture": "#3"
        }
      }
    },
    {
      "from": [
        6,
        -9,
        6
      ],
      "to": [
        10,
        -7,
        10
      ],
      "rotation": {
        "angle": 0,
        "axis": "y",
        "origin": [
          9,
          2,
          8
        ]
      },
      "faces": {
        "north": {
          "uv": [
            6.5,
            3.5,
            5.5,
            4
          ],
          "texture": "#1"
        },
        "east": {
          "uv": [
            6.5,
            4,
            5.5,
            4.5
          ],
          "texture": "#1"
        },
        "south": {
          "uv": [
            6.5,
            3.5,
            5.5,
            4
          ],
          "texture": "#1"
        },
        "west": {
          "uv": [
            5.5,
            4,
            6.5,
            4.5
          ],
          "texture": "#1"
        },
        "up": {
          "uv": [
            5.5,
            2.75,
            4.5,
            3.75
          ],
          "rotation": 180,
          "texture": "#1"
        },
        "down": {
          "uv": [
            4,
            5.5,
            3,
            4.5
          ],
          "rotation": 180,
          "texture": "#1"
        }
      }
    },
    {
      "from": [
        6,
        -1,
        6
      ],
      "to": [
        10,
        3,
        10
      ],
      "rotation": {
        "angle": 0,
        "axis": "y",
        "origin": [
          9,
          2,
          8
        ]
      },
      "faces": {
        "north": {
          "uv": [
            4.5,
            3.75,
            5.5,
            4.75
          ],
          "texture": "#1"
        },
        "east": {
          "uv": [
            5,
            4.75,
            4,
            5.75
          ],
          "texture": "#1"
        },
        "south": {
          "uv": [
            5.5,
            3.75,
            4.5,
            4.75
          ],
          "texture": "#1"
        },
        "west": {
          "uv": [
            4,
            4.75,
            5,
            5.75
          ],
          "texture": "#1"
        },
        "down": {
          "uv": [
            1,
            6,
            0,
            5
          ],
          "rotation": 180,
          "texture": "#1"
        }
      }
    },
    {
      "from": [
        6,
        3,
        6
      ],
      "to": [
        10,
        5,
        10
      ],
      "rotation": {
        "angle": 0,
        "axis": "y",
        "origin": [
          9,
          2,
          8
        ]
      },
      "faces": {
        "north": {
          "uv": [
            4.75,
            0,
            5.75,
            0.5
          ],
          "texture": "#1"
        },
        "east": {
          "uv": [
            5.75,
            1,
            4.75,
            1.5
          ],
          "texture": "#1"
        },
        "south": {
          "uv": [
            5.75,
            0,
            4.75,
            0.5
          ],
          "texture": "#1"
        },
        "west": {
          "uv": [
            4.75,
            1,
            5.75,
            1.5
          ],
          "texture": "#1"
        },
        "up": {
          "uv": [
            1.25,
            3.75,
            0.25,
            4.75
          ],
          "rotation": 180,
          "texture": "#1"
        },
        "down": {
          "uv": [
            2.75,
            4.75,
            1.75,
            3.75
          ],
          "rotation": 180,
          "texture": "#1"
        }
      }
    },
    {
      "from": [
        5,
        0,
        5
      ],
      "to": [
        11,
        0,
        12
      ],
      "rotation": {
        "angle": 0,
        "axis": "y",
        "origin": [
          9,
          2,
          8
        ]
      },
      "faces": {
        "north": {
          "uv": [
            1.5,
            10.5,
            0,
            8.5
          ],
          "rotation": 270,
          "texture": "#1"
        },
        "east": {
          "uv": [
            1.5,
            10.5,
            0,
            8.5
          ],
          "rotation": 270,
          "texture": "#1"
        },
        "south": {
          "uv": [
            1.5,
            10.5,
            0,
            8.5
          ],
          "rotation": 270,
          "texture": "#1"
        },
        "west": {
          "uv": [
            1.5,
            10.5,
            0,
            8.5
          ],
          "rotation": 270,
          "texture": "#1"
        },
        "up": {
          "uv": [
            1.75,
            8.5,
            3.25,
            6.75
          ],
          "texture": "#1"
        },
        "down": {
          "uv": [
            3.25,
            8.5,
            1.75,
            6.75
          ],
          "rotation": 180,
          "texture": "#1"
        }
      }
    },
    {
      "from": [
        11,
        0,
        5
      ],
      "to": [
        11,
        6,
        12
      ],
      "rotation": {
        "angle": 0,
        "axis": "y",
        "origin": [
          9,
          2,
          8
        ]
      },
      "faces": {
        "north": {
          "uv": [
            1.5,
            8.5,
            0,
            8.5
          ],
          "rotation": 270,
          "texture": "#1"
        },
        "east": {
          "uv": [
            1.5,
            8.5,
            0,
            10.25
          ],
          "rotation": 270,
          "texture": "#1"
        },
        "south": {
          "uv": [
            1.5,
            8.5,
            0,
            8.5
          ],
          "rotation": 270,
          "texture": "#1"
        },
        "west": {
          "uv": [
            1.5,
            10.25,
            0,
            8.5
          ],
          "rotation": 270,
          "texture": "#1"
        },
        "up": {
          "uv": [
            1.5,
            10.25,
            1.5,
            8.5
          ],
          "texture": "#1"
        },
        "down": {
          "uv": [
            1.5,
            8.25,
            1.5,
            6.5
          ],
          "rotation": 180,
          "texture": "#1"
        }
      }
    },
    {
      "from": [
        8,
        -2,
        -1
      ],
      "to": [
        8,
        3,
        6
      ],
      "rotation": {
        "angle": -22.5,
        "axis": "x",
        "origin": [
          9,
          2,
          8
        ]
      },
      "faces": {
        "north": {
          "uv": [
            1.5,
            10.5,
            0,
            8.5
          ],
          "rotation": 270,
          "texture": "#1"
        },
        "east": {
          "uv": [
            8.25,
            3.25,
            10,
            4.5
          ],
          "texture": "#1"
        },
        "south": {
          "uv": [
            1.5,
            10.5,
            0,
            8.5
          ],
          "rotation": 270,
          "texture": "#1"
        },
        "west": {
          "uv": [
            8.25,
            3.25,
            10,
            4.5
          ],
          "texture": "#1"
        },
        "up": {
          "uv": [
            3.5,
            10.5,
            1.5,
            8.5
          ],
          "texture": "#1"
        },
        "down": {
          "uv": [
            3.5,
            8.5,
            1.5,
            6.5
          ],
          "rotation": 180,
          "texture": "#1"
        }
      }
    },
    {
      "from": [
        5,
        0,
        5
      ],
      "to": [
        5,
        6,
        12
      ],
      "rotation": {
        "angle": 0,
        "axis": "y",
        "origin": [
          9,
          2,
          8
        ]
      },
      "faces": {
        "north": {
          "uv": [
            1.5,
            8.5,
            0,
            8.5
          ],
          "rotation": 270,
          "texture": "#1"
        },
        "east": {
          "uv": [
            1.5,
            10.25,
            0,
            8.5
          ],
          "rotation": 270,
          "texture": "#1"
        },
        "south": {
          "uv": [
            1.5,
            8.5,
            0,
            8.5
          ],
          "rotation": 270,
          "texture": "#1"
        },
        "west": {
          "uv": [
            1.5,
            8.5,
            0,
            10.25
          ],
          "rotation": 270,
          "texture": "#1"
        },
        "up": {
          "uv": [
            1.5,
            10.25,
            1.5,
            8.5
          ],
          "texture": "#1"
        },
        "down": {
          "uv": [
            1.5,
            8.25,
            1.5,
            6.5
          ],
          "rotation": 180,
          "texture": "#1"
        }
      }
    },
    {
      "from": [
        5,
        0,
        5
      ],
      "to": [
        11,
        6,
        5
      ],
      "rotation": {
        "angle": 0,
        "axis": "y",
        "origin": [
          9,
          2,
          8
        ]
      },
      "faces": {
        "north": {
          "uv": [
            1.5,
            10,
            0,
            8.5
          ],
          "rotation": 270,
          "texture": "#1"
        },
        "east": {
          "uv": [
            1.5,
            8.5,
            0,
            8.5
          ],
          "rotation": 270,
          "texture": "#1"
        },
        "south": {
          "uv": [
            1.5,
            8.5,
            0,
            10
          ],
          "rotation": 270,
          "texture": "#1"
        },
        "west": {
          "uv": [
            1.5,
            8.5,
            0,
            8.5
          ],
          "rotation": 270,
          "texture": "#1"
        },
        "up": {
          "uv": [
            3,
            8.5,
            1.5,
            8.5
          ],
          "texture": "#1"
        },
        "down": {
          "uv": [
            3,
            6.5,
            1.5,
            6.5
          ],
          "rotation": 180,
          "texture": "#1"
        }
      }
    },
    {
      "from": [
        9.5,
        -2,
        9.5
      ],
      "to": [
        9.5,
        3,
        15.5
      ],
      "rotation": {
        "angle": 22.5,
        "axis": "x",
        "origin": [
          8,
          1,
          13
        ]
      },
      "faces": {
        "east": {
          "uv": [
            7.5,
            2.5,
            9,
            1.25
          ],
          "texture": "#1"
        },
        "west": {
          "uv": [
            9,
            2.5,
            7.5,
            1.25
          ],
          "texture": "#1"
        }
      }
    },
    {
      "from": [
        6.5,
        -2,
        9.5
      ],
      "to": [
        6.5,
        3,
        15.5
      ],
      "rotation": {
        "angle": 22.5,
        "axis": "x",
        "origin": [
          8,
          1,
          13
        ]
      },
      "faces": {
        "east": {
          "uv": [
            7.5,
            2.5,
            9,
            1.25
          ],
          "texture": "#1"
        },
        "west": {
          "uv": [
            9,
            2.5,
            7.5,
            1.25
          ],
          "texture": "#1"
        }
      }
    },
    {
      "from": [
        8,
        -2,
        11
      ],
      "to": [
        8,
        3,
        19
      ],
      "rotation": {
        "angle": 22.5,
        "axis": "x",
        "origin": [
          8,
          1,
          13
        ]
      },
      "faces": {
        "east": {
          "uv": [
            7.5,
            1.25,
            9.5,
            0
          ],
          "texture": "#1"
        },
        "west": {
          "uv": [
            9.5,
            1.25,
            7.5,
            0
          ],
          "texture": "#1"
        }
      }
    },
    {
      "from": [
        8.5,
        4,
        5
      ],
      "to": [
        8.5,
        14,
        10
      ],
      "rotation": {
        "angle": 22.5,
        "axis": "x",
        "origin": [
          9,
          2,
          8
        ]
      },
      "faces": {
        "east": {
          "uv": [
            13.5,
            13.5,
            12.25,
            16
          ],
          "texture": "#1"
        },
        "west": {
          "uv": [
            12.25,
            13.5,
            13.5,
            16
          ],
          "texture": "#1"
        }
      }
    },
    {
      "from": [
        7.5,
        4,
        5
      ],
      "to": [
        7.5,
        14,
        10
      ],
      "rotation": {
        "angle": 22.5,
        "axis": "x",
        "origin": [
          9,
          2,
          8
        ]
      },
      "faces": {
        "east": {
          "uv": [
            13.5,
            13.5,
            12.25,
            16
          ],
          "texture": "#1"
        },
        "west": {
          "uv": [
            12.25,
            13.5,
            13.5,
            16
          ],
          "texture": "#1"
        }
      }
    },
    {
      "from": [
        8,
        5,
        5
      ],
      "to": [
        8,
        19,
        13
      ],
      "rotation": {
        "angle": 0,
        "axis": "y",
        "origin": [
          9,
          2,
          8
        ]
      },
      "faces": {
        "east": {
          "uv": [
            15.5,
            12.5,
            13.5,
            16
          ],
          "texture": "#1"
        },
        "west": {
          "uv": [
            13.5,
            12.5,
            15.5,
            16
          ],
          "texture": "#1"
        }
      }
    },
    {
      "from": [
        7,
        1.24148,
        11.16648
      ],
      "to": [
        9,
        7.24148,
        14.16648
      ],
      "rotation": {
        "angle": 45,
        "axis": "x",
        "origin": [
          8,
          6.48598,
          12.76734
        ]
      },
      "faces": {
        "north": {
          "uv": [
            5,
            4.75,
            5.5,
            6.25
          ],
          "rotation": 180,
          "texture": "#1"
        },
        "east": {
          "uv": [
            4.5,
            2.75,
            6,
            2
          ],
          "rotation": 90,
          "texture": "#1"
        },
        "south": {
          "uv": [
            2.25,
            6.5,
            2.75,
            5
          ],
          "texture": "#1"
        },
        "west": {
          "uv": [
            6,
            2.75,
            4.5,
            2
          ],
          "rotation": 270,
          "texture": "#1"
        },
        "up": {
          "uv": [
            5.5,
            5.75,
            6,
            5
          ],
          "texture": "#1"
        },
        "down": {
          "uv": [
            4,
            6.5,
            4.5,
            5.75
          ],
          "rotation": 180,
          "texture": "#1"
        }
      }
    },
    {
      "from": [
        7.5,
        6.25173,
        12.87958
      ],
      "to": [
        8.5,
        8.25173,
        16.87958
      ],
      "rotation": {
        "angle": -22.5,
        "axis": "x",
        "origin": [
          8,
          6.48598,
          12.76734
        ]
      },
      "faces": {
        "north": {
          "uv": [
            6.25,
            0,
            6,
            0.5
          ],
          "rotation": 180,
          "texture": "#1"
        },
        "east": {
          "uv": [
            6.5,
            4.5,
            5.5,
            5
          ],
          "rotation": 180,
          "texture": "#1"
        },
        "south": {
          "uv": [
            3,
            5,
            2.75,
            5.5
          ],
          "rotation": 180,
          "texture": "#1"
        },
        "west": {
          "uv": [
            5.5,
            4.5,
            6.5,
            5
          ],
          "rotation": 180,
          "texture": "#1"
        },
        "up": {
          "uv": [
            5,
            6.75,
            4.75,
            5.75
          ],
          "rotation": 180,
          "texture": "#1"
        },
        "down": {
          "uv": [
            3.25,
            3.5,
            3,
            4.5
          ],
          "rotation": 180,
          "texture": "#1"
        }
      }
    },
    {
      "from": [
        6.5,
        -6,
        6.5
      ],
      "to": [
        9.5,
        -5,
        9.5
      ],
      "rotation": {
        "angle": 0,
        "axis": "y",
        "origin": [
          9,
          2,
          8
        ]
      },
      "faces": {
        "north": {
          "uv": [
            0.75,
            6,
            0,
            6.25
          ],
          "texture": "#1"
        },
        "east": {
          "uv": [
            0.75,
            6,
            0,
            6.25
          ],
          "texture": "#1"
        },
        "south": {
          "uv": [
            6.25,
            5.75,
            5.5,
            6
          ],
          "texture": "#1"
        },
        "west": {
          "uv": [
            0.75,
            6,
            0,
            6.25
          ],
          "texture": "#1"
        },
        "up": {
          "uv": [
            3.5,
            5.5,
            2.75,
            6.25
          ],
          "rotation": 180,
          "texture": "#1"
        },
        "down": {
          "uv": [
            6.25,
            3.5,
            5.5,
            2.75
          ],
          "rotation": 180,
          "texture": "#1"
        }
      }
    },
    {
      "from": [
        7.9,
        -8,
        -11
      ],
      "to": [
        7.9,
        8,
        5
      ],
      "rotation": {
        "angle": 0,
        "axis": "y",
        "origin": [
          7.9,
          5,
          1
        ]
      },
      "faces": {
        "north": {
          "uv": [
            3.5,
            8.5,
            1.5,
            6.5
          ],
          "rotation": 180,
          "texture": "#1"
        },
        "east": {
          "uv": [
            0,
            16,
            16,
            0
          ],
          "rotation": 90,
          "texture": "#4"
        },
        "south": {
          "uv": [
            3.5,
            10.5,
            1.5,
            8.5
          ],
          "rotation": 180,
          "texture": "#1"
        },
        "west": {
          "uv": [
            16,
            16,
            0,
            0
          ],
          "rotation": 270,
          "texture": "#4"
        },
        "up": {
          "uv": [
            1.5,
            10.5,
            0.25,
            8.5
          ],
          "rotation": 90,
          "texture": "#1"
        },
        "down": {
          "uv": [
            1.5,
            10.5,
            0.25,
            8.5
          ],
          "rotation": 270,
          "texture": "#1"
        }
      }
    },
    {
      "from": [
        7.9,
        4,
        -6
      ],
      "to": [
        7.9,
        20,
        10
      ],
      "rotation": {
        "angle": 0,
        "axis": "y",
        "origin": [
          7.9,
          5,
          1
        ]
      },
      "faces": {
        "north": {
          "uv": [
            3.5,
            8.5,
            1.5,
            6.5
          ],
          "rotation": 180,
          "texture": "#1"
        },
        "east": {
          "uv": [
            0,
            16,
            16,
            0
          ],
          "rotation": 90,
          "texture": "#4"
        },
        "south": {
          "uv": [
            3.5,
            10.5,
            1.5,
            8.5
          ],
          "rotation": 180,
          "texture": "#1"
        },
        "west": {
          "uv": [
            16,
            16,
            0,
            0
          ],
          "rotation": 270,
          "texture": "#4"
        },
        "up": {
          "uv": [
            1.5,
            10.5,
            0.25,
            8.5
          ],
          "rotation": 90,
          "texture": "#1"
        },
        "down": {
          "uv": [
            1.5,
            10.5,
            0.25,
            8.5
          ],
          "rotation": 270,
          "texture": "#1"
        }
      }
    }
  ],
  "gui_light": "front",
  "display": {
    "thirdperson_righthand": {
      "rotation": [
        0,
        24,
        0
      ],
      "translation": [
        0,
        6.75,
        1.75
      ],
      "scale": [
        0.75,
        0.75,
        0.75
      ]
    },
    "thirdperson_lefthand": {
      "rotation": [
        0,
        24,
        0
      ],
      "translation": [
        0,
        6.75,
        1.75
      ],
      "scale": [
        0.75,
        0.75,
        0.75
      ]
    },
    "firstperson_righthand": {
      "rotation": [
        0,
        24,
        18
      ],
      "translation": [
        -1.75,
        6.5,
        2.25
      ],
      "scale": [
        0.5,
        0.5,
        0.5
      ]
    },
    "firstperson_lefthand": {
      "rotation": [
        0,
        24,
        18
      ],
      "translation": [
        -1.75,
        6.5,
        2.25
      ],
      "scale": [
        0.5,
        0.5,
        0.5
      ]
    },
    "ground": {
      "rotation": [
        0,
        0,
        -73
      ],
      "translation": [
        4,
        4.5,
        0
      ],
      "scale": [
        0.6543,
        0.6543,
        0.6543
      ]
    },
    "gui": {
      "rotation": [
        88,
        45,
        -88
      ],
      "translation": [
        1.5,
        2.25,
        -2
      ],
      "scale": [
        0.57031,
        0.57031,
        0.57031
      ]
    },
    "head": {
      "rotation": [
        -135.5,
        0,
        0
      ],
      "translation": [
        0,
        14,
        5.75
      ],
      "scale": [
        0.7,
        0.7,
        0.7
      ]
    },
    "fixed": {
      "rotation": [
        -90,
        45,
        90
      ],
      "translation": [
        -5.75,
        2,
        -2
      ],
      "scale": [
        1.40313,
        1.40313,
        1.40313
      ]
    }
  },
  "groups": [
    {
      "name": "group",
      "origin": [
        0,
        3,
        0
      ],
      "color": 0,
      "boneType": "",
      "children": [
        0,
        1,
        2,
        3,
        4,
        5,
        6,
        7,
        8,
        9,
        10,
        11,
        12,
        13,
        14,
        15,
        {
          "name": "group",
          "origin": [
            15.5,
            2.35,
            8
          ],
          "color": 0,
          "boneType": "",
          "children": [
            16,
            17
          ]
        },
        18
      ]
    },
    19,
    20
  ]
}