{"credit":"Made with Blockbench","texture_size":[64,64],"textures":{"2":"elitecreatures:farmer_decoration_v1/farmer_plate_rice","particle":"elitecreatures:farmer_decoration_v1/farmer_plate_rice"},"elements":[{"from":[6,10,-9],"to":[6,28,7],"rotation":{"angle":22.5,"axis":"x","origin":[0,8,-3]},"faces":{"north":{"uv":[0,0,0,4.5],"texture":"#2"},"east":{"uv":[8,0,4,4.5],"texture":"#2"},"south":{"uv":[0,0,0,4.5],"texture":"#2"},"west":{"uv":[4,0,8,4.5],"texture":"#2"},"up":{"uv":[0,4,0,0],"texture":"#2"},"down":{"uv":[0,0,0,4],"texture":"#2"}}},{"from":[2,7,7],"to":[18,25,7],"rotation":{"angle":22.5,"axis":"z","origin":[6,17,3]},"faces":{"north":{"uv":[4,0,8,4.5],"texture":"#2"},"east":{"uv":[0,0,0,4.5],"texture":"#2"},"south":{"uv":[8,0,4,4.5],"texture":"#2"},"west":{"uv":[0,0,0,4.5],"texture":"#2"},"up":{"uv":[4,0,0,0],"texture":"#2"},"down":{"uv":[4,0,0,0],"texture":"#2"}}},{"from":[6,0,-1.2],"to":[6,16,14.8],"rotation":{"angle":-22.5,"axis":"y","origin":[6,8,6.8]},"faces":{"north":{"uv":[0,0,0,4],"texture":"#2"},"east":{"uv":[12,4,8,8],"texture":"#2"},"south":{"uv":[0,0,0,4],"texture":"#2"},"west":{"uv":[8,4,12,8],"texture":"#2"},"up":{"uv":[0,4,0,0],"texture":"#2"},"down":{"uv":[0,0,0,4],"texture":"#2"}}},{"from":[-2,0,6.8],"to":[14,16,6.8],"rotation":{"angle":-22.5,"axis":"y","origin":[6,8,6.8]},"faces":{"north":{"uv":[8,4,12,8],"texture":"#2"},"east":{"uv":[0,0,0,4],"texture":"#2"},"south":{"uv":[12,4,8,8],"texture":"#2"},"west":{"uv":[0,0,0,4],"texture":"#2"},"up":{"uv":[4,0,0,0],"texture":"#2"},"down":{"uv":[4,0,0,0],"texture":"#2"}}}],"gui_light":"front","display":{"thirdperson_righthand":{"rotation":[0,95,0],"translation":[0,5.25,1.75],"scale":[0.68,0.68,0.68]},"thirdperson_lefthand":{"rotation":[0,95,0],"translation":[0,5.25,1.75],"scale":[0.68,0.68,0.68]},"firstperson_righthand":{"rotation":[0,92,0],"translation":[0.5,0,2.25],"scale":[0.5,0.5,0.5]},"firstperson_lefthand":{"rotation":[0,92,0],"translation":[0.5,0,2.25],"scale":[0.5,0.5,0.5]},"ground":{"translation":[0,2,0],"scale":[0.5,0.5,0.5]},"gui":{"rotation":[30,225,0],"translation":[-1,-3,0],"scale":[0.46,0.46,0.46]},"head":{"rotation":[-135.5,0,0],"translation":[0,20.5,4.75],"scale":[0.7,0.7,0.7]},"fixed":{"rotation":[-90,0,0],"translation":[-0.5,0.25,-16.75],"scale":[2,2,2]}},"groups":[{"name":"Rice","origin":[14.8279,6,0.99978],"color":0,"children":[0,1,2,3]}]}