{"credit":"MadebyPolygonMC","texture_size":[24,24],"textures":{"1":"malikaset:shield","2":"malikaset:animations_2","particle":"malikaset:animations_2"},"elements":[{"from":[7.5,5.25647,9],"to":[8.5,6.25647,10],"rotation":{"angle":0,"axis":"y","origin":[8,7.6,8]},"faces":{"north":{"uv":[0.66667,10,1.33333,10.66667],"texture":"#1"},"east":{"uv":[12,1.33333,12.66667,2],"texture":"#1"},"south":{"uv":[2,12,2.66667,12.66667],"texture":"#1"},"west":{"uv":[12,2,12.66667,2.66667],"texture":"#1"},"up":{"uv":[3.33333,12.66667,2.66667,12],"texture":"#1"},"down":{"uv":[4,12,3.33333,12.66667],"texture":"#1"}}},{"from":[7.5,9.75647,9],"to":[8.5,10.75647,10],"rotation":{"angle":0,"axis":"y","origin":[8,7.6,8]},"faces":{"north":{"uv":[12,3.33333,12.66667,4],"texture":"#1"},"east":{"uv":[12,4,12.66667,4.66667],"texture":"#1"},"south":{"uv":[5.33333,12,6,12.66667],"texture":"#1"},"west":{"uv":[6,12,6.66667,12.66667],"texture":"#1"},"up":{"uv":[9.33333,12.66667,8.66667,12],"texture":"#1"},"down":{"uv":[12.66667,8.66667,12,9.33333],"texture":"#1"}}},{"from":[7.23026,7.36974,9],"to":[8.23026,8.36974,10],"rotation":{"angle":-45,"axis":"z","origin":[8,7.6,8]},"faces":{"north":{"uv":[9.33333,12,10,12.66667],"texture":"#1"},"east":{"uv":[12,9.33333,12.66667,10],"texture":"#1"},"south":{"uv":[12,10,12.66667,10.66667],"texture":"#1"},"west":{"uv":[12,10.66667,12.66667,11.33333],"texture":"#1"},"up":{"uv":[12.66667,12,12,11.33333],"texture":"#1"},"down":{"uv":[12.66667,12,12,12.66667],"texture":"#1"}}},{"from":[3.54828,10.45172,5.9],"to":[5.54828,12.45172,7.1],"rotation":{"angle":-45,"axis":"z","origin":[8,8,8]},"faces":{"north":{"uv":[0,8.66667,1.33333,10],"texture":"#1"},"east":{"uv":[10,2.66667,10.83333,4],"texture":"#1"},"south":{"uv":[8.66667,0,10,1.33333],"texture":"#1"},"west":{"uv":[4,10,4.83333,11.33333],"texture":"#1"},"up":{"uv":[11.33333,4.83333,10,4],"texture":"#1"},"down":{"uv":[10,5.33333,11.33333,6.16667],"texture":"#1"}}},{"from":[3.79828,10.70172,5.65],"to":[5.29828,12.20172,7.35],"rotation":{"angle":-45,"axis":"z","origin":[8,8,8]},"faces":{"north":{"uv":[10,6.66667,11,7.66667],"texture":"#1"},"east":{"uv":[4,8.66667,5.16667,9.66667],"texture":"#1"},"south":{"uv":[10,8,11,9],"texture":"#1"},"west":{"uv":[8.66667,5.33333,9.83333,6.33333],"texture":"#1"},"up":{"uv":[9.66667,7.83333,8.66667,6.66667],"texture":"#1"},"down":{"uv":[8.66667,8,9.66667,9.16667],"texture":"#1"}}},{"from":[9.70513,4.89487,9],"to":[10.70513,5.89487,10],"rotation":{"angle":-45,"axis":"z","origin":[8,7.6,8]},"faces":{"north":{"uv":[0,12.66667,0.66667,13.33333],"texture":"#1"},"east":{"uv":[12.66667,0,13.33333,0.66667],"texture":"#1"},"south":{"uv":[12.66667,0.66667,13.33333,1.33333],"texture":"#1"},"west":{"uv":[12.66667,1.33333,13.33333,2],"texture":"#1"},"up":{"uv":[2.66667,13.33333,2,12.66667],"texture":"#1"},"down":{"uv":[13.33333,2,12.66667,2.66667],"texture":"#1"}}},{"from":[7.6,6.25647,9.1],"to":[8.4,9.75647,9.9],"rotation":{"angle":0,"axis":"y","origin":[8,7.6,8]},"faces":{"north":{"uv":[8.66667,9.33333,9.16667,11.66667],"texture":"#1"},"east":{"uv":[9.33333,9.33333,9.83333,11.66667],"texture":"#1"},"south":{"uv":[0,10,0.5,12.33333],"texture":"#1"},"west":{"uv":[10,0,10.5,2.33333],"texture":"#1"}}},{"from":[7.25,4.75647,8.75],"to":[8.75,5.25647,10.25],"rotation":{"angle":0,"axis":"y","origin":[8,7.6,8]},"faces":{"north":{"uv":[12.66667,6,13.66667,6.33333],"texture":"#1"},"east":{"uv":[12.66667,6.66667,13.66667,7],"texture":"#1"},"south":{"uv":[12.66667,7.33333,13.66667,7.66667],"texture":"#1"},"west":{"uv":[12.66667,8,13.66667,8.33333],"texture":"#1"},"up":{"uv":[11,10.33333,10,9.33333],"texture":"#1"},"down":{"uv":[11.66667,0,10.66667,1],"texture":"#1"}}},{"from":[7.25,10.74353,8.75],"to":[8.75,11.24353,10.25],"rotation":{"angle":0,"axis":"y","origin":[8,8.4,8]},"faces":{"north":{"uv":[12.66667,6.33333,13.66667,6],"texture":"#1"},"east":{"uv":[12.66667,7,13.66667,6.66667],"texture":"#1"},"south":{"uv":[12.66667,7.66667,13.66667,7.33333],"texture":"#1"},"west":{"uv":[12.66667,8.33333,13.66667,8],"texture":"#1"},"up":{"uv":[11.66667,1,10.66667,0],"texture":"#1"},"down":{"uv":[11,9.33333,10,10.33333],"texture":"#1"}}},{"from":[9.70513,10.10513,9],"to":[10.70513,11.10513,10],"rotation":{"angle":45,"axis":"z","origin":[8,8.4,8]},"faces":{"north":{"uv":[0,13.33333,0.66667,12.66667],"texture":"#1"},"east":{"uv":[12.66667,0.66667,13.33333,0],"texture":"#1"},"south":{"uv":[12.66667,1.33333,13.33333,0.66667],"texture":"#1"},"west":{"uv":[12.66667,2,13.33333,1.33333],"texture":"#1"},"up":{"uv":[13.33333,2.66667,12.66667,2],"texture":"#1"},"down":{"uv":[2.66667,12.66667,2,13.33333],"texture":"#1"}}},{"from":[10.49441,11.36329,6],"to":[12.49441,12.36329,7],"rotation":{"angle":22.5,"axis":"z","origin":[8,8,8]},"faces":{"north":{"uv":[2,10.66667,3.33333,11.33333],"texture":"#1"},"south":{"uv":[10,10.66667,11.33333,11.33333],"texture":"#1"},"west":{"uv":[2.66667,12.66667,3.33333,13.33333],"texture":"#1"},"up":{"uv":[3.33333,12,2,11.33333],"texture":"#1"},"down":{"uv":[11.33333,2.66667,12.66667,3.33333],"texture":"#1"}}},{"from":[5.67874,12.36688,5.93],"to":[6.81874,14.64688,7.07],"rotation":{"angle":-45,"axis":"z","origin":[8,8,8]},"faces":{"north":{"uv":[1.33333,8.66667,2.16667,10.16667],"texture":"#1"},"east":{"uv":[8.66667,1.33333,9.5,2.83333],"texture":"#1"},"south":{"uv":[2.66667,8.66667,3.5,10.16667],"texture":"#1"},"west":{"uv":[8.66667,3.33333,9.5,4.83333],"texture":"#1"},"up":{"uv":[12.16667,6.83333,11.33333,6],"texture":"#1"},"down":{"uv":[11.33333,8.16667,12.16667,7.33333],"texture":"#1"}}},{"from":[7.59982,11.70272,6.0554],"to":[8.48902,12.91112,6.9446],"rotation":{"angle":-22.5,"axis":"z","origin":[8,8,8]},"faces":{"north":{"uv":[11.33333,8.66667,12,9.5],"texture":"#1"},"east":{"uv":[10,11.33333,10.66667,12.16667],"texture":"#1"},"south":{"uv":[11.33333,10,12,10.83333],"texture":"#1"},"west":{"uv":[10.66667,11.33333,11.33333,12.16667],"texture":"#1"},"down":{"uv":[13.33333,2.66667,12.66667,3.33333],"texture":"#1"}}},{"from":[9.13435,10.69371,6.171],"to":[9.79236,11.58792,6.829],"rotation":{"angle":0,"axis":"x","origin":[8,8,8]},"faces":{"north":{"uv":[8.66667,12.66667,9.16667,13.33333],"texture":"#1"},"east":{"uv":[12.66667,8.66667,13.16667,9.33333],"texture":"#1"},"south":{"uv":[9.33333,12.66667,9.83333,13.33333],"texture":"#1"},"west":{"uv":[12.66667,9.33333,13.16667,10],"texture":"#1"},"down":{"uv":[13.83333,0,13.33333,0.5],"texture":"#1"}}},{"from":[6.20764,10.69371,6.171],"to":[6.86565,11.58792,6.829],"rotation":{"angle":0,"axis":"x","origin":[8,8,8]},"faces":{"north":{"uv":[9.16667,12.66667,8.66667,13.33333],"texture":"#1"},"east":{"uv":[13.16667,9.33333,12.66667,10],"texture":"#1"},"south":{"uv":[9.83333,12.66667,9.33333,13.33333],"texture":"#1"},"west":{"uv":[13.16667,8.66667,12.66667,9.33333],"texture":"#1"},"down":{"uv":[13.33333,0,13.83333,0.5],"texture":"#1"}}},{"from":[8.48051,14.57189,6.0554],"to":[9.36971,15.78029,6.9446],"rotation":{"angle":-22.5,"axis":"z","origin":[8,8,8]},"faces":{"north":{"uv":[11.33333,11.33333,12,12.16667],"texture":"#1"},"east":{"uv":[12,0,12.66667,0.83333],"texture":"#1"},"south":{"uv":[0.66667,12,1.33333,12.83333],"texture":"#1"},"west":{"uv":[1.33333,12,2,12.83333],"texture":"#1"},"up":{"uv":[4,13.33333,3.33333,12.66667],"texture":"#1"}}},{"from":[11.49772,14.64997,6.171],"to":[12.15573,15.54419,6.829],"rotation":{"angle":0,"axis":"x","origin":[8,8,8]},"faces":{"north":{"uv":[10,12.66667,10.5,13.33333],"texture":"#1"},"east":{"uv":[12.66667,10,13.16667,10.66667],"texture":"#1"},"south":{"uv":[10.66667,12.66667,11.16667,13.33333],"texture":"#1"},"west":{"uv":[12.66667,10.66667,13.16667,11.33333],"texture":"#1"},"up":{"uv":[13.83333,1.16667,13.33333,0.66667],"texture":"#1"}}},{"from":[7,3.50647,6.25],"to":[9,12.50647,6.75],"rotation":{"angle":0,"axis":"y","origin":[8,8,8]},"faces":{"north":{"uv":[5.33333,0,6.66667,6],"texture":"#1"},"east":{"uv":[7.33333,8,7.66667,14],"texture":"#1"},"south":{"uv":[5.33333,6,6.66667,12],"texture":"#1"},"west":{"uv":[8,8,8.33333,14],"texture":"#1"},"up":{"uv":[14,3.66667,12.66667,3.33333],"texture":"#1"},"down":{"uv":[14,4,12.66667,4.33333],"texture":"#1"}}},{"from":[4.11009,4.11009,6.2375],"to":[5.53509,5.53509,6.7625],"rotation":{"angle":45,"axis":"z","origin":[8,8,8]},"faces":{"north":{"uv":[0.66667,10.66667,1.66667,11.66667],"texture":"#1"},"east":{"uv":[11.33333,12.66667,11.66667,13.66667],"texture":"#1"},"south":{"uv":[10.66667,1.33333,11.66667,2.33333],"texture":"#1"},"west":{"uv":[12.66667,11.33333,13,12.33333],"texture":"#1"},"up":{"uv":[13,13,12,12.66667],"texture":"#1"},"down":{"uv":[1,13.33333,0,13.66667],"texture":"#1"}}},{"from":[10.5,1.25647,6.25],"to":[11.5,13.25647,6.75],"rotation":{"angle":0,"axis":"y","origin":[8,8,8]},"faces":{"north":{"uv":[6.66667,0,7.33333,8],"texture":"#1"},"east":{"uv":[8,0,8.33333,8],"texture":"#1"},"south":{"uv":[7.33333,0,8,8],"texture":"#1"},"west":{"uv":[6.66667,8,7,16],"texture":"#1"},"up":{"uv":[2.66667,13.66667,2,13.33333],"texture":"#1"},"down":{"uv":[14,2,13.33333,2.33333],"texture":"#1"}}},{"from":[14.24327,3.70648,6.26],"to":[15.24327,5.70648,6.74],"rotation":{"angle":-45,"axis":"z","origin":[8,8,8]},"faces":{"north":{"uv":[3.33333,10.66667,4,12],"texture":"#1"},"east":{"uv":[5.33333,12.66667,5.66667,14],"texture":"#1"},"south":{"uv":[11.33333,3.33333,12,4.66667],"texture":"#1"},"west":{"uv":[6,12.66667,6.33333,14],"texture":"#1"},"down":{"uv":[3.33333,13.33333,2.66667,13.66667],"texture":"#1"}}},{"from":[5,-0.34353,6.5],"to":[11,12.65647,6.5],"rotation":{"angle":0,"axis":"y","origin":[8,8,8]},"faces":{"north":{"uv":[0,0,4,8.66667],"texture":"#1"},"east":{"uv":[0,0,0,8.66667],"texture":"#1"},"south":{"uv":[0,0,4,8.66667],"texture":"#1"},"west":{"uv":[0,0,0,8.66667],"texture":"#1"},"up":{"uv":[4,0,0,0],"texture":"#1"},"down":{"uv":[4,0,0,0],"texture":"#1"}}},{"from":[10.58672,0.65647,5.16134],"to":[12.58672,13.65647,5.16134],"rotation":{"angle":-22.5,"axis":"y","origin":[8,8,8]},"faces":{"north":{"uv":[4,0,5.33333,8.66667],"texture":"#1"},"east":{"uv":[0,0,0,8.66667],"texture":"#1"},"south":{"uv":[5.33333,0,4,8.66667],"texture":"#1"},"west":{"uv":[0,0,0,8.66667],"texture":"#1"},"up":{"uv":[1.33333,0,0,0],"texture":"#1"},"down":{"uv":[1.33333,0,0,0],"texture":"#1"}}},{"from":[3.41328,0.65647,5.16134],"to":[5.41328,13.65647,5.16134],"rotation":{"angle":22.5,"axis":"y","origin":[8,8,8]},"faces":{"north":{"uv":[5.33333,0,4,8.66667],"texture":"#1"},"east":{"uv":[0,0,0,8.66667],"texture":"#1"},"south":{"uv":[4,0,5.33333,8.66667],"texture":"#1"},"west":{"uv":[0,0,0,8.66667],"texture":"#1"},"up":{"uv":[0,0,1.33333,0],"texture":"#1"},"down":{"uv":[0,0,1.33333,0],"texture":"#1"}}},{"from":[4.5,1.25647,6.25],"to":[5.5,13.25647,6.75],"rotation":{"angle":0,"axis":"y","origin":[8,8,8]},"faces":{"north":{"uv":[7.33333,0,6.66667,8],"texture":"#1"},"east":{"uv":[7,8,6.66667,16],"texture":"#1"},"south":{"uv":[8,0,7.33333,8],"texture":"#1"},"west":{"uv":[8.33333,0,8,8],"texture":"#1"},"up":{"uv":[2,13.66667,2.66667,13.33333],"texture":"#1"},"down":{"uv":[13.33333,2,14,2.33333],"texture":"#1"}}},{"from":[0.75673,3.70648,6.26],"to":[1.75673,5.70648,6.74],"rotation":{"angle":45,"axis":"z","origin":[8,8,8]},"faces":{"north":{"uv":[4,10.66667,3.33333,12],"texture":"#1"},"east":{"uv":[6.33333,12.66667,6,14],"texture":"#1"},"south":{"uv":[12,3.33333,11.33333,4.66667],"texture":"#1"},"west":{"uv":[5.66667,12.66667,5.33333,14],"texture":"#1"},"down":{"uv":[2.66667,13.33333,3.33333,13.66667],"texture":"#1"}}},{"from":[9.18126,12.36688,5.93],"to":[10.32126,14.64688,7.07],"rotation":{"angle":45,"axis":"z","origin":[8,8,8]},"faces":{"north":{"uv":[2.16667,8.66667,1.33333,10.16667],"texture":"#1"},"east":{"uv":[9.5,3.33333,8.66667,4.83333],"texture":"#1"},"south":{"uv":[3.5,8.66667,2.66667,10.16667],"texture":"#1"},"west":{"uv":[9.5,1.33333,8.66667,2.83333],"texture":"#1"},"up":{"uv":[11.33333,6.83333,12.16667,6],"texture":"#1"},"down":{"uv":[12.16667,8.16667,11.33333,7.33333],"texture":"#1"}}},{"from":[6.63029,14.57189,6.0554],"to":[7.51949,15.78029,6.9446],"rotation":{"angle":22.5,"axis":"z","origin":[8,8,8]},"faces":{"north":{"uv":[12,11.33333,11.33333,12.16667],"texture":"#1"},"east":{"uv":[2,12,1.33333,12.83333],"texture":"#1"},"south":{"uv":[1.33333,12,0.66667,12.83333],"texture":"#1"},"west":{"uv":[12.66667,0,12,0.83333],"texture":"#1"},"up":{"uv":[3.33333,13.33333,4,12.66667],"texture":"#1"}}},{"from":[3.84427,14.64997,6.171],"to":[4.50228,15.54419,6.829],"rotation":{"angle":0,"axis":"x","origin":[8,8,8]},"faces":{"north":{"uv":[10.5,12.66667,10,13.33333],"texture":"#1"},"east":{"uv":[13.16667,10.66667,12.66667,11.33333],"texture":"#1"},"south":{"uv":[11.16667,12.66667,10.66667,13.33333],"texture":"#1"},"west":{"uv":[13.16667,10,12.66667,10.66667],"texture":"#1"},"up":{"uv":[13.33333,1.16667,13.83333,0.66667],"texture":"#1"}}},{"from":[7.51098,11.70272,6.0554],"to":[8.40018,12.91112,6.9446],"rotation":{"angle":22.5,"axis":"z","origin":[8,8,8]},"faces":{"north":{"uv":[12,8.66667,11.33333,9.5],"texture":"#1"},"east":{"uv":[11.33333,11.33333,10.66667,12.16667],"texture":"#1"},"south":{"uv":[12,10,11.33333,10.83333],"texture":"#1"},"west":{"uv":[10.66667,11.33333,10,12.16667],"texture":"#1"},"down":{"uv":[12.66667,2.66667,13.33333,3.33333],"texture":"#1"}}},{"from":[3.50559,11.36329,6],"to":[5.50559,12.36329,7],"rotation":{"angle":-22.5,"axis":"z","origin":[8,8,8]},"faces":{"north":{"uv":[3.33333,10.66667,2,11.33333],"texture":"#1"},"east":{"uv":[3.33333,12.66667,2.66667,13.33333],"texture":"#1"},"south":{"uv":[11.33333,10.66667,10,11.33333],"texture":"#1"},"up":{"uv":[2,12,3.33333,11.33333],"texture":"#1"},"down":{"uv":[12.66667,2.66667,11.33333,3.33333],"texture":"#1"}}},{"from":[7.6,9.85647,6.7],"to":[8.4,10.65647,9],"rotation":{"angle":0,"axis":"y","origin":[8,7.6,8]},"faces":{"north":{"uv":[1.33333,13.33333,1.83333,13.83333],"texture":"#1"},"east":{"uv":[4,11.33333,4.5,12.83333],"rotation":90,"texture":"#1"},"south":{"uv":[13.33333,1.33333,13.83333,1.83333],"texture":"#1"},"west":{"uv":[4,11.33333,4.5,12.83333],"rotation":90,"texture":"#1"},"up":{"uv":[4.5,12.83333,4,11.33333],"texture":"#1"},"down":{"uv":[4.5,11.33333,4,12.83333],"texture":"#1"}}},{"from":[7.6,5.35647,6.7],"to":[8.4,6.15647,9],"rotation":{"angle":0,"axis":"y","origin":[8,3.1,8]},"faces":{"north":{"uv":[1.33333,13.33333,1.83333,13.83333],"texture":"#1"},"east":{"uv":[4,11.33333,4.5,12.83333],"rotation":90,"texture":"#1"},"south":{"uv":[13.33333,1.33333,13.83333,1.83333],"texture":"#1"},"west":{"uv":[4,11.33333,4.5,12.83333],"rotation":90,"texture":"#1"},"up":{"uv":[4.5,12.83333,4,11.33333],"texture":"#1"},"down":{"uv":[4.5,11.33333,4,12.83333],"texture":"#1"}}},{"from":[9.75,2,6.025],"to":[12.75,13,6.025],"rotation":{"angle":0,"axis":"y","origin":[11.75,7.5,6.025]},"faces":{"north":{"uv":[0,0,4,14.33333],"texture":"#2"},"east":{"uv":[0,0,0,7.33333],"texture":"#2"},"west":{"uv":[0,0,0,7.33333],"texture":"#2"},"up":{"uv":[0,2,0,0],"rotation":90,"texture":"#2"},"down":{"uv":[0,0,0,2],"rotation":270,"texture":"#2"}}},{"from":[3.25,2,6.025],"to":[6.25,13,6.025],"rotation":{"angle":0,"axis":"y","origin":[4.25,7.5,6.025]},"faces":{"north":{"uv":[4,0,0,14.33333],"texture":"#2"},"east":{"uv":[0,0,0,7.33333],"texture":"#2"},"west":{"uv":[0,0,0,7.33333],"texture":"#2"},"up":{"uv":[0,0,0,2],"rotation":90,"texture":"#2"},"down":{"uv":[0,2,0,0],"rotation":270,"texture":"#2"}}}],"gui_light":"front","display":{"thirdperson_righthand":{"rotation":[0,-90,0],"translation":[2,-2,0.75]},"thirdperson_lefthand":{"rotation":[0,-90,0],"translation":[2,-2,0.75]},"firstperson_righthand":{"rotation":[0,0,9],"translation":[-3.75,3.25,5]},"firstperson_lefthand":{"rotation":[0,0,9],"translation":[-3.75,3.25,5]},"ground":{"rotation":[35,0,0],"translation":[0,7.5,0]},"gui":{"rotation":[0,180,0],"translation":[0.25,0.5,0],"scale":[1.06641,1.06641,1.06641]},"head":{"scale":[1.5,1.5,1.5]},"fixed":{"translation":[0,-0.5,-1.75],"scale":[2.50781,2.50781,2.50781]}}}