{"credit":"Made with Blockbench","texture_size":[64,64],"textures":{"0":"customhatsv1:hats/crab_hat_texture","particle":"customhatsv1:hats/crab_hat_texture"},"elements":[{"from":[-4.43925,10.5,3.21508],"to":[0.56075,13.5,6.21508],"rotation":{"angle":-45,"axis":"y","origin":[1.31075,12,5.46508]},"faces":{"north":{"uv":[1,6.5,2.25,7.25],"texture":"#0"},"east":{"uv":[6,6.5,6.75,7.25],"texture":"#0"},"south":{"uv":[2.25,6.5,3.5,7.25],"texture":"#0"},"west":{"uv":[6.75,6.5,7.5,7.25],"texture":"#0"},"up":{"uv":[4.75,7.25,3.5,6.5],"texture":"#0"},"down":{"uv":[6,6.5,4.75,7.25],"texture":"#0"}}},{"from":[15.43925,10,2.71508],"to":[21.43925,14,6.71508],"rotation":{"angle":45,"axis":"y","origin":[14.68925,12,5.46508]},"faces":{"north":{"uv":[5.5,2.25,7,3.25],"texture":"#0"},"east":{"uv":[6,4,7,5],"texture":"#0"},"south":{"uv":[2.5,5.5,4,6.5],"texture":"#0"},"west":{"uv":[0,6.5,1,7.5],"texture":"#0"},"up":{"uv":[5.5,6.5,4,5.5],"texture":"#0"},"down":{"uv":[7,5.5,5.5,6.5],"texture":"#0"}}},{"from":[12.68925,11,3.46508],"to":[15.68925,13,5.46508],"rotation":{"angle":22.5,"axis":"y","origin":[14.68925,12,5.46508]},"faces":{"north":{"uv":[6,5,6.75,5.5],"texture":"#0"},"east":{"uv":[7.5,2.75,8,3.25],"texture":"#0"},"south":{"uv":[2.5,7.25,3.25,7.75],"texture":"#0"},"west":{"uv":[7.5,3.25,8,3.75],"texture":"#0"},"up":{"uv":[4,7.75,3.25,7.25],"texture":"#0"},"down":{"uv":[4.75,7.25,4,7.75],"texture":"#0"}}},{"from":[0.31075,11,3.46508],"to":[3.31075,13,5.46508],"rotation":{"angle":-22.5,"axis":"y","origin":[1.31075,12,5.46508]},"faces":{"north":{"uv":[4.75,7.25,5.5,7.75],"texture":"#0"},"east":{"uv":[7.5,3.75,8,4.25],"texture":"#0"},"south":{"uv":[5.5,7.25,6.25,7.75],"texture":"#0"},"west":{"uv":[7.5,4.25,8,4.75],"texture":"#0"},"up":{"uv":[7,7.75,6.25,7.25],"texture":"#0"},"down":{"uv":[7.75,7.25,7,7.75],"texture":"#0"}}},{"from":[2,8,3],"to":[14,11,13],"faces":{"north":{"uv":[3,4,6,4.75],"texture":"#0"},"east":{"uv":[0,5,2.5,5.75],"texture":"#0"},"south":{"uv":[3,4.75,6,5.5],"texture":"#0"},"west":{"uv":[5.5,0,8,0.75],"texture":"#0"},"up":{"uv":[3,2.5,0,0],"texture":"#0"},"down":{"uv":[3,2.5,0,5],"texture":"#0"}}},{"from":[3,11,4],"to":[13,14,12],"faces":{"north":{"uv":[5.5,0.75,8,1.5],"texture":"#0"},"east":{"uv":[5.5,3.25,7.5,4],"texture":"#0"},"south":{"uv":[5.5,1.5,8,2.25],"texture":"#0"},"west":{"uv":[0,5.75,2,6.5],"texture":"#0"},"up":{"uv":[5.5,2,3,0],"texture":"#0"},"down":{"uv":[5.5,2,3,4],"texture":"#0"}}},{"from":[5,13,3],"to":[7,16,5],"rotation":{"angle":0,"axis":"y","origin":[16,0,0]},"faces":{"north":{"uv":[7,5.5,7.5,6.25],"texture":"#0"},"east":{"uv":[1,7.25,1.5,8],"texture":"#0"},"south":{"uv":[1.5,7.25,2,8],"texture":"#0"},"west":{"uv":[2,7.25,2.5,8],"texture":"#0"},"up":{"uv":[1,8,0.5,7.5],"texture":"#0"},"down":{"uv":[8,2.25,7.5,2.75],"texture":"#0"}}},{"from":[9,13,3],"to":[11,16,5],"faces":{"north":{"uv":[2,5.75,2.5,6.5],"texture":"#0"},"east":{"uv":[7,2.25,7.5,3],"texture":"#0"},"south":{"uv":[7,4,7.5,4.75],"texture":"#0"},"west":{"uv":[7,4.75,7.5,5.5],"texture":"#0"},"up":{"uv":[3,5.5,2.5,5],"texture":"#0"},"down":{"uv":[0.5,7.5,0,8],"texture":"#0"}}},{"from":[3,6,4.5],"to":[4,8,5.5],"rotation":{"angle":0,"axis":"y","origin":[0.5,0,-0.5]},"faces":{"north":{"uv":[6.75,5,7,5.5],"texture":"#0"},"east":{"uv":[7.5,4.75,7.75,5.25],"texture":"#0"},"south":{"uv":[7.5,5.25,7.75,5.75],"texture":"#0"},"west":{"uv":[7.5,5.75,7.75,6.25],"texture":"#0"},"up":{"uv":[7.25,3.25,7,3],"texture":"#0"},"down":{"uv":[7.25,6.25,7,6.5],"texture":"#0"}}},{"from":[3.56066,4.64645,4.5],"to":[4.56066,6.64645,5.5],"rotation":{"angle":45,"axis":"z","origin":[4.06066,5.64645,5]},"faces":{"north":{"uv":[7.5,6.25,7.75,6.75],"texture":"#0"},"east":{"uv":[7.5,6.75,7.75,7.25],"texture":"#0"},"south":{"uv":[2.5,7.75,2.75,8.25],"texture":"#0"},"west":{"uv":[2.75,7.75,3,8.25],"texture":"#0"},"up":{"uv":[7.5,3.25,7.25,3],"texture":"#0"},"down":{"uv":[7.5,6.25,7.25,6.5],"texture":"#0"}}},{"from":[1.76256,5.15901,7.5],"to":[2.76256,7.15901,8.5],"rotation":{"angle":22.5,"axis":"z","origin":[3.78033,8.07322,8]},"faces":{"north":{"uv":[4,7.75,4.25,8.25],"texture":"#0"},"east":{"uv":[4.25,7.75,4.5,8.25],"texture":"#0"},"south":{"uv":[4.5,7.75,4.75,8.25],"texture":"#0"},"west":{"uv":[4.75,7.75,5,8.25],"texture":"#0"},"up":{"uv":[8.25,3,8,2.75],"texture":"#0"},"down":{"uv":[8.25,3,8,3.25],"texture":"#0"}}},{"from":[3,6,7.5],"to":[4,8,8.5],"rotation":{"angle":-22.5,"axis":"z","origin":[3.78033,8.07322,8]},"faces":{"north":{"uv":[3,7.75,3.25,8.25],"texture":"#0"},"east":{"uv":[3.25,7.75,3.5,8.25],"texture":"#0"},"south":{"uv":[3.5,7.75,3.75,8.25],"texture":"#0"},"west":{"uv":[3.75,7.75,4,8.25],"texture":"#0"},"up":{"uv":[2.5,8.25,2.25,8],"texture":"#0"},"down":{"uv":[8.25,2.5,8,2.75],"texture":"#0"}}},{"from":[3.56066,4.64645,10.5],"to":[4.56066,6.64645,11.5],"rotation":{"angle":45,"axis":"z","origin":[4.06066,5.64645,11]},"faces":{"north":{"uv":[5.5,7.75,5.75,8.25],"texture":"#0"},"east":{"uv":[5.75,7.75,6,8.25],"texture":"#0"},"south":{"uv":[7.75,5.75,8,6.25],"texture":"#0"},"west":{"uv":[6,7.75,6.25,8.25],"texture":"#0"},"up":{"uv":[8.25,4,8,3.75],"texture":"#0"},"down":{"uv":[8.25,4,8,4.25],"texture":"#0"}}},{"from":[3,6,10.5],"to":[4,8,11.5],"rotation":{"angle":0,"axis":"y","origin":[0.5,0,5.5]},"faces":{"north":{"uv":[7.75,4.75,8,5.25],"texture":"#0"},"east":{"uv":[5,7.75,5.25,8.25],"texture":"#0"},"south":{"uv":[5.25,7.75,5.5,8.25],"texture":"#0"},"west":{"uv":[7.75,5.25,8,5.75],"texture":"#0"},"up":{"uv":[8.25,3.5,8,3.25],"texture":"#0"},"down":{"uv":[8.25,3.5,8,3.75],"texture":"#0"}}},{"from":[11.43934,4.64645,10.5],"to":[12.43934,6.64645,11.5],"rotation":{"angle":-45,"axis":"z","origin":[11.93934,5.64645,11]},"faces":{"north":{"uv":[8,1.5,8.25,2],"texture":"#0"},"east":{"uv":[1.75,8,2,8.5],"texture":"#0"},"south":{"uv":[2,8,2.25,8.5],"texture":"#0"},"west":{"uv":[8,2,8.25,2.5],"texture":"#0"},"up":{"uv":[8.25,7,8,6.75],"texture":"#0"},"down":{"uv":[8.25,7,8,7.25],"texture":"#0"}}},{"from":[13.23744,5.15901,7.5],"to":[14.23744,7.15901,8.5],"rotation":{"angle":-22.5,"axis":"z","origin":[12.21967,8.07322,8]},"faces":{"north":{"uv":[0.25,8,0.5,8.5],"texture":"#0"},"east":{"uv":[0.5,8,0.75,8.5],"texture":"#0"},"south":{"uv":[8,0.5,8.25,1],"texture":"#0"},"west":{"uv":[0.75,8,1,8.5],"texture":"#0"},"up":{"uv":[8.25,6,8,5.75],"texture":"#0"},"down":{"uv":[8.25,6,8,6.25],"texture":"#0"}}},{"from":[11.43934,4.64645,4.5],"to":[12.43934,6.64645,5.5],"rotation":{"angle":-45,"axis":"z","origin":[11.93934,5.64645,5]},"faces":{"north":{"uv":[7.75,6.75,8,7.25],"texture":"#0"},"east":{"uv":[7,7.75,7.25,8.25],"texture":"#0"},"south":{"uv":[7.25,7.75,7.5,8.25],"texture":"#0"},"west":{"uv":[7.75,7.25,8,7.75],"texture":"#0"},"up":{"uv":[8.25,5,8,4.75],"texture":"#0"},"down":{"uv":[8.25,5,8,5.25],"texture":"#0"}}},{"from":[12,6,4.5],"to":[13,8,5.5],"rotation":{"angle":0,"axis":"y","origin":[15.5,0,-0.5]},"faces":{"north":{"uv":[6.25,7.75,6.5,8.25],"texture":"#0"},"east":{"uv":[7.75,6.25,8,6.75],"texture":"#0"},"south":{"uv":[6.5,7.75,6.75,8.25],"texture":"#0"},"west":{"uv":[6.75,7.75,7,8.25],"texture":"#0"},"up":{"uv":[8.25,4.5,8,4.25],"texture":"#0"},"down":{"uv":[8.25,4.5,8,4.75],"texture":"#0"}}},{"from":[12,6,7.5],"to":[13,8,8.5],"rotation":{"angle":22.5,"axis":"z","origin":[12.21967,8.07322,8]},"faces":{"north":{"uv":[7.5,7.75,7.75,8.25],"texture":"#0"},"east":{"uv":[7.75,7.75,8,8.25],"texture":"#0"},"south":{"uv":[0,8,0.25,8.5],"texture":"#0"},"west":{"uv":[8,0,8.25,0.5],"texture":"#0"},"up":{"uv":[8.25,5.5,8,5.25],"texture":"#0"},"down":{"uv":[8.25,5.5,8,5.75],"texture":"#0"}}},{"from":[12,6,10.5],"to":[13,8,11.5],"rotation":{"angle":0,"axis":"y","origin":[15.5,0,5.5]},"faces":{"north":{"uv":[1,8,1.25,8.5],"texture":"#0"},"east":{"uv":[8,1,8.25,1.5],"texture":"#0"},"south":{"uv":[1.25,8,1.5,8.5],"texture":"#0"},"west":{"uv":[1.5,8,1.75,8.5],"texture":"#0"},"up":{"uv":[8.25,6.5,8,6.25],"texture":"#0"},"down":{"uv":[8.25,6.5,8,6.75],"texture":"#0"}}}],"gui_light":"front","display":{"thirdperson_righthand":{"translation":[0,-3.75,-2],"scale":[0.75,0.75,0.75]},"thirdperson_lefthand":{"translation":[0,-3.75,-2],"scale":[0.75,0.75,0.75]},"firstperson_righthand":{"rotation":[15,0,0],"translation":[1.75,-1,0],"scale":[0.75,0.75,0.75]},"firstperson_lefthand":{"rotation":[15,0,0],"translation":[1.75,-1,0],"scale":[0.75,0.75,0.75]},"ground":{"translation":[0,0.75,0],"scale":[0.75,0.75,0.75]},"gui":{"rotation":[30,-180,0],"translation":[0.25,-1.5,0],"scale":[0.63,0.63,0.63]},"head":{"translation":[0,3.5,0],"scale":[1.6,1.6,1.6]},"fixed":{"rotation":[-90,0,0],"translation":[0,0,-6.25],"scale":[1.81,1.81,1.81]}},"groups":[{"name":"crab_hat","origin":[1.31075,12,5.46508],"color":0,"children":[{"name":"claws","origin":[14.68925,12,5.46508],"color":0,"children":[0,1,2,3]},{"name":"crab","origin":[15.5,0,5.5],"color":0,"children":[4,5,{"name":"eyes","origin":[0,0,0],"color":0,"children":[6,7]},8,9,10,11,12,13,14,15,16,17,18,19]}]}]}