{"credit":"Made with Blockbench","texture_size":[64,64],"textures":{"0":"customhatsv1:hats/gold_top_hat_texture","particle":"customhatsv1:hats/gold_top_hat_texture"},"elements":[{"from":[2,7,2],"to":[14,8,14],"faces":{"north":{"uv":[6.25,4.5,9.25,4.75],"texture":"#0"},"east":{"uv":[6.25,4.75,9.25,5],"texture":"#0"},"south":{"uv":[6.25,5,9.25,5.25],"texture":"#0"},"west":{"uv":[6.25,5.25,9.25,5.5],"texture":"#0"},"up":{"uv":[3,3,0,0],"texture":"#0"},"down":{"uv":[3,3,0,6],"texture":"#0"}}},{"from":[-1,8,12],"to":[4,11,12],"rotation":{"angle":45,"axis":"y","origin":[4,9,12]},"faces":{"north":{"uv":[15.5,6.75,14.25,7.5],"texture":"#0"},"east":{"uv":[0,0,0,0.75],"texture":"#0"},"south":{"uv":[13,6.75,11.75,7.5],"texture":"#0"},"west":{"uv":[0,0,0,0.75],"texture":"#0"},"up":{"uv":[1.25,0,0,0],"texture":"#0"},"down":{"uv":[1.25,0,0,0],"texture":"#0"}}},{"from":[-0.12132,5,14.12132],"to":[2.87868,8,14.12132],"rotation":{"angle":45,"axis":"y","origin":[1.87868,8,14.12132]},"faces":{"north":{"uv":[13,5.25,12.25,6],"texture":"#0"},"east":{"uv":[0,0,0,0.75],"texture":"#0"},"south":{"uv":[14.75,5.25,14,6],"texture":"#0"},"west":{"uv":[0,0,0,0.75],"texture":"#0"},"up":{"uv":[0.75,0,0,0],"texture":"#0"},"down":{"uv":[0.75,0,0,0],"texture":"#0"}}},{"from":[-1,7,8],"to":[4,13,8],"faces":{"north":{"uv":[14.25,0.5,15.5,2],"texture":"#0"},"east":{"uv":[0,0,0,1.5],"texture":"#0"},"south":{"uv":[11.5,0.5,12.75,2],"texture":"#0"},"west":{"uv":[0,0,0,1.5],"texture":"#0"},"up":{"uv":[1.25,0,0,0],"texture":"#0"},"down":{"uv":[1.25,0,0,0],"texture":"#0"}}},{"from":[12,7,8],"to":[17,13,8],"rotation":{"angle":0,"axis":"y","origin":[16,0,0]},"faces":{"north":{"uv":[11.5,2.75,12.75,4.25],"texture":"#0"},"east":{"uv":[0,0,0,1.5],"texture":"#0"},"south":{"uv":[14.25,2.75,15.5,4.25],"texture":"#0"},"west":{"uv":[0,0,0,1.5],"texture":"#0"},"up":{"uv":[1.25,0,0,0],"texture":"#0"},"down":{"uv":[1.25,0,0,0],"texture":"#0"}}},{"from":[4,8,4],"to":[12,14,12],"faces":{"north":{"uv":[3,4,5,5.5],"texture":"#0"},"east":{"uv":[5,0,7,1.5],"texture":"#0"},"south":{"uv":[5,1.5,7,3],"texture":"#0"},"west":{"uv":[5,3,7,4.5],"texture":"#0"},"up":{"uv":[5,2,3,0],"texture":"#0"},"down":{"uv":[5,2,3,4],"texture":"#0"}}},{"from":[10,12,5],"to":[13,15,6],"rotation":{"angle":0,"axis":"y","origin":[16,0,0]},"faces":{"north":{"uv":[6.75,6.25,7.5,7],"texture":"#0"},"east":{"uv":[2.5,6.75,2.75,7.5],"texture":"#0"},"south":{"uv":[7,0,7.75,0.75],"texture":"#0"},"west":{"uv":[2.75,6.75,3,7.5],"texture":"#0"},"up":{"uv":[7.75,2.5,7,2.25],"texture":"#0"},"down":{"uv":[7.75,2.5,7,2.75],"texture":"#0"}}},{"from":[3,13,8],"to":[6,16,9],"faces":{"north":{"uv":[6.75,5.5,7.5,6.25],"texture":"#0"},"east":{"uv":[2.5,6,2.75,6.75],"texture":"#0"},"south":{"uv":[5.75,6.75,6.5,7.5],"texture":"#0"},"west":{"uv":[2.75,6,3,6.75],"texture":"#0"},"up":{"uv":[5,5.75,4.25,5.5],"texture":"#0"},"down":{"uv":[5,5.75,4.25,6],"texture":"#0"}}},{"from":[9,12,11],"to":[10,15,14],"faces":{"north":{"uv":[6.5,6.75,6.75,7.5],"texture":"#0"},"east":{"uv":[7,0.75,7.75,1.5],"texture":"#0"},"south":{"uv":[7,2.75,7.25,3.5],"texture":"#0"},"west":{"uv":[7,1.5,7.75,2.25],"texture":"#0"},"up":{"uv":[3.25,7.75,3,7],"texture":"#0"},"down":{"uv":[3.5,7,3.25,7.75],"texture":"#0"}}}],"gui_light":"front","display":{"thirdperson_righthand":{"translation":[0,-1.25,-3.25],"scale":[0.75,0.75,0.75]},"thirdperson_lefthand":{"translation":[0,-1.25,-3.25],"scale":[0.75,0.75,0.75]},"firstperson_righthand":{"translation":[0.75,0,0],"scale":[0.75,0.75,0.75]},"firstperson_lefthand":{"translation":[0.75,0,0],"scale":[0.75,0.75,0.75]},"ground":{"scale":[0.75,0.75,0.75]},"gui":{"rotation":[30,-136,0],"translation":[0,-1,0],"scale":[0.85,0.85,0.85]},"head":{"translation":[0,3,0],"scale":[1.85,1.85,1.85]},"fixed":{"rotation":[-90,0,0],"translation":[0,0,-1.75],"scale":[1.81,1.81,1.81]}},"groups":[{"name":"gold_top_hat","origin":[0,0,0],"color":0,"nbt":"{}","children":[0,{"name":"accents","origin":[16,0,0],"color":0,"nbt":"{}","children":[1,2,3,4]},5,{"name":"coins","origin":[0,0,0],"color":0,"nbt":"{}","children":[6,7,8]}]}]}