{"credit":"magic_store_official","texture_size":[128,128],"textures":{"0":"magic_store:furnitures/bank_pack/bank_table","particle":"magic_store:furnitures/bank_pack/bank_table"},"elements":[{"from":[-8,14,0],"to":[24,16,16],"rotation":{"angle":0,"axis":"y","origin":[8,11,8]},"faces":{"north":{"uv":[0,5.75,4,6],"texture":"#0"},"east":{"uv":[5.75,2,7.75,2.25],"texture":"#0"},"south":{"uv":[0,5.75,4,6],"texture":"#0"},"west":{"uv":[5.75,2,7.75,2.25],"texture":"#0"},"up":{"uv":[4,2,0,0],"texture":"#0"},"down":{"uv":[4,2,0,4],"texture":"#0"}}},{"from":[-5,2,7],"to":[21,14,9],"faces":{"north":{"uv":[4,0,7.25,1.5],"texture":"#0"},"east":{"uv":[4.25,5.75,4.5,7.25],"texture":"#0"},"south":{"uv":[4,0,7.25,1.5],"texture":"#0"},"west":{"uv":[4.25,5.75,4.5,7.25],"texture":"#0"},"up":{"uv":[3.25,5.75,0,5.5],"texture":"#0"},"down":{"uv":[9,1.75,5.75,2],"texture":"#0"}}},{"from":[-6,0,1],"to":[-5,13,15],"faces":{"north":{"uv":[0,6,0.125,7.625],"texture":"#0"},"east":{"uv":[5,3.375,6.75,5],"texture":"#0"},"south":{"uv":[0.125,6,0.25,7.625],"texture":"#0"},"west":{"uv":[6.75,3.375,5,5],"texture":"#0"},"up":{"uv":[0.375,7.75,0.25,6],"texture":"#0"},"down":{"uv":[0.5,6,0.375,7.75],"texture":"#0"}}},{"from":[21,0,1],"to":[22,13,15],"faces":{"north":{"uv":[0,6,0.125,7.625],"texture":"#0"},"east":{"uv":[5,3.375,6.75,5],"texture":"#0"},"south":{"uv":[0.125,6,0.25,7.625],"texture":"#0"},"west":{"uv":[6.75,3.375,5,5],"texture":"#0"},"up":{"uv":[0.375,7.75,0.25,6],"texture":"#0"},"down":{"uv":[0.5,6,0.375,7.75],"texture":"#0"}}}],"display":{"thirdperson_righthand":{"rotation":[49,36,0],"translation":[-0.5,3,0.5],"scale":[0.35,0.35,0.35]},"thirdperson_lefthand":{"rotation":[49,36,0],"translation":[-0.5,3,0.5],"scale":[0.35,0.35,0.35]},"firstperson_righthand":{"rotation":[-180,65,-180],"translation":[9.75,-4,-9.25],"scale":[0.85,0.85,0.85]},"firstperson_lefthand":{"rotation":[-180,65,-180],"translation":[9.75,-4,-9.25],"scale":[0.85,0.85,0.85]},"ground":{"translation":[0,5.5,0],"scale":[0.4,0.4,0.4]},"gui":{"rotation":[30,145.5,0],"translation":[0,-1.25,0],"scale":[0.45,0.45,0.45]},"head":{"translation":[0,-30.5,0],"scale":[1.6,1.6,1.6]},"fixed":{"rotation":[-90,0,0],"translation":[0,0,-16],"scale":[2,2,2]}},"groups":[{"name":"group","origin":[0,0,0],"color":0,"children":[0,1,2,3]}]}