{
  "credit": "Made with Blockbench",
  "texture_size": [
    64,
    64
  ],
  "textures": {
    "0": "elitecreatures:ginger_bread_gear/gingerbread_texture4",
    "1": "elitecreatures:ginger_bread_gear/gingerbread_texture1",
    "particle": "elitecreatures:ginger_bread_gear/gingerbread_texture4"
  },
  "elements": [
    {
      "from": [
        3,
        0,
        3
      ],
      "to": [
        13,
        8,
        13
      ],
      "rotation": {
        "angle": 0,
        "axis": "y",
        "origin": [
          4,
          0,
          4
        ]
      },
      "faces": {
        "north": {
          "uv": [
            5,
            6,
            2.5,
            8
          ],
          "texture": "#0"
        },
        "east": {
          "uv": [
            5.5,
            4.5,
            8,
            6.5
          ],
          "texture": "#0"
        },
        "south": {
          "uv": [
            2.5,
            6,
            5,
            8
          ],
          "texture": "#0"
        },
        "west": {
          "uv": [
            8,
            4.5,
            5.5,
            6.5
          ],
          "texture": "#0"
        },
        "up": {
          "uv": [
            2.5,
            7.5,
            0,
            5
          ],
          "texture": "#0"
        },
        "down": {
          "uv": [
            8,
            0,
            5.5,
            2.5
          ],
          "texture": "#0"
        }
      }
    },
    {
      "from": [
        5,
        2,
        13
      ],
      "to": [
        11,
        3,
        13.5
      ],
      "rotation": {
        "angle": 0,
        "axis": "y",
        "origin": [
          4,
          0,
          5
        ]
      },
      "faces": {
        "north": {
          "uv": [
            10.25,
            2.25,
            11.75,
            2.5
          ],
          "texture": "#0"
        },
        "east": {
          "uv": [
            11,
            8.75,
            11.125,
            9
          ],
          "texture": "#0"
        },
        "south": {
          "uv": [
            5.25,
            10.25,
            6.75,
            10.5
          ],
          "texture": "#0"
        },
        "west": {
          "uv": [
            11.25,
            1,
            11.375,
            1.25
          ],
          "texture": "#0"
        },
        "up": {
          "uv": [
            12,
            6.875,
            10.5,
            6.75
          ],
          "texture": "#0"
        },
        "down": {
          "uv": [
            12,
            7,
            10.5,
            7.125
          ],
          "texture": "#0"
        }
      }
    },
    {
      "from": [
        5,
        5,
        13
      ],
      "to": [
        11,
        6,
        13.5
      ],
      "rotation": {
        "angle": 0,
        "axis": "y",
        "origin": [
          4,
          3,
          5
        ]
      },
      "faces": {
        "north": {
          "uv": [
            10.25,
            9,
            11.75,
            9.25
          ],
          "texture": "#0"
        },
        "east": {
          "uv": [
            6.5,
            11.25,
            6.625,
            11.5
          ],
          "texture": "#0"
        },
        "south": {
          "uv": [
            10.25,
            9.25,
            11.75,
            9.5
          ],
          "texture": "#0"
        },
        "west": {
          "uv": [
            6.75,
            11.25,
            6.875,
            11.5
          ],
          "texture": "#0"
        },
        "up": {
          "uv": [
            12,
            7.375,
            10.5,
            7.25
          ],
          "texture": "#0"
        },
        "down": {
          "uv": [
            12,
            7.5,
            10.5,
            7.625
          ],
          "texture": "#0"
        }
      }
    },
    {
      "from": [
        5,
        3,
        13
      ],
      "to": [
        6,
        5,
        13.5
      ],
      "rotation": {
        "angle": 0,
        "axis": "y",
        "origin": [
          4,
          2,
          5
        ]
      },
      "faces": {
        "north": {
          "uv": [
            5.75,
            10.75,
            6,
            11.25
          ],
          "texture": "#0"
        },
        "east": {
          "uv": [
            2,
            11.25,
            2.125,
            11.75
          ],
          "texture": "#0"
        },
        "south": {
          "uv": [
            6,
            10.75,
            6.25,
            11.25
          ],
          "texture": "#0"
        },
        "west": {
          "uv": [
            2.25,
            11.25,
            2.375,
            11.75
          ],
          "texture": "#0"
        },
        "up": {
          "uv": [
            7.25,
            11.375,
            7,
            11.25
          ],
          "texture": "#0"
        },
        "down": {
          "uv": [
            7.5,
            11.25,
            7.25,
            11.375
          ],
          "texture": "#0"
        }
      }
    },
    {
      "from": [
        10,
        3,
        13
      ],
      "to": [
        11,
        5,
        13.5
      ],
      "rotation": {
        "angle": 0,
        "axis": "y",
        "origin": [
          9,
          2,
          5
        ]
      },
      "faces": {
        "north": {
          "uv": [
            6.25,
            10.75,
            6.5,
            11.25
          ],
          "texture": "#0"
        },
        "east": {
          "uv": [
            11.25,
            3.5,
            11.375,
            4
          ],
          "texture": "#0"
        },
        "south": {
          "uv": [
            6.5,
            10.75,
            6.75,
            11.25
          ],
          "texture": "#0"
        },
        "west": {
          "uv": [
            3.75,
            11.25,
            3.875,
            11.75
          ],
          "texture": "#0"
        },
        "up": {
          "uv": [
            7.75,
            11.375,
            7.5,
            11.25
          ],
          "texture": "#0"
        },
        "down": {
          "uv": [
            8,
            11.25,
            7.75,
            11.375
          ],
          "texture": "#0"
        }
      }
    },
    {
      "from": [
        5,
        5,
        2.5
      ],
      "to": [
        11,
        6,
        3
      ],
      "rotation": {
        "angle": 0,
        "axis": "y",
        "origin": [
          4,
          3,
          11
        ]
      },
      "faces": {
        "north": {
          "uv": [
            11.75,
            9.25,
            10.25,
            9.5
          ],
          "texture": "#0"
        },
        "east": {
          "uv": [
            6.625,
            11.25,
            6.5,
            11.5
          ],
          "texture": "#0"
        },
        "south": {
          "uv": [
            11.75,
            9,
            10.25,
            9.25
          ],
          "texture": "#0"
        },
        "west": {
          "uv": [
            6.875,
            11.25,
            6.75,
            11.5
          ],
          "texture": "#0"
        },
        "up": {
          "uv": [
            12,
            7.25,
            10.5,
            7.375
          ],
          "texture": "#0"
        },
        "down": {
          "uv": [
            12,
            7.625,
            10.5,
            7.5
          ],
          "texture": "#0"
        }
      }
    },
    {
      "from": [
        10,
        3,
        2.5
      ],
      "to": [
        11,
        5,
        3
      ],
      "rotation": {
        "angle": 0,
        "axis": "y",
        "origin": [
          9,
          2,
          11
        ]
      },
      "faces": {
        "north": {
          "uv": [
            6.75,
            10.75,
            6.5,
            11.25
          ],
          "texture": "#0"
        },
        "east": {
          "uv": [
            11.375,
            3.5,
            11.25,
            4
          ],
          "texture": "#0"
        },
        "south": {
          "uv": [
            6.5,
            10.75,
            6.25,
            11.25
          ],
          "texture": "#0"
        },
        "west": {
          "uv": [
            3.875,
            11.25,
            3.75,
            11.75
          ],
          "texture": "#0"
        },
        "up": {
          "uv": [
            7.75,
            11.25,
            7.5,
            11.375
          ],
          "texture": "#0"
        },
        "down": {
          "uv": [
            8,
            11.375,
            7.75,
            11.25
          ],
          "texture": "#0"
        }
      }
    },
    {
      "from": [
        5,
        2,
        2.5
      ],
      "to": [
        11,
        3,
        3
      ],
      "rotation": {
        "angle": 0,
        "axis": "y",
        "origin": [
          4,
          0,
          11
        ]
      },
      "faces": {
        "north": {
          "uv": [
            6.75,
            10.25,
            5.25,
            10.5
          ],
          "texture": "#0"
        },
        "east": {
          "uv": [
            11.125,
            8.75,
            11,
            9
          ],
          "texture": "#0"
        },
        "south": {
          "uv": [
            11.75,
            2.25,
            10.25,
            2.5
          ],
          "texture": "#0"
        },
        "west": {
          "uv": [
            11.375,
            1,
            11.25,
            1.25
          ],
          "texture": "#0"
        },
        "up": {
          "uv": [
            12,
            6.75,
            10.5,
            6.875
          ],
          "texture": "#0"
        },
        "down": {
          "uv": [
            12,
            7.125,
            10.5,
            7
          ],
          "texture": "#0"
        }
      }
    },
    {
      "from": [
        5,
        3,
        2.5
      ],
      "to": [
        6,
        5,
        3
      ],
      "rotation": {
        "angle": 0,
        "axis": "y",
        "origin": [
          4,
          2,
          11
        ]
      },
      "faces": {
        "north": {
          "uv": [
            6.25,
            10.75,
            6,
            11.25
          ],
          "texture": "#0"
        },
        "east": {
          "uv": [
            2.125,
            11.25,
            2,
            11.75
          ],
          "texture": "#0"
        },
        "south": {
          "uv": [
            6,
            10.75,
            5.75,
            11.25
          ],
          "texture": "#0"
        },
        "west": {
          "uv": [
            2.375,
            11.25,
            2.25,
            11.75
          ],
          "texture": "#0"
        },
        "up": {
          "uv": [
            7.25,
            11.25,
            7,
            11.375
          ],
          "texture": "#0"
        },
        "down": {
          "uv": [
            7.5,
            11.375,
            7.25,
            11.25
          ],
          "texture": "#0"
        }
      }
    },
    {
      "from": [
        2.5,
        3,
        5
      ],
      "to": [
        3,
        5,
        6
      ],
      "rotation": {
        "angle": 0,
        "axis": "y",
        "origin": [
          11,
          2,
          4
        ]
      },
      "faces": {
        "north": {
          "uv": [
            2.25,
            11.25,
            2.375,
            11.75
          ],
          "texture": "#0"
        },
        "east": {
          "uv": [
            5.75,
            10.75,
            6,
            11.25
          ],
          "texture": "#0"
        },
        "south": {
          "uv": [
            2,
            11.25,
            2.125,
            11.75
          ],
          "texture": "#0"
        },
        "west": {
          "uv": [
            6,
            10.75,
            6.25,
            11.25
          ],
          "texture": "#0"
        },
        "up": {
          "uv": [
            7.25,
            11.375,
            7,
            11.25
          ],
          "rotation": 90,
          "texture": "#0"
        },
        "down": {
          "uv": [
            7.5,
            11.25,
            7.25,
            11.375
          ],
          "rotation": 270,
          "texture": "#0"
        }
      }
    },
    {
      "from": [
        2.5,
        5,
        5
      ],
      "to": [
        3,
        6,
        11
      ],
      "rotation": {
        "angle": 0,
        "axis": "y",
        "origin": [
          11,
          3,
          4
        ]
      },
      "faces": {
        "north": {
          "uv": [
            6.75,
            11.25,
            6.875,
            11.5
          ],
          "texture": "#0"
        },
        "east": {
          "uv": [
            10.25,
            9,
            11.75,
            9.25
          ],
          "texture": "#0"
        },
        "south": {
          "uv": [
            6.5,
            11.25,
            6.625,
            11.5
          ],
          "texture": "#0"
        },
        "west": {
          "uv": [
            10.25,
            9.25,
            11.75,
            9.5
          ],
          "texture": "#0"
        },
        "up": {
          "uv": [
            12,
            7.375,
            10.5,
            7.25
          ],
          "rotation": 90,
          "texture": "#0"
        },
        "down": {
          "uv": [
            12,
            7.5,
            10.5,
            7.625
          ],
          "rotation": 270,
          "texture": "#0"
        }
      }
    },
    {
      "from": [
        2.5,
        2,
        5
      ],
      "to": [
        3,
        3,
        11
      ],
      "rotation": {
        "angle": 0,
        "axis": "y",
        "origin": [
          11,
          0,
          4
        ]
      },
      "faces": {
        "north": {
          "uv": [
            11.25,
            1,
            11.375,
            1.25
          ],
          "texture": "#0"
        },
        "east": {
          "uv": [
            10.25,
            2.25,
            11.75,
            2.5
          ],
          "texture": "#0"
        },
        "south": {
          "uv": [
            11,
            8.75,
            11.125,
            9
          ],
          "texture": "#0"
        },
        "west": {
          "uv": [
            5.25,
            10.25,
            6.75,
            10.5
          ],
          "texture": "#0"
        },
        "up": {
          "uv": [
            12,
            6.875,
            10.5,
            6.75
          ],
          "rotation": 90,
          "texture": "#0"
        },
        "down": {
          "uv": [
            12,
            7,
            10.5,
            7.125
          ],
          "rotation": 270,
          "texture": "#0"
        }
      }
    },
    {
      "from": [
        13,
        3,
        10
      ],
      "to": [
        13.5,
        5,
        11
      ],
      "rotation": {
        "angle": 0,
        "axis": "y",
        "origin": [
          5,
          2,
          9
        ]
      },
      "faces": {
        "north": {
          "uv": [
            3.875,
            11.25,
            3.75,
            11.75
          ],
          "texture": "#0"
        },
        "east": {
          "uv": [
            6.75,
            10.75,
            6.5,
            11.25
          ],
          "texture": "#0"
        },
        "south": {
          "uv": [
            11.375,
            3.5,
            11.25,
            4
          ],
          "texture": "#0"
        },
        "west": {
          "uv": [
            6.5,
            10.75,
            6.25,
            11.25
          ],
          "texture": "#0"
        },
        "up": {
          "uv": [
            7.75,
            11.25,
            7.5,
            11.375
          ],
          "rotation": 90,
          "texture": "#0"
        },
        "down": {
          "uv": [
            8,
            11.375,
            7.75,
            11.25
          ],
          "rotation": 270,
          "texture": "#0"
        }
      }
    },
    {
      "from": [
        13,
        2,
        5
      ],
      "to": [
        13.5,
        3,
        11
      ],
      "rotation": {
        "angle": 0,
        "axis": "y",
        "origin": [
          5,
          0,
          4
        ]
      },
      "faces": {
        "north": {
          "uv": [
            11.375,
            1,
            11.25,
            1.25
          ],
          "texture": "#0"
        },
        "east": {
          "uv": [
            6.75,
            10.25,
            5.25,
            10.5
          ],
          "texture": "#0"
        },
        "south": {
          "uv": [
            11.125,
            8.75,
            11,
            9
          ],
          "texture": "#0"
        },
        "west": {
          "uv": [
            11.75,
            2.25,
            10.25,
            2.5
          ],
          "texture": "#0"
        },
        "up": {
          "uv": [
            12,
            6.75,
            10.5,
            6.875
          ],
          "rotation": 90,
          "texture": "#0"
        },
        "down": {
          "uv": [
            12,
            7.125,
            10.5,
            7
          ],
          "rotation": 270,
          "texture": "#0"
        }
      }
    },
    {
      "from": [
        2.5,
        3,
        10
      ],
      "to": [
        3,
        5,
        11
      ],
      "rotation": {
        "angle": 0,
        "axis": "y",
        "origin": [
          11,
          2,
          9
        ]
      },
      "faces": {
        "north": {
          "uv": [
            3.75,
            11.25,
            3.875,
            11.75
          ],
          "texture": "#0"
        },
        "east": {
          "uv": [
            6.25,
            10.75,
            6.5,
            11.25
          ],
          "texture": "#0"
        },
        "south": {
          "uv": [
            11.25,
            3.5,
            11.375,
            4
          ],
          "texture": "#0"
        },
        "west": {
          "uv": [
            6.5,
            10.75,
            6.75,
            11.25
          ],
          "texture": "#0"
        },
        "up": {
          "uv": [
            7.75,
            11.375,
            7.5,
            11.25
          ],
          "rotation": 90,
          "texture": "#0"
        },
        "down": {
          "uv": [
            8,
            11.25,
            7.75,
            11.375
          ],
          "rotation": 270,
          "texture": "#0"
        }
      }
    },
    {
      "from": [
        13,
        5,
        5
      ],
      "to": [
        13.5,
        6,
        11
      ],
      "rotation": {
        "angle": 0,
        "axis": "y",
        "origin": [
          5,
          3,
          4
        ]
      },
      "faces": {
        "north": {
          "uv": [
            6.875,
            11.25,
            6.75,
            11.5
          ],
          "texture": "#0"
        },
        "east": {
          "uv": [
            11.75,
            9.25,
            10.25,
            9.5
          ],
          "texture": "#0"
        },
        "south": {
          "uv": [
            6.625,
            11.25,
            6.5,
            11.5
          ],
          "texture": "#0"
        },
        "west": {
          "uv": [
            11.75,
            9,
            10.25,
            9.25
          ],
          "texture": "#0"
        },
        "up": {
          "uv": [
            12,
            7.25,
            10.5,
            7.375
          ],
          "rotation": 90,
          "texture": "#0"
        },
        "down": {
          "uv": [
            12,
            7.625,
            10.5,
            7.5
          ],
          "rotation": 270,
          "texture": "#0"
        }
      }
    },
    {
      "from": [
        13,
        3,
        5
      ],
      "to": [
        13.5,
        5,
        6
      ],
      "rotation": {
        "angle": 0,
        "axis": "y",
        "origin": [
          5,
          2,
          4
        ]
      },
      "faces": {
        "north": {
          "uv": [
            2.375,
            11.25,
            2.25,
            11.75
          ],
          "texture": "#0"
        },
        "east": {
          "uv": [
            6.25,
            10.75,
            6,
            11.25
          ],
          "texture": "#0"
        },
        "south": {
          "uv": [
            2.125,
            11.25,
            2,
            11.75
          ],
          "texture": "#0"
        },
        "west": {
          "uv": [
            6,
            10.75,
            5.75,
            11.25
          ],
          "texture": "#0"
        },
        "up": {
          "uv": [
            7.25,
            11.25,
            7,
            11.375
          ],
          "rotation": 90,
          "texture": "#0"
        },
        "down": {
          "uv": [
            7.5,
            11.375,
            7.25,
            11.25
          ],
          "rotation": 270,
          "texture": "#0"
        }
      }
    },
    {
      "from": [
        3,
        3.3,
        3.025
      ],
      "to": [
        10,
        10.3,
        12.975
      ],
      "rotation": {
        "angle": -45,
        "axis": "z",
        "origin": [
          8,
          5.3,
          8
        ]
      },
      "faces": {
        "north": {
          "uv": [
            9.75,
            4.25,
            8,
            6
          ],
          "texture": "#0"
        },
        "east": {
          "uv": [
            0,
            7.5,
            2.5,
            9.25
          ],
          "texture": "#0"
        },
        "south": {
          "uv": [
            8,
            4.25,
            9.75,
            6
          ],
          "texture": "#0"
        },
        "west": {
          "uv": [
            7.5,
            6.5,
            10,
            8.25
          ],
          "texture": "#0"
        },
        "up": {
          "uv": [
            9.75,
            2.5,
            8,
            0
          ],
          "texture": "#0"
        },
        "down": {
          "uv": [
            4.25,
            8,
            2.5,
            10.5
          ],
          "texture": "#0"
        }
      }
    },
    {
      "from": [
        15.4,
        2.76447,
        2
      ],
      "to": [
        15.4,
        5.76447,
        14
      ],
      "rotation": {
        "angle": 0,
        "axis": "y",
        "origin": [
          12.4,
          9.26447,
          9
        ]
      },
      "faces": {
        "north": {
          "uv": [
            0,
            0,
            0,
            0.75
          ],
          "texture": "#0"
        },
        "east": {
          "uv": [
            7.25,
            9.25,
            4.25,
            10
          ],
          "texture": "#0"
        },
        "south": {
          "uv": [
            0,
            0,
            0,
            0.75
          ],
          "texture": "#0"
        },
        "west": {
          "uv": [
            4.25,
            9.25,
            7.25,
            10
          ],
          "texture": "#0"
        },
        "up": {
          "uv": [
            0,
            3,
            0,
            0
          ],
          "texture": "#0"
        },
        "down": {
          "uv": [
            0,
            0,
            0,
            3
          ],
          "texture": "#0"
        }
      }
    },
    {
      "from": [
        0.6,
        2.76447,
        2
      ],
      "to": [
        0.6,
        5.76447,
        14
      ],
      "rotation": {
        "angle": 0,
        "axis": "y",
        "origin": [
          3.6,
          9.26447,
          9
        ]
      },
      "faces": {
        "north": {
          "uv": [
            0,
            0,
            0,
            0.75
          ],
          "texture": "#0"
        },
        "east": {
          "uv": [
            7.25,
            9.25,
            4.25,
            10
          ],
          "texture": "#0"
        },
        "south": {
          "uv": [
            0,
            0,
            0,
            0.75
          ],
          "texture": "#0"
        },
        "west": {
          "uv": [
            4.25,
            9.25,
            7.25,
            10
          ],
          "texture": "#0"
        },
        "up": {
          "uv": [
            0,
            3,
            0,
            0
          ],
          "texture": "#0"
        },
        "down": {
          "uv": [
            0,
            0,
            0,
            3
          ],
          "texture": "#0"
        }
      }
    },
    {
      "from": [
        5.5,
        10.96447,
        2
      ],
      "to": [
        15.5,
        11.96447,
        14
      ],
      "rotation": {
        "angle": -45,
        "axis": "z",
        "origin": [
          8,
          8.96447,
          9
        ]
      },
      "faces": {
        "north": {
          "uv": [
            10,
            7.75,
            12.5,
            8
          ],
          "texture": "#0"
        },
        "east": {
          "uv": [
            9.75,
            5.5,
            12.75,
            5.75
          ],
          "texture": "#0"
        },
        "south": {
          "uv": [
            10,
            8,
            12.5,
            8.25
          ],
          "texture": "#0"
        },
        "west": {
          "uv": [
            9.75,
            5.75,
            12.75,
            6
          ],
          "texture": "#0"
        },
        "up": {
          "uv": [
            5.5,
            3,
            3,
            0
          ],
          "texture": "#0"
        },
        "down": {
          "uv": [
            5.5,
            3,
            3,
            6
          ],
          "texture": "#0"
        }
      }
    },
    {
      "from": [
        5,
        1.46447,
        2
      ],
      "to": [
        6,
        11.46447,
        14
      ],
      "rotation": {
        "angle": -45,
        "axis": "z",
        "origin": [
          8,
          8.96447,
          9
        ]
      },
      "faces": {
        "north": {
          "uv": [
            8.75,
            9.75,
            9,
            12.25
          ],
          "texture": "#0"
        },
        "east": {
          "uv": [
            0,
            0,
            3,
            2.5
          ],
          "texture": "#0"
        },
        "south": {
          "uv": [
            9,
            9.75,
            9.25,
            12.25
          ],
          "texture": "#0"
        },
        "west": {
          "uv": [
            0,
            2.5,
            3,
            5
          ],
          "texture": "#0"
        },
        "up": {
          "uv": [
            1.75,
            12.75,
            1.5,
            9.75
          ],
          "texture": "#0"
        },
        "down": {
          "uv": [
            2,
            9.75,
            1.75,
            12.75
          ],
          "texture": "#0"
        }
      }
    },
    {
      "from": [
        4.375,
        10.46447,
        3
      ],
      "to": [
        6.375,
        12.46447,
        13
      ],
      "rotation": {
        "angle": -45,
        "axis": "z",
        "origin": [
          8.375,
          8.96447,
          9
        ]
      },
      "faces": {
        "north": {
          "uv": [
            2.5,
            5,
            3,
            5.5
          ],
          "texture": "#0"
        },
        "east": {
          "uv": [
            8,
            6,
            10.5,
            6.5
          ],
          "texture": "#0"
        },
        "south": {
          "uv": [
            2.5,
            5.5,
            3,
            6
          ],
          "texture": "#0"
        },
        "west": {
          "uv": [
            0,
            9.25,
            2.5,
            9.75
          ],
          "texture": "#0"
        },
        "up": {
          "uv": [
            0.5,
            12.25,
            0,
            9.75
          ],
          "texture": "#0"
        },
        "down": {
          "uv": [
            10.25,
            0,
            9.75,
            2.5
          ],
          "texture": "#0"
        }
      }
    },
    {
      "from": [
        4.375,
        4.46447,
        3
      ],
      "to": [
        5.375,
        10.46447,
        5
      ],
      "rotation": {
        "angle": -45,
        "axis": "z",
        "origin": [
          8.375,
          8.96447,
          9
        ]
      },
      "faces": {
        "north": {
          "uv": [
            4.25,
            10.25,
            4.5,
            11.75
          ],
          "texture": "#0"
        },
        "east": {
          "uv": [
            2,
            9.75,
            2.5,
            11.25
          ],
          "texture": "#0"
        },
        "south": {
          "uv": [
            4.5,
            10.25,
            4.75,
            11.75
          ],
          "texture": "#0"
        },
        "west": {
          "uv": [
            7.25,
            9.75,
            7.75,
            11.25
          ],
          "texture": "#0"
        },
        "up": {
          "uv": [
            11,
            1.25,
            10.75,
            0.75
          ],
          "texture": "#0"
        },
        "down": {
          "uv": [
            4,
            10.75,
            3.75,
            11.25
          ],
          "texture": "#0"
        }
      }
    },
    {
      "from": [
        4.375,
        4.46447,
        11
      ],
      "to": [
        5.375,
        10.46447,
        13
      ],
      "rotation": {
        "angle": -45,
        "axis": "z",
        "origin": [
          8.375,
          8.96447,
          9
        ]
      },
      "faces": {
        "north": {
          "uv": [
            4.75,
            10.25,
            5,
            11.75
          ],
          "texture": "#0"
        },
        "east": {
          "uv": [
            7.75,
            9.75,
            8.25,
            11.25
          ],
          "texture": "#0"
        },
        "south": {
          "uv": [
            5,
            10.25,
            5.25,
            11.75
          ],
          "texture": "#0"
        },
        "west": {
          "uv": [
            8.25,
            9.75,
            8.75,
            11.25
          ],
          "texture": "#0"
        },
        "up": {
          "uv": [
            5.5,
            11.25,
            5.25,
            10.75
          ],
          "texture": "#0"
        },
        "down": {
          "uv": [
            5.75,
            10.75,
            5.5,
            11.25
          ],
          "texture": "#0"
        }
      }
    },
    {
      "from": [
        11.5,
        -0.5,
        12.5
      ],
      "to": [
        13.5,
        7.5,
        13.5
      ],
      "rotation": {
        "angle": 0,
        "axis": "y",
        "origin": [
          12.5,
          3.5,
          13
        ]
      },
      "faces": {
        "north": {
          "uv": [
            5,
            6.25,
            5.5,
            4.25
          ],
          "rotation": 180,
          "texture": "#1"
        },
        "east": {
          "uv": [
            5,
            6.25,
            5.125,
            4.25
          ],
          "rotation": 180,
          "texture": "#1"
        },
        "south": {
          "uv": [
            5,
            6.25,
            5.5,
            4.25
          ],
          "rotation": 180,
          "texture": "#1"
        },
        "west": {
          "uv": [
            5.375,
            6.25,
            5.5,
            4.25
          ],
          "rotation": 180,
          "texture": "#1"
        },
        "up": {
          "uv": [
            13,
            10,
            13.25,
            9.5
          ],
          "rotation": 270,
          "texture": "#1"
        },
        "down": {
          "uv": [
            13,
            10.5,
            13.25,
            11
          ],
          "rotation": 90,
          "texture": "#1"
        }
      }
    },
    {
      "from": [
        2.5,
        -0.5,
        12.5
      ],
      "to": [
        4.5,
        7.5,
        13.5
      ],
      "rotation": {
        "angle": 0,
        "axis": "y",
        "origin": [
          3.5,
          3.5,
          13
        ]
      },
      "faces": {
        "north": {
          "uv": [
            5.5,
            6.25,
            5,
            4.25
          ],
          "rotation": 180,
          "texture": "#1"
        },
        "east": {
          "uv": [
            5.5,
            6.25,
            5.375,
            4.25
          ],
          "rotation": 180,
          "texture": "#1"
        },
        "south": {
          "uv": [
            5.5,
            6.25,
            5,
            4.25
          ],
          "rotation": 180,
          "texture": "#1"
        },
        "west": {
          "uv": [
            5.125,
            6.25,
            5,
            4.25
          ],
          "rotation": 180,
          "texture": "#1"
        },
        "up": {
          "uv": [
            13,
            9.5,
            13.25,
            10
          ],
          "rotation": 270,
          "texture": "#1"
        },
        "down": {
          "uv": [
            13,
            11,
            13.25,
            10.5
          ],
          "rotation": 90,
          "texture": "#1"
        }
      }
    },
    {
      "from": [
        11.5,
        -0.5,
        2.5
      ],
      "to": [
        13.5,
        7.5,
        3.5
      ],
      "rotation": {
        "angle": 0,
        "axis": "y",
        "origin": [
          12.5,
          3.5,
          3
        ]
      },
      "faces": {
        "north": {
          "uv": [
            5.5,
            6.25,
            5,
            4.25
          ],
          "rotation": 180,
          "texture": "#1"
        },
        "east": {
          "uv": [
            5.125,
            6.25,
            5,
            4.25
          ],
          "rotation": 180,
          "texture": "#1"
        },
        "south": {
          "uv": [
            5.5,
            6.25,
            5,
            4.25
          ],
          "rotation": 180,
          "texture": "#1"
        },
        "west": {
          "uv": [
            5.5,
            6.25,
            5.375,
            4.25
          ],
          "rotation": 180,
          "texture": "#1"
        },
        "up": {
          "uv": [
            13.25,
            10,
            13,
            9.5
          ],
          "rotation": 270,
          "texture": "#1"
        },
        "down": {
          "uv": [
            13.25,
            10.5,
            13,
            11
          ],
          "rotation": 90,
          "texture": "#1"
        }
      }
    },
    {
      "from": [
        2.5,
        -0.5,
        2.5
      ],
      "to": [
        4.5,
        7.5,
        3.5
      ],
      "rotation": {
        "angle": 0,
        "axis": "y",
        "origin": [
          3.5,
          3.5,
          3
        ]
      },
      "faces": {
        "north": {
          "uv": [
            5,
            6.25,
            5.5,
            4.25
          ],
          "rotation": 180,
          "texture": "#1"
        },
        "east": {
          "uv": [
            5.375,
            6.25,
            5.5,
            4.25
          ],
          "rotation": 180,
          "texture": "#1"
        },
        "south": {
          "uv": [
            5,
            6.25,
            5.5,
            4.25
          ],
          "rotation": 180,
          "texture": "#1"
        },
        "west": {
          "uv": [
            5,
            6.25,
            5.125,
            4.25
          ],
          "rotation": 180,
          "texture": "#1"
        },
        "up": {
          "uv": [
            13.25,
            9.5,
            13,
            10
          ],
          "rotation": 270,
          "texture": "#1"
        },
        "down": {
          "uv": [
            13.25,
            11,
            13,
            10.5
          ],
          "rotation": 90,
          "texture": "#1"
        }
      }
    },
    {
      "from": [
        4.375,
        2.46447,
        3
      ],
      "to": [
        5.375,
        4.46447,
        13
      ],
      "rotation": {
        "angle": -45,
        "axis": "z",
        "origin": [
          8.375,
          8.96447,
          9
        ]
      },
      "faces": {
        "north": {
          "uv": [
            4.75,
            8,
            5,
            8.5
          ],
          "texture": "#0"
        },
        "east": {
          "uv": [
            9.75,
            2.5,
            12.25,
            3
          ],
          "texture": "#0"
        },
        "south": {
          "uv": [
            7.25,
            8.5,
            7.5,
            9
          ],
          "texture": "#0"
        },
        "west": {
          "uv": [
            9.75,
            3,
            12.25,
            3.5
          ],
          "texture": "#0"
        },
        "up": {
          "uv": [
            9.5,
            12.25,
            9.25,
            9.75
          ],
          "texture": "#0"
        },
        "down": {
          "uv": [
            9.75,
            9.75,
            9.5,
            12.25
          ],
          "texture": "#0"
        }
      }
    },
    {
      "from": [
        10.625,
        4.46447,
        11
      ],
      "to": [
        11.625,
        10.46447,
        13
      ],
      "rotation": {
        "angle": 45,
        "axis": "z",
        "origin": [
          7.625,
          8.96447,
          9
        ]
      },
      "faces": {
        "north": {
          "uv": [
            5,
            10.25,
            4.75,
            11.75
          ],
          "texture": "#0"
        },
        "east": {
          "uv": [
            8.75,
            9.75,
            8.25,
            11.25
          ],
          "texture": "#0"
        },
        "south": {
          "uv": [
            5.25,
            10.25,
            5,
            11.75
          ],
          "texture": "#0"
        },
        "west": {
          "uv": [
            8.25,
            9.75,
            7.75,
            11.25
          ],
          "texture": "#0"
        },
        "up": {
          "uv": [
            5.25,
            11.25,
            5.5,
            10.75
          ],
          "texture": "#0"
        },
        "down": {
          "uv": [
            5.5,
            10.75,
            5.75,
            11.25
          ],
          "texture": "#0"
        }
      }
    },
    {
      "from": [
        10.625,
        4.46447,
        3
      ],
      "to": [
        11.625,
        10.46447,
        5
      ],
      "rotation": {
        "angle": 45,
        "axis": "z",
        "origin": [
          7.625,
          8.96447,
          9
        ]
      },
      "faces": {
        "north": {
          "uv": [
            4.5,
            10.25,
            4.25,
            11.75
          ],
          "texture": "#0"
        },
        "east": {
          "uv": [
            7.75,
            9.75,
            7.25,
            11.25
          ],
          "texture": "#0"
        },
        "south": {
          "uv": [
            4.75,
            10.25,
            4.5,
            11.75
          ],
          "texture": "#0"
        },
        "west": {
          "uv": [
            2.5,
            9.75,
            2,
            11.25
          ],
          "texture": "#0"
        },
        "up": {
          "uv": [
            10.75,
            1.25,
            11,
            0.75
          ],
          "texture": "#0"
        },
        "down": {
          "uv": [
            3.75,
            10.75,
            4,
            11.25
          ],
          "texture": "#0"
        }
      }
    },
    {
      "from": [
        10.625,
        2.46447,
        3
      ],
      "to": [
        11.625,
        4.46447,
        13
      ],
      "rotation": {
        "angle": 45,
        "axis": "z",
        "origin": [
          7.625,
          8.96447,
          9
        ]
      },
      "faces": {
        "north": {
          "uv": [
            5,
            8,
            4.75,
            8.5
          ],
          "texture": "#0"
        },
        "east": {
          "uv": [
            12.25,
            3,
            9.75,
            3.5
          ],
          "texture": "#0"
        },
        "south": {
          "uv": [
            7.5,
            8.5,
            7.25,
            9
          ],
          "texture": "#0"
        },
        "west": {
          "uv": [
            12.25,
            2.5,
            9.75,
            3
          ],
          "texture": "#0"
        },
        "up": {
          "uv": [
            9.25,
            12.25,
            9.5,
            9.75
          ],
          "texture": "#0"
        },
        "down": {
          "uv": [
            9.5,
            9.75,
            9.75,
            12.25
          ],
          "texture": "#0"
        }
      }
    },
    {
      "from": [
        10,
        9,
        10
      ],
      "to": [
        12,
        14,
        12
      ],
      "faces": {
        "north": {
          "uv": [
            10,
            6.5,
            10.5,
            7.75
          ],
          "texture": "#0"
        },
        "east": {
          "uv": [
            6.75,
            10,
            7.25,
            11.25
          ],
          "texture": "#0"
        },
        "south": {
          "uv": [
            9.75,
            10,
            10.25,
            11.25
          ],
          "texture": "#0"
        },
        "west": {
          "uv": [
            10.25,
            0,
            10.75,
            1.25
          ],
          "texture": "#0"
        },
        "up": {
          "uv": [
            5.5,
            6.5,
            5,
            6
          ],
          "texture": "#0"
        },
        "down": {
          "uv": [
            4.75,
            8,
            4.25,
            8.5
          ],
          "texture": "#0"
        }
      }
    },
    {
      "from": [
        2,
        -1,
        2
      ],
      "to": [
        14,
        0,
        14
      ],
      "rotation": {
        "angle": 0,
        "axis": "y",
        "origin": [
          11,
          -2,
          12
        ]
      },
      "faces": {
        "north": {
          "uv": [
            13,
            3,
            16,
            3.25
          ],
          "texture": "#0"
        },
        "east": {
          "uv": [
            13,
            3,
            16,
            3.25
          ],
          "texture": "#0"
        },
        "south": {
          "uv": [
            13,
            3,
            16,
            3.25
          ],
          "texture": "#0"
        },
        "west": {
          "uv": [
            13,
            3,
            16,
            3.25
          ],
          "texture": "#0"
        },
        "up": {
          "uv": [
            13,
            3.25,
            16,
            6.25
          ],
          "texture": "#0"
        },
        "down": {
          "uv": [
            13,
            0,
            16,
            3
          ],
          "texture": "#0"
        }
      }
    },
    {
      "from": [
        -0.86342,
        2.5569,
        3.25986
      ],
      "to": [
        4.13658,
        4.0569,
        4.75986
      ],
      "rotation": {
        "angle": -45,
        "axis": "z",
        "origin": [
          0,
          2.76515,
          4.00986
        ]
      },
      "faces": {
        "north": {
          "uv": [
            6.75,
            0.75,
            8,
            1.125
          ],
          "texture": "#1"
        },
        "east": {
          "uv": [
            7.75,
            5.5,
            8.125,
            5.875
          ],
          "texture": "#1"
        },
        "south": {
          "uv": [
            6.5,
            5,
            7.75,
            5.375
          ],
          "texture": "#1"
        },
        "west": {
          "uv": [
            7.75,
            6,
            8.125,
            6.375
          ],
          "texture": "#1"
        },
        "up": {
          "uv": [
            4.375,
            7.5,
            4,
            6.25
          ],
          "rotation": 90,
          "texture": "#1"
        },
        "down": {
          "uv": [
            5.375,
            6.25,
            5,
            7.5
          ],
          "rotation": 270,
          "texture": "#1"
        }
      }
    },
    {
      "from": [
        -1.21792,
        2.7893,
        3.28486
      ],
      "to": [
        0.28208,
        4.2893,
        4.73486
      ],
      "rotation": {
        "angle": 0,
        "axis": "y",
        "origin": [
          0,
          2.76515,
          4.00986
        ]
      },
      "faces": {
        "north": {
          "uv": [
            7.75,
            7.5,
            8.125,
            7.875
          ],
          "texture": "#1"
        },
        "east": {
          "uv": [
            7.75,
            6.5,
            8.125,
            6.875
          ],
          "texture": "#1"
        },
        "south": {
          "uv": [
            7.75,
            7,
            8.125,
            7.375
          ],
          "texture": "#1"
        },
        "west": {
          "uv": [
            7.25,
            7.75,
            7.625,
            8.125
          ],
          "texture": "#1"
        },
        "up": {
          "uv": [
            8.375,
            1.125,
            8,
            0.75
          ],
          "rotation": 90,
          "texture": "#1"
        },
        "down": {
          "uv": [
            8.375,
            1.25,
            8,
            1.625
          ],
          "rotation": 270,
          "texture": "#1"
        }
      }
    },
    {
      "from": [
        -1.93916,
        1.46089,
        3.30986
      ],
      "to": [
        -0.43916,
        2.96089,
        4.70986
      ],
      "rotation": {
        "angle": -45,
        "axis": "z",
        "origin": [
          0,
          2.76515,
          4.00986
        ]
      },
      "faces": {
        "north": {
          "uv": [
            3,
            8,
            3.375,
            8.375
          ],
          "texture": "#1"
        },
        "east": {
          "uv": [
            8,
            1.75,
            8.375,
            2.125
          ],
          "texture": "#1"
        },
        "south": {
          "uv": [
            2,
            8,
            2.375,
            8.375
          ],
          "texture": "#1"
        },
        "west": {
          "uv": [
            2.5,
            8,
            2.875,
            8.375
          ],
          "texture": "#1"
        },
        "up": {
          "uv": [
            3.875,
            8.375,
            3.5,
            8
          ],
          "rotation": 90,
          "texture": "#1"
        },
        "down": {
          "uv": [
            6.375,
            8,
            6,
            8.375
          ],
          "rotation": 270,
          "texture": "#1"
        }
      }
    },
    {
      "from": [
        -2.29032,
        1.70655,
        3.33486
      ],
      "to": [
        -0.79032,
        3.20655,
        4.68486
      ],
      "rotation": {
        "angle": 0,
        "axis": "y",
        "origin": [
          0,
          2.76515,
          4.00986
        ]
      },
      "faces": {
        "north": {
          "uv": [
            1,
            8.25,
            1.375,
            8.625
          ],
          "texture": "#1"
        },
        "east": {
          "uv": [
            6.5,
            8,
            6.875,
            8.375
          ],
          "texture": "#1"
        },
        "south": {
          "uv": [
            7.75,
            8,
            8.125,
            8.375
          ],
          "texture": "#1"
        },
        "west": {
          "uv": [
            8.25,
            0,
            8.625,
            0.375
          ],
          "texture": "#1"
        },
        "up": {
          "uv": [
            1.875,
            8.625,
            1.5,
            8.25
          ],
          "rotation": 90,
          "texture": "#1"
        },
        "down": {
          "uv": [
            8.625,
            2.25,
            8.25,
            2.625
          ],
          "rotation": 270,
          "texture": "#1"
        }
      }
    },
    {
      "from": [
        -0.86342,
        2.5569,
        11.25986
      ],
      "to": [
        4.13658,
        4.0569,
        12.75986
      ],
      "rotation": {
        "angle": -45,
        "axis": "z",
        "origin": [
          0,
          2.76515,
          12.00986
        ]
      },
      "faces": {
        "north": {
          "uv": [
            6.75,
            0.75,
            8,
            1.125
          ],
          "texture": "#1"
        },
        "east": {
          "uv": [
            7.75,
            5.5,
            8.125,
            5.875
          ],
          "texture": "#1"
        },
        "south": {
          "uv": [
            6.5,
            5,
            7.75,
            5.375
          ],
          "texture": "#1"
        },
        "west": {
          "uv": [
            7.75,
            6,
            8.125,
            6.375
          ],
          "texture": "#1"
        },
        "up": {
          "uv": [
            4.375,
            7.5,
            4,
            6.25
          ],
          "rotation": 90,
          "texture": "#1"
        },
        "down": {
          "uv": [
            5.375,
            6.25,
            5,
            7.5
          ],
          "rotation": 270,
          "texture": "#1"
        }
      }
    },
    {
      "from": [
        -1.21792,
        2.7893,
        11.28486
      ],
      "to": [
        0.28208,
        4.2893,
        12.73486
      ],
      "rotation": {
        "angle": 0,
        "axis": "y",
        "origin": [
          0,
          2.76515,
          12.00986
        ]
      },
      "faces": {
        "north": {
          "uv": [
            7.75,
            7.5,
            8.125,
            7.875
          ],
          "texture": "#1"
        },
        "east": {
          "uv": [
            7.75,
            6.5,
            8.125,
            6.875
          ],
          "texture": "#1"
        },
        "south": {
          "uv": [
            7.75,
            7,
            8.125,
            7.375
          ],
          "texture": "#1"
        },
        "west": {
          "uv": [
            7.25,
            7.75,
            7.625,
            8.125
          ],
          "texture": "#1"
        },
        "up": {
          "uv": [
            8.375,
            1.125,
            8,
            0.75
          ],
          "rotation": 90,
          "texture": "#1"
        },
        "down": {
          "uv": [
            8.375,
            1.25,
            8,
            1.625
          ],
          "rotation": 270,
          "texture": "#1"
        }
      }
    },
    {
      "from": [
        -1.93916,
        1.46089,
        11.30986
      ],
      "to": [
        -0.43916,
        2.96089,
        12.70986
      ],
      "rotation": {
        "angle": -45,
        "axis": "z",
        "origin": [
          0,
          2.76515,
          12.00986
        ]
      },
      "faces": {
        "north": {
          "uv": [
            3,
            8,
            3.375,
            8.375
          ],
          "texture": "#1"
        },
        "east": {
          "uv": [
            8,
            1.75,
            8.375,
            2.125
          ],
          "texture": "#1"
        },
        "south": {
          "uv": [
            2,
            8,
            2.375,
            8.375
          ],
          "texture": "#1"
        },
        "west": {
          "uv": [
            2.5,
            8,
            2.875,
            8.375
          ],
          "texture": "#1"
        },
        "up": {
          "uv": [
            3.875,
            8.375,
            3.5,
            8
          ],
          "rotation": 90,
          "texture": "#1"
        },
        "down": {
          "uv": [
            6.375,
            8,
            6,
            8.375
          ],
          "rotation": 270,
          "texture": "#1"
        }
      }
    },
    {
      "from": [
        -2.29032,
        1.70655,
        11.33486
      ],
      "to": [
        -0.79032,
        3.20655,
        12.68486
      ],
      "rotation": {
        "angle": 0,
        "axis": "y",
        "origin": [
          0,
          2.76515,
          12.00986
        ]
      },
      "faces": {
        "north": {
          "uv": [
            1,
            8.25,
            1.375,
            8.625
          ],
          "texture": "#1"
        },
        "east": {
          "uv": [
            6.5,
            8,
            6.875,
            8.375
          ],
          "texture": "#1"
        },
        "south": {
          "uv": [
            7.75,
            8,
            8.125,
            8.375
          ],
          "texture": "#1"
        },
        "west": {
          "uv": [
            8.25,
            0,
            8.625,
            0.375
          ],
          "texture": "#1"
        },
        "up": {
          "uv": [
            1.875,
            8.625,
            1.5,
            8.25
          ],
          "rotation": 90,
          "texture": "#1"
        },
        "down": {
          "uv": [
            8.625,
            2.25,
            8.25,
            2.625
          ],
          "rotation": 270,
          "texture": "#1"
        }
      }
    },
    {
      "from": [
        11.86342,
        2.5569,
        11.25986
      ],
      "to": [
        16.86342,
        4.0569,
        12.75986
      ],
      "rotation": {
        "angle": 45,
        "axis": "z",
        "origin": [
          16,
          2.76515,
          12.00986
        ]
      },
      "faces": {
        "north": {
          "uv": [
            8,
            0.75,
            6.75,
            1.125
          ],
          "texture": "#1"
        },
        "east": {
          "uv": [
            8.125,
            6,
            7.75,
            6.375
          ],
          "texture": "#1"
        },
        "south": {
          "uv": [
            7.75,
            5,
            6.5,
            5.375
          ],
          "texture": "#1"
        },
        "west": {
          "uv": [
            8.125,
            5.5,
            7.75,
            5.875
          ],
          "texture": "#1"
        },
        "up": {
          "uv": [
            4.375,
            6.25,
            4,
            7.5
          ],
          "rotation": 90,
          "texture": "#1"
        },
        "down": {
          "uv": [
            5.375,
            7.5,
            5,
            6.25
          ],
          "rotation": 270,
          "texture": "#1"
        }
      }
    },
    {
      "from": [
        15.71792,
        2.7893,
        11.28486
      ],
      "to": [
        17.21792,
        4.2893,
        12.73486
      ],
      "rotation": {
        "angle": 0,
        "axis": "y",
        "origin": [
          16,
          2.76515,
          12.00986
        ]
      },
      "faces": {
        "north": {
          "uv": [
            8.125,
            7.5,
            7.75,
            7.875
          ],
          "texture": "#1"
        },
        "east": {
          "uv": [
            7.625,
            7.75,
            7.25,
            8.125
          ],
          "texture": "#1"
        },
        "south": {
          "uv": [
            8.125,
            7,
            7.75,
            7.375
          ],
          "texture": "#1"
        },
        "west": {
          "uv": [
            8.125,
            6.5,
            7.75,
            6.875
          ],
          "texture": "#1"
        },
        "up": {
          "uv": [
            8.375,
            0.75,
            8,
            1.125
          ],
          "rotation": 90,
          "texture": "#1"
        },
        "down": {
          "uv": [
            8.375,
            1.625,
            8,
            1.25
          ],
          "rotation": 270,
          "texture": "#1"
        }
      }
    },
    {
      "from": [
        16.43916,
        1.46089,
        11.30986
      ],
      "to": [
        17.93916,
        2.96089,
        12.70986
      ],
      "rotation": {
        "angle": 45,
        "axis": "z",
        "origin": [
          16,
          2.76515,
          12.00986
        ]
      },
      "faces": {
        "north": {
          "uv": [
            3.375,
            8,
            3,
            8.375
          ],
          "texture": "#1"
        },
        "east": {
          "uv": [
            2.875,
            8,
            2.5,
            8.375
          ],
          "texture": "#1"
        },
        "south": {
          "uv": [
            2.375,
            8,
            2,
            8.375
          ],
          "texture": "#1"
        },
        "west": {
          "uv": [
            8.375,
            1.75,
            8,
            2.125
          ],
          "texture": "#1"
        },
        "up": {
          "uv": [
            3.875,
            8,
            3.5,
            8.375
          ],
          "rotation": 90,
          "texture": "#1"
        },
        "down": {
          "uv": [
            6.375,
            8.375,
            6,
            8
          ],
          "rotation": 270,
          "texture": "#1"
        }
      }
    },
    {
      "from": [
        16.79032,
        1.70655,
        11.33486
      ],
      "to": [
        18.29032,
        3.20655,
        12.68486
      ],
      "rotation": {
        "angle": 0,
        "axis": "y",
        "origin": [
          16,
          2.76515,
          12.00986
        ]
      },
      "faces": {
        "north": {
          "uv": [
            1.375,
            8.25,
            1,
            8.625
          ],
          "texture": "#1"
        },
        "east": {
          "uv": [
            8.625,
            0,
            8.25,
            0.375
          ],
          "texture": "#1"
        },
        "south": {
          "uv": [
            8.125,
            8,
            7.75,
            8.375
          ],
          "texture": "#1"
        },
        "west": {
          "uv": [
            6.875,
            8,
            6.5,
            8.375
          ],
          "texture": "#1"
        },
        "up": {
          "uv": [
            1.875,
            8.25,
            1.5,
            8.625
          ],
          "rotation": 90,
          "texture": "#1"
        },
        "down": {
          "uv": [
            8.625,
            2.625,
            8.25,
            2.25
          ],
          "rotation": 270,
          "texture": "#1"
        }
      }
    },
    {
      "from": [
        11.86342,
        2.5569,
        3.25986
      ],
      "to": [
        16.86342,
        4.0569,
        4.75986
      ],
      "rotation": {
        "angle": 45,
        "axis": "z",
        "origin": [
          16,
          2.76515,
          4.00986
        ]
      },
      "faces": {
        "north": {
          "uv": [
            8,
            0.75,
            6.75,
            1.125
          ],
          "texture": "#1"
        },
        "east": {
          "uv": [
            8.125,
            6,
            7.75,
            6.375
          ],
          "texture": "#1"
        },
        "south": {
          "uv": [
            7.75,
            5,
            6.5,
            5.375
          ],
          "texture": "#1"
        },
        "west": {
          "uv": [
            8.125,
            5.5,
            7.75,
            5.875
          ],
          "texture": "#1"
        },
        "up": {
          "uv": [
            4.375,
            6.25,
            4,
            7.5
          ],
          "rotation": 90,
          "texture": "#1"
        },
        "down": {
          "uv": [
            5.375,
            7.5,
            5,
            6.25
          ],
          "rotation": 270,
          "texture": "#1"
        }
      }
    },
    {
      "from": [
        15.71792,
        2.7893,
        3.28486
      ],
      "to": [
        17.21792,
        4.2893,
        4.73486
      ],
      "rotation": {
        "angle": 0,
        "axis": "y",
        "origin": [
          16,
          2.76515,
          4.00986
        ]
      },
      "faces": {
        "north": {
          "uv": [
            8.125,
            7.5,
            7.75,
            7.875
          ],
          "texture": "#1"
        },
        "east": {
          "uv": [
            7.625,
            7.75,
            7.25,
            8.125
          ],
          "texture": "#1"
        },
        "south": {
          "uv": [
            8.125,
            7,
            7.75,
            7.375
          ],
          "texture": "#1"
        },
        "west": {
          "uv": [
            8.125,
            6.5,
            7.75,
            6.875
          ],
          "texture": "#1"
        },
        "up": {
          "uv": [
            8.375,
            0.75,
            8,
            1.125
          ],
          "rotation": 90,
          "texture": "#1"
        },
        "down": {
          "uv": [
            8.375,
            1.625,
            8,
            1.25
          ],
          "rotation": 270,
          "texture": "#1"
        }
      }
    },
    {
      "from": [
        16.43916,
        1.46089,
        3.30986
      ],
      "to": [
        17.93916,
        2.96089,
        4.70986
      ],
      "rotation": {
        "angle": 45,
        "axis": "z",
        "origin": [
          16,
          2.76515,
          4.00986
        ]
      },
      "faces": {
        "north": {
          "uv": [
            3.375,
            8,
            3,
            8.375
          ],
          "texture": "#1"
        },
        "east": {
          "uv": [
            2.875,
            8,
            2.5,
            8.375
          ],
          "texture": "#1"
        },
        "south": {
          "uv": [
            2.375,
            8,
            2,
            8.375
          ],
          "texture": "#1"
        },
        "west": {
          "uv": [
            8.375,
            1.75,
            8,
            2.125
          ],
          "texture": "#1"
        },
        "up": {
          "uv": [
            3.875,
            8,
            3.5,
            8.375
          ],
          "rotation": 90,
          "texture": "#1"
        },
        "down": {
          "uv": [
            6.375,
            8.375,
            6,
            8
          ],
          "rotation": 270,
          "texture": "#1"
        }
      }
    },
    {
      "from": [
        16.79032,
        1.70655,
        3.33486
      ],
      "to": [
        18.29032,
        3.20655,
        4.68486
      ],
      "rotation": {
        "angle": 0,
        "axis": "y",
        "origin": [
          16,
          2.76515,
          4.00986
        ]
      },
      "faces": {
        "north": {
          "uv": [
            1.375,
            8.25,
            1,
            8.625
          ],
          "texture": "#1"
        },
        "east": {
          "uv": [
            8.625,
            0,
            8.25,
            0.375
          ],
          "texture": "#1"
        },
        "south": {
          "uv": [
            8.125,
            8,
            7.75,
            8.375
          ],
          "texture": "#1"
        },
        "west": {
          "uv": [
            6.875,
            8,
            6.5,
            8.375
          ],
          "texture": "#1"
        },
        "up": {
          "uv": [
            1.875,
            8.25,
            1.5,
            8.625
          ],
          "rotation": 90,
          "texture": "#1"
        },
        "down": {
          "uv": [
            8.625,
            2.625,
            8.25,
            2.25
          ],
          "rotation": 270,
          "texture": "#1"
        }
      }
    },
    {
      "from": [
        5.5,
        -2,
        5.5
      ],
      "to": [
        10.5,
        1,
        10.5
      ],
      "rotation": {
        "angle": 45,
        "axis": "y",
        "origin": [
          8,
          -0.5,
          8
        ]
      },
      "faces": {
        "north": {
          "uv": [
            2,
            7,
            2.75,
            5.75
          ],
          "rotation": 270,
          "texture": "#1"
        },
        "east": {
          "uv": [
            0.5,
            7,
            1.25,
            5.75
          ],
          "rotation": 270,
          "texture": "#1"
        },
        "south": {
          "uv": [
            6,
            2,
            6.75,
            3.25
          ],
          "rotation": 270,
          "texture": "#1"
        },
        "west": {
          "uv": [
            1.25,
            7,
            2,
            5.75
          ],
          "rotation": 90,
          "texture": "#1"
        },
        "up": {
          "uv": [
            5.5,
            2,
            6.75,
            0.75
          ],
          "rotation": 180,
          "texture": "#1"
        },
        "down": {
          "uv": [
            3.25,
            6.25,
            4.5,
            5
          ],
          "texture": "#1"
        }
      }
    },
    {
      "from": [
        3.5,
        8.37157,
        7
      ],
      "to": [
        6.5,
        11.37157,
        9
      ],
      "rotation": {
        "angle": 0,
        "axis": "y",
        "origin": [
          5,
          9.87157,
          8
        ]
      },
      "faces": {
        "north": {
          "uv": [
            11.25,
            1.75,
            12,
            2.5
          ],
          "rotation": 90,
          "texture": "#1"
        },
        "east": {
          "uv": [
            12.5,
            1.75,
            12,
            2.5
          ],
          "rotation": 180,
          "texture": "#1"
        },
        "south": {
          "uv": [
            11.25,
            1.75,
            12,
            2.5
          ],
          "rotation": 270,
          "texture": "#1"
        },
        "west": {
          "uv": [
            11.25,
            3.75,
            10.75,
            3
          ],
          "texture": "#1"
        },
        "up": {
          "uv": [
            11.25,
            2.5,
            11.75,
            3.25
          ],
          "rotation": 270,
          "texture": "#1"
        },
        "down": {
          "uv": [
            11.75,
            2.5,
            12.25,
            3.25
          ],
          "rotation": 270,
          "texture": "#1"
        }
      }
    },
    {
      "from": [
        9.5,
        8.37157,
        7
      ],
      "to": [
        12.5,
        11.37157,
        9
      ],
      "rotation": {
        "angle": 0,
        "axis": "y",
        "origin": [
          11,
          9.87157,
          8
        ]
      },
      "faces": {
        "north": {
          "uv": [
            11.25,
            2.5,
            12,
            1.75
          ],
          "rotation": 90,
          "texture": "#1"
        },
        "east": {
          "uv": [
            10.75,
            3.75,
            11.25,
            3
          ],
          "texture": "#1"
        },
        "south": {
          "uv": [
            11.25,
            2.5,
            12,
            1.75
          ],
          "rotation": 270,
          "texture": "#1"
        },
        "west": {
          "uv": [
            12,
            1.75,
            12.5,
            2.5
          ],
          "rotation": 180,
          "texture": "#1"
        },
        "up": {
          "uv": [
            11.25,
            3.25,
            11.75,
            2.5
          ],
          "rotation": 270,
          "texture": "#1"
        },
        "down": {
          "uv": [
            11.75,
            3.25,
            12.25,
            2.5
          ],
          "rotation": 270,
          "texture": "#1"
        }
      }
    }
  ],
  "gui_light": "front",
  "display": {
    "thirdperson_righthand": {
      "rotation": [
        68,
        0,
        0
      ],
      "translation": [
        0,
        1.75,
        2.25
      ],
      "scale": [
        0.28516,
        0.28516,
        0.28516
      ]
    },
    "thirdperson_lefthand": {
      "rotation": [
        70,
        0,
        0
      ],
      "translation": [
        -5.5,
        -9.5,
        12.25
      ]
    },
    "firstperson_righthand": {
      "translation": [
        -0.25,
        2.25,
        0
      ],
      "scale": [
        0.60547,
        0.60547,
        0.60547
      ]
    },
    "firstperson_lefthand": {
      "scale": [
        0,
        0,
        0
      ]
    },
    "ground": {
      "translation": [
        0,
        4.75,
        0
      ],
      "scale": [
        0.5,
        0.5,
        0.5
      ]
    },
    "gui": {
      "rotation": [
        30,
        225,
        0
      ],
      "translation": [
        0,
        1.5,
        0
      ],
      "scale": [
        0.70117,
        0.70117,
        0.70117
      ]
    },
    "head": {
      "translation": [
        0,
        -10,
        12.5
      ],
      "scale": [
        1.8,
        1.8,
        1.8
      ]
    },
    "fixed": {
      "rotation": [
        -90,
        0,
        0
      ],
      "translation": [
        0,
        1.5,
        -30.25
      ],
      "scale": [
        3.03906,
        3.03906,
        3.03906
      ]
    }
  }
}