{
  "credit": "MadewithBlockbench",
  "texture_size": [
    64,
    64
  ],
  "textures": {
    "3": "sculkfurniture:sculk_lamp"
  },
  "elements": [
    {
      "from": [
        4,
        -11,
        4
      ],
      "to": [
        12,
        -10,
        12
      ],
      "faces": {
        "north": {
          "uv": [
            3.5,
            7.5,
            5.5,
            7.75
          ],
          "texture": "#3"
        },
        "east": {
          "uv": [
            3.5,
            7.75,
            5.5,
            8
          ],
          "texture": "#3"
        },
        "south": {
          "uv": [
            8,
            0,
            10,
            0.25
          ],
          "texture": "#3"
        },
        "west": {
          "uv": [
            8,
            0.25,
            10,
            0.5
          ],
          "texture": "#3"
        },
        "up": {
          "uv": [
            8,
            2,
            6,
            0
          ],
          "texture": "#3"
        },
        "down": {
          "uv": [
            8,
            2,
            6,
            4
          ],
          "texture": "#3"
        }
      }
    },
    {
      "from": [
        7,
        -10,
        7
      ],
      "to": [
        9,
        22,
        9
      ],
      "faces": {
        "north": {
          "uv": [
            6,
            4,
            6.5,
            12
          ],
          "texture": "#3"
        },
        "east": {
          "uv": [
            6.5,
            4,
            7,
            12
          ],
          "texture": "#3"
        },
        "south": {
          "uv": [
            7,
            4,
            7.5,
            12
          ],
          "texture": "#3"
        },
        "west": {
          "uv": [
            3,
            7.5,
            3.5,
            15.5
          ],
          "texture": "#3"
        },
        "up": {
          "uv": [
            6,
            8,
            5.5,
            7.5
          ],
          "texture": "#3"
        },
        "down": {
          "uv": [
            8.5,
            0.5,
            8,
            1
          ],
          "texture": "#3"
        }
      }
    },
    {
      "from": [
        2,
        22,
        2
      ],
      "to": [
        14,
        32,
        14
      ],
      "faces": {
        "north": {
          "uv": [
            3,
            0,
            6,
            2.5
          ],
          "texture": "#3"
        },
        "east": {
          "uv": [
            3,
            2.5,
            6,
            5
          ],
          "texture": "#3"
        },
        "south": {
          "uv": [
            3,
            5,
            6,
            7.5
          ],
          "texture": "#3"
        },
        "west": {
          "uv": [
            0,
            6,
            3,
            8.5
          ],
          "texture": "#3"
        },
        "up": {
          "uv": [
            3,
            3,
            0,
            0
          ],
          "texture": "#3"
        },
        "down": {
          "uv": [
            3,
            3,
            0,
            6
          ],
          "texture": "#3"
        }
      }
    },
    {
      "from": [
        8,
        17,
        2
      ],
      "to": [
        8,
        22,
        14
      ],
      "rotation": {
        "angle": -45,
        "axis": "y",
        "origin": [
          8,
          19.5,
          8
        ]
      },
      "faces": {
        "north": {
          "uv": [
            0,
            0,
            0,
            1.25
          ],
          "texture": "#3"
        },
        "east": {
          "uv": [
            7.5,
            4,
            10.5,
            5.25
          ],
          "texture": "#3"
        },
        "south": {
          "uv": [
            0,
            0,
            0,
            1.25
          ],
          "texture": "#3"
        },
        "west": {
          "uv": [
            7.5,
            5.25,
            10.5,
            6.5
          ],
          "texture": "#3"
        },
        "up": {
          "uv": [
            0,
            3,
            0,
            0
          ],
          "texture": "#3"
        },
        "down": {
          "uv": [
            0,
            0,
            0,
            3
          ],
          "texture": "#3"
        }
      }
    },
    {
      "from": [
        2,
        17,
        8
      ],
      "to": [
        14,
        22,
        8
      ],
      "rotation": {
        "angle": -45,
        "axis": "y",
        "origin": [
          8,
          19.5,
          8
        ]
      },
      "faces": {
        "north": {
          "uv": [
            7.5,
            6.5,
            10.5,
            7.75
          ],
          "texture": "#3"
        },
        "east": {
          "uv": [
            0,
            0,
            0,
            1.25
          ],
          "texture": "#3"
        },
        "south": {
          "uv": [
            7.5,
            7.75,
            10.5,
            9
          ],
          "texture": "#3"
        },
        "west": {
          "uv": [
            0,
            0,
            0,
            1.25
          ],
          "texture": "#3"
        },
        "up": {
          "uv": [
            3,
            0,
            0,
            0
          ],
          "texture": "#3"
        },
        "down": {
          "uv": [
            3,
            0,
            0,
            0
          ],
          "texture": "#3"
        }
      }
    }
  ],
  "display": {
    "thirdperson_righthand": {
      "rotation": [
        75,
        45,
        0
      ],
      "translation": [
        0,
        2.5,
        0
      ],
      "scale": [
        0.375,
        0.375,
        0.375
      ]
    },
    "thirdperson_lefthand": {
      "rotation": [
        75,
        45,
        0
      ],
      "translation": [
        0,
        2.5,
        0
      ],
      "scale": [
        0.375,
        0.375,
        0.375
      ]
    },
    "firstperson_righthand": {
      "rotation": [
        0,
        45,
        0
      ],
      "scale": [
        0.4,
        0.4,
        0.4
      ]
    },
    "firstperson_lefthand": {
      "rotation": [
        0,
        225,
        0
      ],
      "scale": [
        0.4,
        0.4,
        0.4
      ]
    },
    "ground": {
      "translation": [
        0,
        3,
        0
      ],
      "scale": [
        0.25,
        0.25,
        0.25
      ]
    },
    "gui": {
      "rotation": [
        30,
        225,
        0
      ],
      "translation": [
        0,
        -0.75,
        0
      ],
      "scale": [
        0.3,
        0.3,
        0.3
      ]
    },
    "head": {
      "translation": [
        0,
        -20.25,
        0
      ],
      "scale": [
        1.19,
        1.22,
        1.13
      ]
    },
    "fixed": {
      "rotation": [
        -91,
        0,
        0
      ],
      "translation": [
        0,
        0,
        -38
      ],
      "scale": [
        2,
        2,
        2
      ]
    }
  }
}