{
	"credit": "Made by PolygonMC",
	"texture_size": [40, 40],
	"textures": {
		"0": "summerset:chest",
		"particle": "summerset:chest"
	},
	"elements": [
		{
			"from": [3.25, 4.5, 3.25],
			"to": [12.75, 5.5, 12.75],
			"rotation": {"angle": 0, "axis": "y", "origin": [12, 4.5, 4]},
			"faces": {
				"north": {"uv": [0, 10.4, 3.8, 10.8], "texture": "#0"},
				"east": {"uv": [0, 10.8, 3.8, 11.2], "texture": "#0"},
				"south": {"uv": [10.8, 6.8, 14.6, 7.2], "texture": "#0"},
				"west": {"uv": [10.8, 7.2, 14.6, 7.6], "texture": "#0"},
				"up": {"uv": [3.8, 3.8, 0, 0], "texture": "#0"},
				"down": {"uv": [3.8, 4, 0, 7.8], "texture": "#0"}
			}
		},
		{
			"from": [3.75, 5.5, 3.75],
			"to": [12.25, 6.5, 12.25],
			"rotation": {"angle": 0, "axis": "y", "origin": [12, 5.5, 4]},
			"faces": {
				"north": {"uv": [10.8, 8.8, 14.2, 9.2], "texture": "#0"},
				"east": {"uv": [0, 11.2, 3.4, 11.6], "texture": "#0"},
				"south": {"uv": [11.2, 0, 14.6, 0.4], "texture": "#0"},
				"west": {"uv": [11.2, 0.4, 14.6, 0.8], "texture": "#0"},
				"up": {"uv": [11, 3.4, 7.6, 0], "texture": "#0"}
			}
		},
		{
			"from": [10.25811, 5.75217, 4.005],
			"to": [12.13811, 8.57217, 11.995],
			"rotation": {"angle": 22.5, "axis": "z", "origin": [10.25811, 5.75217, 10.115]},
			"faces": {
				"north": {"uv": [11.2, 2, 12, 3.1], "texture": "#0"},
				"east": {"uv": [7.6, 6.8, 10.8, 7.9], "texture": "#0"},
				"south": {"uv": [3.6, 11.2, 4.4, 12.3], "texture": "#0"}
			}
		},
		{
			"from": [5.086, 6.46846, 4],
			"to": [10.914, 9.07696, 12],
			"rotation": {"angle": 0, "axis": "y", "origin": [11.666, 8.13696, 4.235]},
			"faces": {
				"north": {"uv": [7.6, 10, 9.9, 11], "texture": "#0"},
				"east": {"uv": [7.6, 8, 10.8, 9], "texture": "#0"},
				"south": {"uv": [10, 10, 12.3, 11], "texture": "#0"},
				"west": {"uv": [0, 9.2, 3.2, 10.2], "texture": "#0"},
				"up": {"uv": [9.9, 6.8, 7.6, 3.6], "texture": "#0"}
			}
		},
		{
			"from": [11.6812, 6.7292, 7],
			"to": [12.1812, 8.7292, 9],
			"rotation": {"angle": 22.5, "axis": "z", "origin": [11.6812, 7.2292, 7]},
			"faces": {
				"north": {"uv": [1.6, 12, 1.8, 12.8], "texture": "#0"},
				"east": {"uv": [9.2, 11.2, 10, 12], "texture": "#0"},
				"south": {"uv": [7.6, 12, 7.8, 12.8], "texture": "#0"},
				"up": {"uv": [0.2, 13.2, 0, 12.4], "texture": "#0"},
				"down": {"uv": [0.6, 12.4, 0.4, 13.2], "texture": "#0"}
			}
		},
		{
			"from": [11.92401, 7.14174, 7.25],
			"to": [13.17401, 8.64174, 8.75],
			"rotation": {"angle": 45, "axis": "z", "origin": [12.12401, 7.46674, 7.25]},
			"faces": {
				"north": {"uv": [0.8, 12, 1.3, 12.6], "texture": "#0"},
				"east": {"uv": [2.8, 11.6, 3.4, 12.2], "texture": "#0"},
				"south": {"uv": [12, 2, 12.5, 2.6], "texture": "#0"},
				"up": {"uv": [6.5, 12.6, 6, 12], "texture": "#0"},
				"down": {"uv": [7.3, 12, 6.8, 12.6], "texture": "#0"}
			}
		},
		{
			"from": [12.45821, 8.00519, 7.4225],
			"to": [13.61321, 9.04519, 8.5775],
			"rotation": {"angle": -22.5, "axis": "z", "origin": [13.43571, 9.50019, 8]},
			"faces": {
				"north": {"uv": [10.8, 12, 11.3, 12.4], "texture": "#0"},
				"east": {"uv": [12, 11.2, 12.5, 11.6], "texture": "#0"},
				"south": {"uv": [11.6, 12, 12.1, 12.4], "texture": "#0"},
				"west": {"uv": [12, 11.6, 12.5, 12], "texture": "#0"},
				"up": {"uv": [9.7, 12.5, 9.2, 12], "texture": "#0"}
			}
		},
		{
			"from": [12.42545, 8.98927, 7.53223],
			"to": [13.361, 9.73667, 8.46778],
			"rotation": {"angle": 0, "axis": "z", "origin": [12.79322, 9.78797, 8]},
			"faces": {
				"north": {"uv": [2, 12.4, 2.4, 12.7], "texture": "#0"},
				"east": {"uv": [2.4, 12.4, 2.8, 12.7], "texture": "#0"},
				"south": {"uv": [2.8, 12.4, 3.2, 12.7], "texture": "#0"},
				"west": {"uv": [3.2, 12.4, 3.6, 12.7], "texture": "#0"},
				"up": {"uv": [12.8, 1.2, 12.4, 0.8], "texture": "#0"}
			}
		},
		{
			"from": [2.639, 8.98927, 7.53223],
			"to": [3.57455, 9.73667, 8.46778],
			"rotation": {"angle": 0, "axis": "z", "origin": [3.20678, 9.78797, 8]},
			"faces": {
				"north": {"uv": [2.4, 12.4, 2, 12.7], "texture": "#0"},
				"east": {"uv": [3.6, 12.4, 3.2, 12.7], "texture": "#0"},
				"south": {"uv": [3.2, 12.4, 2.8, 12.7], "texture": "#0"},
				"west": {"uv": [2.8, 12.4, 2.4, 12.7], "texture": "#0"},
				"up": {"uv": [12.4, 1.2, 12.8, 0.8], "texture": "#0"}
			}
		},
		{
			"from": [2.38679, 8.00519, 7.4225],
			"to": [3.54179, 9.04519, 8.5775],
			"rotation": {"angle": 22.5, "axis": "z", "origin": [2.56429, 9.50019, 8]},
			"faces": {
				"north": {"uv": [11.3, 12, 10.8, 12.4], "texture": "#0"},
				"east": {"uv": [12.5, 11.6, 12, 12], "texture": "#0"},
				"south": {"uv": [12.1, 12, 11.6, 12.4], "texture": "#0"},
				"west": {"uv": [12.5, 11.2, 12, 11.6], "texture": "#0"},
				"up": {"uv": [9.2, 12.5, 9.7, 12], "texture": "#0"}
			}
		},
		{
			"from": [2.82599, 7.14174, 7.25],
			"to": [4.07599, 8.64174, 8.75],
			"rotation": {"angle": -45, "axis": "z", "origin": [3.87599, 7.46674, 7.25]},
			"faces": {
				"north": {"uv": [1.3, 12, 0.8, 12.6], "texture": "#0"},
				"south": {"uv": [12.5, 2, 12, 2.6], "texture": "#0"},
				"west": {"uv": [3.4, 11.6, 2.8, 12.2], "texture": "#0"},
				"up": {"uv": [6, 12.6, 6.5, 12], "texture": "#0"},
				"down": {"uv": [6.8, 12, 7.3, 12.6], "texture": "#0"}
			}
		},
		{
			"from": [3.8188, 6.7292, 7],
			"to": [4.3188, 8.7292, 9],
			"rotation": {"angle": -22.5, "axis": "z", "origin": [4.3188, 7.2292, 7]},
			"faces": {
				"north": {"uv": [1.8, 12, 1.6, 12.8], "texture": "#0"},
				"south": {"uv": [7.8, 12, 7.6, 12.8], "texture": "#0"},
				"west": {"uv": [10, 11.2, 9.2, 12], "texture": "#0"},
				"up": {"uv": [0, 13.2, 0.2, 12.4], "texture": "#0"},
				"down": {"uv": [0.4, 12.4, 0.6, 13.2], "texture": "#0"}
			}
		},
		{
			"from": [3.86189, 5.75217, 4.005],
			"to": [5.74189, 8.57217, 11.995],
			"rotation": {"angle": -22.5, "axis": "z", "origin": [5.74189, 5.75217, 10.115]},
			"faces": {
				"north": {"uv": [12, 2, 11.2, 3.1], "texture": "#0"},
				"south": {"uv": [4.4, 11.2, 3.6, 12.3], "texture": "#0"},
				"west": {"uv": [10.8, 6.8, 7.6, 7.9], "texture": "#0"}
			}
		},
		{
			"from": [4, 0, 4],
			"to": [5.5, 1, 5.5],
			"rotation": {"angle": 0, "axis": "y", "origin": [4, 0, 4]},
			"faces": {
				"north": {"uv": [12, 2.8, 12.6, 3.2], "texture": "#0"},
				"east": {"uv": [12, 9.2, 12.6, 9.6], "texture": "#0"},
				"south": {"uv": [12, 9.6, 12.6, 10], "texture": "#0"},
				"west": {"uv": [10, 12, 10.6, 12.4], "texture": "#0"},
				"down": {"uv": [2.6, 11.6, 2, 12.2], "texture": "#0"}
			}
		},
		{
			"from": [4, 1, 4],
			"to": [12, 1.5, 5.5],
			"rotation": {"angle": 0, "axis": "y", "origin": [12, 1, 4]},
			"faces": {
				"north": {"uv": [11.2, 3.2, 14.4, 3.4], "texture": "#0"},
				"east": {"uv": [12.4, 1.2, 13, 1.4], "texture": "#0"},
				"south": {"uv": [6, 11.2, 9.2, 11.4], "texture": "#0"},
				"west": {"uv": [12.4, 1.6, 13, 1.8], "texture": "#0"},
				"down": {"uv": [13.2, 6, 10, 6.6], "texture": "#0"}
			}
		},
		{
			"from": [4, 1, 5.5],
			"to": [5.5, 1.5, 10.5],
			"rotation": {"angle": 0, "axis": "y", "origin": [4, 1, 10.5]},
			"faces": {
				"east": {"uv": [0, 11.6, 2, 11.8], "texture": "#0"},
				"west": {"uv": [6, 11.6, 8, 11.8], "texture": "#0"},
				"down": {"uv": [3.8, 8, 3.2, 10], "texture": "#0"}
			}
		},
		{
			"from": [3.75, 1.5, 3.75],
			"to": [12.25, 3.5, 12.25],
			"rotation": {"angle": 0, "axis": "y", "origin": [12, 1.5, 4]},
			"faces": {
				"north": {"uv": [7.6, 9.2, 11, 10], "texture": "#0"},
				"east": {"uv": [10, 3.6, 13.4, 4.4], "texture": "#0"},
				"south": {"uv": [10, 4.4, 13.4, 5.2], "texture": "#0"},
				"west": {"uv": [10, 5.2, 13.4, 6], "texture": "#0"},
				"down": {"uv": [7.4, 7.2, 4, 10.6], "texture": "#0"}
			}
		},
		{
			"from": [3.5, 3.5, 3.5],
			"to": [12.5, 4.5, 12.5],
			"rotation": {"angle": 0, "axis": "y", "origin": [12, 3.5, 4]},
			"faces": {
				"north": {"uv": [4, 10.8, 7.6, 11.2], "texture": "#0"},
				"east": {"uv": [10.8, 7.6, 14.4, 8], "texture": "#0"},
				"south": {"uv": [10.8, 8, 14.4, 8.4], "texture": "#0"},
				"west": {"uv": [10.8, 8.4, 14.4, 8.8], "texture": "#0"},
				"up": {"uv": [7.6, 3.6, 4, 0], "texture": "#0"},
				"down": {"uv": [7.6, 3.6, 4, 7.2], "texture": "#0"}
			}
		},
		{
			"from": [7, 2.75, 3],
			"to": [9, 4.75, 4],
			"rotation": {"angle": -45, "axis": "z", "origin": [8, 3.75, 0.5]},
			"faces": {
				"north": {"uv": [11.2, 9.2, 12, 10], "texture": "#0"},
				"east": {"uv": [8.8, 11.6, 9.2, 12.4], "texture": "#0"},
				"south": {"uv": [10, 11.2, 10.8, 12], "texture": "#0"},
				"west": {"uv": [11.6, 11.2, 12, 12], "texture": "#0"},
				"up": {"uv": [4, 10.4, 3.2, 10], "texture": "#0"},
				"down": {"uv": [0.8, 12, 0, 12.4], "texture": "#0"}
			}
		},
		{
			"from": [8.45, 3.525, 3.05],
			"to": [10.95, 6.025, 3.08],
			"rotation": {"angle": -22.5, "axis": "z", "origin": [10.325, 4.025, 3.165]},
			"faces": {
				"north": {"uv": [0, 13.6, 1, 14.6], "texture": "#0"},
				"south": {"uv": [1, 13.6, 0, 14.6], "texture": "#0"}
			}
		},
		{
			"from": [9.02631, 3.14958, 3.15],
			"to": [11.02631, 5.14958, 3.18],
			"rotation": {"angle": -45, "axis": "z", "origin": [9.825, 4.025, 3.165]},
			"faces": {
				"north": {"uv": [2.5, 13.8, 3.3, 14.6], "texture": "#0"},
				"south": {"uv": [3.3, 13.8, 2.5, 14.6], "texture": "#0"}
			}
		},
		{
			"from": [8.88661, 2.30273, 3.25],
			"to": [10.38661, 3.80273, 3.28],
			"rotation": {"angle": 22.5, "axis": "z", "origin": [9.725, 4.025, 3.165]},
			"faces": {
				"north": {"uv": [1.4, 13.8, 2, 14.4], "rotation": 270, "texture": "#0"},
				"south": {"uv": [2, 13.8, 1.4, 14.4], "rotation": 90, "texture": "#0"}
			}
		},
		{
			"from": [10.5, 0, 4],
			"to": [12, 1, 5.5],
			"rotation": {"angle": 0, "axis": "y", "origin": [12, 0, 4]},
			"faces": {
				"north": {"uv": [12.6, 2.8, 12, 3.2], "texture": "#0"},
				"east": {"uv": [10.6, 12, 10, 12.4], "texture": "#0"},
				"south": {"uv": [12.6, 9.6, 12, 10], "texture": "#0"},
				"west": {"uv": [12.6, 9.2, 12, 9.6], "texture": "#0"},
				"down": {"uv": [2, 11.6, 2.6, 12.2], "texture": "#0"}
			}
		},
		{
			"from": [10.5, 1, 5.5],
			"to": [12, 1.5, 10.5],
			"rotation": {"angle": 0, "axis": "y", "origin": [12, 1, 10.5]},
			"faces": {
				"east": {"uv": [8, 11.6, 6, 11.8], "texture": "#0"},
				"west": {"uv": [2, 11.6, 0, 11.8], "texture": "#0"},
				"down": {"uv": [3.2, 8, 3.8, 10], "texture": "#0"}
			}
		},
		{
			"from": [10.5, 0, 10.5],
			"to": [12, 1, 12],
			"rotation": {"angle": 0, "axis": "y", "origin": [12, 0, 12]},
			"faces": {
				"north": {"uv": [12, 9.6, 12.6, 10], "texture": "#0"},
				"east": {"uv": [10, 12, 10.6, 12.4], "texture": "#0"},
				"south": {"uv": [12, 2.8, 12.6, 3.2], "texture": "#0"},
				"west": {"uv": [12, 9.2, 12.6, 9.6], "texture": "#0"},
				"down": {"uv": [2, 12.2, 2.6, 11.6], "texture": "#0"}
			}
		},
		{
			"from": [4, 0, 10.5],
			"to": [5.5, 1, 12],
			"rotation": {"angle": 0, "axis": "y", "origin": [4, 0, 12]},
			"faces": {
				"north": {"uv": [12.6, 9.6, 12, 10], "texture": "#0"},
				"east": {"uv": [12.6, 9.2, 12, 9.6], "texture": "#0"},
				"south": {"uv": [12.6, 2.8, 12, 3.2], "texture": "#0"},
				"west": {"uv": [10.6, 12, 10, 12.4], "texture": "#0"},
				"down": {"uv": [2.6, 12.2, 2, 11.6], "texture": "#0"}
			}
		},
		{
			"from": [4, 1, 10.5],
			"to": [12, 1.5, 12],
			"rotation": {"angle": 0, "axis": "y", "origin": [12, 1, 12]},
			"faces": {
				"north": {"uv": [9.2, 11.2, 6, 11.4], "texture": "#0"},
				"east": {"uv": [13, 1.2, 12.4, 1.4], "texture": "#0"},
				"south": {"uv": [14.4, 3.2, 11.2, 3.4], "texture": "#0"},
				"west": {"uv": [13, 1.6, 12.4, 1.8], "texture": "#0"},
				"down": {"uv": [13.2, 6.6, 10, 6], "texture": "#0"}
			}
		},
		{
			"from": [5.61339, 2.30273, 3.25],
			"to": [7.11339, 3.80273, 3.28],
			"rotation": {"angle": -22.5, "axis": "z", "origin": [6.275, 4.025, 3.165]},
			"faces": {
				"north": {"uv": [1.4, 14.4, 2, 13.8], "rotation": 270, "texture": "#0"},
				"south": {"uv": [2, 14.4, 1.4, 13.8], "rotation": 90, "texture": "#0"}
			}
		},
		{
			"from": [4.97369, 3.14958, 3.15],
			"to": [6.97369, 5.14958, 3.18],
			"rotation": {"angle": 45, "axis": "z", "origin": [6.175, 4.025, 3.165]},
			"faces": {
				"north": {"uv": [3.3, 13.8, 2.5, 14.6], "texture": "#0"},
				"south": {"uv": [2.5, 13.8, 3.3, 14.6], "texture": "#0"}
			}
		},
		{
			"from": [5.05, 3.525, 3.05],
			"to": [7.55, 6.025, 3.08],
			"rotation": {"angle": 22.5, "axis": "z", "origin": [5.675, 4.025, 3.165]},
			"faces": {
				"north": {"uv": [1, 13.6, 0, 14.6], "texture": "#0"},
				"south": {"uv": [0, 13.6, 1, 14.6], "texture": "#0"}
			}
		}
	],
	"gui_light": "front",
	"display": {
		"thirdperson_righthand": {
			"rotation": [56.75, 0, 0],
			"translation": [0, 5, 4],
			"scale": [0.85156, 0.85156, 0.85156]
		},
		"thirdperson_lefthand": {
			"rotation": [56.75, 0, 0],
			"translation": [0, 5, 4],
			"scale": [0.85156, 0.85156, 0.85156]
		},
		"firstperson_righthand": {
			"rotation": [154.5, 0, -180],
			"translation": [-2.75, 6.5, 0],
			"scale": [0.77539, 0.77539, 0.77539]
		},
		"firstperson_lefthand": {
			"rotation": [154.5, 0, -180],
			"translation": [-2.75, 6.5, 0],
			"scale": [0.77539, 0.77539, 0.77539]
		},
		"ground": {
			"translation": [0, 7.25, 0]
		},
		"gui": {
			"rotation": [0, 135, 0],
			"translation": [0, 4.5, 0],
			"scale": [1.28516, 1.28516, 1.28516]
		},
		"head": {
			"rotation": [0, 180, 0],
			"translation": [0, -23.75, 0],
			"scale": [2.42969, 2.42969, 2.42969]
		},
		"fixed": {
			"rotation": [-90, 0, 0],
			"translation": [0, 0, -24.25],
			"scale": [3.04102, 3.04102, 3.04102]
		}
	},
	"groups": [
		{
			"name": "group",
			"origin": [5.74189, 9.75217, 10.115],
			"color": 0,
			"boneType": "",
			"children": [0, 1, 2, 3, 4, 5, 6, 7, 8, 9, 10, 11, 12]
		},
		{
			"name": "group",
			"origin": [5.675, 4.025, 3.365],
			"color": 0,
			"boneType": "",
			"children": [13, 14, 15, 16, 17, 18, 19, 20, 21, 22, 23, 24, 25, 26, 27, 28, 29]
		}
	]
}