{"credit":"MadewithBlockbench","texture_size":[64,64],"textures":{"2":"elitecreatures:spooky_furniture_v1/couch_blood","4":"elitecreatures:spooky_furniture_v1/skull2blood"},"elements":[{"from":[-1.69845,-1.27236,17.24893],"to":[1.30155,1.72764,17.24893],"rotation":{"angle":-22.5,"axis":"y","origin":[8,8,8]},"faces":{"north":{"uv":[0.125,13.375,1.375,14.625],"texture":"#2"},"east":{"uv":[0.125,13.375,0.125,14.625],"texture":"#2"},"south":{"uv":[1.375,13.375,0.125,14.625],"texture":"#2"},"west":{"uv":[0.125,13.375,0.125,14.625],"texture":"#2"},"up":{"uv":[0,0,1.25,0],"rotation":180,"texture":"#2"},"down":{"uv":[0,0,1.25,0],"rotation":180,"texture":"#2"}}},{"from":[-3.09845,3.72764,10.74893],"to":[-3.09845,6.72764,13.74893],"rotation":{"angle":-22.5,"axis":"y","origin":[8,8,8]},"faces":{"north":{"uv":[0,0,1.25,0],"rotation":270,"texture":"#2"},"east":{"uv":[0.125,13.375,1.375,14.625],"rotation":90,"texture":"#2"},"south":{"uv":[0,0,1.25,0],"rotation":270,"texture":"#2"},"west":{"uv":[1.375,13.375,0.125,14.625],"rotation":270,"texture":"#2"},"up":{"uv":[0.125,13.375,0.125,14.625],"texture":"#2"},"down":{"uv":[0.125,13.375,0.125,14.625],"rotation":180,"texture":"#2"}}},{"from":[-1.78432,12.78738,3.50749],"to":[-1.78432,15.78738,6.50749],"rotation":{"angle":45,"axis":"z","origin":[8,8,8]},"faces":{"north":{"uv":[0.125,13.375,0.125,14.625],"texture":"#2"},"east":{"uv":[0.125,13.375,1.375,14.625],"texture":"#2"},"south":{"uv":[0.125,13.375,0.125,14.625],"texture":"#2"},"west":{"uv":[1.375,13.375,0.125,14.625],"texture":"#2"},"up":{"uv":[0,0,1.25,0],"rotation":90,"texture":"#2"},"down":{"uv":[0,0,1.25,0],"rotation":270,"texture":"#2"}}},{"from":[17.70983,-6.10288,4.50749],"to":[17.70983,-3.10288,7.50749],"rotation":{"angle":22.5,"axis":"z","origin":[8,8,8]},"faces":{"north":{"uv":[0.125,13.375,0.125,14.625],"texture":"#2"},"east":{"uv":[0.125,13.375,1.375,14.625],"texture":"#2"},"south":{"uv":[0.125,13.375,0.125,14.625],"texture":"#2"},"west":{"uv":[1.375,13.375,0.125,14.625],"texture":"#2"},"up":{"uv":[0,0,1.25,0],"rotation":90,"texture":"#2"},"down":{"uv":[0,0,1.25,0],"rotation":270,"texture":"#2"}}},{"from":[18.01262,13.01568,5.10749],"to":[18.01262,16.01568,8.10749],"rotation":{"angle":-45,"axis":"z","origin":[8,8,8]},"faces":{"north":{"uv":[0.125,13.375,0.125,14.625],"texture":"#2"},"east":{"uv":[0.125,13.375,1.375,14.625],"texture":"#2"},"south":{"uv":[0.125,13.375,0.125,14.625],"texture":"#2"},"west":{"uv":[1.375,13.375,0.125,14.625],"texture":"#2"},"up":{"uv":[0,0,1.25,0],"rotation":90,"texture":"#2"},"down":{"uv":[0,0,1.25,0],"rotation":270,"texture":"#2"}}},{"from":[6.9336,12.72764,2.70159],"to":[9.0664,13.36748,4.83439],"rotation":{"angle":0,"axis":"y","origin":[8,8,8]},"faces":{"north":{"uv":[8,2,10,2.5],"texture":"#4"},"east":{"uv":[8,2.5,10,3],"texture":"#4"},"south":{"uv":[3,8,5,8.5],"texture":"#4"},"west":{"uv":[8,3,10,3.5],"texture":"#4"},"up":{"uv":[2,6,0,4],"texture":"#4"},"down":{"uv":[4,4,2,6],"texture":"#4"}}},{"from":[6.9336,13.36748,2.70159],"to":[9.0664,14.70048,4.46115],"rotation":{"angle":0,"axis":"y","origin":[8,8,8]},"faces":{"north":{"uv":[6,2,8,3.25],"texture":"#4"},"east":{"uv":[7,7,8.75,8.25],"texture":"#4"},"south":{"uv":[6,3.5,8,4.75],"texture":"#4"},"west":{"uv":[0,8,1.75,9.25],"texture":"#4"},"up":{"uv":[6,5.75,4,4],"texture":"#4"},"down":{"uv":[2,6,0,7.75],"texture":"#4"}}},{"from":[6.9336,13.36748,4.83385],"to":[9.0664,13.954,4.83385],"rotation":{"angle":0,"axis":"y","origin":[8,8,8]},"faces":{"north":{"uv":[8,3.5,10,4],"texture":"#4"},"east":{"uv":[0,0,0,0.5],"texture":"#4"},"south":{"uv":[8,4,10,4.5],"texture":"#4"},"west":{"uv":[0,0,0,0.5],"texture":"#4"},"up":{"uv":[2,0,0,0],"texture":"#4"},"down":{"uv":[2,0,0,0],"texture":"#4"}}},{"from":[6.4004,14.80328,7.34889],"to":[9.5996,15.3898,7.34889],"rotation":{"angle":-22.5,"axis":"x","origin":[8,8,8]},"faces":{"north":{"uv":[8,0,11,0.5],"texture":"#4"},"east":{"uv":[0,0,0,0.5],"texture":"#4"},"south":{"uv":[8,0.5,11,1],"texture":"#4"},"west":{"uv":[0,0,0,0.5],"texture":"#4"},"up":{"uv":[3,0,0,0],"texture":"#4"},"down":{"uv":[3,0,0,0],"texture":"#4"}}},{"from":[8.21328,15.3898,6.54962],"to":[9.5996,15.76304,7.34942],"rotation":{"angle":-22.5,"axis":"x","origin":[8,8,8]},"faces":{"north":{"uv":[9,8,10.25,8.25],"texture":"#4"},"east":{"uv":[10,7.5,10.75,7.75],"texture":"#4"},"south":{"uv":[10,4,11.25,4.25],"texture":"#4"},"west":{"uv":[10,8.5,10.75,8.75],"texture":"#4"},"up":{"uv":[4.25,9.25,3,8.5],"texture":"#4"},"down":{"uv":[8.25,8.5,7,9.25],"texture":"#4"}}},{"from":[6.4004,15.3898,6.54962],"to":[7.78672,15.76304,7.34942],"rotation":{"angle":-22.5,"axis":"x","origin":[8,8,8]},"faces":{"north":{"uv":[10,6.5,11.25,6.75],"texture":"#4"},"east":{"uv":[10,9,10.75,9.25],"texture":"#4"},"south":{"uv":[10,7,11.25,7.25],"texture":"#4"},"west":{"uv":[10,9.5,10.75,9.75],"texture":"#4"},"up":{"uv":[9.75,9.25,8.5,8.5],"texture":"#4"},"down":{"uv":[10.25,1,9,1.75],"texture":"#4"}}},{"from":[6.4004,15.3898,4.68342],"to":[9.5996,17.36264,6.54962],"rotation":{"angle":-22.5,"axis":"x","origin":[8,8,8]},"faces":{"north":{"uv":[0,0,3,1.75],"texture":"#4"},"east":{"uv":[6,0,7.75,1.75],"texture":"#4"},"south":{"uv":[0,2,3,3.75],"texture":"#4"},"west":{"uv":[2,6,3.75,7.75],"texture":"#4"},"up":{"uv":[6,1.75,3,0],"texture":"#4"},"down":{"uv":[6,2,3,3.75],"texture":"#4"}}},{"from":[9.0664,15.76304,6.54962],"to":[9.5996,16.66948,7.34942],"rotation":{"angle":-22.5,"axis":"x","origin":[8,8,8]},"faces":{"north":{"uv":[4,9.5,4.5,10.25],"texture":"#4"},"east":{"uv":[9,7,9.75,7.75],"texture":"#4"},"south":{"uv":[8,9.5,8.5,10.25],"texture":"#4"},"west":{"uv":[0,9.5,0.75,10.25],"texture":"#4"},"up":{"uv":[9,10.25,8.5,9.5],"texture":"#4"},"down":{"uv":[9.5,9.5,9,10.25],"texture":"#4"}}},{"from":[7.78672,15.76304,6.54962],"to":[8.21328,16.66948,7.34942],"rotation":{"angle":-22.5,"axis":"x","origin":[8,8,8]},"faces":{"north":{"uv":[5,10,5.5,10.75],"texture":"#4"},"east":{"uv":[9.5,4.5,10.25,5.25],"texture":"#4"},"south":{"uv":[5.5,10,6,10.75],"texture":"#4"},"west":{"uv":[7,9.5,7.75,10.25],"texture":"#4"},"up":{"uv":[10.5,6.25,10,5.5],"texture":"#4"},"down":{"uv":[6.5,10,6,10.75],"texture":"#4"}}},{"from":[6.4004,15.76304,6.54962],"to":[6.9336,16.66948,7.34942],"rotation":{"angle":-22.5,"axis":"x","origin":[8,8,8]},"faces":{"north":{"uv":[9.5,9.5,10,10.25],"texture":"#4"},"east":{"uv":[1,9.5,1.75,10.25],"texture":"#4"},"south":{"uv":[10,2,10.5,2.75],"texture":"#4"},"west":{"uv":[3,9.5,3.75,10.25],"texture":"#4"},"up":{"uv":[10.5,3.75,10,3],"texture":"#4"},"down":{"uv":[5,10,4.5,10.75],"texture":"#4"}}},{"from":[6.4004,16.66948,6.54962],"to":[9.5996,17.36264,7.34942],"rotation":{"angle":-22.5,"axis":"x","origin":[8,8,8]},"faces":{"north":{"uv":[4,6,7,6.75],"texture":"#4"},"east":{"uv":[5,9,5.75,9.75],"texture":"#4"},"south":{"uv":[6,5,9,5.75],"texture":"#4"},"west":{"uv":[6,9,6.75,9.75],"texture":"#4"},"up":{"uv":[7,7.75,4,7],"texture":"#4"},"down":{"uv":[10,6,7,6.75],"texture":"#4"}}},{"name":"line","from":[-6.5,3.72764,3.83439],"to":[22.5,18.72764,3.83439],"rotation":{"angle":0,"axis":"y","origin":[8,8,8]},"faces":{"north":{"uv":[0,3.75,7.25,7.5],"texture":"#2"},"east":{"uv":[0,0,0,3.75],"texture":"#2"},"south":{"uv":[0,0,7.25,3.75],"texture":"#2"},"west":{"uv":[0,0,0,3.75],"texture":"#2"},"up":{"uv":[7.25,0,0,0],"rotation":180,"texture":"#2"},"down":{"uv":[7.25,0,0,0],"rotation":180,"texture":"#2"}}},{"from":[-4.5,4.72764,2.83439],"to":[20.5,12.72764,4.83439],"rotation":{"angle":0,"axis":"y","origin":[8,8,8]},"faces":{"north":{"uv":[0,7.5,6.25,9.5],"texture":"#2"},"east":{"uv":[6.25,10.75,6.75,12.75],"texture":"#2"},"south":{"uv":[0,7.5,6.25,9.5],"texture":"#2"},"west":{"uv":[5.75,10.75,6.25,12.75],"texture":"#2"},"up":{"uv":[6.25,9,12.5,9.5],"rotation":180,"texture":"#2"},"down":{"uv":[6.25,9,12.5,9.5],"rotation":180,"texture":"#2"}}},{"from":[-6.5,1.72764,2.83439],"to":[22.5,4.72764,13.83439],"rotation":{"angle":0,"axis":"y","origin":[8,8,8]},"faces":{"north":{"uv":[6.25,8.25,13.5,9],"texture":"#2"},"east":{"uv":[9,9.5,11.75,10.25],"texture":"#2"},"south":{"uv":[6.25,7.5,13.5,8.25],"texture":"#2"},"west":{"uv":[6.25,9.5,9,10.25],"texture":"#2"},"up":{"uv":[14.5,2.75,7.25,0],"rotation":180,"texture":"#2"},"down":{"uv":[14.5,2.75,7.25,5.5],"rotation":180,"texture":"#2"}}},{"from":[-7.5,4.72764,2.83439],"to":[-4.5,6.72764,13.83439],"rotation":{"angle":0,"axis":"y","origin":[8,8,8]},"faces":{"north":{"uv":[9,10.75,9.75,11.25],"texture":"#2"},"east":{"uv":[3,10.5,5.75,11],"texture":"#2"},"south":{"uv":[8.25,10.75,9,11.25],"texture":"#2"},"west":{"uv":[8.5,10.25,11.25,10.75],"texture":"#2"},"up":{"uv":[2.25,12.75,1.5,10],"rotation":180,"texture":"#2"},"down":{"uv":[3,10,2.25,12.75],"rotation":180,"texture":"#2"}}},{"from":[20.5,4.72764,2.83439],"to":[23.5,6.72764,13.83439],"rotation":{"angle":0,"axis":"y","origin":[8,8,8]},"faces":{"north":{"uv":[7.5,10.75,8.25,11.25],"texture":"#2"},"east":{"uv":[5.75,10.25,8.5,10.75],"texture":"#2"},"south":{"uv":[6.75,10.75,7.5,11.25],"texture":"#2"},"west":{"uv":[3,10,5.75,10.5],"texture":"#2"},"up":{"uv":[0.75,12.75,0,10],"rotation":180,"texture":"#2"},"down":{"uv":[1.5,10,0.75,12.75],"rotation":180,"texture":"#2"}}},{"from":[-5.5,-1.27236,11.83439],"to":[-4.5,1.72764,12.83439],"rotation":{"angle":0,"axis":"y","origin":[8,8,8]},"faces":{"north":{"uv":[4.75,11,5,11.75],"texture":"#2"},"east":{"uv":[4.75,11,5,11.75],"texture":"#2"},"south":{"uv":[4.75,11,5,11.75],"texture":"#2"},"west":{"uv":[4.75,11,5,11.75],"texture":"#2"},"up":{"uv":[7.5,11.5,7.25,11.25],"rotation":180,"texture":"#2"},"down":{"uv":[7.75,11.25,7.5,11.5],"rotation":180,"texture":"#2"}}},{"from":[-5.5,-1.27236,3.83439],"to":[-4.5,1.72764,4.83439],"rotation":{"angle":0,"axis":"y","origin":[8,8,8]},"faces":{"north":{"uv":[4.75,11,5,11.75],"texture":"#2"},"east":{"uv":[4.75,11,5,11.75],"texture":"#2"},"south":{"uv":[4.75,11,5,11.75],"texture":"#2"},"west":{"uv":[4.75,11,5,11.75],"texture":"#2"},"up":{"uv":[7.5,11.5,7.25,11.25],"rotation":180,"texture":"#2"},"down":{"uv":[7.75,11.25,7.5,11.5],"rotation":180,"texture":"#2"}}},{"from":[20.5,-1.27236,11.83439],"to":[21.5,1.72764,12.83439],"rotation":{"angle":0,"axis":"y","origin":[8,8,8]},"faces":{"north":{"uv":[4.75,11,5,11.75],"texture":"#2"},"east":{"uv":[4.75,11,5,11.75],"texture":"#2"},"south":{"uv":[4.75,11,5,11.75],"texture":"#2"},"west":{"uv":[4.75,11,5,11.75],"texture":"#2"},"up":{"uv":[7.5,11.5,7.25,11.25],"rotation":180,"texture":"#2"},"down":{"uv":[7.75,11.25,7.5,11.5],"rotation":180,"texture":"#2"}}},{"from":[20.5,-1.27236,3.83439],"to":[21.5,1.72764,4.83439],"rotation":{"angle":0,"axis":"y","origin":[8,8,8]},"faces":{"north":{"uv":[4.75,11,5,11.75],"texture":"#2"},"east":{"uv":[4.75,11,5,11.75],"texture":"#2"},"south":{"uv":[4.75,11,5,11.75],"texture":"#2"},"west":{"uv":[4.75,11,5,11.75],"texture":"#2"},"up":{"uv":[7.5,11.5,7.25,11.25],"rotation":180,"texture":"#2"},"down":{"uv":[7.75,11.25,7.5,11.5],"rotation":180,"texture":"#2"}}}],"gui_light":"front","display":{"thirdperson_righthand":{"rotation":[67.5,180,0],"translation":[0,2,1.25],"scale":[0.31445,0.31445,0.31445]},"thirdperson_lefthand":{"rotation":[67.5,180,0],"translation":[0,2,1.25],"scale":[0.31445,0.31445,0.31445]},"firstperson_righthand":{"translation":[2.25,4.75,0],"scale":[0.44922,0.44922,0.44922]},"firstperson_lefthand":{"translation":[2.25,4.75,0],"scale":[0.44922,0.44922,0.44922]},"ground":{"translation":[0,1.25,0],"scale":[0.34375,0.34375,0.34375]},"gui":{"rotation":[30,45,0],"translation":[0,0.5,0],"scale":[0.49023,0.49023,0.49023]},"head":{"translation":[0,-30.25,0.75],"scale":[0,0,0]},"fixed":{"rotation":[-90,-180,0],"translation":[-31.25,1,-25.75],"scale":[2.91211,2.91211,2.91211]}},"groups":[{"name":"all_couch","origin":[8,8,8],"color":0,"children":[{"name":"web","origin":[0,0,0],"color":0,"children":[0,1,2,3,4]},{"name":"skull","origin":[19.4336,8,8],"color":0,"children":[{"name":"mouth","origin":[19.4336,8.04397,7.77449],"color":0,"children":[5,6,7]},{"name":"head","origin":[18.4336,7,7],"color":0,"children":[8,9,10,11,12,13,14,15]}]},{"name":"couch","origin":[8.93503,14.91421,15],"color":0,"children":[16,17,18,19,20,{"name":"legs","origin":[-8.5,7.5,-7],"color":0,"children":[21,22]},{"name":"legs","origin":[-8.5,7.5,-7],"color":0,"children":[23,24]}]}]}]}