{"credit":"magic_store_official","texture_size":[32,32],"textures":{"0":"magic_store:furnitures/bank_pack/bank_pot","particle":"magic_store:furnitures/bank_pack/bank_pot"},"elements":[{"from":[5.5,0,5],"to":[10.5,6,10],"faces":{"north":{"uv":[7.5,5.5,10,8.5],"texture":"#0"},"east":{"uv":[7.5,5.5,10,8.5],"texture":"#0"},"south":{"uv":[7.5,5.5,10,8.5],"texture":"#0"},"west":{"uv":[7.5,5.5,10,8.5],"texture":"#0"},"up":{"uv":[10.5,2.5,8,0],"texture":"#0"},"down":{"uv":[10.5,2.5,8,5],"texture":"#0"}}},{"from":[8,4.5,3],"to":[8,15.5,11],"faces":{"north":{"uv":[0,0,0,5.5],"texture":"#0"},"east":{"uv":[8,0,4,5.5],"texture":"#0"},"south":{"uv":[0,0,0,5.5],"texture":"#0"},"west":{"uv":[4,0,8,5.5],"texture":"#0"},"up":{"uv":[0,4,0,0],"texture":"#0"},"down":{"uv":[0,0,0,4],"texture":"#0"}}},{"from":[4.5,4.5,7.5],"to":[12.5,15.5,7.5],"rotation":{"angle":0,"axis":"y","origin":[8,11.5,7.5]},"faces":{"north":{"uv":[4,0,8,5.5],"texture":"#0"},"east":{"uv":[0,0,0,5.5],"texture":"#0"},"south":{"uv":[8,0,4,5.5],"texture":"#0"},"west":{"uv":[0,0,0,5.5],"texture":"#0"},"up":{"uv":[0,4,0,0],"rotation":90,"texture":"#0"},"down":{"uv":[0,0,0,4],"rotation":270,"texture":"#0"}}}],"display":{"thirdperson_righthand":{"rotation":[49,36,0],"translation":[-0.25,2.25,1.5],"scale":[0.5,0.5,0.5]},"thirdperson_lefthand":{"rotation":[49,36,0],"translation":[-0.25,2.25,1.5],"scale":[0.5,0.5,0.5]},"firstperson_righthand":{"rotation":[-180,65,-180],"translation":[10.75,-0.75,-9.25],"scale":[0.85,0.85,0.85]},"firstperson_lefthand":{"rotation":[-180,65,-180],"translation":[10.75,-0.75,-9.25],"scale":[0.85,0.85,0.85]},"ground":{"translation":[0,5.5,0],"scale":[0.4,0.4,0.4]},"gui":{"rotation":[30,145.5,0],"translation":[0.5,0.75,0],"scale":[0.9,0.9,0.9]},"head":{"translation":[0,-30.5,0],"scale":[1.6,1.6,1.6]},"fixed":{"rotation":[-90,0,0],"translation":[0,-3,-16],"scale":[2,2,2]}},"groups":[{"name":"group","origin":[8,11.5,7.5],"color":0,"children":[0,1,2]}]}