{
  "credit": "Made with Blockbench",
  "texture_size": [
    64,
    64
  ],
  "textures": {
    "1": "elitecreatures:ginger_bread_gear/gingerbread_animation01",
    "2": "elitecreatures:ginger_bread_gear/gingerbread_texture1",
    "particle": "elitecreatures:ginger_bread_gear/gingerbread_texture1"
  },
  "elements": [
    {
      "from": [
        6.5,
        2,
        5
      ],
      "to": [
        9.5,
        7,
        10
      ],
      "rotation": {
        "angle": 45,
        "axis": "x",
        "origin": [
          7.5,
          4,
          8
        ]
      },
      "faces": {
        "north": {
          "uv": [
            0.5,
            5.75,
            1.25,
            7
          ],
          "texture": "#2"
        },
        "east": {
          "uv": [
            3.25,
            5,
            4.5,
            6.25
          ],
          "texture": "#2"
        },
        "south": {
          "uv": [
            1.25,
            5.75,
            2,
            7
          ],
          "texture": "#2"
        },
        "west": {
          "uv": [
            5.5,
            0.75,
            6.75,
            2
          ],
          "texture": "#2"
        },
        "up": {
          "uv": [
            2.75,
            7,
            2,
            5.75
          ],
          "texture": "#2"
        },
        "down": {
          "uv": [
            6.75,
            2,
            6,
            3.25
          ],
          "texture": "#2"
        }
      }
    },
    {
      "from": [
        7.25,
        5.6,
        9.8
      ],
      "to": [
        8.75,
        7.1,
        13.8
      ],
      "rotation": {
        "angle": 22.5,
        "axis": "x",
        "origin": [
          7.5,
          6.1,
          9.7
        ]
      },
      "faces": {
        "north": {
          "uv": [
            8.25,
            3,
            8.625,
            3.375
          ],
          "texture": "#2"
        },
        "east": {
          "uv": [
            3,
            7,
            4,
            7.375
          ],
          "texture": "#2"
        },
        "south": {
          "uv": [
            8.25,
            3.5,
            8.625,
            3.875
          ],
          "texture": "#2"
        },
        "west": {
          "uv": [
            7.25,
            2.25,
            8.25,
            2.625
          ],
          "texture": "#2"
        },
        "up": {
          "uv": [
            6.375,
            8,
            6,
            7
          ],
          "texture": "#2"
        },
        "down": {
          "uv": [
            7.625,
            2.75,
            7.25,
            3.75
          ],
          "texture": "#2"
        }
      }
    },
    {
      "from": [
        8,
        5.6,
        13.8
      ],
      "to": [
        8,
        7.1,
        15.8
      ],
      "rotation": {
        "angle": 22.5,
        "axis": "x",
        "origin": [
          7.5,
          6.1,
          9.7
        ]
      },
      "faces": {
        "north": {
          "uv": [
            0,
            0,
            0,
            0.375
          ],
          "texture": "#2"
        },
        "east": {
          "uv": [
            7.75,
            3,
            8.25,
            3.375
          ],
          "texture": "#2"
        },
        "south": {
          "uv": [
            0,
            0,
            0,
            0.375
          ],
          "texture": "#2"
        },
        "west": {
          "uv": [
            7.75,
            3.5,
            8.25,
            3.875
          ],
          "texture": "#2"
        },
        "up": {
          "uv": [
            0,
            0.5,
            0,
            0
          ],
          "texture": "#2"
        },
        "down": {
          "uv": [
            0,
            0,
            0,
            0.5
          ],
          "texture": "#2"
        }
      }
    },
    {
      "from": [
        7,
        1.5,
        6.5
      ],
      "to": [
        9,
        2.5,
        9.5
      ],
      "rotation": {
        "angle": 0,
        "axis": "y",
        "origin": [
          8,
          3.5,
          8.5
        ]
      },
      "faces": {
        "north": {
          "uv": [
            6.75,
            3,
            7.25,
            3.25
          ],
          "texture": "#2"
        },
        "east": {
          "uv": [
            2,
            7.75,
            2.75,
            8
          ],
          "texture": "#2"
        },
        "south": {
          "uv": [
            8.5,
            2,
            9,
            2.25
          ],
          "texture": "#2"
        },
        "west": {
          "uv": [
            7.75,
            2.75,
            8.5,
            3
          ],
          "texture": "#2"
        },
        "up": {
          "uv": [
            2.5,
            7.75,
            2,
            7
          ],
          "texture": "#2"
        },
        "down": {
          "uv": [
            3,
            7,
            2.5,
            7.75
          ],
          "texture": "#2"
        }
      }
    },
    {
      "from": [
        7,
        6,
        5.5
      ],
      "to": [
        9,
        8,
        10.5
      ],
      "rotation": {
        "angle": 0,
        "axis": "y",
        "origin": [
          8,
          8,
          -1.5
        ]
      },
      "faces": {
        "north": {
          "uv": [
            1,
            7.75,
            1.5,
            8.25
          ],
          "texture": "#2"
        },
        "east": {
          "uv": [
            6,
            3.25,
            7.25,
            3.75
          ],
          "texture": "#2"
        },
        "south": {
          "uv": [
            1.5,
            7.75,
            2,
            8.25
          ],
          "texture": "#2"
        },
        "west": {
          "uv": [
            6,
            3.75,
            7.25,
            4.25
          ],
          "texture": "#2"
        },
        "up": {
          "uv": [
            3.25,
            7,
            2.75,
            5.75
          ],
          "texture": "#2"
        },
        "down": {
          "uv": [
            6.5,
            4.25,
            6,
            5.5
          ],
          "texture": "#2"
        }
      }
    },
    {
      "from": [
        7,
        -8,
        6.5
      ],
      "to": [
        9,
        -5,
        9.5
      ],
      "rotation": {
        "angle": 45,
        "axis": "x",
        "origin": [
          8,
          -6.5,
          8
        ]
      },
      "faces": {
        "north": {
          "uv": [
            6.75,
            2.25,
            7.25,
            3
          ],
          "texture": "#2"
        },
        "east": {
          "uv": [
            6,
            5.5,
            6.75,
            6.25
          ],
          "texture": "#2"
        },
        "south": {
          "uv": [
            0.5,
            7,
            1,
            7.75
          ],
          "texture": "#2"
        },
        "west": {
          "uv": [
            3.25,
            6.25,
            4,
            7
          ],
          "texture": "#2"
        },
        "up": {
          "uv": [
            1.5,
            7.75,
            1,
            7
          ],
          "texture": "#2"
        },
        "down": {
          "uv": [
            2,
            7,
            1.5,
            7.75
          ],
          "texture": "#2"
        }
      }
    },
    {
      "from": [
        7,
        3.2,
        2.5
      ],
      "to": [
        9,
        6.2,
        5.5
      ],
      "rotation": {
        "angle": 45,
        "axis": "x",
        "origin": [
          8,
          4.7,
          4
        ]
      },
      "faces": {
        "north": {
          "uv": [
            6.75,
            2.25,
            7.25,
            3
          ],
          "texture": "#2"
        },
        "east": {
          "uv": [
            6,
            5.5,
            6.75,
            6.25
          ],
          "texture": "#2"
        },
        "south": {
          "uv": [
            0.5,
            7,
            1,
            7.75
          ],
          "texture": "#2"
        },
        "west": {
          "uv": [
            3.25,
            6.25,
            4,
            7
          ],
          "texture": "#2"
        },
        "up": {
          "uv": [
            1.5,
            7.75,
            1,
            7
          ],
          "texture": "#2"
        },
        "down": {
          "uv": [
            2,
            7,
            1.5,
            7.75
          ],
          "texture": "#2"
        }
      }
    },
    {
      "from": [
        7,
        25.2,
        6.5
      ],
      "to": [
        9,
        28.2,
        9.5
      ],
      "rotation": {
        "angle": 22.5,
        "axis": "x",
        "origin": [
          8,
          26.7,
          8
        ]
      },
      "faces": {
        "north": {
          "uv": [
            6.75,
            2.25,
            7.25,
            3
          ],
          "texture": "#2"
        },
        "east": {
          "uv": [
            6,
            5.5,
            6.75,
            6.25
          ],
          "texture": "#2"
        },
        "south": {
          "uv": [
            0.5,
            7,
            1,
            7.75
          ],
          "texture": "#2"
        },
        "west": {
          "uv": [
            3.25,
            6.25,
            4,
            7
          ],
          "texture": "#2"
        },
        "up": {
          "uv": [
            1.5,
            7.75,
            1,
            7
          ],
          "texture": "#2"
        },
        "down": {
          "uv": [
            2,
            7,
            1.5,
            7.75
          ],
          "texture": "#2"
        }
      }
    },
    {
      "from": [
        7.5,
        -6,
        7
      ],
      "to": [
        8.5,
        2,
        9
      ],
      "rotation": {
        "angle": 0,
        "axis": "y",
        "origin": [
          0,
          2,
          0
        ]
      },
      "faces": {
        "north": {
          "uv": [
            4.5,
            9.25,
            4.75,
            11.25
          ],
          "texture": "#2"
        },
        "east": {
          "uv": [
            0,
            9.25,
            0.5,
            11.25
          ],
          "texture": "#2"
        },
        "south": {
          "uv": [
            4.75,
            9.25,
            5,
            11.25
          ],
          "texture": "#2"
        },
        "west": {
          "uv": [
            5,
            4.25,
            5.5,
            6.25
          ],
          "texture": "#2"
        },
        "up": {
          "uv": [
            6.75,
            7.5,
            6.5,
            7
          ],
          "texture": "#2"
        },
        "down": {
          "uv": [
            6.75,
            7.5,
            6.5,
            8
          ],
          "texture": "#2"
        }
      }
    },
    {
      "from": [
        7.25,
        9.1569,
        7.34828
      ],
      "to": [
        8.75,
        10.6569,
        12.34828
      ],
      "rotation": {
        "angle": -45,
        "axis": "x",
        "origin": [
          8,
          9.36515,
          11.48486
        ]
      },
      "faces": {
        "north": {
          "uv": [
            7.75,
            5.5,
            8.125,
            5.875
          ],
          "texture": "#2"
        },
        "east": {
          "uv": [
            6.5,
            5,
            7.75,
            5.375
          ],
          "texture": "#2"
        },
        "south": {
          "uv": [
            7.75,
            6,
            8.125,
            6.375
          ],
          "texture": "#2"
        },
        "west": {
          "uv": [
            6.75,
            0.75,
            8,
            1.125
          ],
          "texture": "#2"
        },
        "up": {
          "uv": [
            4.375,
            7.5,
            4,
            6.25
          ],
          "texture": "#2"
        },
        "down": {
          "uv": [
            5.375,
            6.25,
            5,
            7.5
          ],
          "texture": "#2"
        }
      }
    },
    {
      "from": [
        7.275,
        9.3893,
        11.20278
      ],
      "to": [
        8.725,
        10.8893,
        12.70278
      ],
      "rotation": {
        "angle": 0,
        "axis": "y",
        "origin": [
          8,
          9.36515,
          11.48486
        ]
      },
      "faces": {
        "north": {
          "uv": [
            7.75,
            6.5,
            8.125,
            6.875
          ],
          "texture": "#2"
        },
        "east": {
          "uv": [
            7.75,
            7,
            8.125,
            7.375
          ],
          "texture": "#2"
        },
        "south": {
          "uv": [
            7.25,
            7.75,
            7.625,
            8.125
          ],
          "texture": "#2"
        },
        "west": {
          "uv": [
            7.75,
            7.5,
            8.125,
            7.875
          ],
          "texture": "#2"
        },
        "up": {
          "uv": [
            8.375,
            1.125,
            8,
            0.75
          ],
          "texture": "#2"
        },
        "down": {
          "uv": [
            8.375,
            1.25,
            8,
            1.625
          ],
          "texture": "#2"
        }
      }
    },
    {
      "from": [
        7.3,
        8.06089,
        11.92402
      ],
      "to": [
        8.7,
        9.56089,
        13.42402
      ],
      "rotation": {
        "angle": -45,
        "axis": "x",
        "origin": [
          8,
          9.36515,
          11.48486
        ]
      },
      "faces": {
        "north": {
          "uv": [
            8,
            1.75,
            8.375,
            2.125
          ],
          "texture": "#2"
        },
        "east": {
          "uv": [
            2,
            8,
            2.375,
            8.375
          ],
          "texture": "#2"
        },
        "south": {
          "uv": [
            2.5,
            8,
            2.875,
            8.375
          ],
          "texture": "#2"
        },
        "west": {
          "uv": [
            3,
            8,
            3.375,
            8.375
          ],
          "texture": "#2"
        },
        "up": {
          "uv": [
            3.875,
            8.375,
            3.5,
            8
          ],
          "texture": "#2"
        },
        "down": {
          "uv": [
            6.375,
            8,
            6,
            8.375
          ],
          "texture": "#2"
        }
      }
    },
    {
      "from": [
        7.325,
        8.30655,
        12.27518
      ],
      "to": [
        8.675,
        9.80655,
        13.77518
      ],
      "rotation": {
        "angle": 0,
        "axis": "y",
        "origin": [
          8,
          9.36515,
          11.48486
        ]
      },
      "faces": {
        "north": {
          "uv": [
            6.5,
            8,
            6.875,
            8.375
          ],
          "texture": "#2"
        },
        "east": {
          "uv": [
            7.75,
            8,
            8.125,
            8.375
          ],
          "texture": "#2"
        },
        "south": {
          "uv": [
            8.25,
            0,
            8.625,
            0.375
          ],
          "texture": "#2"
        },
        "west": {
          "uv": [
            1,
            8.25,
            1.375,
            8.625
          ],
          "texture": "#2"
        },
        "up": {
          "uv": [
            1.875,
            8.625,
            1.5,
            8.25
          ],
          "texture": "#2"
        },
        "down": {
          "uv": [
            8.625,
            2.25,
            8.25,
            2.625
          ],
          "texture": "#2"
        }
      }
    },
    {
      "from": [
        7.9,
        0.8,
        9.5
      ],
      "to": [
        7.9,
        6.8,
        13.5
      ],
      "rotation": {
        "angle": 0,
        "axis": "y",
        "origin": [
          6.875,
          2.8,
          14
        ]
      },
      "faces": {
        "north": {
          "uv": [
            0,
            0,
            0,
            1.5
          ],
          "texture": "#1"
        },
        "east": {
          "uv": [
            0,
            0,
            8,
            12
          ],
          "texture": "#1"
        },
        "south": {
          "uv": [
            0,
            0,
            0,
            1.5
          ],
          "texture": "#1"
        },
        "west": {
          "uv": [
            8,
            0,
            0,
            12
          ],
          "texture": "#1"
        },
        "up": {
          "uv": [
            0,
            0,
            0,
            1
          ],
          "texture": "#1"
        },
        "down": {
          "uv": [
            0,
            1,
            0,
            0
          ],
          "texture": "#1"
        }
      }
    },
    {
      "from": [
        7.025,
        3.7,
        8
      ],
      "to": [
        8.975,
        7.7,
        10
      ],
      "rotation": {
        "angle": -45,
        "axis": "x",
        "origin": [
          8,
          1.7,
          6
        ]
      },
      "faces": {
        "north": {
          "uv": [
            9.125,
            1,
            9.625,
            0
          ],
          "rotation": 180,
          "texture": "#2"
        },
        "east": {
          "uv": [
            9.625,
            0,
            10.625,
            0.5
          ],
          "rotation": 270,
          "texture": "#2"
        },
        "south": {
          "uv": [
            8.625,
            1,
            9.125,
            0
          ],
          "texture": "#2"
        },
        "west": {
          "uv": [
            10.625,
            0,
            9.625,
            0.5
          ],
          "rotation": 90,
          "texture": "#2"
        },
        "up": {
          "uv": [
            10.625,
            0.5,
            10.125,
            1
          ],
          "rotation": 180,
          "texture": "#2"
        },
        "down": {
          "uv": [
            10.125,
            0.5,
            9.625,
            1
          ],
          "texture": "#2"
        }
      }
    },
    {
      "from": [
        7.025,
        1.3,
        9
      ],
      "to": [
        8.975,
        5.3,
        11
      ],
      "rotation": {
        "angle": 45,
        "axis": "x",
        "origin": [
          8,
          7.3,
          7
        ]
      },
      "faces": {
        "north": {
          "uv": [
            9.125,
            0,
            9.625,
            1
          ],
          "rotation": 180,
          "texture": "#2"
        },
        "east": {
          "uv": [
            10.625,
            0,
            9.625,
            0.5
          ],
          "rotation": 270,
          "texture": "#2"
        },
        "south": {
          "uv": [
            8.625,
            0,
            9.125,
            1
          ],
          "texture": "#2"
        },
        "west": {
          "uv": [
            9.625,
            0,
            10.625,
            0.5
          ],
          "rotation": 90,
          "texture": "#2"
        },
        "up": {
          "uv": [
            10.125,
            1,
            9.625,
            0.5
          ],
          "texture": "#2"
        },
        "down": {
          "uv": [
            10.625,
            1,
            10.125,
            0.5
          ],
          "rotation": 180,
          "texture": "#2"
        }
      }
    },
    {
      "from": [
        7.275,
        7,
        6.5
      ],
      "to": [
        8.725,
        11,
        8
      ],
      "rotation": {
        "angle": 0,
        "axis": "y",
        "origin": [
          6.7,
          9,
          8
        ]
      },
      "faces": {
        "north": {
          "uv": [
            10.3625,
            3.875,
            10,
            4.875
          ],
          "texture": "#2"
        },
        "east": {
          "uv": [
            10.875,
            5.625,
            9.875,
            5.25
          ],
          "rotation": 270,
          "texture": "#2"
        },
        "south": {
          "uv": [
            10.7375,
            3.875,
            10.375,
            4.875
          ],
          "rotation": 180,
          "texture": "#2"
        },
        "west": {
          "uv": [
            9.875,
            5.625,
            10.875,
            5.25
          ],
          "rotation": 90,
          "texture": "#2"
        },
        "up": {
          "uv": [
            10.375,
            5.25,
            10.7375,
            4.875
          ],
          "rotation": 180,
          "texture": "#2"
        },
        "down": {
          "uv": [
            10,
            5.25,
            10.3625,
            4.875
          ],
          "texture": "#2"
        }
      }
    },
    {
      "from": [
        7.275,
        7,
        8
      ],
      "to": [
        8.725,
        11,
        9.5
      ],
      "rotation": {
        "angle": 0,
        "axis": "y",
        "origin": [
          6.7,
          9,
          8
        ]
      },
      "faces": {
        "north": {
          "uv": [
            10.375,
            3.875,
            10.7375,
            4.875
          ],
          "rotation": 180,
          "texture": "#2"
        },
        "east": {
          "uv": [
            10.875,
            5.25,
            9.875,
            5.625
          ],
          "rotation": 270,
          "texture": "#2"
        },
        "south": {
          "uv": [
            10,
            3.875,
            10.3625,
            4.875
          ],
          "texture": "#2"
        },
        "west": {
          "uv": [
            9.875,
            5.25,
            10.875,
            5.625
          ],
          "rotation": 90,
          "texture": "#2"
        },
        "up": {
          "uv": [
            10.375,
            4.875,
            10.7375,
            5.25
          ],
          "rotation": 180,
          "texture": "#2"
        },
        "down": {
          "uv": [
            10,
            4.875,
            10.3625,
            5.25
          ],
          "texture": "#2"
        }
      }
    },
    {
      "from": [
        7.5,
        10.7,
        7
      ],
      "to": [
        8.5,
        18.7,
        9
      ],
      "rotation": {
        "angle": 0,
        "axis": "y",
        "origin": [
          6.45,
          13.7,
          7
        ]
      },
      "faces": {
        "north": {
          "uv": [
            9.875,
            5.625,
            10.125,
            7.625
          ],
          "texture": "#2"
        },
        "east": {
          "uv": [
            10.875,
            5.625,
            10.375,
            7.625
          ],
          "texture": "#2"
        },
        "south": {
          "uv": [
            10.125,
            5.625,
            10.375,
            7.625
          ],
          "texture": "#2"
        },
        "west": {
          "uv": [
            10.375,
            5.625,
            10.875,
            7.625
          ],
          "texture": "#2"
        },
        "up": {
          "uv": [
            10.125,
            7.625,
            10.375,
            8.125
          ],
          "texture": "#2"
        },
        "down": {
          "uv": [
            9.875,
            7.625,
            10.125,
            8.125
          ],
          "texture": "#2"
        }
      }
    },
    {
      "from": [
        7.5,
        18.7,
        7
      ],
      "to": [
        8.5,
        26.7,
        9
      ],
      "rotation": {
        "angle": 0,
        "axis": "y",
        "origin": [
          6.45,
          21.7,
          7
        ]
      },
      "faces": {
        "north": {
          "uv": [
            9.875,
            5.625,
            10.125,
            7.625
          ],
          "texture": "#2"
        },
        "east": {
          "uv": [
            10.875,
            5.625,
            10.375,
            7.625
          ],
          "texture": "#2"
        },
        "south": {
          "uv": [
            10.125,
            5.625,
            10.375,
            7.625
          ],
          "texture": "#2"
        },
        "west": {
          "uv": [
            10.375,
            5.625,
            10.875,
            7.625
          ],
          "texture": "#2"
        },
        "up": {
          "uv": [
            10.125,
            7.625,
            10.375,
            8.125
          ],
          "texture": "#2"
        },
        "down": {
          "uv": [
            9.875,
            7.625,
            10.125,
            8.125
          ],
          "texture": "#2"
        }
      }
    },
    {
      "from": [
        8,
        10.7,
        8.5
      ],
      "to": [
        8,
        18.7,
        9.5
      ],
      "rotation": {
        "angle": 0,
        "axis": "y",
        "origin": [
          5.95,
          13.7,
          10.5
        ]
      },
      "faces": {
        "east": {
          "uv": [
            5,
            8.875,
            5.25,
            10.875
          ],
          "texture": "#2"
        },
        "west": {
          "uv": [
            5.25,
            8.875,
            5,
            10.875
          ],
          "texture": "#2"
        }
      }
    },
    {
      "from": [
        8,
        18.7,
        8.5
      ],
      "to": [
        8,
        26.7,
        9.5
      ],
      "rotation": {
        "angle": 0,
        "axis": "y",
        "origin": [
          5.95,
          21.7,
          10.5
        ]
      },
      "faces": {
        "east": {
          "uv": [
            5,
            8.875,
            5.25,
            10.875
          ],
          "texture": "#2"
        },
        "west": {
          "uv": [
            5.25,
            8.875,
            5,
            10.875
          ],
          "texture": "#2"
        }
      }
    },
    {
      "from": [
        8,
        26.45,
        -0.5
      ],
      "to": [
        8,
        26.95,
        7.5
      ],
      "rotation": {
        "angle": -22.5,
        "axis": "x",
        "origin": [
          8,
          26.575,
          8
        ]
      },
      "faces": {
        "east": {
          "uv": [
            5,
            8.875,
            5.125,
            10.875
          ],
          "rotation": 90,
          "texture": "#2"
        },
        "west": {
          "uv": [
            5.125,
            8.875,
            5,
            10.875
          ],
          "rotation": 270,
          "texture": "#2"
        }
      }
    },
    {
      "from": [
        5,
        4.25,
        4
      ],
      "to": [
        7,
        5.25,
        5
      ],
      "rotation": {
        "angle": -45,
        "axis": "x",
        "origin": [
          6,
          4.8,
          3
        ]
      },
      "faces": {
        "north": {
          "uv": [
            10.875,
            7.625,
            10.375,
            7.875
          ],
          "texture": "#2"
        },
        "east": {
          "uv": [
            10.625,
            7.875,
            10.875,
            8.125
          ],
          "texture": "#2"
        },
        "south": {
          "uv": [
            10.375,
            7.875,
            10.875,
            7.625
          ],
          "texture": "#2"
        },
        "west": {
          "uv": [
            10.375,
            7.875,
            10.625,
            8.125
          ],
          "texture": "#2"
        },
        "up": {
          "uv": [
            10.375,
            7.625,
            10.875,
            7.875
          ],
          "texture": "#2"
        },
        "down": {
          "uv": [
            10.375,
            7.625,
            10.875,
            7.875
          ],
          "texture": "#2"
        }
      }
    },
    {
      "from": [
        9,
        4.25,
        4
      ],
      "to": [
        11,
        5.25,
        5
      ],
      "rotation": {
        "angle": -45,
        "axis": "x",
        "origin": [
          10,
          4.8,
          3
        ]
      },
      "faces": {
        "north": {
          "uv": [
            10.375,
            7.625,
            10.875,
            7.875
          ],
          "texture": "#2"
        },
        "east": {
          "uv": [
            10.625,
            7.875,
            10.375,
            8.125
          ],
          "texture": "#2"
        },
        "south": {
          "uv": [
            10.875,
            7.875,
            10.375,
            7.625
          ],
          "texture": "#2"
        },
        "west": {
          "uv": [
            10.875,
            7.875,
            10.625,
            8.125
          ],
          "texture": "#2"
        },
        "up": {
          "uv": [
            10.875,
            7.625,
            10.375,
            7.875
          ],
          "texture": "#2"
        },
        "down": {
          "uv": [
            10.875,
            7.625,
            10.375,
            7.875
          ],
          "texture": "#2"
        }
      }
    },
    {
      "from": [
        8,
        25.45,
        -4.5
      ],
      "to": [
        8,
        27.45,
        -2.5
      ],
      "rotation": {
        "angle": -22.5,
        "axis": "x",
        "origin": [
          8,
          26.575,
          8
        ]
      },
      "faces": {
        "east": {
          "uv": [
            9.875,
            8.125,
            10.375,
            8.625
          ],
          "texture": "#2"
        },
        "west": {
          "uv": [
            10.375,
            8.125,
            9.875,
            8.625
          ],
          "texture": "#2"
        }
      }
    },
    {
      "from": [
        7,
        25.7,
        -2.5
      ],
      "to": [
        9,
        27.7,
        -0.5
      ],
      "rotation": {
        "angle": -22.5,
        "axis": "x",
        "origin": [
          8,
          26.575,
          8
        ]
      },
      "faces": {
        "north": {
          "uv": [
            9.375,
            7.875,
            9.875,
            8.375
          ],
          "texture": "#2"
        },
        "east": {
          "uv": [
            8.875,
            8.375,
            8.375,
            7.875
          ],
          "texture": "#2"
        },
        "south": {
          "uv": [
            8.875,
            7.875,
            9.375,
            8.375
          ],
          "texture": "#2"
        },
        "west": {
          "uv": [
            8.375,
            7.875,
            8.875,
            8.375
          ],
          "texture": "#2"
        },
        "up": {
          "uv": [
            8.375,
            7.875,
            8.875,
            8.375
          ],
          "rotation": 90,
          "texture": "#2"
        },
        "down": {
          "uv": [
            8.375,
            7.875,
            8.875,
            8.375
          ],
          "rotation": 270,
          "texture": "#2"
        }
      }
    }
  ],
  "gui_light": "front",
  "display": {
    "thirdperson_righthand": {
      "translation": [
        0,
        5.25,
        1.75
      ],
      "scale": [
        0.74414,
        0.74414,
        0.74414
      ]
    },
    "thirdperson_lefthand": {
      "translation": [
        0,
        5.25,
        1.75
      ],
      "scale": [
        0.74414,
        0.74414,
        0.74414
      ]
    },
    "firstperson_righthand": {
      "rotation": [
        -20,
        0,
        0
      ],
      "translation": [
        0,
        5,
        2.5
      ],
      "scale": [
        0.75,
        0.75,
        0.75
      ]
    },
    "firstperson_lefthand": {
      "rotation": [
        -20,
        0,
        0
      ],
      "translation": [
        0,
        5,
        2.5
      ],
      "scale": [
        0.75,
        0.75,
        0.75
      ]
    },
    "ground": {
      "rotation": [
        -45,
        0,
        0
      ],
      "translation": [
        0,
        2.25,
        1.75
      ],
      "scale": [
        0.5,
        0.5,
        0.5
      ]
    },
    "gui": {
      "rotation": [
        90,
        -135,
        90
      ],
      "translation": [
        -1.5,
        -1,
        0
      ],
      "scale": [
        0.49414,
        0.49414,
        0.49414
      ]
    },
    "head": {
      "scale": [
        0,
        0,
        0
      ]
    },
    "fixed": {
      "rotation": [
        90,
        90,
        -90
      ],
      "translation": [
        -0.25,
        16.25,
        -3.38
      ],
      "scale": [
        2.22657,
        2.22657,
        2.22657
      ]
    }
  },
  "groups": [
    0,
    1,
    2,
    3,
    4,
    5,
    6,
    7,
    8,
    {
      "name": "group",
      "origin": [
        8.25,
        8.81409,
        14.76764
      ],
      "color": 0,
      "children": [
        9,
        10,
        11,
        12
      ]
    },
    13,
    14,
    15,
    16,
    17,
    18,
    19,
    20,
    21,
    22,
    23,
    24,
    25,
    26
  ]
}