{"textures":{"0":"modelengine:entity/ender_dragon"},"elements":[{"from":[-5.6000004,2.3679433,-10.0],"to":[21.6,10.767943,28.4],"rotation":{"angle":0.0,"axis":"y","origin":[8.0,3.9679432,8.0]},"faces":{"east":{"uv":[5.234375,0.234375,5.984375,0.3984375],"rotation":0,"texture":"#0","tintindex":0},"south":{"uv":[6.0859375,3.6171875,6.6171875,3.78125],"rotation":0,"texture":"#0","tintindex":0},"north":{"uv":[6.0234375,2.6171875,6.5546875,2.78125],"rotation":0,"texture":"#0","tintindex":0},"west":{"uv":[5.265625,2.3125,6.015625,2.4765625],"rotation":0,"texture":"#0","tintindex":0},"up":{"uv":[2.859375,1.890625,2.328125,1.140625],"rotation":0,"texture":"#0","tintindex":0},"down":{"uv":[0.53125,2.4375,0.0,3.1875],"rotation":0,"texture":"#0","tintindex":0}}},{"from":[-1.4000006,-10.432056,9.04],"to":[17.400002,-2.0320568,16.240002],"rotation":{"angle":0.0,"axis":"y","origin":[7.8,3.9679432,4.24]},"faces":{"east":{"uv":[1.28125,7.46875,1.421875,7.6328125],"rotation":0,"texture":"#0","tintindex":0},"south":{"uv":[6.6796875,2.4375,7.046875,2.6015625],"rotation":0,"texture":"#0","tintindex":0},"north":{"uv":[6.671875,1.3046875,7.0390625,1.46875],"rotation":0,"texture":"#0","tintindex":0},"west":{"uv":[2.0546875,7.46875,2.1953125,7.6328125],"rotation":0,"texture":"#0","tintindex":0},"up":{"uv":[2.4375,4.28125,2.0703125,4.140625],"rotation":0,"texture":"#0","tintindex":0},"down":{"uv":[7.1171875,4.265625,6.75,4.40625],"rotation":0,"texture":"#0","tintindex":0}}},{"from":[-1.0,-11.232056,-1.6000004],"to":[17.0,-2.832057,6.8],"rotation":{"angle":0.0,"axis":"y","origin":[7.8,3.9679432,8.0]},"faces":{"east":{"uv":[4.03125,7.3359375,4.1953125,7.5],"rotation":0,"texture":"#0","tintindex":0},"south":{"uv":[6.71875,6.6015625,7.0703125,6.765625],"rotation":0,"texture":"#0","tintindex":0},"north":{"uv":[6.71875,6.4375,7.0703125,6.6015625],"rotation":0,"texture":"#0","tintindex":0},"west":{"uv":[0.2578125,7.34375,0.421875,7.5078125],"rotation":0,"texture":"#0","tintindex":0},"up":{"uv":[7.078125,4.1015625,6.7265625,3.9375],"rotation":0,"texture":"#0","tintindex":0},"down":{"uv":[7.078125,4.1015625,6.7265625,4.265625],"rotation":0,"texture":"#0","tintindex":0}}},{"from":[-1.6000004,10.767943,-12.0],"to":[17.6,19.167942,26.0],"rotation":{"angle":0.0,"axis":"y","origin":[7.6,3.9679432,8.0]},"faces":{"east":{"uv":[5.265625,2.4765625,6.0078125,2.640625],"rotation":0,"texture":"#0","tintindex":0},"south":{"uv":[6.625,5.8515625,7.0,6.015625],"rotation":0,"texture":"#0","tintindex":0},"north":{"uv":[6.6171875,2.8671875,6.9921875,3.03125],"rotation":0,"texture":"#0","tintindex":0},"west":{"uv":[5.28125,2.640625,6.0234375,2.8046875],"rotation":0,"texture":"#0","tintindex":0},"up":{"uv":[1.078125,4.1953125,0.703125,3.453125],"rotation":0,"texture":"#0","tintindex":0},"down":{"uv":[1.453125,3.7734375,1.078125,4.515625],"rotation":0,"texture":"#0","tintindex":0}}},{"from":[1.5999999,-8.332058,-11.200001],"to":[14.4,7.967943,29.2],"rotation":{"angle":-22.5,"axis":"x","origin":[8.0,3.9679432,8.0]},"faces":{"east":{"uv":[2.6015625,3.9765625,3.390625,4.296875],"rotation":0,"texture":"#0","tintindex":0},"south":{"uv":[6.375,6.125,6.625,6.4453125],"rotation":0,"texture":"#0","tintindex":0},"north":{"uv":[6.3671875,2.78125,6.6171875,3.1015625],"rotation":0,"texture":"#0","tintindex":0},"west":{"uv":[3.390625,3.9765625,4.1796875,4.296875],"rotation":0,"texture":"#0","tintindex":0},"up":{"uv":[3.28125,5.0859375,3.03125,4.296875],"rotation":0,"texture":"#0","tintindex":0},"down":{"uv":[3.53125,4.296875,3.28125,5.0859375],"rotation":0,"texture":"#0","tintindex":0}}},{"from":[-5.7,-11.732056,-2.0],"to":[1.9000001,4.567943,7.2],"rotation":{"angle":22.5,"axis":"z","origin":[-4.4000006,-0.18205643,3.7999997]},"faces":{"east":{"uv":[6.7421875,1.46875,6.921875,1.7890625],"rotation":0,"texture":"#0","tintindex":0},"south":{"uv":[4.953125,6.96875,5.1015625,7.2890625],"rotation":0,"texture":"#0","tintindex":0},"north":{"uv":[4.953125,6.96875,5.1015625,7.2890625],"rotation":0,"texture":"#0","tintindex":0},"west":{"uv":[6.75,3.03125,6.9296875,3.3515625],"rotation":0,"texture":"#0","tintindex":0},"up":{"uv":[5.078125,0.625,4.9296875,0.4453125],"rotation":0,"texture":"#0","tintindex":0},"down":{"uv":[7.0859375,1.9921875,6.9375,2.171875],"rotation":0,"texture":"#0","tintindex":0}}},{"from":[14.1,-11.732056,-2.0],"to":[21.7,4.567943,7.2],"rotation":{"angle":-22.5,"axis":"z","origin":[20.400002,-0.18205643,3.7999997]},"faces":{"east":{"uv":[6.9296875,3.03125,6.75,3.3515625],"rotation":0,"texture":"#0","tintindex":0},"south":{"uv":[5.1015625,6.96875,4.953125,7.2890625],"rotation":0,"texture":"#0","tintindex":0},"north":{"uv":[5.1015625,6.96875,4.953125,7.2890625],"rotation":0,"texture":"#0","tintindex":0},"west":{"uv":[6.921875,1.46875,6.7421875,1.7890625],"rotation":0,"texture":"#0","tintindex":0},"up":{"uv":[4.9296875,0.625,5.078125,0.4453125],"rotation":0,"texture":"#0","tintindex":0},"down":{"uv":[6.9375,1.9921875,7.0859375,2.171875],"rotation":0,"texture":"#0","tintindex":0}}},{"from":[-5.7,-8.532057,8.64],"to":[1.9000001,7.7679434,16.64],"rotation":{"angle":22.5,"axis":"z","origin":[-4.4000006,-0.18205643,0.03999996]},"faces":{"east":{"uv":[1.4375,1.8671875,1.59375,2.1875],"rotation":0,"texture":"#0","tintindex":0},"south":{"uv":[4.953125,6.9609375,5.1015625,7.28125],"rotation":0,"texture":"#0","tintindex":0},"north":{"uv":[4.953125,6.9609375,5.1015625,7.28125],"rotation":0,"texture":"#0","tintindex":0},"west":{"uv":[1.078125,3.453125,1.234375,3.7734375],"rotation":0,"texture":"#0","tintindex":0},"up":{"uv":[2.5859375,4.296875,2.4375,4.140625],"rotation":0,"texture":"#0","tintindex":0},"down":{"uv":[7.59375,7.203125,7.4453125,7.359375],"rotation":0,"texture":"#0","tintindex":0}}},{"from":[14.1,-8.532057,8.64],"to":[21.7,7.7679434,16.64],"rotation":{"angle":-22.5,"axis":"z","origin":[20.400002,-0.18205643,0.03999996]},"faces":{"east":{"uv":[1.234375,3.453125,1.078125,3.7734375],"rotation":0,"texture":"#0","tintindex":0},"south":{"uv":[5.1015625,6.9609375,4.953125,7.28125],"rotation":0,"texture":"#0","tintindex":0},"north":{"uv":[5.1015625,6.9609375,4.953125,7.28125],"rotation":0,"texture":"#0","tintindex":0},"west":{"uv":[1.59375,1.8671875,1.4375,2.1875],"rotation":0,"texture":"#0","tintindex":0},"up":{"uv":[2.4375,4.296875,2.5859375,4.140625],"rotation":0,"texture":"#0","tintindex":0},"down":{"uv":[7.4453125,7.203125,7.59375,7.359375],"rotation":0,"texture":"#0","tintindex":0}}},{"from":[-5.7,-6.4320574,19.44],"to":[1.9000001,9.867943,27.44],"rotation":{"angle":22.5,"axis":"z","origin":[-4.4000006,1.917943,10.84]},"faces":{"east":{"uv":[6.8515625,4.96875,7.0078125,5.2890625],"rotation":0,"texture":"#0","tintindex":0},"south":{"uv":[4.953125,6.96875,5.1015625,7.2890625],"rotation":0,"texture":"#0","tintindex":0},"north":{"uv":[4.953125,6.96875,5.1015625,7.2890625],"rotation":0,"texture":"#0","tintindex":0},"west":{"uv":[3.4609375,6.875,3.6171875,7.1953125],"rotation":0,"texture":"#0","tintindex":0},"up":{"uv":[2.828125,7.609375,2.6796875,7.453125],"rotation":0,"texture":"#0","tintindex":0},"down":{"uv":[3.1640625,7.453125,3.015625,7.609375],"rotation":0,"texture":"#0","tintindex":0}}},{"from":[14.1,-6.4320574,19.44],"to":[21.7,9.867943,27.44],"rotation":{"angle":-22.5,"axis":"z","origin":[20.400002,1.917943,10.84]},"faces":{"east":{"uv":[3.6171875,6.875,3.4609375,7.1953125],"rotation":0,"texture":"#0","tintindex":0},"south":{"uv":[5.1015625,6.96875,4.953125,7.2890625],"rotation":0,"texture":"#0","tintindex":0},"north":{"uv":[5.1015625,6.96875,4.953125,7.2890625],"rotation":0,"texture":"#0","tintindex":0},"west":{"uv":[7.0078125,4.96875,6.8515625,5.2890625],"rotation":0,"texture":"#0","tintindex":0},"up":{"uv":[2.6796875,7.609375,2.828125,7.453125],"rotation":0,"texture":"#0","tintindex":0},"down":{"uv":[3.015625,7.453125,3.1640625,7.609375],"rotation":0,"texture":"#0","tintindex":0}}},{"from":[-1.4000006,-8.332058,19.84],"to":[17.400002,0.067943096,27.039999],"rotation":{"angle":0.0,"axis":"y","origin":[7.8,6.0679436,15.040001]},"faces":{"east":{"uv":[6.9453125,7.46875,7.0859375,7.6328125],"rotation":0,"texture":"#0","tintindex":0},"south":{"uv":[6.71875,2.171875,7.0859375,2.3359375],"rotation":0,"texture":"#0","tintindex":0},"north":{"uv":[6.6875,3.7734375,7.0546875,3.9375],"rotation":0,"texture":"#0","tintindex":0},"west":{"uv":[7.4765625,6.0078125,7.6171875,6.171875],"rotation":0,"texture":"#0","tintindex":0},"up":{"uv":[7.2109375,3.640625,6.84375,3.5],"rotation":0,"texture":"#0","tintindex":0},"down":{"uv":[4.3984375,6.84375,4.03125,6.984375],"rotation":0,"texture":"#0","tintindex":0}}},{"from":[5.5360003,17.511944,1.2639999],"to":[10.464,26.343943,9.136],"rotation":{"angle":22.5,"axis":"x","origin":[8.0,22.839943,3.1999998]},"faces":{"east":{"uv":[4.078125,7.8984375,4.15625,8.0078125],"rotation":0,"texture":"#0","tintindex":0},"south":{"uv":[3.6953125,7.859375,3.7890625,7.96875],"rotation":0,"texture":"#0","tintindex":0},"north":{"uv":[7.859375,3.6015625,7.953125,3.7109375],"rotation":0,"texture":"#0","tintindex":0},"west":{"uv":[4.15625,7.8984375,4.234375,8.0078125],"rotation":0,"texture":"#0","tintindex":0},"up":{"uv":[3.6015625,8.0,3.5078125,7.921875],"rotation":0,"texture":"#0","tintindex":0},"down":{"uv":[3.6953125,7.921875,3.6015625,8.0],"rotation":0,"texture":"#0","tintindex":0}}},{"from":[6.768,16.423756,-1.3882837],"to":[9.232,25.255756,3.0757165],"rotation":{"angle":45.0,"axis":"x","origin":[8.176,23.495756,-0.86028385]},"faces":{"east":{"uv":[0.4140625,7.734375,0.4609375,7.84375],"rotation":0,"texture":"#0","tintindex":0},"south":{"uv":[7.8984375,7.9609375,7.9453125,8.0703125],"rotation":0,"texture":"#0","tintindex":0},"north":{"uv":[2.3671875,7.390625,2.4140625,7.5],"rotation":0,"texture":"#0","tintindex":0},"west":{"uv":[1.8203125,7.9765625,1.8671875,8.0859375],"rotation":0,"texture":"#0","tintindex":0},"up":{"uv":[8.078125,1.5,8.03125,1.453125],"rotation":0,"texture":"#0","tintindex":0},"down":{"uv":[8.078125,1.5,8.03125,1.546875],"rotation":0,"texture":"#0","tintindex":0}}},{"from":[6.592,24.736,3.1350455],"to":[9.408,32.0,8.399046],"rotation":{"angle":0.0,"axis":"y","origin":[8.0,29.992,5.2470455]},"faces":{"east":{"uv":[2.890625,8.03125,2.9375,8.078125],"rotation":0,"texture":"#0","tintindex":0},"south":{"uv":[5.6171875,8.015625,5.671875,8.0625],"rotation":0,"texture":"#0","tintindex":0},"north":{"uv":[8.015625,3.65625,8.0703125,3.703125],"rotation":0,"texture":"#0","tintindex":0},"west":{"uv":[2.9375,8.03125,2.984375,8.078125],"rotation":0,"texture":"#0","tintindex":0},"up":{"uv":[8.0703125,5.9453125,8.015625,5.8984375],"rotation":0,"texture":"#0","tintindex":0},"down":{"uv":[6.1328125,8.015625,6.078125,8.0625],"rotation":0,"texture":"#0","tintindex":0}}},{"from":[6.768,16.423756,18.051716],"to":[9.232,25.255756,22.515717],"rotation":{"angle":45.0,"axis":"x","origin":[8.176,23.495756,18.579716]},"faces":{"east":{"uv":[0.4140625,7.734375,0.4609375,7.84375],"rotation":0,"texture":"#0","tintindex":0},"south":{"uv":[7.8984375,7.9609375,7.9453125,8.0703125],"rotation":0,"texture":"#0","tintindex":0},"north":{"uv":[2.3671875,7.390625,2.4140625,7.5],"rotation":0,"texture":"#0","tintindex":0},"west":{"uv":[1.8203125,7.9765625,1.8671875,8.0859375],"rotation":0,"texture":"#0","tintindex":0},"up":{"uv":[8.078125,1.5,8.03125,1.453125],"rotation":0,"texture":"#0","tintindex":0},"down":{"uv":[8.078125,1.5,8.03125,1.546875],"rotation":0,"texture":"#0","tintindex":0}}},{"from":[5.5360003,17.511944,20.704],"to":[10.464,26.343943,26.576],"rotation":{"angle":22.5,"axis":"x","origin":[8.0,22.839943,22.64]},"faces":{"east":{"uv":[4.078125,7.8984375,4.15625,8.0078125],"rotation":0,"texture":"#0","tintindex":0},"south":{"uv":[3.6953125,7.859375,3.7890625,7.96875],"rotation":0,"texture":"#0","tintindex":0},"north":{"uv":[7.859375,3.6015625,7.953125,3.7109375],"rotation":0,"texture":"#0","tintindex":0},"west":{"uv":[4.15625,7.8984375,4.234375,8.0078125],"rotation":0,"texture":"#0","tintindex":0},"up":{"uv":[3.6015625,8.0,3.5078125,7.921875],"rotation":0,"texture":"#0","tintindex":0},"down":{"uv":[3.6953125,7.921875,3.6015625,8.0],"rotation":0,"texture":"#0","tintindex":0}}},{"from":[6.592,24.736,22.575047],"to":[9.408,30.8,26.639046],"rotation":{"angle":0.0,"axis":"y","origin":[8.0,29.992,24.687046]},"faces":{"east":{"uv":[2.890625,8.03125,2.9375,8.078125],"rotation":0,"texture":"#0","tintindex":0},"south":{"uv":[5.6171875,8.015625,5.671875,8.0625],"rotation":0,"texture":"#0","tintindex":0},"north":{"uv":[8.015625,3.65625,8.0703125,3.703125],"rotation":0,"texture":"#0","tintindex":0},"west":{"uv":[2.9375,8.03125,2.984375,8.078125],"rotation":0,"texture":"#0","tintindex":0},"up":{"uv":[8.0703125,5.9453125,8.015625,5.8984375],"rotation":0,"texture":"#0","tintindex":0},"down":{"uv":[6.1328125,8.015625,6.078125,8.0625],"rotation":0,"texture":"#0","tintindex":0}}}],"display":{"head":{"translation":[0.0,9.728228,0.0],"scale":[4.0,4.0,4.0]}}}