{"textures":{"0":"modelengine:entity/ender_dragon"},"elements":[{"from":[4.304,4.573614,-16.0],"to":[11.696,7.741614,-12.48],"rotation":{"angle":22.5,"axis":"x","origin":[8.0,4.309614,-15.119999]},"faces":{"east":{"uv":[2.9609375,0.5078125,3.03125,0.5703125],"rotation":0,"texture":"#0","tintindex":0},"south":{"uv":[6.4296875,5.25,6.5703125,5.3125],"rotation":0,"texture":"#0","tintindex":0},"north":{"uv":[6.0078125,4.53125,6.1484375,4.59375],"rotation":0,"texture":"#0","tintindex":0},"west":{"uv":[5.8671875,0.7734375,5.9375,0.8359375],"rotation":0,"texture":"#0","tintindex":0},"up":{"uv":[8.0,3.2265625,7.859375,3.15625],"rotation":0,"texture":"#0","tintindex":0},"down":{"uv":[8.0078125,4.53125,7.8671875,4.6015625],"rotation":0,"texture":"#0","tintindex":0}}},{"from":[5.5360003,1.5213318,-15.868128],"to":[10.464,4.689331,-12.348127],"rotation":{"angle":0.0,"axis":"y","origin":[8.176,2.7533317,-14.812128]},"faces":{"east":{"uv":[5.8828125,4.1171875,5.953125,4.1796875],"rotation":0,"texture":"#0","tintindex":0},"south":{"uv":[7.96875,3.859375,8.0625,3.921875],"rotation":0,"texture":"#0","tintindex":0},"north":{"uv":[7.96875,3.796875,8.0625,3.859375],"rotation":0,"texture":"#0","tintindex":0},"west":{"uv":[6.234375,3.3671875,6.3046875,3.4296875],"rotation":0,"texture":"#0","tintindex":0},"up":{"uv":[4.3125,2.453125,4.21875,2.3828125],"rotation":0,"texture":"#0","tintindex":0},"down":{"uv":[8.0546875,2.0,7.9609375,2.0703125],"rotation":0,"texture":"#0","tintindex":0}}},{"from":[3.2479997,2.6376138,-10.191999],"to":[8.176,7.829614,3.888001],"rotation":{"angle":-22.5,"axis":"y","origin":[8.352,1.3176141,-7.552]},"faces":{"east":{"uv":[5.4921875,4.0625,5.765625,4.1640625],"rotation":0,"texture":"#0","tintindex":0},"south":{"uv":[2.46875,7.875,2.5625,7.9765625],"rotation":0,"texture":"#0","tintindex":0},"north":{"uv":[3.5,5.6328125,3.59375,5.734375],"rotation":0,"texture":"#0","tintindex":0},"west":{"uv":[5.5,4.75,5.7734375,4.8515625],"rotation":0,"texture":"#0","tintindex":0},"up":{"uv":[0.8671875,7.6171875,0.7734375,7.34375],"rotation":0,"texture":"#0","tintindex":0},"down":{"uv":[7.4453125,7.265625,7.3515625,7.5390625],"rotation":0,"texture":"#0","tintindex":0}}},{"from":[7.824,2.6376138,-10.191999],"to":[12.752001,7.829614,3.888001],"rotation":{"angle":22.5,"axis":"y","origin":[7.648,1.3176141,-7.552]},"faces":{"east":{"uv":[6.3203125,3.5,6.59375,3.6015625],"rotation":0,"texture":"#0","tintindex":0},"south":{"uv":[7.875,3.8046875,7.96875,3.90625],"rotation":0,"texture":"#0","tintindex":0},"north":{"uv":[2.5625,7.875,2.65625,7.9765625],"rotation":0,"texture":"#0","tintindex":0},"west":{"uv":[6.71875,2.3359375,6.9921875,2.4375],"rotation":0,"texture":"#0","tintindex":0},"up":{"uv":[1.28125,7.6328125,1.1875,7.359375],"rotation":0,"texture":"#0","tintindex":0},"down":{"uv":[7.453125,4.8828125,7.359375,5.15625],"rotation":0,"texture":"#0","tintindex":0}}},{"from":[10.288,1.0536141,-7.7279987],"to":[11.696,2.9016137,-5.9679985],"rotation":{"angle":22.5,"axis":"y","origin":[7.648,1.3176141,-6.4959984]},"faces":{"east":{"uv":[5.0234375,1.578125,5.0546875,1.6171875],"rotation":0,"texture":"#0","tintindex":0},"south":{"uv":[6.4296875,1.9609375,6.4609375,2.0],"rotation":0,"texture":"#0","tintindex":0},"north":{"uv":[4.3515625,0.9765625,4.3828125,1.015625],"rotation":0,"texture":"#0","tintindex":0},"west":{"uv":[3.6171875,7.15625,3.6484375,7.1953125],"rotation":0,"texture":"#0","tintindex":0},"up":{"uv":[2.90625,2.7578125,2.875,2.7265625],"rotation":0,"texture":"#0","tintindex":0},"down":{"uv":[3.8046875,5.3203125,3.7734375,5.3515625],"rotation":0,"texture":"#0","tintindex":0}}},{"from":[10.464,-0.26638603,-7.3759995],"to":[11.432,1.0536141,-6.408],"rotation":{"angle":22.5,"axis":"y","origin":[7.648,1.3176141,-6.4959984]},"faces":{"east":{"uv":[4.3671875,0.640625,4.3828125,0.6640625],"rotation":0,"texture":"#0","tintindex":0},"south":{"uv":[4.3671875,0.6640625,4.3828125,0.6875],"rotation":0,"texture":"#0","tintindex":0},"north":{"uv":[4.3671875,0.6171875,4.3828125,0.640625],"rotation":0,"texture":"#0","tintindex":0},"west":{"uv":[4.3671875,0.6875,4.3828125,0.7109375],"rotation":0,"texture":"#0","tintindex":0},"up":{"uv":[1.453125,1.34375,1.4375,1.328125],"rotation":0,"texture":"#0","tintindex":0},"down":{"uv":[1.46875,1.328125,1.453125,1.34375],"rotation":0,"texture":"#0","tintindex":0}}},{"from":[8.704,1.1416135,-11.6],"to":[9.672,2.4616137,-10.631998],"rotation":{"angle":0.0,"axis":"y","origin":[7.648,1.3176141,-7.552]},"faces":{"east":{"uv":[4.3671875,0.734375,4.3828125,0.7578125],"rotation":0,"texture":"#0","tintindex":0},"south":{"uv":[4.3671875,0.7578125,4.3828125,0.78125],"rotation":0,"texture":"#0","tintindex":0},"north":{"uv":[4.3671875,0.7109375,4.3828125,0.734375],"rotation":0,"texture":"#0","tintindex":0},"west":{"uv":[4.3671875,0.78125,4.3828125,0.8046875],"rotation":0,"texture":"#0","tintindex":0},"up":{"uv":[1.484375,1.34375,1.46875,1.328125],"rotation":0,"texture":"#0","tintindex":0},"down":{"uv":[1.5,1.328125,1.484375,1.34375],"rotation":0,"texture":"#0","tintindex":0}}},{"from":[9.584,0.52561426,-3.7679996],"to":[10.992001,2.9016137,-2.0079994],"rotation":{"angle":22.5,"axis":"y","origin":[7.648,1.3176141,-7.552]},"faces":{"east":{"uv":[6.4921875,7.0234375,6.5234375,7.0703125],"rotation":0,"texture":"#0","tintindex":0},"south":{"uv":[7.046875,2.4375,7.078125,2.484375],"rotation":0,"texture":"#0","tintindex":0},"north":{"uv":[3.6171875,7.015625,3.6484375,7.0625],"rotation":0,"texture":"#0","tintindex":0},"west":{"uv":[7.046875,2.484375,7.078125,2.53125],"rotation":0,"texture":"#0","tintindex":0},"up":{"uv":[6.125,7.390625,6.09375,7.359375],"rotation":0,"texture":"#0","tintindex":0},"down":{"uv":[1.3125,7.4375,1.28125,7.46875],"rotation":0,"texture":"#0","tintindex":0}}},{"from":[9.76,-0.79438686,-3.4159994],"to":[10.728001,0.52561426,-2.447999],"rotation":{"angle":22.5,"axis":"y","origin":[7.648,1.3176141,-7.552]},"faces":{"east":{"uv":[4.3671875,0.828125,4.3828125,0.8515625],"rotation":0,"texture":"#0","tintindex":0},"south":{"uv":[4.3828125,1.8671875,4.3984375,1.890625],"rotation":0,"texture":"#0","tintindex":0},"north":{"uv":[4.3671875,0.8046875,4.3828125,0.828125],"rotation":0,"texture":"#0","tintindex":0},"west":{"uv":[4.15625,4.390625,4.171875,4.4140625],"rotation":0,"texture":"#0","tintindex":0},"up":{"uv":[1.515625,1.34375,1.5,1.328125],"rotation":0,"texture":"#0","tintindex":0},"down":{"uv":[1.53125,1.328125,1.515625,1.34375],"rotation":0,"texture":"#0","tintindex":0}}},{"from":[11.872,1.581614,-1.2159986],"to":[13.280001,3.6056142,0.5440006],"rotation":{"angle":-22.5,"axis":"x","origin":[12.554001,0.5476141,-0.3579998]},"faces":{"east":{"uv":[6.09375,7.28125,6.125,7.3203125],"rotation":0,"texture":"#0","tintindex":0},"south":{"uv":[6.09375,7.3203125,6.125,7.359375],"rotation":0,"texture":"#0","tintindex":0},"north":{"uv":[6.09375,7.2421875,6.125,7.28125],"rotation":0,"texture":"#0","tintindex":0},"west":{"uv":[1.28125,7.359375,1.3125,7.3984375],"rotation":0,"texture":"#0","tintindex":0},"up":{"uv":[7.4765625,2.015625,7.4453125,1.984375],"rotation":0,"texture":"#0","tintindex":0},"down":{"uv":[7.4453125,7.578125,7.4140625,7.609375],"rotation":0,"texture":"#0","tintindex":0}}},{"from":[12.048,-0.35438633,-0.86399937],"to":[13.016001,1.581614,0.104001045],"rotation":{"angle":-22.5,"axis":"x","origin":[12.554001,0.5476141,-0.3579998]},"faces":{"east":{"uv":[1.59375,1.90625,1.609375,1.9453125],"rotation":0,"texture":"#0","tintindex":0},"south":{"uv":[1.59375,1.9453125,1.609375,1.984375],"rotation":0,"texture":"#0","tintindex":0},"north":{"uv":[1.59375,1.8671875,1.609375,1.90625],"rotation":0,"texture":"#0","tintindex":0},"west":{"uv":[1.59375,1.984375,1.609375,2.0234375],"rotation":0,"texture":"#0","tintindex":0},"up":{"uv":[1.546875,1.34375,1.53125,1.328125],"rotation":0,"texture":"#0","tintindex":0},"down":{"uv":[1.5625,1.328125,1.546875,1.34375],"rotation":0,"texture":"#0","tintindex":0}}},{"from":[2.7199998,1.581614,-1.2159986],"to":[4.128,3.6056142,0.5440006],"rotation":{"angle":-22.5,"axis":"x","origin":[3.4459996,0.5476141,-0.3579998]},"faces":{"east":{"uv":[3.015625,7.40625,3.046875,7.4453125],"rotation":0,"texture":"#0","tintindex":0},"south":{"uv":[7.3203125,7.40625,7.3515625,7.4453125],"rotation":0,"texture":"#0","tintindex":0},"north":{"uv":[1.28125,7.3984375,1.3125,7.4375],"rotation":0,"texture":"#0","tintindex":0},"west":{"uv":[5.40625,7.4296875,5.4375,7.46875],"rotation":0,"texture":"#0","tintindex":0},"up":{"uv":[7.6953125,0.3515625,7.6640625,0.3203125],"rotation":0,"texture":"#0","tintindex":0},"down":{"uv":[7.75,0.484375,7.71875,0.515625],"rotation":0,"texture":"#0","tintindex":0}}},{"from":[2.9839997,-0.35438633,-0.86399937],"to":[3.9520001,1.581614,0.104001045],"rotation":{"angle":-22.5,"axis":"x","origin":[3.4459996,0.5476141,-0.3579998]},"faces":{"east":{"uv":[1.59375,2.0625,1.609375,2.1015625],"rotation":0,"texture":"#0","tintindex":0},"south":{"uv":[1.59375,2.1015625,1.609375,2.140625],"rotation":0,"texture":"#0","tintindex":0},"north":{"uv":[1.59375,2.0234375,1.609375,2.0625],"rotation":0,"texture":"#0","tintindex":0},"west":{"uv":[1.59375,2.140625,1.609375,2.1796875],"rotation":0,"texture":"#0","tintindex":0},"up":{"uv":[1.578125,1.34375,1.5625,1.328125],"rotation":0,"texture":"#0","tintindex":0},"down":{"uv":[1.59375,1.328125,1.578125,1.34375],"rotation":0,"texture":"#0","tintindex":0}}},{"from":[6.328,1.1416135,-11.6],"to":[7.296,2.4616137,-10.631998],"rotation":{"angle":0.0,"axis":"y","origin":[8.352,1.3176141,-7.552]},"faces":{"east":{"uv":[4.4140625,1.8671875,4.4296875,1.890625],"rotation":0,"texture":"#0","tintindex":0},"south":{"uv":[4.15625,4.4140625,4.171875,4.4375],"rotation":0,"texture":"#0","tintindex":0},"north":{"uv":[4.3984375,1.8671875,4.4140625,1.890625],"rotation":0,"texture":"#0","tintindex":0},"west":{"uv":[4.4296875,1.8671875,4.4453125,1.890625],"rotation":0,"texture":"#0","tintindex":0},"up":{"uv":[1.609375,1.34375,1.59375,1.328125],"rotation":0,"texture":"#0","tintindex":0},"down":{"uv":[2.875,2.109375,2.859375,2.125],"rotation":0,"texture":"#0","tintindex":0}}},{"from":[4.304,1.0536141,-7.7279987],"to":[5.712,2.9016137,-5.9679985],"rotation":{"angle":-22.5,"axis":"y","origin":[8.352,1.3176141,-6.4959984]},"faces":{"east":{"uv":[5.40625,7.46875,5.4375,7.5078125],"rotation":0,"texture":"#0","tintindex":0},"south":{"uv":[7.3203125,7.484375,7.3515625,7.5234375],"rotation":0,"texture":"#0","tintindex":0},"north":{"uv":[7.3203125,7.4453125,7.3515625,7.484375],"rotation":0,"texture":"#0","tintindex":0},"west":{"uv":[5.40625,7.5078125,5.4375,7.546875],"rotation":0,"texture":"#0","tintindex":0},"up":{"uv":[7.375,7.7578125,7.34375,7.7265625],"rotation":0,"texture":"#0","tintindex":0},"down":{"uv":[7.40625,7.7265625,7.375,7.7578125],"rotation":0,"texture":"#0","tintindex":0}}},{"from":[4.568,-0.26638603,-7.3759995],"to":[5.5360003,1.0536141,-6.408],"rotation":{"angle":-22.5,"axis":"y","origin":[8.352,1.3176141,-6.4959984]},"faces":{"east":{"uv":[4.4453125,1.8671875,4.4609375,1.890625],"rotation":0,"texture":"#0","tintindex":0},"south":{"uv":[4.4609375,1.8671875,4.4765625,1.890625],"rotation":0,"texture":"#0","tintindex":0},"north":{"uv":[4.15625,4.4375,4.171875,4.4609375],"rotation":0,"texture":"#0","tintindex":0},"west":{"uv":[4.15625,4.4609375,4.171875,4.484375],"rotation":0,"texture":"#0","tintindex":0},"up":{"uv":[3.75,2.453125,3.734375,2.4375],"rotation":0,"texture":"#0","tintindex":0},"down":{"uv":[3.765625,2.4375,3.75,2.453125],"rotation":0,"texture":"#0","tintindex":0}}},{"from":[5.008,0.52561426,-3.7679996],"to":[6.416,2.9016137,-2.0079994],"rotation":{"angle":-22.5,"axis":"y","origin":[8.352,1.3176141,-7.552]},"faces":{"east":{"uv":[3.6171875,7.0625,3.6484375,7.109375],"rotation":0,"texture":"#0","tintindex":0},"south":{"uv":[6.3125,7.0625,6.34375,7.109375],"rotation":0,"texture":"#0","tintindex":0},"north":{"uv":[7.046875,2.53125,7.078125,2.578125],"rotation":0,"texture":"#0","tintindex":0},"west":{"uv":[6.4921875,7.0703125,6.5234375,7.1171875],"rotation":0,"texture":"#0","tintindex":0},"up":{"uv":[7.765625,0.6796875,7.734375,0.6484375],"rotation":0,"texture":"#0","tintindex":0},"down":{"uv":[7.7890625,5.9765625,7.7578125,6.0078125],"rotation":0,"texture":"#0","tintindex":0}}},{"from":[5.272,-0.79438686,-3.4159994],"to":[6.24,0.52561426,-2.447999],"rotation":{"angle":-22.5,"axis":"y","origin":[8.352,1.3176141,-7.552]},"faces":{"east":{"uv":[4.15625,4.484375,4.171875,4.5078125],"rotation":0,"texture":"#0","tintindex":0},"south":{"uv":[4.4921875,1.8671875,4.5078125,1.890625],"rotation":0,"texture":"#0","tintindex":0},"north":{"uv":[4.4765625,1.8671875,4.4921875,1.890625],"rotation":0,"texture":"#0","tintindex":0},"west":{"uv":[4.5078125,1.8671875,4.5234375,1.890625],"rotation":0,"texture":"#0","tintindex":0},"up":{"uv":[3.78125,2.453125,3.765625,2.4375],"rotation":0,"texture":"#0","tintindex":0},"down":{"uv":[3.796875,2.4375,3.78125,2.453125],"rotation":0,"texture":"#0","tintindex":0}}},{"from":[5.3339996,5.629614,-6.672],"to":[10.666,11.965614,4.944001],"rotation":{"angle":-22.5,"axis":"x","origin":[7.95,7.477614,-3.6799994]},"faces":{"east":{"uv":[7.328125,0.8671875,7.5546875,0.9921875],"rotation":0,"texture":"#0","tintindex":0},"south":{"uv":[1.5234375,7.75,1.6328125,7.875],"rotation":0,"texture":"#0","tintindex":0},"north":{"uv":[3.0078125,7.7421875,3.1171875,7.8671875],"rotation":0,"texture":"#0","tintindex":0},"west":{"uv":[7.328125,0.9921875,7.5546875,1.1171875],"rotation":0,"texture":"#0","tintindex":0},"up":{"uv":[0.5,6.1015625,0.390625,5.875],"rotation":0,"texture":"#0","tintindex":0},"down":{"uv":[3.5703125,7.375,3.4609375,7.6015625],"rotation":0,"texture":"#0","tintindex":0}}},{"from":[5.8879995,13.021614,1.072001],"to":[10.112,16.893616,7.408001],"rotation":{"angle":0.0,"axis":"y","origin":[8.0,7.477614,-3.6799994]},"faces":{"east":{"uv":[6.3671875,3.1015625,6.4921875,3.1796875],"rotation":0,"texture":"#0","tintindex":0},"south":{"uv":[7.953125,4.78125,8.0390625,4.859375],"rotation":0,"texture":"#0","tintindex":0},"north":{"uv":[7.9453125,6.59375,8.03125,6.671875],"rotation":0,"texture":"#0","tintindex":0},"west":{"uv":[7.875,2.0703125,8.0,2.1484375],"rotation":0,"texture":"#0","tintindex":0},"up":{"uv":[4.859375,6.8125,4.7734375,6.6875],"rotation":0,"texture":"#0","tintindex":0},"down":{"uv":[6.8359375,4.40625,6.75,4.53125],"rotation":0,"texture":"#0","tintindex":0}}},{"from":[6.416,15.573614,7.0560007],"to":[9.584,18.389614,10.224001],"rotation":{"angle":-22.5,"axis":"x","origin":[8.176,14.957615,10.224001]},"faces":{"east":{"uv":[7.7890625,7.296875,7.8515625,7.3515625],"rotation":0,"texture":"#0","tintindex":0},"south":{"uv":[8.0,4.6015625,8.0625,4.65625],"rotation":0,"texture":"#0","tintindex":0},"north":{"uv":[0.5,5.203125,0.5625,5.2578125],"rotation":0,"texture":"#0","tintindex":0},"west":{"uv":[8.0,4.859375,8.0625,4.9140625],"rotation":0,"texture":"#0","tintindex":0},"up":{"uv":[2.875,2.1875,2.8125,2.125],"rotation":0,"texture":"#0","tintindex":0},"down":{"uv":[6.1875,7.0,6.125,7.0625],"rotation":0,"texture":"#0","tintindex":0}}},{"from":[6.768,16.189613,10.928001],"to":[9.232,18.301613,14.096001],"rotation":{"angle":-45.0,"axis":"x","origin":[8.176,14.957615,10.224001]},"faces":{"east":{"uv":[6.609375,1.3046875,6.671875,1.34375],"rotation":0,"texture":"#0","tintindex":0},"south":{"uv":[3.71875,7.453125,3.765625,7.4921875],"rotation":0,"texture":"#0","tintindex":0},"north":{"uv":[6.9453125,2.828125,6.9921875,2.8671875],"rotation":0,"texture":"#0","tintindex":0},"west":{"uv":[6.6171875,2.4375,6.6796875,2.4765625],"rotation":0,"texture":"#0","tintindex":0},"up":{"uv":[0.3515625,7.734375,0.3046875,7.671875],"rotation":0,"texture":"#0","tintindex":0},"down":{"uv":[7.734375,1.0625,7.6875,1.125],"rotation":0,"texture":"#0","tintindex":0}}},{"from":[6.24,6.597614,-15.823999],"to":[9.76,12.933615,-12.303999],"rotation":{"angle":22.5,"axis":"x","origin":[8.0,9.589614,-15.119999]},"faces":{"east":{"uv":[6.40625,4.3046875,6.4765625,4.4296875],"rotation":0,"texture":"#0","tintindex":0},"south":{"uv":[5.15625,6.578125,5.2265625,6.703125],"rotation":0,"texture":"#0","tintindex":0},"north":{"uv":[5.9453125,2.1875,6.015625,2.3125],"rotation":0,"texture":"#0","tintindex":0},"west":{"uv":[5.15625,6.703125,5.2265625,6.828125],"rotation":0,"texture":"#0","tintindex":0},"up":{"uv":[6.8515625,5.3046875,6.78125,5.234375],"rotation":0,"texture":"#0","tintindex":0},"down":{"uv":[0.9375,7.34375,0.8671875,7.4140625],"rotation":0,"texture":"#0","tintindex":0}}},{"from":[5.184,3.957614,-15.472],"to":[10.816,10.293614,-3.855999],"rotation":{"angle":0.0,"axis":"y","origin":[8.0,7.477614,-3.6799994]},"faces":{"east":{"uv":[7.328125,1.1171875,7.5546875,1.2421875],"rotation":0,"texture":"#0","tintindex":0},"south":{"uv":[5.15625,7.75,5.265625,7.875],"rotation":0,"texture":"#0","tintindex":0},"north":{"uv":[7.75,3.6015625,7.859375,3.7265625],"rotation":0,"texture":"#0","tintindex":0},"west":{"uv":[2.6796875,7.328125,2.90625,7.453125],"rotation":0,"texture":"#0","tintindex":0},"up":{"uv":[4.625,7.6015625,4.515625,7.375],"rotation":0,"texture":"#0","tintindex":0},"down":{"uv":[1.171875,7.390625,1.0625,7.6171875],"rotation":0,"texture":"#0","tintindex":0}}},{"from":[3.7759995,8.093614,-8.431999],"to":[5.184,10.557614,1.776001],"rotation":{"angle":-22.5,"axis":"x","origin":[8.0,7.477614,-3.6799994]},"faces":{"east":{"uv":[5.796875,1.34375,6.0,1.390625],"rotation":0,"texture":"#0","tintindex":0},"south":{"uv":[3.6171875,7.109375,3.6484375,7.15625],"rotation":0,"texture":"#0","tintindex":0},"north":{"uv":[6.09375,7.1015625,6.125,7.1484375],"rotation":0,"texture":"#0","tintindex":0},"west":{"uv":[5.8203125,6.09375,6.0234375,6.140625],"rotation":0,"texture":"#0","tintindex":0},"up":{"uv":[2.90625,2.65625,2.875,2.453125],"rotation":0,"texture":"#0","tintindex":0},"down":{"uv":[1.4453125,4.8984375,1.4140625,5.1015625],"rotation":0,"texture":"#0","tintindex":0}}},{"from":[2.808,9.677614,-2.3599997],"to":[5.6239996,11.085614,2.3040009],"rotation":{"angle":-22.5,"axis":"y","origin":[8.0,7.477614,-3.6799994]},"faces":{"east":{"uv":[7.078125,3.3203125,7.171875,3.3515625],"rotation":0,"texture":"#0","tintindex":0},"south":{"uv":[2.6796875,7.1171875,2.734375,7.1484375],"rotation":0,"texture":"#0","tintindex":0},"north":{"uv":[5.765625,6.109375,5.8203125,6.140625],"rotation":0,"texture":"#0","tintindex":0},"west":{"uv":[4.03125,7.3046875,4.125,7.3359375],"rotation":0,"texture":"#0","tintindex":0},"up":{"uv":[3.859375,6.5,3.8046875,6.40625],"rotation":0,"texture":"#0","tintindex":0},"down":{"uv":[2.484375,6.8984375,2.4296875,6.9921875],"rotation":0,"texture":"#0","tintindex":0}}},{"from":[10.376,9.677614,-2.3599997],"to":[13.191999,11.085614,2.3040009],"rotation":{"angle":22.5,"axis":"y","origin":[8.0,7.477614,-3.6799994]},"faces":{"east":{"uv":[7.5703125,0.3203125,7.6640625,0.3515625],"rotation":0,"texture":"#0","tintindex":0},"south":{"uv":[7.2109375,3.9375,7.265625,3.96875],"rotation":0,"texture":"#0","tintindex":0},"north":{"uv":[7.15625,1.640625,7.2109375,1.671875],"rotation":0,"texture":"#0","tintindex":0},"west":{"uv":[7.640625,0.6484375,7.734375,0.6796875],"rotation":0,"texture":"#0","tintindex":0},"up":{"uv":[6.2578125,7.609375,6.203125,7.515625],"rotation":0,"texture":"#0","tintindex":0},"down":{"uv":[1.5234375,7.7734375,1.46875,7.8671875],"rotation":0,"texture":"#0","tintindex":0}}},{"from":[10.816,8.093614,-8.431999],"to":[12.224001,10.557614,1.776001],"rotation":{"angle":-22.5,"axis":"x","origin":[8.0,7.477614,-3.6799994]},"faces":{"east":{"uv":[4.46875,6.140625,4.671875,6.1875],"rotation":0,"texture":"#0","tintindex":0},"south":{"uv":[6.4921875,7.1171875,6.5234375,7.1640625],"rotation":0,"texture":"#0","tintindex":0},"north":{"uv":[6.3125,7.109375,6.34375,7.15625],"rotation":0,"texture":"#0","tintindex":0},"west":{"uv":[6.75,0.3515625,6.953125,0.3984375],"rotation":0,"texture":"#0","tintindex":0},"up":{"uv":[5.4765625,3.6328125,5.4453125,3.4296875],"rotation":0,"texture":"#0","tintindex":0},"down":{"uv":[3.890625,5.734375,3.859375,5.9375],"rotation":0,"texture":"#0","tintindex":0}}},{"from":[0.43199968,7.0271125,-0.416646],"to":[15.568001,13.363113,10.143354],"rotation":{"angle":0.0,"axis":"y","origin":[7.824,10.987113,1.3433537]},"faces":{"east":{"uv":[7.3515625,3.4609375,7.5546875,3.5859375],"rotation":0,"texture":"#0","tintindex":0},"south":{"uv":[3.34375,1.015625,3.640625,1.140625],"rotation":0,"texture":"#0","tintindex":0},"north":{"uv":[3.046875,1.015625,3.34375,1.140625],"rotation":0,"texture":"#0","tintindex":0},"west":{"uv":[7.359375,6.2265625,7.5625,6.3515625],"rotation":0,"texture":"#0","tintindex":0},"up":{"uv":[5.8984375,6.875,5.6015625,6.671875],"rotation":0,"texture":"#0","tintindex":0},"down":{"uv":[6.1953125,6.671875,5.8984375,6.875],"rotation":0,"texture":"#0","tintindex":0}}},{"from":[2.192,7.819113,-3.1446466],"to":[4.656,10.635113,-0.76864624],"rotation":{"angle":-22.5,"axis":"x","origin":[7.824,10.987113,1.3433537]},"faces":{"east":{"uv":[8.015625,6.7734375,8.0625,6.828125],"rotation":0,"texture":"#0","tintindex":0},"south":{"uv":[8.015625,6.828125,8.0625,6.8828125],"rotation":0,"texture":"#0","tintindex":0},"north":{"uv":[8.015625,6.71875,8.0625,6.7734375],"rotation":0,"texture":"#0","tintindex":0},"west":{"uv":[8.015625,6.8828125,8.0625,6.9375],"rotation":0,"texture":"#0","tintindex":0},"up":{"uv":[8.078125,4.4765625,8.03125,4.4296875],"rotation":0,"texture":"#0","tintindex":0},"down":{"uv":[8.078125,4.4765625,8.03125,4.5234375],"rotation":0,"texture":"#0","tintindex":0}}},{"from":[11.344,7.819113,-3.1446466],"to":[13.808001,10.635113,-0.76864624],"rotation":{"angle":-22.5,"axis":"x","origin":[8.176,10.987113,1.3433537]},"faces":{"east":{"uv":[1.46875,8.0234375,1.515625,8.078125],"rotation":0,"texture":"#0","tintindex":0},"south":{"uv":[1.515625,8.0234375,1.5625,8.078125],"rotation":0,"texture":"#0","tintindex":0},"north":{"uv":[8.0234375,0.375,8.0703125,0.4296875],"rotation":0,"texture":"#0","tintindex":0},"west":{"uv":[2.0625,8.0234375,2.109375,8.078125],"rotation":0,"texture":"#0","tintindex":0},"up":{"uv":[8.078125,4.703125,8.03125,4.65625],"rotation":0,"texture":"#0","tintindex":0},"down":{"uv":[8.078125,4.703125,8.03125,4.75],"rotation":0,"texture":"#0","tintindex":0}}},{"from":[-1.856,11.955112,1.6953535],"to":[3.072,16.579113,10.143354],"rotation":{"angle":-22.5,"axis":"x","origin":[3.9520001,13.363113,5.9193535]},"faces":{"east":{"uv":[7.734375,4.1953125,7.8984375,4.28125],"rotation":0,"texture":"#0","tintindex":0},"south":{"uv":[7.3515625,3.5859375,7.4453125,3.671875],"rotation":0,"texture":"#0","tintindex":0},"north":{"uv":[6.3828125,4.03125,6.4765625,4.1171875],"rotation":0,"texture":"#0","tintindex":0},"west":{"uv":[7.734375,5.265625,7.8984375,5.3515625],"rotation":0,"texture":"#0","tintindex":0},"up":{"uv":[5.421875,1.0,5.328125,0.8359375],"rotation":0,"texture":"#0","tintindex":0},"down":{"uv":[5.890625,3.6171875,5.796875,3.78125],"rotation":0,"texture":"#0","tintindex":0}}},{"from":[-2.9120007,14.342434,8.614879],"to":[0.34400034,17.334435,15.126879],"rotation":{"angle":-22.5,"axis":"y","origin":[0.6080003,17.246433,13.45488]},"faces":{"east":{"uv":[4.5,5.140625,4.625,5.1953125],"rotation":0,"texture":"#0","tintindex":0},"south":{"uv":[4.9296875,8.0,4.9921875,8.0546875],"rotation":0,"texture":"#0","tintindex":0},"north":{"uv":[8.0,4.9140625,8.0625,4.96875],"rotation":0,"texture":"#0","tintindex":0},"west":{"uv":[6.7578125,2.109375,6.8828125,2.1640625],"rotation":0,"texture":"#0","tintindex":0},"up":{"uv":[6.71875,7.046875,6.65625,6.921875],"rotation":0,"texture":"#0","tintindex":0},"down":{"uv":[2.7421875,6.9921875,2.6796875,7.1171875],"rotation":0,"texture":"#0","tintindex":0}}},{"from":[-3.1760006,14.342434,13.894879],"to":[-0.6239996,17.246433,19.61488],"rotation":{"angle":-22.5,"axis":"x","origin":[-1.9000006,15.750433,12.838879]},"faces":{"east":{"uv":[7.7734375,0.0859375,7.8828125,0.140625],"rotation":0,"texture":"#0","tintindex":0},"south":{"uv":[2.15625,8.0234375,2.203125,8.078125],"rotation":0,"texture":"#0","tintindex":0},"north":{"uv":[2.109375,8.0234375,2.15625,8.078125],"rotation":0,"texture":"#0","tintindex":0},"west":{"uv":[7.8046875,2.234375,7.9140625,2.2890625],"rotation":0,"texture":"#0","tintindex":0},"up":{"uv":[2.7890625,8.0859375,2.7421875,7.9765625],"rotation":0,"texture":"#0","tintindex":0},"down":{"uv":[2.8359375,7.9765625,2.7890625,8.0859375],"rotation":0,"texture":"#0","tintindex":0}}},{"from":[-3.6160002,17.660604,17.440392],"to":[-1.7680006,19.860603,23.160393],"rotation":{"angle":-45.0,"axis":"x","origin":[-1.9000006,18.232605,18.716393]},"faces":{"east":{"uv":[5.8515625,3.1796875,5.9609375,3.2265625],"rotation":0,"texture":"#0","tintindex":0},"south":{"uv":[1.953125,6.5,1.9921875,6.546875],"rotation":0,"texture":"#0","tintindex":0},"north":{"uv":[4.0390625,6.2109375,4.078125,6.2578125],"rotation":0,"texture":"#0","tintindex":0},"west":{"uv":[6.609375,0.9921875,6.71875,1.0390625],"rotation":0,"texture":"#0","tintindex":0},"up":{"uv":[5.265625,6.2578125,5.2265625,6.1484375],"rotation":0,"texture":"#0","tintindex":0},"down":{"uv":[5.265625,6.2578125,5.2265625,6.3671875],"rotation":0,"texture":"#0","tintindex":0}}},{"from":[15.656,14.342434,8.614879],"to":[18.912,17.334435,15.126879],"rotation":{"angle":22.5,"axis":"y","origin":[15.392,17.246433,13.45488]},"faces":{"east":{"uv":[7.484375,2.09375,7.609375,2.1484375],"rotation":0,"texture":"#0","tintindex":0},"south":{"uv":[5.0546875,8.0,5.1171875,8.0546875],"rotation":0,"texture":"#0","tintindex":0},"north":{"uv":[4.9921875,8.0,5.0546875,8.0546875],"rotation":0,"texture":"#0","tintindex":0},"west":{"uv":[7.6796875,2.234375,7.8046875,2.2890625],"rotation":0,"texture":"#0","tintindex":0},"up":{"uv":[6.71875,7.171875,6.65625,7.046875],"rotation":0,"texture":"#0","tintindex":0},"down":{"uv":[5.90625,7.1953125,5.84375,7.3203125],"rotation":0,"texture":"#0","tintindex":0}}},{"from":[16.624,14.342434,13.894879],"to":[19.176,17.246433,19.61488],"rotation":{"angle":-22.5,"axis":"x","origin":[17.900002,15.750433,12.838879]},"faces":{"east":{"uv":[7.8828125,0.0859375,7.9921875,0.140625],"rotation":0,"texture":"#0","tintindex":0},"south":{"uv":[8.0234375,2.2109375,8.0703125,2.265625],"rotation":0,"texture":"#0","tintindex":0},"north":{"uv":[2.203125,8.0234375,2.25,8.078125],"rotation":0,"texture":"#0","tintindex":0},"west":{"uv":[7.8984375,5.3359375,8.0078125,5.390625],"rotation":0,"texture":"#0","tintindex":0},"up":{"uv":[3.3359375,8.0859375,3.2890625,7.9765625],"rotation":0,"texture":"#0","tintindex":0},"down":{"uv":[3.3828125,7.9765625,3.3359375,8.0859375],"rotation":0,"texture":"#0","tintindex":0}}},{"from":[17.768002,17.660604,17.440392],"to":[19.616001,19.860603,23.160393],"rotation":{"angle":-45.0,"axis":"x","origin":[17.900002,18.232605,18.716393]},"faces":{"east":{"uv":[7.0859375,2.2890625,7.1953125,2.3359375],"rotation":0,"texture":"#0","tintindex":0},"south":{"uv":[7.078125,4.171875,7.1171875,4.21875],"rotation":0,"texture":"#0","tintindex":0},"north":{"uv":[5.1875,7.0234375,5.2265625,7.0703125],"rotation":0,"texture":"#0","tintindex":0},"west":{"uv":[7.5390625,6.890625,7.6484375,6.9375],"rotation":0,"texture":"#0","tintindex":0},"up":{"uv":[3.2421875,6.390625,3.203125,6.28125],"rotation":0,"texture":"#0","tintindex":0},"down":{"uv":[1.9921875,6.2890625,1.953125,6.3984375],"rotation":0,"texture":"#0","tintindex":0}}},{"from":[12.9279995,11.955112,1.6953535],"to":[17.855999,16.579113,10.143354],"rotation":{"angle":-22.5,"axis":"x","origin":[12.048,13.363113,5.9193535]},"faces":{"east":{"uv":[7.734375,7.3515625,7.8984375,7.4375],"rotation":0,"texture":"#0","tintindex":0},"south":{"uv":[6.8359375,7.8984375,6.9296875,7.984375],"rotation":0,"texture":"#0","tintindex":0},"north":{"uv":[7.8984375,4.1796875,7.9921875,4.265625],"rotation":0,"texture":"#0","tintindex":0},"west":{"uv":[7.7421875,0.0,7.90625,0.0859375],"rotation":0,"texture":"#0","tintindex":0},"up":{"uv":[7.1328125,1.4609375,7.0390625,1.296875],"rotation":0,"texture":"#0","tintindex":0},"down":{"uv":[5.5,7.6953125,5.40625,7.859375],"rotation":0,"texture":"#0","tintindex":0}}}],"display":{"head":{"translation":[0.0,-6.4,-2.9988556],"scale":[4.0,4.0,4.0]}}}