{"textures":{"0":"modelengine:entity/ender_dragon"},"elements":[{"from":[-4.000002,7.1,1.2000012],"to":[32.0,9.1,3.2000012],"rotation":{"angle":0.0,"axis":"y","origin":[-54.800003,7.5,31.2]},"faces":{"east":{"uv":[1.6015625,7.6015625,1.5625,7.640625],"rotation":0,"texture":"#0","tintindex":0},"south":{"uv":[8.046875,6.5234375,7.34375,6.5625],"rotation":0,"texture":"#0","tintindex":0},"north":{"uv":[8.046875,6.484375,7.34375,6.5234375],"rotation":0,"texture":"#0","tintindex":0},"west":{"uv":[0.6171875,7.5859375,0.578125,7.625],"rotation":0,"texture":"#0","tintindex":0},"up":{"uv":[7.3515625,2.5625,8.0546875,2.5234375],"rotation":0,"texture":"#0","tintindex":0},"down":{"uv":[7.3515625,2.5625,8.0546875,2.6015625],"rotation":0,"texture":"#0","tintindex":0}}},{"from":[-4.000002,7.9,3.2000012],"to":[32.0,7.9,32.0],"rotation":{"angle":0.0,"axis":"y","origin":[-54.800003,7.5,31.2]},"faces":{"east":{"uv":[0.5078125,0.0,0.0,0.0],"rotation":0,"texture":"#0","tintindex":0},"south":{"uv":[0.703125,0.0,0.0,0.0],"rotation":0,"texture":"#0","tintindex":0},"north":{"uv":[0.703125,0.0,0.0,0.0],"rotation":0,"texture":"#0","tintindex":0},"west":{"uv":[0.5078125,0.0,0.0,0.0],"rotation":0,"texture":"#0","tintindex":0},"up":{"uv":[2.046875,3.703125,2.75,3.1953125],"rotation":0,"texture":"#0","tintindex":0},"down":{"uv":[2.046875,3.1953125,2.75,3.703125],"rotation":0,"texture":"#0","tintindex":0}}}],"display":{"head":{"translation":[49.29448,-6.4,25.60791],"scale":[4.0,4.0,4.0]}}}