{"textures":{"0":"modelengine:entity/ender_dragon"},"elements":[{"from":[-0.47000027,-5.3223133,15.160001],"to":[5.74,16.797688,22.720001],"rotation":{"angle":-45.0,"axis":"x","origin":[4.4799995,6.0076866,17.68]},"faces":{"east":{"uv":[1.953125,6.2890625,1.8046875,6.828125],"rotation":0,"texture":"#0","tintindex":0},"south":{"uv":[3.9296875,6.5,3.8046875,7.0390625],"rotation":0,"texture":"#0","tintindex":0},"north":{"uv":[1.1875,6.5,1.0625,7.0390625],"rotation":0,"texture":"#0","tintindex":0},"west":{"uv":[3.203125,6.28125,3.0546875,6.8203125],"rotation":0,"texture":"#0","tintindex":0},"up":{"uv":[3.5390625,7.7578125,3.6640625,7.609375],"rotation":0,"texture":"#0","tintindex":0},"down":{"uv":[7.609375,5.015625,7.734375,5.1640625],"rotation":0,"texture":"#0","tintindex":0}}},{"from":[5.93,-6.6223125,17.260002],"to":[12.14,21.097687,24.82],"rotation":{"angle":-22.5,"axis":"x","origin":[10.88,7.5076866,19.78]},"faces":{"east":{"uv":[1.953125,6.2890625,1.8046875,6.828125],"rotation":0,"texture":"#0","tintindex":0},"south":{"uv":[3.9296875,6.5,3.8046875,7.0390625],"rotation":0,"texture":"#0","tintindex":0},"north":{"uv":[1.1875,6.5,1.0625,7.0390625],"rotation":0,"texture":"#0","tintindex":0},"west":{"uv":[3.203125,6.28125,3.0546875,6.8203125],"rotation":0,"texture":"#0","tintindex":0},"up":{"uv":[3.5390625,7.7578125,3.6640625,7.609375],"rotation":0,"texture":"#0","tintindex":0},"down":{"uv":[7.609375,5.015625,7.734375,5.1640625],"rotation":0,"texture":"#0","tintindex":0}}},{"from":[9.62,1.2976866,14.740001],"to":[15.83,14.257687,22.300001],"rotation":{"angle":-22.5,"axis":"x","origin":[10.88,7.5076866,19.78]},"faces":{"east":{"uv":[2.75,3.703125,2.6015625,3.953125],"rotation":0,"texture":"#0","tintindex":0},"south":{"uv":[3.7734375,7.203125,3.6484375,7.453125],"rotation":0,"texture":"#0","tintindex":0},"north":{"uv":[1.0625,7.171875,0.9375,7.421875],"rotation":0,"texture":"#0","tintindex":0},"west":{"uv":[2.8984375,3.1953125,2.75,3.4453125],"rotation":0,"texture":"#0","tintindex":0},"up":{"uv":[6.09375,7.7578125,6.21875,7.609375],"rotation":0,"texture":"#0","tintindex":0},"down":{"uv":[6.65625,7.609375,6.78125,7.7578125],"rotation":0,"texture":"#0","tintindex":0}}},{"from":[5.2200003,-7.5023136,24.440002],"to":[11.43,5.4576864,32.0],"rotation":{"angle":-22.5,"axis":"x","origin":[6.48,-1.2923145,29.480001]},"faces":{"east":{"uv":[2.75,3.703125,2.6015625,3.953125],"rotation":0,"texture":"#0","tintindex":0},"south":{"uv":[3.7734375,7.203125,3.6484375,7.453125],"rotation":0,"texture":"#0","tintindex":0},"north":{"uv":[1.0625,7.171875,0.9375,7.421875],"rotation":0,"texture":"#0","tintindex":0},"west":{"uv":[2.8984375,3.1953125,2.75,3.4453125],"rotation":0,"texture":"#0","tintindex":0},"up":{"uv":[6.09375,7.7578125,6.21875,7.609375],"rotation":0,"texture":"#0","tintindex":0},"down":{"uv":[6.65625,7.609375,6.78125,7.7578125],"rotation":0,"texture":"#0","tintindex":0}}},{"from":[4.3999996,6.26,4.3569155],"to":[11.6,17.86,15.156916],"rotation":{"angle":-22.5,"axis":"x","origin":[8.0,11.56,12.356916]},"faces":{"east":{"uv":[6.125,6.875,5.9140625,7.1015625],"rotation":0,"texture":"#0","tintindex":0},"south":{"uv":[7.3359375,5.5703125,7.1953125,5.796875],"rotation":0,"texture":"#0","tintindex":0},"north":{"uv":[5.703125,7.1953125,5.5625,7.421875],"rotation":0,"texture":"#0","tintindex":0},"west":{"uv":[7.078125,2.6015625,6.8671875,2.828125],"rotation":0,"texture":"#0","tintindex":0},"up":{"uv":[7.2109375,2.75,7.3515625,2.5390625],"rotation":0,"texture":"#0","tintindex":0},"down":{"uv":[7.2109375,2.75,7.3515625,2.9609375],"rotation":0,"texture":"#0","tintindex":0}}},{"from":[4.7599998,-16.0,5.2369156],"to":[12.68,9.92,12.796916],"rotation":{"angle":-45.0,"axis":"x","origin":[8.0,9.56,9.556915]},"faces":{"east":{"uv":[6.5234375,6.4453125,6.375,6.953125],"rotation":0,"texture":"#0","tintindex":0},"south":{"uv":[0.59375,6.3984375,0.4375,6.90625],"rotation":0,"texture":"#0","tintindex":0},"north":{"uv":[0.4375,6.3984375,0.28125,6.90625],"rotation":0,"texture":"#0","tintindex":0},"west":{"uv":[6.578125,4.7421875,6.4296875,5.25],"rotation":0,"texture":"#0","tintindex":0},"up":{"uv":[4.6171875,3.46875,4.7734375,3.3203125],"rotation":0,"texture":"#0","tintindex":0},"down":{"uv":[4.75,4.421875,4.90625,4.5703125],"rotation":0,"texture":"#0","tintindex":0}}}],"display":{"head":{"translation":[0.0,-31.840002,11.372337],"scale":[4.0,4.0,4.0]}}}