{"textures":{"0":"modelengine:entity/ender_dragon"},"elements":[{"from":[8.54,1.25,4.162614],"to":[12.5,14.030001,8.572614],"rotation":{"angle":45.0,"axis":"x","origin":[10.52,9.71,6.2326136]},"faces":{"east":{"uv":[3.3515625,7.46875,3.4375,7.71875],"rotation":0,"texture":"#0","tintindex":0},"south":{"uv":[5.5390625,7.546875,5.6171875,7.796875],"rotation":0,"texture":"#0","tintindex":0},"north":{"uv":[0.984375,7.546875,1.0625,7.796875],"rotation":0,"texture":"#0","tintindex":0},"west":{"uv":[4.421875,7.484375,4.5078125,7.734375],"rotation":0,"texture":"#0","tintindex":0},"up":{"uv":[3.2890625,8.046875,3.2109375,7.9609375],"rotation":0,"texture":"#0","tintindex":0},"down":{"uv":[8.0390625,3.7109375,7.9609375,3.796875],"rotation":0,"texture":"#0","tintindex":0}}},{"from":[4.9399996,4.2200003,4.702614],"to":[15.74,9.98,14.062614],"rotation":{"angle":0.0,"axis":"y","origin":[10.52,9.71,6.2326136]},"faces":{"east":{"uv":[7.5703125,0.2109375,7.75,0.3203125],"rotation":0,"texture":"#0","tintindex":0},"south":{"uv":[7.484375,1.984375,7.6953125,2.09375],"rotation":0,"texture":"#0","tintindex":0},"north":{"uv":[7.484375,0.71875,7.6953125,0.828125],"rotation":0,"texture":"#0","tintindex":0},"west":{"uv":[7.5703125,3.640625,7.75,3.75],"rotation":0,"texture":"#0","tintindex":0},"up":{"uv":[7.359375,6.3671875,7.1484375,6.1875],"rotation":0,"texture":"#0","tintindex":0},"down":{"uv":[7.359375,7.0859375,7.1484375,7.265625],"rotation":0,"texture":"#0","tintindex":0}}},{"from":[6.11,1.6099997,10.552614],"to":[10.88,6.11,17.392614],"rotation":{"angle":-22.5,"axis":"y","origin":[8.495,3.8599997,15.682614]},"faces":{"east":{"uv":[7.8125,0.3828125,7.9453125,0.46875],"rotation":0,"texture":"#0","tintindex":0},"south":{"uv":[4.765625,7.90625,4.859375,7.9921875],"rotation":0,"texture":"#0","tintindex":0},"north":{"uv":[2.8359375,7.90625,2.9296875,7.9921875],"rotation":0,"texture":"#0","tintindex":0},"west":{"uv":[1.140625,7.8125,1.2734375,7.8984375],"rotation":0,"texture":"#0","tintindex":0},"up":{"uv":[7.8828125,7.5703125,7.7890625,7.4375],"rotation":0,"texture":"#0","tintindex":0},"down":{"uv":[7.8828125,7.5703125,7.7890625,7.703125],"rotation":0,"texture":"#0","tintindex":0}}},{"from":[6.11,1.6099997,14.962614],"to":[10.88,6.11,21.802616],"rotation":{"angle":22.5,"axis":"x","origin":[8.495,3.8599997,15.682614]},"faces":{"east":{"uv":[7.8125,6.59375,7.9453125,6.6796875],"rotation":0,"texture":"#0","tintindex":0},"south":{"uv":[7.90625,4.8828125,8.0,4.96875],"rotation":0,"texture":"#0","tintindex":0},"north":{"uv":[4.859375,7.90625,4.953125,7.9921875],"rotation":0,"texture":"#0","tintindex":0},"west":{"uv":[6.8359375,7.8125,6.96875,7.8984375],"rotation":0,"texture":"#0","tintindex":0},"up":{"uv":[1.0390625,7.9296875,0.9453125,7.796875],"rotation":0,"texture":"#0","tintindex":0},"down":{"uv":[3.2109375,7.796875,3.1171875,7.9296875],"rotation":0,"texture":"#0","tintindex":0}}},{"from":[7.1,4.9399996,20.722614],"to":[9.35,6.92,23.242615],"rotation":{"angle":45.0,"axis":"x","origin":[8.495,3.8599997,15.682614]},"faces":{"east":{"uv":[7.875,3.90625,7.921875,3.9453125],"rotation":0,"texture":"#0","tintindex":0},"south":{"uv":[1.21875,7.8984375,1.265625,7.9375],"rotation":0,"texture":"#0","tintindex":0},"north":{"uv":[2.8359375,7.8671875,2.8828125,7.90625],"rotation":0,"texture":"#0","tintindex":0},"west":{"uv":[7.921875,3.90625,7.96875,3.9453125],"rotation":0,"texture":"#0","tintindex":0},"up":{"uv":[6.6171875,8.078125,6.5703125,8.03125],"rotation":0,"texture":"#0","tintindex":0},"down":{"uv":[8.078125,6.59375,8.03125,6.640625],"rotation":0,"texture":"#0","tintindex":0}}},{"from":[8.18,2.15,-8.671387],"to":[12.860001,6.83,-0.24738598],"rotation":{"angle":22.5,"axis":"x","origin":[10.52,2.15,-4.297386]},"faces":{"east":{"uv":[7.7109375,1.453125,7.875,1.546875],"rotation":0,"texture":"#0","tintindex":0},"south":{"uv":[7.8828125,3.421875,7.9765625,3.515625],"rotation":0,"texture":"#0","tintindex":0},"north":{"uv":[3.3203125,7.8828125,3.4140625,7.9765625],"rotation":0,"texture":"#0","tintindex":0},"west":{"uv":[7.7109375,1.546875,7.875,1.640625],"rotation":0,"texture":"#0","tintindex":0},"up":{"uv":[0.671875,7.875,0.578125,7.7109375],"rotation":0,"texture":"#0","tintindex":0},"down":{"uv":[7.8125,0.3203125,7.71875,0.484375],"rotation":0,"texture":"#0","tintindex":0}}},{"from":[8.54,2.7799997,-12.721386],"to":[12.5,7.46,-4.297386],"rotation":{"angle":-22.5,"axis":"x","origin":[10.52,2.15,-4.297386]},"faces":{"east":{"uv":[7.7109375,3.8515625,7.875,3.9453125],"rotation":0,"texture":"#0","tintindex":0},"south":{"uv":[7.9375,0.5625,8.015625,0.65625],"rotation":0,"texture":"#0","tintindex":0},"north":{"uv":[7.9375,0.46875,8.015625,0.5625],"rotation":0,"texture":"#0","tintindex":0},"west":{"uv":[7.0859375,7.7265625,7.25,7.8203125],"rotation":0,"texture":"#0","tintindex":0},"up":{"uv":[7.6640625,7.921875,7.5859375,7.7578125],"rotation":0,"texture":"#0","tintindex":0},"down":{"uv":[0.75,7.765625,0.671875,7.9296875],"rotation":0,"texture":"#0","tintindex":0}}},{"from":[9.26,-0.7984953,-16.0],"to":[11.78,1.3615041,-12.615999],"rotation":{"angle":-45.0,"axis":"x","origin":[10.52,0.91150427,-14.577999]},"faces":{"east":{"uv":[7.484375,0.828125,7.546875,0.8671875],"rotation":0,"texture":"#0","tintindex":0},"south":{"uv":[8.0234375,0.4296875,8.0703125,0.46875],"rotation":0,"texture":"#0","tintindex":0},"north":{"uv":[8.0078125,6.140625,8.0546875,6.1796875],"rotation":0,"texture":"#0","tintindex":0},"west":{"uv":[0.3515625,7.5078125,0.4140625,7.546875],"rotation":0,"texture":"#0","tintindex":0},"up":{"uv":[1.3984375,8.078125,1.3515625,8.015625],"rotation":0,"texture":"#0","tintindex":0},"down":{"uv":[8.0625,1.875,8.015625,1.9375],"rotation":0,"texture":"#0","tintindex":0}}},{"from":[16.01,2.87,-2.641386],"to":[20.69,6.92,5.7826138],"rotation":{"angle":-22.5,"axis":"y","origin":[17.27,2.15,0.7426138]},"faces":{"east":{"uv":[7.7734375,0.484375,7.9375,0.5625],"rotation":0,"texture":"#0","tintindex":0},"south":{"uv":[1.3125,7.9375,1.40625,8.015625],"rotation":0,"texture":"#0","tintindex":0},"north":{"uv":[1.21875,7.9375,1.3125,8.015625],"rotation":0,"texture":"#0","tintindex":0},"west":{"uv":[7.7734375,0.5625,7.9375,0.640625],"rotation":0,"texture":"#0","tintindex":0},"up":{"uv":[0.5546875,7.8828125,0.4609375,7.71875],"rotation":0,"texture":"#0","tintindex":0},"down":{"uv":[0.9453125,7.71875,0.8515625,7.8828125],"rotation":0,"texture":"#0","tintindex":0}}},{"from":[15.110001,1.4300003,-7.681387],"to":[19.07,5.39,0.7426138],"rotation":{"angle":-22.5,"axis":"y","origin":[17.27,2.15,0.7426138]},"faces":{"east":{"uv":[7.6640625,7.7734375,7.828125,7.8515625],"rotation":0,"texture":"#0","tintindex":0},"south":{"uv":[0.40625,7.96875,0.484375,8.046875],"rotation":0,"texture":"#0","tintindex":0},"north":{"uv":[0.328125,7.96875,0.40625,8.046875],"rotation":0,"texture":"#0","tintindex":0},"west":{"uv":[7.78125,3.234375,7.9453125,3.3125],"rotation":0,"texture":"#0","tintindex":0},"up":{"uv":[0.828125,7.9296875,0.75,7.765625],"rotation":0,"texture":"#0","tintindex":0},"down":{"uv":[1.140625,7.765625,1.0625,7.9296875],"rotation":0,"texture":"#0","tintindex":0}}},{"from":[19.61,-0.70849514,-8.619999],"to":[22.130001,1.4515042,-5.235999],"rotation":{"angle":-45.0,"axis":"x","origin":[17.27,0.91150427,-9.538]},"faces":{"east":{"uv":[7.6796875,3.6015625,7.7421875,3.640625],"rotation":0,"texture":"#0","tintindex":0},"south":{"uv":[6.6875,8.03125,6.734375,8.0703125],"rotation":0,"texture":"#0","tintindex":0},"north":{"uv":[8.03125,5.171875,8.078125,5.2109375],"rotation":0,"texture":"#0","tintindex":0},"west":{"uv":[7.734375,1.203125,7.796875,1.2421875],"rotation":0,"texture":"#0","tintindex":0},"up":{"uv":[8.0625,2.0,8.015625,1.9375],"rotation":0,"texture":"#0","tintindex":0},"down":{"uv":[8.0625,3.59375,8.015625,3.65625],"rotation":0,"texture":"#0","tintindex":0}}},{"from":[-2.2600002,-5.2984953,-12.4],"to":[0.25999975,-3.1384954,-9.016001],"rotation":{"angle":-45.0,"axis":"x","origin":[17.54,0.91150427,-17.188]},"faces":{"east":{"uv":[7.75,4.6875,7.8125,4.7265625],"rotation":0,"texture":"#0","tintindex":0},"south":{"uv":[6.78125,8.03125,6.828125,8.0703125],"rotation":0,"texture":"#0","tintindex":0},"north":{"uv":[6.734375,8.03125,6.78125,8.0703125],"rotation":0,"texture":"#0","tintindex":0},"west":{"uv":[7.75,5.3515625,7.8125,5.390625],"rotation":0,"texture":"#0","tintindex":0},"up":{"uv":[8.0625,5.4296875,8.015625,5.3671875],"rotation":0,"texture":"#0","tintindex":0},"down":{"uv":[5.6171875,8.015625,5.5703125,8.078125],"rotation":0,"texture":"#0","tintindex":0}}},{"from":[7.82,-0.19000053,-5.0173864],"to":[13.22,4.49,6.142614],"rotation":{"angle":0.0,"axis":"y","origin":[10.52,7.1,6.2326136]},"faces":{"east":{"uv":[7.515625,4.1875,7.734375,4.28125],"rotation":0,"texture":"#0","tintindex":0},"south":{"uv":[7.875,0.71875,7.984375,0.8125],"rotation":0,"texture":"#0","tintindex":0},"north":{"uv":[0.5546875,7.875,0.6640625,7.96875],"rotation":0,"texture":"#0","tintindex":0},"west":{"uv":[7.4453125,7.515625,7.6640625,7.609375],"rotation":0,"texture":"#0","tintindex":0},"up":{"uv":[1.7109375,7.6484375,1.6015625,7.4296875],"rotation":0,"texture":"#0","tintindex":0},"down":{"uv":[2.0546875,7.4296875,1.9453125,7.6484375],"rotation":0,"texture":"#0","tintindex":0}}},{"from":[10.7,-0.19000053,0.022614479],"to":[16.1,4.49,11.182614],"rotation":{"angle":-22.5,"axis":"y","origin":[8.63,7.1,11.272614]},"faces":{"east":{"uv":[7.5234375,0.0,7.7421875,0.09375],"rotation":0,"texture":"#0","tintindex":0},"south":{"uv":[7.875,1.453125,7.984375,1.546875],"rotation":0,"texture":"#0","tintindex":0},"north":{"uv":[7.875,1.359375,7.984375,1.453125],"rotation":0,"texture":"#0","tintindex":0},"west":{"uv":[7.0859375,7.53125,7.3046875,7.625],"rotation":0,"texture":"#0","tintindex":0},"up":{"uv":[5.296875,7.6484375,5.1875,7.4296875],"rotation":0,"texture":"#0","tintindex":0},"down":{"uv":[5.40625,7.4296875,5.296875,7.6484375],"rotation":0,"texture":"#0","tintindex":0}}},{"from":[-0.4575262,1.4300003,-15.329435],"to":[3.5024738,5.39,-6.9054346],"rotation":{"angle":22.5,"axis":"y","origin":[17.231144,3.5224996,-5.3290167]},"faces":{"east":{"uv":[3.6953125,7.78125,3.859375,7.859375],"rotation":0,"texture":"#0","tintindex":0},"south":{"uv":[0.8203125,7.96875,0.8984375,8.046875],"rotation":0,"texture":"#0","tintindex":0},"north":{"uv":[0.5546875,7.96875,0.6328125,8.046875],"rotation":0,"texture":"#0","tintindex":0},"west":{"uv":[5.9140625,7.78125,6.078125,7.859375],"rotation":0,"texture":"#0","tintindex":0},"up":{"uv":[1.46875,7.9375,1.390625,7.7734375],"rotation":0,"texture":"#0","tintindex":0},"down":{"uv":[5.6953125,7.7734375,5.6171875,7.9375],"rotation":0,"texture":"#0","tintindex":0}}},{"from":[0.4424734,2.87,-10.289434],"to":[5.1224737,6.92,-1.8654346],"rotation":{"angle":22.5,"axis":"y","origin":[17.231144,3.5224996,-5.3290167]},"faces":{"east":{"uv":[7.7890625,4.8046875,7.953125,4.8828125],"rotation":0,"texture":"#0","tintindex":0},"south":{"uv":[7.9453125,0.296875,8.0390625,0.375],"rotation":0,"texture":"#0","tintindex":0},"north":{"uv":[5.578125,7.9375,5.671875,8.015625],"rotation":0,"texture":"#0","tintindex":0},"west":{"uv":[7.7890625,6.109375,7.953125,6.1875],"rotation":0,"texture":"#0","tintindex":0},"up":{"uv":[2.25,7.8828125,2.15625,7.71875],"rotation":0,"texture":"#0","tintindex":0},"down":{"uv":[7.34375,7.7265625,7.25,7.890625],"rotation":0,"texture":"#0","tintindex":0}}},{"from":[-0.18018913,0.88999987,-5.120599],"to":[5.219811,5.5699997,6.039402],"rotation":{"angle":22.5,"axis":"y","origin":[17.231144,4.6025,-5.3290167]},"faces":{"east":{"uv":[7.5390625,6.703125,7.7578125,6.796875],"rotation":0,"texture":"#0","tintindex":0},"south":{"uv":[7.875,1.546875,7.984375,1.640625],"rotation":0,"texture":"#0","tintindex":0},"north":{"uv":[1.46875,7.875,1.578125,7.96875],"rotation":0,"texture":"#0","tintindex":0},"west":{"uv":[7.5390625,6.796875,7.7578125,6.890625],"rotation":0,"texture":"#0","tintindex":0},"up":{"uv":[7.5390625,6.9375,7.4296875,6.71875],"rotation":0,"texture":"#0","tintindex":0},"down":{"uv":[5.9609375,7.4375,5.8515625,7.65625],"rotation":0,"texture":"#0","tintindex":0}}}],"display":{"head":{"translation":[0.0,-6.4,-1.1704559],"scale":[4.0,4.0,4.0]}}}