{
  "credit": "Made by LZLeon with Blockbench, Contact - Discord: LZBlocks#0261 - E-Mail: lzblocks@outlook.com",
  "texture_size": [
    256,
    256
  ],
  "textures": {
    "1": "lzfurniture:furniture/medieval_market/medieval_market_marketstall_red",
    "particle": "lzfurniture:furniture/medieval_market/medieval_market_marketstall_red"
  },
  "elements": [
    {
      "from": [
        -13.5,
        -11,
        9
      ],
      "to": [
        -11.5,
        17,
        12
      ],
      "rotation": {
        "angle": -45,
        "axis": "x",
        "origin": [
          0,
          0,
          -16
        ]
      },
      "faces": {
        "north": {
          "uv": [
            0.8125,
            5.625,
            0.9375,
            7.375
          ],
          "texture": "#1"
        },
        "east": {
          "uv": [
            0.625,
            5.625,
            0.8125,
            7.375
          ],
          "texture": "#1"
        },
        "south": {
          "uv": [
            1.125,
            5.625,
            1.25,
            7.375
          ],
          "texture": "#1"
        },
        "west": {
          "uv": [
            0.9375,
            5.625,
            1.125,
            7.375
          ],
          "texture": "#1"
        },
        "up": {
          "uv": [
            0.9375,
            5.625,
            0.8125,
            5.4375
          ],
          "texture": "#1"
        },
        "down": {
          "uv": [
            1.0625,
            5.4375,
            0.9375,
            5.625
          ],
          "texture": "#1"
        }
      }
    },
    {
      "from": [
        -15.5,
        -10.25077,
        -2.44638
      ],
      "to": [
        -13.5,
        30.74923,
        0.55362
      ],
      "rotation": {
        "angle": 22.5,
        "axis": "x",
        "origin": [
          0,
          -11,
          -6
        ]
      },
      "faces": {
        "north": {
          "uv": [
            0.1875,
            5.625,
            0.3125,
            8.1875
          ],
          "texture": "#1"
        },
        "east": {
          "uv": [
            0,
            5.625,
            0.1875,
            8.1875
          ],
          "texture": "#1"
        },
        "south": {
          "uv": [
            0.5,
            5.625,
            0.625,
            8.1875
          ],
          "texture": "#1"
        },
        "west": {
          "uv": [
            0.3125,
            5.625,
            0.5,
            8.1875
          ],
          "texture": "#1"
        },
        "up": {
          "uv": [
            0.3125,
            5.625,
            0.1875,
            5.4375
          ],
          "texture": "#1"
        },
        "down": {
          "uv": [
            0.4375,
            5.4375,
            0.3125,
            5.625
          ],
          "texture": "#1"
        }
      }
    },
    {
      "from": [
        29.5,
        -10.25077,
        -2.44638
      ],
      "to": [
        31.5,
        30.74923,
        0.55362
      ],
      "shade": false,
      "rotation": {
        "angle": 22.5,
        "axis": "x",
        "origin": [
          16,
          -11,
          -6
        ]
      },
      "faces": {
        "north": {
          "uv": [
            0.3125,
            5.625,
            0.1875,
            8.1875
          ],
          "texture": "#1"
        },
        "east": {
          "uv": [
            0.5,
            5.625,
            0.3125,
            8.1875
          ],
          "texture": "#1"
        },
        "south": {
          "uv": [
            0.625,
            5.625,
            0.5,
            8.1875
          ],
          "texture": "#1"
        },
        "west": {
          "uv": [
            0.1875,
            5.625,
            0,
            8.1875
          ],
          "texture": "#1"
        },
        "up": {
          "uv": [
            0.1875,
            5.625,
            0.3125,
            5.4375
          ],
          "texture": "#1"
        },
        "down": {
          "uv": [
            0.3125,
            5.4375,
            0.4375,
            5.625
          ],
          "texture": "#1"
        }
      }
    },
    {
      "from": [
        27.5,
        -11,
        9
      ],
      "to": [
        29.5,
        17,
        12
      ],
      "shade": false,
      "rotation": {
        "angle": -45,
        "axis": "x",
        "origin": [
          16,
          0,
          -16
        ]
      },
      "faces": {
        "north": {
          "uv": [
            0.9375,
            5.625,
            0.8125,
            7.375
          ],
          "texture": "#1"
        },
        "east": {
          "uv": [
            1.125,
            5.625,
            0.9375,
            7.375
          ],
          "texture": "#1"
        },
        "south": {
          "uv": [
            1.25,
            5.625,
            1.125,
            7.375
          ],
          "texture": "#1"
        },
        "west": {
          "uv": [
            0.8125,
            5.625,
            0.625,
            7.375
          ],
          "texture": "#1"
        },
        "up": {
          "uv": [
            0.8125,
            5.625,
            0.9375,
            5.4375
          ],
          "texture": "#1"
        },
        "down": {
          "uv": [
            0.9375,
            5.4375,
            1.0625,
            5.625
          ],
          "texture": "#1"
        }
      }
    },
    {
      "from": [
        29,
        -12,
        13
      ],
      "to": [
        32,
        32,
        16
      ],
      "rotation": {
        "angle": 0,
        "axis": "y",
        "origin": [
          0,
          0,
          -16
        ]
      },
      "faces": {
        "north": {
          "uv": [
            5.5,
            5.4375,
            5.6875,
            8.1875
          ],
          "texture": "#1"
        },
        "east": {
          "uv": [
            5.3125,
            5.4375,
            5.5,
            8.1875
          ],
          "texture": "#1"
        },
        "south": {
          "uv": [
            5.875,
            5.4375,
            6.0625,
            8.1875
          ],
          "texture": "#1"
        },
        "west": {
          "uv": [
            5.6875,
            5.4375,
            5.875,
            8.1875
          ],
          "texture": "#1"
        },
        "up": {
          "uv": [
            5.6875,
            5.4375,
            5.5,
            5.25
          ],
          "texture": "#1"
        },
        "down": {
          "uv": [
            5.875,
            5.25,
            5.6875,
            5.4375
          ],
          "texture": "#1"
        }
      }
    },
    {
      "from": [
        -16,
        -12,
        13
      ],
      "to": [
        -13,
        32,
        16
      ],
      "shade": false,
      "rotation": {
        "angle": 0,
        "axis": "y",
        "origin": [
          16,
          0,
          -16
        ]
      },
      "faces": {
        "north": {
          "uv": [
            5.6875,
            5.4375,
            5.5,
            8.1875
          ],
          "texture": "#1"
        },
        "east": {
          "uv": [
            5.875,
            5.4375,
            5.6875,
            8.1875
          ],
          "texture": "#1"
        },
        "south": {
          "uv": [
            6.0625,
            5.4375,
            5.875,
            8.1875
          ],
          "texture": "#1"
        },
        "west": {
          "uv": [
            5.5,
            5.4375,
            5.3125,
            8.1875
          ],
          "texture": "#1"
        },
        "up": {
          "uv": [
            5.5,
            5.4375,
            5.6875,
            5.25
          ],
          "texture": "#1"
        },
        "down": {
          "uv": [
            5.6875,
            5.25,
            5.875,
            5.4375
          ],
          "texture": "#1"
        }
      }
    },
    {
      "from": [
        -16,
        -11,
        16
      ],
      "to": [
        32,
        32,
        16
      ],
      "rotation": {
        "angle": 0,
        "axis": "y",
        "origin": [
          0,
          0,
          -16
        ]
      },
      "faces": {
        "north": {
          "uv": [
            0,
            1.6875,
            3,
            4.375
          ],
          "texture": "#1"
        },
        "east": {
          "uv": [
            0,
            1.6875,
            0,
            4.375
          ],
          "texture": "#1"
        },
        "south": {
          "uv": [
            3,
            1.6875,
            6,
            4.375
          ],
          "texture": "#1"
        },
        "west": {
          "uv": [
            3,
            1.6875,
            3,
            4.375
          ],
          "texture": "#1"
        },
        "up": {
          "uv": [
            3,
            1.6875,
            0,
            1.6875
          ],
          "texture": "#1"
        },
        "down": {
          "uv": [
            6,
            1.6875,
            3,
            1.6875
          ],
          "texture": "#1"
        }
      }
    },
    {
      "from": [
        -16,
        32,
        -11.5
      ],
      "to": [
        32,
        32,
        16
      ],
      "rotation": {
        "angle": 0,
        "axis": "y",
        "origin": [
          0,
          0,
          -16
        ]
      },
      "faces": {
        "north": {
          "uv": [
            1.6875,
            1.6875,
            4.6875,
            1.6875
          ],
          "texture": "#1"
        },
        "east": {
          "uv": [
            0,
            1.6875,
            1.6875,
            1.6875
          ],
          "texture": "#1"
        },
        "south": {
          "uv": [
            6.375,
            1.6875,
            9.375,
            1.6875
          ],
          "texture": "#1"
        },
        "west": {
          "uv": [
            4.6875,
            1.6875,
            6.375,
            1.6875
          ],
          "texture": "#1"
        },
        "up": {
          "uv": [
            4.6875,
            1.6875,
            1.6875,
            0
          ],
          "texture": "#1"
        },
        "down": {
          "uv": [
            7.6875,
            0,
            4.6875,
            1.6875
          ],
          "texture": "#1"
        }
      }
    },
    {
      "from": [
        -13,
        29,
        13.5
      ],
      "to": [
        29,
        32,
        15.5
      ],
      "rotation": {
        "angle": 0,
        "axis": "y",
        "origin": [
          0,
          0,
          -16
        ]
      },
      "faces": {
        "north": {
          "uv": [
            0.125,
            5.25,
            2.75,
            5.4375
          ],
          "texture": "#1"
        },
        "east": {
          "uv": [
            0,
            5.25,
            0.125,
            5.4375
          ],
          "texture": "#1"
        },
        "south": {
          "uv": [
            2.875,
            5.25,
            5.5,
            5.4375
          ],
          "texture": "#1"
        },
        "west": {
          "uv": [
            2.75,
            5.25,
            2.875,
            5.4375
          ],
          "texture": "#1"
        },
        "up": {
          "uv": [
            2.75,
            5.25,
            0.125,
            5.125
          ],
          "texture": "#1"
        },
        "down": {
          "uv": [
            5.375,
            5.125,
            2.75,
            5.25
          ],
          "texture": "#1"
        }
      }
    },
    {
      "from": [
        -14,
        29,
        -10.5
      ],
      "to": [
        30,
        32,
        -7.5
      ],
      "rotation": {
        "angle": 0,
        "axis": "y",
        "origin": [
          0,
          0,
          -16
        ]
      },
      "faces": {
        "north": {
          "uv": [
            0.1875,
            4.9375,
            2.9375,
            5.125
          ],
          "texture": "#1"
        },
        "east": {
          "uv": [
            0,
            4.9375,
            0.1875,
            5.125
          ],
          "texture": "#1"
        },
        "south": {
          "uv": [
            3.125,
            4.9375,
            5.875,
            5.125
          ],
          "texture": "#1"
        },
        "west": {
          "uv": [
            2.9375,
            4.9375,
            3.125,
            5.125
          ],
          "texture": "#1"
        },
        "up": {
          "uv": [
            2.9375,
            4.9375,
            0.1875,
            4.75
          ],
          "texture": "#1"
        },
        "down": {
          "uv": [
            5.6875,
            4.75,
            2.9375,
            4.9375
          ],
          "texture": "#1"
        }
      }
    },
    {
      "from": [
        -13,
        12,
        13.5
      ],
      "to": [
        29,
        15,
        15.5
      ],
      "rotation": {
        "angle": 0,
        "axis": "y",
        "origin": [
          0,
          0,
          -16
        ]
      },
      "faces": {
        "north": {
          "uv": [
            0.125,
            5.25,
            2.75,
            5.4375
          ],
          "texture": "#1"
        },
        "east": {
          "uv": [
            0,
            5.25,
            0.125,
            5.4375
          ],
          "texture": "#1"
        },
        "south": {
          "uv": [
            2.875,
            5.25,
            5.5,
            5.4375
          ],
          "texture": "#1"
        },
        "west": {
          "uv": [
            2.75,
            5.25,
            2.875,
            5.4375
          ],
          "texture": "#1"
        },
        "up": {
          "uv": [
            2.75,
            5.25,
            0.125,
            5.125
          ],
          "texture": "#1"
        },
        "down": {
          "uv": [
            5.375,
            5.125,
            2.75,
            5.25
          ],
          "texture": "#1"
        }
      }
    },
    {
      "from": [
        -16,
        26,
        -11.5
      ],
      "to": [
        32,
        32,
        -11.5
      ],
      "rotation": {
        "angle": 0,
        "axis": "y",
        "origin": [
          0,
          0,
          -16
        ]
      },
      "faces": {
        "north": {
          "uv": [
            0,
            4.375,
            3,
            4.75
          ],
          "texture": "#1"
        },
        "east": {
          "uv": [
            0,
            4.375,
            0,
            4.75
          ],
          "texture": "#1"
        },
        "south": {
          "uv": [
            3,
            4.375,
            6,
            4.75
          ],
          "texture": "#1"
        },
        "west": {
          "uv": [
            3,
            4.375,
            3,
            4.75
          ],
          "texture": "#1"
        },
        "up": {
          "uv": [
            3,
            4.375,
            0,
            4.375
          ],
          "texture": "#1"
        },
        "down": {
          "uv": [
            6,
            4.375,
            3,
            4.375
          ],
          "texture": "#1"
        }
      }
    }
  ],
  "display": {
    "thirdperson_righthand": {
      "rotation": [
        60,
        -160,
        0
      ],
      "translation": [
        1.75,
        2.75,
        -3.5
      ],
      "scale": [
        -0.4,
        0.4,
        -0.4
      ]
    },
    "thirdperson_lefthand": {
      "rotation": [
        60,
        -160,
        0
      ],
      "translation": [
        1.75,
        2.75,
        -3.5
      ],
      "scale": [
        -0.4,
        0.4,
        -0.4
      ]
    },
    "firstperson_righthand": {
      "rotation": [
        0,
        -73,
        6
      ],
      "translation": [
        1.5,
        0,
        0
      ],
      "scale": [
        -0.23,
        0.23,
        -0.23
      ]
    },
    "firstperson_lefthand": {
      "rotation": [
        0,
        -73,
        6
      ],
      "translation": [
        1.5,
        0,
        0
      ],
      "scale": [
        -0.23,
        0.23,
        -0.23
      ]
    },
    "ground": {
      "translation": [
        0,
        2,
        0
      ],
      "scale": [
        0.2,
        0.2,
        0.2
      ]
    },
    "gui": {
      "rotation": [
        30,
        -40,
        0
      ],
      "translation": [
        0.5,
        -0.5,
        0
      ],
      "scale": [
        -0.22,
        0.22,
        -0.22
      ]
    },
    "head": {
      "rotation": [
        0,
        -180,
        0
      ],
      "translation": [
        0,
        -11.15,
        0
      ],
      "scale": [
        1.6,
        1.6,
        1.6
      ]
    },
    "fixed": {
      "rotation": [
        -90,
        0,
        0
      ],
      "translation": [
        0,
        0,
        -39
      ],
      "scale": [
        2,
        2,
        2
      ]
    }
  }
}