{
  "credit": "Made by LZLeon with Blockbench, Contact - Discord: LZBlocks#0261 - E-Mail: lzblocks@outlook.com",
  "texture_size": [
    128,
    128
  ],
  "textures": {
    "0": "lzfurniture:furniture/medieval_market/medieval_market_stalltable",
    "particle": "lzfurniture:furniture/medieval_market/medieval_market_stalltable"
  },
  "elements": [
    {
      "from": [
        -6,
        11,
        1.5
      ],
      "to": [
        8,
        13,
        3.5
      ],
      "rotation": {
        "angle": 22.5,
        "axis": "z",
        "origin": [
          0,
          -1,
          0
        ]
      },
      "faces": {
        "north": {
          "uv": [
            0.25,
            2.625,
            2,
            2.875
          ],
          "texture": "#0"
        },
        "east": {
          "uv": [
            0,
            2.625,
            0.25,
            2.875
          ],
          "texture": "#0"
        },
        "south": {
          "uv": [
            2.25,
            2.625,
            4,
            2.875
          ],
          "texture": "#0"
        },
        "west": {
          "uv": [
            2,
            2.625,
            2.25,
            2.875
          ],
          "texture": "#0"
        },
        "up": {
          "uv": [
            2,
            2.625,
            0.25,
            2.375
          ],
          "texture": "#0"
        },
        "down": {
          "uv": [
            3.75,
            2.375,
            2,
            2.625
          ],
          "texture": "#0"
        }
      }
    },
    {
      "from": [
        -11.5,
        9,
        4
      ],
      "to": [
        -9.5,
        11,
        12
      ],
      "rotation": {
        "angle": 0,
        "axis": "y",
        "origin": [
          0,
          -1,
          0
        ]
      },
      "faces": {
        "north": {
          "uv": [
            1,
            3.875,
            1.25,
            4.125
          ],
          "texture": "#0"
        },
        "east": {
          "uv": [
            0,
            3.875,
            1,
            4.125
          ],
          "texture": "#0"
        },
        "south": {
          "uv": [
            2.25,
            3.875,
            2.5,
            4.125
          ],
          "texture": "#0"
        },
        "west": {
          "uv": [
            1.25,
            3.875,
            2.25,
            4.125
          ],
          "texture": "#0"
        },
        "up": {
          "uv": [
            1.25,
            3.875,
            1,
            2.875
          ],
          "texture": "#0"
        },
        "down": {
          "uv": [
            1.5,
            2.875,
            1.25,
            3.875
          ],
          "texture": "#0"
        }
      }
    },
    {
      "from": [
        -12,
        0,
        1
      ],
      "to": [
        -9,
        14,
        4
      ],
      "faces": {
        "north": {
          "uv": [
            2.875,
            3.25,
            3.25,
            5
          ],
          "texture": "#0"
        },
        "east": {
          "uv": [
            2.5,
            3.25,
            2.875,
            5
          ],
          "texture": "#0"
        },
        "south": {
          "uv": [
            3.625,
            3.25,
            4,
            5
          ],
          "texture": "#0"
        },
        "west": {
          "uv": [
            3.25,
            3.25,
            3.625,
            5
          ],
          "texture": "#0"
        },
        "up": {
          "uv": [
            3.25,
            3.25,
            2.875,
            2.875
          ],
          "texture": "#0"
        },
        "down": {
          "uv": [
            3.625,
            2.875,
            3.25,
            3.25
          ],
          "texture": "#0"
        }
      }
    },
    {
      "from": [
        -6,
        11,
        12.5
      ],
      "to": [
        8,
        13,
        14.5
      ],
      "rotation": {
        "angle": 22.5,
        "axis": "z",
        "origin": [
          0,
          -1,
          16
        ]
      },
      "faces": {
        "north": {
          "uv": [
            0.25,
            2.625,
            2,
            2.875
          ],
          "texture": "#0"
        },
        "east": {
          "uv": [
            0,
            2.625,
            0.25,
            2.875
          ],
          "texture": "#0"
        },
        "south": {
          "uv": [
            2.25,
            2.625,
            4,
            2.875
          ],
          "texture": "#0"
        },
        "west": {
          "uv": [
            2,
            2.625,
            2.25,
            2.875
          ],
          "texture": "#0"
        },
        "up": {
          "uv": [
            2,
            2.625,
            0.25,
            2.375
          ],
          "texture": "#0"
        },
        "down": {
          "uv": [
            3.75,
            2.375,
            2,
            2.625
          ],
          "texture": "#0"
        }
      }
    },
    {
      "from": [
        -12,
        0,
        12
      ],
      "to": [
        -9,
        14,
        15
      ],
      "rotation": {
        "angle": 0,
        "axis": "y",
        "origin": [
          0,
          0,
          16
        ]
      },
      "faces": {
        "north": {
          "uv": [
            2.875,
            3.25,
            3.25,
            5
          ],
          "texture": "#0"
        },
        "east": {
          "uv": [
            2.5,
            3.25,
            2.875,
            5
          ],
          "texture": "#0"
        },
        "south": {
          "uv": [
            3.625,
            3.25,
            4,
            5
          ],
          "texture": "#0"
        },
        "west": {
          "uv": [
            3.25,
            3.25,
            3.625,
            5
          ],
          "texture": "#0"
        },
        "up": {
          "uv": [
            3.25,
            3.25,
            2.875,
            2.875
          ],
          "texture": "#0"
        },
        "down": {
          "uv": [
            3.625,
            2.875,
            3.25,
            3.25
          ],
          "texture": "#0"
        }
      }
    },
    {
      "from": [
        25,
        0,
        1
      ],
      "to": [
        28,
        14,
        4
      ],
      "shade": false,
      "rotation": {
        "angle": 0,
        "axis": "y",
        "origin": [
          16,
          0,
          0
        ]
      },
      "faces": {
        "north": {
          "uv": [
            3.25,
            3.25,
            2.875,
            5
          ],
          "texture": "#0"
        },
        "east": {
          "uv": [
            3.625,
            3.25,
            3.25,
            5
          ],
          "texture": "#0"
        },
        "south": {
          "uv": [
            4,
            3.25,
            3.625,
            5
          ],
          "texture": "#0"
        },
        "west": {
          "uv": [
            2.875,
            3.25,
            2.5,
            5
          ],
          "texture": "#0"
        },
        "up": {
          "uv": [
            2.875,
            3.25,
            3.25,
            2.875
          ],
          "texture": "#0"
        },
        "down": {
          "uv": [
            3.25,
            2.875,
            3.625,
            3.25
          ],
          "texture": "#0"
        }
      }
    },
    {
      "from": [
        25.5,
        9,
        4
      ],
      "to": [
        27.5,
        11,
        12
      ],
      "shade": false,
      "rotation": {
        "angle": 0,
        "axis": "y",
        "origin": [
          16,
          -1,
          0
        ]
      },
      "faces": {
        "north": {
          "uv": [
            1.25,
            3.875,
            1,
            4.125
          ],
          "texture": "#0"
        },
        "east": {
          "uv": [
            2.25,
            3.875,
            1.25,
            4.125
          ],
          "texture": "#0"
        },
        "south": {
          "uv": [
            2.5,
            3.875,
            2.25,
            4.125
          ],
          "texture": "#0"
        },
        "west": {
          "uv": [
            1,
            3.875,
            0,
            4.125
          ],
          "texture": "#0"
        },
        "up": {
          "uv": [
            1,
            3.875,
            1.25,
            2.875
          ],
          "texture": "#0"
        },
        "down": {
          "uv": [
            1.25,
            2.875,
            1.5,
            3.875
          ],
          "texture": "#0"
        }
      }
    },
    {
      "from": [
        8,
        11,
        1.5
      ],
      "to": [
        22,
        13,
        3.5
      ],
      "shade": false,
      "rotation": {
        "angle": -22.5,
        "axis": "z",
        "origin": [
          16,
          -1,
          0
        ]
      },
      "faces": {
        "north": {
          "uv": [
            2,
            2.625,
            0.25,
            2.875
          ],
          "texture": "#0"
        },
        "east": {
          "uv": [
            2.25,
            2.625,
            2,
            2.875
          ],
          "texture": "#0"
        },
        "south": {
          "uv": [
            4,
            2.625,
            2.25,
            2.875
          ],
          "texture": "#0"
        },
        "west": {
          "uv": [
            0.25,
            2.625,
            0,
            2.875
          ],
          "texture": "#0"
        },
        "up": {
          "uv": [
            0.25,
            2.625,
            2,
            2.375
          ],
          "texture": "#0"
        },
        "down": {
          "uv": [
            2,
            2.375,
            3.75,
            2.625
          ],
          "texture": "#0"
        }
      }
    },
    {
      "from": [
        25,
        0,
        12
      ],
      "to": [
        28,
        14,
        15
      ],
      "shade": false,
      "rotation": {
        "angle": 0,
        "axis": "y",
        "origin": [
          16,
          0,
          16
        ]
      },
      "faces": {
        "north": {
          "uv": [
            3.25,
            3.25,
            2.875,
            5
          ],
          "texture": "#0"
        },
        "east": {
          "uv": [
            3.625,
            3.25,
            3.25,
            5
          ],
          "texture": "#0"
        },
        "south": {
          "uv": [
            4,
            3.25,
            3.625,
            5
          ],
          "texture": "#0"
        },
        "west": {
          "uv": [
            2.875,
            3.25,
            2.5,
            5
          ],
          "texture": "#0"
        },
        "up": {
          "uv": [
            2.875,
            3.25,
            3.25,
            2.875
          ],
          "texture": "#0"
        },
        "down": {
          "uv": [
            3.25,
            2.875,
            3.625,
            3.25
          ],
          "texture": "#0"
        }
      }
    },
    {
      "from": [
        8,
        11,
        12.5
      ],
      "to": [
        22,
        13,
        14.5
      ],
      "shade": false,
      "rotation": {
        "angle": -22.5,
        "axis": "z",
        "origin": [
          16,
          -1,
          16
        ]
      },
      "faces": {
        "north": {
          "uv": [
            2,
            2.625,
            0.25,
            2.875
          ],
          "texture": "#0"
        },
        "east": {
          "uv": [
            2.25,
            2.625,
            2,
            2.875
          ],
          "texture": "#0"
        },
        "south": {
          "uv": [
            4,
            2.625,
            2.25,
            2.875
          ],
          "texture": "#0"
        },
        "west": {
          "uv": [
            0.25,
            2.625,
            0,
            2.875
          ],
          "texture": "#0"
        },
        "up": {
          "uv": [
            0.25,
            2.625,
            2,
            2.375
          ],
          "texture": "#0"
        },
        "down": {
          "uv": [
            2,
            2.375,
            3.75,
            2.625
          ],
          "texture": "#0"
        }
      }
    },
    {
      "from": [
        -13,
        13,
        0
      ],
      "to": [
        30,
        16,
        16
      ],
      "rotation": {
        "angle": 0,
        "axis": "y",
        "origin": [
          0,
          -1,
          0
        ]
      },
      "faces": {
        "north": {
          "uv": [
            2,
            2,
            7.375,
            2.375
          ],
          "texture": "#0"
        },
        "east": {
          "uv": [
            0,
            2,
            2,
            2.375
          ],
          "texture": "#0"
        },
        "south": {
          "uv": [
            9.375,
            2,
            14.75,
            2.375
          ],
          "texture": "#0"
        },
        "west": {
          "uv": [
            7.375,
            2,
            9.375,
            2.375
          ],
          "texture": "#0"
        },
        "up": {
          "uv": [
            7.375,
            2,
            2,
            0
          ],
          "texture": "#0"
        },
        "down": {
          "uv": [
            12.75,
            0,
            7.375,
            2
          ],
          "texture": "#0"
        }
      }
    }
  ],
  "display": {
    "thirdperson_righthand": {
      "rotation": [
        60,
        -165,
        0
      ],
      "translation": [
        2.25,
        2.75,
        -4.75
      ],
      "scale": [
        0.6,
        0.6,
        0.6
      ]
    },
    "thirdperson_lefthand": {
      "rotation": [
        60,
        -165,
        0
      ],
      "translation": [
        2.25,
        2.75,
        -4.75
      ],
      "scale": [
        0.6,
        0.6,
        0.6
      ]
    },
    "firstperson_righthand": {
      "rotation": [
        0,
        -55,
        6
      ],
      "translation": [
        0.5,
        -1.5,
        0
      ],
      "scale": [
        0.4,
        0.4,
        0.4
      ]
    },
    "firstperson_lefthand": {
      "rotation": [
        0,
        -55,
        6
      ],
      "translation": [
        0.5,
        -1.5,
        0
      ],
      "scale": [
        0.4,
        0.4,
        0.4
      ]
    },
    "ground": {
      "translation": [
        0,
        1.5,
        0
      ],
      "scale": [
        0.35,
        0.35,
        0.35
      ]
    },
    "gui": {
      "rotation": [
        30,
        -40,
        0
      ],
      "scale": [
        0.3,
        0.3,
        0.3
      ]
    },
    "head": {
      "translation": [
        0,
        -30.4,
        0
      ],
      "scale": [
        1.6,
        1.6,
        1.6
      ]
    },
    "fixed": {
      "rotation": [
        90,
        0,
        -180
      ],
      "translation": [
        0,
        0,
        -15
      ],
      "scale": [
        2,
        2,
        2
      ]
    }
  }
}