{
	"credit": "Made by LZLeon with Blockbench, Contact - Discord: LZBlocks#0261 - E-Mail: lzblocks@outlook.com",
	"texture_size": [64, 64],
	"textures": {
		"0": "minehammer:item/furniture/medieval_market_scarecrow",
		"particle": "minehammer:item/furniture/medieval_market_scarecrow"
	},
	"elements": [
		{
			"name": "head",
			"from": [4, 22.5, 4],
			"to": [12, 31.5, 12],
			"rotation": {"angle": 0, "axis": "y", "origin": [0, -1, 0]},
			"faces": {
				"north": {"uv": [2, 6, 4, 8.25], "texture": "#0"},
				"east": {"uv": [0, 6, 2, 8.25], "texture": "#0"},
				"south": {"uv": [6, 6, 8, 8.25], "texture": "#0"},
				"west": {"uv": [4, 6, 6, 8.25], "texture": "#0"},
				"up": {"uv": [4, 6, 2, 4], "texture": "#0"},
				"down": {"uv": [6, 4, 4, 6], "texture": "#0"}
			}
		},
		{
			"name": "head",
			"from": [0, 28.5, 0],
			"to": [16, 28.5, 16],
			"rotation": {"angle": 0, "axis": "y", "origin": [0, -1, 0]},
			"faces": {
				"north": {"uv": [4, 4, 8, 4], "texture": "#0"},
				"east": {"uv": [0, 4, 4, 4], "texture": "#0"},
				"south": {"uv": [12, 4, 16, 4], "texture": "#0"},
				"west": {"uv": [8, 4, 12, 4], "texture": "#0"},
				"up": {"uv": [8, 4, 4, 0], "texture": "#0"},
				"down": {"uv": [12, 0, 8, 4], "texture": "#0"}
			}
		},
		{
			"name": "body",
			"from": [4, 13.5, 6],
			"to": [12, 22.5, 10],
			"rotation": {"angle": 0, "axis": "y", "origin": [0, -1, 0]},
			"faces": {
				"north": {"uv": [8, 8.25, 10, 10.5], "texture": "#0"},
				"east": {"uv": [7, 8.25, 8, 10.5], "texture": "#0"},
				"south": {"uv": [11, 8.25, 13, 10.5], "texture": "#0"},
				"west": {"uv": [10, 8.25, 11, 10.5], "texture": "#0"},
				"up": {"uv": [10, 8.25, 8, 7.25], "texture": "#0"},
				"down": {"uv": [12, 7.25, 10, 8.25], "texture": "#0"}
			}
		},
		{
			"name": "right_arm",
			"from": [-4.5, 18, 5.97422],
			"to": [-0.5, 22, 9.97422],
			"rotation": {"angle": 22.5, "axis": "z", "origin": [2, 20, 8.3]},
			"faces": {
				"north": {"uv": [11, 6, 12, 7], "texture": "#0"},
				"east": {"uv": [10, 6, 11, 7], "texture": "#0"},
				"south": {"uv": [13, 6, 14, 7], "texture": "#0"},
				"west": {"uv": [12, 6, 13, 7], "texture": "#0"},
				"up": {"uv": [12, 6, 11, 5], "texture": "#0"},
				"down": {"uv": [13, 5, 12, 6], "texture": "#0"}
			}
		},
		{
			"name": "right_arm",
			"from": [-0.5, 18, 5.97422],
			"to": [5.5, 22, 9.97422],
			"rotation": {"angle": 22.5, "axis": "z", "origin": [2, 20, 8.3]},
			"faces": {
				"north": {"uv": [7, 5, 8.5, 6], "texture": "#0"},
				"east": {"uv": [6, 5, 7, 6], "texture": "#0"},
				"south": {"uv": [9.5, 5, 11, 6], "texture": "#0"},
				"west": {"uv": [8.5, 5, 9.5, 6], "texture": "#0"},
				"up": {"uv": [8.5, 5, 7, 4], "texture": "#0"},
				"down": {"uv": [10, 4, 8.5, 5], "texture": "#0"}
			}
		},
		{
			"name": "right_leg",
			"from": [-1.31431, 3.78318, 6.2],
			"to": [2.68569, 10.78318, 10.2],
			"rotation": {"angle": -22.5, "axis": "z", "origin": [10.68569, -1.71682, 0]},
			"faces": {
				"north": {"uv": [1, 1, 2, 2.75], "texture": "#0"},
				"east": {"uv": [0, 1, 1, 2.75], "texture": "#0"},
				"south": {"uv": [3, 1, 4, 2.75], "texture": "#0"},
				"west": {"uv": [2, 1, 3, 2.75], "texture": "#0"},
				"up": {"uv": [2, 1, 1, 0], "texture": "#0"},
				"down": {"uv": [3, 0, 2, 1], "texture": "#0"}
			}
		},
		{
			"name": "right_leg",
			"from": [-1.31431, -0.21682, 6.2],
			"to": [2.68569, 3.78318, 10.2],
			"rotation": {"angle": -22.5, "axis": "z", "origin": [10.68569, -1.71682, 0]},
			"faces": {
				"north": {"uv": [3, 9.25, 4, 10.25], "texture": "#0"},
				"east": {"uv": [2, 9.25, 3, 10.25], "texture": "#0"},
				"south": {"uv": [5, 9.25, 6, 10.25], "texture": "#0"},
				"west": {"uv": [4, 9.25, 5, 10.25], "texture": "#0"},
				"up": {"uv": [4, 9.25, 3, 8.25], "texture": "#0"},
				"down": {"uv": [5, 8.25, 4, 9.25], "texture": "#0"}
			}
		},
		{
			"name": "right_leg",
			"from": [13.31431, 3.78318, 6.1],
			"to": [17.31431, 10.78318, 10.1],
			"shade": false,
			"rotation": {"angle": 22.5, "axis": "z", "origin": [5.31431, -1.71682, -0.1]},
			"faces": {
				"north": {"uv": [2, 1, 1, 2.75], "texture": "#0"},
				"east": {"uv": [3, 1, 2, 2.75], "texture": "#0"},
				"south": {"uv": [4, 1, 3, 2.75], "texture": "#0"},
				"west": {"uv": [1, 1, 0, 2.75], "texture": "#0"},
				"up": {"uv": [1, 1, 2, 0], "texture": "#0"},
				"down": {"uv": [2, 0, 3, 1], "texture": "#0"}
			}
		},
		{
			"name": "right_arm",
			"from": [16.5, 18, 5.9],
			"to": [20.5, 22, 9.9],
			"shade": false,
			"rotation": {"angle": -22.5, "axis": "z", "origin": [14, 20, 8.2]},
			"faces": {
				"north": {"uv": [12, 6, 11, 7], "texture": "#0"},
				"east": {"uv": [13, 6, 12, 7], "texture": "#0"},
				"south": {"uv": [14, 6, 13, 7], "texture": "#0"},
				"west": {"uv": [11, 6, 10, 7], "texture": "#0"},
				"up": {"uv": [11, 6, 12, 5], "texture": "#0"},
				"down": {"uv": [12, 5, 13, 6], "texture": "#0"}
			}
		},
		{
			"name": "right_arm",
			"from": [10.5, 18, 5.9],
			"to": [16.5, 22, 9.9],
			"shade": false,
			"rotation": {"angle": -22.5, "axis": "z", "origin": [14, 20, 8.2]},
			"faces": {
				"north": {"uv": [8.5, 5, 7, 6], "texture": "#0"},
				"east": {"uv": [9.5, 5, 8.5, 6], "texture": "#0"},
				"south": {"uv": [11, 5, 9.5, 6], "texture": "#0"},
				"west": {"uv": [7, 5, 6, 6], "texture": "#0"},
				"up": {"uv": [7, 5, 8.5, 4], "texture": "#0"},
				"down": {"uv": [8.5, 4, 10, 5], "texture": "#0"}
			}
		},
		{
			"name": "right_leg",
			"from": [13.31431, -0.21682, 6.1],
			"to": [17.31431, 3.78318, 10.1],
			"shade": false,
			"rotation": {"angle": 22.5, "axis": "z", "origin": [5.31431, -1.71682, -0.1]},
			"faces": {
				"north": {"uv": [4, 9.25, 3, 10.25], "texture": "#0"},
				"east": {"uv": [5, 9.25, 4, 10.25], "texture": "#0"},
				"south": {"uv": [6, 9.25, 5, 10.25], "texture": "#0"},
				"west": {"uv": [3, 9.25, 2, 10.25], "texture": "#0"},
				"up": {"uv": [3, 9.25, 4, 8.25], "texture": "#0"},
				"down": {"uv": [4, 8.25, 5, 9.25], "texture": "#0"}
			}
		},
		{
			"from": [7, 0, 7],
			"to": [9, 15, 9],
			"rotation": {"angle": 0, "axis": "y", "origin": [0, -1, 0]},
			"faces": {
				"north": {"uv": [0.5, 8.75, 1, 12.5], "texture": "#0"},
				"east": {"uv": [0, 8.75, 0.5, 12.5], "texture": "#0"},
				"south": {"uv": [1.5, 8.75, 2, 12.5], "texture": "#0"},
				"west": {"uv": [1, 8.75, 1.5, 12.5], "texture": "#0"},
				"up": {"uv": [1, 8.75, 0.5, 8.25], "texture": "#0"},
				"down": {"uv": [1.5, 8.25, 1, 8.75], "texture": "#0"}
			}
		},
		{
			"name": "right_arm inverted",
			"from": [20.5, 22, 9.9],
			"to": [16.5, 18, 5.9],
			"shade": false,
			"rotation": {"angle": -22.5, "axis": "z", "origin": [14, 20, 8.2]},
			"faces": {
				"north": {"uv": [14, 7, 13, 6], "texture": "#0"},
				"east": {"uv": [11, 7, 10, 6], "texture": "#0"},
				"south": {"uv": [12, 7, 11, 6], "texture": "#0"},
				"west": {"uv": [13, 7, 12, 6], "texture": "#0"},
				"up": {"uv": [13, 5, 12, 6], "texture": "#0"},
				"down": {"uv": [12, 6, 11, 5], "texture": "#0"}
			}
		},
		{
			"name": "right_arm inverted",
			"from": [-0.5, 22, 9.97422],
			"to": [-4.5, 18, 5.97422],
			"rotation": {"angle": 22.5, "axis": "z", "origin": [2, 20, 8.27422]},
			"faces": {
				"north": {"uv": [13, 7, 14, 6], "texture": "#0"},
				"east": {"uv": [12, 7, 13, 6], "texture": "#0"},
				"south": {"uv": [11, 7, 12, 6], "texture": "#0"},
				"west": {"uv": [10, 7, 11, 6], "texture": "#0"},
				"up": {"uv": [12, 5, 13, 6], "texture": "#0"},
				"down": {"uv": [11, 6, 12, 5], "texture": "#0"}
			}
		},
		{
			"name": "right_leg inverted",
			"from": [2.68569, 3.78318, 10.2],
			"to": [-1.31431, -0.21682, 6.2],
			"rotation": {"angle": -22.5, "axis": "z", "origin": [10.68569, -1.71682, 0]},
			"faces": {
				"north": {"uv": [5, 10.25, 6, 9.25], "texture": "#0"},
				"east": {"uv": [4, 10.25, 5, 9.25], "texture": "#0"},
				"south": {"uv": [3, 10.25, 4, 9.25], "texture": "#0"},
				"west": {"uv": [2, 10.25, 3, 9.25], "texture": "#0"},
				"up": {"uv": [4, 8.25, 5, 9.25], "texture": "#0"},
				"down": {"uv": [3, 9.25, 4, 8.25], "texture": "#0"}
			}
		},
		{
			"name": "right_leg inverted",
			"from": [17.31431, 3.78318, 10.1],
			"to": [13.31431, -0.21682, 6.1],
			"shade": false,
			"rotation": {"angle": 22.5, "axis": "z", "origin": [5.31431, -1.71682, -0.1]},
			"faces": {
				"north": {"uv": [6, 10.25, 5, 9.25], "texture": "#0"},
				"east": {"uv": [3, 10.25, 2, 9.25], "texture": "#0"},
				"south": {"uv": [4, 10.25, 3, 9.25], "texture": "#0"},
				"west": {"uv": [5, 10.25, 4, 9.25], "texture": "#0"},
				"up": {"uv": [5, 8.25, 4, 9.25], "texture": "#0"},
				"down": {"uv": [4, 9.25, 3, 8.25], "texture": "#0"}
			}
		}
	],
	"display": {
		"thirdperson_righthand": {
			"rotation": [60, -160, 0],
			"translation": [1.25, -1, -6.25],
			"scale": [0.8, 0.8, 0.8]
		},
		"thirdperson_lefthand": {
			"rotation": [60, -160, 0],
			"translation": [1.25, -1, -6.25],
			"scale": [0.8, 0.8, 0.8]
		},
		"firstperson_righthand": {
			"rotation": [0, -73, 6],
			"translation": [1.75, -3.25, 0],
			"scale": [0.4, 0.4, 0.4]
		},
		"firstperson_lefthand": {
			"rotation": [0, -73, 6],
			"translation": [1.75, -3.25, 0],
			"scale": [0.4, 0.4, 0.4]
		},
		"ground": {
			"translation": [0, 1.5, 0],
			"scale": [0.35, 0.35, 0.35]
		},
		"gui": {
			"rotation": [30, -40, 0],
			"translation": [0, -3.5, 0],
			"scale": [0.45, 0.45, 0.45]
		},
		"head": {
			"translation": [0, -30.4, 0],
			"scale": [1.6, 1.6, 1.6]
		},
		"fixed": {
			"rotation": [-90, -180, 0],
			"translation": [0, 0, -15],
			"scale": [2, 2, 2]
		}
	},
	"groups": [
		{
			"name": "steve",
			"origin": [8, 8, 8],
			"color": 0,
			"children": [0, 1, 2, 3, 4, 5, 6, 7, 8, 9, 10, 11, 12, 13, 14, 15]
		}
	]
}