{"credit":"MadewithBlockbench","texture_size":[64,64],"textures":{"2":"elitecreatures:spooky_furniture_v1/fence","particle":"elitecreatures:spooky_furniture_v1/fence"},"elements":[{"from":[3.5657,4.27366,7.55657],"to":[4.45256,16.68971,8.44343],"rotation":{"angle":0,"axis":"y","origin":[11.90055,-0.56689,5.78285]},"faces":{"north":{"uv":[0,5.25,0.25,8.75],"texture":"#2"},"east":{"uv":[0.25,5.25,0.5,8.75],"texture":"#2"},"south":{"uv":[0.5,5.25,0.75,8.75],"texture":"#2"},"west":{"uv":[0.25,5.25,0.5,8.75],"texture":"#2"},"up":{"uv":[5.5,4.5,5.25,4.25],"texture":"#2"},"down":{"uv":[5.5,4.5,5.25,4.75],"texture":"#2"}}},{"from":[6.22628,4.27366,7.55657],"to":[7.11314,16.68971,8.44343],"rotation":{"angle":0,"axis":"y","origin":[11.90055,-0.56689,5.78285]},"faces":{"north":{"uv":[0,5.25,0.25,8.75],"texture":"#2"},"east":{"uv":[0.25,5.25,0.5,8.75],"texture":"#2"},"south":{"uv":[0.5,5.25,0.75,8.75],"texture":"#2"},"west":{"uv":[0.25,5.25,0.5,8.75],"texture":"#2"},"up":{"uv":[5.5,4.5,5.25,4.25],"texture":"#2"},"down":{"uv":[5.5,4.5,5.25,4.75],"texture":"#2"}}},{"from":[8.88686,4.27366,7.55657],"to":[9.77372,16.68971,8.44343],"rotation":{"angle":0,"axis":"y","origin":[11.90055,-0.56689,5.78285]},"faces":{"north":{"uv":[0,5.25,0.25,8.75],"texture":"#2"},"east":{"uv":[0.25,5.25,0.5,8.75],"texture":"#2"},"south":{"uv":[0.5,5.25,0.75,8.75],"texture":"#2"},"west":{"uv":[0.25,5.25,0.5,8.75],"texture":"#2"},"up":{"uv":[5.5,4.5,5.25,4.25],"texture":"#2"},"down":{"uv":[5.5,4.5,5.25,4.75],"texture":"#2"}}},{"from":[11.54744,4.27366,7.55657],"to":[12.4343,16.68971,8.44343],"rotation":{"angle":0,"axis":"y","origin":[11.90055,-0.56689,5.78285]},"faces":{"north":{"uv":[0,5.25,0.25,8.75],"texture":"#2"},"east":{"uv":[0.25,5.25,0.5,8.75],"texture":"#2"},"south":{"uv":[0.5,5.25,0.75,8.75],"texture":"#2"},"west":{"uv":[0.25,5.25,0.5,8.75],"texture":"#2"},"up":{"uv":[5.5,4.5,5.25,4.25],"texture":"#2"},"down":{"uv":[5.5,4.5,5.25,4.75],"texture":"#2"}}},{"from":[14.20803,4.27366,7.55657],"to":[15.09489,16.68971,8.44343],"rotation":{"angle":0,"axis":"y","origin":[11.90055,-0.56689,5.78285]},"faces":{"north":{"uv":[0,5.25,0.25,8.75],"texture":"#2"},"east":{"uv":[0.25,5.25,0.5,8.75],"texture":"#2"},"south":{"uv":[0.5,5.25,0.75,8.75],"texture":"#2"},"west":{"uv":[0.25,5.25,0.5,8.75],"texture":"#2"},"up":{"uv":[5.5,4.5,5.25,4.25],"texture":"#2"},"down":{"uv":[5.5,4.5,5.25,4.75],"texture":"#2"}}},{"from":[0.90511,4.27366,7.55657],"to":[1.79197,16.68971,8.44343],"rotation":{"angle":0,"axis":"y","origin":[11.90055,-0.56689,5.78285]},"faces":{"north":{"uv":[0,5.25,0.25,8.75],"texture":"#2"},"east":{"uv":[0.25,5.25,0.5,8.75],"texture":"#2"},"south":{"uv":[0.5,5.25,0.75,8.75],"texture":"#2"},"west":{"uv":[0.25,5.25,0.5,8.75],"texture":"#2"},"up":{"uv":[5.5,4.5,5.25,4.25],"texture":"#2"},"down":{"uv":[5.5,4.5,5.25,4.75],"texture":"#2"}}},{"name":"horizon","from":[0.01825,13.14227,7.55657],"to":[15.98175,14.02913,8.44343],"rotation":{"angle":0,"axis":"y","origin":[13.67427,6.97142,6.22628]},"faces":{"north":{"uv":[0,4.75,4.5,5],"texture":"#2"},"east":{"uv":[5.5,4.25,5.75,4.5],"texture":"#2"},"south":{"uv":[4.5,4.75,9,5],"texture":"#2"},"west":{"uv":[5.5,4.5,5.75,4.75],"texture":"#2"},"up":{"uv":[4.5,5.25,0,5],"texture":"#2"},"down":{"uv":[9,5,4.5,5.25],"texture":"#2"}}},{"name":"wall","from":[0.01825,0,6.66971],"to":[15.98175,7.09489,9.33029],"rotation":{"angle":0,"axis":"y","origin":[11.90055,-0.56689,5.78285]},"faces":{"north":{"uv":[1.75,10.125,5.75,12.125],"texture":"#2"},"east":{"uv":[4.5,0.75,5.25,2.75],"texture":"#2"},"south":{"uv":[5.75,10.125,1.75,12.125],"texture":"#2"},"west":{"uv":[4.5,2.75,5.25,4.75],"texture":"#2"},"up":{"uv":[4.5,4.75,0,4],"texture":"#2"},"down":{"uv":[7.875,1.5,11.375,0.75],"texture":"#2"}}}],"gui_light":"front","display":{"thirdperson_righthand":{"rotation":[67.5,0,0],"translation":[0,1,1.5],"scale":[0.36133,0.36133,0.36133]},"thirdperson_lefthand":{"rotation":[67.5,0,0],"translation":[0,1,1.5],"scale":[0.36133,0.36133,0.36133]},"firstperson_righthand":{"translation":[1.75,3,0],"scale":[0.64648,0.64648,0.64648]},"firstperson_lefthand":{"translation":[1.75,3,0],"scale":[0.64648,0.64648,0.64648]},"ground":{"translation":[0,5.75,0],"scale":[0.53906,0.53906,0.53906]},"gui":{"rotation":[30,45,0],"scale":[0.70313,0.70313,0.70313]},"head":{"translation":[0,-30.25,0.75],"scale":[0,0,0]},"fixed":{"rotation":[-90,0,0],"translation":[0,0,-15.75],"scale":[2,2,2]}},"groups":[{"name":"all_fence","origin":[8,8,8],"color":0,"children":[{"name":"iron","origin":[5,8.5,6],"color":0,"children":[0,1,2,3,4,5,6]},7]}]}