{
  "credit": "MadebyBlockbench.",
  "texture_size": [
    64,
    64
  ],
  "textures": {
    "0": "elitecreatures:santa_decoration/big_gift_box_0"
  },
  "elements": [
    {
      "from": [
        -2,
        0,
        4
      ],
      "to": [
        10,
        8,
        16
      ],
      "rotation": {
        "angle": 22.5,
        "axis": "y",
        "origin": [
          4,
          6,
          10
        ]
      },
      "faces": {
        "north": {
          "uv": [
            6,
            9,
            9,
            11
          ],
          "texture": "#0"
        },
        "east": {
          "uv": [
            6,
            9,
            9,
            11
          ],
          "texture": "#0"
        },
        "south": {
          "uv": [
            6,
            9,
            9,
            11
          ],
          "texture": "#0"
        },
        "west": {
          "uv": [
            6,
            9,
            9,
            11
          ],
          "texture": "#0"
        },
        "up": {
          "uv": [
            3,
            10,
            0,
            7
          ],
          "texture": "#0"
        },
        "down": {
          "uv": [
            10,
            0,
            7,
            3
          ],
          "texture": "#0"
        }
      }
    },
    {
      "from": [
        10,
        0,
        -2
      ],
      "to": [
        22,
        8,
        10
      ],
      "faces": {
        "north": {
          "uv": [
            0,
            10,
            3,
            12
          ],
          "texture": "#0"
        },
        "east": {
          "uv": [
            0,
            10,
            3,
            12
          ],
          "texture": "#0"
        },
        "south": {
          "uv": [
            0,
            10,
            3,
            12
          ],
          "texture": "#0"
        },
        "west": {
          "uv": [
            0,
            10,
            3,
            12
          ],
          "texture": "#0"
        },
        "up": {
          "uv": [
            6,
            10,
            3,
            7
          ],
          "texture": "#0"
        },
        "down": {
          "uv": [
            10,
            3,
            7,
            6
          ],
          "texture": "#0"
        }
      }
    },
    {
      "from": [
        -3,
        8,
        3
      ],
      "to": [
        11,
        12,
        17
      ],
      "rotation": {
        "angle": 22.5,
        "axis": "y",
        "origin": [
          4,
          6,
          10
        ]
      },
      "faces": {
        "north": {
          "uv": [
            10,
            4,
            13.5,
            5
          ],
          "texture": "#0"
        },
        "east": {
          "uv": [
            10,
            4,
            13.5,
            5
          ],
          "texture": "#0"
        },
        "south": {
          "uv": [
            10,
            4,
            13.5,
            5
          ],
          "texture": "#0"
        },
        "west": {
          "uv": [
            10,
            4,
            13.5,
            5
          ],
          "texture": "#0"
        },
        "up": {
          "uv": [
            3.5,
            3.5,
            0,
            0
          ],
          "texture": "#0"
        },
        "down": {
          "uv": [
            3.5,
            3.5,
            0,
            7
          ],
          "texture": "#0"
        }
      }
    },
    {
      "from": [
        9,
        8.01,
        -3
      ],
      "to": [
        23,
        12.01,
        11
      ],
      "faces": {
        "north": {
          "uv": [
            9.5,
            11,
            13,
            12
          ],
          "texture": "#0"
        },
        "east": {
          "uv": [
            9.5,
            11,
            13,
            12
          ],
          "texture": "#0"
        },
        "south": {
          "uv": [
            9.5,
            11,
            13,
            12
          ],
          "texture": "#0"
        },
        "west": {
          "uv": [
            9.5,
            11,
            13,
            12
          ],
          "texture": "#0"
        },
        "up": {
          "uv": [
            7,
            3.5,
            3.5,
            0
          ],
          "texture": "#0"
        },
        "down": {
          "uv": [
            7,
            3.5,
            3.5,
            7
          ],
          "texture": "#0"
        }
      }
    },
    {
      "from": [
        -0.25,
        11,
        9.5
      ],
      "to": [
        7.75,
        15,
        9.5
      ],
      "rotation": {
        "angle": 22.5,
        "axis": "y",
        "origin": [
          5,
          13,
          9
        ]
      },
      "faces": {
        "north": {
          "uv": [
            12,
            7,
            14,
            8
          ],
          "texture": "#0"
        },
        "east": {
          "uv": [
            0,
            0,
            0,
            1
          ],
          "texture": "#0"
        },
        "south": {
          "uv": [
            12,
            8,
            14,
            9
          ],
          "texture": "#0"
        },
        "west": {
          "uv": [
            0,
            0,
            0,
            1
          ],
          "texture": "#0"
        },
        "up": {
          "uv": [
            2,
            0,
            0,
            0
          ],
          "texture": "#0"
        },
        "down": {
          "uv": [
            2,
            0,
            0,
            0
          ],
          "texture": "#0"
        }
      }
    },
    {
      "from": [
        3.75,
        11,
        5.5
      ],
      "to": [
        3.75,
        15,
        13.5
      ],
      "rotation": {
        "angle": 22.5,
        "axis": "y",
        "origin": [
          5,
          13,
          9
        ]
      },
      "faces": {
        "north": {
          "uv": [
            0,
            0,
            0,
            1
          ],
          "texture": "#0"
        },
        "east": {
          "uv": [
            7,
            6,
            9,
            7
          ],
          "texture": "#0"
        },
        "south": {
          "uv": [
            0,
            0,
            0,
            1
          ],
          "texture": "#0"
        },
        "west": {
          "uv": [
            7,
            12,
            9,
            13
          ],
          "texture": "#0"
        },
        "up": {
          "uv": [
            0,
            2,
            0,
            0
          ],
          "texture": "#0"
        },
        "down": {
          "uv": [
            0,
            0,
            0,
            2
          ],
          "texture": "#0"
        }
      }
    },
    {
      "from": [
        16,
        11,
        0
      ],
      "to": [
        16,
        15,
        8
      ],
      "faces": {
        "north": {
          "uv": [
            0,
            0,
            0,
            1
          ],
          "texture": "#0"
        },
        "east": {
          "uv": [
            9,
            12,
            11,
            13
          ],
          "texture": "#0"
        },
        "south": {
          "uv": [
            0,
            0,
            0,
            1
          ],
          "texture": "#0"
        },
        "west": {
          "uv": [
            12,
            9,
            14,
            10
          ],
          "texture": "#0"
        },
        "up": {
          "uv": [
            0,
            2,
            0,
            0
          ],
          "texture": "#0"
        },
        "down": {
          "uv": [
            0,
            0,
            0,
            2
          ],
          "texture": "#0"
        }
      }
    },
    {
      "from": [
        12,
        11,
        4
      ],
      "to": [
        20,
        15,
        4
      ],
      "faces": {
        "north": {
          "uv": [
            11,
            12,
            13,
            13
          ],
          "texture": "#0"
        },
        "east": {
          "uv": [
            0,
            0,
            0,
            1
          ],
          "texture": "#0"
        },
        "south": {
          "uv": [
            12.5,
            10,
            14.5,
            11
          ],
          "texture": "#0"
        },
        "west": {
          "uv": [
            0,
            0,
            0,
            1
          ],
          "texture": "#0"
        },
        "up": {
          "uv": [
            2,
            0,
            0,
            0
          ],
          "texture": "#0"
        },
        "down": {
          "uv": [
            2,
            0,
            0,
            0
          ],
          "texture": "#0"
        }
      }
    }
  ],
  "gui_light": "front",
  "display": {
    "thirdperson_righthand": {
      "rotation": [
        75,
        45,
        0
      ],
      "translation": [
        0,
        2.5,
        0
      ],
      "scale": [
        0.375,
        0.375,
        0.375
      ]
    },
    "thirdperson_lefthand": {
      "rotation": [
        75,
        45,
        0
      ],
      "translation": [
        0,
        2.5,
        0
      ],
      "scale": [
        0.375,
        0.375,
        0.375
      ]
    },
    "firstperson_righthand": {
      "rotation": [
        0,
        45,
        0
      ],
      "scale": [
        0.4,
        0.4,
        0.4
      ]
    },
    "firstperson_lefthand": {
      "rotation": [
        0,
        45,
        0
      ],
      "scale": [
        0.4,
        0.4,
        0.4
      ]
    },
    "ground": {
      "translation": [
        0,
        2,
        0
      ],
      "scale": [
        0.5,
        0.5,
        0.5
      ]
    },
    "gui": {
      "rotation": [
        30,
        45,
        0
      ],
      "translation": [
        -0.25,
        0.15,
        0
      ],
      "scale": [
        0.53906,
        0.53906,
        0.53906
      ]
    },
    "head": {
      "translation": [
        0,
        -30.4,
        0
      ],
      "scale": [
        1.6,
        1.6,
        1.6
      ]
    },
    "fixed": {
      "rotation": [
        -90,
        180,
        0
      ],
      "translation": [
        0,
        0,
        -16
      ],
      "scale": [
        2.01,
        2.01,
        2.01
      ]
    }
  }
}