{
	"credit": "Made by LZLeon with Blockbench, Contact - Discord: LZBlocks#0261 - E-Mail: lzblocks@outlook.com",
	"texture_size": [128, 128],
	"textures": {
		"0": "minehammer:item/furniture/medieval_market_table",
		"particle": "minehammer:item/furniture/medieval_market_table"
	},
	"elements": [
		{
			"name": "Box20",
			"from": [-6, 0, -5],
			"to": [-3, 13, -2],
			"faces": {
				"north": {"uv": [0.375, 0.375, 0.75, 2], "texture": "#0"},
				"east": {"uv": [0, 0.375, 0.375, 2], "texture": "#0"},
				"south": {"uv": [1.125, 0.375, 1.5, 2], "texture": "#0"},
				"west": {"uv": [0.75, 0.375, 1.125, 2], "texture": "#0"},
				"up": {"uv": [0.75, 0.375, 0.375, 0], "texture": "#0"},
				"down": {"uv": [1.125, 0, 0.75, 0.375], "texture": "#0"}
			}
		},
		{
			"name": "Box21",
			"from": [-6, 0, 19],
			"to": [-3, 13, 22],
			"faces": {
				"north": {"uv": [0.375, 0.375, 0.75, 2], "texture": "#0"},
				"east": {"uv": [0, 0.375, 0.375, 2], "texture": "#0"},
				"south": {"uv": [1.125, 0.375, 1.5, 2], "texture": "#0"},
				"west": {"uv": [0.75, 0.375, 1.125, 2], "texture": "#0"},
				"up": {"uv": [0.75, 0.375, 0.375, 0], "texture": "#0"},
				"down": {"uv": [1.125, 0, 0.75, 0.375], "texture": "#0"}
			}
		},
		{
			"name": "Box22",
			"from": [19, 0, 19],
			"to": [22, 13, 22],
			"faces": {
				"north": {"uv": [0.375, 0.375, 0.75, 2], "texture": "#0"},
				"east": {"uv": [0, 0.375, 0.375, 2], "texture": "#0"},
				"south": {"uv": [1.125, 0.375, 1.5, 2], "texture": "#0"},
				"west": {"uv": [0.75, 0.375, 1.125, 2], "texture": "#0"},
				"up": {"uv": [0.75, 0.375, 0.375, 0], "texture": "#0"},
				"down": {"uv": [1.125, 0, 0.75, 0.375], "texture": "#0"}
			}
		},
		{
			"name": "Box21",
			"from": [19, 0, -5],
			"to": [22, 13, -2],
			"faces": {
				"north": {"uv": [0.375, 0.375, 0.75, 2], "texture": "#0"},
				"east": {"uv": [0, 0.375, 0.375, 2], "texture": "#0"},
				"south": {"uv": [1.125, 0.375, 1.5, 2], "texture": "#0"},
				"west": {"uv": [0.75, 0.375, 1.125, 2], "texture": "#0"},
				"up": {"uv": [0.75, 0.375, 0.375, 0], "texture": "#0"},
				"down": {"uv": [1.125, 0, 0.75, 0.375], "texture": "#0"}
			}
		},
		{
			"name": "Box19",
			"from": [-7, 13, -6],
			"to": [23, 16, 23],
			"faces": {
				"north": {"uv": [3.625, 3.625, 7.375, 4], "texture": "#0"},
				"east": {"uv": [0, 3.625, 3.625, 4], "texture": "#0"},
				"south": {"uv": [11, 3.625, 14.75, 4], "texture": "#0"},
				"west": {"uv": [7.375, 3.625, 11, 4], "texture": "#0"},
				"up": {"uv": [7.375, 3.625, 3.625, 0], "texture": "#0"},
				"down": {"uv": [11.125, 0, 7.375, 3.625], "texture": "#0"}
			}
		}
	],
	"display": {
		"thirdperson_righthand": {
			"rotation": [60, -132, 0],
			"translation": [0, 9, -4.25],
			"scale": [0.6, 0.6, 0.6]
		},
		"thirdperson_lefthand": {
			"rotation": [60, -132, 0],
			"translation": [0, 9, -4.25],
			"scale": [0.6, 0.6, 0.6]
		},
		"firstperson_righthand": {
			"rotation": [0, -73, 6],
			"translation": [0, -0.75, 0],
			"scale": [0.4, 0.4, 0.4]
		},
		"firstperson_lefthand": {
			"rotation": [0, -73, 6],
			"translation": [0, -0.75, 0],
			"scale": [0.4, 0.4, 0.4]
		},
		"ground": {
			"translation": [0, 1.5, 0],
			"scale": [0.35, 0.35, 0.35]
		},
		"gui": {
			"rotation": [30, -40, 0],
			"translation": [0.25, -0.25, 0],
			"scale": [0.35, 0.35, 0.35]
		},
		"head": {
			"translation": [0, -30.4, 0],
			"scale": [1.6, 1.6, 1.6]
		},
		"fixed": {
			"rotation": [90, 0, -180],
			"translation": [0, 0, -15],
			"scale": [2, 2, 2]
		}
	}
}