{"credit":"Made with Blockbench","textures":{"0":"block/oak_log","1":"block/oak_planks","particle":"block/oak_log"},"elements":[{"from":[0,0,0],"to":[2,10,2],"faces":{"north":{"uv":[0,0,2,10],"texture":"#0"},"east":{"uv":[0,0,2,10],"texture":"#0"},"south":{"uv":[0,0,2,10],"texture":"#0"},"west":{"uv":[0,0,2,10],"texture":"#0"},"up":{"uv":[0,0,2,2],"texture":"#0"},"down":{"uv":[0,0,2,2],"texture":"#0"}}},{"from":[0,8,2],"to":[2,10,14],"faces":{"north":{"uv":[0,0,2,2],"texture":"#0"},"east":{"uv":[0,0,12,2],"texture":"#0"},"south":{"uv":[0,0,2,2],"texture":"#0"},"west":{"uv":[0,0,12,2],"texture":"#0"},"up":{"uv":[0,0,2,12],"texture":"#0"},"down":{"uv":[0,0,2,12],"texture":"#0"}}},{"from":[14,8,2],"to":[16,10,14],"faces":{"north":{"uv":[0,0,2,2],"texture":"#0"},"east":{"uv":[0,0,12,2],"texture":"#0"},"south":{"uv":[0,0,2,2],"texture":"#0"},"west":{"uv":[0,0,12,2],"texture":"#0"},"up":{"uv":[0,0,2,12],"texture":"#0"},"down":{"uv":[0,0,2,12],"texture":"#0"}}},{"from":[2,7,1],"to":[14,9,14],"faces":{"north":{"uv":[0,0,12,2],"texture":"#1"},"east":{"uv":[0,0,13,2],"texture":"#1"},"south":{"uv":[0,0,12,2],"texture":"#1"},"west":{"uv":[0,0,13,2],"texture":"#1"},"up":{"uv":[0,0,12,13],"texture":"#1"},"down":{"uv":[0,0,12,13],"texture":"#1"}}},{"from":[2,12,15],"to":[14,20,16],"faces":{"north":{"uv":[0,0,12,8],"texture":"#1"},"east":{"uv":[0,0,1,8],"texture":"#1"},"south":{"uv":[0,0,12,8],"texture":"#1"},"west":{"uv":[0,0,1,8],"texture":"#1"},"up":{"uv":[0,0,12,1],"texture":"#1"},"down":{"uv":[0,0,12,1],"texture":"#1"}}},{"from":[14,0,0],"to":[16,10,2],"faces":{"north":{"uv":[0,0,2,10],"texture":"#0"},"east":{"uv":[0,0,2,10],"texture":"#0"},"south":{"uv":[0,0,2,10],"texture":"#0"},"west":{"uv":[0,0,2,10],"texture":"#0"},"up":{"uv":[0,0,2,2],"texture":"#0"},"down":{"uv":[0,0,2,2],"texture":"#0"}}},{"from":[0,0,14],"to":[2,10,16],"faces":{"north":{"uv":[0,0,2,10],"texture":"#0"},"east":{"uv":[0,0,2,10],"texture":"#0"},"south":{"uv":[0,0,2,10],"texture":"#0"},"west":{"uv":[0,0,2,10],"texture":"#0"},"up":{"uv":[0,0,2,2],"texture":"#0"},"down":{"uv":[0,0,2,2],"texture":"#0"}}},{"from":[14,0,14],"to":[16,10,16],"faces":{"north":{"uv":[0,0,2,10],"texture":"#0"},"east":{"uv":[0,0,2,10],"texture":"#0"},"south":{"uv":[0,0,2,10],"texture":"#0"},"west":{"uv":[0,0,2,10],"texture":"#0"},"up":{"uv":[0,0,2,2],"texture":"#0"},"down":{"uv":[0,0,2,2],"texture":"#0"}}},{"from":[14,10,14],"to":[16,22,16],"faces":{"north":{"uv":[0,0,2,12],"texture":"#0"},"east":{"uv":[0,0,2,12],"texture":"#0"},"south":{"uv":[0,0,2,12],"texture":"#0"},"west":{"uv":[0,0,2,12],"texture":"#0"},"up":{"uv":[0,0,2,2],"texture":"#0"},"down":{"uv":[0,0,2,2],"texture":"#0"}}},{"from":[0,10,14],"to":[2,22,16],"faces":{"north":{"uv":[0,0,2,12],"texture":"#0"},"east":{"uv":[0,0,2,12],"texture":"#0"},"south":{"uv":[0,0,2,12],"texture":"#0"},"west":{"uv":[0,0,2,12],"texture":"#0"},"up":{"uv":[0,0,2,2],"texture":"#0"},"down":{"uv":[0,0,2,2],"texture":"#0"}}}],"display":{"thirdperson_righthand":{"translation":[0,3,0],"scale":[0.5,0.5,0.5]},"thirdperson_lefthand":{"translation":[0,3,0],"scale":[0.5,0.5,0.5]},"firstperson_righthand":{"translation":[0,4,0],"scale":[0.5,0.5,0.5]},"firstperson_lefthand":{"translation":[0,4,0],"scale":[0.5,0.5,0.5]},"ground":{"translation":[0,1,0],"scale":[0.5,0.5,0.5]},"gui":{"rotation":[45,70,0],"translation":[0,1,0],"scale":[0.5,0.5,0.5]},"head":{"rotation":[0,-180,0],"translation":[0,-14.65,0],"scale":[2.2855,2.2855,2.2855]}}}