{"credit":"Made with Blockbench","textures":{"0":"block/andesite","particle":"block/andesite"},"elements":[{"from":[2,0,3],"to":[8,3,8],"faces":{"north":{"uv":[0,0,6,3],"texture":"#0"},"east":{"uv":[0,0,5,3],"texture":"#0"},"south":{"uv":[0,0,6,3],"texture":"#0"},"west":{"uv":[0,0,5,3],"texture":"#0"},"up":{"uv":[0,0,6,5],"texture":"#0"},"down":{"uv":[0,0,6,5],"texture":"#0"}}},{"from":[3,0,10],"to":[7,3,14],"faces":{"north":{"uv":[0,0,4,3],"texture":"#0"},"east":{"uv":[0,0,4,3],"texture":"#0"},"south":{"uv":[0,0,4,3],"texture":"#0"},"west":{"uv":[0,0,4,3],"texture":"#0"},"up":{"uv":[0,0,4,4],"texture":"#0"},"down":{"uv":[0,0,4,4],"texture":"#0"}}},{"from":[8,0,10],"to":[11,3,13],"faces":{"north":{"uv":[0,0,3,3],"texture":"#0"},"east":{"uv":[0,0,3,3],"texture":"#0"},"south":{"uv":[0,0,3,3],"texture":"#0"},"west":{"uv":[0,0,3,3],"texture":"#0"},"up":{"uv":[0,0,3,3],"texture":"#0"},"down":{"uv":[0,0,3,3],"texture":"#0"}}},{"from":[9,0,4],"to":[13,3,9],"faces":{"north":{"uv":[0,0,4,3],"texture":"#0"},"east":{"uv":[0,0,5,3],"texture":"#0"},"south":{"uv":[0,0,4,3],"texture":"#0"},"west":{"uv":[0,0,5,3],"texture":"#0"},"up":{"uv":[0,0,4,5],"texture":"#0"},"down":{"uv":[0,0,4,5],"texture":"#0"}}}],"display":{"thirdperson_righthand":{"translation":[0,3,0],"scale":[0.5,0.5,0.5]},"thirdperson_lefthand":{"translation":[0,3,0],"scale":[0.5,0.5,0.5]},"firstperson_righthand":{"translation":[0,4,0],"scale":[0.5,0.5,0.5]},"firstperson_lefthand":{"translation":[0,4,0],"scale":[0.5,0.5,0.5]},"ground":{"translation":[0,1,0],"scale":[0.5,0.5,0.5]},"gui":{"rotation":[45,70,0],"translation":[0,1,0],"scale":[0.5,0.5,0.5]},"head":{"rotation":[0,-180,0],"translation":[0,-14.65,0],"scale":[2.2855,2.2855,2.2855]}}}