{"textures":{"0":"modelengine:entity/rotating_swing"},"elements":[{"from":[6.857143,-12.0,6.857143],"to":[9.142858,26.285715,9.142858],"rotation":{"angle":0.0,"axis":"y","origin":[8.0,15.0,8.0]},"faces":{"east":{"uv":[0.625,0.0,1.125,8.375],"rotation":0,"texture":"#0","tintindex":0},"south":{"uv":[1.25,0.0,1.75,8.375],"rotation":0,"texture":"#0","tintindex":0},"north":{"uv":[0.0,0.0,0.5,8.375],"rotation":0,"texture":"#0","tintindex":0},"west":{"uv":[1.875,0.0,2.375,8.375],"rotation":0,"texture":"#0","tintindex":0},"up":{"uv":[8.875,5.75,8.375,5.25],"rotation":0,"texture":"#0","tintindex":0},"down":{"uv":[1.625,8.5,1.125,9.0],"rotation":0,"texture":"#0","tintindex":0}}},{"from":[5.714286,22.285715,5.714286],"to":[10.285714,23.428572,10.285714],"rotation":{"angle":0.0,"axis":"y","origin":[8.0,15.0,8.0]},"faces":{"east":{"uv":[8.625,6.25,9.625,6.5],"rotation":0,"texture":"#0","tintindex":0},"south":{"uv":[8.625,6.625,9.625,6.875],"rotation":0,"texture":"#0","tintindex":0},"north":{"uv":[8.375,5.875,9.375,6.125],"rotation":0,"texture":"#0","tintindex":0},"west":{"uv":[8.625,7.0,9.625,7.25],"rotation":0,"texture":"#0","tintindex":0},"up":{"uv":[9.375,4.0,8.375,3.0],"rotation":0,"texture":"#0","tintindex":0},"down":{"uv":[9.375,4.125,8.375,5.125],"rotation":0,"texture":"#0","tintindex":0}}}],"display":{"head":{"translation":[0.0,-6.4,0.0],"scale":[4.0,4.0,4.0]}}}