{"textures":{"0":"modelengine:entity/rotating_swing"},"elements":[{"from":[7.142857,7.428571,-10.285715],"to":[8.857143,9.142858,26.285715],"rotation":{"angle":0.0,"axis":"y","origin":[8.0,8.285714,8.0]},"faces":{"east":{"uv":[2.5,0.0,10.5,0.375],"rotation":0,"texture":"#0","tintindex":0},"south":{"uv":[2.75,9.125,3.125,9.5],"rotation":0,"texture":"#0","tintindex":0},"north":{"uv":[1.75,8.5,2.125,8.875],"rotation":0,"texture":"#0","tintindex":0},"west":{"uv":[2.5,0.5,10.5,0.875],"rotation":0,"texture":"#0","tintindex":0},"up":{"uv":[2.875,9.0,2.5,1.0],"rotation":0,"texture":"#0","tintindex":0},"down":{"uv":[3.375,1.0,3.0,9.0],"rotation":0,"texture":"#0","tintindex":0}}},{"from":[-10.285715,7.428571,7.142857],"to":[26.285715,9.142858,8.857143],"rotation":{"angle":0.0,"axis":"y","origin":[8.0,8.285714,8.0]},"faces":{"east":{"uv":[9.5,3.75,9.875,4.125],"rotation":0,"texture":"#0","tintindex":0},"south":{"uv":[3.5,1.5,11.5,1.875],"rotation":0,"texture":"#0","tintindex":0},"north":{"uv":[3.5,1.0,11.5,1.375],"rotation":0,"texture":"#0","tintindex":0},"west":{"uv":[9.5,4.25,9.875,4.625],"rotation":0,"texture":"#0","tintindex":0},"up":{"uv":[11.5,2.375,3.5,2.0],"rotation":0,"texture":"#0","tintindex":0},"down":{"uv":[11.5,2.5,3.5,2.875],"rotation":0,"texture":"#0","tintindex":0}}}],"display":{"head":{"translation":[0.0,-6.4,0.0],"scale":[4.0,4.0,4.0]}}}