{"textures":{"0":"modelengine:entity/rotating_swing"},"elements":[{"from":[7.428571,1.1428561,7.428571],"to":[8.571428,32.0,8.571428],"rotation":{"angle":0.0,"axis":"y","origin":[8.0,9.285713,8.0]},"faces":{"east":{"uv":[5.75,7.875,6.0,14.625],"rotation":0,"texture":"#0","tintindex":0},"south":{"uv":[6.125,7.875,6.375,14.625],"rotation":0,"texture":"#0","tintindex":0},"north":{"uv":[5.375,7.875,5.625,14.625],"rotation":0,"texture":"#0","tintindex":0},"west":{"uv":[7.875,6.25,8.125,13.0],"rotation":0,"texture":"#0","tintindex":0},"up":{"uv":[2.125,9.875,1.875,9.625],"rotation":0,"texture":"#0","tintindex":0},"down":{"uv":[2.5,9.625,2.25,9.875],"rotation":0,"texture":"#0","tintindex":0}}},{"from":[4.5714283,1.7142849,4.5714283],"to":[11.428572,2.2857132,11.428572],"rotation":{"angle":0.0,"axis":"y","origin":[8.0,9.285713,8.0]},"faces":{"east":{"uv":[1.125,9.125,2.625,9.25],"rotation":0,"texture":"#0","tintindex":0},"south":{"uv":[8.625,9.125,10.125,9.25],"rotation":0,"texture":"#0","tintindex":0},"north":{"uv":[9.0,5.5,10.5,5.625],"rotation":0,"texture":"#0","tintindex":0},"west":{"uv":[1.125,9.375,2.625,9.5],"rotation":0,"texture":"#0","tintindex":0},"up":{"uv":[5.0,7.75,3.5,6.25],"rotation":0,"texture":"#0","tintindex":0},"down":{"uv":[6.625,6.25,5.125,7.75],"rotation":0,"texture":"#0","tintindex":0}}}],"display":{"head":{"translation":[0.0,6.7428603,0.0],"scale":[4.0,4.0,4.0]}}}