{"credit":"Made with Blockbench","texture_size":[128,128],"textures":{"0":"customhatsv2:hats/drone_hat_texture","particle":"customhatsv2:hats/drone_hat_texture"},"elements":[{"from":[3.75,15,-8],"to":[13.75,15,2],"rotation":{"angle":45,"axis":"y","origin":[8,13.5,8]},"faces":{"north":{"uv":[6.625,4.125,7.875,4.125],"texture":"#0"},"east":{"uv":[6.625,5.625,7.875,5.625],"texture":"#0"},"south":{"uv":[6.875,2.625,8.125,2.625],"texture":"#0"},"west":{"uv":[6.875,2.75,8.125,2.75],"texture":"#0"},"up":{"uv":[1.25,2.875,0,1.625],"texture":"#0"},"down":{"uv":[1.25,1.625,0,2.875],"texture":"#0"}}},{"from":[3.75,15,14],"to":[13.75,15,24],"rotation":{"angle":-45,"axis":"y","origin":[8,13.5,8]},"faces":{"north":{"uv":[6.875,3.875,8.125,3.875],"texture":"#0"},"east":{"uv":[6.875,4,8.125,4],"texture":"#0"},"south":{"uv":[7,0.5,8.25,0.5],"texture":"#0"},"west":{"uv":[7,0.625,8.25,0.625],"texture":"#0"},"up":{"uv":[1.25,2.875,0,1.625],"texture":"#0"},"down":{"uv":[1.25,1.625,0,2.875],"texture":"#0"}}},{"from":[2.25,15,14],"to":[12.25,15,24],"rotation":{"angle":45,"axis":"y","origin":[8,13.5,8]},"faces":{"north":{"uv":[7,0.75,8.25,0.75],"texture":"#0"},"east":{"uv":[7,0.875,8.25,0.875],"texture":"#0"},"south":{"uv":[1,7,2.25,7],"texture":"#0"},"west":{"uv":[7,1,8.25,1],"texture":"#0"},"up":{"uv":[1.25,2.875,0,1.625],"texture":"#0"},"down":{"uv":[1.25,1.625,0,2.875],"texture":"#0"}}},{"from":[2.25,15,-8],"to":[12.25,15,2],"rotation":{"angle":-45,"axis":"y","origin":[8,13.5,8]},"faces":{"north":{"uv":[7,1.125,8.25,1.125],"texture":"#0"},"east":{"uv":[7,1.25,8.25,1.25],"texture":"#0"},"south":{"uv":[7,1.375,8.25,1.375],"texture":"#0"},"west":{"uv":[7,1.5,8.25,1.5],"texture":"#0"},"up":{"uv":[1.25,2.875,0,1.625],"texture":"#0"},"down":{"uv":[1.25,1.625,0,2.875],"texture":"#0"}}},{"from":[8.25,12,-3],"to":[9.25,15,-3],"rotation":{"angle":45,"axis":"y","origin":[8,13.5,8]},"faces":{"north":{"uv":[6.625,5.125,6.75,5.5],"texture":"#0"},"east":{"uv":[2.375,7,2.375,7.375],"texture":"#0"},"south":{"uv":[6.375,6.625,6.5,7],"texture":"#0"},"west":{"uv":[2.5,7,2.5,7.375],"texture":"#0"},"up":{"uv":[5.875,1.25,5.75,1.25],"texture":"#0"},"down":{"uv":[5.875,3.625,5.75,3.625],"texture":"#0"}}},{"from":[8.25,12,-3],"to":[8.25,15,-2],"rotation":{"angle":45,"axis":"y","origin":[8,13.5,8]},"faces":{"north":{"uv":[2.625,7,2.625,7.375],"texture":"#0"},"east":{"uv":[6.625,6.625,6.75,7],"texture":"#0"},"south":{"uv":[7,2.875,7,3.25],"texture":"#0"},"west":{"uv":[2.75,6.75,2.875,7.125],"texture":"#0"},"up":{"uv":[1.125,6,1.125,5.875],"texture":"#0"},"down":{"uv":[6,1.125,6,1.25],"texture":"#0"}}},{"from":[7.75,12,-3],"to":[7.75,15,-2],"rotation":{"angle":-45,"axis":"y","origin":[8,13.5,8]},"faces":{"north":{"uv":[3.25,7,3.25,7.375],"texture":"#0"},"east":{"uv":[6.75,2.875,6.875,3.25],"texture":"#0"},"south":{"uv":[3.375,7,3.375,7.375],"texture":"#0"},"west":{"uv":[3,6.75,3.125,7.125],"texture":"#0"},"up":{"uv":[6.125,1.25,6.125,1.125],"texture":"#0"},"down":{"uv":[6.25,1.125,6.25,1.25],"texture":"#0"}}},{"from":[6.75,12,-3],"to":[7.75,15,-3],"rotation":{"angle":-45,"axis":"y","origin":[8,13.5,8]},"faces":{"north":{"uv":[6.875,2.125,7,2.5],"texture":"#0"},"east":{"uv":[3.5,7,3.5,7.375],"texture":"#0"},"south":{"uv":[6.875,3.375,7,3.75],"texture":"#0"},"west":{"uv":[3.625,7,3.625,7.375],"texture":"#0"},"up":{"uv":[6.125,3.625,6,3.625],"texture":"#0"},"down":{"uv":[6.375,3.625,6.25,3.625],"texture":"#0"}}},{"from":[7.75,12,18],"to":[7.75,15,19],"rotation":{"angle":45,"axis":"y","origin":[8,13.5,8]},"faces":{"north":{"uv":[3.75,7,3.75,7.375],"texture":"#0"},"east":{"uv":[6.875,5.125,7,5.5],"texture":"#0"},"south":{"uv":[3.875,7,3.875,7.375],"texture":"#0"},"west":{"uv":[5.75,6.875,5.875,7.25],"texture":"#0"},"up":{"uv":[6.375,1.25,6.375,1.125],"texture":"#0"},"down":{"uv":[6.5,2.125,6.5,2.25],"texture":"#0"}}},{"from":[6.75,12,19],"to":[7.75,15,19],"rotation":{"angle":45,"axis":"y","origin":[8,13.5,8]},"faces":{"north":{"uv":[6.875,6.125,7,6.5],"texture":"#0"},"east":{"uv":[4,7,4,7.375],"texture":"#0"},"south":{"uv":[6.875,6.625,7,7],"texture":"#0"},"west":{"uv":[4.125,7,4.125,7.375],"texture":"#0"},"up":{"uv":[6.5,5.125,6.375,5.125],"texture":"#0"},"down":{"uv":[6.75,2.125,6.625,2.125],"texture":"#0"}}},{"from":[8.25,12,18],"to":[8.25,15,19],"rotation":{"angle":-45,"axis":"y","origin":[8,13.5,8]},"faces":{"north":{"uv":[4.25,7,4.25,7.375],"texture":"#0"},"east":{"uv":[0,7,0.125,7.375],"texture":"#0"},"south":{"uv":[7,4.25,7,4.625],"texture":"#0"},"west":{"uv":[7,0,7.125,0.375],"texture":"#0"},"up":{"uv":[6.75,3.5,6.75,3.375],"texture":"#0"},"down":{"uv":[4.375,7,4.375,7.125],"texture":"#0"}}},{"from":[8.25,12,19],"to":[9.25,15,19],"rotation":{"angle":-45,"axis":"y","origin":[8,13.5,8]},"faces":{"north":{"uv":[0.25,7,0.375,7.375],"texture":"#0"},"east":{"uv":[4.5,7,4.5,7.375],"texture":"#0"},"south":{"uv":[0.5,7,0.625,7.375],"texture":"#0"},"west":{"uv":[4.625,7,4.625,7.375],"texture":"#0"},"up":{"uv":[6.75,2.25,6.625,2.25],"texture":"#0"},"down":{"uv":[4.875,7,4.75,7],"texture":"#0"}}},{"from":[7.25,9,-4],"to":[10.25,12,5],"rotation":{"angle":45,"axis":"y","origin":[8,10.5,8]},"faces":{"north":{"uv":[3.25,5.5,3.625,5.875],"texture":"#0"},"east":{"uv":[3.875,4.75,5,5.125],"texture":"#0"},"south":{"uv":[3.25,6,3.625,6.375],"texture":"#0"},"west":{"uv":[0,4.875,1.125,5.25],"texture":"#0"},"up":{"uv":[1.625,6,1.25,4.875],"texture":"#0"},"down":{"uv":[2.125,4.875,1.75,6],"texture":"#0"}}},{"from":[7.25,9,11],"to":[10.25,12,20],"rotation":{"angle":-45,"axis":"y","origin":[8,10.5,8]},"faces":{"north":{"uv":[2,6.125,2.375,6.5],"texture":"#0"},"east":{"uv":[5.125,4.75,6.25,5.125],"texture":"#0"},"south":{"uv":[6.375,6.125,6.75,6.5],"texture":"#0"},"west":{"uv":[5.25,1.375,6.375,1.75],"texture":"#0"},"up":{"uv":[2.625,6,2.25,4.875],"texture":"#0"},"down":{"uv":[4.25,5.25,3.875,6.375],"texture":"#0"}}},{"from":[5.75,9,11],"to":[8.75,12,20],"rotation":{"angle":45,"axis":"y","origin":[8,10.5,8]},"faces":{"north":{"uv":[1,6.5,1.375,6.875],"texture":"#0"},"east":{"uv":[5.25,1.875,6.375,2.25],"texture":"#0"},"south":{"uv":[6.5,1.125,6.875,1.5],"texture":"#0"},"west":{"uv":[5.25,4.25,6.375,4.625],"texture":"#0"},"up":{"uv":[4.75,6.375,4.375,5.25],"texture":"#0"},"down":{"uv":[5.25,5.25,4.875,6.375],"texture":"#0"}}},{"from":[5.75,9,-4],"to":[8.75,12,5],"rotation":{"angle":-45,"axis":"y","origin":[8,10.5,8]},"faces":{"north":{"uv":[1.5,6.5,1.875,6.875],"texture":"#0"},"east":{"uv":[0,5.375,1.125,5.75],"texture":"#0"},"south":{"uv":[6.5,1.625,6.875,2],"texture":"#0"},"west":{"uv":[5.375,5.25,6.5,5.625],"texture":"#0"},"up":{"uv":[5.875,1.125,5.5,0],"texture":"#0"},"down":{"uv":[3.125,5.5,2.75,6.625],"texture":"#0"}}},{"from":[7,13,7],"to":[9,15,9],"rotation":{"angle":0,"axis":"y","origin":[3,13,4]},"faces":{"north":{"uv":[5.25,2.375,5.5,2.625],"texture":"#0"},"east":{"uv":[5.75,6.5,6,6.75],"texture":"#0"},"south":{"uv":[0,6.625,0.25,6.875],"texture":"#0"},"west":{"uv":[0.375,6.625,0.625,6.875],"texture":"#0"},"up":{"uv":[2.25,6.875,2,6.625],"texture":"#0"},"down":{"uv":[2.625,6.625,2.375,6.875],"texture":"#0"}}},{"from":[9.25,15.25,9.25],"to":[6.75,12.75,6.75],"rotation":{"angle":0,"axis":"y","origin":[2.75,13,4]},"faces":{"north":{"uv":[3.25,6.5,3.625,6.875],"texture":"#0"},"east":{"uv":[3.75,6.5,4.125,6.875],"texture":"#0"},"south":{"uv":[4.25,6.5,4.625,6.875],"texture":"#0"},"west":{"uv":[6.5,4.25,6.875,4.625],"texture":"#0"},"up":{"uv":[5.125,6.875,4.75,6.5],"texture":"#0"},"down":{"uv":[5.625,6.5,5.25,6.875],"texture":"#0"}}},{"from":[0.52513,1.90381,4.5],"to":[7.52513,3.90381,4.5],"rotation":{"angle":45,"axis":"z","origin":[0.52513,2.40381,6]},"faces":{"north":{"uv":[5.75,2.875,6.625,3.125],"texture":"#0"},"east":{"uv":[5,7,5,7.25],"texture":"#0"},"south":{"uv":[5.75,3.25,6.625,3.5],"texture":"#0"},"west":{"uv":[5.125,7,5.125,7.25],"texture":"#0"},"up":{"uv":[1.625,7.125,0.75,7.125],"texture":"#0"},"down":{"uv":[8,1.625,7.125,1.625],"texture":"#0"}}},{"from":[0.52513,1.90381,11.5],"to":[7.52513,3.90381,11.5],"rotation":{"angle":45,"axis":"z","origin":[0.52513,2.40381,10]},"faces":{"north":{"uv":[5.375,5.75,6.25,6],"texture":"#0"},"east":{"uv":[5.25,7,5.25,7.25],"texture":"#0"},"south":{"uv":[0,5.875,0.875,6.125],"texture":"#0"},"west":{"uv":[5.375,7,5.375,7.25],"texture":"#0"},"up":{"uv":[8,1.75,7.125,1.75],"texture":"#0"},"down":{"uv":[8,1.875,7.125,1.875],"texture":"#0"}}},{"from":[0.52513,1.90381,4.5],"to":[0.52513,3.90381,11.5],"rotation":{"angle":45,"axis":"z","origin":[0.52513,2.40381,6]},"faces":{"north":{"uv":[5.5,7,5.5,7.25],"texture":"#0"},"east":{"uv":[6,0,6.875,0.25],"texture":"#0"},"south":{"uv":[5.625,7,5.625,7.25],"texture":"#0"},"west":{"uv":[6,0.375,6.875,0.625],"texture":"#0"},"up":{"uv":[6.125,7.875,6.125,7],"texture":"#0"},"down":{"uv":[6.25,7,6.25,7.875],"texture":"#0"}}},{"from":[8.47487,1.90381,4.5],"to":[15.47487,3.90381,4.5],"rotation":{"angle":-45,"axis":"z","origin":[15.47487,2.40381,6]},"faces":{"north":{"uv":[6,0.75,6.875,1],"texture":"#0"},"east":{"uv":[1.75,7.125,1.75,7.375],"texture":"#0"},"south":{"uv":[1,6.125,1.875,6.375],"texture":"#0"},"west":{"uv":[1.875,7.125,1.875,7.375],"texture":"#0"},"up":{"uv":[8,2,7.125,2],"texture":"#0"},"down":{"uv":[8,2.125,7.125,2.125],"texture":"#0"}}},{"from":[15.47487,1.90381,4.5],"to":[15.47487,3.90381,11.5],"rotation":{"angle":-45,"axis":"z","origin":[15.47487,2.40381,6]},"faces":{"north":{"uv":[2,7.125,2,7.375],"texture":"#0"},"east":{"uv":[5.375,6.125,6.25,6.375],"texture":"#0"},"south":{"uv":[2.125,7.125,2.125,7.375],"texture":"#0"},"west":{"uv":[0,6.25,0.875,6.5],"texture":"#0"},"up":{"uv":[2.25,8,2.25,7.125],"texture":"#0"},"down":{"uv":[7.125,2.875,7.125,3.75],"texture":"#0"}}},{"from":[8.47487,1.90381,11.5],"to":[15.47487,3.90381,11.5],"rotation":{"angle":-45,"axis":"z","origin":[15.47487,2.40381,10]},"faces":{"north":{"uv":[6.375,4.75,7.25,5],"texture":"#0"},"east":{"uv":[7.125,2.25,7.125,2.5],"texture":"#0"},"south":{"uv":[6.375,5.75,7.25,6],"texture":"#0"},"west":{"uv":[7.125,4.25,7.125,4.5],"texture":"#0"},"up":{"uv":[8,4.625,7.125,4.625],"texture":"#0"},"down":{"uv":[8,5.125,7.125,5.125],"texture":"#0"}}},{"from":[3,7,2],"to":[13,10,14],"rotation":{"angle":0,"axis":"y","origin":[3,7,4]},"faces":{"north":{"uv":[4.125,3.75,5.375,4.125],"texture":"#0"},"east":{"uv":[4.125,2.75,5.625,3.125],"texture":"#0"},"south":{"uv":[3.875,4.25,5.125,4.625],"texture":"#0"},"west":{"uv":[4.125,3.25,5.625,3.625],"texture":"#0"},"up":{"uv":[1.25,1.5,0,0],"texture":"#0"},"down":{"uv":[2.625,0,1.375,1.5],"texture":"#0"}}},{"from":[4,10,3],"to":[12,13,13],"rotation":{"angle":0,"axis":"y","origin":[3,10,4]},"faces":{"north":{"uv":[5.5,3.75,6.5,4.125],"texture":"#0"},"east":{"uv":[0,4.375,1.25,4.75],"texture":"#0"},"south":{"uv":[5.75,2.375,6.75,2.75],"texture":"#0"},"west":{"uv":[1.375,4.375,2.625,4.75],"texture":"#0"},"up":{"uv":[5.125,2.625,4.125,1.375],"texture":"#0"},"down":{"uv":[3.75,4.125,2.75,5.375],"texture":"#0"}}}],"gui_light":"front","display":{"thirdperson_righthand":{"rotation":[-22.55,-89.99,0],"translation":[0,-0.5,-5.75],"scale":[0.8,0.8,0.8]},"thirdperson_lefthand":{"rotation":[-22.55,-89.99,0],"translation":[0,-0.5,-5.75],"scale":[0.8,0.8,0.8]},"firstperson_righthand":{"rotation":[-10.04,83.19,21.57],"translation":[9.5,-3.25,-13.5]},"firstperson_lefthand":{"rotation":[-10.04,83.19,21.57],"translation":[9.5,-3.25,-13.5]},"ground":{"translation":[0,3,0],"scale":[0.8,0.8,0.8]},"gui":{"rotation":[35,0,0],"translation":[0,-2.25,0],"scale":[0.7,0.7,0.7]},"head":{"translation":[0,5,0],"scale":[1.6,1.6,1.6]},"fixed":{"rotation":[-90,0,0],"translation":[0,0,-12],"scale":[2,2,2]}},"groups":[{"name":"drone_hat","origin":[8,10.5,8],"color":0,"children":[{"name":"blades","origin":[8,13.5,8],"color":0,"children":[0,1,2,3]},{"name":"blade_bases","origin":[8,13.5,8],"color":0,"children":[4,5,6,7,8,9,10,11]},{"name":"blade_arms","origin":[8,10.5,8],"color":0,"children":[12,13,14,15]},{"name":"light","origin":[2.75,13,4],"color":0,"children":[16,17]},{"name":"drone_legs","origin":[15.47487,2.40381,10],"color":0,"children":[18,19,20,21,22,23]},{"name":"drone","origin":[3,10,4],"color":0,"children":[24,25]}]}]}