{
	"credit": "By EliteCreatures",
	"textures": {
		"1": "elitecreatures:collectibles_v1_32x/baby_penguins_inside_32",
		"3": "elitecreatures:collectibles_v1_32x/ef_baby_penguins_long",
		"particle": "elitecreatures:collectibles_v1_32x/collectibles_package"
	},
	"elements": [
		{
			"from": [6.125, 9.375, 3.875],
			"to": [9.875, 11.875, 5.75],
			"rotation": {"angle": 0, "axis": "y", "origin": [8, 10.625, 4.8125]},
			"faces": {
				"north": {"uv": [3.25, 6.25, 4.25, 6.875], "texture": "#1"},
				"east": {"uv": [7.25, 5.25, 7.75, 5.875], "texture": "#1"},
				"south": {"uv": [4.25, 6.25, 5.25, 6.875], "texture": "#1"},
				"west": {"uv": [5.75, 7.25, 6.25, 7.875], "texture": "#1"},
				"up": {"uv": [7.25, 3.5, 6.25, 3], "texture": "#1"},
				"down": {"uv": [6.25, 6.75, 5.25, 7.25], "texture": "#1"}
			}
		},
		{
			"from": [3.625, 8.75, 5.75],
			"to": [12.375, 15, 12.625],
			"rotation": {"angle": 0, "axis": "y", "origin": [8, 11.875, 9.1875]},
			"faces": {
				"north": {"uv": [0, 4, 2.25, 5.625], "texture": "#1"},
				"east": {"uv": [4.5, 1.75, 6.25, 3.375], "texture": "#1"},
				"south": {"uv": [4, 0, 6.25, 1.625], "texture": "#1"},
				"west": {"uv": [5.25, 3.5, 7, 5.125], "texture": "#1"},
				"up": {"uv": [2.25, 4, 0, 2.25], "texture": "#1"},
				"down": {"uv": [4.5, 2.25, 2.25, 4], "texture": "#1"}
			}
		},
		{
			"from": [4.2475, -0.0025, 6.3725],
			"to": [11.7525, 8.7525, 12.0025],
			"rotation": {"angle": 0, "axis": "y", "origin": [8, -0.3125, 9.1875]},
			"faces": {
				"north": {"uv": [0, 0, 1.875, 2.25], "texture": "#1"},
				"east": {"uv": [2.25, 4, 3.625, 6.25], "texture": "#1"},
				"south": {"uv": [2, 0, 3.875, 2.25], "texture": "#1"},
				"west": {"uv": [3.75, 4, 5.125, 6.25], "texture": "#1"},
				"up": {"uv": [7.125, 6.625, 5.25, 5.25], "texture": "#1"},
				"down": {"uv": [1.875, 5.75, 0, 7.125], "texture": "#1"}
			}
		},
		{
			"from": [-0.78125, 7.34375, 7.5],
			"to": [3.78125, 8.90625, 10.875],
			"rotation": {"angle": -45, "axis": "z", "origin": [3.46875, 5.9375, 9.1875]},
			"faces": {
				"north": {"uv": [7, 4.25, 8.125, 4.625], "texture": "#1"},
				"east": {"uv": [1.25, 7.25, 2.125, 7.625], "texture": "#1"},
				"south": {"uv": [7, 4.75, 8.125, 5.125], "texture": "#1"},
				"west": {"uv": [2.25, 7.25, 3.125, 7.625], "texture": "#1"},
				"up": {"uv": [7.375, 0.875, 6.25, 0], "texture": "#1"},
				"down": {"uv": [7.375, 1, 6.25, 1.875], "texture": "#1"}
			}
		},
		{
			"from": [9.2375, 0, 4.25],
			"to": [11.7375, 1.5625, 7.375],
			"rotation": {"angle": -22.5, "axis": "y", "origin": [10.1875, 0.78125, 6.0625]},
			"faces": {
				"north": {"uv": [7.5, 0.5, 8.125, 0.875], "texture": "#1"},
				"east": {"uv": [4.5, 3.5, 5.25, 3.875], "texture": "#1"},
				"south": {"uv": [7.5, 1, 8.125, 1.375], "texture": "#1"},
				"west": {"uv": [7.25, 6, 8, 6.375], "texture": "#1"},
				"up": {"uv": [6.875, 7.5, 6.25, 6.75], "texture": "#1"},
				"down": {"uv": [3.875, 7, 3.25, 7.75], "texture": "#1"}
			}
		},
		{
			"from": [4.2625, 0, 4.25],
			"to": [6.7625, 1.5625, 7.375],
			"rotation": {"angle": 22.5, "axis": "y", "origin": [5.8125, 0.78125, 6.0625]},
			"faces": {
				"north": {"uv": [7.5, 1.5, 8.125, 1.875], "texture": "#1"},
				"east": {"uv": [7, 7.25, 7.75, 7.625], "texture": "#1"},
				"south": {"uv": [7.5, 2, 8.125, 2.375], "texture": "#1"},
				"west": {"uv": [7.5, 0, 8.25, 0.375], "texture": "#1"},
				"up": {"uv": [7.625, 4.25, 7, 3.5], "texture": "#1"},
				"down": {"uv": [4.625, 7, 4, 7.75], "texture": "#1"}
			}
		},
		{
			"from": [12.21875, 7.34375, 7.5],
			"to": [16.78125, 8.90625, 10.875],
			"rotation": {"angle": 45, "axis": "z", "origin": [12.53125, 5.9375, 9.1875]},
			"faces": {
				"north": {"uv": [7, 6.75, 8.125, 7.125], "texture": "#1"},
				"east": {"uv": [7.25, 3, 8.125, 3.375], "texture": "#1"},
				"south": {"uv": [0, 7.25, 1.125, 7.625], "texture": "#1"},
				"west": {"uv": [4.75, 7.25, 5.625, 7.625], "texture": "#1"},
				"up": {"uv": [3.125, 7.125, 2, 6.25], "texture": "#1"},
				"down": {"uv": [7.375, 2, 6.25, 2.875], "texture": "#1"}
			}
		},
		{
			"name": "ef",
			"from": [1.5, 5, 3],
			"to": [4.5, 18, 3],
			"rotation": {"angle": 45, "axis": "y", "origin": [3, 11.5, 3]},
			"faces": {
				"north": {"uv": [0.5, 4, 2.5, 13.5], "texture": "#3"},
				"east": {"uv": [0, 0, 0, 13], "texture": "#missing"},
				"south": {"uv": [2.5, 4, 0.5, 13.5], "texture": "#3"},
				"west": {"uv": [0, 0, 0, 13], "texture": "#missing"},
				"up": {"uv": [0, 0, 6, 0], "texture": "#missing"},
				"down": {"uv": [0, 0, 6, 0], "texture": "#missing"}
			}
		},
		{
			"name": "ef",
			"from": [1.5, 2, 13],
			"to": [4.5, 15, 13],
			"rotation": {"angle": -45, "axis": "y", "origin": [3, 11.5, 13]},
			"faces": {
				"north": {"uv": [15.5, 4, 13.5, 13.5], "texture": "#3"},
				"east": {"uv": [13, 0, 13, 13], "texture": "#missing"},
				"south": {"uv": [15.5, 4, 13.5, 13.5], "texture": "#3"},
				"west": {"uv": [13, 0, 13, 13], "texture": "#missing"},
				"up": {"uv": [0, 0, 6, 0], "texture": "#missing"},
				"down": {"uv": [0, 0, 6, 0], "texture": "#missing"}
			}
		},
		{
			"name": "ef",
			"from": [11.5, 6, 3],
			"to": [14.5, 19, 3],
			"rotation": {"angle": -45, "axis": "y", "origin": [13, 11.5, 3]},
			"faces": {
				"north": {"uv": [15.5, 4, 13.5, 13.5], "texture": "#3"},
				"east": {"uv": [13, 0, 13, 13], "texture": "#missing"},
				"south": {"uv": [15.5, 4, 13.5, 13.5], "texture": "#3"},
				"west": {"uv": [13, 0, 13, 13], "texture": "#missing"},
				"up": {"uv": [6, 0, 0, 0], "texture": "#missing"},
				"down": {"uv": [6, 0, 0, 0], "texture": "#missing"}
			}
		},
		{
			"name": "ef",
			"from": [11.5, 6, 13],
			"to": [14.5, 19, 13],
			"rotation": {"angle": 45, "axis": "y", "origin": [13, 11.5, 13]},
			"faces": {
				"north": {"uv": [9, 4, 7, 13.5], "texture": "#3"},
				"east": {"uv": [0, 0, 0, 13], "texture": "#missing"},
				"south": {"uv": [7, 4, 9, 13.5], "texture": "#3"},
				"west": {"uv": [0, 0, 0, 13], "texture": "#missing"},
				"up": {"uv": [6, 0, 0, 0], "texture": "#missing"},
				"down": {"uv": [6, 0, 0, 0], "texture": "#missing"}
			}
		}
	],
	"gui_light": "front",
	"display": {
		"thirdperson_righthand": {
			"rotation": [61.23, 4.49, 0.46],
			"translation": [0, 1.75, 0.75],
			"scale": [0.5, 0.5, 0.5]
		},
		"thirdperson_lefthand": {
			"rotation": [70, 180, 0.46],
			"translation": [-6, -9.25, 8.25],
			"scale": [0.75, 0.75, 0.75]
		},
		"firstperson_righthand": {
			"rotation": [-166, 53.68, 171.1],
			"translation": [0.75, 3.75, -0.75],
			"scale": [0.58336, 0.58336, 0.58336]
		},
		"firstperson_lefthand": {
			"rotation": [-166, 53.68, 171.1],
			"translation": [0.75, 3.75, -0.75],
			"scale": [0, 0, 0]
		},
		"ground": {
			"rotation": [68, 0, 0],
			"translation": [0, 1.5, 0],
			"scale": [0.5, 0.5, 0.5]
		},
		"gui": {
			"rotation": [-170, 15, -180],
			"translation": [0.25, -2, 0],
			"scale": [0.62, 0.62, 0.62]
		},
		"head": {
			"rotation": [7, 180, 1],
			"translation": [0, -48.75, 11.25],
			"scale": [1.6, 1.6, 1.6]
		},
		"fixed": {
			"rotation": [-90, 0, 0],
			"translation": [0, -0.25, -16.25],
			"scale": [2, 2, 2]
		}
	}
}