{"credit":"By EliteCreatures","textures":{"0":"elitecreatures:collectibles_v2_32x/gentle_turtles_inside_32","2":"elitecreatures:collectibles_v2_32x/ef_gentle_turtles_long","particle":"elitecreatures:collectibles_v2_32x/gentle_turtles_inside_32"},"elements":[{"from":[4,11,2.25],"to":[12,19,10.25],"rotation":{"angle":0,"axis":"y","origin":[7,-1,7]},"faces":{"north":{"uv":[4,5,6,7],"texture":"#0"},"east":{"uv":[5.5,0,7.5,2],"texture":"#0"},"south":{"uv":[5.5,2,7.5,4],"texture":"#0"},"west":{"uv":[6,4,8,6],"texture":"#0"},"up":{"uv":[8,8,6,6],"texture":"#0"},"down":{"uv":[6,7,4,9],"texture":"#0"}}},{"from":[4,2,6.25],"to":[12,11,9.25],"rotation":{"angle":0,"axis":"y","origin":[7,-1,7]},"faces":{"north":{"uv":[0,5,2,7.25],"texture":"#0"},"east":{"uv":[0,8.25,0.75,10.5],"texture":"#0"},"south":{"uv":[2,5,4,7.25],"texture":"#0"},"west":{"uv":[0.75,8.25,1.5,10.5],"texture":"#0"},"up":{"uv":[10,7.25,8,6.5],"texture":"#0"},"down":{"uv":[10,7.25,8,8],"texture":"#0"}}},{"from":[3.25,0,5.75],"to":[6.25,4,8.75],"rotation":{"angle":22.5,"axis":"y","origin":[4.75,2,7.25]},"faces":{"north":{"uv":[10,9,10.75,10],"texture":"#0"},"east":{"uv":[10,10,10.75,11],"texture":"#0"},"south":{"uv":[1.5,10.25,2.25,11.25],"texture":"#0"},"west":{"uv":[2.25,10.25,3,11.25],"texture":"#0"},"up":{"uv":[11.25,4.25,10.5,3.5],"texture":"#0"},"down":{"uv":[4.75,10.5,4,11.25],"texture":"#0"}}},{"from":[6.75,2.75,6],"to":[9.25,5.5,13.5],"rotation":{"angle":22.5,"axis":"x","origin":[8,1,7.25]},"faces":{"north":{"uv":[9,10.5,9.625,11.25],"texture":"#0"},"east":{"uv":[8.5,1,10.375,1.75],"texture":"#0"},"south":{"uv":[10.75,9,11.375,9.75],"texture":"#0"},"west":{"uv":[8.5,1.75,10.375,2.5],"texture":"#0"},"up":{"uv":[2.125,10.125,1.5,8.25],"texture":"#0"},"down":{"uv":[2.875,8.25,2.25,10.125],"texture":"#0"}}},{"from":[3,5,4.25],"to":[6,11,7.25],"rotation":{"angle":22.5,"axis":"x","origin":[4.5,8,6.75]},"faces":{"north":{"uv":[4,9,4.75,10.5],"texture":"#0"},"east":{"uv":[4.75,9,5.5,10.5],"texture":"#0"},"south":{"uv":[5.5,9,6.25,10.5],"texture":"#0"},"west":{"uv":[6.25,9,7,10.5],"texture":"#0"},"up":{"uv":[11.25,5,10.5,4.25],"texture":"#0"},"down":{"uv":[5.5,10.5,4.75,11.25],"texture":"#0"}}},{"from":[9.75,0,5.75],"to":[12.75,4,8.75],"rotation":{"angle":-22.5,"axis":"y","origin":[11.25,2,7.25]},"faces":{"north":{"uv":[10.75,9,10,10],"texture":"#0"},"east":{"uv":[3,10.25,2.25,11.25],"texture":"#0"},"south":{"uv":[2.25,10.25,1.5,11.25],"texture":"#0"},"west":{"uv":[10.75,10,10,11],"texture":"#0"},"up":{"uv":[10.5,4.25,11.25,3.5],"texture":"#0"},"down":{"uv":[4,10.5,4.75,11.25],"texture":"#0"}}},{"from":[10,5,4.25],"to":[13,11,7.25],"rotation":{"angle":22.5,"axis":"x","origin":[11.5,8,6.75]},"faces":{"north":{"uv":[4.75,9,4,10.5],"texture":"#0"},"east":{"uv":[7,9,6.25,10.5],"texture":"#0"},"south":{"uv":[6.25,9,5.5,10.5],"texture":"#0"},"west":{"uv":[5.5,9,4.75,10.5],"texture":"#0"},"up":{"uv":[10.5,5,11.25,4.25],"texture":"#0"},"down":{"uv":[4.75,10.5,5.5,11.25],"texture":"#0"}}},{"from":[2,4,9.25],"to":[14,14,13.25],"rotation":{"angle":0,"axis":"y","origin":[7,-1,7]},"faces":{"north":{"uv":[0,0,3,2.5],"texture":"#0"},"east":{"uv":[3,7.25,4,9.75],"texture":"#0"},"south":{"uv":[0,2.5,3,5],"texture":"#0"},"west":{"uv":[7.5,1,8.5,3.5],"texture":"#0"},"up":{"uv":[3,8.25,0,7.25],"texture":"#0"},"down":{"uv":[10.5,0,7.5,1],"texture":"#0"}}},{"from":[3,4,13.25],"to":[13,14,14.75],"rotation":{"angle":0,"axis":"y","origin":[7,-1,7]},"faces":{"north":{"uv":[3,0,5.5,2.5],"texture":"#0"},"east":{"uv":[3,9.75,3.375,12.25],"texture":"#0"},"south":{"uv":[3,2.5,5.5,5],"texture":"#0"},"west":{"uv":[3.5,9.75,3.875,12.25],"texture":"#0"},"up":{"uv":[12.5,6.875,10,6.5],"texture":"#0"},"down":{"uv":[12.5,7,10,7.375],"texture":"#0"}}},{"from":[3,14,9.25],"to":[13,16,13.25],"rotation":{"angle":0,"axis":"y","origin":[7,-1,7]},"faces":{"north":{"uv":[8.5,2.5,11,3],"texture":"#0"},"east":{"uv":[10,7.5,11,8],"texture":"#0"},"south":{"uv":[8.5,3,11,3.5],"texture":"#0"},"west":{"uv":[10.5,2,11.5,2.5],"texture":"#0"},"up":{"uv":[10.5,4.5,8,3.5],"texture":"#0"},"down":{"uv":[10.5,4.5,8,5.5],"texture":"#0"}}},{"from":[3,2,9.25],"to":[13,4,13.25],"rotation":{"angle":0,"axis":"y","origin":[7,-1,7]},"faces":{"north":{"uv":[8.5,8,11,8.5],"texture":"#0"},"east":{"uv":[7,10.5,8,11],"texture":"#0"},"south":{"uv":[8.5,8.5,11,9],"texture":"#0"},"west":{"uv":[8,10.5,9,11],"texture":"#0"},"up":{"uv":[10.5,6.5,8,5.5],"texture":"#0"},"down":{"uv":[8.5,8,6,9],"texture":"#0"}}},{"name":"ef","from":[1,7,1.5],"to":[4,23,1.5],"rotation":{"angle":45,"axis":"y","origin":[2.5,15,1.5]},"faces":{"north":{"uv":[0,0,3.5,16],"texture":"#2"},"east":{"uv":[0,0,0,16],"texture":"#missing"},"south":{"uv":[3.5,0,0,16],"texture":"#2"},"west":{"uv":[0,0,0,16],"texture":"#missing"},"up":{"uv":[0,0,5,0],"texture":"#missing"},"down":{"uv":[0,0,5,0],"texture":"#missing"}}},{"name":"ef","from":[14,3,15],"to":[17,19,15],"rotation":{"angle":45,"axis":"y","origin":[13.5,8,16]},"faces":{"north":{"uv":[7.5,0,4,16],"texture":"#2"},"east":{"uv":[0,0,0,16],"texture":"#missing"},"south":{"uv":[4,0,7.5,16],"texture":"#2"},"west":{"uv":[0,0,0,16],"texture":"#missing"},"up":{"uv":[5,0,0,0],"texture":"#missing"},"down":{"uv":[5,0,0,0],"texture":"#missing"}}},{"name":"ef","from":[1,0,2],"to":[5,2.5,2],"rotation":{"angle":22.5,"axis":"y","origin":[3,1.5,2]},"faces":{"north":{"uv":[9.5,13.5,14,16],"texture":"#2"},"east":{"uv":[0,0,0,4],"texture":"#missing"},"south":{"uv":[14,13.5,9.5,16],"texture":"#2"},"west":{"uv":[0,0,0,4],"texture":"#missing"},"up":{"uv":[0,0,6,0],"texture":"#missing"},"down":{"uv":[0,0,6,0],"texture":"#missing"}}},{"name":"ef","from":[1,0,2.5],"to":[5,2.5,2.5],"rotation":{"angle":22.5,"axis":"y","origin":[3,1.5,2]},"faces":{"north":{"uv":[9.5,13.5,14,16],"texture":"#2"},"east":{"uv":[0,0,0,4],"texture":"#missing"},"south":{"uv":[14,13.5,9.5,16],"texture":"#2"},"west":{"uv":[0,0,0,4],"texture":"#missing"},"up":{"uv":[0,0,6,0],"texture":"#missing"},"down":{"uv":[0,0,6,0],"texture":"#missing"}}},{"name":"ef","from":[0.8,0,2.25],"to":[5.2,3,2.25],"rotation":{"angle":22.5,"axis":"y","origin":[3,1.5,2]},"faces":{"north":{"uv":[9.5,13.5,14,16],"texture":"#2"},"east":{"uv":[0,0,0,4],"texture":"#missing"},"south":{"uv":[14,13.5,9.5,16],"texture":"#2"},"west":{"uv":[0,0,0,4],"texture":"#missing"},"up":{"uv":[0,0,6,0],"texture":"#missing"},"down":{"uv":[0,0,6,0],"texture":"#missing"}}},{"name":"ef","from":[2.75,0,2.75],"to":[6.75,8,2.75],"rotation":{"angle":-22.5,"axis":"y","origin":[5,4,3]},"faces":{"north":{"uv":[8,1.5,11.5,8],"texture":"#2"},"east":{"uv":[0,0,0,9],"texture":"#missing"},"south":{"uv":[11.5,1.5,8,8],"texture":"#2"},"west":{"uv":[0,0,0,9],"texture":"#missing"},"up":{"uv":[0,0,4,0],"texture":"#missing"},"down":{"uv":[0,0,4,0],"texture":"#missing"}}},{"name":"ef","from":[1.95866,0,2.61194],"to":[1.95866,11.6,4.81194],"rotation":{"angle":-45,"axis":"y","origin":[2.05866,5.8,3.71194]},"faces":{"north":{"uv":[0,0,0,12],"texture":"#missing"},"east":{"uv":[14,0,12,8],"texture":"#2"},"south":{"uv":[0,0,0,12],"texture":"#missing"},"west":{"uv":[12,0,14,8],"texture":"#2"},"up":{"uv":[0,0,3,0],"rotation":270,"texture":"#missing"},"down":{"uv":[0,0,3,0],"rotation":90,"texture":"#missing"}}},{"name":"ef","from":[12,0,15],"to":[16,2.5,15],"rotation":{"angle":22.5,"axis":"y","origin":[14,1.5,15]},"faces":{"north":{"uv":[14,13.5,9.5,16],"texture":"#2"},"east":{"uv":[0,0,0,4],"texture":"#missing"},"south":{"uv":[9.5,13.5,14,16],"texture":"#2"},"west":{"uv":[0,0,0,4],"texture":"#missing"},"up":{"uv":[6,0,0,0],"texture":"#missing"},"down":{"uv":[6,0,0,0],"texture":"#missing"}}},{"name":"ef","from":[12,0,14.5],"to":[16,2.5,14.5],"rotation":{"angle":22.5,"axis":"y","origin":[14,1.5,15]},"faces":{"north":{"uv":[14,13.5,9.5,16],"texture":"#2"},"east":{"uv":[0,0,0,4],"texture":"#missing"},"south":{"uv":[9.5,13.5,14,16],"texture":"#2"},"west":{"uv":[0,0,0,4],"texture":"#missing"},"up":{"uv":[6,0,0,0],"texture":"#missing"},"down":{"uv":[6,0,0,0],"texture":"#missing"}}},{"name":"ef","from":[11.8,0,14.75],"to":[16.2,3,14.75],"rotation":{"angle":22.5,"axis":"y","origin":[14,1.5,15]},"faces":{"north":{"uv":[14,13.5,9.5,16],"texture":"#2"},"east":{"uv":[0,0,0,4],"texture":"#missing"},"south":{"uv":[9.5,13.5,14,16],"texture":"#2"},"west":{"uv":[0,0,0,4],"texture":"#missing"},"up":{"uv":[6,0,0,0],"texture":"#missing"},"down":{"uv":[6,0,0,0],"texture":"#missing"}}},{"name":"ef","from":[15.01205,0,12.25877],"to":[15.01205,11.6,14.45877],"rotation":{"angle":-22.5,"axis":"y","origin":[15.01205,5.8,13.35877]},"faces":{"north":{"uv":[0,0,0,12],"texture":"#missing"},"east":{"uv":[12,0,14,8],"texture":"#2"},"south":{"uv":[0,0,0,12],"texture":"#missing"},"west":{"uv":[14,0,12,8],"texture":"#2"},"up":{"uv":[3,0,0,0],"rotation":270,"texture":"#missing"},"down":{"uv":[3,0,0,0],"rotation":90,"texture":"#missing"}}},{"name":"ef","from":[9.84829,0,15.01955],"to":[13.84829,8,15.01955],"rotation":{"angle":0,"axis":"y","origin":[11.84829,4,15.01955]},"faces":{"north":{"uv":[11.5,1.5,8,8],"texture":"#2"},"east":{"uv":[0,0,0,9],"texture":"#missing"},"south":{"uv":[8,1.5,11.5,8],"texture":"#2"},"west":{"uv":[0,0,0,9],"texture":"#missing"},"up":{"uv":[4,0,0,0],"texture":"#missing"},"down":{"uv":[4,0,0,0],"texture":"#missing"}}}],"gui_light":"front","display":{"thirdperson_righthand":{"rotation":[61.23,4.49,0.46],"translation":[0,1.75,0.75],"scale":[0.5,0.5,0.5]},"thirdperson_lefthand":{"rotation":[61.23,4.49,0.46],"translation":[0,1.75,0.75],"scale":[0.5,0.5,0.5]},"firstperson_righthand":{"rotation":[-166,53.68,171.1],"translation":[0.75,3.75,-0.75],"scale":[0.58336,0.58336,0.58336]},"firstperson_lefthand":{"rotation":[-166,53.68,171.1],"translation":[0.75,3.75,-0.75],"scale":[0.58336,0.58336,0.58336]},"ground":{"rotation":[68,0,0],"translation":[0,1.5,0],"scale":[0.5,0.5,0.5]},"gui":{"rotation":[-170,15,-180],"translation":[0.25,-2,0],"scale":[0.62,0.62,0.62]},"head":{"rotation":[7,180,1],"translation":[0,-48.75,11.25],"scale":[1.6,1.6,1.6]},"fixed":{"rotation":[-90,0,0],"translation":[0,0,-16.25],"scale":[2,2,2]}}}