{"credit":"MadewithBlockbench","texture_size":[32,32],"textures":{"0":"elitecreatures:spooky_furniture_v1/giyotin","2":"elitecreatures:spooky_furniture_v1/giyoutin_knife_animation-sheet","particle":"elitecreatures:spooky_furniture_v1/giyotin"},"elements":[{"name":"knife","from":[2,-0.25,7.875],"to":[14,30.75,7.875],"rotation":{"angle":0,"axis":"y","origin":[0,-10.25,6.875]},"faces":{"north":{"uv":[0,0,6,16],"texture":"#2"},"east":{"uv":[0,0,0,12],"texture":"#2"},"south":{"uv":[6,0,0,16],"texture":"#2"},"west":{"uv":[0,0,0,12],"texture":"#2"},"up":{"uv":[6,0,0,0],"texture":"#2"},"down":{"uv":[6,0,0,0],"texture":"#2"}}},{"from":[2,-2.25,7.125],"to":[3,-0.25,9.125],"rotation":{"angle":0,"axis":"y","origin":[16,-10.25,7.125]},"faces":{"north":{"uv":[10.25,9.5,10,10],"texture":"#0"},"east":{"uv":[1,9.5,1.5,10],"texture":"#0"},"south":{"uv":[10.25,9.5,10,10],"texture":"#0"},"west":{"uv":[9.5,9.25,9,9.75],"texture":"#0"},"up":{"uv":[10,10.5,10.25,10],"texture":"#0"},"down":{"uv":[2.5,10.25,2.75,10.75],"texture":"#0"}}},{"from":[14,-3.25,7.125],"to":[16,29.75,9.125],"rotation":{"angle":0,"axis":"y","origin":[0,-10.25,7.125]},"faces":{"north":{"uv":[0.5,7.25,0,14.25],"texture":"#0"},"east":{"uv":[7,5.25,7.5,12.25],"texture":"#0"},"south":{"uv":[0,7.25,0.5,14.25],"texture":"#0"},"west":{"uv":[0.5,7.25,1,14.25],"texture":"#0"},"up":{"uv":[4.5,8.75,4,8.25],"texture":"#0"},"down":{"uv":[4.5,8.75,4,9.25],"texture":"#0"}}},{"from":[-1,-8.25,6.125],"to":[17,-3.25,10.125],"rotation":{"angle":0,"axis":"y","origin":[0,-10.25,7.125]},"faces":{"north":{"uv":[6,0,10.5,1.25],"texture":"#0"},"east":{"uv":[1,8.25,2,9.5],"texture":"#0"},"south":{"uv":[6,0,10.5,1.25],"texture":"#0"},"west":{"uv":[2,8.25,3,9.5],"texture":"#0"},"up":{"uv":[10.5,2.25,6,1.25],"texture":"#0"},"down":{"uv":[10.5,2.25,6,3.25],"texture":"#0"}}},{"from":[2,-3.25,7.125],"to":[14,-2.25,9.125],"rotation":{"angle":0,"axis":"y","origin":[0,-10.25,7.125]},"faces":{"north":{"uv":[7.5,8.5,10.5,8.75],"texture":"#0"},"east":{"uv":[2.5,10,3,10.25],"texture":"#0"},"south":{"uv":[7.5,8.5,10.5,8.75],"texture":"#0"},"west":{"uv":[10,8.75,10.5,9],"texture":"#0"},"up":{"uv":[4,7.75,1,7.25],"texture":"#0"},"down":{"uv":[10.5,6.25,7.5,6.75],"texture":"#0"}}},{"from":[2,-0.25,7.125],"to":[14,1.75,9.125],"rotation":{"angle":0,"axis":"y","origin":[0,-10.25,7.125]},"faces":{"north":{"uv":[7.5,7.25,10.5,7.75],"texture":"#0"},"east":{"uv":[4,9.25,4.5,9.75],"texture":"#0"},"south":{"uv":[7.5,7.25,10.5,7.75],"texture":"#0"},"west":{"uv":[8.5,9.25,9,9.75],"texture":"#0"},"up":{"uv":[4,8.25,1,7.75],"texture":"#0"},"down":{"uv":[10.5,7.75,7.5,8.25],"texture":"#0"}}},{"from":[13,-2.25,7.125],"to":[14,-0.25,9.125],"rotation":{"angle":0,"axis":"y","origin":[0,-10.25,7.125]},"faces":{"north":{"uv":[10.25,9.5,10,10],"texture":"#0"},"east":{"uv":[9,9.25,9.5,9.75],"texture":"#0"},"south":{"uv":[10,9.5,10.25,10],"texture":"#0"},"west":{"uv":[1,9.5,1.5,10],"texture":"#0"},"up":{"uv":[10.25,10.5,10,10],"texture":"#0"},"down":{"uv":[2.75,10.25,2.5,10.75],"texture":"#0"}}},{"from":[6,-2.25,7.125],"to":[10,-0.25,9.125],"rotation":{"angle":0,"axis":"y","origin":[0,-10.25,7.125]},"faces":{"north":{"uv":[3,8.75,4,9.25],"texture":"#0"},"east":{"uv":[2.5,9.5,3,10],"texture":"#0"},"south":{"uv":[3,8.75,4,9.25],"texture":"#0"},"west":{"uv":[9.5,8.75,10,9.25],"texture":"#0"},"up":{"uv":[8.5,9.25,7.5,8.75],"texture":"#0"},"down":{"uv":[9.5,8.75,8.5,9.25],"texture":"#0"}}},{"from":[-1,29.75,6.125],"to":[17,31.75,10.125],"rotation":{"angle":0,"axis":"y","origin":[0,-10.25,7.125]},"faces":{"north":{"uv":[7.5,5.75,12,6.25],"texture":"#0"},"east":{"uv":[3,9.25,4,9.75],"texture":"#0"},"south":{"uv":[7.5,5.75,12,6.25],"texture":"#0"},"west":{"uv":[7.5,9.25,8.5,9.75],"texture":"#0"},"up":{"uv":[10.5,4.25,6,3.25],"texture":"#0"},"down":{"uv":[10.5,4.25,6,5.25],"texture":"#0"}}},{"from":[12,1.75,7.125],"to":[14,3.75,9.125],"rotation":{"angle":0,"axis":"y","origin":[0,-10.25,7.125]},"faces":{"north":{"uv":[4,9.75,3.5,10.25],"texture":"#0"},"east":{"uv":[3,9.75,3.5,10.25],"texture":"#0"},"south":{"uv":[3.5,9.75,4,10.25],"texture":"#0"},"west":{"uv":[4,9.75,4.5,10.25],"texture":"#0"},"up":{"uv":[8,10.25,7.5,9.75],"texture":"#0"},"down":{"uv":[8.5,9.75,8,10.25],"texture":"#0"}}},{"from":[2,1.75,7.125],"to":[4,3.75,9.125],"rotation":{"angle":0,"axis":"y","origin":[16,-10.25,7.125]},"faces":{"north":{"uv":[3.5,9.75,4,10.25],"texture":"#0"},"east":{"uv":[4.5,9.75,4,10.25],"texture":"#0"},"south":{"uv":[4,9.75,3.5,10.25],"texture":"#0"},"west":{"uv":[3.5,9.75,3,10.25],"texture":"#0"},"up":{"uv":[7.5,10.25,8,9.75],"texture":"#0"},"down":{"uv":[8,9.75,8.5,10.25],"texture":"#0"}}},{"from":[0,-3.25,7.125],"to":[2,29.75,9.125],"rotation":{"angle":0,"axis":"y","origin":[16,-10.25,7.125]},"faces":{"north":{"uv":[0,7.25,0.5,14.25],"texture":"#0"},"east":{"uv":[1,7.25,0.5,14.25],"texture":"#0"},"south":{"uv":[0.5,7.25,0,14.25],"texture":"#0"},"west":{"uv":[7.5,5.25,7,12.25],"texture":"#0"},"up":{"uv":[4,8.75,4.5,8.25],"texture":"#0"},"down":{"uv":[4,8.75,4.5,9.25],"texture":"#0"}}}],"gui_light":"front","display":{"thirdperson_righthand":{"rotation":[67.5,0,0],"scale":[0.27898,0.27898,0.27898]},"thirdperson_lefthand":{"rotation":[67.5,0,0],"scale":[0.27898,0.27898,0.27898]},"firstperson_righthand":{"translation":[1.5,3.25,0],"scale":[0.44453,0.44453,0.44453]},"firstperson_lefthand":{"translation":[1.5,3.25,0],"scale":[0.44453,0.44453,0.44453]},"ground":{"translation":[0,9,0],"scale":[0.5,0.5,0.5]},"gui":{"rotation":[30,45,0],"translation":[0,-1.25,0],"scale":[0.34688,0.34688,0.34688]},"head":{"translation":[0,-30.25,0.75],"scale":[0,0,0]},"fixed":{"rotation":[-90,0,0],"translation":[0,0,-29],"scale":[1.7832,1.7832,1.7832]}},"groups":[{"name":"all_giyotin","origin":[16,-10.25,7.125],"color":0,"children":[0,{"name":"wood","origin":[16,-10.25,7.125],"color":0,"children":[1,2,3,4,5,6,7,8,9,10,11]}]}]}