{"credit":"Made with Blockbench","texture_size":[64,64],"textures":{"0":"playbox_cherryblossomfurniture:sofa","particle":"playbox_cherryblossomfurniture:sofa"},"elements":[{"from":[-13,0,2],"to":[-10,8,5],"rotation":{"angle":22.5,"axis":"x","origin":[-11.5,3.5,3.5]},"faces":{"north":{"uv":[3.75,9.5,3,11.5],"texture":"#0"},"east":{"uv":[3,9.5,2.25,11.5],"texture":"#0"},"south":{"uv":[2.25,9.5,1.5,11.5],"texture":"#0"},"west":{"uv":[4.5,9.5,3.75,11.5],"texture":"#0"},"up":{"uv":[6.75,9.5,6,10.25],"texture":"#0"},"down":{"uv":[7.5,10.25,6.75,9.5],"texture":"#0"}}},{"from":[-13,0,11],"to":[-10,8,14],"rotation":{"angle":-22.5,"axis":"x","origin":[-11.5,3.5,12.5]},"faces":{"north":{"uv":[1.5,9.5,2.25,11.5],"texture":"#0"},"east":{"uv":[2.25,9.5,3,11.5],"texture":"#0"},"south":{"uv":[3,9.5,3.75,11.5],"texture":"#0"},"west":{"uv":[3.75,9.5,4.5,11.5],"texture":"#0"},"up":{"uv":[6.75,10.25,6,9.5],"texture":"#0"},"down":{"uv":[7.5,9.5,6.75,10.25],"texture":"#0"}}},{"from":[10,0,2],"to":[13,8,5],"rotation":{"angle":22.5,"axis":"x","origin":[11.5,3.5,3.5]},"faces":{"north":{"uv":[3,9.5,3.75,11.5],"texture":"#0"},"east":{"uv":[3.75,9.5,4.5,11.5],"texture":"#0"},"south":{"uv":[1.5,9.5,2.25,11.5],"texture":"#0"},"west":{"uv":[2.25,9.5,3,11.5],"texture":"#0"},"up":{"uv":[6,9.5,6.75,10.25],"texture":"#0"},"down":{"uv":[6.75,10.25,7.5,9.5],"texture":"#0"}}},{"from":[10,0,11],"to":[13,8,14],"rotation":{"angle":-22.5,"axis":"x","origin":[11.5,3.5,12.5]},"faces":{"north":{"uv":[2.25,9.5,1.5,11.5],"texture":"#0"},"east":{"uv":[4.5,9.5,3.75,11.5],"texture":"#0"},"south":{"uv":[3.75,9.5,3,11.5],"texture":"#0"},"west":{"uv":[3,9.5,2.25,11.5],"texture":"#0"},"up":{"uv":[6,10.25,6.75,9.5],"texture":"#0"},"down":{"uv":[6.75,9.5,7.5,10.25],"texture":"#0"}}},{"from":[-14.5,8,13.5],"to":[14.5,17,16.5],"rotation":{"angle":22.5,"axis":"x","origin":[0,13.5,13]},"faces":{"north":{"uv":[14.5,6.5,7.25,8.75],"texture":"#0"},"east":{"uv":[0.75,9.5,1.5,11.75],"texture":"#0"},"south":{"uv":[7.25,6.5,0,8.75],"texture":"#0"},"west":{"uv":[1.5,9.5,0.75,11.75],"texture":"#0"},"up":{"uv":[14.75,1.5,7.5,2.25],"texture":"#0"},"down":{"uv":[14.75,3,7.5,2.25],"texture":"#0"}}},{"from":[-11.5,8.57298,9.86941],"to":[-1.5,14.57298,12.86941],"rotation":{"angle":45,"axis":"x","origin":[-7.5,11.57298,11.11941]},"faces":{"north":{"uv":[10,4.5,7.5,6],"texture":"#0"},"east":{"uv":[5.25,9.5,4.5,11],"texture":"#0"},"south":{"uv":[10,3,7.5,4.5],"texture":"#0"},"west":{"uv":[6,9.5,5.25,11],"texture":"#0"},"up":{"uv":[9,8.75,6.5,9.5],"texture":"#0"},"down":{"uv":[11.5,9.5,9,8.75],"texture":"#0"}}},{"from":[2.5,8.57298,9.86941],"to":[12.5,14.57298,12.86941],"rotation":{"angle":45,"axis":"x","origin":[-8.5,11.57298,11.11941]},"faces":{"north":{"uv":[7.5,4.5,10,6],"texture":"#0"},"east":{"uv":[5.25,9.5,6,11],"texture":"#0"},"south":{"uv":[7.5,3,10,4.5],"texture":"#0"},"west":{"uv":[4.5,9.5,5.25,11],"texture":"#0"},"up":{"uv":[6.5,8.75,9,9.5],"texture":"#0"},"down":{"uv":[9,9.5,11.5,8.75],"texture":"#0"}}},{"from":[-15,6,1.5],"to":[15,9,14.5],"rotation":{"angle":0,"axis":"y","origin":[-3.5,3.5,12]},"faces":{"north":{"uv":[15,0.75,7.5,1.5],"texture":"#0"},"east":{"uv":[3.25,8.75,6.5,9.5],"texture":"#0"},"south":{"uv":[7.5,0.75,15,1.5],"texture":"#0"},"west":{"uv":[6.5,8.75,3.25,9.5],"texture":"#0"},"up":{"uv":[7.5,0,0,3.25],"texture":"#0"},"down":{"uv":[7.5,6.5,0,3.25],"texture":"#0"}}}],"gui_light":"front","display":{"thirdperson_righthand":{"translation":[3.75,0,0],"scale":[0.43,0.43,0.43]},"thirdperson_lefthand":{"translation":[-3.25,0,0],"scale":[0.43,0.43,0.43]},"firstperson_righthand":{"rotation":[20.45,3.53,9.38],"translation":[4,1.5,0],"scale":[0.48,0.48,0.48]},"firstperson_lefthand":{"rotation":[20.45,3.53,9.38],"translation":[4,1.5,0],"scale":[0.48,0.48,0.48]},"ground":{"translation":[0,6.75,0],"scale":[0.36,0.36,0.36]},"gui":{"rotation":[0,-180,0],"translation":[-3.5,0,0],"scale":[0.48,0.48,0.48]},"head":{"translation":[0,-30.25,0],"scale":[1.6,1.6,1.6]},"fixed":{"rotation":[-90,0,0],"translation":[0,0,-10.5],"scale":[1.6,1.6,1.6]}}}