{
  "credit": "MadebyBlockbench.",
  "texture_size": [
    64,
    64
  ],
  "textures": {
    "0": "elitecreatures:santa_decoration/penguin_0"
  },
  "elements": [
    {
      "from": [
        4,
        1,
        4
      ],
      "to": [
        12,
        11,
        12
      ],
      "faces": {
        "north": {
          "uv": [
            0,
            0,
            2,
            2.5
          ],
          "texture": "#0"
        },
        "east": {
          "uv": [
            2,
            0,
            4,
            2.5
          ],
          "texture": "#0"
        },
        "south": {
          "uv": [
            0,
            2.5,
            2,
            5
          ],
          "texture": "#0"
        },
        "west": {
          "uv": [
            4,
            0,
            2,
            2.5
          ],
          "texture": "#0"
        },
        "up": {
          "uv": [
            6,
            6.5,
            4,
            4.5
          ],
          "texture": "#0"
        },
        "down": {
          "uv": [
            2,
            5,
            0,
            7
          ],
          "texture": "#0"
        }
      }
    },
    {
      "from": [
        3,
        0,
        3
      ],
      "to": [
        7,
        1,
        12
      ],
      "rotation": {
        "angle": 22.5,
        "axis": "y",
        "origin": [
          5,
          0.5,
          7.5
        ]
      },
      "faces": {
        "north": {
          "uv": [
            1.5,
            9.5,
            2.5,
            9.75
          ],
          "texture": "#0"
        },
        "east": {
          "uv": [
            9.25,
            0,
            11.5,
            0.25
          ],
          "texture": "#0"
        },
        "south": {
          "uv": [
            6.25,
            9.5,
            7.25,
            9.75
          ],
          "texture": "#0"
        },
        "west": {
          "uv": [
            9.25,
            0.25,
            11.5,
            0.5
          ],
          "texture": "#0"
        },
        "up": {
          "uv": [
            8.75,
            9,
            7.75,
            6.75
          ],
          "texture": "#0"
        },
        "down": {
          "uv": [
            9.25,
            0,
            8.25,
            2.25
          ],
          "texture": "#0"
        }
      }
    },
    {
      "from": [
        12,
        2,
        6
      ],
      "to": [
        13,
        11,
        11
      ],
      "rotation": {
        "angle": 22.5,
        "axis": "z",
        "origin": [
          12.5,
          6.5,
          8.5
        ]
      },
      "faces": {
        "north": {
          "uv": [
            0,
            9.25,
            0.25,
            11.5
          ],
          "texture": "#0"
        },
        "east": {
          "uv": [
            2,
            5,
            3.25,
            7.25
          ],
          "texture": "#0"
        },
        "south": {
          "uv": [
            0.25,
            9.25,
            0,
            11.5
          ],
          "texture": "#0"
        },
        "west": {
          "uv": [
            6,
            0,
            7.25,
            2.25
          ],
          "texture": "#0"
        },
        "up": {
          "uv": [
            1.25,
            10.5,
            1,
            9.25
          ],
          "texture": "#0"
        },
        "down": {
          "uv": [
            1.5,
            9.25,
            1.25,
            10.5
          ],
          "texture": "#0"
        }
      }
    },
    {
      "from": [
        5,
        11,
        4
      ],
      "to": [
        11,
        15,
        11
      ],
      "faces": {
        "north": {
          "uv": [
            8.25,
            3.25,
            9.75,
            4.25
          ],
          "texture": "#0"
        },
        "east": {
          "uv": [
            8.25,
            2.25,
            10,
            3.25
          ],
          "texture": "#0"
        },
        "south": {
          "uv": [
            8.25,
            4.25,
            9.75,
            5.25
          ],
          "texture": "#0"
        },
        "west": {
          "uv": [
            10,
            2.25,
            8.25,
            3.25
          ],
          "texture": "#0"
        },
        "up": {
          "uv": [
            4.75,
            8.25,
            3.25,
            6.5
          ],
          "texture": "#0"
        },
        "down": {
          "uv": [
            6.25,
            6.75,
            4.75,
            8.5
          ],
          "texture": "#0"
        }
      }
    },
    {
      "from": [
        5.5,
        11,
        2
      ],
      "to": [
        10.5,
        12,
        4
      ],
      "faces": {
        "north": {
          "uv": [
            4.75,
            6.5,
            6,
            6.75
          ],
          "texture": "#0"
        },
        "east": {
          "uv": [
            1.5,
            7,
            2,
            7.25
          ],
          "texture": "#0"
        },
        "south": {
          "uv": [
            9.25,
            2,
            10.5,
            2.25
          ],
          "texture": "#0"
        },
        "west": {
          "uv": [
            4.25,
            8.25,
            4.75,
            8.5
          ],
          "texture": "#0"
        },
        "up": {
          "uv": [
            10,
            8.25,
            8.75,
            7.75
          ],
          "texture": "#0"
        },
        "down": {
          "uv": [
            10,
            8.25,
            8.75,
            8.75
          ],
          "texture": "#0"
        }
      }
    },
    {
      "from": [
        4,
        14,
        3
      ],
      "to": [
        12,
        16,
        12
      ],
      "faces": {
        "north": {
          "uv": [
            8.25,
            6.25,
            10.25,
            6.75
          ],
          "texture": "#0"
        },
        "east": {
          "uv": [
            10.5,
            5.75,
            8.25,
            6.25
          ],
          "texture": "#0"
        },
        "south": {
          "uv": [
            10.25,
            6.25,
            8.25,
            6.75
          ],
          "texture": "#0"
        },
        "west": {
          "uv": [
            8.25,
            5.75,
            10.5,
            6.25
          ],
          "texture": "#0"
        },
        "up": {
          "uv": [
            6,
            2.25,
            4,
            0
          ],
          "texture": "#0"
        },
        "down": {
          "uv": [
            6,
            2.25,
            4,
            4.5
          ],
          "texture": "#0"
        }
      }
    },
    {
      "from": [
        5,
        16,
        4
      ],
      "to": [
        11,
        18,
        11
      ],
      "faces": {
        "north": {
          "uv": [
            6.25,
            8.5,
            7.75,
            9
          ],
          "texture": "#0"
        },
        "east": {
          "uv": [
            8.75,
            6.75,
            10.5,
            7.25
          ],
          "texture": "#0"
        },
        "south": {
          "uv": [
            7.75,
            8.5,
            6.25,
            9
          ],
          "texture": "#0"
        },
        "west": {
          "uv": [
            10.5,
            6.75,
            8.75,
            7.25
          ],
          "texture": "#0"
        },
        "up": {
          "uv": [
            7.75,
            8.5,
            6.25,
            6.75
          ],
          "texture": "#0"
        },
        "down": {
          "uv": [
            1.5,
            7,
            0,
            8.75
          ],
          "texture": "#0"
        }
      }
    },
    {
      "from": [
        6.75,
        13.5,
        12
      ],
      "to": [
        9.25,
        16.5,
        13.5
      ],
      "rotation": {
        "angle": -22.5,
        "axis": "x",
        "origin": [
          8.5,
          14.5,
          13.25
        ]
      },
      "faces": {
        "north": {
          "uv": [
            3.25,
            5,
            3.875,
            5.75
          ],
          "texture": "#0"
        },
        "east": {
          "uv": [
            5.25,
            9.25,
            5.625,
            10
          ],
          "texture": "#0"
        },
        "south": {
          "uv": [
            3.25,
            5.75,
            3.875,
            6.5
          ],
          "texture": "#0"
        },
        "west": {
          "uv": [
            5.625,
            9.25,
            5.25,
            10
          ],
          "texture": "#0"
        },
        "up": {
          "uv": [
            9.875,
            9.875,
            9.25,
            9.5
          ],
          "texture": "#0"
        },
        "down": {
          "uv": [
            2.125,
            9.75,
            1.5,
            10.125
          ],
          "texture": "#0"
        }
      }
    },
    {
      "from": [
        6.5,
        15,
        11
      ],
      "to": [
        9.5,
        17,
        13
      ],
      "rotation": {
        "angle": 22.5,
        "axis": "x",
        "origin": [
          9,
          17,
          11.5
        ]
      },
      "faces": {
        "north": {
          "uv": [
            2.5,
            7.25,
            3.25,
            7.75
          ],
          "texture": "#0"
        },
        "east": {
          "uv": [
            7.25,
            9.5,
            7.75,
            10
          ],
          "texture": "#0"
        },
        "south": {
          "uv": [
            2.5,
            7.75,
            3.25,
            8.25
          ],
          "texture": "#0"
        },
        "west": {
          "uv": [
            7.75,
            9.5,
            7.25,
            10
          ],
          "texture": "#0"
        },
        "up": {
          "uv": [
            10,
            1,
            9.25,
            0.5
          ],
          "texture": "#0"
        },
        "down": {
          "uv": [
            10,
            1,
            9.25,
            1.5
          ],
          "texture": "#0"
        }
      }
    },
    {
      "from": [
        6.5,
        12,
        12
      ],
      "to": [
        9.5,
        14,
        14
      ],
      "faces": {
        "north": {
          "uv": [
            9.25,
            1.5,
            10,
            2
          ],
          "texture": "#0"
        },
        "east": {
          "uv": [
            8.25,
            9.5,
            8.75,
            10
          ],
          "texture": "#0"
        },
        "south": {
          "uv": [
            2.5,
            9.25,
            3.25,
            9.75
          ],
          "texture": "#0"
        },
        "west": {
          "uv": [
            8.75,
            9.5,
            9.25,
            10
          ],
          "texture": "#0"
        },
        "up": {
          "uv": [
            4,
            9.75,
            3.25,
            9.25
          ],
          "texture": "#0"
        },
        "down": {
          "uv": [
            4.75,
            9.25,
            4,
            9.75
          ],
          "texture": "#0"
        }
      }
    },
    {
      "from": [
        9,
        0,
        3
      ],
      "to": [
        13,
        1,
        12
      ],
      "rotation": {
        "angle": -22.5,
        "axis": "y",
        "origin": [
          11,
          0.5,
          7.5
        ]
      },
      "faces": {
        "north": {
          "uv": [
            2.5,
            9.5,
            1.5,
            9.75
          ],
          "texture": "#0"
        },
        "east": {
          "uv": [
            11.5,
            0.25,
            9.25,
            0.5
          ],
          "texture": "#0"
        },
        "south": {
          "uv": [
            7.25,
            9.5,
            6.25,
            9.75
          ],
          "texture": "#0"
        },
        "west": {
          "uv": [
            11.5,
            0,
            9.25,
            0.25
          ],
          "texture": "#0"
        },
        "up": {
          "uv": [
            7.75,
            9,
            8.75,
            6.75
          ],
          "texture": "#0"
        },
        "down": {
          "uv": [
            8.25,
            0,
            9.25,
            2.25
          ],
          "texture": "#0"
        }
      }
    },
    {
      "from": [
        3,
        2,
        6
      ],
      "to": [
        4,
        11,
        11
      ],
      "rotation": {
        "angle": -22.5,
        "axis": "z",
        "origin": [
          3.5,
          6.5,
          8.5
        ]
      },
      "faces": {
        "north": {
          "uv": [
            0.25,
            9.25,
            0,
            11.5
          ],
          "texture": "#0"
        },
        "east": {
          "uv": [
            7.25,
            0,
            6,
            2.25
          ],
          "texture": "#0"
        },
        "south": {
          "uv": [
            0,
            9.25,
            0.25,
            11.5
          ],
          "texture": "#0"
        },
        "west": {
          "uv": [
            3.25,
            5,
            2,
            7.25
          ],
          "texture": "#0"
        },
        "up": {
          "uv": [
            1,
            10.5,
            1.25,
            9.25
          ],
          "texture": "#0"
        },
        "down": {
          "uv": [
            1.25,
            9.25,
            1.5,
            10.5
          ],
          "texture": "#0"
        }
      }
    }
  ],
  "gui_light": "front",
  "display": {
    "thirdperson_righthand": {
      "rotation": [
        75,
        45,
        0
      ],
      "translation": [
        0,
        2.5,
        0
      ],
      "scale": [
        0.375,
        0.375,
        0.375
      ]
    },
    "thirdperson_lefthand": {
      "rotation": [
        75,
        45,
        0
      ],
      "translation": [
        0,
        2.5,
        0
      ],
      "scale": [
        0.375,
        0.375,
        0.375
      ]
    },
    "firstperson_righthand": {
      "rotation": [
        -180,
        45,
        -180
      ],
      "translation": [
        0,
        3,
        0
      ],
      "scale": [
        0.4,
        0.4,
        0.4
      ]
    },
    "firstperson_lefthand": {
      "rotation": [
        -180,
        45,
        -180
      ],
      "translation": [
        0,
        3,
        0
      ],
      "scale": [
        0.4,
        0.4,
        0.4
      ]
    },
    "ground": {
      "translation": [
        0,
        2,
        0
      ],
      "scale": [
        0.5,
        0.5,
        0.5
      ]
    },
    "gui": {
      "rotation": [
        30,
        225,
        0
      ],
      "scale": [
        0.64648,
        0.64648,
        0.64648
      ]
    },
    "head": {
      "translation": [
        0,
        -30.4,
        0
      ],
      "scale": [
        1.6,
        1.6,
        1.6
      ]
    },
    "fixed": {
      "rotation": [
        -90,
        180,
        0
      ],
      "translation": [
        0,
        0,
        -16
      ],
      "scale": [
        2.01,
        2.01,
        2.01
      ]
    }
  }
}