{"credit":"MadewithBlockbench","texture_size":[64,64],"textures":{"2":"elitecreatures:spooky_furniture_v1/tomb2"},"elements":[{"from":[7.5,2,7],"to":[8.5,14,9],"rotation":{"angle":0,"axis":"y","origin":[8.5,9,8]},"faces":{"north":{"uv":[1.25,5,1.5,8],"texture":"#2"},"east":{"uv":[1.5,0,2,3],"texture":"#2"},"south":{"uv":[1.25,5,1.5,8],"texture":"#2"},"west":{"uv":[1.5,0,2,3],"texture":"#2"},"up":{"uv":[4.75,2.75,4.5,2.25],"texture":"#2"},"down":{"uv":[4.75,2.75,4.5,3.25],"texture":"#2"}}},{"from":[7.4995,9,4],"to":[8.5005,11,12],"rotation":{"angle":0,"axis":"y","origin":[8.5005,9,7]},"faces":{"north":{"uv":[1.5,5.5,1.75,6],"texture":"#2"},"east":{"uv":[2.5,2.25,4.5,2.75],"texture":"#2"},"south":{"uv":[5.5,1.5,5.75,2],"texture":"#2"},"west":{"uv":[2.5,2.25,4.5,2.75],"texture":"#2"},"up":{"uv":[4,7.25,3.75,5.25],"texture":"#2"},"down":{"uv":[4.25,5.25,4,7.25],"texture":"#2"}}},{"name":"web","from":[6.45944,-0.98352,12.575],"to":[9.98444,3.56648,12.575],"rotation":{"angle":-22.5,"axis":"x","origin":[7.82194,1.99148,12.275]},"faces":{"north":{"uv":[0.5,2.5,1.375,3.625],"texture":"#2"},"south":{"uv":[3,0,3.875,1.125],"texture":"#2"}}},{"name":"web","from":[7.45657,-0.3025,4.56536],"to":[7.45657,4.2475,8.09036],"rotation":{"angle":-22.5,"axis":"z","origin":[6.05657,3.6725,5.22786]},"faces":{"east":{"uv":[1.5,4.25,2.375,5.375],"texture":"#2"},"west":{"uv":[2.5,4.5,3.375,5.625],"texture":"#2"}}},{"name":"web","from":[9.52194,0.91648,3.2375],"to":[9.52194,5.46648,6.7625],"rotation":{"angle":22.5,"axis":"z","origin":[10.52194,1.19148,6.275]},"faces":{"east":{"uv":[1.5,3,2.375,4.125],"texture":"#2"},"west":{"uv":[2.5,3.25,3.375,4.375],"texture":"#2"}}},{"name":"web","from":[4.44694,-0.17102,3.975],"to":[8.99694,3.35398,3.975],"rotation":{"angle":-22.5,"axis":"y","origin":[10.52194,1.19148,6.275]},"faces":{"north":{"uv":[4.75,4.75,5.875,5.625],"texture":"#2"},"south":{"uv":[0,5,1.125,5.875],"texture":"#2"}}},{"name":"web","from":[9.52194,-0.07102,9.225],"to":[9.52194,3.45398,13.775],"rotation":{"angle":22.5,"axis":"z","origin":[10.52194,1.19148,6.275]},"faces":{"east":{"uv":[3,1.25,4.125,2.125],"texture":"#2"},"west":{"uv":[3.5,3.25,4.625,4.125],"texture":"#2"}}},{"from":[6.5,0,3],"to":[9.5,1,13],"rotation":{"angle":0,"axis":"y","origin":[8.14375,6.33979,8]},"faces":{"north":{"uv":[5,1,5.75,1.25],"texture":"#2"},"east":{"uv":[5,0,7.5,0.25],"texture":"#2"},"south":{"uv":[5.5,1.25,6.25,1.5],"texture":"#2"},"west":{"uv":[5,0.25,7.5,0.5],"texture":"#2"},"up":{"uv":[0.75,2.5,0,0],"texture":"#2"},"down":{"uv":[1.5,0,0.75,2.5],"texture":"#2"}}},{"from":[7,1,3.5],"to":[9,2,12.5],"rotation":{"angle":0,"axis":"y","origin":[8.14375,6.33979,8]},"faces":{"north":{"uv":[0,4.75,0.5,5],"texture":"#2"},"east":{"uv":[5,0.5,7.25,0.75],"texture":"#2"},"south":{"uv":[4.25,5.25,4.75,5.5],"texture":"#2"},"west":{"uv":[5,0.75,7.25,1],"texture":"#2"},"up":{"uv":[0.5,4.75,0,2.5],"texture":"#2"},"down":{"uv":[3,0,2.5,2.25],"texture":"#2"}}}],"gui_light":"front","display":{"thirdperson_righthand":{"rotation":[67.5,90,0],"translation":[0,0.75,1.5],"scale":[0.52945,0.52945,0.52945]},"thirdperson_lefthand":{"rotation":[67.5,90,0],"translation":[0,0.75,1.5],"scale":[0.52945,0.52945,0.52945]},"firstperson_righthand":{"rotation":[0,90,0],"translation":[1.75,5.75,0],"scale":[0.78086,0.78086,0.78086]},"firstperson_lefthand":{"rotation":[0,90,0],"translation":[1.75,5.75,0],"scale":[0.78086,0.78086,0.78086]},"ground":{"translation":[0,3,0],"scale":[0.63,0.63,0.63]},"gui":{"rotation":[30,-45,0],"translation":[0.25,1.5,0],"scale":[0.97078,0.97078,0.97078]},"head":{"translation":[0,-30.25,0.75],"scale":[0,0,0]},"fixed":{"rotation":[-90,90,0],"translation":[0,0,-26.25],"scale":[3.21484,3.21484,3.21484]}},"groups":[{"name":"all_tomb2","origin":[8,8,8],"color":0,"children":[{"name":"tomb2","origin":[8,8,8],"color":0,"children":[0,1]},{"name":"webs","origin":[9.82194,1.19148,12],"color":0,"children":[2,3,4,5,6]},{"name":"base","origin":[8.14375,6.33979,8],"color":0,"children":[7,8]}]}]}