{
	"credit": "Made with Blockbench",
	"textures": {
		"0": "radiance_collection:light_full",
		"1": "radiance_collection:texture",
		"2": "radiance_collection:string",
		"particle": "radiance_collection:light_full"
	},
	"elements": [
		{
			"from": [7.1953, 2.16672, 7.93876],
			"to": [8.8103, 3.78172, 9.55375],
			"rotation": {"angle": 45, "axis": "x", "origin": [8.0028, 4.07616, 7.68797]},
			"faces": {
				"north": {"uv": [8.83333, 11, 8.33333, 11.5], "rotation": 180, "texture": "#1"},
				"east": {"uv": [7.16667, 11, 6.66667, 11.5], "rotation": 90, "texture": "#1"},
				"south": {"uv": [11.5, 10.16667, 11, 9.66667], "texture": "#1"},
				"west": {"uv": [11.5, 8, 11, 8.5], "rotation": 270, "texture": "#1"},
				"up": {"uv": [11.5, 6, 11, 6.5], "texture": "#1"},
				"down": {"uv": [8.16667, 11, 7.66667, 11.5], "rotation": 180, "texture": "#1"}
			}
		},
		{
			"from": [6.99343, 5.20024, 7.63005],
			"to": [9.01218, 8.02649, 10.4563],
			"rotation": {"angle": -22.5, "axis": "x", "origin": [8.0028, 6.07616, 9.68797]},
			"faces": {
				"north": {"uv": [9, 6.66667, 9.66667, 5.66667], "texture": "#1"},
				"east": {"uv": [8.33333, 2.66667, 9.33333, 1.66667], "rotation": 270, "texture": "#1"},
				"south": {"uv": [9, 6.66667, 9.66667, 7.66667], "rotation": 180, "texture": "#1"},
				"west": {"uv": [8.33333, 3.66667, 9.33333, 2.66667], "rotation": 90, "texture": "#1"},
				"up": {"uv": [4.66667, 10, 5.33333, 9], "rotation": 180, "texture": "#1"},
				"down": {"uv": [9, 5.66667, 9.66667, 4.66667], "texture": "#1"}
			}
		},
		{
			"from": [7.1953, 5.76497, 7.72125],
			"to": [8.8103, 8.59122, 9.53812],
			"rotation": {"angle": 45, "axis": "x", "origin": [8.0028, 6.07616, 9.68797]},
			"faces": {
				"north": {"uv": [2.16667, 9.66667, 1.66667, 10.66667], "rotation": 180, "texture": "#1"},
				"east": {"uv": [10, 1, 9, 1.66667], "rotation": 90, "texture": "#1"},
				"south": {"uv": [2.83333, 10.66667, 2.33333, 9.66667], "texture": "#1"},
				"west": {"uv": [10, 7.66667, 9, 8.33333], "rotation": 270, "texture": "#1"},
				"up": {"uv": [6.5, 10.33333, 6, 11], "texture": "#1"},
				"down": {"uv": [10.83333, 6, 10.33333, 6.66667], "rotation": 180, "texture": "#1"}
			}
		},
		{
			"from": [7.29344, 20.86494, 2.51085],
			"to": [8.70657, 23.69119, 3.7221],
			"rotation": {"angle": -45, "axis": "x", "origin": [8.08441, 26.97769, 3.16158]},
			"faces": {
				"north": {"uv": [10.5, 2, 10, 1], "rotation": 180, "texture": "#1"},
				"east": {"uv": [10.66667, 7, 9.66667, 7.5], "rotation": 270, "texture": "#1"},
				"south": {"uv": [10.5, 0, 10, 1], "texture": "#1"},
				"west": {"uv": [10.66667, 9.33333, 9.66667, 9.83333], "rotation": 90, "texture": "#1"},
				"up": {"uv": [5.16667, 11.33333, 4.66667, 11.83333], "rotation": 180, "texture": "#1"},
				"down": {"uv": [11.83333, 4.33333, 11.33333, 4.83333], "texture": "#1"}
			}
		},
		{
			"from": [7.29344, 17.75954, 7.3472],
			"to": [8.70657, 20.58579, 8.55845],
			"rotation": {"angle": -22.5, "axis": "x", "origin": [8, 19.17266, 7.95283]},
			"faces": {
				"north": {"uv": [10.5, 0, 10, 1], "rotation": 180, "texture": "#1"},
				"east": {"uv": [10.66667, 7, 9.66667, 7.5], "rotation": 90, "texture": "#1"},
				"south": {"uv": [10.5, 2, 10, 1], "texture": "#1"},
				"west": {"uv": [10.66667, 9.33333, 9.66667, 9.83333], "rotation": 270, "texture": "#1"},
				"up": {"uv": [11.83333, 4.33333, 11.33333, 4.83333], "texture": "#1"},
				"down": {"uv": [5.16667, 11.33333, 4.66667, 11.83333], "rotation": 180, "texture": "#1"}
			}
		},
		{
			"from": [7.29344, 12.85954, 8.2472],
			"to": [8.70657, 15.68579, 9.45845],
			"rotation": {"angle": -22.5, "axis": "x", "origin": [8, 14.27266, 8.85283]},
			"faces": {
				"north": {"uv": [10.5, 0, 10, 1], "rotation": 180, "texture": "#1"},
				"east": {"uv": [10.66667, 7, 9.66667, 7.5], "rotation": 90, "texture": "#1"},
				"south": {"uv": [10.5, 2, 10, 1], "texture": "#1"},
				"west": {"uv": [10.66667, 9.33333, 9.66667, 9.83333], "rotation": 270, "texture": "#1"},
				"up": {"uv": [11.83333, 4.33333, 11.33333, 4.83333], "texture": "#1"},
				"down": {"uv": [5.16667, 11.33333, 4.66667, 11.83333], "rotation": 180, "texture": "#1"}
			}
		},
		{
			"from": [7.28454, 20.17745, 6.69028],
			"to": [8.69766, 23.0037, 8.30528],
			"rotation": {"angle": 0, "axis": "x", "origin": [7.9911, 19.59058, 9.49778]},
			"faces": {
				"north": {"uv": [9.66667, 7, 10.16667, 6], "texture": "#1"},
				"east": {"uv": [9.66667, 5.16667, 10.66667, 4.66667], "rotation": 270, "texture": "#1"},
				"south": {"uv": [9.66667, 8.33333, 10.16667, 9.33333], "rotation": 180, "texture": "#1"},
				"west": {"uv": [9.66667, 5.83333, 10.66667, 5.33333], "rotation": 90, "texture": "#1"},
				"up": {"uv": [11.33333, 3.16667, 11.83333, 2.66667], "rotation": 180, "texture": "#1"},
				"down": {"uv": [3.33333, 11.83333, 3.83333, 11.33333], "texture": "#1"}
			}
		},
		{
			"from": [7.28454, 15.27745, 7.59028],
			"to": [8.69766, 18.1037, 9.20528],
			"rotation": {"angle": 0, "axis": "x", "origin": [7.9911, 14.69058, 10.39778]},
			"faces": {
				"north": {"uv": [9.66667, 7, 10.16667, 6], "texture": "#1"},
				"east": {"uv": [9.66667, 5.16667, 10.66667, 4.66667], "rotation": 270, "texture": "#1"},
				"south": {"uv": [9.66667, 8.33333, 10.16667, 9.33333], "rotation": 180, "texture": "#1"},
				"west": {"uv": [9.66667, 5.83333, 10.66667, 5.33333], "rotation": 90, "texture": "#1"},
				"up": {"uv": [11.33333, 3.16667, 11.83333, 2.66667], "rotation": 180, "texture": "#1"},
				"down": {"uv": [3.33333, 11.83333, 3.83333, 11.33333], "texture": "#1"}
			}
		},
		{
			"from": [7.28454, 10.37745, 8.59028],
			"to": [8.69766, 13.2037, 10.20528],
			"rotation": {"angle": 0, "axis": "x", "origin": [7.9911, 9.79058, 11.39778]},
			"faces": {
				"north": {"uv": [9.66667, 7, 10.16667, 6], "texture": "#1"},
				"east": {"uv": [9.66667, 5.16667, 10.66667, 4.66667], "rotation": 270, "texture": "#1"},
				"south": {"uv": [9.66667, 8.33333, 10.16667, 9.33333], "rotation": 180, "texture": "#1"},
				"west": {"uv": [9.66667, 5.83333, 10.66667, 5.33333], "rotation": 90, "texture": "#1"},
				"up": {"uv": [11.33333, 3.16667, 11.83333, 2.66667], "rotation": 180, "texture": "#1"},
				"down": {"uv": [3.33333, 11.83333, 3.83333, 11.33333], "texture": "#1"}
			}
		},
		{
			"from": [7.29344, 7.95954, 9.2472],
			"to": [8.70657, 10.78579, 10.45845],
			"rotation": {"angle": -22.5, "axis": "x", "origin": [8, 9.37266, 9.85283]},
			"faces": {
				"north": {"uv": [10.5, 0, 10, 1], "rotation": 180, "texture": "#1"},
				"east": {"uv": [10.66667, 7, 9.66667, 7.5], "rotation": 90, "texture": "#1"},
				"south": {"uv": [10.5, 2, 10, 1], "texture": "#1"},
				"west": {"uv": [10.66667, 9.33333, 9.66667, 9.83333], "rotation": 270, "texture": "#1"},
				"up": {"uv": [11.83333, 4.33333, 11.33333, 4.83333], "texture": "#1"},
				"down": {"uv": [5.16667, 11.33333, 4.66667, 11.83333], "rotation": 180, "texture": "#1"}
			}
		},
		{
			"from": [7.6675, 23.69113, 3.8347],
			"to": [8.3325, 26.06613, 5.1597],
			"rotation": {"angle": -22.5, "axis": "x", "origin": [7.91559, 26.97769, 3.16158]},
			"faces": {
				"north": {"uv": [12, 4.33333, 12.16667, 5.16667], "texture": "#1"},
				"east": {"uv": [9.33333, 10.5, 10.16667, 10], "rotation": 90, "texture": "#1"},
				"south": {"uv": [2.33333, 12.83333, 2.5, 12], "rotation": 180, "texture": "#1"},
				"west": {"uv": [10.33333, 2.5, 11.16667, 2], "rotation": 270, "texture": "#1"},
				"up": {"uv": [9, 12.5, 9.16667, 12], "texture": "#1"},
				"down": {"uv": [12, 9.16667, 12.16667, 8.66667], "rotation": 180, "texture": "#1"}
			}
		},
		{
			"from": [7.37699, 26.94322, 2.15538],
			"to": [8.62861, 28.15447, 4.17413],
			"rotation": {"angle": 0, "axis": "x", "origin": [8.0028, 27.2093, 3.74082]},
			"faces": {
				"north": {"uv": [8.16667, 11.66667, 7.66667, 12.16667], "rotation": 180, "texture": "#1"},
				"east": {"uv": [11, 10, 10.33333, 10.5], "rotation": 180, "texture": "#1"},
				"south": {"uv": [12.16667, 8, 11.66667, 8.5], "rotation": 180, "texture": "#1"},
				"west": {"uv": [11.33333, 0, 10.66667, 0.5], "rotation": 180, "texture": "#1"},
				"up": {"uv": [11.16667, 2, 10.66667, 1.33333], "texture": "#1"},
				"down": {"uv": [11.16667, 0.66667, 10.66667, 1.33333], "texture": "#1"}
			}
		},
		{
			"from": [7.33661, 26.56904, 3.37888],
			"to": [8.66899, 28.18404, 5.39763],
			"rotation": {"angle": 45, "axis": "x", "origin": [8.0028, 27.2093, 3.74082]},
			"faces": {
				"north": {"uv": [7.16667, 12.16667, 6.66667, 11.66667], "rotation": 180, "texture": "#1"},
				"east": {"uv": [8.16667, 10.33333, 7.66667, 11], "rotation": 270, "texture": "#1"},
				"south": {"uv": [12.16667, 5.66667, 11.66667, 6.16667], "texture": "#1"},
				"west": {"uv": [10.83333, 8.33333, 10.33333, 9], "rotation": 90, "texture": "#1"},
				"up": {"uv": [8.83333, 10.33333, 8.33333, 11], "rotation": 180, "texture": "#1"},
				"down": {"uv": [7.16667, 10.33333, 6.66667, 11], "texture": "#1"}
			}
		},
		{
			"from": [8.0089, -14.19773, -2.4853],
			"to": [8.0089, 6.80227, 18.5147],
			"rotation": {"angle": 0, "axis": "y", "origin": [8, 6.07982, 7.72944]},
			"faces": {
				"north": {"uv": [0, 0, 0, 16], "texture": "#0"},
				"east": {"uv": [0, 0, 16, 16], "texture": "#0"},
				"south": {"uv": [0, 0, 0, 16], "texture": "#0"},
				"west": {"uv": [0, 0, 16, 16], "texture": "#0"},
				"up": {"uv": [0, 0, 16, 0], "rotation": 90, "texture": "#0"},
				"down": {"uv": [0, 0, 16, 0], "rotation": 270, "texture": "#0"}
			}
		},
		{
			"from": [8.0089, 2.80227, 2.0147],
			"to": [8.0089, 27.80227, 9.5147],
			"rotation": {"angle": 0, "axis": "y", "origin": [8.0089, 15.30227, 5.7647]},
			"faces": {
				"north": {"uv": [0, 0, 0, 16], "texture": "#2"},
				"east": {"uv": [8.33333, 0, 4.83333, 12.33333], "texture": "#2"},
				"south": {"uv": [0, 0, 0, 16], "texture": "#2"},
				"west": {"uv": [4.83333, 0, 8.33333, 12.33333], "texture": "#2"},
				"up": {"uv": [0, 0, 16, 0], "rotation": 90, "texture": "#2"},
				"down": {"uv": [0, 0, 16, 0], "rotation": 270, "texture": "#2"}
			}
		},
		{
			"from": [7.39718, -12.57713, 7.40834],
			"to": [8.60843, -8.53963, 8.61959],
			"rotation": {"angle": 0, "axis": "y", "origin": [8, 6.07982, 7.72944]},
			"faces": {
				"north": {"uv": [8.33333, 3.66667, 8.83333, 5.16667], "texture": "#1"},
				"east": {"uv": [4, 8.66667, 4.5, 10.16667], "texture": "#1"},
				"south": {"uv": [6, 8.66667, 6.5, 10.16667], "texture": "#1"},
				"west": {"uv": [6.66667, 8.66667, 7.16667, 10.16667], "texture": "#1"},
				"up": {"uv": [11.5, 4.16667, 11, 3.66667], "texture": "#1"},
				"down": {"uv": [4.5, 11, 4, 11.5], "texture": "#1"}
			}
		},
		{
			"from": [7.1953, -8.53963, 7.20647],
			"to": [8.8103, -6.92463, 8.82147],
			"rotation": {"angle": 0, "axis": "y", "origin": [8, 6.07982, 7.72944]},
			"faces": {
				"north": {"uv": [11, 6, 11.5, 6.5], "texture": "#1"},
				"east": {"uv": [6.66667, 11, 7.16667, 11.5], "texture": "#1"},
				"south": {"uv": [7.66667, 11, 8.16667, 11.5], "texture": "#1"},
				"west": {"uv": [11, 8, 11.5, 8.5], "texture": "#1"},
				"up": {"uv": [8.83333, 11.5, 8.33333, 11], "texture": "#1"},
				"down": {"uv": [11.5, 9.66667, 11, 10.16667], "texture": "#1"}
			}
		},
		{
			"from": [7.1953, -9.75088, 7.20647],
			"to": [8.8103, -8.94338, 8.82147],
			"rotation": {"angle": 0, "axis": "y", "origin": [8, 6.07982, 7.72944]},
			"faces": {
				"north": {"uv": [11.66667, 4, 12.16667, 4.33333], "texture": "#1"},
				"east": {"uv": [11.66667, 6.33333, 12.16667, 6.66667], "texture": "#1"},
				"south": {"uv": [1.66667, 12, 2.16667, 12.33333], "texture": "#1"},
				"west": {"uv": [12, 2, 12.5, 2.33333], "texture": "#1"},
				"up": {"uv": [11.5, 10.83333, 11, 10.33333], "texture": "#1"},
				"down": {"uv": [11.5, 11, 11, 11.5], "texture": "#1"}
			}
		},
		{
			"from": [7.1953, -14.19213, 7.20647],
			"to": [8.8103, -12.57713, 8.82147],
			"rotation": {"angle": 0, "axis": "y", "origin": [8, 6.07982, 7.72944]},
			"faces": {
				"north": {"uv": [0, 11.33333, 0.5, 11.83333], "texture": "#1"},
				"east": {"uv": [11.33333, 0, 11.83333, 0.5], "texture": "#1"},
				"south": {"uv": [0.66667, 11.33333, 1.16667, 11.83333], "texture": "#1"},
				"west": {"uv": [11.33333, 0.66667, 11.83333, 1.16667], "texture": "#1"},
				"up": {"uv": [1.83333, 11.83333, 1.33333, 11.33333], "texture": "#1"},
				"down": {"uv": [11.83333, 1.33333, 11.33333, 1.83333], "texture": "#1"}
			}
		},
		{
			"from": [7.1953, -12.17338, 7.20647],
			"to": [8.8103, -11.36588, 8.82147],
			"rotation": {"angle": 0, "axis": "y", "origin": [8, 6.07982, 7.72944]},
			"faces": {
				"north": {"uv": [12, 2.33333, 12.5, 2.66667], "texture": "#1"},
				"east": {"uv": [12, 2.66667, 12.5, 3], "texture": "#1"},
				"south": {"uv": [12, 3, 12.5, 3.33333], "texture": "#1"},
				"west": {"uv": [3.33333, 12, 3.83333, 12.33333], "texture": "#1"},
				"up": {"uv": [2.5, 11.83333, 2, 11.33333], "texture": "#1"},
				"down": {"uv": [11.83333, 2, 11.33333, 2.5], "texture": "#1"}
			}
		},
		{
			"from": [6.99343, -3.75666, 15.14205],
			"to": [9.01218, -0.93041, 17.9683],
			"rotation": {"angle": 45, "axis": "x", "origin": [8, 6.07982, 7.72944]},
			"faces": {
				"north": {"uv": [4.66667, 9, 5.33333, 10], "texture": "#1"},
				"east": {"uv": [8.33333, 1.66667, 9.33333, 2.66667], "texture": "#1"},
				"south": {"uv": [9, 4.66667, 9.66667, 5.66667], "texture": "#1"},
				"west": {"uv": [8.33333, 2.66667, 9.33333, 3.66667], "texture": "#1"},
				"up": {"uv": [9.66667, 6.66667, 9, 5.66667], "texture": "#1"},
				"down": {"uv": [9.66667, 6.66667, 9, 7.66667], "texture": "#1"}
			}
		},
		{
			"from": [7.1953, -5.89079, 0.41955],
			"to": [8.8103, -4.07391, 3.2458],
			"rotation": {"angle": -22.5, "axis": "x", "origin": [8, 6.07982, 7.72944]},
			"faces": {
				"north": {"uv": [6, 10.33333, 6.5, 11], "texture": "#1"},
				"east": {"uv": [9, 1, 10, 1.66667], "texture": "#1"},
				"south": {"uv": [10.33333, 6, 10.83333, 6.66667], "texture": "#1"},
				"west": {"uv": [9, 7.66667, 10, 8.33333], "texture": "#1"},
				"up": {"uv": [2.16667, 10.66667, 1.66667, 9.66667], "texture": "#1"},
				"down": {"uv": [2.83333, 9.66667, 2.33333, 10.66667], "texture": "#1"}
			}
		},
		{
			"from": [7.28454, -5.25459, 13.16522],
			"to": [8.69766, -3.63959, 15.99147],
			"rotation": {"angle": 45, "axis": "x", "origin": [8, 6.07982, 7.72944]},
			"faces": {
				"north": {"uv": [11.33333, 2.66667, 11.83333, 3.16667], "texture": "#1"},
				"east": {"uv": [9.66667, 4.66667, 10.66667, 5.16667], "texture": "#1"},
				"south": {"uv": [3.33333, 11.33333, 3.83333, 11.83333], "texture": "#1"},
				"west": {"uv": [9.66667, 5.33333, 10.66667, 5.83333], "texture": "#1"},
				"up": {"uv": [10.16667, 7, 9.66667, 6], "texture": "#1"},
				"down": {"uv": [10.16667, 8.33333, 9.66667, 9.33333], "texture": "#1"}
			}
		},
		{
			"from": [7.34489, 0.62978, -3.60222],
			"to": [8.75802, 1.84103, -0.77597],
			"rotation": {"angle": -45, "axis": "x", "origin": [8, 6.07982, 7.72944]},
			"faces": {
				"north": {"uv": [11.33333, 4.33333, 11.83333, 4.83333], "texture": "#1"},
				"east": {"uv": [9.66667, 7, 10.66667, 7.5], "texture": "#1"},
				"south": {"uv": [4.66667, 11.33333, 5.16667, 11.83333], "texture": "#1"},
				"west": {"uv": [9.66667, 9.33333, 10.66667, 9.83333], "texture": "#1"},
				"up": {"uv": [10.5, 1, 10, 0], "texture": "#1"},
				"down": {"uv": [10.5, 1, 10, 2], "texture": "#1"}
			}
		},
		{
			"from": [7.1953, -5.68371, 12.71301],
			"to": [8.8103, -3.86684, 15.53926],
			"rotation": {"angle": 22.5, "axis": "x", "origin": [8, 6.07982, 7.72944]},
			"faces": {
				"north": {"uv": [10.83333, 6, 10.33333, 6.66667], "texture": "#1"},
				"east": {"uv": [10, 1, 9, 1.66667], "texture": "#1"},
				"south": {"uv": [6.5, 10.33333, 6, 11], "texture": "#1"},
				"west": {"uv": [10, 7.66667, 9, 8.33333], "texture": "#1"},
				"up": {"uv": [2.16667, 9.66667, 1.66667, 10.66667], "texture": "#1"},
				"down": {"uv": [2.83333, 10.66667, 2.33333, 9.66667], "texture": "#1"}
			}
		},
		{
			"from": [7.33661, -8.86727, 4.16374],
			"to": [8.66899, -6.84852, 5.77874],
			"rotation": {"angle": -22.5, "axis": "x", "origin": [8, 6.07982, 7.72944]},
			"faces": {
				"north": {"uv": [8.83333, 10.33333, 8.33333, 11], "texture": "#1"},
				"east": {"uv": [8.16667, 10.33333, 7.66667, 11], "texture": "#1"},
				"south": {"uv": [7.16667, 10.33333, 6.66667, 11], "texture": "#1"},
				"west": {"uv": [10.83333, 8.33333, 10.33333, 9], "texture": "#1"},
				"up": {"uv": [12.16667, 5.66667, 11.66667, 6.16667], "texture": "#1"},
				"down": {"uv": [7.16667, 12.16667, 6.66667, 11.66667], "texture": "#1"}
			}
		},
		{
			"from": [7.37699, -7.0107, 15.7773],
			"to": [8.62861, -5.79945, 17.79605],
			"rotation": {"angle": 22.5, "axis": "x", "origin": [8, 6.07982, 7.72944]},
			"faces": {
				"north": {"uv": [12.16667, 8, 11.66667, 8.5], "texture": "#1"},
				"east": {"uv": [11, 10, 10.33333, 10.5], "texture": "#1"},
				"south": {"uv": [8.16667, 11.66667, 7.66667, 12.16667], "texture": "#1"},
				"west": {"uv": [11.33333, 0, 10.66667, 0.5], "texture": "#1"},
				"up": {"uv": [11.16667, 0.66667, 10.66667, 1.33333], "texture": "#1"},
				"down": {"uv": [11.16667, 2, 10.66667, 1.33333], "texture": "#1"}
			}
		},
		{
			"from": [6.98871, -9.83566, 21.6248],
			"to": [9.00746, -7.41316, 24.0473],
			"rotation": {"angle": 45, "axis": "x", "origin": [8, 6.07982, 7.72944]},
			"faces": {
				"north": {"uv": [9.33333, 1.66667, 10, 2.5], "texture": "#1"},
				"east": {"uv": [9, 0, 9.83333, 0.83333], "texture": "#1"},
				"south": {"uv": [9.33333, 2.66667, 10, 3.5], "texture": "#1"},
				"west": {"uv": [9, 3.66667, 9.83333, 4.5], "texture": "#1"},
				"up": {"uv": [8.33333, 10.16667, 7.66667, 9.33333], "texture": "#1"},
				"down": {"uv": [9, 9.33333, 8.33333, 10.16667], "texture": "#1"}
			}
		},
		{
			"from": [7.3319, -15.59727, 0.1724],
			"to": [8.66427, -13.57852, 1.7874],
			"rotation": {"angle": -22.5, "axis": "x", "origin": [8, 6.07982, 7.72944]},
			"faces": {
				"north": {"uv": [5.16667, 10.66667, 4.66667, 11.33333], "texture": "#1"},
				"east": {"uv": [2.83333, 10.66667, 2.33333, 11.33333], "texture": "#1"},
				"south": {"uv": [2.16667, 10.66667, 1.66667, 11.33333], "texture": "#1"},
				"west": {"uv": [11.16667, 4.66667, 10.66667, 5.33333], "texture": "#1"},
				"up": {"uv": [8.83333, 11.66667, 8.33333, 12.16667], "texture": "#1"},
				"down": {"uv": [12.16667, 9.83333, 11.66667, 9.33333], "texture": "#1"}
			}
		},
		{
			"from": [7.37227, -9.72412, 24.27129],
			"to": [8.6239, -7.70537, 25.48254],
			"rotation": {"angle": 45, "axis": "x", "origin": [8, 6.07982, 7.72944]},
			"faces": {
				"north": {"uv": [11.16667, 7.33333, 10.66667, 8], "texture": "#1"},
				"east": {"uv": [11.16667, 6.66667, 10.66667, 7.33333], "texture": "#1"},
				"south": {"uv": [11.16667, 5.33333, 10.66667, 6], "texture": "#1"},
				"west": {"uv": [11.16667, 9, 10.66667, 9.66667], "texture": "#1"},
				"up": {"uv": [12.16667, 10, 11.66667, 10.5], "texture": "#1"},
				"down": {"uv": [11.16667, 12.16667, 10.66667, 11.66667], "texture": "#1"}
			}
		},
		{
			"from": [7.19058, -11.51399, 23.90876],
			"to": [8.80558, -9.69712, 25.72563],
			"rotation": {"angle": 45, "axis": "x", "origin": [8, 6.07982, 7.72944]},
			"faces": {
				"north": {"uv": [10.33333, 2.66667, 10.83333, 3.33333], "texture": "#1"},
				"east": {"uv": [4.66667, 10, 5.33333, 10.66667], "texture": "#1"},
				"south": {"uv": [10.33333, 3.33333, 10.83333, 4], "texture": "#1"},
				"west": {"uv": [10, 7.66667, 10.66667, 8.33333], "texture": "#1"},
				"up": {"uv": [4.5, 11, 4, 10.33333], "texture": "#1"},
				"down": {"uv": [10.83333, 4, 10.33333, 4.66667], "texture": "#1"}
			}
		},
		{
			"from": [7.37227, -10.10675, -9.64103],
			"to": [8.6239, -8.088, -8.42978],
			"rotation": {"angle": -45, "axis": "x", "origin": [8, 6.07982, 7.72944]},
			"faces": {
				"north": {"uv": [10.66667, 5.33333, 11.16667, 6], "texture": "#1"},
				"east": {"uv": [10.66667, 6.66667, 11.16667, 7.33333], "texture": "#1"},
				"south": {"uv": [10.66667, 7.33333, 11.16667, 8], "texture": "#1"},
				"west": {"uv": [10.66667, 9, 11.16667, 9.66667], "texture": "#1"},
				"up": {"uv": [12.16667, 10.5, 11.66667, 10], "texture": "#1"},
				"down": {"uv": [11.16667, 11.66667, 10.66667, 12.16667], "texture": "#1"}
			}
		},
		{
			"from": [7.3319, -15.39019, 14.17141],
			"to": [8.66427, -13.37144, 15.78641],
			"rotation": {"angle": 22.5, "axis": "x", "origin": [8, 6.07982, 7.72944]},
			"faces": {
				"north": {"uv": [1.66667, 10.66667, 2.16667, 11.33333], "texture": "#1"},
				"east": {"uv": [2.33333, 10.66667, 2.83333, 11.33333], "texture": "#1"},
				"south": {"uv": [4.66667, 10.66667, 5.16667, 11.33333], "texture": "#1"},
				"west": {"uv": [10.66667, 4.66667, 11.16667, 5.33333], "texture": "#1"},
				"up": {"uv": [8.83333, 12.16667, 8.33333, 11.66667], "texture": "#1"},
				"down": {"uv": [12.16667, 9.33333, 11.66667, 9.83333], "texture": "#1"}
			}
		},
		{
			"from": [7.62996, 0.51037, 6.46938],
			"to": [8.36621, 18.20071, 10.53063],
			"rotation": {"angle": 0, "axis": "y", "origin": [8, 6.07982, 8.22944]},
			"faces": {
				"north": {"uv": [0, 0, 0.16667, 4.5], "texture": "#1"},
				"east": {"uv": [1.5, 0, 0, 6.5], "texture": "#1"},
				"south": {"uv": [1.33333, 0, 1.5, 6.5], "texture": "#1"},
				"west": {"uv": [0, 0, 1.5, 6.5], "texture": "#1"},
				"up": {"uv": [12.5, 8.16667, 12.33333, 7.33333], "texture": "#1"},
				"down": {"uv": [0.33333, 9.66667, 0, 11.16667], "texture": "#1"}
			}
		},
		{
			"from": [7.68207, 3.15941, 2.71707],
			"to": [8.32807, 4.58441, 3.76207],
			"rotation": {"angle": -45, "axis": "x", "origin": [8, 6.07982, 8.22944]},
			"faces": {
				"north": {"uv": [12, 6.66667, 12.16667, 7.16667], "texture": "#1"},
				"east": {"uv": [1.33333, 12, 1.66667, 12.5], "texture": "#1"},
				"south": {"uv": [12, 7.33333, 12.16667, 7.83333], "texture": "#1"},
				"west": {"uv": [12, 1.33333, 12.33333, 1.83333], "texture": "#1"},
				"up": {"uv": [10.5, 7, 10.33333, 6.66667], "texture": "#1"},
				"down": {"uv": [10.5, 9, 10.33333, 9.33333], "texture": "#1"}
			}
		},
		{
			"from": [7.64882, 0.02546, 5.95148],
			"to": [8.36132, 7.2908, 8.39773],
			"rotation": {"angle": 22.5, "axis": "x", "origin": [8, 6.07982, 8.32944]},
			"faces": {
				"north": {"uv": [15.5, 7.33333, 15.66667, 9.83333], "texture": "#1"},
				"east": {"uv": [14.83333, 7.33333, 15.66667, 9.83333], "texture": "#1"},
				"south": {"uv": [14.83333, 7.33333, 15, 9.83333], "texture": "#1"},
				"west": {"uv": [15.66667, 7.33333, 14.83333, 9.83333], "texture": "#1"},
				"up": {"uv": [16, 8.16667, 15.66667, 7.33333], "texture": "#1"},
				"down": {"uv": [11.33333, 2.66667, 11, 3.5], "texture": "#1"}
			}
		},
		{
			"from": [7.65832, -0.69762, 2.26689],
			"to": [8.35182, 3.48022, 4.23814],
			"rotation": {"angle": -22.5, "axis": "x", "origin": [8, 6.07982, 8.22944]},
			"faces": {
				"north": {"uv": [6, 11, 6.16667, 12.5], "texture": "#1"},
				"east": {"uv": [4.66667, 7.33333, 5.33333, 8.83333], "texture": "#1"},
				"south": {"uv": [6.33333, 11, 6.5, 12.5], "texture": "#1"},
				"west": {"uv": [8.33333, 0, 9, 1.5], "texture": "#1"},
				"up": {"uv": [4.83333, 12.66667, 4.66667, 12], "texture": "#1"},
				"down": {"uv": [5.16667, 12, 5, 12.66667], "texture": "#1"}
			}
		}
	],
	"gui_light": "front",
	"display": {
		"thirdperson_righthand": {
			"translation": [0, 12.25, 1.5],
			"scale": [0.75, 0.75, 0.75]
		},
		"thirdperson_lefthand": {
			"translation": [0, 12.25, 1.5],
			"scale": [0.75, 0.75, 0.75]
		},
		"firstperson_righthand": {
			"rotation": [-14.25, 0, 0],
			"translation": [18.75, 1.75, -20.25]
		},
		"firstperson_lefthand": {
			"rotation": [-14.25, 0, 0],
			"translation": [18.75, 1.75, -20.25]
		},
		"ground": {
			"rotation": [0, 0, -77],
			"translation": [2, -1.25, 0],
			"scale": [0.42, 0.42, 0.42]
		},
		"gui": {
			"rotation": [-90, 45, 90],
			"translation": [0, 0.5, 0],
			"scale": [0.38, 0.38, 0.38]
		},
		"head": {
			"scale": [0.09, 0.09, 0.09]
		},
		"fixed": {
			"rotation": [0, -90, 0],
			"translation": [0, 13.5, -0.5],
			"scale": [1.6, 1.6, 1.6]
		}
	}
}