{
	"credit": "Made with Blockbench",
	"texture_size": [48, 48],
	"textures": {
		"0": "radiance_collection:light_full",
		"2": "radiance_collection:texture",
		"particle": "radiance_collection:light_full"
	},
	"elements": [
		{
			"from": [7.41595, -10.3054, 2.45018],
			"to": [8.74833, -8.28665, 4.06518],
			"rotation": {"angle": 22.5, "axis": "x", "origin": [8.07934, -14.17319, 8]},
			"faces": {
				"north": {"uv": [6.66667, 10.33333, 7.16667, 11], "texture": "#2"},
				"east": {"uv": [10.83333, 8.33333, 10.33333, 9], "texture": "#2"},
				"south": {"uv": [8.33333, 10.33333, 8.83333, 11], "texture": "#2"},
				"west": {"uv": [10.33333, 8.33333, 10.83333, 9], "texture": "#2"},
				"up": {"uv": [4.05556, 2.05556, 3.88889, 1.88889], "texture": "#missing"},
				"down": {"uv": [7.16667, 11.66667, 6.66667, 12.16667], "texture": "#2"}
			}
		},
		{
			"from": [7.45633, -8.65591, 5.93385],
			"to": [8.70795, -7.44466, 7.9526],
			"rotation": {"angle": -22.5, "axis": "x", "origin": [8.07934, -14.17319, 8]},
			"faces": {
				"north": {"uv": [7.66667, 11.66667, 8.16667, 12.16667], "texture": "#2"},
				"east": {"uv": [11.33333, 0, 10.66667, 0.5], "texture": "#2"},
				"south": {"uv": [3.88889, 2.66667, 4.05556, 2.83333], "texture": "#missing"},
				"west": {"uv": [10.66667, 0, 11.33333, 0.5], "texture": "#2"},
				"up": {"uv": [11.16667, 1.33333, 10.66667, 0.66667], "texture": "#2"},
				"down": {"uv": [11.16667, 1.33333, 10.66667, 2], "texture": "#2"}
			}
		},
		{
			"from": [7.07277, -9.87994, 0.90025],
			"to": [9.09152, -7.05369, 3.7265],
			"rotation": {"angle": 45, "axis": "x", "origin": [8.07934, -14.17319, 8]},
			"faces": {
				"north": {"uv": [4.66667, 9, 5.33333, 10], "texture": "#2"},
				"east": {"uv": [9.33333, 2.66667, 8.33333, 3.66667], "texture": "#2"},
				"south": {"uv": [9, 7.66667, 9.66667, 6.66667], "texture": "#2"},
				"west": {"uv": [8.33333, 2.66667, 9.33333, 3.66667], "texture": "#2"},
				"up": {"uv": [4.66667, 9, 5.33333, 10], "texture": "#2"},
				"down": {"uv": [9.66667, 6.66667, 9, 7.66667], "texture": "#2"}
			}
		},
		{
			"from": [7.27464, -7.32892, 8.19064],
			"to": [8.88964, -5.51204, 11.01689],
			"rotation": {"angle": -22.5, "axis": "x", "origin": [8.07934, -14.17319, 8]},
			"faces": {
				"north": {"uv": [6, 10.33333, 6.5, 11], "texture": "#2"},
				"east": {"uv": [10, 7.66667, 9, 8.33333], "texture": "#2"},
				"south": {"uv": [3.44444, 2, 3.61111, 2.22222], "texture": "#missing"},
				"west": {"uv": [9, 7.66667, 10, 8.33333], "texture": "#2"},
				"up": {"uv": [2.16667, 10.66667, 1.66667, 9.66667], "texture": "#2"},
				"down": {"uv": [2.83333, 9.66667, 2.33333, 10.66667], "texture": "#2"}
			}
		},
		{
			"from": [7.36388, -11.37788, -1.07658],
			"to": [8.777, -9.76288, 1.74967],
			"rotation": {"angle": 45, "axis": "x", "origin": [8.07934, -14.17319, 8]},
			"faces": {
				"north": {"uv": [3.77778, 0.88889, 3.94444, 1.05556], "texture": "#missing"},
				"east": {"uv": [10.66667, 5.33333, 9.66667, 5.83333], "texture": "#2"},
				"south": {"uv": [1.11111, 3.77778, 1.27778, 3.94444], "texture": "#missing"},
				"west": {"uv": [9.66667, 5.33333, 10.66667, 5.83333], "texture": "#2"},
				"up": {"uv": [10.16667, 7, 9.66667, 6], "texture": "#2"},
				"down": {"uv": [10.16667, 8.33333, 9.66667, 9.33333], "texture": "#2"}
			}
		},
		{
			"from": [7.20902, -5.1095, 10.79501],
			"to": [8.62215, -3.89825, 13.62126],
			"rotation": {"angle": -45, "axis": "x", "origin": [8.07934, -14.17319, 8]},
			"faces": {
				"north": {"uv": [11.33333, 4.33333, 11.83333, 4.83333], "texture": "#2"},
				"east": {"uv": [10.66667, 9.33333, 9.66667, 9.83333], "texture": "#2"},
				"south": {"uv": [4.66667, 11.33333, 5.16667, 11.83333], "texture": "#2"},
				"west": {"uv": [9.66667, 9.33333, 10.66667, 9.83333], "texture": "#2"},
				"up": {"uv": [10, 1, 10.5, 0], "texture": "#2"},
				"down": {"uv": [10.5, 1, 10, 2], "texture": "#2"}
			}
		},
		{
			"from": [7.75191, -4.74852, 13.12008],
			"to": [8.41691, -3.32352, 15.49508],
			"rotation": {"angle": -45, "axis": "x", "origin": [8.07934, -14.17319, 8]},
			"faces": {
				"north": {"uv": [12, 8.66667, 12.16667, 9.16667], "texture": "#2"},
				"east": {"uv": [11.16667, 2, 10.33333, 2.5], "texture": "#2"},
				"south": {"uv": [9, 12, 9.16667, 12.5], "texture": "#2"},
				"west": {"uv": [10.33333, 2, 11.16667, 2.5], "texture": "#2"},
				"up": {"uv": [2.5, 12.83333, 2.33333, 12], "texture": "#2"},
				"down": {"uv": [12.16667, 4.33333, 12, 5.16667], "texture": "#2"}
			}
		},
		{
			"from": [7.41595, -10.3054, 11.93482],
			"to": [8.74833, -8.28665, 13.54982],
			"rotation": {"angle": -22.5, "axis": "x", "origin": [8.07934, -14.17319, 8]},
			"faces": {
				"north": {"uv": [8.83333, 10.33333, 8.33333, 11], "texture": "#2"},
				"east": {"uv": [10.33333, 8.33333, 10.83333, 9], "texture": "#2"},
				"south": {"uv": [7.16667, 10.33333, 6.66667, 11], "texture": "#2"},
				"west": {"uv": [10.83333, 8.33333, 10.33333, 9], "texture": "#2"},
				"up": {"uv": [4.05556, 1.88889, 3.88889, 2.05556], "texture": "#missing"},
				"down": {"uv": [7.16667, 12.16667, 6.66667, 11.66667], "texture": "#2"}
			}
		},
		{
			"from": [7.45633, -8.65591, 8.0474],
			"to": [8.70795, -7.44466, 10.06615],
			"rotation": {"angle": 22.5, "axis": "x", "origin": [8.07934, -14.17319, 8]},
			"faces": {
				"north": {"uv": [4.05556, 2.66667, 3.88889, 2.83333], "texture": "#missing"},
				"east": {"uv": [10.66667, 0, 11.33333, 0.5], "texture": "#2"},
				"south": {"uv": [8.16667, 11.66667, 7.66667, 12.16667], "texture": "#2"},
				"west": {"uv": [11.33333, 0, 10.66667, 0.5], "texture": "#2"},
				"up": {"uv": [11.16667, 0.66667, 10.66667, 1.33333], "texture": "#2"},
				"down": {"uv": [11.16667, 2, 10.66667, 1.33333], "texture": "#2"}
			}
		},
		{
			"from": [7.27464, -7.32892, 4.98311],
			"to": [8.88964, -5.51204, 7.80936],
			"rotation": {"angle": 22.5, "axis": "x", "origin": [8.07934, -14.17319, 8]},
			"faces": {
				"north": {"uv": [3.61111, 2, 3.44444, 2.22222], "texture": "#missing"},
				"east": {"uv": [9, 7.66667, 10, 8.33333], "texture": "#2"},
				"south": {"uv": [6.5, 10.33333, 6, 11], "texture": "#2"},
				"west": {"uv": [10, 7.66667, 9, 8.33333], "texture": "#2"},
				"up": {"uv": [2.16667, 9.66667, 1.66667, 10.66667], "texture": "#2"},
				"down": {"uv": [2.83333, 10.66667, 2.33333, 9.66667], "texture": "#2"}
			}
		},
		{
			"from": [7.36388, -11.37788, 14.25033],
			"to": [8.777, -9.76288, 17.07658],
			"rotation": {"angle": -45, "axis": "x", "origin": [8.07934, -14.17319, 8]},
			"faces": {
				"north": {"uv": [1.27778, 3.77778, 1.11111, 3.94444], "texture": "#missing"},
				"east": {"uv": [9.66667, 5.33333, 10.66667, 5.83333], "texture": "#2"},
				"south": {"uv": [3.94444, 0.88889, 3.77778, 1.05556], "texture": "#missing"},
				"west": {"uv": [10.66667, 5.33333, 9.66667, 5.83333], "texture": "#2"},
				"up": {"uv": [10.16667, 6, 9.66667, 7], "texture": "#2"},
				"down": {"uv": [10.16667, 9.33333, 9.66667, 8.33333], "texture": "#2"}
			}
		},
		{
			"from": [7.20902, -5.1095, 2.37874],
			"to": [8.62215, -3.89825, 5.20499],
			"rotation": {"angle": 45, "axis": "x", "origin": [8.07934, -14.17319, 8]},
			"faces": {
				"north": {"uv": [5.16667, 11.33333, 4.66667, 11.83333], "texture": "#2"},
				"east": {"uv": [9.66667, 9.33333, 10.66667, 9.83333], "texture": "#2"},
				"south": {"uv": [11.83333, 4.33333, 11.33333, 4.83333], "texture": "#2"},
				"west": {"uv": [10.66667, 9.33333, 9.66667, 9.83333], "texture": "#2"},
				"up": {"uv": [10, 0, 10.5, 1], "texture": "#2"},
				"down": {"uv": [10.5, 2, 10, 1], "texture": "#2"}
			}
		},
		{
			"from": [7.75191, -4.74852, 0.50492],
			"to": [8.41691, -3.32352, 2.87992],
			"rotation": {"angle": 45, "axis": "x", "origin": [8.07934, -14.17319, 8]},
			"faces": {
				"north": {"uv": [9.16667, 12, 9, 12.5], "texture": "#2"},
				"east": {"uv": [10.33333, 2, 11.16667, 2.5], "texture": "#2"},
				"south": {"uv": [12.16667, 8.66667, 12, 9.16667], "texture": "#2"},
				"west": {"uv": [11.16667, 2, 10.33333, 2.5], "texture": "#2"},
				"up": {"uv": [2.5, 12, 2.33333, 12.83333], "texture": "#2"},
				"down": {"uv": [12.16667, 5.16667, 12, 4.33333], "texture": "#2"}
			}
		},
		{
			"from": [8.0089, -15.19773, -3.4853],
			"to": [8.0089, 7.80227, 19.5147],
			"rotation": {"angle": 0, "axis": "y", "origin": [8, 6.44946, 8]},
			"faces": {
				"north": {"uv": [0, 0, 0, 16], "texture": "#0"},
				"east": {"uv": [0, 0, 16, 16], "texture": "#0"},
				"south": {"uv": [0, 0, 0, 16], "texture": "#0"},
				"west": {"uv": [0, 0, 16, 16], "texture": "#0"},
				"up": {"uv": [0, 0, 16, 0], "rotation": 90, "texture": "#0"},
				"down": {"uv": [0, 0, 16, 0], "rotation": 270, "texture": "#0"}
			}
		},
		{
			"from": [7.39718, -12.57713, 7.40834],
			"to": [8.60843, -8.53963, 8.61959],
			"rotation": {"angle": 0, "axis": "y", "origin": [8, 6.44946, 8]},
			"faces": {
				"north": {"uv": [8.33333, 3.66667, 8.83333, 5.16667], "texture": "#2"},
				"east": {"uv": [4, 8.66667, 4.5, 10.16667], "texture": "#2"},
				"south": {"uv": [6, 8.66667, 6.5, 10.16667], "texture": "#2"},
				"west": {"uv": [6.66667, 8.66667, 7.16667, 10.16667], "texture": "#2"},
				"up": {"uv": [11.5, 4.16667, 11, 3.66667], "texture": "#2"},
				"down": {"uv": [4.5, 11, 4, 11.5], "texture": "#2"}
			}
		},
		{
			"from": [7.62996, 2.51037, 5.96938],
			"to": [8.36621, 30.20071, 10.03062],
			"rotation": {"angle": 0, "axis": "y", "origin": [8, 8.94946, 8]},
			"faces": {
				"north": {"uv": [5.33333, 5.33333, 5.66667, 15], "texture": "#2"},
				"east": {"uv": [1.66667, 0, 3.16667, 9.66667], "texture": "#2"},
				"south": {"uv": [5.66667, 5.33333, 6, 15], "texture": "#2"},
				"west": {"uv": [1.66667, 0, 3.16667, 9.66667], "texture": "#2"},
				"up": {"uv": [9.66667, 9.83333, 9.33333, 8.33333], "texture": "#2"},
				"down": {"uv": [0.33333, 9.66667, 0, 11.16667], "texture": "#2"}
			}
		},
		{
			"from": [7.67257, 2.51037, 5.35188],
			"to": [8.33757, 13.10071, 10.64813],
			"rotation": {"angle": 0, "axis": "y", "origin": [8, 8.94946, 8]},
			"faces": {
				"north": {"uv": [7.33333, 8.66667, 7.5, 12.33333], "texture": "#2"},
				"east": {"uv": [3.33333, 0, 5.16667, 3.66667], "texture": "#2"},
				"south": {"uv": [9, 8.33333, 9.16667, 12], "texture": "#2"},
				"west": {"uv": [3.33333, 3.66667, 5.16667, 7.33333], "texture": "#2"},
				"up": {"uv": [9.5, 12.5, 9.33333, 10.66667], "texture": "#2"},
				"down": {"uv": [9.83333, 10.66667, 9.66667, 12.5], "texture": "#2"}
			}
		},
		{
			"from": [7.67257, 21.67263, 5.35188],
			"to": [8.33757, 29.25071, 10.64813],
			"rotation": {"angle": 0, "axis": "y", "origin": [8, 8.94946, 8]},
			"faces": {
				"north": {"uv": [3, 9.66667, 3.16667, 12.33333], "texture": "#2"},
				"east": {"uv": [5.33333, 0, 7.16667, 2.66667], "texture": "#2"},
				"south": {"uv": [10, 2, 10.16667, 4.66667], "texture": "#2"},
				"west": {"uv": [5.33333, 2.66667, 7.16667, 5.33333], "texture": "#2"},
				"up": {"uv": [10.16667, 12.5, 10, 10.66667], "texture": "#2"},
				"down": {"uv": [10.5, 10.66667, 10.33333, 12.5], "texture": "#2"}
			}
		},
		{
			"from": [7.68207, 5.60544, 1.68139],
			"to": [8.32807, 7.03044, 2.72639],
			"rotation": {"angle": -45, "axis": "x", "origin": [8, 8.94946, 8]},
			"faces": {
				"north": {"uv": [12, 6.66667, 12.16667, 7.16667], "texture": "#2"},
				"east": {"uv": [1.33333, 12, 1.66667, 12.5], "texture": "#2"},
				"south": {"uv": [12, 7.33333, 12.16667, 7.83333], "texture": "#2"},
				"west": {"uv": [12, 1.33333, 12.33333, 1.83333], "texture": "#2"},
				"up": {"uv": [10.5, 7, 10.33333, 6.66667], "texture": "#2"},
				"down": {"uv": [10.5, 9, 10.33333, 9.33333], "texture": "#2"}
			}
		},
		{
			"from": [7.68207, 29.71772, 7.2875],
			"to": [8.32807, 30.76272, 8.7125],
			"rotation": {"angle": 0, "axis": "x", "origin": [8, 8.94946, 8]},
			"faces": {
				"north": {"uv": [10.5, 7, 10.33333, 6.66667], "rotation": 180, "texture": "#2"},
				"east": {"uv": [1.33333, 12, 1.66667, 12.5], "rotation": 90, "texture": "#2"},
				"south": {"uv": [10.5, 9, 10.33333, 9.33333], "texture": "#2"},
				"west": {"uv": [12, 1.33333, 12.33333, 1.83333], "rotation": 270, "texture": "#2"},
				"up": {"uv": [12, 7.33333, 12.16667, 7.83333], "texture": "#2"},
				"down": {"uv": [12, 6.66667, 12.16667, 7.16667], "rotation": 180, "texture": "#2"}
			}
		},
		{
			"from": [7.64882, 1.98812, 5.70487],
			"to": [8.36132, 9.25346, 8.15112],
			"rotation": {"angle": 22.5, "axis": "x", "origin": [8, 8.94946, 8]},
			"faces": {
				"north": {"uv": [3.33333, 8.66667, 3.66667, 11.16667], "texture": "#2"},
				"east": {"uv": [7.33333, 0, 8.16667, 2.5], "texture": "#2"},
				"south": {"uv": [3.66667, 8.66667, 4, 11.16667], "texture": "#2"},
				"west": {"uv": [7.33333, 2.66667, 8.16667, 5.16667], "texture": "#2"},
				"up": {"uv": [11, 11.5, 10.66667, 10.66667], "texture": "#2"},
				"down": {"uv": [11.33333, 2.66667, 11, 3.5], "texture": "#2"}
			}
		},
		{
			"from": [7.65832, 1.47211, 1.45469],
			"to": [8.35182, 5.64995, 3.42594],
			"rotation": {"angle": -22.5, "axis": "x", "origin": [8, 8.94946, 8]},
			"faces": {
				"north": {"uv": [6, 11, 6.16667, 12.5], "texture": "#2"},
				"east": {"uv": [4.66667, 7.33333, 5.33333, 8.83333], "texture": "#2"},
				"south": {"uv": [6.33333, 11, 6.5, 12.5], "texture": "#2"},
				"west": {"uv": [8.33333, 0, 9, 1.5], "texture": "#2"},
				"up": {"uv": [4.83333, 12.66667, 4.66667, 12], "texture": "#2"},
				"down": {"uv": [5.16667, 12, 5, 12.66667], "texture": "#2"}
			}
		},
		{
			"from": [7.66307, 9.96913, 3.18032],
			"to": [8.34707, 13.76913, 6.98032],
			"rotation": {"angle": 45, "axis": "x", "origin": [8, 8.94946, 8]},
			"faces": {
				"north": {"uv": [2.66667, 11.33333, 2.83333, 12.66667], "texture": "#2"},
				"east": {"uv": [3.33333, 7.33333, 4.66667, 8.66667], "texture": "#2"},
				"south": {"uv": [11.66667, 10.66667, 11.83333, 12], "texture": "#2"},
				"west": {"uv": [7.66667, 5.33333, 9, 6.66667], "texture": "#2"},
				"up": {"uv": [11.5, 13, 11.33333, 11.66667], "texture": "#2"},
				"down": {"uv": [0.16667, 12, 0, 13.33333], "texture": "#2"}
			}
		},
		{
			"from": [7.66307, 16.0461, -2.89664],
			"to": [8.34707, 19.8461, 0.90336],
			"rotation": {"angle": 45, "axis": "x", "origin": [8, 8.94946, 8]},
			"faces": {
				"north": {"uv": [12, 0, 12.16667, 1.33333], "texture": "#2"},
				"east": {"uv": [7.66667, 6.66667, 9, 8], "texture": "#2"},
				"south": {"uv": [0.33333, 12, 0.5, 13.33333], "texture": "#2"},
				"west": {"uv": [7.66667, 8, 9, 9.33333], "texture": "#2"},
				"up": {"uv": [0.83333, 13.33333, 0.66667, 12], "texture": "#2"},
				"down": {"uv": [1.16667, 12, 1, 13.33333], "texture": "#2"}
			}
		},
		{
			"from": [7.65708, 26.69198, -2.2155],
			"to": [8.33608, 30.96698, -0.3155],
			"rotation": {"angle": 22.5, "axis": "x", "origin": [8, 8.94946, 8]},
			"faces": {
				"north": {"uv": [0.33333, 9.66667, 0.66667, 11.16667], "texture": "#2"},
				"east": {"uv": [6.66667, 8.5, 6, 7], "texture": "#2"},
				"south": {"uv": [0.66667, 9.66667, 1, 11.16667], "texture": "#2"},
				"west": {"uv": [6, 7, 6.66667, 8.5], "texture": "#2"},
				"up": {"uv": [1.33333, 11.16667, 1, 9.66667], "texture": "#2"},
				"down": {"uv": [1.66667, 9.66667, 1.33333, 11.16667], "texture": "#2"}
			}
		},
		{
			"from": [7.66158, 26.69198, 16.3155],
			"to": [8.33158, 30.96698, 18.2155],
			"rotation": {"angle": -22.5, "axis": "x", "origin": [8, 8.94946, 8]},
			"faces": {
				"north": {"uv": [1, 9.66667, 0.66667, 11.16667], "texture": "#2"},
				"east": {"uv": [6, 8.5, 6.66667, 7], "texture": "#2"},
				"south": {"uv": [0.66667, 9.66667, 0.33333, 11.16667], "texture": "#2"},
				"west": {"uv": [6.66667, 7, 6, 8.5], "texture": "#2"},
				"up": {"uv": [1.33333, 9.66667, 1, 11.16667], "texture": "#2"},
				"down": {"uv": [1.66667, 11.16667, 1.33333, 9.66667], "texture": "#2"}
			}
		},
		{
			"from": [7.65708, 25.34739, 24.39793],
			"to": [8.33608, 26.84739, 25.89793],
			"rotation": {"angle": -45, "axis": "x", "origin": [8, 8.94946, 8]},
			"faces": {
				"north": {"uv": [1, 9.66667, 0.66667, 11.16667], "texture": "#2"},
				"east": {"uv": [6, 8.5, 6.33333, 7.66667], "texture": "#2"},
				"south": {"uv": [0.66667, 9.66667, 0.33333, 11.16667], "texture": "#2"},
				"west": {"uv": [6.33333, 7.66667, 6, 8.5], "texture": "#2"},
				"up": {"uv": [1.33333, 9.66667, 1, 11.16667], "texture": "#2"},
				"down": {"uv": [1.66667, 11.16667, 1.33333, 9.66667], "texture": "#2"}
			}
		},
		{
			"from": [7.1953, -8.53963, 7.20647],
			"to": [8.8103, -6.92463, 8.82147],
			"rotation": {"angle": 0, "axis": "y", "origin": [8, 6.44946, 8]},
			"faces": {
				"north": {"uv": [11, 6, 11.5, 6.5], "texture": "#2"},
				"east": {"uv": [6.66667, 11, 7.16667, 11.5], "texture": "#2"},
				"south": {"uv": [7.66667, 11, 8.16667, 11.5], "texture": "#2"},
				"west": {"uv": [11, 8, 11.5, 8.5], "texture": "#2"},
				"up": {"uv": [8.83333, 11.5, 8.33333, 11], "texture": "#2"},
				"down": {"uv": [11.5, 9.66667, 11, 10.16667], "texture": "#2"}
			}
		},
		{
			"from": [7.1953, -9.75088, 7.20647],
			"to": [8.8103, -8.94338, 8.82147],
			"rotation": {"angle": 0, "axis": "y", "origin": [8, 6.44946, 8]},
			"faces": {
				"north": {"uv": [11.66667, 4, 12.16667, 4.33333], "texture": "#2"},
				"east": {"uv": [11.66667, 6.33333, 12.16667, 6.66667], "texture": "#2"},
				"south": {"uv": [1.66667, 12, 2.16667, 12.33333], "texture": "#2"},
				"west": {"uv": [12, 2, 12.5, 2.33333], "texture": "#2"},
				"up": {"uv": [11.5, 10.83333, 11, 10.33333], "texture": "#2"},
				"down": {"uv": [11.5, 11, 11, 11.5], "texture": "#2"}
			}
		},
		{
			"from": [7.1953, -14.19213, 7.20647],
			"to": [8.8103, -12.57713, 8.82147],
			"rotation": {"angle": 0, "axis": "y", "origin": [8, 6.44946, 8]},
			"faces": {
				"north": {"uv": [0, 11.33333, 0.5, 11.83333], "texture": "#2"},
				"east": {"uv": [11.33333, 0, 11.83333, 0.5], "texture": "#2"},
				"south": {"uv": [0.66667, 11.33333, 1.16667, 11.83333], "texture": "#2"},
				"west": {"uv": [11.33333, 0.66667, 11.83333, 1.16667], "texture": "#2"},
				"up": {"uv": [1.83333, 11.83333, 1.33333, 11.33333], "texture": "#2"},
				"down": {"uv": [11.83333, 1.33333, 11.33333, 1.83333], "texture": "#2"}
			}
		},
		{
			"from": [7.1953, -12.17338, 7.20647],
			"to": [8.8103, -11.36588, 8.82147],
			"rotation": {"angle": 0, "axis": "y", "origin": [8, 6.44946, 8]},
			"faces": {
				"north": {"uv": [12, 2.33333, 12.5, 2.66667], "texture": "#2"},
				"east": {"uv": [12, 2.66667, 12.5, 3], "texture": "#2"},
				"south": {"uv": [12, 3, 12.5, 3.33333], "texture": "#2"},
				"west": {"uv": [3.33333, 12, 3.83333, 12.33333], "texture": "#2"},
				"up": {"uv": [2.5, 11.83333, 2, 11.33333], "texture": "#2"},
				"down": {"uv": [11.83333, 2, 11.33333, 2.5], "texture": "#2"}
			}
		},
		{
			"from": [6.98871, -9.91871, 21.96542],
			"to": [9.00746, -7.49621, 24.38792],
			"rotation": {"angle": 45, "axis": "x", "origin": [8, 6.44946, 8]},
			"faces": {
				"north": {"uv": [9.33333, 1.66667, 10, 2.5], "texture": "#2"},
				"east": {"uv": [9, 0, 9.83333, 0.83333], "texture": "#2"},
				"south": {"uv": [9.33333, 2.66667, 10, 3.5], "texture": "#2"},
				"west": {"uv": [9, 3.66667, 9.83333, 4.5], "texture": "#2"},
				"up": {"uv": [8.33333, 10.16667, 7.66667, 9.33333], "texture": "#2"},
				"down": {"uv": [9, 9.33333, 8.33333, 10.16667], "texture": "#2"}
			}
		},
		{
			"from": [7.19058, -11.59704, 24.24937],
			"to": [8.80558, -9.78017, 26.06625],
			"rotation": {"angle": 45, "axis": "x", "origin": [8, 6.44946, 8]},
			"faces": {
				"north": {"uv": [10.33333, 2.66667, 10.83333, 3.33333], "texture": "#2"},
				"east": {"uv": [4.66667, 10, 5.33333, 10.66667], "texture": "#2"},
				"south": {"uv": [10.33333, 3.33333, 10.83333, 4], "texture": "#2"},
				"west": {"uv": [10, 7.66667, 10.66667, 8.33333], "texture": "#2"},
				"up": {"uv": [4.5, 11, 4, 10.33333], "texture": "#2"},
				"down": {"uv": [10.83333, 4, 10.33333, 4.66667], "texture": "#2"}
			}
		},
		{
			"from": [7.3319, -15.46559, 14.33346],
			"to": [8.66427, -13.44684, 15.94846],
			"rotation": {"angle": 22.5, "axis": "x", "origin": [8, 6.44946, 8]},
			"faces": {
				"north": {"uv": [1.66667, 10.66667, 2.16667, 11.33333], "texture": "#2"},
				"east": {"uv": [2.33333, 10.66667, 2.83333, 11.33333], "texture": "#2"},
				"south": {"uv": [4.66667, 10.66667, 5.16667, 11.33333], "texture": "#2"},
				"west": {"uv": [10.66667, 4.66667, 11.16667, 5.33333], "texture": "#2"},
				"up": {"uv": [8.83333, 12.16667, 8.33333, 11.66667], "texture": "#2"},
				"down": {"uv": [12.16667, 9.33333, 11.66667, 9.83333], "texture": "#2"}
			}
		},
		{
			"from": [7.37227, -9.80717, -9.82316],
			"to": [8.6239, -7.78842, -8.61191],
			"rotation": {"angle": -45, "axis": "x", "origin": [8, 6.44946, 8]},
			"faces": {
				"north": {"uv": [10.66667, 5.33333, 11.16667, 6], "texture": "#2"},
				"east": {"uv": [10.66667, 6.66667, 11.16667, 7.33333], "texture": "#2"},
				"south": {"uv": [10.66667, 7.33333, 11.16667, 8], "texture": "#2"},
				"west": {"uv": [10.66667, 9, 11.16667, 9.66667], "texture": "#2"},
				"up": {"uv": [12.16667, 10.5, 11.66667, 10], "texture": "#2"},
				"down": {"uv": [11.16667, 11.66667, 10.66667, 12.16667], "texture": "#2"}
			}
		},
		{
			"from": [7.64882, 1.98812, 7.84888],
			"to": [8.36132, 9.25346, 10.29513],
			"rotation": {"angle": -22.5, "axis": "x", "origin": [8, 8.94946, 8]},
			"faces": {
				"north": {"uv": [4, 8.66667, 3.66667, 11.16667], "texture": "#2"},
				"east": {"uv": [8.16667, 0, 7.33333, 2.5], "texture": "#2"},
				"south": {"uv": [3.66667, 8.66667, 3.33333, 11.16667], "texture": "#2"},
				"west": {"uv": [8.16667, 2.66667, 7.33333, 5.16667], "texture": "#2"},
				"up": {"uv": [11, 10.66667, 10.66667, 11.5], "texture": "#2"},
				"down": {"uv": [11.33333, 3.5, 11, 2.66667], "texture": "#2"}
			}
		},
		{
			"from": [7.68207, 5.60544, 13.27361],
			"to": [8.32807, 7.03044, 14.31861],
			"rotation": {"angle": 45, "axis": "x", "origin": [8, 8.94946, 8]},
			"faces": {
				"north": {"uv": [12.16667, 7.33333, 12, 7.83333], "texture": "#2"},
				"east": {"uv": [1.66667, 12, 1.33333, 12.5], "texture": "#2"},
				"south": {"uv": [12.16667, 6.66667, 12, 7.16667], "texture": "#2"},
				"west": {"uv": [12.33333, 1.33333, 12, 1.83333], "texture": "#2"},
				"up": {"uv": [10.5, 6.66667, 10.33333, 7], "texture": "#2"},
				"down": {"uv": [10.5, 9.33333, 10.33333, 9], "texture": "#2"}
			}
		},
		{
			"from": [7.65832, 1.47211, 12.57406],
			"to": [8.35182, 5.64995, 14.54531],
			"rotation": {"angle": 22.5, "axis": "x", "origin": [8, 8.94946, 8]},
			"faces": {
				"north": {"uv": [6.5, 11, 6.33333, 12.5], "texture": "#2"},
				"east": {"uv": [5.33333, 7.33333, 4.66667, 8.83333], "texture": "#2"},
				"south": {"uv": [6.16667, 11, 6, 12.5], "texture": "#2"},
				"west": {"uv": [9, 0, 8.33333, 1.5], "texture": "#2"},
				"up": {"uv": [4.83333, 12, 4.66667, 12.66667], "texture": "#2"},
				"down": {"uv": [5.16667, 12.66667, 5, 12], "texture": "#2"}
			}
		},
		{
			"from": [7.3319, -15.46559, 0.05154],
			"to": [8.66427, -13.44684, 1.66654],
			"rotation": {"angle": -22.5, "axis": "x", "origin": [8, 6.44946, 8]},
			"faces": {
				"north": {"uv": [5.16667, 10.66667, 4.66667, 11.33333], "texture": "#2"},
				"east": {"uv": [2.83333, 10.66667, 2.33333, 11.33333], "texture": "#2"},
				"south": {"uv": [2.16667, 10.66667, 1.66667, 11.33333], "texture": "#2"},
				"west": {"uv": [11.16667, 4.66667, 10.66667, 5.33333], "texture": "#2"},
				"up": {"uv": [8.83333, 11.66667, 8.33333, 12.16667], "texture": "#2"},
				"down": {"uv": [12.16667, 9.83333, 11.66667, 9.33333], "texture": "#2"}
			}
		},
		{
			"from": [7.37227, -9.80717, 24.61191],
			"to": [8.6239, -7.78842, 25.82316],
			"rotation": {"angle": 45, "axis": "x", "origin": [8, 6.44946, 8]},
			"faces": {
				"north": {"uv": [11.16667, 7.33333, 10.66667, 8], "texture": "#2"},
				"east": {"uv": [11.16667, 6.66667, 10.66667, 7.33333], "texture": "#2"},
				"south": {"uv": [11.16667, 5.33333, 10.66667, 6], "texture": "#2"},
				"west": {"uv": [11.16667, 9, 10.66667, 9.66667], "texture": "#2"},
				"up": {"uv": [12.16667, 10, 11.66667, 10.5], "texture": "#2"},
				"down": {"uv": [11.16667, 12.16667, 10.66667, 11.66667], "texture": "#2"}
			}
		},
		{
			"from": [7.67257, 2.25148, 13.12008],
			"to": [8.33757, 3.67648, 15.49508],
			"rotation": {"angle": -45, "axis": "x", "origin": [8, -7.17319, 8]},
			"color": 9,
			"faces": {
				"north": {"uv": [4, 2.88889, 4.05556, 3.05556], "texture": "#missing"},
				"east": {"uv": [3.11111, 3.33333, 3.38889, 3.5], "texture": "#missing"},
				"south": {"uv": [3, 4, 3.05556, 4.16667], "texture": "#missing"},
				"west": {"uv": [3.44444, 0.66667, 3.72222, 0.83333], "texture": "#missing"},
				"up": {"uv": [0.83333, 4.27778, 0.77778, 4], "texture": "#missing"},
				"down": {"uv": [4.05556, 1.44444, 4, 1.72222], "texture": "#missing"}
			}
		},
		{
			"from": [7.67257, 2.25148, 0.50492],
			"to": [8.33757, 3.67648, 2.87992],
			"rotation": {"angle": 45, "axis": "x", "origin": [8, -7.17319, 8]},
			"color": 0,
			"faces": {
				"north": {"uv": [3.05556, 4, 3, 4.16667], "texture": "#missing"},
				"east": {"uv": [3.38889, 3.33333, 3.11111, 3.5], "texture": "#missing"},
				"south": {"uv": [4.05556, 2.88889, 4, 3.05556], "texture": "#missing"},
				"west": {"uv": [3.72222, 0.66667, 3.44444, 0.83333], "texture": "#missing"},
				"up": {"uv": [0.83333, 4, 0.77778, 4.27778], "texture": "#missing"},
				"down": {"uv": [4.05556, 1.72222, 4, 1.44444], "texture": "#missing"}
			}
		}
	],
	"gui_light": "front",
	"display": {
		"thirdperson_righthand": {
			"translation": [0, 12.25, 1.5],
			"scale": [0.75, 0.75, 0.75]
		},
		"thirdperson_lefthand": {
			"translation": [0, 12.25, 1.5],
			"scale": [0.75, 0.75, 0.75]
		},
		"firstperson_righthand": {
			"rotation": [-14.25, 0, 0],
			"translation": [18.75, 1.75, -20.25]
		},
		"firstperson_lefthand": {
			"rotation": [-14.25, 0, 0],
			"translation": [18.75, 1.75, -20.25]
		},
		"ground": {
			"rotation": [0, 0, -95],
			"translation": [0, -1.75, 0],
			"scale": [0.42, 0.42, 0.42]
		},
		"gui": {
			"rotation": [-90, 45, 90],
			"scale": [0.38, 0.38, 0.38]
		},
		"head": {
			"rotation": [-90, -61.5, 90],
			"translation": [1.5, -18, 8]
		},
		"fixed": {
			"rotation": [0, 90, 0],
			"translation": [0, 15.25, 0],
			"scale": [1.6, 1.6, 1.6]
		}
	}
}