{"credit":"By EliteCreatures","texture_size":[64,64],"textures":{"0":"elitecreatures:collectibles_v2_32x/cute_piglets_inside_32","1":"elitecreatures:collectibles_v2_32x/collectibles_package","particle":"elitecreatures:collectibles_v2_32x/collectibles_package"},"elements":[{"from":[3.5,8.25,2.5],"to":[12.5,17.25,11.5],"rotation":{"angle":0,"axis":"y","origin":[7,-1.25,6]},"faces":{"north":{"uv":[0,0,2.25,2.25],"texture":"#0"},"east":{"uv":[0,2.25,2.25,4.5],"texture":"#0"},"south":{"uv":[2.25,0,4.5,2.25],"texture":"#0"},"west":{"uv":[2.25,2.25,4.5,4.5],"texture":"#0"},"up":{"uv":[2.25,6.75,0,4.5],"texture":"#0"},"down":{"uv":[6.75,0,4.5,2.25],"texture":"#0"}}},{"from":[4.25,0.75,6.5],"to":[11.75,11.25,12.5],"rotation":{"angle":-22.5,"axis":"x","origin":[8,4.5,9]},"faces":{"north":{"uv":[2.25,4.5,4.125,7.125],"texture":"#0"},"east":{"uv":[4.25,5,5.75,7.625],"texture":"#0"},"south":{"uv":[4.5,2.25,6.375,4.875],"texture":"#0"},"west":{"uv":[5.75,5,7.25,7.625],"texture":"#0"},"up":{"uv":[8.375,3.75,6.5,2.25],"texture":"#0"},"down":{"uv":[1.875,6.75,0,8.25],"texture":"#0"}}},{"from":[7,2.58574,12.10842],"to":[9,6.33574,14.10842],"rotation":{"angle":22.5,"axis":"x","origin":[8,3.58574,13.35842]},"faces":{"north":{"uv":[8.25,0.75,8.75,1.625],"texture":"#0"},"east":{"uv":[1.25,8.25,1.75,9.125],"texture":"#0"},"south":{"uv":[8.25,3.75,8.75,4.625],"texture":"#0"},"west":{"uv":[8.25,5.75,8.75,6.625],"texture":"#0"},"up":{"uv":[4.25,7.75,3.75,7.25],"texture":"#0"},"down":{"uv":[9,2.75,8.5,3.25],"texture":"#0"}}},{"from":[3.5,0.07716,3.88791],"to":[6,8.32716,6.88791],"rotation":{"angle":0,"axis":"y","origin":[8,6.07716,8.88791]},"faces":{"north":{"uv":[7.25,7.25,7.875,9.375],"texture":"#0"},"east":{"uv":[6.75,0,7.5,2.125],"texture":"#0"},"south":{"uv":[7.5,0,8.125,2.125],"texture":"#0"},"west":{"uv":[2,7.25,2.75,9.375],"texture":"#0"},"up":{"uv":[8.875,0.75,8.25,0],"texture":"#0"},"down":{"uv":[1.125,8.25,0.5,9],"texture":"#0"}}},{"from":[1,0.15216,5.26291],"to":[4,3.65216,12.26291],"rotation":{"angle":22.5,"axis":"y","origin":[4.75,4.20216,5.38791]},"faces":{"north":{"uv":[5.25,7.75,6,8.625],"texture":"#0"},"east":{"uv":[6.5,3.75,8.25,4.625],"texture":"#0"},"south":{"uv":[6,7.75,6.75,8.625],"texture":"#0"},"west":{"uv":[7.25,4.75,9,5.625],"texture":"#0"},"up":{"uv":[4.5,9.5,3.75,7.75],"texture":"#0"},"down":{"uv":[5.25,7.75,4.5,9.5],"texture":"#0"}}},{"from":[6,9.75,1.5],"to":[10,12.25,2.5],"rotation":{"angle":0,"axis":"y","origin":[7,-1.25,6]},"faces":{"north":{"uv":[8,7.25,9,7.875],"texture":"#0"},"east":{"uv":[1.75,8.25,2,8.875],"texture":"#0"},"south":{"uv":[8,8,9,8.625],"texture":"#0"},"west":{"uv":[8.75,0.75,9,1.375],"texture":"#0"},"up":{"uv":[9.5,2.5,8.5,2.25],"texture":"#0"},"down":{"uv":[9.5,2.5,8.5,2.75],"texture":"#0"}}},{"from":[1.25,14.25,5.25],"to":[5.25,20,6.75],"rotation":{"angle":45,"axis":"z","origin":[4.5,17.25,7]},"faces":{"north":{"uv":[2.75,7.25,3.75,8.75],"texture":"#0"},"east":{"uv":[6.75,7.75,7.125,9.25],"texture":"#0"},"south":{"uv":[7.25,5.75,8.25,7.25],"texture":"#0"},"west":{"uv":[0,8.25,0.375,9.75],"texture":"#0"},"up":{"uv":[9.25,2.125,8.25,1.75],"texture":"#0"},"down":{"uv":[9.25,6.75,8.25,7.125],"texture":"#0"}}},{"from":[12,0.15216,5.26291],"to":[15,3.65216,12.26291],"rotation":{"angle":-22.5,"axis":"y","origin":[11.25,4.20216,5.38791]},"faces":{"north":{"uv":[6,7.75,5.25,8.625],"texture":"#0"},"east":{"uv":[9,4.75,7.25,5.625],"texture":"#0"},"south":{"uv":[6.75,7.75,6,8.625],"texture":"#0"},"west":{"uv":[8.25,3.75,6.5,4.625],"texture":"#0"},"up":{"uv":[3.75,9.5,4.5,7.75],"texture":"#0"},"down":{"uv":[4.5,7.75,5.25,9.5],"texture":"#0"}}},{"from":[10,0.07716,3.88791],"to":[12.5,8.32716,6.88791],"rotation":{"angle":0,"axis":"y","origin":[8,6.07716,8.88791]},"faces":{"north":{"uv":[7.875,7.25,7.25,9.375],"texture":"#0"},"east":{"uv":[2.75,7.25,2,9.375],"texture":"#0"},"south":{"uv":[8.125,0,7.5,2.125],"texture":"#0"},"west":{"uv":[7.5,0,6.75,2.125],"texture":"#0"},"up":{"uv":[8.25,0.75,8.875,0],"texture":"#0"},"down":{"uv":[0.5,8.25,1.125,9],"texture":"#0"}}},{"from":[10.75,14.25,5.25],"to":[14.75,20,6.75],"rotation":{"angle":-45,"axis":"z","origin":[11.5,17.25,7]},"faces":{"north":{"uv":[3.75,7.25,2.75,8.75],"texture":"#0"},"east":{"uv":[0.375,8.25,0,9.75],"texture":"#0"},"south":{"uv":[8.25,5.75,7.25,7.25],"texture":"#0"},"west":{"uv":[7.125,7.75,6.75,9.25],"texture":"#0"},"up":{"uv":[8.25,2.125,9.25,1.75],"texture":"#0"},"down":{"uv":[8.25,6.75,9.25,7.125],"texture":"#0"}}},{"name":"signs","from":[0.7,18,-0.075],"to":[15.3,20.8,-0.075],"rotation":{"angle":0,"axis":"y","origin":[17,6.9,0]},"faces":{"north":{"uv":[0,14.875,7.375,16],"texture":"#0"},"east":{"uv":[0,0,0,0.75],"texture":"#0"},"west":{"uv":[0,0,0,0.75],"texture":"#0"},"up":{"uv":[3.625,0,0,0],"texture":"#0"},"down":{"uv":[3.625,0,0,0],"texture":"#0"}}},{"name":"package","from":[0,-0.1,0],"to":[16,21.9,0],"faces":{"north":{"uv":[0,0,4,5.5],"texture":"#1"},"east":{"uv":[4,0,8,5.5],"texture":"#1"},"south":{"uv":[0,0,4,5.5],"texture":"#1"},"west":{"uv":[4,5.5,8,11],"texture":"#1"},"up":{"uv":[12,4,8,0],"texture":"#1"},"down":{"uv":[12,4,8,8],"texture":"#1"}}},{"name":"package","from":[0,-0.1,16],"to":[16,21.9,16],"faces":{"north":{"uv":[0,5.5,4,11],"texture":"#1"},"east":{"uv":[4,0,8,5.5],"texture":"#1"},"south":{"uv":[0,5.5,4,11],"texture":"#1"},"west":{"uv":[4,5.5,8,11],"texture":"#1"},"up":{"uv":[12,4,8,0],"texture":"#1"},"down":{"uv":[12,4,8,8],"texture":"#1"}}},{"name":"package","from":[0,-0.1,0],"to":[16,-0.1,16],"faces":{"north":{"uv":[0,0,4,5.5],"texture":"#1"},"east":{"uv":[4,0,8,5.5],"texture":"#1"},"south":{"uv":[0,5.5,4,11],"texture":"#1"},"west":{"uv":[4,5.5,8,11],"texture":"#1"},"up":{"uv":[12,4,8,8],"texture":"#1"},"down":{"uv":[12,4,8,8],"texture":"#1"}}},{"name":"package","from":[0,21.9,0],"to":[16,21.9,16],"faces":{"north":{"uv":[0,0,4,5.5],"texture":"#1"},"east":{"uv":[4,0,8,5.5],"texture":"#1"},"south":{"uv":[0,5.5,4,11],"texture":"#1"},"west":{"uv":[4,5.5,8,11],"texture":"#1"},"up":{"uv":[12,4,8,0],"texture":"#1"},"down":{"uv":[12,4,8,8],"texture":"#1"}}},{"name":"package","from":[16,-0.1,0],"to":[16,21.9,16],"faces":{"north":{"uv":[0,0,4,5.5],"texture":"#1"},"east":{"uv":[4,0,8,5.5],"texture":"#1"},"south":{"uv":[0,5.5,4,11],"texture":"#1"},"west":{"uv":[4,5.5,8,11],"texture":"#1"},"up":{"uv":[12,4,8,0],"texture":"#1"},"down":{"uv":[12,4,8,8],"texture":"#1"}}},{"name":"package","from":[0,-0.1,0],"to":[0,21.9,16],"faces":{"north":{"uv":[0,0,4,5.5],"texture":"#1"},"east":{"uv":[4,0,8,5.5],"texture":"#1"},"south":{"uv":[0,5.5,4,11],"texture":"#1"},"west":{"uv":[4,5.5,8,11],"texture":"#1"},"up":{"uv":[12,4,8,0],"texture":"#1"},"down":{"uv":[12,4,8,8],"texture":"#1"}}}],"gui_light":"front","display":{"thirdperson_righthand":{"rotation":[61.23,4.49,0.46],"translation":[0,1.75,0.75],"scale":[0.5,0.5,0.5]},"thirdperson_lefthand":{"rotation":[61.23,4.49,0.46],"translation":[0,1.75,0.75],"scale":[0.5,0.5,0.5]},"firstperson_righthand":{"rotation":[-166,53.68,171.1],"translation":[0.75,3.75,-0.75],"scale":[0.58336,0.58336,0.58336]},"firstperson_lefthand":{"rotation":[-166,53.68,171.1],"translation":[0.75,3.75,-0.75],"scale":[0.58336,0.58336,0.58336]},"ground":{"rotation":[68,0,0],"translation":[0,1.5,0],"scale":[0.5,0.5,0.5]},"gui":{"rotation":[-170,30,-180],"translation":[0,-2,0],"scale":[0.62,0.62,0.62]},"head":{"rotation":[7,180,1],"translation":[0,-48.75,11.25],"scale":[1.6,1.6,1.6]},"fixed":{"rotation":[-90,0,0],"translation":[0,-0.25,-16.25],"scale":[2,2,2]}}}