{"credit":"Made with Blockbench","texture_size":[64,64],"textures":{"0":"playbox_cherryblossomfurniture:table","particle":"playbox_cherryblossomfurniture:table"},"elements":[{"from":[-4,8,0],"to":[20,10,16],"rotation":{"angle":0,"axis":"y","origin":[20,0,7]},"faces":{"north":{"uv":[6,5,12,5.5],"texture":"#0"},"east":{"uv":[6,6,10,6.5],"texture":"#0"},"south":{"uv":[6,5,12,5.5],"texture":"#0"},"west":{"uv":[6,6,10,6.5],"texture":"#0"},"up":{"uv":[6,4,0,0],"texture":"#0"},"down":{"uv":[6,4,0,0],"texture":"#0"}}},{"from":[17,2,1],"to":[19,8,3],"rotation":{"angle":0,"axis":"y","origin":[-4,0,7]},"faces":{"north":{"uv":[6,7,6.5,8.5],"texture":"#0"},"east":{"uv":[6.5,7,7,8.5],"texture":"#0"},"south":{"uv":[7,7,7.5,8.5],"texture":"#0"},"west":{"uv":[7.5,7,8,8.5],"texture":"#0"},"up":{"uv":[5,8.5,4.5,8],"texture":"#0"},"down":{"uv":[5.5,8,5,8.5],"texture":"#0"}}},{"from":[16.5,0,0.5],"to":[19.5,2,3.5],"rotation":{"angle":0,"axis":"y","origin":[-4,0,7]},"faces":{"north":{"uv":[1.5,8,2.25,8.5],"texture":"#0"},"east":{"uv":[2.25,8,3,8.5],"texture":"#0"},"south":{"uv":[3,8,3.75,8.5],"texture":"#0"},"west":{"uv":[3.75,8,4.5,8.5],"texture":"#0"},"up":{"uv":[0.75,8.75,0,8],"texture":"#0"},"down":{"uv":[1.5,8,0.75,8.75],"texture":"#0"}}},{"from":[-3,2,1],"to":[-1,8,3],"rotation":{"angle":0,"axis":"y","origin":[20,0,7]},"faces":{"north":{"uv":[6.5,7,6,8.5],"texture":"#0"},"east":{"uv":[8,7,7.5,8.5],"texture":"#0"},"south":{"uv":[7.5,7,7,8.5],"texture":"#0"},"west":{"uv":[7,7,6.5,8.5],"texture":"#0"},"up":{"uv":[4.5,8.5,5,8],"texture":"#0"},"down":{"uv":[5,8,5.5,8.5],"texture":"#0"}}},{"from":[-3.5,0,0.5],"to":[-0.5,2,3.5],"rotation":{"angle":0,"axis":"y","origin":[20,0,7]},"faces":{"north":{"uv":[2.25,8,1.5,8.5],"texture":"#0"},"east":{"uv":[4.5,8,3.75,8.5],"texture":"#0"},"south":{"uv":[3.75,8,3,8.5],"texture":"#0"},"west":{"uv":[3,8,2.25,8.5],"texture":"#0"},"up":{"uv":[0,8.75,0.75,8],"texture":"#0"},"down":{"uv":[0.75,8,1.5,8.75],"texture":"#0"}}},{"from":[-3,2,13],"to":[-1,8,15],"rotation":{"angle":0,"axis":"y","origin":[20,0,9]},"faces":{"north":{"uv":[7,7,7.5,8.5],"texture":"#0"},"east":{"uv":[7.5,7,8,8.5],"texture":"#0"},"south":{"uv":[6,7,6.5,8.5],"texture":"#0"},"west":{"uv":[6.5,7,7,8.5],"texture":"#0"},"up":{"uv":[4.5,8,5,8.5],"texture":"#0"},"down":{"uv":[5,8.5,5.5,8],"texture":"#0"}}},{"from":[-3.5,0,12.5],"to":[-0.5,2,15.5],"rotation":{"angle":0,"axis":"y","origin":[20,0,9]},"faces":{"north":{"uv":[3,8,3.75,8.5],"texture":"#0"},"east":{"uv":[3.75,8,4.5,8.5],"texture":"#0"},"south":{"uv":[1.5,8,2.25,8.5],"texture":"#0"},"west":{"uv":[2.25,8,3,8.5],"texture":"#0"},"up":{"uv":[0,8,0.75,8.75],"texture":"#0"},"down":{"uv":[0.75,8.75,1.5,8],"texture":"#0"}}},{"from":[17,2,13],"to":[19,8,15],"rotation":{"angle":0,"axis":"y","origin":[-4,0,9]},"faces":{"north":{"uv":[7.5,7,7,8.5],"texture":"#0"},"east":{"uv":[7,7,6.5,8.5],"texture":"#0"},"south":{"uv":[6.5,7,6,8.5],"texture":"#0"},"west":{"uv":[8,7,7.5,8.5],"texture":"#0"},"up":{"uv":[5,8,4.5,8.5],"texture":"#0"},"down":{"uv":[5.5,8.5,5,8],"texture":"#0"}}},{"from":[16.5,0,12.5],"to":[19.5,2,15.5],"rotation":{"angle":0,"axis":"y","origin":[-4,0,9]},"faces":{"north":{"uv":[3.75,8,3,8.5],"texture":"#0"},"east":{"uv":[3,8,2.25,8.5],"texture":"#0"},"south":{"uv":[2.25,8,1.5,8.5],"texture":"#0"},"west":{"uv":[4.5,8,3.75,8.5],"texture":"#0"},"up":{"uv":[0.75,8,0,8.75],"texture":"#0"},"down":{"uv":[1.5,8.75,0.75,8],"texture":"#0"}}},{"from":[-1,3,2],"to":[17,8,2],"rotation":{"angle":0,"axis":"y","origin":[-4,0,7]},"faces":{"north":{"uv":[10.5,1.25,6,2.5],"texture":"#0"},"east":{"uv":[0,0,0,1.25],"texture":"#0"},"south":{"uv":[6,1.25,10.5,2.5],"texture":"#0"},"west":{"uv":[0,0,0,1.25],"texture":"#0"},"up":{"uv":[4.5,0,0,0],"texture":"#0"},"down":{"uv":[4.5,0,0,0],"texture":"#0"}}},{"from":[-1,3,14],"to":[17,8,14],"rotation":{"angle":0,"axis":"y","origin":[-4,0,9]},"faces":{"north":{"uv":[10.5,1.25,6,2.5],"texture":"#0"},"east":{"uv":[0,0,0,1.25],"texture":"#0"},"south":{"uv":[6,1.25,10.5,2.5],"texture":"#0"},"west":{"uv":[0,0,0,1.25],"texture":"#0"},"up":{"uv":[4.5,0,0,0],"texture":"#0"},"down":{"uv":[4.5,0,0,0],"texture":"#0"}}},{"from":[18,3,3],"to":[18,8,13],"rotation":{"angle":0,"axis":"y","origin":[-4,0,7]},"faces":{"north":{"uv":[0,0,0,1.25],"texture":"#0"},"east":{"uv":[6,2.5,8.5,3.75],"texture":"#0"},"south":{"uv":[0,0,0,1.25],"texture":"#0"},"west":{"uv":[8.5,2.5,6,3.75],"texture":"#0"},"up":{"uv":[0,2.5,0,0],"texture":"#0"},"down":{"uv":[0,0,0,2.5],"texture":"#0"}}},{"from":[-2,3,3],"to":[-2,8,13],"rotation":{"angle":0,"axis":"y","origin":[20,0,7]},"faces":{"north":{"uv":[0,0,0,1.25],"texture":"#0"},"east":{"uv":[6,2.5,8.5,3.75],"texture":"#0"},"south":{"uv":[0,0,0,1.25],"texture":"#0"},"west":{"uv":[8.5,2.5,6,3.75],"texture":"#0"},"up":{"uv":[0,2.5,0,0],"texture":"#0"},"down":{"uv":[0,0,0,2.5],"texture":"#0"}}}],"gui_light":"front","display":{"thirdperson_righthand":{"translation":[0,2.25,-1],"scale":[0.48,0.48,0.48]},"thirdperson_lefthand":{"translation":[0,2.25,-1],"scale":[0.48,0.48,0.48]},"firstperson_righthand":{"translation":[0,3.5,0],"scale":[0.43,0.43,0.43]},"firstperson_lefthand":{"translation":[0,3.5,0],"scale":[0.43,0.43,0.43]},"ground":{"translation":[0,6.75,0],"scale":[0.36,0.36,0.36]},"gui":{"translation":[0,1.5,0],"scale":[0.61,0.61,0.61]},"head":{"translation":[0,-30.5,0],"scale":[1.6,1.6,1.6]},"fixed":{"rotation":[-90,0,0],"translation":[0,0,-10.75],"scale":[1.6,1.6,1.6]}}}