{"credit":"Made with Blockbench","texture_size":[64,64],"textures":{"0":"medieval_pack:oak_window_1x3","particle":"medieval_pack:oak_window_1x3"},"elements":[{"from":[-1.5,-16,0],"to":[1.5,32,16],"rotation":{"angle":-45,"axis":"y","origin":[0,1,16]},"faces":{"north":{"uv":[4.5,0.5,5.25,12.5],"texture":"#0"},"east":{"uv":[3.75,0.5,7.75,12.5],"texture":"#0"},"south":{"uv":[4.5,0.5,5.25,12.5],"texture":"#0"},"west":{"uv":[0.75,0.5,4.75,12.5],"texture":"#0"},"up":{"uv":[4.75,0.75,0.75,0],"rotation":270,"texture":"#0"},"down":{"uv":[4.75,0.75,0.75,0],"rotation":90,"texture":"#0"}}}],"display":{"thirdperson_righthand":{"translation":[0,3,0],"scale":[0.5,0.5,0.5]},"thirdperson_lefthand":{"translation":[0,3,0],"scale":[0.5,0.5,0.5]},"firstperson_righthand":{"translation":[0,4,0],"scale":[0.5,0.5,0.5]},"firstperson_lefthand":{"translation":[0,4,0],"scale":[0.5,0.5,0.5]},"ground":{"translation":[0,1,0],"scale":[0.5,0.5,0.5]},"gui":{"rotation":[45,70,0],"translation":[0,1,0],"scale":[0.5,0.5,0.5]},"head":{"rotation":[0,-180,0],"translation":[0,-14.65,0],"scale":[2.2855,2.2855,2.2855]}}}