{"credit":"Made with Blockbench","texture_size":[64,64],"textures":{"0":"medieval_pack:oak_stand_1x1","particle":"medieval_pack:oak_stand_1x1"},"elements":[{"from":[6,0,12],"to":[10,16,16],"faces":{"north":{"uv":[1,0,2,4],"texture":"#0"},"east":{"uv":[1,0,2,4],"texture":"#0"},"south":{"uv":[1,0,2,4],"texture":"#0"},"west":{"uv":[1,0,2,4],"texture":"#0"},"up":{"uv":[2,1,1,0],"texture":"#0"},"down":{"uv":[3,0,2,1],"texture":"#0"}}}],"display":{"thirdperson_righthand":{"translation":[0,3,0],"scale":[0.5,0.5,0.5]},"thirdperson_lefthand":{"translation":[0,3,0],"scale":[0.5,0.5,0.5]},"firstperson_righthand":{"translation":[0,4,0],"scale":[0.5,0.5,0.5]},"firstperson_lefthand":{"translation":[0,4,0],"scale":[0.5,0.5,0.5]},"ground":{"translation":[0,1,0],"scale":[0.5,0.5,0.5]},"gui":{"rotation":[45,70,0],"translation":[0,1,0],"scale":[0.5,0.5,0.5]},"head":{"rotation":[0,-180,0],"translation":[0,-14.65,0],"scale":[2.2855,2.2855,2.2855]}}}