{"credit":"Made with Blockbench","texture_size":[64,64],"textures":{"0":"elitecreatures:farmer_decoration_v1/farmer_milk_tank","particle":"elitecreatures:farmer_decoration_v1/farmer_milk_tank"},"elements":[{"from":[1,0,1],"to":[15,16,15],"faces":{"north":{"uv":[0,4,3.5,8],"texture":"#0"},"east":{"uv":[0,0,3.5,4],"texture":"#0"},"south":{"uv":[0,4,3.5,8],"texture":"#0"},"west":{"uv":[3.5,0,0,4],"texture":"#0"},"up":{"uv":[10.5,3.5,7,0],"texture":"#0"},"down":{"uv":[10.5,3.5,7,7],"texture":"#0"}}},{"from":[2,24,2],"to":[14,26,14],"faces":{"north":{"uv":[10.5,11,13.5,11.5],"texture":"#0"},"east":{"uv":[10.5,11,13.5,11.5],"texture":"#0"},"south":{"uv":[10.5,11,13.5,11.5],"texture":"#0"},"west":{"uv":[10.5,11,13.5,11.5],"texture":"#0"},"up":{"uv":[10,10,7,7],"texture":"#0"},"down":{"uv":[3,8,0,11],"texture":"#0"}}},{"from":[3,21,3],"to":[13,24,13],"faces":{"north":{"uv":[10.5,5,13,5.75],"texture":"#0"},"east":{"uv":[10.5,5.75,13,6.5],"texture":"#0"},"south":{"uv":[10.5,5,13,5.75],"texture":"#0"},"west":{"uv":[10.5,5,13,5.75],"texture":"#0"},"up":{"uv":[5.5,10.5,3,8],"texture":"#0"},"down":{"uv":[8,10,5.5,12.5],"texture":"#0"}}},{"from":[4,16,4],"to":[5,21,5],"faces":{"north":{"uv":[5.5,8,5.75,9.25],"texture":"#0"},"east":{"uv":[5.75,8,6,9.25],"texture":"#0"},"south":{"uv":[6,8,6.25,9.25],"texture":"#0"},"west":{"uv":[6.25,8,6.5,9.25],"texture":"#0"},"up":{"uv":[5.75,9.5,5.5,9.25],"texture":"#0"},"down":{"uv":[6,9.25,5.75,9.5],"texture":"#0"}}},{"from":[3,16,2],"to":[13,21,3],"faces":{"north":{"uv":[10,7,12.5,8.25],"texture":"#0"},"east":{"uv":[6.5,8,6.75,9.25],"texture":"#0"},"south":{"uv":[8,10,10.5,11.25],"texture":"#0"},"west":{"uv":[6.75,8,7,9.25],"texture":"#0"},"up":{"uv":[10.5,11.5,8,11.25],"texture":"#0"},"down":{"uv":[10.5,11.5,8,11.75],"texture":"#0"}}},{"from":[3,16,13],"to":[13,21,14],"rotation":{"angle":0,"axis":"y","origin":[0,0,16]},"faces":{"north":{"uv":[3,10.5,5.5,11.75],"texture":"#0"},"east":{"uv":[10,11.75,10.25,13],"texture":"#0"},"south":{"uv":[10.5,3.75,13,5],"texture":"#0"},"west":{"uv":[10.25,11.75,10.5,13],"texture":"#0"},"up":{"uv":[14,11.75,11.5,11.5],"texture":"#0"},"down":{"uv":[5.5,11.75,3,12],"texture":"#0"}}},{"from":[4,16,11],"to":[5,21,12],"rotation":{"angle":0,"axis":"y","origin":[0,0,16]},"faces":{"north":{"uv":[9,11.75,9.25,13],"texture":"#0"},"east":{"uv":[9.25,11.75,9.5,13],"texture":"#0"},"south":{"uv":[9.5,11.75,9.75,13],"texture":"#0"},"west":{"uv":[9.75,11.75,10,13],"texture":"#0"},"up":{"uv":[6.25,9.5,6,9.25],"texture":"#0"},"down":{"uv":[6.5,9.25,6.25,9.5],"texture":"#0"}}},{"from":[2,16,3],"to":[3,21,13],"faces":{"north":{"uv":[8,11.75,8.25,13],"texture":"#0"},"east":{"uv":[10,8.25,12.5,9.5],"texture":"#0"},"south":{"uv":[8.25,11.75,8.5,13],"texture":"#0"},"west":{"uv":[10.5,0,13,1.25],"texture":"#0"},"up":{"uv":[10.75,14,10.5,11.5],"texture":"#0"},"down":{"uv":[11,11.5,10.75,14],"texture":"#0"}}},{"from":[13,16,3],"to":[14,21,13],"faces":{"north":{"uv":[8.5,11.75,8.75,13],"texture":"#0"},"east":{"uv":[10.5,1.25,13,2.5],"texture":"#0"},"south":{"uv":[8.75,11.75,9,13],"texture":"#0"},"west":{"uv":[10.5,2.5,13,3.75],"texture":"#0"},"up":{"uv":[11.25,14,11,11.5],"texture":"#0"},"down":{"uv":[11.5,11.5,11.25,14],"texture":"#0"}}},{"from":[1,19,5],"to":[1,25,11],"rotation":{"angle":-45,"axis":"z","origin":[2,22,8]},"faces":{"north":{"uv":[0,0,0,6],"rotation":180,"texture":"#missing"},"east":{"uv":[0,12,1.5,13.5],"rotation":180,"texture":"#0"},"south":{"uv":[0,0,0,6],"rotation":180,"texture":"#missing"},"west":{"uv":[1.5,12,0,13.5],"rotation":180,"texture":"#0"},"up":{"uv":[0,0,0,6],"rotation":180,"texture":"#missing"},"down":{"uv":[0,6,0,0],"rotation":180,"texture":"#missing"}}},{"from":[15,19,5],"to":[15,25,11],"rotation":{"angle":45,"axis":"z","origin":[14,22,8]},"faces":{"north":{"uv":[0,0,0,6],"rotation":180,"texture":"#missing"},"east":{"uv":[0,12,1.5,13.5],"rotation":180,"texture":"#0"},"south":{"uv":[0,0,0,6],"rotation":180,"texture":"#missing"},"west":{"uv":[1.5,12,0,13.5],"rotation":180,"texture":"#0"},"up":{"uv":[0,0,0,6],"rotation":180,"texture":"#missing"},"down":{"uv":[0,6,0,0],"rotation":180,"texture":"#missing"}}}],"gui_light":"front","display":{"thirdperson_righthand":{"translation":[0,1.5,2],"scale":[0.23,0.23,0.23]},"thirdperson_lefthand":{"translation":[0,1.5,2],"scale":[0.23,0.23,0.23]},"firstperson_righthand":{"translation":[0,1.5,2],"scale":[0.35,0.35,0.35]},"firstperson_lefthand":{"translation":[0,1.5,2],"scale":[0.35,0.35,0.35]},"ground":{"translation":[0,3,0],"scale":[0.5,0.5,0.5]},"gui":{"rotation":[30,225,0],"translation":[0,-1.75,0],"scale":[0.37,0.37,0.37]},"head":{"translation":[0,-30.25,0],"scale":[1.6,1.6,1.6]},"fixed":{"scale":[0,0,0]}}}