{"credit":"Made with Blockbench","texture_size":[1536,1024],"textures":{"10":"elitecreatures:farmer_decoration_v1/farmer_tools_stand"},"elements":[{"from":[-16,-11,4],"to":[32,-9,19],"rotation":{"angle":0,"axis":"y","origin":[7,-0.48404,11.20654]},"faces":{"north":{"uv":[10.66667,9.625,11.66667,9.6875],"texture":"#10"},"east":{"uv":[10.66667,10.0625,10.97917,10.125],"texture":"#10"},"south":{"uv":[10.66667,9.625,11.66667,9.6875],"texture":"#10"},"west":{"uv":[10.66667,10.0625,10.97917,10.125],"texture":"#10"},"up":{"uv":[11.66667,9.46875,10.66667,9],"texture":"#10"},"down":{"uv":[11.625,9,10.66667,9.51563],"texture":"#10"}}},{"from":[-12,12.19195,13.99903],"to":[28,14.19195,15.99903],"rotation":{"angle":0,"axis":"y","origin":[7,-0.48404,11.20654]},"faces":{"north":{"uv":[11.5,9.15625,10.66667,9.09375],"texture":"#10"},"east":{"uv":[12.5,11.3125,12.58333,11.4375],"texture":"#10"},"south":{"uv":[11.5,9.21875,10.66667,9.15625],"texture":"#10"},"west":{"uv":[12.91667,9,13,9.125],"texture":"#10"},"up":{"uv":[11.5,9.21875,10.66667,9.15625],"texture":"#10"},"down":{"uv":[11.5,9.21875,10.66667,9.15625],"texture":"#10"}}},{"from":[28,12.19195,6.99903],"to":[30,14.19195,9.19903],"rotation":{"angle":0,"axis":"y","origin":[7,-0.48404,11.20654]},"faces":{"north":{"uv":[12.91667,11,13,11.125],"texture":"#10"},"east":{"uv":[12.75,11.375,12.83333,11.5],"texture":"#10"},"south":{"uv":[12.91667,11.125,13,11.25],"texture":"#10"},"west":{"uv":[12.83333,11.375,12.91667,11.5],"texture":"#10"},"up":{"uv":[13,11.375,12.91667,11.25],"texture":"#10"},"down":{"uv":[13,11.375,12.91667,11.5],"texture":"#10"}}},{"from":[28,12,9],"to":[30,14,14],"rotation":{"angle":0,"axis":"y","origin":[29,13,11.5]},"faces":{"east":{"uv":[11.08333,9.1875,11.125,9.34375],"rotation":90,"texture":"#10"},"west":{"uv":[11.08333,9.34375,11.125,9.1875],"rotation":90,"texture":"#10"},"up":{"uv":[11.08333,9.1875,11.125,9.34375],"texture":"#10"},"down":{"uv":[11.08333,9.34375,11.125,9.1875],"texture":"#10"}}},{"from":[23,12,9],"to":[25,14,14],"rotation":{"angle":0,"axis":"y","origin":[29,13,11.5]},"faces":{"east":{"uv":[11.08333,9.1875,11.125,9.34375],"rotation":90,"texture":"#10"},"west":{"uv":[11.08333,9.34375,11.125,9.1875],"rotation":90,"texture":"#10"},"up":{"uv":[11.08333,9.1875,11.125,9.34375],"texture":"#10"},"down":{"uv":[11.08333,9.34375,11.125,9.1875],"texture":"#10"}}},{"from":[18,12,9],"to":[20,14,14],"rotation":{"angle":0,"axis":"y","origin":[29,13,11.5]},"faces":{"east":{"uv":[11.08333,9.1875,11.125,9.34375],"rotation":90,"texture":"#10"},"west":{"uv":[11.08333,9.34375,11.125,9.1875],"rotation":90,"texture":"#10"},"up":{"uv":[11.08333,9.1875,11.125,9.34375],"texture":"#10"},"down":{"uv":[11.08333,9.34375,11.125,9.1875],"texture":"#10"}}},{"from":[13,12,9],"to":[15,14,14],"rotation":{"angle":0,"axis":"y","origin":[29,13,11.5]},"faces":{"east":{"uv":[11.08333,9.1875,11.125,9.34375],"rotation":90,"texture":"#10"},"west":{"uv":[11.08333,9.34375,11.125,9.1875],"rotation":90,"texture":"#10"},"up":{"uv":[11.08333,9.1875,11.125,9.34375],"texture":"#10"},"down":{"uv":[11.08333,9.34375,11.125,9.1875],"texture":"#10"}}},{"from":[8,12,9],"to":[10,14,14],"rotation":{"angle":0,"axis":"y","origin":[29,13,11.5]},"faces":{"east":{"uv":[11.08333,9.1875,11.125,9.34375],"rotation":90,"texture":"#10"},"west":{"uv":[11.08333,9.34375,11.125,9.1875],"rotation":90,"texture":"#10"},"up":{"uv":[11.08333,9.1875,11.125,9.34375],"texture":"#10"},"down":{"uv":[11.08333,9.34375,11.125,9.1875],"texture":"#10"}}},{"from":[3,12,9],"to":[5,14,14],"rotation":{"angle":0,"axis":"y","origin":[29,13,11.5]},"faces":{"east":{"uv":[11.08333,9.1875,11.125,9.34375],"rotation":90,"texture":"#10"},"west":{"uv":[11.08333,9.34375,11.125,9.1875],"rotation":90,"texture":"#10"},"up":{"uv":[11.08333,9.1875,11.125,9.34375],"texture":"#10"},"down":{"uv":[11.08333,9.34375,11.125,9.1875],"texture":"#10"}}},{"from":[-2,12,9],"to":[0,14,14],"rotation":{"angle":0,"axis":"y","origin":[29,13,11.5]},"faces":{"east":{"uv":[11.08333,9.1875,11.125,9.34375],"rotation":90,"texture":"#10"},"west":{"uv":[11.08333,9.34375,11.125,9.1875],"rotation":90,"texture":"#10"},"up":{"uv":[11.08333,9.1875,11.125,9.34375],"texture":"#10"},"down":{"uv":[11.08333,9.34375,11.125,9.1875],"texture":"#10"}}},{"from":[-7,12,9],"to":[-5,14,14],"rotation":{"angle":0,"axis":"y","origin":[29,13,11.5]},"faces":{"east":{"uv":[11.08333,9.1875,11.125,9.34375],"rotation":90,"texture":"#10"},"west":{"uv":[11.08333,9.34375,11.125,9.1875],"rotation":90,"texture":"#10"},"up":{"uv":[11.08333,9.1875,11.125,9.34375],"texture":"#10"},"down":{"uv":[11.08333,9.34375,11.125,9.1875],"texture":"#10"}}},{"from":[-12,12,9],"to":[-10,14,14],"rotation":{"angle":0,"axis":"y","origin":[29,13,11.5]},"faces":{"east":{"uv":[11.08333,9.1875,11.125,9.34375],"rotation":90,"texture":"#10"},"west":{"uv":[11.08333,9.34375,11.125,9.1875],"rotation":90,"texture":"#10"},"up":{"uv":[11.08333,9.1875,11.125,9.34375],"texture":"#10"},"down":{"uv":[11.08333,9.34375,11.125,9.1875],"texture":"#10"}}},{"from":[28,-9,7],"to":[30,17,9],"rotation":{"angle":0,"axis":"y","origin":[7,-0.48404,11.20654]},"faces":{"north":{"uv":[10.66667,9.0625,11.20833,9.125],"rotation":90,"texture":"#10"},"east":{"uv":[10.66667,9.15625,11.20833,9.21875],"rotation":90,"texture":"#10"},"south":{"uv":[10.66667,9.0625,11.20833,9.125],"rotation":90,"texture":"#10"},"west":{"uv":[10.66667,9.15625,11.20833,9.21875],"rotation":90,"texture":"#10"},"up":{"uv":[11.98958,10.89063,12.03125,10.95313],"rotation":90,"texture":"#10"},"down":{"uv":[11.98958,10.89063,12.03125,10.95313],"rotation":90,"texture":"#10"}}},{"from":[28,-9,14],"to":[30,17,16],"rotation":{"angle":0,"axis":"y","origin":[7,-0.48404,11.20654]},"faces":{"north":{"uv":[10.66667,9.0625,11.20833,9.125],"rotation":90,"texture":"#10"},"east":{"uv":[10.66667,9.15625,11.20833,9.21875],"rotation":90,"texture":"#10"},"south":{"uv":[10.66667,9.0625,11.20833,9.125],"rotation":90,"texture":"#10"},"west":{"uv":[10.66667,9.15625,11.20833,9.21875],"rotation":90,"texture":"#10"},"up":{"uv":[11.98958,10.89063,12.03125,10.95313],"rotation":90,"texture":"#10"},"down":{"uv":[11.98958,10.89063,12.03125,10.95313],"rotation":90,"texture":"#10"}}},{"from":[-14,-9,7],"to":[-12,17,9],"rotation":{"angle":0,"axis":"y","origin":[9,-0.48404,11.20654]},"faces":{"north":{"uv":[10.66667,9.125,11.20833,9.0625],"rotation":90,"texture":"#10"},"east":{"uv":[10.66667,9.21875,11.20833,9.15625],"rotation":90,"texture":"#10"},"south":{"uv":[10.66667,9.125,11.20833,9.0625],"rotation":90,"texture":"#10"},"west":{"uv":[10.66667,9.21875,11.20833,9.15625],"rotation":90,"texture":"#10"},"up":{"uv":[11.98958,10.95313,12.03125,10.89063],"rotation":90,"texture":"#10"},"down":{"uv":[11.98958,10.95313,12.03125,10.89063],"rotation":90,"texture":"#10"}}},{"from":[-14,12,9],"to":[-12,14,14],"rotation":{"angle":0,"axis":"y","origin":[-13,13,11.5]},"faces":{"east":{"uv":[11.08333,9.1875,11.125,9.34375],"rotation":90,"texture":"#10"},"west":{"uv":[11.08333,9.34375,11.125,9.1875],"rotation":90,"texture":"#10"},"up":{"uv":[11.125,9.1875,11.08333,9.34375],"texture":"#10"},"down":{"uv":[11.125,9.34375,11.08333,9.1875],"texture":"#10"}}},{"from":[-14,-9,14],"to":[-12,17,16],"rotation":{"angle":0,"axis":"y","origin":[9,-0.48404,11.20654]},"faces":{"north":{"uv":[10.66667,9.125,11.20833,9.0625],"rotation":90,"texture":"#10"},"east":{"uv":[10.66667,9.21875,11.20833,9.15625],"rotation":90,"texture":"#10"},"south":{"uv":[10.66667,9.125,11.20833,9.0625],"rotation":90,"texture":"#10"},"west":{"uv":[10.66667,9.21875,11.20833,9.15625],"rotation":90,"texture":"#10"},"up":{"uv":[11.98958,10.95313,12.03125,10.89063],"rotation":90,"texture":"#10"},"down":{"uv":[11.98958,10.95313,12.03125,10.89063],"rotation":90,"texture":"#10"}}},{"from":[-12,12.19195,6.99903],"to":[28,14.19195,8.99903],"rotation":{"angle":0,"axis":"y","origin":[9,-0.48404,11.20654]},"faces":{"north":{"uv":[10.66667,9.15625,11.5,9.09375],"texture":"#10"},"east":{"uv":[13,9,12.91667,9.125],"texture":"#10"},"south":{"uv":[10.66667,9.21875,11.5,9.15625],"texture":"#10"},"west":{"uv":[12.58333,11.3125,12.5,11.4375],"texture":"#10"},"up":{"uv":[10.66667,9.21875,11.5,9.15625],"texture":"#10"},"down":{"uv":[10.66667,9.21875,11.5,9.15625],"texture":"#10"}}},{"from":[-16,12.19195,13.99903],"to":[-14,14.19195,16.19903],"rotation":{"angle":0,"axis":"y","origin":[7,-0.48404,11.20654]},"faces":{"north":{"uv":[13,11.125,13.08333,11.25],"texture":"#10"},"east":{"uv":[12.83333,11.5,12.91667,11.625],"texture":"#10"},"south":{"uv":[13,11.25,13.08333,11.375],"texture":"#10"},"west":{"uv":[12.91667,11.5,13,11.625],"texture":"#10"},"up":{"uv":[13.08333,11.5,13,11.375],"texture":"#10"},"down":{"uv":[13.08333,11.5,13,11.625],"texture":"#10"}}},{"from":[23.5,-16,12.24393],"to":[23.5,-12.9,13.44393],"rotation":{"angle":22.5,"axis":"x","origin":[7,-0.48404,11.20654]},"faces":{"north":{"uv":[10.66667,8,10.66667,8.1875],"texture":"#10"},"east":{"uv":[12.08333,11.625,12.125,11.8125],"texture":"#10"},"south":{"uv":[10.66667,8,10.66667,8.1875],"texture":"#10"},"west":{"uv":[12.125,11.625,12.16667,11.8125],"texture":"#10"},"up":{"uv":[10.66667,8.0625,10.66667,8],"texture":"#10"},"down":{"uv":[10.66667,8,10.66667,8.0625],"texture":"#10"}}},{"from":[-8,-9,7.5],"to":[2,-7,15.5],"rotation":{"angle":0,"axis":"y","origin":[7,-1.613,11.06752]},"faces":{"north":{"uv":[3,9,4.5,9.5],"texture":"#10"},"east":{"uv":[3,10,4.33333,10.5],"texture":"#10"},"south":{"uv":[3,9.5,4.5,10],"texture":"#10"},"west":{"uv":[3,10.5,4.33333,11],"texture":"#10"},"up":{"uv":[1.5,10,0,8],"texture":"#10"},"down":{"uv":[1.5,10,0,12],"texture":"#10"}}},{"from":[-9,-8,7.5],"to":[-8,-4,15.5],"rotation":{"angle":0,"axis":"y","origin":[7,-1.613,11.06752]},"faces":{"north":{"uv":[0.66667,13,0.83333,14],"texture":"#10"},"east":{"uv":[0,12,1.33333,13],"texture":"#10"},"south":{"uv":[0.83333,13,0.66667,14],"texture":"#10"},"west":{"uv":[1.33333,12,2.66667,13],"texture":"#10"},"up":{"uv":[0.16667,15,0,13],"texture":"#10"},"down":{"uv":[0.33333,13,0.16667,15],"texture":"#10"}}},{"from":[2,-8,7.5],"to":[3,-4,15.5],"rotation":{"angle":0,"axis":"y","origin":[7,-1.613,11.06752]},"faces":{"north":{"uv":[1,13,1.16667,14],"texture":"#10"},"east":{"uv":[1.33333,12,2.66667,13],"texture":"#10"},"south":{"uv":[0.66667,13,0.83333,14],"texture":"#10"},"west":{"uv":[3,8,4.33333,9],"texture":"#10"},"up":{"uv":[0.5,15,0.33333,13],"texture":"#10"},"down":{"uv":[0.66667,13,0.5,15],"texture":"#10"}}},{"from":[-8,-8,6.5],"to":[2,-4,7.5],"rotation":{"angle":0,"axis":"y","origin":[7,-1.613,11.06752]},"faces":{"north":{"uv":[1.5,8,3,9],"texture":"#10"},"east":{"uv":[1.33333,13,1.5,14],"texture":"#10"},"south":{"uv":[1.5,9,3,10],"texture":"#10"},"west":{"uv":[1.5,13,1.66667,14],"texture":"#10"},"up":{"uv":[4.5,11.25,3,11],"texture":"#10"},"down":{"uv":[4.5,11.25,3,11.5],"texture":"#10"}}},{"from":[-9,-5,6.5],"to":[-8,-4,7.5],"rotation":{"angle":0,"axis":"y","origin":[7,-1.613,11.06752]},"faces":{"north":{"uv":[2,13,2.16667,13.25],"texture":"#10"},"east":{"uv":[2.16667,13,2.33333,13.25],"texture":"#10"},"south":{"uv":[2.33333,13,2.5,13.25],"texture":"#10"},"west":{"uv":[2.5,13,2.66667,13.25],"texture":"#10"},"up":{"uv":[2.66667,13.25,2.83333,13],"texture":"#10"},"down":{"uv":[3,13,2.83333,13.25],"texture":"#10"}}},{"from":[2,-5,6.5],"to":[3,-4,7.5],"rotation":{"angle":0,"axis":"y","origin":[7,-1.613,11.06752]},"faces":{"north":{"uv":[2,13,2.16667,13.25],"texture":"#10"},"east":{"uv":[2.16667,13,2.33333,13.25],"texture":"#10"},"south":{"uv":[2.33333,13,2.5,13.25],"texture":"#10"},"west":{"uv":[2.5,13,2.66667,13.25],"texture":"#10"},"up":{"uv":[2.83333,13.25,2.66667,13],"texture":"#10"},"down":{"uv":[3,13,2.83333,13.25],"texture":"#10"}}},{"from":[2,-5,15.5],"to":[3,-4,16.5],"rotation":{"angle":0,"axis":"y","origin":[7,-1.613,11.06752]},"faces":{"north":{"uv":[3,13,3.16667,13.25],"texture":"#10"},"east":{"uv":[3.16667,13,3.33333,13.25],"texture":"#10"},"south":{"uv":[3.33333,13,3.5,13.25],"texture":"#10"},"west":{"uv":[2,13.25,2.16667,13.5],"texture":"#10"},"up":{"uv":[2.33333,13.5,2.16667,13.25],"texture":"#10"},"down":{"uv":[2.5,13.25,2.33333,13.5],"texture":"#10"}}},{"from":[-9,-5,15.5],"to":[-8,-4,16.5],"rotation":{"angle":0,"axis":"y","origin":[7,-1.613,11.06752]},"faces":{"north":{"uv":[2.5,13.25,2.66667,13.5],"texture":"#10"},"east":{"uv":[2.66667,13.25,2.83333,13.5],"texture":"#10"},"south":{"uv":[2.83333,13.25,3,13.5],"texture":"#10"},"west":{"uv":[3,13.25,3.16667,13.5],"texture":"#10"},"up":{"uv":[3.33333,13.5,3.16667,13.25],"texture":"#10"},"down":{"uv":[3.5,13.25,3.33333,13.5],"texture":"#10"}}},{"from":[-8,-8,15.5],"to":[2,-4,16.5],"rotation":{"angle":0,"axis":"y","origin":[7,-1.613,11.06752]},"faces":{"north":{"uv":[1.5,10,3,11],"texture":"#10"},"east":{"uv":[1.66667,13,1.83333,14],"texture":"#10"},"south":{"uv":[1.5,8,3,9],"texture":"#10"},"west":{"uv":[1.83333,13,2,14],"texture":"#10"},"up":{"uv":[4.5,11.75,3,11.5],"texture":"#10"},"down":{"uv":[4.5,11.75,3,12],"texture":"#10"}}},{"from":[20,-9,10.34827],"to":[22,7,12.34827],"rotation":{"angle":0,"axis":"y","origin":[8,2.12295,3.33274]},"faces":{"north":{"uv":[8,9,8.33333,13],"texture":"#10"},"east":{"uv":[8,9,8.33333,13],"texture":"#10"},"south":{"uv":[8,9,8.33333,13],"texture":"#10"},"west":{"uv":[8,9,8.33333,13],"texture":"#10"},"up":{"uv":[8.66667,9.5,8.33333,9],"texture":"#10"},"down":{"uv":[8.66667,9.5,8.33333,10],"texture":"#10"}}},{"from":[13,-9,11.48551],"to":[29,23,11.48551],"rotation":{"angle":0,"axis":"y","origin":[8,2.12295,3.33274]},"faces":{"north":{"uv":[5.33333,8,8,16],"texture":"#10"},"south":{"uv":[8,8,5.33333,16],"texture":"#10"}}},{"from":[13,22.64131,7.6828],"to":[29,22.64131,11.6828],"rotation":{"angle":0,"axis":"y","origin":[8,2.12295,12.66726]},"faces":{"up":{"uv":[10.66667,9,8,8],"texture":"#10"},"down":{"uv":[10.66667,8,8,9],"texture":"#10"}}},{"from":[9.98528,2.31371,11.68629],"to":[21.98528,14.31371,11.68629],"rotation":{"angle":0,"axis":"y","origin":[16.48528,14,11.68629]},"faces":{"north":{"uv":[10.66667,5.5,12.66667,2.75],"texture":"#10"},"east":{"uv":[10.66667,2.75,10.66667,0],"texture":"#10"},"south":{"uv":[12.66667,5.5,10.66667,2.75],"texture":"#10"},"west":{"uv":[10.66667,2.75,10.66667,0],"texture":"#10"},"up":{"uv":[10.66667,0,10.66667,3],"rotation":270,"texture":"#10"},"down":{"uv":[10.66667,3,10.66667,0],"rotation":90,"texture":"#10"}}},{"from":[14.98528,13.68629,10.68629],"to":[16.98528,17.68629,12.68629],"rotation":{"angle":0,"axis":"y","origin":[16.48528,14,11.68629]},"faces":{"north":{"uv":[12.66667,2.15625,13,1.25],"texture":"#10"},"east":{"uv":[12.66667,2.15625,13,1.25],"texture":"#10"},"south":{"uv":[12.66667,2.15625,13,1.25],"texture":"#10"},"west":{"uv":[12.66667,2.15625,13,1.25],"texture":"#10"},"up":{"uv":[13,1.75,13.33333,2.25],"rotation":270,"texture":"#10"},"down":{"uv":[13,1.75,13.33333,1.25],"rotation":90,"texture":"#10"}}},{"from":[0.58528,2.31371,11.68629],"to":[12.58528,14.31371,11.68629],"rotation":{"angle":0,"axis":"y","origin":[16.48528,14,11.68629]},"faces":{"north":{"uv":[7.33333,6,5.33333,3.25],"texture":"#10"},"east":{"uv":[10.66667,2.75,10.66667,0],"texture":"#10"},"south":{"uv":[5.33333,6,7.33333,3.25],"texture":"#10"},"west":{"uv":[10.66667,2.75,10.66667,0],"texture":"#10"},"up":{"uv":[10.66667,0,10.66667,3],"rotation":270,"texture":"#10"},"down":{"uv":[10.66667,3,10.66667,0],"rotation":90,"texture":"#10"}}},{"from":[5.58528,13.68629,10.68629],"to":[7.58528,17.68629,12.68629],"rotation":{"angle":0,"axis":"y","origin":[16.48528,14,11.68629]},"faces":{"north":{"uv":[12.66667,2.15625,13,1.25],"texture":"#10"},"east":{"uv":[12.66667,2.15625,13,1.25],"texture":"#10"},"south":{"uv":[12.66667,2.15625,13,1.25],"texture":"#10"},"west":{"uv":[12.66667,2.15625,13,1.25],"texture":"#10"},"up":{"uv":[13,1.75,13.33333,2.25],"rotation":270,"texture":"#10"},"down":{"uv":[13,1.75,13.33333,1.25],"rotation":90,"texture":"#10"}}},{"from":[0.28528,13.68629,10.68629],"to":[2.28528,17.68629,12.68629],"rotation":{"angle":0,"axis":"y","origin":[16.48528,14,11.68629]},"faces":{"north":{"uv":[12.66667,2.15625,13,1.25],"texture":"#10"},"east":{"uv":[12.66667,2.15625,13,1.25],"texture":"#10"},"south":{"uv":[12.66667,2.15625,13,1.25],"texture":"#10"},"west":{"uv":[12.66667,2.15625,13,1.25],"texture":"#10"},"up":{"uv":[13,1.75,13.33333,2.25],"rotation":270,"texture":"#10"},"down":{"uv":[13,1.75,13.33333,1.25],"rotation":90,"texture":"#10"}}},{"from":[-4.71472,2.31371,11.68629],"to":[7.28528,14.31371,11.68629],"rotation":{"angle":0,"axis":"y","origin":[16.48528,14,11.68629]},"faces":{"north":{"uv":[7.33333,3,5.33333,0.25],"texture":"#10"},"east":{"uv":[10.66667,2.75,10.66667,0],"texture":"#10"},"south":{"uv":[5.33333,3,7.33333,0.25],"texture":"#10"},"west":{"uv":[10.66667,2.75,10.66667,0],"texture":"#10"},"up":{"uv":[10.66667,0,10.66667,3],"rotation":270,"texture":"#10"},"down":{"uv":[10.66667,3,10.66667,0],"rotation":90,"texture":"#10"}}},{"from":[-4.41472,13.68629,10.68629],"to":[-2.41472,17.68629,12.68629],"rotation":{"angle":0,"axis":"y","origin":[16.48528,14,11.68629]},"faces":{"north":{"uv":[12.66667,2.15625,13,1.25],"texture":"#10"},"east":{"uv":[12.66667,2.15625,13,1.25],"texture":"#10"},"south":{"uv":[12.66667,2.15625,13,1.25],"texture":"#10"},"west":{"uv":[12.66667,2.15625,13,1.25],"texture":"#10"},"up":{"uv":[13,1.75,13.33333,2.25],"rotation":270,"texture":"#10"},"down":{"uv":[13,1.75,13.33333,1.25],"rotation":90,"texture":"#10"}}},{"from":[-9.41472,2.31371,11.68629],"to":[2.58528,14.31371,11.68629],"rotation":{"angle":0,"axis":"y","origin":[16.48528,14,11.68629]},"faces":{"north":{"uv":[2,3,0,0.25],"texture":"#10"},"east":{"uv":[10.66667,2.75,10.66667,0],"texture":"#10"},"south":{"uv":[0,3,2,0.25],"texture":"#10"},"west":{"uv":[10.66667,2.75,10.66667,0],"texture":"#10"},"up":{"uv":[10.66667,0,10.66667,3],"rotation":270,"texture":"#10"},"down":{"uv":[10.66667,3,10.66667,0],"rotation":90,"texture":"#10"}}}],"gui_light":"front","display":{"thirdperson_righthand":{"rotation":[0,95,0],"translation":[0,4.25,1.75],"scale":[0.2,0.2,0.2]},"thirdperson_lefthand":{"rotation":[0,95,0],"translation":[0,4.25,1.75],"scale":[0.2,0.2,0.2]},"firstperson_righthand":{"rotation":[0,95,0],"translation":[0,4.25,1.75],"scale":[0.43,0.43,0.43]},"firstperson_lefthand":{"rotation":[0,95,0],"translation":[0,4.25,1.75],"scale":[0.43,0.43,0.43]},"ground":{"translation":[0,9.75,-1.25],"scale":[0.5,0.5,0.5]},"gui":{"rotation":[30,225,0],"translation":[0.5,1,0],"scale":[0.25,0.25,0.25]},"head":{"translation":[0,-12.75,-5.5],"scale":[1.6,1.6,1.6]},"fixed":{"rotation":[-88,45,88],"translation":[2.5,-3.5,-2],"scale":[0,0,0]}},"groups":[{"name":"group","origin":[8,-0.75,2],"color":0,"children":[0,1,2,3,4,5,6,7,8,9,10,11,12,13,14,15,16,17,18,19]},{"name":"Pot","origin":[0,0,0],"color":0,"children":[20,21,22,23,24,25,26,27,28]},{"name":"Rake","origin":[8,30,11],"color":0,"children":[29,30,31]},{"name":"Sickle","origin":[0,0,0],"color":0,"children":[32,33]},{"name":"Sickle","origin":[0,0,0],"color":0,"children":[34,35,36,37,38,39]}]}