{"credit":"MadewithBlockbench","texture_size":[32,32],"textures":{"0":"elitecreatures:spooky_furniture_v1/zombie_hand","1":"elitecreatures:spooky_furniture_v1/dirt","particle":"elitecreatures:spooky_furniture_v1/zombie_hand"},"elements":[{"from":[0.5,-0.001,0.5],"to":[15.5,-0.001,15.5],"rotation":{"angle":0,"axis":"y","origin":[0,7,7]},"faces":{"north":{"uv":[0,0,7.5,0],"texture":"#1"},"east":{"uv":[0,0,7.5,0],"texture":"#1"},"south":{"uv":[0,0,7.5,0],"texture":"#1"},"west":{"uv":[0,0,7.5,0],"texture":"#1"},"up":{"uv":[7.5,7.5,0,0],"texture":"#1"},"down":{"uv":[7.5,0,0,7.5],"texture":"#1"}}},{"from":[5.5,0,5.5],"to":[13.5,1,10.5],"rotation":{"angle":0,"axis":"y","origin":[0,7,7]},"faces":{"north":{"uv":[11,7.5,15,8],"texture":"#1"},"east":{"uv":[11,10,13.5,10.5],"texture":"#1"},"south":{"uv":[11,8,15,8.5],"texture":"#1"},"west":{"uv":[11,10.5,13.5,11],"texture":"#1"},"up":{"uv":[11.5,2.5,7.5,0],"texture":"#1"},"down":{"uv":[11.5,2.5,7.5,5],"texture":"#1"}}},{"from":[3.5,0,10.5],"to":[10.5,1,13.5],"rotation":{"angle":0,"axis":"y","origin":[0,7,7]},"faces":{"north":{"uv":[11,8.5,14.5,9],"texture":"#1"},"east":{"uv":[11,11.5,12.5,12],"texture":"#1"},"south":{"uv":[9,11,12.5,11.5],"texture":"#1"},"west":{"uv":[11,12,12.5,12.5],"texture":"#1"},"up":{"uv":[11,6.5,7.5,5],"texture":"#1"},"down":{"uv":[11,6.5,7.5,8],"texture":"#1"}}},{"from":[4.5,0,2.5],"to":[11.5,1,5.5],"rotation":{"angle":0,"axis":"y","origin":[0,7,7]},"faces":{"north":{"uv":[11,9,14.5,9.5],"texture":"#1"},"east":{"uv":[12.5,5,14,5.5],"texture":"#1"},"south":{"uv":[11,9.5,14.5,10],"texture":"#1"},"west":{"uv":[12.5,5.5,14,6],"texture":"#1"},"up":{"uv":[11,9.5,7.5,8],"texture":"#1"},"down":{"uv":[11,9.5,7.5,11],"texture":"#1"}}},{"from":[5.5,1,2.5],"to":[10.5,2,3.5],"rotation":{"angle":0,"axis":"y","origin":[0,7,7]},"faces":{"north":{"uv":[11.5,0,14,0.5],"texture":"#1"},"east":{"uv":[9.5,14,10,14.5],"texture":"#1"},"south":{"uv":[11.5,0.5,14,1],"texture":"#1"},"west":{"uv":[10,14,10.5,14.5],"texture":"#1"},"up":{"uv":[14,1.5,11.5,1],"texture":"#1"},"down":{"uv":[14,1.5,11.5,2],"texture":"#1"}}},{"from":[4.5,1,12.5],"to":[9.5,2,13.5],"rotation":{"angle":0,"axis":"y","origin":[0,7,7]},"faces":{"north":{"uv":[11.5,2,14,2.5],"texture":"#1"},"east":{"uv":[10.5,14,11,14.5],"texture":"#1"},"south":{"uv":[11.5,2.5,14,3],"texture":"#1"},"west":{"uv":[14,11,14.5,11.5],"texture":"#1"},"up":{"uv":[14,3.5,11.5,3],"texture":"#1"},"down":{"uv":[14,3.5,11.5,4],"texture":"#1"}}},{"from":[2.5,1,6.5],"to":[3.5,2,9.5],"rotation":{"angle":0,"axis":"y","origin":[0,7,7]},"faces":{"north":{"uv":[11.5,14,12,14.5],"texture":"#1"},"east":{"uv":[12.5,6,14,6.5],"texture":"#1"},"south":{"uv":[14,11.5,14.5,12],"texture":"#1"},"west":{"uv":[12.5,6.5,14,7],"texture":"#1"},"up":{"uv":[9.5,14,9,12.5],"texture":"#1"},"down":{"uv":[10,12.5,9.5,14],"texture":"#1"}}},{"from":[2.5,0,2.5],"to":[3.5,1,4.5],"rotation":{"angle":0,"axis":"y","origin":[0,7,7]},"faces":{"north":{"uv":[12,14,12.5,14.5],"texture":"#1"},"east":{"uv":[13,11,14,11.5],"texture":"#1"},"south":{"uv":[14,12,14.5,12.5],"texture":"#1"},"west":{"uv":[13,11.5,14,12],"texture":"#1"},"up":{"uv":[12.5,14,12,13],"texture":"#1"},"down":{"uv":[13,13,12.5,14],"texture":"#1"}}},{"from":[1.5,0,11.5],"to":[2.5,1,13.5],"rotation":{"angle":0,"axis":"y","origin":[0,7,7]},"faces":{"north":{"uv":[12.5,14,13,14.5],"texture":"#1"},"east":{"uv":[13,12,14,12.5],"texture":"#1"},"south":{"uv":[13,14,13.5,14.5],"texture":"#1"},"west":{"uv":[13,13,14,13.5],"texture":"#1"},"up":{"uv":[8,14.5,7.5,13.5],"texture":"#1"},"down":{"uv":[8.5,13.5,8,14.5],"texture":"#1"}}},{"from":[11.5,0,11.5],"to":[13.5,1,13.5],"rotation":{"angle":0,"axis":"y","origin":[0,7,7]},"faces":{"north":{"uv":[10,13.5,11,14],"texture":"#1"},"east":{"uv":[13.5,10,14.5,10.5],"texture":"#1"},"south":{"uv":[13.5,10.5,14.5,11],"texture":"#1"},"west":{"uv":[13.5,12.5,14.5,13],"texture":"#1"},"up":{"uv":[10,12.5,9,11.5],"texture":"#1"},"down":{"uv":[11,11.5,10,12.5],"texture":"#1"}}},{"from":[13.5,0,3.5],"to":[14.5,1,4.5],"rotation":{"angle":0,"axis":"y","origin":[0,7,7]},"faces":{"north":{"uv":[14,13,14.5,13.5],"texture":"#1"},"east":{"uv":[13.5,14,14,14.5],"texture":"#1"},"south":{"uv":[14,13.5,14.5,14],"texture":"#1"},"west":{"uv":[14,14,14.5,14.5],"texture":"#1"},"up":{"uv":[15,4,14.5,3.5],"texture":"#1"},"down":{"uv":[15,4,14.5,4.5],"texture":"#1"}}},{"from":[10.5,1,5.5],"to":[11.5,2,6.5],"rotation":{"angle":0,"axis":"y","origin":[0,7,7]},"faces":{"north":{"uv":[14.5,4.5,15,5],"texture":"#1"},"east":{"uv":[14.5,5,15,5.5],"texture":"#1"},"south":{"uv":[14.5,6.5,15,7],"texture":"#1"},"west":{"uv":[14.5,7,15,7.5],"texture":"#1"},"up":{"uv":[8,15,7.5,14.5],"texture":"#1"},"down":{"uv":[8.5,14.5,8,15],"texture":"#1"}}},{"from":[7.5,1,10.5],"to":[8.5,2,11.5],"rotation":{"angle":0,"axis":"y","origin":[0,7,7]},"faces":{"north":{"uv":[8.5,14.5,9,15],"texture":"#1"},"east":{"uv":[14.5,8.5,15,9],"texture":"#1"},"south":{"uv":[14.5,9,15,9.5],"texture":"#1"},"west":{"uv":[9.5,14.5,10,15],"texture":"#1"},"up":{"uv":[15,10,14.5,9.5],"texture":"#1"},"down":{"uv":[10.5,14.5,10,15],"texture":"#1"}}},{"from":[10.5,1,9.5],"to":[11.5,2,10.5],"rotation":{"angle":0,"axis":"y","origin":[0,7,7]},"faces":{"north":{"uv":[14.5,10,15,10.5],"texture":"#1"},"east":{"uv":[10.5,14.5,11,15],"texture":"#1"},"south":{"uv":[14.5,10.5,15,11],"texture":"#1"},"west":{"uv":[11,14.5,11.5,15],"texture":"#1"},"up":{"uv":[15,11.5,14.5,11],"texture":"#1"},"down":{"uv":[12,14.5,11.5,15],"texture":"#1"}}},{"from":[11.5,1,11.5],"to":[12.5,2,12.5],"rotation":{"angle":0,"axis":"y","origin":[0,7,7]},"faces":{"north":{"uv":[14.5,11.5,15,12],"texture":"#1"},"east":{"uv":[12,14.5,12.5,15],"texture":"#1"},"south":{"uv":[14.5,12,15,12.5],"texture":"#1"},"west":{"uv":[12.5,14.5,13,15],"texture":"#1"},"up":{"uv":[15,13,14.5,12.5],"texture":"#1"},"down":{"uv":[13.5,14.5,13,15],"texture":"#1"}}},{"from":[6.5,0,13.5],"to":[7.5,1,14.5],"rotation":{"angle":0,"axis":"y","origin":[0,7,7]},"faces":{"north":{"uv":[14.5,13,15,13.5],"texture":"#1"},"east":{"uv":[13.5,14.5,14,15],"texture":"#1"},"south":{"uv":[14.5,13.5,15,14],"texture":"#1"},"west":{"uv":[14,14.5,14.5,15],"texture":"#1"},"up":{"uv":[15,14.5,14.5,14],"texture":"#1"},"down":{"uv":[15,14.5,14.5,15],"texture":"#1"}}},{"from":[12.5,0,13.5],"to":[13.5,1,14.5],"rotation":{"angle":0,"axis":"y","origin":[0,7,7]},"faces":{"north":{"uv":[0,15,0.5,15.5],"texture":"#1"},"east":{"uv":[15,0,15.5,0.5],"texture":"#1"},"south":{"uv":[0.5,15,1,15.5],"texture":"#1"},"west":{"uv":[15,0.5,15.5,1],"texture":"#1"},"up":{"uv":[1.5,15.5,1,15],"texture":"#1"},"down":{"uv":[15.5,1,15,1.5],"texture":"#1"}}},{"from":[13.5,0,12.5],"to":[14.5,1,13.5],"rotation":{"angle":0,"axis":"y","origin":[0,7,7]},"faces":{"north":{"uv":[1.5,15,2,15.5],"texture":"#1"},"east":{"uv":[15,1.5,15.5,2],"texture":"#1"},"south":{"uv":[2,15,2.5,15.5],"texture":"#1"},"west":{"uv":[15,2,15.5,2.5],"texture":"#1"},"up":{"uv":[3,15.5,2.5,15],"texture":"#1"},"down":{"uv":[15.5,2.5,15,3],"texture":"#1"}}},{"from":[13.5,0,7.5],"to":[14.5,1,8.5],"rotation":{"angle":0,"axis":"y","origin":[0,7,7]},"faces":{"north":{"uv":[3,15,3.5,15.5],"texture":"#1"},"east":{"uv":[15,3,15.5,3.5],"texture":"#1"},"south":{"uv":[3.5,15,4,15.5],"texture":"#1"},"west":{"uv":[15,3.5,15.5,4],"texture":"#1"},"up":{"uv":[4.5,15.5,4,15],"texture":"#1"},"down":{"uv":[15.5,4,15,4.5],"texture":"#1"}}},{"from":[11.5,0,1.5],"to":[12.5,1,2.5],"rotation":{"angle":0,"axis":"y","origin":[0,7,7]},"faces":{"north":{"uv":[4.5,15,5,15.5],"texture":"#1"},"east":{"uv":[15,4.5,15.5,5],"texture":"#1"},"south":{"uv":[5,15,5.5,15.5],"texture":"#1"},"west":{"uv":[15,5,15.5,5.5],"texture":"#1"},"up":{"uv":[6,15.5,5.5,15],"texture":"#1"},"down":{"uv":[15.5,5.5,15,6],"texture":"#1"}}},{"from":[6.5,0,1.5],"to":[8.5,1,2.5],"rotation":{"angle":0,"axis":"y","origin":[0,7,7]},"faces":{"north":{"uv":[13,13.5,14,14],"texture":"#1"},"east":{"uv":[6,15,6.5,15.5],"texture":"#1"},"south":{"uv":[14,0,15,0.5],"texture":"#1"},"west":{"uv":[15,6,15.5,6.5],"texture":"#1"},"up":{"uv":[15,1,14,0.5],"texture":"#1"},"down":{"uv":[15,1,14,1.5],"texture":"#1"}}},{"from":[4.5,1,10.5],"to":[5.5,2,11.5],"rotation":{"angle":0,"axis":"y","origin":[0,7,7]},"faces":{"north":{"uv":[6.5,15,7,15.5],"texture":"#1"},"east":{"uv":[15,6.5,15.5,7],"texture":"#1"},"south":{"uv":[7,15,7.5,15.5],"texture":"#1"},"west":{"uv":[15,7,15.5,7.5],"texture":"#1"},"up":{"uv":[8,15.5,7.5,15],"texture":"#1"},"down":{"uv":[15.5,7.5,15,8],"texture":"#1"}}},{"from":[8.5,1,11.5],"to":[9.5,2,12.5],"rotation":{"angle":0,"axis":"y","origin":[0,7,7]},"faces":{"north":{"uv":[8,15,8.5,15.5],"texture":"#1"},"east":{"uv":[15,8,15.5,8.5],"texture":"#1"},"south":{"uv":[8.5,15,9,15.5],"texture":"#1"},"west":{"uv":[15,8.5,15.5,9],"texture":"#1"},"up":{"uv":[9.5,15.5,9,15],"texture":"#1"},"down":{"uv":[15.5,9,15,9.5],"texture":"#1"}}},{"from":[6.5,1,4.5],"to":[8.5,2,5.5],"rotation":{"angle":0,"axis":"y","origin":[0,7,7]},"faces":{"north":{"uv":[14,1.5,15,2],"texture":"#1"},"east":{"uv":[9.5,15,10,15.5],"texture":"#1"},"south":{"uv":[14,2,15,2.5],"texture":"#1"},"west":{"uv":[15,9.5,15.5,10],"texture":"#1"},"up":{"uv":[15,3,14,2.5],"texture":"#1"},"down":{"uv":[15,3,14,3.5],"texture":"#1"}}},{"from":[3.5,0,4.5],"to":[4.5,2,5.5],"rotation":{"angle":0,"axis":"y","origin":[0,7,7]},"faces":{"north":{"uv":[8.5,13.5,9,14.5],"texture":"#1"},"east":{"uv":[11,13.5,11.5,14.5],"texture":"#1"},"south":{"uv":[14,3.5,14.5,4.5],"texture":"#1"},"west":{"uv":[14,4.5,14.5,5.5],"texture":"#1"},"up":{"uv":[10.5,15.5,10,15],"texture":"#1"},"down":{"uv":[15.5,10,15,10.5],"texture":"#1"}}},{"from":[3.5,1,9.5],"to":[4.5,2,11.5],"rotation":{"angle":0,"axis":"y","origin":[0,7,7]},"faces":{"north":{"uv":[10.5,15,11,15.5],"texture":"#1"},"east":{"uv":[14,5.5,15,6],"texture":"#1"},"south":{"uv":[15,10.5,15.5,11],"texture":"#1"},"west":{"uv":[14,6,15,6.5],"texture":"#1"},"up":{"uv":[14.5,7.5,14,6.5],"texture":"#1"},"down":{"uv":[9.5,14,9,15],"texture":"#1"}}},{"from":[12.5,1,6.5],"to":[13.5,2,9.5],"rotation":{"angle":0,"axis":"y","origin":[0,7,7]},"faces":{"north":{"uv":[11,15,11.5,15.5],"texture":"#1"},"east":{"uv":[12.5,7,14,7.5],"texture":"#1"},"south":{"uv":[15,11,15.5,11.5],"texture":"#1"},"west":{"uv":[10,12.5,11.5,13],"texture":"#1"},"up":{"uv":[13,12.5,12.5,11],"texture":"#1"},"down":{"uv":[12,12.5,11.5,14],"texture":"#1"}}},{"from":[2.5,0,5.5],"to":[5.5,1,10.5],"rotation":{"angle":0,"axis":"y","origin":[1,7,8]},"faces":{"north":{"uv":[12,12.5,13.5,13],"texture":"#1"},"east":{"uv":[11.5,4,14,4.5],"texture":"#1"},"south":{"uv":[10,13,11.5,13.5],"texture":"#1"},"west":{"uv":[11.5,4.5,14,5],"texture":"#1"},"up":{"uv":[12.5,7.5,11,5],"texture":"#1"},"down":{"uv":[9,11,7.5,13.5],"texture":"#1"}}},{"from":[9.03373,8.11401,4.75126],"to":[11.43373,9.11401,5.65126],"rotation":{"angle":22.5,"axis":"z","origin":[11.3,8.78632,5.25126]},"faces":{"north":{"uv":[7,6,8.25,6.5],"texture":"#0"},"east":{"uv":[2,9,2.5,9.5],"texture":"#0"},"south":{"uv":[7,6.5,8.25,7],"texture":"#0"},"west":{"uv":[9,2,9.5,2.5],"texture":"#0"},"up":{"uv":[8.25,7.5,7,7],"texture":"#0"},"down":{"uv":[1.25,7.5,0,8],"texture":"#0"}}},{"from":[5.4,0,6],"to":[10.4,5,10],"rotation":{"angle":0,"axis":"y","origin":[7.4,3,7]},"faces":{"north":{"uv":[0,0,2,2.5],"texture":"#0"},"east":{"uv":[2,0,4,2.5],"texture":"#0"},"south":{"uv":[0,2.5,2,5],"texture":"#0"},"west":{"uv":[2,2.5,4,5],"texture":"#0"},"up":{"uv":[6,7,4,5],"texture":"#0"},"down":{"uv":[8,0,6,2],"texture":"#0"}}},{"from":[5.395,5.03806,6.19134],"to":[10.405,10.03806,10.19134],"rotation":{"angle":-22.5,"axis":"x","origin":[8.395,4.53806,10.19134]},"faces":{"north":{"uv":[4,0,6,2.5],"texture":"#0"},"east":{"uv":[4,2.5,6,5],"texture":"#0"},"south":{"uv":[0,5,2,7.5],"texture":"#0"},"west":{"uv":[2,5,4,7.5],"texture":"#0"},"up":{"uv":[8,4,6,2],"texture":"#0"},"down":{"uv":[8,4,6,6],"texture":"#0"}}},{"from":[9.5,8.22005,8.02357],"to":[10.4,10.22005,9.02357],"rotation":{"angle":45,"axis":"x","origin":[9.9,10.08632,8.35126]},"faces":{"north":{"uv":[2.5,7.5,3,8.5],"texture":"#0"},"east":{"uv":[3,7.5,3.5,8.5],"texture":"#0"},"south":{"uv":[3.5,7.5,4,8.5],"texture":"#0"},"west":{"uv":[7,7.5,7.5,8.5],"texture":"#0"},"up":{"uv":[9,5,8.5,4.5],"texture":"#0"},"down":{"uv":[9,5,8.5,5.5],"texture":"#0"}}},{"from":[9.75,9.65259,8.42357],"to":[10.05,11.25259,8.72357],"rotation":{"angle":22.5,"axis":"x","origin":[9.9,10.08632,8.35126]},"faces":{"north":{"uv":[2.5,9,2.75,9.75],"texture":"#0"},"east":{"uv":[9,2.5,9.25,3.25],"texture":"#0"},"south":{"uv":[3,9,3.25,9.75],"texture":"#0"},"west":{"uv":[3.5,9,3.75,9.75],"texture":"#0"},"up":{"uv":[9.25,5.75,9,5.5],"texture":"#0"},"down":{"uv":[9.25,6,9,6.25],"texture":"#0"}}},{"from":[8.15,9.95259,8.39857],"to":[9.05,11.95259,9.39857],"rotation":{"angle":22.5,"axis":"x","origin":[8.65,10.08632,8.72626]},"faces":{"north":{"uv":[1,8,1.5,9],"texture":"#0"},"east":{"uv":[8,1,8.5,2],"texture":"#0"},"south":{"uv":[8,2,8.5,3],"texture":"#0"},"west":{"uv":[8,3,8.5,4],"texture":"#0"},"up":{"uv":[9,7,8.5,6.5],"texture":"#0"},"down":{"uv":[7.5,8.5,7,9],"texture":"#0"}}},{"from":[8.15,8.22005,8.39857],"to":[9.05,10.22005,9.39857],"rotation":{"angle":45,"axis":"x","origin":[8.65,10.08632,8.72626]},"faces":{"north":{"uv":[7.5,7.5,8,8.5],"texture":"#0"},"east":{"uv":[0,8,0.5,9],"texture":"#0"},"south":{"uv":[8,0,8.5,1],"texture":"#0"},"west":{"uv":[0.5,8,1,9],"texture":"#0"},"up":{"uv":[9,6,8.5,5.5],"texture":"#0"},"down":{"uv":[9,6,8.5,6.5],"texture":"#0"}}},{"from":[7.1,9.45259,8.52357],"to":[7.4,11.05259,8.82357],"rotation":{"angle":22.5,"axis":"x","origin":[7.225,10.08632,8.55126]},"faces":{"north":{"uv":[9,3.5,9.25,4.25],"texture":"#0"},"east":{"uv":[9,4.5,9.25,5.25],"texture":"#0"},"south":{"uv":[5,9,5.25,9.75],"texture":"#0"},"west":{"uv":[5.5,9,5.75,9.75],"texture":"#0"},"up":{"uv":[9.25,6.75,9,6.5],"texture":"#0"},"down":{"uv":[7.25,9,7,9.25],"texture":"#0"}}},{"from":[6.725,8.22005,8.22357],"to":[7.625,10.22005,9.22357],"rotation":{"angle":45,"axis":"x","origin":[7.225,10.08632,8.55126]},"faces":{"north":{"uv":[5,7,5.5,8],"texture":"#0"},"east":{"uv":[5.5,7,6,8],"texture":"#0"},"south":{"uv":[1.5,7.5,2,8.5],"texture":"#0"},"west":{"uv":[2,7.5,2.5,8.5],"texture":"#0"},"up":{"uv":[8.5,8,8,7.5],"texture":"#0"},"down":{"uv":[8.5,8,8,8.5],"texture":"#0"}}},{"from":[5.4,9.75259,8.19857],"to":[6.3,10.85259,9.19857],"rotation":{"angle":22.5,"axis":"x","origin":[5.9,9.88632,8.52626]},"faces":{"north":{"uv":[8.5,7.5,9,8],"texture":"#0"},"east":{"uv":[8,8.5,8.5,9],"texture":"#0"},"south":{"uv":[8.5,8,9,8.5],"texture":"#0"},"west":{"uv":[8.5,8.5,9,9],"texture":"#0"},"up":{"uv":[0.5,9.5,0,9],"texture":"#0"},"down":{"uv":[9.5,0,9,0.5],"texture":"#0"}}},{"from":[5.4,8.62005,8.19857],"to":[6.3,10.02005,9.19857],"rotation":{"angle":45,"axis":"x","origin":[5.9,9.88632,8.52626]},"faces":{"north":{"uv":[8,4,8.5,4.75],"texture":"#0"},"east":{"uv":[5,8,5.5,8.75],"texture":"#0"},"south":{"uv":[8,5,8.5,5.75],"texture":"#0"},"west":{"uv":[5.5,8,6,8.75],"texture":"#0"},"up":{"uv":[9,7.5,8.5,7],"texture":"#0"},"down":{"uv":[8,8.5,7.5,9],"texture":"#0"}}},{"from":[10.78319,8.46347,4.7514],"to":[11.78319,9.56347,5.6514],"rotation":{"angle":-22.5,"axis":"z","origin":[11.11088,8.5972,5.25126]},"faces":{"north":{"uv":[0.5,9,1,9.5],"texture":"#0"},"east":{"uv":[9,0.5,9.5,1],"texture":"#0"},"south":{"uv":[1,9,1.5,9.5],"texture":"#0"},"west":{"uv":[9,1,9.5,1.5],"texture":"#0"},"up":{"uv":[2,9.5,1.5,9],"texture":"#0"},"down":{"uv":[9.5,1.5,9,2],"texture":"#0"}}}],"gui_light":"front","display":{"thirdperson_righthand":{"rotation":[67.5,0,0],"translation":[0,1.75,2],"scale":[0.32812,0.32812,0.32812]},"thirdperson_lefthand":{"rotation":[67.5,0,0],"translation":[0,1.75,2],"scale":[0.32812,0.32812,0.32812]},"firstperson_righthand":{"translation":[1.5,5.75,0],"scale":[0.68554,0.68554,0.68554]},"firstperson_lefthand":{"translation":[1.5,5.75,0],"scale":[0.68554,0.68554,0.68554]},"ground":{"translation":[0,7.75,0],"scale":[0.73242,0.73242,0.73242]},"gui":{"rotation":[30,45,0],"translation":[0,2.5,0],"scale":[0.77735,0.77735,0.77735]},"head":{"translation":[0,-30.25,0.75],"scale":[0,0,0]},"fixed":{"rotation":[-90,0,0],"translation":[-0.5,0,-19.25],"scale":[2.38672,2.38672,2.38672]}},"groups":[{"name":"all_zomebie_hand_dirt","origin":[8,8,8],"color":0,"children":[{"name":"dirt","origin":[8,8,8],"color":0,"children":[0,1,2,3,4,5,6,7,8,9,10,11,12,13,14,15,16,17,18,19,20,21,22,23,24,25,26,27]},{"name":"hand","origin":[10.71088,17.5972,5.25126],"color":0,"children":[28,29,30,31,32,33,34,35,36,37,38,39]}]}]}