{
  "credit": "MadebyPolygonMC",
  "textures": {
    "0": "evergreenset:crossbow",
    "1": "evergreenset:animations/animations_1",
    "particle": "evergreenset:crossbow"
  },
  "elements": [
    {
      "from": [
        7.5,
        8,
        7
      ],
      "to": [
        8.5,
        9,
        9
      ],
      "rotation": {
        "angle": 0,
        "axis": "y",
        "origin": [
          7.5,
          4,
          7
        ]
      },
      "faces": {
        "east": {
          "uv": [
            7,
            4,
            9,
            5
          ],
          "texture": "#0"
        },
        "west": {
          "uv": [
            5,
            7,
            7,
            8
          ],
          "texture": "#0"
        },
        "up": {
          "uv": [
            8,
            7,
            7,
            5
          ],
          "texture": "#0"
        },
        "down": {
          "uv": [
            8,
            7,
            7,
            9
          ],
          "texture": "#0"
        }
      }
    },
    {
      "from": [
        7.5,
        7.5,
        5
      ],
      "to": [
        8.5,
        9,
        7
      ],
      "rotation": {
        "angle": 0,
        "axis": "y",
        "origin": [
          7.5,
          4,
          7
        ]
      },
      "faces": {
        "north": {
          "uv": [
            7,
            9,
            8,
            10.5
          ],
          "texture": "#0"
        },
        "east": {
          "uv": [
            2,
            4,
            4,
            5.5
          ],
          "texture": "#0"
        },
        "south": {
          "uv": [
            8,
            9,
            9,
            10.5
          ],
          "texture": "#0"
        },
        "west": {
          "uv": [
            4,
            4,
            6,
            5.5
          ],
          "texture": "#0"
        },
        "up": {
          "uv": [
            6,
            10,
            5,
            8
          ],
          "texture": "#0"
        },
        "down": {
          "uv": [
            9,
            5,
            8,
            7
          ],
          "texture": "#0"
        }
      }
    },
    {
      "from": [
        7.7,
        7.75,
        4.75
      ],
      "to": [
        8.3,
        9.25,
        5.75
      ],
      "rotation": {
        "angle": 0,
        "axis": "y",
        "origin": [
          7.5,
          4,
          5.75
        ]
      },
      "faces": {
        "north": {
          "uv": [
            13,
            2,
            13.5,
            3.5
          ],
          "texture": "#0"
        },
        "east": {
          "uv": [
            10,
            10,
            11,
            11.5
          ],
          "texture": "#0"
        },
        "south": {
          "uv": [
            3,
            13,
            3.5,
            14.5
          ],
          "texture": "#0"
        },
        "west": {
          "uv": [
            11,
            0,
            12,
            1.5
          ],
          "texture": "#0"
        },
        "up": {
          "uv": [
            1.5,
            15,
            1,
            14
          ],
          "texture": "#0"
        },
        "down": {
          "uv": [
            2.5,
            14,
            2,
            15
          ],
          "texture": "#0"
        }
      }
    },
    {
      "from": [
        7.5,
        7.5,
        9
      ],
      "to": [
        8.5,
        9,
        10
      ],
      "rotation": {
        "angle": 0,
        "axis": "y",
        "origin": [
          7.5,
          4,
          7
        ]
      },
      "faces": {
        "north": {
          "uv": [
            9,
            8,
            10,
            9.5
          ],
          "texture": "#0"
        },
        "east": {
          "uv": [
            10,
            4,
            11,
            5.5
          ],
          "texture": "#0"
        },
        "south": {
          "uv": [
            5,
            10,
            6,
            11.5
          ],
          "texture": "#0"
        },
        "west": {
          "uv": [
            6,
            10,
            7,
            11.5
          ],
          "texture": "#0"
        },
        "up": {
          "uv": [
            6,
            7,
            5,
            6
          ],
          "texture": "#0"
        },
        "down": {
          "uv": [
            13,
            1,
            12,
            2
          ],
          "texture": "#0"
        }
      }
    },
    {
      "from": [
        7.6,
        5.875,
        9
      ],
      "to": [
        8.4,
        8.375,
        10
      ],
      "rotation": {
        "angle": -22.5,
        "axis": "x",
        "origin": [
          8,
          6.375,
          9.5
        ]
      },
      "faces": {
        "north": {
          "uv": [
            2,
            9,
            2.75,
            11.5
          ],
          "texture": "#0"
        },
        "east": {
          "uv": [
            4,
            6,
            5,
            8.5
          ],
          "texture": "#0"
        },
        "south": {
          "uv": [
            3,
            9,
            3.75,
            11.5
          ],
          "texture": "#0"
        },
        "west": {
          "uv": [
            6,
            4,
            7,
            6.5
          ],
          "texture": "#0"
        }
      }
    },
    {
      "from": [
        7.55,
        7.55,
        9.725
      ],
      "to": [
        8.45,
        8.325,
        11.725
      ],
      "rotation": {
        "angle": 22.5,
        "axis": "x",
        "origin": [
          8,
          8,
          11.5
        ]
      },
      "faces": {
        "east": {
          "uv": [
            10,
            6,
            12,
            6.75
          ],
          "texture": "#0"
        },
        "west": {
          "uv": [
            10,
            7,
            12,
            7.75
          ],
          "texture": "#0"
        },
        "up": {
          "uv": [
            7,
            10,
            6,
            8
          ],
          "texture": "#0"
        },
        "down": {
          "uv": [
            9,
            7,
            8,
            9
          ],
          "texture": "#0"
        }
      }
    },
    {
      "from": [
        7.8,
        6.98478,
        10.05154
      ],
      "to": [
        8.2,
        7.53478,
        11.80154
      ],
      "rotation": {
        "angle": 22.5,
        "axis": "x",
        "origin": [
          8,
          8.18478,
          11.57654
        ]
      },
      "faces": {
        "east": {
          "uv": [
            9,
            12,
            10.75,
            12.5
          ],
          "texture": "#0"
        },
        "west": {
          "uv": [
            11,
            12,
            12.75,
            12.5
          ],
          "texture": "#0"
        },
        "down": {
          "uv": [
            0.5,
            13,
            0,
            14.75
          ],
          "texture": "#0"
        }
      }
    },
    {
      "from": [
        7.55,
        6.525,
        11.725
      ],
      "to": [
        8.45,
        8.325,
        12.725
      ],
      "rotation": {
        "angle": 22.5,
        "axis": "x",
        "origin": [
          8,
          8,
          11.5
        ]
      },
      "faces": {
        "north": {
          "uv": [
            4,
            9,
            5,
            10.75
          ],
          "texture": "#0"
        },
        "east": {
          "uv": [
            9,
            4,
            10,
            5.75
          ],
          "texture": "#0"
        },
        "west": {
          "uv": [
            9,
            6,
            10,
            7.75
          ],
          "texture": "#0"
        },
        "up": {
          "uv": [
            6,
            13,
            5,
            12
          ],
          "texture": "#0"
        },
        "down": {
          "uv": [
            7,
            12,
            6,
            13
          ],
          "texture": "#0"
        }
      }
    },
    {
      "from": [
        7.45,
        6,
        12.725
      ],
      "to": [
        8.55,
        8.4,
        13.225
      ],
      "rotation": {
        "angle": 22.5,
        "axis": "x",
        "origin": [
          8,
          8,
          11.5
        ]
      },
      "faces": {
        "north": {
          "uv": [
            2,
            6,
            3,
            8.5
          ],
          "texture": "#0"
        },
        "east": {
          "uv": [
            7,
            11,
            7.5,
            13.5
          ],
          "texture": "#0"
        },
        "south": {
          "uv": [
            3,
            6,
            4,
            8.5
          ],
          "texture": "#0"
        },
        "west": {
          "uv": [
            8,
            11,
            8.5,
            13.5
          ],
          "texture": "#0"
        },
        "up": {
          "uv": [
            13,
            13.5,
            12,
            13
          ],
          "texture": "#0"
        },
        "down": {
          "uv": [
            14,
            12,
            13,
            12.5
          ],
          "texture": "#0"
        }
      }
    },
    {
      "from": [
        7.5,
        5.625,
        8.7
      ],
      "to": [
        8.5,
        6.125,
        10.2
      ],
      "rotation": {
        "angle": 0,
        "axis": "y",
        "origin": [
          7.5,
          5.625,
          8.175
        ]
      },
      "faces": {
        "north": {
          "uv": [
            13,
            13,
            14,
            13.5
          ],
          "texture": "#0"
        },
        "east": {
          "uv": [
            1,
            13,
            2.5,
            13.5
          ],
          "texture": "#0"
        },
        "south": {
          "uv": [
            14,
            0,
            15,
            0.5
          ],
          "texture": "#0"
        },
        "west": {
          "uv": [
            13,
            1,
            14.5,
            1.5
          ],
          "texture": "#0"
        },
        "up": {
          "uv": [
            11,
            9.5,
            10,
            8
          ],
          "texture": "#0"
        },
        "down": {
          "uv": [
            10,
            10,
            9,
            11.5
          ],
          "texture": "#0"
        }
      }
    },
    {
      "from": [
        6.55,
        8.375,
        4.85
      ],
      "to": [
        7.8,
        8.875,
        5.85
      ],
      "rotation": {
        "angle": -22.5,
        "axis": "y",
        "origin": [
          6.8,
          8.625,
          5.35
        ]
      },
      "faces": {
        "north": {
          "uv": [
            13,
            7,
            14.25,
            7.5
          ],
          "texture": "#0"
        },
        "east": {
          "uv": [
            14,
            2,
            15,
            2.5
          ],
          "texture": "#0"
        },
        "south": {
          "uv": [
            13,
            8,
            14.25,
            8.5
          ],
          "texture": "#0"
        },
        "west": {
          "uv": [
            14,
            3,
            15,
            3.5
          ],
          "texture": "#0"
        },
        "up": {
          "uv": [
            12.25,
            9,
            11,
            8
          ],
          "texture": "#0"
        },
        "down": {
          "uv": [
            12.25,
            9,
            11,
            10
          ],
          "texture": "#0"
        }
      }
    },
    {
      "from": [
        6.02414,
        8.375,
        4.15561
      ],
      "to": [
        7.02414,
        8.875,
        5.15561
      ],
      "rotation": {
        "angle": -45,
        "axis": "y",
        "origin": [
          6.02414,
          8.625,
          4.65561
        ]
      },
      "faces": {
        "north": {
          "uv": [
            14,
            4,
            15,
            4.5
          ],
          "texture": "#0"
        },
        "east": {
          "uv": [
            5,
            14,
            6,
            14.5
          ],
          "texture": "#0"
        },
        "south": {
          "uv": [
            14,
            5,
            15,
            5.5
          ],
          "texture": "#0"
        },
        "west": {
          "uv": [
            6,
            14,
            7,
            14.5
          ],
          "texture": "#0"
        },
        "up": {
          "uv": [
            3,
            13,
            2,
            12
          ],
          "texture": "#0"
        },
        "down": {
          "uv": [
            13,
            2,
            12,
            3
          ],
          "texture": "#0"
        }
      }
    },
    {
      "from": [
        4.42509,
        8.625,
        4.05656
      ],
      "to": [
        5.92509,
        9.625,
        4.55656
      ],
      "rotation": {
        "angle": 0,
        "axis": "y",
        "origin": [
          5.05009,
          8.875,
          3.68156
        ]
      },
      "faces": {
        "north": {
          "uv": [
            11,
            4,
            12.5,
            5
          ],
          "texture": "#0"
        },
        "south": {
          "uv": [
            11,
            5,
            12.5,
            6
          ],
          "texture": "#0"
        },
        "up": {
          "uv": [
            6.5,
            13.5,
            5,
            13
          ],
          "texture": "#0"
        },
        "down": {
          "uv": [
            14.5,
            6,
            13,
            6.5
          ],
          "texture": "#0"
        }
      }
    },
    {
      "from": [
        2.75507,
        8.625,
        4.52863
      ],
      "to": [
        3.25507,
        9.625,
        5.77863
      ],
      "rotation": {
        "angle": -45,
        "axis": "y",
        "origin": [
          3.00507,
          9.125,
          5.15363
        ]
      },
      "faces": {
        "east": {
          "uv": [
            11,
            10,
            12.25,
            11
          ],
          "texture": "#0"
        },
        "south": {
          "uv": [
            14,
            9,
            14.5,
            10
          ],
          "texture": "#0"
        },
        "west": {
          "uv": [
            11,
            11,
            12.25,
            12
          ],
          "texture": "#0"
        },
        "up": {
          "uv": [
            9.5,
            14.25,
            9,
            13
          ],
          "texture": "#0"
        },
        "down": {
          "uv": [
            13.5,
            9,
            13,
            10.25
          ],
          "texture": "#0"
        }
      }
    },
    {
      "from": [
        3.32785,
        8.625,
        4.32454
      ],
      "to": [
        4.57785,
        9.625,
        4.82454
      ],
      "rotation": {
        "angle": 22.5,
        "axis": "y",
        "origin": [
          3.82785,
          9.125,
          4.57454
        ]
      },
      "faces": {
        "north": {
          "uv": [
            0,
            12,
            1.25,
            13
          ],
          "texture": "#0"
        },
        "south": {
          "uv": [
            12,
            0,
            13.25,
            1
          ],
          "texture": "#0"
        },
        "up": {
          "uv": [
            11.25,
            13.5,
            10,
            13
          ],
          "texture": "#0"
        },
        "down": {
          "uv": [
            14.25,
            11,
            13,
            11.5
          ],
          "texture": "#0"
        }
      }
    },
    {
      "from": [
        5.52414,
        8.275,
        4.15561
      ],
      "to": [
        6.02414,
        9.725,
        5.15561
      ],
      "rotation": {
        "angle": -45,
        "axis": "y",
        "origin": [
          6.02414,
          8.625,
          4.65561
        ]
      },
      "faces": {
        "north": {
          "uv": [
            4,
            13,
            4.5,
            14.5
          ],
          "texture": "#0"
        },
        "east": {
          "uv": [
            11,
            2,
            12,
            3.5
          ],
          "texture": "#0"
        },
        "south": {
          "uv": [
            13,
            4,
            13.5,
            5.5
          ],
          "texture": "#0"
        },
        "west": {
          "uv": [
            4,
            11,
            5,
            12.5
          ],
          "texture": "#0"
        },
        "up": {
          "uv": [
            7.5,
            15,
            7,
            14
          ],
          "texture": "#0"
        },
        "down": {
          "uv": [
            8.5,
            14,
            8,
            15
          ],
          "texture": "#0"
        }
      }
    },
    {
      "from": [
        2.38635,
        8.875,
        5.3759
      ],
      "to": [
        3.38635,
        9.375,
        6.3759
      ],
      "rotation": {
        "angle": 45,
        "axis": "y",
        "origin": [
          2.38635,
          9.375,
          6.1259
        ]
      },
      "faces": {
        "north": {
          "uv": [
            10,
            14,
            11,
            14.5
          ],
          "texture": "#0"
        },
        "east": {
          "uv": [
            14,
            10,
            15,
            10.5
          ],
          "texture": "#0"
        },
        "south": {
          "uv": [
            11,
            14,
            12,
            14.5
          ],
          "texture": "#0"
        },
        "west": {
          "uv": [
            12,
            14,
            13,
            14.5
          ],
          "texture": "#0"
        },
        "up": {
          "uv": [
            4,
            13,
            3,
            12
          ],
          "texture": "#0"
        },
        "down": {
          "uv": [
            13,
            3,
            12,
            4
          ],
          "texture": "#0"
        }
      }
    },
    {
      "from": [
        8.2,
        8.375,
        4.85
      ],
      "to": [
        9.45,
        8.875,
        5.85
      ],
      "rotation": {
        "angle": 22.5,
        "axis": "y",
        "origin": [
          9.2,
          8.625,
          5.35
        ]
      },
      "faces": {
        "north": {
          "uv": [
            14.25,
            7,
            13,
            7.5
          ],
          "texture": "#0"
        },
        "east": {
          "uv": [
            15,
            3,
            14,
            3.5
          ],
          "texture": "#0"
        },
        "south": {
          "uv": [
            14.25,
            8,
            13,
            8.5
          ],
          "texture": "#0"
        },
        "west": {
          "uv": [
            15,
            2,
            14,
            2.5
          ],
          "texture": "#0"
        },
        "up": {
          "uv": [
            11,
            9,
            12.25,
            8
          ],
          "texture": "#0"
        },
        "down": {
          "uv": [
            11,
            9,
            12.25,
            10
          ],
          "texture": "#0"
        }
      }
    },
    {
      "from": [
        8.97586,
        8.375,
        4.15561
      ],
      "to": [
        9.97586,
        8.875,
        5.15561
      ],
      "rotation": {
        "angle": 45,
        "axis": "y",
        "origin": [
          9.97586,
          8.625,
          4.65561
        ]
      },
      "faces": {
        "north": {
          "uv": [
            15,
            4,
            14,
            4.5
          ],
          "texture": "#0"
        },
        "east": {
          "uv": [
            7,
            14,
            6,
            14.5
          ],
          "texture": "#0"
        },
        "south": {
          "uv": [
            15,
            5,
            14,
            5.5
          ],
          "texture": "#0"
        },
        "west": {
          "uv": [
            6,
            14,
            5,
            14.5
          ],
          "texture": "#0"
        },
        "up": {
          "uv": [
            2,
            13,
            3,
            12
          ],
          "texture": "#0"
        },
        "down": {
          "uv": [
            12,
            2,
            13,
            3
          ],
          "texture": "#0"
        }
      }
    },
    {
      "from": [
        9.97586,
        8.275,
        4.15561
      ],
      "to": [
        10.47586,
        9.725,
        5.15561
      ],
      "rotation": {
        "angle": 45,
        "axis": "y",
        "origin": [
          9.97586,
          8.625,
          4.65561
        ]
      },
      "faces": {
        "north": {
          "uv": [
            4.5,
            13,
            4,
            14.5
          ],
          "texture": "#0"
        },
        "east": {
          "uv": [
            5,
            11,
            4,
            12.5
          ],
          "texture": "#0"
        },
        "south": {
          "uv": [
            13.5,
            4,
            13,
            5.5
          ],
          "texture": "#0"
        },
        "west": {
          "uv": [
            12,
            2,
            11,
            3.5
          ],
          "texture": "#0"
        },
        "up": {
          "uv": [
            7,
            15,
            7.5,
            14
          ],
          "texture": "#0"
        },
        "down": {
          "uv": [
            8,
            14,
            8.5,
            15
          ],
          "texture": "#0"
        }
      }
    },
    {
      "from": [
        10.07491,
        8.625,
        4.05656
      ],
      "to": [
        11.57491,
        9.625,
        4.55656
      ],
      "rotation": {
        "angle": 0,
        "axis": "y",
        "origin": [
          10.94991,
          8.875,
          3.68156
        ]
      },
      "faces": {
        "north": {
          "uv": [
            12.5,
            4,
            11,
            5
          ],
          "texture": "#0"
        },
        "south": {
          "uv": [
            12.5,
            5,
            11,
            6
          ],
          "texture": "#0"
        },
        "up": {
          "uv": [
            5,
            13.5,
            6.5,
            13
          ],
          "texture": "#0"
        },
        "down": {
          "uv": [
            13,
            6,
            14.5,
            6.5
          ],
          "texture": "#0"
        }
      }
    },
    {
      "from": [
        12.74493,
        8.625,
        4.52863
      ],
      "to": [
        13.24493,
        9.625,
        5.77863
      ],
      "rotation": {
        "angle": 45,
        "axis": "y",
        "origin": [
          12.99493,
          9.125,
          5.15363
        ]
      },
      "faces": {
        "east": {
          "uv": [
            12.25,
            11,
            11,
            12
          ],
          "texture": "#0"
        },
        "south": {
          "uv": [
            14.5,
            9,
            14,
            10
          ],
          "texture": "#0"
        },
        "west": {
          "uv": [
            12.25,
            10,
            11,
            11
          ],
          "texture": "#0"
        },
        "up": {
          "uv": [
            9,
            14.25,
            9.5,
            13
          ],
          "texture": "#0"
        },
        "down": {
          "uv": [
            13,
            9,
            13.5,
            10.25
          ],
          "texture": "#0"
        }
      }
    },
    {
      "from": [
        11.42215,
        8.625,
        4.32454
      ],
      "to": [
        12.67215,
        9.625,
        4.82454
      ],
      "rotation": {
        "angle": -22.5,
        "axis": "y",
        "origin": [
          12.17215,
          9.125,
          4.57454
        ]
      },
      "faces": {
        "north": {
          "uv": [
            1.25,
            12,
            0,
            13
          ],
          "texture": "#0"
        },
        "south": {
          "uv": [
            13.25,
            0,
            12,
            1
          ],
          "texture": "#0"
        },
        "up": {
          "uv": [
            10,
            13.5,
            11.25,
            13
          ],
          "texture": "#0"
        },
        "down": {
          "uv": [
            13,
            11,
            14.25,
            11.5
          ],
          "texture": "#0"
        }
      }
    },
    {
      "from": [
        12.61365,
        8.875,
        5.3759
      ],
      "to": [
        13.61365,
        9.375,
        6.3759
      ],
      "rotation": {
        "angle": -45,
        "axis": "y",
        "origin": [
          13.61365,
          9.375,
          6.1259
        ]
      },
      "faces": {
        "north": {
          "uv": [
            11,
            14,
            10,
            14.5
          ],
          "texture": "#0"
        },
        "east": {
          "uv": [
            13,
            14,
            12,
            14.5
          ],
          "texture": "#0"
        },
        "south": {
          "uv": [
            12,
            14,
            11,
            14.5
          ],
          "texture": "#0"
        },
        "west": {
          "uv": [
            15,
            10,
            14,
            10.5
          ],
          "texture": "#0"
        },
        "up": {
          "uv": [
            3,
            13,
            4,
            12
          ],
          "texture": "#0"
        },
        "down": {
          "uv": [
            12,
            3,
            13,
            4
          ],
          "texture": "#0"
        }
      }
    },
    {
      "from": [
        7.75,
        7.1,
        7.875
      ],
      "to": [
        8.25,
        8.1,
        8.375
      ],
      "rotation": {
        "angle": -22.5,
        "axis": "x",
        "origin": [
          8,
          7.75,
          8
        ]
      },
      "faces": {
        "north": {
          "uv": [
            14,
            12,
            14.5,
            13
          ],
          "texture": "#0"
        },
        "east": {
          "uv": [
            13,
            14,
            13.5,
            15
          ],
          "texture": "#0"
        },
        "west": {
          "uv": [
            14,
            13,
            14.5,
            14
          ],
          "texture": "#0"
        },
        "down": {
          "uv": [
            1.5,
            15,
            1,
            15.5
          ],
          "texture": "#0"
        }
      }
    },
    {
      "from": [
        7.75,
        9,
        7.34672
      ],
      "to": [
        8.25,
        10,
        8.34672
      ],
      "rotation": {
        "angle": 22.5,
        "axis": "x",
        "origin": [
          7.75,
          4,
          7.34672
        ]
      },
      "faces": {
        "north": {
          "uv": [
            14,
            14,
            14.5,
            15
          ],
          "texture": "#0"
        },
        "east": {
          "uv": [
            12,
            6,
            13,
            7
          ],
          "texture": "#0"
        },
        "south": {
          "uv": [
            0,
            15,
            0.5,
            16
          ],
          "texture": "#0"
        },
        "west": {
          "uv": [
            12,
            7,
            13,
            8
          ],
          "texture": "#0"
        },
        "up": {
          "uv": [
            15.5,
            1,
            15,
            0
          ],
          "texture": "#0"
        }
      }
    },
    {
      "from": [
        2.625,
        9.149,
        5.80711
      ],
      "to": [
        13.375,
        9.149,
        9.80711
      ],
      "rotation": {
        "angle": 0,
        "axis": "y",
        "origin": [
          2.625,
          8.874,
          6.30711
        ]
      },
      "faces": {
        "north": {
          "uv": [
            0,
            0,
            10.75,
            0
          ],
          "texture": "#0"
        },
        "east": {
          "uv": [
            0,
            0,
            4,
            0
          ],
          "texture": "#0"
        },
        "south": {
          "uv": [
            0,
            0,
            10.75,
            0
          ],
          "texture": "#0"
        },
        "west": {
          "uv": [
            0,
            0,
            4,
            0
          ],
          "texture": "#0"
        },
        "up": {
          "uv": [
            10.75,
            4,
            0,
            0
          ],
          "texture": "#0"
        },
        "down": {
          "uv": [
            10.75,
            0,
            0,
            4
          ],
          "texture": "#0"
        }
      }
    },
    {
      "from": [
        11.55,
        9.125,
        1.5
      ],
      "to": [
        16.55,
        9.125,
        6.5
      ],
      "rotation": {
        "angle": -45,
        "axis": "y",
        "origin": [
          14.05,
          9.125,
          4
        ]
      },
      "faces": {
        "north": {
          "uv": [
            0,
            5,
            0,
            0
          ],
          "rotation": 90,
          "texture": "#1"
        },
        "east": {
          "uv": [
            0,
            0,
            0,
            5
          ],
          "rotation": 90,
          "texture": "#1"
        },
        "south": {
          "uv": [
            0,
            0,
            0,
            5
          ],
          "rotation": 90,
          "texture": "#1"
        },
        "west": {
          "uv": [
            0,
            0,
            0,
            5
          ],
          "rotation": 270,
          "texture": "#1"
        },
        "up": {
          "uv": [
            0,
            0,
            10.5,
            10.5
          ],
          "texture": "#1"
        },
        "down": {
          "uv": [
            10.5,
            0,
            0,
            10.5
          ],
          "rotation": 180,
          "texture": "#1"
        }
      }
    },
    {
      "from": [
        -0.55,
        9.125,
        1.5
      ],
      "to": [
        4.45,
        9.125,
        6.5
      ],
      "rotation": {
        "angle": 45,
        "axis": "y",
        "origin": [
          1.95,
          9.125,
          4
        ]
      },
      "faces": {
        "north": {
          "uv": [
            0,
            0,
            0,
            5
          ],
          "rotation": 90,
          "texture": "#1"
        },
        "east": {
          "uv": [
            0,
            5,
            0,
            0
          ],
          "rotation": 270,
          "texture": "#1"
        },
        "south": {
          "uv": [
            0,
            5,
            0,
            0
          ],
          "rotation": 90,
          "texture": "#1"
        },
        "west": {
          "uv": [
            0,
            5,
            0,
            0
          ],
          "rotation": 90,
          "texture": "#1"
        },
        "up": {
          "uv": [
            10.5,
            0,
            0,
            10.5
          ],
          "texture": "#1"
        },
        "down": {
          "uv": [
            0,
            0,
            10.5,
            10.5
          ],
          "rotation": 180,
          "texture": "#1"
        }
      }
    }
  ],
  "gui_light": "front",
  "display": {
    "thirdperson_righthand": {
      "translation": [
        0,
        0.25,
        0.5
      ]
    },
    "thirdperson_lefthand": {
      "translation": [
        0,
        0.25,
        0.5
      ]
    },
    "firstperson_righthand": {
      "translation": [
        0,
        2,
        -0.25
      ],
      "scale": [
        1.7207,
        1.7207,
        1.7207
      ]
    },
    "firstperson_lefthand": {
      "translation": [
        0,
        2,
        -0.25
      ],
      "scale": [
        1.7207,
        1.7207,
        1.7207
      ]
    },
    "ground": {
      "translation": [
        0,
        5,
        0
      ],
      "scale": [
        1.57422,
        1.57422,
        1.57422
      ]
    },
    "gui": {
      "rotation": [
        90,
        45,
        0
      ],
      "translation": [
        1.25,
        -1.25,
        0
      ],
      "scale": [
        1.45703,
        1.45703,
        1.45703
      ]
    },
    "head": {
      "scale": [
        0,
        0,
        0
      ]
    },
    "fixed": {
      "rotation": [
        -112.75,
        0,
        0
      ],
      "translation": [
        0,
        0,
        -4.75
      ],
      "scale": [
        3.49805,
        3.49805,
        3.49805
      ]
    }
  }
}