{
  "credit": "MadebyPolygonMC",
  "texture_size": [
    28,
    28
  ],
  "textures": {
    "2": "evergreenset:animations/animations_1",
    "3": "evergreenset:shield",
    "particle": "evergreenset:animations/animations_1"
  },
  "elements": [
    {
      "from": [
        7,
        10.5,
        7.2
      ],
      "to": [
        9,
        12,
        8.8
      ],
      "rotation": {
        "angle": 0,
        "axis": "y",
        "origin": [
          8,
          10.1625,
          8
        ]
      },
      "faces": {
        "north": {
          "uv": [
            8.57143,
            3.42857,
            9.71429,
            4.28571
          ],
          "texture": "#3"
        },
        "east": {
          "uv": [
            10.28571,
            1.14286,
            11.14286,
            2
          ],
          "texture": "#3"
        },
        "south": {
          "uv": [
            8.57143,
            4.57143,
            9.71429,
            5.42857
          ],
          "texture": "#3"
        },
        "west": {
          "uv": [
            10.28571,
            2.28571,
            11.14286,
            3.14286
          ],
          "texture": "#3"
        },
        "up": {
          "uv": [
            9.71429,
            6.57143,
            8.57143,
            5.71429
          ],
          "texture": "#3"
        },
        "down": {
          "uv": [
            9.71429,
            6.85714,
            8.57143,
            7.71429
          ],
          "texture": "#3"
        }
      }
    },
    {
      "from": [
        7.4078,
        10.66892,
        7.205
      ],
      "to": [
        9.4078,
        12.16892,
        8.795
      ],
      "rotation": {
        "angle": -45,
        "axis": "z",
        "origin": [
          8,
          10.1625,
          8
        ]
      },
      "faces": {
        "north": {
          "uv": [
            1.14286,
            9.14286,
            2.28571,
            10
          ],
          "texture": "#3"
        },
        "east": {
          "uv": [
            2.85714,
            10.28571,
            3.71429,
            11.14286
          ],
          "texture": "#3"
        },
        "south": {
          "uv": [
            2.28571,
            9.14286,
            3.42857,
            10
          ],
          "texture": "#3"
        },
        "up": {
          "uv": [
            4.57143,
            10,
            3.42857,
            9.14286
          ],
          "texture": "#3"
        },
        "down": {
          "uv": [
            9.71429,
            3.42857,
            10.85714,
            4.28571
          ],
          "texture": "#3"
        }
      }
    },
    {
      "from": [
        6.5922,
        10.66892,
        7.205
      ],
      "to": [
        8.5922,
        12.16892,
        8.795
      ],
      "rotation": {
        "angle": 45,
        "axis": "z",
        "origin": [
          8,
          10.1625,
          8
        ]
      },
      "faces": {
        "north": {
          "uv": [
            9.71429,
            4.57143,
            10.85714,
            5.42857
          ],
          "texture": "#3"
        },
        "south": {
          "uv": [
            9.71429,
            5.71429,
            10.85714,
            6.57143
          ],
          "texture": "#3"
        },
        "west": {
          "uv": [
            7.42857,
            10.28571,
            8.28571,
            11.14286
          ],
          "texture": "#3"
        },
        "up": {
          "uv": [
            7.42857,
            10.57143,
            6.28571,
            9.71429
          ],
          "texture": "#3"
        },
        "down": {
          "uv": [
            9.71429,
            6.85714,
            10.85714,
            7.71429
          ],
          "texture": "#3"
        }
      }
    },
    {
      "from": [
        8.95,
        11.05,
        7.5
      ],
      "to": [
        11.45,
        12.05,
        8.5
      ],
      "rotation": {
        "angle": 0,
        "axis": "y",
        "origin": [
          8,
          10.1625,
          8
        ]
      },
      "faces": {
        "north": {
          "uv": [
            7.42857,
            9.71429,
            8.85714,
            10.28571
          ],
          "texture": "#3"
        },
        "east": {
          "uv": [
            1.71429,
            12,
            2.28571,
            12.57143
          ],
          "texture": "#3"
        },
        "south": {
          "uv": [
            9.71429,
            8,
            11.14286,
            8.57143
          ],
          "texture": "#3"
        },
        "west": {
          "uv": [
            2.28571,
            12,
            2.85714,
            12.57143
          ],
          "texture": "#3"
        },
        "up": {
          "uv": [
            11.14286,
            9.14286,
            9.71429,
            8.57143
          ],
          "texture": "#3"
        },
        "down": {
          "uv": [
            9.14286,
            9.71429,
            10.57143,
            10.28571
          ],
          "texture": "#3"
        }
      }
    },
    {
      "from": [
        8.95,
        12.05,
        7.5
      ],
      "to": [
        9.7,
        13.05,
        8.5
      ],
      "rotation": {
        "angle": 0,
        "axis": "x",
        "origin": [
          8,
          10.1625,
          8
        ]
      },
      "faces": {
        "north": {
          "uv": [
            12.57143,
            5.71429,
            13,
            6.28571
          ],
          "texture": "#3"
        },
        "east": {
          "uv": [
            12,
            3.42857,
            12.57143,
            4
          ],
          "texture": "#3"
        },
        "south": {
          "uv": [
            6.28571,
            12.57143,
            6.71429,
            13.14286
          ],
          "texture": "#3"
        },
        "west": {
          "uv": [
            12,
            4,
            12.57143,
            4.57143
          ],
          "texture": "#3"
        },
        "up": {
          "uv": [
            13,
            6.85714,
            12.57143,
            6.28571
          ],
          "texture": "#3"
        },
        "down": {
          "uv": [
            7.28571,
            12.57143,
            6.85714,
            13.14286
          ],
          "texture": "#3"
        }
      }
    },
    {
      "from": [
        7.4656,
        12.73076,
        7.505
      ],
      "to": [
        8.4656,
        13.48076,
        8.495
      ],
      "rotation": {
        "angle": -22.5,
        "axis": "z",
        "origin": [
          8,
          10.1625,
          8
        ]
      },
      "faces": {
        "north": {
          "uv": [
            12.57143,
            6.85714,
            13.14286,
            7.28571
          ],
          "texture": "#3"
        },
        "east": {
          "uv": [
            7.42857,
            12.57143,
            8,
            13
          ],
          "texture": "#3"
        },
        "south": {
          "uv": [
            12.57143,
            7.42857,
            13.14286,
            7.85714
          ],
          "texture": "#3"
        },
        "west": {
          "uv": [
            8,
            12.57143,
            8.57143,
            13
          ],
          "texture": "#3"
        },
        "up": {
          "uv": [
            12.57143,
            7.42857,
            12,
            6.85714
          ],
          "texture": "#3"
        },
        "down": {
          "uv": [
            12.57143,
            7.42857,
            12,
            8
          ],
          "texture": "#3"
        }
      }
    },
    {
      "from": [
        7.5344,
        12.73076,
        7.505
      ],
      "to": [
        8.5344,
        13.48076,
        8.495
      ],
      "rotation": {
        "angle": 22.5,
        "axis": "z",
        "origin": [
          8,
          10.1625,
          8
        ]
      },
      "faces": {
        "north": {
          "uv": [
            8.57143,
            12.57143,
            9.14286,
            13
          ],
          "texture": "#3"
        },
        "east": {
          "uv": [
            12.57143,
            8.57143,
            13.14286,
            9
          ],
          "texture": "#3"
        },
        "south": {
          "uv": [
            9.14286,
            12.57143,
            9.71429,
            13
          ],
          "texture": "#3"
        },
        "west": {
          "uv": [
            12.57143,
            9.14286,
            13.14286,
            9.57143
          ],
          "texture": "#3"
        },
        "up": {
          "uv": [
            12.57143,
            9.14286,
            12,
            8.57143
          ],
          "texture": "#3"
        },
        "down": {
          "uv": [
            12.57143,
            9.14286,
            12,
            9.71429
          ],
          "texture": "#3"
        }
      }
    },
    {
      "from": [
        6.3,
        12.05,
        7.5
      ],
      "to": [
        7.05,
        13.05,
        8.5
      ],
      "rotation": {
        "angle": 0,
        "axis": "x",
        "origin": [
          8,
          10.1625,
          8
        ]
      },
      "faces": {
        "north": {
          "uv": [
            12.57143,
            9.71429,
            13,
            10.28571
          ],
          "texture": "#3"
        },
        "east": {
          "uv": [
            12,
            9.71429,
            12.57143,
            10.28571
          ],
          "texture": "#3"
        },
        "south": {
          "uv": [
            10.28571,
            12.57143,
            10.71429,
            13.14286
          ],
          "texture": "#3"
        },
        "west": {
          "uv": [
            10.28571,
            12,
            10.85714,
            12.57143
          ],
          "texture": "#3"
        },
        "up": {
          "uv": [
            13,
            10.85714,
            12.57143,
            10.28571
          ],
          "texture": "#3"
        },
        "down": {
          "uv": [
            11.28571,
            12.57143,
            10.85714,
            13.14286
          ],
          "texture": "#3"
        }
      }
    },
    {
      "from": [
        4.55,
        11.05,
        7.5
      ],
      "to": [
        7.05,
        12.05,
        8.5
      ],
      "rotation": {
        "angle": 0,
        "axis": "y",
        "origin": [
          8,
          10.1625,
          8
        ]
      },
      "faces": {
        "north": {
          "uv": [
            9.71429,
            9.14286,
            11.14286,
            9.71429
          ],
          "texture": "#3"
        },
        "east": {
          "uv": [
            12,
            10.28571,
            12.57143,
            10.85714
          ],
          "texture": "#3"
        },
        "south": {
          "uv": [
            10.28571,
            0,
            11.71429,
            0.57143
          ],
          "texture": "#3"
        },
        "west": {
          "uv": [
            10.85714,
            12,
            11.42857,
            12.57143
          ],
          "texture": "#3"
        },
        "up": {
          "uv": [
            11.71429,
            1.14286,
            10.28571,
            0.57143
          ],
          "texture": "#3"
        },
        "down": {
          "uv": [
            1.14286,
            10.28571,
            2.57143,
            10.85714
          ],
          "texture": "#3"
        }
      }
    },
    {
      "from": [
        8.71889,
        9.70506,
        7.605
      ],
      "to": [
        9.71889,
        10.45506,
        8.395
      ],
      "rotation": {
        "angle": -22.5,
        "axis": "z",
        "origin": [
          8,
          10.1625,
          8
        ]
      },
      "faces": {
        "north": {
          "uv": [
            12.57143,
            10.85714,
            13.14286,
            11.28571
          ],
          "texture": "#3"
        },
        "east": {
          "uv": [
            13.14286,
            6.28571,
            13.57143,
            6.71429
          ],
          "texture": "#3"
        },
        "south": {
          "uv": [
            12.57143,
            11.42857,
            13.14286,
            11.85714
          ],
          "texture": "#3"
        },
        "west": {
          "uv": [
            13.14286,
            6.85714,
            13.57143,
            7.28571
          ],
          "texture": "#3"
        },
        "up": {
          "uv": [
            13.14286,
            12.42857,
            12.57143,
            12
          ],
          "texture": "#3"
        },
        "down": {
          "uv": [
            12.57143,
            12.57143,
            13.14286,
            13
          ],
          "texture": "#3"
        }
      }
    },
    {
      "from": [
        8.95,
        7.275,
        7.6
      ],
      "to": [
        9.7,
        9.775,
        8.4
      ],
      "rotation": {
        "angle": 0,
        "axis": "x",
        "origin": [
          8,
          10.1625,
          8
        ]
      },
      "faces": {
        "north": {
          "uv": [
            10.85714,
            3.42857,
            11.28571,
            4.85714
          ],
          "texture": "#3"
        },
        "east": {
          "uv": [
            10.85714,
            5.14286,
            11.28571,
            6.57143
          ],
          "texture": "#3"
        },
        "south": {
          "uv": [
            6.28571,
            10.85714,
            6.71429,
            12.28571
          ],
          "texture": "#3"
        },
        "west": {
          "uv": [
            6.85714,
            10.85714,
            7.28571,
            12.28571
          ],
          "texture": "#3"
        },
        "up": {
          "uv": [
            7.85714,
            13.57143,
            7.42857,
            13.14286
          ],
          "texture": "#3"
        },
        "down": {
          "uv": [
            13.57143,
            7.42857,
            13.14286,
            7.85714
          ],
          "texture": "#3"
        }
      }
    },
    {
      "from": [
        7.4656,
        6.84424,
        7.605
      ],
      "to": [
        8.4656,
        7.59424,
        8.395
      ],
      "rotation": {
        "angle": 22.5,
        "axis": "z",
        "origin": [
          8,
          10.1625,
          8
        ]
      },
      "faces": {
        "north": {
          "uv": [
            13.14286,
            0.57143,
            13.71429,
            1
          ],
          "texture": "#3"
        },
        "east": {
          "uv": [
            8,
            13.14286,
            8.42857,
            13.57143
          ],
          "texture": "#3"
        },
        "south": {
          "uv": [
            13.14286,
            1.14286,
            13.71429,
            1.57143
          ],
          "texture": "#3"
        },
        "west": {
          "uv": [
            13.14286,
            8,
            13.57143,
            8.42857
          ],
          "texture": "#3"
        },
        "up": {
          "uv": [
            2.28571,
            13.57143,
            1.71429,
            13.14286
          ],
          "texture": "#3"
        },
        "down": {
          "uv": [
            13.14286,
            1.71429,
            13.71429,
            2.14286
          ],
          "texture": "#3"
        }
      }
    },
    {
      "from": [
        7.5344,
        6.84424,
        7.605
      ],
      "to": [
        8.5344,
        7.59424,
        8.395
      ],
      "rotation": {
        "angle": -22.5,
        "axis": "z",
        "origin": [
          8,
          10.1625,
          8
        ]
      },
      "faces": {
        "north": {
          "uv": [
            2.28571,
            13.14286,
            2.85714,
            13.57143
          ],
          "texture": "#3"
        },
        "east": {
          "uv": [
            8.57143,
            13.14286,
            9,
            13.57143
          ],
          "texture": "#3"
        },
        "south": {
          "uv": [
            2.85714,
            13.14286,
            3.42857,
            13.57143
          ],
          "texture": "#3"
        },
        "west": {
          "uv": [
            13.14286,
            8.57143,
            13.57143,
            9
          ],
          "texture": "#3"
        },
        "up": {
          "uv": [
            4,
            13.57143,
            3.42857,
            13.14286
          ],
          "texture": "#3"
        },
        "down": {
          "uv": [
            13.14286,
            3.42857,
            13.71429,
            3.85714
          ],
          "texture": "#3"
        }
      }
    },
    {
      "from": [
        6.28111,
        9.70506,
        7.605
      ],
      "to": [
        7.28111,
        10.45506,
        8.395
      ],
      "rotation": {
        "angle": 22.5,
        "axis": "z",
        "origin": [
          8,
          10.1625,
          8
        ]
      },
      "faces": {
        "north": {
          "uv": [
            4,
            13.14286,
            4.57143,
            13.57143
          ],
          "texture": "#3"
        },
        "east": {
          "uv": [
            9.14286,
            13.14286,
            9.57143,
            13.57143
          ],
          "texture": "#3"
        },
        "south": {
          "uv": [
            13.14286,
            4,
            13.71429,
            4.42857
          ],
          "texture": "#3"
        },
        "west": {
          "uv": [
            13.14286,
            9.14286,
            13.57143,
            9.57143
          ],
          "texture": "#3"
        },
        "up": {
          "uv": [
            5.14286,
            13.57143,
            4.57143,
            13.14286
          ],
          "texture": "#3"
        },
        "down": {
          "uv": [
            13.14286,
            4.57143,
            13.71429,
            5
          ],
          "texture": "#3"
        }
      }
    },
    {
      "from": [
        6.3,
        7.275,
        7.6
      ],
      "to": [
        7.05,
        9.775,
        8.4
      ],
      "rotation": {
        "angle": 0,
        "axis": "x",
        "origin": [
          8,
          10.1625,
          8
        ]
      },
      "faces": {
        "north": {
          "uv": [
            10.85714,
            9.71429,
            11.28571,
            11.14286
          ],
          "texture": "#3"
        },
        "east": {
          "uv": [
            11.42857,
            1.14286,
            11.85714,
            2.57143
          ],
          "texture": "#3"
        },
        "south": {
          "uv": [
            2.85714,
            11.42857,
            3.28571,
            12.85714
          ],
          "texture": "#3"
        },
        "west": {
          "uv": [
            11.42857,
            2.85714,
            11.85714,
            4.28571
          ],
          "texture": "#3"
        },
        "up": {
          "uv": [
            10.14286,
            13.57143,
            9.71429,
            13.14286
          ],
          "texture": "#3"
        },
        "down": {
          "uv": [
            13.57143,
            9.71429,
            13.14286,
            10.14286
          ],
          "texture": "#3"
        }
      }
    },
    {
      "from": [
        11,
        1,
        7.75
      ],
      "to": [
        12,
        15,
        8.25
      ],
      "rotation": {
        "angle": 0,
        "axis": "y",
        "origin": [
          0,
          0,
          7.5
        ]
      },
      "faces": {
        "north": {
          "uv": [
            6.28571,
            0,
            6.85714,
            8
          ],
          "texture": "#3"
        },
        "east": {
          "uv": [
            7.42857,
            0,
            7.71429,
            8
          ],
          "texture": "#3"
        },
        "south": {
          "uv": [
            6.85714,
            0,
            7.42857,
            8
          ],
          "texture": "#3"
        },
        "west": {
          "uv": [
            8,
            0,
            8.28571,
            8
          ],
          "texture": "#3"
        },
        "up": {
          "uv": [
            10.85714,
            13.42857,
            10.28571,
            13.14286
          ],
          "texture": "#3"
        },
        "down": {
          "uv": [
            13.71429,
            10.28571,
            13.14286,
            10.57143
          ],
          "texture": "#3"
        }
      }
    },
    {
      "from": [
        10.43934,
        14.35355,
        7.755
      ],
      "to": [
        11.43934,
        16.35355,
        8.245
      ],
      "rotation": {
        "angle": 45,
        "axis": "z",
        "origin": [
          10.93934,
          15.35355,
          7.995
        ]
      },
      "faces": {
        "north": {
          "uv": [
            4,
            10.28571,
            4.57143,
            11.42857
          ],
          "texture": "#3"
        },
        "east": {
          "uv": [
            12,
            10.85714,
            12.28571,
            12
          ],
          "texture": "#3"
        },
        "south": {
          "uv": [
            1.14286,
            10.85714,
            1.71429,
            12
          ],
          "texture": "#3"
        },
        "west": {
          "uv": [
            11.42857,
            12,
            11.71429,
            13.14286
          ],
          "texture": "#3"
        },
        "up": {
          "uv": [
            11.42857,
            13.42857,
            10.85714,
            13.14286
          ],
          "texture": "#3"
        },
        "down": {
          "uv": [
            13.71429,
            10.85714,
            13.14286,
            11.14286
          ],
          "texture": "#3"
        }
      }
    },
    {
      "from": [
        10.43934,
        -0.35355,
        7.755
      ],
      "to": [
        11.43934,
        1.64645,
        8.245
      ],
      "rotation": {
        "angle": -45,
        "axis": "z",
        "origin": [
          10.93934,
          0.64645,
          8.005
        ]
      },
      "faces": {
        "north": {
          "uv": [
            1.71429,
            10.85714,
            2.28571,
            12
          ],
          "texture": "#3"
        },
        "east": {
          "uv": [
            12,
            12,
            12.28571,
            13.14286
          ],
          "texture": "#3"
        },
        "south": {
          "uv": [
            2.28571,
            10.85714,
            2.85714,
            12
          ],
          "texture": "#3"
        },
        "west": {
          "uv": [
            12.57143,
            0.57143,
            12.85714,
            1.71429
          ],
          "texture": "#3"
        },
        "up": {
          "uv": [
            12,
            13.42857,
            11.42857,
            13.14286
          ],
          "texture": "#3"
        },
        "down": {
          "uv": [
            13.71429,
            11.42857,
            13.14286,
            11.71429
          ],
          "texture": "#3"
        }
      }
    },
    {
      "from": [
        4,
        1,
        7.75
      ],
      "to": [
        5,
        15,
        8.25
      ],
      "rotation": {
        "angle": 0,
        "axis": "y",
        "origin": [
          16,
          0,
          7.5
        ]
      },
      "faces": {
        "north": {
          "uv": [
            6.85714,
            0,
            6.28571,
            8
          ],
          "texture": "#3"
        },
        "east": {
          "uv": [
            8.28571,
            0,
            8,
            8
          ],
          "texture": "#3"
        },
        "south": {
          "uv": [
            7.42857,
            0,
            6.85714,
            8
          ],
          "texture": "#3"
        },
        "west": {
          "uv": [
            7.71429,
            0,
            7.42857,
            8
          ],
          "texture": "#3"
        },
        "up": {
          "uv": [
            10.28571,
            13.42857,
            10.85714,
            13.14286
          ],
          "texture": "#3"
        },
        "down": {
          "uv": [
            13.14286,
            10.28571,
            13.71429,
            10.57143
          ],
          "texture": "#3"
        }
      }
    },
    {
      "from": [
        4.56066,
        14.35355,
        7.755
      ],
      "to": [
        5.56066,
        16.35355,
        8.245
      ],
      "rotation": {
        "angle": -45,
        "axis": "z",
        "origin": [
          5.06066,
          15.35355,
          7.995
        ]
      },
      "faces": {
        "north": {
          "uv": [
            4.57143,
            10.28571,
            4,
            11.42857
          ],
          "texture": "#3"
        },
        "east": {
          "uv": [
            11.71429,
            12,
            11.42857,
            13.14286
          ],
          "texture": "#3"
        },
        "south": {
          "uv": [
            1.71429,
            10.85714,
            1.14286,
            12
          ],
          "texture": "#3"
        },
        "west": {
          "uv": [
            12.28571,
            10.85714,
            12,
            12
          ],
          "texture": "#3"
        },
        "up": {
          "uv": [
            10.85714,
            13.42857,
            11.42857,
            13.14286
          ],
          "texture": "#3"
        },
        "down": {
          "uv": [
            13.14286,
            10.85714,
            13.71429,
            11.14286
          ],
          "texture": "#3"
        }
      }
    },
    {
      "from": [
        4.56066,
        -0.35355,
        7.755
      ],
      "to": [
        5.56066,
        1.64645,
        8.245
      ],
      "rotation": {
        "angle": 45,
        "axis": "z",
        "origin": [
          5.06066,
          0.64645,
          8.005
        ]
      },
      "faces": {
        "north": {
          "uv": [
            2.28571,
            10.85714,
            1.71429,
            12
          ],
          "texture": "#3"
        },
        "east": {
          "uv": [
            12.85714,
            0.57143,
            12.57143,
            1.71429
          ],
          "texture": "#3"
        },
        "south": {
          "uv": [
            2.85714,
            10.85714,
            2.28571,
            12
          ],
          "texture": "#3"
        },
        "west": {
          "uv": [
            12.28571,
            12,
            12,
            13.14286
          ],
          "texture": "#3"
        },
        "up": {
          "uv": [
            11.42857,
            13.42857,
            12,
            13.14286
          ],
          "texture": "#3"
        },
        "down": {
          "uv": [
            13.14286,
            11.42857,
            13.71429,
            11.71429
          ],
          "texture": "#3"
        }
      }
    },
    {
      "from": [
        6.5,
        4,
        7.75
      ],
      "to": [
        9.5,
        14,
        8.25
      ],
      "rotation": {
        "angle": 0,
        "axis": "y",
        "origin": [
          6.5,
          0,
          7.75
        ]
      },
      "faces": {
        "north": {
          "uv": [
            4.57143,
            0,
            6.28571,
            5.71429
          ],
          "texture": "#3"
        },
        "east": {
          "uv": [
            0,
            9.14286,
            0.28571,
            14.85714
          ],
          "texture": "#3"
        },
        "south": {
          "uv": [
            4.57143,
            5.71429,
            6.28571,
            11.42857
          ],
          "texture": "#3"
        },
        "west": {
          "uv": [
            0.57143,
            9.14286,
            0.85714,
            14.85714
          ],
          "texture": "#3"
        },
        "down": {
          "uv": [
            13.14286,
            8,
            11.42857,
            8.28571
          ],
          "texture": "#3"
        }
      }
    },
    {
      "from": [
        7.35,
        13.10104,
        7.725
      ],
      "to": [
        9.5,
        15.25104,
        8.275
      ],
      "rotation": {
        "angle": -45,
        "axis": "z",
        "origin": [
          8,
          14.60104,
          8
        ]
      },
      "faces": {
        "north": {
          "uv": [
            6.28571,
            8,
            7.57143,
            9.28571
          ],
          "texture": "#3"
        },
        "east": {
          "uv": [
            9.71429,
            11.42857,
            10,
            12.71429
          ],
          "texture": "#3"
        },
        "south": {
          "uv": [
            8,
            8,
            9.28571,
            9.28571
          ],
          "texture": "#3"
        },
        "west": {
          "uv": [
            11.42857,
            9.71429,
            11.71429,
            11
          ],
          "texture": "#3"
        },
        "up": {
          "uv": [
            11.57143,
            11.71429,
            10.28571,
            11.42857
          ],
          "texture": "#3"
        },
        "down": {
          "uv": [
            13.28571,
            0,
            12,
            0.28571
          ],
          "texture": "#3"
        }
      }
    },
    {
      "from": [
        7.35,
        3.10104,
        7.725
      ],
      "to": [
        9.5,
        5.25104,
        8.275
      ],
      "rotation": {
        "angle": -45,
        "axis": "z",
        "origin": [
          8,
          4.60104,
          8
        ]
      },
      "faces": {
        "north": {
          "uv": [
            8.57143,
            0,
            9.85714,
            1.28571
          ],
          "texture": "#3"
        },
        "east": {
          "uv": [
            12,
            0.57143,
            12.28571,
            1.85714
          ],
          "texture": "#3"
        },
        "south": {
          "uv": [
            8.57143,
            1.71429,
            9.85714,
            3
          ],
          "texture": "#3"
        },
        "west": {
          "uv": [
            1.14286,
            12,
            1.42857,
            13.28571
          ],
          "texture": "#3"
        },
        "up": {
          "uv": [
            13.28571,
            2.57143,
            12,
            2.28571
          ],
          "texture": "#3"
        },
        "down": {
          "uv": [
            13.28571,
            2.85714,
            12,
            3.14286
          ],
          "texture": "#3"
        }
      }
    },
    {
      "from": [
        7.3,
        9.875,
        9.675
      ],
      "to": [
        8.7,
        10.375,
        11.075
      ],
      "rotation": {
        "angle": 0,
        "axis": "y",
        "origin": [
          8,
          8.6875,
          10.375
        ]
      },
      "faces": {
        "north": {
          "uv": [
            5.14286,
            13.14286,
            6,
            13.42857
          ],
          "texture": "#3"
        },
        "east": {
          "uv": [
            13.14286,
            5.14286,
            14,
            5.42857
          ],
          "texture": "#3"
        },
        "south": {
          "uv": [
            13.14286,
            5.71429,
            14,
            6
          ],
          "texture": "#3"
        },
        "west": {
          "uv": [
            6.28571,
            13.14286,
            7.14286,
            13.42857
          ],
          "texture": "#3"
        },
        "up": {
          "uv": [
            9.42857,
            11.14286,
            8.57143,
            10.28571
          ],
          "texture": "#3"
        },
        "down": {
          "uv": [
            10.57143,
            10.28571,
            9.71429,
            11.14286
          ],
          "texture": "#3"
        }
      }
    },
    {
      "from": [
        7.5,
        10.375,
        9.875
      ],
      "to": [
        8.5,
        11.375,
        10.875
      ],
      "rotation": {
        "angle": 0,
        "axis": "y",
        "origin": [
          8,
          8.6875,
          10.375
        ]
      },
      "faces": {
        "north": {
          "uv": [
            12.57143,
            4,
            13.14286,
            4.57143
          ],
          "texture": "#3"
        },
        "east": {
          "uv": [
            4.57143,
            12.57143,
            5.14286,
            13.14286
          ],
          "texture": "#3"
        },
        "south": {
          "uv": [
            12.57143,
            4.57143,
            13.14286,
            5.14286
          ],
          "texture": "#3"
        },
        "west": {
          "uv": [
            5.14286,
            12.57143,
            5.71429,
            13.14286
          ],
          "texture": "#3"
        },
        "up": {
          "uv": [
            13.14286,
            5.71429,
            12.57143,
            5.14286
          ],
          "texture": "#3"
        },
        "down": {
          "uv": [
            6.28571,
            12.57143,
            5.71429,
            13.14286
          ],
          "texture": "#3"
        }
      }
    },
    {
      "from": [
        7.5,
        8.875,
        9.875
      ],
      "to": [
        8.5,
        9.875,
        10.875
      ],
      "rotation": {
        "angle": 0,
        "axis": "y",
        "origin": [
          8,
          8.6875,
          10.375
        ]
      },
      "faces": {
        "north": {
          "uv": [
            1.71429,
            12.57143,
            2.28571,
            13.14286
          ],
          "texture": "#3"
        },
        "east": {
          "uv": [
            12.57143,
            1.71429,
            13.14286,
            2.28571
          ],
          "texture": "#3"
        },
        "south": {
          "uv": [
            2.28571,
            12.57143,
            2.85714,
            13.14286
          ],
          "texture": "#3"
        },
        "west": {
          "uv": [
            3.42857,
            12.57143,
            4,
            13.14286
          ],
          "texture": "#3"
        },
        "up": {
          "uv": [
            13.14286,
            4,
            12.57143,
            3.42857
          ],
          "texture": "#3"
        },
        "down": {
          "uv": [
            4.57143,
            12.57143,
            4,
            13.14286
          ],
          "texture": "#3"
        }
      }
    },
    {
      "from": [
        7.6,
        7.125,
        9.975
      ],
      "to": [
        8.4,
        8.875,
        10.775
      ],
      "rotation": {
        "angle": 0,
        "axis": "y",
        "origin": [
          8,
          8.6875,
          10.375
        ]
      },
      "faces": {
        "north": {
          "uv": [
            5.71429,
            11.42857,
            6.14286,
            12.42857
          ],
          "texture": "#3"
        },
        "east": {
          "uv": [
            8.57143,
            11.42857,
            9,
            12.42857
          ],
          "texture": "#3"
        },
        "south": {
          "uv": [
            11.42857,
            8.57143,
            11.85714,
            9.57143
          ],
          "texture": "#3"
        },
        "west": {
          "uv": [
            9.14286,
            11.42857,
            9.57143,
            12.42857
          ],
          "texture": "#3"
        }
      }
    },
    {
      "from": [
        7.6,
        10.3875,
        8.1375
      ],
      "to": [
        8.4,
        11.1875,
        9.8875
      ],
      "rotation": {
        "angle": 0,
        "axis": "x",
        "origin": [
          8,
          10.7875,
          9.7
        ]
      },
      "faces": {
        "east": {
          "uv": [
            8.57143,
            11.42857,
            9,
            12.42857
          ],
          "rotation": 270,
          "texture": "#3"
        },
        "west": {
          "uv": [
            9.14286,
            11.42857,
            9.57143,
            12.42857
          ],
          "rotation": 90,
          "texture": "#3"
        },
        "up": {
          "uv": [
            5.71429,
            11.42857,
            6.14286,
            12.42857
          ],
          "rotation": 180,
          "texture": "#3"
        },
        "down": {
          "uv": [
            11.42857,
            8.57143,
            11.85714,
            9.57143
          ],
          "texture": "#3"
        }
      }
    },
    {
      "from": [
        7.6,
        4.8125,
        8.1375
      ],
      "to": [
        8.4,
        5.6125,
        9.8875
      ],
      "rotation": {
        "angle": 0,
        "axis": "x",
        "origin": [
          8,
          5.2125,
          9.7
        ]
      },
      "faces": {
        "east": {
          "uv": [
            9,
            11.42857,
            8.57143,
            12.42857
          ],
          "rotation": 270,
          "texture": "#3"
        },
        "west": {
          "uv": [
            9.57143,
            11.42857,
            9.14286,
            12.42857
          ],
          "rotation": 90,
          "texture": "#3"
        },
        "up": {
          "uv": [
            11.42857,
            9.57143,
            11.85714,
            8.57143
          ],
          "texture": "#3"
        },
        "down": {
          "uv": [
            5.71429,
            12.42857,
            6.14286,
            11.42857
          ],
          "rotation": 180,
          "texture": "#3"
        }
      }
    },
    {
      "from": [
        7.39,
        10.06624,
        11.75374
      ],
      "to": [
        8.61,
        11.28624,
        12.97374
      ],
      "rotation": {
        "angle": -45,
        "axis": "x",
        "origin": [
          8,
          8.6875,
          10.375
        ]
      },
      "faces": {
        "north": {
          "uv": [
            10.85714,
            6.85714,
            11.57143,
            7.57143
          ],
          "texture": "#3"
        },
        "east": {
          "uv": [
            3.42857,
            11.42857,
            4.14286,
            12.14286
          ],
          "texture": "#3"
        },
        "south": {
          "uv": [
            4.57143,
            11.42857,
            5.28571,
            12.14286
          ],
          "texture": "#3"
        },
        "west": {
          "uv": [
            11.42857,
            4.57143,
            12.14286,
            5.28571
          ],
          "texture": "#3"
        },
        "up": {
          "uv": [
            12.14286,
            6.42857,
            11.42857,
            5.71429
          ],
          "texture": "#3"
        },
        "down": {
          "uv": [
            8.14286,
            11.42857,
            7.42857,
            12.14286
          ],
          "texture": "#3"
        }
      }
    },
    {
      "from": [
        7.39,
        4.71376,
        11.75374
      ],
      "to": [
        8.61,
        5.93376,
        12.97374
      ],
      "rotation": {
        "angle": 45,
        "axis": "x",
        "origin": [
          8,
          7.3125,
          10.375
        ]
      },
      "faces": {
        "north": {
          "uv": [
            10.85714,
            7.57143,
            11.57143,
            6.85714
          ],
          "texture": "#3"
        },
        "east": {
          "uv": [
            3.42857,
            12.14286,
            4.14286,
            11.42857
          ],
          "texture": "#3"
        },
        "south": {
          "uv": [
            4.57143,
            12.14286,
            5.28571,
            11.42857
          ],
          "texture": "#3"
        },
        "west": {
          "uv": [
            11.42857,
            5.28571,
            12.14286,
            4.57143
          ],
          "texture": "#3"
        },
        "up": {
          "uv": [
            8.14286,
            12.14286,
            7.42857,
            11.42857
          ],
          "texture": "#3"
        },
        "down": {
          "uv": [
            12.14286,
            5.71429,
            11.42857,
            6.42857
          ],
          "texture": "#3"
        }
      }
    },
    {
      "from": [
        7.5,
        6.125,
        9.875
      ],
      "to": [
        8.5,
        7.125,
        10.875
      ],
      "rotation": {
        "angle": 0,
        "axis": "y",
        "origin": [
          8,
          7.3125,
          10.375
        ]
      },
      "faces": {
        "north": {
          "uv": [
            1.71429,
            13.14286,
            2.28571,
            12.57143
          ],
          "texture": "#3"
        },
        "east": {
          "uv": [
            12.57143,
            2.28571,
            13.14286,
            1.71429
          ],
          "texture": "#3"
        },
        "south": {
          "uv": [
            2.28571,
            13.14286,
            2.85714,
            12.57143
          ],
          "texture": "#3"
        },
        "west": {
          "uv": [
            3.42857,
            13.14286,
            4,
            12.57143
          ],
          "texture": "#3"
        },
        "up": {
          "uv": [
            4.57143,
            13.14286,
            4,
            12.57143
          ],
          "texture": "#3"
        },
        "down": {
          "uv": [
            13.14286,
            3.42857,
            12.57143,
            4
          ],
          "texture": "#3"
        }
      }
    },
    {
      "from": [
        7.5,
        4.625,
        9.875
      ],
      "to": [
        8.5,
        5.625,
        10.875
      ],
      "rotation": {
        "angle": 0,
        "axis": "y",
        "origin": [
          8,
          7.3125,
          10.375
        ]
      },
      "faces": {
        "north": {
          "uv": [
            12.57143,
            4.57143,
            13.14286,
            4
          ],
          "texture": "#3"
        },
        "east": {
          "uv": [
            4.57143,
            13.14286,
            5.14286,
            12.57143
          ],
          "texture": "#3"
        },
        "south": {
          "uv": [
            12.57143,
            5.14286,
            13.14286,
            4.57143
          ],
          "texture": "#3"
        },
        "west": {
          "uv": [
            5.14286,
            13.14286,
            5.71429,
            12.57143
          ],
          "texture": "#3"
        },
        "up": {
          "uv": [
            6.28571,
            13.14286,
            5.71429,
            12.57143
          ],
          "texture": "#3"
        },
        "down": {
          "uv": [
            13.14286,
            5.14286,
            12.57143,
            5.71429
          ],
          "texture": "#3"
        }
      }
    },
    {
      "from": [
        7.3,
        5.625,
        9.675
      ],
      "to": [
        8.7,
        6.125,
        11.075
      ],
      "rotation": {
        "angle": 0,
        "axis": "y",
        "origin": [
          8,
          7.3125,
          10.375
        ]
      },
      "faces": {
        "north": {
          "uv": [
            5.14286,
            13.42857,
            6,
            13.14286
          ],
          "texture": "#3"
        },
        "east": {
          "uv": [
            13.14286,
            5.42857,
            14,
            5.14286
          ],
          "texture": "#3"
        },
        "south": {
          "uv": [
            13.14286,
            6,
            14,
            5.71429
          ],
          "texture": "#3"
        },
        "west": {
          "uv": [
            6.28571,
            13.42857,
            7.14286,
            13.14286
          ],
          "texture": "#3"
        },
        "up": {
          "uv": [
            10.57143,
            11.14286,
            9.71429,
            10.28571
          ],
          "texture": "#3"
        },
        "down": {
          "uv": [
            9.42857,
            10.28571,
            8.57143,
            11.14286
          ],
          "texture": "#3"
        }
      }
    },
    {
      "from": [
        5,
        0,
        8
      ],
      "to": [
        11,
        16,
        8
      ],
      "rotation": {
        "angle": 0,
        "axis": "y",
        "origin": [
          5.5,
          0,
          8
        ]
      },
      "faces": {
        "north": {
          "uv": [
            0,
            0,
            3.42857,
            9.14286
          ],
          "texture": "#3"
        },
        "east": {
          "uv": [
            0,
            0,
            0,
            9.14286
          ],
          "texture": "#3"
        },
        "south": {
          "uv": [
            3.42857,
            0,
            0,
            9.14286
          ],
          "texture": "#3"
        },
        "west": {
          "uv": [
            0,
            0,
            0,
            9.14286
          ],
          "texture": "#3"
        },
        "up": {
          "uv": [
            3.42857,
            0,
            0,
            0
          ],
          "texture": "#3"
        },
        "down": {
          "uv": [
            3.42857,
            0,
            0,
            0
          ],
          "texture": "#3"
        }
      }
    },
    {
      "from": [
        11.42388,
        0,
        8.20768
      ],
      "to": [
        13.42388,
        16,
        8.20768
      ],
      "rotation": {
        "angle": -22.5,
        "axis": "y",
        "origin": [
          12.42388,
          0,
          8.20768
        ]
      },
      "faces": {
        "north": {
          "uv": [
            3.42857,
            0,
            4.57143,
            9.14286
          ],
          "texture": "#3"
        },
        "south": {
          "uv": [
            4.57143,
            0,
            3.42857,
            9.14286
          ],
          "texture": "#3"
        },
        "west": {
          "uv": [
            0,
            0,
            0,
            9.14286
          ],
          "texture": "#3"
        },
        "up": {
          "uv": [
            1.14286,
            0,
            0,
            0
          ],
          "texture": "#3"
        },
        "down": {
          "uv": [
            1.14286,
            0,
            0,
            0
          ],
          "texture": "#3"
        }
      }
    },
    {
      "from": [
        2.57612,
        0,
        8.20768
      ],
      "to": [
        4.57612,
        16,
        8.20768
      ],
      "rotation": {
        "angle": 22.5,
        "axis": "y",
        "origin": [
          3.57612,
          0,
          8.20768
        ]
      },
      "faces": {
        "north": {
          "uv": [
            4.57143,
            0,
            3.42857,
            9.14286
          ],
          "texture": "#3"
        },
        "east": {
          "uv": [
            0,
            0,
            0,
            9.14286
          ],
          "texture": "#3"
        },
        "south": {
          "uv": [
            3.42857,
            0,
            4.57143,
            9.14286
          ],
          "texture": "#3"
        },
        "west": {
          "uv": [
            0,
            0,
            0,
            9.14286
          ],
          "texture": "#3"
        },
        "up": {
          "uv": [
            0,
            0,
            1.14286,
            0
          ],
          "texture": "#3"
        },
        "down": {
          "uv": [
            0,
            0,
            1.14286,
            0
          ],
          "texture": "#3"
        }
      }
    },
    {
      "from": [
        9.25,
        9.15,
        7.4
      ],
      "to": [
        14.25,
        14.15,
        7.4
      ],
      "rotation": {
        "angle": 0,
        "axis": "y",
        "origin": [
          7.65,
          12.75,
          5
        ]
      },
      "faces": {
        "north": {
          "uv": [
            0,
            0,
            10.28571,
            10.28571
          ],
          "rotation": 270,
          "texture": "#2"
        },
        "east": {
          "uv": [
            0,
            2.85714,
            0,
            0
          ],
          "rotation": 180,
          "texture": "#2"
        },
        "west": {
          "uv": [
            0,
            0,
            0,
            2.85714
          ],
          "texture": "#2"
        },
        "up": {
          "uv": [
            0,
            0,
            0,
            2.85714
          ],
          "rotation": 90,
          "texture": "#2"
        },
        "down": {
          "uv": [
            0,
            0,
            0,
            2.85714
          ],
          "rotation": 90,
          "texture": "#2"
        }
      }
    },
    {
      "from": [
        1.75,
        9.15,
        7.4
      ],
      "to": [
        6.75,
        14.15,
        7.4
      ],
      "rotation": {
        "angle": 0,
        "axis": "y",
        "origin": [
          8.35,
          12.75,
          5
        ]
      },
      "faces": {
        "north": {
          "uv": [
            0,
            10.28571,
            10.28571,
            0
          ],
          "rotation": 270,
          "texture": "#2"
        },
        "east": {
          "uv": [
            0,
            0,
            0,
            2.85714
          ],
          "texture": "#2"
        },
        "west": {
          "uv": [
            0,
            2.85714,
            0,
            0
          ],
          "rotation": 180,
          "texture": "#2"
        },
        "up": {
          "uv": [
            0,
            2.85714,
            0,
            0
          ],
          "rotation": 90,
          "texture": "#2"
        },
        "down": {
          "uv": [
            0,
            2.85714,
            0,
            0
          ],
          "rotation": 90,
          "texture": "#2"
        }
      }
    }
  ],
  "gui_light": "front",
  "display": {
    "thirdperson_righthand": {
      "rotation": [
        0,
        -90,
        0
      ],
      "translation": [
        3,
        -2,
        1.25
      ]
    },
    "thirdperson_lefthand": {
      "rotation": [
        0,
        -90,
        0
      ],
      "translation": [
        3,
        -2,
        1.25
      ]
    },
    "firstperson_righthand": {
      "rotation": [
        0,
        0,
        11
      ],
      "translation": [
        -0.25,
        1.75,
        2.5
      ]
    },
    "firstperson_lefthand": {
      "rotation": [
        0,
        0,
        11
      ],
      "translation": [
        -0.25,
        1.75,
        2.5
      ]
    },
    "ground": {
      "rotation": [
        45,
        0,
        0
      ],
      "translation": [
        0,
        6.5,
        0
      ]
    },
    "gui": {
      "rotation": [
        0,
        180,
        0
      ],
      "scale": [
        1.08984,
        1.08984,
        1.08984
      ]
    },
    "head": {
      "scale": [
        0,
        0,
        0
      ]
    },
    "fixed": {
      "translation": [
        0,
        0.5,
        -3
      ],
      "scale": [
        2,
        2,
        2
      ]
    }
  }
}