{
	"credit": "Made by PolygonMC",
	"texture_size": [20, 20],
	"textures": {
		"1": "malikaset:fishing_rod_cast",
		"2": "malikaset:animations_1",
		"particle": "malikaset:animations_1"
	},
	"elements": [
		{
			"from": [7.5, 0, 7.5],
			"to": [8.5, 1, 8.5],
			"rotation": {"angle": 0, "axis": "y", "origin": [7.5, 0, 7.5]},
			"faces": {
				"north": {"uv": [6.4, 5.6, 7.2, 6.4], "texture": "#1"},
				"east": {"uv": [7.2, 2.4, 8, 3.2], "texture": "#1"},
				"south": {"uv": [8.8, 1.6, 9.6, 2.4], "texture": "#1"},
				"west": {"uv": [9.6, 4.8, 10.4, 5.6], "texture": "#1"},
				"up": {"uv": [12, 8.8, 11.2, 8], "texture": "#1"},
				"down": {"uv": [12, 8.8, 11.2, 9.6], "texture": "#1"}
			}
		},
		{
			"from": [7.5, 4.5, 7.5],
			"to": [8.5, 5.5, 8.5],
			"rotation": {"angle": 0, "axis": "y", "origin": [7.5, 4.5, 7.5]},
			"faces": {
				"north": {"uv": [11.2, 9.6, 12, 10.4], "texture": "#1"},
				"east": {"uv": [10.4, 11.2, 11.2, 12], "texture": "#1"},
				"south": {"uv": [11.2, 10.4, 12, 11.2], "texture": "#1"},
				"west": {"uv": [11.2, 11.2, 12, 12], "texture": "#1"},
				"up": {"uv": [0.8, 12.8, 0, 12], "texture": "#1"},
				"down": {"uv": [12.8, 0, 12, 0.8], "texture": "#1"}
			}
		},
		{
			"from": [7.5, 2.225, 7.5],
			"to": [8.5, 3.225, 8.5],
			"rotation": {"angle": -45, "axis": "x", "origin": [8, 2.725, 8]},
			"faces": {
				"north": {"uv": [0.8, 12, 1.6, 12.8], "texture": "#1"},
				"east": {"uv": [12, 0.8, 12.8, 1.6], "texture": "#1"},
				"south": {"uv": [1.6, 12, 2.4, 12.8], "texture": "#1"},
				"west": {"uv": [12, 1.6, 12.8, 2.4], "texture": "#1"},
				"up": {"uv": [3.2, 12.8, 2.4, 12], "texture": "#1"},
				"down": {"uv": [12.8, 2.4, 12, 3.2], "texture": "#1"}
			}
		},
		{
			"from": [7.4, 5.225, 7],
			"to": [8.6, 7.225, 9],
			"rotation": {"angle": -45, "axis": "x", "origin": [8, 6.225, 8]},
			"faces": {
				"north": {"uv": [8.8, 0, 9.8, 1.6], "texture": "#1"},
				"east": {"uv": [3.2, 0, 4.8, 1.6], "texture": "#1"},
				"south": {"uv": [4, 8.8, 5, 10.4], "texture": "#1"},
				"west": {"uv": [3.2, 1.6, 4.8, 3.2], "texture": "#1"},
				"up": {"uv": [6.6, 10.4, 5.6, 8.8], "texture": "#1"},
				"down": {"uv": [9.8, 5.6, 8.8, 7.2], "texture": "#1"}
			}
		},
		{
			"from": [7.15, 5.475, 7.25],
			"to": [8.85, 6.975, 8.75],
			"rotation": {"angle": -45, "axis": "x", "origin": [8, 6.225, 8]},
			"faces": {
				"north": {"uv": [7.2, 5.6, 8.6, 6.8], "texture": "#1"},
				"east": {"uv": [7.2, 8.8, 8.4, 10], "texture": "#1"},
				"south": {"uv": [7.2, 7.2, 8.6, 8.4], "texture": "#1"},
				"west": {"uv": [8.8, 7.2, 10, 8.4], "texture": "#1"},
				"up": {"uv": [9.4, 3.6, 8, 2.4], "texture": "#1"},
				"down": {"uv": [9.4, 4, 8, 5.2], "texture": "#1"}
			}
		},
		{
			"from": [7.5, -1.275, 7.5],
			"to": [8.5, -0.275, 8.5],
			"rotation": {"angle": -45, "axis": "x", "origin": [8, -0.775, 8]},
			"faces": {
				"north": {"uv": [12, 3.2, 12.8, 4], "texture": "#1"},
				"east": {"uv": [4, 12, 4.8, 12.8], "texture": "#1"},
				"south": {"uv": [12, 4, 12.8, 4.8], "texture": "#1"},
				"west": {"uv": [4.8, 12, 5.6, 12.8], "texture": "#1"},
				"up": {"uv": [12.8, 5.6, 12, 4.8], "texture": "#1"},
				"down": {"uv": [6.4, 12, 5.6, 12.8], "texture": "#1"}
			}
		},
		{
			"from": [7.6, 1, 7.6],
			"to": [8.4, 4.5, 8.4],
			"rotation": {"angle": 0, "axis": "y", "origin": [7.5, 1, 7.5]},
			"faces": {
				"north": {"uv": [0, 8.8, 0.6, 11.6], "texture": "#1"},
				"east": {"uv": [0.8, 8.8, 1.4, 11.6], "texture": "#1"},
				"south": {"uv": [1.6, 8.8, 2.2, 11.6], "texture": "#1"},
				"west": {"uv": [2.4, 8.8, 3, 11.6], "texture": "#1"}
			}
		},
		{
			"from": [7.25, -0.5, 7.25],
			"to": [8.75, 0, 8.75],
			"rotation": {"angle": 0, "axis": "y", "origin": [7.5, -1, 7.5]},
			"faces": {
				"north": {"uv": [12, 8, 13.2, 8.4], "texture": "#1"},
				"east": {"uv": [8.8, 12, 10, 12.4], "texture": "#1"},
				"south": {"uv": [12, 8.8, 13.2, 9.2], "texture": "#1"},
				"west": {"uv": [12, 9.6, 13.2, 10], "texture": "#1"},
				"up": {"uv": [10, 10, 8.8, 8.8], "texture": "#1"},
				"down": {"uv": [10.8, 1.6, 9.6, 2.8], "texture": "#1"}
			}
		},
		{
			"from": [7.5, 6.22926, 9.09883],
			"to": [8.5, 8.22926, 10.09883],
			"rotation": {"angle": 22.5, "axis": "x", "origin": [8, 8.13748, 9.74504]},
			"faces": {
				"north": {"uv": [3.2, 9.6, 4, 11.2], "texture": "#1"},
				"east": {"uv": [10.4, 0, 11.2, 1.6], "texture": "#1"},
				"south": {"uv": [4, 10.4, 4.8, 12], "texture": "#1"},
				"west": {"uv": [4.8, 10.4, 5.6, 12], "texture": "#1"},
				"down": {"uv": [12.8, 5.6, 12, 6.4], "texture": "#1"}
			}
		},
		{
			"from": [7.43, 7.01439, 9.17309],
			"to": [8.57, 9.29439, 10.31309],
			"rotation": {"angle": 0, "axis": "x", "origin": [8, 8.13748, 9.74504]},
			"faces": {
				"north": {"uv": [6.4, 3.2, 7.4, 5], "texture": "#1"},
				"east": {"uv": [4, 6.4, 5, 8.2], "texture": "#1"},
				"south": {"uv": [5.6, 6.4, 6.6, 8.2], "texture": "#1"},
				"west": {"uv": [7.2, 0, 8.2, 1.8], "texture": "#1"},
				"up": {"uv": [11.4, 5.8, 10.4, 4.8], "texture": "#1"},
				"down": {"uv": [6.6, 10.4, 5.6, 11.4], "texture": "#1"}
			}
		},
		{
			"from": [7.5554, 8.96786, 9.74078],
			"to": [8.4446, 10.17626, 10.62998],
			"rotation": {"angle": -22.5, "axis": "x", "origin": [8, 8.13748, 9.74504]},
			"faces": {
				"north": {"uv": [8.8, 10.4, 9.6, 11.4], "texture": "#1"},
				"east": {"uv": [9.6, 10.4, 10.4, 11.4], "texture": "#1"},
				"south": {"uv": [10.4, 9.6, 11.2, 10.6], "texture": "#1"},
				"west": {"uv": [11.2, 0, 12, 1], "texture": "#1"},
				"up": {"uv": [7.2, 12.8, 6.4, 12], "texture": "#1"}
			}
		},
		{
			"from": [7.671, 9.6685, 10.59772],
			"to": [8.329, 10.56272, 11.25573],
			"rotation": {"angle": -45, "axis": "x", "origin": [8, 8.13748, 9.74504]},
			"faces": {
				"north": {"uv": [10.4, 12, 11, 12.8], "texture": "#1"},
				"east": {"uv": [12, 10.4, 12.6, 11.2], "texture": "#1"},
				"south": {"uv": [11.2, 12, 11.8, 12.8], "texture": "#1"},
				"west": {"uv": [12, 11.2, 12.6, 12], "texture": "#1"},
				"up": {"uv": [13.4, 6.2, 12.8, 5.6], "texture": "#1"}
			}
		},
		{
			"from": [7.5554, 6.09869, 8.8601],
			"to": [8.4446, 7.30709, 9.7493],
			"rotation": {"angle": -22.5, "axis": "x", "origin": [8, 8.13748, 9.74504]},
			"faces": {
				"north": {"uv": [11.2, 1.6, 12, 2.6], "texture": "#1"},
				"east": {"uv": [3.2, 11.2, 4, 12.2], "texture": "#1"},
				"south": {"uv": [11.2, 3.2, 12, 4.2], "texture": "#1"},
				"west": {"uv": [11.2, 6.4, 12, 7.4], "texture": "#1"},
				"down": {"uv": [12.8, 6.4, 12, 7.2], "texture": "#1"}
			}
		},
		{
			"from": [7.671, 5.71224, 8.23435],
			"to": [8.329, 6.60645, 8.89236],
			"rotation": {"angle": -45, "axis": "x", "origin": [8, 8.13748, 9.74504]},
			"faces": {
				"north": {"uv": [12, 12, 12.6, 12.8], "texture": "#1"},
				"east": {"uv": [0, 12.8, 0.6, 13.6], "texture": "#1"},
				"south": {"uv": [12.8, 0, 13.4, 0.8], "texture": "#1"},
				"west": {"uv": [0.8, 12.8, 1.4, 13.6], "texture": "#1"},
				"down": {"uv": [7, 12.8, 6.4, 13.4], "texture": "#1"}
			}
		},
		{
			"from": [7.5, 6.975, 7.5],
			"to": [8.5, 10.975, 8.5],
			"rotation": {"angle": 0, "axis": "y", "origin": [6.9, 4.45, 6.08579]},
			"faces": {
				"north": {"uv": [4, 3.2, 4.8, 6.4], "texture": "#1"},
				"east": {"uv": [4.8, 3.2, 4, 6.4], "texture": "#1"},
				"south": {"uv": [4, 3.2, 4.8, 6.4], "texture": "#1"},
				"west": {"uv": [4.8, 3.2, 5.6, 6.4], "texture": "#1"},
				"up": {"uv": [8, 12.8, 7.2, 12], "texture": "#1"},
				"down": {"uv": [12.8, 7.2, 12, 8], "texture": "#1"}
			}
		},
		{
			"from": [7.56, 10.915, 7.56],
			"to": [8.44, 14.435, 8.44],
			"rotation": {"angle": 0, "axis": "y", "origin": [7.032, 5.473, 6.31549]},
			"faces": {
				"north": {"uv": [5.6, 3.2, 6.4, 6], "texture": "#1"},
				"east": {"uv": [6.4, 3.2, 5.6, 6], "texture": "#1"},
				"south": {"uv": [5.6, 3.2, 6.4, 6], "texture": "#1"},
				"west": {"uv": [3.2, 6.4, 4, 9.2], "texture": "#1"},
				"up": {"uv": [8.8, 12.8, 8, 12], "texture": "#1"}
			}
		},
		{
			"from": [7.6392, 14.17251, 7.21551],
			"to": [8.3608, 16.23891, 7.93711],
			"rotation": {"angle": -22.5, "axis": "x", "origin": [8, 15.43071, 7.55131]},
			"faces": {
				"north": {"uv": [11, 8, 10.4, 9.6], "texture": "#1"},
				"east": {"uv": [10.4, 8, 11, 9.6], "texture": "#1"},
				"south": {"uv": [11, 8, 10.4, 9.6], "texture": "#1"},
				"west": {"uv": [10.4, 8, 11, 9.6], "texture": "#1"},
				"up": {"uv": [13.4, 7, 12.8, 6.4], "texture": "#1"}
			}
		},
		{
			"from": [7.69693, 15.89904, 6.68823],
			"to": [8.30307, 17.04482, 7.29438],
			"rotation": {"angle": -45, "axis": "x", "origin": [8, 16.44693, 6.96631]},
			"faces": {
				"north": {"uv": [12.8, 0.8, 13.2, 1.8], "texture": "#1"},
				"east": {"uv": [1.6, 12.8, 2, 13.8], "texture": "#1"},
				"south": {"uv": [2.4, 12.8, 2.8, 13.8], "texture": "#1"},
				"west": {"uv": [12.8, 2.4, 13.2, 3.4], "texture": "#1"},
				"up": {"uv": [7.6, 13.2, 7.2, 12.8], "texture": "#1"}
			}
		},
		{
			"from": [7.25, 8.875, 6.3],
			"to": [8.75, 8.875, 7.8],
			"rotation": {"angle": 0, "axis": "y", "origin": [7.25, 0, 0]},
			"faces": {
				"north": {"uv": [0, 0, 1.2, 0], "texture": "#1"},
				"east": {"uv": [0, 0, 1.2, 0], "texture": "#1"},
				"south": {"uv": [0, 0, 1.2, 0], "texture": "#1"},
				"west": {"uv": [0, 0, 1.2, 0], "texture": "#1"},
				"up": {"uv": [10.8, 4.4, 9.6, 3.2], "texture": "#1"},
				"down": {"uv": [10.8, 3.2, 9.6, 4.4], "texture": "#1"}
			}
		},
		{
			"from": [7.25, 10.875, 6.3],
			"to": [8.75, 10.875, 7.8],
			"rotation": {"angle": 0, "axis": "y", "origin": [7.25, 0, 0]},
			"faces": {
				"north": {"uv": [0, 0, 1.2, 0], "texture": "#1"},
				"east": {"uv": [0, 0, 1.2, 0], "texture": "#1"},
				"south": {"uv": [0, 0, 1.2, 0], "texture": "#1"},
				"west": {"uv": [0, 0, 1.2, 0], "texture": "#1"},
				"up": {"uv": [10.8, 4.4, 9.6, 3.2], "texture": "#1"},
				"down": {"uv": [10.8, 3.2, 9.6, 4.4], "texture": "#1"}
			}
		},
		{
			"from": [7.25, 12.875, 6.3],
			"to": [8.75, 12.875, 7.8],
			"rotation": {"angle": 0, "axis": "y", "origin": [7.25, 0, 0]},
			"faces": {
				"north": {"uv": [0, 0, 1.2, 0], "texture": "#1"},
				"east": {"uv": [0, 0, 1.2, 0], "texture": "#1"},
				"south": {"uv": [0, 0, 1.2, 0], "texture": "#1"},
				"west": {"uv": [0, 0, 1.2, 0], "texture": "#1"},
				"up": {"uv": [10.8, 4.4, 9.6, 3.2], "texture": "#1"},
				"down": {"uv": [10.8, 3.2, 9.6, 4.4], "texture": "#1"}
			}
		},
		{
			"from": [7.25, 14.575, 6.025],
			"to": [8.75, 14.575, 7.525],
			"rotation": {"angle": -22.5, "axis": "x", "origin": [8, 14.575, 7]},
			"faces": {
				"north": {"uv": [0, 0, 1.2, 0], "texture": "#1"},
				"east": {"uv": [0, 0, 1.2, 0], "texture": "#1"},
				"south": {"uv": [0, 0, 1.2, 0], "texture": "#1"},
				"west": {"uv": [0, 0, 1.2, 0], "texture": "#1"},
				"up": {"uv": [10.8, 4.4, 9.6, 3.2], "texture": "#1"},
				"down": {"uv": [10.8, 3.2, 9.6, 4.4], "texture": "#1"}
			}
		},
		{
			"from": [7.25, 16.08666, 5.30176],
			"to": [8.75, 16.08666, 6.80176],
			"rotation": {"angle": -45, "axis": "x", "origin": [8, 16.33666, 6.02676]},
			"faces": {
				"north": {"uv": [0, 0, 1.2, 0], "texture": "#1"},
				"east": {"uv": [0, 0, 1.2, 0], "texture": "#1"},
				"south": {"uv": [0, 0, 1.2, 0], "texture": "#1"},
				"west": {"uv": [0, 0, 1.2, 0], "texture": "#1"},
				"up": {"uv": [10.8, 4.4, 9.6, 3.2], "texture": "#1"},
				"down": {"uv": [10.8, 3.2, 9.6, 4.4], "texture": "#1"}
			}
		},
		{
			"from": [8, 6, 4.05],
			"to": [8, 17, 8.05],
			"rotation": {"angle": 0, "axis": "y", "origin": [8, 0, 0]},
			"faces": {
				"north": {"uv": [0, 0, 0, 8.8], "texture": "#1"},
				"east": {"uv": [3.2, 0, 0, 8.8], "texture": "#1"},
				"south": {"uv": [0, 0, 0, 8.8], "texture": "#1"},
				"west": {"uv": [0, 0, 3.2, 8.8], "texture": "#1"},
				"up": {"uv": [0, 3.2, 0, 0], "texture": "#1"},
				"down": {"uv": [0, 0, 0, 3.2], "texture": "#1"}
			}
		},
		{
			"from": [5.5, 3.6, 8.05],
			"to": [10.5, 8.6, 8.05],
			"rotation": {"angle": -45, "axis": "y", "origin": [8, 6.3, 8.05]},
			"faces": {
				"north": {"uv": [6.66667, 0, 0, 6.66667], "texture": "#2"},
				"east": {"uv": [0, 0, 0, 4], "texture": "#2"},
				"south": {"uv": [0, 0, 6.66667, 6.66667], "texture": "#2"},
				"west": {"uv": [0, 0, 0, 4], "texture": "#2"},
				"up": {"uv": [4, 0, 0, 0], "texture": "#2"},
				"down": {"uv": [4, 0, 0, 0], "texture": "#2"}
			}
		},
		{
			"from": [5.5, 3.6, 8.05],
			"to": [10.5, 8.6, 8.05],
			"rotation": {"angle": 45, "axis": "y", "origin": [8, 6.3, 8.05]},
			"faces": {
				"north": {"uv": [0, 0, 6.66667, 6.66667], "texture": "#2"},
				"east": {"uv": [0, 0, 0, 4], "texture": "#2"},
				"south": {"uv": [6.66667, 0, 0, 6.66667], "texture": "#2"},
				"west": {"uv": [0, 0, 0, 4], "texture": "#2"},
				"up": {"uv": [4, 0, 0, 0], "rotation": 180, "texture": "#2"},
				"down": {"uv": [4, 0, 0, 0], "rotation": 180, "texture": "#2"}
			}
		}
	],
	"gui_light": "front",
	"display": {
		"thirdperson_righthand": {
			"rotation": [18.75, 0, 0],
			"translation": [0, 2.5, 2.75]
		},
		"thirdperson_lefthand": {
			"rotation": [18.75, 0, 0],
			"translation": [0, 2.5, 2.75]
		},
		"firstperson_righthand": {
			"rotation": [-64, 4, -26],
			"translation": [-3.25, 5.25, 4.5]
		},
		"firstperson_lefthand": {
			"rotation": [-64, 4, -26],
			"translation": [-3.25, 5.25, 4.5]
		},
		"ground": {
			"translation": [0, 9.25, 0]
		},
		"gui": {
			"rotation": [-90, 45, 90],
			"translation": [0.5, 0, 0],
			"scale": [1.21876, 1.21876, 1.21876]
		},
		"head": {
			"rotation": [0, 90, 0],
			"scale": [1.5, 1.5, 1.5]
		},
		"fixed": {
			"rotation": [0, -90, 0],
			"translation": [0, -0.5, -2],
			"scale": [2.50781, 2.50781, 2.50781]
		}
	}
}