{"credit":"MadebyPolygonMC","texture_size":[20,20],"textures":{"1":"malikaset:animations_2","2":"malikaset:pickaxe","particle":"malikaset:pickaxe"},"elements":[{"from":[7.5,0,7.5],"to":[8.5,1,8.5],"rotation":{"angle":0,"axis":"y","origin":[7.5,0,7.5]},"faces":{"north":{"uv":[7.2,11.2,8,12],"texture":"#2"},"east":{"uv":[8,11.2,8.8,12],"texture":"#2"},"south":{"uv":[11.2,8,12,8.8],"texture":"#2"},"west":{"uv":[8.8,11.2,9.6,12],"texture":"#2"},"up":{"uv":[12,9.6,11.2,8.8],"texture":"#2"},"down":{"uv":[12,9.6,11.2,10.4],"texture":"#2"}}},{"from":[7.5,4.5,7.5],"to":[8.5,5.5,8.5],"rotation":{"angle":0,"axis":"y","origin":[7.5,4.5,7.5]},"faces":{"north":{"uv":[0,12,0.8,12.8],"texture":"#2"},"east":{"uv":[12,1.6,12.8,2.4],"texture":"#2"},"south":{"uv":[12,2.4,12.8,3.2],"texture":"#2"},"west":{"uv":[12,3.2,12.8,4],"texture":"#2"},"up":{"uv":[12.8,4.8,12,4],"texture":"#2"},"down":{"uv":[12.8,6.4,12,7.2],"texture":"#2"}}},{"from":[7.5,2.225,7.5],"to":[8.5,3.225,8.5],"rotation":{"angle":-45,"axis":"x","origin":[8,2.725,8]},"faces":{"north":{"uv":[7.2,12,8,12.8],"texture":"#2"},"east":{"uv":[12,7.2,12.8,8],"texture":"#2"},"south":{"uv":[8,12,8.8,12.8],"texture":"#2"},"west":{"uv":[12,8,12.8,8.8],"texture":"#2"},"up":{"uv":[9.6,12.8,8.8,12],"texture":"#2"},"down":{"uv":[12.8,8.8,12,9.6],"texture":"#2"}}},{"from":[7.4,13.225,7],"to":[8.6,15.225,9],"rotation":{"angle":-45,"axis":"x","origin":[8,14.225,8]},"faces":{"north":{"uv":[5.6,8,6.6,9.6],"texture":"#2"},"east":{"uv":[3.2,3.2,4.8,4.8],"texture":"#2"},"south":{"uv":[7.2,8,8.2,9.6],"texture":"#2"},"west":{"uv":[3.2,4.8,4.8,6.4],"texture":"#2"},"up":{"uv":[9.8,1.6,8.8,0],"texture":"#2"},"down":{"uv":[1.8,8.8,0.8,10.4],"texture":"#2"}}},{"from":[7.15,13.475,7.25],"to":[8.85,14.975,8.75],"rotation":{"angle":-45,"axis":"x","origin":[8,14.225,8]},"faces":{"north":{"uv":[4,6.4,5.4,7.6],"texture":"#2"},"east":{"uv":[8.8,1.6,10,2.8],"texture":"#2"},"south":{"uv":[6.4,4.8,7.8,6],"texture":"#2"},"west":{"uv":[2.4,8.8,3.6,10],"texture":"#2"},"up":{"uv":[7,7.6,5.6,6.4],"texture":"#2"},"down":{"uv":[8.6,6.4,7.2,7.6],"texture":"#2"}}},{"from":[7.5,-1.275,7.5],"to":[8.5,-0.275,8.5],"rotation":{"angle":-45,"axis":"x","origin":[8,-0.775,8]},"faces":{"north":{"uv":[9.6,12,10.4,12.8],"texture":"#2"},"east":{"uv":[12,9.6,12.8,10.4],"texture":"#2"},"south":{"uv":[10.4,12,11.2,12.8],"texture":"#2"},"west":{"uv":[12,10.4,12.8,11.2],"texture":"#2"},"up":{"uv":[12,12.8,11.2,12],"texture":"#2"},"down":{"uv":[12.8,11.2,12,12],"texture":"#2"}}},{"from":[7.6,1,7.6],"to":[8.4,4.5,8.4],"rotation":{"angle":0,"axis":"y","origin":[7.5,1,7.5]},"faces":{"north":{"uv":[8,0,8.6,2.8],"texture":"#2"},"east":{"uv":[8,3.2,8.6,6],"texture":"#2"},"south":{"uv":[4,8,4.6,10.8],"texture":"#2"},"west":{"uv":[4.8,8,5.4,10.8],"texture":"#2"}}},{"from":[7.6,5.5,7.6],"to":[8.4,9.5,8.4],"rotation":{"angle":-45,"axis":"y","origin":[8,7.5,8]},"faces":{"north":{"uv":[4.8,3.2,5.4,6.4],"texture":"#2"},"east":{"uv":[5.6,0,6.2,3.2],"texture":"#2"},"south":{"uv":[5.6,3.2,6.2,6.4],"texture":"#2"},"west":{"uv":[0,6.4,0.6,9.6],"texture":"#2"},"up":{"uv":[10.2,13.4,9.6,12.8],"texture":"#2"},"down":{"uv":[11,12.8,10.4,13.4],"texture":"#2"}}},{"from":[7.25,-0.5,7.25],"to":[8.75,0,8.75],"rotation":{"angle":0,"axis":"y","origin":[7.5,-1,7.5]},"faces":{"north":{"uv":[12.8,1.6,14,2],"texture":"#2"},"east":{"uv":[2.4,12.8,3.6,13.2],"texture":"#2"},"south":{"uv":[12.8,2.4,14,2.8],"texture":"#2"},"west":{"uv":[12.8,3.2,14,3.6],"texture":"#2"},"up":{"uv":[10,4.4,8.8,3.2],"texture":"#2"},"down":{"uv":[10,4.8,8.8,6],"texture":"#2"}}},{"from":[7.5,13.75,5.25],"to":[8.5,14.75,7.25],"rotation":{"angle":22.5,"axis":"x","origin":[8,14.25,6.25]},"faces":{"east":{"uv":[0.8,10.4,2.4,11.2],"texture":"#2"},"south":{"uv":[12,12,12.8,12.8],"texture":"#2"},"west":{"uv":[2.4,10.4,4,11.2],"texture":"#2"},"up":{"uv":[11.2,4,10.4,2.4],"texture":"#2"},"down":{"uv":[11.2,4,10.4,5.6],"texture":"#2"}}},{"from":[7.43,13.33581,4.77438],"to":[8.57,15.61581,5.91438],"rotation":{"angle":-45,"axis":"x","origin":[8,14.47581,5.34438]},"faces":{"north":{"uv":[6.4,0,7.4,1.8],"texture":"#2"},"east":{"uv":[0.8,6.4,1.8,8.2],"texture":"#2"},"south":{"uv":[2.4,6.4,3.4,8.2],"texture":"#2"},"west":{"uv":[6.4,2.4,7.4,4.2],"texture":"#2"},"up":{"uv":[11.4,11.4,10.4,10.4],"texture":"#2"},"down":{"uv":[12.2,0,11.2,1],"texture":"#2"}}},{"from":[7.4528,13.67861,3.17498],"to":[8.5472,14.77301,5.36378],"rotation":{"angle":0,"axis":"x","origin":[8,14.22581,4.26938]},"faces":{"north":{"uv":[0.8,12.8,1.6,13.6],"texture":"#2"},"east":{"uv":[5.6,9.6,7.4,10.4],"texture":"#2"},"south":{"uv":[12.8,0.8,13.6,1.6],"texture":"#2"},"west":{"uv":[8,9.6,9.8,10.4],"texture":"#2"},"up":{"uv":[0.8,11.4,0,9.6],"texture":"#2"},"down":{"uv":[11.2,0,10.4,1.8],"texture":"#2"}}},{"from":[7.54035,13.49116,1.60008],"to":[8.45965,14.41046,3.43868],"rotation":{"angle":-22.5,"axis":"x","origin":[8,13.95081,2.51938]},"faces":{"north":{"uv":[1.6,12.8,2.4,13.6],"texture":"#2"},"east":{"uv":[6.4,10.4,7.8,11.2],"texture":"#2"},"west":{"uv":[8,10.4,9.4,11.2],"texture":"#2"},"up":{"uv":[11.2,10.2,10.4,8.8],"texture":"#2"},"down":{"uv":[10.4,10.4,9.6,11.8],"texture":"#2"}}},{"from":[7.62309,12.6967,0.56532],"to":[8.37691,13.45052,2.07296],"rotation":{"angle":-45,"axis":"x","origin":[8,13.04861,1.16914]},"faces":{"north":{"uv":[12.8,11.2,13.4,11.8],"texture":"#2"},"east":{"uv":[11.2,4.8,12.4,5.4],"texture":"#2"},"west":{"uv":[11.2,5.6,12.4,6.2],"texture":"#2"},"up":{"uv":[7,12.4,6.4,11.2],"texture":"#2"},"down":{"uv":[11.8,6.4,11.2,7.6],"texture":"#2"}}},{"from":[7.5554,12.9149,6.08448],"to":[8.4446,14.1233,6.97368],"rotation":{"angle":-22.5,"axis":"x","origin":[8,12.8636,6.95658]},"faces":{"north":{"uv":[0.8,11.2,1.6,12.2],"texture":"#2"},"east":{"uv":[1.6,11.2,2.4,12.2],"texture":"#2"},"south":{"uv":[11.2,1.6,12,2.6],"texture":"#2"},"west":{"uv":[2.4,11.2,3.2,12.2],"texture":"#2"},"down":{"uv":[0.8,12.8,0,13.6],"texture":"#2"}}},{"from":[7.671,12.03724,6.20764],"to":[8.329,12.93145,6.86565],"rotation":{"angle":0,"axis":"x","origin":[8,12.31334,6.50815]},"faces":{"north":{"uv":[4,12.8,4.6,13.6],"texture":"#2"},"east":{"uv":[12.8,4,13.4,4.8],"texture":"#2"},"south":{"uv":[4.8,12.8,5.4,13.6],"texture":"#2"},"west":{"uv":[12.8,4.8,13.4,5.6],"texture":"#2"},"down":{"uv":[13.4,10.4,12.8,11],"texture":"#2"}}},{"from":[7.5554,14.99773,3.78772],"to":[8.4446,16.20613,4.67692],"rotation":{"angle":-22.5,"axis":"x","origin":[8,16.02998,4.27196]},"faces":{"north":{"uv":[3.2,11.2,4,12.2],"texture":"#2"},"east":{"uv":[11.2,3.2,12,4.2],"texture":"#2"},"south":{"uv":[4,11.2,4.8,12.2],"texture":"#2"},"west":{"uv":[4.8,11.2,5.6,12.2],"texture":"#2"},"up":{"uv":[13.6,0.8,12.8,0],"texture":"#2"}}},{"from":[7.671,15.9935,3.84427],"to":[8.329,16.88772,4.50228],"rotation":{"angle":0,"axis":"x","origin":[8,16.02998,4.27196]},"faces":{"north":{"uv":[12.8,5.6,13.4,6.4],"texture":"#2"},"east":{"uv":[6.4,12.8,7,13.6],"texture":"#2"},"south":{"uv":[12.8,6.4,13.4,7.2],"texture":"#2"},"west":{"uv":[7.2,12.8,7.8,13.6],"texture":"#2"},"up":{"uv":[11.8,13.4,11.2,12.8],"texture":"#2"}}},{"from":[7.75,9.85,7],"to":[8.25,13.85,9],"rotation":{"angle":0,"axis":"y","origin":[8.25,12.95,8]},"faces":{"north":{"uv":[5.6,10.4,6,13.6],"texture":"#2"},"east":{"uv":[0,3.2,1.6,6.4],"texture":"#2"},"south":{"uv":[10.4,5.6,10.8,8.8],"texture":"#2"},"west":{"uv":[1.6,3.2,3.2,6.4],"texture":"#2"}}},{"from":[7.7375,9.01841,7],"to":[8.2625,10.44341,8.425],"rotation":{"angle":45,"axis":"x","origin":[7.9875,9.44341,8]},"faces":{"north":{"uv":[12.8,7.2,13.2,8.4],"texture":"#2"},"east":{"uv":[8.8,6.4,10,7.6],"texture":"#2"},"south":{"uv":[8,12.8,8.4,14],"texture":"#2"},"west":{"uv":[8.8,8,10,9.2],"texture":"#2"},"up":{"uv":[9.2,14,8.8,12.8],"texture":"#2"},"down":{"uv":[13.2,8.8,12.8,10],"texture":"#2"}}},{"from":[8,9.725,-0.75],"to":[8,13.725,6.25],"rotation":{"angle":0,"axis":"y","origin":[8,0,0]},"faces":{"north":{"uv":[0,0,0,3.2],"texture":"#2"},"east":{"uv":[5.6,0,0,3.2],"texture":"#2"},"south":{"uv":[0,0,0,3.2],"texture":"#2"},"west":{"uv":[0,0,5.6,3.2],"texture":"#2"},"up":{"uv":[0,5.6,0,0],"texture":"#2"},"down":{"uv":[0,0,0,5.6],"texture":"#2"}}},{"from":[7.5,13.75,8.75],"to":[8.5,14.75,10.75],"rotation":{"angle":-22.5,"axis":"x","origin":[8,14.25,9.75]},"faces":{"north":{"uv":[12.8,12,12,12.8],"texture":"#2"},"east":{"uv":[2.4,10.4,0.8,11.2],"texture":"#2"},"west":{"uv":[4,10.4,2.4,11.2],"texture":"#2"},"up":{"uv":[11.2,2.4,10.4,4],"texture":"#2"},"down":{"uv":[11.2,5.6,10.4,4],"texture":"#2"}}},{"from":[7.43,13.33581,10.08562],"to":[8.57,15.61581,11.22562],"rotation":{"angle":45,"axis":"x","origin":[8,14.47581,10.65562]},"faces":{"north":{"uv":[3.4,6.4,2.4,8.2],"texture":"#2"},"east":{"uv":[1.8,6.4,0.8,8.2],"texture":"#2"},"south":{"uv":[7.4,0,6.4,1.8],"texture":"#2"},"west":{"uv":[7.4,2.4,6.4,4.2],"texture":"#2"},"up":{"uv":[11.4,10.4,10.4,11.4],"texture":"#2"},"down":{"uv":[12.2,1,11.2,0],"texture":"#2"}}},{"from":[7.5554,12.9149,9.02632],"to":[8.4446,14.1233,9.91552],"rotation":{"angle":22.5,"axis":"x","origin":[8,12.8636,9.04342]},"faces":{"north":{"uv":[12,1.6,11.2,2.6],"texture":"#2"},"east":{"uv":[2.4,11.2,1.6,12.2],"texture":"#2"},"south":{"uv":[1.6,11.2,0.8,12.2],"texture":"#2"},"west":{"uv":[3.2,11.2,2.4,12.2],"texture":"#2"},"down":{"uv":[0.8,13.6,0,12.8],"texture":"#2"}}},{"from":[7.671,12.03724,9.13435],"to":[8.329,12.93145,9.79236],"rotation":{"angle":0,"axis":"x","origin":[8,12.31334,9.49185]},"faces":{"north":{"uv":[5.4,12.8,4.8,13.6],"texture":"#2"},"east":{"uv":[13.4,4,12.8,4.8],"texture":"#2"},"south":{"uv":[4.6,12.8,4,13.6],"texture":"#2"},"west":{"uv":[13.4,4.8,12.8,5.6],"texture":"#2"},"down":{"uv":[13.4,11,12.8,10.4],"texture":"#2"}}},{"from":[7.5554,14.99773,11.32308],"to":[8.4446,16.20613,12.21228],"rotation":{"angle":22.5,"axis":"x","origin":[8,16.02998,11.72804]},"faces":{"north":{"uv":[4.8,11.2,4,12.2],"texture":"#2"},"east":{"uv":[12,3.2,11.2,4.2],"texture":"#2"},"south":{"uv":[4,11.2,3.2,12.2],"texture":"#2"},"west":{"uv":[5.6,11.2,4.8,12.2],"texture":"#2"},"up":{"uv":[13.6,0,12.8,0.8],"texture":"#2"}}},{"from":[7.671,15.9935,11.49772],"to":[8.329,16.88772,12.15573],"rotation":{"angle":0,"axis":"x","origin":[8,16.02998,11.72804]},"faces":{"north":{"uv":[13.4,6.4,12.8,7.2],"texture":"#2"},"east":{"uv":[7,12.8,6.4,13.6],"texture":"#2"},"south":{"uv":[13.4,5.6,12.8,6.4],"texture":"#2"},"west":{"uv":[7.8,12.8,7.2,13.6],"texture":"#2"},"up":{"uv":[11.8,12.8,11.2,13.4],"texture":"#2"}}},{"from":[7.4528,13.67861,10.63622],"to":[8.5472,14.77301,12.82502],"rotation":{"angle":0,"axis":"x","origin":[8,14.22581,11.73062]},"faces":{"north":{"uv":[13.6,0.8,12.8,1.6],"texture":"#2"},"east":{"uv":[7.4,9.6,5.6,10.4],"texture":"#2"},"south":{"uv":[1.6,12.8,0.8,13.6],"texture":"#2"},"west":{"uv":[9.8,9.6,8,10.4],"texture":"#2"},"up":{"uv":[0.8,9.6,0,11.4],"texture":"#2"},"down":{"uv":[11.2,1.8,10.4,0],"texture":"#2"}}},{"from":[7.54035,13.49116,12.56132],"to":[8.45965,14.41046,14.39992],"rotation":{"angle":22.5,"axis":"x","origin":[8,13.95081,13.48062]},"faces":{"east":{"uv":[7.8,10.4,6.4,11.2],"texture":"#2"},"south":{"uv":[2.4,12.8,1.6,13.6],"texture":"#2"},"west":{"uv":[9.4,10.4,8,11.2],"texture":"#2"},"up":{"uv":[11.2,8.8,10.4,10.2],"texture":"#2"},"down":{"uv":[10.4,11.8,9.6,10.4],"texture":"#2"}}},{"from":[7.62309,12.6967,13.92704],"to":[8.37691,13.45052,15.43468],"rotation":{"angle":45,"axis":"x","origin":[8,13.04861,14.83086]},"faces":{"east":{"uv":[12.4,4.8,11.2,5.4],"texture":"#2"},"south":{"uv":[13.4,11.2,12.8,11.8],"texture":"#2"},"west":{"uv":[12.4,5.6,11.2,6.2],"texture":"#2"},"up":{"uv":[7,11.2,6.4,12.4],"texture":"#2"},"down":{"uv":[11.8,7.6,11.2,6.4],"texture":"#2"}}},{"from":[8,9.725,9.75],"to":[8,13.725,16.75],"rotation":{"angle":0,"axis":"y","origin":[8,0,16]},"faces":{"north":{"uv":[0,0,0,3.2],"texture":"#2"},"east":{"uv":[0,0,5.6,3.2],"texture":"#2"},"south":{"uv":[0,0,0,3.2],"texture":"#2"},"west":{"uv":[5.6,0,0,3.2],"texture":"#2"},"up":{"uv":[0,0,0,5.6],"texture":"#2"},"down":{"uv":[0,5.6,0,0],"texture":"#2"}}},{"from":[7.3025,11.30761,-0.78],"to":[7.3025,13.70761,8.02],"rotation":{"angle":-22.5,"axis":"x","origin":[7.3025,12.90761,3.62]},"faces":{"north":{"uv":[0,0,0,2.4],"rotation":180,"texture":"#1"},"east":{"uv":[0,0,0,0],"rotation":270,"texture":"#1"},"south":{"uv":[0,2.4,0,0],"texture":"#1"},"west":{"uv":[0,0,4.13333,14.33333],"rotation":90,"texture":"#1"},"up":{"uv":[0,0,0,8.8],"rotation":180,"texture":"#1"},"down":{"uv":[0,0,0,8.8],"texture":"#1"}}},{"from":[7.3025,11.30761,7.98],"to":[7.3025,13.70761,16.78],"rotation":{"angle":22.5,"axis":"x","origin":[7.3025,12.90761,12.38]},"faces":{"north":{"uv":[0,2.4,0,0],"texture":"#1"},"east":{"uv":[0,0,0,0],"rotation":270,"texture":"#1"},"south":{"uv":[0,0,0,2.4],"rotation":180,"texture":"#1"},"west":{"uv":[0,14.33333,4.13333,0],"rotation":90,"texture":"#1"},"up":{"uv":[0,8.8,0,0],"rotation":180,"texture":"#1"},"down":{"uv":[0,8.8,0,0],"texture":"#1"}}},{"from":[8.6975,11.30761,7.98],"to":[8.6975,13.70761,16.78],"rotation":{"angle":22.5,"axis":"x","origin":[8.6975,12.90761,12.38]},"faces":{"north":{"uv":[0,2.4,0,0],"texture":"#1"},"east":{"uv":[0,0,4.13333,14.33333],"rotation":90,"texture":"#1"},"south":{"uv":[0,0,0,2.4],"rotation":180,"texture":"#1"},"west":{"uv":[0,0,0,0],"rotation":270,"texture":"#1"},"up":{"uv":[0,8.8,0,0],"rotation":180,"texture":"#1"},"down":{"uv":[0,8.8,0,0],"texture":"#1"}}},{"from":[8.6975,11.30761,-0.78],"to":[8.6975,13.70761,8.02],"rotation":{"angle":-22.5,"axis":"x","origin":[8.6975,12.90761,3.62]},"faces":{"north":{"uv":[0,0,0,2.4],"rotation":180,"texture":"#1"},"east":{"uv":[0,14.33333,4.13333,0],"rotation":90,"texture":"#1"},"south":{"uv":[0,2.4,0,0],"texture":"#1"},"west":{"uv":[0,0,0,0],"rotation":270,"texture":"#1"},"up":{"uv":[0,0,0,8.8],"rotation":180,"texture":"#1"},"down":{"uv":[0,0,0,8.8],"texture":"#1"}}}],"gui_light":"front","display":{"thirdperson_righthand":{"translation":[0,2.75,1]},"thirdperson_lefthand":{"translation":[0,2.75,1]},"firstperson_righthand":{"rotation":[-10,0,0],"translation":[-1.75,4.25,0.75]},"firstperson_lefthand":{"rotation":[-10,0,0],"translation":[-1.75,4.25,0.75]},"ground":{"translation":[0,9.25,0]},"gui":{"rotation":[90,-45,90],"translation":[1.25,-1.25,0],"scale":[0.9961,0.9961,0.9961]},"head":{"rotation":[0,90,0],"scale":[1.5,1.5,1.5]},"fixed":{"rotation":[0,90,0],"translation":[0,-0.5,-2],"scale":[2.50781,2.50781,2.50781]}}}