{"credit":"MadebyPolygonMC","texture_size":[36,36],"textures":{"1":"malikaset:wings","2":"malikaset:animations_1","particle":"malikaset:animations_1"},"elements":[{"from":[6.45875,7.54125,5.74987],"to":[8.45875,9.54125,6.94987],"rotation":{"angle":-45,"axis":"z","origin":[8,8,8]},"faces":{"north":{"uv":[4.44444,8,5.33333,8.88889],"texture":"#1","tintindex":0},"east":{"uv":[9.77778,0,10.33333,0.88889],"texture":"#1","tintindex":0},"south":{"uv":[3.55556,8,4.44444,8.88889],"texture":"#1","tintindex":0},"west":{"uv":[9.77778,0.88889,10.33333,1.77778],"texture":"#1","tintindex":0},"up":{"uv":[10.33333,2.66667,9.77778,1.77778],"rotation":90,"texture":"#1","tintindex":0},"down":{"uv":[10.33333,2.66667,9.77778,3.55556],"rotation":270,"texture":"#1","tintindex":0}}},{"from":[6.70875,7.79125,5.49987],"to":[8.20875,9.29125,7.19987],"rotation":{"angle":-45,"axis":"z","origin":[8,8,8]},"faces":{"north":{"uv":[9.77778,4.44444,10.44444,5.11111],"texture":"#1","tintindex":0},"east":{"uv":[6.22222,9.33333,7,10],"texture":"#1","tintindex":0},"south":{"uv":[9.77778,3.55556,10.44444,4.22222],"texture":"#1","tintindex":0},"west":{"uv":[7.11111,9.33333,7.88889,10],"texture":"#1","tintindex":0},"up":{"uv":[8.77778,10,8,9.33333],"rotation":90,"texture":"#1","tintindex":0},"down":{"uv":[9.66667,9.33333,8.88889,10],"rotation":270,"texture":"#1","tintindex":0}}},{"from":[8.91928,7.56058,5.84987],"to":[10.91928,8.56058,6.84987],"rotation":{"angle":22.5,"axis":"z","origin":[8,8,8]},"faces":{"north":{"uv":[9.77778,5.77778,10.66667,6.22222],"texture":"#1","tintindex":0},"south":{"uv":[9.77778,5.33333,10.66667,5.77778],"texture":"#1","tintindex":0},"west":{"uv":[10.66667,8.88889,11.11111,9.33333],"texture":"#1","tintindex":0},"up":{"uv":[10.22222,7.11111,9.77778,6.22222],"rotation":90,"texture":"#1","tintindex":0},"down":{"uv":[10.22222,7.11111,9.77778,8],"rotation":270,"texture":"#1","tintindex":0}}},{"from":[8.58921,9.45641,5.77987],"to":[9.72921,11.73641,6.91987],"rotation":{"angle":-45,"axis":"z","origin":[8,8,8]},"faces":{"north":{"uv":[8,8,8.55556,9],"texture":"#1","tintindex":0},"east":{"uv":[5.33333,8,5.88889,9],"texture":"#1","tintindex":0},"south":{"uv":[6.22222,8,6.77778,9],"texture":"#1","tintindex":0},"west":{"uv":[7.11111,8,7.66667,9],"texture":"#1","tintindex":0},"up":{"uv":[4.11111,10.77778,3.55556,10.22222],"rotation":90,"texture":"#1","tintindex":0},"down":{"uv":[5,10.22222,4.44444,10.77778],"rotation":270,"texture":"#1","tintindex":0}}},{"from":[9.17496,7.90001,5.90527],"to":[10.06416,9.10841,6.79447],"rotation":{"angle":-22.5,"axis":"z","origin":[8,8,8]},"faces":{"north":{"uv":[8,10.22222,8.44444,10.77778],"texture":"#1","tintindex":0},"east":{"uv":[7.11111,10.22222,7.55556,10.77778],"texture":"#1","tintindex":0},"south":{"uv":[10.22222,7.11111,10.66667,7.66667],"texture":"#1","tintindex":0},"west":{"uv":[7.55556,10.22222,8,10.77778],"texture":"#1","tintindex":0},"down":{"uv":[11.11111,9.33333,10.66667,9.77778],"rotation":270,"texture":"#1","tintindex":0}}},{"from":[9.13435,6.57769,6.02087],"to":[9.79236,7.4719,6.67887],"rotation":{"angle":0,"axis":"x","origin":[8,8,8]},"faces":{"north":{"uv":[11.11111,1.77778,11.44444,2.22222],"texture":"#1","tintindex":0},"east":{"uv":[11.11111,0.44444,11.44444,0.88889],"texture":"#1","tintindex":0},"south":{"uv":[11.11111,0.88889,11.44444,1.33333],"texture":"#1","tintindex":0},"west":{"uv":[11.11111,1.33333,11.44444,1.77778],"texture":"#1","tintindex":0},"down":{"uv":[11.44444,6.66667,11.11111,7],"rotation":270,"texture":"#1","tintindex":0}}},{"from":[10.05564,10.76917,5.90527],"to":[10.94484,11.97757,6.79447],"rotation":{"angle":-22.5,"axis":"z","origin":[8,8,8]},"faces":{"north":{"uv":[9.33333,10.22222,9.77778,10.77778],"texture":"#1","tintindex":0},"east":{"uv":[8.44444,10.22222,8.88889,10.77778],"texture":"#1","tintindex":0},"south":{"uv":[8.88889,10.22222,9.33333,10.77778],"texture":"#1","tintindex":0},"west":{"uv":[10.22222,8.88889,10.66667,9.44444],"texture":"#1","tintindex":0},"up":{"uv":[10.22222,11.11111,9.77778,10.66667],"rotation":90,"texture":"#1","tintindex":0}}},{"from":[10.76259,7.31373,5.90527],"to":[11.65179,8.52213,6.79447],"rotation":{"angle":45,"axis":"z","origin":[8,8,8]},"faces":{"north":{"uv":[10.66667,8,11.11111,8.55556],"texture":"#1","tintindex":0},"east":{"uv":[10.66667,5.33333,11.11111,5.88889],"texture":"#1","tintindex":0},"south":{"uv":[5.77778,10.66667,6.22222,11.22222],"texture":"#1","tintindex":0},"west":{"uv":[10.66667,7.11111,11.11111,7.66667],"texture":"#1","tintindex":0},"up":{"uv":[11.11111,11.11111,10.66667,10.66667],"rotation":90,"texture":"#1","tintindex":0},"down":{"uv":[11.55556,0,11.11111,0.44444],"rotation":270,"texture":"#1","tintindex":0}}},{"from":[10.40751,9.54834,5.9853],"to":[11.13666,10.53922,6.71445],"rotation":{"angle":22.5,"axis":"z","origin":[8,8,8]},"faces":{"north":{"uv":[6.66667,11.11111,7,11.55556],"texture":"#1","tintindex":0},"east":{"uv":[11.11111,5.77778,11.44444,6.22222],"texture":"#1","tintindex":0},"south":{"uv":[6.22222,11.11111,6.55556,11.55556],"texture":"#1","tintindex":0},"west":{"uv":[11.11111,6.22222,11.44444,6.66667],"texture":"#1","tintindex":0},"up":{"uv":[11.44444,7.88889,11.11111,7.55556],"rotation":90,"texture":"#1","tintindex":0}}},{"from":[9.29316,11.25643,6.05092],"to":[9.89105,12.06896,6.64882],"rotation":{"angle":0,"axis":"x","origin":[8,8,8]},"faces":{"north":{"uv":[11.11111,8.44444,11.33333,8.77778],"texture":"#1","tintindex":0},"east":{"uv":[8,11.11111,8.22222,11.44444],"texture":"#1","tintindex":0},"south":{"uv":[11.11111,8,11.33333,8.33333],"texture":"#1","tintindex":0},"west":{"uv":[8.44444,11.11111,8.66667,11.44444],"texture":"#1","tintindex":0},"up":{"uv":[10,11.33333,9.77778,11.11111],"rotation":90,"texture":"#1","tintindex":0}}},{"from":[7.67837,12.24348,6.11669],"to":[8.14473,12.87725,6.58305],"rotation":{"angle":-22.5,"axis":"z","origin":[8,8,8]},"faces":{"north":{"uv":[11.11111,9.33333,11.33333,9.66667],"texture":"#1","tintindex":0},"east":{"uv":[8.88889,11.11111,9.11111,11.44444],"texture":"#1","tintindex":0},"south":{"uv":[11.11111,8.88889,11.33333,9.22222],"texture":"#1","tintindex":0},"west":{"uv":[9.33333,11.11111,9.55556,11.44444],"texture":"#1","tintindex":0},"up":{"uv":[11.33333,10,11.11111,9.77778],"rotation":90,"texture":"#1","tintindex":0}}},{"from":[4.34821,7.31373,5.90527],"to":[5.23741,8.52213,6.79447],"rotation":{"angle":-45,"axis":"z","origin":[8,8,8]},"faces":{"north":{"uv":[11.11111,8,10.66667,8.55556],"texture":"#1","tintindex":0},"east":{"uv":[11.11111,7.11111,10.66667,7.66667],"texture":"#1","tintindex":0},"south":{"uv":[6.22222,10.66667,5.77778,11.22222],"texture":"#1","tintindex":0},"west":{"uv":[11.11111,5.33333,10.66667,5.88889],"texture":"#1","tintindex":0},"up":{"uv":[11.11111,10.66667,10.66667,11.11111],"rotation":90,"texture":"#1","tintindex":0},"down":{"uv":[11.55556,0.44444,11.11111,0],"rotation":270,"texture":"#1","tintindex":0}}},{"from":[4.86334,9.54834,5.9853],"to":[5.59249,10.53922,6.71445],"rotation":{"angle":-22.5,"axis":"z","origin":[8,8,8]},"faces":{"north":{"uv":[7,11.11111,6.66667,11.55556],"texture":"#1","tintindex":0},"east":{"uv":[11.44444,6.22222,11.11111,6.66667],"texture":"#1","tintindex":0},"south":{"uv":[6.55556,11.11111,6.22222,11.55556],"texture":"#1","tintindex":0},"west":{"uv":[11.44444,5.77778,11.11111,6.22222],"texture":"#1","tintindex":0},"up":{"uv":[11.44444,7.55556,11.11111,7.88889],"rotation":90,"texture":"#1","tintindex":0}}},{"from":[6.10895,11.25643,6.05092],"to":[6.70684,12.06896,6.64882],"rotation":{"angle":0,"axis":"x","origin":[8,8,8]},"faces":{"north":{"uv":[11.33333,8.44444,11.11111,8.77778],"texture":"#1","tintindex":0},"east":{"uv":[8.66667,11.11111,8.44444,11.44444],"texture":"#1","tintindex":0},"south":{"uv":[11.33333,8,11.11111,8.33333],"texture":"#1","tintindex":0},"west":{"uv":[8.22222,11.11111,8,11.44444],"texture":"#1","tintindex":0},"up":{"uv":[10,11.11111,9.77778,11.33333],"rotation":90,"texture":"#1","tintindex":0}}},{"from":[7.85527,12.24348,6.11669],"to":[8.32163,12.87725,6.58305],"rotation":{"angle":22.5,"axis":"z","origin":[8,8,8]},"faces":{"north":{"uv":[11.33333,9.33333,11.11111,9.66667],"texture":"#1","tintindex":0},"east":{"uv":[9.55556,11.11111,9.33333,11.44444],"texture":"#1","tintindex":0},"south":{"uv":[11.33333,8.88889,11.11111,9.22222],"texture":"#1","tintindex":0},"west":{"uv":[9.11111,11.11111,8.88889,11.44444],"texture":"#1","tintindex":0},"up":{"uv":[11.33333,9.77778,11.11111,10],"rotation":90,"texture":"#1","tintindex":0}}},{"from":[11.49772,10.53395,6.02087],"to":[12.15573,11.42817,6.67887],"rotation":{"angle":0,"axis":"x","origin":[8,8,8]},"faces":{"north":{"uv":[3.55556,11.11111,3.88889,11.55556],"texture":"#1","tintindex":0},"east":{"uv":[11.11111,2.22222,11.44444,2.66667],"texture":"#1","tintindex":0},"south":{"uv":[11.11111,2.66667,11.44444,3.11111],"texture":"#1","tintindex":0},"west":{"uv":[11.11111,3.11111,11.44444,3.55556],"texture":"#1","tintindex":0},"up":{"uv":[7.44444,11.44444,7.11111,11.11111],"rotation":90,"texture":"#1","tintindex":0}}},{"from":[5.08072,7.56058,5.84987],"to":[7.08072,8.56058,6.84987],"rotation":{"angle":-22.5,"axis":"z","origin":[8,8,8]},"faces":{"north":{"uv":[9.77778,8.44444,10.66667,8.88889],"texture":"#1","tintindex":0},"east":{"uv":[10.66667,9.77778,11.11111,10.22222],"texture":"#1","tintindex":0},"south":{"uv":[9.77778,8,10.66667,8.44444],"texture":"#1","tintindex":0},"up":{"uv":[10.22222,9.77778,9.77778,8.88889],"rotation":90,"texture":"#1","tintindex":0},"down":{"uv":[10.22222,9.77778,9.77778,10.66667],"rotation":270,"texture":"#1","tintindex":0}}},{"from":[6.27079,9.45641,5.77987],"to":[7.41079,11.73641,6.91987],"rotation":{"angle":45,"axis":"z","origin":[8,8,8]},"faces":{"north":{"uv":[5.33333,9.33333,5.88889,10.33333],"texture":"#1","tintindex":0},"east":{"uv":[3.55556,8.88889,4.11111,9.88889],"texture":"#1","tintindex":0},"south":{"uv":[4.44444,8.88889,5,9.88889],"texture":"#1","tintindex":0},"west":{"uv":[8.88889,8,9.44444,9],"texture":"#1","tintindex":0},"up":{"uv":[6.77778,10.77778,6.22222,10.22222],"rotation":90,"texture":"#1","tintindex":0},"down":{"uv":[10.77778,6.22222,10.22222,6.77778],"rotation":270,"texture":"#1","tintindex":0}}},{"from":[5.05516,10.76917,5.90527],"to":[5.94436,11.97757,6.79447],"rotation":{"angle":22.5,"axis":"z","origin":[8,8,8]},"faces":{"north":{"uv":[10.66667,1.77778,11.11111,2.33333],"texture":"#1","tintindex":0},"east":{"uv":[10.22222,9.77778,10.66667,10.33333],"texture":"#1","tintindex":0},"south":{"uv":[10.66667,0,11.11111,0.55556],"texture":"#1","tintindex":0},"west":{"uv":[10.66667,0.88889,11.11111,1.44444],"texture":"#1","tintindex":0},"up":{"uv":[10.66667,11.11111,10.22222,10.66667],"rotation":90,"texture":"#1","tintindex":0}}},{"from":[3.84427,10.53395,6.02087],"to":[4.50228,11.42817,6.67887],"rotation":{"angle":0,"axis":"x","origin":[8,8,8]},"faces":{"north":{"uv":[4.44444,11.11111,4.77778,11.55556],"texture":"#1","tintindex":0},"east":{"uv":[11.11111,3.55556,11.44444,4],"texture":"#1","tintindex":0},"south":{"uv":[4,11.11111,4.33333,11.55556],"texture":"#1","tintindex":0},"west":{"uv":[11.11111,4,11.44444,4.44444],"texture":"#1","tintindex":0},"up":{"uv":[11.44444,7.44444,11.11111,7.11111],"rotation":90,"texture":"#1","tintindex":0}}},{"from":[5.93584,7.90001,5.90527],"to":[6.82504,9.10841,6.79447],"rotation":{"angle":22.5,"axis":"z","origin":[8,8,8]},"faces":{"north":{"uv":[5.33333,10.66667,5.77778,11.22222],"texture":"#1","tintindex":0},"east":{"uv":[10.66667,2.66667,11.11111,3.22222],"texture":"#1","tintindex":0},"south":{"uv":[10.66667,3.55556,11.11111,4.11111],"texture":"#1","tintindex":0},"west":{"uv":[10.66667,4.44444,11.11111,5],"texture":"#1","tintindex":0},"down":{"uv":[11.11111,10.22222,10.66667,10.66667],"rotation":270,"texture":"#1","tintindex":0}}},{"from":[6.20764,6.57769,6.02087],"to":[6.86565,7.4719,6.67887],"rotation":{"angle":0,"axis":"x","origin":[8,8,8]},"faces":{"north":{"uv":[11.11111,5.33333,11.44444,5.77778],"texture":"#1","tintindex":0},"east":{"uv":[11.11111,4.44444,11.44444,4.88889],"texture":"#1","tintindex":0},"south":{"uv":[4.88889,11.11111,5.22222,11.55556],"texture":"#1","tintindex":0},"west":{"uv":[11.11111,4.88889,11.44444,5.33333],"texture":"#1","tintindex":0},"down":{"uv":[7.88889,11.11111,7.55556,11.44444],"rotation":270,"texture":"#1","tintindex":0}}},{"from":[9,1.00292,6.34987],"to":[31,19.00292,6.34987],"rotation":{"angle":0,"axis":"y","origin":[8,8,8]},"faces":{"north":{"uv":[0,0,9.77778,8],"texture":"#1","tintindex":0},"east":{"uv":[0,0,0,8],"texture":"#1","tintindex":0},"south":{"uv":[9.77778,0,0,8],"texture":"#1","tintindex":0},"west":{"uv":[0,0,0,8],"texture":"#1","tintindex":0},"up":{"uv":[0,9.77778,0,0],"rotation":90,"texture":"#1","tintindex":0},"down":{"uv":[0,0,0,9.77778],"rotation":270,"texture":"#1","tintindex":0}}},{"from":[-15,1.00292,6.34987],"to":[7,19.00292,6.34987],"rotation":{"angle":0,"axis":"y","origin":[8,8,8]},"faces":{"north":{"uv":[9.77778,0,0,8],"texture":"#1","tintindex":0},"east":{"uv":[0,0,0,8],"texture":"#1","tintindex":0},"south":{"uv":[0,0,9.77778,8],"texture":"#1","tintindex":0},"west":{"uv":[0,0,0,8],"texture":"#1","tintindex":0},"up":{"uv":[0,0,0,9.77778],"rotation":90,"texture":"#1","tintindex":0},"down":{"uv":[0,9.77778,0,0],"rotation":270,"texture":"#1","tintindex":0}}},{"from":[7.88078,-4.44708,6.37785],"to":[15.88078,13.55292,6.37785],"rotation":{"angle":-45,"axis":"y","origin":[7.85,8.8,8.075]},"faces":{"north":{"uv":[3.55556,8,0,16],"texture":"#1","tintindex":0},"east":{"uv":[0,0,0,8],"texture":"#1","tintindex":0},"south":{"uv":[0,8,3.55556,16],"texture":"#1","tintindex":0},"west":{"uv":[0,0,0,8],"texture":"#1","tintindex":0},"up":{"uv":[0,3.55556,0,0],"rotation":90,"texture":"#1","tintindex":0},"down":{"uv":[0,0,0,3.55556],"rotation":270,"texture":"#1","tintindex":0}}},{"from":[0.11922,-4.44708,6.37785],"to":[8.11922,13.55292,6.37785],"rotation":{"angle":45,"axis":"y","origin":[8.15,8.8,8.075]},"faces":{"north":{"uv":[0,8,3.55556,16],"texture":"#1","tintindex":0},"east":{"uv":[0,0,0,8],"texture":"#1","tintindex":0},"south":{"uv":[3.55556,8,0,16],"texture":"#1","tintindex":0},"west":{"uv":[0,0,0,8],"texture":"#1","tintindex":0},"up":{"uv":[0,0,0,3.55556],"rotation":90,"texture":"#1","tintindex":0},"down":{"uv":[0,3.55556,0,0],"rotation":270,"texture":"#1","tintindex":0}}},{"from":[4.7,5.15,6.35],"to":[11.3,11.75,6.35],"rotation":{"angle":-45,"axis":"y","origin":[8,8.714,6.35]},"faces":{"north":{"uv":[6.66667,0,0,6.66667],"texture":"#2","tintindex":0},"east":{"uv":[0,0,0,1.33333],"texture":"#2","tintindex":0},"south":{"uv":[0,0,6.66667,6.66667],"texture":"#2","tintindex":0},"west":{"uv":[0,0,0,1.33333],"texture":"#2","tintindex":0},"up":{"uv":[1.33333,0,0,0],"texture":"#2","tintindex":0},"down":{"uv":[1.33333,0,0,0],"texture":"#2","tintindex":0}}},{"from":[4.7,5.15,6.35],"to":[11.3,11.75,6.35],"rotation":{"angle":45,"axis":"y","origin":[8,8.714,6.35]},"faces":{"north":{"uv":[0,0,6.66667,6.66667],"texture":"#2","tintindex":0},"east":{"uv":[0,0,0,1.33333],"texture":"#2","tintindex":0},"south":{"uv":[6.66667,0,0,6.66667],"texture":"#2","tintindex":0},"west":{"uv":[0,0,0,1.33333],"texture":"#2","tintindex":0},"up":{"uv":[1.33333,0,0,0],"rotation":180,"texture":"#2","tintindex":0},"down":{"uv":[1.33333,0,0,0],"rotation":180,"texture":"#2","tintindex":0}}}],"gui_light":"front","display":{"thirdperson_righthand":{"rotation":[-149,0,-180],"translation":[0,-0.25,-1.25],"scale":[0.48047,0.48047,0.48047]},"thirdperson_lefthand":{"rotation":[67,0,0],"translation":[-5.5,-9,9.5],"scale":[1.21289,1.21289,1.21289]},"firstperson_righthand":{"rotation":[-10,180,0],"translation":[-2.5,2.5,3],"scale":[0.50195,0.50195,0.50195]},"firstperson_lefthand":{"rotation":[-10,0,0],"translation":[-1.75,4.25,0.75],"scale":[0,0,0]},"ground":{"rotation":[-30,0,0],"translation":[0,3.75,0],"scale":[0.6543,0.6543,0.6543]},"gui":{"rotation":[0,180,0],"translation":[-0.25,0,0],"scale":[0.41602,0.41602,0.41602]},"head":{"translation":[0,-49,11],"scale":[2.16797,2.16797,2.16797]},"fixed":{"rotation":[0,180,0],"translation":[0,-2,-5.75],"scale":[2.50781,2.50781,2.50781]}}}