{"credit":"Made with Blockbench","texture_size":[64,64],"textures":{"0":"elitecreatures:nightclub_furniture_v2/nightclub_bar_02","particle":"elitecreatures:nightclub_furniture_v2/nightclub_bar_02"},"elements":[{"from":[0,0,0],"to":[16,12,16],"faces":{"north":{"uv":[4,7,8,10],"texture":"#0"},"east":{"uv":[12,4,8,7],"texture":"#0"},"south":{"uv":[4,4,8,7],"texture":"#0"},"west":{"uv":[8,4,12,7],"texture":"#0"},"up":{"uv":[12,4,8,0],"texture":"#0"},"down":{"uv":[8,0,4,4],"texture":"#0"}}},{"from":[0,15,0],"to":[16,16,16],"faces":{"north":{"uv":[0,8.25,4,8.5],"texture":"#0"},"east":{"uv":[4,8,0,8.25],"texture":"#0"},"south":{"uv":[0,8.5,4,8.75],"texture":"#0"},"west":{"uv":[0,8,4,8.25],"texture":"#0"},"up":{"uv":[4,4,0,0],"texture":"#0"},"down":{"uv":[4,4,0,8],"texture":"#0"}}},{"from":[15,12,0],"to":[16,15,8],"faces":{"north":{"uv":[0,10.25,0.25,11],"texture":"#0"},"east":{"uv":[0.25,10.25,2.25,11],"texture":"#0"},"west":{"uv":[2.25,10.25,4.25,11],"texture":"#0"}}},{"from":[0,12,0],"to":[1,15,8],"rotation":{"angle":0,"axis":"y","origin":[16,0,0]},"faces":{"north":{"uv":[0.25,10.25,0,11],"texture":"#0"},"east":{"uv":[4.25,10.25,2.25,11],"texture":"#0"},"west":{"uv":[2.25,10.25,0.25,11],"texture":"#0"}}},{"from":[0,12,8],"to":[16,15,16],"faces":{"north":{"uv":[0,8.75,4,9.5],"texture":"#0"},"east":{"uv":[0,9.5,2,10.25],"texture":"#0"},"south":{"uv":[0,11,4,11.75],"texture":"#0"},"west":{"uv":[2,9.5,0,10.25],"texture":"#0"}}}],"display":{"thirdperson_righthand":{"rotation":[75,45,0],"translation":[0,1.25,0],"scale":[0.2,0.2,0.2]},"thirdperson_lefthand":{"rotation":[75,45,0],"translation":[0,1.25,0],"scale":[0.2,0.2,0.2]},"firstperson_righthand":{"rotation":[0,109,0],"scale":[0.56,0.56,0.56]},"firstperson_lefthand":{"rotation":[0,109,0],"scale":[0.56,0.56,0.56]},"ground":{"translation":[0,2,0],"scale":[0.5,0.5,0.5]},"gui":{"rotation":[30,-135,0],"scale":[0.45,0.45,0.45]},"head":{"rotation":[0,180,0],"translation":[0,-30.25,0],"scale":[1.6,1.6,1.6]},"fixed":{"translation":[0,0,-3.5]}}}