{"format_version":"1.21.11","credit":"By EliteCreatures","textures":{"0":"elitecreatures:collectibles_v1_32x/tiny_hedgehogs_inside_32","1":"elitecreatures:collectibles_v1_32x/collectibles_package","2":"elitecreatures:collectibles_v1_32x/ef_tiny_hedgehogs_long","particle":"elitecreatures:collectibles_v1_32x/collectibles_package"},"elements":[{"from":[3.75,7,4],"to":[12.25,12,13.5],"rotation":{"angle":22.5,"axis":"x","origin":[8,6.375,6.125]},"faces":{"north":{"uv":[5,5.5,7.125,6.75],"texture":"#0"},"east":{"uv":[5,3,7.375,4.25],"texture":"#0"},"south":{"uv":[0,6,2.125,7.25],"texture":"#0"},"west":{"uv":[5,4.25,7.375,5.5],"texture":"#0"},"up":{"uv":[4.875,2.375,2.75,0],"texture":"#0"},"down":{"uv":[4.875,2.5,2.75,4.875],"texture":"#0"}}},{"from":[2.75,3,5.5],"to":[13.25,9,14.5],"rotation":{"angle":22.5,"axis":"x","origin":[8,6.375,6.125]},"faces":{"north":{"uv":[0,4.5,2.625,6],"texture":"#0"},"east":{"uv":[5,1.5,7.25,3],"texture":"#0"},"south":{"uv":[5,0,7.625,1.5],"texture":"#0"},"west":{"uv":[2.75,5,5,6.5],"texture":"#0"},"up":{"uv":[2.625,2.25,0,0],"texture":"#0"},"down":{"uv":[2.625,2.25,0,4.5],"texture":"#0"}}},{"from":[3.5,0,4.75],"to":[6,3.5,7.25],"rotation":{"angle":22.5,"axis":"y","origin":[4.75,1.75,6]},"faces":{"north":{"uv":[7.5,6.75,8.125,7.625],"texture":"#0"},"east":{"uv":[7.75,0,8.375,0.875],"texture":"#0"},"south":{"uv":[1.75,7.75,2.375,8.625],"texture":"#0"},"west":{"uv":[2.5,7.75,3.125,8.625],"texture":"#0"},"up":{"uv":[8.375,8.375,7.75,7.75],"texture":"#0"},"down":{"uv":[0.625,8,0,8.625],"texture":"#0"}}},{"from":[4,0,7.75],"to":[8.25,2.5,10.25],"rotation":{"angle":-45,"axis":"y","origin":[4.75,1.5,6]},"faces":{"north":{"uv":[7.5,2.75,8.625,3.375],"texture":"#0"},"east":{"uv":[0.75,8,1.375,8.625],"texture":"#0"},"south":{"uv":[7.5,3.5,8.625,4.125],"texture":"#0"},"west":{"uv":[8,1,8.625,1.625],"texture":"#0"},"up":{"uv":[8.625,4.875,7.5,4.25],"texture":"#0"},"down":{"uv":[6.875,7.5,5.75,8.125],"texture":"#0"}}},{"from":[7.75,0,7.75],"to":[12,2.5,10.25],"rotation":{"angle":45,"axis":"y","origin":[11.25,1.5,6]},"faces":{"north":{"uv":[8.625,2.75,7.5,3.375],"texture":"#0"},"east":{"uv":[8.625,1,8,1.625],"texture":"#0"},"south":{"uv":[8.625,3.5,7.5,4.125],"texture":"#0"},"west":{"uv":[1.375,8,0.75,8.625],"texture":"#0"},"up":{"uv":[7.5,4.875,8.625,4.25],"texture":"#0"},"down":{"uv":[5.75,7.5,6.875,8.125],"texture":"#0"}}},{"from":[10,0,4.75],"to":[12.5,3.5,7.25],"rotation":{"angle":-22.5,"axis":"y","origin":[11.25,1.75,6]},"faces":{"north":{"uv":[8.125,6.75,7.5,7.625],"texture":"#0"},"east":{"uv":[3.125,7.75,2.5,8.625],"texture":"#0"},"south":{"uv":[2.375,7.75,1.75,8.625],"texture":"#0"},"west":{"uv":[8.375,0,7.75,0.875],"texture":"#0"},"up":{"uv":[7.75,8.375,8.375,7.75],"texture":"#0"},"down":{"uv":[0,8,0.625,8.625],"texture":"#0"}}},{"from":[4.75,5.09044,3.51799],"to":[11.25,10.09044,6.51799],"faces":{"north":{"uv":[2.25,6.5,3.875,7.75],"texture":"#0"},"east":{"uv":[7.25,1.5,8,2.75],"texture":"#0"},"south":{"uv":[4,6.75,5.625,8],"texture":"#0"},"west":{"uv":[7.25,5.5,8,6.75],"texture":"#0"},"up":{"uv":[7.375,7.5,5.75,6.75],"texture":"#0"},"down":{"uv":[1.625,7.25,0,8],"texture":"#0"}}},{"from":[6.75,5.09044,1.51799],"to":[9.25,7.09044,4.01799],"faces":{"north":{"uv":[7.5,5,8.125,5.5],"texture":"#0"},"east":{"uv":[8,1.75,8.625,2.25],"texture":"#0"},"south":{"uv":[8,2.25,8.625,2.75],"texture":"#0"},"west":{"uv":[4,8,4.625,8.5],"texture":"#0"},"up":{"uv":[3.875,8.375,3.25,7.75],"texture":"#0"},"down":{"uv":[7.625,7.75,7,8.375],"texture":"#0"}}},{"name":"signs","from":[0.7,18,-0.075],"to":[15.3,20.8,-0.075],"faces":{"north":{"uv":[0,14.875,7.375,16],"texture":"#0"},"east":{"uv":[0,0,0,0.75],"texture":"#0"},"west":{"uv":[0,0,0,0.75],"texture":"#0"},"up":{"uv":[3.625,0,0,0],"texture":"#0"},"down":{"uv":[3.625,0,0,0],"texture":"#0"}}},{"name":"package","from":[0,-0.1,0],"to":[16,21.9,0],"faces":{"north":{"uv":[0,0,4,5.5],"texture":"#1"},"east":{"uv":[4,0,8,5.5],"texture":"#1"},"south":{"uv":[0,0,4,5.5],"texture":"#1"},"west":{"uv":[4,5.5,8,11],"texture":"#1"},"up":{"uv":[12,4,8,0],"texture":"#1"},"down":{"uv":[12,4,8,8],"texture":"#1"}}},{"name":"package","from":[0,-0.1,16],"to":[16,21.9,16],"faces":{"north":{"uv":[0,5.5,4,11],"texture":"#1"},"east":{"uv":[4,0,8,5.5],"texture":"#1"},"south":{"uv":[0,5.5,4,11],"texture":"#1"},"west":{"uv":[4,5.5,8,11],"texture":"#1"},"up":{"uv":[12,4,8,0],"texture":"#1"},"down":{"uv":[12,4,8,8],"texture":"#1"}}},{"name":"package","from":[0,-0.1,0],"to":[16,-0.1,16],"faces":{"north":{"uv":[0,0,4,5.5],"texture":"#1"},"east":{"uv":[4,0,8,5.5],"texture":"#1"},"south":{"uv":[0,5.5,4,11],"texture":"#1"},"west":{"uv":[4,5.5,8,11],"texture":"#1"},"up":{"uv":[12,4,8,8],"texture":"#1"},"down":{"uv":[12,4,8,8],"texture":"#1"}}},{"name":"package","from":[0,21.9,0],"to":[16,21.9,16],"faces":{"north":{"uv":[0,0,4,5.5],"texture":"#1"},"east":{"uv":[4,0,8,5.5],"texture":"#1"},"south":{"uv":[0,5.5,4,11],"texture":"#1"},"west":{"uv":[4,5.5,8,11],"texture":"#1"},"up":{"uv":[12,4,8,0],"texture":"#1"},"down":{"uv":[12,4,8,8],"texture":"#1"}}},{"name":"package","from":[16,-0.1,0],"to":[16,21.9,16],"faces":{"north":{"uv":[0,0,4,5.5],"texture":"#1"},"east":{"uv":[4,0,8,5.5],"texture":"#1"},"south":{"uv":[0,5.5,4,11],"texture":"#1"},"west":{"uv":[4,5.5,8,11],"texture":"#1"},"up":{"uv":[12,4,8,0],"texture":"#1"},"down":{"uv":[12,4,8,8],"texture":"#1"}}},{"name":"package","from":[0,-0.1,0],"to":[0,21.9,16],"faces":{"north":{"uv":[0,0,4,5.5],"texture":"#1"},"east":{"uv":[4,0,8,5.5],"texture":"#1"},"south":{"uv":[0,5.5,4,11],"texture":"#1"},"west":{"uv":[4,5.5,8,11],"texture":"#1"},"up":{"uv":[12,4,8,0],"texture":"#1"},"down":{"uv":[12,4,8,8],"texture":"#1"}}},{"name":"ef","from":[-1.75,1,1],"to":[3.75,13,1],"rotation":{"angle":45,"axis":"y","origin":[3.5,7,0]},"faces":{"north":{"uv":[0.5,3,6,15],"texture":"#2"},"east":{"uv":[0,0,0,16],"texture":"#missing"},"south":{"uv":[6,3,0.5,15],"texture":"#2"},"west":{"uv":[0,0,0,16],"texture":"#missing"},"up":{"uv":[0,0,7,0],"texture":"#missing"},"down":{"uv":[0,0,7,0],"texture":"#missing"}}},{"name":"ef","from":[12.25,0,1],"to":[17.75,12,1],"rotation":{"angle":-45,"axis":"y","origin":[12.5,7,0]},"faces":{"north":{"uv":[15,3,9.5,15],"texture":"#2"},"east":{"uv":[0,0,0,16],"texture":"#missing"},"south":{"uv":[9.5,3,15,15],"texture":"#2"},"west":{"uv":[0,0,0,16],"texture":"#missing"},"up":{"uv":[7,0,0,0],"texture":"#missing"},"down":{"uv":[7,0,0,0],"texture":"#missing"}}},{"name":"ef","from":[-0.31066,3,13.52513],"to":[5.18934,15,13.52513],"rotation":{"angle":-45,"axis":"y","origin":[2.43934,9,13.52513]},"faces":{"north":{"uv":[9.5,3,15,15],"texture":"#2"},"east":{"uv":[0,0,0,16],"texture":"#missing"},"south":{"uv":[15,3,9.5,15],"texture":"#2"},"west":{"uv":[0,0,0,16],"texture":"#missing"},"up":{"uv":[0,0,7,0],"texture":"#missing"},"down":{"uv":[0,0,7,0],"texture":"#missing"}}},{"name":"ef","from":[12.25,5,15],"to":[17.75,17,15],"rotation":{"angle":45,"axis":"y","origin":[12.5,7,16]},"faces":{"north":{"uv":[6,3,0.5,15],"texture":"#2"},"east":{"uv":[0,0,0,16],"texture":"#missing"},"south":{"uv":[0.5,3,6,15],"texture":"#2"},"west":{"uv":[0,0,0,16],"texture":"#missing"},"up":{"uv":[7,0,0,0],"texture":"#missing"},"down":{"uv":[7,0,0,0],"texture":"#missing"}}}],"gui_light":"front","display":{"thirdperson_righthand":{"rotation":[61.23,4.49,0.46],"translation":[0,1.75,0.75],"scale":[0.5,0.5,0.5]},"thirdperson_lefthand":{"rotation":[70,-180,0.46],"translation":[-6,-9.25,8.25],"scale":[0.75,0.75,0.75]},"firstperson_righthand":{"rotation":[-166,53.68,171.1],"translation":[0.75,3.75,-0.75],"scale":[0.58336,0.58336,0.58336]},"firstperson_lefthand":{"rotation":[-166,53.68,171.1],"translation":[0.75,3.75,-0.75],"scale":[0,0,0]},"ground":{"rotation":[68,0,0],"translation":[0,1.5,0],"scale":[0.5,0.5,0.5]},"gui":{"rotation":[-170,15,-180],"translation":[0.25,-2,0],"scale":[0.62,0.62,0.62]},"head":{"rotation":[7,-180,1],"translation":[0,-21.75,11.25],"scale":[1.6,1.6,1.6]},"fixed":{"rotation":[-90,0,0],"translation":[0,-0.25,-16.25],"scale":[2,2,2]}}}