{"credit":"Made by PolygonMC","textures":{"0":"halloween23:undertaker_shovel","particle":"halloween23:undertaker_shovel"},"elements":[{"from":[7.5,2,7.5],"to":[8.5,4,8.5],"rotation":{"angle":0,"axis":"y","origin":[8,8,8]},"faces":{"north":{"uv":[10,0,11,2],"texture":"#0"},"east":{"uv":[10,2,11,4],"texture":"#0"},"south":{"uv":[7,9,8,11],"texture":"#0"},"west":{"uv":[8,9,9,11],"texture":"#0"},"up":{"uv":[13,5,12,4],"rotation":180,"texture":"#0"},"down":{"uv":[6,12,5,13],"rotation":180,"texture":"#0"}}},{"from":[7.5,12,7.5],"to":[8.5,14,8.5],"rotation":{"angle":0,"axis":"y","origin":[8,8,8]},"faces":{"north":{"uv":[5,10,6,12],"texture":"#0"},"east":{"uv":[10,6,11,8],"texture":"#0"},"south":{"uv":[4,10,5,12],"texture":"#0"},"west":{"uv":[10,4,11,6],"texture":"#0"},"up":{"uv":[13,11,12,10],"rotation":180,"texture":"#0"},"down":{"uv":[13,11,12,12],"rotation":180,"texture":"#0"}}},{"from":[6.5,2.1,7.6],"to":[9.5,2.9,8.4],"rotation":{"angle":0,"axis":"z","origin":[7,2.5,8]},"faces":{"north":{"uv":[6,0,9,0.75],"texture":"#0"},"east":{"uv":[2,13,2.75,13.75],"texture":"#0"},"south":{"uv":[6,1,9,1.75],"texture":"#0"},"west":{"uv":[13,2,13.75,2.75],"texture":"#0"},"up":{"uv":[9,2.75,6,2],"texture":"#0"},"down":{"uv":[9,3,6,3.75],"texture":"#0"}}},{"from":[7,0.45,7.7],"to":[9,1.05,8.3],"rotation":{"angle":0,"axis":"z","origin":[8,0.75,8]},"faces":{"north":{"uv":[12,5,14,5.5],"texture":"#0"},"south":{"uv":[12,6,14,6.5],"texture":"#0"},"up":{"uv":[14,7.5,12,7],"texture":"#0"},"down":{"uv":[12,12,10,12.5],"texture":"#0"}}},{"from":[6.5,0.35,7.6],"to":[7,2.1,8.4],"rotation":{"angle":0,"axis":"z","origin":[6.4,0.1,8]},"faces":{"north":{"uv":[12,12,12.5,13.75],"texture":"#0"},"east":{"uv":[11,10,11.75,11.75],"texture":"#0"},"south":{"uv":[0,13,0.5,14.75],"texture":"#0"},"west":{"uv":[12,0,12.75,1.75],"texture":"#0"},"down":{"uv":[3.5,13,3,13.75],"texture":"#0"}}},{"from":[9,0.35,7.6],"to":[9.5,2.1,8.4],"rotation":{"angle":0,"axis":"z","origin":[6.6,0.1,8]},"faces":{"north":{"uv":[13,0,13.5,1.75],"texture":"#0"},"east":{"uv":[12,2,12.75,3.75],"texture":"#0"},"south":{"uv":[1,13,1.5,14.75],"texture":"#0"},"west":{"uv":[4,12,4.75,13.75],"texture":"#0"},"down":{"uv":[13.5,3,13,3.75],"texture":"#0"}}},{"from":[7.6,4,7.6],"to":[8.4,12,8.4],"rotation":{"angle":0,"axis":"y","origin":[7.5,0,7.5]},"faces":{"north":{"uv":[0,5,0.75,13],"texture":"#0"},"east":{"uv":[1,5,1.75,13],"texture":"#0"},"south":{"uv":[2,5,2.75,13],"texture":"#0"},"west":{"uv":[3,5,3.75,13],"texture":"#0"}}},{"from":[6.5,12.25,7.6],"to":[9.5,17.25,8.1],"rotation":{"angle":0,"axis":"y","origin":[7,14,7.75]},"faces":{"north":{"uv":[0,0,3,5],"texture":"#0"},"east":{"uv":[4,5,4.5,10],"texture":"#0"},"south":{"uv":[3,0,6,5],"texture":"#0"},"west":{"uv":[5,5,5.5,10],"texture":"#0"},"up":{"uv":[14,8.5,11,8],"texture":"#0"},"down":{"uv":[14,9,11,9.5],"texture":"#0"}}},{"from":[5.63373,12.75,7.77231],"to":[6.13373,16.25,8.27231],"rotation":{"angle":22.5,"axis":"y","origin":[6.13373,14.25,8.02231]},"faces":{"north":{"uv":[10,8,10.5,11.5],"texture":"#0"},"south":{"uv":[9,10,9.5,13.5],"texture":"#0"},"west":{"uv":[11,0,11.5,3.5],"texture":"#0"},"up":{"uv":[13.5,4.5,13,4],"texture":"#0"},"down":{"uv":[5.5,13,5,13.5],"texture":"#0"}}},{"from":[6.13373,12.25,7.77231],"to":[6.63373,16.75,8.27231],"rotation":{"angle":22.5,"axis":"y","origin":[6.13373,14.25,8.02231]},"faces":{"north":{"uv":[6,4,6.5,8.5],"texture":"#0"},"south":{"uv":[7,4,7.5,8.5],"texture":"#0"},"west":{"uv":[8,4,8.5,8.5],"texture":"#0"},"up":{"uv":[10.5,13.5,10,13],"texture":"#0"},"down":{"uv":[13.5,10,13,10.5],"texture":"#0"}}},{"from":[9.36627,12.25,7.77231],"to":[9.86627,16.75,8.27231],"rotation":{"angle":-22.5,"axis":"y","origin":[9.86627,14.25,8.02231]},"faces":{"north":{"uv":[9,0,9.5,4.5],"texture":"#0"},"east":{"uv":[9,5,9.5,9.5],"texture":"#0"},"south":{"uv":[6,9,6.5,13.5],"texture":"#0"},"up":{"uv":[13.5,12.5,13,12],"texture":"#0"},"down":{"uv":[13.5,13,13,13.5],"texture":"#0"}}},{"from":[9.86627,12.75,7.77231],"to":[10.36627,16.25,8.27231],"rotation":{"angle":-22.5,"axis":"y","origin":[9.86627,14.25,8.02231]},"faces":{"north":{"uv":[11,4,11.5,7.5],"texture":"#0"},"east":{"uv":[7,11,7.5,14.5],"texture":"#0"},"south":{"uv":[8,11,8.5,14.5],"texture":"#0"},"up":{"uv":[11.5,13.5,11,13],"texture":"#0"},"down":{"uv":[13.5,11,13,11.5],"texture":"#0"}}}],"gui_light":"front","display":{"thirdperson_righthand":{"translation":[0,-0.25,1]},"thirdperson_lefthand":{"translation":[0,-0.25,1]},"firstperson_righthand":{"rotation":[-15,0,0],"translation":[0,2.25,3.25]},"firstperson_lefthand":{"rotation":[-15,0,0],"translation":[0,2.25,3.25]},"ground":{"rotation":[-45,0,0],"translation":[0,5,0]},"gui":{"rotation":[0,0,45],"translation":[0.5,-0.5,0]},"fixed":{"rotation":[0,180,0],"translation":[0,0,-2],"scale":[2.5,2.5,2.5]}}}