{"credit":"MadewithBlockbench","texture_size":[128,128],"textures":{"0":"elitecreatures:industrial_kitchen_v1/ik_fridge_white","particle":"elitecreatures:industrial_kitchen_v1/ik_fridge_white"},"elements":[{"from":[0,29,-8],"to":[15,32,16],"faces":{"north":{"uv":[4.75,10.5,2.875,10.875],"texture":"#0"},"east":{"uv":[9.875,8.25,12.875,8.625],"texture":"#0"},"south":{"uv":[2.875,10.5,4.75,10.875],"texture":"#0"},"west":{"uv":[9.875,8.625,12.875,9],"texture":"#0"},"up":{"uv":[7.875,3,6,0],"texture":"#0"},"down":{"uv":[8.375,3,6.5,6],"texture":"#0"}}},{"from":[0,0,-8],"to":[15,1,16],"faces":{"north":{"uv":[12.75,10.75,10.875,10.875],"texture":"#0"},"east":{"uv":[1,10.875,4,11],"texture":"#0"},"south":{"uv":[10.875,10.75,12.75,10.875],"texture":"#0"},"west":{"uv":[10.875,9,13.875,9.125],"texture":"#0"},"up":{"uv":[8.375,9,6.5,6],"texture":"#0"},"down":{"uv":[1.875,7,0,10],"texture":"#0"}}},{"from":[1,22,-7],"to":[13,23,15],"faces":{"north":{"uv":[10.875,11.125,12.375,11.25],"texture":"#0"},"east":{"uv":[10.875,9.875,13.625,10],"texture":"#0"},"south":{"uv":[1,11.25,2.5,11.375],"texture":"#0"},"west":{"uv":[10.875,10,13.625,10.125],"texture":"#0"},"up":{"uv":[7.875,11.75,6.375,9],"texture":"#0"},"down":{"uv":[9.375,9,7.875,11.75],"texture":"#0"}}},{"from":[1,15,-7],"to":[13,16,15],"faces":{"north":{"uv":[10.875,11.125,12.375,11.25],"texture":"#0"},"east":{"uv":[10.875,9.875,13.625,10],"texture":"#0"},"south":{"uv":[1,11.25,2.5,11.375],"texture":"#0"},"west":{"uv":[10.875,10,13.625,10.125],"texture":"#0"},"up":{"uv":[7.875,11.75,6.375,9],"texture":"#0"},"down":{"uv":[9.375,9,7.875,11.75],"texture":"#0"}}},{"from":[1,8,-7],"to":[13,9,15],"faces":{"north":{"uv":[10.875,11.125,12.375,11.25],"texture":"#0"},"east":{"uv":[10.875,9.875,13.625,10],"texture":"#0"},"south":{"uv":[1,11.25,2.5,11.375],"texture":"#0"},"west":{"uv":[10.875,10,13.625,10.125],"texture":"#0"},"up":{"uv":[7.875,11.75,6.375,9],"texture":"#0"},"down":{"uv":[9.375,9,7.875,11.75],"texture":"#0"}}},{"from":[13,1,3.5],"to":[14,29,4.5],"faces":{"north":{"uv":[4.75,10.5,4.875,14],"texture":"#0"},"east":{"uv":[4.875,10.5,5,14],"texture":"#0"},"south":{"uv":[5,10.5,5.125,14],"texture":"#0"},"west":{"uv":[5.125,10.5,5.25,14],"texture":"#0"},"up":{"uv":[6.125,3.125,6,3],"texture":"#0"},"down":{"uv":[6.125,3.125,6,3.25],"texture":"#0"}}},{"from":[0,1,-8],"to":[1,29,16],"faces":{"north":{"uv":[5.5,10.5,5.375,14],"texture":"#0"},"east":{"uv":[0,0,3,3.5],"texture":"#0"},"south":{"uv":[5.375,10.5,5.5,14],"texture":"#0"},"west":{"uv":[3,0,6,3.5],"texture":"#0"},"up":{"uv":[8,3,7.875,0],"texture":"#0"},"down":{"uv":[8.125,0,8,3],"texture":"#0"}}},{"from":[1,1,15],"to":[14,29,16],"faces":{"north":{"uv":[0,3.5,1.625,7],"texture":"#0"},"east":{"uv":[5.5,10.5,5.625,14],"texture":"#0"},"south":{"uv":[1.625,3.5,3.25,7],"texture":"#0"},"west":{"uv":[5.625,10.5,5.75,14],"texture":"#0"},"up":{"uv":[12.5,11,10.875,10.875],"texture":"#0"},"down":{"uv":[2.625,11,1,11.125],"texture":"#0"}}},{"from":[1,1,-8],"to":[14,29,-7],"faces":{"north":{"uv":[3.25,3.5,1.625,7],"texture":"#0"},"east":{"uv":[5.5,10.5,5.625,14],"texture":"#0"},"south":{"uv":[1.625,3.5,0,7],"texture":"#0"},"west":{"uv":[5.875,10.5,6,14],"texture":"#0"},"up":{"uv":[4.25,11.125,2.625,11],"texture":"#0"},"down":{"uv":[12.5,11,10.875,11.125],"texture":"#0"}}},{"from":[14,1,4],"to":[16,29,16],"rotation":{"angle":0,"axis":"y","origin":[15,16,10]},"faces":{"north":{"uv":[0,10,0.25,13.5],"texture":"#0"},"east":{"uv":[3.375,7,4.875,10.5],"texture":"#0"},"south":{"uv":[0,10,0.25,13.5],"texture":"#0"},"west":{"uv":[1.875,7,3.375,10.5],"texture":"#0"},"up":{"uv":[12.375,9.375,10.875,9.125],"rotation":270,"texture":"#0"},"down":{"uv":[12.375,9.125,10.875,9.375],"rotation":90,"texture":"#0"}}},{"from":[16,10,5],"to":[16.5,20,6],"rotation":{"angle":0,"axis":"y","origin":[15,16,10]},"faces":{"north":{"uv":[4.5,10.875,4.5625,12.125],"texture":"#0"},"east":{"uv":[6.25,10.5,6.375,11.75],"texture":"#0"},"south":{"uv":[4.5,10.875,4.5625,12.125],"texture":"#0"},"west":{"uv":[6.25,10.5,6.375,11.75],"texture":"#0"},"up":{"uv":[6.25,3.0625,6.125,3],"rotation":270,"texture":"#0"},"down":{"uv":[6.25,3,6.125,3.0625],"rotation":90,"texture":"#0"}}},{"from":[14,1,-7.75],"to":[16,29,4.25],"rotation":{"angle":0,"axis":"y","origin":[15.625,14.75,0.25]},"faces":{"north":{"uv":[0.25,10,0,13.5],"texture":"#0"},"east":{"uv":[4.875,7,3.375,10.5],"texture":"#0"},"south":{"uv":[0,10,0.25,13.5],"texture":"#0"},"west":{"uv":[3.375,7,1.875,10.5],"texture":"#0"},"up":{"uv":[12.375,9.375,10.875,9.125],"rotation":90,"texture":"#0"},"down":{"uv":[10.875,9.375,12.375,9.125],"rotation":90,"texture":"#0"}}},{"from":[16,10,2.25],"to":[16.5,20,3.25],"rotation":{"angle":0,"axis":"y","origin":[15.625,14.75,0.25]},"faces":{"north":{"uv":[4.5,10.875,4.5625,12.125],"texture":"#0"},"east":{"uv":[6.375,10.5,6.25,11.75],"texture":"#0"},"south":{"uv":[4.5,10.875,4.5625,12.125],"texture":"#0"},"west":{"uv":[6.25,10.5,6.375,11.75],"texture":"#0"},"up":{"uv":[6.25,3.0625,6.125,3],"rotation":90,"texture":"#0"},"down":{"uv":[6.125,3.0625,6.25,3],"rotation":90,"texture":"#0"}}}],"gui_light":"front","display":{"thirdperson_righthand":{"rotation":[-82.87,-88.4,-83.43],"translation":[-1,-2.5,0.5],"scale":[0.26,0.26,0.26]},"thirdperson_lefthand":{"rotation":[-82.87,-88.4,-83.43],"translation":[-1,-2.5,0.5],"scale":[0.26,0.26,0.26]},"firstperson_righthand":{"rotation":[-82.87,-88.4,-83.43],"translation":[-1,-2.5,0.5],"scale":[0.26,0.26,0.26]},"firstperson_lefthand":{"rotation":[-82.87,-88.4,-83.43],"translation":[-1,-2.5,0.5],"scale":[0.26,0.26,0.26]},"ground":{"rotation":[-82.87,-88.4,-83.43],"translation":[-1,1,0.5],"scale":[0.26,0.26,0.26]},"gui":{"rotation":[20.01,48.47,-179.34],"translation":[0.75,2,0.5],"scale":[0.34,0.34,0.34]},"head":{"rotation":[0,-90,0],"translation":[-8,-25.5,-1.25],"scale":[2.15,2.15,2.15]},"fixed":{"rotation":[-167.74,90,167.28],"translation":[3.5,-5.25,0.5],"scale":[0.78,0.78,0.78]}}}