{"credit":"MadewithBlockbench","texture_size":[32,32],"textures":{"0":"elitecreatures:industrial_kitchen_v1/ik_microwave","particle":"elitecreatures:industrial_kitchen_v1/ik_microwave"},"elements":[{"from":[2.025,0,6.025],"to":[14.025,6,12.025],"rotation":{"angle":0,"axis":"y","origin":[5.125,3.5,4.5]},"faces":{"north":{"uv":[0,0,6,3],"texture":"#0"},"east":{"uv":[3,9,6,12],"texture":"#0"},"south":{"uv":[0,3,6,6],"texture":"#0"},"west":{"uv":[3,9,6,12],"texture":"#0"},"up":{"uv":[3,12,0,6],"rotation":270,"texture":"#0"},"down":{"uv":[9,0,6,6],"rotation":90,"texture":"#0"}}},{"from":[5.025,0,5.025],"to":[14.025,6,6.025],"rotation":{"angle":0,"axis":"y","origin":[5.125,3.5,4.5]},"faces":{"north":{"uv":[3,6,7.5,9],"texture":"#0"},"east":{"uv":[9,9,9.5,12],"texture":"#0"},"south":{"uv":[7.5,6,12,9],"texture":"#0"},"west":{"uv":[8.5,9,9,12],"texture":"#0"},"up":{"uv":[8,13.5,7.5,9],"rotation":270,"texture":"#0"},"down":{"uv":[8.5,9,8,13.5],"rotation":90,"texture":"#0"}}},{"from":[5.525,1,4.525],"to":[6.525,5,5.025],"rotation":{"angle":0,"axis":"y","origin":[5.125,3.5,4.5]},"faces":{"north":{"uv":[10.5,3,11,5],"texture":"#0"},"east":{"uv":[10.5,11,10.75,13],"texture":"#0"},"south":{"uv":[10.5,9,11,11],"texture":"#0"},"west":{"uv":[11,9,11.25,11],"texture":"#0"},"up":{"uv":[11.75,11,11.5,10.5],"rotation":270,"texture":"#0"},"down":{"uv":[11.25,11.5,11,12],"rotation":90,"texture":"#0"}}},{"from":[2.025,0,5.025],"to":[5.025,6,6.025],"rotation":{"angle":0,"axis":"y","origin":[5.125,3.5,4.5]},"faces":{"north":{"uv":[9,3,10.5,6],"texture":"#0"},"east":{"uv":[10,9,10.5,12],"texture":"#0"},"south":{"uv":[6,9,7.5,12],"texture":"#0"},"west":{"uv":[9.5,9,10,12],"texture":"#0"},"up":{"uv":[11.5,4.5,11,3],"rotation":270,"texture":"#0"},"down":{"uv":[11.5,4.5,11,6],"rotation":90,"texture":"#0"}}},{"from":[3.025,4,4.525],"to":[4.025,5,5.025],"rotation":{"angle":0,"axis":"y","origin":[5.125,3.5,4.5]},"faces":{"north":{"uv":[10.5,5,11,5.5],"texture":"#0"},"east":{"uv":[11.5,4,11.75,4.5],"texture":"#0"},"south":{"uv":[10.5,5.5,11,6],"texture":"#0"},"west":{"uv":[11.5,3.5,11.75,4],"texture":"#0"},"up":{"uv":[11.75,5,11.5,4.5],"rotation":270,"texture":"#0"},"down":{"uv":[11.75,5,11.5,5.5],"rotation":90,"texture":"#0"}}},{"from":[3.025,2,4.525],"to":[4.025,3,5.025],"rotation":{"angle":0,"axis":"y","origin":[5.125,3.5,4.5]},"faces":{"north":{"uv":[11,11,11.5,11.5],"texture":"#0"},"east":{"uv":[11.5,9,11.75,9.5],"texture":"#0"},"south":{"uv":[11.5,3,12,3.5],"texture":"#0"},"west":{"uv":[11.5,5.5,11.75,6],"texture":"#0"},"up":{"uv":[11.75,10,11.5,9.5],"rotation":270,"texture":"#0"},"down":{"uv":[11.75,10,11.5,10.5],"rotation":90,"texture":"#0"}}}],"gui_light":"front","display":{"thirdperson_righthand":{"rotation":[-175.4,9.43,176.56],"translation":[-1.5,5.5,0.5],"scale":[0.8,0.8,0.8]},"thirdperson_lefthand":{"rotation":[-175.4,9.43,176.56],"translation":[-1.5,5.5,0.5],"scale":[0.8,0.8,0.8]},"firstperson_righthand":{"rotation":[-175.4,9.43,176.56],"translation":[-1.5,5.5,0.5],"scale":[0.8,0.8,0.8]},"firstperson_lefthand":{"rotation":[-175.4,9.43,176.56],"translation":[-3,5.5,0.5],"scale":[0.8,0.8,0.8]},"ground":{"rotation":[-175.4,9.43,176.56],"translation":[0.25,5.5,0.5],"scale":[0.8,0.8,0.8]},"gui":{"rotation":[-151,49.5,-180],"translation":[0,4.25,0]},"head":{"rotation":[-180,0,-180],"translation":[0,-26.5,1],"scale":[2.06,2.06,2.06]},"fixed":{"translation":[0,8.5,0],"scale":[1.51,1.51,1.51]}},"groups":[{"name":"group","origin":[0,0,0],"color":0,"children":[0,1,2,3,4,5]}]}