{"credit":"By EliteCreatures","textures":{"0":"elitecreatures:collectibles_v2_32x/tiny_squirrels_inside_32","2":"elitecreatures:collectibles_v2_32x/ef_tiny_squirrels_long","particle":"elitecreatures:collectibles_v2_32x/tiny_squirrels_inside_32"},"elements":[{"from":[5,6.95711,0.95711],"to":[11,12.95711,5.95711],"rotation":{"angle":45,"axis":"x","origin":[8,8.45711,3.95711]},"faces":{"north":{"uv":[5,1.5,6.5,3],"texture":"#0"},"east":{"uv":[5,4.5,6.25,6],"texture":"#0"},"south":{"uv":[5,3,6.5,4.5],"texture":"#0"},"west":{"uv":[2,5.25,3.25,6.75],"texture":"#0"},"up":{"uv":[4.75,6.5,3.25,5.25],"texture":"#0"},"down":{"uv":[1.5,6,0,7.25],"texture":"#0"}}},{"from":[4.7,12.74264,4.49264],"to":[6.7,14.99264,5.49264],"rotation":{"angle":22.5,"axis":"z","origin":[6,14.11764,4.99264]},"faces":{"north":{"uv":[1.5,6,2,6.625],"texture":"#0"},"east":{"uv":[4.75,5.25,5,5.875],"texture":"#0"},"south":{"uv":[8,4.5,8.5,5.125],"texture":"#0"},"west":{"uv":[3,7.75,3.25,8.375],"texture":"#0"},"up":{"uv":[8.5,5.5,8,5.25],"texture":"#0"},"down":{"uv":[8.5,7,8,7.25],"texture":"#0"}}},{"from":[3.998,1.58024,5.92512],"to":[12.002,9.83424,11.92912],"rotation":{"angle":-22.5,"axis":"x","origin":[8,4.33224,8.55212]},"faces":{"north":{"uv":[0,0,2,2.125],"texture":"#0"},"east":{"uv":[0,2.25,1.5,4.375],"texture":"#0"},"south":{"uv":[2,0,4,2.125],"texture":"#0"},"west":{"uv":[1.5,2.25,3,4.375],"texture":"#0"},"up":{"uv":[5,3.75,3,2.25],"texture":"#0"},"down":{"uv":[5,3.75,3,5.25],"texture":"#0"}}},{"from":[4,0.73313,6.72259],"to":[12,3.08313,12.72259],"rotation":{"angle":0,"axis":"y","origin":[8,-1.04187,9.72259]},"faces":{"north":{"uv":[6,0,8,0.625],"texture":"#0"},"east":{"uv":[6.5,1.5,8,2.125],"texture":"#0"},"south":{"uv":[6,0.75,8,1.375],"texture":"#0"},"west":{"uv":[6.5,2.25,8,2.875],"texture":"#0"},"up":{"uv":[6,1.5,4,0],"texture":"#0"},"down":{"uv":[2,4.5,0,6],"texture":"#0"}}},{"from":[3.5,0.02332,4.13775],"to":[6.5,1.77332,10.13775],"rotation":{"angle":0,"axis":"y","origin":[8,4.89832,8.13775]},"faces":{"north":{"uv":[8,1.5,8.75,2],"texture":"#0"},"east":{"uv":[6.5,4,8,4.5],"texture":"#0"},"south":{"uv":[8,2,8.75,2.5],"texture":"#0"},"west":{"uv":[0,7.25,1.5,7.75],"texture":"#0"},"up":{"uv":[5.5,7.5,4.75,6],"texture":"#0"},"down":{"uv":[6.25,6,5.5,7.5],"texture":"#0"}}},{"from":[3.5,2.76444,5.21465],"to":[5.5,7.76444,6.96465],"rotation":{"angle":22.5,"axis":"x","origin":[4.5,5.01444,4.83965]},"faces":{"north":{"uv":[5.75,7.5,6.25,8.75],"texture":"#0"},"east":{"uv":[1,7.75,1.5,9],"texture":"#0"},"south":{"uv":[1.5,7.75,2,9],"texture":"#0"},"west":{"uv":[2,7.75,2.5,9],"texture":"#0"},"up":{"uv":[6.75,8.5,6.25,8],"texture":"#0"},"down":{"uv":[7.25,8,6.75,8.5],"texture":"#0"}}},{"from":[9.3,12.74264,4.49264],"to":[11.3,14.99264,5.49264],"rotation":{"angle":-22.5,"axis":"z","origin":[10,14.11764,4.99264]},"faces":{"north":{"uv":[2,6,1.5,6.625],"texture":"#0"},"east":{"uv":[3.25,7.75,3,8.375],"texture":"#0"},"south":{"uv":[8.5,4.5,8,5.125],"texture":"#0"},"west":{"uv":[5,5.25,4.75,5.875],"texture":"#0"},"up":{"uv":[8,5.5,8.5,5.25],"texture":"#0"},"down":{"uv":[8,7,8.5,7.25],"texture":"#0"}}},{"from":[9.5,0.02332,4.13775],"to":[12.5,1.77332,10.13775],"rotation":{"angle":0,"axis":"y","origin":[8,4.89832,8.13775]},"faces":{"north":{"uv":[8.75,1.5,8,2],"texture":"#0"},"east":{"uv":[1.5,7.25,0,7.75],"texture":"#0"},"south":{"uv":[8.75,2,8,2.5],"texture":"#0"},"west":{"uv":[8,4,6.5,4.5],"texture":"#0"},"up":{"uv":[4.75,7.5,5.5,6],"texture":"#0"},"down":{"uv":[5.5,6,6.25,7.5],"texture":"#0"}}},{"from":[10.5,2.76444,5.21465],"to":[12.5,7.76444,6.96465],"rotation":{"angle":22.5,"axis":"x","origin":[11.5,5.01444,4.83965]},"faces":{"north":{"uv":[6.25,7.5,5.75,8.75],"texture":"#0"},"east":{"uv":[2.5,7.75,2,9],"texture":"#0"},"south":{"uv":[2,7.75,1.5,9],"texture":"#0"},"west":{"uv":[1.5,7.75,1,9],"texture":"#0"},"up":{"uv":[6.25,8.5,6.75,8],"texture":"#0"},"down":{"uv":[6.75,8,7.25,8.5],"texture":"#0"}}},{"from":[6.5,1.64832,11.125],"to":[9.5,5.64832,12.875],"rotation":{"angle":22.5,"axis":"x","origin":[8,1.89832,12]},"faces":{"north":{"uv":[2.5,6.75,3.25,7.75],"texture":"#0"},"east":{"uv":[4.25,6.5,4.75,7.5],"texture":"#0"},"south":{"uv":[7.25,4.5,8,5.5],"texture":"#0"},"west":{"uv":[2.5,7.75,3,8.75],"texture":"#0"},"up":{"uv":[8.75,3,8,2.5],"texture":"#0"},"down":{"uv":[8.75,4,8,4.5],"texture":"#0"}}},{"from":[6.25,5.02802,12.24346],"to":[9.75,9.52802,14.49346],"rotation":{"angle":0,"axis":"y","origin":[8,7.52802,13.36846]},"faces":{"north":{"uv":[6.25,4.5,7.125,5.625],"texture":"#0"},"east":{"uv":[7.25,7,7.875,8.125],"texture":"#0"},"south":{"uv":[6.25,5.75,7.125,6.875],"texture":"#0"},"west":{"uv":[3.25,7.5,3.875,8.625],"texture":"#0"},"up":{"uv":[8.875,0.625,8,0],"texture":"#0"},"down":{"uv":[8.875,0.75,8,1.375],"texture":"#0"}}},{"from":[5.998,8.92423,11.21606],"to":[10.002,12.17823,13.97006],"rotation":{"angle":-22.5,"axis":"x","origin":[8,11.17623,12.59306]},"faces":{"north":{"uv":[6.5,3,7.5,3.875],"texture":"#0"},"east":{"uv":[7.5,3,8.25,3.875],"texture":"#0"},"south":{"uv":[3.25,6.5,4.25,7.375],"texture":"#0"},"west":{"uv":[4,7.5,4.75,8.375],"texture":"#0"},"up":{"uv":[5,2.25,4,1.5],"texture":"#0"},"down":{"uv":[3,4.5,2,5.25],"texture":"#0"}}},{"from":[6,10.3757,11.43636],"to":[10,13.1257,14.68636],"rotation":{"angle":-45,"axis":"x","origin":[8,11.7507,13.06136]},"faces":{"north":{"uv":[7.25,5.5,8.25,6.25],"texture":"#0"},"east":{"uv":[4.75,7.5,5.625,8.25],"texture":"#0"},"south":{"uv":[7.25,6.25,8.25,7],"texture":"#0"},"west":{"uv":[0,7.75,0.875,8.5],"texture":"#0"},"up":{"uv":[2.5,7.625,1.5,6.75],"texture":"#0"},"down":{"uv":[7.25,7,6.25,7.875],"texture":"#0"}}},{"from":[-0.75,11.25,4],"to":[7.75,18.75,4],"rotation":{"angle":22.5,"axis":"y","origin":[3.5,15,4]},"faces":{"north":{"uv":[8,2,15,8],"texture":"#2"},"east":{"uv":[0,0,0,10],"texture":"#missing"},"south":{"uv":[15,2,8,8],"texture":"#2"},"west":{"uv":[0,0,0,10],"texture":"#missing"},"up":{"uv":[0,0,9,0],"texture":"#missing"},"down":{"uv":[0,0,9,0],"texture":"#missing"}}},{"from":[6.75,2.1,3.25],"to":[9.25,7.1,3.25],"rotation":{"angle":0,"axis":"y","origin":[5.5,0,0]},"faces":{"north":{"uv":[1.5,6.5,3.5,10.5],"texture":"#2"},"east":{"uv":[0,0,0,5],"texture":"#missing"},"south":{"uv":[3.5,6.5,1.5,10.5],"texture":"#2"},"west":{"uv":[0,0,0,5],"texture":"#missing"},"up":{"uv":[0,0,5,0],"texture":"#missing"},"down":{"uv":[0,0,5,0],"texture":"#missing"}}}],"gui_light":"front","display":{"thirdperson_righthand":{"rotation":[61.23,4.49,0.46],"translation":[0,1.75,0.75],"scale":[0.5,0.5,0.5]},"thirdperson_lefthand":{"rotation":[61.23,4.49,0.46],"translation":[0,1.75,0.75],"scale":[0.5,0.5,0.5]},"firstperson_righthand":{"rotation":[-166,53.68,171.1],"translation":[0.75,3.75,-0.75],"scale":[0.58336,0.58336,0.58336]},"firstperson_lefthand":{"rotation":[-166,53.68,171.1],"translation":[0.75,3.75,-0.75],"scale":[0.58336,0.58336,0.58336]},"ground":{"rotation":[68,0,0],"translation":[0,1.5,0],"scale":[0.5,0.5,0.5]},"gui":{"rotation":[-170,15,-180],"translation":[0.25,-2,0],"scale":[0.62,0.62,0.62]},"head":{"rotation":[7,180,1],"translation":[0,-48.75,11.25],"scale":[1.6,1.6,1.6]},"fixed":{"rotation":[-90,0,0],"translation":[0,0,-16.25],"scale":[2,2,2]}}}