{
  "credit": "Made by LZLeon with Blockbench, Contact - Discord: LZBlocks#0261 - E-Mail: lzblocks@outlook.com",
  "texture_size": [
    128,
    128
  ],
  "textures": {
    "1": "lzfurniture:furniture/medieval_market/medieval_market_well",
    "particle": "lzfurniture:furniture/medieval_market/medieval_market_well"
  },
  "elements": [
    {
      "from": [
        2.97813,
        -5,
        -4.05703
      ],
      "to": [
        12.97813,
        7,
        0.94297
      ],
      "rotation": {
        "angle": 0,
        "axis": "y",
        "origin": [
          -0.02188,
          -5,
          -0.05703
        ]
      },
      "faces": {
        "north": {
          "uv": [
            0.625,
            10.625,
            1.875,
            12.125
          ],
          "texture": "#1"
        },
        "east": {
          "uv": [
            0,
            10.625,
            0.625,
            12.125
          ],
          "texture": "#1"
        },
        "south": {
          "uv": [
            2.5,
            10.625,
            3.75,
            12.125
          ],
          "texture": "#1"
        },
        "west": {
          "uv": [
            1.875,
            10.625,
            2.5,
            12.125
          ],
          "texture": "#1"
        },
        "up": {
          "uv": [
            1.875,
            10.625,
            0.625,
            10
          ],
          "texture": "#1"
        },
        "down": {
          "uv": [
            3.125,
            10,
            1.875,
            10.625
          ],
          "texture": "#1"
        }
      }
    },
    {
      "from": [
        6,
        -5,
        -9
      ],
      "to": [
        10,
        28,
        -5
      ],
      "rotation": {
        "angle": 0,
        "axis": "y",
        "origin": [
          0,
          -5,
          0
        ]
      },
      "faces": {
        "north": {
          "uv": [
            0.5,
            5.25,
            1,
            9.375
          ],
          "texture": "#1"
        },
        "east": {
          "uv": [
            0,
            5.25,
            0.5,
            9.375
          ],
          "texture": "#1"
        },
        "south": {
          "uv": [
            1.5,
            5.25,
            2,
            9.375
          ],
          "texture": "#1"
        },
        "west": {
          "uv": [
            1,
            5.25,
            1.5,
            9.375
          ],
          "texture": "#1"
        },
        "up": {
          "uv": [
            1,
            5.25,
            0.5,
            4.75
          ],
          "texture": "#1"
        },
        "down": {
          "uv": [
            1.5,
            4.75,
            1,
            5.25
          ],
          "texture": "#1"
        }
      }
    },
    {
      "from": [
        6,
        -5,
        21
      ],
      "to": [
        10,
        28,
        25
      ],
      "rotation": {
        "angle": 0,
        "axis": "y",
        "origin": [
          0,
          -5,
          0
        ]
      },
      "faces": {
        "north": {
          "uv": [
            0.5,
            5.25,
            1,
            9.375
          ],
          "texture": "#1"
        },
        "east": {
          "uv": [
            0,
            5.25,
            0.5,
            9.375
          ],
          "texture": "#1"
        },
        "south": {
          "uv": [
            1.5,
            5.25,
            2,
            9.375
          ],
          "texture": "#1"
        },
        "west": {
          "uv": [
            1,
            5.25,
            1.5,
            9.375
          ],
          "texture": "#1"
        },
        "up": {
          "uv": [
            1,
            5.25,
            0.5,
            4.75
          ],
          "texture": "#1"
        },
        "down": {
          "uv": [
            1.5,
            4.75,
            1,
            5.25
          ],
          "texture": "#1"
        }
      }
    },
    {
      "from": [
        6,
        28,
        -11
      ],
      "to": [
        10,
        32,
        27
      ],
      "faces": {
        "north": {
          "uv": [
            4.75,
            9.5,
            5.25,
            10
          ],
          "texture": "#1"
        },
        "east": {
          "uv": [
            0,
            9.5,
            4.75,
            10
          ],
          "texture": "#1"
        },
        "south": {
          "uv": [
            10,
            9.5,
            10.5,
            10
          ],
          "texture": "#1"
        },
        "west": {
          "uv": [
            5.25,
            9.5,
            10,
            10
          ],
          "texture": "#1"
        },
        "up": {
          "uv": [
            5.25,
            9.5,
            4.75,
            4.75
          ],
          "texture": "#1"
        },
        "down": {
          "uv": [
            5.75,
            4.75,
            5.25,
            9.5
          ],
          "texture": "#1"
        }
      }
    },
    {
      "from": [
        9.62994,
        24.91421,
        -10
      ],
      "to": [
        24.62994,
        26.91421,
        26
      ],
      "rotation": {
        "angle": -22.5,
        "axis": "z",
        "origin": [
          20.92893,
          29.07107,
          -1
        ]
      },
      "faces": {
        "north": {
          "uv": [
            4.5,
            4.5,
            6.375,
            4.75
          ],
          "texture": "#1"
        },
        "east": {
          "uv": [
            0,
            4.5,
            4.5,
            4.75
          ],
          "texture": "#1"
        },
        "south": {
          "uv": [
            10.875,
            4.5,
            12.75,
            4.75
          ],
          "texture": "#1"
        },
        "west": {
          "uv": [
            6.375,
            4.5,
            10.875,
            4.75
          ],
          "texture": "#1"
        },
        "up": {
          "uv": [
            6.375,
            4.5,
            4.5,
            0
          ],
          "texture": "#1"
        },
        "down": {
          "uv": [
            8.25,
            0,
            6.375,
            4.5
          ],
          "texture": "#1"
        }
      }
    },
    {
      "from": [
        9.62994,
        21.91421,
        -8.5
      ],
      "to": [
        23.62994,
        24.91421,
        -5.5
      ],
      "rotation": {
        "angle": -22.5,
        "axis": "z",
        "origin": [
          20.92893,
          29.07107,
          -1
        ]
      },
      "faces": {
        "north": {
          "uv": [
            0.375,
            3.125,
            2.125,
            3.5
          ],
          "texture": "#1"
        },
        "east": {
          "uv": [
            0,
            3.125,
            0.375,
            3.5
          ],
          "texture": "#1"
        },
        "south": {
          "uv": [
            2.5,
            3.125,
            4.25,
            3.5
          ],
          "texture": "#1"
        },
        "west": {
          "uv": [
            2.125,
            3.125,
            2.5,
            3.5
          ],
          "texture": "#1"
        },
        "up": {
          "uv": [
            2.125,
            3.125,
            0.375,
            2.75
          ],
          "texture": "#1"
        },
        "down": {
          "uv": [
            3.875,
            2.75,
            2.125,
            3.125
          ],
          "texture": "#1"
        }
      }
    },
    {
      "from": [
        9.62994,
        21.91421,
        21.5
      ],
      "to": [
        23.62994,
        24.91421,
        24.5
      ],
      "rotation": {
        "angle": -22.5,
        "axis": "z",
        "origin": [
          20.92893,
          29.07107,
          -1
        ]
      },
      "faces": {
        "north": {
          "uv": [
            0.375,
            3.125,
            2.125,
            3.5
          ],
          "texture": "#1"
        },
        "east": {
          "uv": [
            0,
            3.125,
            0.375,
            3.5
          ],
          "texture": "#1"
        },
        "south": {
          "uv": [
            2.5,
            3.125,
            4.25,
            3.5
          ],
          "texture": "#1"
        },
        "west": {
          "uv": [
            2.125,
            3.125,
            2.5,
            3.5
          ],
          "texture": "#1"
        },
        "up": {
          "uv": [
            2.125,
            3.125,
            0.375,
            2.75
          ],
          "texture": "#1"
        },
        "down": {
          "uv": [
            3.875,
            2.75,
            2.125,
            3.125
          ],
          "texture": "#1"
        }
      }
    },
    {
      "from": [
        -8.62994,
        24.91421,
        -10
      ],
      "to": [
        6.37006,
        26.91421,
        26
      ],
      "shade": false,
      "rotation": {
        "angle": 22.5,
        "axis": "z",
        "origin": [
          -4.92893,
          29.07107,
          -1
        ]
      },
      "faces": {
        "north": {
          "uv": [
            6.375,
            4.5,
            4.5,
            4.75
          ],
          "texture": "#1"
        },
        "east": {
          "uv": [
            10.875,
            4.5,
            6.375,
            4.75
          ],
          "texture": "#1"
        },
        "south": {
          "uv": [
            12.75,
            4.5,
            10.875,
            4.75
          ],
          "texture": "#1"
        },
        "west": {
          "uv": [
            4.5,
            4.5,
            0,
            4.75
          ],
          "texture": "#1"
        },
        "up": {
          "uv": [
            4.5,
            4.5,
            6.375,
            0
          ],
          "texture": "#1"
        },
        "down": {
          "uv": [
            6.375,
            0,
            8.25,
            4.5
          ],
          "texture": "#1"
        }
      }
    },
    {
      "from": [
        -7.62994,
        21.91421,
        -8.5
      ],
      "to": [
        6.37006,
        24.91421,
        -5.5
      ],
      "shade": false,
      "rotation": {
        "angle": 22.5,
        "axis": "z",
        "origin": [
          -4.92893,
          29.07107,
          -1
        ]
      },
      "faces": {
        "north": {
          "uv": [
            2.125,
            3.125,
            0.375,
            3.5
          ],
          "texture": "#1"
        },
        "east": {
          "uv": [
            2.5,
            3.125,
            2.125,
            3.5
          ],
          "texture": "#1"
        },
        "south": {
          "uv": [
            4.25,
            3.125,
            2.5,
            3.5
          ],
          "texture": "#1"
        },
        "west": {
          "uv": [
            0.375,
            3.125,
            0,
            3.5
          ],
          "texture": "#1"
        },
        "up": {
          "uv": [
            0.375,
            3.125,
            2.125,
            2.75
          ],
          "texture": "#1"
        },
        "down": {
          "uv": [
            2.125,
            2.75,
            3.875,
            3.125
          ],
          "texture": "#1"
        }
      }
    },
    {
      "from": [
        -7.62994,
        21.91421,
        21.5
      ],
      "to": [
        6.37006,
        24.91421,
        24.5
      ],
      "shade": false,
      "rotation": {
        "angle": 22.5,
        "axis": "z",
        "origin": [
          -4.92893,
          29.07107,
          -1
        ]
      },
      "faces": {
        "north": {
          "uv": [
            2.125,
            3.125,
            0.375,
            3.5
          ],
          "texture": "#1"
        },
        "east": {
          "uv": [
            2.5,
            3.125,
            2.125,
            3.5
          ],
          "texture": "#1"
        },
        "south": {
          "uv": [
            4.25,
            3.125,
            2.5,
            3.5
          ],
          "texture": "#1"
        },
        "west": {
          "uv": [
            0.375,
            3.125,
            0,
            3.5
          ],
          "texture": "#1"
        },
        "up": {
          "uv": [
            0.375,
            3.125,
            2.125,
            2.75
          ],
          "texture": "#1"
        },
        "down": {
          "uv": [
            2.125,
            2.75,
            3.875,
            3.125
          ],
          "texture": "#1"
        }
      }
    },
    {
      "from": [
        6.75,
        13,
        -11
      ],
      "to": [
        9.25,
        15.5,
        29
      ],
      "rotation": {
        "angle": 0,
        "axis": "y",
        "origin": [
          0,
          -5,
          0
        ]
      },
      "faces": {
        "north": {
          "uv": [
            10.5,
            10,
            10.75,
            10.25
          ],
          "texture": "#1"
        },
        "east": {
          "uv": [
            5.5,
            10,
            10.5,
            10.25
          ],
          "texture": "#1"
        },
        "south": {
          "uv": [
            15.75,
            10,
            16,
            10.25
          ],
          "texture": "#1"
        },
        "west": {
          "uv": [
            10.75,
            10,
            15.75,
            10.25
          ],
          "texture": "#1"
        },
        "up": {
          "uv": [
            10.75,
            10,
            10.5,
            5
          ],
          "texture": "#1"
        },
        "down": {
          "uv": [
            11,
            5,
            10.75,
            10
          ],
          "texture": "#1"
        }
      }
    },
    {
      "from": [
        6.25,
        12.5,
        5
      ],
      "to": [
        9.75,
        16,
        13
      ],
      "rotation": {
        "angle": 0,
        "axis": "y",
        "origin": [
          0,
          -5,
          0
        ]
      },
      "faces": {
        "north": {
          "uv": [
            3,
            5.75,
            3.375,
            6.125
          ],
          "texture": "#1"
        },
        "east": {
          "uv": [
            2,
            5.75,
            3,
            6.125
          ],
          "texture": "#1"
        },
        "south": {
          "uv": [
            4.375,
            5.75,
            4.75,
            6.125
          ],
          "texture": "#1"
        },
        "west": {
          "uv": [
            3.375,
            5.75,
            4.375,
            6.125
          ],
          "texture": "#1"
        },
        "up": {
          "uv": [
            3.375,
            5.75,
            3,
            4.75
          ],
          "texture": "#1"
        },
        "down": {
          "uv": [
            3.75,
            4.75,
            3.375,
            5.75
          ],
          "texture": "#1"
        }
      }
    },
    {
      "from": [
        7.25,
        -3,
        6
      ],
      "to": [
        8.25,
        12.5,
        7
      ],
      "rotation": {
        "angle": 0,
        "axis": "y",
        "origin": [
          0,
          -5,
          0
        ]
      },
      "faces": {
        "north": {
          "uv": [
            4,
            1.125,
            4.125,
            3
          ],
          "texture": "#1"
        },
        "east": {
          "uv": [
            3.875,
            1.125,
            4,
            3
          ],
          "texture": "#1"
        },
        "south": {
          "uv": [
            4.25,
            1.125,
            4.375,
            3
          ],
          "texture": "#1"
        },
        "west": {
          "uv": [
            4.125,
            1.125,
            4.25,
            3
          ],
          "texture": "#1"
        },
        "up": {
          "uv": [
            4.125,
            1.125,
            4,
            1
          ],
          "texture": "#1"
        },
        "down": {
          "uv": [
            4.25,
            1,
            4.125,
            1.125
          ],
          "texture": "#1"
        }
      }
    },
    {
      "from": [
        6.25,
        8,
        27
      ],
      "to": [
        9.75,
        16,
        28
      ],
      "rotation": {
        "angle": 0,
        "axis": "y",
        "origin": [
          0,
          -5,
          0
        ]
      },
      "faces": {
        "north": {
          "uv": [
            0.125,
            0.125,
            0.5,
            1.125
          ],
          "texture": "#1"
        },
        "east": {
          "uv": [
            0,
            0.125,
            0.125,
            1.125
          ],
          "texture": "#1"
        },
        "south": {
          "uv": [
            0.625,
            0.125,
            1,
            1.125
          ],
          "texture": "#1"
        },
        "west": {
          "uv": [
            0.5,
            0.125,
            0.625,
            1.125
          ],
          "texture": "#1"
        },
        "up": {
          "uv": [
            0.5,
            0.125,
            0.125,
            0
          ],
          "texture": "#1"
        },
        "down": {
          "uv": [
            0.875,
            0,
            0.5,
            0.125
          ],
          "texture": "#1"
        }
      }
    },
    {
      "from": [
        2.97812,
        -5,
        15.0851
      ],
      "to": [
        12.97812,
        7,
        20.0851
      ],
      "rotation": {
        "angle": 0,
        "axis": "y",
        "origin": [
          -0.02188,
          -5,
          19.0851
        ]
      },
      "faces": {
        "north": {
          "uv": [
            6.375,
            7.5,
            7.625,
            9
          ],
          "texture": "#1"
        },
        "east": {
          "uv": [
            5.75,
            7.5,
            6.375,
            9
          ],
          "texture": "#1"
        },
        "south": {
          "uv": [
            8.25,
            7.5,
            9.5,
            9
          ],
          "texture": "#1"
        },
        "west": {
          "uv": [
            7.625,
            7.5,
            8.25,
            9
          ],
          "texture": "#1"
        },
        "up": {
          "uv": [
            7.625,
            7.5,
            6.375,
            6.875
          ],
          "texture": "#1"
        },
        "down": {
          "uv": [
            8.875,
            6.875,
            7.625,
            7.5
          ],
          "texture": "#1"
        }
      }
    },
    {
      "from": [
        11.02838,
        -5.07031,
        -7.34992
      ],
      "to": [
        21.02838,
        6.92969,
        -2.34992
      ],
      "rotation": {
        "angle": -45,
        "axis": "y",
        "origin": [
          8.02838,
          -5.07031,
          -3.34992
        ]
      },
      "faces": {
        "north": {
          "uv": [
            0.625,
            10.625,
            1.875,
            12.125
          ],
          "texture": "#1"
        },
        "east": {
          "uv": [
            0,
            10.625,
            0.625,
            12.125
          ],
          "texture": "#1"
        },
        "south": {
          "uv": [
            2.5,
            10.625,
            3.75,
            12.125
          ],
          "texture": "#1"
        },
        "west": {
          "uv": [
            1.875,
            10.625,
            2.5,
            12.125
          ],
          "texture": "#1"
        },
        "up": {
          "uv": [
            1.875,
            10.625,
            0.625,
            10
          ],
          "texture": "#1"
        },
        "down": {
          "uv": [
            3.125,
            10,
            1.875,
            10.625
          ],
          "texture": "#1"
        }
      }
    },
    {
      "from": [
        -2.50716,
        -5.07031,
        6.18561
      ],
      "to": [
        7.49284,
        6.92969,
        11.18561
      ],
      "rotation": {
        "angle": -45,
        "axis": "y",
        "origin": [
          -5.50716,
          -5.07031,
          10.18561
        ]
      },
      "faces": {
        "north": {
          "uv": [
            6.375,
            7.5,
            7.625,
            9
          ],
          "texture": "#1"
        },
        "east": {
          "uv": [
            5.75,
            7.5,
            6.375,
            9
          ],
          "texture": "#1"
        },
        "south": {
          "uv": [
            8.25,
            7.5,
            9.5,
            9
          ],
          "texture": "#1"
        },
        "west": {
          "uv": [
            7.625,
            7.5,
            8.25,
            9
          ],
          "texture": "#1"
        },
        "up": {
          "uv": [
            7.625,
            7.5,
            6.375,
            6.875
          ],
          "texture": "#1"
        },
        "down": {
          "uv": [
            8.875,
            6.875,
            7.625,
            7.5
          ],
          "texture": "#1"
        }
      }
    },
    {
      "from": [
        15.04919,
        -5,
        3.01404
      ],
      "to": [
        20.04919,
        7,
        13.01404
      ],
      "rotation": {
        "angle": 0,
        "axis": "y",
        "origin": [
          16.04919,
          -5,
          0.01404
        ]
      },
      "faces": {
        "north": {
          "uv": [
            9.5,
            1.25,
            10.125,
            2.75
          ],
          "texture": "#1"
        },
        "east": {
          "uv": [
            8.25,
            1.25,
            9.5,
            2.75
          ],
          "texture": "#1"
        },
        "south": {
          "uv": [
            11.375,
            1.25,
            12,
            2.75
          ],
          "texture": "#1"
        },
        "west": {
          "uv": [
            10.125,
            1.25,
            11.375,
            2.75
          ],
          "texture": "#1"
        },
        "up": {
          "uv": [
            10.125,
            1.25,
            9.5,
            0
          ],
          "texture": "#1"
        },
        "down": {
          "uv": [
            10.75,
            0,
            10.125,
            1.25
          ],
          "texture": "#1"
        }
      }
    },
    {
      "from": [
        -4.09294,
        -5,
        3.01404
      ],
      "to": [
        0.90706,
        7,
        13.01404
      ],
      "rotation": {
        "angle": 0,
        "axis": "y",
        "origin": [
          -3.09294,
          -5,
          0.01404
        ]
      },
      "faces": {
        "north": {
          "uv": [
            1.25,
            1.25,
            1.875,
            2.75
          ],
          "texture": "#1"
        },
        "east": {
          "uv": [
            0,
            1.25,
            1.25,
            2.75
          ],
          "texture": "#1"
        },
        "south": {
          "uv": [
            3.125,
            1.25,
            3.75,
            2.75
          ],
          "texture": "#1"
        },
        "west": {
          "uv": [
            1.875,
            1.25,
            3.125,
            2.75
          ],
          "texture": "#1"
        },
        "up": {
          "uv": [
            1.875,
            1.25,
            1.25,
            0
          ],
          "texture": "#1"
        },
        "down": {
          "uv": [
            2.5,
            0,
            1.875,
            1.25
          ],
          "texture": "#1"
        }
      }
    },
    {
      "from": [
        0.90706,
        4,
        0.01404
      ],
      "to": [
        15.90706,
        4,
        17.01404
      ],
      "rotation": {
        "angle": 0,
        "axis": "y",
        "origin": [
          -3.09294,
          -5,
          0.01404
        ]
      },
      "faces": {
        "north": {
          "uv": [
            5.75,
            6.875,
            7.625,
            6.875
          ],
          "texture": "#1"
        },
        "east": {
          "uv": [
            3.625,
            6.875,
            5.75,
            6.875
          ],
          "texture": "#1"
        },
        "south": {
          "uv": [
            9.75,
            6.875,
            11.625,
            6.875
          ],
          "texture": "#1"
        },
        "west": {
          "uv": [
            7.625,
            6.875,
            9.75,
            6.875
          ],
          "texture": "#1"
        },
        "up": {
          "uv": [
            7.625,
            6.875,
            5.75,
            4.75
          ],
          "texture": "#1"
        },
        "down": {
          "uv": [
            9.5,
            4.75,
            7.625,
            6.875
          ],
          "texture": "#1"
        }
      }
    },
    {
      "from": [
        -0.38584,
        -5.07031,
        3.96378
      ],
      "to": [
        9.61416,
        6.92969,
        8.96378
      ],
      "rotation": {
        "angle": 45,
        "axis": "y",
        "origin": [
          -3.38584,
          -5.07031,
          7.96378
        ]
      },
      "faces": {
        "north": {
          "uv": [
            0.625,
            10.625,
            1.875,
            12.125
          ],
          "texture": "#1"
        },
        "east": {
          "uv": [
            0,
            10.625,
            0.625,
            12.125
          ],
          "texture": "#1"
        },
        "south": {
          "uv": [
            2.5,
            10.625,
            3.75,
            12.125
          ],
          "texture": "#1"
        },
        "west": {
          "uv": [
            1.875,
            10.625,
            2.5,
            12.125
          ],
          "texture": "#1"
        },
        "up": {
          "uv": [
            1.875,
            10.625,
            0.625,
            10
          ],
          "texture": "#1"
        },
        "down": {
          "uv": [
            3.125,
            10,
            1.875,
            10.625
          ],
          "texture": "#1"
        }
      }
    },
    {
      "from": [
        13.1497,
        -5.07031,
        17.49932
      ],
      "to": [
        23.1497,
        6.92969,
        22.49932
      ],
      "rotation": {
        "angle": 45,
        "axis": "y",
        "origin": [
          10.1497,
          -5.07031,
          21.49932
        ]
      },
      "faces": {
        "north": {
          "uv": [
            6.375,
            7.5,
            7.625,
            9
          ],
          "texture": "#1"
        },
        "east": {
          "uv": [
            5.75,
            7.5,
            6.375,
            9
          ],
          "texture": "#1"
        },
        "south": {
          "uv": [
            8.25,
            7.5,
            9.5,
            9
          ],
          "texture": "#1"
        },
        "west": {
          "uv": [
            7.625,
            7.5,
            8.25,
            9
          ],
          "texture": "#1"
        },
        "up": {
          "uv": [
            7.625,
            7.5,
            6.375,
            6.875
          ],
          "texture": "#1"
        },
        "down": {
          "uv": [
            8.875,
            6.875,
            7.625,
            7.5
          ],
          "texture": "#1"
        }
      }
    },
    {
      "from": [
        7,
        9,
        26
      ],
      "to": [
        9,
        11,
        32
      ],
      "faces": {
        "north": {
          "uv": [
            3.25,
            0.75,
            3.5,
            1
          ],
          "texture": "#1"
        },
        "east": {
          "uv": [
            2.5,
            0.75,
            3.25,
            1
          ],
          "texture": "#1"
        },
        "south": {
          "uv": [
            4.25,
            0.75,
            4.5,
            1
          ],
          "texture": "#1"
        },
        "west": {
          "uv": [
            3.5,
            0.75,
            4.25,
            1
          ],
          "texture": "#1"
        },
        "up": {
          "uv": [
            3.5,
            0.75,
            3.25,
            0
          ],
          "texture": "#1"
        },
        "down": {
          "uv": [
            3.75,
            0,
            3.5,
            0.75
          ],
          "texture": "#1"
        }
      }
    }
  ],
  "display": {
    "thirdperson_righthand": {
      "rotation": [
        60,
        -129,
        0
      ],
      "translation": [
        -0.75,
        4.75,
        -0.5
      ],
      "scale": [
        0.45,
        0.45,
        0.45
      ]
    },
    "thirdperson_lefthand": {
      "rotation": [
        60,
        -129,
        0
      ],
      "translation": [
        -0.75,
        4.75,
        -0.5
      ],
      "scale": [
        0.45,
        0.45,
        0.45
      ]
    },
    "firstperson_righthand": {
      "rotation": [
        0,
        -73,
        6
      ],
      "translation": [
        0.75,
        1.25,
        0
      ],
      "scale": [
        0.3,
        0.3,
        0.3
      ]
    },
    "firstperson_lefthand": {
      "rotation": [
        0,
        -73,
        6
      ],
      "translation": [
        0.75,
        1.25,
        0
      ],
      "scale": [
        0.3,
        0.3,
        0.3
      ]
    },
    "ground": {
      "translation": [
        0,
        2.5,
        0
      ],
      "scale": [
        0.35,
        0.35,
        0.35
      ]
    },
    "gui": {
      "rotation": [
        30,
        -40,
        0
      ],
      "translation": [
        0,
        -1.5,
        0
      ],
      "scale": [
        0.3,
        0.3,
        0.3
      ]
    },
    "head": {
      "rotation": [
        0,
        -90,
        0
      ],
      "translation": [
        0,
        -22.4,
        0
      ],
      "scale": [
        1.6,
        1.6,
        1.6
      ]
    },
    "fixed": {
      "rotation": [
        -90,
        90,
        0
      ],
      "translation": [
        0,
        0,
        -25
      ],
      "scale": [
        2,
        2,
        2
      ]
    }
  }
}