{
  "credit": "Made with Blockbench",
  "texture_size": [
    64,
    64
  ],
  "textures": {
    "1": "elitecreatures:ginger_bread_gear/gingerbread_animation01",
    "2": "elitecreatures:ginger_bread_gear/gingerbread_texture1",
    "particle": "elitecreatures:ginger_bread_gear/gingerbread_texture1"
  },
  "elements": [
    {
      "from": [
        7.5,
        4.20711,
        5.5
      ],
      "to": [
        9.5,
        9.20711,
        10.5
      ],
      "rotation": {
        "angle": 45,
        "axis": "x",
        "origin": [
          8,
          6.70711,
          8
        ]
      },
      "faces": {
        "north": {
          "uv": [
            0.5,
            5.75,
            1.25,
            7
          ],
          "texture": "#2"
        },
        "east": {
          "uv": [
            3.25,
            5,
            4.5,
            6.25
          ],
          "texture": "#2"
        },
        "south": {
          "uv": [
            1.25,
            5.75,
            2,
            7
          ],
          "texture": "#2"
        },
        "west": {
          "uv": [
            5.5,
            0.75,
            6.75,
            2
          ],
          "texture": "#2"
        },
        "up": {
          "uv": [
            2.75,
            7,
            2,
            5.75
          ],
          "texture": "#2"
        },
        "down": {
          "uv": [
            6.75,
            2,
            6,
            3.25
          ],
          "texture": "#2"
        }
      }
    },
    {
      "from": [
        6.5,
        3.20711,
        4.5
      ],
      "to": [
        8,
        10.20711,
        11.5
      ],
      "rotation": {
        "angle": 45,
        "axis": "x",
        "origin": [
          7.5,
          6.70711,
          8
        ]
      },
      "faces": {
        "north": {
          "uv": [
            12.375,
            0,
            12.75,
            1.75
          ],
          "texture": "#2"
        },
        "east": {
          "uv": [
            12.375,
            0,
            10.625,
            1.75
          ],
          "texture": "#2"
        },
        "south": {
          "uv": [
            12.375,
            0,
            12.75,
            1.75
          ],
          "texture": "#2"
        },
        "west": {
          "uv": [
            10.625,
            0,
            12.375,
            1.75
          ],
          "texture": "#2"
        },
        "up": {
          "uv": [
            12.75,
            1.75,
            12.375,
            0
          ],
          "texture": "#2"
        },
        "down": {
          "uv": [
            12.75,
            0,
            12.375,
            1.75
          ],
          "texture": "#2"
        }
      }
    },
    {
      "from": [
        6.425,
        0.20711,
        6.5
      ],
      "to": [
        7.925,
        5.20711,
        11.5
      ],
      "rotation": {
        "angle": 45,
        "axis": "x",
        "origin": [
          7.425,
          3.70711,
          8
        ]
      },
      "faces": {
        "north": {
          "uv": [
            12.375,
            1.75,
            12.75,
            0.5
          ],
          "texture": "#2"
        },
        "east": {
          "uv": [
            12.375,
            0.5,
            11.125,
            1.75
          ],
          "texture": "#2"
        },
        "south": {
          "uv": [
            12.375,
            0.5,
            12.75,
            1.75
          ],
          "texture": "#2"
        },
        "west": {
          "uv": [
            11.125,
            0.5,
            12.375,
            1.75
          ],
          "texture": "#2"
        },
        "up": {
          "uv": [
            12.75,
            1.75,
            12.375,
            0.5
          ],
          "texture": "#2"
        },
        "down": {
          "uv": [
            12.75,
            1.75,
            12.375,
            0.5
          ],
          "texture": "#2"
        }
      }
    },
    {
      "from": [
        6.425,
        8.20711,
        4.5
      ],
      "to": [
        7.925,
        15.20711,
        11.5
      ],
      "rotation": {
        "angle": 45,
        "axis": "x",
        "origin": [
          7.425,
          11.70711,
          8
        ]
      },
      "faces": {
        "north": {
          "uv": [
            12.375,
            0,
            12.75,
            1.75
          ],
          "texture": "#2"
        },
        "east": {
          "uv": [
            12.375,
            0,
            10.625,
            1.75
          ],
          "texture": "#2"
        },
        "south": {
          "uv": [
            12.375,
            0,
            12.75,
            1.75
          ],
          "texture": "#2"
        },
        "west": {
          "uv": [
            10.625,
            0,
            12.375,
            1.75
          ],
          "texture": "#2"
        },
        "up": {
          "uv": [
            12.75,
            1.75,
            12.375,
            0
          ],
          "texture": "#2"
        },
        "down": {
          "uv": [
            12.75,
            0,
            12.375,
            1.75
          ],
          "texture": "#2"
        }
      }
    },
    {
      "from": [
        7.25,
        5.8,
        9.8
      ],
      "to": [
        8.75,
        7.3,
        13.8
      ],
      "rotation": {
        "angle": 22.5,
        "axis": "x",
        "origin": [
          7.5,
          6.3,
          9.7
        ]
      },
      "faces": {
        "north": {
          "uv": [
            8.25,
            3,
            8.625,
            3.375
          ],
          "texture": "#2"
        },
        "east": {
          "uv": [
            3,
            7,
            4,
            7.375
          ],
          "texture": "#2"
        },
        "south": {
          "uv": [
            8.25,
            3.5,
            8.625,
            3.875
          ],
          "texture": "#2"
        },
        "west": {
          "uv": [
            7.25,
            2.25,
            8.25,
            2.625
          ],
          "texture": "#2"
        },
        "up": {
          "uv": [
            6.375,
            8,
            6,
            7
          ],
          "texture": "#2"
        },
        "down": {
          "uv": [
            7.625,
            2.75,
            7.25,
            3.75
          ],
          "texture": "#2"
        }
      }
    },
    {
      "from": [
        8,
        5.8,
        13.8
      ],
      "to": [
        8,
        7.3,
        15.8
      ],
      "rotation": {
        "angle": 22.5,
        "axis": "x",
        "origin": [
          7.5,
          6.3,
          9.7
        ]
      },
      "faces": {
        "north": {
          "uv": [
            0,
            0,
            0,
            0.375
          ],
          "texture": "#2"
        },
        "east": {
          "uv": [
            7.75,
            3,
            8.25,
            3.375
          ],
          "texture": "#2"
        },
        "south": {
          "uv": [
            0,
            0,
            0,
            0.375
          ],
          "texture": "#2"
        },
        "west": {
          "uv": [
            7.75,
            3.5,
            8.25,
            3.875
          ],
          "texture": "#2"
        },
        "up": {
          "uv": [
            0,
            0.5,
            0,
            0
          ],
          "texture": "#2"
        },
        "down": {
          "uv": [
            0,
            0,
            0,
            0.5
          ],
          "texture": "#2"
        }
      }
    },
    {
      "from": [
        7.25,
        5.8,
        2.2
      ],
      "to": [
        8.75,
        7.3,
        6.2
      ],
      "rotation": {
        "angle": -22.5,
        "axis": "x",
        "origin": [
          7.5,
          6.3,
          6.3
        ]
      },
      "faces": {
        "north": {
          "uv": [
            5,
            8.5,
            5.375,
            8.875
          ],
          "texture": "#2"
        },
        "east": {
          "uv": [
            7.25,
            4.5,
            8.25,
            4.875
          ],
          "texture": "#2"
        },
        "south": {
          "uv": [
            6,
            8.5,
            6.375,
            8.875
          ],
          "texture": "#2"
        },
        "west": {
          "uv": [
            3,
            7.5,
            4,
            7.875
          ],
          "texture": "#2"
        },
        "up": {
          "uv": [
            4.375,
            8.5,
            4,
            7.5
          ],
          "texture": "#2"
        },
        "down": {
          "uv": [
            5.375,
            7.5,
            5,
            8.5
          ],
          "texture": "#2"
        }
      }
    },
    {
      "from": [
        8,
        5.8,
        0.2
      ],
      "to": [
        8,
        7.3,
        2.2
      ],
      "rotation": {
        "angle": -22.5,
        "axis": "x",
        "origin": [
          7.5,
          6.3,
          6.3
        ]
      },
      "faces": {
        "north": {
          "uv": [
            0,
            0,
            0,
            0.375
          ],
          "texture": "#2"
        },
        "east": {
          "uv": [
            7.75,
            4,
            8.25,
            4.375
          ],
          "texture": "#2"
        },
        "south": {
          "uv": [
            0,
            0,
            0,
            0.375
          ],
          "texture": "#2"
        },
        "west": {
          "uv": [
            7.75,
            5,
            8.25,
            5.375
          ],
          "texture": "#2"
        },
        "up": {
          "uv": [
            0,
            0.5,
            0,
            0
          ],
          "texture": "#2"
        },
        "down": {
          "uv": [
            0,
            0,
            0,
            0.5
          ],
          "texture": "#2"
        }
      }
    },
    {
      "from": [
        7,
        4,
        5.5
      ],
      "to": [
        9,
        6,
        10.5
      ],
      "rotation": {
        "angle": 0,
        "axis": "y",
        "origin": [
          8,
          6,
          8.5
        ]
      },
      "faces": {
        "north": {
          "uv": [
            1,
            7.75,
            1.5,
            8.25
          ],
          "texture": "#2"
        },
        "east": {
          "uv": [
            6,
            3.25,
            7.25,
            3.75
          ],
          "texture": "#2"
        },
        "south": {
          "uv": [
            1.5,
            7.75,
            2,
            8.25
          ],
          "texture": "#2"
        },
        "west": {
          "uv": [
            6,
            3.75,
            7.25,
            4.25
          ],
          "texture": "#2"
        },
        "up": {
          "uv": [
            3.25,
            7,
            2.75,
            5.75
          ],
          "texture": "#2"
        },
        "down": {
          "uv": [
            6.5,
            4.25,
            6,
            5.5
          ],
          "texture": "#2"
        }
      }
    },
    {
      "from": [
        7.275,
        1.5,
        6.5
      ],
      "to": [
        8.725,
        12.5,
        9.5
      ],
      "rotation": {
        "angle": 0,
        "axis": "y",
        "origin": [
          8,
          7,
          8
        ]
      },
      "faces": {
        "north": {
          "uv": [
            5.875,
            4.75,
            5.5,
            2
          ],
          "rotation": 180,
          "texture": "#2"
        },
        "east": {
          "uv": [
            0.5,
            5,
            3.25,
            5.75
          ],
          "rotation": 90,
          "texture": "#2"
        },
        "south": {
          "uv": [
            5.875,
            4.75,
            5.5,
            7.5
          ],
          "texture": "#2"
        },
        "west": {
          "uv": [
            5.5,
            0,
            8.25,
            0.75
          ],
          "rotation": 270,
          "texture": "#2"
        },
        "up": {
          "uv": [
            0.5,
            7.75,
            0.875,
            8.5
          ],
          "texture": "#2"
        },
        "down": {
          "uv": [
            5.5,
            7.5,
            5.875,
            8.25
          ],
          "rotation": 180,
          "texture": "#2"
        }
      }
    },
    {
      "from": [
        6.225,
        11,
        6.5
      ],
      "to": [
        8.225,
        14,
        9.5
      ],
      "rotation": {
        "angle": 45,
        "axis": "x",
        "origin": [
          7.225,
          12.5,
          8
        ]
      },
      "faces": {
        "north": {
          "uv": [
            6.75,
            2.25,
            7.25,
            3
          ],
          "texture": "#2"
        },
        "east": {
          "uv": [
            6,
            5.5,
            6.75,
            6.25
          ],
          "texture": "#2"
        },
        "south": {
          "uv": [
            0.5,
            7,
            1,
            7.75
          ],
          "texture": "#2"
        },
        "west": {
          "uv": [
            3.25,
            6.25,
            4,
            7
          ],
          "texture": "#2"
        },
        "up": {
          "uv": [
            1.5,
            7.75,
            1,
            7
          ],
          "texture": "#2"
        },
        "down": {
          "uv": [
            2,
            7,
            1.5,
            7.75
          ],
          "texture": "#2"
        }
      }
    },
    {
      "from": [
        6.225,
        0,
        6.5
      ],
      "to": [
        8.225,
        3,
        9.5
      ],
      "rotation": {
        "angle": 45,
        "axis": "x",
        "origin": [
          6.225,
          1.5,
          8
        ]
      },
      "faces": {
        "north": {
          "uv": [
            11.25,
            2.5,
            11.75,
            3.25
          ],
          "texture": "#2"
        },
        "east": {
          "uv": [
            11.25,
            1.75,
            12,
            2.5
          ],
          "texture": "#2"
        },
        "south": {
          "uv": [
            12,
            1.75,
            12.5,
            2.5
          ],
          "texture": "#2"
        },
        "west": {
          "uv": [
            12,
            1.75,
            11.25,
            2.5
          ],
          "texture": "#2"
        },
        "up": {
          "uv": [
            11.25,
            3.75,
            10.75,
            3
          ],
          "texture": "#2"
        },
        "down": {
          "uv": [
            12.25,
            2.5,
            11.75,
            3.25
          ],
          "texture": "#2"
        }
      }
    },
    {
      "from": [
        7.25,
        6.22857,
        11.4931
      ],
      "to": [
        8.75,
        11.22857,
        12.9931
      ],
      "rotation": {
        "angle": 45,
        "axis": "x",
        "origin": [
          8,
          10.36515,
          12.78486
        ]
      },
      "faces": {
        "north": {
          "uv": [
            7.125,
            5.5,
            6.75,
            6.75
          ],
          "rotation": 180,
          "texture": "#2"
        },
        "east": {
          "uv": [
            8,
            1.25,
            6.75,
            1.625
          ],
          "rotation": 90,
          "texture": "#2"
        },
        "south": {
          "uv": [
            7.125,
            8,
            6.75,
            6.75
          ],
          "texture": "#2"
        },
        "west": {
          "uv": [
            8,
            1.75,
            6.75,
            2.125
          ],
          "rotation": 270,
          "texture": "#2"
        },
        "up": {
          "uv": [
            3.875,
            8.5,
            3.5,
            8.875
          ],
          "texture": "#2"
        },
        "down": {
          "uv": [
            4.375,
            8.5,
            4,
            8.875
          ],
          "rotation": 180,
          "texture": "#2"
        }
      }
    },
    {
      "from": [
        7.275,
        10.3893,
        12.50278
      ],
      "to": [
        8.725,
        11.8893,
        14.00278
      ],
      "rotation": {
        "angle": 0,
        "axis": "y",
        "origin": [
          8,
          10.36515,
          12.78486
        ]
      },
      "faces": {
        "north": {
          "uv": [
            8.875,
            1.5,
            8.5,
            1.875
          ],
          "texture": "#2"
        },
        "east": {
          "uv": [
            8.875,
            1,
            8.5,
            1.375
          ],
          "texture": "#2"
        },
        "south": {
          "uv": [
            8.875,
            0.5,
            8.5,
            0.875
          ],
          "texture": "#2"
        },
        "west": {
          "uv": [
            2.375,
            8.5,
            2,
            8.875
          ],
          "texture": "#2"
        },
        "up": {
          "uv": [
            2.875,
            8.5,
            2.5,
            8.875
          ],
          "texture": "#2"
        },
        "down": {
          "uv": [
            3.375,
            8.875,
            3,
            8.5
          ],
          "texture": "#2"
        }
      }
    },
    {
      "from": [
        7.3,
        10.8043,
        12.58912
      ],
      "to": [
        8.7,
        12.3043,
        14.08912
      ],
      "rotation": {
        "angle": 45,
        "axis": "x",
        "origin": [
          8,
          10.36515,
          12.78486
        ]
      },
      "faces": {
        "north": {
          "uv": [
            8.625,
            8,
            8.25,
            8.375
          ],
          "rotation": 180,
          "texture": "#2"
        },
        "east": {
          "uv": [
            7.375,
            8.25,
            7,
            8.625
          ],
          "rotation": 90,
          "texture": "#2"
        },
        "south": {
          "uv": [
            0.875,
            8.875,
            0.5,
            8.5
          ],
          "texture": "#2"
        },
        "west": {
          "uv": [
            8.625,
            7.5,
            8.25,
            7.875
          ],
          "rotation": 270,
          "texture": "#2"
        },
        "up": {
          "uv": [
            8.625,
            6.5,
            8.25,
            6.875
          ],
          "texture": "#2"
        },
        "down": {
          "uv": [
            8.625,
            7,
            8.25,
            7.375
          ],
          "rotation": 180,
          "texture": "#2"
        }
      }
    },
    {
      "from": [
        7.325,
        9.30655,
        13.57518
      ],
      "to": [
        8.675,
        10.80655,
        15.07518
      ],
      "rotation": {
        "angle": 0,
        "axis": "y",
        "origin": [
          8,
          10.36515,
          12.78486
        ]
      },
      "faces": {
        "north": {
          "uv": [
            8.625,
            5,
            8.25,
            5.375
          ],
          "texture": "#2"
        },
        "east": {
          "uv": [
            8.625,
            4.5,
            8.25,
            4.875
          ],
          "texture": "#2"
        },
        "south": {
          "uv": [
            8.625,
            4,
            8.25,
            4.375
          ],
          "texture": "#2"
        },
        "west": {
          "uv": [
            5.875,
            8.25,
            5.5,
            8.625
          ],
          "texture": "#2"
        },
        "up": {
          "uv": [
            8.625,
            5.5,
            8.25,
            5.875
          ],
          "texture": "#2"
        },
        "down": {
          "uv": [
            8.625,
            6.375,
            8.25,
            6
          ],
          "texture": "#2"
        }
      }
    },
    {
      "from": [
        7.25,
        6.22857,
        3.0069
      ],
      "to": [
        8.75,
        11.22857,
        4.5069
      ],
      "rotation": {
        "angle": -45,
        "axis": "x",
        "origin": [
          8,
          10.36515,
          3.21514
        ]
      },
      "faces": {
        "north": {
          "uv": [
            6.75,
            8,
            7.125,
            6.75
          ],
          "texture": "#2"
        },
        "east": {
          "uv": [
            8,
            1.625,
            6.75,
            1.25
          ],
          "rotation": 90,
          "texture": "#2"
        },
        "south": {
          "uv": [
            6.75,
            5.5,
            7.125,
            6.75
          ],
          "rotation": 180,
          "texture": "#2"
        },
        "west": {
          "uv": [
            8,
            2.125,
            6.75,
            1.75
          ],
          "rotation": 270,
          "texture": "#2"
        },
        "up": {
          "uv": [
            3.875,
            8.875,
            3.5,
            8.5
          ],
          "texture": "#2"
        },
        "down": {
          "uv": [
            4.375,
            8.875,
            4,
            8.5
          ],
          "rotation": 180,
          "texture": "#2"
        }
      }
    },
    {
      "from": [
        7.275,
        10.3893,
        1.99722
      ],
      "to": [
        8.725,
        11.8893,
        3.49722
      ],
      "rotation": {
        "angle": 0,
        "axis": "y",
        "origin": [
          8,
          10.36515,
          3.21514
        ]
      },
      "faces": {
        "north": {
          "uv": [
            8.5,
            0.5,
            8.875,
            0.875
          ],
          "texture": "#2"
        },
        "east": {
          "uv": [
            8.5,
            1,
            8.875,
            1.375
          ],
          "texture": "#2"
        },
        "south": {
          "uv": [
            8.5,
            1.5,
            8.875,
            1.875
          ],
          "texture": "#2"
        },
        "west": {
          "uv": [
            2,
            8.5,
            2.375,
            8.875
          ],
          "texture": "#2"
        },
        "up": {
          "uv": [
            2.875,
            8.875,
            2.5,
            8.5
          ],
          "texture": "#2"
        },
        "down": {
          "uv": [
            3.375,
            8.5,
            3,
            8.875
          ],
          "texture": "#2"
        }
      }
    },
    {
      "from": [
        7.325,
        9.30655,
        0.92482
      ],
      "to": [
        8.675,
        10.80655,
        2.42482
      ],
      "rotation": {
        "angle": 0,
        "axis": "y",
        "origin": [
          8,
          10.36515,
          3.21514
        ]
      },
      "faces": {
        "north": {
          "uv": [
            8.25,
            4,
            8.625,
            4.375
          ],
          "texture": "#2"
        },
        "east": {
          "uv": [
            8.25,
            4.5,
            8.625,
            4.875
          ],
          "texture": "#2"
        },
        "south": {
          "uv": [
            8.25,
            5,
            8.625,
            5.375
          ],
          "texture": "#2"
        },
        "west": {
          "uv": [
            5.5,
            8.25,
            5.875,
            8.625
          ],
          "texture": "#2"
        },
        "up": {
          "uv": [
            8.625,
            5.875,
            8.25,
            5.5
          ],
          "texture": "#2"
        },
        "down": {
          "uv": [
            8.625,
            6,
            8.25,
            6.375
          ],
          "texture": "#2"
        }
      }
    },
    {
      "from": [
        7.3,
        10.8043,
        1.91088
      ],
      "to": [
        8.7,
        12.3043,
        3.41088
      ],
      "rotation": {
        "angle": -45,
        "axis": "x",
        "origin": [
          8,
          10.36515,
          3.21514
        ]
      },
      "faces": {
        "north": {
          "uv": [
            0.5,
            8.875,
            0.875,
            8.5
          ],
          "texture": "#2"
        },
        "east": {
          "uv": [
            7.375,
            8.625,
            7,
            8.25
          ],
          "rotation": 90,
          "texture": "#2"
        },
        "south": {
          "uv": [
            8.25,
            8,
            8.625,
            8.375
          ],
          "rotation": 180,
          "texture": "#2"
        },
        "west": {
          "uv": [
            8.625,
            7.875,
            8.25,
            7.5
          ],
          "rotation": 270,
          "texture": "#2"
        },
        "up": {
          "uv": [
            8.625,
            6.875,
            8.25,
            6.5
          ],
          "texture": "#2"
        },
        "down": {
          "uv": [
            8.625,
            7.375,
            8.25,
            7
          ],
          "rotation": 180,
          "texture": "#2"
        }
      }
    },
    {
      "from": [
        7.9,
        1,
        9.5
      ],
      "to": [
        7.9,
        7,
        13.5
      ],
      "rotation": {
        "angle": 0,
        "axis": "y",
        "origin": [
          6.875,
          3,
          14
        ]
      },
      "faces": {
        "north": {
          "uv": [
            0,
            0,
            0,
            1.5
          ],
          "texture": "#1"
        },
        "east": {
          "uv": [
            0,
            0,
            8,
            12
          ],
          "texture": "#1"
        },
        "south": {
          "uv": [
            0,
            0,
            0,
            1.5
          ],
          "texture": "#1"
        },
        "west": {
          "uv": [
            8,
            0,
            0,
            12
          ],
          "texture": "#1"
        },
        "up": {
          "uv": [
            0,
            0,
            0,
            1
          ],
          "texture": "#1"
        },
        "down": {
          "uv": [
            0,
            1,
            0,
            0
          ],
          "texture": "#1"
        }
      }
    },
    {
      "from": [
        7.9,
        1,
        2.5
      ],
      "to": [
        7.9,
        7,
        6.5
      ],
      "rotation": {
        "angle": 0,
        "axis": "y",
        "origin": [
          6.875,
          3,
          2
        ]
      },
      "faces": {
        "north": {
          "uv": [
            0,
            0,
            0,
            1.5
          ],
          "texture": "#1"
        },
        "east": {
          "uv": [
            8,
            0,
            0,
            12
          ],
          "texture": "#1"
        },
        "south": {
          "uv": [
            0,
            0,
            0,
            1.5
          ],
          "texture": "#1"
        },
        "west": {
          "uv": [
            0,
            0,
            8,
            12
          ],
          "texture": "#1"
        },
        "up": {
          "uv": [
            0,
            1,
            0,
            0
          ],
          "texture": "#1"
        },
        "down": {
          "uv": [
            0,
            0,
            0,
            1
          ],
          "texture": "#1"
        }
      }
    },
    {
      "from": [
        7,
        10,
        9.5
      ],
      "to": [
        8.45,
        14,
        11
      ],
      "rotation": {
        "angle": 22.5,
        "axis": "x",
        "origin": [
          7.475,
          13.78037,
          10.60414
        ]
      },
      "faces": {
        "north": {
          "uv": [
            10.7375,
            3.875,
            10.375,
            4.875
          ],
          "rotation": 180,
          "texture": "#2"
        },
        "east": {
          "uv": [
            9.875,
            5.625,
            10.875,
            5.25
          ],
          "rotation": 90,
          "texture": "#2"
        },
        "south": {
          "uv": [
            10.3625,
            3.875,
            10,
            4.875
          ],
          "texture": "#2"
        },
        "west": {
          "uv": [
            10.875,
            5.625,
            9.875,
            5.25
          ],
          "rotation": 270,
          "texture": "#2"
        },
        "up": {
          "uv": [
            10.7375,
            4.875,
            10.375,
            5.25
          ],
          "rotation": 180,
          "texture": "#2"
        },
        "down": {
          "uv": [
            10.3625,
            4.875,
            10,
            5.25
          ],
          "texture": "#2"
        }
      }
    },
    {
      "from": [
        7,
        8,
        10.5
      ],
      "to": [
        8.45,
        12,
        12
      ],
      "rotation": {
        "angle": 22.5,
        "axis": "x",
        "origin": [
          7.475,
          11.78037,
          11.60414
        ]
      },
      "faces": {
        "north": {
          "uv": [
            10.7375,
            3.875,
            10.375,
            4.875
          ],
          "rotation": 180,
          "texture": "#2"
        },
        "east": {
          "uv": [
            9.875,
            5.625,
            10.875,
            5.25
          ],
          "rotation": 90,
          "texture": "#2"
        },
        "south": {
          "uv": [
            10.3625,
            3.875,
            10,
            4.875
          ],
          "texture": "#2"
        },
        "west": {
          "uv": [
            10.875,
            5.625,
            9.875,
            5.25
          ],
          "rotation": 270,
          "texture": "#2"
        },
        "up": {
          "uv": [
            10.7375,
            4.875,
            10.375,
            5.25
          ],
          "rotation": 180,
          "texture": "#2"
        },
        "down": {
          "uv": [
            10.3625,
            4.875,
            10,
            5.25
          ],
          "texture": "#2"
        }
      }
    },
    {
      "from": [
        7,
        10,
        5
      ],
      "to": [
        8.45,
        14,
        6.5
      ],
      "rotation": {
        "angle": -22.5,
        "axis": "x",
        "origin": [
          7.475,
          13.78037,
          5.39586
        ]
      },
      "faces": {
        "north": {
          "uv": [
            10,
            3.875,
            10.3625,
            4.875
          ],
          "texture": "#2"
        },
        "east": {
          "uv": [
            9.875,
            5.25,
            10.875,
            5.625
          ],
          "rotation": 90,
          "texture": "#2"
        },
        "south": {
          "uv": [
            10.375,
            3.875,
            10.7375,
            4.875
          ],
          "rotation": 180,
          "texture": "#2"
        },
        "west": {
          "uv": [
            10.875,
            5.25,
            9.875,
            5.625
          ],
          "rotation": 270,
          "texture": "#2"
        },
        "up": {
          "uv": [
            10.7375,
            5.25,
            10.375,
            4.875
          ],
          "rotation": 180,
          "texture": "#2"
        },
        "down": {
          "uv": [
            10.3625,
            5.25,
            10,
            4.875
          ],
          "texture": "#2"
        }
      }
    },
    {
      "from": [
        6.9,
        13.56075,
        5
      ],
      "to": [
        8.35,
        15.56075,
        6.5
      ],
      "rotation": {
        "angle": -45,
        "axis": "x",
        "origin": [
          7.875,
          13.78037,
          5.39586
        ]
      },
      "faces": {
        "north": {
          "uv": [
            10,
            4.375,
            10.3625,
            4.875
          ],
          "texture": "#2"
        },
        "east": {
          "uv": [
            10.375,
            5.25,
            10.875,
            5.625
          ],
          "rotation": 90,
          "texture": "#2"
        },
        "south": {
          "uv": [
            10.375,
            3.875,
            10.7375,
            4.375
          ],
          "rotation": 180,
          "texture": "#2"
        },
        "west": {
          "uv": [
            10.875,
            5.25,
            10.375,
            5.625
          ],
          "rotation": 270,
          "texture": "#2"
        },
        "up": {
          "uv": [
            10.7375,
            5.25,
            10.375,
            4.875
          ],
          "rotation": 180,
          "texture": "#2"
        },
        "down": {
          "uv": [
            10.3625,
            5.25,
            10,
            4.875
          ],
          "texture": "#2"
        }
      }
    },
    {
      "from": [
        7,
        8,
        4
      ],
      "to": [
        8.45,
        12,
        5.5
      ],
      "rotation": {
        "angle": -22.5,
        "axis": "x",
        "origin": [
          7.475,
          11.78037,
          4.39586
        ]
      },
      "faces": {
        "north": {
          "uv": [
            10,
            3.875,
            10.3625,
            4.875
          ],
          "texture": "#2"
        },
        "east": {
          "uv": [
            9.875,
            5.25,
            10.875,
            5.625
          ],
          "rotation": 90,
          "texture": "#2"
        },
        "south": {
          "uv": [
            10.375,
            3.875,
            10.7375,
            4.875
          ],
          "rotation": 180,
          "texture": "#2"
        },
        "west": {
          "uv": [
            10.875,
            5.25,
            9.875,
            5.625
          ],
          "rotation": 270,
          "texture": "#2"
        },
        "up": {
          "uv": [
            10.7375,
            5.25,
            10.375,
            4.875
          ],
          "rotation": 180,
          "texture": "#2"
        },
        "down": {
          "uv": [
            10.3625,
            5.25,
            10,
            4.875
          ],
          "texture": "#2"
        }
      }
    },
    {
      "from": [
        6.9,
        11.56075,
        4
      ],
      "to": [
        8.35,
        13.56075,
        5.5
      ],
      "rotation": {
        "angle": -45,
        "axis": "x",
        "origin": [
          7.875,
          11.78037,
          4.39586
        ]
      },
      "faces": {
        "north": {
          "uv": [
            10,
            4.375,
            10.3625,
            4.875
          ],
          "texture": "#2"
        },
        "east": {
          "uv": [
            10.375,
            5.25,
            10.875,
            5.625
          ],
          "rotation": 90,
          "texture": "#2"
        },
        "south": {
          "uv": [
            10.375,
            3.875,
            10.7375,
            4.375
          ],
          "rotation": 180,
          "texture": "#2"
        },
        "west": {
          "uv": [
            10.875,
            5.25,
            10.375,
            5.625
          ],
          "rotation": 270,
          "texture": "#2"
        },
        "up": {
          "uv": [
            10.7375,
            5.25,
            10.375,
            4.875
          ],
          "rotation": 180,
          "texture": "#2"
        },
        "down": {
          "uv": [
            10.3625,
            5.25,
            10,
            4.875
          ],
          "texture": "#2"
        }
      }
    },
    {
      "from": [
        6.9,
        13.56075,
        9.5
      ],
      "to": [
        8.35,
        15.56075,
        11
      ],
      "rotation": {
        "angle": 45,
        "axis": "x",
        "origin": [
          7.875,
          13.78037,
          10.60414
        ]
      },
      "faces": {
        "north": {
          "uv": [
            10.7375,
            3.875,
            10.375,
            4.375
          ],
          "rotation": 180,
          "texture": "#2"
        },
        "east": {
          "uv": [
            10.375,
            5.625,
            10.875,
            5.25
          ],
          "rotation": 90,
          "texture": "#2"
        },
        "south": {
          "uv": [
            10.3625,
            4.375,
            10,
            4.875
          ],
          "texture": "#2"
        },
        "west": {
          "uv": [
            10.875,
            5.625,
            10.375,
            5.25
          ],
          "rotation": 270,
          "texture": "#2"
        },
        "up": {
          "uv": [
            10.7375,
            4.875,
            10.375,
            5.25
          ],
          "rotation": 180,
          "texture": "#2"
        },
        "down": {
          "uv": [
            10.3625,
            4.875,
            10,
            5.25
          ],
          "texture": "#2"
        }
      }
    },
    {
      "from": [
        6.9,
        11.56075,
        10.5
      ],
      "to": [
        8.35,
        13.56075,
        12
      ],
      "rotation": {
        "angle": 45,
        "axis": "x",
        "origin": [
          7.875,
          11.78037,
          11.60414
        ]
      },
      "faces": {
        "north": {
          "uv": [
            10.7375,
            3.875,
            10.375,
            4.375
          ],
          "rotation": 180,
          "texture": "#2"
        },
        "east": {
          "uv": [
            10.375,
            5.625,
            10.875,
            5.25
          ],
          "rotation": 90,
          "texture": "#2"
        },
        "south": {
          "uv": [
            10.3625,
            4.375,
            10,
            4.875
          ],
          "texture": "#2"
        },
        "west": {
          "uv": [
            10.875,
            5.625,
            10.375,
            5.25
          ],
          "rotation": 270,
          "texture": "#2"
        },
        "up": {
          "uv": [
            10.7375,
            4.875,
            10.375,
            5.25
          ],
          "rotation": 180,
          "texture": "#2"
        },
        "down": {
          "uv": [
            10.3625,
            4.875,
            10,
            5.25
          ],
          "texture": "#2"
        }
      }
    },
    {
      "from": [
        3,
        3.5,
        7.5
      ],
      "to": [
        6.5,
        8.5,
        8.5
      ],
      "rotation": {
        "angle": 0,
        "axis": "y",
        "origin": [
          5,
          5,
          7.5
        ]
      },
      "faces": {
        "north": {
          "uv": [
            13.625,
            0,
            12.75,
            1.25
          ],
          "texture": "#2"
        },
        "east": {
          "uv": [
            10.75,
            1.75,
            11,
            3
          ],
          "texture": "#2"
        },
        "south": {
          "uv": [
            12.75,
            0,
            13.625,
            1.25
          ],
          "texture": "#2"
        },
        "west": {
          "uv": [
            11,
            1.75,
            11.25,
            3
          ],
          "texture": "#2"
        },
        "up": {
          "uv": [
            12.75,
            1.5,
            13.625,
            1.75
          ],
          "texture": "#2"
        },
        "down": {
          "uv": [
            12.75,
            1.25,
            13.625,
            1.5
          ],
          "texture": "#2"
        }
      }
    },
    {
      "from": [
        6.5,
        0.6,
        13
      ],
      "to": [
        7.5,
        8.6,
        15
      ],
      "rotation": {
        "angle": 22.5,
        "axis": "x",
        "origin": [
          7,
          4.7,
          14.5
        ]
      },
      "faces": {
        "north": {
          "uv": [
            9.875,
            5.625,
            10.125,
            7.625
          ],
          "texture": "#2"
        },
        "east": {
          "uv": [
            10.875,
            5.625,
            10.375,
            7.625
          ],
          "texture": "#2"
        },
        "south": {
          "uv": [
            10.125,
            5.625,
            10.375,
            7.625
          ],
          "texture": "#2"
        },
        "west": {
          "uv": [
            10.375,
            5.625,
            10.875,
            7.625
          ],
          "texture": "#2"
        },
        "up": {
          "uv": [
            10.125,
            7.625,
            10.375,
            8.125
          ],
          "texture": "#2"
        },
        "down": {
          "uv": [
            9.875,
            7.625,
            10.125,
            8.125
          ],
          "texture": "#2"
        }
      }
    },
    {
      "from": [
        7,
        0.7,
        14.5
      ],
      "to": [
        7,
        8.7,
        15.5
      ],
      "rotation": {
        "angle": 22.5,
        "axis": "x",
        "origin": [
          7,
          4.7,
          14.5
        ]
      },
      "faces": {
        "east": {
          "uv": [
            5,
            8.875,
            5.25,
            10.875
          ],
          "texture": "#2"
        },
        "west": {
          "uv": [
            5.25,
            8.875,
            5,
            10.875
          ],
          "texture": "#2"
        }
      }
    },
    {
      "from": [
        6.475,
        1.17641,
        6.02513
      ],
      "to": [
        7.475,
        3.17641,
        13.52513
      ],
      "rotation": {
        "angle": -45,
        "axis": "x",
        "origin": [
          7,
          0.7,
          13.9
        ]
      },
      "faces": {
        "north": {
          "uv": [
            9.875,
            7.625,
            10.125,
            8.125
          ],
          "rotation": 180,
          "texture": "#2"
        },
        "east": {
          "uv": [
            10.875,
            5.75,
            10.375,
            7.625
          ],
          "rotation": 270,
          "texture": "#2"
        },
        "south": {
          "uv": [
            10.125,
            7.625,
            10.375,
            8.125
          ],
          "texture": "#2"
        },
        "west": {
          "uv": [
            10.375,
            5.625,
            10.875,
            7.625
          ],
          "rotation": 90,
          "texture": "#2"
        },
        "up": {
          "uv": [
            9.875,
            5.75,
            10.125,
            7.625
          ],
          "rotation": 180,
          "texture": "#2"
        },
        "down": {
          "uv": [
            10.125,
            5.75,
            10.375,
            7.625
          ],
          "texture": "#2"
        }
      }
    },
    {
      "from": [
        6.975,
        0.67641,
        5.82513
      ],
      "to": [
        6.975,
        1.67641,
        13.82513
      ],
      "rotation": {
        "angle": -45,
        "axis": "x",
        "origin": [
          7,
          0.7,
          13.9
        ]
      },
      "faces": {
        "east": {
          "uv": [
            5,
            8.875,
            5.25,
            10.875
          ],
          "rotation": 270,
          "texture": "#2"
        },
        "west": {
          "uv": [
            5.25,
            8.875,
            5,
            10.875
          ],
          "rotation": 90,
          "texture": "#2"
        }
      }
    },
    {
      "from": [
        6.475,
        1.17641,
        2.47487
      ],
      "to": [
        7.475,
        3.17641,
        7.97487
      ],
      "rotation": {
        "angle": 45,
        "axis": "x",
        "origin": [
          7,
          0.7,
          2.1
        ]
      },
      "faces": {
        "north": {
          "uv": [
            10.375,
            7.625,
            10.125,
            8.125
          ],
          "texture": "#2"
        },
        "east": {
          "uv": [
            10.875,
            7.125,
            10.375,
            5.75
          ],
          "rotation": 270,
          "texture": "#2"
        },
        "south": {
          "uv": [
            10.125,
            7.625,
            9.875,
            8.125
          ],
          "rotation": 180,
          "texture": "#2"
        },
        "west": {
          "uv": [
            10.375,
            7.625,
            10.875,
            5.625
          ],
          "rotation": 90,
          "texture": "#2"
        },
        "up": {
          "uv": [
            9.875,
            7.125,
            10.125,
            5.75
          ],
          "rotation": 180,
          "texture": "#2"
        },
        "down": {
          "uv": [
            10.125,
            7.125,
            10.375,
            5.75
          ],
          "texture": "#2"
        }
      }
    },
    {
      "from": [
        7,
        0.67641,
        2.17487
      ],
      "to": [
        7,
        1.17641,
        10.17487
      ],
      "rotation": {
        "angle": 45,
        "axis": "x",
        "origin": [
          7,
          0.7,
          2.1
        ]
      },
      "faces": {
        "east": {
          "uv": [
            5,
            10.875,
            5.125,
            8.875
          ],
          "rotation": 270,
          "texture": "#2"
        },
        "west": {
          "uv": [
            5.125,
            10.875,
            5,
            8.875
          ],
          "rotation": 90,
          "texture": "#2"
        }
      }
    },
    {
      "from": [
        7,
        0.7,
        0.5
      ],
      "to": [
        7,
        8.7,
        1.5
      ],
      "rotation": {
        "angle": -22.5,
        "axis": "x",
        "origin": [
          7,
          4.7,
          1.5
        ]
      },
      "faces": {
        "east": {
          "uv": [
            5.25,
            8.875,
            5,
            10.875
          ],
          "texture": "#2"
        },
        "west": {
          "uv": [
            5,
            8.875,
            5.25,
            10.875
          ],
          "texture": "#2"
        }
      }
    },
    {
      "from": [
        6.5,
        0.6,
        1
      ],
      "to": [
        7.5,
        8.6,
        3
      ],
      "rotation": {
        "angle": -22.5,
        "axis": "x",
        "origin": [
          7,
          4.7,
          1.5
        ]
      },
      "faces": {
        "north": {
          "uv": [
            10.375,
            5.625,
            10.125,
            7.625
          ],
          "texture": "#2"
        },
        "east": {
          "uv": [
            10.375,
            5.625,
            10.875,
            7.625
          ],
          "texture": "#2"
        },
        "south": {
          "uv": [
            10.125,
            5.625,
            9.875,
            7.625
          ],
          "texture": "#2"
        },
        "west": {
          "uv": [
            10.875,
            5.625,
            10.375,
            7.625
          ],
          "texture": "#2"
        },
        "up": {
          "uv": [
            10.125,
            8.125,
            10.375,
            7.625
          ],
          "texture": "#2"
        },
        "down": {
          "uv": [
            9.875,
            8.125,
            10.125,
            7.625
          ],
          "texture": "#2"
        }
      }
    },
    {
      "from": [
        7.5,
        1.6,
        1.5
      ],
      "to": [
        7.5,
        2.6,
        2.5
      ],
      "rotation": {
        "angle": -22.5,
        "axis": "x",
        "origin": [
          7,
          4.7,
          1.5
        ]
      },
      "faces": {
        "east": {
          "uv": [
            9.125,
            7.25,
            9.375,
            7.5
          ],
          "texture": "#2"
        },
        "west": {
          "uv": [
            9.375,
            7.25,
            9.125,
            7.5
          ],
          "texture": "#2"
        }
      }
    },
    {
      "from": [
        7.5,
        1.6,
        13.5
      ],
      "to": [
        7.5,
        2.6,
        14.5
      ],
      "rotation": {
        "angle": 22.5,
        "axis": "x",
        "origin": [
          7,
          4.7,
          14.5
        ]
      },
      "faces": {
        "east": {
          "uv": [
            9.375,
            7.25,
            9.125,
            7.5
          ],
          "texture": "#2"
        },
        "west": {
          "uv": [
            9.125,
            7.25,
            9.375,
            7.5
          ],
          "texture": "#2"
        }
      }
    },
    {
      "from": [
        6,
        -1,
        5
      ],
      "to": [
        6.95,
        3,
        7
      ],
      "rotation": {
        "angle": 45,
        "axis": "x",
        "origin": [
          8,
          1.7,
          6
        ]
      },
      "faces": {
        "north": {
          "uv": [
            8.625,
            1,
            8.8625,
            0
          ],
          "rotation": 180,
          "texture": "#2"
        },
        "east": {
          "uv": [
            9.625,
            0,
            10.625,
            0.5
          ],
          "rotation": 90,
          "texture": "#2"
        },
        "south": {
          "uv": [
            9.125,
            1,
            9.3625,
            0
          ],
          "texture": "#2"
        },
        "west": {
          "uv": [
            10.625,
            0,
            9.625,
            0.5
          ],
          "rotation": 270,
          "texture": "#2"
        },
        "up": {
          "uv": [
            9.8625,
            0.5,
            9.625,
            1
          ],
          "texture": "#2"
        },
        "down": {
          "uv": [
            10.3625,
            0.5,
            10.125,
            1
          ],
          "rotation": 180,
          "texture": "#2"
        }
      }
    },
    {
      "from": [
        6,
        5.7,
        1.3
      ],
      "to": [
        6.95,
        7.7,
        5.3
      ],
      "rotation": {
        "angle": 0,
        "axis": "y",
        "origin": [
          8,
          1.7,
          6
        ]
      },
      "faces": {
        "north": {
          "uv": [
            10.3625,
            0.5,
            10.125,
            1
          ],
          "texture": "#2"
        },
        "east": {
          "uv": [
            9.625,
            0,
            10.625,
            0.5
          ],
          "texture": "#2"
        },
        "south": {
          "uv": [
            9.8625,
            0.5,
            9.625,
            1
          ],
          "texture": "#2"
        },
        "west": {
          "uv": [
            10.625,
            0,
            9.625,
            0.5
          ],
          "texture": "#2"
        },
        "up": {
          "uv": [
            8.625,
            1,
            8.8625,
            0
          ],
          "texture": "#2"
        },
        "down": {
          "uv": [
            9.125,
            1,
            9.3625,
            0
          ],
          "texture": "#2"
        }
      }
    },
    {
      "from": [
        6,
        5.7,
        10.7
      ],
      "to": [
        6.95,
        7.7,
        14.7
      ],
      "rotation": {
        "angle": 0,
        "axis": "y",
        "origin": [
          8,
          1.7,
          10
        ]
      },
      "faces": {
        "north": {
          "uv": [
            9.625,
            0.5,
            9.8625,
            1
          ],
          "texture": "#2"
        },
        "east": {
          "uv": [
            10.625,
            0,
            9.625,
            0.5
          ],
          "texture": "#2"
        },
        "south": {
          "uv": [
            10.125,
            0.5,
            10.3625,
            1
          ],
          "texture": "#2"
        },
        "west": {
          "uv": [
            9.625,
            0,
            10.625,
            0.5
          ],
          "texture": "#2"
        },
        "up": {
          "uv": [
            8.625,
            0,
            8.8625,
            1
          ],
          "texture": "#2"
        },
        "down": {
          "uv": [
            9.125,
            0,
            9.3625,
            1
          ],
          "texture": "#2"
        }
      }
    },
    {
      "from": [
        6,
        -1,
        9
      ],
      "to": [
        6.95,
        3,
        11
      ],
      "rotation": {
        "angle": -45,
        "axis": "x",
        "origin": [
          8,
          1.7,
          10
        ]
      },
      "faces": {
        "north": {
          "uv": [
            9.3625,
            1,
            9.125,
            0
          ],
          "texture": "#2"
        },
        "east": {
          "uv": [
            9.625,
            0.5,
            10.625,
            0
          ],
          "rotation": 90,
          "texture": "#2"
        },
        "south": {
          "uv": [
            8.8625,
            1,
            8.625,
            0
          ],
          "rotation": 180,
          "texture": "#2"
        },
        "west": {
          "uv": [
            10.625,
            0.5,
            9.625,
            0
          ],
          "rotation": 270,
          "texture": "#2"
        },
        "up": {
          "uv": [
            9.8625,
            1,
            9.625,
            0.5
          ],
          "texture": "#2"
        },
        "down": {
          "uv": [
            10.3625,
            1,
            10.125,
            0.5
          ],
          "rotation": 180,
          "texture": "#2"
        }
      }
    }
  ],
  "gui_light": "front",
  "display": {
    "thirdperson_righthand": {
      "translation": [
        3,
        0,
        1.25
      ]
    },
    "thirdperson_lefthand": {
      "rotation": [
        180,
        0,
        -180
      ],
      "translation": [
        3,
        0,
        1.25
      ]
    },
    "firstperson_righthand": {
      "rotation": [
        -35,
        90,
        35
      ],
      "translation": [
        0,
        2,
        2.5
      ],
      "scale": [
        0.75,
        0.75,
        0.75
      ]
    },
    "firstperson_lefthand": {
      "rotation": [
        -35,
        -90,
        -35
      ],
      "translation": [
        0,
        2,
        2.5
      ],
      "scale": [
        0.75,
        0.75,
        0.75
      ]
    },
    "ground": {
      "rotation": [
        45,
        0,
        0
      ],
      "translation": [
        0,
        1.5,
        0
      ],
      "scale": [
        0.5,
        0.5,
        0.5
      ]
    },
    "gui": {
      "rotation": [
        -180,
        -90,
        -180
      ],
      "translation": [
        0,
        1.5,
        0
      ],
      "scale": [
        0.65039,
        0.65039,
        0.65039
      ]
    },
    "head": {
      "scale": [
        0,
        0,
        0
      ]
    },
    "fixed": {
      "rotation": [
        90,
        90,
        -90
      ],
      "translation": [
        -0.25,
        7.75,
        -3.38
      ],
      "scale": [
        2.22657,
        2.22657,
        2.22657
      ]
    }
  },
  "groups": [
    0,
    1,
    2,
    3,
    4,
    5,
    6,
    7,
    8,
    9,
    10,
    11,
    {
      "name": "group",
      "origin": [
        8.25,
        8.81409,
        14.76764
      ],
      "color": 0,
      "children": [
        12,
        13,
        14,
        15,
        16,
        17,
        18,
        19
      ]
    },
    20,
    21,
    22,
    23,
    24,
    25,
    26,
    27,
    28,
    29,
    30,
    31,
    32,
    33,
    34,
    35,
    36,
    37,
    38,
    39,
    40,
    41,
    42,
    43,
    44
  ]
}