{
  "credit": "Made with Blockbench",
  "textures": {
    "0": "empowered_glorious_set:empowered_glorious_set/key",
    "1": "empowered_glorious_set:empowered_glorious_set/eff_01",
    "particle": "empowered_glorious_set:empowered_glorious_set/key"
  },
  "elements": [
    {
      "from": [
        7.5,
        5.75,
        6.75
      ],
      "to": [
        8.5,
        9,
        8.25
      ],
      "rotation": {
        "angle": 0,
        "axis": "z",
        "origin": [
          8,
          7.5,
          7.5
        ]
      },
      "faces": {
        "north": {
          "uv": [
            8,
            12.5,
            9,
            9
          ],
          "texture": "#0"
        },
        "east": {
          "uv": [
            3,
            3.5,
            4.5,
            0
          ],
          "texture": "#0"
        },
        "south": {
          "uv": [
            9,
            12.5,
            10,
            9
          ],
          "texture": "#0"
        },
        "west": {
          "uv": [
            3,
            7.5,
            4.5,
            4
          ],
          "texture": "#0"
        },
        "up": {
          "uv": [
            11,
            3.5,
            10,
            2
          ],
          "texture": "#0"
        },
        "down": {
          "uv": [
            10,
            2,
            9,
            3.5
          ],
          "texture": "#0"
        }
      }
    },
    {
      "from": [
        7.6,
        3,
        7.1
      ],
      "to": [
        8.4,
        7,
        7.9
      ],
      "rotation": {
        "angle": 0,
        "axis": "z",
        "origin": [
          8,
          4.5,
          7.5
        ]
      },
      "faces": {
        "north": {
          "uv": [
            5,
            5,
            6,
            0
          ],
          "texture": "#0"
        },
        "east": {
          "uv": [
            5,
            10,
            6,
            5
          ],
          "texture": "#0"
        },
        "south": {
          "uv": [
            0,
            11,
            1,
            6
          ],
          "texture": "#0"
        },
        "west": {
          "uv": [
            6,
            5,
            7,
            0
          ],
          "texture": "#0"
        },
        "up": {
          "uv": [
            2,
            12,
            1,
            11
          ],
          "texture": "#0"
        },
        "down": {
          "uv": [
            12,
            0,
            11,
            1
          ],
          "texture": "#0"
        }
      }
    },
    {
      "from": [
        7.375,
        0,
        6
      ],
      "to": [
        8.625,
        3,
        9
      ],
      "rotation": {
        "angle": 0,
        "axis": "z",
        "origin": [
          8.125,
          1.5,
          7.5
        ]
      },
      "faces": {
        "north": {
          "uv": [
            1,
            9,
            2.5,
            6
          ],
          "texture": "#0"
        },
        "east": {
          "uv": [
            0,
            3,
            3,
            0
          ],
          "texture": "#0"
        },
        "south": {
          "uv": [
            6,
            8,
            7.5,
            5
          ],
          "texture": "#0"
        },
        "west": {
          "uv": [
            0,
            6,
            3,
            3
          ],
          "texture": "#0"
        },
        "up": {
          "uv": [
            4.5,
            11,
            3,
            8
          ],
          "texture": "#0"
        },
        "down": {
          "uv": [
            8.5,
            0,
            7,
            3
          ],
          "texture": "#0"
        }
      }
    },
    {
      "from": [
        7.6,
        6.35,
        6
      ],
      "to": [
        8.4,
        7.15,
        6.75
      ],
      "rotation": {
        "angle": 0,
        "axis": "x",
        "origin": [
          8,
          6.75,
          7.5
        ]
      },
      "faces": {
        "north": {
          "uv": [
            11,
            2,
            12,
            1
          ],
          "texture": "#0"
        },
        "east": {
          "uv": [
            2,
            12,
            3,
            11
          ],
          "texture": "#0"
        },
        "south": {
          "uv": [
            11,
            3,
            12,
            2
          ],
          "texture": "#0"
        },
        "west": {
          "uv": [
            3,
            12,
            4,
            11
          ],
          "texture": "#0"
        },
        "up": {
          "uv": [
            5,
            12,
            4,
            11
          ],
          "texture": "#0"
        },
        "down": {
          "uv": [
            12,
            3,
            11,
            4
          ],
          "texture": "#0"
        }
      }
    },
    {
      "from": [
        7.6,
        7.85,
        5.5
      ],
      "to": [
        8.4,
        8.65,
        6.75
      ],
      "rotation": {
        "angle": 0,
        "axis": "x",
        "origin": [
          8,
          8.25,
          7.5
        ]
      },
      "faces": {
        "north": {
          "uv": [
            11,
            5,
            12,
            4
          ],
          "texture": "#0"
        },
        "east": {
          "uv": [
            9,
            5,
            10.5,
            4
          ],
          "texture": "#0"
        },
        "south": {
          "uv": [
            5,
            12,
            6,
            11
          ],
          "texture": "#0"
        },
        "west": {
          "uv": [
            5,
            11,
            6.5,
            10
          ],
          "texture": "#0"
        },
        "up": {
          "uv": [
            8,
            11.5,
            7,
            10
          ],
          "texture": "#0"
        },
        "down": {
          "uv": [
            11,
            5,
            10,
            6.5
          ],
          "texture": "#0"
        }
      }
    },
    {
      "from": [
        7.5,
        3,
        6.75
      ],
      "to": [
        8.5,
        3.75,
        8.25
      ],
      "rotation": {
        "angle": 0,
        "axis": "z",
        "origin": [
          8,
          4.75,
          7.5
        ]
      },
      "faces": {
        "north": {
          "uv": [
            11,
            6,
            12,
            5
          ],
          "texture": "#0"
        },
        "east": {
          "uv": [
            10,
            8,
            11.5,
            7
          ],
          "texture": "#0"
        },
        "south": {
          "uv": [
            6,
            12,
            7,
            11
          ],
          "texture": "#0"
        },
        "west": {
          "uv": [
            10,
            9,
            11.5,
            8
          ],
          "texture": "#0"
        },
        "up": {
          "uv": [
            1,
            12.5,
            0,
            11
          ],
          "texture": "#0"
        },
        "down": {
          "uv": [
            11,
            9,
            10,
            10.5
          ],
          "texture": "#0"
        }
      }
    },
    {
      "from": [
        7.125,
        0.4,
        6
      ],
      "to": [
        8.875,
        2.15,
        7.75
      ],
      "rotation": {
        "angle": 45,
        "axis": "x",
        "origin": [
          8.125,
          0.65,
          7.5
        ]
      },
      "faces": {
        "north": {
          "uv": [
            7,
            5,
            9,
            3
          ],
          "texture": "#0"
        },
        "east": {
          "uv": [
            8,
            7,
            10,
            5
          ],
          "texture": "#0"
        },
        "south": {
          "uv": [
            6,
            10,
            8,
            8
          ],
          "texture": "#0"
        },
        "west": {
          "uv": [
            8,
            9,
            10,
            7
          ],
          "texture": "#0"
        },
        "up": {
          "uv": [
            3,
            11,
            1,
            9
          ],
          "texture": "#0"
        },
        "down": {
          "uv": [
            11,
            0,
            9,
            2
          ],
          "texture": "#0"
        }
      }
    },
    {
      "from": [
        8,
        -1.75,
        4.25
      ],
      "to": [
        8,
        4.75,
        10.75
      ],
      "rotation": {
        "angle": 0,
        "axis": "y",
        "origin": [
          8,
          0.5,
          7.5
        ]
      },
      "faces": {
        "north": {
          "uv": [
            0,
            1,
            0,
            0
          ],
          "texture": "#1"
        },
        "east": {
          "uv": [
            0,
            16,
            16,
            0
          ],
          "texture": "#1"
        },
        "south": {
          "uv": [
            0,
            1,
            0,
            0
          ],
          "texture": "#1"
        },
        "west": {
          "uv": [
            0,
            16,
            16,
            0
          ],
          "texture": "#1"
        },
        "up": {
          "uv": [
            0,
            0,
            1,
            0
          ],
          "rotation": 90,
          "texture": "#1"
        },
        "down": {
          "uv": [
            0,
            0,
            1,
            0
          ],
          "rotation": 270,
          "texture": "#1"
        }
      }
    }
  ],
  "gui_light": "front",
  "display": {
    "thirdperson_righthand": {
      "rotation": [
        166,
        0,
        0
      ]
    },
    "thirdperson_lefthand": {
      "rotation": [
        166,
        0,
        0
      ]
    },
    "firstperson_righthand": {
      "rotation": [
        -63.75,
        0,
        0
      ],
      "translation": [
        1.75,
        7,
        -4.25
      ],
      "scale": [
        1.16797,
        1.16797,
        1.16797
      ]
    },
    "firstperson_lefthand": {
      "rotation": [
        -63.75,
        0,
        0
      ],
      "translation": [
        1.75,
        7,
        -4.25
      ],
      "scale": [
        1.16797,
        1.16797,
        1.16797
      ]
    },
    "ground": {
      "rotation": [
        0,
        0,
        -71
      ],
      "translation": [
        4,
        4.25,
        0
      ],
      "scale": [
        1.41016,
        1.41016,
        1.41016
      ]
    },
    "gui": {
      "rotation": [
        90,
        67.25,
        -90
      ],
      "translation": [
        2.5,
        3.75,
        -2
      ],
      "scale": [
        1.44141,
        1.44141,
        1.44141
      ]
    },
    "head": {
      "rotation": [
        93.25,
        -62.44,
        92.88
      ],
      "translation": [
        -2.75,
        16.25,
        0
      ],
      "scale": [
        1.28125,
        1.28125,
        1.28125
      ]
    },
    "fixed": {
      "rotation": [
        0,
        90,
        0
      ],
      "translation": [
        1.25,
        7.75,
        -2
      ],
      "scale": [
        2.13281,
        2.13281,
        2.13281
      ]
    }
  },
  "groups": [
    {
      "name": "key",
      "origin": [
        8.125,
        8.35,
        7.5
      ],
      "color": 0,
      "nbt": "{}",
      "armAnimationEnabled": false,
      "children": [
        0,
        1,
        2,
        3,
        4,
        5,
        6,
        7
      ]
    }
  ]
}