{"credit":"By EliteCreatures","textures":{"0":"elitecreatures:collectibles_v4_32x/majestic_giraffes_inside_32","2":"elitecreatures:collectibles_v4_32x/ef_majestic_giraffes_long","particle":"elitecreatures:collectibles_v4_32x/majestic_giraffes_inside_32"},"elements":[{"from":[4,0,6],"to":[12,8,13],"rotation":{"angle":0,"axis":"y","origin":[7,0,7]},"faces":{"north":{"uv":[0,0,2,2],"texture":"#0"},"east":{"uv":[3.75,3,5.5,5],"texture":"#0"},"south":{"uv":[0,2,2,4],"texture":"#0"},"west":{"uv":[0,4,1.75,6],"texture":"#0"},"up":{"uv":[3.75,6.75,1.75,5],"texture":"#0"},"down":{"uv":[5.75,5,3.75,6.75],"texture":"#0"}}},{"from":[3.998,-0.002,2.998],"to":[6.752,3.002,8.002],"rotation":{"angle":0,"axis":"y","origin":[7,0,7]},"faces":{"north":{"uv":[7.75,0,8.5,0.75],"texture":"#0"},"east":{"uv":[7.25,3.5,8.5,4.25],"texture":"#0"},"south":{"uv":[7.75,0.75,8.5,1.5],"texture":"#0"},"west":{"uv":[7.25,6,8.5,6.75],"texture":"#0"},"up":{"uv":[8,8,7.25,6.75],"texture":"#0"},"down":{"uv":[0.75,7.5,0,8.75],"texture":"#0"}}},{"from":[3.998,8.248,5.998],"to":[6.752,13.252,9.002],"rotation":{"angle":45,"axis":"x","origin":[5.375,9.5,5.5]},"faces":{"north":{"uv":[0.75,7.5,1.5,8.75],"texture":"#0"},"east":{"uv":[7.5,4.25,8.25,5.5],"texture":"#0"},"south":{"uv":[5.5,7.5,6.25,8.75],"texture":"#0"},"west":{"uv":[6.25,7.5,7,8.75],"texture":"#0"},"up":{"uv":[8.5,2.25,7.75,1.5],"texture":"#0"},"down":{"uv":[5.25,7.75,4.5,8.5],"texture":"#0"}}},{"from":[5,8,7],"to":[11,13,13],"rotation":{"angle":0,"axis":"y","origin":[7,0,7]},"faces":{"north":{"uv":[6.25,0,7.75,1.25],"texture":"#0"},"east":{"uv":[6.25,1.25,7.75,2.5],"texture":"#0"},"south":{"uv":[1.5,6.75,3,8],"texture":"#0"},"west":{"uv":[3,6.75,4.5,8],"texture":"#0"},"up":{"uv":[1.5,7.5,0,6],"texture":"#0"},"down":{"uv":[7.25,6,5.75,7.5],"texture":"#0"}}},{"from":[4.75,13,3.5],"to":[11.25,19,13],"rotation":{"angle":0,"axis":"y","origin":[7,0,7]},"faces":{"north":{"uv":[5.5,3,7.125,4.5],"texture":"#0"},"east":{"uv":[3.75,0,6.125,1.5],"texture":"#0"},"south":{"uv":[5.75,4.5,7.375,6],"texture":"#0"},"west":{"uv":[3.75,1.5,6.125,3],"texture":"#0"},"up":{"uv":[3.625,2.375,2,0],"texture":"#0"},"down":{"uv":[3.625,2.5,2,4.875],"texture":"#0"}}},{"from":[5.75,18.75,8],"to":[6.75,20.75,9],"rotation":{"angle":0,"axis":"y","origin":[7,0,7]},"faces":{"north":{"uv":[5.5,4.5,5.75,5],"texture":"#0"},"east":{"uv":[1.5,6,1.75,6.5],"texture":"#0"},"south":{"uv":[5.5,6.75,5.75,7.25],"texture":"#0"},"west":{"uv":[5.25,7.75,5.5,8.25],"texture":"#0"},"up":{"uv":[1.75,6.75,1.5,6.5],"texture":"#0"},"down":{"uv":[7.5,4.25,7.25,4.5],"texture":"#0"}}},{"from":[5.5,19.75,7.75],"to":[7,21.75,9.25],"rotation":{"angle":0,"axis":"y","origin":[7,0,7]},"faces":{"north":{"uv":[7.5,5.5,7.875,6],"texture":"#0"},"east":{"uv":[1.5,8,1.875,8.5],"texture":"#0"},"south":{"uv":[2,8,2.375,8.5],"texture":"#0"},"west":{"uv":[2.5,8,2.875,8.5],"texture":"#0"},"up":{"uv":[3.375,8.375,3,8],"texture":"#0"},"down":{"uv":[3.875,8,3.5,8.375],"texture":"#0"}}},{"from":[0.75,14.25,8],"to":[4.75,18,9],"rotation":{"angle":0,"axis":"y","origin":[7,0,7]},"faces":{"north":{"uv":[4.5,6.75,5.5,7.75],"texture":"#0"},"east":{"uv":[1.75,4,2,5],"texture":"#0"},"south":{"uv":[7.25,2.5,8.25,3.5],"texture":"#0"},"west":{"uv":[7,7.5,7.25,8.5],"texture":"#0"},"up":{"uv":[7.25,2.75,6.25,2.5],"texture":"#0"},"down":{"uv":[7.25,2.75,6.25,3],"texture":"#0"}}},{"from":[9,19.75,7.75],"to":[10.5,21.75,9.25],"rotation":{"angle":0,"axis":"y","origin":[9,0,7]},"faces":{"north":{"uv":[7.875,5.5,7.5,6],"texture":"#0"},"east":{"uv":[2.875,8,2.5,8.5],"texture":"#0"},"south":{"uv":[2.375,8,2,8.5],"texture":"#0"},"west":{"uv":[1.875,8,1.5,8.5],"texture":"#0"},"up":{"uv":[3,8.375,3.375,8],"texture":"#0"},"down":{"uv":[3.5,8,3.875,8.375],"texture":"#0"}}},{"from":[9.25,18.75,8],"to":[10.25,20.75,9],"rotation":{"angle":0,"axis":"y","origin":[9,0,7]},"faces":{"north":{"uv":[5.75,4.5,5.5,5],"texture":"#0"},"east":{"uv":[5.5,7.75,5.25,8.25],"texture":"#0"},"south":{"uv":[5.75,6.75,5.5,7.25],"texture":"#0"},"west":{"uv":[1.75,6,1.5,6.5],"texture":"#0"},"up":{"uv":[1.5,6.75,1.75,6.5],"texture":"#0"},"down":{"uv":[7.25,4.25,7.5,4.5],"texture":"#0"}}},{"from":[11.25,14.25,8],"to":[15.25,18,9],"rotation":{"angle":0,"axis":"y","origin":[9,0,7]},"faces":{"north":{"uv":[5.5,6.75,4.5,7.75],"texture":"#0"},"east":{"uv":[7.25,7.5,7,8.5],"texture":"#0"},"south":{"uv":[8.25,2.5,7.25,3.5],"texture":"#0"},"west":{"uv":[2,4,1.75,5],"texture":"#0"},"up":{"uv":[6.25,2.75,7.25,2.5],"texture":"#0"},"down":{"uv":[6.25,2.75,7.25,3],"texture":"#0"}}},{"from":[9.248,-0.002,2.998],"to":[12.002,3.002,8.002],"rotation":{"angle":0,"axis":"y","origin":[9,0,7]},"faces":{"north":{"uv":[8.5,0,7.75,0.75],"texture":"#0"},"east":{"uv":[8.5,6,7.25,6.75],"texture":"#0"},"south":{"uv":[8.5,0.75,7.75,1.5],"texture":"#0"},"west":{"uv":[8.5,3.5,7.25,4.25],"texture":"#0"},"up":{"uv":[7.25,8,8,6.75],"texture":"#0"},"down":{"uv":[0,7.5,0.75,8.75],"texture":"#0"}}},{"from":[9.248,8.248,5.998],"to":[12.002,13.252,9.002],"rotation":{"angle":45,"axis":"x","origin":[10.625,9.5,5.5]},"faces":{"north":{"uv":[1.5,7.5,0.75,8.75],"texture":"#0"},"east":{"uv":[7,7.5,6.25,8.75],"texture":"#0"},"south":{"uv":[6.25,7.5,5.5,8.75],"texture":"#0"},"west":{"uv":[8.25,4.25,7.5,5.5],"texture":"#0"},"up":{"uv":[7.75,2.25,8.5,1.5],"texture":"#0"},"down":{"uv":[4.5,7.75,5.25,8.5],"texture":"#0"}}},{"from":[0.17678,0,5.48008],"to":[5.17678,10,5.48008],"rotation":{"angle":45,"axis":"y","origin":[2.67678,5,5.48008]},"faces":{"north":{"uv":[9.5,6,15,16],"texture":"#2"},"east":{"uv":[0,0,0,16],"texture":"#missing"},"south":{"uv":[15,6,9.5,16],"texture":"#2"},"west":{"uv":[0,0,0,16],"texture":"#missing"},"up":{"uv":[0,0,5,0],"texture":"#missing"},"down":{"uv":[0,0,5,0],"texture":"#missing"}}},{"from":[10.82322,0,5.48008],"to":[15.82322,10,5.48008],"rotation":{"angle":-45,"axis":"y","origin":[13.32322,5,5.48008]},"faces":{"north":{"uv":[1,6,6.5,16],"texture":"#2"},"east":{"uv":[0,0,0,16],"texture":"#missing"},"south":{"uv":[6.5,6,1,16],"texture":"#2"},"west":{"uv":[0,0,0,16],"texture":"#missing"},"up":{"uv":[5,0,0,0],"texture":"#missing"},"down":{"uv":[5,0,0,0],"texture":"#missing"}}},{"from":[13.82322,7,8.48008],"to":[18.82322,17,8.48008],"rotation":{"angle":-45,"axis":"y","origin":[13.32322,5,5.48008]},"faces":{"north":{"uv":[15,6,9.5,16],"texture":"#2"},"east":{"uv":[0,0,0,16],"texture":"#missing"},"south":{"uv":[9.5,6,15,16],"texture":"#2"},"west":{"uv":[0,0,0,16],"texture":"#missing"},"up":{"uv":[5,0,0,0],"texture":"#missing"},"down":{"uv":[5,0,0,0],"texture":"#missing"}}},{"from":[-2.82322,7,8.48008],"to":[2.17678,17,8.48008],"rotation":{"angle":45,"axis":"y","origin":[2.67678,5,5.48008]},"faces":{"north":{"uv":[6.5,6,1,16],"texture":"#2"},"east":{"uv":[0,0,0,16],"texture":"#missing"},"south":{"uv":[1,6,6.5,16],"texture":"#2"},"west":{"uv":[0,0,0,16],"texture":"#missing"},"up":{"uv":[0,0,5,0],"texture":"#missing"},"down":{"uv":[0,0,5,0],"texture":"#missing"}}},{"from":[-4.82322,12,10.48008],"to":[0.17678,22,10.48008],"rotation":{"angle":45,"axis":"y","origin":[2.67678,5,5.48008]},"faces":{"north":{"uv":[9.5,6,15,16],"texture":"#2"},"east":{"uv":[0,0,0,16],"texture":"#missing"},"south":{"uv":[15,6,9.5,16],"texture":"#2"},"west":{"uv":[0,0,0,16],"texture":"#missing"},"up":{"uv":[0,0,5,0],"texture":"#missing"},"down":{"uv":[0,0,5,0],"texture":"#missing"}}},{"from":[15.82322,12,10.48008],"to":[20.82322,22,10.48008],"rotation":{"angle":-45,"axis":"y","origin":[13.32322,5,5.48008]},"faces":{"north":{"uv":[1,6,6.5,16],"texture":"#2"},"east":{"uv":[0,0,0,16],"texture":"#missing"},"south":{"uv":[6.5,6,1,16],"texture":"#2"},"west":{"uv":[0,0,0,16],"texture":"#missing"},"up":{"uv":[5,0,0,0],"texture":"#missing"},"down":{"uv":[5,0,0,0],"texture":"#missing"}}}],"gui_light":"front","display":{"thirdperson_righthand":{"rotation":[61.23,4.49,0.46],"translation":[0,1.75,0.75],"scale":[0.5,0.5,0.5]},"thirdperson_lefthand":{"rotation":[61.23,4.49,0.46],"translation":[0,1.75,0.75],"scale":[0.5,0.5,0.5]},"firstperson_righthand":{"rotation":[-166,53.68,171.1],"translation":[0.75,3.75,-0.75],"scale":[0.58336,0.58336,0.58336]},"firstperson_lefthand":{"rotation":[-166,53.68,171.1],"translation":[0.75,3.75,-0.75],"scale":[0.58336,0.58336,0.58336]},"ground":{"rotation":[68,0,0],"translation":[0,1.5,0],"scale":[0.5,0.5,0.5]},"gui":{"rotation":[-170,30,-180],"translation":[0,-2,0],"scale":[0.62,0.62,0.62]},"head":{"rotation":[7,180,1],"translation":[0,-48.75,11.25],"scale":[1.6,1.6,1.6]},"fixed":{"rotation":[-90,0,0],"translation":[0,0,-16.25],"scale":[2,2,2]}}}