{
  "credit": "MadebyBlockbench.",
  "texture_size": [
    128,
    128
  ],
  "textures": {
    "0": "elitecreatures:santa_decoration/santa_sleigh_0"
  },
  "elements": [
    {
      "from": [
        -1,
        12,
        21
      ],
      "to": [
        17,
        20,
        27
      ],
      "faces": {
        "north": {
          "uv": [
            1,
            6.625,
            3.25,
            7.625
          ],
          "texture": "#0"
        },
        "east": {
          "uv": [
            10.125,
            1.375,
            10.875,
            2.375
          ],
          "texture": "#0"
        },
        "south": {
          "uv": [
            3.25,
            6.625,
            5.5,
            7.625
          ],
          "texture": "#0"
        },
        "west": {
          "uv": [
            10.125,
            2.375,
            10.875,
            3.375
          ],
          "texture": "#0"
        },
        "up": {
          "uv": [
            5.75,
            9,
            3.5,
            8.25
          ],
          "texture": "#0"
        },
        "down": {
          "uv": [
            9.25,
            8.375,
            7,
            9.125
          ],
          "texture": "#0"
        }
      }
    },
    {
      "from": [
        -4,
        4,
        -6
      ],
      "to": [
        20,
        7,
        27
      ],
      "faces": {
        "north": {
          "uv": [
            9.5,
            7.625,
            12.5,
            8
          ],
          "texture": "#0"
        },
        "east": {
          "uv": [
            9.25,
            0.625,
            13.375,
            1
          ],
          "texture": "#0"
        },
        "south": {
          "uv": [
            9.5,
            8,
            12.5,
            8.375
          ],
          "texture": "#0"
        },
        "west": {
          "uv": [
            13.375,
            0.625,
            9.25,
            1
          ],
          "texture": "#0"
        },
        "up": {
          "uv": [
            3,
            4.125,
            0,
            0
          ],
          "texture": "#0"
        },
        "down": {
          "uv": [
            6,
            0,
            3,
            4.125
          ],
          "texture": "#0"
        }
      }
    },
    {
      "from": [
        18.5,
        1,
        21
      ],
      "to": [
        19.5,
        6,
        24
      ],
      "rotation": {
        "angle": -22.5,
        "axis": "x",
        "origin": [
          19,
          2.5,
          22.5
        ]
      },
      "faces": {
        "north": {
          "uv": [
            5.5,
            6.625,
            5.625,
            7.25
          ],
          "texture": "#0"
        },
        "east": {
          "uv": [
            7,
            10.625,
            7.375,
            11.25
          ],
          "texture": "#0"
        },
        "south": {
          "uv": [
            5.75,
            8.25,
            5.875,
            8.875
          ],
          "texture": "#0"
        },
        "west": {
          "uv": [
            7.375,
            10.625,
            7,
            11.25
          ],
          "texture": "#0"
        },
        "up": {
          "uv": [
            5.625,
            7.625,
            5.5,
            7.25
          ],
          "texture": "#0"
        },
        "down": {
          "uv": [
            7.375,
            10.25,
            7.25,
            10.625
          ],
          "texture": "#0"
        }
      }
    },
    {
      "from": [
        17,
        0,
        -13
      ],
      "to": [
        21,
        2,
        -11
      ],
      "faces": {
        "north": {
          "uv": [
            5.75,
            8.875,
            6.25,
            9.125
          ],
          "texture": "#0"
        },
        "east": {
          "uv": [
            6.75,
            8.875,
            7,
            9.125
          ],
          "texture": "#0"
        },
        "south": {
          "uv": [
            6.25,
            8.875,
            6.75,
            9.125
          ],
          "texture": "#0"
        },
        "west": {
          "uv": [
            7,
            8.875,
            6.75,
            9.125
          ],
          "texture": "#0"
        },
        "up": {
          "uv": [
            10.5,
            9.75,
            10,
            9.5
          ],
          "texture": "#0"
        },
        "down": {
          "uv": [
            11,
            9.5,
            10.5,
            9.75
          ],
          "texture": "#0"
        }
      }
    },
    {
      "from": [
        17,
        0,
        -11
      ],
      "to": [
        21,
        2,
        26
      ],
      "faces": {
        "north": {
          "uv": [
            11,
            5.25,
            11.5,
            5.5
          ],
          "texture": "#0"
        },
        "east": {
          "uv": [
            9.5,
            5.875,
            14.125,
            6.125
          ],
          "texture": "#0"
        },
        "south": {
          "uv": [
            11.375,
            3.625,
            11.875,
            3.875
          ],
          "texture": "#0"
        },
        "west": {
          "uv": [
            14.125,
            5.875,
            9.5,
            6.125
          ],
          "texture": "#0"
        },
        "up": {
          "uv": [
            6.5,
            8.875,
            6,
            4.25
          ],
          "texture": "#0"
        },
        "down": {
          "uv": [
            7,
            4.25,
            6.5,
            8.875
          ],
          "texture": "#0"
        }
      }
    },
    {
      "from": [
        18.5,
        1,
        -2
      ],
      "to": [
        19.5,
        4,
        1
      ],
      "faces": {
        "north": {
          "uv": [
            5.375,
            11.5,
            5.5,
            11.875
          ],
          "texture": "#0"
        },
        "east": {
          "uv": [
            11.375,
            3.25,
            11.75,
            3.625
          ],
          "texture": "#0"
        },
        "south": {
          "uv": [
            6.75,
            11.5,
            6.875,
            11.875
          ],
          "texture": "#0"
        },
        "west": {
          "uv": [
            11.75,
            3.25,
            11.375,
            3.625
          ],
          "texture": "#0"
        },
        "up": {
          "uv": [
            8.625,
            11.875,
            8.5,
            11.5
          ],
          "texture": "#0"
        },
        "down": {
          "uv": [
            8.75,
            11.5,
            8.625,
            11.875
          ],
          "texture": "#0"
        }
      }
    },
    {
      "from": [
        17.025,
        0.52897,
        25.59777
      ],
      "to": [
        20.975,
        2.52897,
        29.59777
      ],
      "rotation": {
        "angle": -22.5,
        "axis": "x",
        "origin": [
          19,
          1.27897,
          27.09777
        ]
      },
      "faces": {
        "north": {
          "uv": [
            9.625,
            11.375,
            10.125,
            11.625
          ],
          "texture": "#0"
        },
        "east": {
          "uv": [
            11.375,
            9.875,
            11.875,
            10.125
          ],
          "texture": "#0"
        },
        "south": {
          "uv": [
            11.375,
            10.5,
            11.875,
            10.75
          ],
          "texture": "#0"
        },
        "west": {
          "uv": [
            11.875,
            9.875,
            11.375,
            10.125
          ],
          "texture": "#0"
        },
        "up": {
          "uv": [
            10.875,
            11,
            10.375,
            10.5
          ],
          "texture": "#0"
        },
        "down": {
          "uv": [
            7,
            10.625,
            6.5,
            11.125
          ],
          "texture": "#0"
        }
      }
    },
    {
      "from": [
        17,
        7,
        -6
      ],
      "to": [
        20,
        12,
        7
      ],
      "faces": {
        "north": {
          "uv": [
            5.875,
            11,
            6.25,
            11.625
          ],
          "texture": "#0"
        },
        "east": {
          "uv": [
            4,
            7.625,
            5.625,
            8.25
          ],
          "texture": "#0"
        },
        "south": {
          "uv": [
            11,
            9.5,
            11.375,
            10.125
          ],
          "texture": "#0"
        },
        "west": {
          "uv": [
            5.75,
            9.625,
            4.125,
            10.25
          ],
          "texture": "#0"
        },
        "up": {
          "uv": [
            6,
            8.25,
            5.625,
            6.625
          ],
          "texture": "#0"
        },
        "down": {
          "uv": [
            2.875,
            10.125,
            2.5,
            11.75
          ],
          "texture": "#0"
        }
      }
    },
    {
      "from": [
        -4,
        7,
        -6
      ],
      "to": [
        -1,
        12,
        7
      ],
      "faces": {
        "north": {
          "uv": [
            10.375,
            11,
            10.75,
            11.625
          ],
          "texture": "#0"
        },
        "east": {
          "uv": [
            4.125,
            9.625,
            5.75,
            10.25
          ],
          "texture": "#0"
        },
        "south": {
          "uv": [
            10.75,
            11,
            11.125,
            11.625
          ],
          "texture": "#0"
        },
        "west": {
          "uv": [
            5.625,
            7.625,
            4,
            8.25
          ],
          "texture": "#0"
        },
        "up": {
          "uv": [
            5.625,
            8.25,
            6,
            6.625
          ],
          "texture": "#0"
        },
        "down": {
          "uv": [
            3.625,
            10.125,
            3.25,
            11.75
          ],
          "texture": "#0"
        }
      }
    },
    {
      "from": [
        -5,
        4,
        -9
      ],
      "to": [
        21,
        15,
        -6
      ],
      "faces": {
        "north": {
          "uv": [
            6,
            0,
            9.25,
            1.375
          ],
          "texture": "#0"
        },
        "east": {
          "uv": [
            3.625,
            10.125,
            4,
            11.5
          ],
          "texture": "#0"
        },
        "south": {
          "uv": [
            6,
            1.375,
            9.25,
            2.75
          ],
          "texture": "#0"
        },
        "west": {
          "uv": [
            4,
            10.125,
            3.625,
            11.5
          ],
          "texture": "#0"
        },
        "up": {
          "uv": [
            12.5,
            4.25,
            9.25,
            3.875
          ],
          "texture": "#0"
        },
        "down": {
          "uv": [
            12.5,
            8.375,
            9.25,
            8.75
          ],
          "texture": "#0"
        }
      }
    },
    {
      "from": [
        -5,
        15,
        -11
      ],
      "to": [
        21,
        18,
        -6
      ],
      "faces": {
        "north": {
          "uv": [
            9.25,
            8.75,
            12.5,
            9.125
          ],
          "texture": "#0"
        },
        "east": {
          "uv": [
            6.25,
            11.125,
            6.875,
            11.5
          ],
          "texture": "#0"
        },
        "south": {
          "uv": [
            9.5,
            5.5,
            12.75,
            5.875
          ],
          "texture": "#0"
        },
        "west": {
          "uv": [
            6.875,
            11.125,
            6.25,
            11.5
          ],
          "texture": "#0"
        },
        "up": {
          "uv": [
            10.25,
            4.875,
            7,
            4.25
          ],
          "texture": "#0"
        },
        "down": {
          "uv": [
            10.25,
            4.875,
            7,
            5.5
          ],
          "texture": "#0"
        }
      }
    },
    {
      "from": [
        -4,
        7,
        7
      ],
      "to": [
        20,
        12,
        27
      ],
      "faces": {
        "north": {
          "uv": [
            7,
            7,
            10,
            7.625
          ],
          "texture": "#0"
        },
        "east": {
          "uv": [
            7.5,
            9.125,
            10,
            9.75
          ],
          "texture": "#0"
        },
        "south": {
          "uv": [
            1,
            7.625,
            4,
            8.25
          ],
          "texture": "#0"
        },
        "west": {
          "uv": [
            10,
            9.125,
            7.5,
            9.75
          ],
          "texture": "#0"
        },
        "up": {
          "uv": [
            3,
            6.625,
            0,
            4.125
          ],
          "texture": "#0"
        },
        "down": {
          "uv": [
            6,
            4.125,
            3,
            6.625
          ],
          "texture": "#0"
        }
      }
    },
    {
      "from": [
        -5,
        15,
        27
      ],
      "to": [
        21,
        21,
        31
      ],
      "faces": {
        "north": {
          "uv": [
            6,
            2.75,
            9.25,
            3.5
          ],
          "texture": "#0"
        },
        "east": {
          "uv": [
            8.875,
            10.125,
            9.375,
            10.875
          ],
          "texture": "#0"
        },
        "south": {
          "uv": [
            6,
            3.5,
            9.25,
            4.25
          ],
          "texture": "#0"
        },
        "west": {
          "uv": [
            9.375,
            10.125,
            8.875,
            10.875
          ],
          "texture": "#0"
        },
        "up": {
          "uv": [
            4.25,
            9.5,
            1,
            9
          ],
          "texture": "#0"
        },
        "down": {
          "uv": [
            7.5,
            9.125,
            4.25,
            9.625
          ],
          "texture": "#0"
        }
      }
    },
    {
      "from": [
        -4.01,
        12,
        7
      ],
      "to": [
        -1.01,
        18,
        27
      ],
      "faces": {
        "north": {
          "uv": [
            5,
            10.25,
            5.375,
            11
          ],
          "texture": "#0"
        },
        "east": {
          "uv": [
            7,
            5.5,
            9.5,
            6.25
          ],
          "texture": "#0"
        },
        "south": {
          "uv": [
            5.375,
            10.25,
            5.75,
            11
          ],
          "texture": "#0"
        },
        "west": {
          "uv": [
            9.5,
            7.625,
            7,
            8.375
          ],
          "texture": "#0"
        },
        "up": {
          "uv": [
            10.125,
            3.875,
            9.75,
            1.375
          ],
          "texture": "#0"
        },
        "down": {
          "uv": [
            7.75,
            9.75,
            7.375,
            12.25
          ],
          "texture": "#0"
        }
      }
    },
    {
      "from": [
        17,
        2,
        -15
      ],
      "to": [
        21,
        6,
        -11
      ],
      "faces": {
        "north": {
          "uv": [
            10.75,
            4.25,
            11.25,
            4.75
          ],
          "texture": "#0"
        },
        "east": {
          "uv": [
            10.875,
            1.375,
            11.375,
            1.875
          ],
          "texture": "#0"
        },
        "south": {
          "uv": [
            10.875,
            1.875,
            11.375,
            2.375
          ],
          "texture": "#0"
        },
        "west": {
          "uv": [
            11.375,
            1.375,
            10.875,
            1.875
          ],
          "texture": "#0"
        },
        "up": {
          "uv": [
            11.375,
            3.375,
            10.875,
            2.875
          ],
          "texture": "#0"
        },
        "down": {
          "uv": [
            11.375,
            3.375,
            10.875,
            3.875
          ],
          "texture": "#0"
        }
      }
    },
    {
      "from": [
        17.01,
        12,
        7
      ],
      "to": [
        20.01,
        18,
        27
      ],
      "faces": {
        "north": {
          "uv": [
            5.75,
            10.25,
            6.125,
            11
          ],
          "texture": "#0"
        },
        "east": {
          "uv": [
            7,
            7.625,
            9.5,
            8.375
          ],
          "texture": "#0"
        },
        "south": {
          "uv": [
            6.125,
            10.25,
            6.5,
            11
          ],
          "texture": "#0"
        },
        "west": {
          "uv": [
            9.5,
            5.5,
            7,
            6.25
          ],
          "texture": "#0"
        },
        "up": {
          "uv": [
            8.125,
            12.25,
            7.75,
            9.75
          ],
          "texture": "#0"
        },
        "down": {
          "uv": [
            8.5,
            9.75,
            8.125,
            12.25
          ],
          "texture": "#0"
        }
      }
    },
    {
      "from": [
        17,
        18,
        7
      ],
      "to": [
        21,
        21,
        27
      ],
      "faces": {
        "north": {
          "uv": [
            7.375,
            11.25,
            6.875,
            11.625
          ],
          "texture": "#0"
        },
        "east": {
          "uv": [
            8.5,
            9.75,
            11,
            10.125
          ],
          "texture": "#0"
        },
        "south": {
          "uv": [
            11.25,
            4.25,
            11.75,
            4.625
          ],
          "texture": "#0"
        },
        "west": {
          "uv": [
            11,
            9.75,
            8.5,
            10.125
          ],
          "texture": "#0"
        },
        "up": {
          "uv": [
            1.5,
            12,
            2,
            9.5
          ],
          "texture": "#0"
        },
        "down": {
          "uv": [
            1.5,
            9.5,
            1,
            12
          ],
          "texture": "#0"
        }
      }
    },
    {
      "from": [
        -5,
        18,
        7
      ],
      "to": [
        -1,
        21,
        27
      ],
      "faces": {
        "north": {
          "uv": [
            6.875,
            11.25,
            7.375,
            11.625
          ],
          "texture": "#0"
        },
        "east": {
          "uv": [
            8.5,
            9.75,
            11,
            10.125
          ],
          "texture": "#0"
        },
        "south": {
          "uv": [
            11.375,
            1.375,
            11.875,
            1.75
          ],
          "texture": "#0"
        },
        "west": {
          "uv": [
            11,
            9.75,
            8.5,
            10.125
          ],
          "texture": "#0"
        },
        "up": {
          "uv": [
            2,
            12,
            1.5,
            9.5
          ],
          "texture": "#0"
        },
        "down": {
          "uv": [
            2.5,
            9.5,
            2,
            12
          ],
          "texture": "#0"
        }
      }
    },
    {
      "from": [
        17,
        15,
        4
      ],
      "to": [
        21,
        18,
        10
      ],
      "faces": {
        "north": {
          "uv": [
            11.875,
            2.5,
            11.375,
            2.875
          ],
          "texture": "#0"
        },
        "east": {
          "uv": [
            10.125,
            3.375,
            10.875,
            3.75
          ],
          "texture": "#0"
        },
        "south": {
          "uv": [
            11.375,
            2.125,
            11.875,
            2.5
          ],
          "texture": "#0"
        },
        "west": {
          "uv": [
            10.875,
            3.375,
            10.125,
            3.75
          ],
          "texture": "#0"
        },
        "up": {
          "uv": [
            10.25,
            5,
            10.75,
            4.25
          ],
          "texture": "#0"
        },
        "down": {
          "uv": [
            4.5,
            10.25,
            4,
            11
          ],
          "texture": "#0"
        }
      }
    },
    {
      "from": [
        -5,
        15,
        4
      ],
      "to": [
        -1,
        18,
        10
      ],
      "faces": {
        "north": {
          "uv": [
            11.375,
            2.5,
            11.875,
            2.875
          ],
          "texture": "#0"
        },
        "east": {
          "uv": [
            6.5,
            10.25,
            7.25,
            10.625
          ],
          "texture": "#0"
        },
        "south": {
          "uv": [
            11.375,
            2.875,
            11.875,
            3.25
          ],
          "texture": "#0"
        },
        "west": {
          "uv": [
            10.875,
            3.375,
            10.125,
            3.75
          ],
          "texture": "#0"
        },
        "up": {
          "uv": [
            10.75,
            5,
            10.25,
            4.25
          ],
          "texture": "#0"
        },
        "down": {
          "uv": [
            5,
            10.25,
            4.5,
            11
          ],
          "texture": "#0"
        }
      }
    },
    {
      "from": [
        -4.975,
        0.52897,
        25.59777
      ],
      "to": [
        -1.025,
        2.52897,
        29.59777
      ],
      "rotation": {
        "angle": -22.5,
        "axis": "x",
        "origin": [
          -3,
          1.27897,
          27.09777
        ]
      },
      "faces": {
        "north": {
          "uv": [
            9.625,
            11.375,
            10.125,
            11.625
          ],
          "texture": "#0"
        },
        "east": {
          "uv": [
            11.375,
            9.875,
            11.875,
            10.125
          ],
          "texture": "#0"
        },
        "south": {
          "uv": [
            11.375,
            10.5,
            11.875,
            10.75
          ],
          "texture": "#0"
        },
        "west": {
          "uv": [
            11.875,
            9.875,
            11.375,
            10.125
          ],
          "texture": "#0"
        },
        "up": {
          "uv": [
            10.875,
            11,
            10.375,
            10.5
          ],
          "texture": "#0"
        },
        "down": {
          "uv": [
            7,
            10.625,
            6.5,
            11.125
          ],
          "texture": "#0"
        }
      }
    },
    {
      "from": [
        -3.5,
        1,
        21
      ],
      "to": [
        -2.5,
        6,
        24
      ],
      "rotation": {
        "angle": -22.5,
        "axis": "x",
        "origin": [
          -3,
          2.5,
          22.5
        ]
      },
      "faces": {
        "north": {
          "uv": [
            5.5,
            6.625,
            5.625,
            7.25
          ],
          "texture": "#0"
        },
        "east": {
          "uv": [
            7,
            10.625,
            7.375,
            11.25
          ],
          "texture": "#0"
        },
        "south": {
          "uv": [
            5.75,
            8.25,
            5.875,
            8.875
          ],
          "texture": "#0"
        },
        "west": {
          "uv": [
            7.375,
            10.625,
            7,
            11.25
          ],
          "texture": "#0"
        },
        "up": {
          "uv": [
            5.625,
            7.625,
            5.5,
            7.25
          ],
          "texture": "#0"
        },
        "down": {
          "uv": [
            7.375,
            10.25,
            7.25,
            10.625
          ],
          "texture": "#0"
        }
      }
    },
    {
      "from": [
        -3.5,
        1,
        -2
      ],
      "to": [
        -2.5,
        4,
        1
      ],
      "faces": {
        "north": {
          "uv": [
            5.375,
            11.5,
            5.5,
            11.875
          ],
          "texture": "#0"
        },
        "east": {
          "uv": [
            11.375,
            3.25,
            11.75,
            3.625
          ],
          "texture": "#0"
        },
        "south": {
          "uv": [
            6.75,
            11.5,
            6.875,
            11.875
          ],
          "texture": "#0"
        },
        "west": {
          "uv": [
            11.75,
            3.25,
            11.375,
            3.625
          ],
          "texture": "#0"
        },
        "up": {
          "uv": [
            8.625,
            11.875,
            8.5,
            11.5
          ],
          "texture": "#0"
        },
        "down": {
          "uv": [
            8.75,
            11.5,
            8.625,
            11.875
          ],
          "texture": "#0"
        }
      }
    },
    {
      "from": [
        -5,
        0,
        -11
      ],
      "to": [
        -1,
        2,
        26
      ],
      "faces": {
        "north": {
          "uv": [
            11,
            5.25,
            11.5,
            5.5
          ],
          "texture": "#0"
        },
        "east": {
          "uv": [
            9.5,
            5.875,
            14.125,
            6.125
          ],
          "texture": "#0"
        },
        "south": {
          "uv": [
            11.375,
            3.625,
            11.875,
            3.875
          ],
          "texture": "#0"
        },
        "west": {
          "uv": [
            14.125,
            5.875,
            9.5,
            6.125
          ],
          "texture": "#0"
        },
        "up": {
          "uv": [
            6.5,
            8.875,
            6,
            4.25
          ],
          "texture": "#0"
        },
        "down": {
          "uv": [
            7,
            4.25,
            6.5,
            8.875
          ],
          "texture": "#0"
        }
      }
    },
    {
      "from": [
        -5,
        0,
        -13
      ],
      "to": [
        -1,
        2,
        -11
      ],
      "faces": {
        "north": {
          "uv": [
            5.75,
            8.875,
            6.25,
            9.125
          ],
          "texture": "#0"
        },
        "east": {
          "uv": [
            6.75,
            8.875,
            7,
            9.125
          ],
          "texture": "#0"
        },
        "south": {
          "uv": [
            6.25,
            8.875,
            6.75,
            9.125
          ],
          "texture": "#0"
        },
        "west": {
          "uv": [
            7,
            8.875,
            6.75,
            9.125
          ],
          "texture": "#0"
        },
        "up": {
          "uv": [
            10.5,
            9.75,
            10,
            9.5
          ],
          "texture": "#0"
        },
        "down": {
          "uv": [
            11,
            9.5,
            10.5,
            9.75
          ],
          "texture": "#0"
        }
      }
    },
    {
      "from": [
        -5,
        2,
        -15
      ],
      "to": [
        -1,
        6,
        -11
      ],
      "faces": {
        "north": {
          "uv": [
            10.75,
            4.25,
            11.25,
            4.75
          ],
          "texture": "#0"
        },
        "east": {
          "uv": [
            10.875,
            1.375,
            11.375,
            1.875
          ],
          "texture": "#0"
        },
        "south": {
          "uv": [
            10.875,
            1.875,
            11.375,
            2.375
          ],
          "texture": "#0"
        },
        "west": {
          "uv": [
            11.375,
            1.375,
            10.875,
            1.875
          ],
          "texture": "#0"
        },
        "up": {
          "uv": [
            11.375,
            3.375,
            10.875,
            2.875
          ],
          "texture": "#0"
        },
        "down": {
          "uv": [
            11.375,
            3.375,
            10.875,
            3.875
          ],
          "texture": "#0"
        }
      }
    }
  ],
  "gui_light": "front",
  "display": {
    "thirdperson_righthand": {
      "rotation": [
        75,
        45,
        0
      ],
      "translation": [
        0,
        2.5,
        0
      ],
      "scale": [
        0.375,
        0.375,
        0.375
      ]
    },
    "thirdperson_lefthand": {
      "rotation": [
        75,
        45,
        0
      ],
      "translation": [
        0,
        2.5,
        0
      ],
      "scale": [
        0.375,
        0.375,
        0.375
      ]
    },
    "firstperson_righthand": {
      "rotation": [
        0,
        45,
        0
      ],
      "scale": [
        0.4,
        0.4,
        0.4
      ]
    },
    "firstperson_lefthand": {
      "rotation": [
        0,
        45,
        0
      ],
      "scale": [
        0.4,
        0.4,
        0.4
      ]
    },
    "ground": {
      "translation": [
        0,
        2,
        0
      ],
      "scale": [
        0.5,
        0.5,
        0.5
      ]
    },
    "gui": {
      "rotation": [
        30,
        225,
        0
      ],
      "translation": [
        0,
        -0.75,
        0
      ],
      "scale": [
        0.29609,
        0.29609,
        0.29609
      ]
    },
    "head": {
      "translation": [
        0,
        -30.4,
        0
      ],
      "scale": [
        1.6,
        1.6,
        1.6
      ]
    },
    "fixed": {
      "rotation": [
        -90,
        180,
        0
      ],
      "translation": [
        0,
        0,
        -15.75
      ],
      "scale": [
        2.01,
        2.01,
        2.01
      ]
    }
  }
}