{"credit":"MadebyPolygonMC","texture_size":[36,36],"textures":{"1":"malikaset:wings","2":"malikaset:animations_1","particle":"malikaset:animations_1"},"elements":[{"from":[7.22938,-9.72938,6.87494],"to":[8.22938,-8.72938,7.47494],"rotation":{"angle":-45,"axis":"z","origin":[8,-9.5,8]},"faces":{"north":{"uv":[4.44444,8,5.33333,8.88889],"texture":"#1","tintindex":0},"east":{"uv":[9.77778,0,10.33333,0.88889],"texture":"#1","tintindex":0},"south":{"uv":[3.55556,8,4.44444,8.88889],"texture":"#1","tintindex":0},"west":{"uv":[9.77778,0.88889,10.33333,1.77778],"texture":"#1","tintindex":0},"up":{"uv":[10.33333,2.66667,9.77778,1.77778],"rotation":90,"texture":"#1","tintindex":0},"down":{"uv":[10.33333,2.66667,9.77778,3.55556],"rotation":270,"texture":"#1","tintindex":0}}},{"from":[7.35438,-9.60438,6.74994],"to":[8.10438,-8.85438,7.59994],"rotation":{"angle":-45,"axis":"z","origin":[8,-9.5,8]},"faces":{"north":{"uv":[9.77778,4.44444,10.44444,5.11111],"texture":"#1","tintindex":0},"east":{"uv":[6.22222,9.33333,7,10],"texture":"#1","tintindex":0},"south":{"uv":[9.77778,3.55556,10.44444,4.22222],"texture":"#1","tintindex":0},"west":{"uv":[7.11111,9.33333,7.88889,10],"texture":"#1","tintindex":0},"up":{"uv":[8.77778,10,8,9.33333],"rotation":90,"texture":"#1","tintindex":0},"down":{"uv":[9.66667,9.33333,8.88889,10],"rotation":270,"texture":"#1","tintindex":0}}},{"from":[8.45964,-9.71971,6.92494],"to":[9.45964,-9.21971,7.42494],"rotation":{"angle":22.5,"axis":"z","origin":[8,-9.5,8]},"faces":{"north":{"uv":[9.77778,5.77778,10.66667,6.22222],"texture":"#1","tintindex":0},"south":{"uv":[9.77778,5.33333,10.66667,5.77778],"texture":"#1","tintindex":0},"west":{"uv":[10.66667,8.88889,11.11111,9.33333],"texture":"#1","tintindex":0},"up":{"uv":[10.22222,7.11111,9.77778,6.22222],"rotation":90,"texture":"#1","tintindex":0},"down":{"uv":[10.22222,7.11111,9.77778,8],"rotation":270,"texture":"#1","tintindex":0}}},{"from":[8.29461,-8.7718,6.88994],"to":[8.86461,-7.63179,7.45994],"rotation":{"angle":-45,"axis":"z","origin":[8,-9.5,8]},"faces":{"north":{"uv":[8,8,8.55556,9],"texture":"#1","tintindex":0},"east":{"uv":[5.33333,8,5.88889,9],"texture":"#1","tintindex":0},"south":{"uv":[6.22222,8,6.77778,9],"texture":"#1","tintindex":0},"west":{"uv":[7.11111,8,7.66667,9],"texture":"#1","tintindex":0},"up":{"uv":[4.11111,10.77778,3.55556,10.22222],"rotation":90,"texture":"#1","tintindex":0},"down":{"uv":[5,10.22222,4.44444,10.77778],"rotation":270,"texture":"#1","tintindex":0}}},{"from":[8.58748,-9.54999,6.95264],"to":[9.03208,-8.94579,7.39724],"rotation":{"angle":-22.5,"axis":"z","origin":[8,-9.5,8]},"faces":{"north":{"uv":[8,10.22222,8.44444,10.77778],"texture":"#1","tintindex":0},"east":{"uv":[7.11111,10.22222,7.55556,10.77778],"texture":"#1","tintindex":0},"south":{"uv":[10.22222,7.11111,10.66667,7.66667],"texture":"#1","tintindex":0},"west":{"uv":[7.55556,10.22222,8,10.77778],"texture":"#1","tintindex":0},"down":{"uv":[11.11111,9.33333,10.66667,9.77778],"rotation":270,"texture":"#1","tintindex":0}}},{"from":[8.56717,-10.21115,7.01044],"to":[8.89618,-9.76405,7.33944],"rotation":{"angle":0,"axis":"x","origin":[8,-9.5,8]},"faces":{"north":{"uv":[11.11111,1.77778,11.44444,2.22222],"texture":"#1","tintindex":0},"east":{"uv":[11.11111,0.44444,11.44444,0.88889],"texture":"#1","tintindex":0},"south":{"uv":[11.11111,0.88889,11.44444,1.33333],"texture":"#1","tintindex":0},"west":{"uv":[11.11111,1.33333,11.44444,1.77778],"texture":"#1","tintindex":0},"down":{"uv":[11.44444,6.66667,11.11111,7],"rotation":270,"texture":"#1","tintindex":0}}},{"from":[9.02782,-8.11541,6.95264],"to":[9.47242,-7.51121,7.39724],"rotation":{"angle":-22.5,"axis":"z","origin":[8,-9.5,8]},"faces":{"north":{"uv":[9.33333,10.22222,9.77778,10.77778],"texture":"#1","tintindex":0},"east":{"uv":[8.44444,10.22222,8.88889,10.77778],"texture":"#1","tintindex":0},"south":{"uv":[8.88889,10.22222,9.33333,10.77778],"texture":"#1","tintindex":0},"west":{"uv":[10.22222,8.88889,10.66667,9.44444],"texture":"#1","tintindex":0},"up":{"uv":[10.22222,11.11111,9.77778,10.66667],"rotation":90,"texture":"#1","tintindex":0}}},{"from":[9.3813,-9.84313,6.95264],"to":[9.82589,-9.23893,7.39724],"rotation":{"angle":45,"axis":"z","origin":[8,-9.5,8]},"faces":{"north":{"uv":[10.66667,8,11.11111,8.55556],"texture":"#1","tintindex":0},"east":{"uv":[10.66667,5.33333,11.11111,5.88889],"texture":"#1","tintindex":0},"south":{"uv":[5.77778,10.66667,6.22222,11.22222],"texture":"#1","tintindex":0},"west":{"uv":[10.66667,7.11111,11.11111,7.66667],"texture":"#1","tintindex":0},"up":{"uv":[11.11111,11.11111,10.66667,10.66667],"rotation":90,"texture":"#1","tintindex":0},"down":{"uv":[11.55556,0,11.11111,0.44444],"rotation":270,"texture":"#1","tintindex":0}}},{"from":[9.20376,-8.72583,6.99265],"to":[9.56833,-8.23039,7.35723],"rotation":{"angle":22.5,"axis":"z","origin":[8,-9.5,8]},"faces":{"north":{"uv":[6.66667,11.11111,7,11.55556],"texture":"#1","tintindex":0},"east":{"uv":[11.11111,5.77778,11.44444,6.22222],"texture":"#1","tintindex":0},"south":{"uv":[6.22222,11.11111,6.55556,11.55556],"texture":"#1","tintindex":0},"west":{"uv":[11.11111,6.22222,11.44444,6.66667],"texture":"#1","tintindex":0},"up":{"uv":[11.44444,7.88889,11.11111,7.55556],"rotation":90,"texture":"#1","tintindex":0}}},{"from":[8.64658,-7.87178,7.02546],"to":[8.94553,-7.46552,7.32441],"rotation":{"angle":0,"axis":"x","origin":[8,-9.5,8]},"faces":{"north":{"uv":[11.11111,8.44444,11.33333,8.77778],"texture":"#1","tintindex":0},"east":{"uv":[8,11.11111,8.22222,11.44444],"texture":"#1","tintindex":0},"south":{"uv":[11.11111,8,11.33333,8.33333],"texture":"#1","tintindex":0},"west":{"uv":[8.44444,11.11111,8.66667,11.44444],"texture":"#1","tintindex":0},"up":{"uv":[10,11.33333,9.77778,11.11111],"rotation":90,"texture":"#1","tintindex":0}}},{"from":[7.83919,-7.37826,7.05835],"to":[8.07237,-7.06137,7.29153],"rotation":{"angle":-22.5,"axis":"z","origin":[8,-9.5,8]},"faces":{"north":{"uv":[11.11111,9.33333,11.33333,9.66667],"texture":"#1","tintindex":0},"east":{"uv":[8.88889,11.11111,9.11111,11.44444],"texture":"#1","tintindex":0},"south":{"uv":[11.11111,8.88889,11.33333,9.22222],"texture":"#1","tintindex":0},"west":{"uv":[9.33333,11.11111,9.55556,11.44444],"texture":"#1","tintindex":0},"up":{"uv":[11.33333,10,11.11111,9.77778],"rotation":90,"texture":"#1","tintindex":0}}},{"from":[6.17411,-9.84313,6.95264],"to":[6.61871,-9.23893,7.39724],"rotation":{"angle":-45,"axis":"z","origin":[8,-9.5,8]},"faces":{"north":{"uv":[11.11111,8,10.66667,8.55556],"texture":"#1","tintindex":0},"east":{"uv":[11.11111,7.11111,10.66667,7.66667],"texture":"#1","tintindex":0},"south":{"uv":[6.22222,10.66667,5.77778,11.22222],"texture":"#1","tintindex":0},"west":{"uv":[11.11111,5.33333,10.66667,5.88889],"texture":"#1","tintindex":0},"up":{"uv":[11.11111,10.66667,10.66667,11.11111],"rotation":90,"texture":"#1","tintindex":0},"down":{"uv":[11.55556,0.44444,11.11111,0],"rotation":270,"texture":"#1","tintindex":0}}},{"from":[6.43167,-8.72583,6.99265],"to":[6.79625,-8.23039,7.35723],"rotation":{"angle":-22.5,"axis":"z","origin":[8,-9.5,8]},"faces":{"north":{"uv":[7,11.11111,6.66667,11.55556],"texture":"#1","tintindex":0},"east":{"uv":[11.44444,6.22222,11.11111,6.66667],"texture":"#1","tintindex":0},"south":{"uv":[6.55556,11.11111,6.22222,11.55556],"texture":"#1","tintindex":0},"west":{"uv":[11.44444,5.77778,11.11111,6.22222],"texture":"#1","tintindex":0},"up":{"uv":[11.44444,7.55556,11.11111,7.88889],"rotation":90,"texture":"#1","tintindex":0}}},{"from":[7.05448,-7.87178,7.02546],"to":[7.35342,-7.46552,7.32441],"rotation":{"angle":0,"axis":"x","origin":[8,-9.5,8]},"faces":{"north":{"uv":[11.33333,8.44444,11.11111,8.77778],"texture":"#1","tintindex":0},"east":{"uv":[8.66667,11.11111,8.44444,11.44444],"texture":"#1","tintindex":0},"south":{"uv":[11.33333,8,11.11111,8.33333],"texture":"#1","tintindex":0},"west":{"uv":[8.22222,11.11111,8,11.44444],"texture":"#1","tintindex":0},"up":{"uv":[10,11.11111,9.77778,11.33333],"rotation":90,"texture":"#1","tintindex":0}}},{"from":[7.92764,-7.37826,7.05835],"to":[8.16082,-7.06137,7.29153],"rotation":{"angle":22.5,"axis":"z","origin":[8,-9.5,8]},"faces":{"north":{"uv":[11.33333,9.33333,11.11111,9.66667],"texture":"#1","tintindex":0},"east":{"uv":[9.55556,11.11111,9.33333,11.44444],"texture":"#1","tintindex":0},"south":{"uv":[11.33333,8.88889,11.11111,9.22222],"texture":"#1","tintindex":0},"west":{"uv":[9.11111,11.11111,8.88889,11.44444],"texture":"#1","tintindex":0},"up":{"uv":[11.33333,9.77778,11.11111,10],"rotation":90,"texture":"#1","tintindex":0}}},{"from":[9.74886,-8.23302,7.01044],"to":[10.07786,-7.78591,7.33944],"rotation":{"angle":0,"axis":"x","origin":[8,-9.5,8]},"faces":{"north":{"uv":[3.55556,11.11111,3.88889,11.55556],"texture":"#1","tintindex":0},"east":{"uv":[11.11111,2.22222,11.44444,2.66667],"texture":"#1","tintindex":0},"south":{"uv":[11.11111,2.66667,11.44444,3.11111],"texture":"#1","tintindex":0},"west":{"uv":[11.11111,3.11111,11.44444,3.55556],"texture":"#1","tintindex":0},"up":{"uv":[7.44444,11.44444,7.11111,11.11111],"rotation":90,"texture":"#1","tintindex":0}}},{"from":[6.54036,-9.71971,6.92494],"to":[7.54036,-9.21971,7.42494],"rotation":{"angle":-22.5,"axis":"z","origin":[8,-9.5,8]},"faces":{"north":{"uv":[9.77778,8.44444,10.66667,8.88889],"texture":"#1","tintindex":0},"east":{"uv":[10.66667,9.77778,11.11111,10.22222],"texture":"#1","tintindex":0},"south":{"uv":[9.77778,8,10.66667,8.44444],"texture":"#1","tintindex":0},"up":{"uv":[10.22222,9.77778,9.77778,8.88889],"rotation":90,"texture":"#1","tintindex":0},"down":{"uv":[10.22222,9.77778,9.77778,10.66667],"rotation":270,"texture":"#1","tintindex":0}}},{"from":[7.1354,-8.7718,6.88994],"to":[7.7054,-7.63179,7.45994],"rotation":{"angle":45,"axis":"z","origin":[8,-9.5,8]},"faces":{"north":{"uv":[5.33333,9.33333,5.88889,10.33333],"texture":"#1","tintindex":0},"east":{"uv":[3.55556,8.88889,4.11111,9.88889],"texture":"#1","tintindex":0},"south":{"uv":[4.44444,8.88889,5,9.88889],"texture":"#1","tintindex":0},"west":{"uv":[8.88889,8,9.44444,9],"texture":"#1","tintindex":0},"up":{"uv":[6.77778,10.77778,6.22222,10.22222],"rotation":90,"texture":"#1","tintindex":0},"down":{"uv":[10.77778,6.22222,10.22222,6.77778],"rotation":270,"texture":"#1","tintindex":0}}},{"from":[6.52758,-8.11541,6.95264],"to":[6.97218,-7.51121,7.39724],"rotation":{"angle":22.5,"axis":"z","origin":[8,-9.5,8]},"faces":{"north":{"uv":[10.66667,1.77778,11.11111,2.33333],"texture":"#1","tintindex":0},"east":{"uv":[10.22222,9.77778,10.66667,10.33333],"texture":"#1","tintindex":0},"south":{"uv":[10.66667,0,11.11111,0.55556],"texture":"#1","tintindex":0},"west":{"uv":[10.66667,0.88889,11.11111,1.44444],"texture":"#1","tintindex":0},"up":{"uv":[10.66667,11.11111,10.22222,10.66667],"rotation":90,"texture":"#1","tintindex":0}}},{"from":[5.92214,-8.23302,7.01044],"to":[6.25114,-7.78591,7.33944],"rotation":{"angle":0,"axis":"x","origin":[8,-9.5,8]},"faces":{"north":{"uv":[4.44444,11.11111,4.77778,11.55556],"texture":"#1","tintindex":0},"east":{"uv":[11.11111,3.55556,11.44444,4],"texture":"#1","tintindex":0},"south":{"uv":[4,11.11111,4.33333,11.55556],"texture":"#1","tintindex":0},"west":{"uv":[11.11111,4,11.44444,4.44444],"texture":"#1","tintindex":0},"up":{"uv":[11.44444,7.44444,11.11111,7.11111],"rotation":90,"texture":"#1","tintindex":0}}},{"from":[6.96792,-9.54999,6.95264],"to":[7.41252,-8.94579,7.39724],"rotation":{"angle":22.5,"axis":"z","origin":[8,-9.5,8]},"faces":{"north":{"uv":[5.33333,10.66667,5.77778,11.22222],"texture":"#1","tintindex":0},"east":{"uv":[10.66667,2.66667,11.11111,3.22222],"texture":"#1","tintindex":0},"south":{"uv":[10.66667,3.55556,11.11111,4.11111],"texture":"#1","tintindex":0},"west":{"uv":[10.66667,4.44444,11.11111,5],"texture":"#1","tintindex":0},"down":{"uv":[11.11111,10.22222,10.66667,10.66667],"rotation":270,"texture":"#1","tintindex":0}}},{"from":[7.10382,-10.21115,7.01044],"to":[7.43282,-9.76405,7.33944],"rotation":{"angle":0,"axis":"x","origin":[8,-9.5,8]},"faces":{"north":{"uv":[11.11111,5.33333,11.44444,5.77778],"texture":"#1","tintindex":0},"east":{"uv":[11.11111,4.44444,11.44444,4.88889],"texture":"#1","tintindex":0},"south":{"uv":[4.88889,11.11111,5.22222,11.55556],"texture":"#1","tintindex":0},"west":{"uv":[11.11111,4.88889,11.44444,5.33333],"texture":"#1","tintindex":0},"down":{"uv":[7.88889,11.11111,7.55556,11.44444],"rotation":270,"texture":"#1","tintindex":0}}},{"from":[8.5,-12.99854,7.17494],"to":[19.5,-3.99854,7.17494],"rotation":{"angle":0,"axis":"y","origin":[8,-9.5,8]},"faces":{"north":{"uv":[0,0,9.77778,8],"texture":"#1","tintindex":0},"east":{"uv":[0,0,0,8],"texture":"#1","tintindex":0},"south":{"uv":[9.77778,0,0,8],"texture":"#1","tintindex":0},"west":{"uv":[0,0,0,8],"texture":"#1","tintindex":0},"up":{"uv":[0,9.77778,0,0],"rotation":90,"texture":"#1","tintindex":0},"down":{"uv":[0,0,0,9.77778],"rotation":270,"texture":"#1","tintindex":0}}},{"from":[-3.5,-12.99854,7.17494],"to":[7.5,-3.99854,7.17494],"rotation":{"angle":0,"axis":"y","origin":[8,-9.5,8]},"faces":{"north":{"uv":[9.77778,0,0,8],"texture":"#1","tintindex":0},"east":{"uv":[0,0,0,8],"texture":"#1","tintindex":0},"south":{"uv":[0,0,9.77778,8],"texture":"#1","tintindex":0},"west":{"uv":[0,0,0,8],"texture":"#1","tintindex":0},"up":{"uv":[0,0,0,9.77778],"rotation":90,"texture":"#1","tintindex":0},"down":{"uv":[0,9.77778,0,0],"rotation":270,"texture":"#1","tintindex":0}}},{"from":[7.94039,-15.72354,7.18892],"to":[11.94039,-6.72354,7.18892],"rotation":{"angle":-45,"axis":"y","origin":[7.925,-9.1,8.0375]},"faces":{"north":{"uv":[3.55556,8,0,16],"texture":"#1","tintindex":0},"east":{"uv":[0,0,0,8],"texture":"#1","tintindex":0},"south":{"uv":[0,8,3.55556,16],"texture":"#1","tintindex":0},"west":{"uv":[0,0,0,8],"texture":"#1","tintindex":0},"up":{"uv":[0,3.55556,0,0],"rotation":90,"texture":"#1","tintindex":0},"down":{"uv":[0,0,0,3.55556],"rotation":270,"texture":"#1","tintindex":0}}},{"from":[4.05961,-15.72354,7.18892],"to":[8.05961,-6.72354,7.18892],"rotation":{"angle":45,"axis":"y","origin":[8.075,-9.1,8.0375]},"faces":{"north":{"uv":[0,8,3.55556,16],"texture":"#1","tintindex":0},"east":{"uv":[0,0,0,8],"texture":"#1","tintindex":0},"south":{"uv":[3.55556,8,0,16],"texture":"#1","tintindex":0},"west":{"uv":[0,0,0,8],"texture":"#1","tintindex":0},"up":{"uv":[0,0,0,3.55556],"rotation":90,"texture":"#1","tintindex":0},"down":{"uv":[0,3.55556,0,0],"rotation":270,"texture":"#1","tintindex":0}}},{"from":[6.35,-10.925,7.175],"to":[9.65,-7.625,7.175],"rotation":{"angle":-45,"axis":"y","origin":[8,-9.143,7.175]},"faces":{"north":{"uv":[6.66667,0,0,6.66667],"texture":"#2","tintindex":0},"east":{"uv":[0,0,0,1.33333],"texture":"#2","tintindex":0},"south":{"uv":[0,0,6.66667,6.66667],"texture":"#2","tintindex":0},"west":{"uv":[0,0,0,1.33333],"texture":"#2","tintindex":0},"up":{"uv":[1.33333,0,0,0],"texture":"#2","tintindex":0},"down":{"uv":[1.33333,0,0,0],"texture":"#2","tintindex":0}}},{"from":[6.35,-10.925,7.175],"to":[9.65,-7.625,7.175],"rotation":{"angle":45,"axis":"y","origin":[8,-9.143,7.175]},"faces":{"north":{"uv":[0,0,6.66667,6.66667],"texture":"#2","tintindex":0},"east":{"uv":[0,0,0,1.33333],"texture":"#2","tintindex":0},"south":{"uv":[6.66667,0,0,6.66667],"texture":"#2","tintindex":0},"west":{"uv":[0,0,0,1.33333],"texture":"#2","tintindex":0},"up":{"uv":[1.33333,0,0,0],"rotation":180,"texture":"#2","tintindex":0},"down":{"uv":[1.33333,0,0,0],"rotation":180,"texture":"#2","tintindex":0}}}],"gui_light":"front","display":{"thirdperson_righthand":{"rotation":[-149,0,-180],"translation":[0,-0.25,-1.25],"scale":[0.48047,0.48047,0.48047]},"thirdperson_lefthand":{"rotation":[67,0,0],"translation":[-5.5,-9,9.5],"scale":[1.21289,1.21289,1.21289]},"firstperson_righthand":{"rotation":[-10,180,0],"translation":[-2.5,2.5,3],"scale":[0.50195,0.50195,0.50195]},"firstperson_lefthand":{"rotation":[-10,0,0],"translation":[-1.75,4.25,0.75],"scale":[0,0,0]},"ground":{"rotation":[-30,0,0],"translation":[0,3.75,0],"scale":[0.6543,0.6543,0.6543]},"gui":{"rotation":[0,180,0],"translation":[-0.25,11.75,0],"scale":[0.7,0.7,0.7]},"head":{"translation":[0,-40.25,11],"scale":[4,4,4]},"fixed":{"rotation":[0,180,0],"translation":[0,-2,-5.75],"scale":[2.50781,2.50781,2.50781]}}}