{
  "credit": "MadebyPolygonMC",
  "texture_size": [
    32,
    32
  ],
  "textures": {
    "0": "noraset:chest",
    "1": "noraset:animations/animations_3",
    "particle": "noraset:chest"
  },
  "elements": [
    {
      "from": [
        4,
        8,
        4
      ],
      "to": [
        12,
        9,
        5
      ],
      "rotation": {
        "angle": 45,
        "axis": "x",
        "origin": [
          8,
          8,
          12
        ]
      },
      "faces": {
        "north": {
          "uv": [
            4,
            11.5,
            8,
            12
          ],
          "texture": "#0"
        },
        "east": {
          "uv": [
            13,
            9,
            13.5,
            9.5
          ],
          "texture": "#0"
        },
        "south": {
          "uv": [
            9,
            11.5,
            13,
            12
          ],
          "texture": "#0"
        },
        "west": {
          "uv": [
            13,
            9.5,
            13.5,
            10
          ],
          "texture": "#0"
        },
        "up": {
          "uv": [
            4,
            12.5,
            0,
            12
          ],
          "texture": "#0"
        },
        "down": {
          "uv": [
            16,
            0,
            12,
            0.5
          ],
          "texture": "#0"
        }
      }
    },
    {
      "from": [
        11,
        8,
        5
      ],
      "to": [
        12,
        9,
        11
      ],
      "rotation": {
        "angle": 45,
        "axis": "x",
        "origin": [
          8,
          8,
          12
        ]
      },
      "faces": {
        "north": {
          "uv": [
            13,
            10,
            13.5,
            10.5
          ],
          "texture": "#0"
        },
        "east": {
          "uv": [
            4.5,
            12,
            7.5,
            12.5
          ],
          "texture": "#0"
        },
        "south": {
          "uv": [
            13,
            10.5,
            13.5,
            11
          ],
          "texture": "#0"
        },
        "west": {
          "uv": [
            12,
            4.5,
            15,
            5
          ],
          "texture": "#0"
        },
        "up": {
          "uv": [
            12.5,
            8,
            12,
            5
          ],
          "texture": "#0"
        },
        "down": {
          "uv": [
            8,
            12,
            7.5,
            15
          ],
          "texture": "#0"
        }
      }
    },
    {
      "from": [
        4.25,
        9,
        4.25
      ],
      "to": [
        11.75,
        11.25,
        11.75
      ],
      "rotation": {
        "angle": 45,
        "axis": "x",
        "origin": [
          8,
          8,
          12
        ]
      },
      "faces": {
        "north": {
          "uv": [
            8,
            7,
            11.75,
            8.25
          ],
          "texture": "#0"
        },
        "east": {
          "uv": [
            8,
            8.5,
            11.75,
            9.75
          ],
          "texture": "#0"
        },
        "south": {
          "uv": [
            0,
            10,
            3.75,
            11.25
          ],
          "texture": "#0"
        },
        "west": {
          "uv": [
            4,
            10,
            7.75,
            11.25
          ],
          "texture": "#0"
        },
        "up": {
          "uv": [
            7.75,
            3.75,
            4,
            0
          ],
          "texture": "#0"
        },
        "down": {
          "uv": [
            7.75,
            4,
            4,
            7.75
          ],
          "texture": "#0"
        }
      }
    },
    {
      "from": [
        11,
        9,
        4
      ],
      "to": [
        12,
        11.5,
        5
      ],
      "rotation": {
        "angle": 45,
        "axis": "x",
        "origin": [
          8,
          8,
          12
        ]
      },
      "faces": {
        "north": {
          "uv": [
            2.5,
            12.5,
            3,
            13.75
          ],
          "texture": "#0"
        },
        "east": {
          "uv": [
            3,
            12.5,
            3.5,
            13.75
          ],
          "texture": "#0"
        },
        "south": {
          "uv": [
            12.5,
            3,
            13,
            4.25
          ],
          "texture": "#0"
        },
        "west": {
          "uv": [
            3.5,
            12.5,
            4,
            13.75
          ],
          "texture": "#0"
        },
        "up": {
          "uv": [
            13.5,
            11.5,
            13,
            11
          ],
          "texture": "#0"
        }
      }
    },
    {
      "from": [
        11,
        10.5,
        5
      ],
      "to": [
        12,
        11.5,
        11
      ],
      "rotation": {
        "angle": 45,
        "axis": "x",
        "origin": [
          8,
          8,
          12
        ]
      },
      "faces": {
        "north": {
          "uv": [
            13,
            11.5,
            13.5,
            12
          ],
          "texture": "#0"
        },
        "east": {
          "uv": [
            12,
            8,
            15,
            8.5
          ],
          "texture": "#0"
        },
        "south": {
          "uv": [
            13,
            12,
            13.5,
            12.5
          ],
          "texture": "#0"
        },
        "west": {
          "uv": [
            12,
            8.5,
            15,
            9
          ],
          "texture": "#0"
        },
        "up": {
          "uv": [
            9.5,
            15,
            9,
            12
          ],
          "texture": "#0"
        },
        "down": {
          "uv": [
            10,
            12,
            9.5,
            15
          ],
          "texture": "#0"
        }
      }
    },
    {
      "from": [
        7,
        9,
        4
      ],
      "to": [
        9,
        11.5,
        12
      ],
      "rotation": {
        "angle": 45,
        "axis": "x",
        "origin": [
          8,
          8,
          12
        ]
      },
      "faces": {
        "north": {
          "uv": [
            10,
            12,
            11,
            13.25
          ],
          "texture": "#0"
        },
        "east": {
          "uv": [
            8,
            4,
            12,
            5.25
          ],
          "texture": "#0"
        },
        "south": {
          "uv": [
            11,
            12,
            12,
            13.25
          ],
          "texture": "#0"
        },
        "west": {
          "uv": [
            8,
            5.5,
            12,
            6.75
          ],
          "texture": "#0"
        },
        "up": {
          "uv": [
            9,
            14,
            8,
            10
          ],
          "texture": "#0"
        }
      }
    },
    {
      "from": [
        7.25,
        7.75,
        3.5
      ],
      "to": [
        8.75,
        10,
        4.25
      ],
      "rotation": {
        "angle": 45,
        "axis": "x",
        "origin": [
          8,
          8,
          12
        ]
      },
      "faces": {
        "north": {
          "uv": [
            1.5,
            12.5,
            2.25,
            13.75
          ],
          "texture": "#0"
        },
        "east": {
          "uv": [
            4.5,
            12.5,
            5,
            13.75
          ],
          "texture": "#0"
        },
        "south": {
          "uv": [
            12.5,
            1.5,
            13.25,
            2.75
          ],
          "texture": "#0"
        },
        "west": {
          "uv": [
            5,
            12.5,
            5.5,
            13.75
          ],
          "texture": "#0"
        },
        "up": {
          "uv": [
            6.25,
            13,
            5.5,
            12.5
          ],
          "texture": "#0"
        },
        "down": {
          "uv": [
            13.25,
            6,
            12.5,
            6.5
          ],
          "texture": "#0"
        }
      }
    },
    {
      "from": [
        4,
        8,
        5
      ],
      "to": [
        5,
        9,
        11
      ],
      "rotation": {
        "angle": 45,
        "axis": "x",
        "origin": [
          8,
          8,
          12
        ]
      },
      "faces": {
        "north": {
          "uv": [
            13.5,
            10,
            13,
            10.5
          ],
          "texture": "#0"
        },
        "east": {
          "uv": [
            15,
            4.5,
            12,
            5
          ],
          "texture": "#0"
        },
        "south": {
          "uv": [
            13.5,
            10.5,
            13,
            11
          ],
          "texture": "#0"
        },
        "west": {
          "uv": [
            7.5,
            12,
            4.5,
            12.5
          ],
          "texture": "#0"
        },
        "up": {
          "uv": [
            12,
            8,
            12.5,
            5
          ],
          "texture": "#0"
        },
        "down": {
          "uv": [
            7.5,
            12,
            8,
            15
          ],
          "texture": "#0"
        }
      }
    },
    {
      "from": [
        4,
        8,
        11
      ],
      "to": [
        12,
        9,
        12
      ],
      "rotation": {
        "angle": 45,
        "axis": "x",
        "origin": [
          8,
          8,
          12
        ]
      },
      "faces": {
        "north": {
          "uv": [
            13,
            11.5,
            9,
            12
          ],
          "texture": "#0"
        },
        "east": {
          "uv": [
            13.5,
            9,
            13,
            9.5
          ],
          "texture": "#0"
        },
        "south": {
          "uv": [
            8,
            15.25,
            4,
            15.75
          ],
          "texture": "#0"
        },
        "west": {
          "uv": [
            13.5,
            9.5,
            13,
            10
          ],
          "texture": "#0"
        },
        "up": {
          "uv": [
            4,
            12,
            0,
            12.5
          ],
          "texture": "#0"
        },
        "down": {
          "uv": [
            16,
            0.5,
            12,
            0
          ],
          "texture": "#0"
        }
      }
    },
    {
      "from": [
        11,
        9,
        11
      ],
      "to": [
        12,
        11.5,
        12
      ],
      "rotation": {
        "angle": 45,
        "axis": "x",
        "origin": [
          8,
          8,
          12
        ]
      },
      "faces": {
        "north": {
          "uv": [
            13,
            3,
            12.5,
            4.25
          ],
          "texture": "#0"
        },
        "east": {
          "uv": [
            3.5,
            12.5,
            3,
            13.75
          ],
          "texture": "#0"
        },
        "south": {
          "uv": [
            3,
            12.5,
            2.5,
            13.75
          ],
          "texture": "#0"
        },
        "west": {
          "uv": [
            4,
            12.5,
            3.5,
            13.75
          ],
          "texture": "#0"
        },
        "up": {
          "uv": [
            13.5,
            11,
            13,
            11.5
          ],
          "texture": "#0"
        }
      }
    },
    {
      "from": [
        4,
        9,
        11
      ],
      "to": [
        5,
        11.5,
        12
      ],
      "rotation": {
        "angle": 45,
        "axis": "x",
        "origin": [
          8,
          8,
          12
        ]
      },
      "faces": {
        "north": {
          "uv": [
            12.5,
            3,
            13,
            4.25
          ],
          "texture": "#0"
        },
        "east": {
          "uv": [
            3.5,
            12.5,
            4,
            13.75
          ],
          "texture": "#0"
        },
        "south": {
          "uv": [
            2.5,
            12.5,
            3,
            13.75
          ],
          "texture": "#0"
        },
        "west": {
          "uv": [
            3,
            12.5,
            3.5,
            13.75
          ],
          "texture": "#0"
        },
        "up": {
          "uv": [
            13,
            11,
            13.5,
            11.5
          ],
          "texture": "#0"
        }
      }
    },
    {
      "from": [
        4,
        10.5,
        5
      ],
      "to": [
        5,
        11.5,
        11
      ],
      "rotation": {
        "angle": 45,
        "axis": "x",
        "origin": [
          8,
          8,
          12
        ]
      },
      "faces": {
        "north": {
          "uv": [
            13.5,
            11.5,
            13,
            12
          ],
          "texture": "#0"
        },
        "east": {
          "uv": [
            15,
            8.5,
            12,
            9
          ],
          "texture": "#0"
        },
        "south": {
          "uv": [
            13.5,
            12,
            13,
            12.5
          ],
          "texture": "#0"
        },
        "west": {
          "uv": [
            15,
            8,
            12,
            8.5
          ],
          "texture": "#0"
        },
        "up": {
          "uv": [
            9,
            15,
            9.5,
            12
          ],
          "texture": "#0"
        },
        "down": {
          "uv": [
            9.5,
            12,
            10,
            15
          ],
          "texture": "#0"
        }
      }
    },
    {
      "from": [
        4,
        9,
        4
      ],
      "to": [
        5,
        11.5,
        5
      ],
      "rotation": {
        "angle": 45,
        "axis": "x",
        "origin": [
          8,
          8,
          12
        ]
      },
      "faces": {
        "north": {
          "uv": [
            3,
            12.5,
            2.5,
            13.75
          ],
          "texture": "#0"
        },
        "east": {
          "uv": [
            4,
            12.5,
            3.5,
            13.75
          ],
          "texture": "#0"
        },
        "south": {
          "uv": [
            13,
            3,
            12.5,
            4.25
          ],
          "texture": "#0"
        },
        "west": {
          "uv": [
            3.5,
            12.5,
            3,
            13.75
          ],
          "texture": "#0"
        },
        "up": {
          "uv": [
            13,
            11.5,
            13.5,
            11
          ],
          "texture": "#0"
        }
      }
    },
    {
      "from": [
        11,
        3,
        4
      ],
      "to": [
        12,
        7,
        5
      ],
      "rotation": {
        "angle": 0,
        "axis": "y",
        "origin": [
          16,
          3,
          0
        ]
      },
      "faces": {
        "north": {
          "uv": [
            12,
            12,
            12.5,
            14
          ],
          "texture": "#0"
        },
        "east": {
          "uv": [
            0,
            12.5,
            0.5,
            14.5
          ],
          "texture": "#0"
        },
        "south": {
          "uv": [
            0.5,
            12.5,
            1,
            14.5
          ],
          "texture": "#0"
        },
        "west": {
          "uv": [
            1,
            12.5,
            1.5,
            14.5
          ],
          "texture": "#0"
        },
        "up": {
          "uv": [
            13,
            8,
            12.5,
            7.5
          ],
          "texture": "#0"
        },
        "down": {
          "uv": [
            13.5,
            4,
            13,
            4.5
          ],
          "texture": "#0"
        }
      }
    },
    {
      "from": [
        4.25,
        3.5,
        4.25
      ],
      "to": [
        11.75,
        7,
        11.75
      ],
      "rotation": {
        "angle": 0,
        "axis": "y",
        "origin": [
          16,
          3,
          0
        ]
      },
      "faces": {
        "north": {
          "uv": [
            0,
            8,
            3.75,
            9.75
          ],
          "texture": "#0"
        },
        "east": {
          "uv": [
            8,
            0,
            11.75,
            1.75
          ],
          "texture": "#0"
        },
        "south": {
          "uv": [
            8,
            2,
            11.75,
            3.75
          ],
          "texture": "#0"
        },
        "west": {
          "uv": [
            4,
            8,
            7.75,
            9.75
          ],
          "texture": "#0"
        },
        "up": {
          "uv": [
            3.75,
            3.75,
            0,
            0
          ],
          "texture": "#0"
        },
        "down": {
          "uv": [
            3.75,
            4,
            0,
            7.75
          ],
          "texture": "#0"
        }
      }
    },
    {
      "from": [
        4,
        7,
        4
      ],
      "to": [
        12,
        8,
        5
      ],
      "rotation": {
        "angle": 0,
        "axis": "z",
        "origin": [
          10,
          7.5,
          4.5
        ]
      },
      "faces": {
        "north": {
          "uv": [
            9,
            10,
            13,
            10.5
          ],
          "texture": "#0"
        },
        "east": {
          "uv": [
            6,
            13,
            6.5,
            13.5
          ],
          "texture": "#0"
        },
        "south": {
          "uv": [
            9,
            10.5,
            13,
            11
          ],
          "texture": "#0"
        },
        "west": {
          "uv": [
            13,
            6.5,
            13.5,
            7
          ],
          "texture": "#0"
        },
        "up": {
          "uv": [
            13,
            11.5,
            9,
            11
          ],
          "texture": "#0"
        },
        "down": {
          "uv": [
            4,
            11.5,
            0,
            12
          ],
          "texture": "#0"
        }
      }
    },
    {
      "from": [
        11,
        7,
        5
      ],
      "to": [
        12,
        8,
        11
      ],
      "rotation": {
        "angle": 0,
        "axis": "y",
        "origin": [
          8,
          7.5,
          8
        ]
      },
      "faces": {
        "north": {
          "uv": [
            13,
            7,
            13.5,
            7.5
          ],
          "texture": "#0"
        },
        "east": {
          "uv": [
            12,
            0.5,
            15,
            1
          ],
          "texture": "#0"
        },
        "south": {
          "uv": [
            13,
            7.5,
            13.5,
            8
          ],
          "texture": "#0"
        },
        "west": {
          "uv": [
            12,
            1,
            15,
            1.5
          ],
          "texture": "#0"
        },
        "up": {
          "uv": [
            12.5,
            4.5,
            12,
            1.5
          ],
          "texture": "#0"
        },
        "down": {
          "uv": [
            4.5,
            12,
            4,
            15
          ],
          "texture": "#0"
        }
      }
    },
    {
      "from": [
        4,
        3,
        4
      ],
      "to": [
        5,
        7,
        5
      ],
      "rotation": {
        "angle": 0,
        "axis": "y",
        "origin": [
          0,
          3,
          0
        ]
      },
      "faces": {
        "north": {
          "uv": [
            12.5,
            12,
            12,
            14
          ],
          "texture": "#0"
        },
        "east": {
          "uv": [
            1.5,
            12.5,
            1,
            14.5
          ],
          "texture": "#0"
        },
        "south": {
          "uv": [
            1,
            12.5,
            0.5,
            14.5
          ],
          "texture": "#0"
        },
        "west": {
          "uv": [
            0.5,
            12.5,
            0,
            14.5
          ],
          "texture": "#0"
        },
        "up": {
          "uv": [
            12.5,
            8,
            13,
            7.5
          ],
          "texture": "#0"
        },
        "down": {
          "uv": [
            13,
            4,
            13.5,
            4.5
          ],
          "texture": "#0"
        }
      }
    },
    {
      "from": [
        11,
        3,
        11
      ],
      "to": [
        12,
        7,
        12
      ],
      "rotation": {
        "angle": 0,
        "axis": "y",
        "origin": [
          16,
          3,
          16
        ]
      },
      "faces": {
        "north": {
          "uv": [
            1,
            12.5,
            0.5,
            14.5
          ],
          "texture": "#0"
        },
        "east": {
          "uv": [
            0.5,
            12.5,
            0,
            14.5
          ],
          "texture": "#0"
        },
        "south": {
          "uv": [
            12.5,
            12,
            12,
            14
          ],
          "texture": "#0"
        },
        "west": {
          "uv": [
            1.5,
            12.5,
            1,
            14.5
          ],
          "texture": "#0"
        },
        "up": {
          "uv": [
            13,
            7.5,
            12.5,
            8
          ],
          "texture": "#0"
        },
        "down": {
          "uv": [
            13.5,
            4.5,
            13,
            4
          ],
          "texture": "#0"
        }
      }
    },
    {
      "from": [
        4,
        3,
        11
      ],
      "to": [
        5,
        7,
        12
      ],
      "rotation": {
        "angle": 0,
        "axis": "y",
        "origin": [
          0,
          3,
          16
        ]
      },
      "faces": {
        "north": {
          "uv": [
            0.5,
            12.5,
            1,
            14.5
          ],
          "texture": "#0"
        },
        "east": {
          "uv": [
            1,
            12.5,
            1.5,
            14.5
          ],
          "texture": "#0"
        },
        "south": {
          "uv": [
            12,
            12,
            12.5,
            14
          ],
          "texture": "#0"
        },
        "west": {
          "uv": [
            0,
            12.5,
            0.5,
            14.5
          ],
          "texture": "#0"
        },
        "up": {
          "uv": [
            12.5,
            7.5,
            13,
            8
          ],
          "texture": "#0"
        },
        "down": {
          "uv": [
            13,
            4.5,
            13.5,
            4
          ],
          "texture": "#0"
        }
      }
    },
    {
      "from": [
        4,
        7,
        11
      ],
      "to": [
        12,
        8,
        12
      ],
      "rotation": {
        "angle": 0,
        "axis": "z",
        "origin": [
          10,
          7.5,
          11.5
        ]
      },
      "faces": {
        "north": {
          "uv": [
            13,
            10.5,
            9,
            11
          ],
          "texture": "#0"
        },
        "east": {
          "uv": [
            6.5,
            13,
            6,
            13.5
          ],
          "texture": "#0"
        },
        "south": {
          "uv": [
            13,
            10,
            9,
            10.5
          ],
          "texture": "#0"
        },
        "west": {
          "uv": [
            13.5,
            6.5,
            13,
            7
          ],
          "texture": "#0"
        },
        "up": {
          "uv": [
            13,
            11,
            9,
            11.5
          ],
          "texture": "#0"
        },
        "down": {
          "uv": [
            4,
            12,
            0,
            11.5
          ],
          "texture": "#0"
        }
      }
    },
    {
      "from": [
        4,
        7,
        5
      ],
      "to": [
        5,
        8,
        11
      ],
      "rotation": {
        "angle": 0,
        "axis": "y",
        "origin": [
          8,
          7.5,
          8
        ]
      },
      "faces": {
        "north": {
          "uv": [
            13.5,
            7,
            13,
            7.5
          ],
          "texture": "#0"
        },
        "east": {
          "uv": [
            15,
            1,
            12,
            1.5
          ],
          "texture": "#0"
        },
        "south": {
          "uv": [
            13.5,
            7.5,
            13,
            8
          ],
          "texture": "#0"
        },
        "west": {
          "uv": [
            15,
            0.5,
            12,
            1
          ],
          "texture": "#0"
        },
        "up": {
          "uv": [
            12,
            4.5,
            12.5,
            1.5
          ],
          "texture": "#0"
        },
        "down": {
          "uv": [
            4,
            12,
            4.5,
            15
          ],
          "texture": "#0"
        }
      }
    },
    {
      "from": [
        9,
        12.40072,
        7.78994
      ],
      "to": [
        11,
        14.90072,
        7.78994
      ],
      "rotation": {
        "angle": 45,
        "axis": "x",
        "origin": [
          10,
          14.27522,
          9.78994
        ]
      },
      "faces": {
        "north": {
          "uv": [
            4,
            0,
            8,
            5
          ],
          "texture": "#1"
        }
      }
    },
    {
      "from": [
        9,
        8.3417,
        13.59028
      ],
      "to": [
        11,
        10.8417,
        13.59028
      ],
      "rotation": {
        "angle": 45,
        "axis": "x",
        "origin": [
          10,
          9.5917,
          13.59028
        ]
      },
      "faces": {
        "south": {
          "uv": [
            8,
            0,
            4,
            5
          ],
          "texture": "#1"
        }
      }
    },
    {
      "from": [
        9,
        14.89972,
        7.78994
      ],
      "to": [
        11,
        14.89972,
        15.78994
      ],
      "rotation": {
        "angle": 45,
        "axis": "x",
        "origin": [
          10,
          14.27522,
          9.78994
        ]
      },
      "faces": {
        "up": {
          "uv": [
            4,
            16,
            0,
            0
          ],
          "texture": "#1"
        }
      }
    },
    {
      "from": [
        5,
        8.3417,
        13.59028
      ],
      "to": [
        7,
        10.8417,
        13.59028
      ],
      "rotation": {
        "angle": 45,
        "axis": "x",
        "origin": [
          6,
          9.5917,
          13.59028
        ]
      },
      "faces": {
        "south": {
          "uv": [
            4,
            0,
            8,
            5
          ],
          "texture": "#1"
        }
      }
    },
    {
      "from": [
        5,
        14.89972,
        7.78994
      ],
      "to": [
        7,
        14.89972,
        15.78994
      ],
      "rotation": {
        "angle": 45,
        "axis": "x",
        "origin": [
          6,
          14.27522,
          9.78994
        ]
      },
      "faces": {
        "up": {
          "uv": [
            0,
            16,
            4,
            0
          ],
          "texture": "#1"
        }
      }
    },
    {
      "from": [
        5,
        12.40072,
        7.78994
      ],
      "to": [
        7,
        14.90072,
        7.78994
      ],
      "rotation": {
        "angle": 45,
        "axis": "x",
        "origin": [
          6,
          14.27522,
          9.78994
        ]
      },
      "faces": {
        "north": {
          "uv": [
            8,
            0,
            4,
            5
          ],
          "texture": "#1"
        }
      }
    }
  ],
  "gui_light": "front",
  "display": {
    "thirdperson_righthand": {
      "rotation": [
        61,
        0,
        0
      ],
      "translation": [
        0,
        2.75,
        1.75
      ],
      "scale": [
        0.67578,
        0.67578,
        0.67578
      ]
    },
    "thirdperson_lefthand": {
      "rotation": [
        61,
        0,
        0
      ],
      "translation": [
        0,
        2.75,
        1.75
      ],
      "scale": [
        0.67578,
        0.67578,
        0.67578
      ]
    },
    "firstperson_righthand": {
      "rotation": [
        161,
        0,
        -180
      ],
      "translation": [
        -2,
        3.5,
        0
      ]
    },
    "firstperson_lefthand": {
      "rotation": [
        161,
        0,
        -180
      ],
      "translation": [
        -2,
        3.5,
        0
      ]
    },
    "ground": {
      "translation": [
        0,
        5.5,
        0
      ]
    },
    "gui": {
      "rotation": [
        0,
        144,
        0
      ],
      "translation": [
        0,
        -2.5,
        0
      ],
      "scale": [
        1.48242,
        1.48242,
        1.48242
      ]
    },
    "head": {
      "rotation": [
        0,
        180,
        0
      ],
      "translation": [
        0,
        -30,
        0
      ],
      "scale": [
        2.6582,
        2.6582,
        2.6582
      ]
    },
    "fixed": {
      "rotation": [
        -90,
        0,
        0
      ],
      "translation": [
        0,
        0,
        -17.25
      ],
      "scale": [
        3.85938,
        3.85938,
        3.85938
      ]
    }
  },
  "groups": [
    {
      "name": "group",
      "origin": [
        6,
        4.5,
        4.5
      ],
      "color": 0,
      "children": [
        0,
        1,
        2,
        3,
        4,
        5,
        6,
        7,
        8,
        9,
        10,
        11,
        12
      ]
    },
    {
      "name": "group",
      "origin": [
        8,
        4.5,
        8
      ],
      "color": 0,
      "children": [
        13,
        14,
        15,
        16,
        17,
        18,
        19,
        20,
        21
      ]
    },
    22,
    23,
    24,
    25,
    26,
    27
  ]
}