{
  "credit": "MadebyPolygonMC",
  "textures": {
    "1": "noraset:hoe",
    "2": "noraset:animations/animations_1",
    "particle": "noraset:hoe"
  },
  "elements": [
    {
      "from": [
        7.5,
        1,
        7.5
      ],
      "to": [
        8.5,
        2,
        8.5
      ],
      "rotation": {
        "angle": 0,
        "axis": "y",
        "origin": [
          7.5,
          0,
          7.5
        ]
      },
      "faces": {
        "north": {
          "uv": [
            5,
            3,
            6,
            4
          ],
          "texture": "#1"
        },
        "east": {
          "uv": [
            7,
            2,
            8,
            3
          ],
          "texture": "#1"
        },
        "south": {
          "uv": [
            11,
            5,
            12,
            6
          ],
          "texture": "#1"
        },
        "west": {
          "uv": [
            10,
            11,
            11,
            12
          ],
          "texture": "#1"
        },
        "up": {
          "uv": [
            12,
            12,
            11,
            11
          ],
          "texture": "#1"
        },
        "down": {
          "uv": [
            1,
            12,
            0,
            13
          ],
          "texture": "#1"
        }
      }
    },
    {
      "from": [
        7.4,
        0.5,
        7.4
      ],
      "to": [
        8.6,
        1,
        8.6
      ],
      "rotation": {
        "angle": 0,
        "axis": "y",
        "origin": [
          7.5,
          -1,
          7.5
        ]
      },
      "faces": {
        "north": {
          "uv": [
            4,
            14,
            5,
            14.5
          ],
          "texture": "#1"
        },
        "east": {
          "uv": [
            5,
            14,
            6,
            14.5
          ],
          "texture": "#1"
        },
        "south": {
          "uv": [
            14,
            5,
            15,
            5.5
          ],
          "texture": "#1"
        },
        "west": {
          "uv": [
            6,
            14,
            7,
            14.5
          ],
          "texture": "#1"
        },
        "up": {
          "uv": [
            2,
            13,
            1,
            12
          ],
          "texture": "#1"
        },
        "down": {
          "uv": [
            3,
            12,
            2,
            13
          ],
          "texture": "#1"
        }
      }
    },
    {
      "from": [
        7.4,
        10.2,
        7.4
      ],
      "to": [
        8.6,
        10.95,
        8.6
      ],
      "rotation": {
        "angle": 0,
        "axis": "y",
        "origin": [
          7.5,
          8.7,
          7.5
        ]
      },
      "faces": {
        "north": {
          "uv": [
            3,
            12,
            4,
            13
          ],
          "texture": "#1"
        },
        "east": {
          "uv": [
            4,
            12,
            5,
            13
          ],
          "texture": "#1"
        },
        "south": {
          "uv": [
            5,
            12,
            6,
            13
          ],
          "texture": "#1"
        },
        "west": {
          "uv": [
            12,
            5,
            13,
            6
          ],
          "texture": "#1"
        },
        "up": {
          "uv": [
            13,
            7,
            12,
            6
          ],
          "texture": "#1"
        },
        "down": {
          "uv": [
            13,
            7,
            12,
            8
          ],
          "texture": "#1"
        }
      }
    },
    {
      "from": [
        7.47,
        -0.28,
        7.47
      ],
      "to": [
        8.53,
        0.78,
        8.53
      ],
      "rotation": {
        "angle": -45,
        "axis": "x",
        "origin": [
          8,
          0.25,
          8
        ]
      },
      "faces": {
        "north": {
          "uv": [
            12,
            8,
            13,
            9
          ],
          "texture": "#1"
        },
        "east": {
          "uv": [
            12,
            9,
            13,
            10
          ],
          "texture": "#1"
        },
        "south": {
          "uv": [
            10,
            12,
            11,
            13
          ],
          "texture": "#1"
        },
        "west": {
          "uv": [
            12,
            10,
            13,
            11
          ],
          "texture": "#1"
        },
        "up": {
          "uv": [
            12,
            13,
            11,
            12
          ],
          "texture": "#1"
        },
        "down": {
          "uv": [
            13,
            11,
            12,
            12
          ],
          "texture": "#1"
        }
      }
    },
    {
      "from": [
        7.4,
        2,
        7.4
      ],
      "to": [
        8.6,
        3.2,
        8.6
      ],
      "rotation": {
        "angle": 0,
        "axis": "y",
        "origin": [
          7.5,
          0.1,
          7.5
        ]
      },
      "faces": {
        "north": {
          "uv": [
            12,
            12,
            13,
            13
          ],
          "texture": "#1"
        },
        "east": {
          "uv": [
            0,
            13,
            1,
            14
          ],
          "texture": "#1"
        },
        "south": {
          "uv": [
            13,
            0,
            14,
            1
          ],
          "texture": "#1"
        },
        "west": {
          "uv": [
            1,
            13,
            2,
            14
          ],
          "texture": "#1"
        },
        "up": {
          "uv": [
            14,
            2,
            13,
            1
          ],
          "texture": "#1"
        },
        "down": {
          "uv": [
            3,
            13,
            2,
            14
          ],
          "texture": "#1"
        }
      }
    },
    {
      "from": [
        7.5,
        3.2,
        7.5
      ],
      "to": [
        8.5,
        5.2,
        8.5
      ],
      "rotation": {
        "angle": 0,
        "axis": "y",
        "origin": [
          7.5,
          0.2,
          7.5
        ]
      },
      "faces": {
        "north": {
          "uv": [
            8,
            4,
            9,
            6
          ],
          "texture": "#1"
        },
        "east": {
          "uv": [
            8,
            6,
            9,
            8
          ],
          "texture": "#1"
        },
        "south": {
          "uv": [
            8,
            8,
            9,
            10
          ],
          "texture": "#1"
        },
        "west": {
          "uv": [
            9,
            0,
            10,
            2
          ],
          "texture": "#1"
        },
        "up": {
          "uv": [
            14,
            3,
            13,
            2
          ],
          "texture": "#1"
        },
        "down": {
          "uv": [
            4,
            13,
            3,
            14
          ],
          "texture": "#1"
        }
      }
    },
    {
      "from": [
        7.5,
        7.2,
        7.5
      ],
      "to": [
        8.5,
        9.2,
        8.5
      ],
      "rotation": {
        "angle": 0,
        "axis": "y",
        "origin": [
          7.5,
          6.2,
          7.5
        ]
      },
      "faces": {
        "north": {
          "uv": [
            4,
            9,
            5,
            11
          ],
          "texture": "#1"
        },
        "east": {
          "uv": [
            9,
            4,
            10,
            6
          ],
          "texture": "#1"
        },
        "south": {
          "uv": [
            5,
            9,
            6,
            11
          ],
          "texture": "#1"
        },
        "west": {
          "uv": [
            6,
            9,
            7,
            11
          ],
          "texture": "#1"
        },
        "up": {
          "uv": [
            14,
            4,
            13,
            3
          ],
          "texture": "#1"
        },
        "down": {
          "uv": [
            5,
            13,
            4,
            14
          ],
          "texture": "#1"
        }
      }
    },
    {
      "from": [
        7.6,
        9.2,
        7.6
      ],
      "to": [
        8.4,
        10.2,
        8.4
      ],
      "rotation": {
        "angle": 0,
        "axis": "y",
        "origin": [
          7.5,
          8.2,
          7.5
        ]
      },
      "faces": {
        "north": {
          "uv": [
            13,
            4,
            14,
            5
          ],
          "texture": "#1"
        },
        "east": {
          "uv": [
            5,
            13,
            6,
            14
          ],
          "texture": "#1"
        },
        "south": {
          "uv": [
            13,
            5,
            14,
            6
          ],
          "texture": "#1"
        },
        "west": {
          "uv": [
            13,
            6,
            14,
            7
          ],
          "texture": "#1"
        },
        "up": {
          "uv": [
            14,
            8,
            13,
            7
          ],
          "texture": "#1"
        },
        "down": {
          "uv": [
            14,
            8,
            13,
            9
          ],
          "texture": "#1"
        }
      }
    },
    {
      "from": [
        7.6,
        5.2,
        7.6
      ],
      "to": [
        8.4,
        7.2,
        8.4
      ],
      "rotation": {
        "angle": 0,
        "axis": "y",
        "origin": [
          7.5,
          2.2,
          7.5
        ]
      },
      "faces": {
        "north": {
          "uv": [
            9,
            6,
            10,
            8
          ],
          "texture": "#1"
        },
        "east": {
          "uv": [
            7,
            9,
            8,
            11
          ],
          "texture": "#1"
        },
        "south": {
          "uv": [
            9,
            8,
            10,
            10
          ],
          "texture": "#1"
        },
        "west": {
          "uv": [
            0,
            10,
            1,
            12
          ],
          "texture": "#1"
        },
        "up": {
          "uv": [
            14,
            10,
            13,
            9
          ],
          "texture": "#1"
        },
        "down": {
          "uv": [
            11,
            13,
            10,
            14
          ],
          "texture": "#1"
        }
      }
    },
    {
      "from": [
        7.25,
        10.75,
        8
      ],
      "to": [
        8.75,
        12.75,
        10
      ],
      "rotation": {
        "angle": -45,
        "axis": "x",
        "origin": [
          7.5,
          10.75,
          8
        ]
      },
      "faces": {
        "north": {
          "uv": [
            0,
            6,
            1.5,
            8
          ],
          "texture": "#1"
        },
        "east": {
          "uv": [
            3,
            0,
            5,
            2
          ],
          "texture": "#1"
        },
        "south": {
          "uv": [
            2,
            6,
            3.5,
            8
          ],
          "texture": "#1"
        },
        "west": {
          "uv": [
            3,
            2,
            5,
            4
          ],
          "texture": "#1"
        },
        "up": {
          "uv": [
            7.5,
            5,
            6,
            3
          ],
          "texture": "#1"
        },
        "down": {
          "uv": [
            7.5,
            5,
            6,
            7
          ],
          "texture": "#1"
        }
      }
    },
    {
      "from": [
        7,
        11,
        8.25
      ],
      "to": [
        9,
        12.5,
        9.75
      ],
      "rotation": {
        "angle": -45,
        "axis": "x",
        "origin": [
          7.5,
          10.75,
          8
        ]
      },
      "faces": {
        "north": {
          "uv": [
            7,
            0,
            9,
            1.5
          ],
          "texture": "#1"
        },
        "east": {
          "uv": [
            2,
            8,
            3.5,
            9.5
          ],
          "texture": "#1"
        },
        "south": {
          "uv": [
            4,
            7,
            6,
            8.5
          ],
          "texture": "#1"
        },
        "west": {
          "uv": [
            8,
            2,
            9.5,
            3.5
          ],
          "texture": "#1"
        },
        "up": {
          "uv": [
            8,
            8.5,
            6,
            7
          ],
          "texture": "#1"
        },
        "down": {
          "uv": [
            2,
            8,
            0,
            9.5
          ],
          "texture": "#1"
        }
      }
    },
    {
      "from": [
        7.35,
        10.55,
        7.4
      ],
      "to": [
        8.65,
        11.75,
        8.6
      ],
      "rotation": {
        "angle": -45,
        "axis": "x",
        "origin": [
          8,
          11.15,
          8
        ]
      },
      "faces": {
        "north": {
          "uv": [
            10,
            6,
            11.5,
            7
          ],
          "texture": "#1"
        },
        "east": {
          "uv": [
            13,
            10,
            14,
            11
          ],
          "texture": "#1"
        },
        "south": {
          "uv": [
            10,
            7,
            11.5,
            8
          ],
          "texture": "#1"
        },
        "west": {
          "uv": [
            11,
            13,
            12,
            14
          ],
          "texture": "#1"
        },
        "up": {
          "uv": [
            9.5,
            11,
            8,
            10
          ],
          "texture": "#1"
        },
        "down": {
          "uv": [
            11.5,
            8,
            10,
            9
          ],
          "texture": "#1"
        }
      }
    },
    {
      "from": [
        7.2,
        10.75,
        7.6
      ],
      "to": [
        8.8,
        11.55,
        8.4
      ],
      "rotation": {
        "angle": -45,
        "axis": "x",
        "origin": [
          8,
          11.15,
          8
        ]
      },
      "faces": {
        "north": {
          "uv": [
            10,
            9,
            11.5,
            10
          ],
          "texture": "#1"
        },
        "east": {
          "uv": [
            13,
            11,
            14,
            12
          ],
          "texture": "#1"
        },
        "south": {
          "uv": [
            10,
            10,
            11.5,
            11
          ],
          "texture": "#1"
        },
        "west": {
          "uv": [
            12,
            13,
            13,
            14
          ],
          "texture": "#1"
        },
        "up": {
          "uv": [
            12.5,
            1,
            11,
            0
          ],
          "texture": "#1"
        },
        "down": {
          "uv": [
            12.5,
            1,
            11,
            2
          ],
          "texture": "#1"
        }
      }
    },
    {
      "from": [
        7.235,
        11.82446,
        9.7724
      ],
      "to": [
        8.765,
        12.98446,
        10.3524
      ],
      "rotation": {
        "angle": -45,
        "axis": "x",
        "origin": [
          7.71,
          12.98446,
          9.7724
        ]
      },
      "faces": {
        "north": {
          "uv": [
            11,
            2,
            12.5,
            3
          ],
          "texture": "#1"
        },
        "east": {
          "uv": [
            14,
            6,
            14.5,
            7
          ],
          "texture": "#1"
        },
        "south": {
          "uv": [
            11,
            3,
            12.5,
            4
          ],
          "texture": "#1"
        },
        "west": {
          "uv": [
            7,
            14,
            7.5,
            15
          ],
          "texture": "#1"
        },
        "up": {
          "uv": [
            15.5,
            0.5,
            14,
            0
          ],
          "texture": "#1"
        }
      }
    },
    {
      "from": [
        7.235,
        12.50397,
        9.7724
      ],
      "to": [
        8.765,
        13.08397,
        10.3524
      ],
      "rotation": {
        "angle": 45,
        "axis": "x",
        "origin": [
          7.71,
          11.34397,
          9.7724
        ]
      },
      "faces": {
        "east": {
          "uv": [
            9,
            14,
            9.5,
            14.5
          ],
          "texture": "#1"
        },
        "south": {
          "uv": [
            1,
            14,
            2.5,
            14.5
          ],
          "texture": "#1"
        },
        "west": {
          "uv": [
            14,
            9,
            14.5,
            9.5
          ],
          "texture": "#1"
        },
        "up": {
          "uv": [
            15.5,
            1.5,
            14,
            1
          ],
          "texture": "#1"
        }
      }
    },
    {
      "from": [
        7.235,
        11.34397,
        9.7724
      ],
      "to": [
        8.765,
        12.50397,
        10.3524
      ],
      "rotation": {
        "angle": 45,
        "axis": "x",
        "origin": [
          7.71,
          11.34397,
          9.7724
        ]
      },
      "faces": {
        "north": {
          "uv": [
            4,
            11,
            5.5,
            12
          ],
          "texture": "#1"
        },
        "east": {
          "uv": [
            14,
            7,
            14.5,
            8
          ],
          "texture": "#1"
        },
        "south": {
          "uv": [
            11,
            4,
            12.5,
            5
          ],
          "texture": "#1"
        },
        "west": {
          "uv": [
            8,
            14,
            8.5,
            15
          ],
          "texture": "#1"
        },
        "down": {
          "uv": [
            15.5,
            2,
            14,
            2.5
          ],
          "texture": "#1"
        }
      }
    },
    {
      "from": [
        7.5,
        11.16421,
        8.60133
      ],
      "to": [
        8.5,
        13.16421,
        10.60133
      ],
      "rotation": {
        "angle": 45,
        "axis": "x",
        "origin": [
          8,
          12.16421,
          9.60133
        ]
      },
      "faces": {
        "north": {
          "uv": [
            10,
            0,
            11,
            2
          ],
          "texture": "#1"
        },
        "east": {
          "uv": [
            0,
            4,
            2,
            6
          ],
          "texture": "#1"
        },
        "south": {
          "uv": [
            1,
            10,
            2,
            12
          ],
          "texture": "#1"
        },
        "west": {
          "uv": [
            2,
            4,
            4,
            6
          ],
          "texture": "#1"
        },
        "up": {
          "uv": [
            3,
            12,
            2,
            10
          ],
          "texture": "#1"
        },
        "down": {
          "uv": [
            11,
            2,
            10,
            4
          ],
          "texture": "#1"
        }
      }
    },
    {
      "from": [
        7.5,
        11.16421,
        5.39867
      ],
      "to": [
        8.5,
        13.16421,
        7.39867
      ],
      "rotation": {
        "angle": -45,
        "axis": "x",
        "origin": [
          8,
          12.16421,
          6.39867
        ]
      },
      "faces": {
        "north": {
          "uv": [
            2,
            10,
            1,
            12
          ],
          "texture": "#1"
        },
        "east": {
          "uv": [
            2,
            4,
            0,
            6
          ],
          "texture": "#1"
        },
        "south": {
          "uv": [
            11,
            0,
            10,
            2
          ],
          "texture": "#1"
        },
        "west": {
          "uv": [
            4,
            4,
            2,
            6
          ],
          "texture": "#1"
        },
        "up": {
          "uv": [
            3,
            10,
            2,
            12
          ],
          "texture": "#1"
        },
        "down": {
          "uv": [
            11,
            4,
            10,
            2
          ],
          "texture": "#1"
        }
      }
    },
    {
      "from": [
        7.235,
        11.34397,
        5.6476
      ],
      "to": [
        8.765,
        12.50397,
        6.2276
      ],
      "rotation": {
        "angle": -45,
        "axis": "x",
        "origin": [
          7.71,
          11.34397,
          6.2276
        ]
      },
      "faces": {
        "north": {
          "uv": [
            12.5,
            4,
            11,
            5
          ],
          "texture": "#1"
        },
        "east": {
          "uv": [
            14.5,
            7,
            14,
            8
          ],
          "texture": "#1"
        },
        "south": {
          "uv": [
            5.5,
            11,
            4,
            12
          ],
          "texture": "#1"
        },
        "west": {
          "uv": [
            8.5,
            14,
            8,
            15
          ],
          "texture": "#1"
        },
        "down": {
          "uv": [
            15.5,
            2.5,
            14,
            2
          ],
          "texture": "#1"
        }
      }
    },
    {
      "from": [
        7.235,
        11.82446,
        5.6476
      ],
      "to": [
        8.765,
        12.98446,
        6.2276
      ],
      "rotation": {
        "angle": 45,
        "axis": "x",
        "origin": [
          7.71,
          12.98446,
          6.2276
        ]
      },
      "faces": {
        "north": {
          "uv": [
            12.5,
            3,
            11,
            4
          ],
          "texture": "#1"
        },
        "east": {
          "uv": [
            14.5,
            6,
            14,
            7
          ],
          "texture": "#1"
        },
        "south": {
          "uv": [
            12.5,
            2,
            11,
            3
          ],
          "texture": "#1"
        },
        "west": {
          "uv": [
            7.5,
            14,
            7,
            15
          ],
          "texture": "#1"
        },
        "up": {
          "uv": [
            15.5,
            0,
            14,
            0.5
          ],
          "texture": "#1"
        }
      }
    },
    {
      "from": [
        7.235,
        12.50397,
        5.6476
      ],
      "to": [
        8.765,
        13.08397,
        6.2276
      ],
      "rotation": {
        "angle": -45,
        "axis": "x",
        "origin": [
          7.71,
          11.34397,
          6.2276
        ]
      },
      "faces": {
        "north": {
          "uv": [
            2.5,
            14,
            1,
            14.5
          ],
          "texture": "#1"
        },
        "east": {
          "uv": [
            9.5,
            14,
            9,
            14.5
          ],
          "texture": "#1"
        },
        "west": {
          "uv": [
            14.5,
            9,
            14,
            9.5
          ],
          "texture": "#1"
        },
        "up": {
          "uv": [
            15.5,
            1,
            14,
            1.5
          ],
          "texture": "#1"
        }
      }
    },
    {
      "from": [
        7.65,
        10.375,
        3.3
      ],
      "to": [
        8.35,
        11.925,
        6.3
      ],
      "rotation": {
        "angle": -22.5,
        "axis": "x",
        "origin": [
          8,
          10.58394,
          2.98103
        ]
      },
      "faces": {
        "north": {
          "uv": [
            3,
            14,
            3.5,
            15.5
          ],
          "texture": "#1"
        },
        "east": {
          "uv": [
            0,
            0,
            3,
            1.5
          ],
          "texture": "#1"
        },
        "west": {
          "uv": [
            0,
            2,
            3,
            3.5
          ],
          "texture": "#1"
        },
        "up": {
          "uv": [
            6.5,
            14,
            6,
            11
          ],
          "texture": "#1"
        },
        "down": {
          "uv": [
            7.5,
            11,
            7,
            14
          ],
          "texture": "#1"
        }
      }
    },
    {
      "from": [
        7.701,
        9.31362,
        2.36333
      ],
      "to": [
        8.299,
        11.59362,
        3.71133
      ],
      "rotation": {
        "angle": 22.5,
        "axis": "x",
        "origin": [
          8,
          10.76587,
          3.44613
        ]
      },
      "faces": {
        "north": {
          "uv": [
            8,
            11,
            8.5,
            13.5
          ],
          "texture": "#1"
        },
        "east": {
          "uv": [
            4,
            4,
            5.5,
            6.5
          ],
          "texture": "#1"
        },
        "south": {
          "uv": [
            9,
            11,
            9.5,
            13.5
          ],
          "texture": "#1"
        },
        "west": {
          "uv": [
            5,
            0,
            6.5,
            2.5
          ],
          "texture": "#1"
        },
        "down": {
          "uv": [
            14.5,
            3,
            14,
            4.5
          ],
          "texture": "#1"
        }
      }
    },
    {
      "from": [
        7.74464,
        8.12827,
        2.13074
      ],
      "to": [
        8.25536,
        10.08747,
        3.11646
      ],
      "rotation": {
        "angle": -22.5,
        "axis": "x",
        "origin": [
          8,
          9.35787,
          2.6361
        ]
      },
      "faces": {
        "north": {
          "uv": [
            13,
            12,
            13.5,
            14
          ],
          "texture": "#1"
        },
        "east": {
          "uv": [
            3,
            10,
            4,
            12
          ],
          "texture": "#1"
        },
        "south": {
          "uv": [
            0,
            14,
            0.5,
            16
          ],
          "texture": "#1"
        },
        "west": {
          "uv": [
            10,
            4,
            11,
            6
          ],
          "texture": "#1"
        },
        "down": {
          "uv": [
            14.5,
            8,
            14,
            9
          ],
          "texture": "#1"
        }
      }
    },
    {
      "from": [
        7.15,
        8.5,
        3
      ],
      "to": [
        7.15,
        15.5,
        8
      ],
      "rotation": {
        "angle": 45,
        "axis": "x",
        "origin": [
          7.4,
          12.5,
          4.5
        ]
      },
      "faces": {
        "west": {
          "uv": [
            0,
            0,
            11,
            15
          ],
          "texture": "#2"
        }
      }
    },
    {
      "from": [
        8.85,
        8.5,
        3
      ],
      "to": [
        8.85,
        15.5,
        8
      ],
      "rotation": {
        "angle": 45,
        "axis": "x",
        "origin": [
          8.6,
          12.5,
          4.5
        ]
      },
      "faces": {
        "east": {
          "uv": [
            11,
            0,
            0,
            15
          ],
          "texture": "#2"
        }
      }
    }
  ],
  "gui_light": "front",
  "display": {
    "thirdperson_righthand": {
      "translation": [
        0,
        3,
        0.75
      ]
    },
    "thirdperson_lefthand": {
      "translation": [
        0,
        3,
        0.75
      ]
    },
    "firstperson_righthand": {
      "rotation": [
        -10,
        0,
        0
      ],
      "translation": [
        -1.25,
        4.75,
        2.5
      ]
    },
    "firstperson_lefthand": {
      "rotation": [
        -10,
        0,
        0
      ],
      "translation": [
        -1.25,
        4.75,
        2.5
      ]
    },
    "ground": {
      "rotation": [
        -45,
        0,
        0
      ],
      "translation": [
        0,
        8.5,
        0
      ]
    },
    "gui": {
      "rotation": [
        -90,
        45,
        90
      ],
      "translation": [
        1,
        -1,
        0
      ],
      "scale": [
        1.20898,
        1.20898,
        1.20898
      ]
    },
    "head": {
      "scale": [
        0,
        0,
        0
      ]
    },
    "fixed": {
      "rotation": [
        0,
        -90,
        0
      ],
      "translation": [
        0,
        4.5,
        -1.25
      ],
      "scale": [
        3,
        3,
        3
      ]
    }
  }
}