{
  "credit": "MadebyPolygonMC",
  "texture_size": [
    24,
    24
  ],
  "textures": {
    "1": "noraset:animations/animations_5",
    "2": "noraset:wings",
    "3": "noraset:animations/animations_6",
    "particle": "noraset:animations/animations_5"
  },
  "elements": [
    {
      "from": [
        6.86738,
        7.13262,
        8.65963
      ],
      "to": [
        8.86738,
        9.13262,
        10.15963
      ],
      "rotation": {
        "angle": -45,
        "axis": "z",
        "origin": [
          8,
          8,
          8
        ]
      },
      "faces": {
        "north": {
          "uv": [
            8,
            6.66667,
            9.33333,
            8
          ],
          "texture": "#2"
        },
        "east": {
          "uv": [
            6.66667,
            8.66667,
            7.66667,
            10
          ],
          "texture": "#2"
        },
        "south": {
          "uv": [
            8,
            5.33333,
            9.33333,
            6.66667
          ],
          "texture": "#2"
        },
        "west": {
          "uv": [
            9.33333,
            6.66667,
            10.33333,
            8
          ],
          "texture": "#2"
        },
        "up": {
          "uv": [
            9,
            10.66667,
            8,
            9.33333
          ],
          "rotation": 90,
          "texture": "#2"
        },
        "down": {
          "uv": [
            10.33333,
            8,
            9.33333,
            9.33333
          ],
          "rotation": 270,
          "texture": "#2"
        }
      }
    },
    {
      "from": [
        7.11738,
        7.38262,
        8.40963
      ],
      "to": [
        8.61738,
        8.88262,
        10.40963
      ],
      "rotation": {
        "angle": -45,
        "axis": "z",
        "origin": [
          8,
          8,
          8
        ]
      },
      "faces": {
        "north": {
          "uv": [
            9.33333,
            11.33333,
            10.33333,
            12.33333
          ],
          "texture": "#2"
        },
        "east": {
          "uv": [
            9.33333,
            9.33333,
            10.66667,
            10.33333
          ],
          "texture": "#2"
        },
        "south": {
          "uv": [
            6,
            11.33333,
            7,
            12.33333
          ],
          "texture": "#2"
        },
        "west": {
          "uv": [
            0,
            10,
            1.33333,
            11
          ],
          "texture": "#2"
        },
        "up": {
          "uv": [
            2.66667,
            11,
            1.33333,
            10
          ],
          "rotation": 90,
          "texture": "#2"
        },
        "down": {
          "uv": [
            4,
            10,
            2.66667,
            11
          ],
          "rotation": 270,
          "texture": "#2"
        }
      }
    },
    {
      "from": [
        7.98453,
        6.81547,
        8.75963
      ],
      "to": [
        9.18453,
        8.01547,
        10.05963
      ],
      "rotation": {
        "angle": -45,
        "axis": "z",
        "origin": [
          8,
          8,
          8
        ]
      },
      "faces": {
        "north": {
          "uv": [
            2,
            13.33333,
            2.66667,
            14
          ],
          "texture": "#2"
        },
        "east": {
          "uv": [
            12,
            8.66667,
            13,
            9.33333
          ],
          "texture": "#2"
        },
        "south": {
          "uv": [
            13.33333,
            1.33333,
            14,
            2
          ],
          "texture": "#2"
        },
        "west": {
          "uv": [
            6.66667,
            12.66667,
            7.66667,
            13.33333
          ],
          "texture": "#2"
        },
        "up": {
          "uv": [
            13.66667,
            7.33333,
            12.66667,
            6.66667
          ],
          "rotation": 90,
          "texture": "#2"
        },
        "down": {
          "uv": [
            13.66667,
            7.33333,
            12.66667,
            8
          ],
          "rotation": 270,
          "texture": "#2"
        }
      }
    },
    {
      "from": [
        8.18453,
        7.01547,
        8.60963
      ],
      "to": [
        8.98453,
        7.81547,
        10.20963
      ],
      "rotation": {
        "angle": -45,
        "axis": "z",
        "origin": [
          8,
          8,
          8
        ]
      },
      "faces": {
        "north": {
          "uv": [
            2.66667,
            13.33333,
            3.33333,
            14
          ],
          "texture": "#2"
        },
        "east": {
          "uv": [
            9.33333,
            12.66667,
            10.33333,
            13.33333
          ],
          "texture": "#2"
        },
        "south": {
          "uv": [
            13.33333,
            2,
            14,
            2.66667
          ],
          "texture": "#2"
        },
        "west": {
          "uv": [
            12.66667,
            9.33333,
            13.66667,
            10
          ],
          "texture": "#2"
        },
        "up": {
          "uv": [
            13.66667,
            10.66667,
            12.66667,
            10
          ],
          "rotation": 90,
          "texture": "#2"
        },
        "down": {
          "uv": [
            11.66667,
            12.66667,
            10.66667,
            13.33333
          ],
          "rotation": 270,
          "texture": "#2"
        }
      }
    },
    {
      "from": [
        5.88961,
        8.11039,
        9.00963
      ],
      "to": [
        7.88961,
        10.11039,
        9.80963
      ],
      "rotation": {
        "angle": -45,
        "axis": "z",
        "origin": [
          8,
          8,
          8
        ]
      },
      "faces": {
        "north": {
          "uv": [
            0,
            8.66667,
            1.33333,
            10
          ],
          "texture": "#2"
        },
        "east": {
          "uv": [
            7.33333,
            11.33333,
            8,
            12.66667
          ],
          "texture": "#2"
        },
        "south": {
          "uv": [
            8,
            8,
            9.33333,
            9.33333
          ],
          "texture": "#2"
        },
        "west": {
          "uv": [
            1.33333,
            12,
            2,
            13.33333
          ],
          "texture": "#2"
        },
        "up": {
          "uv": [
            2.66667,
            13.33333,
            2,
            12
          ],
          "rotation": 90,
          "texture": "#2"
        },
        "down": {
          "uv": [
            3.33333,
            12,
            2.66667,
            13.33333
          ],
          "rotation": 270,
          "texture": "#2"
        }
      }
    },
    {
      "from": [
        10.28065,
        9.3859,
        8.89463
      ],
      "to": [
        10.86065,
        10.5459,
        9.92463
      ],
      "rotation": {
        "angle": -45,
        "axis": "z",
        "origin": [
          8,
          8,
          8
        ]
      },
      "faces": {
        "north": {
          "uv": [
            14,
            4.66667,
            14.33333,
            5.33333
          ],
          "texture": "#2"
        },
        "east": {
          "uv": [
            13.33333,
            2.66667,
            14,
            3.33333
          ],
          "texture": "#2"
        },
        "south": {
          "uv": [
            14,
            4,
            14.33333,
            4.66667
          ],
          "texture": "#2"
        },
        "west": {
          "uv": [
            3.33333,
            13.33333,
            4,
            14
          ],
          "texture": "#2"
        },
        "down": {
          "uv": [
            6,
            14,
            5.33333,
            14.33333
          ],
          "rotation": 270,
          "texture": "#2"
        }
      }
    },
    {
      "from": [
        10.28065,
        10.5459,
        8.89463
      ],
      "to": [
        10.86065,
        11.1259,
        9.92463
      ],
      "rotation": {
        "angle": -45,
        "axis": "z",
        "origin": [
          8,
          8,
          8
        ]
      },
      "faces": {
        "north": {
          "uv": [
            14.66667,
            4,
            15,
            4.33333
          ],
          "texture": "#2"
        },
        "east": {
          "uv": [
            14,
            5.33333,
            14.66667,
            5.66667
          ],
          "texture": "#2"
        },
        "south": {
          "uv": [
            4,
            14.66667,
            4.33333,
            15
          ],
          "texture": "#2"
        },
        "up": {
          "uv": [
            6.66667,
            14.33333,
            6,
            14
          ],
          "rotation": 90,
          "texture": "#2"
        }
      }
    },
    {
      "from": [
        9.70065,
        11.7059,
        8.89463
      ],
      "to": [
        10.28065,
        12.2859,
        9.92463
      ],
      "rotation": {
        "angle": -45,
        "axis": "z",
        "origin": [
          8,
          8,
          8
        ]
      },
      "faces": {
        "north": {
          "uv": [
            14.66667,
            4.66667,
            15,
            5
          ],
          "texture": "#2"
        },
        "east": {
          "uv": [
            14,
            6,
            14.66667,
            6.33333
          ],
          "texture": "#2"
        },
        "south": {
          "uv": [
            4.66667,
            14.66667,
            5,
            15
          ],
          "texture": "#2"
        },
        "up": {
          "uv": [
            14.66667,
            7,
            14,
            6.66667
          ],
          "rotation": 90,
          "texture": "#2"
        },
        "down": {
          "uv": [
            14.66667,
            7.33333,
            14,
            7.66667
          ],
          "rotation": 270,
          "texture": "#2"
        }
      }
    },
    {
      "from": [
        11.44065,
        9.9659,
        8.89463
      ],
      "to": [
        12.02065,
        10.5459,
        9.92463
      ],
      "rotation": {
        "angle": -45,
        "axis": "z",
        "origin": [
          8,
          8,
          8
        ]
      },
      "faces": {
        "north": {
          "uv": [
            14.66667,
            5.33333,
            15,
            5.66667
          ],
          "texture": "#2"
        },
        "east": {
          "uv": [
            14,
            8,
            14.66667,
            8.33333
          ],
          "texture": "#2"
        },
        "south": {
          "uv": [
            5.33333,
            14.66667,
            5.66667,
            15
          ],
          "texture": "#2"
        },
        "west": {
          "uv": [
            8.66667,
            14,
            9.33333,
            14.33333
          ],
          "texture": "#2"
        },
        "up": {
          "uv": [
            14.66667,
            9,
            14,
            8.66667
          ],
          "rotation": 90,
          "texture": "#2"
        }
      }
    },
    {
      "from": [
        9.12065,
        10.5459,
        8.89463
      ],
      "to": [
        10.28065,
        11.1259,
        9.92463
      ],
      "rotation": {
        "angle": -45,
        "axis": "z",
        "origin": [
          8,
          8,
          8
        ]
      },
      "faces": {
        "north": {
          "uv": [
            10,
            14,
            10.66667,
            14.33333
          ],
          "texture": "#2"
        },
        "south": {
          "uv": [
            9.33333,
            14,
            10,
            14.33333
          ],
          "texture": "#2"
        },
        "west": {
          "uv": [
            14,
            9.33333,
            14.66667,
            9.66667
          ],
          "texture": "#2"
        },
        "up": {
          "uv": [
            14,
            4,
            13.33333,
            3.33333
          ],
          "rotation": 90,
          "texture": "#2"
        },
        "down": {
          "uv": [
            4.66667,
            13.33333,
            4,
            14
          ],
          "rotation": 270,
          "texture": "#2"
        }
      }
    },
    {
      "from": [
        9.12065,
        11.1259,
        8.89463
      ],
      "to": [
        9.70065,
        12.2859,
        9.92463
      ],
      "rotation": {
        "angle": -45,
        "axis": "z",
        "origin": [
          8,
          8,
          8
        ]
      },
      "faces": {
        "north": {
          "uv": [
            10.66667,
            14,
            11,
            14.66667
          ],
          "texture": "#2"
        },
        "east": {
          "uv": [
            13.33333,
            4,
            14,
            4.66667
          ],
          "texture": "#2"
        },
        "south": {
          "uv": [
            14,
            10,
            14.33333,
            10.66667
          ],
          "texture": "#2"
        },
        "west": {
          "uv": [
            4.66667,
            13.33333,
            5.33333,
            14
          ],
          "texture": "#2"
        },
        "up": {
          "uv": [
            14.66667,
            11,
            14,
            10.66667
          ],
          "rotation": 90,
          "texture": "#2"
        }
      }
    },
    {
      "from": [
        10.86065,
        9.3859,
        8.89463
      ],
      "to": [
        12.02065,
        9.9659,
        9.92463
      ],
      "rotation": {
        "angle": -45,
        "axis": "z",
        "origin": [
          8,
          8,
          8
        ]
      },
      "faces": {
        "north": {
          "uv": [
            12,
            14,
            12.66667,
            14.33333
          ],
          "texture": "#2"
        },
        "east": {
          "uv": [
            11.33333,
            14,
            12,
            14.33333
          ],
          "texture": "#2"
        },
        "south": {
          "uv": [
            14,
            11.33333,
            14.66667,
            11.66667
          ],
          "texture": "#2"
        },
        "up": {
          "uv": [
            14,
            5.33333,
            13.33333,
            4.66667
          ],
          "rotation": 90,
          "texture": "#2"
        },
        "down": {
          "uv": [
            6,
            13.33333,
            5.33333,
            14
          ],
          "rotation": 270,
          "texture": "#2"
        }
      }
    },
    {
      "from": [
        9.56776,
        9.83301,
        9.15963
      ],
      "to": [
        11.56776,
        11.83301,
        9.65963
      ],
      "rotation": {
        "angle": -45,
        "axis": "z",
        "origin": [
          8,
          8,
          8
        ]
      },
      "faces": {
        "north": {
          "uv": [
            2.66667,
            8.66667,
            4,
            10
          ],
          "texture": "#2"
        },
        "east": {
          "uv": [
            13.33333,
            5.33333,
            13.66667,
            6.66667
          ],
          "texture": "#2"
        },
        "south": {
          "uv": [
            1.33333,
            8.66667,
            2.66667,
            10
          ],
          "texture": "#2"
        },
        "west": {
          "uv": [
            6.66667,
            13.33333,
            7,
            14.66667
          ],
          "texture": "#2"
        },
        "up": {
          "uv": [
            7.66667,
            14.66667,
            7.33333,
            13.33333
          ],
          "rotation": 90,
          "texture": "#2"
        },
        "down": {
          "uv": [
            13.66667,
            8,
            13.33333,
            9.33333
          ],
          "rotation": 270,
          "texture": "#2"
        }
      }
    },
    {
      "from": [
        9.70065,
        8.8059,
        8.64463
      ],
      "to": [
        10.28065,
        9.9659,
        10.17463
      ],
      "rotation": {
        "angle": -45,
        "axis": "z",
        "origin": [
          8,
          8,
          8
        ]
      },
      "faces": {
        "north": {
          "uv": [
            12.66667,
            14,
            13,
            14.66667
          ],
          "texture": "#2"
        },
        "east": {
          "uv": [
            12.66667,
            10.66667,
            13.66667,
            11.33333
          ],
          "texture": "#2"
        },
        "south": {
          "uv": [
            14,
            12,
            14.33333,
            12.66667
          ],
          "texture": "#2"
        },
        "west": {
          "uv": [
            12.66667,
            11.33333,
            13.66667,
            12
          ],
          "texture": "#2"
        },
        "down": {
          "uv": [
            3.66667,
            14,
            2.66667,
            14.33333
          ],
          "rotation": 270,
          "texture": "#2"
        }
      }
    },
    {
      "from": [
        9.70065,
        9.9659,
        8.64463
      ],
      "to": [
        10.28065,
        10.5459,
        10.17463
      ],
      "rotation": {
        "angle": -45,
        "axis": "z",
        "origin": [
          8,
          8,
          8
        ]
      },
      "faces": {
        "north": {
          "uv": [
            14.66667,
            6,
            15,
            6.33333
          ],
          "texture": "#2"
        },
        "east": {
          "uv": [
            14,
            2.66667,
            15,
            3
          ],
          "texture": "#2"
        },
        "south": {
          "uv": [
            6,
            14.66667,
            6.33333,
            15
          ],
          "texture": "#2"
        },
        "up": {
          "uv": [
            15,
            3.66667,
            14,
            3.33333
          ],
          "rotation": 90,
          "texture": "#2"
        }
      }
    },
    {
      "from": [
        9.9659,
        6.29935,
        8.64463
      ],
      "to": [
        10.5459,
        7.45935,
        10.17463
      ],
      "rotation": {
        "angle": 45,
        "axis": "z",
        "origin": [
          8,
          8,
          8
        ]
      },
      "faces": {
        "north": {
          "uv": [
            14,
            13.33333,
            14.33333,
            14
          ],
          "texture": "#2"
        },
        "east": {
          "uv": [
            12,
            12.66667,
            13,
            13.33333
          ],
          "texture": "#2"
        },
        "south": {
          "uv": [
            13.33333,
            14,
            13.66667,
            14.66667
          ],
          "texture": "#2"
        },
        "west": {
          "uv": [
            12.66667,
            12,
            13.66667,
            12.66667
          ],
          "texture": "#2"
        },
        "up": {
          "uv": [
            5,
            14.33333,
            4,
            14
          ],
          "rotation": 90,
          "texture": "#2"
        }
      }
    },
    {
      "from": [
        7.99969,
        8.26493,
        8.90963
      ],
      "to": [
        9.99969,
        10.26493,
        9.90963
      ],
      "rotation": {
        "angle": -45,
        "axis": "z",
        "origin": [
          8,
          8,
          8
        ]
      },
      "faces": {
        "north": {
          "uv": [
            5.33333,
            8.66667,
            6.66667,
            10
          ],
          "texture": "#2"
        },
        "east": {
          "uv": [
            3.33333,
            12,
            4,
            13.33333
          ],
          "texture": "#2"
        },
        "south": {
          "uv": [
            4,
            8.66667,
            5.33333,
            10
          ],
          "texture": "#2"
        },
        "west": {
          "uv": [
            4,
            12,
            4.66667,
            13.33333
          ],
          "texture": "#2"
        },
        "up": {
          "uv": [
            5.33333,
            13.33333,
            4.66667,
            12
          ],
          "rotation": 90,
          "texture": "#2"
        },
        "down": {
          "uv": [
            6,
            12,
            5.33333,
            13.33333
          ],
          "rotation": 270,
          "texture": "#2"
        }
      }
    },
    {
      "from": [
        11.62467,
        7.86024,
        9.10963
      ],
      "to": [
        15.62467,
        8.86024,
        9.70963
      ],
      "rotation": {
        "angle": 22.5,
        "axis": "z",
        "origin": [
          8,
          8,
          8
        ]
      },
      "faces": {
        "north": {
          "uv": [
            9.33333,
            6,
            12,
            6.66667
          ],
          "texture": "#2"
        },
        "east": {
          "uv": [
            14,
            14,
            14.33333,
            14.66667
          ],
          "texture": "#2"
        },
        "south": {
          "uv": [
            9.33333,
            5.33333,
            12,
            6
          ],
          "texture": "#2"
        },
        "west": {
          "uv": [
            0,
            14.66667,
            0.33333,
            15.33333
          ],
          "texture": "#2"
        },
        "up": {
          "uv": [
            12.33333,
            8,
            12,
            5.33333
          ],
          "rotation": 90,
          "texture": "#2"
        },
        "down": {
          "uv": [
            8.33333,
            12,
            8,
            14.66667
          ],
          "rotation": 270,
          "texture": "#2"
        }
      }
    },
    {
      "from": [
        11,
        4.52335,
        9.40963
      ],
      "to": [
        31,
        12.52335,
        9.40963
      ],
      "rotation": {
        "angle": 0,
        "axis": "y",
        "origin": [
          8,
          8,
          8
        ]
      },
      "faces": {
        "north": {
          "uv": [
            0,
            0,
            13.33333,
            5.33333
          ],
          "texture": "#2"
        },
        "east": {
          "uv": [
            0,
            0,
            0,
            5.33333
          ],
          "texture": "#2"
        },
        "south": {
          "uv": [
            13.33333,
            0,
            0,
            5.33333
          ],
          "texture": "#2"
        },
        "west": {
          "uv": [
            0,
            0,
            0,
            5.33333
          ],
          "texture": "#2"
        },
        "up": {
          "uv": [
            0,
            13.33333,
            0,
            0
          ],
          "rotation": 90,
          "texture": "#2"
        },
        "down": {
          "uv": [
            0,
            0,
            0,
            13.33333
          ],
          "rotation": 270,
          "texture": "#2"
        }
      }
    },
    {
      "from": [
        12.74866,
        4.46154,
        9.30963
      ],
      "to": [
        24.74866,
        9.46154,
        9.30963
      ],
      "rotation": {
        "angle": -22.5,
        "axis": "z",
        "origin": [
          8,
          8,
          8
        ]
      },
      "faces": {
        "north": {
          "uv": [
            0,
            5.33333,
            8,
            8.66667
          ],
          "texture": "#2"
        },
        "east": {
          "uv": [
            0,
            0,
            0,
            3.33333
          ],
          "texture": "#2"
        },
        "south": {
          "uv": [
            8,
            5.33333,
            0,
            8.66667
          ],
          "texture": "#2"
        },
        "west": {
          "uv": [
            0,
            0,
            0,
            3.33333
          ],
          "texture": "#2"
        },
        "up": {
          "uv": [
            0,
            8,
            0,
            0
          ],
          "rotation": 90,
          "texture": "#2"
        },
        "down": {
          "uv": [
            0,
            0,
            0,
            8
          ],
          "rotation": 270,
          "texture": "#2"
        }
      }
    },
    {
      "from": [
        11.35,
        11.94572,
        8.91925
      ],
      "to": [
        12.85,
        13.44572,
        10.91925
      ],
      "rotation": {
        "angle": -22.5,
        "axis": "x",
        "origin": [
          8,
          8,
          8
        ]
      },
      "faces": {
        "north": {
          "uv": [
            11.66667,
            11.33333,
            10.66667,
            12.33333
          ],
          "texture": "#2"
        },
        "east": {
          "uv": [
            5.33333,
            10,
            4,
            11
          ],
          "texture": "#2"
        },
        "south": {
          "uv": [
            1,
            12,
            0,
            13
          ],
          "texture": "#2"
        },
        "west": {
          "uv": [
            6.66667,
            10,
            5.33333,
            11
          ],
          "texture": "#2"
        },
        "up": {
          "uv": [
            6.66667,
            11,
            8,
            10
          ],
          "rotation": 90,
          "texture": "#2"
        },
        "down": {
          "uv": [
            10.66667,
            6.66667,
            12,
            7.66667
          ],
          "rotation": 270,
          "texture": "#2"
        }
      }
    },
    {
      "from": [
        11.55,
        12.14572,
        7.91925
      ],
      "to": [
        12.65,
        13.24572,
        8.91925
      ],
      "rotation": {
        "angle": -22.5,
        "axis": "x",
        "origin": [
          8,
          8,
          8
        ]
      },
      "faces": {
        "north": {
          "uv": [
            10.66667,
            13.33333,
            10,
            14
          ],
          "texture": "#2"
        },
        "east": {
          "uv": [
            10,
            13.33333,
            9.33333,
            14
          ],
          "texture": "#2"
        },
        "west": {
          "uv": [
            11.33333,
            13.33333,
            10.66667,
            14
          ],
          "texture": "#2"
        },
        "up": {
          "uv": [
            11.33333,
            14,
            12,
            13.33333
          ],
          "rotation": 90,
          "texture": "#2"
        },
        "down": {
          "uv": [
            12,
            13.33333,
            12.66667,
            14
          ],
          "rotation": 270,
          "texture": "#2"
        }
      }
    },
    {
      "from": [
        11.6,
        10.39493,
        6.17372
      ],
      "to": [
        12.6,
        12.89493,
        7.17372
      ],
      "rotation": {
        "angle": 22.5,
        "axis": "x",
        "origin": [
          8,
          8,
          8
        ]
      },
      "faces": {
        "north": {
          "uv": [
            0,
            11.33333,
            1.66667,
            12
          ],
          "rotation": 90,
          "texture": "#2"
        },
        "east": {
          "uv": [
            11,
            10.66667,
            9.33333,
            11.33333
          ],
          "rotation": 270,
          "texture": "#2"
        },
        "south": {
          "uv": [
            10.66667,
            10.66667,
            12.33333,
            10
          ],
          "rotation": 90,
          "texture": "#2"
        },
        "west": {
          "uv": [
            12.33333,
            9.33333,
            10.66667,
            10
          ],
          "rotation": 90,
          "texture": "#2"
        },
        "down": {
          "uv": [
            9.33333,
            13.33333,
            8.66667,
            14
          ],
          "texture": "#2"
        }
      }
    },
    {
      "from": [
        11.8,
        9.78344,
        5.84623
      ],
      "to": [
        12.4,
        10.78344,
        7.84623
      ],
      "rotation": {
        "angle": 45,
        "axis": "x",
        "origin": [
          8,
          8,
          8
        ]
      },
      "faces": {
        "east": {
          "uv": [
            12.66667,
            10.66667,
            11.33333,
            11.33333
          ],
          "texture": "#2"
        },
        "south": {
          "uv": [
            15,
            0,
            14.66667,
            0.66667
          ],
          "texture": "#2"
        },
        "west": {
          "uv": [
            13.33333,
            8,
            12,
            8.66667
          ],
          "texture": "#2"
        },
        "up": {
          "uv": [
            12.66667,
            13.66667,
            14,
            13.33333
          ],
          "rotation": 90,
          "texture": "#2"
        },
        "down": {
          "uv": [
            13.33333,
            12.66667,
            14.66667,
            13
          ],
          "rotation": 270,
          "texture": "#2"
        }
      }
    },
    {
      "from": [
        8.3859,
        3.71935,
        9.25963
      ],
      "to": [
        9.3859,
        5.71935,
        9.55963
      ],
      "rotation": {
        "angle": 45,
        "axis": "z",
        "origin": [
          8,
          8,
          8
        ]
      },
      "faces": {
        "north": {
          "uv": [
            6,
            12.66667,
            6.66667,
            14
          ],
          "texture": "#2"
        },
        "east": {
          "uv": [
            14,
            1.33333,
            14.33333,
            2.66667
          ],
          "texture": "#2"
        },
        "south": {
          "uv": [
            12.66667,
            5.33333,
            13.33333,
            6.66667
          ],
          "texture": "#2"
        },
        "west": {
          "uv": [
            2,
            14,
            2.33333,
            15.33333
          ],
          "texture": "#2"
        },
        "up": {
          "uv": [
            3.66667,
            15.33333,
            3.33333,
            14.66667
          ],
          "rotation": 90,
          "texture": "#2"
        }
      }
    },
    {
      "from": [
        11.27445,
        5.20561,
        9.15963
      ],
      "to": [
        13.77445,
        6.20561,
        9.65963
      ],
      "rotation": {
        "angle": 0,
        "axis": "x",
        "origin": [
          8,
          8,
          8
        ]
      },
      "faces": {
        "north": {
          "uv": [
            4,
            11.33333,
            5.66667,
            12
          ],
          "texture": "#2"
        },
        "south": {
          "uv": [
            2,
            11.33333,
            3.66667,
            12
          ],
          "texture": "#2"
        },
        "west": {
          "uv": [
            2.66667,
            14.66667,
            3,
            15.33333
          ],
          "texture": "#2"
        },
        "up": {
          "uv": [
            1,
            15,
            0.66667,
            13.33333
          ],
          "rotation": 90,
          "texture": "#2"
        },
        "down": {
          "uv": [
            1.66667,
            13.33333,
            1.33333,
            15
          ],
          "rotation": 270,
          "texture": "#2"
        }
      }
    },
    {
      "from": [
        11.20493,
        2.2192,
        8.90963
      ],
      "to": [
        12.70493,
        4.2192,
        9.90963
      ],
      "rotation": {
        "angle": 22.5,
        "axis": "z",
        "origin": [
          8,
          8,
          8
        ]
      },
      "faces": {
        "north": {
          "uv": [
            10.66667,
            8,
            11.66667,
            9.33333
          ],
          "texture": "#2"
        },
        "east": {
          "uv": [
            8.66667,
            12,
            9.33333,
            13.33333
          ],
          "texture": "#2"
        },
        "south": {
          "uv": [
            8,
            10.66667,
            9,
            12
          ],
          "texture": "#2"
        },
        "west": {
          "uv": [
            12,
            11.33333,
            12.66667,
            12.66667
          ],
          "texture": "#2"
        },
        "up": {
          "uv": [
            0.66667,
            14.33333,
            0,
            13.33333
          ],
          "rotation": 90,
          "texture": "#2"
        },
        "down": {
          "uv": [
            14,
            0,
            13.33333,
            1
          ],
          "rotation": 270,
          "texture": "#2"
        }
      }
    },
    {
      "from": [
        11.40493,
        1.2192,
        9.10963
      ],
      "to": [
        12.50493,
        2.2192,
        9.70963
      ],
      "rotation": {
        "angle": 22.5,
        "axis": "z",
        "origin": [
          8,
          8,
          8
        ]
      },
      "faces": {
        "north": {
          "uv": [
            14,
            0.66667,
            14.66667,
            1.33333
          ],
          "texture": "#2"
        },
        "east": {
          "uv": [
            14.66667,
            0.66667,
            15,
            1.33333
          ],
          "texture": "#2"
        },
        "south": {
          "uv": [
            14,
            0,
            14.66667,
            0.66667
          ],
          "texture": "#2"
        },
        "west": {
          "uv": [
            14.66667,
            1.33333,
            15,
            2
          ],
          "texture": "#2"
        },
        "down": {
          "uv": [
            15,
            2,
            14.66667,
            2.66667
          ],
          "rotation": 270,
          "texture": "#2"
        }
      }
    },
    {
      "from": [
        5.13935,
        9.3859,
        8.89463
      ],
      "to": [
        5.71935,
        10.5459,
        9.92463
      ],
      "rotation": {
        "angle": 45,
        "axis": "z",
        "origin": [
          8,
          8,
          8
        ]
      },
      "faces": {
        "north": {
          "uv": [
            14.33333,
            4.66667,
            14,
            5.33333
          ],
          "texture": "#2"
        },
        "east": {
          "uv": [
            4,
            13.33333,
            3.33333,
            14
          ],
          "texture": "#2"
        },
        "south": {
          "uv": [
            14.33333,
            4,
            14,
            4.66667
          ],
          "texture": "#2"
        },
        "west": {
          "uv": [
            14,
            2.66667,
            13.33333,
            3.33333
          ],
          "texture": "#2"
        },
        "down": {
          "uv": [
            6,
            14.33333,
            5.33333,
            14
          ],
          "rotation": 270,
          "texture": "#2"
        }
      }
    },
    {
      "from": [
        5.13935,
        10.5459,
        8.89463
      ],
      "to": [
        5.71935,
        11.1259,
        9.92463
      ],
      "rotation": {
        "angle": 45,
        "axis": "z",
        "origin": [
          8,
          8,
          8
        ]
      },
      "faces": {
        "north": {
          "uv": [
            15,
            4,
            14.66667,
            4.33333
          ],
          "texture": "#2"
        },
        "south": {
          "uv": [
            4.33333,
            14.66667,
            4,
            15
          ],
          "texture": "#2"
        },
        "west": {
          "uv": [
            14.66667,
            5.33333,
            14,
            5.66667
          ],
          "texture": "#2"
        },
        "up": {
          "uv": [
            6.66667,
            14,
            6,
            14.33333
          ],
          "rotation": 90,
          "texture": "#2"
        }
      }
    },
    {
      "from": [
        5.71935,
        11.7059,
        8.89463
      ],
      "to": [
        6.29935,
        12.2859,
        9.92463
      ],
      "rotation": {
        "angle": 45,
        "axis": "z",
        "origin": [
          8,
          8,
          8
        ]
      },
      "faces": {
        "north": {
          "uv": [
            15,
            4.66667,
            14.66667,
            5
          ],
          "texture": "#2"
        },
        "south": {
          "uv": [
            5,
            14.66667,
            4.66667,
            15
          ],
          "texture": "#2"
        },
        "west": {
          "uv": [
            14.66667,
            6,
            14,
            6.33333
          ],
          "texture": "#2"
        },
        "up": {
          "uv": [
            14.66667,
            6.66667,
            14,
            7
          ],
          "rotation": 90,
          "texture": "#2"
        },
        "down": {
          "uv": [
            14.66667,
            7.66667,
            14,
            7.33333
          ],
          "rotation": 270,
          "texture": "#2"
        }
      }
    },
    {
      "from": [
        3.97935,
        9.9659,
        8.89463
      ],
      "to": [
        4.55935,
        10.5459,
        9.92463
      ],
      "rotation": {
        "angle": 45,
        "axis": "z",
        "origin": [
          8,
          8,
          8
        ]
      },
      "faces": {
        "north": {
          "uv": [
            15,
            5.33333,
            14.66667,
            5.66667
          ],
          "texture": "#2"
        },
        "east": {
          "uv": [
            9.33333,
            14,
            8.66667,
            14.33333
          ],
          "texture": "#2"
        },
        "south": {
          "uv": [
            5.66667,
            14.66667,
            5.33333,
            15
          ],
          "texture": "#2"
        },
        "west": {
          "uv": [
            14.66667,
            8,
            14,
            8.33333
          ],
          "texture": "#2"
        },
        "up": {
          "uv": [
            14.66667,
            8.66667,
            14,
            9
          ],
          "rotation": 90,
          "texture": "#2"
        }
      }
    },
    {
      "from": [
        5.71935,
        10.5459,
        8.89463
      ],
      "to": [
        6.87935,
        11.1259,
        9.92463
      ],
      "rotation": {
        "angle": 45,
        "axis": "z",
        "origin": [
          8,
          8,
          8
        ]
      },
      "faces": {
        "north": {
          "uv": [
            10.66667,
            14,
            10,
            14.33333
          ],
          "texture": "#2"
        },
        "east": {
          "uv": [
            14.66667,
            9.33333,
            14,
            9.66667
          ],
          "texture": "#2"
        },
        "south": {
          "uv": [
            10,
            14,
            9.33333,
            14.33333
          ],
          "texture": "#2"
        },
        "up": {
          "uv": [
            14,
            3.33333,
            13.33333,
            4
          ],
          "rotation": 90,
          "texture": "#2"
        },
        "down": {
          "uv": [
            4.66667,
            14,
            4,
            13.33333
          ],
          "rotation": 270,
          "texture": "#2"
        }
      }
    },
    {
      "from": [
        6.29935,
        11.1259,
        8.89463
      ],
      "to": [
        6.87935,
        12.2859,
        9.92463
      ],
      "rotation": {
        "angle": 45,
        "axis": "z",
        "origin": [
          8,
          8,
          8
        ]
      },
      "faces": {
        "north": {
          "uv": [
            11,
            14,
            10.66667,
            14.66667
          ],
          "texture": "#2"
        },
        "east": {
          "uv": [
            5.33333,
            13.33333,
            4.66667,
            14
          ],
          "texture": "#2"
        },
        "south": {
          "uv": [
            14.33333,
            10,
            14,
            10.66667
          ],
          "texture": "#2"
        },
        "west": {
          "uv": [
            14,
            4,
            13.33333,
            4.66667
          ],
          "texture": "#2"
        },
        "up": {
          "uv": [
            14.66667,
            10.66667,
            14,
            11
          ],
          "rotation": 90,
          "texture": "#2"
        }
      }
    },
    {
      "from": [
        3.97935,
        9.3859,
        8.89463
      ],
      "to": [
        5.13935,
        9.9659,
        9.92463
      ],
      "rotation": {
        "angle": 45,
        "axis": "z",
        "origin": [
          8,
          8,
          8
        ]
      },
      "faces": {
        "north": {
          "uv": [
            12.66667,
            14,
            12,
            14.33333
          ],
          "texture": "#2"
        },
        "south": {
          "uv": [
            14.66667,
            11.33333,
            14,
            11.66667
          ],
          "texture": "#2"
        },
        "west": {
          "uv": [
            12,
            14,
            11.33333,
            14.33333
          ],
          "texture": "#2"
        },
        "up": {
          "uv": [
            14,
            4.66667,
            13.33333,
            5.33333
          ],
          "rotation": 90,
          "texture": "#2"
        },
        "down": {
          "uv": [
            6,
            14,
            5.33333,
            13.33333
          ],
          "rotation": 270,
          "texture": "#2"
        }
      }
    },
    {
      "from": [
        4.43224,
        9.83301,
        9.15963
      ],
      "to": [
        6.43224,
        11.83301,
        9.65963
      ],
      "rotation": {
        "angle": 45,
        "axis": "z",
        "origin": [
          8,
          8,
          8
        ]
      },
      "faces": {
        "north": {
          "uv": [
            4,
            8.66667,
            2.66667,
            10
          ],
          "texture": "#2"
        },
        "east": {
          "uv": [
            7,
            13.33333,
            6.66667,
            14.66667
          ],
          "texture": "#2"
        },
        "south": {
          "uv": [
            2.66667,
            8.66667,
            1.33333,
            10
          ],
          "texture": "#2"
        },
        "west": {
          "uv": [
            13.66667,
            5.33333,
            13.33333,
            6.66667
          ],
          "texture": "#2"
        },
        "up": {
          "uv": [
            7.66667,
            13.33333,
            7.33333,
            14.66667
          ],
          "rotation": 90,
          "texture": "#2"
        },
        "down": {
          "uv": [
            13.66667,
            9.33333,
            13.33333,
            8
          ],
          "rotation": 270,
          "texture": "#2"
        }
      }
    },
    {
      "from": [
        5.71935,
        8.8059,
        8.64463
      ],
      "to": [
        6.29935,
        9.9659,
        10.17463
      ],
      "rotation": {
        "angle": 45,
        "axis": "z",
        "origin": [
          8,
          8,
          8
        ]
      },
      "faces": {
        "north": {
          "uv": [
            13,
            14,
            12.66667,
            14.66667
          ],
          "texture": "#2"
        },
        "east": {
          "uv": [
            13.66667,
            11.33333,
            12.66667,
            12
          ],
          "texture": "#2"
        },
        "south": {
          "uv": [
            14.33333,
            12,
            14,
            12.66667
          ],
          "texture": "#2"
        },
        "west": {
          "uv": [
            13.66667,
            10.66667,
            12.66667,
            11.33333
          ],
          "texture": "#2"
        },
        "down": {
          "uv": [
            3.66667,
            14.33333,
            2.66667,
            14
          ],
          "rotation": 270,
          "texture": "#2"
        }
      }
    },
    {
      "from": [
        5.71935,
        9.9659,
        8.64463
      ],
      "to": [
        6.29935,
        10.5459,
        10.17463
      ],
      "rotation": {
        "angle": 45,
        "axis": "z",
        "origin": [
          8,
          8,
          8
        ]
      },
      "faces": {
        "north": {
          "uv": [
            15,
            6,
            14.66667,
            6.33333
          ],
          "texture": "#2"
        },
        "south": {
          "uv": [
            6.33333,
            14.66667,
            6,
            15
          ],
          "texture": "#2"
        },
        "west": {
          "uv": [
            15,
            2.66667,
            14,
            3
          ],
          "texture": "#2"
        },
        "up": {
          "uv": [
            15,
            3.33333,
            14,
            3.66667
          ],
          "rotation": 90,
          "texture": "#2"
        }
      }
    },
    {
      "from": [
        5.4541,
        6.29935,
        8.64463
      ],
      "to": [
        6.0341,
        7.45935,
        10.17463
      ],
      "rotation": {
        "angle": -45,
        "axis": "z",
        "origin": [
          8,
          8,
          8
        ]
      },
      "faces": {
        "north": {
          "uv": [
            14.33333,
            13.33333,
            14,
            14
          ],
          "texture": "#2"
        },
        "east": {
          "uv": [
            13.66667,
            12,
            12.66667,
            12.66667
          ],
          "texture": "#2"
        },
        "south": {
          "uv": [
            13.66667,
            14,
            13.33333,
            14.66667
          ],
          "texture": "#2"
        },
        "west": {
          "uv": [
            13,
            12.66667,
            12,
            13.33333
          ],
          "texture": "#2"
        },
        "up": {
          "uv": [
            5,
            14,
            4,
            14.33333
          ],
          "rotation": 90,
          "texture": "#2"
        }
      }
    },
    {
      "from": [
        6.00031,
        8.26493,
        8.90963
      ],
      "to": [
        8.00031,
        10.26493,
        9.90963
      ],
      "rotation": {
        "angle": 45,
        "axis": "z",
        "origin": [
          8,
          8,
          8
        ]
      },
      "faces": {
        "north": {
          "uv": [
            6.66667,
            8.66667,
            5.33333,
            10
          ],
          "texture": "#2"
        },
        "east": {
          "uv": [
            4.66667,
            12,
            4,
            13.33333
          ],
          "texture": "#2"
        },
        "south": {
          "uv": [
            5.33333,
            8.66667,
            4,
            10
          ],
          "texture": "#2"
        },
        "west": {
          "uv": [
            4,
            12,
            3.33333,
            13.33333
          ],
          "texture": "#2"
        },
        "up": {
          "uv": [
            5.33333,
            12,
            4.66667,
            13.33333
          ],
          "rotation": 90,
          "texture": "#2"
        },
        "down": {
          "uv": [
            6,
            13.33333,
            5.33333,
            12
          ],
          "rotation": 270,
          "texture": "#2"
        }
      }
    },
    {
      "from": [
        0.37533,
        7.86024,
        9.10963
      ],
      "to": [
        4.37533,
        8.86024,
        9.70963
      ],
      "rotation": {
        "angle": -22.5,
        "axis": "z",
        "origin": [
          8,
          8,
          8
        ]
      },
      "faces": {
        "north": {
          "uv": [
            12,
            6,
            9.33333,
            6.66667
          ],
          "texture": "#2"
        },
        "east": {
          "uv": [
            0.33333,
            14.66667,
            0,
            15.33333
          ],
          "texture": "#2"
        },
        "south": {
          "uv": [
            12,
            5.33333,
            9.33333,
            6
          ],
          "texture": "#2"
        },
        "west": {
          "uv": [
            14.33333,
            14,
            14,
            14.66667
          ],
          "texture": "#2"
        },
        "up": {
          "uv": [
            12.33333,
            5.33333,
            12,
            8
          ],
          "rotation": 90,
          "texture": "#2"
        },
        "down": {
          "uv": [
            8.33333,
            14.66667,
            8,
            12
          ],
          "rotation": 270,
          "texture": "#2"
        }
      }
    },
    {
      "from": [
        -15,
        4.52335,
        9.40963
      ],
      "to": [
        5,
        12.52335,
        9.40963
      ],
      "rotation": {
        "angle": 0,
        "axis": "y",
        "origin": [
          8,
          8,
          8
        ]
      },
      "faces": {
        "north": {
          "uv": [
            13.33333,
            0,
            0,
            5.33333
          ],
          "texture": "#2"
        },
        "east": {
          "uv": [
            0,
            0,
            0,
            5.33333
          ],
          "texture": "#2"
        },
        "south": {
          "uv": [
            0,
            0,
            13.33333,
            5.33333
          ],
          "texture": "#2"
        },
        "west": {
          "uv": [
            0,
            0,
            0,
            5.33333
          ],
          "texture": "#2"
        },
        "up": {
          "uv": [
            0,
            0,
            0,
            13.33333
          ],
          "rotation": 90,
          "texture": "#2"
        },
        "down": {
          "uv": [
            0,
            13.33333,
            0,
            0
          ],
          "rotation": 270,
          "texture": "#2"
        }
      }
    },
    {
      "from": [
        3.15,
        11.94572,
        8.91925
      ],
      "to": [
        4.65,
        13.44572,
        10.91925
      ],
      "rotation": {
        "angle": -22.5,
        "axis": "x",
        "origin": [
          8,
          8,
          8
        ]
      },
      "faces": {
        "north": {
          "uv": [
            10.66667,
            11.33333,
            11.66667,
            12.33333
          ],
          "texture": "#2"
        },
        "east": {
          "uv": [
            5.33333,
            10,
            6.66667,
            11
          ],
          "texture": "#2"
        },
        "south": {
          "uv": [
            0,
            12,
            1,
            13
          ],
          "texture": "#2"
        },
        "west": {
          "uv": [
            4,
            10,
            5.33333,
            11
          ],
          "texture": "#2"
        },
        "up": {
          "uv": [
            6.66667,
            10,
            8,
            11
          ],
          "rotation": 90,
          "texture": "#2"
        },
        "down": {
          "uv": [
            10.66667,
            7.66667,
            12,
            6.66667
          ],
          "rotation": 270,
          "texture": "#2"
        }
      }
    },
    {
      "from": [
        3.4,
        10.39493,
        6.17372
      ],
      "to": [
        4.4,
        12.89493,
        7.17372
      ],
      "rotation": {
        "angle": 22.5,
        "axis": "x",
        "origin": [
          8,
          8,
          8
        ]
      },
      "faces": {
        "north": {
          "uv": [
            0,
            12,
            1.66667,
            11.33333
          ],
          "rotation": 90,
          "texture": "#2"
        },
        "east": {
          "uv": [
            12.33333,
            10,
            10.66667,
            9.33333
          ],
          "rotation": 90,
          "texture": "#2"
        },
        "south": {
          "uv": [
            10.66667,
            10,
            12.33333,
            10.66667
          ],
          "rotation": 90,
          "texture": "#2"
        },
        "west": {
          "uv": [
            11,
            11.33333,
            9.33333,
            10.66667
          ],
          "rotation": 270,
          "texture": "#2"
        },
        "down": {
          "uv": [
            8.66667,
            13.33333,
            9.33333,
            14
          ],
          "texture": "#2"
        }
      }
    },
    {
      "from": [
        3.35,
        12.14572,
        7.91925
      ],
      "to": [
        4.45,
        13.24572,
        8.91925
      ],
      "rotation": {
        "angle": -22.5,
        "axis": "x",
        "origin": [
          8,
          8,
          8
        ]
      },
      "faces": {
        "north": {
          "uv": [
            10,
            13.33333,
            10.66667,
            14
          ],
          "texture": "#2"
        },
        "east": {
          "uv": [
            10.66667,
            13.33333,
            11.33333,
            14
          ],
          "texture": "#2"
        },
        "west": {
          "uv": [
            9.33333,
            13.33333,
            10,
            14
          ],
          "texture": "#2"
        },
        "up": {
          "uv": [
            11.33333,
            13.33333,
            12,
            14
          ],
          "rotation": 90,
          "texture": "#2"
        },
        "down": {
          "uv": [
            12,
            14,
            12.66667,
            13.33333
          ],
          "rotation": 270,
          "texture": "#2"
        }
      }
    },
    {
      "from": [
        3.6,
        9.78344,
        5.84623
      ],
      "to": [
        4.2,
        10.78344,
        7.84623
      ],
      "rotation": {
        "angle": 45,
        "axis": "x",
        "origin": [
          8,
          8,
          8
        ]
      },
      "faces": {
        "east": {
          "uv": [
            12,
            8,
            13.33333,
            8.66667
          ],
          "texture": "#2"
        },
        "south": {
          "uv": [
            14.66667,
            0,
            15,
            0.66667
          ],
          "texture": "#2"
        },
        "west": {
          "uv": [
            11.33333,
            10.66667,
            12.66667,
            11.33333
          ],
          "texture": "#2"
        },
        "up": {
          "uv": [
            12.66667,
            13.33333,
            14,
            13.66667
          ],
          "rotation": 90,
          "texture": "#2"
        },
        "down": {
          "uv": [
            13.33333,
            13,
            14.66667,
            12.66667
          ],
          "rotation": 270,
          "texture": "#2"
        }
      }
    },
    {
      "from": [
        3.49507,
        1.2192,
        9.10963
      ],
      "to": [
        4.59507,
        2.2192,
        9.70963
      ],
      "rotation": {
        "angle": -22.5,
        "axis": "z",
        "origin": [
          8,
          8,
          8
        ]
      },
      "faces": {
        "north": {
          "uv": [
            14.66667,
            0.66667,
            14,
            1.33333
          ],
          "texture": "#2"
        },
        "east": {
          "uv": [
            15,
            1.33333,
            14.66667,
            2
          ],
          "texture": "#2"
        },
        "south": {
          "uv": [
            14.66667,
            0,
            14,
            0.66667
          ],
          "texture": "#2"
        },
        "west": {
          "uv": [
            15,
            0.66667,
            14.66667,
            1.33333
          ],
          "texture": "#2"
        },
        "down": {
          "uv": [
            15,
            2.66667,
            14.66667,
            2
          ],
          "rotation": 270,
          "texture": "#2"
        }
      }
    },
    {
      "from": [
        3.29507,
        2.2192,
        8.90963
      ],
      "to": [
        4.79507,
        4.2192,
        9.90963
      ],
      "rotation": {
        "angle": -22.5,
        "axis": "z",
        "origin": [
          8,
          8,
          8
        ]
      },
      "faces": {
        "north": {
          "uv": [
            11.66667,
            8,
            10.66667,
            9.33333
          ],
          "texture": "#2"
        },
        "east": {
          "uv": [
            12.66667,
            11.33333,
            12,
            12.66667
          ],
          "texture": "#2"
        },
        "south": {
          "uv": [
            9,
            10.66667,
            8,
            12
          ],
          "texture": "#2"
        },
        "west": {
          "uv": [
            9.33333,
            12,
            8.66667,
            13.33333
          ],
          "texture": "#2"
        },
        "up": {
          "uv": [
            0.66667,
            13.33333,
            0,
            14.33333
          ],
          "rotation": 90,
          "texture": "#2"
        },
        "down": {
          "uv": [
            14,
            1,
            13.33333,
            0
          ],
          "rotation": 270,
          "texture": "#2"
        }
      }
    },
    {
      "from": [
        2.22555,
        5.20561,
        9.15963
      ],
      "to": [
        4.72555,
        6.20561,
        9.65963
      ],
      "rotation": {
        "angle": 0,
        "axis": "x",
        "origin": [
          8,
          8,
          8
        ]
      },
      "faces": {
        "north": {
          "uv": [
            5.66667,
            11.33333,
            4,
            12
          ],
          "texture": "#2"
        },
        "east": {
          "uv": [
            3,
            14.66667,
            2.66667,
            15.33333
          ],
          "texture": "#2"
        },
        "south": {
          "uv": [
            3.66667,
            11.33333,
            2,
            12
          ],
          "texture": "#2"
        },
        "up": {
          "uv": [
            1,
            13.33333,
            0.66667,
            15
          ],
          "rotation": 90,
          "texture": "#2"
        },
        "down": {
          "uv": [
            1.66667,
            15,
            1.33333,
            13.33333
          ],
          "rotation": 270,
          "texture": "#2"
        }
      }
    },
    {
      "from": [
        6.6141,
        3.71935,
        9.25963
      ],
      "to": [
        7.6141,
        5.71935,
        9.55963
      ],
      "rotation": {
        "angle": -45,
        "axis": "z",
        "origin": [
          8,
          8,
          8
        ]
      },
      "faces": {
        "north": {
          "uv": [
            6.66667,
            12.66667,
            6,
            14
          ],
          "texture": "#2"
        },
        "east": {
          "uv": [
            2.33333,
            14,
            2,
            15.33333
          ],
          "texture": "#2"
        },
        "south": {
          "uv": [
            13.33333,
            5.33333,
            12.66667,
            6.66667
          ],
          "texture": "#2"
        },
        "west": {
          "uv": [
            14.33333,
            1.33333,
            14,
            2.66667
          ],
          "texture": "#2"
        },
        "up": {
          "uv": [
            3.66667,
            14.66667,
            3.33333,
            15.33333
          ],
          "rotation": 90,
          "texture": "#2"
        }
      }
    },
    {
      "from": [
        -8.74866,
        4.46154,
        9.30963
      ],
      "to": [
        3.25134,
        9.46154,
        9.30963
      ],
      "rotation": {
        "angle": 22.5,
        "axis": "z",
        "origin": [
          8,
          8,
          8
        ]
      },
      "faces": {
        "north": {
          "uv": [
            8,
            5.33333,
            0,
            8.66667
          ],
          "texture": "#2"
        },
        "east": {
          "uv": [
            0,
            0,
            0,
            3.33333
          ],
          "texture": "#2"
        },
        "south": {
          "uv": [
            0,
            5.33333,
            8,
            8.66667
          ],
          "texture": "#2"
        },
        "west": {
          "uv": [
            0,
            0,
            0,
            3.33333
          ],
          "texture": "#2"
        },
        "up": {
          "uv": [
            0,
            0,
            0,
            8
          ],
          "rotation": 90,
          "texture": "#2"
        },
        "down": {
          "uv": [
            0,
            8,
            0,
            0
          ],
          "rotation": 270,
          "texture": "#2"
        }
      }
    },
    {
      "from": [
        9.65,
        2,
        8.75
      ],
      "to": [
        22.65,
        6,
        8.75
      ],
      "rotation": {
        "angle": -22.5,
        "axis": "z",
        "origin": [
          16.9,
          3.75,
          4.25
        ]
      },
      "faces": {
        "north": {
          "uv": [
            0,
            0,
            3.66667,
            15
          ],
          "rotation": 270,
          "texture": "#1"
        }
      }
    },
    {
      "from": [
        -6.65,
        2,
        8.75
      ],
      "to": [
        6.35,
        6,
        8.75
      ],
      "rotation": {
        "angle": 22.5,
        "axis": "z",
        "origin": [
          -0.9,
          3.75,
          4.25
        ]
      },
      "faces": {
        "north": {
          "uv": [
            0,
            15,
            3.66667,
            0
          ],
          "rotation": 270,
          "texture": "#1"
        }
      }
    },
    {
      "from": [
        9.1,
        9.2,
        8.8
      ],
      "to": [
        31.1,
        12.2,
        8.8
      ],
      "rotation": {
        "angle": 0,
        "axis": "z",
        "origin": [
          20.1,
          10.7,
          8.8
        ]
      },
      "faces": {
        "north": {
          "uv": [
            0,
            0,
            2,
            14.66667
          ],
          "rotation": 270,
          "texture": "#3"
        }
      }
    },
    {
      "from": [
        -15.1,
        9.2,
        8.8
      ],
      "to": [
        6.9,
        12.2,
        8.8
      ],
      "rotation": {
        "angle": 0,
        "axis": "z",
        "origin": [
          -4.1,
          10.7,
          8.8
        ]
      },
      "faces": {
        "north": {
          "uv": [
            0,
            14.66667,
            2,
            0
          ],
          "rotation": 270,
          "texture": "#3"
        }
      }
    },
    {
      "from": [
        9.65,
        2,
        10.25
      ],
      "to": [
        22.65,
        6,
        10.25
      ],
      "rotation": {
        "angle": -22.5,
        "axis": "z",
        "origin": [
          16.9,
          3.75,
          14.75
        ]
      },
      "faces": {
        "south": {
          "uv": [
            0,
            15,
            3.66667,
            0
          ],
          "rotation": 270,
          "texture": "#1"
        }
      }
    },
    {
      "from": [
        -6.65,
        2,
        10.25
      ],
      "to": [
        6.35,
        6,
        10.25
      ],
      "rotation": {
        "angle": 22.5,
        "axis": "z",
        "origin": [
          -0.9,
          3.75,
          14.75
        ]
      },
      "faces": {
        "south": {
          "uv": [
            0,
            0,
            3.66667,
            15
          ],
          "rotation": 270,
          "texture": "#1"
        }
      }
    },
    {
      "from": [
        -15.1,
        9.2,
        10.2
      ],
      "to": [
        6.9,
        12.2,
        10.2
      ],
      "rotation": {
        "angle": 0,
        "axis": "z",
        "origin": [
          -4.1,
          10.7,
          10.2
        ]
      },
      "faces": {
        "south": {
          "uv": [
            0,
            0,
            2,
            14.66667
          ],
          "rotation": 270,
          "texture": "#3"
        }
      }
    },
    {
      "from": [
        9.1,
        9.2,
        10.2
      ],
      "to": [
        31.1,
        12.2,
        10.2
      ],
      "rotation": {
        "angle": 0,
        "axis": "z",
        "origin": [
          20.1,
          10.7,
          10.2
        ]
      },
      "faces": {
        "south": {
          "uv": [
            0,
            14.66667,
            2,
            0
          ],
          "rotation": 270,
          "texture": "#3"
        }
      }
    }
  ],
  "gui_light": "front",
  "display": {
    "thirdperson_righthand": {
      "rotation": [
        39,
        0,
        0
      ],
      "translation": [
        0,
        0.5,
        -1
      ],
      "scale": [
        0.50781,
        0.50781,
        0.50781
      ]
    },
    "thirdperson_lefthand": {
      "rotation": [
        67.75,
        0,
        0
      ],
      "translation": [
        -5.5,
        -5,
        8.5
      ],
      "scale": [
        1.57617,
        1.57617,
        1.57617
      ]
    },
    "firstperson_righthand": {
      "rotation": [
        3.25,
        0,
        0
      ],
      "translation": [
        -1.25,
        3.25,
        2.5
      ],
      "scale": [
        0.4375,
        0.4375,
        0.4375
      ]
    },
    "firstperson_lefthand": {
      "rotation": [
        -10,
        0,
        0
      ],
      "translation": [
        -1.25,
        4.75,
        2.5
      ],
      "scale": [
        0,
        0,
        0
      ]
    },
    "ground": {
      "rotation": [
        -40,
        0,
        0
      ],
      "translation": [
        0,
        5,
        0
      ]
    },
    "gui": {
      "rotation": [
        0,
        180,
        0
      ],
      "scale": [
        0.38868,
        0.38868,
        0.38868
      ]
    },
    "head": {
      "translation": [
        0,
        -48.5,
        3
      ],
      "scale": [
        2.36133,
        2.36133,
        2.36133
      ]
    },
    "fixed": {
      "translation": [
        0,
        0,
        -6
      ],
      "scale": [
        3,
        3,
        3
      ]
    }
  }
}