{"credit":"Made with Blockbench","texture_size":[64,64],"textures":{"0":"playbox_cherryblossomfurniture:roomdivider","particle":"playbox_cherryblossomfurniture:roomdivider"},"elements":[{"from":[5.38268,2,7.5],"to":[15.38268,26,8.5],"rotation":{"angle":22.5,"axis":"y","origin":[5.38268,14,8]},"faces":{"north":{"uv":[5,0,7.5,6],"texture":"#0"},"east":{"uv":[7.75,0,8,6],"texture":"#0"},"south":{"uv":[7.5,0,5,6],"texture":"#0"},"west":{"uv":[7.75,6,8,12],"texture":"#0"},"up":{"uv":[10.75,0.75,8.25,0.5],"texture":"#0"},"down":{"uv":[10.75,0.75,8.25,1],"texture":"#0"}}},{"from":[14.38268,0,7.5],"to":[15.38268,2,8.5],"rotation":{"angle":22.5,"axis":"y","origin":[5.38268,14,8]},"faces":{"north":{"uv":[8.25,1.5,8.5,2],"texture":"#0"},"east":{"uv":[8.25,2,8.5,2.5],"texture":"#0"},"south":{"uv":[8.25,2.5,8.5,3],"texture":"#0"},"west":{"uv":[8.25,3,8.5,3.5],"texture":"#0"},"up":{"uv":[8.75,2.75,8.5,2.5],"texture":"#0"},"down":{"uv":[8.75,2.75,8.5,3],"texture":"#0"}}},{"from":[5.38268,0,7.5],"to":[6.38268,2,8.5],"rotation":{"angle":22.5,"axis":"y","origin":[5.38268,14,8]},"faces":{"north":{"uv":[8.25,3.5,8.5,4],"texture":"#0"},"east":{"uv":[8.25,4,8.5,4.5],"texture":"#0"},"south":{"uv":[8.25,4.5,8.5,5],"texture":"#0"},"west":{"uv":[8.25,5,8.5,5.5],"texture":"#0"},"up":{"uv":[8.75,3.25,8.5,3],"texture":"#0"},"down":{"uv":[8.75,3.25,8.5,3.5],"texture":"#0"}}},{"from":[-5,2,7.5],"to":[5,26,8.5],"rotation":{"angle":-22.5,"axis":"y","origin":[5,14,8]},"faces":{"north":{"uv":[2.5,6,5,12],"texture":"#0"},"east":{"uv":[8,0,8.25,6],"texture":"#0"},"south":{"uv":[5,6,2.5,12],"texture":"#0"},"west":{"uv":[8,6,8.25,12],"texture":"#0"},"up":{"uv":[10.75,1.25,8.25,1],"texture":"#0"},"down":{"uv":[10.75,1.25,8.25,1.5],"texture":"#0"}}},{"from":[-5,0,7.5],"to":[-4,2,8.5],"rotation":{"angle":-22.5,"axis":"y","origin":[5,14,8]},"faces":{"north":{"uv":[8.25,5.5,8.5,6],"texture":"#0"},"east":{"uv":[8.25,6,8.5,6.5],"texture":"#0"},"south":{"uv":[8.25,6.5,8.5,7],"texture":"#0"},"west":{"uv":[8.25,7,8.5,7.5],"texture":"#0"},"up":{"uv":[8.75,3.75,8.5,3.5],"texture":"#0"},"down":{"uv":[8.75,3.75,8.5,4],"texture":"#0"}}},{"from":[4,0,7.5],"to":[5,2,8.5],"rotation":{"angle":-22.5,"axis":"y","origin":[5,14,8]},"faces":{"north":{"uv":[8.25,5.5,8.5,6],"texture":"#0"},"east":{"uv":[8.25,6,8.5,6.5],"texture":"#0"},"south":{"uv":[8.25,6.5,8.5,7],"texture":"#0"},"west":{"uv":[8.25,7,8.5,7.5],"texture":"#0"},"up":{"uv":[8.75,3.75,8.5,3.5],"texture":"#0"},"down":{"uv":[8.75,3.75,8.5,4],"texture":"#0"}}},{"from":[-14.43014,2,3.63511],"to":[-4.43014,26,4.63511],"rotation":{"angle":22.5,"axis":"y","origin":[-4.43014,14,4.13511]},"faces":{"north":{"uv":[0,0,2.5,6],"texture":"#0"},"east":{"uv":[7.5,0,7.75,6],"texture":"#0"},"south":{"uv":[2.5,0,0,6],"texture":"#0"},"west":{"uv":[7.5,6,7.75,12],"texture":"#0"},"up":{"uv":[10.75,0.25,8.25,0],"texture":"#0"},"down":{"uv":[10.75,0.25,8.25,0.5],"texture":"#0"}}},{"from":[-14.43014,0,3.63511],"to":[-13.43014,2,4.63511],"rotation":{"angle":22.5,"axis":"y","origin":[-4.43014,14,4.13511]},"faces":{"north":{"uv":[8.25,7.5,8.5,8],"texture":"#0"},"east":{"uv":[8.25,8,8.5,8.5],"texture":"#0"},"south":{"uv":[8.5,1.5,8.75,2],"texture":"#0"},"west":{"uv":[8.5,2,8.75,2.5],"texture":"#0"},"up":{"uv":[8.75,4.25,8.5,4],"texture":"#0"},"down":{"uv":[8.75,4.25,8.5,4.5],"texture":"#0"}}},{"from":[-5.43014,0,3.63511],"to":[-4.43014,2,4.63511],"rotation":{"angle":22.5,"axis":"y","origin":[-4.43014,14,4.13511]},"faces":{"north":{"uv":[8.25,7.5,8.5,8],"texture":"#0"},"east":{"uv":[8.25,8,8.5,8.5],"texture":"#0"},"south":{"uv":[8.5,1.5,8.75,2],"texture":"#0"},"west":{"uv":[8.5,2,8.75,2.5],"texture":"#0"},"up":{"uv":[8.75,4.25,8.5,4],"texture":"#0"},"down":{"uv":[8.75,4.25,8.5,4.5],"texture":"#0"}}}],"gui_light":"front","display":{"thirdperson_righthand":{"scale":[0.41,0.41,0.41]},"thirdperson_lefthand":{"scale":[0.41,0.41,0.41]},"firstperson_righthand":{"translation":[5.5,0,0],"scale":[0.49,0.49,0.49]},"firstperson_lefthand":{"translation":[-2,0,0],"scale":[0.49,0.49,0.49]},"ground":{"translation":[0,6.75,0],"scale":[0.36,0.36,0.36]},"gui":{"translation":[3.75,-2,0],"scale":[0.48,0.48,0.48]},"head":{"translation":[0,-30.25,0],"scale":[1.6,1.6,1.6]},"fixed":{"rotation":[-90,0,0],"translation":[0.5,0,-10.75],"scale":[1.6,1.6,1.6]}}}