{"credit":"MadewithBlockbench","ambientocclusion":false,"texture_size":[64,64],"textures":{"1":"elitecreatures:exotic_garden_decoration_v1/pot_1"},"elements":[{"from":[3,0,3],"to":[13,3,13],"rotation":{"angle":0,"axis":"y","origin":[8,5,8]},"faces":{"north":{"uv":[11,1.75,13.5,2.5],"texture":"#1"},"east":{"uv":[11,1.75,13.5,2.5],"texture":"#1"},"south":{"uv":[11,1.75,13.5,2.5],"texture":"#1"},"west":{"uv":[11,1.75,13.5,2.5],"texture":"#1"},"down":{"uv":[9.75,4.75,7.25,7.25],"texture":"#1"}}},{"from":[1,3,1],"to":[15,8,15],"rotation":{"angle":0,"axis":"y","origin":[8,8,8]},"faces":{"north":{"uv":[11,0.5,14.5,1.75],"texture":"#1"},"east":{"uv":[11,0.5,14.5,1.75],"texture":"#1"},"south":{"uv":[11,0.5,14.5,1.75],"texture":"#1"},"west":{"uv":[11,0.5,14.5,1.75],"texture":"#1"},"down":{"uv":[10.25,4.25,6.75,7.75],"texture":"#1"}}},{"from":[0,8,0],"to":[16,10,16],"rotation":{"angle":0,"axis":"y","origin":[8,8,8]},"faces":{"north":{"uv":[11,0,15,0.5],"texture":"#1"},"east":{"uv":[11,0,15,0.5],"texture":"#1"},"south":{"uv":[11,0,15,0.5],"texture":"#1"},"west":{"uv":[11,0,15,0.5],"texture":"#1"},"up":{"uv":[11,4,7,0],"texture":"#1"},"down":{"uv":[10.5,4,6.5,8],"texture":"#1"}}},{"from":[3,9,3],"to":[13,11,13],"rotation":{"angle":0,"axis":"y","origin":[8,8,8]},"faces":{"north":{"uv":[13.5,7.75,16,8.25],"texture":"#1"},"east":{"uv":[13.5,7.75,16,8.25],"texture":"#1"},"south":{"uv":[13.5,7.75,16,8.25],"texture":"#1"},"west":{"uv":[13.5,7.75,16,8.25],"texture":"#1"},"up":{"uv":[16,7.75,13.5,5.25],"texture":"#1"}}},{"from":[4,10.25,-0.25],"to":[12,10.25,3.75],"rotation":{"angle":0,"axis":"y","origin":[8,8,8]},"faces":{"north":{"uv":[13.5,7.75,16,8.25],"texture":"#1"},"east":{"uv":[13.5,7.75,16,8.25],"texture":"#1"},"south":{"uv":[13.5,7.75,16,8.25],"texture":"#1"},"west":{"uv":[13.5,7.75,16,8.25],"texture":"#1"},"up":{"uv":[16,9.25,14,8.25],"texture":"#1"},"down":{"uv":[14,9.25,16,8.25],"texture":"#1"}}},{"from":[4,0.25,-0.25],"to":[12,10.25,-0.25],"rotation":{"angle":0,"axis":"y","origin":[8,8,8]},"faces":{"north":{"uv":[14,9.25,16,11.75],"texture":"#1"},"east":{"uv":[13.5,7.75,16,8.25],"texture":"#1"},"south":{"uv":[16,9.25,14,11.75],"texture":"#1"},"west":{"uv":[13.5,7.75,16,8.25],"texture":"#1"},"up":{"uv":[16,7.75,13.5,5.25],"texture":"#1"}}},{"from":[4,10.25,12.25],"to":[12,10.25,16.25],"rotation":{"angle":0,"axis":"y","origin":[8,8,8]},"faces":{"north":{"uv":[16,7.75,13.5,8.25],"texture":"#1"},"east":{"uv":[16,7.75,13.5,8.25],"texture":"#1"},"south":{"uv":[16,7.75,13.5,8.25],"texture":"#1"},"west":{"uv":[16,7.75,13.5,8.25],"texture":"#1"},"up":{"uv":[14,8.25,16,9.25],"texture":"#1"},"down":{"uv":[16,8.25,14,9.25],"texture":"#1"}}},{"from":[4,0.25,16.25],"to":[12,10.25,16.25],"rotation":{"angle":0,"axis":"y","origin":[8,8,8]},"faces":{"north":{"uv":[16,9.25,14,11.75],"texture":"#1"},"east":{"uv":[16,7.75,13.5,8.25],"texture":"#1"},"south":{"uv":[14,9.25,16,11.75],"texture":"#1"},"west":{"uv":[16,7.75,13.5,8.25],"texture":"#1"},"up":{"uv":[16,5.25,13.5,7.75],"texture":"#1"}}},{"from":[4,9,4],"to":[12,19,4],"rotation":{"angle":-22.5,"axis":"x","origin":[8,10,7]},"faces":{"north":{"uv":[16,1.75,14,4.25],"texture":"#1"},"east":{"uv":[13,2.5,14,5],"texture":"#1"},"south":{"uv":[14,1.75,16,4.25],"texture":"#1"},"west":{"uv":[14,2.5,13,5],"texture":"#1"},"up":{"uv":[16,4.25,14,5.25],"texture":"#1"},"down":{"uv":[16,4.25,14,5.25],"texture":"#1"}}},{"from":[4,9,4],"to":[4,19,8],"rotation":{"angle":-22.5,"axis":"x","origin":[8,10,7]},"faces":{"north":{"uv":[16,1.75,14,4.25],"texture":"#1"},"east":{"uv":[13,2.5,14,5],"texture":"#1"},"west":{"uv":[14,2.5,13,5],"texture":"#1"},"up":{"uv":[16,4.25,14,5.25],"texture":"#1"},"down":{"uv":[16,4.25,14,5.25],"texture":"#1"}}},{"from":[12,9,4],"to":[12,19,8],"rotation":{"angle":-22.5,"axis":"x","origin":[8,10,7]},"faces":{"north":{"uv":[16,1.75,14,4.25],"texture":"#1"},"east":{"uv":[13,2.5,14,5],"texture":"#1"},"west":{"uv":[14,2.5,13,5],"texture":"#1"},"up":{"uv":[16,4.25,14,5.25],"texture":"#1"},"down":{"uv":[16,4.25,14,5.25],"texture":"#1"}}},{"from":[4,19,4],"to":[12,19,8],"rotation":{"angle":-22.5,"axis":"x","origin":[8,10,7]},"faces":{"north":{"uv":[16,1.75,14,4.25],"texture":"#1"},"east":{"uv":[13,2.5,14,5],"texture":"#1"},"south":{"uv":[14,1.75,16,4.25],"texture":"#1"},"west":{"uv":[14,2.5,13,5],"texture":"#1"},"up":{"uv":[16,4.25,14,5.25],"texture":"#1"},"down":{"uv":[16,5.25,14,4.25],"texture":"#1"}}},{"from":[4,9,12],"to":[12,19,12],"rotation":{"angle":22.5,"axis":"x","origin":[8,10,9]},"faces":{"north":{"uv":[16,1.75,14,4.25],"texture":"#1"},"east":{"uv":[14,2.5,13,5],"texture":"#1"},"south":{"uv":[14,1.75,16,4.25],"texture":"#1"},"west":{"uv":[13,2.5,14,5],"texture":"#1"},"up":{"uv":[16,5.25,14,4.25],"texture":"#1"},"down":{"uv":[16,5.25,14,4.25],"texture":"#1"}}},{"from":[4,9,8],"to":[4,19,12],"rotation":{"angle":22.5,"axis":"x","origin":[8,10,9]},"faces":{"east":{"uv":[14,2.5,13,5],"texture":"#1"},"south":{"uv":[14,1.75,16,4.25],"texture":"#1"},"west":{"uv":[13,2.5,14,5],"texture":"#1"},"up":{"uv":[16,5.25,14,4.25],"texture":"#1"},"down":{"uv":[16,5.25,14,4.25],"texture":"#1"}}},{"from":[12,9,8],"to":[12,19,12],"rotation":{"angle":22.5,"axis":"x","origin":[8,10,9]},"faces":{"east":{"uv":[14,2.5,13,5],"texture":"#1"},"south":{"uv":[14,1.75,16,4.25],"texture":"#1"},"west":{"uv":[13,2.5,14,5],"texture":"#1"},"up":{"uv":[16,5.25,14,4.25],"texture":"#1"},"down":{"uv":[16,5.25,14,4.25],"texture":"#1"}}},{"from":[4,19,8],"to":[12,19,12],"rotation":{"angle":22.5,"axis":"x","origin":[8,10,9]},"faces":{"north":{"uv":[16,1.75,14,4.25],"texture":"#1"},"east":{"uv":[14,2.5,13,5],"texture":"#1"},"south":{"uv":[14,1.75,16,4.25],"texture":"#1"},"west":{"uv":[13,2.5,14,5],"texture":"#1"},"up":{"uv":[16,5.25,14,4.25],"texture":"#1"},"down":{"uv":[16,4.25,14,5.25],"texture":"#1"}}},{"from":[13.92411,14.62686,4],"to":[13.92411,19.62686,12],"rotation":{"angle":-45,"axis":"z","origin":[13.9,14.65,8]},"faces":{"north":{"uv":[15,0,11,0.5],"texture":"#1"},"east":{"uv":[7.75,9.25,9.75,10.5],"texture":"#1"},"south":{"uv":[15,0,11,0.5],"texture":"#1"},"west":{"uv":[9.75,9.25,7.75,10.5],"texture":"#1"},"up":{"uv":[7,4,11,0],"texture":"#1"},"down":{"uv":[6.5,4,10.5,8],"texture":"#1"}}},{"from":[17.42711,18.12589,4],"to":[22.42711,18.12589,12],"rotation":{"angle":22.5,"axis":"z","origin":[17.4,18.15,8]},"faces":{"north":{"uv":[11,0.5,15,0],"rotation":90,"texture":"#1"},"east":{"uv":[11,0,7,4],"rotation":270,"texture":"#1"},"south":{"uv":[11,0.5,15,0],"rotation":270,"texture":"#1"},"west":{"uv":[10.5,8,6.5,4],"rotation":270,"texture":"#1"},"up":{"uv":[7.75,11.75,9.75,10.5],"rotation":270,"texture":"#1"},"down":{"uv":[9.75,11.75,7.75,10.5],"rotation":270,"texture":"#1"}}},{"from":[12,10,4],"to":[12,15,12],"rotation":{"angle":-22.5,"axis":"z","origin":[12,10,8]},"faces":{"north":{"uv":[15,0,11,0.5],"texture":"#1"},"east":{"uv":[7.75,8,9.75,9.25],"texture":"#1"},"south":{"uv":[15,0,11,0.5],"texture":"#1"},"west":{"uv":[9.75,8,7.75,9.25],"texture":"#1"},"up":{"uv":[7,4,11,0],"texture":"#1"},"down":{"uv":[6.5,4,10.5,8],"texture":"#1"}}},{"from":[2.07589,14.62686,4],"to":[2.07589,19.62686,12],"rotation":{"angle":45,"axis":"z","origin":[2.1,14.65,8]},"faces":{"north":{"uv":[11,0,15,0.5],"texture":"#1"},"east":{"uv":[7.75,9.25,9.75,10.5],"texture":"#1"},"south":{"uv":[11,0,15,0.5],"texture":"#1"},"west":{"uv":[9.75,9.25,7.75,10.5],"texture":"#1"},"up":{"uv":[11,4,7,0],"texture":"#1"},"down":{"uv":[10.5,4,6.5,8],"texture":"#1"}}},{"from":[-6.42711,18.12589,4],"to":[-1.42711,18.12589,12],"rotation":{"angle":-22.5,"axis":"z","origin":[-1.4,18.15,8]},"faces":{"north":{"uv":[11,0,15,0.5],"rotation":90,"texture":"#1"},"east":{"uv":[10.5,4,6.5,8],"rotation":270,"texture":"#1"},"south":{"uv":[11,0,15,0.5],"rotation":270,"texture":"#1"},"west":{"uv":[11,4,7,0],"rotation":270,"texture":"#1"},"up":{"uv":[7.75,10.5,9.75,11.75],"rotation":270,"texture":"#1"},"down":{"uv":[9.75,10.5,7.75,11.75],"rotation":270,"texture":"#1"}}},{"from":[4,10,4],"to":[4,15,12],"rotation":{"angle":22.5,"axis":"z","origin":[4,10,8]},"faces":{"north":{"uv":[11,0,15,0.5],"texture":"#1"},"east":{"uv":[7.75,8,9.75,9.25],"texture":"#1"},"south":{"uv":[11,0,15,0.5],"texture":"#1"},"west":{"uv":[9.75,8,7.75,9.25],"texture":"#1"},"up":{"uv":[11,4,7,0],"texture":"#1"},"down":{"uv":[10.5,4,6.5,8],"texture":"#1"}}}],"display":{"thirdperson_righthand":{"translation":[0.25,2,2.5],"scale":[0.3,0.3,0.3]},"thirdperson_lefthand":{"translation":[0,2.25,2.5],"scale":[0.3,0.3,0.3]},"ground":{"translation":[0,1.5,0],"scale":[0.5,0.5,0.5]},"gui":{"rotation":[40,-40,0],"translation":[0,-0.5,0],"scale":[0.7,0.7,0.7]},"head":{"translation":[0,-27,0],"scale":[2,2,2]},"fixed":{"rotation":[0,90,0],"translation":[0.25,0,-2.75],"scale":[0.7,0.7,0.7]}},"groups":[{"name":"vase1","origin":[-7,14.5,8],"color":0,"children":[0,1,2,3,{"name":"group","origin":[8,8,8],"color":0,"children":[4,5]},{"name":"group","origin":[8,8,8],"color":0,"children":[6,7]},{"name":"group","origin":[8,10,7],"color":0,"children":[8,9,10,11]},{"name":"group","origin":[8,10,7],"color":0,"children":[12,13,14,15]},{"name":"group","origin":[8,8,8],"color":0,"children":[{"name":"group","origin":[4,10,8],"color":0,"children":[16,17]},18]},{"name":"group","origin":[8,8,8],"color":0,"children":[{"name":"group","origin":[4,10,8],"color":0,"children":[19,20]},21]}]}]}