{
  "credit": "MadebyPolygonMC",
  "texture_size": [
    20,
    20
  ],
  "textures": {
    "1": "thunderboltset:fishing_rod",
    "2": "thunderboltset:animation_4",
    "particle": "thunderboltset:fishing_rod"
  },
  "elements": [
    {
      "from": [
        7.5,
        0,
        7.5
      ],
      "to": [
        8.5,
        1,
        8.5
      ],
      "rotation": {
        "angle": -45,
        "axis": "x",
        "origin": [
          8,
          0.5,
          8
        ]
      },
      "faces": {
        "north": {
          "uv": [
            13.6,
            4,
            14.4,
            4.8
          ],
          "texture": "#1"
        },
        "east": {
          "uv": [
            4.8,
            13.6,
            5.6,
            14.4
          ],
          "texture": "#1"
        },
        "south": {
          "uv": [
            5.6,
            13.6,
            6.4,
            14.4
          ],
          "texture": "#1"
        },
        "west": {
          "uv": [
            6.4,
            13.6,
            7.2,
            14.4
          ],
          "texture": "#1"
        },
        "up": {
          "uv": [
            8,
            14.4,
            7.2,
            13.6
          ],
          "texture": "#1"
        },
        "down": {
          "uv": [
            8.8,
            13.6,
            8,
            14.4
          ],
          "texture": "#1"
        }
      }
    },
    {
      "from": [
        7.38,
        0.74,
        7.38
      ],
      "to": [
        8.62,
        1.36,
        8.62
      ],
      "rotation": {
        "angle": 0,
        "axis": "x",
        "origin": [
          8,
          1.36,
          8
        ]
      },
      "faces": {
        "north": {
          "uv": [
            6.4,
            14.4,
            7.4,
            14.8
          ],
          "texture": "#1"
        },
        "east": {
          "uv": [
            14.4,
            7.2,
            15.4,
            7.6
          ],
          "texture": "#1"
        },
        "south": {
          "uv": [
            8,
            14.4,
            9,
            14.8
          ],
          "texture": "#1"
        },
        "west": {
          "uv": [
            14.4,
            8,
            15.4,
            8.4
          ],
          "texture": "#1"
        },
        "up": {
          "uv": [
            8.2,
            12.2,
            7.2,
            11.2
          ],
          "texture": "#1"
        },
        "down": {
          "uv": [
            9.8,
            11.2,
            8.8,
            12.2
          ],
          "texture": "#1"
        }
      }
    },
    {
      "from": [
        7.5,
        1.36,
        7.5
      ],
      "to": [
        8.5,
        3.36,
        8.5
      ],
      "rotation": {
        "angle": 0,
        "axis": "y",
        "origin": [
          6.88,
          -5.28,
          6.88
        ]
      },
      "faces": {
        "north": {
          "uv": [
            9.6,
            8.8,
            10.4,
            10.4
          ],
          "texture": "#1"
        },
        "east": {
          "uv": [
            0,
            10.4,
            0.8,
            12
          ],
          "texture": "#1"
        },
        "south": {
          "uv": [
            10.4,
            0,
            11.2,
            1.6
          ],
          "texture": "#1"
        },
        "west": {
          "uv": [
            0.8,
            10.4,
            1.6,
            12
          ],
          "texture": "#1"
        },
        "up": {
          "uv": [
            14.4,
            8.8,
            13.6,
            8
          ],
          "texture": "#1"
        },
        "down": {
          "uv": [
            9.6,
            13.6,
            8.8,
            14.4
          ],
          "texture": "#1"
        }
      }
    },
    {
      "from": [
        7.5,
        5.36,
        7.5
      ],
      "to": [
        8.5,
        7.36,
        8.5
      ],
      "rotation": {
        "angle": 0,
        "axis": "y",
        "origin": [
          6.88,
          -1.28,
          6.88
        ]
      },
      "faces": {
        "north": {
          "uv": [
            1.6,
            10.4,
            2.4,
            12
          ],
          "texture": "#1"
        },
        "east": {
          "uv": [
            10.4,
            1.6,
            11.2,
            3.2
          ],
          "texture": "#1"
        },
        "south": {
          "uv": [
            2.4,
            10.4,
            3.2,
            12
          ],
          "texture": "#1"
        },
        "west": {
          "uv": [
            3.2,
            10.4,
            4,
            12
          ],
          "texture": "#1"
        },
        "up": {
          "uv": [
            14.4,
            9.6,
            13.6,
            8.8
          ],
          "texture": "#1"
        },
        "down": {
          "uv": [
            11.2,
            13.6,
            10.4,
            14.4
          ],
          "texture": "#1"
        }
      }
    },
    {
      "from": [
        7.6,
        3.36,
        7.6
      ],
      "to": [
        8.4,
        5.36,
        8.4
      ],
      "rotation": {
        "angle": 0,
        "axis": "y",
        "origin": [
          6.88,
          -3.28,
          6.88
        ]
      },
      "faces": {
        "north": {
          "uv": [
            4.8,
            12,
            5.4,
            13.6
          ],
          "texture": "#1"
        },
        "east": {
          "uv": [
            12,
            9.6,
            12.6,
            11.2
          ],
          "texture": "#1"
        },
        "south": {
          "uv": [
            10.4,
            12,
            11,
            13.6
          ],
          "texture": "#1"
        },
        "west": {
          "uv": [
            11.2,
            12,
            11.8,
            13.6
          ],
          "texture": "#1"
        },
        "up": {
          "uv": [
            10.2,
            15,
            9.6,
            14.4
          ],
          "texture": "#1"
        },
        "down": {
          "uv": [
            15,
            9.6,
            14.4,
            10.2
          ],
          "texture": "#1"
        }
      }
    },
    {
      "from": [
        7.4,
        7,
        7
      ],
      "to": [
        8.6,
        9,
        9
      ],
      "rotation": {
        "angle": -45,
        "axis": "x",
        "origin": [
          8,
          8,
          8
        ]
      },
      "faces": {
        "north": {
          "uv": [
            5.6,
            7.2,
            6.6,
            8.8
          ],
          "texture": "#1"
        },
        "east": {
          "uv": [
            7.2,
            0,
            8.8,
            1.6
          ],
          "texture": "#1"
        },
        "south": {
          "uv": [
            7.2,
            5.6,
            8.2,
            7.2
          ],
          "texture": "#1"
        },
        "west": {
          "uv": [
            7.2,
            1.6,
            8.8,
            3.2
          ],
          "texture": "#1"
        },
        "up": {
          "uv": [
            8.2,
            8.8,
            7.2,
            7.2
          ],
          "texture": "#1"
        },
        "down": {
          "uv": [
            1,
            8.8,
            0,
            10.4
          ],
          "texture": "#1"
        }
      }
    },
    {
      "from": [
        7.3,
        7.2,
        7.2
      ],
      "to": [
        8.7,
        8.8,
        8.8
      ],
      "rotation": {
        "angle": 45,
        "axis": "x",
        "origin": [
          8,
          8,
          8
        ]
      },
      "faces": {
        "north": {
          "uv": [
            8.8,
            0,
            10,
            1.2
          ],
          "texture": "#1"
        },
        "east": {
          "uv": [
            1.6,
            8.8,
            2.8,
            10
          ],
          "texture": "#1"
        },
        "south": {
          "uv": [
            8.8,
            1.6,
            10,
            2.8
          ],
          "texture": "#1"
        },
        "west": {
          "uv": [
            8.8,
            3.2,
            10,
            4.4
          ],
          "texture": "#1"
        },
        "up": {
          "uv": [
            10,
            6,
            8.8,
            4.8
          ],
          "texture": "#1"
        },
        "down": {
          "uv": [
            6.8,
            8.8,
            5.6,
            10
          ],
          "texture": "#1"
        }
      }
    },
    {
      "from": [
        7.22,
        6.97581,
        8.43552
      ],
      "to": [
        8.78,
        10.09581,
        9.21552
      ],
      "rotation": {
        "angle": 0,
        "axis": "x",
        "origin": [
          8,
          8.53581,
          9.625
        ]
      },
      "faces": {
        "north": {
          "uv": [
            5.2,
            2.4,
            4,
            4.8
          ],
          "rotation": 180,
          "texture": "#1"
        },
        "east": {
          "uv": [
            8.8,
            6.4,
            11.2,
            7
          ],
          "rotation": 270,
          "texture": "#1"
        },
        "south": {
          "uv": [
            5.2,
            2.4,
            4,
            0
          ],
          "texture": "#1"
        },
        "west": {
          "uv": [
            7.2,
            8.8,
            9.6,
            9.4
          ],
          "rotation": 90,
          "texture": "#1"
        },
        "up": {
          "uv": [
            12.8,
            7.2,
            14,
            7.8
          ],
          "rotation": 180,
          "texture": "#1"
        },
        "down": {
          "uv": [
            8,
            12.8,
            9.2,
            13.4
          ],
          "texture": "#1"
        }
      }
    },
    {
      "from": [
        7.22,
        9.52187,
        7.92908
      ],
      "to": [
        8.78,
        12.33687,
        8.70908
      ],
      "rotation": {
        "angle": 22.5,
        "axis": "x",
        "origin": [
          8,
          8.53581,
          9.625
        ]
      },
      "faces": {
        "north": {
          "uv": [
            6.8,
            4.8,
            5.6,
            7
          ],
          "rotation": 180,
          "texture": "#1"
        },
        "east": {
          "uv": [
            3.2,
            9.6,
            5.4,
            10.2
          ],
          "rotation": 270,
          "texture": "#1"
        },
        "south": {
          "uv": [
            6.8,
            4.6,
            5.6,
            2.4
          ],
          "texture": "#1"
        },
        "west": {
          "uv": [
            7.2,
            9.6,
            9.4,
            10.2
          ],
          "rotation": 90,
          "texture": "#1"
        },
        "up": {
          "uv": [
            12.8,
            9.6,
            14,
            10.2
          ],
          "rotation": 180,
          "texture": "#1"
        },
        "down": {
          "uv": [
            12.8,
            10.4,
            14,
            11
          ],
          "texture": "#1"
        }
      }
    },
    {
      "from": [
        7.22,
        9.9696,
        9.01001
      ],
      "to": [
        8.78,
        12.3666,
        9.79001
      ],
      "rotation": {
        "angle": 22.5,
        "axis": "x",
        "origin": [
          8,
          8.53581,
          9.625
        ]
      },
      "faces": {
        "north": {
          "uv": [
            5.2,
            7.2,
            4,
            9.2
          ],
          "rotation": 180,
          "texture": "#1"
        },
        "east": {
          "uv": [
            5.6,
            10.4,
            7.6,
            11
          ],
          "rotation": 270,
          "texture": "#1"
        },
        "south": {
          "uv": [
            8.4,
            5.2,
            7.2,
            3.2
          ],
          "texture": "#1"
        },
        "west": {
          "uv": [
            8,
            10.4,
            10,
            11
          ],
          "rotation": 90,
          "texture": "#1"
        },
        "up": {
          "uv": [
            12.8,
            11.2,
            14,
            11.8
          ],
          "rotation": 180,
          "texture": "#1"
        },
        "down": {
          "uv": [
            12,
            12.8,
            13.2,
            13.4
          ],
          "texture": "#1"
        }
      }
    },
    {
      "from": [
        7.22,
        6.97581,
        9.60552
      ],
      "to": [
        8.78,
        10.09581,
        10.38552
      ],
      "rotation": {
        "angle": 0,
        "axis": "x",
        "origin": [
          8,
          8.53581,
          9.625
        ]
      },
      "faces": {
        "north": {
          "uv": [
            6.8,
            0,
            5.6,
            2.4
          ],
          "rotation": 180,
          "texture": "#1"
        },
        "east": {
          "uv": [
            8.8,
            7.2,
            11.2,
            7.8
          ],
          "rotation": 270,
          "texture": "#1"
        },
        "south": {
          "uv": [
            5.2,
            7.2,
            4,
            4.8
          ],
          "texture": "#1"
        },
        "west": {
          "uv": [
            8.8,
            8,
            11.2,
            8.6
          ],
          "rotation": 90,
          "texture": "#1"
        },
        "up": {
          "uv": [
            12.8,
            12,
            14,
            12.6
          ],
          "rotation": 180,
          "texture": "#1"
        },
        "down": {
          "uv": [
            0,
            13.6,
            1.2,
            14.2
          ],
          "texture": "#1"
        }
      }
    },
    {
      "from": [
        7.376,
        7.13181,
        9.21552
      ],
      "to": [
        8.624,
        9.93981,
        9.60552
      ],
      "rotation": {
        "angle": 0,
        "axis": "x",
        "origin": [
          8,
          8.53581,
          9.625
        ]
      },
      "faces": {
        "north": {
          "uv": [
            0,
            0,
            0,
            0
          ],
          "texture": "#1"
        },
        "east": {
          "uv": [
            12.8,
            4.8,
            15,
            5.2
          ],
          "rotation": 270,
          "texture": "#1"
        },
        "south": {
          "uv": [
            0,
            0,
            0,
            0
          ],
          "texture": "#1"
        },
        "west": {
          "uv": [
            5.6,
            12.8,
            7.8,
            13.2
          ],
          "rotation": 90,
          "texture": "#1"
        },
        "up": {
          "uv": [
            0,
            0,
            0,
            0
          ],
          "texture": "#1"
        },
        "down": {
          "uv": [
            0,
            0,
            0,
            0
          ],
          "texture": "#1"
        }
      }
    },
    {
      "from": [
        7.376,
        9.67623,
        8.7094
      ],
      "to": [
        8.624,
        12.23223,
        9.0994
      ],
      "rotation": {
        "angle": 22.5,
        "axis": "x",
        "origin": [
          8,
          8.53581,
          9.625
        ]
      },
      "faces": {
        "north": {
          "uv": [
            0,
            0,
            0,
            0
          ],
          "texture": "#1"
        },
        "east": {
          "uv": [
            12.8,
            5.6,
            14.8,
            6
          ],
          "rotation": 270,
          "texture": "#1"
        },
        "south": {
          "uv": [
            0,
            0,
            0,
            0
          ],
          "texture": "#1"
        },
        "west": {
          "uv": [
            12.8,
            6.4,
            14.8,
            6.8
          ],
          "rotation": 90,
          "texture": "#1"
        },
        "up": {
          "uv": [
            14.4,
            8.8,
            15.4,
            9.2
          ],
          "rotation": 180,
          "texture": "#1"
        },
        "down": {
          "uv": [
            0,
            0,
            0,
            0
          ],
          "texture": "#1"
        }
      }
    },
    {
      "from": [
        7.22,
        4.73474,
        7.92908
      ],
      "to": [
        8.78,
        7.54974,
        8.70908
      ],
      "rotation": {
        "angle": -22.5,
        "axis": "x",
        "origin": [
          8,
          8.53581,
          9.625
        ]
      },
      "faces": {
        "north": {
          "uv": [
            6.8,
            7,
            5.6,
            4.8
          ],
          "rotation": 180,
          "texture": "#1"
        },
        "east": {
          "uv": [
            5.4,
            9.6,
            3.2,
            10.2
          ],
          "rotation": 270,
          "texture": "#1"
        },
        "south": {
          "uv": [
            6.8,
            2.4,
            5.6,
            4.6
          ],
          "texture": "#1"
        },
        "west": {
          "uv": [
            9.4,
            9.6,
            7.2,
            10.2
          ],
          "rotation": 90,
          "texture": "#1"
        },
        "up": {
          "uv": [
            14,
            10.4,
            12.8,
            11
          ],
          "rotation": 180,
          "texture": "#1"
        },
        "down": {
          "uv": [
            14,
            9.6,
            12.8,
            10.2
          ],
          "texture": "#1"
        }
      }
    },
    {
      "from": [
        7.22,
        4.70501,
        9.01001
      ],
      "to": [
        8.78,
        7.10201,
        9.79001
      ],
      "rotation": {
        "angle": -22.5,
        "axis": "x",
        "origin": [
          8,
          8.53581,
          9.625
        ]
      },
      "faces": {
        "north": {
          "uv": [
            5.2,
            9.2,
            4,
            7.2
          ],
          "rotation": 180,
          "texture": "#1"
        },
        "east": {
          "uv": [
            7.6,
            10.4,
            5.6,
            11
          ],
          "rotation": 270,
          "texture": "#1"
        },
        "south": {
          "uv": [
            8.4,
            3.2,
            7.2,
            5.2
          ],
          "texture": "#1"
        },
        "west": {
          "uv": [
            10,
            10.4,
            8,
            11
          ],
          "rotation": 90,
          "texture": "#1"
        },
        "up": {
          "uv": [
            13.2,
            12.8,
            12,
            13.4
          ],
          "rotation": 180,
          "texture": "#1"
        },
        "down": {
          "uv": [
            14,
            11.2,
            12.8,
            11.8
          ],
          "texture": "#1"
        }
      }
    },
    {
      "from": [
        7.376,
        4.83938,
        8.7094
      ],
      "to": [
        8.624,
        7.39538,
        9.0994
      ],
      "rotation": {
        "angle": -22.5,
        "axis": "x",
        "origin": [
          8,
          8.53581,
          9.625
        ]
      },
      "faces": {
        "north": {
          "uv": [
            0,
            0,
            0,
            0
          ],
          "texture": "#1"
        },
        "east": {
          "uv": [
            14.8,
            5.6,
            12.8,
            6
          ],
          "rotation": 270,
          "texture": "#1"
        },
        "south": {
          "uv": [
            0,
            0,
            0,
            0
          ],
          "texture": "#1"
        },
        "west": {
          "uv": [
            14.8,
            6.4,
            12.8,
            6.8
          ],
          "rotation": 90,
          "texture": "#1"
        },
        "up": {
          "uv": [
            0,
            0,
            0,
            0
          ],
          "texture": "#1"
        },
        "down": {
          "uv": [
            15.4,
            8.8,
            14.4,
            9.2
          ],
          "texture": "#1"
        }
      }
    },
    {
      "from": [
        7.5,
        8.9,
        7.5
      ],
      "to": [
        8.5,
        9.9,
        8.5
      ],
      "rotation": {
        "angle": 0,
        "axis": "y",
        "origin": [
          7.5,
          7,
          7.5
        ]
      },
      "faces": {
        "north": {
          "uv": [
            11.2,
            13.6,
            12,
            14.4
          ],
          "texture": "#1"
        },
        "east": {
          "uv": [
            12,
            13.6,
            12.8,
            14.4
          ],
          "texture": "#1"
        },
        "south": {
          "uv": [
            12.8,
            13.6,
            13.6,
            14.4
          ],
          "texture": "#1"
        },
        "west": {
          "uv": [
            13.6,
            12.8,
            14.4,
            13.6
          ],
          "texture": "#1"
        },
        "up": {
          "uv": [
            0,
            0,
            0,
            0
          ],
          "texture": "#1"
        },
        "down": {
          "uv": [
            0,
            0,
            0,
            0
          ],
          "texture": "#1"
        }
      }
    },
    {
      "from": [
        7.5,
        11.5,
        7.5
      ],
      "to": [
        8.5,
        12.5,
        8.5
      ],
      "rotation": {
        "angle": 0,
        "axis": "y",
        "origin": [
          7.5,
          5,
          7.5
        ]
      },
      "faces": {
        "north": {
          "uv": [
            13.6,
            13.6,
            14.4,
            14.4
          ],
          "texture": "#1"
        },
        "east": {
          "uv": [
            0,
            14.4,
            0.8,
            15.2
          ],
          "texture": "#1"
        },
        "south": {
          "uv": [
            0.8,
            14.4,
            1.6,
            15.2
          ],
          "texture": "#1"
        },
        "west": {
          "uv": [
            2.4,
            14.4,
            3.2,
            15.2
          ],
          "texture": "#1"
        },
        "up": {
          "uv": [
            0,
            0,
            0,
            0
          ],
          "texture": "#1"
        },
        "down": {
          "uv": [
            0,
            0,
            0,
            0
          ],
          "texture": "#1"
        }
      }
    },
    {
      "from": [
        7.4,
        9.9,
        7.4
      ],
      "to": [
        8.6,
        11.5,
        8.6
      ],
      "rotation": {
        "angle": 0,
        "axis": "y",
        "origin": [
          7.5,
          7,
          7.5
        ]
      },
      "faces": {
        "north": {
          "uv": [
            10.4,
            8.8,
            11.4,
            10
          ],
          "texture": "#1"
        },
        "east": {
          "uv": [
            10.4,
            10.4,
            11.4,
            11.6
          ],
          "texture": "#1"
        },
        "south": {
          "uv": [
            11.2,
            0,
            12.2,
            1.2
          ],
          "texture": "#1"
        },
        "west": {
          "uv": [
            11.2,
            1.6,
            12.2,
            2.8
          ],
          "texture": "#1"
        },
        "up": {
          "uv": [
            1,
            13,
            0,
            12
          ],
          "texture": "#1"
        },
        "down": {
          "uv": [
            2.6,
            12,
            1.6,
            13
          ],
          "texture": "#1"
        }
      }
    },
    {
      "from": [
        7.4,
        12.5,
        7.4
      ],
      "to": [
        8.6,
        14.1,
        8.6
      ],
      "rotation": {
        "angle": 0,
        "axis": "y",
        "origin": [
          7.5,
          9.6,
          7.5
        ]
      },
      "faces": {
        "north": {
          "uv": [
            11.2,
            3.2,
            12.2,
            4.4
          ],
          "texture": "#1"
        },
        "east": {
          "uv": [
            11.2,
            4.8,
            12.2,
            6
          ],
          "texture": "#1"
        },
        "south": {
          "uv": [
            5.6,
            11.2,
            6.6,
            12.4
          ],
          "texture": "#1"
        },
        "west": {
          "uv": [
            11.2,
            6.4,
            12.2,
            7.6
          ],
          "texture": "#1"
        },
        "up": {
          "uv": [
            4.2,
            13,
            3.2,
            12
          ],
          "texture": "#1"
        },
        "down": {
          "uv": [
            13,
            8,
            12,
            9
          ],
          "texture": "#1"
        }
      }
    },
    {
      "from": [
        7.5,
        14.09232,
        7.5
      ],
      "to": [
        8.5,
        16.09232,
        8.5
      ],
      "rotation": {
        "angle": 0,
        "axis": "x",
        "origin": [
          7.5,
          14.09232,
          7.5
        ]
      },
      "faces": {
        "north": {
          "uv": [
            10.4,
            3.2,
            11.2,
            4.8
          ],
          "texture": "#1"
        },
        "east": {
          "uv": [
            4,
            10.4,
            4.8,
            12
          ],
          "texture": "#1"
        },
        "south": {
          "uv": [
            4.8,
            10.4,
            5.6,
            12
          ],
          "texture": "#1"
        },
        "west": {
          "uv": [
            10.4,
            4.8,
            11.2,
            6.4
          ],
          "texture": "#1"
        },
        "up": {
          "uv": [
            15.2,
            3.2,
            14.4,
            2.4
          ],
          "texture": "#1"
        },
        "down": {
          "uv": [
            0,
            0,
            0,
            0
          ],
          "texture": "#1"
        }
      }
    },
    {
      "from": [
        7.6,
        15.99232,
        7.225
      ],
      "to": [
        8.4,
        17.99232,
        8.025
      ],
      "rotation": {
        "angle": -22.5,
        "axis": "x",
        "origin": [
          8,
          17.09232,
          8
        ]
      },
      "faces": {
        "north": {
          "uv": [
            12,
            11.2,
            12.6,
            12.8
          ],
          "texture": "#1"
        },
        "east": {
          "uv": [
            12.8,
            0,
            13.4,
            1.6
          ],
          "texture": "#1"
        },
        "south": {
          "uv": [
            12.8,
            1.6,
            13.4,
            3.2
          ],
          "texture": "#1"
        },
        "west": {
          "uv": [
            12.8,
            3.2,
            13.4,
            4.8
          ],
          "texture": "#1"
        },
        "up": {
          "uv": [
            11,
            15,
            10.4,
            14.4
          ],
          "texture": "#1"
        },
        "down": {
          "uv": [
            0,
            0,
            0,
            0
          ],
          "texture": "#1"
        }
      }
    },
    {
      "from": [
        7.7,
        17.35764,
        6.41373
      ],
      "to": [
        8.3,
        19.35764,
        7.01373
      ],
      "rotation": {
        "angle": -45,
        "axis": "x",
        "origin": [
          8,
          18.35764,
          6.68873
        ]
      },
      "faces": {
        "north": {
          "uv": [
            3.2,
            14.4,
            3.6,
            16
          ],
          "texture": "#1"
        },
        "east": {
          "uv": [
            14.4,
            3.2,
            14.8,
            4.8
          ],
          "texture": "#1"
        },
        "south": {
          "uv": [
            4.8,
            14.4,
            5.2,
            16
          ],
          "texture": "#1"
        },
        "west": {
          "uv": [
            5.6,
            14.4,
            6,
            16
          ],
          "texture": "#1"
        },
        "up": {
          "uv": [
            15.6,
            3.6,
            15.2,
            3.2
          ],
          "texture": "#1"
        },
        "down": {
          "uv": [
            0,
            0,
            0,
            0
          ],
          "texture": "#1"
        }
      }
    },
    {
      "from": [
        7.5968,
        11.2718,
        3.4468
      ],
      "to": [
        8.4032,
        12.0782,
        4.2532
      ],
      "rotation": {
        "angle": 22.5,
        "axis": "x",
        "origin": [
          8,
          11.675,
          3.85
        ]
      },
      "faces": {
        "north": {
          "uv": [
            14.4,
            10.4,
            15,
            11
          ],
          "texture": "#1"
        },
        "east": {
          "uv": [
            11.2,
            14.4,
            11.8,
            15
          ],
          "texture": "#1"
        },
        "south": {
          "uv": [
            14.4,
            11.2,
            15,
            11.8
          ],
          "texture": "#1"
        },
        "west": {
          "uv": [
            12,
            14.4,
            12.6,
            15
          ],
          "texture": "#1"
        },
        "up": {
          "uv": [
            15,
            12.6,
            14.4,
            12
          ],
          "texture": "#1"
        },
        "down": {
          "uv": [
            13.4,
            14.4,
            12.8,
            15
          ],
          "texture": "#1"
        }
      }
    },
    {
      "from": [
        8,
        8,
        2.625
      ],
      "to": [
        8,
        19,
        7.625
      ],
      "rotation": {
        "angle": 0,
        "axis": "y",
        "origin": [
          8,
          0,
          0.025
        ]
      },
      "faces": {
        "north": {
          "uv": [
            0,
            0,
            0,
            8.8
          ],
          "texture": "#1"
        },
        "east": {
          "uv": [
            4,
            0,
            0,
            8.8
          ],
          "texture": "#1"
        },
        "south": {
          "uv": [
            0,
            0,
            0,
            8.8
          ],
          "texture": "#1"
        },
        "west": {
          "uv": [
            0,
            0,
            4,
            8.8
          ],
          "texture": "#1"
        },
        "up": {
          "uv": [
            0,
            4,
            0,
            0
          ],
          "texture": "#1"
        },
        "down": {
          "uv": [
            0,
            0,
            0,
            4
          ],
          "texture": "#1"
        }
      }
    },
    {
      "from": [
        8.29,
        10.355,
        6.0475
      ],
      "to": [
        8.58,
        10.645,
        7.2075
      ],
      "rotation": {
        "angle": 0,
        "axis": "y",
        "origin": [
          8,
          4.25,
          3.1855
        ]
      },
      "faces": {
        "north": {
          "uv": [
            1.6,
            15.2,
            2,
            15.6
          ],
          "texture": "#1"
        },
        "east": {
          "uv": [
            13.6,
            0,
            15.2,
            0.4
          ],
          "texture": "#1"
        },
        "south": {
          "uv": [
            15.2,
            1.6,
            15.6,
            2
          ],
          "texture": "#1"
        },
        "west": {
          "uv": [
            13.6,
            0.8,
            15.2,
            1.2
          ],
          "texture": "#1"
        },
        "up": {
          "uv": [
            10,
            14.4,
            9.6,
            12.8
          ],
          "texture": "#1"
        },
        "down": {
          "uv": [
            2,
            13.6,
            1.6,
            15.2
          ],
          "texture": "#1"
        }
      }
    },
    {
      "from": [
        7.42,
        10.355,
        6.0475
      ],
      "to": [
        7.71,
        10.645,
        7.2075
      ],
      "rotation": {
        "angle": 0,
        "axis": "y",
        "origin": [
          8,
          4.25,
          3.1855
        ]
      },
      "faces": {
        "north": {
          "uv": [
            2.4,
            15.2,
            2.8,
            15.6
          ],
          "texture": "#1"
        },
        "east": {
          "uv": [
            13.6,
            1.6,
            15.2,
            2
          ],
          "texture": "#1"
        },
        "south": {
          "uv": [
            15.2,
            2.4,
            15.6,
            2.8
          ],
          "texture": "#1"
        },
        "west": {
          "uv": [
            2.4,
            13.6,
            4,
            14
          ],
          "texture": "#1"
        },
        "up": {
          "uv": [
            14,
            4,
            13.6,
            2.4
          ],
          "texture": "#1"
        },
        "down": {
          "uv": [
            4.4,
            13.6,
            4,
            15.2
          ],
          "texture": "#1"
        }
      }
    },
    {
      "from": [
        7.71,
        10.355,
        6.9175
      ],
      "to": [
        8.29,
        10.645,
        7.4975
      ],
      "rotation": {
        "angle": 0,
        "axis": "y",
        "origin": [
          8.29,
          4.25,
          3.7655
        ]
      },
      "faces": {
        "north": {
          "uv": [
            14.4,
            12.8,
            15.2,
            13.2
          ],
          "texture": "#1"
        },
        "east": {
          "uv": [
            13.6,
            14.4,
            14.4,
            14.8
          ],
          "texture": "#1"
        },
        "south": {
          "uv": [
            14.4,
            13.6,
            15.2,
            14
          ],
          "texture": "#1"
        },
        "west": {
          "uv": [
            14.4,
            14.4,
            15.2,
            14.8
          ],
          "texture": "#1"
        },
        "up": {
          "uv": [
            4,
            9.6,
            3.2,
            8.8
          ],
          "texture": "#1"
        },
        "down": {
          "uv": [
            12,
            8,
            11.2,
            8.8
          ],
          "texture": "#1"
        }
      }
    },
    {
      "from": [
        7.71,
        10.355,
        6.0475
      ],
      "to": [
        8.29,
        10.645,
        6.3375
      ],
      "rotation": {
        "angle": 0,
        "axis": "y",
        "origin": [
          8.29,
          4.25,
          3.7655
        ]
      },
      "faces": {
        "north": {
          "uv": [
            0,
            15.2,
            0.8,
            15.6
          ],
          "texture": "#1"
        },
        "east": {
          "uv": [
            0,
            0,
            0,
            0
          ],
          "texture": "#1"
        },
        "south": {
          "uv": [
            15.2,
            0,
            16,
            0.4
          ],
          "texture": "#1"
        },
        "west": {
          "uv": [
            0,
            0,
            0,
            0
          ],
          "texture": "#1"
        },
        "up": {
          "uv": [
            1.6,
            15.6,
            0.8,
            15.2
          ],
          "texture": "#1"
        },
        "down": {
          "uv": [
            16,
            0.8,
            15.2,
            1.2
          ],
          "texture": "#1"
        }
      }
    },
    {
      "from": [
        8.29,
        12.73,
        6.0475
      ],
      "to": [
        8.58,
        13.02,
        7.2075
      ],
      "rotation": {
        "angle": 0,
        "axis": "y",
        "origin": [
          8,
          4.025,
          3.1855
        ]
      },
      "faces": {
        "north": {
          "uv": [
            1.6,
            15.2,
            2,
            15.6
          ],
          "texture": "#1"
        },
        "east": {
          "uv": [
            13.6,
            0,
            15.2,
            0.4
          ],
          "texture": "#1"
        },
        "south": {
          "uv": [
            15.2,
            1.6,
            15.6,
            2
          ],
          "texture": "#1"
        },
        "west": {
          "uv": [
            13.6,
            0.8,
            15.2,
            1.2
          ],
          "texture": "#1"
        },
        "up": {
          "uv": [
            10,
            14.4,
            9.6,
            12.8
          ],
          "texture": "#1"
        },
        "down": {
          "uv": [
            2,
            13.6,
            1.6,
            15.2
          ],
          "texture": "#1"
        }
      }
    },
    {
      "from": [
        7.42,
        12.73,
        6.0475
      ],
      "to": [
        7.71,
        13.02,
        7.2075
      ],
      "rotation": {
        "angle": 0,
        "axis": "y",
        "origin": [
          8,
          4.025,
          3.1855
        ]
      },
      "faces": {
        "north": {
          "uv": [
            2.4,
            15.2,
            2.8,
            15.6
          ],
          "texture": "#1"
        },
        "east": {
          "uv": [
            13.6,
            1.6,
            15.2,
            2
          ],
          "texture": "#1"
        },
        "south": {
          "uv": [
            15.2,
            2.4,
            15.6,
            2.8
          ],
          "texture": "#1"
        },
        "west": {
          "uv": [
            2.4,
            13.6,
            4,
            14
          ],
          "texture": "#1"
        },
        "up": {
          "uv": [
            14,
            4,
            13.6,
            2.4
          ],
          "texture": "#1"
        },
        "down": {
          "uv": [
            4.4,
            13.6,
            4,
            15.2
          ],
          "texture": "#1"
        }
      }
    },
    {
      "from": [
        7.71,
        12.73,
        6.9175
      ],
      "to": [
        8.29,
        13.02,
        7.4975
      ],
      "rotation": {
        "angle": 0,
        "axis": "y",
        "origin": [
          8.29,
          4.025,
          3.7655
        ]
      },
      "faces": {
        "north": {
          "uv": [
            14.4,
            12.8,
            15.2,
            13.2
          ],
          "texture": "#1"
        },
        "east": {
          "uv": [
            13.6,
            14.4,
            14.4,
            14.8
          ],
          "texture": "#1"
        },
        "south": {
          "uv": [
            14.4,
            13.6,
            15.2,
            14
          ],
          "texture": "#1"
        },
        "west": {
          "uv": [
            14.4,
            14.4,
            15.2,
            14.8
          ],
          "texture": "#1"
        },
        "up": {
          "uv": [
            4,
            9.6,
            3.2,
            8.8
          ],
          "texture": "#1"
        },
        "down": {
          "uv": [
            12,
            8,
            11.2,
            8.8
          ],
          "texture": "#1"
        }
      }
    },
    {
      "from": [
        7.71,
        12.73,
        6.0475
      ],
      "to": [
        8.29,
        13.02,
        6.3375
      ],
      "rotation": {
        "angle": 0,
        "axis": "y",
        "origin": [
          8.29,
          4.025,
          3.7655
        ]
      },
      "faces": {
        "north": {
          "uv": [
            0,
            15.2,
            0.8,
            15.6
          ],
          "texture": "#1"
        },
        "east": {
          "uv": [
            0,
            0,
            0,
            0
          ],
          "texture": "#1"
        },
        "south": {
          "uv": [
            15.2,
            0,
            16,
            0.4
          ],
          "texture": "#1"
        },
        "west": {
          "uv": [
            0,
            0,
            0,
            0
          ],
          "texture": "#1"
        },
        "up": {
          "uv": [
            1.6,
            15.6,
            0.8,
            15.2
          ],
          "texture": "#1"
        },
        "down": {
          "uv": [
            16,
            0.8,
            15.2,
            1.2
          ],
          "texture": "#1"
        }
      }
    },
    {
      "from": [
        7.71,
        14.98,
        6.9425
      ],
      "to": [
        8.29,
        15.27,
        7.5225
      ],
      "rotation": {
        "angle": 0,
        "axis": "y",
        "origin": [
          8.29,
          4.075,
          3.6905
        ]
      },
      "faces": {
        "north": {
          "uv": [
            14.4,
            12.8,
            15.2,
            13.2
          ],
          "texture": "#1"
        },
        "east": {
          "uv": [
            13.6,
            14.4,
            14.4,
            14.8
          ],
          "texture": "#1"
        },
        "south": {
          "uv": [
            14.4,
            13.6,
            15.2,
            14
          ],
          "texture": "#1"
        },
        "west": {
          "uv": [
            14.4,
            14.4,
            15.2,
            14.8
          ],
          "texture": "#1"
        },
        "up": {
          "uv": [
            4,
            9.6,
            3.2,
            8.8
          ],
          "texture": "#1"
        },
        "down": {
          "uv": [
            12,
            8,
            11.2,
            8.8
          ],
          "texture": "#1"
        }
      }
    },
    {
      "from": [
        7.42,
        14.98,
        6.0725
      ],
      "to": [
        7.71,
        15.27,
        7.2325
      ],
      "rotation": {
        "angle": 0,
        "axis": "y",
        "origin": [
          8,
          4.075,
          3.1105
        ]
      },
      "faces": {
        "north": {
          "uv": [
            2.4,
            15.2,
            2.8,
            15.6
          ],
          "texture": "#1"
        },
        "east": {
          "uv": [
            13.6,
            1.6,
            15.2,
            2
          ],
          "texture": "#1"
        },
        "south": {
          "uv": [
            15.2,
            2.4,
            15.6,
            2.8
          ],
          "texture": "#1"
        },
        "west": {
          "uv": [
            2.4,
            13.6,
            4,
            14
          ],
          "texture": "#1"
        },
        "up": {
          "uv": [
            14,
            4,
            13.6,
            2.4
          ],
          "texture": "#1"
        },
        "down": {
          "uv": [
            4.4,
            13.6,
            4,
            15.2
          ],
          "texture": "#1"
        }
      }
    },
    {
      "from": [
        7.71,
        14.98,
        6.0725
      ],
      "to": [
        8.29,
        15.27,
        6.3625
      ],
      "rotation": {
        "angle": 0,
        "axis": "y",
        "origin": [
          8.29,
          4.075,
          3.6905
        ]
      },
      "faces": {
        "north": {
          "uv": [
            0,
            15.2,
            0.8,
            15.6
          ],
          "texture": "#1"
        },
        "east": {
          "uv": [
            0,
            0,
            0,
            0
          ],
          "texture": "#1"
        },
        "south": {
          "uv": [
            15.2,
            0,
            16,
            0.4
          ],
          "texture": "#1"
        },
        "west": {
          "uv": [
            0,
            0,
            0,
            0
          ],
          "texture": "#1"
        },
        "up": {
          "uv": [
            1.6,
            15.6,
            0.8,
            15.2
          ],
          "texture": "#1"
        },
        "down": {
          "uv": [
            16,
            0.8,
            15.2,
            1.2
          ],
          "texture": "#1"
        }
      }
    },
    {
      "from": [
        8.29,
        14.98,
        6.0725
      ],
      "to": [
        8.58,
        15.27,
        7.2325
      ],
      "rotation": {
        "angle": 0,
        "axis": "y",
        "origin": [
          8,
          4.075,
          3.1105
        ]
      },
      "faces": {
        "north": {
          "uv": [
            1.6,
            15.2,
            2,
            15.6
          ],
          "texture": "#1"
        },
        "east": {
          "uv": [
            13.6,
            0,
            15.2,
            0.4
          ],
          "texture": "#1"
        },
        "south": {
          "uv": [
            15.2,
            1.6,
            15.6,
            2
          ],
          "texture": "#1"
        },
        "west": {
          "uv": [
            13.6,
            0.8,
            15.2,
            1.2
          ],
          "texture": "#1"
        },
        "up": {
          "uv": [
            10,
            14.4,
            9.6,
            12.8
          ],
          "texture": "#1"
        },
        "down": {
          "uv": [
            2,
            13.6,
            1.6,
            15.2
          ],
          "texture": "#1"
        }
      }
    },
    {
      "from": [
        7.71,
        16.98,
        6.5925
      ],
      "to": [
        8.29,
        17.27,
        7.1725
      ],
      "rotation": {
        "angle": -22.5,
        "axis": "x",
        "origin": [
          8,
          17.25,
          6.275
        ]
      },
      "faces": {
        "north": {
          "uv": [
            14.4,
            12.8,
            15.2,
            13.2
          ],
          "texture": "#1"
        },
        "east": {
          "uv": [
            13.6,
            14.4,
            14.4,
            14.8
          ],
          "texture": "#1"
        },
        "south": {
          "uv": [
            14.4,
            13.6,
            15.2,
            14
          ],
          "texture": "#1"
        },
        "west": {
          "uv": [
            14.4,
            14.4,
            15.2,
            14.8
          ],
          "texture": "#1"
        },
        "up": {
          "uv": [
            4,
            9.6,
            3.2,
            8.8
          ],
          "texture": "#1"
        },
        "down": {
          "uv": [
            12,
            8,
            11.2,
            8.8
          ],
          "texture": "#1"
        }
      }
    },
    {
      "from": [
        7.42,
        16.98,
        5.7225
      ],
      "to": [
        7.71,
        17.27,
        6.8825
      ],
      "rotation": {
        "angle": -22.5,
        "axis": "x",
        "origin": [
          8,
          17.25,
          6.275
        ]
      },
      "faces": {
        "north": {
          "uv": [
            2.4,
            15.2,
            2.8,
            15.6
          ],
          "texture": "#1"
        },
        "east": {
          "uv": [
            13.6,
            1.6,
            15.2,
            2
          ],
          "texture": "#1"
        },
        "south": {
          "uv": [
            15.2,
            2.4,
            15.6,
            2.8
          ],
          "texture": "#1"
        },
        "west": {
          "uv": [
            2.4,
            13.6,
            4,
            14
          ],
          "texture": "#1"
        },
        "up": {
          "uv": [
            14,
            4,
            13.6,
            2.4
          ],
          "texture": "#1"
        },
        "down": {
          "uv": [
            4.4,
            13.6,
            4,
            15.2
          ],
          "texture": "#1"
        }
      }
    },
    {
      "from": [
        7.71,
        16.98,
        5.7225
      ],
      "to": [
        8.29,
        17.27,
        6.0125
      ],
      "rotation": {
        "angle": -22.5,
        "axis": "x",
        "origin": [
          8,
          17.25,
          6.275
        ]
      },
      "faces": {
        "north": {
          "uv": [
            0,
            15.2,
            0.8,
            15.6
          ],
          "texture": "#1"
        },
        "east": {
          "uv": [
            0,
            0,
            0,
            0
          ],
          "texture": "#1"
        },
        "south": {
          "uv": [
            15.2,
            0,
            16,
            0.4
          ],
          "texture": "#1"
        },
        "west": {
          "uv": [
            0,
            0,
            0,
            0
          ],
          "texture": "#1"
        },
        "up": {
          "uv": [
            1.6,
            15.6,
            0.8,
            15.2
          ],
          "texture": "#1"
        },
        "down": {
          "uv": [
            16,
            0.8,
            15.2,
            1.2
          ],
          "texture": "#1"
        }
      }
    },
    {
      "from": [
        8.29,
        16.98,
        5.7225
      ],
      "to": [
        8.58,
        17.27,
        6.8825
      ],
      "rotation": {
        "angle": -22.5,
        "axis": "x",
        "origin": [
          8,
          17.25,
          6.275
        ]
      },
      "faces": {
        "north": {
          "uv": [
            1.6,
            15.2,
            2,
            15.6
          ],
          "texture": "#1"
        },
        "east": {
          "uv": [
            13.6,
            0,
            15.2,
            0.4
          ],
          "texture": "#1"
        },
        "south": {
          "uv": [
            15.2,
            1.6,
            15.6,
            2
          ],
          "texture": "#1"
        },
        "west": {
          "uv": [
            13.6,
            0.8,
            15.2,
            1.2
          ],
          "texture": "#1"
        },
        "up": {
          "uv": [
            10,
            14.4,
            9.6,
            12.8
          ],
          "texture": "#1"
        },
        "down": {
          "uv": [
            2,
            13.6,
            1.6,
            15.2
          ],
          "texture": "#1"
        }
      }
    },
    {
      "from": [
        7.71,
        18.09621,
        5.69697
      ],
      "to": [
        8.29,
        18.38621,
        6.27697
      ],
      "rotation": {
        "angle": -45,
        "axis": "x",
        "origin": [
          8,
          18.24121,
          5.90447
        ]
      },
      "faces": {
        "north": {
          "uv": [
            14.4,
            12.8,
            15.2,
            13.2
          ],
          "texture": "#1"
        },
        "east": {
          "uv": [
            13.6,
            14.4,
            14.4,
            14.8
          ],
          "texture": "#1"
        },
        "south": {
          "uv": [
            14.4,
            13.6,
            15.2,
            14
          ],
          "texture": "#1"
        },
        "west": {
          "uv": [
            14.4,
            14.4,
            15.2,
            14.8
          ],
          "texture": "#1"
        },
        "up": {
          "uv": [
            4,
            9.6,
            3.2,
            8.8
          ],
          "texture": "#1"
        },
        "down": {
          "uv": [
            12,
            8,
            11.2,
            8.8
          ],
          "texture": "#1"
        }
      }
    },
    {
      "from": [
        7.42,
        18.09621,
        4.82697
      ],
      "to": [
        7.71,
        18.38621,
        5.98697
      ],
      "rotation": {
        "angle": -45,
        "axis": "x",
        "origin": [
          8,
          18.24121,
          5.90447
        ]
      },
      "faces": {
        "north": {
          "uv": [
            2.4,
            15.2,
            2.8,
            15.6
          ],
          "texture": "#1"
        },
        "east": {
          "uv": [
            13.6,
            1.6,
            15.2,
            2
          ],
          "texture": "#1"
        },
        "south": {
          "uv": [
            15.2,
            2.4,
            15.6,
            2.8
          ],
          "texture": "#1"
        },
        "west": {
          "uv": [
            2.4,
            13.6,
            4,
            14
          ],
          "texture": "#1"
        },
        "up": {
          "uv": [
            14,
            4,
            13.6,
            2.4
          ],
          "texture": "#1"
        },
        "down": {
          "uv": [
            4.4,
            13.6,
            4,
            15.2
          ],
          "texture": "#1"
        }
      }
    },
    {
      "from": [
        7.71,
        18.09621,
        4.82697
      ],
      "to": [
        8.29,
        18.38621,
        5.11697
      ],
      "rotation": {
        "angle": -45,
        "axis": "x",
        "origin": [
          8,
          18.24121,
          5.90447
        ]
      },
      "faces": {
        "north": {
          "uv": [
            0,
            15.2,
            0.8,
            15.6
          ],
          "texture": "#1"
        },
        "east": {
          "uv": [
            0,
            0,
            0,
            0
          ],
          "texture": "#1"
        },
        "south": {
          "uv": [
            15.2,
            0,
            16,
            0.4
          ],
          "texture": "#1"
        },
        "west": {
          "uv": [
            0,
            0,
            0,
            0
          ],
          "texture": "#1"
        },
        "up": {
          "uv": [
            1.6,
            15.6,
            0.8,
            15.2
          ],
          "texture": "#1"
        },
        "down": {
          "uv": [
            16,
            0.8,
            15.2,
            1.2
          ],
          "texture": "#1"
        }
      }
    },
    {
      "from": [
        8.29,
        18.09621,
        4.82697
      ],
      "to": [
        8.58,
        18.38621,
        5.98697
      ],
      "rotation": {
        "angle": -45,
        "axis": "x",
        "origin": [
          8,
          18.24121,
          5.90447
        ]
      },
      "faces": {
        "north": {
          "uv": [
            1.6,
            15.2,
            2,
            15.6
          ],
          "texture": "#1"
        },
        "east": {
          "uv": [
            13.6,
            0,
            15.2,
            0.4
          ],
          "texture": "#1"
        },
        "south": {
          "uv": [
            15.2,
            1.6,
            15.6,
            2
          ],
          "texture": "#1"
        },
        "west": {
          "uv": [
            13.6,
            0.8,
            15.2,
            1.2
          ],
          "texture": "#1"
        },
        "up": {
          "uv": [
            10,
            14.4,
            9.6,
            12.8
          ],
          "texture": "#1"
        },
        "down": {
          "uv": [
            2,
            13.6,
            1.6,
            15.2
          ],
          "texture": "#1"
        }
      }
    },
    {
      "from": [
        7.1,
        6.11779,
        5.89374
      ],
      "to": [
        7.1,
        17.11779,
        9.89374
      ],
      "rotation": {
        "angle": 0,
        "axis": "x",
        "origin": [
          7.1,
          11.61779,
          7.89374
        ]
      },
      "faces": {
        "north": {
          "uv": [
            0,
            0,
            0,
            14.66667
          ],
          "rotation": 180,
          "texture": "#2"
        },
        "south": {
          "uv": [
            0,
            14.66667,
            0,
            0
          ],
          "texture": "#2"
        },
        "west": {
          "uv": [
            0,
            0,
            14.66667,
            5.33333
          ],
          "rotation": 90,
          "texture": "#2"
        },
        "up": {
          "uv": [
            0,
            0,
            0,
            5.33333
          ],
          "rotation": 180,
          "texture": "#2"
        },
        "down": {
          "uv": [
            0,
            0,
            0,
            5.33333
          ],
          "texture": "#2"
        }
      }
    },
    {
      "from": [
        8.9,
        6.11779,
        5.89374
      ],
      "to": [
        8.9,
        17.11779,
        9.89374
      ],
      "rotation": {
        "angle": 0,
        "axis": "x",
        "origin": [
          8.9,
          11.61779,
          7.89374
        ]
      },
      "faces": {
        "north": {
          "uv": [
            0,
            0,
            0,
            14.66667
          ],
          "rotation": 180,
          "texture": "#2"
        },
        "east": {
          "uv": [
            0,
            5.33333,
            14.66667,
            0
          ],
          "rotation": 90,
          "texture": "#2"
        },
        "south": {
          "uv": [
            0,
            14.66667,
            0,
            0
          ],
          "texture": "#2"
        },
        "up": {
          "uv": [
            0,
            0,
            0,
            5.33333
          ],
          "rotation": 180,
          "texture": "#2"
        },
        "down": {
          "uv": [
            0,
            0,
            0,
            5.33333
          ],
          "texture": "#2"
        }
      }
    }
  ],
  "gui_light": "front",
  "display": {
    "thirdperson_righthand": {
      "translation": [
        0,
        1,
        1.25
      ]
    },
    "thirdperson_lefthand": {
      "translation": [
        0,
        1,
        1.25
      ]
    },
    "firstperson_righthand": {
      "rotation": [
        -15,
        0,
        0
      ],
      "translation": [
        -1.75,
        3.25,
        3.25
      ]
    },
    "firstperson_lefthand": {
      "rotation": [
        -15,
        0,
        0
      ],
      "translation": [
        -1.75,
        3.25,
        3.25
      ]
    },
    "ground": {
      "translation": [
        0,
        10.25,
        0
      ]
    },
    "gui": {
      "rotation": [
        90,
        -135,
        90
      ],
      "translation": [
        -2,
        -0.5,
        0
      ],
      "scale": [
        1.08008,
        1.08008,
        1.08008
      ]
    },
    "head": {
      "rotation": [
        0,
        90,
        0
      ],
      "scale": [
        1.5,
        1.5,
        1.5
      ]
    },
    "fixed": {
      "rotation": [
        0,
        -90,
        0
      ],
      "translation": [
        0,
        -4.5,
        -1.5
      ],
      "scale": [
        2,
        2,
        2
      ]
    }
  }
}