{
  "credit": "MadebyPolygonMC",
  "texture_size": [
    12,
    12
  ],
  "textures": {
    "1": "thunderboltset:scythe",
    "2": "thunderboltset:animation_4",
    "particle": "thunderboltset:scythe"
  },
  "elements": [
    {
      "from": [
        7.5,
        0,
        7.5
      ],
      "to": [
        8.5,
        1,
        8.5
      ],
      "rotation": {
        "angle": -45,
        "axis": "x",
        "origin": [
          8,
          0.5,
          8
        ]
      },
      "faces": {
        "north": {
          "uv": [
            0.66667,
            10,
            1.33333,
            10.66667
          ],
          "texture": "#1"
        },
        "east": {
          "uv": [
            10,
            4.66667,
            10.66667,
            5.33333
          ],
          "texture": "#1"
        },
        "south": {
          "uv": [
            12.66667,
            6.66667,
            13.33333,
            7.33333
          ],
          "texture": "#1"
        },
        "west": {
          "uv": [
            12.66667,
            7.33333,
            13.33333,
            8
          ],
          "texture": "#1"
        },
        "up": {
          "uv": [
            9.33333,
            13.33333,
            8.66667,
            12.66667
          ],
          "texture": "#1"
        },
        "down": {
          "uv": [
            13.33333,
            8.66667,
            12.66667,
            9.33333
          ],
          "texture": "#1"
        }
      }
    },
    {
      "from": [
        7.38,
        0.74,
        7.38
      ],
      "to": [
        8.62,
        1.36,
        8.62
      ],
      "rotation": {
        "angle": 0,
        "axis": "x",
        "origin": [
          8,
          1.36,
          8
        ]
      },
      "faces": {
        "north": {
          "uv": [
            2,
            13.33333,
            2.83333,
            13.66667
          ],
          "texture": "#1"
        },
        "east": {
          "uv": [
            13.33333,
            2,
            14.16667,
            2.33333
          ],
          "texture": "#1"
        },
        "south": {
          "uv": [
            3.33333,
            13.33333,
            4.16667,
            13.66667
          ],
          "texture": "#1"
        },
        "west": {
          "uv": [
            13.33333,
            4,
            14.16667,
            4.33333
          ],
          "texture": "#1"
        },
        "up": {
          "uv": [
            10.83333,
            12.16667,
            10,
            11.33333
          ],
          "texture": "#1"
        },
        "down": {
          "uv": [
            12.16667,
            11.33333,
            11.33333,
            12.16667
          ],
          "texture": "#1"
        }
      }
    },
    {
      "from": [
        7.5,
        1.36,
        7.5
      ],
      "to": [
        8.5,
        3.36,
        8.5
      ],
      "rotation": {
        "angle": 0,
        "axis": "y",
        "origin": [
          6.88,
          -5.28,
          6.88
        ]
      },
      "faces": {
        "north": {
          "uv": [
            2,
            10.66667,
            2.66667,
            12
          ],
          "texture": "#1"
        },
        "east": {
          "uv": [
            11.33333,
            2.66667,
            12,
            4
          ],
          "texture": "#1"
        },
        "south": {
          "uv": [
            4,
            11.33333,
            4.66667,
            12.66667
          ],
          "texture": "#1"
        },
        "west": {
          "uv": [
            4.66667,
            11.33333,
            5.33333,
            12.66667
          ],
          "texture": "#1"
        },
        "up": {
          "uv": [
            10,
            13.33333,
            9.33333,
            12.66667
          ],
          "texture": "#1"
        },
        "down": {
          "uv": [
            13.33333,
            9.33333,
            12.66667,
            10
          ],
          "texture": "#1"
        }
      }
    },
    {
      "from": [
        7.5,
        5.36,
        7.5
      ],
      "to": [
        8.5,
        7.36,
        8.5
      ],
      "rotation": {
        "angle": 0,
        "axis": "y",
        "origin": [
          6.88,
          -1.28,
          6.88
        ]
      },
      "faces": {
        "north": {
          "uv": [
            5.33333,
            11.33333,
            6,
            12.66667
          ],
          "texture": "#1"
        },
        "east": {
          "uv": [
            6,
            11.33333,
            6.66667,
            12.66667
          ],
          "texture": "#1"
        },
        "south": {
          "uv": [
            6.66667,
            11.33333,
            7.33333,
            12.66667
          ],
          "texture": "#1"
        },
        "west": {
          "uv": [
            7.33333,
            11.33333,
            8,
            12.66667
          ],
          "texture": "#1"
        },
        "up": {
          "uv": [
            10.66667,
            13.33333,
            10,
            12.66667
          ],
          "texture": "#1"
        },
        "down": {
          "uv": [
            13.33333,
            10,
            12.66667,
            10.66667
          ],
          "texture": "#1"
        }
      }
    },
    {
      "from": [
        7.6,
        3.36,
        7.6
      ],
      "to": [
        8.4,
        5.36,
        8.4
      ],
      "rotation": {
        "angle": 0,
        "axis": "y",
        "origin": [
          6.88,
          -3.28,
          6.88
        ]
      },
      "faces": {
        "north": {
          "uv": [
            1.33333,
            12,
            1.83333,
            13.33333
          ],
          "texture": "#1"
        },
        "east": {
          "uv": [
            2,
            12,
            2.5,
            13.33333
          ],
          "texture": "#1"
        },
        "south": {
          "uv": [
            12,
            2.66667,
            12.5,
            4
          ],
          "texture": "#1"
        },
        "west": {
          "uv": [
            12,
            4.66667,
            12.5,
            6
          ],
          "texture": "#1"
        },
        "up": {
          "uv": [
            7.83333,
            13.83333,
            7.33333,
            13.33333
          ],
          "texture": "#1"
        },
        "down": {
          "uv": [
            9.16667,
            13.33333,
            8.66667,
            13.83333
          ],
          "texture": "#1"
        }
      }
    },
    {
      "from": [
        7.4,
        7,
        7
      ],
      "to": [
        8.6,
        9,
        9
      ],
      "rotation": {
        "angle": -45,
        "axis": "x",
        "origin": [
          8,
          8,
          8
        ]
      },
      "faces": {
        "north": {
          "uv": [
            10,
            2,
            10.83333,
            3.33333
          ],
          "texture": "#1"
        },
        "east": {
          "uv": [
            0,
            8.66667,
            1.33333,
            10
          ],
          "texture": "#1"
        },
        "south": {
          "uv": [
            10,
            3.33333,
            10.83333,
            4.66667
          ],
          "texture": "#1"
        },
        "west": {
          "uv": [
            8.66667,
            0,
            10,
            1.33333
          ],
          "texture": "#1"
        },
        "up": {
          "uv": [
            6.16667,
            11.33333,
            5.33333,
            10
          ],
          "texture": "#1"
        },
        "down": {
          "uv": [
            7.5,
            10,
            6.66667,
            11.33333
          ],
          "texture": "#1"
        }
      }
    },
    {
      "from": [
        7.3,
        7.2,
        7.2
      ],
      "to": [
        8.7,
        8.8,
        8.8
      ],
      "rotation": {
        "angle": 45,
        "axis": "x",
        "origin": [
          8,
          8,
          8
        ]
      },
      "faces": {
        "north": {
          "uv": [
            8,
            10,
            9,
            11
          ],
          "texture": "#1"
        },
        "east": {
          "uv": [
            10.66667,
            0,
            11.66667,
            1
          ],
          "texture": "#1"
        },
        "south": {
          "uv": [
            0.66667,
            10.66667,
            1.66667,
            11.66667
          ],
          "texture": "#1"
        },
        "west": {
          "uv": [
            10.66667,
            4.66667,
            11.66667,
            5.66667
          ],
          "texture": "#1"
        },
        "up": {
          "uv": [
            11.66667,
            7,
            10.66667,
            6
          ],
          "texture": "#1"
        },
        "down": {
          "uv": [
            11.66667,
            7.33333,
            10.66667,
            8.33333
          ],
          "texture": "#1"
        }
      }
    },
    {
      "from": [
        7.22,
        19.09633,
        6.44
      ],
      "to": [
        8.78,
        19.87633,
        9.56
      ],
      "rotation": {
        "angle": 0,
        "axis": "y",
        "origin": [
          7.22,
          12.93433,
          3.866
        ]
      },
      "faces": {
        "north": {
          "uv": [
            8.66667,
            3.33333,
            9.66667,
            3.83333
          ],
          "texture": "#1"
        },
        "east": {
          "uv": [
            10.66667,
            1.33333,
            12.66667,
            1.83333
          ],
          "texture": "#1"
        },
        "south": {
          "uv": [
            8.66667,
            12,
            9.66667,
            12.5
          ],
          "texture": "#1"
        },
        "west": {
          "uv": [
            10.66667,
            8.66667,
            12.66667,
            9.16667
          ],
          "texture": "#1"
        },
        "up": {
          "uv": [
            6.33333,
            7.33333,
            5.33333,
            5.33333
          ],
          "texture": "#1"
        },
        "down": {
          "uv": [
            1,
            6.66667,
            0,
            8.66667
          ],
          "texture": "#1"
        }
      }
    },
    {
      "from": [
        7.22,
        19.66363,
        3.89299
      ],
      "to": [
        8.78,
        20.44363,
        6.70799
      ],
      "rotation": {
        "angle": 22.5,
        "axis": "x",
        "origin": [
          8,
          20.05363,
          5.14799
        ]
      },
      "faces": {
        "north": {
          "uv": [
            4,
            12.66667,
            5,
            13.16667
          ],
          "texture": "#1"
        },
        "east": {
          "uv": [
            10.66667,
            10.66667,
            12.5,
            11.16667
          ],
          "texture": "#1"
        },
        "south": {
          "uv": [
            12.66667,
            4.66667,
            13.66667,
            5.16667
          ],
          "texture": "#1"
        },
        "west": {
          "uv": [
            11.33333,
            2,
            13.16667,
            2.5
          ],
          "texture": "#1"
        },
        "up": {
          "uv": [
            7.66667,
            9.83333,
            6.66667,
            8
          ],
          "texture": "#1"
        },
        "down": {
          "uv": [
            9,
            8,
            8,
            9.83333
          ],
          "texture": "#1"
        }
      }
    },
    {
      "from": [
        7.22,
        20.95237,
        3.71401
      ],
      "to": [
        8.78,
        21.73237,
        6.11101
      ],
      "rotation": {
        "angle": 22.5,
        "axis": "x",
        "origin": [
          8,
          19.78237,
          4.55101
        ]
      },
      "faces": {
        "north": {
          "uv": [
            5.33333,
            12.66667,
            6.33333,
            13.16667
          ],
          "texture": "#1"
        },
        "east": {
          "uv": [
            11.33333,
            4,
            13,
            4.5
          ],
          "texture": "#1"
        },
        "south": {
          "uv": [
            12.66667,
            5.33333,
            13.66667,
            5.83333
          ],
          "texture": "#1"
        },
        "west": {
          "uv": [
            8,
            11.33333,
            9.66667,
            11.83333
          ],
          "texture": "#1"
        },
        "up": {
          "uv": [
            2.33333,
            10.33333,
            1.33333,
            8.66667
          ],
          "texture": "#1"
        },
        "down": {
          "uv": [
            9.66667,
            1.33333,
            8.66667,
            3
          ],
          "texture": "#1"
        }
      }
    },
    {
      "from": [
        7.22,
        20.26633,
        6.44
      ],
      "to": [
        8.78,
        21.04633,
        9.56
      ],
      "rotation": {
        "angle": 0,
        "axis": "y",
        "origin": [
          7.22,
          12.93433,
          3.866
        ]
      },
      "faces": {
        "north": {
          "uv": [
            12.66667,
            6,
            13.66667,
            6.5
          ],
          "texture": "#1"
        },
        "east": {
          "uv": [
            10.66667,
            9.33333,
            12.66667,
            9.83333
          ],
          "texture": "#1"
        },
        "south": {
          "uv": [
            6.66667,
            12.66667,
            7.66667,
            13.16667
          ],
          "texture": "#1"
        },
        "west": {
          "uv": [
            10.66667,
            10,
            12.66667,
            10.5
          ],
          "texture": "#1"
        },
        "up": {
          "uv": [
            2.33333,
            8.66667,
            1.33333,
            6.66667
          ],
          "texture": "#1"
        },
        "down": {
          "uv": [
            3.66667,
            6.66667,
            2.66667,
            8.66667
          ],
          "texture": "#1"
        }
      }
    },
    {
      "from": [
        7.376,
        19.87633,
        6.596
      ],
      "to": [
        8.624,
        20.26633,
        9.404
      ],
      "rotation": {
        "angle": 0,
        "axis": "y",
        "origin": [
          7.22,
          12.93433,
          3.866
        ]
      },
      "faces": {
        "north": {
          "uv": [
            4.66667,
            13.33333,
            5.5,
            13.66667
          ],
          "texture": "#1"
        },
        "east": {
          "uv": [
            12,
            8,
            13.83333,
            8.33333
          ],
          "texture": "#1"
        },
        "south": {
          "uv": [
            6,
            13.33333,
            6.83333,
            13.66667
          ],
          "texture": "#1"
        },
        "west": {
          "uv": [
            12.66667,
            1.33333,
            14.5,
            1.66667
          ],
          "texture": "#1"
        },
        "up": {
          "uv": [
            4.83333,
            11.16667,
            4,
            9.33333
          ],
          "texture": "#1"
        },
        "down": {
          "uv": [
            10.16667,
            5.33333,
            9.33333,
            7.16667
          ],
          "texture": "#1"
        }
      }
    },
    {
      "from": [
        7.376,
        20.39877,
        4.2215
      ],
      "to": [
        8.624,
        20.78877,
        6.7775
      ],
      "rotation": {
        "angle": 22.5,
        "axis": "x",
        "origin": [
          8,
          20.59377,
          5.3735
        ]
      },
      "faces": {
        "north": {
          "uv": [
            13.33333,
            6.66667,
            14.16667,
            7
          ],
          "texture": "#1"
        },
        "east": {
          "uv": [
            12.66667,
            2.66667,
            14.33333,
            3
          ],
          "texture": "#1"
        },
        "south": {
          "uv": [
            13.33333,
            7.33333,
            14.16667,
            7.66667
          ],
          "texture": "#1"
        },
        "west": {
          "uv": [
            12.66667,
            3.33333,
            14.33333,
            3.66667
          ],
          "texture": "#1"
        },
        "up": {
          "uv": [
            10.16667,
            9,
            9.33333,
            7.33333
          ],
          "texture": "#1"
        },
        "down": {
          "uv": [
            10.16667,
            9.33333,
            9.33333,
            11
          ],
          "texture": "#1"
        }
      }
    },
    {
      "from": [
        7.22,
        20.95237,
        9.88899
      ],
      "to": [
        8.78,
        21.73237,
        12.28599
      ],
      "rotation": {
        "angle": -22.5,
        "axis": "x",
        "origin": [
          8,
          19.78237,
          11.44899
        ]
      },
      "faces": {
        "north": {
          "uv": [
            13.66667,
            5.33333,
            12.66667,
            5.83333
          ],
          "texture": "#1"
        },
        "east": {
          "uv": [
            13,
            4,
            11.33333,
            4.5
          ],
          "texture": "#1"
        },
        "south": {
          "uv": [
            6.33333,
            12.66667,
            5.33333,
            13.16667
          ],
          "texture": "#1"
        },
        "west": {
          "uv": [
            9.66667,
            11.33333,
            8,
            11.83333
          ],
          "texture": "#1"
        },
        "up": {
          "uv": [
            2.33333,
            8.66667,
            1.33333,
            10.33333
          ],
          "texture": "#1"
        },
        "down": {
          "uv": [
            9.66667,
            3,
            8.66667,
            1.33333
          ],
          "texture": "#1"
        }
      }
    },
    {
      "from": [
        7.376,
        20.39877,
        9.2225
      ],
      "to": [
        8.624,
        20.78877,
        11.7785
      ],
      "rotation": {
        "angle": -22.5,
        "axis": "x",
        "origin": [
          8,
          20.59377,
          10.6265
        ]
      },
      "faces": {
        "north": {
          "uv": [
            14.16667,
            7.33333,
            13.33333,
            7.66667
          ],
          "texture": "#1"
        },
        "east": {
          "uv": [
            14.33333,
            2.66667,
            12.66667,
            3
          ],
          "texture": "#1"
        },
        "south": {
          "uv": [
            14.16667,
            6.66667,
            13.33333,
            7
          ],
          "texture": "#1"
        },
        "west": {
          "uv": [
            14.33333,
            3.33333,
            12.66667,
            3.66667
          ],
          "texture": "#1"
        },
        "up": {
          "uv": [
            10.16667,
            7.33333,
            9.33333,
            9
          ],
          "texture": "#1"
        },
        "down": {
          "uv": [
            10.16667,
            11,
            9.33333,
            9.33333
          ],
          "texture": "#1"
        }
      }
    },
    {
      "from": [
        7.22,
        19.66363,
        9.29201
      ],
      "to": [
        8.78,
        20.44363,
        12.10701
      ],
      "rotation": {
        "angle": -22.5,
        "axis": "x",
        "origin": [
          8,
          20.05363,
          10.85201
        ]
      },
      "faces": {
        "north": {
          "uv": [
            13.66667,
            4.66667,
            12.66667,
            5.16667
          ],
          "texture": "#1"
        },
        "east": {
          "uv": [
            12.5,
            10.66667,
            10.66667,
            11.16667
          ],
          "texture": "#1"
        },
        "south": {
          "uv": [
            5,
            12.66667,
            4,
            13.16667
          ],
          "texture": "#1"
        },
        "west": {
          "uv": [
            13.16667,
            2,
            11.33333,
            2.5
          ],
          "texture": "#1"
        },
        "up": {
          "uv": [
            7.66667,
            8,
            6.66667,
            9.83333
          ],
          "texture": "#1"
        },
        "down": {
          "uv": [
            9,
            9.83333,
            8,
            8
          ],
          "texture": "#1"
        }
      }
    },
    {
      "from": [
        7.5,
        8.9,
        7.5
      ],
      "to": [
        8.5,
        9.9,
        8.5
      ],
      "rotation": {
        "angle": 0,
        "axis": "y",
        "origin": [
          7.5,
          7,
          7.5
        ]
      },
      "faces": {
        "north": {
          "uv": [
            10.66667,
            12.66667,
            11.33333,
            13.33333
          ],
          "texture": "#1"
        },
        "east": {
          "uv": [
            12.66667,
            10.66667,
            13.33333,
            11.33333
          ],
          "texture": "#1"
        },
        "south": {
          "uv": [
            11.33333,
            12.66667,
            12,
            13.33333
          ],
          "texture": "#1"
        },
        "west": {
          "uv": [
            12.66667,
            11.33333,
            13.33333,
            12
          ],
          "texture": "#1"
        },
        "up": {
          "uv": [
            12.66667,
            13.33333,
            12,
            12.66667
          ],
          "texture": "#1"
        },
        "down": {
          "uv": [
            13.33333,
            12,
            12.66667,
            12.66667
          ],
          "texture": "#1"
        }
      }
    },
    {
      "from": [
        7.5,
        13.5,
        7.5
      ],
      "to": [
        8.5,
        14.5,
        8.5
      ],
      "rotation": {
        "angle": 0,
        "axis": "y",
        "origin": [
          7.5,
          7,
          7.5
        ]
      },
      "faces": {
        "north": {
          "uv": [
            12.66667,
            12.66667,
            13.33333,
            13.33333
          ],
          "texture": "#1"
        },
        "east": {
          "uv": [
            0,
            13.33333,
            0.66667,
            14
          ],
          "texture": "#1"
        },
        "south": {
          "uv": [
            13.33333,
            0,
            14,
            0.66667
          ],
          "texture": "#1"
        },
        "west": {
          "uv": [
            0.66667,
            13.33333,
            1.33333,
            14
          ],
          "texture": "#1"
        },
        "up": {
          "uv": [
            14,
            1.33333,
            13.33333,
            0.66667
          ],
          "texture": "#1"
        },
        "down": {
          "uv": [
            2,
            13.33333,
            1.33333,
            14
          ],
          "texture": "#1"
        }
      }
    },
    {
      "from": [
        7.5,
        18.1,
        7.5
      ],
      "to": [
        8.5,
        19.1,
        8.5
      ],
      "rotation": {
        "angle": 0,
        "axis": "y",
        "origin": [
          7.5,
          7,
          7.5
        ]
      },
      "faces": {
        "north": {
          "uv": [
            12.66667,
            12.66667,
            13.33333,
            13.33333
          ],
          "texture": "#1"
        },
        "east": {
          "uv": [
            0,
            13.33333,
            0.66667,
            14
          ],
          "texture": "#1"
        },
        "south": {
          "uv": [
            13.33333,
            0,
            14,
            0.66667
          ],
          "texture": "#1"
        },
        "west": {
          "uv": [
            0.66667,
            13.33333,
            1.33333,
            14
          ],
          "texture": "#1"
        },
        "up": {
          "uv": [
            14,
            1.33333,
            13.33333,
            0.66667
          ],
          "texture": "#1"
        },
        "down": {
          "uv": [
            2,
            13.33333,
            1.33333,
            14
          ],
          "texture": "#1"
        }
      }
    },
    {
      "from": [
        7.4,
        9.9,
        7.4
      ],
      "to": [
        8.6,
        13.5,
        8.6
      ],
      "rotation": {
        "angle": 0,
        "axis": "y",
        "origin": [
          7.5,
          7,
          7.5
        ]
      },
      "faces": {
        "north": {
          "uv": [
            4,
            6.66667,
            4.83333,
            9
          ],
          "texture": "#1"
        },
        "east": {
          "uv": [
            6.66667,
            5.33333,
            7.5,
            7.66667
          ],
          "texture": "#1"
        },
        "south": {
          "uv": [
            5.33333,
            7.33333,
            6.16667,
            9.66667
          ],
          "texture": "#1"
        },
        "west": {
          "uv": [
            8,
            5.33333,
            8.83333,
            7.66667
          ],
          "texture": "#1"
        },
        "up": {
          "uv": [
            0.83333,
            12.83333,
            0,
            12
          ],
          "texture": "#1"
        },
        "down": {
          "uv": [
            12.83333,
            0,
            12,
            0.83333
          ],
          "texture": "#1"
        }
      }
    },
    {
      "from": [
        7.4,
        14.5,
        7.4
      ],
      "to": [
        8.6,
        18.1,
        8.6
      ],
      "rotation": {
        "angle": 0,
        "axis": "y",
        "origin": [
          7.5,
          7,
          7.5
        ]
      },
      "faces": {
        "north": {
          "uv": [
            4,
            6.66667,
            4.83333,
            9
          ],
          "texture": "#1"
        },
        "east": {
          "uv": [
            6.66667,
            5.33333,
            7.5,
            7.66667
          ],
          "texture": "#1"
        },
        "south": {
          "uv": [
            5.33333,
            7.33333,
            6.16667,
            9.66667
          ],
          "texture": "#1"
        },
        "west": {
          "uv": [
            8,
            5.33333,
            8.83333,
            7.66667
          ],
          "texture": "#1"
        },
        "up": {
          "uv": [
            0.83333,
            12.83333,
            0,
            12
          ],
          "texture": "#1"
        },
        "down": {
          "uv": [
            12.83333,
            0,
            12,
            0.83333
          ],
          "texture": "#1"
        }
      }
    },
    {
      "from": [
        7.75,
        19.36023,
        -2.55453
      ],
      "to": [
        8.25,
        20.36023,
        4.44547
      ],
      "rotation": {
        "angle": -22.5,
        "axis": "x",
        "origin": [
          8,
          21.06023,
          1.04547
        ]
      },
      "faces": {
        "east": {
          "uv": [
            5.33333,
            4,
            10,
            4.66667
          ],
          "texture": "#1"
        },
        "south": {
          "uv": [
            13.33333,
            8.66667,
            13.66667,
            9.33333
          ],
          "texture": "#1"
        },
        "west": {
          "uv": [
            5.33333,
            4.66667,
            10,
            5.33333
          ],
          "texture": "#1"
        },
        "up": {
          "uv": [
            3,
            13.33333,
            2.66667,
            8.66667
          ],
          "texture": "#1"
        },
        "down": {
          "uv": [
            3.66667,
            8.66667,
            3.33333,
            13.33333
          ],
          "texture": "#1"
        }
      }
    },
    {
      "from": [
        7.75,
        15.95869,
        -2.6247
      ],
      "to": [
        8.25,
        18.95869,
        -1.6247
      ],
      "rotation": {
        "angle": 22.5,
        "axis": "x",
        "origin": [
          8,
          17.45869,
          -2.1247
        ]
      },
      "faces": {
        "north": {
          "uv": [
            12,
            6,
            12.33333,
            8
          ],
          "texture": "#1"
        },
        "east": {
          "uv": [
            0,
            10,
            0.66667,
            12
          ],
          "texture": "#1"
        },
        "south": {
          "uv": [
            8,
            12,
            8.33333,
            14
          ],
          "texture": "#1"
        },
        "west": {
          "uv": [
            10,
            0,
            10.66667,
            2
          ],
          "texture": "#1"
        },
        "down": {
          "uv": [
            9.66667,
            13.33333,
            9.33333,
            14
          ],
          "texture": "#1"
        }
      }
    },
    {
      "from": [
        8,
        14,
        -5
      ],
      "to": [
        8,
        20,
        8
      ],
      "rotation": {
        "angle": -22.5,
        "axis": "x",
        "origin": [
          8,
          17,
          1
        ]
      },
      "faces": {
        "north": {
          "uv": [
            0,
            0,
            0,
            4
          ],
          "texture": "#1"
        },
        "east": {
          "uv": [
            8.66667,
            0,
            0,
            4
          ],
          "texture": "#1"
        },
        "south": {
          "uv": [
            0,
            0,
            0,
            4
          ],
          "texture": "#1"
        },
        "west": {
          "uv": [
            0,
            0,
            8.66667,
            4
          ],
          "texture": "#1"
        },
        "up": {
          "uv": [
            0,
            8.66667,
            0,
            0
          ],
          "texture": "#1"
        },
        "down": {
          "uv": [
            0,
            0,
            0,
            8.66667
          ],
          "texture": "#1"
        }
      }
    },
    {
      "from": [
        8,
        14,
        9
      ],
      "to": [
        8,
        18,
        17
      ],
      "rotation": {
        "angle": -22.5,
        "axis": "x",
        "origin": [
          8,
          17,
          1
        ]
      },
      "faces": {
        "north": {
          "uv": [
            0,
            0,
            0,
            2.66667
          ],
          "texture": "#1"
        },
        "east": {
          "uv": [
            5.33333,
            4,
            0,
            6.66667
          ],
          "texture": "#1"
        },
        "south": {
          "uv": [
            0,
            0,
            0,
            2.66667
          ],
          "texture": "#1"
        },
        "west": {
          "uv": [
            0,
            4,
            5.33333,
            6.66667
          ],
          "texture": "#1"
        },
        "up": {
          "uv": [
            0,
            5.33333,
            0,
            0
          ],
          "texture": "#1"
        },
        "down": {
          "uv": [
            0,
            0,
            0,
            5.33333
          ],
          "texture": "#1"
        }
      }
    },
    {
      "from": [
        7.1,
        15.01332,
        -2.65059
      ],
      "to": [
        7.1,
        19.01332,
        8.34941
      ],
      "rotation": {
        "angle": -22.5,
        "axis": "x",
        "origin": [
          7.1,
          15.01332,
          0.34941
        ]
      },
      "faces": {
        "north": {
          "uv": [
            0,
            0,
            0,
            5.33333
          ],
          "texture": "#2"
        },
        "south": {
          "uv": [
            0,
            0,
            0,
            5.33333
          ],
          "texture": "#2"
        },
        "west": {
          "uv": [
            0,
            0,
            14.66667,
            5.33333
          ],
          "texture": "#2"
        },
        "up": {
          "uv": [
            0,
            14.66667,
            0,
            0
          ],
          "texture": "#2"
        },
        "down": {
          "uv": [
            0,
            0,
            0,
            14.66667
          ],
          "texture": "#2"
        }
      }
    },
    {
      "from": [
        7.1,
        19.3,
        8.9
      ],
      "to": [
        7.1,
        22.3,
        15.9
      ],
      "rotation": {
        "angle": -22.5,
        "axis": "x",
        "origin": [
          7.1,
          20.8,
          12.4
        ]
      },
      "faces": {
        "north": {
          "uv": [
            0,
            0,
            0,
            4
          ],
          "texture": "#2"
        },
        "south": {
          "uv": [
            0,
            0,
            0,
            4
          ],
          "texture": "#2"
        },
        "west": {
          "uv": [
            0,
            5.33333,
            9.33333,
            9.33333
          ],
          "texture": "#2"
        },
        "up": {
          "uv": [
            0,
            9.33333,
            0,
            0
          ],
          "texture": "#2"
        },
        "down": {
          "uv": [
            0,
            0,
            0,
            9.33333
          ],
          "texture": "#2"
        }
      }
    },
    {
      "from": [
        8.9,
        15.01332,
        -2.65059
      ],
      "to": [
        8.9,
        19.01332,
        8.34941
      ],
      "rotation": {
        "angle": -22.5,
        "axis": "x",
        "origin": [
          8.9,
          15.01332,
          0.34941
        ]
      },
      "faces": {
        "north": {
          "uv": [
            0,
            0,
            0,
            5.33333
          ],
          "texture": "#2"
        },
        "east": {
          "uv": [
            14.66667,
            0,
            0,
            5.33333
          ],
          "texture": "#2"
        },
        "south": {
          "uv": [
            0,
            0,
            0,
            5.33333
          ],
          "texture": "#2"
        },
        "up": {
          "uv": [
            0,
            14.66667,
            0,
            0
          ],
          "texture": "#2"
        },
        "down": {
          "uv": [
            0,
            0,
            0,
            14.66667
          ],
          "texture": "#2"
        }
      }
    },
    {
      "from": [
        8.9,
        19.3,
        8.9
      ],
      "to": [
        8.9,
        22.3,
        15.9
      ],
      "rotation": {
        "angle": -22.5,
        "axis": "x",
        "origin": [
          8.9,
          20.8,
          12.4
        ]
      },
      "faces": {
        "north": {
          "uv": [
            0,
            0,
            0,
            4
          ],
          "texture": "#2"
        },
        "east": {
          "uv": [
            9.33333,
            5.33333,
            0,
            9.33333
          ],
          "texture": "#2"
        },
        "south": {
          "uv": [
            0,
            0,
            0,
            4
          ],
          "texture": "#2"
        },
        "up": {
          "uv": [
            0,
            9.33333,
            0,
            0
          ],
          "texture": "#2"
        },
        "down": {
          "uv": [
            0,
            0,
            0,
            9.33333
          ],
          "texture": "#2"
        }
      }
    }
  ],
  "gui_light": "front",
  "display": {
    "thirdperson_righthand": {
      "translation": [
        0,
        -5.25,
        1.25
      ]
    },
    "thirdperson_lefthand": {
      "translation": [
        0,
        -5.25,
        1.25
      ]
    },
    "firstperson_righthand": {
      "rotation": [
        -15,
        0,
        0
      ],
      "translation": [
        0,
        -3.75,
        3.25
      ]
    },
    "firstperson_lefthand": {
      "rotation": [
        -15,
        0,
        0
      ],
      "translation": [
        0,
        -3.75,
        3.25
      ]
    },
    "ground": {
      "translation": [
        0,
        10.25,
        0
      ]
    },
    "gui": {
      "rotation": [
        90,
        -135,
        90
      ],
      "translation": [
        -3.75,
        -3.75,
        0
      ],
      "scale": [
        0.82031,
        0.82031,
        0.82031
      ]
    },
    "head": {
      "rotation": [
        0,
        90,
        0
      ],
      "scale": [
        1.5,
        1.5,
        1.5
      ]
    },
    "fixed": {
      "rotation": [
        0,
        -90,
        0
      ],
      "translation": [
        0,
        -7.75,
        -1.5
      ],
      "scale": [
        2,
        2,
        2
      ]
    }
  }
}