{
  "credit": "Made by PolygonMC",
  "texture_size": [
    20,
    20
  ],
  "textures": {
    "1": "nexusset:animations/animations_bolt",
    "2": "nexusset:animations/animations_nexus",
    "3": "nexusset:shovel"
  },
  "elements": [
    {
      "from": [
        7.395,
        -1.105,
        7.395
      ],
      "to": [
        8.605,
        0.105,
        8.605
      ],
      "rotation": {
        "angle": -45,
        "axis": "x",
        "origin": [
          8,
          -0.5,
          8
        ]
      },
      "faces": {
        "north": {
          "uv": [
            12,
            4.8,
            13,
            5.8
          ],
          "texture": "#3"
        },
        "east": {
          "uv": [
            7.2,
            12,
            8.2,
            13
          ],
          "texture": "#3"
        },
        "south": {
          "uv": [
            9.6,
            12,
            10.6,
            13
          ],
          "texture": "#3"
        },
        "west": {
          "uv": [
            11.2,
            12,
            12.2,
            13
          ],
          "texture": "#3"
        },
        "up": {
          "uv": [
            1,
            13.8,
            0,
            12.8
          ],
          "texture": "#3"
        },
        "down": {
          "uv": [
            13.8,
            0,
            12.8,
            1
          ],
          "texture": "#3"
        }
      }
    },
    {
      "from": [
        7.195,
        -0.905,
        7.595
      ],
      "to": [
        8.805,
        -0.095,
        8.405
      ],
      "rotation": {
        "angle": -45,
        "axis": "x",
        "origin": [
          8,
          -0.5,
          8
        ]
      },
      "faces": {
        "north": {
          "uv": [
            12.8,
            4,
            14,
            4.6
          ],
          "texture": "#3"
        },
        "east": {
          "uv": [
            4,
            14.4,
            4.6,
            15
          ],
          "texture": "#3"
        },
        "south": {
          "uv": [
            12.8,
            6.4,
            14,
            7
          ],
          "texture": "#3"
        },
        "west": {
          "uv": [
            14.4,
            4,
            15,
            4.6
          ],
          "texture": "#3"
        },
        "up": {
          "uv": [
            14,
            7.8,
            12.8,
            7.2
          ],
          "texture": "#3"
        },
        "down": {
          "uv": [
            14,
            8,
            12.8,
            8.6
          ],
          "texture": "#3"
        }
      }
    },
    {
      "from": [
        7.75,
        -1.25,
        6.525
      ],
      "to": [
        8.25,
        -0.25,
        8.025
      ],
      "rotation": {
        "angle": -22.5,
        "axis": "x",
        "origin": [
          8,
          -0.75,
          7.025
        ]
      },
      "faces": {
        "east": {
          "uv": [
            3.2,
            12.8,
            4.4,
            13.6
          ],
          "texture": "#3"
        },
        "west": {
          "uv": [
            12.8,
            3.2,
            14,
            4
          ],
          "texture": "#3"
        },
        "up": {
          "uv": [
            14.8,
            2,
            14.4,
            0.8
          ],
          "texture": "#3"
        },
        "down": {
          "uv": [
            2.8,
            14.4,
            2.4,
            15.6
          ],
          "texture": "#3"
        }
      }
    },
    {
      "from": [
        7.5,
        -2.40433,
        6.19488
      ],
      "to": [
        8.5,
        -0.40433,
        7.19488
      ],
      "rotation": {
        "angle": 0,
        "axis": "x",
        "origin": [
          8,
          -1.90433,
          6.79843
        ]
      },
      "faces": {
        "north": {
          "uv": [
            4,
            12.8,
            3.2,
            11.2
          ],
          "rotation": 180,
          "texture": "#3"
        },
        "east": {
          "uv": [
            11.2,
            0,
            12.8,
            0.8
          ],
          "rotation": 90,
          "texture": "#3"
        },
        "south": {
          "uv": [
            12,
            3.2,
            11.2,
            4.8
          ],
          "texture": "#3"
        },
        "west": {
          "uv": [
            11.2,
            0.8,
            12.8,
            1.6
          ],
          "rotation": 270,
          "texture": "#3"
        },
        "up": {
          "uv": [
            8.8,
            12.8,
            9.6,
            13.6
          ],
          "texture": "#3"
        },
        "down": {
          "uv": [
            9.6,
            1.6,
            10.4,
            2.4
          ],
          "rotation": 180,
          "texture": "#3"
        }
      }
    },
    {
      "from": [
        7.5015,
        -2.83111,
        6.0181
      ],
      "to": [
        8.4985,
        -1.83111,
        7.0181
      ],
      "rotation": {
        "angle": -45,
        "axis": "x",
        "origin": [
          8,
          -1.90433,
          6.79843
        ]
      },
      "faces": {
        "north": {
          "uv": [
            13.6,
            13.6,
            12.8,
            12.8
          ],
          "rotation": 180,
          "texture": "#3"
        },
        "east": {
          "uv": [
            12.8,
            11.2,
            13.6,
            12
          ],
          "rotation": 90,
          "texture": "#3"
        },
        "south": {
          "uv": [
            3.2,
            13.6,
            2.4,
            14.4
          ],
          "texture": "#3"
        },
        "west": {
          "uv": [
            12.8,
            12,
            13.6,
            12.8
          ],
          "rotation": 270,
          "texture": "#3"
        },
        "down": {
          "uv": [
            12.8,
            10.4,
            13.6,
            11.2
          ],
          "rotation": 180,
          "texture": "#3"
        }
      }
    },
    {
      "from": [
        7.5,
        -2.40433,
        8.80512
      ],
      "to": [
        8.5,
        -0.40433,
        9.80512
      ],
      "rotation": {
        "angle": 0,
        "axis": "x",
        "origin": [
          8,
          -1.90433,
          9.20157
        ]
      },
      "faces": {
        "north": {
          "uv": [
            11.2,
            3.2,
            12,
            4.8
          ],
          "texture": "#3"
        },
        "east": {
          "uv": [
            11.2,
            0.8,
            12.8,
            0
          ],
          "rotation": 90,
          "texture": "#3"
        },
        "south": {
          "uv": [
            3.2,
            12.8,
            4,
            11.2
          ],
          "rotation": 180,
          "texture": "#3"
        },
        "west": {
          "uv": [
            11.2,
            1.6,
            12.8,
            0.8
          ],
          "rotation": 270,
          "texture": "#3"
        },
        "up": {
          "uv": [
            8.8,
            13.6,
            9.6,
            12.8
          ],
          "texture": "#3"
        },
        "down": {
          "uv": [
            9.6,
            2.4,
            10.4,
            1.6
          ],
          "rotation": 180,
          "texture": "#3"
        }
      }
    },
    {
      "from": [
        7.5015,
        -2.83111,
        8.9819
      ],
      "to": [
        8.4985,
        -1.83111,
        9.9819
      ],
      "rotation": {
        "angle": 45,
        "axis": "x",
        "origin": [
          8,
          -1.90433,
          9.20157
        ]
      },
      "faces": {
        "north": {
          "uv": [
            2.4,
            13.6,
            3.2,
            14.4
          ],
          "texture": "#3"
        },
        "east": {
          "uv": [
            12.8,
            12,
            13.6,
            11.2
          ],
          "rotation": 90,
          "texture": "#3"
        },
        "south": {
          "uv": [
            12.8,
            13.6,
            13.6,
            12.8
          ],
          "rotation": 180,
          "texture": "#3"
        },
        "west": {
          "uv": [
            12.8,
            12.8,
            13.6,
            12
          ],
          "rotation": 270,
          "texture": "#3"
        },
        "down": {
          "uv": [
            12.8,
            11.2,
            13.6,
            10.4
          ],
          "rotation": 180,
          "texture": "#3"
        }
      }
    },
    {
      "from": [
        7.75,
        -1.25,
        7.975
      ],
      "to": [
        8.25,
        -0.25,
        9.475
      ],
      "rotation": {
        "angle": 22.5,
        "axis": "x",
        "origin": [
          8,
          -0.75,
          8.975
        ]
      },
      "faces": {
        "east": {
          "uv": [
            4.4,
            12.8,
            3.2,
            13.6
          ],
          "texture": "#3"
        },
        "west": {
          "uv": [
            14,
            3.2,
            12.8,
            4
          ],
          "texture": "#3"
        },
        "up": {
          "uv": [
            14.8,
            0.8,
            14.4,
            2
          ],
          "texture": "#3"
        },
        "down": {
          "uv": [
            2.8,
            15.6,
            2.4,
            14.4
          ],
          "texture": "#3"
        }
      }
    },
    {
      "from": [
        7.5,
        -0.25,
        7.5
      ],
      "to": [
        8.5,
        0.75,
        8.5
      ],
      "rotation": {
        "angle": 0,
        "axis": "y",
        "origin": [
          7.5,
          -0.25,
          7.5
        ]
      },
      "faces": {
        "north": {
          "uv": [
            3.2,
            13.6,
            4,
            14.4
          ],
          "texture": "#3"
        },
        "east": {
          "uv": [
            4,
            13.6,
            4.8,
            14.4
          ],
          "texture": "#3"
        },
        "south": {
          "uv": [
            13.6,
            4.8,
            14.4,
            5.6
          ],
          "texture": "#3"
        },
        "west": {
          "uv": [
            13.6,
            5.6,
            14.4,
            6.4
          ],
          "texture": "#3"
        },
        "up": {
          "uv": [
            8,
            14.4,
            7.2,
            13.6
          ],
          "texture": "#3"
        },
        "down": {
          "uv": [
            8.8,
            13.6,
            8,
            14.4
          ],
          "texture": "#3"
        }
      }
    },
    {
      "from": [
        7.5,
        3.55,
        7.5
      ],
      "to": [
        8.5,
        5.55,
        8.5
      ],
      "rotation": {
        "angle": 0,
        "axis": "y",
        "origin": [
          7.5,
          3.55,
          7.5
        ]
      },
      "faces": {
        "north": {
          "uv": [
            4,
            11.2,
            4.8,
            12.8
          ],
          "texture": "#3"
        },
        "east": {
          "uv": [
            11.2,
            4.8,
            12,
            6.4
          ],
          "texture": "#3"
        },
        "south": {
          "uv": [
            5.6,
            11.2,
            6.4,
            12.8
          ],
          "texture": "#3"
        },
        "west": {
          "uv": [
            6.4,
            11.2,
            7.2,
            12.8
          ],
          "texture": "#3"
        },
        "down": {
          "uv": [
            9.6,
            13.6,
            8.8,
            14.4
          ],
          "texture": "#3"
        }
      }
    },
    {
      "from": [
        7.6,
        0.75,
        7.6
      ],
      "to": [
        8.4,
        3.55,
        8.4
      ],
      "rotation": {
        "angle": 0,
        "axis": "y",
        "origin": [
          7.5,
          1.65,
          7.5
        ]
      },
      "faces": {
        "north": {
          "uv": [
            1.6,
            10.4,
            2.2,
            12.6
          ],
          "texture": "#3"
        },
        "east": {
          "uv": [
            4.8,
            10.4,
            5.4,
            12.6
          ],
          "texture": "#3"
        },
        "south": {
          "uv": [
            8.8,
            10.4,
            9.4,
            12.6
          ],
          "texture": "#3"
        },
        "west": {
          "uv": [
            2.4,
            11.2,
            3,
            13.4
          ],
          "texture": "#3"
        }
      }
    },
    {
      "from": [
        7.4,
        8,
        7
      ],
      "to": [
        8.6,
        10,
        9
      ],
      "rotation": {
        "angle": 45,
        "axis": "x",
        "origin": [
          8,
          9,
          8
        ]
      },
      "faces": {
        "north": {
          "uv": [
            9.6,
            0,
            10.6,
            1.6
          ],
          "texture": "#3"
        },
        "east": {
          "uv": [
            5.6,
            5.6,
            7.2,
            7.2
          ],
          "texture": "#3"
        },
        "south": {
          "uv": [
            9.6,
            3.2,
            10.6,
            4.8
          ],
          "texture": "#3"
        },
        "west": {
          "uv": [
            7.2,
            3.2,
            8.8,
            4.8
          ],
          "texture": "#3"
        },
        "up": {
          "uv": [
            10.6,
            6.4,
            9.6,
            4.8
          ],
          "texture": "#3"
        },
        "down": {
          "uv": [
            6.6,
            9.6,
            5.6,
            11.2
          ],
          "texture": "#3"
        }
      }
    },
    {
      "from": [
        7.2,
        8.2,
        7.2
      ],
      "to": [
        8.8,
        9.8,
        8.8
      ],
      "rotation": {
        "angle": 45,
        "axis": "x",
        "origin": [
          8,
          9,
          8
        ]
      },
      "faces": {
        "north": {
          "uv": [
            9.6,
            6.4,
            10.8,
            7.6
          ],
          "texture": "#3"
        },
        "east": {
          "uv": [
            7.2,
            9.6,
            8.4,
            10.8
          ],
          "texture": "#3"
        },
        "south": {
          "uv": [
            9.6,
            8,
            10.8,
            9.2
          ],
          "texture": "#3"
        },
        "west": {
          "uv": [
            9.6,
            9.6,
            10.8,
            10.8
          ],
          "texture": "#3"
        },
        "up": {
          "uv": [
            1.2,
            11.6,
            0,
            10.4
          ],
          "texture": "#3"
        },
        "down": {
          "uv": [
            11.6,
            1.6,
            10.4,
            2.8
          ],
          "texture": "#3"
        }
      }
    },
    {
      "from": [
        7,
        8.25,
        6.25
      ],
      "to": [
        9,
        11.25,
        7.25
      ],
      "rotation": {
        "angle": 0,
        "axis": "y",
        "origin": [
          7,
          3,
          7.25
        ]
      },
      "faces": {
        "north": {
          "uv": [
            2.4,
            5.6,
            4,
            8
          ],
          "texture": "#3"
        },
        "east": {
          "uv": [
            8,
            0,
            8.8,
            2.4
          ],
          "texture": "#3"
        },
        "south": {
          "uv": [
            4,
            5.6,
            5.6,
            8
          ],
          "texture": "#3"
        },
        "west": {
          "uv": [
            1.6,
            8,
            2.4,
            10.4
          ],
          "texture": "#3"
        },
        "up": {
          "uv": [
            12.8,
            7.2,
            11.2,
            6.4
          ],
          "texture": "#3"
        },
        "down": {
          "uv": [
            8.8,
            11.2,
            7.2,
            12
          ],
          "texture": "#3"
        }
      }
    },
    {
      "from": [
        7.001,
        10.75,
        6.45711
      ],
      "to": [
        8.999,
        11.75,
        7.45711
      ],
      "rotation": {
        "angle": 45,
        "axis": "x",
        "origin": [
          8.001,
          11.25,
          6.95711
        ]
      },
      "faces": {
        "north": {
          "uv": [
            11.2,
            7.2,
            12.8,
            8
          ],
          "texture": "#3"
        },
        "east": {
          "uv": [
            9.6,
            13.6,
            10.4,
            14.4
          ],
          "texture": "#3"
        },
        "south": {
          "uv": [
            11.2,
            8,
            12.8,
            8.8
          ],
          "texture": "#3"
        },
        "west": {
          "uv": [
            10.4,
            13.6,
            11.2,
            14.4
          ],
          "texture": "#3"
        },
        "up": {
          "uv": [
            12.8,
            9.6,
            11.2,
            8.8
          ],
          "texture": "#3"
        }
      }
    },
    {
      "from": [
        7.001,
        7.75,
        6.04289
      ],
      "to": [
        8.999,
        8.75,
        7.04289
      ],
      "rotation": {
        "angle": 45,
        "axis": "x",
        "origin": [
          8.001,
          8.25,
          6.54289
        ]
      },
      "faces": {
        "north": {
          "uv": [
            9.6,
            11.2,
            11.2,
            12
          ],
          "texture": "#3"
        },
        "east": {
          "uv": [
            13.6,
            10.4,
            14.4,
            11.2
          ],
          "texture": "#3"
        },
        "south": {
          "uv": [
            11.2,
            9.6,
            12.8,
            10.4
          ],
          "texture": "#3"
        },
        "west": {
          "uv": [
            11.2,
            13.6,
            12,
            14.4
          ],
          "texture": "#3"
        },
        "down": {
          "uv": [
            12.8,
            10.4,
            11.2,
            11.2
          ],
          "texture": "#3"
        }
      }
    },
    {
      "from": [
        7.5,
        11.66421,
        4.65901
      ],
      "to": [
        8.5,
        13.66421,
        5.65901
      ],
      "rotation": {
        "angle": -45,
        "axis": "x",
        "origin": [
          8,
          13.3776,
          5.95451
        ]
      },
      "faces": {
        "north": {
          "uv": [
            12.8,
            3.2,
            12,
            4.8
          ],
          "rotation": 180,
          "texture": "#3"
        },
        "east": {
          "uv": [
            11.2,
            11.2,
            12.8,
            12
          ],
          "rotation": 270,
          "texture": "#3"
        },
        "south": {
          "uv": [
            12.8,
            3.2,
            12,
            1.6
          ],
          "texture": "#3"
        },
        "west": {
          "uv": [
            0,
            12,
            1.6,
            12.8
          ],
          "rotation": 90,
          "texture": "#3"
        },
        "up": {
          "uv": [
            13.6,
            11.2,
            14.4,
            12
          ],
          "rotation": 180,
          "texture": "#3"
        },
        "down": {
          "uv": [
            12,
            13.6,
            12.8,
            14.4
          ],
          "texture": "#3"
        }
      }
    },
    {
      "from": [
        7.501,
        12.66421,
        4.83579
      ],
      "to": [
        8.499,
        15.66421,
        5.83579
      ],
      "rotation": {
        "angle": 0,
        "axis": "x",
        "origin": [
          8,
          13.3776,
          5.95451
        ]
      },
      "faces": {
        "north": {
          "uv": [
            9.6,
            0,
            8.8,
            2.4
          ],
          "rotation": 180,
          "texture": "#3"
        },
        "east": {
          "uv": [
            2.4,
            8,
            4.8,
            8.8
          ],
          "rotation": 270,
          "texture": "#3"
        },
        "south": {
          "uv": [
            5.6,
            10.4,
            4.8,
            8
          ],
          "texture": "#3"
        },
        "west": {
          "uv": [
            8,
            2.4,
            10.4,
            3.2
          ],
          "rotation": 90,
          "texture": "#3"
        },
        "up": {
          "uv": [
            13.6,
            12,
            14.4,
            12.8
          ],
          "rotation": 180,
          "texture": "#3"
        }
      }
    },
    {
      "from": [
        7.75,
        13.41421,
        5.83579
      ],
      "to": [
        8.25,
        13.91421,
        6.83579
      ],
      "rotation": {
        "angle": 0,
        "axis": "x",
        "origin": [
          8,
          13.3776,
          5.95451
        ]
      },
      "faces": {
        "east": {
          "uv": [
            5.6,
            14.4,
            6,
            15.2
          ],
          "rotation": 270,
          "texture": "#3"
        },
        "south": {
          "uv": [
            14.8,
            10.8,
            14.4,
            10.4
          ],
          "texture": "#3"
        },
        "west": {
          "uv": [
            6.4,
            14.4,
            6.8,
            15.2
          ],
          "rotation": 90,
          "texture": "#3"
        },
        "up": {
          "uv": [
            14.4,
            4.8,
            14.8,
            5.6
          ],
          "rotation": 180,
          "texture": "#3"
        },
        "down": {
          "uv": [
            14.4,
            5.6,
            14.8,
            6.4
          ],
          "texture": "#3"
        }
      }
    },
    {
      "from": [
        7.751,
        13.13389,
        6.23211
      ],
      "to": [
        8.249,
        14.55889,
        6.95711
      ],
      "rotation": {
        "angle": -45,
        "axis": "x",
        "origin": [
          8,
          13.3776,
          5.95451
        ]
      },
      "faces": {
        "east": {
          "uv": [
            12.8,
            8.8,
            14,
            9.4
          ],
          "rotation": 270,
          "texture": "#3"
        },
        "south": {
          "uv": [
            14.8,
            3.6,
            14.4,
            2.4
          ],
          "texture": "#3"
        },
        "west": {
          "uv": [
            12.8,
            9.6,
            14,
            10.2
          ],
          "rotation": 90,
          "texture": "#3"
        },
        "up": {
          "uv": [
            10.4,
            14.4,
            10.8,
            15
          ],
          "rotation": 180,
          "texture": "#3"
        }
      }
    },
    {
      "from": [
        7.5,
        9,
        6.5
      ],
      "to": [
        8.5,
        12,
        9.5
      ],
      "rotation": {
        "angle": -45,
        "axis": "x",
        "origin": [
          8,
          10.5,
          8
        ]
      },
      "faces": {
        "north": {
          "uv": [
            2.4,
            8.8,
            3.2,
            11.2
          ],
          "texture": "#3"
        },
        "east": {
          "uv": [
            4.8,
            3.2,
            7.2,
            5.6
          ],
          "texture": "#3"
        },
        "south": {
          "uv": [
            3.2,
            8.8,
            4,
            11.2
          ],
          "texture": "#3"
        },
        "west": {
          "uv": [
            0,
            5.6,
            2.4,
            8
          ],
          "texture": "#3"
        },
        "up": {
          "uv": [
            9.6,
            5.6,
            8.8,
            3.2
          ],
          "texture": "#3"
        },
        "down": {
          "uv": [
            4.8,
            8.8,
            4,
            11.2
          ],
          "texture": "#3"
        }
      }
    },
    {
      "from": [
        7.75,
        5.5,
        6.5
      ],
      "to": [
        8.25,
        8.5,
        7.5
      ],
      "rotation": {
        "angle": 0,
        "axis": "y",
        "origin": [
          7.25,
          17,
          0
        ]
      },
      "faces": {
        "north": {
          "uv": [
            1.6,
            12.8,
            2,
            15.2
          ],
          "texture": "#3"
        },
        "east": {
          "uv": [
            8.8,
            5.6,
            9.6,
            8
          ],
          "texture": "#3"
        },
        "south": {
          "uv": [
            4.8,
            12.8,
            5.2,
            15.2
          ],
          "texture": "#3"
        },
        "west": {
          "uv": [
            8.8,
            8,
            9.6,
            10.4
          ],
          "texture": "#3"
        },
        "up": {
          "uv": [
            14.8,
            7.2,
            14.4,
            6.4
          ],
          "texture": "#3"
        },
        "down": {
          "uv": [
            7.6,
            14.4,
            7.2,
            15.2
          ],
          "texture": "#3"
        }
      }
    },
    {
      "from": [
        7.752,
        6.20711,
        5.79289
      ],
      "to": [
        8.248,
        7.70711,
        6.79289
      ],
      "rotation": {
        "angle": 0,
        "axis": "y",
        "origin": [
          7.252,
          20.20711,
          -0.70711
        ]
      },
      "faces": {
        "north": {
          "uv": [
            3.2,
            14.4,
            3.6,
            15.6
          ],
          "texture": "#3"
        },
        "east": {
          "uv": [
            5.6,
            12.8,
            6.4,
            14
          ],
          "texture": "#3"
        },
        "west": {
          "uv": [
            6.4,
            12.8,
            7.2,
            14
          ],
          "texture": "#3"
        }
      }
    },
    {
      "from": [
        7.751,
        5,
        6.70711
      ],
      "to": [
        8.249,
        6,
        7.70711
      ],
      "rotation": {
        "angle": -45,
        "axis": "x",
        "origin": [
          8.001,
          5.5,
          7.20711
        ]
      },
      "faces": {
        "north": {
          "uv": [
            14.4,
            7.2,
            14.8,
            8
          ],
          "texture": "#3"
        },
        "east": {
          "uv": [
            12.8,
            13.6,
            13.6,
            14.4
          ],
          "texture": "#3"
        },
        "south": {
          "uv": [
            8,
            14.4,
            8.4,
            15.2
          ],
          "texture": "#3"
        },
        "west": {
          "uv": [
            13.6,
            12.8,
            14.4,
            13.6
          ],
          "texture": "#3"
        },
        "down": {
          "uv": [
            14.8,
            8,
            14.4,
            8.8
          ],
          "texture": "#3"
        }
      }
    },
    {
      "from": [
        7.751,
        5.70711,
        6
      ],
      "to": [
        8.249,
        6.70711,
        7
      ],
      "rotation": {
        "angle": -45,
        "axis": "x",
        "origin": [
          8.001,
          6.20711,
          6.5
        ]
      },
      "faces": {
        "north": {
          "uv": [
            8.8,
            14.4,
            9.2,
            15.2
          ],
          "texture": "#3"
        },
        "east": {
          "uv": [
            13.6,
            13.6,
            14.4,
            14.4
          ],
          "texture": "#3"
        },
        "west": {
          "uv": [
            0,
            14.4,
            0.8,
            15.2
          ],
          "texture": "#3"
        },
        "up": {
          "uv": [
            14.8,
            9.6,
            14.4,
            8.8
          ],
          "texture": "#3"
        }
      }
    },
    {
      "from": [
        7.751,
        7.20711,
        6
      ],
      "to": [
        8.249,
        8.20711,
        7
      ],
      "rotation": {
        "angle": -45,
        "axis": "x",
        "origin": [
          8.001,
          7.70711,
          6.5
        ]
      },
      "faces": {
        "north": {
          "uv": [
            9.6,
            14.4,
            10,
            15.2
          ],
          "texture": "#3"
        },
        "east": {
          "uv": [
            14.4,
            0,
            15.2,
            0.8
          ],
          "texture": "#3"
        },
        "west": {
          "uv": [
            0.8,
            14.4,
            1.6,
            15.2
          ],
          "texture": "#3"
        },
        "up": {
          "uv": [
            14.8,
            10.4,
            14.4,
            9.6
          ],
          "texture": "#3"
        }
      }
    },
    {
      "from": [
        7.501,
        12.66421,
        10.16421
      ],
      "to": [
        8.499,
        15.66421,
        11.16421
      ],
      "rotation": {
        "angle": 0,
        "axis": "x",
        "origin": [
          8,
          13.3776,
          10.04549
        ]
      },
      "faces": {
        "north": {
          "uv": [
            4.8,
            10.4,
            5.6,
            8
          ],
          "texture": "#3"
        },
        "east": {
          "uv": [
            2.4,
            8.8,
            4.8,
            8
          ],
          "rotation": 270,
          "texture": "#3"
        },
        "south": {
          "uv": [
            8.8,
            0,
            9.6,
            2.4
          ],
          "rotation": 180,
          "texture": "#3"
        },
        "west": {
          "uv": [
            8,
            3.2,
            10.4,
            2.4
          ],
          "rotation": 90,
          "texture": "#3"
        },
        "up": {
          "uv": [
            13.6,
            12.8,
            14.4,
            12
          ],
          "rotation": 180,
          "texture": "#3"
        }
      }
    },
    {
      "from": [
        7.751,
        13.13389,
        9.04289
      ],
      "to": [
        8.249,
        14.55889,
        9.76789
      ],
      "rotation": {
        "angle": 45,
        "axis": "x",
        "origin": [
          8,
          13.3776,
          10.04549
        ]
      },
      "faces": {
        "north": {
          "uv": [
            14.4,
            3.6,
            14.8,
            2.4
          ],
          "texture": "#3"
        },
        "east": {
          "uv": [
            12.8,
            9.4,
            14,
            8.8
          ],
          "rotation": 270,
          "texture": "#3"
        },
        "west": {
          "uv": [
            12.8,
            10.2,
            14,
            9.6
          ],
          "rotation": 90,
          "texture": "#3"
        },
        "up": {
          "uv": [
            10.4,
            15,
            10.8,
            14.4
          ],
          "rotation": 180,
          "texture": "#3"
        }
      }
    },
    {
      "from": [
        7.75,
        13.41421,
        9.16421
      ],
      "to": [
        8.25,
        13.91421,
        10.16421
      ],
      "rotation": {
        "angle": 0,
        "axis": "x",
        "origin": [
          8,
          13.3776,
          10.04549
        ]
      },
      "faces": {
        "north": {
          "uv": [
            14.4,
            10.8,
            14.8,
            10.4
          ],
          "texture": "#3"
        },
        "east": {
          "uv": [
            5.6,
            15.2,
            6,
            14.4
          ],
          "rotation": 270,
          "texture": "#3"
        },
        "west": {
          "uv": [
            6.4,
            15.2,
            6.8,
            14.4
          ],
          "rotation": 90,
          "texture": "#3"
        },
        "up": {
          "uv": [
            14.4,
            5.6,
            14.8,
            4.8
          ],
          "rotation": 180,
          "texture": "#3"
        },
        "down": {
          "uv": [
            14.4,
            6.4,
            14.8,
            5.6
          ],
          "texture": "#3"
        }
      }
    },
    {
      "from": [
        7.5,
        11.66421,
        10.34099
      ],
      "to": [
        8.5,
        13.66421,
        11.34099
      ],
      "rotation": {
        "angle": 45,
        "axis": "x",
        "origin": [
          8,
          13.3776,
          10.04549
        ]
      },
      "faces": {
        "north": {
          "uv": [
            12,
            3.2,
            12.8,
            1.6
          ],
          "texture": "#3"
        },
        "east": {
          "uv": [
            11.2,
            12,
            12.8,
            11.2
          ],
          "rotation": 270,
          "texture": "#3"
        },
        "south": {
          "uv": [
            12,
            3.2,
            12.8,
            4.8
          ],
          "rotation": 180,
          "texture": "#3"
        },
        "west": {
          "uv": [
            0,
            12.8,
            1.6,
            12
          ],
          "rotation": 90,
          "texture": "#3"
        },
        "up": {
          "uv": [
            13.6,
            12,
            14.4,
            11.2
          ],
          "rotation": 180,
          "texture": "#3"
        },
        "down": {
          "uv": [
            12,
            14.4,
            12.8,
            13.6
          ],
          "texture": "#3"
        }
      }
    },
    {
      "from": [
        7.001,
        10.75,
        8.54289
      ],
      "to": [
        8.999,
        11.75,
        9.54289
      ],
      "rotation": {
        "angle": -45,
        "axis": "x",
        "origin": [
          8.001,
          11.25,
          9.04289
        ]
      },
      "faces": {
        "north": {
          "uv": [
            12.8,
            8,
            11.2,
            8.8
          ],
          "texture": "#3"
        },
        "east": {
          "uv": [
            10.4,
            13.6,
            9.6,
            14.4
          ],
          "texture": "#3"
        },
        "south": {
          "uv": [
            12.8,
            7.2,
            11.2,
            8
          ],
          "texture": "#3"
        },
        "west": {
          "uv": [
            11.2,
            13.6,
            10.4,
            14.4
          ],
          "texture": "#3"
        },
        "up": {
          "uv": [
            12.8,
            8.8,
            11.2,
            9.6
          ],
          "texture": "#3"
        }
      }
    },
    {
      "from": [
        7,
        8.25,
        8.75
      ],
      "to": [
        9,
        11.25,
        9.75
      ],
      "rotation": {
        "angle": 0,
        "axis": "y",
        "origin": [
          7,
          3,
          8.75
        ]
      },
      "faces": {
        "north": {
          "uv": [
            5.6,
            5.6,
            4,
            8
          ],
          "texture": "#3"
        },
        "east": {
          "uv": [
            8.8,
            0,
            8,
            2.4
          ],
          "texture": "#3"
        },
        "south": {
          "uv": [
            4,
            5.6,
            2.4,
            8
          ],
          "texture": "#3"
        },
        "west": {
          "uv": [
            2.4,
            8,
            1.6,
            10.4
          ],
          "texture": "#3"
        },
        "up": {
          "uv": [
            12.8,
            6.4,
            11.2,
            7.2
          ],
          "texture": "#3"
        },
        "down": {
          "uv": [
            8.8,
            12,
            7.2,
            11.2
          ],
          "texture": "#3"
        }
      }
    },
    {
      "from": [
        7.001,
        7.75,
        8.95711
      ],
      "to": [
        8.999,
        8.75,
        9.95711
      ],
      "rotation": {
        "angle": -45,
        "axis": "x",
        "origin": [
          8.001,
          8.25,
          9.45711
        ]
      },
      "faces": {
        "north": {
          "uv": [
            12.8,
            9.6,
            11.2,
            10.4
          ],
          "texture": "#3"
        },
        "east": {
          "uv": [
            14.4,
            10.4,
            13.6,
            11.2
          ],
          "texture": "#3"
        },
        "south": {
          "uv": [
            11.2,
            11.2,
            9.6,
            12
          ],
          "texture": "#3"
        },
        "west": {
          "uv": [
            12,
            13.6,
            11.2,
            14.4
          ],
          "texture": "#3"
        },
        "down": {
          "uv": [
            12.8,
            11.2,
            11.2,
            10.4
          ],
          "texture": "#3"
        }
      }
    },
    {
      "from": [
        7.751,
        7.20711,
        9
      ],
      "to": [
        8.249,
        8.20711,
        10
      ],
      "rotation": {
        "angle": 45,
        "axis": "x",
        "origin": [
          8.001,
          7.70711,
          9.5
        ]
      },
      "faces": {
        "east": {
          "uv": [
            15.2,
            0,
            14.4,
            0.8
          ],
          "texture": "#3"
        },
        "south": {
          "uv": [
            10,
            14.4,
            9.6,
            15.2
          ],
          "texture": "#3"
        },
        "west": {
          "uv": [
            1.6,
            14.4,
            0.8,
            15.2
          ],
          "texture": "#3"
        },
        "up": {
          "uv": [
            14.8,
            9.6,
            14.4,
            10.4
          ],
          "texture": "#3"
        }
      }
    },
    {
      "from": [
        7.752,
        6.20711,
        9.20711
      ],
      "to": [
        8.248,
        7.70711,
        10.20711
      ],
      "rotation": {
        "angle": 0,
        "axis": "y",
        "origin": [
          7.252,
          20.20711,
          16.70711
        ]
      },
      "faces": {
        "east": {
          "uv": [
            6.4,
            12.8,
            5.6,
            14
          ],
          "texture": "#3"
        },
        "south": {
          "uv": [
            3.6,
            14.4,
            3.2,
            15.6
          ],
          "texture": "#3"
        },
        "west": {
          "uv": [
            7.2,
            12.8,
            6.4,
            14
          ],
          "texture": "#3"
        }
      }
    },
    {
      "from": [
        7.751,
        5.70711,
        9
      ],
      "to": [
        8.249,
        6.70711,
        10
      ],
      "rotation": {
        "angle": 45,
        "axis": "x",
        "origin": [
          8.001,
          6.20711,
          9.5
        ]
      },
      "faces": {
        "east": {
          "uv": [
            14.4,
            13.6,
            13.6,
            14.4
          ],
          "texture": "#3"
        },
        "south": {
          "uv": [
            9.2,
            14.4,
            8.8,
            15.2
          ],
          "texture": "#3"
        },
        "west": {
          "uv": [
            0.8,
            14.4,
            0,
            15.2
          ],
          "texture": "#3"
        },
        "up": {
          "uv": [
            14.8,
            8.8,
            14.4,
            9.6
          ],
          "texture": "#3"
        }
      }
    },
    {
      "from": [
        7.75,
        5.5,
        8.5
      ],
      "to": [
        8.25,
        8.5,
        9.5
      ],
      "rotation": {
        "angle": 0,
        "axis": "y",
        "origin": [
          7.25,
          17,
          16
        ]
      },
      "faces": {
        "north": {
          "uv": [
            5.2,
            12.8,
            4.8,
            15.2
          ],
          "texture": "#3"
        },
        "east": {
          "uv": [
            9.6,
            5.6,
            8.8,
            8
          ],
          "texture": "#3"
        },
        "south": {
          "uv": [
            2,
            12.8,
            1.6,
            15.2
          ],
          "texture": "#3"
        },
        "west": {
          "uv": [
            9.6,
            8,
            8.8,
            10.4
          ],
          "texture": "#3"
        },
        "up": {
          "uv": [
            14.8,
            6.4,
            14.4,
            7.2
          ],
          "texture": "#3"
        },
        "down": {
          "uv": [
            7.6,
            15.2,
            7.2,
            14.4
          ],
          "texture": "#3"
        }
      }
    },
    {
      "from": [
        7.751,
        5,
        8.29289
      ],
      "to": [
        8.249,
        6,
        9.29289
      ],
      "rotation": {
        "angle": 45,
        "axis": "x",
        "origin": [
          8.001,
          5.5,
          8.79289
        ]
      },
      "faces": {
        "north": {
          "uv": [
            8.4,
            14.4,
            8,
            15.2
          ],
          "texture": "#3"
        },
        "east": {
          "uv": [
            13.6,
            13.6,
            12.8,
            14.4
          ],
          "texture": "#3"
        },
        "south": {
          "uv": [
            14.8,
            7.2,
            14.4,
            8
          ],
          "texture": "#3"
        },
        "west": {
          "uv": [
            14.4,
            12.8,
            13.6,
            13.6
          ],
          "texture": "#3"
        },
        "down": {
          "uv": [
            14.8,
            8.8,
            14.4,
            8
          ],
          "texture": "#3"
        }
      }
    },
    {
      "from": [
        7.975,
        -4.5,
        6
      ],
      "to": [
        8.025,
        -0.5,
        10
      ],
      "rotation": {
        "angle": 0,
        "axis": "x",
        "origin": [
          7.975,
          -1.5,
          7.5
        ]
      },
      "faces": {
        "east": {
          "uv": [
            8,
            0,
            4.8,
            3.2
          ],
          "texture": "#3"
        },
        "west": {
          "uv": [
            4.8,
            0,
            8,
            3.2
          ],
          "texture": "#3"
        }
      }
    },
    {
      "from": [
        7.425,
        5.55,
        7.425
      ],
      "to": [
        8.575,
        8.25,
        8.575
      ],
      "rotation": {
        "angle": 0,
        "axis": "y",
        "origin": [
          7.5,
          5.55,
          7.5
        ]
      },
      "faces": {
        "north": {
          "uv": [
            7.2,
            4.8,
            8.2,
            7
          ],
          "texture": "#3"
        },
        "east": {
          "uv": [
            5.6,
            7.2,
            6.6,
            9.4
          ],
          "texture": "#3"
        },
        "south": {
          "uv": [
            7.2,
            7.2,
            8.2,
            9.4
          ],
          "texture": "#3"
        },
        "west": {
          "uv": [
            0,
            8,
            1,
            10.2
          ],
          "texture": "#3"
        },
        "down": {
          "uv": [
            13.8,
            1.6,
            12.8,
            2.6
          ],
          "texture": "#3"
        }
      }
    },
    {
      "from": [
        7.975,
        11,
        5.25
      ],
      "to": [
        8.025,
        17.5,
        10.75
      ],
      "rotation": {
        "angle": 0,
        "axis": "y",
        "origin": [
          7.975,
          -3,
          0.25
        ]
      },
      "faces": {
        "east": {
          "uv": [
            4.4,
            0,
            0,
            5.2
          ],
          "texture": "#3"
        },
        "west": {
          "uv": [
            0,
            0,
            4.4,
            5.2
          ],
          "texture": "#3"
        }
      }
    },
    {
      "from": [
        6.9,
        6.5,
        5.5
      ],
      "to": [
        6.9,
        11.5,
        10.5
      ],
      "rotation": {
        "angle": 0,
        "axis": "x",
        "origin": [
          6.75,
          6,
          -2
        ]
      },
      "faces": {
        "west": {
          "uv": [
            0,
            0,
            10,
            10
          ],
          "texture": "#2"
        }
      }
    },
    {
      "from": [
        9.1,
        6.5,
        5.5
      ],
      "to": [
        9.1,
        11.5,
        10.5
      ],
      "rotation": {
        "angle": 0,
        "axis": "x",
        "origin": [
          9.25,
          6,
          -2
        ]
      },
      "faces": {
        "east": {
          "uv": [
            10,
            0,
            0,
            10
          ],
          "texture": "#2"
        }
      }
    },
    {
      "from": [
        7.7,
        6.5,
        6
      ],
      "to": [
        7.7,
        17.5,
        10
      ],
      "rotation": {
        "angle": 0,
        "axis": "x",
        "origin": [
          7.7,
          12,
          8
        ]
      },
      "faces": {
        "west": {
          "uv": [
            5.33333,
            14.66667,
            0,
            0
          ],
          "texture": "#1"
        }
      }
    },
    {
      "from": [
        8.3,
        6.5,
        6
      ],
      "to": [
        8.3,
        17.5,
        10
      ],
      "rotation": {
        "angle": 0,
        "axis": "x",
        "origin": [
          8.3,
          12,
          8
        ]
      },
      "faces": {
        "east": {
          "uv": [
            0,
            14.66667,
            5.33333,
            0
          ],
          "texture": "#1"
        }
      }
    },
    {
      "from": [
        7.975,
        -3,
        1.25
      ],
      "to": [
        8.025,
        1.5,
        3.5
      ],
      "rotation": {
        "angle": -22.5,
        "axis": "x",
        "origin": [
          7.975,
          7,
          3.125
        ]
      },
      "faces": {
        "east": {
          "uv": [
            12.33333,
            0,
            9.33333,
            6
          ],
          "texture": "#1"
        },
        "west": {
          "uv": [
            9.33333,
            0,
            12.33333,
            6
          ],
          "texture": "#1"
        }
      }
    },
    {
      "from": [
        7.975,
        -3,
        12.5
      ],
      "to": [
        8.025,
        1.5,
        14.75
      ],
      "rotation": {
        "angle": 22.5,
        "axis": "x",
        "origin": [
          7.975,
          7,
          12.875
        ]
      },
      "faces": {
        "east": {
          "uv": [
            9.33333,
            0,
            12.33333,
            6
          ],
          "texture": "#1"
        },
        "west": {
          "uv": [
            12.33333,
            0,
            9.33333,
            6
          ],
          "texture": "#1"
        }
      }
    }
  ],
  "gui_light": "front",
  "display": {
    "thirdperson_righthand": {
      "translation": [
        0,
        3.25,
        1
      ]
    },
    "thirdperson_lefthand": {
      "translation": [
        0,
        3.25,
        1
      ]
    },
    "firstperson_righthand": {
      "rotation": [
        -10,
        0,
        0
      ],
      "translation": [
        0,
        4.75,
        0
      ]
    },
    "firstperson_lefthand": {
      "rotation": [
        -10,
        0,
        0
      ],
      "translation": [
        0,
        4.75,
        0
      ]
    },
    "ground": {
      "rotation": [
        45,
        0,
        0
      ],
      "translation": [
        0,
        10.75,
        0
      ]
    },
    "gui": {
      "rotation": [
        -90,
        45,
        90
      ],
      "translation": [
        -0.5,
        0.75,
        0
      ],
      "scale": [
        0.67773,
        0.67773,
        0.67773
      ]
    },
    "head": {
      "rotation": [
        -90,
        90,
        90
      ]
    },
    "fixed": {
      "rotation": [
        -90,
        90,
        90
      ],
      "translation": [
        0,
        1.75,
        -1.25
      ],
      "scale": [
        1.5,
        1.5,
        1.5
      ]
    }
  }
}