{"credit":"Made with Blockbench","texture_size":[32,32],"textures":{"5":"killburn_set:crossbow","6":"killburn_set:animations/animation_7","particle":"killburn_set:animations/animation_7"},"elements":[{"from":[10.75,8.04057,-1.44832],"to":[12.25,9.54057,1.55168],"rotation":{"angle":-22.5,"axis":"y","origin":[10.5,8.79057,-0.07332]},"faces":{"north":{"uv":[2.75,11.5,3.5,12.25],"rotation":270,"texture":"#5"},"east":{"uv":[6.5,11.5,5.75,10],"rotation":90,"texture":"#5"},"west":{"uv":[11,6.5,10.25,8],"rotation":90,"texture":"#5"},"up":{"uv":[4.25,10,5.75,10.75],"rotation":90,"texture":"#5"},"down":{"uv":[9.75,9.5,11.25,10.25],"rotation":90,"texture":"#5"}}},{"from":[9.25,8.04057,-1.44832],"to":[10.75,9.54057,0.05168],"rotation":{"angle":-22.5,"axis":"y","origin":[10.5,8.79057,-0.07332]},"faces":{"north":{"uv":[11.75,2.5,12.5,3.25],"rotation":270,"texture":"#5"},"south":{"uv":[11.75,4.5,12.5,5.25],"rotation":90,"texture":"#5"},"west":{"uv":[12.5,5.5,11.75,6.25],"rotation":90,"texture":"#5"},"up":{"uv":[5.75,11.5,6.5,12.25],"rotation":90,"texture":"#5"},"down":{"uv":[11.75,3.5,12.5,4.25],"rotation":90,"texture":"#5"}}},{"from":[9.64298,8.77557,-4.67396],"to":[12.64298,8.80557,0.32604],"rotation":{"angle":22.5,"axis":"y","origin":[12.64298,8.80557,-0.67396]},"faces":{"up":{"uv":[4.25,7,6.75,8.5],"rotation":90,"texture":"#5"},"down":{"uv":[6.75,7,4.25,8.5],"rotation":90,"texture":"#5"}}},{"from":[9.29522,8.10478,0.15],"to":[10.29522,10.30478,2.35],"rotation":{"angle":-45,"axis":"x","origin":[9.29522,10.20478,2.25]},"faces":{"north":{"uv":[12.25,2,13.25,2.5],"rotation":270,"texture":"#5"},"east":{"uv":[3.75,11.5,2.75,10.5],"rotation":90,"texture":"#5"},"south":{"uv":[12.25,6.5,13.25,7],"rotation":90,"texture":"#5"},"west":{"uv":[11.75,3.5,10.75,4.5],"rotation":90,"texture":"#5"},"up":{"uv":[12.25,7,13.25,7.5],"rotation":90,"texture":"#5"},"down":{"uv":[4.75,12,5.75,12.5],"rotation":90,"texture":"#5"}}},{"from":[9.42194,8.04057,2.83813],"to":[11.42194,9.54057,4.33813],"rotation":{"angle":-22.5,"axis":"y","origin":[13.06969,8.79057,3.90821]},"faces":{"north":{"uv":[10.75,8,11.5,9],"rotation":270,"texture":"#5"},"east":{"uv":[7.5,12.25,6.75,11.5],"rotation":90,"texture":"#5"},"south":{"uv":[10.75,10.5,11.5,11.5],"rotation":90,"texture":"#5"},"west":{"uv":[8.5,11.5,7.75,12.25],"rotation":90,"texture":"#5"},"up":{"uv":[3.75,11,4.5,12],"rotation":90,"texture":"#5"},"down":{"uv":[9.75,10.5,10.5,11.5],"rotation":90,"texture":"#5"}}},{"from":[13.42194,8.04057,2.83813],"to":[14.92194,9.54057,4.33813],"rotation":{"angle":-22.5,"axis":"y","origin":[13.06969,8.79057,3.90821]},"faces":{"north":{"uv":[11.75,8,12.5,8.75],"rotation":270,"texture":"#5"},"east":{"uv":[12.5,11.75,11.75,11],"rotation":90,"texture":"#5"},"south":{"uv":[11.75,10,12.5,10.75],"rotation":90,"texture":"#5"},"west":{"uv":[13,1,12.25,1.75],"rotation":90,"texture":"#5"},"up":{"uv":[10.75,11.5,11.5,12.25],"rotation":90,"texture":"#5"},"down":{"uv":[9.75,11.5,10.5,12.25],"rotation":90,"texture":"#5"}}},{"from":[11.42194,8.04057,3.83813],"to":[13.42194,9.54057,4.33813],"rotation":{"angle":-22.5,"axis":"y","origin":[13.06969,8.79057,3.90821]},"faces":{"north":{"uv":[4.75,11,5.5,12],"rotation":270,"texture":"#5"},"south":{"uv":[11.25,6.5,12,7.5],"rotation":90,"texture":"#5"},"up":{"uv":[13.25,2,13.5,3],"rotation":90,"texture":"#5"},"down":{"uv":[13.25,1,13.5,2],"rotation":90,"texture":"#5"}}},{"from":[11.42194,8.19057,2.98813],"to":[13.42194,9.39057,3.83813],"rotation":{"angle":-22.5,"axis":"y","origin":[13.06969,8.79057,3.90821]},"faces":{"north":{"uv":[8.75,11.5,9.25,12.5],"rotation":270,"texture":"#5"},"up":{"uv":[12.25,12,12.75,13],"rotation":90,"texture":"#5"},"down":{"uv":[11.75,12,12.25,13],"rotation":90,"texture":"#5"}}},{"from":[13.82543,9.54057,4.02195],"to":[14.32543,10.04057,6.52195],"rotation":{"angle":22.5,"axis":"y","origin":[13.06969,8.79057,3.90821]},"faces":{"north":{"uv":[13.75,1.5,14,1.75],"rotation":270,"texture":"#5"},"east":{"uv":[9.5,13.75,9.25,12.5],"rotation":90,"texture":"#5"},"south":{"uv":[13.75,2,14,2.25],"rotation":90,"texture":"#5"},"west":{"uv":[10,12.5,9.75,13.75],"rotation":90,"texture":"#5"},"up":{"uv":[12.75,8.5,14,8.75],"rotation":90,"texture":"#5"},"down":{"uv":[12.75,6,14,6.25],"rotation":90,"texture":"#5"}}},{"from":[13.82543,8.04057,6.02195],"to":[14.32543,9.54057,6.52195],"rotation":{"angle":22.5,"axis":"y","origin":[13.06969,8.79057,3.90821]},"faces":{"north":{"uv":[3.75,13,4.5,13.25],"rotation":270,"texture":"#5"},"east":{"uv":[14,4.75,13.25,4.5],"rotation":90,"texture":"#5"},"south":{"uv":[4.75,13,5.5,13.25],"rotation":90,"texture":"#5"},"west":{"uv":[14,5,13.25,5.25],"rotation":90,"texture":"#5"}}},{"from":[13.82543,7.54057,4.02195],"to":[14.32543,8.04057,6.52195],"rotation":{"angle":22.5,"axis":"y","origin":[13.06969,8.79057,3.90821]},"faces":{"north":{"uv":[2.75,13.5,3,13.75],"rotation":270,"texture":"#5"},"east":{"uv":[13,11.25,12.75,10],"rotation":90,"texture":"#5"},"south":{"uv":[13.75,2.5,14,2.75],"rotation":90,"texture":"#5"},"west":{"uv":[13,11.5,12.75,12.75],"rotation":90,"texture":"#5"},"up":{"uv":[10.25,12.5,11.5,12.75],"rotation":90,"texture":"#5"},"down":{"uv":[12.75,9.5,14,9.75],"rotation":90,"texture":"#5"}}},{"from":[8.79522,8.03555,1.5],"to":[9.29522,9.53555,3],"rotation":{"angle":-45,"axis":"x","origin":[9.04522,8.78555,2.25]},"faces":{"north":{"uv":[13.25,9,14,9.25],"rotation":270,"texture":"#5"},"south":{"uv":[13.25,10,14,10.25],"rotation":90,"texture":"#5"},"west":{"uv":[4.5,12,3.75,12.75],"rotation":90,"texture":"#5"},"up":{"uv":[13.25,10.5,14,10.75],"rotation":90,"texture":"#5"},"down":{"uv":[10.25,13,11,13.25],"rotation":90,"texture":"#5"}}},{"from":[3.75,8.04057,-1.44832],"to":[5.25,9.54057,1.55168],"rotation":{"angle":22.5,"axis":"y","origin":[5.5,8.79057,-0.07332]},"faces":{"north":{"uv":[2.75,12.25,3.5,11.5],"rotation":270,"texture":"#5"},"east":{"uv":[11,8,10.25,6.5],"rotation":90,"texture":"#5"},"west":{"uv":[6.5,10,5.75,11.5],"rotation":90,"texture":"#5"},"up":{"uv":[4.25,10.75,5.75,10],"rotation":90,"texture":"#5"},"down":{"uv":[9.75,10.25,11.25,9.5],"rotation":90,"texture":"#5"}}},{"from":[5.25,8.04057,-1.44832],"to":[6.75,9.54057,0.05168],"rotation":{"angle":22.5,"axis":"y","origin":[5.5,8.79057,-0.07332]},"faces":{"north":{"uv":[11.75,3.25,12.5,2.5],"rotation":270,"texture":"#5"},"east":{"uv":[12.5,6.25,11.75,5.5],"rotation":90,"texture":"#5"},"south":{"uv":[11.75,5.25,12.5,4.5],"rotation":90,"texture":"#5"},"up":{"uv":[5.75,12.25,6.5,11.5],"rotation":90,"texture":"#5"},"down":{"uv":[11.75,4.25,12.5,3.5],"rotation":90,"texture":"#5"}}},{"from":[3.35702,8.77557,-4.67396],"to":[6.35702,8.80557,0.32604],"rotation":{"angle":-22.5,"axis":"y","origin":[3.35702,8.80557,-0.67396]},"faces":{"up":{"uv":[4.25,8.5,6.75,7],"rotation":90,"texture":"#5"},"down":{"uv":[6.75,8.5,4.25,7],"rotation":90,"texture":"#5"}}},{"from":[5.70478,8.10478,0.15],"to":[6.70478,10.30478,2.35],"rotation":{"angle":-45,"axis":"x","origin":[6.70478,10.20478,2.25]},"faces":{"north":{"uv":[12.25,2.5,13.25,2],"rotation":270,"texture":"#5"},"east":{"uv":[11.75,4.5,10.75,3.5],"rotation":90,"texture":"#5"},"south":{"uv":[12.25,7,13.25,6.5],"rotation":90,"texture":"#5"},"west":{"uv":[3.75,10.5,2.75,11.5],"rotation":90,"texture":"#5"},"up":{"uv":[12.25,7.5,13.25,7],"rotation":90,"texture":"#5"},"down":{"uv":[4.75,12.5,5.75,12],"rotation":90,"texture":"#5"}}},{"from":[4.57806,8.04057,2.83813],"to":[6.57806,9.54057,4.33813],"rotation":{"angle":22.5,"axis":"y","origin":[2.93031,8.79057,3.90821]},"faces":{"north":{"uv":[10.75,9,11.5,8],"rotation":270,"texture":"#5"},"east":{"uv":[8.5,12.25,7.75,11.5],"rotation":90,"texture":"#5"},"south":{"uv":[10.75,11.5,11.5,10.5],"rotation":90,"texture":"#5"},"west":{"uv":[7.5,11.5,6.75,12.25],"rotation":90,"texture":"#5"},"up":{"uv":[3.75,12,4.5,11],"rotation":90,"texture":"#5"},"down":{"uv":[9.75,11.5,10.5,10.5],"rotation":90,"texture":"#5"}}},{"from":[1.07806,8.04057,2.83813],"to":[2.57806,9.54057,4.33813],"rotation":{"angle":22.5,"axis":"y","origin":[2.93031,8.79057,3.90821]},"faces":{"north":{"uv":[11.75,8.75,12.5,8],"rotation":270,"texture":"#5"},"east":{"uv":[13,1.75,12.25,1],"rotation":90,"texture":"#5"},"south":{"uv":[11.75,10.75,12.5,10],"rotation":90,"texture":"#5"},"west":{"uv":[12.5,11,11.75,11.75],"rotation":90,"texture":"#5"},"up":{"uv":[10.75,12.25,11.5,11.5],"rotation":90,"texture":"#5"},"down":{"uv":[9.75,12.25,10.5,11.5],"rotation":90,"texture":"#5"}}},{"from":[2.57806,8.04057,3.83813],"to":[4.57806,9.54057,4.33813],"rotation":{"angle":22.5,"axis":"y","origin":[2.93031,8.79057,3.90821]},"faces":{"north":{"uv":[4.75,12,5.5,11],"rotation":270,"texture":"#5"},"south":{"uv":[11.25,7.5,12,6.5],"rotation":90,"texture":"#5"},"up":{"uv":[13.25,3,13.5,2],"rotation":90,"texture":"#5"},"down":{"uv":[13.25,2,13.5,1],"rotation":90,"texture":"#5"}}},{"from":[2.57806,8.19057,2.98813],"to":[4.57806,9.39057,3.83813],"rotation":{"angle":22.5,"axis":"y","origin":[2.93031,8.79057,3.90821]},"faces":{"north":{"uv":[8.75,12.5,9.25,11.5],"rotation":270,"texture":"#5"},"up":{"uv":[12.25,13,12.75,12],"rotation":90,"texture":"#5"},"down":{"uv":[11.75,13,12.25,12],"rotation":90,"texture":"#5"}}},{"from":[1.67457,9.54057,4.02195],"to":[2.17457,10.04057,6.52195],"rotation":{"angle":-22.5,"axis":"y","origin":[2.93031,8.79057,3.90821]},"faces":{"north":{"uv":[13.75,1.75,14,1.5],"rotation":270,"texture":"#5"},"east":{"uv":[10,13.75,9.75,12.5],"rotation":90,"texture":"#5"},"south":{"uv":[13.75,2.25,14,2],"rotation":90,"texture":"#5"},"west":{"uv":[9.5,12.5,9.25,13.75],"rotation":90,"texture":"#5"},"up":{"uv":[12.75,8.75,14,8.5],"rotation":90,"texture":"#5"},"down":{"uv":[12.75,6.25,14,6],"rotation":90,"texture":"#5"}}},{"from":[1.67457,7.54057,4.02195],"to":[2.17457,8.04057,6.52195],"rotation":{"angle":-22.5,"axis":"y","origin":[2.93031,8.79057,3.90821]},"faces":{"north":{"uv":[2.75,13.75,3,13.5],"rotation":270,"texture":"#5"},"east":{"uv":[13,12.75,12.75,11.5],"rotation":90,"texture":"#5"},"south":{"uv":[13.75,2.75,14,2.5],"rotation":90,"texture":"#5"},"west":{"uv":[13,10,12.75,11.25],"rotation":90,"texture":"#5"},"up":{"uv":[10.25,12.75,11.5,12.5],"rotation":90,"texture":"#5"},"down":{"uv":[12.75,9.75,14,9.5],"rotation":90,"texture":"#5"}}},{"from":[1.67457,8.04057,6.02195],"to":[2.17457,9.54057,6.52195],"rotation":{"angle":-22.5,"axis":"y","origin":[2.93031,8.79057,3.90821]},"faces":{"north":{"uv":[3.75,13.25,4.5,13],"rotation":270,"texture":"#5"},"east":{"uv":[14,5.25,13.25,5],"rotation":90,"texture":"#5"},"south":{"uv":[4.75,13.25,5.5,13],"rotation":90,"texture":"#5"},"west":{"uv":[14,4.5,13.25,4.75],"rotation":90,"texture":"#5"}}},{"from":[6.70478,8.03555,1.5],"to":[7.20478,9.53555,3],"rotation":{"angle":-45,"axis":"x","origin":[6.95478,8.78555,2.25]},"faces":{"north":{"uv":[13.25,9.25,14,9],"rotation":270,"texture":"#5"},"east":{"uv":[4.5,12.75,3.75,12],"rotation":90,"texture":"#5"},"south":{"uv":[13.25,10.25,14,10],"rotation":90,"texture":"#5"},"up":{"uv":[13.25,10.75,14,10.5],"rotation":90,"texture":"#5"},"down":{"uv":[10.25,13.25,11,13],"rotation":90,"texture":"#5"}}},{"from":[10.5,7.45,-4.36615],"to":[15.5,10.15,5.63385],"rotation":{"angle":22.5,"axis":"y","origin":[14.25,8.8,0.63385]},"faces":{"up":{"uv":[0,0,11.25,6],"rotation":270,"texture":"#6"},"down":{"uv":[11.25,0,0,6],"rotation":270,"texture":"#6"}}},{"from":[0.5,7.45,-4.36615],"to":[5.5,10.15,5.63385],"rotation":{"angle":-22.5,"axis":"y","origin":[1.75,8.8,0.63385]},"faces":{"up":{"uv":[0,6,11.25,0],"rotation":270,"texture":"#6"},"down":{"uv":[11.25,6,0,0],"rotation":270,"texture":"#6"}}},{"from":[7,7,2],"to":[9,9,9],"rotation":{"angle":0,"axis":"y","origin":[7,7,0]},"faces":{"north":{"uv":[10.75,4.5,11.75,5.5],"texture":"#5"},"east":{"uv":[6.75,7,10.25,8],"texture":"#5"},"west":{"uv":[8.25,1,11.75,2],"texture":"#5"},"up":{"uv":[9.25,5.5,8.25,2],"texture":"#5"},"down":{"uv":[7.75,8,6.75,11.5],"texture":"#5"}}},{"from":[7,7,12],"to":[9,9,13],"rotation":{"angle":0,"axis":"y","origin":[7,7,10]},"faces":{"east":{"uv":[2.75,12.5,3.25,13.5],"texture":"#5"},"south":{"uv":[10.75,5.5,11.75,6.5],"texture":"#5"},"west":{"uv":[12.75,2.5,13.25,3.5],"texture":"#5"},"up":{"uv":[13.25,9.5,12.25,9],"texture":"#5"},"down":{"uv":[13.75,3.5,12.75,4],"texture":"#5"}}},{"from":[7,6,16],"to":[9,9,17],"rotation":{"angle":0,"axis":"y","origin":[7,7,14]},"faces":{"north":{"uv":[7.75,9.5,8.75,11],"texture":"#5"},"east":{"uv":[9.25,11,9.75,12.5],"texture":"#5"},"south":{"uv":[8.75,9.5,9.75,11],"texture":"#5"},"west":{"uv":[11.75,1,12.25,2.5],"texture":"#5"},"up":{"uv":[13.75,4.5,12.75,4],"texture":"#5"},"down":{"uv":[5.75,12.5,4.75,13],"texture":"#5"}}},{"from":[7.25,8,13],"to":[8.75,8.75,16],"rotation":{"angle":0,"axis":"y","origin":[7,7,11]},"faces":{"east":{"uv":[10.75,9,12.25,9.5],"texture":"#5"},"west":{"uv":[7.75,11,9.25,11.5],"texture":"#5"},"up":{"uv":[11.5,3.5,10.75,2],"texture":"#5"}}},{"from":[7,7,13],"to":[9,8,16],"rotation":{"angle":0,"axis":"y","origin":[7,6,11]},"faces":{"east":{"uv":[11.25,7.5,12.75,8],"texture":"#5"},"west":{"uv":[11.25,9.5,12.75,10],"texture":"#5"},"up":{"uv":[6.75,10,5.75,8.5],"texture":"#5"},"down":{"uv":[10.75,5,9.75,6.5],"texture":"#5"}}},{"from":[6.5,7,9],"to":[9.5,10,12],"rotation":{"angle":0,"axis":"y","origin":[7,7,9]},"faces":{"north":{"uv":[8.25,5.5,9.75,7],"texture":"#5"},"east":{"uv":[7.75,8,9.25,9.5],"texture":"#5"},"south":{"uv":[4.25,8.5,5.75,10],"texture":"#5"},"west":{"uv":[9.25,2,10.75,3.5],"texture":"#5"},"up":{"uv":[10.75,5,9.25,3.5],"texture":"#5"},"down":{"uv":[10.75,8,9.25,9.5],"texture":"#5"}}},{"from":[7.5,5.22836,12.14805],"to":[8.5,6.72836,12.64805],"rotation":{"angle":-22.5,"axis":"x","origin":[7.5,4.22836,11.64805]},"faces":{"north":{"uv":[3.25,12.5,3.75,13.25],"texture":"#5"},"east":{"uv":[5.75,13,6,13.75],"texture":"#5"},"south":{"uv":[12.75,4.5,13.25,5.25],"texture":"#5"},"west":{"uv":[6.25,13,6.5,13.75],"texture":"#5"}}},{"from":[7.6,5.22836,11.74805],"to":[8.4,6.72836,12.14805],"rotation":{"angle":-22.5,"axis":"x","origin":[7.5,4.22836,11.64805]},"faces":{"north":{"uv":[7.25,12.5,7.75,13.25],"texture":"#5"},"east":{"uv":[13.25,6.5,13.5,7.25],"texture":"#5"},"west":{"uv":[13.25,7.5,13.5,8.25],"texture":"#5"}}},{"from":[7.5,6.72836,11.14805],"to":[8.5,7.72836,12.64805],"rotation":{"angle":-22.5,"axis":"x","origin":[7.5,4.22836,11.64805]},"faces":{"north":{"uv":[9.25,5,9.75,5.5],"texture":"#5"},"east":{"uv":[5.75,12.5,6.5,13],"texture":"#5"},"south":{"uv":[9.75,6.5,10.25,7],"texture":"#5"},"west":{"uv":[12.75,5.5,13.5,6],"texture":"#5"},"down":{"uv":[7.25,12.5,6.75,13.25],"texture":"#5"}}},{"from":[7.5,4.72836,11.64805],"to":[8.5,5.22836,12.64805],"rotation":{"angle":-22.5,"axis":"x","origin":[7.5,4.22836,11.64805]},"faces":{"north":{"uv":[11.25,13,11.75,13.25],"texture":"#5"},"east":{"uv":[13.25,11,13.75,11.25],"texture":"#5"},"south":{"uv":[11.75,13,12.25,13.25],"texture":"#5"},"west":{"uv":[13.25,11.5,13.75,11.75],"texture":"#5"},"up":{"uv":[4.25,11,3.75,10.5],"texture":"#5"},"down":{"uv":[11.75,10,11.25,10.5],"texture":"#5"}}},{"from":[7.75,6.44672,9.7294],"to":[8.25,7.44672,10.2294],"rotation":{"angle":0,"axis":"y","origin":[7.25,6.44672,9.2294]},"faces":{"east":{"uv":[12.25,13,12.5,13.5],"texture":"#5"},"west":{"uv":[13.25,12,13.5,12.5],"texture":"#5"},"down":{"uv":[3.5,13.5,3.25,13.75],"texture":"#5"}}},{"from":[7.65,6.34672,9.2294],"to":[8.35,7.44672,9.7294],"rotation":{"angle":0,"axis":"y","origin":[7.25,6.44672,9.2294]},"faces":{"north":{"uv":[12.75,13,13,13.5],"texture":"#5"},"east":{"uv":[13.25,12.5,13.5,13],"texture":"#5"},"south":{"uv":[13.25,13,13.5,13.5],"texture":"#5"},"west":{"uv":[13.75,1,14,1.5],"texture":"#5"},"down":{"uv":[14,3,13.75,3.25],"texture":"#5"}}},{"from":[7.5,9,8.5],"to":[8.5,10.5,9.5],"rotation":{"angle":0,"axis":"y","origin":[7.5,9,8.5]},"faces":{"north":{"uv":[7.75,12.5,8.25,13.25],"texture":"#5"},"east":{"uv":[12.75,7.5,13.25,8.25],"texture":"#5"},"south":{"uv":[8.25,12.5,8.75,13.25],"texture":"#5"},"west":{"uv":[8.75,12.5,9.25,13.25],"texture":"#5"},"up":{"uv":[13.75,3.5,13.25,3],"texture":"#5"}}},{"from":[1.025,9.22,5.44116],"to":[14.975,9.25,9.19116],"rotation":{"angle":0,"axis":"y","origin":[5.475,9.735,8.44116]},"faces":{"up":{"uv":[7,2,0,0],"texture":"#5"},"down":{"uv":[7,0,0,2],"texture":"#5"}}}],"gui_light":"front","display":{"thirdperson_righthand":{"translation":[0,1,-0.25]},"thirdperson_lefthand":{"translation":[0,1,-0.25]},"firstperson_righthand":{"translation":[3.5,2.75,-0.25]},"firstperson_lefthand":{"translation":[3.5,2.75,-0.25]},"ground":{"rotation":[30,0,0],"translation":[0,5,0],"scale":[0.7,0.7,0.7]},"gui":{"rotation":[90,45,0],"translation":[1.5,-1.5,0],"scale":[0.94141,0.94141,0.94141]},"head":{"rotation":[26,0,0]},"fixed":{"rotation":[-90,0,0],"translation":[0,0,-3.25],"scale":[2,2,2]}}}