{"credit":"Made with Blockbench","texture_size":[128,64],"textures":{"2":"elitecreatures:farmer_decoration_v1/farmer_flower"},"elements":[{"from":[3,0,4],"to":[13,2,12],"faces":{"north":{"uv":[4.5,2,6.75,3],"texture":"#2"},"east":{"uv":[4.5,4,6.5,5],"texture":"#2"},"south":{"uv":[4.5,3,6.75,4],"texture":"#2"},"west":{"uv":[4.5,5,6.5,6],"texture":"#2"},"up":{"uv":[2.25,4,0,0],"texture":"#2"},"down":{"uv":[2.25,4,0,8],"texture":"#2"}}},{"from":[3,4,4],"to":[13,6,12],"faces":{"north":{"uv":[12,0,14.5,1],"texture":"#2"},"east":{"uv":[12,1,14,2],"texture":"#2"},"south":{"uv":[12,0,14.5,1],"texture":"#2"},"west":{"uv":[12,1,14,2],"texture":"#2"},"up":{"uv":[10.5,12,8,8],"texture":"#2"}}},{"from":[2,1,4],"to":[3,5,12],"faces":{"north":{"uv":[1.5,10,1.75,12],"texture":"#2"},"east":{"uv":[0,8,2,10],"texture":"#2"},"south":{"uv":[1.5,10,1.75,12],"texture":"#2"},"west":{"uv":[2,8,4,10],"texture":"#2"},"up":{"uv":[0.25,14,0,10],"texture":"#2"},"down":{"uv":[0.5,10,0.25,14],"texture":"#2"}}},{"from":[13,1,4],"to":[14,5,12],"faces":{"north":{"uv":[1.5,10,1.75,12],"texture":"#2"},"east":{"uv":[2,8,4,10],"texture":"#2"},"south":{"uv":[1.5,10,1.75,12],"texture":"#2"},"west":{"uv":[4.5,0,6.5,2],"texture":"#2"},"up":{"uv":[0.75,14,0.5,10],"texture":"#2"},"down":{"uv":[1,10,0.75,14],"texture":"#2"}}},{"from":[3,1,3],"to":[13,5,4],"faces":{"north":{"uv":[2.25,0,4.5,2],"texture":"#2"},"east":{"uv":[2,10,2.25,12],"texture":"#2"},"south":{"uv":[2.25,2,4.5,4],"texture":"#2"},"west":{"uv":[2.25,10,2.5,12],"texture":"#2"},"up":{"uv":[6.75,6.5,4.5,6],"texture":"#2"},"down":{"uv":[6.75,6.5,4.5,7],"texture":"#2"}}},{"from":[2,4,3],"to":[3,5,4],"faces":{"north":{"uv":[3,10,3.25,10.5],"texture":"#2"},"east":{"uv":[3.25,10,3.5,10.5],"texture":"#2"},"south":{"uv":[3.5,10,3.75,10.5],"texture":"#2"},"west":{"uv":[3.75,10,4,10.5],"texture":"#2"},"up":{"uv":[4.25,10.5,4,10],"texture":"#2"},"down":{"uv":[4.5,10,4.25,10.5],"texture":"#2"}}},{"from":[13,4,3],"to":[14,5,4],"faces":{"north":{"uv":[3,10,3.25,10.5],"texture":"#2"},"east":{"uv":[3.25,10,3.5,10.5],"texture":"#2"},"south":{"uv":[3.5,10,3.75,10.5],"texture":"#2"},"west":{"uv":[3.75,10,4,10.5],"texture":"#2"},"up":{"uv":[4.25,10.5,4,10],"texture":"#2"},"down":{"uv":[4.5,10,4.25,10.5],"texture":"#2"}}},{"from":[13,4,12],"to":[14,5,13],"faces":{"north":{"uv":[4.5,10,4.75,10.5],"texture":"#2"},"east":{"uv":[4.75,10,5,10.5],"texture":"#2"},"south":{"uv":[5,10,5.25,10.5],"texture":"#2"},"west":{"uv":[3,10.5,3.25,11],"texture":"#2"},"up":{"uv":[3.5,11,3.25,10.5],"texture":"#2"},"down":{"uv":[3.75,10.5,3.5,11],"texture":"#2"}}},{"from":[2,4,12],"to":[3,5,13],"faces":{"north":{"uv":[3.75,10.5,4,11],"texture":"#2"},"east":{"uv":[4,10.5,4.25,11],"texture":"#2"},"south":{"uv":[4.25,10.5,4.5,11],"texture":"#2"},"west":{"uv":[4.5,10.5,4.75,11],"texture":"#2"},"up":{"uv":[5,11,4.75,10.5],"texture":"#2"},"down":{"uv":[5.25,10.5,5,11],"texture":"#2"}}},{"from":[3,1,12],"to":[13,5,13],"faces":{"north":{"uv":[2.25,4,4.5,6],"texture":"#2"},"east":{"uv":[2.5,10,2.75,12],"texture":"#2"},"south":{"uv":[2.25,0,4.5,2],"texture":"#2"},"west":{"uv":[2.75,10,3,12],"texture":"#2"},"up":{"uv":[6.75,7.5,4.5,7],"texture":"#2"},"down":{"uv":[6.75,7.5,4.5,8],"texture":"#2"}}},{"from":[0.25,12,8],"to":[16.25,28,8],"faces":{"north":{"uv":[8,0,12,8],"texture":"#2"},"south":{"uv":[12,0,8,8],"texture":"#2"}}},{"from":[3,6,8.5],"to":[13,21,8.5],"faces":{"north":{"uv":[13.5,8.5,16,16],"texture":"#2"},"south":{"uv":[16,8.5,13.5,16],"texture":"#2"}}},{"from":[3,6,8.5],"to":[13,16,8.5],"rotation":{"angle":45,"axis":"y","origin":[8,13.5,8.5]},"faces":{"north":{"uv":[13.5,11,16,16],"texture":"#2"},"south":{"uv":[16,11,13.5,16],"texture":"#2"}}}],"gui_light":"front","display":{"thirdperson_righthand":{"translation":[0,2.5,1.5],"scale":[0.33,0.33,0.33]},"thirdperson_lefthand":{"translation":[0,2.5,1.5],"scale":[0.33,0.33,0.33]},"firstperson_righthand":{"translation":[0,5.5,1.5],"scale":[0.67,0.67,0.67]},"firstperson_lefthand":{"translation":[0,5.5,1.5],"scale":[0.67,0.67,0.67]},"ground":{"translation":[0.75,2,0],"scale":[0.5,0.5,0.5]},"gui":{"rotation":[30,225,0],"translation":[-0.25,-1.75,0],"scale":[0.44,0.43,0.44]},"head":{"translation":[0,-30.25,0],"scale":[1.6,1.6,1.6]},"fixed":{"rotation":[-90,0,0],"translation":[0,0,-16.25],"scale":[2,2,2]}},"groups":[{"name":"Pot","origin":[0,0,0],"color":0,"children":[0,1,2,3,4,5,6,7,8,9]},10,11,12]}