{"textures":{"0":"modelengine:entity/ender_dragon"},"elements":[{"from":[-0.8279371,0.29009962,7.8857164],"to":[16.772064,9.844386,19.954288],"rotation":{"angle":0.0,"axis":"y","origin":[7.2177777,6.827243,12.41143]},"faces":{"east":{"uv":[4.8515625,7.4921875,5.015625,7.625],"rotation":0,"texture":"#0","tintindex":0},"south":{"uv":[7.125,0.2109375,7.3671875,0.34375],"rotation":0,"texture":"#0","tintindex":0},"north":{"uv":[6.0,1.484375,6.2421875,1.6171875],"rotation":0,"texture":"#0","tintindex":0},"west":{"uv":[5.015625,7.4921875,5.1796875,7.625],"rotation":0,"texture":"#0","tintindex":0},"up":{"uv":[3.53125,5.25,3.2890625,5.0859375],"rotation":0,"texture":"#0","tintindex":0},"down":{"uv":[1.984375,7.1484375,1.7421875,7.3125],"rotation":0,"texture":"#0","tintindex":0}}},{"from":[1.9377775,-4.738471,-0.66285515],"to":[14.00635,2.8043861,11.908573],"rotation":{"angle":0.0,"axis":"y","origin":[7.4692063,6.827243,12.41143]},"faces":{"east":{"uv":[3.8046875,4.71875,3.9765625,4.8203125],"rotation":0,"texture":"#0","tintindex":0},"south":{"uv":[7.6484375,6.59375,7.8125,6.6953125],"rotation":0,"texture":"#0","tintindex":0},"north":{"uv":[5.15625,7.6484375,5.3203125,7.75],"rotation":0,"texture":"#0","tintindex":0},"west":{"uv":[1.5234375,7.6484375,1.6953125,7.75],"rotation":0,"texture":"#0","tintindex":0},"up":{"uv":[1.4765625,7.46875,1.3125,7.296875],"rotation":0,"texture":"#0","tintindex":0},"down":{"uv":[2.28125,7.296875,2.1171875,7.46875],"rotation":0,"texture":"#0","tintindex":0}}},{"from":[3.6977777,-2.224186,-13.234285],"to":[12.246349,2.8043861,-0.66285515],"rotation":{"angle":0.0,"axis":"y","origin":[7.720635,6.827243,12.41143]},"faces":{"east":{"uv":[7.7890625,6.1875,7.9609375,6.2578125],"rotation":0,"texture":"#0","tintindex":0},"south":{"uv":[7.8828125,4.3671875,8.0,4.4375],"rotation":0,"texture":"#0","tintindex":0},"north":{"uv":[6.6171875,3.03125,6.734375,3.1015625],"rotation":0,"texture":"#0","tintindex":0},"west":{"uv":[7.7890625,7.703125,7.9609375,7.7734375],"rotation":0,"texture":"#0","tintindex":0},"up":{"uv":[0.578125,7.71875,0.4609375,7.546875],"rotation":0,"texture":"#0","tintindex":0},"down":{"uv":[0.984375,7.546875,0.8671875,7.71875],"rotation":0,"texture":"#0","tintindex":0}}},{"from":[3.1949205,-0.7156143,-11.2228565],"to":[5.2063494,4.312957,-8.7085705],"rotation":{"angle":0.0,"axis":"y","origin":[7.720635,6.827243,12.41143]},"faces":{"east":{"uv":[3.7734375,5.25,3.8046875,5.3203125],"rotation":0,"texture":"#0","tintindex":0},"south":{"uv":[5.9140625,2.0,5.9453125,2.0703125],"rotation":0,"texture":"#0","tintindex":0},"north":{"uv":[2.875,2.65625,2.90625,2.7265625],"rotation":0,"texture":"#0","tintindex":0},"west":{"uv":[0.9921875,6.09375,1.0234375,6.1640625],"rotation":0,"texture":"#0","tintindex":0},"up":{"uv":[7.828125,6.109375,7.796875,6.078125],"rotation":0,"texture":"#0","tintindex":0},"down":{"uv":[1.390625,7.8125,1.359375,7.84375],"rotation":0,"texture":"#0","tintindex":0}}},{"from":[3.6977777,4.312957,-10.719999],"to":[4.703492,5.8215284,-9.211428],"rotation":{"angle":0.0,"axis":"y","origin":[7.720635,6.827243,12.41143]},"faces":{"east":{"uv":[2.6953125,3.953125,2.71875,3.9765625],"rotation":0,"texture":"#0","tintindex":0},"south":{"uv":[4.5234375,1.8671875,4.5390625,1.890625],"rotation":0,"texture":"#0","tintindex":0},"north":{"uv":[4.15625,4.5078125,4.171875,4.53125],"rotation":0,"texture":"#0","tintindex":0},"west":{"uv":[2.71875,3.953125,2.7421875,3.9765625],"rotation":0,"texture":"#0","tintindex":0},"up":{"uv":[4.171875,4.5546875,4.15625,4.53125],"rotation":0,"texture":"#0","tintindex":0},"down":{"uv":[4.5546875,1.8671875,4.5390625,1.890625],"rotation":0,"texture":"#0","tintindex":0}}},{"from":[4.954921,1.924386,-13.862856],"to":[5.9606347,4.4386716,-12.731428],"rotation":{"angle":0.0,"axis":"y","origin":[7.720635,6.827243,12.41143]},"faces":{"east":{"uv":[2.859375,2.046875,2.875,2.078125],"rotation":0,"texture":"#0","tintindex":0},"south":{"uv":[2.859375,2.078125,2.875,2.109375],"rotation":0,"texture":"#0","tintindex":0},"north":{"uv":[2.859375,2.015625,2.875,2.046875],"rotation":0,"texture":"#0","tintindex":0},"west":{"uv":[3.03125,0.5078125,3.046875,0.5390625],"rotation":0,"texture":"#0","tintindex":0},"up":{"uv":[3.8125,2.453125,3.796875,2.4375],"rotation":0,"texture":"#0","tintindex":0},"down":{"uv":[3.828125,2.4375,3.8125,2.453125],"rotation":0,"texture":"#0","tintindex":0}}},{"from":[9.983492,1.924386,-13.862856],"to":[10.989206,4.4386716,-12.731428],"rotation":{"angle":0.0,"axis":"y","origin":[8.223492,6.827243,12.41143]},"faces":{"east":{"uv":[3.71875,1.890625,3.734375,1.921875],"rotation":0,"texture":"#0","tintindex":0},"south":{"uv":[3.71875,1.921875,3.734375,1.953125],"rotation":0,"texture":"#0","tintindex":0},"north":{"uv":[3.03125,0.5390625,3.046875,0.5703125],"rotation":0,"texture":"#0","tintindex":0},"west":{"uv":[3.71875,1.953125,3.734375,1.984375],"rotation":0,"texture":"#0","tintindex":0},"up":{"uv":[3.84375,2.453125,3.828125,2.4375],"rotation":0,"texture":"#0","tintindex":0},"down":{"uv":[3.859375,2.4375,3.84375,2.453125],"rotation":0,"texture":"#0","tintindex":0}}},{"from":[7.4692063,1.5472426,-14.491428],"to":[8.47492,4.0615287,-13.359999],"rotation":{"angle":0.0,"axis":"y","origin":[5.7092066,6.827243,12.41143]},"faces":{"east":{"uv":[2.5859375,4.140625,2.6015625,4.171875],"rotation":0,"texture":"#0","tintindex":0},"south":{"uv":[0.6875,4.1484375,0.703125,4.1796875],"rotation":0,"texture":"#0","tintindex":0},"north":{"uv":[3.71875,1.984375,3.734375,2.015625],"rotation":0,"texture":"#0","tintindex":0},"west":{"uv":[2.5859375,4.171875,2.6015625,4.203125],"rotation":0,"texture":"#0","tintindex":0},"up":{"uv":[3.875,2.453125,3.859375,2.4375],"rotation":0,"texture":"#0","tintindex":0},"down":{"uv":[3.890625,2.4375,3.875,2.453125],"rotation":0,"texture":"#0","tintindex":0}}},{"from":[1.6863489,4.312957,1.3485732],"to":[2.6920633,6.5758142,2.6057162],"rotation":{"angle":22.5,"axis":"x","origin":[2.1892061,5.0672426,0.5942869]},"faces":{"east":{"uv":[2.5859375,4.234375,2.6015625,4.265625],"rotation":0,"texture":"#0","tintindex":0},"south":{"uv":[2.5859375,4.265625,2.6015625,4.296875],"rotation":0,"texture":"#0","tintindex":0},"north":{"uv":[2.5859375,4.203125,2.6015625,4.234375],"rotation":0,"texture":"#0","tintindex":0},"west":{"uv":[4.15625,4.296875,4.171875,4.328125],"rotation":0,"texture":"#0","tintindex":0},"up":{"uv":[3.90625,2.453125,3.890625,2.4375],"rotation":0,"texture":"#0","tintindex":0},"down":{"uv":[3.921875,2.4375,3.90625,2.453125],"rotation":0,"texture":"#0","tintindex":0}}},{"from":[3.6977777,4.312957,-5.18857],"to":[4.703492,6.1986713,-3.6799984],"rotation":{"angle":0.0,"axis":"y","origin":[7.720635,6.827243,12.41143]},"faces":{"east":{"uv":[4.15625,3.828125,4.1796875,3.8515625],"rotation":0,"texture":"#0","tintindex":0},"south":{"uv":[4.5703125,1.8671875,4.5859375,1.890625],"rotation":0,"texture":"#0","tintindex":0},"north":{"uv":[4.5546875,1.8671875,4.5703125,1.890625],"rotation":0,"texture":"#0","tintindex":0},"west":{"uv":[4.15625,3.8515625,4.1796875,3.875],"rotation":0,"texture":"#0","tintindex":0},"up":{"uv":[4.6015625,1.890625,4.5859375,1.8671875],"rotation":0,"texture":"#0","tintindex":0},"down":{"uv":[4.6171875,1.8671875,4.6015625,1.890625],"rotation":0,"texture":"#0","tintindex":0}}},{"from":[3.1949205,-0.7156143,-5.691427],"to":[5.2063494,4.312957,-3.1771421],"rotation":{"angle":0.0,"axis":"y","origin":[7.720635,6.827243,12.41143]},"faces":{"east":{"uv":[0.9921875,6.234375,1.0234375,6.3046875],"rotation":0,"texture":"#0","tintindex":0},"south":{"uv":[0.9921875,6.3046875,1.0234375,6.375],"rotation":0,"texture":"#0","tintindex":0},"north":{"uv":[0.9921875,6.1640625,1.0234375,6.234375],"rotation":0,"texture":"#0","tintindex":0},"west":{"uv":[6.34375,6.671875,6.375,6.7421875],"rotation":0,"texture":"#0","tintindex":0},"up":{"uv":[7.859375,6.109375,7.828125,6.078125],"rotation":0,"texture":"#0","tintindex":0},"down":{"uv":[2.5,7.8359375,2.46875,7.8671875],"rotation":0,"texture":"#0","tintindex":0}}},{"from":[10.737778,-0.7156143,-5.691427],"to":[12.749207,4.312957,-3.1771421],"rotation":{"angle":0.0,"axis":"y","origin":[12.749207,3.5272427,-3.9747524]},"faces":{"east":{"uv":[3.4609375,6.78125,3.4921875,6.8515625],"rotation":0,"texture":"#0","tintindex":0},"south":{"uv":[6.34375,6.8125,6.375,6.8828125],"rotation":0,"texture":"#0","tintindex":0},"north":{"uv":[6.34375,6.7421875,6.375,6.8125],"rotation":0,"texture":"#0","tintindex":0},"west":{"uv":[3.6171875,6.875,3.6484375,6.9453125],"rotation":0,"texture":"#0","tintindex":0},"up":{"uv":[1.390625,7.875,1.359375,7.84375],"rotation":0,"texture":"#0","tintindex":0},"down":{"uv":[7.8828125,7.296875,7.8515625,7.328125],"rotation":0,"texture":"#0","tintindex":0}}},{"from":[11.240635,4.312957,-5.18857],"to":[12.246349,6.1986713,-3.6799984],"rotation":{"angle":0.0,"axis":"y","origin":[12.749207,3.5272427,-3.9747524]},"faces":{"east":{"uv":[4.15625,3.875,4.1796875,3.8984375],"rotation":0,"texture":"#0","tintindex":0},"south":{"uv":[4.6171875,1.8671875,4.6328125,1.890625],"rotation":0,"texture":"#0","tintindex":0},"north":{"uv":[4.609375,0.59375,4.625,0.6171875],"rotation":0,"texture":"#0","tintindex":0},"west":{"uv":[4.15625,3.8984375,4.1796875,3.921875],"rotation":0,"texture":"#0","tintindex":0},"up":{"uv":[4.640625,0.6171875,4.625,0.59375],"rotation":0,"texture":"#0","tintindex":0},"down":{"uv":[4.6484375,1.8671875,4.6328125,1.890625],"rotation":0,"texture":"#0","tintindex":0}}},{"from":[11.240635,4.312957,-10.719999],"to":[12.246349,5.8215284,-9.211428],"rotation":{"angle":0.0,"axis":"y","origin":[12.749207,3.5272427,-3.9747524]},"faces":{"east":{"uv":[4.15625,3.921875,4.1796875,3.9453125],"rotation":0,"texture":"#0","tintindex":0},"south":{"uv":[4.6484375,1.8671875,4.6640625,1.890625],"rotation":0,"texture":"#0","tintindex":0},"north":{"uv":[4.640625,0.59375,4.65625,0.6171875],"rotation":0,"texture":"#0","tintindex":0},"west":{"uv":[4.15625,3.9453125,4.1796875,3.96875],"rotation":0,"texture":"#0","tintindex":0},"up":{"uv":[4.6796875,1.890625,4.6640625,1.8671875],"rotation":0,"texture":"#0","tintindex":0},"down":{"uv":[4.6953125,1.8671875,4.6796875,1.890625],"rotation":0,"texture":"#0","tintindex":0}}},{"from":[10.737778,-0.7156143,-11.2228565],"to":[12.749207,4.312957,-8.7085705],"rotation":{"angle":0.0,"axis":"y","origin":[12.749207,3.5272427,-3.9747524]},"faces":{"east":{"uv":[3.6171875,6.9453125,3.6484375,7.015625],"rotation":0,"texture":"#0","tintindex":0},"south":{"uv":[5.1875,6.953125,5.21875,7.0234375],"rotation":0,"texture":"#0","tintindex":0},"north":{"uv":[6.34375,6.8828125,6.375,6.953125],"rotation":0,"texture":"#0","tintindex":0},"west":{"uv":[6.4921875,6.953125,6.5234375,7.0234375],"rotation":0,"texture":"#0","tintindex":0},"up":{"uv":[7.890625,6.109375,7.859375,6.078125],"rotation":0,"texture":"#0","tintindex":0},"down":{"uv":[1.390625,7.875,1.359375,7.90625],"rotation":0,"texture":"#0","tintindex":0}}},{"from":[12.749207,3.0501757,-0.72630024],"to":[14.760635,6.1930327,2.1651282],"rotation":{"angle":22.5,"axis":"x","origin":[12.749207,3.5272427,-3.9747524]},"faces":{"east":{"uv":[7.078125,4.21875,7.1171875,4.265625],"rotation":0,"texture":"#0","tintindex":0},"south":{"uv":[6.3125,7.15625,6.34375,7.203125],"rotation":0,"texture":"#0","tintindex":0},"north":{"uv":[6.09375,7.1484375,6.125,7.1953125],"rotation":0,"texture":"#0","tintindex":0},"west":{"uv":[5.5625,7.0859375,5.6015625,7.1328125],"rotation":0,"texture":"#0","tintindex":0},"up":{"uv":[2.53125,7.5546875,2.5,7.515625],"rotation":0,"texture":"#0","tintindex":0},"down":{"uv":[7.4453125,7.5390625,7.4140625,7.578125],"rotation":0,"texture":"#0","tintindex":0}}},{"from":[1.1834917,3.0501757,-0.72630024],"to":[3.1949205,6.1930327,2.1651282],"rotation":{"angle":22.5,"axis":"x","origin":[3.1949205,3.5272427,-3.9747524]},"faces":{"east":{"uv":[5.5625,7.1328125,5.6015625,7.1796875],"rotation":0,"texture":"#0","tintindex":0},"south":{"uv":[6.3125,7.203125,6.34375,7.25],"rotation":0,"texture":"#0","tintindex":0},"north":{"uv":[6.09375,7.1953125,6.125,7.2421875],"rotation":0,"texture":"#0","tintindex":0},"west":{"uv":[2.890625,7.1484375,2.9296875,7.1953125],"rotation":0,"texture":"#0","tintindex":0},"up":{"uv":[2.53125,7.59375,2.5,7.5546875],"rotation":0,"texture":"#0","tintindex":0},"down":{"uv":[2.53125,7.59375,2.5,7.6328125],"rotation":0,"texture":"#0","tintindex":0}}},{"from":[13.252064,5.9442277,0.4114437],"to":[14.257778,8.207085,1.6685863],"rotation":{"angle":22.5,"axis":"x","origin":[12.749207,3.5272427,-3.9747524]},"faces":{"east":{"uv":[4.3203125,0.890625,4.3359375,0.921875],"rotation":0,"texture":"#0","tintindex":0},"south":{"uv":[4.15625,4.328125,4.171875,4.359375],"rotation":0,"texture":"#0","tintindex":0},"north":{"uv":[4.3203125,0.859375,4.3359375,0.890625],"rotation":0,"texture":"#0","tintindex":0},"west":{"uv":[4.15625,4.359375,4.171875,4.390625],"rotation":0,"texture":"#0","tintindex":0},"up":{"uv":[3.9375,2.453125,3.921875,2.4375],"rotation":0,"texture":"#0","tintindex":0},"down":{"uv":[3.953125,2.4375,3.9375,2.453125],"rotation":0,"texture":"#0","tintindex":0}}},{"from":[4.703492,-6.875614,-16.0],"to":[11.240635,0.16438532,-10.971428],"rotation":{"angle":-22.5,"axis":"x","origin":[7.9720635,0.29009962,-15.245714]},"faces":{"east":{"uv":[6.40625,4.4296875,6.4765625,4.5234375],"rotation":0,"texture":"#0","tintindex":0},"south":{"uv":[7.015625,7.8984375,7.1015625,7.9921875],"rotation":0,"texture":"#0","tintindex":0},"north":{"uv":[6.9296875,7.8984375,7.015625,7.9921875],"rotation":0,"texture":"#0","tintindex":0},"west":{"uv":[3.9765625,7.796875,4.046875,7.890625],"rotation":0,"texture":"#0","tintindex":0},"up":{"uv":[3.75,0.5078125,3.6640625,0.4375],"rotation":0,"texture":"#0","tintindex":0},"down":{"uv":[8.046875,7.703125,7.9609375,7.7734375],"rotation":0,"texture":"#0","tintindex":0}}},{"from":[-6.107937,0.7929568,6.377145],"to":[-0.073651314,7.3301,18.445717],"rotation":{"angle":-22.5,"axis":"y","origin":[-3.0907946,4.0615287,13.920002]},"faces":{"east":{"uv":[7.7421875,4.8828125,7.90625,4.96875],"rotation":0,"texture":"#0","tintindex":0},"south":{"uv":[7.9140625,0.2109375,8.0,0.296875],"rotation":0,"texture":"#0","tintindex":0},"north":{"uv":[7.90625,7.078125,7.9921875,7.1640625],"rotation":0,"texture":"#0","tintindex":0},"west":{"uv":[6.3984375,7.7421875,6.5625,7.828125],"rotation":0,"texture":"#0","tintindex":0},"up":{"uv":[3.4375,7.8828125,3.3515625,7.71875],"rotation":0,"texture":"#0","tintindex":0},"down":{"uv":[4.4921875,7.734375,4.40625,7.8984375],"rotation":0,"texture":"#0","tintindex":0}}},{"from":[-8.245079,0.7929568,14.925716],"to":[-4.2222233,4.815814,22.971432],"rotation":{"angle":-22.5,"axis":"x","origin":[-3.0907946,4.0615287,13.920002]},"faces":{"east":{"uv":[7.9140625,2.234375,8.0234375,2.2890625],"rotation":0,"texture":"#0","tintindex":0},"south":{"uv":[0.671875,7.7109375,0.7265625,7.765625],"rotation":0,"texture":"#0","tintindex":0},"north":{"uv":[7.1484375,6.3671875,7.203125,6.421875],"rotation":0,"texture":"#0","tintindex":0},"west":{"uv":[1.46875,7.96875,1.578125,8.0234375],"rotation":0,"texture":"#0","tintindex":0},"up":{"uv":[5.0625,6.578125,5.0078125,6.46875],"rotation":0,"texture":"#0","tintindex":0},"down":{"uv":[4.1796875,7.6875,4.125,7.796875],"rotation":0,"texture":"#0","tintindex":0}}},{"from":[-8.747938,4.4375877,21.745241],"to":[-5.730794,7.4547305,27.27667],"rotation":{"angle":-22.5,"axis":"y","origin":[-6.107937,7.706159,23.253813]},"faces":{"east":{"uv":[4.9453125,1.578125,5.0234375,1.6171875],"rotation":0,"texture":"#0","tintindex":0},"south":{"uv":[2.890625,7.2890625,2.9296875,7.328125],"rotation":0,"texture":"#0","tintindex":0},"north":{"uv":[3.859375,5.9375,3.8984375,5.9765625],"rotation":0,"texture":"#0","tintindex":0},"west":{"uv":[5.421875,4.3828125,5.5,4.421875],"rotation":0,"texture":"#0","tintindex":0},"up":{"uv":[1.453125,5.1796875,1.4140625,5.1015625],"rotation":0,"texture":"#0","tintindex":0},"down":{"uv":[6.5,0.1328125,6.4609375,0.2109375],"rotation":0,"texture":"#0","tintindex":0}}},{"from":[-9.502224,6.449016,25.516668],"to":[-6.48508,9.466159,31.048098],"rotation":{"angle":45.0,"axis":"x","origin":[-6.107937,7.706159,23.253813]},"faces":{"east":{"uv":[6.3828125,0.734375,6.4609375,0.7734375],"rotation":0,"texture":"#0","tintindex":0},"south":{"uv":[5.0625,7.328125,5.1015625,7.3671875],"rotation":0,"texture":"#0","tintindex":0},"north":{"uv":[1.9453125,7.3125,1.984375,7.3515625],"rotation":0,"texture":"#0","tintindex":0},"west":{"uv":[6.8515625,5.8125,6.9296875,5.8515625],"rotation":0,"texture":"#0","tintindex":0},"up":{"uv":[5.265625,6.546875,5.2265625,6.46875],"rotation":0,"texture":"#0","tintindex":0},"down":{"uv":[3.2421875,6.4921875,3.203125,6.5703125],"rotation":0,"texture":"#0","tintindex":0}}},{"from":[22.429207,6.449016,25.516668],"to":[25.44635,9.466159,31.048098],"rotation":{"angle":45.0,"axis":"x","origin":[22.052063,7.706159,23.253813]},"faces":{"east":{"uv":[0.59375,6.8671875,0.671875,6.90625],"rotation":0,"texture":"#0","tintindex":0},"south":{"uv":[5.0625,7.3671875,5.1015625,7.40625],"rotation":0,"texture":"#0","tintindex":0},"north":{"uv":[1.9453125,7.3515625,1.984375,7.390625],"rotation":0,"texture":"#0","tintindex":0},"west":{"uv":[6.8671875,2.828125,6.9453125,2.8671875],"rotation":0,"texture":"#0","tintindex":0},"up":{"uv":[3.2421875,6.6484375,3.203125,6.5703125],"rotation":0,"texture":"#0","tintindex":0},"down":{"uv":[0.1640625,6.578125,0.125,6.65625],"rotation":0,"texture":"#0","tintindex":0}}},{"from":[16.017778,0.7929568,6.377145],"to":[22.052063,7.3301,18.445717],"rotation":{"angle":22.5,"axis":"y","origin":[19.034922,4.0615287,13.920002]},"faces":{"east":{"uv":[7.7421875,7.078125,7.90625,7.1640625],"rotation":0,"texture":"#0","tintindex":0},"south":{"uv":[5.6953125,7.9140625,5.78125,8.0],"rotation":0,"texture":"#0","tintindex":0},"north":{"uv":[7.9140625,4.6015625,8.0,4.6875],"rotation":0,"texture":"#0","tintindex":0},"west":{"uv":[7.75,0.2109375,7.9140625,0.296875],"rotation":0,"texture":"#0","tintindex":0},"up":{"uv":[1.78125,7.90625,1.6953125,7.7421875],"rotation":0,"texture":"#0","tintindex":0},"down":{"uv":[2.7421875,7.7421875,2.65625,7.90625],"rotation":0,"texture":"#0","tintindex":0}}},{"from":[20.16635,0.7929568,14.925716],"to":[24.189207,4.815814,22.971432],"rotation":{"angle":-22.5,"axis":"x","origin":[19.034922,4.0615287,13.920002]},"faces":{"east":{"uv":[2.0625,7.96875,2.171875,8.0234375],"rotation":0,"texture":"#0","tintindex":0},"south":{"uv":[5.4609375,8.0078125,5.515625,8.0625],"rotation":0,"texture":"#0","tintindex":0},"north":{"uv":[5.6953125,7.7734375,5.75,7.828125],"rotation":0,"texture":"#0","tintindex":0},"west":{"uv":[2.171875,7.96875,2.28125,8.0234375],"rotation":0,"texture":"#0","tintindex":0},"up":{"uv":[6.3828125,8.0703125,6.328125,7.9609375],"rotation":0,"texture":"#0","tintindex":0},"down":{"uv":[3.75,7.96875,3.6953125,8.078125],"rotation":0,"texture":"#0","tintindex":0}}},{"from":[21.674921,4.4375877,21.745241],"to":[24.692064,7.4547305,27.27667],"rotation":{"angle":22.5,"axis":"y","origin":[22.052063,7.706159,23.253813]},"faces":{"east":{"uv":[7.0078125,5.25,7.0859375,5.2890625],"rotation":0,"texture":"#0","tintindex":0},"south":{"uv":[5.0625,7.40625,5.1015625,7.4453125],"rotation":0,"texture":"#0","tintindex":0},"north":{"uv":[1.9453125,7.390625,1.984375,7.4296875],"rotation":0,"texture":"#0","tintindex":0},"west":{"uv":[4.953125,7.2890625,5.03125,7.328125],"rotation":0,"texture":"#0","tintindex":0},"up":{"uv":[3.2421875,6.7265625,3.203125,6.6484375],"rotation":0,"texture":"#0","tintindex":0},"down":{"uv":[0.1640625,6.65625,0.125,6.734375],"rotation":0,"texture":"#0","tintindex":0}}}],"display":{"head":{"translation":[0.0,-6.4,-3.9472275],"scale":[4.0,4.0,4.0]}}}