{
	"credit": "Made with Blockbench",
	"textures": {
		"0": "radiance_collection:light_full",
		"1": "radiance_collection:texture",
		"2": "radiance_collection:string",
		"particle": "radiance_collection:light_full"
	},
	"elements": [
		{
			"from": [5.96805, -7.19773, -2.1196],
			"to": [6.21805, 13.80227, 8.3804],
			"rotation": {"angle": -22.5, "axis": "y", "origin": [6.95915, -7.17319, 8.3657]},
			"faces": {
				"north": {"uv": [0, 0, 0, 16], "texture": "#0"},
				"east": {"uv": [8, 0, 0, 16], "texture": "#0"},
				"south": {"uv": [0, 0, 0, 16], "texture": "#0"},
				"west": {"uv": [0, 0, 8, 16], "texture": "#0"},
				"up": {"uv": [0, 0, 16, 0], "rotation": 90, "texture": "#0"},
				"down": {"uv": [0, 0, 16, 0], "rotation": 270, "texture": "#0"}
			}
		},
		{
			"from": [8.0089, -7.19773, 7.40903],
			"to": [8.2589, 13.80227, 17.90903],
			"rotation": {"angle": 22.5, "axis": "y", "origin": [8.5089, 3.30227, 12.65903]},
			"faces": {
				"north": {"uv": [0, 0, 0, 16], "texture": "#0"},
				"east": {"uv": [0, 0, 8, 16], "texture": "#0"},
				"south": {"uv": [0, 0, 0, 16], "texture": "#0"},
				"west": {"uv": [8, 0, 0, 16], "texture": "#0"},
				"up": {"uv": [16, 0, 0, 0], "rotation": 90, "texture": "#0"},
				"down": {"uv": [16, 0, 0, 0], "rotation": 270, "texture": "#0"}
			}
		},
		{
			"from": [8.25, -9.69773, 1.97836],
			"to": [8.25, 3.30227, 8.22836],
			"rotation": {"angle": -22.5, "axis": "y", "origin": [8.25, -3.19773, 5.22836]},
			"faces": {
				"north": {"uv": [0, 0, 0, 16], "texture": "#2"},
				"east": {"uv": [16, 0, 12.83333, 6.83333], "texture": "#2"},
				"south": {"uv": [0, 0, 0, 16], "texture": "#2"},
				"west": {"uv": [12.83333, 0, 16, 6.83333], "texture": "#2"},
				"up": {"uv": [0, 0, 16, 0], "rotation": 90, "texture": "#2"},
				"down": {"uv": [0, 0, 16, 0], "rotation": 270, "texture": "#2"}
			}
		},
		{
			"from": [8.25, -9.69773, 7.77164],
			"to": [8.25, 3.30227, 14.02164],
			"rotation": {"angle": 22.5, "axis": "y", "origin": [8.25, -3.19773, 10.77164]},
			"faces": {
				"north": {"uv": [0, 0, 0, 16], "texture": "#2"},
				"east": {"uv": [12.83333, 0, 16, 6.83333], "texture": "#2"},
				"south": {"uv": [0, 0, 0, 16], "texture": "#2"},
				"west": {"uv": [16, 0, 12.83333, 6.83333], "texture": "#2"},
				"up": {"uv": [16, 0, 0, 0], "rotation": 90, "texture": "#2"},
				"down": {"uv": [16, 0, 0, 0], "rotation": 270, "texture": "#2"}
			}
		},
		{
			"from": [8.2953, 3.09719, 1.18667],
			"to": [9.7103, 5.92344, 2.90354],
			"rotation": {"angle": 22.5, "axis": "x", "origin": [9.0028, 4.51032, 1.99511]},
			"faces": {
				"north": {"uv": [2.16667, 10.66667, 1.66667, 9.66667], "rotation": 180, "texture": "#1"},
				"east": {"uv": [9, 1, 10, 1.66667], "rotation": 90, "texture": "#1"},
				"south": {"uv": [2.83333, 9.66667, 2.33333, 10.66667], "texture": "#1"},
				"west": {"uv": [9, 7.66667, 10, 8.33333], "rotation": 270, "texture": "#1"},
				"up": {"uv": [10.33333, 6, 10.83333, 6.66667], "texture": "#1"},
				"down": {"uv": [6, 10.33333, 6.5, 11], "rotation": 180, "texture": "#1"}
			}
		},
		{
			"from": [8.33661, 3.61666, 0.86555],
			"to": [9.66899, 5.23166, 2.8843],
			"rotation": {"angle": 45, "axis": "x", "origin": [8.99808, 3.46711, -0.02287]},
			"faces": {
				"north": {"uv": [12.16667, 6.16667, 11.66667, 5.66667], "rotation": 180, "texture": "#1"},
				"east": {"uv": [7.66667, 10.33333, 8.16667, 11], "rotation": 90, "texture": "#1"},
				"south": {"uv": [7.16667, 11.66667, 6.66667, 12.16667], "texture": "#1"},
				"west": {"uv": [10.33333, 8.33333, 10.83333, 9], "rotation": 270, "texture": "#1"},
				"up": {"uv": [8.33333, 10.33333, 8.83333, 11], "texture": "#1"},
				"down": {"uv": [6.66667, 10.33333, 7.16667, 11], "rotation": 180, "texture": "#1"}
			}
		},
		{
			"from": [8.37699, 0.64041, 2.06929],
			"to": [9.62861, 2.65916, 3.28054],
			"rotation": {"angle": 0, "axis": "y", "origin": [8.99808, 3.46711, -0.02287]},
			"faces": {
				"north": {"uv": [11.16667, 1.33333, 10.66667, 0.66667], "rotation": 180, "texture": "#1"},
				"east": {"uv": [10.33333, 10, 11, 10.5], "rotation": 90, "texture": "#1"},
				"south": {"uv": [11.16667, 1.33333, 10.66667, 2], "texture": "#1"},
				"west": {"uv": [10.66667, 0, 11.33333, 0.5], "rotation": 270, "texture": "#1"},
				"up": {"uv": [11.66667, 8, 12.16667, 8.5], "texture": "#1"},
				"down": {"uv": [7.66667, 11.66667, 8.16667, 12.16667], "rotation": 180, "texture": "#1"}
			}
		},
		{
			"from": [8.2953, 3.09719, 13.09646],
			"to": [9.7103, 5.92344, 14.81333],
			"rotation": {"angle": -22.5, "axis": "x", "origin": [9.0028, 4.51032, 14.00489]},
			"faces": {
				"north": {"uv": [2.33333, 9.66667, 2.83333, 10.66667], "texture": "#1"},
				"east": {"uv": [9, 1.66667, 10, 1], "rotation": 90, "texture": "#1"},
				"south": {"uv": [1.66667, 10.66667, 2.16667, 9.66667], "rotation": 180, "texture": "#1"},
				"west": {"uv": [9, 8.33333, 10, 7.66667], "rotation": 270, "texture": "#1"},
				"up": {"uv": [10.33333, 6.66667, 10.83333, 6], "texture": "#1"},
				"down": {"uv": [6, 11, 6.5, 10.33333], "rotation": 180, "texture": "#1"}
			}
		},
		{
			"from": [8.33661, 3.61666, 13.1157],
			"to": [9.66899, 5.23166, 15.13445],
			"rotation": {"angle": -45, "axis": "x", "origin": [8.99808, 3.46711, 16.02287]},
			"faces": {
				"north": {"uv": [6.66667, 11.66667, 7.16667, 12.16667], "texture": "#1"},
				"east": {"uv": [7.66667, 11, 8.16667, 10.33333], "rotation": 90, "texture": "#1"},
				"south": {"uv": [11.66667, 6.16667, 12.16667, 5.66667], "rotation": 180, "texture": "#1"},
				"west": {"uv": [10.33333, 9, 10.83333, 8.33333], "rotation": 270, "texture": "#1"},
				"up": {"uv": [8.33333, 11, 8.83333, 10.33333], "texture": "#1"},
				"down": {"uv": [6.66667, 11, 7.16667, 10.33333], "rotation": 180, "texture": "#1"}
			}
		},
		{
			"from": [8.37699, 0.64041, 12.71946],
			"to": [9.62861, 2.65916, 13.93071],
			"rotation": {"angle": 0, "axis": "y", "origin": [8.99808, 3.46711, 16.02287]},
			"faces": {
				"north": {"uv": [10.66667, 1.33333, 11.16667, 2], "texture": "#1"},
				"east": {"uv": [10.33333, 10.5, 11, 10], "rotation": 90, "texture": "#1"},
				"south": {"uv": [10.66667, 1.33333, 11.16667, 0.66667], "rotation": 180, "texture": "#1"},
				"west": {"uv": [10.66667, 0.5, 11.33333, 0], "rotation": 270, "texture": "#1"},
				"up": {"uv": [11.66667, 8.5, 12.16667, 8], "texture": "#1"},
				"down": {"uv": [7.66667, 12.16667, 8.16667, 11.66667], "rotation": 180, "texture": "#1"}
			}
		},
		{
			"from": [8.29058, 5.04018, 1.60553],
			"to": [9.70558, 6.85705, 3.4224],
			"rotation": {"angle": 0, "axis": "y", "origin": [8.99808, 5.94861, 2.51397]},
			"faces": {
				"north": {"uv": [4.5, 11, 4, 10.33333], "rotation": 180, "texture": "#1"},
				"east": {"uv": [4.66667, 10, 5.33333, 10.66667], "rotation": 90, "texture": "#1"},
				"south": {"uv": [10.83333, 4, 10.33333, 4.66667], "texture": "#1"},
				"west": {"uv": [10, 7.66667, 10.66667, 8.33333], "rotation": 270, "texture": "#1"},
				"up": {"uv": [10.33333, 3.33333, 10.83333, 4], "texture": "#1"},
				"down": {"uv": [10.33333, 2.66667, 10.83333, 3.33333], "rotation": 180, "texture": "#1"}
			}
		},
		{
			"from": [7.18661, -10.31968, 5.52358],
			"to": [8.44631, -8.90251, 7.72806],
			"rotation": {"angle": -22.5, "axis": "x", "origin": [7.7515, -9.32061, 8]},
			"faces": {
				"north": {"uv": [6, 10.33333, 6.5, 11], "texture": "#1"},
				"east": {"uv": [9, 1, 10, 1.66667], "texture": "#1"},
				"south": {"uv": [10.33333, 6, 10.83333, 6.66667], "texture": "#1"},
				"west": {"uv": [9, 7.66667, 10, 8.33333], "texture": "#1"},
				"up": {"uv": [2.16667, 10.66667, 1.66667, 9.66667], "texture": "#1"},
				"down": {"uv": [2.83333, 9.66667, 2.33333, 10.66667], "texture": "#1"}
			}
		},
		{
			"from": [7.55122, -11.99086, 5.77085],
			"to": [8.65345, -10.73116, 7.97533],
			"rotation": {"angle": 45, "axis": "x", "origin": [8.0465, -9.32061, 8]},
			"faces": {
				"north": {"uv": [11.33333, 2.66667, 11.83333, 3.16667], "texture": "#1"},
				"east": {"uv": [9.66667, 4.66667, 10.66667, 5.16667], "texture": "#1"},
				"south": {"uv": [3.33333, 11.33333, 3.83333, 11.83333], "texture": "#1"},
				"west": {"uv": [9.66667, 5.33333, 10.66667, 5.83333], "texture": "#1"},
				"up": {"uv": [10.16667, 7, 9.66667, 6], "texture": "#1"},
				"down": {"uv": [10.16667, 8.33333, 9.66667, 9.33333], "texture": "#1"}
			}
		},
		{
			"from": [7.92043, -7.10152, 5.32952],
			"to": [9.02267, -6.15675, 7.534],
			"rotation": {"angle": -45, "axis": "x", "origin": [8.5365, -9.32061, 8]},
			"faces": {
				"north": {"uv": [11.33333, 4.33333, 11.83333, 4.83333], "texture": "#1"},
				"east": {"uv": [9.66667, 7, 10.66667, 7.5], "texture": "#1"},
				"south": {"uv": [4.66667, 11.33333, 5.16667, 11.83333], "texture": "#1"},
				"west": {"uv": [9.66667, 9.33333, 10.66667, 9.83333], "texture": "#1"},
				"up": {"uv": [10.5, 1, 10, 0], "texture": "#1"},
				"down": {"uv": [10.5, 1, 10, 2], "texture": "#1"}
			}
		},
		{
			"from": [7.41279, -3.85747, 7.44888],
			"to": [9.61726, -2.59777, 8.55111],
			"rotation": {"angle": 0, "axis": "z", "origin": [9.30234, -2.99143, 8]},
			"faces": {
				"north": {"uv": [9.66667, 5.33333, 10.66667, 5.83333], "texture": "#1"},
				"east": {"uv": [11.33333, 2.66667, 11.83333, 3.16667], "texture": "#1"},
				"south": {"uv": [9.66667, 4.66667, 10.66667, 5.16667], "texture": "#1"},
				"west": {"uv": [3.33333, 11.33333, 3.83333, 11.83333], "texture": "#1"},
				"up": {"uv": [10.16667, 7, 9.66667, 6], "rotation": 90, "texture": "#1"},
				"down": {"uv": [10.16667, 8.33333, 9.66667, 9.33333], "rotation": 270, "texture": "#1"}
			}
		},
		{
			"from": [9.61726, -3.85747, 7.44888],
			"to": [10.56204, -1.653, 8.55112],
			"rotation": {"angle": 0, "axis": "z", "origin": [9.30234, -2.99143, 8]},
			"faces": {
				"north": {"uv": [9.66667, 9.33333, 10.66667, 9.83333], "rotation": 270, "texture": "#1"},
				"east": {"uv": [10.5, 1, 10, 0], "rotation": 180, "texture": "#1"},
				"south": {"uv": [9.66667, 7, 10.66667, 7.5], "rotation": 90, "texture": "#1"},
				"west": {"uv": [10.5, 1, 10, 2], "texture": "#1"},
				"up": {"uv": [4.66667, 11.33333, 5.16667, 11.83333], "rotation": 90, "texture": "#1"},
				"down": {"uv": [11.33333, 4.33333, 11.83333, 4.83333], "rotation": 90, "texture": "#1"}
			}
		},
		{
			"from": [7.41279, -0.75223, 7.44888],
			"to": [9.61726, 0.50747, 8.55111],
			"rotation": {"angle": 0, "axis": "z", "origin": [9.30234, -0.35857, 8]},
			"faces": {
				"north": {"uv": [9.66667, 5.83333, 10.66667, 5.33333], "texture": "#1"},
				"east": {"uv": [11.33333, 3.16667, 11.83333, 2.66667], "texture": "#1"},
				"south": {"uv": [9.66667, 5.16667, 10.66667, 4.66667], "texture": "#1"},
				"west": {"uv": [3.33333, 11.83333, 3.83333, 11.33333], "texture": "#1"},
				"up": {"uv": [9.66667, 8.33333, 10.16667, 9.33333], "rotation": 270, "texture": "#1"},
				"down": {"uv": [9.66667, 7, 10.16667, 6], "rotation": 90, "texture": "#1"}
			}
		},
		{
			"from": [9.61726, -1.697, 7.44888],
			"to": [10.56204, 0.50747, 8.55112],
			"rotation": {"angle": 0, "axis": "z", "origin": [9.30234, -0.35857, 8]},
			"faces": {
				"north": {"uv": [10.66667, 9.33333, 9.66667, 9.83333], "rotation": 270, "texture": "#1"},
				"east": {"uv": [10.5, 0, 10, 1], "rotation": 180, "texture": "#1"},
				"south": {"uv": [10.66667, 7, 9.66667, 7.5], "rotation": 90, "texture": "#1"},
				"west": {"uv": [10.5, 2, 10, 1], "texture": "#1"},
				"up": {"uv": [11.83333, 4.33333, 11.33333, 4.83333], "rotation": 90, "texture": "#1"},
				"down": {"uv": [5.16667, 11.33333, 4.66667, 11.83333], "rotation": 90, "texture": "#1"}
			}
		},
		{
			"from": [8.1953, 1.69119, -0.50402],
			"to": [9.8103, 3.50807, 2.32223],
			"rotation": {"angle": 0, "axis": "y", "origin": [9.0014, 1.32903, -0.80516]},
			"faces": {
				"north": {"uv": [6, 11, 6.5, 10.33333], "texture": "#1"},
				"east": {"uv": [9, 1.66667, 10, 1], "texture": "#1"},
				"south": {"uv": [10.33333, 6.66667, 10.83333, 6], "texture": "#1"},
				"west": {"uv": [9, 8.33333, 10, 7.66667], "texture": "#1"},
				"up": {"uv": [2.83333, 10.66667, 2.33333, 9.66667], "texture": "#1"},
				"down": {"uv": [2.16667, 9.66667, 1.66667, 10.66667], "texture": "#1"}
			}
		},
		{
			"from": [8.1953, 1.69119, 13.67777],
			"to": [9.8103, 3.50807, 16.50402],
			"rotation": {"angle": 0, "axis": "y", "origin": [9.0014, 1.32903, 16.80516]},
			"faces": {
				"north": {"uv": [10.83333, 6.66667, 10.33333, 6], "texture": "#1"},
				"east": {"uv": [10, 1.66667, 9, 1], "texture": "#1"},
				"south": {"uv": [6.5, 11, 6, 10.33333], "texture": "#1"},
				"west": {"uv": [10, 8.33333, 9, 7.66667], "texture": "#1"},
				"up": {"uv": [2.83333, 9.66667, 2.33333, 10.66667], "texture": "#1"},
				"down": {"uv": [2.16667, 10.66667, 1.66667, 9.66667], "texture": "#1"}
			}
		},
		{
			"from": [8.29058, 5.04018, 12.5776],
			"to": [9.70558, 6.85705, 14.39447],
			"rotation": {"angle": 0, "axis": "y", "origin": [8.99808, 5.94861, 13.48603]},
			"faces": {
				"north": {"uv": [10.33333, 4, 10.83333, 4.66667], "texture": "#1"},
				"east": {"uv": [4.66667, 10.66667, 5.33333, 10], "rotation": 90, "texture": "#1"},
				"south": {"uv": [4, 11, 4.5, 10.33333], "rotation": 180, "texture": "#1"},
				"west": {"uv": [10, 8.33333, 10.66667, 7.66667], "rotation": 270, "texture": "#1"},
				"up": {"uv": [10.33333, 4, 10.83333, 3.33333], "texture": "#1"},
				"down": {"uv": [10.33333, 3.33333, 10.83333, 2.66667], "rotation": 180, "texture": "#1"}
			}
		},
		{
			"from": [7.92043, -7.10152, 8.466],
			"to": [9.02267, -6.15675, 10.67048],
			"rotation": {"angle": 45, "axis": "x", "origin": [8.5365, -9.32061, 8]},
			"faces": {
				"north": {"uv": [5.16667, 11.33333, 4.66667, 11.83333], "texture": "#1"},
				"east": {"uv": [10.66667, 7, 9.66667, 7.5], "texture": "#1"},
				"south": {"uv": [11.83333, 4.33333, 11.33333, 4.83333], "texture": "#1"},
				"west": {"uv": [10.66667, 9.33333, 9.66667, 9.83333], "texture": "#1"},
				"up": {"uv": [10.5, 0, 10, 1], "texture": "#1"},
				"down": {"uv": [10.5, 2, 10, 1], "texture": "#1"}
			}
		},
		{
			"from": [7.55122, -11.99086, 8.02467],
			"to": [8.65345, -10.73116, 10.22915],
			"rotation": {"angle": -45, "axis": "x", "origin": [8.0465, -9.32061, 8]},
			"faces": {
				"north": {"uv": [3.83333, 11.33333, 3.33333, 11.83333], "texture": "#1"},
				"east": {"uv": [10.66667, 4.66667, 9.66667, 5.16667], "texture": "#1"},
				"south": {"uv": [11.83333, 2.66667, 11.33333, 3.16667], "texture": "#1"},
				"west": {"uv": [10.66667, 5.33333, 9.66667, 5.83333], "texture": "#1"},
				"up": {"uv": [10.16667, 6, 9.66667, 7], "texture": "#1"},
				"down": {"uv": [10.16667, 9.33333, 9.66667, 8.33333], "texture": "#1"}
			}
		},
		{
			"from": [7.18661, -10.31968, 8.27194],
			"to": [8.44631, -8.90251, 10.47642],
			"rotation": {"angle": 22.5, "axis": "x", "origin": [7.7515, -9.32061, 8]},
			"faces": {
				"north": {"uv": [10.83333, 6, 10.33333, 6.66667], "texture": "#1"},
				"east": {"uv": [10, 1, 9, 1.66667], "texture": "#1"},
				"south": {"uv": [6.5, 10.33333, 6, 11], "texture": "#1"},
				"west": {"uv": [10, 7.66667, 9, 8.33333], "texture": "#1"},
				"up": {"uv": [2.16667, 9.66667, 1.66667, 10.66667], "texture": "#1"},
				"down": {"uv": [2.83333, 10.66667, 2.33333, 9.66667], "texture": "#1"}
			}
		},
		{
			"from": [7.02547, -6.03688, 18.89303],
			"to": [8.60009, -4.14733, 20.78258],
			"rotation": {"angle": 45, "axis": "x", "origin": [7.81428, 6.73029, 8]},
			"faces": {
				"north": {"uv": [9.33333, 1.66667, 10, 2.5], "texture": "#1"},
				"east": {"uv": [9, 0, 9.83333, 0.83333], "texture": "#1"},
				"south": {"uv": [9.33333, 2.66667, 10, 3.5], "texture": "#1"},
				"west": {"uv": [9, 3.66667, 9.83333, 4.5], "texture": "#1"},
				"up": {"uv": [8.33333, 10.16667, 7.66667, 9.33333], "texture": "#1"},
				"down": {"uv": [9, 9.33333, 8.33333, 10.16667], "texture": "#1"}
			}
		},
		{
			"from": [7.29316, -10.36345, 1.8002],
			"to": [8.33241, -8.78883, 3.0599],
			"rotation": {"angle": -22.5, "axis": "x", "origin": [7.81428, 6.73029, 8]},
			"faces": {
				"north": {"uv": [5.16667, 10.66667, 4.66667, 11.33333], "texture": "#1"},
				"east": {"uv": [2.83333, 10.66667, 2.33333, 11.33333], "texture": "#1"},
				"south": {"uv": [2.16667, 10.66667, 1.66667, 11.33333], "texture": "#1"},
				"west": {"uv": [11.16667, 4.66667, 10.66667, 5.33333], "texture": "#1"},
				"up": {"uv": [8.83333, 11.66667, 8.33333, 12.16667], "texture": "#1"},
				"down": {"uv": [12.16667, 9.83333, 11.66667, 9.33333], "texture": "#1"}
			}
		},
		{
			"from": [7.32465, -5.94989, 20.95729],
			"to": [8.30092, -4.37527, 21.90206],
			"rotation": {"angle": 45, "axis": "x", "origin": [7.81428, 6.73029, 8]},
			"faces": {
				"north": {"uv": [11.16667, 7.33333, 10.66667, 8], "texture": "#1"},
				"east": {"uv": [11.16667, 6.66667, 10.66667, 7.33333], "texture": "#1"},
				"south": {"uv": [11.16667, 5.33333, 10.66667, 6], "texture": "#1"},
				"west": {"uv": [11.16667, 9, 10.66667, 9.66667], "texture": "#1"},
				"up": {"uv": [12.16667, 10, 11.66667, 10.5], "texture": "#1"},
				"down": {"uv": [11.16667, 12.16667, 10.66667, 11.66667], "texture": "#1"}
			}
		},
		{
			"from": [7.18293, -7.34598, 20.67451],
			"to": [8.44263, -5.92882, 22.09168],
			"rotation": {"angle": 45, "axis": "x", "origin": [7.81428, 6.73029, 8]},
			"faces": {
				"north": {"uv": [10.33333, 2.66667, 10.83333, 3.33333], "texture": "#1"},
				"east": {"uv": [4.66667, 10, 5.33333, 10.66667], "texture": "#1"},
				"south": {"uv": [10.33333, 3.33333, 10.83333, 4], "texture": "#1"},
				"west": {"uv": [10, 7.66667, 10.66667, 8.33333], "texture": "#1"},
				"up": {"uv": [4.5, 11, 4, 10.33333], "texture": "#1"},
				"down": {"uv": [10.83333, 4, 10.33333, 4.66667], "texture": "#1"}
			}
		},
		{
			"from": [7.32465, -5.94989, -5.90206],
			"to": [8.30092, -4.37527, -4.95729],
			"rotation": {"angle": -45, "axis": "x", "origin": [7.81428, 6.73029, 8]},
			"faces": {
				"north": {"uv": [10.66667, 5.33333, 11.16667, 6], "texture": "#1"},
				"east": {"uv": [10.66667, 6.66667, 11.16667, 7.33333], "texture": "#1"},
				"south": {"uv": [10.66667, 7.33333, 11.16667, 8], "texture": "#1"},
				"west": {"uv": [10.66667, 9, 11.16667, 9.66667], "texture": "#1"},
				"up": {"uv": [12.16667, 10.5, 11.66667, 10], "texture": "#1"},
				"down": {"uv": [11.16667, 11.66667, 10.66667, 12.16667], "texture": "#1"}
			}
		},
		{
			"from": [7.29316, -10.36345, 12.9401],
			"to": [8.33241, -8.78883, 14.1998],
			"rotation": {"angle": 22.5, "axis": "x", "origin": [7.81428, 6.73029, 8]},
			"faces": {
				"north": {"uv": [1.66667, 10.66667, 2.16667, 11.33333], "texture": "#1"},
				"east": {"uv": [2.33333, 10.66667, 2.83333, 11.33333], "texture": "#1"},
				"south": {"uv": [4.66667, 10.66667, 5.16667, 11.33333], "texture": "#1"},
				"west": {"uv": [10.66667, 4.66667, 11.16667, 5.33333], "texture": "#1"},
				"up": {"uv": [8.83333, 12.16667, 8.33333, 11.66667], "texture": "#1"},
				"down": {"uv": [12.16667, 9.33333, 11.66667, 9.83333], "texture": "#1"}
			}
		},
		{
			"from": [8.34344, 3.4358, -0.47371],
			"to": [9.65656, 4.64705, 2.35254],
			"rotation": {"angle": -45, "axis": "x", "origin": [8.95, 4.04143, 0.93941]},
			"faces": {
				"north": {"uv": [11.33333, 4.33333, 11.83333, 4.83333], "texture": "#1"},
				"east": {"uv": [9.66667, 7, 10.66667, 7.5], "texture": "#1"},
				"south": {"uv": [4.66667, 11.33333, 5.16667, 11.83333], "texture": "#1"},
				"west": {"uv": [9.66667, 9.33333, 10.66667, 9.83333], "texture": "#1"},
				"up": {"uv": [10.5, 1, 10, 0], "texture": "#1"},
				"down": {"uv": [10.5, 1, 10, 2], "texture": "#1"}
			}
		},
		{
			"from": [8.34344, 3.4358, 13.64746],
			"to": [9.65656, 4.64705, 16.47371],
			"rotation": {"angle": 45, "axis": "x", "origin": [8.95, 4.04143, 15.06059]},
			"faces": {
				"north": {"uv": [5.16667, 11.33333, 4.66667, 11.83333], "texture": "#1"},
				"east": {"uv": [10.66667, 7, 9.66667, 7.5], "texture": "#1"},
				"south": {"uv": [11.83333, 4.33333, 11.33333, 4.83333], "texture": "#1"},
				"west": {"uv": [10.66667, 9.33333, 9.66667, 9.83333], "texture": "#1"},
				"up": {"uv": [10.5, 0, 10, 1], "texture": "#1"},
				"down": {"uv": [10.5, 2, 10, 1], "texture": "#1"}
			}
		}
	],
	"gui_light": "front",
	"display": {
		"thirdperson_righthand": {
			"rotation": [0, 180, 0],
			"translation": [3, 6.75, 1.25],
			"scale": [0.92, 0.92, 0.92]
		},
		"thirdperson_lefthand": {
			"translation": [3, 6.75, 1.25],
			"scale": [0.92, 0.92, 0.92]
		},
		"firstperson_righthand": {
			"rotation": [179.75, -87.75, -180],
			"translation": [0, 6.75, -5.75]
		},
		"firstperson_lefthand": {
			"rotation": [0.18, 81.5, 0.12],
			"translation": [-0.5, 6.75, -5.75]
		},
		"ground": {
			"rotation": [0, 0, -77],
			"translation": [4, -0.25, 0],
			"scale": [0.51, 0.51, 0.51]
		},
		"gui": {
			"rotation": [0, 90, 0],
			"translation": [0, 4.75, 0],
			"scale": [0.59, 0.59, 0.59]
		},
		"head": {
			"scale": [0.06, 0.06, 0.06]
		},
		"fixed": {
			"rotation": [0, -90, 0],
			"translation": [0, 13.5, -2.5],
			"scale": [1.6, 1.6, 1.6]
		}
	},
	"groups": [
		{
			"name": "shield",
			"origin": [7.98923, 8, 20],
			"color": 0,
			"children": [
				0,
				1,
				2,
				3,
				{
					"name": "group",
					"origin": [7.98923, -9.48549, 8.01589],
					"color": 0,
					"children": [4, 5, 6, 7, 8, 9]
				},
				{
					"name": "group",
					"origin": [7.98923, -9.48549, 20.01589],
					"color": 0,
					"children": [10, 11, 12, 13, 14, 15, 16, 17, 18, 19, 20, 21, 22, 23]
				},
				{
					"name": "group",
					"origin": [8, 6.44946, 2],
					"color": 0,
					"children": [24, 25, 26, 27, 28, 29]
				},
				30,
				31
			]
		}
	]
}