{
  "credit": "Made by LZLeon with Blockbench, Contact - Discord: LZBlocks#0261 - E-Mail: lzblocks@outlook.com",
  "texture_size": [
    128,
    128
  ],
  "textures": {
    "1": "lzfurniture:furniture/medieval_market/medieval_market_bath",
    "particle": "lzfurniture:furniture/medieval_market/medieval_market_bath"
  },
  "elements": [
    {
      "from": [
        -2,
        0,
        -2
      ],
      "to": [
        18,
        13,
        18
      ],
      "faces": {
        "north": {
          "uv": [
            2.5,
            2.5,
            5,
            4.125
          ],
          "texture": "#1"
        },
        "east": {
          "uv": [
            0,
            2.5,
            2.5,
            4.125
          ],
          "texture": "#1"
        },
        "south": {
          "uv": [
            7.5,
            2.5,
            10,
            4.125
          ],
          "texture": "#1"
        },
        "west": {
          "uv": [
            5,
            2.5,
            7.5,
            4.125
          ],
          "texture": "#1"
        },
        "up": {
          "uv": [
            5,
            2.5,
            2.5,
            0
          ],
          "texture": "#1"
        },
        "down": {
          "uv": [
            7.5,
            0,
            5,
            2.5
          ],
          "texture": "#1"
        }
      }
    },
    {
      "from": [
        -1,
        0,
        -1
      ],
      "to": [
        17,
        13,
        17
      ],
      "faces": {
        "north": {
          "uv": [
            2.25,
            6.375,
            4.5,
            8
          ],
          "texture": "#1"
        },
        "east": {
          "uv": [
            0,
            6.375,
            2.25,
            8
          ],
          "texture": "#1"
        },
        "south": {
          "uv": [
            6.75,
            6.375,
            9,
            8
          ],
          "texture": "#1"
        },
        "west": {
          "uv": [
            4.5,
            6.375,
            6.75,
            8
          ],
          "texture": "#1"
        },
        "up": {
          "uv": [
            4.5,
            6.375,
            2.25,
            4.125
          ],
          "texture": "#1"
        },
        "down": {
          "uv": [
            6.75,
            4.125,
            4.5,
            6.375
          ],
          "texture": "#1"
        }
      }
    },
    {
      "from": [
        -1,
        10,
        -1
      ],
      "to": [
        17,
        10,
        17
      ],
      "faces": {
        "north": {
          "uv": [
            6.75,
            6.375,
            9,
            6.375
          ],
          "texture": "#1"
        },
        "east": {
          "uv": [
            4.5,
            6.375,
            6.75,
            6.375
          ],
          "texture": "#1"
        },
        "south": {
          "uv": [
            11.25,
            6.375,
            13.5,
            6.375
          ],
          "texture": "#1"
        },
        "west": {
          "uv": [
            9,
            6.375,
            11.25,
            6.375
          ],
          "texture": "#1"
        },
        "up": {
          "uv": [
            9,
            6.375,
            6.75,
            4.125
          ],
          "texture": "#1"
        },
        "down": {
          "uv": [
            11.25,
            4.125,
            9,
            6.375
          ],
          "texture": "#1"
        }
      }
    },
    {
      "name": "cube inverted",
      "from": [
        17,
        13,
        17
      ],
      "to": [
        -1,
        0,
        -1
      ],
      "faces": {
        "north": {
          "uv": [
            6.75,
            8,
            9,
            6.375
          ],
          "texture": "#1"
        },
        "east": {
          "uv": [
            4.5,
            8,
            6.75,
            6.375
          ],
          "texture": "#1"
        },
        "south": {
          "uv": [
            2.25,
            8,
            4.5,
            6.375
          ],
          "texture": "#1"
        },
        "west": {
          "uv": [
            0,
            8,
            2.25,
            6.375
          ],
          "texture": "#1"
        },
        "up": {
          "uv": [
            4.5,
            4.125,
            6.75,
            6.375
          ],
          "texture": "#1"
        },
        "down": {
          "uv": [
            2.25,
            6.375,
            4.5,
            4.125
          ],
          "texture": "#1"
        }
      }
    }
  ],
  "display": {
    "thirdperson_righthand": {
      "rotation": [
        60,
        -160,
        0
      ],
      "translation": [
        0,
        5,
        0
      ],
      "scale": [
        0.6,
        0.6,
        0.6
      ]
    },
    "thirdperson_lefthand": {
      "rotation": [
        60,
        -160,
        0
      ],
      "translation": [
        0,
        5,
        0
      ],
      "scale": [
        0.6,
        0.6,
        0.6
      ]
    },
    "firstperson_righthand": {
      "rotation": [
        0,
        -73,
        6
      ],
      "translation": [
        0,
        0.75,
        0
      ],
      "scale": [
        0.4,
        0.4,
        0.4
      ]
    },
    "firstperson_lefthand": {
      "rotation": [
        0,
        -73,
        6
      ],
      "translation": [
        0,
        0.75,
        0
      ],
      "scale": [
        0.4,
        0.4,
        0.4
      ]
    },
    "ground": {
      "translation": [
        0,
        1.5,
        0
      ],
      "scale": [
        0.35,
        0.35,
        0.35
      ]
    },
    "gui": {
      "rotation": [
        30,
        -40,
        0
      ],
      "scale": [
        0.45,
        0.45,
        0.45
      ]
    },
    "head": {
      "translation": [
        0,
        -30.4,
        0
      ],
      "scale": [
        1.6,
        1.6,
        1.6
      ]
    },
    "fixed": {
      "rotation": [
        -90,
        0,
        0
      ],
      "translation": [
        0,
        0,
        -15
      ],
      "scale": [
        2,
        2,
        2
      ]
    }
  }
}