{"credit":"MadewithBlockbench","texture_size":[32,32],"textures":{"0":"elitecreatures:dungeon_decoration_v1/dungeon_wood_chair","particle":"elitecreatures:dungeon_decoration_v1/dungeon_wood_chair"},"elements":[{"from":[1,7,2],"to":[15,10,6],"faces":{"north":{"uv":[0,5.5,7,7],"texture":"#0"},"east":{"uv":[2,7,4,8.5],"texture":"#0"},"south":{"uv":[0,5.5,7,7],"texture":"#0"},"west":{"uv":[2,7,4,8.5],"texture":"#0"},"up":{"uv":[7,4,0,2],"texture":"#0"},"down":{"uv":[7,4,0,2],"texture":"#0"}}},{"from":[1,7,10],"to":[15,10,14],"faces":{"north":{"uv":[0,5.5,7,7],"texture":"#0"},"east":{"uv":[2,7,4,8.5],"texture":"#0"},"south":{"uv":[0,5.5,7,7],"texture":"#0"},"west":{"uv":[2,7,4,8.5],"texture":"#0"},"up":{"uv":[7,4,0,2],"texture":"#0"},"down":{"uv":[7,4,0,2],"texture":"#0"}}},{"from":[11,3,3],"to":[14,7,6],"faces":{"north":{"uv":[7,2.5,8.5,4.5],"texture":"#0"},"east":{"uv":[4,7,5.5,9],"texture":"#0"},"south":{"uv":[7,2.5,8.5,4.5],"texture":"#0"},"west":{"uv":[4,7,5.5,9],"texture":"#0"},"up":{"uv":[9,7.5,7.5,6],"texture":"#0"},"down":{"uv":[9,7.5,7.5,6],"texture":"#0"}}},{"from":[10.5,0,2.5],"to":[14.5,3,6.5],"faces":{"north":{"uv":[7,4.5,9,6],"texture":"#0"},"east":{"uv":[5.5,7,7.5,8.5],"texture":"#0"},"south":{"uv":[7,4.5,9,6],"texture":"#0"},"west":{"uv":[5.5,7,7.5,8.5],"texture":"#0"},"up":{"uv":[2,9,0,7],"texture":"#0"},"down":{"uv":[2,9,0,7],"texture":"#0"}}},{"from":[1.5,0,2.5],"to":[5.5,3,6.5],"rotation":{"angle":0,"axis":"y","origin":[16,0,0]},"faces":{"north":{"uv":[9,4.5,7,6],"texture":"#0"},"east":{"uv":[7.5,7,5.5,8.5],"texture":"#0"},"south":{"uv":[9,4.5,7,6],"texture":"#0"},"west":{"uv":[7.5,7,5.5,8.5],"texture":"#0"},"up":{"uv":[0,9,2,7],"texture":"#0"},"down":{"uv":[0,9,2,7],"texture":"#0"}}},{"from":[2,3,3],"to":[5,7,6],"rotation":{"angle":0,"axis":"y","origin":[16,0,0]},"faces":{"north":{"uv":[8.5,2.5,7,4.5],"texture":"#0"},"east":{"uv":[5.5,7,4,9],"texture":"#0"},"south":{"uv":[8.5,2.5,7,4.5],"texture":"#0"},"west":{"uv":[5.5,7,4,9],"texture":"#0"},"up":{"uv":[7.5,7.5,9,6],"texture":"#0"},"down":{"uv":[7.5,7.5,9,6],"texture":"#0"}}},{"from":[10.5,0,9.5],"to":[14.5,3,13.5],"rotation":{"angle":0,"axis":"y","origin":[0,0,16]},"faces":{"north":{"uv":[9,4.5,7,6],"texture":"#0"},"east":{"uv":[7.5,7,5.5,8.5],"texture":"#0"},"south":{"uv":[9,4.5,7,6],"texture":"#0"},"west":{"uv":[7.5,7,5.5,8.5],"texture":"#0"},"up":{"uv":[2,7,0,9],"texture":"#0"},"down":{"uv":[2,7,0,9],"texture":"#0"}}},{"from":[11,3,10],"to":[14,7,13],"rotation":{"angle":0,"axis":"y","origin":[0,0,16]},"faces":{"north":{"uv":[8.5,2.5,7,4.5],"texture":"#0"},"east":{"uv":[5.5,7,4,9],"texture":"#0"},"south":{"uv":[8.5,2.5,7,4.5],"texture":"#0"},"west":{"uv":[5.5,7,4,9],"texture":"#0"},"up":{"uv":[9,6,7.5,7.5],"texture":"#0"},"down":{"uv":[9,6,7.5,7.5],"texture":"#0"}}},{"from":[1.5,0,9.5],"to":[5.5,3,13.5],"rotation":{"angle":0,"axis":"y","origin":[16,0,16]},"faces":{"north":{"uv":[7,4.5,9,6],"texture":"#0"},"east":{"uv":[5.5,7,7.5,8.5],"texture":"#0"},"south":{"uv":[7,4.5,9,6],"texture":"#0"},"west":{"uv":[5.5,7,7.5,8.5],"texture":"#0"},"up":{"uv":[0,7,2,9],"texture":"#0"},"down":{"uv":[0,7,2,9],"texture":"#0"}}},{"from":[2,3,10],"to":[5,7,13],"rotation":{"angle":0,"axis":"y","origin":[16,0,16]},"faces":{"north":{"uv":[7,2.5,8.5,4.5],"texture":"#0"},"east":{"uv":[4,7,5.5,9],"texture":"#0"},"south":{"uv":[7,2.5,8.5,4.5],"texture":"#0"},"west":{"uv":[4,7,5.5,9],"texture":"#0"},"up":{"uv":[7.5,6,9,7.5],"texture":"#0"},"down":{"uv":[7.5,6,9,7.5],"texture":"#0"}}},{"from":[11.5,1,6.5],"to":[13.5,3,9.5],"rotation":{"angle":0,"axis":"y","origin":[0,0,16]},"faces":{"north":{"uv":[8.5,2.5,9.5,3.5],"texture":"#0"},"east":{"uv":[7.5,8,9,9],"texture":"#0"},"south":{"uv":[8.5,2.5,9.5,3.5],"texture":"#0"},"west":{"uv":[7.5,8,9,9],"texture":"#0"},"up":{"uv":[3,10,2,8.5],"texture":"#0"},"down":{"uv":[3,10,2,8.5],"texture":"#0"}}},{"from":[2.5,1,6.5],"to":[4.5,3,9.5],"rotation":{"angle":0,"axis":"y","origin":[16,0,16]},"faces":{"north":{"uv":[9.5,2.5,8.5,3.5],"texture":"#0"},"east":{"uv":[9,8,7.5,9],"texture":"#0"},"south":{"uv":[9.5,2.5,8.5,3.5],"texture":"#0"},"west":{"uv":[9,8,7.5,9],"texture":"#0"},"up":{"uv":[2,10,3,8.5],"texture":"#0"},"down":{"uv":[2,10,3,8.5],"texture":"#0"}}},{"from":[4.5,1,7.5],"to":[11.5,3,8.5],"rotation":{"angle":0,"axis":"y","origin":[0,0,16]},"faces":{"north":{"uv":[7,0,10.5,1],"texture":"#0"},"east":{"uv":[7,6,7.5,7],"texture":"#0"},"south":{"uv":[7,0,10.5,1],"texture":"#0"},"west":{"uv":[7,6,7.5,7],"texture":"#0"},"up":{"uv":[11,8,7.5,7.5],"texture":"#0"},"down":{"uv":[11,8,7.5,7.5],"texture":"#0"}}},{"from":[0,7,6],"to":[14,10,10],"faces":{"north":{"uv":[0,4,7,5.5],"texture":"#0"},"east":{"uv":[7,1,9,2.5],"texture":"#0"},"south":{"uv":[0,4,7,5.5],"texture":"#0"},"west":{"uv":[7,1,9,2.5],"texture":"#0"},"up":{"uv":[7,2,0,0],"texture":"#0"},"down":{"uv":[7,2,0,0],"texture":"#0"}}}],"display":{"thirdperson_righthand":{"translation":[0,0,1.5],"scale":[0.29,0.29,0.29]},"thirdperson_lefthand":{"translation":[0,0,1.5],"scale":[0.29,0.29,0.29]},"firstperson_righthand":{"translation":[0,5.75,1.5],"scale":[0.59,0.59,0.59]},"firstperson_lefthand":{"translation":[0,5.75,1.5],"scale":[0.59,0.59,0.59]},"ground":{"translation":[0,2,0],"scale":[0.5,0.5,0.5]},"gui":{"rotation":[30,225,0],"scale":[0.57,0.57,0.57]},"head":{"translation":[0,-30.25,0],"scale":[1.6,1.6,1.6]}}}