{
  "credit": "MadewithBlockbench",
  "texture_size": [
    64,
    64
  ],
  "textures": {
    "1": "warden_set:warden_weapon_1",
    "2": "warden_set:animation_1",
    "3": "warden_set:animation_2",
    "4": "warden_set:animation_3",
    "particle": "warden_set:animation_1"
  },
  "elements": [
    {
      "from": [
        6,
        3,
        5
      ],
      "to": [
        10,
        5,
        9
      ],
      "rotation": {
        "angle": 0,
        "axis": "y",
        "origin": [
          8,
          2,
          8
        ]
      },
      "faces": {
        "north": {
          "uv": [
            4.75,
            1,
            5.75,
            1.5
          ],
          "texture": "#1"
        },
        "east": {
          "uv": [
            4.75,
            0,
            5.75,
            0.5
          ],
          "texture": "#1"
        },
        "south": {
          "uv": [
            5.75,
            1,
            4.75,
            1.5
          ],
          "texture": "#1"
        },
        "west": {
          "uv": [
            5.75,
            0,
            4.75,
            0.5
          ],
          "texture": "#1"
        },
        "up": {
          "uv": [
            0,
            13.75,
            1,
            12.75
          ],
          "rotation": 90,
          "texture": "#1"
        },
        "down": {
          "uv": [
            1.75,
            3.75,
            2.75,
            4.75
          ],
          "rotation": 270,
          "texture": "#1"
        }
      }
    },
    {
      "from": [
        6,
        -5,
        5
      ],
      "to": [
        10,
        -1,
        7
      ],
      "rotation": {
        "angle": 0,
        "axis": "y",
        "origin": [
          8,
          2,
          8
        ]
      },
      "faces": {
        "north": {
          "uv": [
            5.5,
            2.75,
            4.5,
            3.75
          ],
          "rotation": 90,
          "texture": "#1"
        },
        "east": {
          "uv": [
            5.5,
            4,
            6.5,
            3.5
          ],
          "rotation": 270,
          "texture": "#1"
        },
        "south": {
          "uv": [
            4,
            5.5,
            3,
            4.5
          ],
          "rotation": 90,
          "texture": "#1"
        },
        "west": {
          "uv": [
            5.5,
            4,
            6.5,
            3.5
          ],
          "rotation": 90,
          "texture": "#1"
        },
        "up": {
          "uv": [
            5.5,
            4.5,
            6.5,
            4
          ],
          "rotation": 180,
          "texture": "#1"
        },
        "down": {
          "uv": [
            6.5,
            4.5,
            5.5,
            4
          ],
          "texture": "#1"
        }
      }
    },
    {
      "from": [
        6,
        -1,
        5
      ],
      "to": [
        10,
        3,
        9
      ],
      "rotation": {
        "angle": 0,
        "axis": "y",
        "origin": [
          8,
          2,
          8
        ]
      },
      "faces": {
        "north": {
          "uv": [
            4,
            4.75,
            5,
            5.75
          ],
          "texture": "#1"
        },
        "east": {
          "uv": [
            4.5,
            3.75,
            5.5,
            4.75
          ],
          "texture": "#1"
        },
        "south": {
          "uv": [
            5,
            4.75,
            4,
            5.75
          ],
          "texture": "#1"
        },
        "west": {
          "uv": [
            5.5,
            3.75,
            4.5,
            4.75
          ],
          "texture": "#1"
        },
        "down": {
          "uv": [
            0,
            5,
            1,
            6
          ],
          "rotation": 270,
          "texture": "#1"
        }
      }
    },
    {
      "from": [
        -6.5,
        4,
        7
      ],
      "to": [
        0.5,
        9,
        7
      ],
      "rotation": {
        "angle": 45,
        "axis": "z",
        "origin": [
          1.5,
          4.5,
          7
        ]
      },
      "faces": {
        "north": {
          "uv": [
            10,
            3.25,
            8.25,
            4.5
          ],
          "texture": "#1"
        },
        "east": {
          "uv": [
            1.5,
            8.5,
            0,
            10.5
          ],
          "rotation": 270,
          "texture": "#1"
        },
        "south": {
          "uv": [
            8.25,
            3.25,
            10,
            4.5
          ],
          "texture": "#1"
        },
        "west": {
          "uv": [
            1.5,
            8.5,
            0,
            10.5
          ],
          "rotation": 270,
          "texture": "#1"
        },
        "up": {
          "uv": [
            1.5,
            10.5,
            3.5,
            8.5
          ],
          "rotation": 270,
          "texture": "#1"
        },
        "down": {
          "uv": [
            1.5,
            8.5,
            3.5,
            6.5
          ],
          "rotation": 270,
          "texture": "#1"
        }
      }
    },
    {
      "from": [
        -0.35477,
        10.17454,
        4.6
      ],
      "to": [
        4.64523,
        14.17454,
        8.4
      ],
      "rotation": {
        "angle": 22.5,
        "axis": "z",
        "origin": [
          -1.5,
          9.1,
          6.5
        ]
      },
      "faces": {
        "north": {
          "uv": [
            1,
            14.5,
            2,
            15.75
          ],
          "rotation": 270,
          "texture": "#1"
        },
        "east": {
          "uv": [
            2,
            14.5,
            1,
            13.5
          ],
          "rotation": 180,
          "texture": "#1"
        },
        "south": {
          "uv": [
            1,
            14.5,
            2,
            15.75
          ],
          "rotation": 90,
          "texture": "#1"
        },
        "west": {
          "uv": [
            2,
            14.5,
            1,
            13.5
          ],
          "texture": "#1"
        },
        "up": {
          "uv": [
            2,
            14.5,
            3,
            15.75
          ],
          "rotation": 90,
          "texture": "#1"
        },
        "down": {
          "uv": [
            2,
            14.5,
            3,
            15.75
          ],
          "rotation": 90,
          "texture": "#1"
        }
      }
    },
    {
      "from": [
        -1.75,
        7.1,
        5.6
      ],
      "to": [
        3.25,
        10.1,
        7.4
      ],
      "rotation": {
        "angle": -45,
        "axis": "z",
        "origin": [
          -1.5,
          9.1,
          6.5
        ]
      },
      "faces": {
        "north": {
          "uv": [
            0,
            11.5,
            1.25,
            12.25
          ],
          "texture": "#1"
        },
        "east": {
          "uv": [
            1.25,
            11.5,
            1.75,
            12.5
          ],
          "texture": "#1"
        },
        "south": {
          "uv": [
            1.25,
            11.5,
            0,
            12.25
          ],
          "texture": "#1"
        },
        "west": {
          "uv": [
            1.25,
            11.5,
            1.75,
            12.5
          ],
          "texture": "#1"
        },
        "up": {
          "uv": [
            5,
            5,
            5.5,
            6.25
          ],
          "rotation": 90,
          "texture": "#1"
        },
        "down": {
          "uv": [
            5,
            5,
            5.5,
            6.25
          ],
          "rotation": 90,
          "texture": "#1"
        }
      }
    },
    {
      "from": [
        -5.75,
        6.1,
        4.5
      ],
      "to": [
        -1.75,
        12.1,
        8.5
      ],
      "rotation": {
        "angle": -45,
        "axis": "z",
        "origin": [
          -1.5,
          9.1,
          6.5
        ]
      },
      "faces": {
        "north": {
          "uv": [
            0,
            14,
            1,
            15.5
          ],
          "texture": "#1"
        },
        "east": {
          "uv": [
            0,
            12.5,
            1,
            14
          ],
          "texture": "#1"
        },
        "south": {
          "uv": [
            1,
            14,
            0,
            15.5
          ],
          "texture": "#1"
        },
        "west": {
          "uv": [
            0,
            12.5,
            1,
            14
          ],
          "texture": "#1"
        },
        "up": {
          "uv": [
            2,
            13.5,
            1,
            12.5
          ],
          "rotation": 90,
          "texture": "#1"
        },
        "down": {
          "uv": [
            2,
            13.5,
            1,
            12.5
          ],
          "rotation": 270,
          "texture": "#1"
        }
      }
    },
    {
      "from": [
        -6.57454,
        2.95477,
        4.4
      ],
      "to": [
        -2.57454,
        7.95477,
        8.6
      ],
      "rotation": {
        "angle": -22.5,
        "axis": "z",
        "origin": [
          -1.5,
          9.1,
          6.5
        ]
      },
      "faces": {
        "north": {
          "uv": [
            2.25,
            10.5,
            3.25,
            11.75
          ],
          "texture": "#1"
        },
        "east": {
          "uv": [
            3.25,
            10.5,
            4.25,
            11.75
          ],
          "texture": "#1"
        },
        "south": {
          "uv": [
            3.25,
            10.5,
            2.25,
            11.75
          ],
          "texture": "#1"
        },
        "west": {
          "uv": [
            3.25,
            10.5,
            4.25,
            11.75
          ],
          "texture": "#1"
        },
        "up": {
          "uv": [
            3.25,
            12.75,
            2.25,
            11.75
          ],
          "rotation": 90,
          "texture": "#1"
        },
        "down": {
          "uv": [
            3.25,
            12.75,
            2.25,
            11.75
          ],
          "rotation": 270,
          "texture": "#1"
        }
      }
    },
    {
      "from": [
        -3,
        -2,
        7
      ],
      "to": [
        5,
        3,
        7
      ],
      "rotation": {
        "angle": 22.5,
        "axis": "z",
        "origin": [
          3,
          1,
          7
        ]
      },
      "faces": {
        "north": {
          "uv": [
            9.5,
            1.25,
            7.5,
            0
          ],
          "texture": "#1"
        },
        "south": {
          "uv": [
            7.5,
            1.25,
            9.5,
            0
          ],
          "texture": "#1"
        }
      }
    },
    {
      "from": [
        0.5,
        -2,
        6.5
      ],
      "to": [
        6.5,
        3,
        6.5
      ],
      "rotation": {
        "angle": 22.5,
        "axis": "z",
        "origin": [
          3,
          1,
          7
        ]
      },
      "faces": {
        "north": {
          "uv": [
            9,
            2.5,
            7.5,
            1.25
          ],
          "texture": "#1"
        },
        "south": {
          "uv": [
            7.5,
            2.5,
            9,
            1.25
          ],
          "texture": "#1"
        }
      }
    },
    {
      "from": [
        0.5,
        -2,
        7.75
      ],
      "to": [
        6.5,
        3,
        7.75
      ],
      "rotation": {
        "angle": 22.5,
        "axis": "z",
        "origin": [
          3,
          1,
          5.25
        ]
      },
      "faces": {
        "north": {
          "uv": [
            9,
            2.5,
            7.5,
            1.25
          ],
          "texture": "#1"
        },
        "south": {
          "uv": [
            7.5,
            2.5,
            9,
            1.25
          ],
          "texture": "#1"
        }
      }
    },
    {
      "from": [
        -9,
        8,
        6.5
      ],
      "to": [
        -1,
        22,
        6.5
      ],
      "rotation": {
        "angle": 45,
        "axis": "z",
        "origin": [
          -4,
          5,
          7.5
        ]
      },
      "faces": {
        "north": {
          "uv": [
            13.5,
            12.5,
            15.5,
            16
          ],
          "texture": "#1"
        },
        "south": {
          "uv": [
            15.5,
            12.5,
            13.5,
            16
          ],
          "texture": "#1"
        }
      }
    },
    {
      "from": [
        -4.89951,
        14.4724,
        7
      ],
      "to": [
        4.10049,
        18.4724,
        7
      ],
      "rotation": {
        "angle": 22.5,
        "axis": "z",
        "origin": [
          3.1,
          11.55,
          7
        ]
      },
      "faces": {
        "north": {
          "uv": [
            16,
            2.25,
            13.75,
            1.25
          ],
          "texture": "#1"
        },
        "east": {
          "uv": [
            4.5,
            3.75,
            5.5,
            4.75
          ],
          "texture": "#1"
        },
        "south": {
          "uv": [
            16,
            1.25,
            13.75,
            2.25
          ],
          "rotation": 180,
          "texture": "#1"
        },
        "west": {
          "uv": [
            5.5,
            4.75,
            4.5,
            3.75
          ],
          "texture": "#1"
        },
        "up": {
          "uv": [
            6.5,
            10.5,
            6,
            10
          ],
          "texture": "#1"
        },
        "down": {
          "uv": [
            3,
            14.5,
            2.5,
            14
          ],
          "texture": "#1"
        }
      }
    },
    {
      "from": [
        -16,
        3,
        7
      ],
      "to": [
        -6,
        8,
        7
      ],
      "rotation": {
        "angle": -22.5,
        "axis": "z",
        "origin": [
          -4,
          5,
          7.5
        ]
      },
      "faces": {
        "north": {
          "uv": [
            13.5,
            16,
            12.25,
            13.5
          ],
          "rotation": 270,
          "texture": "#1"
        },
        "south": {
          "uv": [
            12.25,
            16,
            13.5,
            13.5
          ],
          "rotation": 90,
          "texture": "#1"
        }
      }
    },
    {
      "from": [
        0,
        2,
        5.5
      ],
      "to": [
        6,
        5,
        7.5
      ],
      "rotation": {
        "angle": -22.5,
        "axis": "z",
        "origin": [
          6,
          2,
          6.5
        ]
      },
      "faces": {
        "north": {
          "uv": [
            4.5,
            2,
            6,
            2.75
          ],
          "rotation": 180,
          "texture": "#1"
        },
        "east": {
          "uv": [
            4.5,
            5.75,
            4,
            6.5
          ],
          "rotation": 180,
          "texture": "#1"
        },
        "south": {
          "uv": [
            6,
            2,
            4.5,
            2.75
          ],
          "rotation": 180,
          "texture": "#1"
        },
        "west": {
          "uv": [
            6,
            5,
            5.5,
            5.75
          ],
          "rotation": 180,
          "texture": "#1"
        },
        "up": {
          "uv": [
            5,
            4.75,
            5.5,
            6.25
          ],
          "rotation": 90,
          "texture": "#1"
        },
        "down": {
          "uv": [
            2.25,
            6.5,
            2.75,
            5
          ],
          "rotation": 270,
          "texture": "#1"
        }
      }
    },
    {
      "from": [
        15.5,
        4,
        7
      ],
      "to": [
        22.5,
        9,
        7
      ],
      "rotation": {
        "angle": -45,
        "axis": "z",
        "origin": [
          14.5,
          4.5,
          7
        ]
      },
      "faces": {
        "north": {
          "uv": [
            8.25,
            3.25,
            10,
            4.5
          ],
          "texture": "#1"
        },
        "east": {
          "uv": [
            1.5,
            10.5,
            0,
            8.5
          ],
          "rotation": 270,
          "texture": "#1"
        },
        "south": {
          "uv": [
            10,
            3.25,
            8.25,
            4.5
          ],
          "texture": "#1"
        },
        "west": {
          "uv": [
            1.5,
            10.5,
            0,
            8.5
          ],
          "rotation": 270,
          "texture": "#1"
        },
        "up": {
          "uv": [
            1.5,
            8.5,
            3.5,
            10.5
          ],
          "rotation": 270,
          "texture": "#1"
        },
        "down": {
          "uv": [
            1.5,
            6.5,
            3.5,
            8.5
          ],
          "rotation": 270,
          "texture": "#1"
        }
      }
    },
    {
      "from": [
        11.35477,
        10.17454,
        4.6
      ],
      "to": [
        16.35477,
        14.17454,
        8.4
      ],
      "rotation": {
        "angle": -22.5,
        "axis": "z",
        "origin": [
          17.5,
          9.1,
          6.5
        ]
      },
      "faces": {
        "north": {
          "uv": [
            1,
            15.75,
            2,
            14.5
          ],
          "rotation": 270,
          "texture": "#1"
        },
        "east": {
          "uv": [
            1,
            14.5,
            2,
            13.5
          ],
          "texture": "#1"
        },
        "south": {
          "uv": [
            1,
            15.75,
            2,
            14.5
          ],
          "rotation": 90,
          "texture": "#1"
        },
        "west": {
          "uv": [
            1,
            14.5,
            2,
            13.5
          ],
          "rotation": 180,
          "texture": "#1"
        },
        "up": {
          "uv": [
            2,
            15.75,
            3,
            14.5
          ],
          "rotation": 90,
          "texture": "#1"
        },
        "down": {
          "uv": [
            2,
            15.75,
            3,
            14.5
          ],
          "rotation": 90,
          "texture": "#1"
        }
      }
    },
    {
      "from": [
        10.35477,
        9.17454,
        3.6
      ],
      "to": [
        13.35477,
        15.17454,
        9.4
      ],
      "rotation": {
        "angle": -22.5,
        "axis": "z",
        "origin": [
          17.5,
          9.1,
          6.5
        ]
      },
      "faces": {
        "north": {
          "uv": [
            0,
            0,
            16,
            16
          ],
          "rotation": 90,
          "texture": "#2"
        },
        "east": {
          "uv": [
            0,
            0,
            16,
            16
          ],
          "rotation": 90,
          "texture": "#2"
        },
        "south": {
          "uv": [
            0,
            0,
            16,
            16
          ],
          "rotation": 90,
          "texture": "#2"
        },
        "west": {
          "uv": [
            0,
            0,
            16,
            16
          ],
          "rotation": 90,
          "texture": "#2"
        },
        "up": {
          "uv": [
            0,
            0,
            16,
            16
          ],
          "rotation": 90,
          "texture": "#2"
        },
        "down": {
          "uv": [
            0,
            0,
            16,
            16
          ],
          "rotation": 90,
          "texture": "#2"
        }
      }
    },
    {
      "from": [
        2.64523,
        9.17454,
        3.6
      ],
      "to": [
        5.64523,
        15.17454,
        9.4
      ],
      "rotation": {
        "angle": 22.5,
        "axis": "z",
        "origin": [
          -1.5,
          9.1,
          6.5
        ]
      },
      "faces": {
        "north": {
          "uv": [
            0,
            16,
            16,
            0
          ],
          "rotation": 90,
          "texture": "#2"
        },
        "east": {
          "uv": [
            0,
            16,
            16,
            0
          ],
          "rotation": 90,
          "texture": "#2"
        },
        "south": {
          "uv": [
            0,
            16,
            16,
            0
          ],
          "rotation": 90,
          "texture": "#2"
        },
        "west": {
          "uv": [
            0,
            16,
            16,
            0
          ],
          "rotation": 90,
          "texture": "#2"
        },
        "up": {
          "uv": [
            0,
            16,
            16,
            0
          ],
          "rotation": 90,
          "texture": "#2"
        },
        "down": {
          "uv": [
            0,
            16,
            16,
            0
          ],
          "rotation": 90,
          "texture": "#2"
        }
      }
    },
    {
      "from": [
        12.75,
        7.1,
        5.6
      ],
      "to": [
        17.75,
        10.1,
        7.4
      ],
      "rotation": {
        "angle": 45,
        "axis": "z",
        "origin": [
          17.5,
          9.1,
          6.5
        ]
      },
      "faces": {
        "north": {
          "uv": [
            1.25,
            11.5,
            0,
            12.25
          ],
          "texture": "#1"
        },
        "east": {
          "uv": [
            1.75,
            11.5,
            1.25,
            12.5
          ],
          "texture": "#1"
        },
        "south": {
          "uv": [
            0,
            11.5,
            1.25,
            12.25
          ],
          "texture": "#1"
        },
        "west": {
          "uv": [
            1.75,
            11.5,
            1.25,
            12.5
          ],
          "texture": "#1"
        },
        "up": {
          "uv": [
            5,
            6.25,
            5.5,
            5
          ],
          "rotation": 90,
          "texture": "#1"
        },
        "down": {
          "uv": [
            5,
            6.25,
            5.5,
            5
          ],
          "rotation": 90,
          "texture": "#1"
        }
      }
    },
    {
      "from": [
        17.75,
        6.1,
        4.5
      ],
      "to": [
        21.75,
        12.1,
        8.5
      ],
      "rotation": {
        "angle": 45,
        "axis": "z",
        "origin": [
          17.5,
          9.1,
          6.5
        ]
      },
      "faces": {
        "north": {
          "uv": [
            1,
            14,
            0,
            15.5
          ],
          "texture": "#1"
        },
        "east": {
          "uv": [
            1,
            12.5,
            0,
            14
          ],
          "texture": "#1"
        },
        "south": {
          "uv": [
            0,
            14,
            1,
            15.5
          ],
          "texture": "#1"
        },
        "west": {
          "uv": [
            1,
            12.5,
            0,
            14
          ],
          "texture": "#1"
        },
        "up": {
          "uv": [
            2,
            12.5,
            1,
            13.5
          ],
          "rotation": 90,
          "texture": "#1"
        },
        "down": {
          "uv": [
            2,
            12.5,
            1,
            13.5
          ],
          "rotation": 270,
          "texture": "#1"
        }
      }
    },
    {
      "from": [
        18.57454,
        2.95477,
        4.4
      ],
      "to": [
        22.57454,
        7.95477,
        8.6
      ],
      "rotation": {
        "angle": 22.5,
        "axis": "z",
        "origin": [
          17.5,
          9.1,
          6.5
        ]
      },
      "faces": {
        "north": {
          "uv": [
            3.25,
            10.5,
            2.25,
            11.75
          ],
          "texture": "#1"
        },
        "east": {
          "uv": [
            4.25,
            10.5,
            3.25,
            11.75
          ],
          "texture": "#1"
        },
        "south": {
          "uv": [
            2.25,
            10.5,
            3.25,
            11.75
          ],
          "texture": "#1"
        },
        "west": {
          "uv": [
            4.25,
            10.5,
            3.25,
            11.75
          ],
          "texture": "#1"
        },
        "up": {
          "uv": [
            3.25,
            11.75,
            2.25,
            12.75
          ],
          "rotation": 90,
          "texture": "#1"
        },
        "down": {
          "uv": [
            3.25,
            11.75,
            2.25,
            12.75
          ],
          "rotation": 270,
          "texture": "#1"
        }
      }
    },
    {
      "from": [
        11,
        -2,
        7
      ],
      "to": [
        19,
        3,
        7
      ],
      "rotation": {
        "angle": -22.5,
        "axis": "z",
        "origin": [
          13,
          1,
          7
        ]
      },
      "faces": {
        "north": {
          "uv": [
            7.5,
            1.25,
            9.5,
            0
          ],
          "texture": "#1"
        },
        "south": {
          "uv": [
            9.5,
            1.25,
            7.5,
            0
          ],
          "texture": "#1"
        }
      }
    },
    {
      "from": [
        9.5,
        -2,
        6.5
      ],
      "to": [
        15.5,
        3,
        6.5
      ],
      "rotation": {
        "angle": -22.5,
        "axis": "z",
        "origin": [
          13,
          1,
          7
        ]
      },
      "faces": {
        "north": {
          "uv": [
            7.5,
            2.5,
            9,
            1.25
          ],
          "texture": "#1"
        },
        "south": {
          "uv": [
            9,
            2.5,
            7.5,
            1.25
          ],
          "texture": "#1"
        }
      }
    },
    {
      "from": [
        9.5,
        -2,
        7.75
      ],
      "to": [
        15.5,
        3,
        7.75
      ],
      "rotation": {
        "angle": -22.5,
        "axis": "z",
        "origin": [
          13,
          1,
          5.25
        ]
      },
      "faces": {
        "north": {
          "uv": [
            7.5,
            2.5,
            9,
            1.25
          ],
          "texture": "#1"
        },
        "south": {
          "uv": [
            9,
            2.5,
            7.5,
            1.25
          ],
          "texture": "#1"
        }
      }
    },
    {
      "from": [
        17,
        8,
        6.5
      ],
      "to": [
        25,
        22,
        6.5
      ],
      "rotation": {
        "angle": -45,
        "axis": "z",
        "origin": [
          20,
          5,
          7.5
        ]
      },
      "faces": {
        "north": {
          "uv": [
            15.5,
            12.5,
            13.5,
            16
          ],
          "texture": "#1"
        },
        "south": {
          "uv": [
            13.5,
            12.5,
            15.5,
            16
          ],
          "texture": "#1"
        }
      }
    },
    {
      "from": [
        11.89951,
        14.4724,
        7
      ],
      "to": [
        20.89951,
        18.4724,
        7
      ],
      "rotation": {
        "angle": -22.5,
        "axis": "z",
        "origin": [
          12.9,
          11.55,
          7
        ]
      },
      "faces": {
        "north": {
          "uv": [
            13.75,
            2.25,
            16,
            1.25
          ],
          "texture": "#1"
        },
        "east": {
          "uv": [
            4.5,
            4.75,
            5.5,
            3.75
          ],
          "texture": "#1"
        },
        "south": {
          "uv": [
            13.75,
            1.25,
            16,
            2.25
          ],
          "rotation": 180,
          "texture": "#1"
        },
        "west": {
          "uv": [
            5.5,
            3.75,
            4.5,
            4.75
          ],
          "texture": "#1"
        },
        "up": {
          "uv": [
            6,
            10.5,
            6.5,
            10
          ],
          "texture": "#1"
        },
        "down": {
          "uv": [
            2.5,
            14.5,
            3,
            14
          ],
          "texture": "#1"
        }
      }
    },
    {
      "from": [
        22,
        3,
        7
      ],
      "to": [
        32,
        8,
        7
      ],
      "rotation": {
        "angle": 22.5,
        "axis": "z",
        "origin": [
          20,
          5,
          7.5
        ]
      },
      "faces": {
        "north": {
          "uv": [
            13.5,
            13.5,
            12.25,
            16
          ],
          "rotation": 270,
          "texture": "#1"
        },
        "south": {
          "uv": [
            12.25,
            13.5,
            13.5,
            16
          ],
          "rotation": 90,
          "texture": "#1"
        }
      }
    },
    {
      "from": [
        10,
        2,
        5.5
      ],
      "to": [
        16,
        5,
        7.5
      ],
      "rotation": {
        "angle": 22.5,
        "axis": "z",
        "origin": [
          10,
          2,
          6.5
        ]
      },
      "faces": {
        "north": {
          "uv": [
            6,
            2,
            4.5,
            2.75
          ],
          "rotation": 180,
          "texture": "#1"
        },
        "east": {
          "uv": [
            5.5,
            5,
            6,
            5.75
          ],
          "rotation": 180,
          "texture": "#1"
        },
        "south": {
          "uv": [
            4.5,
            2,
            6,
            2.75
          ],
          "rotation": 180,
          "texture": "#1"
        },
        "west": {
          "uv": [
            4,
            5.75,
            4.5,
            6.5
          ],
          "rotation": 180,
          "texture": "#1"
        },
        "up": {
          "uv": [
            5,
            6.25,
            5.5,
            4.75
          ],
          "rotation": 90,
          "texture": "#1"
        },
        "down": {
          "uv": [
            2.25,
            5,
            2.75,
            6.5
          ],
          "rotation": 270,
          "texture": "#1"
        }
      }
    },
    {
      "from": [
        0,
        -7,
        9.5
      ],
      "to": [
        16,
        9,
        9.5
      ],
      "rotation": {
        "angle": 0,
        "axis": "y",
        "origin": [
          8,
          16,
          24
        ]
      },
      "faces": {
        "north": {
          "uv": [
            16,
            0,
            0,
            16
          ],
          "texture": "#3"
        },
        "east": {
          "uv": [
            7.5,
            7.5,
            2,
            11
          ],
          "texture": "#3"
        },
        "south": {
          "uv": [
            0,
            0,
            16,
            16
          ],
          "texture": "#3"
        },
        "west": {
          "uv": [
            13,
            4,
            7.5,
            7.5
          ],
          "texture": "#3"
        }
      }
    },
    {
      "from": [
        -13,
        -10,
        7
      ],
      "to": [
        3,
        6,
        7
      ],
      "rotation": {
        "angle": 0,
        "axis": "y",
        "origin": [
          8,
          -3,
          24
        ]
      },
      "faces": {
        "north": {
          "uv": [
            0,
            0,
            16,
            16
          ],
          "texture": "#4"
        },
        "east": {
          "uv": [
            0.25,
            10.5,
            1.5,
            8.5
          ],
          "rotation": 90,
          "texture": "#1"
        },
        "south": {
          "uv": [
            16,
            0,
            0,
            16
          ],
          "texture": "#4"
        },
        "west": {
          "uv": [
            0.25,
            10.5,
            1.5,
            8.5
          ],
          "rotation": 90,
          "texture": "#1"
        },
        "up": {
          "uv": [
            1.5,
            10.5,
            3.5,
            8.5
          ],
          "rotation": 270,
          "texture": "#1"
        },
        "down": {
          "uv": [
            1.5,
            8.5,
            3.5,
            6.5
          ],
          "rotation": 270,
          "texture": "#1"
        }
      }
    },
    {
      "from": [
        13,
        -10,
        7
      ],
      "to": [
        29,
        6,
        7
      ],
      "rotation": {
        "angle": 0,
        "axis": "y",
        "origin": [
          8,
          -3,
          24
        ]
      },
      "faces": {
        "north": {
          "uv": [
            16,
            0,
            0,
            16
          ],
          "texture": "#4"
        },
        "east": {
          "uv": [
            0.25,
            8.5,
            1.5,
            10.5
          ],
          "rotation": 90,
          "texture": "#1"
        },
        "south": {
          "uv": [
            0,
            0,
            16,
            16
          ],
          "texture": "#4"
        },
        "west": {
          "uv": [
            0.25,
            8.5,
            1.5,
            10.5
          ],
          "rotation": 90,
          "texture": "#1"
        },
        "up": {
          "uv": [
            1.5,
            8.5,
            3.5,
            10.5
          ],
          "rotation": 270,
          "texture": "#1"
        },
        "down": {
          "uv": [
            1.5,
            6.5,
            3.5,
            8.5
          ],
          "rotation": 270,
          "texture": "#1"
        }
      }
    }
  ],
  "gui_light": "front",
  "display": {
    "thirdperson_righthand": {
      "rotation": [
        68.5,
        0,
        0
      ],
      "translation": [
        0,
        0.75,
        0.75
      ],
      "scale": [
        0.41016,
        0.41016,
        0.41016
      ]
    },
    "thirdperson_lefthand": {
      "rotation": [
        68.5,
        0,
        0
      ],
      "translation": [
        -5.5,
        -5.25,
        13.5
      ]
    },
    "firstperson_righthand": {
      "translation": [
        -0.5,
        5.25,
        2.25
      ],
      "scale": [
        0.5,
        0.5,
        0.5
      ]
    },
    "firstperson_lefthand": {
      "translation": [
        -0.5,
        3.75,
        2.25
      ],
      "scale": [
        0,
        0,
        0
      ]
    },
    "ground": {
      "rotation": [
        -71,
        0,
        0
      ],
      "translation": [
        0,
        5.75,
        0
      ],
      "scale": [
        0.64453,
        0.64453,
        0.64453
      ]
    },
    "gui": {
      "translation": [
        0,
        -0.25,
        -2
      ],
      "scale": [
        0.32422,
        0.32422,
        0.32422
      ]
    },
    "head": {
      "rotation": [
        -135.5,
        0,
        0
      ],
      "translation": [
        0,
        14,
        2.25
      ],
      "scale": [
        0.7,
        0.7,
        0.7
      ]
    },
    "fixed": {
      "translation": [
        0.75,
        1.75,
        -2
      ],
      "scale": [
        1.36016,
        1.36016,
        1.36016
      ]
    }
  },
  "groups": [
    {
      "name": "group",
      "origin": [
        8,
        2,
        8
      ],
      "color": 0,
      "boneType": "",
      "children": [
        0,
        1,
        2
      ]
    },
    {
      "name": "group",
      "origin": [
        0,
        3,
        0
      ],
      "color": 0,
      "boneType": "",
      "children": [
        3,
        {
          "name": "group",
          "origin": [
            -13,
            3,
            7
          ],
          "color": 0,
          "boneType": "",
          "children": [
            4,
            5,
            6,
            7
          ]
        },
        {
          "name": "group",
          "origin": [
            3,
            1,
            9
          ],
          "color": 0,
          "boneType": "",
          "children": [
            8,
            9,
            10
          ]
        },
        {
          "name": "group",
          "origin": [
            8,
            2,
            9
          ],
          "color": 0,
          "boneType": "",
          "children": [
            11,
            12,
            13
          ]
        },
        {
          "name": "group",
          "origin": [
            15.5,
            2.35,
            8
          ],
          "color": 0,
          "boneType": "",
          "children": [
            14
          ]
        }
      ]
    },
    {
      "name": "group",
      "origin": [
        0,
        3,
        0
      ],
      "color": 0,
      "boneType": "",
      "children": [
        15,
        {
          "name": "group",
          "origin": [
            -13,
            3,
            7
          ],
          "color": 0,
          "boneType": "",
          "children": [
            16,
            17,
            18,
            19,
            20,
            21
          ]
        },
        {
          "name": "group",
          "origin": [
            3,
            1,
            9
          ],
          "color": 0,
          "boneType": "",
          "children": [
            22,
            23,
            24
          ]
        },
        {
          "name": "group",
          "origin": [
            8,
            2,
            9
          ],
          "color": 0,
          "boneType": "",
          "children": [
            25,
            26,
            27
          ]
        },
        {
          "name": "group",
          "origin": [
            15.5,
            2.35,
            8
          ],
          "color": 0,
          "boneType": "",
          "children": [
            28
          ]
        }
      ]
    },
    29,
    30,
    31
  ]
}