{"credit":"By EliteCreatures","textures":{"0":"elitecreatures:collectibles_v3_32x/fuzzy_chicks_inside_32","particle":"elitecreatures:collectibles_v3_32x/fuzzy_chicks_inside_32"},"elements":[{"from":[2,0,14],"to":[14,8,14],"rotation":{"angle":0,"axis":"y","origin":[7,0,7]},"faces":{"north":{"uv":[5,6.5,8,8.5],"texture":"#0"},"east":{"uv":[8,0,11,2],"texture":"#0"},"south":{"uv":[8,2,11,4],"texture":"#0"},"west":{"uv":[8,4,11,6],"texture":"#0"},"up":{"uv":[3,3,0,0],"texture":"#0"},"down":{"uv":[3,3,0,6],"texture":"#0"}}},{"from":[2,0,2],"to":[14,0,14],"rotation":{"angle":0,"axis":"y","origin":[7,0,7]},"faces":{"north":{"uv":[5,6.5,8,8.5],"texture":"#0"},"east":{"uv":[8,0,11,2],"texture":"#0"},"south":{"uv":[8,2,11,4],"texture":"#0"},"west":{"uv":[8,4,11,6],"texture":"#0"},"up":{"uv":[3,3,0,6],"texture":"#0"},"down":{"uv":[3,3,0,6],"texture":"#0"}}},{"from":[2,0,2],"to":[2,8,14],"rotation":{"angle":0,"axis":"y","origin":[7,0,7]},"faces":{"north":{"uv":[5,6.5,8,8.5],"texture":"#0"},"east":{"uv":[8,0,11,2],"texture":"#0"},"south":{"uv":[8,2,11,4],"texture":"#0"},"west":{"uv":[8,4,11,6],"texture":"#0"},"up":{"uv":[3,3,0,0],"texture":"#0"},"down":{"uv":[3,3,0,6],"texture":"#0"}}},{"from":[14,0,2],"to":[14,8,14],"rotation":{"angle":0,"axis":"y","origin":[9,0,7]},"faces":{"north":{"uv":[8,6.5,5,8.5],"texture":"#0"},"east":{"uv":[11,4,8,6],"texture":"#0"},"south":{"uv":[11,2,8,4],"texture":"#0"},"west":{"uv":[11,0,8,2],"texture":"#0"},"up":{"uv":[0,3,3,0],"texture":"#0"},"down":{"uv":[0,3,3,6],"texture":"#0"}}},{"from":[2,0,2],"to":[14,8,2],"rotation":{"angle":0,"axis":"y","origin":[7,0,7]},"faces":{"north":{"uv":[5,6.5,8,8.5],"texture":"#0"},"east":{"uv":[8,0,11,2],"texture":"#0"},"south":{"uv":[8,2,11,4],"texture":"#0"},"west":{"uv":[8,4,11,6],"texture":"#0"},"up":{"uv":[3,3,0,0],"texture":"#0"},"down":{"uv":[3,3,0,6],"texture":"#0"}}},{"from":[3,1,3],"to":[13,14,13],"rotation":{"angle":0,"axis":"y","origin":[7,0,7]},"faces":{"north":{"uv":[3,0,5.5,3.25],"texture":"#0"},"east":{"uv":[3,3.25,5.5,6.5],"texture":"#0"},"south":{"uv":[5.5,0,8,3.25],"texture":"#0"},"west":{"uv":[5.5,3.25,8,6.5],"texture":"#0"},"up":{"uv":[2.5,8.5,0,6],"texture":"#0"},"down":{"uv":[5,6.5,2.5,9],"texture":"#0"}}}],"gui_light":"front","display":{"thirdperson_righthand":{"rotation":[61.23,4.49,0.46],"translation":[0,1.75,0.75],"scale":[0.5,0.5,0.5]},"thirdperson_lefthand":{"rotation":[61.23,4.49,0.46],"translation":[0,1.75,0.75],"scale":[0.5,0.5,0.5]},"firstperson_righthand":{"rotation":[-166,53.68,171.1],"translation":[0.75,3.75,-0.75],"scale":[0.58336,0.58336,0.58336]},"firstperson_lefthand":{"rotation":[-166,53.68,171.1],"translation":[0.75,3.75,-0.75],"scale":[0.58336,0.58336,0.58336]},"ground":{"rotation":[68,0,0],"translation":[0,1.5,0],"scale":[0.5,0.5,0.5]},"gui":{"rotation":[-170,30,-180],"translation":[0,-2,0],"scale":[0.62,0.62,0.62]},"head":{"rotation":[7,180,1],"translation":[0,-48.75,11.25],"scale":[1.6,1.6,1.6]},"fixed":{"rotation":[-90,0,0],"translation":[0,0,-16.25],"scale":[2,2,2]}}}