{"credit":"MadewithBlockbench","texture_size":[32,32],"textures":{"0":"elitecreatures:spooky_furniture_v1/spider_animation-sheet","2":"elitecreatures:spooky_furniture_v1/spider3d","particle":"elitecreatures:spooky_furniture_v1/spider_animation-sheet"},"elements":[{"from":[8,13,-4.5],"to":[8,21,3.5],"rotation":{"angle":0,"axis":"y","origin":[0,0.5,2]},"faces":{"north":{"uv":[0,0,0,8],"texture":"#2"},"east":{"uv":[0,0,8,8],"texture":"#2"},"south":{"uv":[0,0,0,8],"texture":"#2"},"west":{"uv":[8,0,0,8],"texture":"#2"},"up":{"uv":[0,8,0,0],"texture":"#2"},"down":{"uv":[0,0,0,8],"texture":"#2"}}},{"from":[7,15.5,-2],"to":[9,18.5,1],"rotation":{"angle":0,"axis":"y","origin":[0,0.5,2]},"faces":{"north":{"uv":[8,6,10,9],"texture":"#2"},"east":{"uv":[8,0,11,3],"texture":"#2"},"south":{"uv":[8,6,10,9],"texture":"#2"},"west":{"uv":[8,3,11,6],"texture":"#2"},"up":{"uv":[12,9,10,12],"texture":"#2"},"down":{"uv":[12,9,10,12],"texture":"#2"}}},{"name":"spideranimation","from":[8,-7,2.5],"to":[8,21,21.5],"rotation":{"angle":0,"axis":"y","origin":[8,0,-5.5]},"faces":{"north":{"uv":[0,0,0,5.25],"texture":"#0"},"east":{"uv":[0,0,6.625,9.25],"texture":"#0"},"south":{"uv":[0,0,0,5.25],"texture":"#0"},"west":{"uv":[6.625,0,0,9.25],"texture":"#0"},"up":{"uv":[0,9,0,0],"texture":"#0"},"down":{"uv":[0,0,0,9],"texture":"#0"}}}],"gui_light":"front","display":{"thirdperson_righthand":{"rotation":[67.5,90,0],"translation":[0,-0.5,-1.5],"scale":[0.1875,0.1875,0.1875]},"thirdperson_lefthand":{"rotation":[67.5,90,0],"translation":[0,-0.5,-1.5],"scale":[0.1875,0.1875,0.1875]},"firstperson_righthand":{"rotation":[0,90,0],"translation":[2,2.25,0],"scale":[0.46875,0.46875,0.46875]},"firstperson_lefthand":{"rotation":[0,90,0],"translation":[2,2.25,0],"scale":[0.46875,0.46875,0.46875]},"ground":{"translation":[0,0.75,0],"scale":[0.39258,0.39258,0.39258]},"gui":{"rotation":[30,135,0],"translation":[0.75,-2.75,0],"scale":[0.69672,0.69672,0.69672]},"head":{"translation":[0,-30.25,0.75],"scale":[0,0,0]},"fixed":{"rotation":[90,90,0],"translation":[0.5,0,-23.25],"scale":[1.78906,1.78906,1.78906]}},"groups":[{"name":"all_spider_web","origin":[8,8,8],"color":0,"children":[{"name":"spider3d","origin":[0,0,0],"color":0,"children":[0,1]},2]}]}