{"credit":"MadewithBlockbench","texture_size":[32,32],"textures":{"0":"elitecreatures:spooky_furniture_v1/zombie_hand","particle":"elitecreatures:spooky_furniture_v1/zombie_hand"},"elements":[{"from":[8.89405,4.34874,14.10509],"to":[11.29405,5.24874,15.10509],"rotation":{"angle":-22.5,"axis":"y","origin":[11.16031,4.74874,14.7774]},"faces":{"north":{"uv":[1.25,7.5,0,8],"rotation":180,"texture":"#0"},"east":{"uv":[2,9,2.5,9.5],"rotation":270,"texture":"#0"},"south":{"uv":[8.25,7.5,7,7],"texture":"#0"},"west":{"uv":[9,2,9.5,2.5],"rotation":90,"texture":"#0"},"up":{"uv":[7,6,8.25,6.5],"rotation":180,"texture":"#0"},"down":{"uv":[7,6.5,8.25,7],"texture":"#0"}}},{"from":[5.26031,0,5.99108],"to":[10.26031,4,10.99108],"rotation":{"angle":0,"axis":"y","origin":[7.26031,3,8.99108]},"faces":{"north":{"uv":[8,0,6,2],"rotation":180,"texture":"#0"},"east":{"uv":[2,0,4,2.5],"rotation":270,"texture":"#0"},"south":{"uv":[6,7,4,5],"texture":"#0"},"west":{"uv":[2,2.5,4,5],"rotation":90,"texture":"#0"},"up":{"uv":[0,0,2,2.5],"rotation":180,"texture":"#0"},"down":{"uv":[0,2.5,2,5],"texture":"#0"}}},{"from":[5.25531,-0.19134,11.02914],"to":[10.26531,3.80866,16.02914],"rotation":{"angle":-22.5,"axis":"x","origin":[8.25531,-0.19134,10.52914]},"faces":{"north":{"uv":[8,4,6,6],"rotation":180,"texture":"#0"},"east":{"uv":[4,2.5,6,5],"rotation":270,"texture":"#0"},"south":{"uv":[8,4,6,2],"texture":"#0"},"west":{"uv":[2,5,4,7.5],"rotation":90,"texture":"#0"},"up":{"uv":[4,0,6,2.5],"rotation":180,"texture":"#0"},"down":{"uv":[0,5,2,7.5],"texture":"#0"}}},{"from":[9.36031,0.97643,14.21113],"to":[10.26031,1.97643,16.21113],"rotation":{"angle":45,"axis":"x","origin":[9.76031,1.64874,16.0774]},"faces":{"north":{"uv":[9,5,8.5,5.5],"rotation":180,"texture":"#0"},"east":{"uv":[3,7.5,3.5,8.5],"rotation":270,"texture":"#0"},"south":{"uv":[9,5,8.5,4.5],"texture":"#0"},"west":{"uv":[7,7.5,7.5,8.5],"rotation":90,"texture":"#0"},"up":{"uv":[2.5,7.5,3,8.5],"rotation":180,"texture":"#0"},"down":{"uv":[3.5,7.5,4,8.5],"texture":"#0"}}},{"from":[9.61031,1.27643,15.64367],"to":[9.91031,1.57643,17.24367],"rotation":{"angle":22.5,"axis":"x","origin":[9.76031,1.64874,16.0774]},"faces":{"north":{"uv":[9.25,6,9,6.25],"rotation":180,"texture":"#0"},"east":{"uv":[9,2.5,9.25,3.25],"rotation":270,"texture":"#0"},"south":{"uv":[9.25,5.75,9,5.5],"texture":"#0"},"west":{"uv":[3.5,9,3.75,9.75],"rotation":90,"texture":"#0"},"up":{"uv":[2.5,9,2.75,9.75],"rotation":180,"texture":"#0"},"down":{"uv":[3,9,3.25,9.75],"texture":"#0"}}},{"from":[8.01031,0.60143,15.94367],"to":[8.91031,1.60143,17.94367],"rotation":{"angle":22.5,"axis":"x","origin":[8.51031,1.27374,16.0774]},"faces":{"north":{"uv":[7.5,8.5,7,9],"rotation":180,"texture":"#0"},"east":{"uv":[8,1,8.5,2],"rotation":270,"texture":"#0"},"south":{"uv":[9,7,8.5,6.5],"texture":"#0"},"west":{"uv":[8,3,8.5,4],"rotation":90,"texture":"#0"},"up":{"uv":[1,8,1.5,9],"rotation":180,"texture":"#0"},"down":{"uv":[8,2,8.5,3],"texture":"#0"}}},{"from":[8.01031,0.60143,14.21113],"to":[8.91031,1.60143,16.21113],"rotation":{"angle":45,"axis":"x","origin":[8.51031,1.27374,16.0774]},"faces":{"north":{"uv":[9,6,8.5,6.5],"rotation":180,"texture":"#0"},"east":{"uv":[0,8,0.5,9],"rotation":270,"texture":"#0"},"south":{"uv":[9,6,8.5,5.5],"texture":"#0"},"west":{"uv":[0.5,8,1,9],"rotation":90,"texture":"#0"},"up":{"uv":[7.5,7.5,8,8.5],"rotation":180,"texture":"#0"},"down":{"uv":[8,0,8.5,1],"texture":"#0"}}},{"from":[6.96031,1.17643,15.44367],"to":[7.26031,1.47643,17.04367],"rotation":{"angle":22.5,"axis":"x","origin":[7.08531,1.44874,16.0774]},"faces":{"north":{"uv":[7.25,9,7,9.25],"rotation":180,"texture":"#0"},"east":{"uv":[9,4.5,9.25,5.25],"rotation":270,"texture":"#0"},"south":{"uv":[9.25,6.75,9,6.5],"texture":"#0"},"west":{"uv":[5.5,9,5.75,9.75],"rotation":90,"texture":"#0"},"up":{"uv":[9,3.5,9.25,4.25],"rotation":180,"texture":"#0"},"down":{"uv":[5,9,5.25,9.75],"texture":"#0"}}},{"from":[6.58531,0.77643,14.21113],"to":[7.48531,1.77643,16.21113],"rotation":{"angle":45,"axis":"x","origin":[7.08531,1.44874,16.0774]},"faces":{"north":{"uv":[8.5,8,8,8.5],"rotation":180,"texture":"#0"},"east":{"uv":[5.5,7,6,8],"rotation":270,"texture":"#0"},"south":{"uv":[8.5,8,8,7.5],"texture":"#0"},"west":{"uv":[2,7.5,2.5,8.5],"rotation":90,"texture":"#0"},"up":{"uv":[5,7,5.5,8],"rotation":180,"texture":"#0"},"down":{"uv":[1.5,7.5,2,8.5],"texture":"#0"}}},{"from":[5.26031,0.80143,15.74367],"to":[6.16031,1.80143,16.84367],"rotation":{"angle":22.5,"axis":"x","origin":[5.76031,1.47374,15.8774]},"faces":{"north":{"uv":[9.5,0,9,0.5],"rotation":180,"texture":"#0"},"east":{"uv":[8,8.5,8.5,9],"rotation":270,"texture":"#0"},"south":{"uv":[0.5,9.5,0,9],"texture":"#0"},"west":{"uv":[8.5,8.5,9,9],"rotation":90,"texture":"#0"},"up":{"uv":[8.5,7.5,9,8],"rotation":180,"texture":"#0"},"down":{"uv":[8.5,8,9,8.5],"texture":"#0"}}},{"from":[5.26031,0.80143,14.61113],"to":[6.16031,1.80143,16.01113],"rotation":{"angle":45,"axis":"x","origin":[5.76031,1.47374,15.8774]},"faces":{"north":{"uv":[8,8.5,7.5,9],"rotation":180,"texture":"#0"},"east":{"uv":[5,8,5.5,8.75],"rotation":270,"texture":"#0"},"south":{"uv":[9,7.5,8.5,7],"texture":"#0"},"west":{"uv":[5.5,8,6,8.75],"rotation":90,"texture":"#0"},"up":{"uv":[8,4,8.5,4.75],"rotation":180,"texture":"#0"},"down":{"uv":[8,5,8.5,5.75],"texture":"#0"}}},{"from":[10.6435,4.3486,14.45454],"to":[11.6435,5.2486,15.55454],"rotation":{"angle":22.5,"axis":"y","origin":[10.97119,4.74874,14.58828]},"faces":{"north":{"uv":[9.5,1.5,9,2],"rotation":180,"texture":"#0"},"east":{"uv":[9,0.5,9.5,1],"rotation":270,"texture":"#0"},"south":{"uv":[2,9.5,1.5,9],"texture":"#0"},"west":{"uv":[9,1,9.5,1.5],"rotation":90,"texture":"#0"},"up":{"uv":[0.5,9,1,9.5],"rotation":180,"texture":"#0"},"down":{"uv":[1,9,1.5,9.5],"texture":"#0"}}},{"from":[7.36031,1.5,-0.50892],"to":[8.36031,2.5,6.49108],"rotation":{"angle":0,"axis":"y","origin":[7.36031,3.5,9.49108]},"faces":{"north":{"uv":[9,0.5,8.5,1],"rotation":180,"texture":"#0"},"east":{"uv":[6.5,6,7,9.5],"rotation":270,"texture":"#0"},"south":{"uv":[9,0.5,8.5,0],"texture":"#0"},"west":{"uv":[4.5,7,5,10.5],"rotation":90,"texture":"#0"},"up":{"uv":[6,6,6.5,9.5],"rotation":180,"texture":"#0"},"down":{"uv":[4,7,4.5,10.5],"texture":"#0"}}},{"from":[7.32225,1.5,-1.16534],"to":[8.32225,2.5,-0.16534],"rotation":{"angle":-45,"axis":"y","origin":[8.20494,2,-0.24146]},"faces":{"north":{"uv":[9,4,8.5,4.5],"rotation":180,"texture":"#0"},"east":{"uv":[3,8.5,3.5,9],"rotation":270,"texture":"#0"},"south":{"uv":[9,4,8.5,3.5],"texture":"#0"},"west":{"uv":[3.5,8.5,4,9],"rotation":90,"texture":"#0"},"up":{"uv":[8.5,2.5,9,3],"rotation":180,"texture":"#0"},"down":{"uv":[8.5,3,9,3.5],"texture":"#0"}}},{"from":[7.39838,1.5,-1.16534],"to":[8.39838,2.5,-0.16534],"rotation":{"angle":45,"axis":"y","origin":[7.51569,2,-0.24146]},"faces":{"north":{"uv":[3,8.5,2.5,9],"rotation":180,"texture":"#0"},"east":{"uv":[1.5,8.5,2,9],"rotation":270,"texture":"#0"},"south":{"uv":[9,2.5,8.5,2],"texture":"#0"},"west":{"uv":[2,8.5,2.5,9],"rotation":90,"texture":"#0"},"up":{"uv":[8.5,1,9,1.5],"rotation":180,"texture":"#0"},"down":{"uv":[8.5,1.5,9,2],"texture":"#0"}}}],"gui_light":"front","display":{"thirdperson_righthand":{"rotation":[67.5,90,0],"translation":[-1.25,2.75,2.75],"scale":[0.64258,0.64258,0.64258]},"thirdperson_lefthand":{"rotation":[67.5,90,0],"translation":[-1.25,2.75,2.75],"scale":[0.64258,0.64258,0.64258]},"firstperson_righthand":{"rotation":[0,90,0],"translation":[12.75,2.25,-14.5],"scale":[1.59453,1.59453,1.59453]},"firstperson_lefthand":{"rotation":[0,90,0],"translation":[12.75,2.25,-14.5],"scale":[1.59453,1.59453,1.59453]},"ground":{"translation":[0,5.5,0],"scale":[0.71094,0.71094,0.71094]},"gui":{"rotation":[30,-45,0],"translation":[0.5,5.25,0],"scale":[0.94726,0.94726,0.94726]},"head":{"translation":[0,-30.25,0.75],"scale":[0,0,0]},"fixed":{"rotation":[-90,0,0],"translation":[0,0,-19],"scale":[2.39648,2.39648,2.39648]}},"groups":[{"name":"all_zombie_hand","origin":[12.76031,8,11.99108],"color":0,"children":[{"name":"hand","origin":[14.83151,22.80631,12.23341],"color":0,"children":[0,1,2,3,4,5,6,7,8,9,10,11]},{"name":"bone","origin":[12.41569,2.76746,11.99108],"color":0,"children":[12,13,14]}]}]}