{
  "credit": "Made with Blockbench",
  "texture_size": [
    64,
    64
  ],
  "textures": {
    "1": "elitecreatures:ginger_bread_gear/gingerbread_animation01",
    "2": "elitecreatures:ginger_bread_gear/gingerbread_texture1",
    "particle": "elitecreatures:ginger_bread_gear/gingerbread_texture1"
  },
  "elements": [
    {
      "from": [
        7,
        -2,
        5.5
      ],
      "to": [
        9,
        3,
        10.5
      ],
      "rotation": {
        "angle": 0,
        "axis": "y",
        "origin": [
          7.5,
          9,
          8
        ]
      },
      "faces": {
        "north": {
          "uv": [
            0.5,
            5.75,
            1.25,
            7
          ],
          "texture": "#2"
        },
        "east": {
          "uv": [
            3.25,
            5,
            4.5,
            6.25
          ],
          "texture": "#2"
        },
        "south": {
          "uv": [
            1.25,
            5.75,
            2,
            7
          ],
          "texture": "#2"
        },
        "west": {
          "uv": [
            5.5,
            0.75,
            6.75,
            2
          ],
          "texture": "#2"
        },
        "up": {
          "uv": [
            2.75,
            7,
            2,
            5.75
          ],
          "texture": "#2"
        },
        "down": {
          "uv": [
            6.75,
            2,
            6,
            3.25
          ],
          "texture": "#2"
        }
      }
    },
    {
      "from": [
        7.25,
        2.50711,
        9.57817
      ],
      "to": [
        8.75,
        4.00711,
        13.57817
      ],
      "rotation": {
        "angle": -22.5,
        "axis": "x",
        "origin": [
          8,
          4.25711,
          12.07817
        ]
      },
      "faces": {
        "north": {
          "uv": [
            8.25,
            3,
            8.625,
            3.375
          ],
          "texture": "#2"
        },
        "east": {
          "uv": [
            3,
            7,
            4,
            7.375
          ],
          "texture": "#2"
        },
        "south": {
          "uv": [
            8.25,
            3.5,
            8.625,
            3.875
          ],
          "texture": "#2"
        },
        "west": {
          "uv": [
            7.25,
            2.25,
            8.25,
            2.625
          ],
          "texture": "#2"
        },
        "up": {
          "uv": [
            6.375,
            8,
            6,
            7
          ],
          "texture": "#2"
        },
        "down": {
          "uv": [
            7.625,
            2.75,
            7.25,
            3.75
          ],
          "texture": "#2"
        }
      }
    },
    {
      "from": [
        8,
        2.50711,
        13.57817
      ],
      "to": [
        8,
        4.00711,
        15.57817
      ],
      "rotation": {
        "angle": -22.5,
        "axis": "x",
        "origin": [
          8,
          4.25711,
          12.07817
        ]
      },
      "faces": {
        "north": {
          "uv": [
            0,
            0,
            0,
            0.375
          ],
          "texture": "#2"
        },
        "east": {
          "uv": [
            7.75,
            3,
            8.25,
            3.375
          ],
          "texture": "#2"
        },
        "south": {
          "uv": [
            0,
            0,
            0,
            0.375
          ],
          "texture": "#2"
        },
        "west": {
          "uv": [
            7.75,
            3.5,
            8.25,
            3.875
          ],
          "texture": "#2"
        },
        "up": {
          "uv": [
            0,
            0.5,
            0,
            0
          ],
          "texture": "#2"
        },
        "down": {
          "uv": [
            0,
            0,
            0,
            0.5
          ],
          "texture": "#2"
        }
      }
    },
    {
      "from": [
        7.5,
        3.5,
        9.5
      ],
      "to": [
        8.5,
        4.5,
        12.5
      ],
      "rotation": {
        "angle": 45,
        "axis": "x",
        "origin": [
          8,
          4,
          10
        ]
      },
      "faces": {
        "north": {
          "uv": [
            6.75,
            3,
            7.25,
            3.25
          ],
          "texture": "#2"
        },
        "east": {
          "uv": [
            2,
            7.75,
            2.75,
            8
          ],
          "texture": "#2"
        },
        "south": {
          "uv": [
            8.5,
            2,
            9,
            2.25
          ],
          "texture": "#2"
        },
        "west": {
          "uv": [
            7.75,
            2.75,
            8.5,
            3
          ],
          "texture": "#2"
        },
        "up": {
          "uv": [
            2.5,
            7.75,
            2,
            7
          ],
          "texture": "#2"
        },
        "down": {
          "uv": [
            3,
            7,
            2.5,
            7.75
          ],
          "texture": "#2"
        }
      }
    },
    {
      "from": [
        7.5,
        -1.12445,
        12.70493
      ],
      "to": [
        8.5,
        0.87555,
        15.70493
      ],
      "rotation": {
        "angle": 22.5,
        "axis": "x",
        "origin": [
          8,
          -0.02445,
          15.20493
        ]
      },
      "faces": {
        "north": {
          "uv": [
            1,
            7.75,
            1.5,
            8.25
          ],
          "texture": "#2"
        },
        "east": {
          "uv": [
            6.75,
            3.25,
            6,
            3.75
          ],
          "texture": "#2"
        },
        "south": {
          "uv": [
            1.5,
            7.75,
            2,
            8.25
          ],
          "texture": "#2"
        },
        "west": {
          "uv": [
            6,
            3.75,
            6.75,
            4.25
          ],
          "texture": "#2"
        },
        "up": {
          "uv": [
            3,
            5.75,
            2.75,
            6.5
          ],
          "texture": "#2"
        },
        "down": {
          "uv": [
            6.25,
            5,
            6,
            4.25
          ],
          "texture": "#2"
        }
      }
    },
    {
      "from": [
        7.275,
        -0.5,
        2.5
      ],
      "to": [
        8.725,
        2.5,
        13.5
      ],
      "rotation": {
        "angle": 0,
        "axis": "y",
        "origin": [
          8,
          8,
          8
        ]
      },
      "faces": {
        "north": {
          "uv": [
            0.5,
            7.75,
            0.875,
            8.5
          ],
          "rotation": 180,
          "texture": "#2"
        },
        "east": {
          "uv": [
            0.5,
            5,
            3.25,
            5.75
          ],
          "rotation": 180,
          "texture": "#2"
        },
        "south": {
          "uv": [
            5.5,
            7.5,
            5.875,
            8.25
          ],
          "rotation": 180,
          "texture": "#2"
        },
        "west": {
          "uv": [
            5.5,
            0,
            8.25,
            0.75
          ],
          "rotation": 180,
          "texture": "#2"
        },
        "up": {
          "uv": [
            5.875,
            4.75,
            5.5,
            7.5
          ],
          "texture": "#2"
        },
        "down": {
          "uv": [
            5.875,
            4.75,
            5.5,
            2
          ],
          "texture": "#2"
        }
      }
    },
    {
      "from": [
        6,
        3.79289,
        15.79289
      ],
      "to": [
        7,
        6.79289,
        18.79289
      ],
      "rotation": {
        "angle": 45,
        "axis": "x",
        "origin": [
          9,
          13.29289,
          10.29289
        ]
      },
      "faces": {
        "north": {
          "uv": [
            7.25,
            3.75,
            7.75,
            4.5
          ],
          "texture": "#2"
        },
        "east": {
          "uv": [
            6,
            6.25,
            6.75,
            7
          ],
          "texture": "#2"
        },
        "south": {
          "uv": [
            7.25,
            5.5,
            7.75,
            6.25
          ],
          "texture": "#2"
        },
        "west": {
          "uv": [
            6.5,
            4.25,
            7.25,
            5
          ],
          "texture": "#2"
        },
        "up": {
          "uv": [
            7.75,
            7,
            7.25,
            6.25
          ],
          "texture": "#2"
        },
        "down": {
          "uv": [
            7.75,
            7,
            7.25,
            7.75
          ],
          "texture": "#2"
        }
      }
    },
    {
      "from": [
        9,
        3.79289,
        15.79289
      ],
      "to": [
        10,
        6.79289,
        18.79289
      ],
      "rotation": {
        "angle": 45,
        "axis": "x",
        "origin": [
          7,
          13.29289,
          10.29289
        ]
      },
      "faces": {
        "north": {
          "uv": [
            7.25,
            3.75,
            7.75,
            4.5
          ],
          "texture": "#2"
        },
        "east": {
          "uv": [
            6,
            6.25,
            6.75,
            7
          ],
          "texture": "#2"
        },
        "south": {
          "uv": [
            7.25,
            5.5,
            7.75,
            6.25
          ],
          "texture": "#2"
        },
        "west": {
          "uv": [
            6.5,
            4.25,
            7.25,
            5
          ],
          "texture": "#2"
        },
        "up": {
          "uv": [
            7.75,
            7,
            7.25,
            6.25
          ],
          "texture": "#2"
        },
        "down": {
          "uv": [
            7.75,
            7,
            7.25,
            7.75
          ],
          "texture": "#2"
        }
      }
    },
    {
      "from": [
        7.75,
        -2.5,
        11
      ],
      "to": [
        8.25,
        -0.5,
        17
      ],
      "rotation": {
        "angle": 22.5,
        "axis": "x",
        "origin": [
          0,
          2,
          16
        ]
      },
      "faces": {
        "north": {
          "uv": [
            6.75,
            7.5,
            6.5,
            7
          ],
          "rotation": 180,
          "texture": "#2"
        },
        "east": {
          "uv": [
            0,
            9.25,
            0.5,
            10.75
          ],
          "rotation": 90,
          "texture": "#2"
        },
        "south": {
          "uv": [
            6.75,
            7.5,
            6.5,
            8
          ],
          "texture": "#2"
        },
        "west": {
          "uv": [
            5,
            4.25,
            5.5,
            5.75
          ],
          "rotation": 270,
          "texture": "#2"
        },
        "up": {
          "uv": [
            4.75,
            9.25,
            4.875,
            10.75
          ],
          "texture": "#2"
        },
        "down": {
          "uv": [
            4.5,
            9.25,
            4.625,
            10.75
          ],
          "rotation": 180,
          "texture": "#2"
        }
      }
    },
    {
      "from": [
        5.45,
        2.52661,
        -5.37856
      ],
      "to": [
        6.95,
        4.02661,
        -0.37856
      ],
      "rotation": {
        "angle": 0,
        "axis": "y",
        "origin": [
          6.2,
          2.73485,
          -4.51514
        ]
      },
      "faces": {
        "north": {
          "uv": [
            3.875,
            8.875,
            3.5,
            8.5
          ],
          "rotation": 180,
          "texture": "#2"
        },
        "east": {
          "uv": [
            8,
            1.625,
            6.75,
            1.25
          ],
          "rotation": 180,
          "texture": "#2"
        },
        "south": {
          "uv": [
            4.375,
            8.875,
            4,
            8.5
          ],
          "rotation": 180,
          "texture": "#2"
        },
        "west": {
          "uv": [
            8,
            2.125,
            6.75,
            1.75
          ],
          "rotation": 180,
          "texture": "#2"
        },
        "up": {
          "uv": [
            7.125,
            6.75,
            6.75,
            5.5
          ],
          "texture": "#2"
        },
        "down": {
          "uv": [
            7.125,
            6.75,
            6.75,
            8
          ],
          "texture": "#2"
        }
      }
    },
    {
      "from": [
        5.475,
        1.51693,
        -6.0393
      ],
      "to": [
        6.925,
        3.01693,
        -4.5393
      ],
      "rotation": {
        "angle": 45,
        "axis": "x",
        "origin": [
          6.2,
          2.73485,
          -4.51514
        ]
      },
      "faces": {
        "north": {
          "uv": [
            2.5,
            8.5,
            2.875,
            8.875
          ],
          "texture": "#2"
        },
        "east": {
          "uv": [
            8.875,
            1.375,
            8.5,
            1
          ],
          "rotation": 270,
          "texture": "#2"
        },
        "south": {
          "uv": [
            3,
            8.875,
            3.375,
            8.5
          ],
          "rotation": 180,
          "texture": "#2"
        },
        "west": {
          "uv": [
            2.375,
            8.875,
            2,
            8.5
          ],
          "rotation": 90,
          "texture": "#2"
        },
        "up": {
          "uv": [
            8.5,
            1.5,
            8.875,
            1.875
          ],
          "texture": "#2"
        },
        "down": {
          "uv": [
            8.5,
            0.5,
            8.875,
            0.875
          ],
          "rotation": 180,
          "texture": "#2"
        }
      }
    },
    {
      "from": [
        5.5,
        1.4306,
        -6.45429
      ],
      "to": [
        6.9,
        2.9306,
        -4.95429
      ],
      "rotation": {
        "angle": 0,
        "axis": "y",
        "origin": [
          6.2,
          2.73485,
          -4.51514
        ]
      },
      "faces": {
        "north": {
          "uv": [
            8.625,
            6.875,
            8.25,
            6.5
          ],
          "rotation": 180,
          "texture": "#2"
        },
        "east": {
          "uv": [
            7.375,
            8.625,
            7,
            8.25
          ],
          "rotation": 180,
          "texture": "#2"
        },
        "south": {
          "uv": [
            8.625,
            7.375,
            8.25,
            7
          ],
          "rotation": 180,
          "texture": "#2"
        },
        "west": {
          "uv": [
            8.625,
            7.875,
            8.25,
            7.5
          ],
          "rotation": 180,
          "texture": "#2"
        },
        "up": {
          "uv": [
            8.625,
            8.375,
            8.25,
            8
          ],
          "texture": "#2"
        },
        "down": {
          "uv": [
            0.875,
            8.5,
            0.5,
            8.875
          ],
          "texture": "#2"
        }
      }
    },
    {
      "from": [
        5.525,
        0.44454,
        -4.95654
      ],
      "to": [
        6.875,
        1.94454,
        -3.45654
      ],
      "rotation": {
        "angle": 45,
        "axis": "x",
        "origin": [
          6.2,
          2.73485,
          -4.51514
        ]
      },
      "faces": {
        "north": {
          "uv": [
            8.25,
            5.5,
            8.625,
            5.875
          ],
          "texture": "#2"
        },
        "east": {
          "uv": [
            8.625,
            4.875,
            8.25,
            4.5
          ],
          "rotation": 270,
          "texture": "#2"
        },
        "south": {
          "uv": [
            8.25,
            6.375,
            8.625,
            6
          ],
          "rotation": 180,
          "texture": "#2"
        },
        "west": {
          "uv": [
            5.875,
            8.625,
            5.5,
            8.25
          ],
          "rotation": 90,
          "texture": "#2"
        },
        "up": {
          "uv": [
            8.25,
            5,
            8.625,
            5.375
          ],
          "texture": "#2"
        },
        "down": {
          "uv": [
            8.25,
            4,
            8.625,
            4.375
          ],
          "rotation": 180,
          "texture": "#2"
        }
      }
    },
    {
      "from": [
        8.95,
        2.52661,
        -5.37856
      ],
      "to": [
        10.45,
        4.02661,
        -0.37856
      ],
      "rotation": {
        "angle": 0,
        "axis": "y",
        "origin": [
          9.7,
          2.73485,
          -4.51514
        ]
      },
      "faces": {
        "north": {
          "uv": [
            3.5,
            8.875,
            3.875,
            8.5
          ],
          "rotation": 180,
          "texture": "#2"
        },
        "east": {
          "uv": [
            6.75,
            2.125,
            8,
            1.75
          ],
          "rotation": 180,
          "texture": "#2"
        },
        "south": {
          "uv": [
            4,
            8.875,
            4.375,
            8.5
          ],
          "rotation": 180,
          "texture": "#2"
        },
        "west": {
          "uv": [
            6.75,
            1.625,
            8,
            1.25
          ],
          "rotation": 180,
          "texture": "#2"
        },
        "up": {
          "uv": [
            6.75,
            6.75,
            7.125,
            5.5
          ],
          "texture": "#2"
        },
        "down": {
          "uv": [
            6.75,
            6.75,
            7.125,
            8
          ],
          "texture": "#2"
        }
      }
    },
    {
      "from": [
        8.975,
        1.51693,
        -6.0393
      ],
      "to": [
        10.425,
        3.01693,
        -4.5393
      ],
      "rotation": {
        "angle": 45,
        "axis": "x",
        "origin": [
          9.7,
          2.73485,
          -4.51514
        ]
      },
      "faces": {
        "north": {
          "uv": [
            2.875,
            8.5,
            2.5,
            8.875
          ],
          "texture": "#2"
        },
        "east": {
          "uv": [
            2.375,
            8.5,
            2,
            8.875
          ],
          "rotation": 90,
          "texture": "#2"
        },
        "south": {
          "uv": [
            3.375,
            8.875,
            3,
            8.5
          ],
          "rotation": 180,
          "texture": "#2"
        },
        "west": {
          "uv": [
            8.875,
            1,
            8.5,
            1.375
          ],
          "rotation": 270,
          "texture": "#2"
        },
        "up": {
          "uv": [
            8.875,
            1.5,
            8.5,
            1.875
          ],
          "texture": "#2"
        },
        "down": {
          "uv": [
            8.875,
            0.5,
            8.5,
            0.875
          ],
          "rotation": 180,
          "texture": "#2"
        }
      }
    },
    {
      "from": [
        9,
        1.4306,
        -6.45429
      ],
      "to": [
        10.4,
        2.9306,
        -4.95429
      ],
      "rotation": {
        "angle": 0,
        "axis": "y",
        "origin": [
          9.7,
          2.73485,
          -4.51514
        ]
      },
      "faces": {
        "north": {
          "uv": [
            8.25,
            6.875,
            8.625,
            6.5
          ],
          "rotation": 180,
          "texture": "#2"
        },
        "east": {
          "uv": [
            8.25,
            7.875,
            8.625,
            7.5
          ],
          "rotation": 180,
          "texture": "#2"
        },
        "south": {
          "uv": [
            8.25,
            7.375,
            8.625,
            7
          ],
          "rotation": 180,
          "texture": "#2"
        },
        "west": {
          "uv": [
            7,
            8.625,
            7.375,
            8.25
          ],
          "rotation": 180,
          "texture": "#2"
        },
        "up": {
          "uv": [
            8.25,
            8.375,
            8.625,
            8
          ],
          "texture": "#2"
        },
        "down": {
          "uv": [
            0.5,
            8.5,
            0.875,
            8.875
          ],
          "texture": "#2"
        }
      }
    },
    {
      "from": [
        9.025,
        0.44454,
        -4.95654
      ],
      "to": [
        10.375,
        1.94454,
        -3.45654
      ],
      "rotation": {
        "angle": 45,
        "axis": "x",
        "origin": [
          9.7,
          2.73485,
          -4.51514
        ]
      },
      "faces": {
        "north": {
          "uv": [
            8.625,
            5.5,
            8.25,
            5.875
          ],
          "texture": "#2"
        },
        "east": {
          "uv": [
            5.875,
            8.25,
            5.5,
            8.625
          ],
          "rotation": 90,
          "texture": "#2"
        },
        "south": {
          "uv": [
            8.625,
            6.375,
            8.25,
            6
          ],
          "rotation": 180,
          "texture": "#2"
        },
        "west": {
          "uv": [
            8.625,
            4.5,
            8.25,
            4.875
          ],
          "rotation": 270,
          "texture": "#2"
        },
        "up": {
          "uv": [
            8.625,
            5,
            8.25,
            5.375
          ],
          "texture": "#2"
        },
        "down": {
          "uv": [
            8.625,
            4,
            8.25,
            4.375
          ],
          "rotation": 180,
          "texture": "#2"
        }
      }
    },
    {
      "from": [
        8.9,
        -2,
        -3.5
      ],
      "to": [
        8.9,
        4,
        0.5
      ],
      "rotation": {
        "angle": 0,
        "axis": "y",
        "origin": [
          8.9,
          1,
          -1.5
        ]
      },
      "faces": {
        "north": {
          "uv": [
            0,
            0,
            0,
            1.5
          ],
          "texture": "#1"
        },
        "east": {
          "uv": [
            0,
            0,
            8,
            12
          ],
          "texture": "#1"
        },
        "south": {
          "uv": [
            0,
            0,
            0,
            1.5
          ],
          "texture": "#1"
        },
        "west": {
          "uv": [
            8,
            0,
            0,
            12
          ],
          "texture": "#1"
        },
        "up": {
          "uv": [
            0,
            1,
            0,
            0
          ],
          "texture": "#1"
        },
        "down": {
          "uv": [
            0,
            0,
            0,
            1
          ],
          "texture": "#1"
        }
      }
    },
    {
      "from": [
        7.1,
        -2,
        -3.5
      ],
      "to": [
        7.1,
        4,
        0.5
      ],
      "rotation": {
        "angle": 0,
        "axis": "y",
        "origin": [
          7.1,
          1,
          -1.5
        ]
      },
      "faces": {
        "north": {
          "uv": [
            0,
            0,
            0,
            1.5
          ],
          "texture": "#1"
        },
        "east": {
          "uv": [
            0,
            0,
            8,
            12
          ],
          "texture": "#1"
        },
        "south": {
          "uv": [
            0,
            0,
            0,
            1.5
          ],
          "texture": "#1"
        },
        "west": {
          "uv": [
            8,
            0,
            0,
            12
          ],
          "texture": "#1"
        },
        "up": {
          "uv": [
            0,
            1,
            0,
            0
          ],
          "texture": "#1"
        },
        "down": {
          "uv": [
            0,
            0,
            0,
            1
          ],
          "texture": "#1"
        }
      }
    },
    {
      "from": [
        7,
        -2.5,
        15
      ],
      "to": [
        9,
        1.5,
        17
      ],
      "rotation": {
        "angle": 0,
        "axis": "y",
        "origin": [
          7,
          8.5,
          11
        ]
      },
      "faces": {
        "north": {
          "uv": [
            9.125,
            1,
            9.625,
            0
          ],
          "rotation": 180,
          "texture": "#2"
        },
        "east": {
          "uv": [
            9.625,
            0,
            10.625,
            0.5
          ],
          "rotation": 270,
          "texture": "#2"
        },
        "south": {
          "uv": [
            8.625,
            1,
            9.125,
            0
          ],
          "texture": "#2"
        },
        "west": {
          "uv": [
            10.625,
            0,
            9.625,
            0.5
          ],
          "rotation": 90,
          "texture": "#2"
        },
        "up": {
          "uv": [
            10.625,
            0.5,
            10.125,
            1
          ],
          "rotation": 180,
          "texture": "#2"
        },
        "down": {
          "uv": [
            10.125,
            0.5,
            9.625,
            1
          ],
          "texture": "#2"
        }
      }
    },
    {
      "from": [
        6.025,
        2,
        -4
      ],
      "to": [
        9.975,
        3.5,
        -1
      ],
      "rotation": {
        "angle": 0,
        "axis": "y",
        "origin": [
          8,
          10,
          2
        ]
      },
      "faces": {
        "north": {
          "uv": [
            3.5,
            8.875,
            4.5,
            9.25
          ],
          "texture": "#2"
        },
        "east": {
          "uv": [
            4.25,
            9.25,
            3.5,
            9.625
          ],
          "texture": "#2"
        },
        "south": {
          "uv": [
            3.5,
            9.625,
            4.5,
            10
          ],
          "texture": "#2"
        },
        "west": {
          "uv": [
            3.5,
            9.25,
            4.25,
            9.625
          ],
          "texture": "#2"
        },
        "up": {
          "uv": [
            2.5,
            8.875,
            3.5,
            9.625
          ],
          "texture": "#2"
        },
        "down": {
          "uv": [
            2.5,
            9.625,
            3.5,
            10.375
          ],
          "texture": "#2"
        }
      }
    },
    {
      "from": [
        6.5,
        2.5,
        -1
      ],
      "to": [
        9.5,
        3.5,
        11
      ],
      "faces": {
        "north": {
          "uv": [
            0,
            14.25,
            0.75,
            14.5
          ],
          "texture": "#2"
        },
        "east": {
          "uv": [
            0,
            14.25,
            0.25,
            11.25
          ],
          "rotation": 90,
          "texture": "#2"
        },
        "south": {
          "uv": [
            0.75,
            14.25,
            1.5,
            14.5
          ],
          "texture": "#2"
        },
        "west": {
          "uv": [
            0,
            11.25,
            0.25,
            14.25
          ],
          "rotation": 90,
          "texture": "#2"
        },
        "up": {
          "uv": [
            0,
            14.5,
            3,
            15.25
          ],
          "rotation": 90,
          "texture": "#2"
        },
        "down": {
          "uv": [
            0,
            15.25,
            3,
            16
          ],
          "rotation": 90,
          "texture": "#2"
        }
      }
    },
    {
      "from": [
        7.5,
        0.60715,
        -3.61521
      ],
      "to": [
        8.5,
        2.60715,
        4.38479
      ],
      "rotation": {
        "angle": 0,
        "axis": "y",
        "origin": [
          8,
          1.60715,
          0.38479
        ]
      },
      "faces": {
        "north": {
          "uv": [
            10.125,
            7.625,
            10.375,
            8.125
          ],
          "rotation": 180,
          "texture": "#2"
        },
        "east": {
          "uv": [
            10.875,
            5.625,
            10.375,
            7.625
          ],
          "rotation": 90,
          "texture": "#2"
        },
        "south": {
          "uv": [
            9.875,
            7.625,
            10.125,
            8.125
          ],
          "texture": "#2"
        },
        "west": {
          "uv": [
            10.375,
            5.625,
            10.875,
            7.625
          ],
          "rotation": 270,
          "texture": "#2"
        },
        "up": {
          "uv": [
            10.125,
            5.625,
            10.375,
            7.625
          ],
          "texture": "#2"
        },
        "down": {
          "uv": [
            9.875,
            5.625,
            10.125,
            7.625
          ],
          "rotation": 180,
          "texture": "#2"
        }
      }
    },
    {
      "from": [
        1,
        3,
        -2
      ],
      "to": [
        7,
        4,
        0
      ],
      "rotation": {
        "angle": 22.5,
        "axis": "y",
        "origin": [
          1.98066,
          3.5,
          -0.69724
        ]
      },
      "faces": {
        "north": {
          "uv": [
            9.875,
            5.625,
            10.125,
            7.125
          ],
          "rotation": 90,
          "texture": "#2"
        },
        "east": {
          "uv": [
            9.875,
            7.625,
            10.125,
            8.125
          ],
          "rotation": 270,
          "texture": "#2"
        },
        "south": {
          "uv": [
            10.125,
            5.625,
            10.375,
            7.125
          ],
          "rotation": 270,
          "texture": "#2"
        },
        "west": {
          "uv": [
            10.125,
            7.625,
            10.375,
            8.125
          ],
          "rotation": 270,
          "texture": "#2"
        },
        "up": {
          "uv": [
            10.875,
            5.625,
            10.375,
            7.125
          ],
          "rotation": 270,
          "texture": "#2"
        },
        "down": {
          "uv": [
            10.375,
            5.625,
            10.875,
            7.125
          ],
          "rotation": 270,
          "texture": "#2"
        }
      }
    },
    {
      "from": [
        -2.00083,
        3.025,
        -1.9403
      ],
      "to": [
        1.99917,
        3.975,
        -0.4403
      ],
      "rotation": {
        "angle": 45,
        "axis": "y",
        "origin": [
          1.98066,
          3.5,
          -0.69724
        ]
      },
      "faces": {
        "north": {
          "uv": [
            10,
            3.875,
            10.3625,
            4.875
          ],
          "rotation": 90,
          "texture": "#2"
        },
        "east": {
          "uv": [
            10,
            4.875,
            10.3625,
            5.25
          ],
          "rotation": 90,
          "texture": "#2"
        },
        "south": {
          "uv": [
            10.375,
            3.875,
            10.7375,
            4.875
          ],
          "rotation": 90,
          "texture": "#2"
        },
        "west": {
          "uv": [
            10.375,
            4.875,
            10.7375,
            5.25
          ],
          "rotation": 270,
          "texture": "#2"
        },
        "up": {
          "uv": [
            9.875,
            5.25,
            10.875,
            5.625
          ],
          "texture": "#2"
        },
        "down": {
          "uv": [
            10.875,
            5.25,
            9.875,
            5.625
          ],
          "rotation": 180,
          "texture": "#2"
        }
      }
    },
    {
      "from": [
        -0.5,
        3.5,
        0.75
      ],
      "to": [
        8,
        3.5,
        1.25
      ],
      "rotation": {
        "angle": 0,
        "axis": "y",
        "origin": [
          -0.25,
          3.5,
          1
        ]
      },
      "faces": {
        "east": {
          "uv": [
            7.625,
            4.125,
            7.75,
            4.125
          ],
          "texture": "#2"
        },
        "west": {
          "uv": [
            7.625,
            4.125,
            7.75,
            4.125
          ],
          "texture": "#2"
        },
        "up": {
          "uv": [
            0.25,
            14.125,
            2.375,
            14.25
          ],
          "texture": "#2"
        },
        "down": {
          "uv": [
            0.25,
            14.125,
            2.375,
            14.25
          ],
          "texture": "#2"
        }
      }
    },
    {
      "from": [
        8,
        3.5,
        0.75
      ],
      "to": [
        16.5,
        3.5,
        1.25
      ],
      "rotation": {
        "angle": 0,
        "axis": "y",
        "origin": [
          16.25,
          3.5,
          1
        ]
      },
      "faces": {
        "east": {
          "uv": [
            7.75,
            4.125,
            7.625,
            4.125
          ],
          "texture": "#2"
        },
        "west": {
          "uv": [
            7.75,
            4.125,
            7.625,
            4.125
          ],
          "texture": "#2"
        },
        "up": {
          "uv": [
            2.375,
            14.125,
            0.25,
            14.25
          ],
          "texture": "#2"
        },
        "down": {
          "uv": [
            2.375,
            14.125,
            0.25,
            14.25
          ],
          "texture": "#2"
        }
      }
    },
    {
      "from": [
        9,
        3,
        -2
      ],
      "to": [
        15,
        4,
        0
      ],
      "rotation": {
        "angle": -22.5,
        "axis": "y",
        "origin": [
          14.01934,
          3.5,
          -0.69724
        ]
      },
      "faces": {
        "north": {
          "uv": [
            9.875,
            7.125,
            10.125,
            5.625
          ],
          "rotation": 90,
          "texture": "#2"
        },
        "east": {
          "uv": [
            10.125,
            8.125,
            10.375,
            7.625
          ],
          "rotation": 270,
          "texture": "#2"
        },
        "south": {
          "uv": [
            10.125,
            7.125,
            10.375,
            5.625
          ],
          "rotation": 270,
          "texture": "#2"
        },
        "west": {
          "uv": [
            9.875,
            8.125,
            10.125,
            7.625
          ],
          "rotation": 270,
          "texture": "#2"
        },
        "up": {
          "uv": [
            10.875,
            7.125,
            10.375,
            5.625
          ],
          "rotation": 270,
          "texture": "#2"
        },
        "down": {
          "uv": [
            10.375,
            7.125,
            10.875,
            5.625
          ],
          "rotation": 270,
          "texture": "#2"
        }
      }
    },
    {
      "from": [
        14.00083,
        3.025,
        -1.9403
      ],
      "to": [
        18.00083,
        3.975,
        -0.4403
      ],
      "rotation": {
        "angle": -45,
        "axis": "y",
        "origin": [
          14.01934,
          3.5,
          -0.69724
        ]
      },
      "faces": {
        "north": {
          "uv": [
            10,
            4.875,
            10.3625,
            3.875
          ],
          "rotation": 90,
          "texture": "#2"
        },
        "east": {
          "uv": [
            10.375,
            5.25,
            10.7375,
            4.875
          ],
          "rotation": 270,
          "texture": "#2"
        },
        "south": {
          "uv": [
            10.375,
            4.875,
            10.7375,
            3.875
          ],
          "rotation": 90,
          "texture": "#2"
        },
        "west": {
          "uv": [
            10,
            5.25,
            10.3625,
            4.875
          ],
          "rotation": 90,
          "texture": "#2"
        },
        "up": {
          "uv": [
            10.875,
            5.25,
            9.875,
            5.625
          ],
          "texture": "#2"
        },
        "down": {
          "uv": [
            9.875,
            5.25,
            10.875,
            5.625
          ],
          "rotation": 180,
          "texture": "#2"
        }
      }
    }
  ],
  "gui_light": "front",
  "display": {
    "thirdperson_righthand": {
      "translation": [
        0,
        4.75,
        2.25
      ],
      "scale": [
        0.4707,
        0.4707,
        0.4707
      ]
    },
    "thirdperson_lefthand": {
      "translation": [
        0,
        4.75,
        2.25
      ],
      "scale": [
        0.4707,
        0.4707,
        0.4707
      ]
    },
    "firstperson_righthand": {
      "rotation": [
        8,
        0,
        0
      ],
      "translation": [
        0,
        5,
        7.5
      ],
      "scale": [
        0.75,
        0.75,
        0.75
      ]
    },
    "firstperson_lefthand": {
      "rotation": [
        8,
        0,
        0
      ],
      "translation": [
        0,
        5,
        7.5
      ],
      "scale": [
        0.75,
        0.75,
        0.75
      ]
    },
    "ground": {
      "rotation": [
        45,
        0,
        0
      ],
      "translation": [
        0,
        4.75,
        3.5
      ],
      "scale": [
        0.5,
        0.5,
        0.5
      ]
    },
    "gui": {
      "rotation": [
        90,
        -45,
        0
      ],
      "translation": [
        -2,
        -2,
        0
      ],
      "scale": [
        0.75,
        0.75,
        0.75
      ]
    },
    "head": {
      "scale": [
        0,
        0,
        0
      ]
    },
    "fixed": {
      "rotation": [
        90,
        0,
        0
      ],
      "translation": [
        0,
        0,
        4.87
      ],
      "scale": [
        1.83594,
        1.83594,
        1.83594
      ]
    }
  },
  "groups": [
    0,
    1,
    2,
    3,
    4,
    5,
    6,
    7,
    8,
    {
      "name": "group",
      "origin": [
        8.25,
        8.81409,
        14.76764
      ],
      "color": 0,
      "children": [
        9,
        10,
        11,
        12,
        13,
        14,
        15,
        16
      ]
    },
    17,
    18,
    19,
    20,
    21,
    22,
    23,
    24,
    25,
    26,
    27,
    28
  ]
}