{"credit":"By EliteCreatures","textures":{"0":"elitecreatures:collectibles_v4_32x/snuggly_polar_bears_inside_32","particle":"elitecreatures:collectibles_v4_32x/snuggly_polar_bears_inside_32"},"elements":[{"from":[3.25,9.75,3],"to":[12.75,17.5,12],"rotation":{"angle":0,"axis":"y","origin":[7,0,7]},"faces":{"north":{"uv":[2.5,6.25,4.875,8.25],"texture":"#0"},"east":{"uv":[0,7.25,2.25,9.25],"texture":"#0"},"south":{"uv":[5,6.5,7.375,8.5],"texture":"#0"},"west":{"uv":[7.5,2.5,9.75,4.5],"texture":"#0"},"up":{"uv":[5.375,6.25,3,4],"texture":"#0"},"down":{"uv":[2.375,5,0,7.25],"texture":"#0"}}},{"from":[2.25,0,5.5],"to":[13.75,9.75,13.5],"rotation":{"angle":0,"axis":"y","origin":[7,0,7]},"faces":{"north":{"uv":[0,0,2.875,2.5],"texture":"#0"},"east":{"uv":[5.5,4,7.5,6.5],"texture":"#0"},"south":{"uv":[0,2.5,2.875,5],"texture":"#0"},"west":{"uv":[6,0,8,2.5],"texture":"#0"},"up":{"uv":[5.875,2,3,0],"texture":"#0"},"down":{"uv":[5.875,2,3,4],"texture":"#0"}}},{"from":[3.5,0,3.75],"to":[7,9.75,6],"rotation":{"angle":0,"axis":"y","origin":[5.5,4.875,4.375]},"faces":{"north":{"uv":[7.5,4.5,8.375,7],"texture":"#0"},"east":{"uv":[8.5,5.75,9.125,8.25],"texture":"#0"},"south":{"uv":[7.5,7,8.375,9.5],"texture":"#0"},"west":{"uv":[6.25,8.5,6.875,11],"texture":"#0"},"up":{"uv":[9.375,9.875,8.5,9.25],"texture":"#0"},"down":{"uv":[4.875,9.5,4,10.125],"texture":"#0"}}},{"from":[0.82664,0,5.3819],"to":[8.57664,3.75,9.3819],"rotation":{"angle":-22.5,"axis":"y","origin":[4.70164,1.875,7.3819]},"faces":{"north":{"uv":[8,0,9.875,1],"texture":"#0"},"east":{"uv":[1.25,9.25,2.25,10.25],"texture":"#0"},"south":{"uv":[8,1,9.875,2],"texture":"#0"},"west":{"uv":[2.25,9.25,3.25,10.25],"texture":"#0"},"up":{"uv":[4.125,9.25,2.25,8.25],"texture":"#0"},"down":{"uv":[6.125,8.5,4.25,9.5],"texture":"#0"}}},{"from":[5.5,9.75,0.75],"to":[10.5,13.5,3],"rotation":{"angle":0,"axis":"y","origin":[7,0,7]},"faces":{"north":{"uv":[8.5,8.25,9.75,9.25],"texture":"#0"},"east":{"uv":[3.25,9.25,3.875,10.25],"texture":"#0"},"south":{"uv":[0,9.25,1.25,10.25],"texture":"#0"},"west":{"uv":[9.25,7.25,9.875,8.25],"texture":"#0"},"up":{"uv":[10.5,6.375,9.25,5.75],"texture":"#0"},"down":{"uv":[10.5,6.5,9.25,7.125],"texture":"#0"}}},{"from":[1.5,14.5,6],"to":[7,19.5,7],"rotation":{"angle":0,"axis":"y","origin":[7,0,7]},"faces":{"north":{"uv":[6,2.5,7.375,3.75],"texture":"#0"},"east":{"uv":[2.5,5,2.75,6.25],"texture":"#0"},"south":{"uv":[8.5,4.5,9.875,5.75],"texture":"#0"},"west":{"uv":[2.75,5,3,6.25],"texture":"#0"},"up":{"uv":[7.375,4,6,3.75],"texture":"#0"},"down":{"uv":[9.375,2,8,2.25],"texture":"#0"}}},{"from":[9,14.5,6],"to":[14.5,19.5,7],"rotation":{"angle":0,"axis":"y","origin":[9,0,7]},"faces":{"north":{"uv":[7.375,2.5,6,3.75],"texture":"#0"},"east":{"uv":[3,5,2.75,6.25],"texture":"#0"},"south":{"uv":[9.875,4.5,8.5,5.75],"texture":"#0"},"west":{"uv":[2.75,5,2.5,6.25],"texture":"#0"},"up":{"uv":[6,4,7.375,3.75],"texture":"#0"},"down":{"uv":[8,2,9.375,2.25],"texture":"#0"}}},{"from":[9,0,3.75],"to":[12.5,9.75,6],"rotation":{"angle":0,"axis":"y","origin":[10.5,4.875,4.375]},"faces":{"north":{"uv":[8.375,4.5,7.5,7],"texture":"#0"},"east":{"uv":[6.875,8.5,6.25,11],"texture":"#0"},"south":{"uv":[8.375,7,7.5,9.5],"texture":"#0"},"west":{"uv":[9.125,5.75,8.5,8.25],"texture":"#0"},"up":{"uv":[8.5,9.875,9.375,9.25],"texture":"#0"},"down":{"uv":[4,9.5,4.875,10.125],"texture":"#0"}}},{"from":[7.42336,0,5.3819],"to":[15.17336,3.75,9.3819],"rotation":{"angle":22.5,"axis":"y","origin":[11.29836,1.875,7.3819]},"faces":{"north":{"uv":[9.875,0,8,1],"texture":"#0"},"east":{"uv":[3.25,9.25,2.25,10.25],"texture":"#0"},"south":{"uv":[9.875,1,8,2],"texture":"#0"},"west":{"uv":[2.25,9.25,1.25,10.25],"texture":"#0"},"up":{"uv":[2.25,9.25,4.125,8.25],"texture":"#0"},"down":{"uv":[4.25,8.5,6.125,9.5],"texture":"#0"}}}],"gui_light":"front","display":{"thirdperson_righthand":{"rotation":[61.23,4.49,0.46],"translation":[0,1.75,0.75],"scale":[0.5,0.5,0.5]},"thirdperson_lefthand":{"rotation":[61.23,4.49,0.46],"translation":[0,1.75,0.75],"scale":[0.5,0.5,0.5]},"firstperson_righthand":{"rotation":[-166,53.68,171.1],"translation":[0.75,3.75,-0.75],"scale":[0.58336,0.58336,0.58336]},"firstperson_lefthand":{"rotation":[-166,53.68,171.1],"translation":[0.75,3.75,-0.75],"scale":[0.58336,0.58336,0.58336]},"ground":{"rotation":[68,0,0],"translation":[0,1.5,0],"scale":[0.5,0.5,0.5]},"gui":{"rotation":[-170,30,-180],"translation":[0,-2,0],"scale":[0.62,0.62,0.62]},"head":{"rotation":[7,180,1],"translation":[0,-60,11.25],"scale":[1.6,1.6,1.6]},"fixed":{"rotation":[-90,0,0],"translation":[0,0,-16.25],"scale":[2,2,2]}}}