{"credit":"MadewithBlockbench","textures":{"0":"elitecreatures:dungeon_decoration_v1/dungeon_decorate_goldbar_with_coin","particle":"elitecreatures:dungeon_decoration_v1/dungeon_decorate_goldbar_with_coin"},"elements":[{"from":[3,0,9],"to":[6,2,19],"rotation":{"angle":22.5,"axis":"y","origin":[0,0,3]},"faces":{"north":{"uv":[3,2,6,4],"texture":"#0"},"east":{"uv":[3,0,13,2],"texture":"#0"},"south":{"uv":[3,2,6,4],"texture":"#0"},"west":{"uv":[3,0,13,2],"texture":"#0"},"up":{"uv":[3,10,0,0],"texture":"#0"},"down":{"uv":[3,10,0,0],"texture":"#0"}}},{"from":[11,0,4],"to":[14,2,14],"rotation":{"angle":0,"axis":"y","origin":[0,0,3]},"faces":{"north":{"uv":[3,2,6,4],"texture":"#0"},"east":{"uv":[3,0,13,2],"texture":"#0"},"south":{"uv":[3,2,6,4],"texture":"#0"},"west":{"uv":[3,0,13,2],"texture":"#0"},"up":{"uv":[3,10,0,0],"texture":"#0"},"down":{"uv":[3,10,0,0],"texture":"#0"}}},{"from":[11,2,1],"to":[14,4,11],"rotation":{"angle":-22.5,"axis":"y","origin":[0,0,3]},"faces":{"north":{"uv":[3,2,6,4],"texture":"#0"},"east":{"uv":[3,0,13,2],"texture":"#0"},"south":{"uv":[3,2,6,4],"texture":"#0"},"west":{"uv":[3,0,13,2],"texture":"#0"},"up":{"uv":[3,10,0,0],"texture":"#0"},"down":{"uv":[3,10,0,0],"texture":"#0"}}},{"from":[6,0,1],"to":[8,0.5,3],"rotation":{"angle":0,"axis":"y","origin":[-1,0,1]},"faces":{"north":{"uv":[14,13.5,16,14],"texture":"#0"},"east":{"uv":[14,13.5,16,14],"texture":"#0"},"south":{"uv":[14,13.5,16,14],"texture":"#0"},"west":{"uv":[14,13.5,16,14],"texture":"#0"},"up":{"uv":[14,14,16,16],"texture":"#0"},"down":{"uv":[14,14,16,16],"texture":"#0"}}},{"from":[6.5,0.5,2],"to":[8.5,1,4],"rotation":{"angle":0,"axis":"y","origin":[7.5,0.75,3]},"faces":{"north":{"uv":[14,13.5,16,14],"texture":"#0"},"east":{"uv":[14,13.5,16,14],"texture":"#0"},"south":{"uv":[14,13.5,16,14],"texture":"#0"},"west":{"uv":[14,13.5,16,14],"texture":"#0"},"up":{"uv":[14,14,16,16],"texture":"#0"},"down":{"uv":[14,14,16,16],"texture":"#0"}}},{"from":[6.5,1.5,2],"to":[8.5,2,4],"rotation":{"angle":0,"axis":"y","origin":[7.5,0.75,3]},"faces":{"north":{"uv":[14,13.5,16,14],"texture":"#0"},"east":{"uv":[14,13.5,16,14],"texture":"#0"},"south":{"uv":[14,13.5,16,14],"texture":"#0"},"west":{"uv":[14,13.5,16,14],"texture":"#0"},"up":{"uv":[14,14,16,16],"texture":"#0"},"down":{"uv":[14,14,16,16],"texture":"#0"}}},{"from":[6.5,2,2],"to":[8.5,2.5,4],"rotation":{"angle":45,"axis":"y","origin":[7.5,2.25,3]},"faces":{"north":{"uv":[14,13.5,16,14],"texture":"#0"},"east":{"uv":[14,13.5,16,14],"texture":"#0"},"south":{"uv":[14,13.5,16,14],"texture":"#0"},"west":{"uv":[14,13.5,16,14],"texture":"#0"},"up":{"uv":[14,14,16,16],"rotation":90,"texture":"#0"},"down":{"uv":[14,14,16,16],"rotation":270,"texture":"#0"}}},{"from":[6.5,1,2],"to":[8.5,1.5,4],"rotation":{"angle":-22.5,"axis":"y","origin":[7.5,1.25,3]},"faces":{"north":{"uv":[14,13.5,16,14],"texture":"#0"},"east":{"uv":[14,13.5,16,14],"texture":"#0"},"south":{"uv":[14,13.5,16,14],"texture":"#0"},"west":{"uv":[14,13.5,16,14],"texture":"#0"},"up":{"uv":[14,14,16,16],"texture":"#0"},"down":{"uv":[14,14,16,16],"texture":"#0"}}},{"from":[7,0,3],"to":[9,0.5,5],"rotation":{"angle":0,"axis":"y","origin":[-1,0,1]},"faces":{"north":{"uv":[14,13.5,16,14],"texture":"#0"},"east":{"uv":[14,13.5,16,14],"texture":"#0"},"south":{"uv":[14,13.5,16,14],"texture":"#0"},"west":{"uv":[14,13.5,16,14],"texture":"#0"},"up":{"uv":[14,14,16,16],"texture":"#0"},"down":{"uv":[14,14,16,16],"texture":"#0"}}},{"from":[10,0,1],"to":[12,0.5,3],"rotation":{"angle":-45,"axis":"y","origin":[11,0.25,2]},"faces":{"north":{"uv":[14,13.5,16,14],"texture":"#0"},"east":{"uv":[14,13.5,16,14],"texture":"#0"},"south":{"uv":[14,13.5,16,14],"texture":"#0"},"west":{"uv":[14,13.5,16,14],"texture":"#0"},"up":{"uv":[14,14,16,16],"texture":"#0"},"down":{"uv":[14,14,16,16],"texture":"#0"}}},{"from":[3,0,4],"to":[5,0.5,6],"rotation":{"angle":0,"axis":"y","origin":[4,0.25,5]},"faces":{"north":{"uv":[14,13.5,16,14],"texture":"#0"},"east":{"uv":[14,13.5,16,14],"texture":"#0"},"south":{"uv":[14,13.5,16,14],"texture":"#0"},"west":{"uv":[14,13.5,16,14],"texture":"#0"},"up":{"uv":[14,14,16,16],"texture":"#0"},"down":{"uv":[14,14,16,16],"texture":"#0"}}},{"from":[3,0,10],"to":[5,0.5,12],"rotation":{"angle":-45,"axis":"y","origin":[4,0.25,11]},"faces":{"north":{"uv":[14,13.5,16,14],"texture":"#0"},"east":{"uv":[14,13.5,16,14],"texture":"#0"},"south":{"uv":[14,13.5,16,14],"texture":"#0"},"west":{"uv":[14,13.5,16,14],"texture":"#0"},"up":{"uv":[14,14,16,16],"texture":"#0"},"down":{"uv":[14,14,16,16],"texture":"#0"}}},{"from":[1.75,0.5,10],"to":[3.75,1,12],"rotation":{"angle":-45,"axis":"y","origin":[4,0.25,11]},"faces":{"north":{"uv":[14,13.5,16,14],"texture":"#0"},"east":{"uv":[14,13.5,16,14],"texture":"#0"},"south":{"uv":[14,13.5,16,14],"texture":"#0"},"west":{"uv":[14,13.5,16,14],"texture":"#0"},"up":{"uv":[14,14,16,16],"texture":"#0"},"down":{"uv":[14,14,16,16],"texture":"#0"}}},{"from":[1,0,8],"to":[3,0.5,10],"rotation":{"angle":0,"axis":"y","origin":[4,0.25,5]},"faces":{"north":{"uv":[14,13.5,16,14],"texture":"#0"},"east":{"uv":[14,13.5,16,14],"texture":"#0"},"south":{"uv":[14,13.5,16,14],"texture":"#0"},"west":{"uv":[14,13.5,16,14],"texture":"#0"},"up":{"uv":[14,14,16,16],"texture":"#0"},"down":{"uv":[14,14,16,16],"texture":"#0"}}},{"from":[3,0,2],"to":[4,0.5,3],"rotation":{"angle":0,"axis":"y","origin":[-1,0,1]},"faces":{"north":{"uv":[12.5,14.5,13.5,15],"texture":"#0"},"east":{"uv":[12.5,14.5,13.5,15],"texture":"#0"},"south":{"uv":[12.5,14.5,13.5,15],"texture":"#0"},"west":{"uv":[12.5,14.5,13.5,15],"texture":"#0"},"up":{"uv":[12.5,15,13.5,16],"texture":"#0"},"down":{"uv":[12.5,15,13.5,16],"texture":"#0"}}}],"display":{"thirdperson_righthand":{"translation":[0,3.5,2.25],"scale":[0.4,0.4,0.4]},"thirdperson_lefthand":{"translation":[0,3.5,2.25],"scale":[0.4,0.4,0.4]},"firstperson_righthand":{"translation":[-0.75,6.25,-1.5],"scale":[0.9,0.9,0.9]},"firstperson_lefthand":{"rotation":[0,126,0],"translation":[-0.75,6.25,-1.5],"scale":[0.9,0.9,0.9]},"ground":{"translation":[0,2,0],"scale":[0.5,0.5,0.5]},"gui":{"rotation":[30,225,0],"translation":[0.75,2,0],"scale":[0.625,0.625,0.625]},"head":{"translation":[0,-35.25,0]},"fixed":{"rotation":[-90,0,0],"translation":[-1,-1,-12.75],"scale":[1.6,1.6,1.6]}}}