{
	"parent": "minecraft:item/handheld",
	"textures": {
		"layer0": "item/diamond_sword"
	},
	"overrides": [
		{ "predicate": { "custom_model_data": 1}, "model": "item/protocol/greatsword" },
		{ "predicate": { "custom_model_data": 2}, "model": "item/protocol/scythe" },
		{ "predicate": { "custom_model_data": 3}, "model": "item/protocol/spear" },
		{ "predicate": { "custom_model_data": 4}, "model": "item/protocol/staff" },
		{ "predicate": { "custom_model_data": 5}, "model": "item/protocol/sword" }
	]
}