{"credit":"By EliteCreatures","textures":{"0":"elitecreatures:collectibles_v2_32x/friendly_owlets_inside_32","1":"elitecreatures:collectibles_v2_32x/collectibles_package","2":"elitecreatures:collectibles_v2_32x/ef_friendly_owlets_long","particle":"elitecreatures:collectibles_v2_32x/collectibles_package"},"elements":[{"from":[3.25,13.5,1.5],"to":[7,14.5,10],"rotation":{"angle":-22.5,"axis":"z","origin":[4.5,14,5.75]},"faces":{"north":{"uv":[8.25,5.5,9.25,5.75],"texture":"#0"},"east":{"uv":[2.5,5.5,4.625,5.75],"texture":"#0"},"south":{"uv":[8.25,5.75,9.25,6],"texture":"#0"},"west":{"uv":[2.5,5.75,4.625,6],"texture":"#0"},"up":{"uv":[1,10.125,0,8],"texture":"#0"},"down":{"uv":[2,8,1,10.125],"texture":"#0"}}},{"from":[3,5.5,1.75],"to":[13,13.5,9.75],"rotation":{"angle":0,"axis":"y","origin":[7,-1.5,6.75]},"faces":{"north":{"uv":[0,4,2.5,6],"texture":"#0"},"east":{"uv":[5,6,7,8],"texture":"#0"},"south":{"uv":[4.75,0,7.25,2],"texture":"#0"},"west":{"uv":[7,6,9,8],"texture":"#0"},"up":{"uv":[7.25,4,4.75,2],"texture":"#0"},"down":{"uv":[7.25,4,4.75,6],"texture":"#0"}}},{"from":[4.25,2,4],"to":[11.75,9.5,15],"rotation":{"angle":0,"axis":"y","origin":[7,-0.5,7]},"faces":{"north":{"uv":[7.25,0,9.125,1.875],"texture":"#0"},"east":{"uv":[0,0,2.75,1.875],"texture":"#0"},"south":{"uv":[7.25,2,9.125,3.875],"texture":"#0"},"west":{"uv":[0,2,2.75,3.875],"texture":"#0"},"up":{"uv":[4.625,2.75,2.75,0],"texture":"#0"},"down":{"uv":[4.625,2.75,2.75,5.5],"texture":"#0"}}},{"from":[4.25,0,7.75],"to":[7.5,2,11.25],"rotation":{"angle":22.5,"axis":"y","origin":[5.875,1,9.5]},"faces":{"north":{"uv":[5,8,5.875,8.5],"texture":"#0"},"east":{"uv":[6,8,6.875,8.5],"texture":"#0"},"south":{"uv":[7,8,7.875,8.5],"texture":"#0"},"west":{"uv":[8,8,8.875,8.5],"texture":"#0"},"up":{"uv":[3.875,8.875,3,8],"texture":"#0"},"down":{"uv":[4.875,8,4,8.875],"texture":"#0"}}},{"from":[2.25,2,5.5],"to":[4.25,9.5,15.5],"rotation":{"angle":22.5,"axis":"x","origin":[2.75,6.25,9.5]},"faces":{"north":{"uv":[7.25,4,7.75,5.875],"texture":"#0"},"east":{"uv":[0,6,2.5,7.875],"texture":"#0"},"south":{"uv":[7.75,4,8.25,5.875],"texture":"#0"},"west":{"uv":[2.5,6,5,7.875],"texture":"#0"},"up":{"uv":[2.5,10.5,2,8],"texture":"#0"},"down":{"uv":[3,8,2.5,10.5],"texture":"#0"}}},{"from":[8.5,0,7.75],"to":[11.75,2,11.25],"rotation":{"angle":-22.5,"axis":"y","origin":[10.125,1,9.5]},"faces":{"north":{"uv":[5.875,8,5,8.5],"texture":"#0"},"east":{"uv":[8.875,8,8,8.5],"texture":"#0"},"south":{"uv":[7.875,8,7,8.5],"texture":"#0"},"west":{"uv":[6.875,8,6,8.5],"texture":"#0"},"up":{"uv":[3,8.875,3.875,8],"texture":"#0"},"down":{"uv":[4,8,4.875,8.875],"texture":"#0"}}},{"from":[11.75,2,5.5],"to":[13.75,9.5,15.5],"rotation":{"angle":22.5,"axis":"x","origin":[13.25,6.25,9.5]},"faces":{"north":{"uv":[7.75,4,7.25,5.875],"texture":"#0"},"east":{"uv":[5,6,2.5,7.875],"texture":"#0"},"south":{"uv":[8.25,4,7.75,5.875],"texture":"#0"},"west":{"uv":[2.5,6,0,7.875],"texture":"#0"},"up":{"uv":[2,10.5,2.5,8],"texture":"#0"},"down":{"uv":[2.5,8,3,10.5],"texture":"#0"}}},{"from":[9,13.5,1.5],"to":[12.75,14.5,10],"rotation":{"angle":22.5,"axis":"z","origin":[11.5,14,5.75]},"faces":{"north":{"uv":[9.25,5.5,8.25,5.75],"texture":"#0"},"east":{"uv":[4.625,5.75,2.5,6],"texture":"#0"},"south":{"uv":[9.25,5.75,8.25,6],"texture":"#0"},"west":{"uv":[4.625,5.5,2.5,5.75],"texture":"#0"},"up":{"uv":[0,10.125,1,8],"texture":"#0"},"down":{"uv":[1,8,2,10.125],"texture":"#0"}}},{"from":[7.25,6.5,0.25],"to":[8.75,9.5,1.75],"rotation":{"angle":0,"axis":"y","origin":[7,-1.5,6.75]},"faces":{"north":{"uv":[8.25,4,8.625,4.75],"texture":"#0"},"east":{"uv":[8.25,4.75,8.625,5.5],"texture":"#0"},"south":{"uv":[5,8.5,5.375,9.25],"texture":"#0"},"west":{"uv":[5.5,8.5,5.875,9.25],"texture":"#0"},"up":{"uv":[6.375,8.875,6,8.5],"texture":"#0"},"down":{"uv":[6.875,8.5,6.5,8.875],"texture":"#0"}}},{"name":"signs","from":[0.7,18,-0.075],"to":[15.3,20.8,-0.075],"rotation":{"angle":0,"axis":"y","origin":[17,6.9,0]},"faces":{"north":{"uv":[0,14.875,7.375,16],"texture":"#0"},"east":{"uv":[0,0,0,0.75],"texture":"#0"},"west":{"uv":[0,0,0,0.75],"texture":"#0"},"up":{"uv":[3.625,0,0,0],"texture":"#0"},"down":{"uv":[3.625,0,0,0],"texture":"#0"}}},{"name":"package","from":[0,-0.1,0],"to":[16,21.9,0],"faces":{"north":{"uv":[0,0,4,5.5],"texture":"#1"},"east":{"uv":[4,0,8,5.5],"texture":"#1"},"south":{"uv":[0,0,4,5.5],"texture":"#1"},"west":{"uv":[4,5.5,8,11],"texture":"#1"},"up":{"uv":[12,4,8,0],"texture":"#1"},"down":{"uv":[12,4,8,8],"texture":"#1"}}},{"name":"package","from":[0,-0.1,16],"to":[16,21.9,16],"faces":{"north":{"uv":[0,5.5,4,11],"texture":"#1"},"east":{"uv":[4,0,8,5.5],"texture":"#1"},"south":{"uv":[0,5.5,4,11],"texture":"#1"},"west":{"uv":[4,5.5,8,11],"texture":"#1"},"up":{"uv":[12,4,8,0],"texture":"#1"},"down":{"uv":[12,4,8,8],"texture":"#1"}}},{"name":"package","from":[0,-0.1,0],"to":[16,-0.1,16],"faces":{"north":{"uv":[0,0,4,5.5],"texture":"#1"},"east":{"uv":[4,0,8,5.5],"texture":"#1"},"south":{"uv":[0,5.5,4,11],"texture":"#1"},"west":{"uv":[4,5.5,8,11],"texture":"#1"},"up":{"uv":[12,4,8,8],"texture":"#1"},"down":{"uv":[12,4,8,8],"texture":"#1"}}},{"name":"package","from":[0,21.9,0],"to":[16,21.9,16],"faces":{"north":{"uv":[0,0,4,5.5],"texture":"#1"},"east":{"uv":[4,0,8,5.5],"texture":"#1"},"south":{"uv":[0,5.5,4,11],"texture":"#1"},"west":{"uv":[4,5.5,8,11],"texture":"#1"},"up":{"uv":[12,4,8,0],"texture":"#1"},"down":{"uv":[12,4,8,8],"texture":"#1"}}},{"name":"package","from":[16,-0.1,0],"to":[16,21.9,16],"faces":{"north":{"uv":[0,0,4,5.5],"texture":"#1"},"east":{"uv":[4,0,8,5.5],"texture":"#1"},"south":{"uv":[0,5.5,4,11],"texture":"#1"},"west":{"uv":[4,5.5,8,11],"texture":"#1"},"up":{"uv":[12,4,8,0],"texture":"#1"},"down":{"uv":[12,4,8,8],"texture":"#1"}}},{"name":"package","from":[0,-0.1,0],"to":[0,21.9,16],"faces":{"north":{"uv":[0,0,4,5.5],"texture":"#1"},"east":{"uv":[4,0,8,5.5],"texture":"#1"},"south":{"uv":[0,5.5,4,11],"texture":"#1"},"west":{"uv":[4,5.5,8,11],"texture":"#1"},"up":{"uv":[12,4,8,0],"texture":"#1"},"down":{"uv":[12,4,8,8],"texture":"#1"}}},{"from":[1,7.75,15.975],"to":[15,21.75,15.975],"rotation":{"angle":0,"axis":"y","origin":[7,0,6]},"faces":{"north":{"uv":[0.5,0.5,8,8],"texture":"#2"},"east":{"uv":[0,0,0,14],"texture":"#missing"},"south":{"uv":[8,0.5,0.5,8],"texture":"#2"},"west":{"uv":[0,0,0,14],"texture":"#missing"},"up":{"uv":[0,0,14,0],"texture":"#missing"},"down":{"uv":[0,0,14,0],"texture":"#missing"}}},{"from":[0.995,0.02,0.995],"to":[15.005,0.03,15.005],"rotation":{"angle":0,"axis":"x","origin":[8,14.75,8]},"faces":{"north":{"uv":[14,0,0,0],"rotation":180,"texture":"#missing"},"east":{"uv":[0,14,0,0],"rotation":270,"texture":"#missing"},"south":{"uv":[14,0,0,0],"texture":"#missing"},"west":{"uv":[0,14,0,0],"rotation":90,"texture":"#missing"},"up":{"uv":[8,8,15.5,15.5],"texture":"#2"},"down":{"uv":[15.5,8,8,15.5],"rotation":180,"texture":"#2"}}},{"from":[-0.5,3.75,0.5],"to":[2,6.25,0.5],"rotation":{"angle":45,"axis":"y","origin":[3,3,0]},"faces":{"north":{"uv":[3,11,0.5,13.5],"texture":"#2"},"east":{"uv":[0,0,0,6],"texture":"#missing"},"south":{"uv":[3,11,0.5,13.5],"texture":"#2"},"west":{"uv":[0,0,0,6],"texture":"#missing"},"up":{"uv":[0,0,6,0],"texture":"#missing"},"down":{"uv":[0,0,6,0],"texture":"#missing"}}},{"from":[14,10.75,0.5],"to":[16.5,13.25,0.5],"rotation":{"angle":-45,"axis":"y","origin":[13,3,0]},"faces":{"north":{"uv":[0.5,11,3,13.5],"texture":"#2"},"east":{"uv":[0,0,0,6],"texture":"#missing"},"south":{"uv":[0.5,11,3,13.5],"texture":"#2"},"west":{"uv":[0,0,0,6],"texture":"#missing"},"up":{"uv":[6,0,0,0],"texture":"#missing"},"down":{"uv":[6,0,0,0],"texture":"#missing"}}},{"from":[-0.5,17.75,15.5],"to":[2,20.25,15.5],"rotation":{"angle":-45,"axis":"y","origin":[3,10,16]},"faces":{"north":{"uv":[0.5,11,3,13.5],"texture":"#2"},"east":{"uv":[0,0,0,6],"texture":"#missing"},"south":{"uv":[0.5,11,3,13.5],"texture":"#2"},"west":{"uv":[0,0,0,6],"texture":"#missing"},"up":{"uv":[0,0,6,0],"texture":"#missing"},"down":{"uv":[0,0,6,0],"texture":"#missing"}}},{"from":[14,10.75,15.5],"to":[16.5,13.25,15.5],"rotation":{"angle":45,"axis":"y","origin":[13,10,16]},"faces":{"north":{"uv":[3,11,0.5,13.5],"texture":"#2"},"east":{"uv":[0,0,0,6],"texture":"#missing"},"south":{"uv":[3,11,0.5,13.5],"texture":"#2"},"west":{"uv":[0,0,0,6],"texture":"#missing"},"up":{"uv":[6,0,0,0],"texture":"#missing"},"down":{"uv":[6,0,0,0],"texture":"#missing"}}}],"gui_light":"front","display":{"thirdperson_righthand":{"rotation":[61.23,4.49,0.46],"translation":[0,1.75,0.75],"scale":[0.5,0.5,0.5]},"thirdperson_lefthand":{"rotation":[61.23,4.49,0.46],"translation":[0,1.75,0.75],"scale":[0.5,0.5,0.5]},"firstperson_righthand":{"rotation":[-166,53.68,171.1],"translation":[0.75,3.75,-0.75],"scale":[0.58336,0.58336,0.58336]},"firstperson_lefthand":{"rotation":[-166,53.68,171.1],"translation":[0.75,3.75,-0.75],"scale":[0.58336,0.58336,0.58336]},"ground":{"rotation":[68,0,0],"translation":[0,1.5,0],"scale":[0.5,0.5,0.5]},"gui":{"rotation":[-170,30,-180],"translation":[0,-2,0],"scale":[0.62,0.62,0.62]},"head":{"rotation":[7,180,1],"translation":[0,-60,11.25],"scale":[1.6,1.6,1.6]},"fixed":{"rotation":[-90,0,0],"translation":[0,-0.25,-16.25],"scale":[2,2,2]}}}