{"credit":"MadewithBlockbench","texture_size":[64,64],"textures":{"2":"elitecreatures:spooky_furniture_v1/chest_close","particle":"elitecreatures:spooky_furniture_v1/chest_close"},"elements":[{"name":"base","from":[1,0,1.25],"to":[15,10,15.25],"rotation":{"angle":0,"axis":"y","origin":[8,5,-4.75]},"faces":{"north":{"uv":[7,7,10.5,9.5],"texture":"#2"},"east":{"uv":[0,7.25,3.5,9.75],"texture":"#2"},"south":{"uv":[3.5,7.25,7,9.75],"texture":"#2"},"west":{"uv":[7,9.5,10.5,12],"texture":"#2"},"up":{"uv":[3.5,7.25,0,3.75],"texture":"#2"},"down":{"uv":[7,3.75,3.5,7.25],"texture":"#2"}}},{"name":"cover","from":[1,10,1.25],"to":[15,15,15.25],"rotation":{"angle":0,"axis":"y","origin":[8,10,-2.75]},"faces":{"north":{"uv":[0,9.75,3.5,11],"texture":"#2"},"east":{"uv":[3.5,9.75,7,11],"texture":"#2"},"south":{"uv":[10.5,0,14,1.25],"texture":"#2"},"west":{"uv":[10.5,1.25,14,2.5],"texture":"#2"},"up":{"uv":[10.5,3.5,7,0],"texture":"#2"},"down":{"uv":[10.5,3.5,7,7],"texture":"#2"}}},{"name":"lock","from":[7,8,15.25],"to":[9,12,16.25],"rotation":{"angle":0,"axis":"y","origin":[8,10,-2.75]},"faces":{"north":{"uv":[10.5,2.5,11,3.5],"texture":"#2"},"east":{"uv":[10.5,4.5,10.75,5.5],"texture":"#2"},"south":{"uv":[10.5,3.5,11,4.5],"texture":"#2"},"west":{"uv":[10.5,5.5,10.75,6.5],"texture":"#2"},"up":{"uv":[11,6.75,10.5,6.5],"texture":"#2"},"down":{"uv":[11,6.75,10.5,7],"texture":"#2"}}},{"from":[0.05,-0.85,0.65053],"to":[0.05,15.05,16.55053],"rotation":{"angle":0,"axis":"y","origin":[1.852,-2.07,13.83053]},"faces":{"north":{"uv":[0,0,0,3.75],"texture":"#2"},"east":{"uv":[4.875,12.25,1.375,16],"texture":"#2"},"south":{"uv":[0,0,0,3.75],"texture":"#2"},"west":{"uv":[1.375,12.25,4.875,16],"texture":"#2"},"up":{"uv":[0,3.5,0,0],"texture":"#2"},"down":{"uv":[0,0,0,3.5],"texture":"#2"}}},{"from":[15.95,-0.85,0.65053],"to":[15.95,15.05,16.55053],"rotation":{"angle":0,"axis":"y","origin":[1.852,-2.07,13.83053]},"faces":{"north":{"uv":[0,0,0,3.75],"texture":"#2"},"east":{"uv":[7.25,12.25,3.75,16],"texture":"#2"},"south":{"uv":[0,0,0,3.75],"texture":"#2"},"west":{"uv":[3.75,12.25,7.25,16],"texture":"#2"},"up":{"uv":[0,3.5,0,0],"texture":"#2"},"down":{"uv":[0,0,0,3.5],"texture":"#2"}}},{"from":[0.05,-0.85,16.54947],"to":[15.95,15.05,16.54947],"rotation":{"angle":0,"axis":"y","origin":[-2.706,-2.07,12.45147]},"faces":{"north":{"uv":[4.375,12.25,0.875,16],"texture":"#2"},"east":{"uv":[0,0,0,3.75],"texture":"#2"},"south":{"uv":[0.875,12.25,4.375,16],"texture":"#2"},"west":{"uv":[0,0,0,3.75],"texture":"#2"},"up":{"uv":[0,3.5,0,0],"rotation":270,"texture":"#2"},"down":{"uv":[0,0,0,3.5],"rotation":90,"texture":"#2"}}},{"from":[0.05,-0.85,0.65053],"to":[15.95,15.05,0.65053],"rotation":{"angle":0,"axis":"y","origin":[-2.706,-2.07,12.45253]},"faces":{"north":{"uv":[4.75,12.25,1.25,16],"texture":"#2"},"east":{"uv":[0,0,0,3.75],"texture":"#2"},"south":{"uv":[1.25,12.25,4.75,16],"texture":"#2"},"west":{"uv":[0,0,0,3.75],"texture":"#2"},"up":{"uv":[0,3.5,0,0],"rotation":270,"texture":"#2"},"down":{"uv":[0,0,0,3.5],"rotation":90,"texture":"#2"}}}],"gui_light":"front","display":{"thirdperson_righthand":{"rotation":[67.5,180,0],"translation":[0,2.25,0.25],"scale":[0.32031,0.32031,0.32031]},"thirdperson_lefthand":{"rotation":[67.5,180,0],"translation":[0,2.25,0.25],"scale":[0.32031,0.32031,0.32031]},"firstperson_righthand":{"rotation":[0,180,0],"translation":[0,3.25,0.25],"scale":[0.46875,0.46875,0.46875]},"firstperson_lefthand":{"rotation":[0,180,0],"translation":[0,3.25,0.25],"scale":[0.46875,0.46875,0.46875]},"ground":{"translation":[0,3,0],"scale":[0.5,0.5,0.5]},"gui":{"rotation":[30,45,0],"scale":[0.59,0.59,0.59]},"head":{"translation":[0,-30.25,0.75],"scale":[0,0,0]},"fixed":{"rotation":[-90,-180,0],"translation":[0,0.6,-18.25],"scale":[2.28711,2.28711,2.28711]}},"groups":[{"name":"all_chest_close","origin":[8,8,8],"color":0,"children":[{"name":"chest","origin":[8,10,-2.75],"color":0,"children":[0,1,2]},{"name":"chain","origin":[1.852,-2.07,-0.47947],"color":0,"children":[3,4,5,6]}]}]}