{"credit":"MadewithBlockbench","texture_size":[64,64],"textures":{"2":"elitecreatures:spooky_furniture_v1/pumpkin","3":"elitecreatures:spooky_furniture_v1/pumpkin_face-sheet","particle":"elitecreatures:spooky_furniture_v1/pumpkin"},"elements":[{"from":[7,11,7],"to":[9,14,9],"rotation":{"angle":0,"axis":"y","origin":[0,-8,1]},"faces":{"north":{"uv":[3,6,3.5,6.75],"texture":"#2"},"east":{"uv":[6,3,6.5,3.75],"texture":"#2"},"south":{"uv":[3.5,6,4,6.75],"texture":"#2"},"west":{"uv":[6,3.75,6.5,4.5],"texture":"#2"},"up":{"uv":[4.5,6.5,4,6],"texture":"#2"}}},{"name":"face","from":[2,0,1.99],"to":[14,12,1.99],"rotation":{"angle":0,"axis":"y","origin":[0,0,1.725]},"faces":{"north":{"uv":[0,0,6,6],"texture":"#3"},"east":{"uv":[0,0,0,6],"texture":"#3"},"south":{"uv":[0,6,6,12],"texture":"#3"},"west":{"uv":[0,0,0,6],"texture":"#3"},"up":{"uv":[6,0,0,0],"texture":"#3"},"down":{"uv":[6,0,0,0],"texture":"#3"}}},{"from":[2,0,2],"to":[14,12,14],"rotation":{"angle":0,"axis":"y","origin":[0,2,-1.5]},"faces":{"north":{"uv":[0,0,3,3],"texture":"#2"},"east":{"uv":[0,3,3,6],"texture":"#2"},"south":{"uv":[3,0,6,3],"texture":"#2"},"west":{"uv":[3,3,6,6],"texture":"#2"},"up":{"uv":[3,9,0,6],"texture":"#2"},"down":{"uv":[9,0,6,3],"texture":"#2"}}}],"gui_light":"front","display":{"thirdperson_righthand":{"rotation":[67.5,0,0],"translation":[0,2.25,0.75],"scale":[0.37039,0.37039,0.37039]},"thirdperson_lefthand":{"rotation":[67.5,0,0],"translation":[0,2.25,0.75],"scale":[0.37039,0.37039,0.37039]},"firstperson_righthand":{"translation":[-0.25,4.5,2.25],"scale":[0.44336,0.44336,0.44336]},"firstperson_lefthand":{"translation":[-0.25,4.5,2.25],"scale":[0.44336,0.44336,0.44336]},"ground":{"translation":[0,6.5,0],"scale":[0.69,0.69,0.69]},"gui":{"rotation":[30,225,0],"translation":[0,1,0],"scale":[0.67188,0.67188,0.67188]},"head":{"translation":[0,-30.25,0.75],"scale":[0,0,0]},"fixed":{"rotation":[-90,0,0],"translation":[-0.25,0,-15.75],"scale":[2,2,2]}},"groups":[{"name":"all_pumkin","origin":[8,8,8],"color":0,"children":[0,1,2]}]}