{"credit":"MadewithBlockbench","texture_size":[64,64],"textures":{"2":"galaxy_set:galaxy_set/galaxy_3","3":"galaxy_set:galaxy_set/galaxy_ani_1","4":"galaxy_set:galaxy_set/galaxy_2","5":"galaxy_set:galaxy_set/galaxy_1","particle":"galaxy_set:galaxy_set/galaxy_2"},"elements":[{"from":[9.5,0.6,1.8],"to":[16.5,8.6,1.8],"faces":{"north":{"uv":[7.25,9.625,5.5,11.625],"texture":"#5"},"east":{"uv":[0,0,0,3.25],"texture":"#5"},"south":{"uv":[5.5,9.625,7.25,11.625],"texture":"#5"},"west":{"uv":[0,0,0,1.75],"texture":"#5"},"up":{"uv":[0,0,1.75,0],"texture":"#5"},"down":{"uv":[0,0,1.75,0],"texture":"#5"}}},{"from":[-0.5,0.6,1.8],"to":[6.5,8.6,1.8],"rotation":{"angle":0,"axis":"y","origin":[16,0,0]},"faces":{"north":{"uv":[5.5,9.625,7.25,11.625],"texture":"#5"},"east":{"uv":[0,0,0,1.75],"texture":"#5"},"south":{"uv":[7.25,9.625,5.5,11.625],"texture":"#5"},"west":{"uv":[0,0,0,3.25],"texture":"#5"},"up":{"uv":[1.75,0,0,0],"texture":"#5"},"down":{"uv":[1.75,0,0,0],"texture":"#5"}}},{"from":[9.5,0.6,15.2],"to":[16.5,8.6,15.2],"rotation":{"angle":0,"axis":"y","origin":[0,0,16]},"faces":{"north":{"uv":[7.25,9.625,5.5,11.625],"texture":"#5"},"east":{"uv":[0,0,0,3.25],"texture":"#5"},"south":{"uv":[5.5,9.625,7.25,11.625],"texture":"#5"},"west":{"uv":[0,0,0,1.75],"texture":"#5"},"up":{"uv":[0,0,1.75,0],"texture":"#5"},"down":{"uv":[0,0,1.75,0],"texture":"#5"}}},{"from":[-0.5,0.6,15.2],"to":[6.5,8.6,15.2],"rotation":{"angle":0,"axis":"y","origin":[16,0,16]},"faces":{"north":{"uv":[5.5,9.625,7.25,11.625],"texture":"#5"},"east":{"uv":[0,0,0,1.75],"texture":"#5"},"south":{"uv":[7.25,9.625,5.5,11.625],"texture":"#5"},"west":{"uv":[0,0,0,3.25],"texture":"#5"},"up":{"uv":[1.75,0,0,0],"texture":"#5"},"down":{"uv":[1.75,0,0,0],"texture":"#5"}}},{"from":[17,11,2],"to":[17,16,15],"rotation":{"angle":0,"axis":"y","origin":[0,0,16]},"faces":{"north":{"uv":[0,0,0,5],"texture":"#4"},"east":{"uv":[8.125,3.875,11.375,5.125],"texture":"#4"},"south":{"uv":[0,0,0,5],"texture":"#4"},"west":{"uv":[11.375,3.875,8.125,5.125],"texture":"#4"},"up":{"uv":[0,0,0,13],"rotation":180,"texture":"#4"},"down":{"uv":[0,0,0,13],"rotation":180,"texture":"#4"}}},{"from":[-1,11,2],"to":[-1,16,15],"rotation":{"angle":0,"axis":"y","origin":[16,0,16]},"faces":{"north":{"uv":[0,0,0,5],"texture":"#4"},"east":{"uv":[8.125,3.875,11.375,5.125],"texture":"#4"},"south":{"uv":[0,0,0,5],"texture":"#4"},"west":{"uv":[11.375,3.875,8.125,5.125],"texture":"#4"},"up":{"uv":[0,0,0,13],"rotation":180,"texture":"#4"},"down":{"uv":[0,0,0,13],"rotation":180,"texture":"#4"}}},{"from":[0,11,3],"to":[16,14,14],"rotation":{"angle":0,"axis":"y","origin":[8,5,14]},"faces":{"north":{"uv":[7.5,4.875,8.25,8.875],"rotation":90,"texture":"#2"},"east":{"uv":[12.75,6.5,15.5,7.25],"rotation":180,"texture":"#2"},"south":{"uv":[6.625,4.875,7.375,8.875],"rotation":90,"texture":"#2"},"west":{"uv":[15.5,6.5,12.75,7.25],"rotation":180,"texture":"#2"},"up":{"uv":[8.5,4.875,12.5,7.625],"rotation":180,"texture":"#2"},"down":{"uv":[0,0,0,0],"rotation":270,"texture":"#2"}}},{"from":[0,5,16],"to":[16,28,16],"rotation":{"angle":0,"axis":"y","origin":[8,4,17]},"faces":{"north":{"uv":[2.125,5.875,6.125,0.125],"rotation":180,"texture":"#2"},"east":{"uv":[0,0,0,0],"rotation":180,"texture":"#2"},"south":{"uv":[2.125,0.125,6.125,5.875],"texture":"#2"},"west":{"uv":[8.5,4.875,12.5,7.625],"rotation":90,"texture":"#2"},"up":{"uv":[12.75,6.5,15.5,7.25],"rotation":90,"texture":"#2"},"down":{"uv":[15.5,6.5,12.75,7.25],"rotation":90,"texture":"#2"}}},{"from":[0,-1,14],"to":[16,22,14],"rotation":{"angle":0,"axis":"y","origin":[8,10.5,14]},"faces":{"north":{"uv":[2.125,5.875,6.125,0.125],"rotation":180,"texture":"#2"},"east":{"uv":[0,0,0,0],"rotation":180,"texture":"#2"},"south":{"uv":[2.125,0.125,6.125,5.875],"texture":"#2"},"west":{"uv":[8.5,4.875,12.5,7.625],"rotation":90,"texture":"#2"},"up":{"uv":[12.75,6.5,15.5,7.25],"rotation":90,"texture":"#2"},"down":{"uv":[15.5,6.5,12.75,7.25],"rotation":90,"texture":"#2"}}},{"from":[-4,4,14.45],"to":[12,27,14.45],"rotation":{"angle":45,"axis":"z","origin":[8,10.5,14]},"faces":{"north":{"uv":[2.125,5.875,6.125,0.125],"rotation":180,"texture":"#2"},"east":{"uv":[0,0,0,0],"rotation":180,"texture":"#2"},"south":{"uv":[2.125,0.125,6.125,5.875],"texture":"#2"},"west":{"uv":[8.5,4.875,12.5,7.625],"rotation":90,"texture":"#2"},"up":{"uv":[12.75,6.5,15.5,7.25],"rotation":90,"texture":"#2"},"down":{"uv":[15.5,6.5,12.75,7.25],"rotation":90,"texture":"#2"}}},{"from":[4,4,14.5],"to":[20,27,14.5],"rotation":{"angle":-45,"axis":"z","origin":[8,10.5,14]},"faces":{"north":{"uv":[6.125,5.875,2.125,0.125],"rotation":180,"texture":"#2"},"east":{"uv":[8.5,7.625,12.5,4.875],"rotation":90,"texture":"#2"},"south":{"uv":[6.125,0.125,2.125,5.875],"texture":"#2"},"west":{"uv":[0,0,0,0],"rotation":180,"texture":"#2"},"up":{"uv":[12.75,7.25,15.5,6.5],"rotation":90,"texture":"#2"},"down":{"uv":[15.5,7.25,12.75,6.5],"rotation":90,"texture":"#2"}}},{"from":[-16,2,14.75],"to":[7,18,14.75],"rotation":{"angle":-22.5,"axis":"z","origin":[-4.5,7,8.75]},"faces":{"north":{"uv":[5.75,4,11.5,8],"texture":"#5"},"east":{"uv":[12.5,4.875,8.5,7.625],"rotation":270,"texture":"#2"},"south":{"uv":[11.5,4,5.75,8],"texture":"#5"},"west":{"uv":[0,0,0,0],"texture":"#2"},"up":{"uv":[15.5,6.5,12.75,7.25],"rotation":270,"texture":"#2"},"down":{"uv":[12.75,6.5,15.5,7.25],"rotation":270,"texture":"#2"}}},{"from":[9,2,14.75],"to":[32,18,14.75],"rotation":{"angle":22.5,"axis":"z","origin":[20.5,7,8.75]},"faces":{"north":{"uv":[11.5,4,5.75,8],"texture":"#5"},"east":{"uv":[0,0,0,0],"texture":"#2"},"south":{"uv":[5.75,4,11.5,8],"texture":"#5"},"west":{"uv":[12.5,7.625,8.5,4.875],"rotation":270,"texture":"#2"},"up":{"uv":[15.5,7.25,12.75,6.5],"rotation":270,"texture":"#2"},"down":{"uv":[12.75,7.25,15.5,6.5],"rotation":270,"texture":"#2"}}},{"from":[-1,5,2],"to":[17,11,15],"rotation":{"angle":0,"axis":"y","origin":[8,5,14]},"faces":{"north":{"uv":[14.5,0,16,4.5],"rotation":90,"texture":"#2"},"east":{"uv":[12.75,4.875,16,6.375],"texture":"#2"},"south":{"uv":[13.375,7.375,14.875,11.875],"rotation":90,"texture":"#2"},"west":{"uv":[12.75,4.875,16,6.375],"texture":"#2"},"up":{"uv":[11,0,14.25,4.5],"rotation":90,"texture":"#2"},"down":{"uv":[11,0,14.25,4.5],"rotation":90,"texture":"#2"}}},{"from":[6,4,1.5],"to":[10,8,3],"rotation":{"angle":0,"axis":"y","origin":[8,5,14]},"faces":{"north":{"uv":[10.125,9,11.125,10],"texture":"#2"},"east":{"uv":[10.125,9,9.75,10],"texture":"#2"},"south":{"uv":[10.125,9,11.125,10],"texture":"#2"},"west":{"uv":[9.75,9,10.125,10],"texture":"#2"},"up":{"uv":[9.75,9,10.125,10],"rotation":90,"texture":"#2"},"down":{"uv":[10.125,9,9.75,10],"rotation":90,"texture":"#2"}}},{"from":[0,1,3],"to":[16,5,14],"rotation":{"angle":0,"axis":"y","origin":[16,-11,-6]},"faces":{"north":{"uv":[15,11.5,16,7.5],"rotation":90,"texture":"#2"},"east":{"uv":[8.5,7.75,11.25,8.75],"rotation":180,"texture":"#2"},"south":{"uv":[12.125,7.875,13.125,11.875],"rotation":90,"texture":"#2"},"west":{"uv":[8.5,7.75,11.25,8.75],"rotation":180,"texture":"#2"},"up":{"uv":[12,7.75,14.75,11.75],"rotation":90,"texture":"#2"},"down":{"uv":[12,7.75,14.75,11.75],"rotation":90,"texture":"#2"}}},{"from":[-0.5,0,1.5],"to":[16.5,1,15.5],"rotation":{"angle":0,"axis":"y","origin":[16,-11,-6]},"faces":{"north":{"uv":[6.875,0,7.125,4.25],"rotation":90,"texture":"#2"},"east":{"uv":[6.375,0,6.625,3.5],"rotation":90,"texture":"#2"},"south":{"uv":[6.875,0,7.125,4.25],"rotation":90,"texture":"#2"},"west":{"uv":[6.375,0,6.625,3.5],"rotation":90,"texture":"#2"},"up":{"uv":[7.375,0,10.875,4.25],"rotation":270,"texture":"#2"},"down":{"uv":[7.375,0,10.875,4.25],"rotation":270,"texture":"#2"}}},{"from":[4.5,14.25,4.7],"to":[11.4,14.25,11.6],"rotation":{"angle":-22.5,"axis":"y","origin":[8,14.25,8.2]},"faces":{"north":{"uv":[0,0,0,8],"rotation":270,"texture":"#3"},"east":{"uv":[8,0,0,0],"texture":"#3"},"south":{"uv":[0,0,0,8],"rotation":90,"texture":"#3"},"west":{"uv":[8,0,0,0],"rotation":180,"texture":"#3"},"up":{"uv":[8,8,16,16],"rotation":90,"texture":"#3"},"down":{"uv":[16,8,8,16],"rotation":270,"texture":"#3"}}},{"from":[4.5,14.25,4.7],"to":[11.4,14.25,11.6],"rotation":{"angle":45,"axis":"y","origin":[8,14.25,8.2]},"faces":{"north":{"uv":[8,0,0,0],"rotation":180,"texture":"#3"},"east":{"uv":[0,0,0,8],"rotation":270,"texture":"#3"},"south":{"uv":[8,0,0,0],"texture":"#3"},"west":{"uv":[0,0,0,8],"rotation":90,"texture":"#3"},"up":{"uv":[0,8,8,16],"rotation":180,"texture":"#3"},"down":{"uv":[8,8,0,16],"texture":"#3"}}},{"from":[4.5,14.25,4.7],"to":[11.4,14.25,11.6],"rotation":{"angle":22.5,"axis":"y","origin":[8,14.25,8.2]},"faces":{"north":{"uv":[8,0,0,0],"rotation":180,"texture":"#3"},"east":{"uv":[0,0,0,8],"rotation":270,"texture":"#3"},"south":{"uv":[8,0,0,0],"texture":"#3"},"west":{"uv":[0,0,0,8],"rotation":90,"texture":"#3"},"up":{"uv":[8,0,16,8],"rotation":180,"texture":"#3"},"down":{"uv":[16,0,8,8],"texture":"#3"}}},{"from":[4.5,14.25,4.7],"to":[11.4,14.25,11.6],"rotation":{"angle":0,"axis":"y","origin":[8,14.25,8.2]},"faces":{"north":{"uv":[8,0,0,0],"rotation":180,"texture":"#3"},"east":{"uv":[0,0,0,8],"rotation":270,"texture":"#3"},"south":{"uv":[8,0,0,0],"texture":"#3"},"west":{"uv":[0,0,0,8],"rotation":90,"texture":"#3"},"up":{"uv":[0,0,8,8],"rotation":180,"texture":"#3"},"down":{"uv":[8,0,0,8],"texture":"#3"}}},{"from":[4.5,2.6,1.7],"to":[11.4,9.5,1.7],"rotation":{"angle":-22.5,"axis":"z","origin":[8,6,1.7]},"faces":{"north":{"uv":[16,8,8,16],"rotation":90,"texture":"#3"},"east":{"uv":[8,0,0,0],"rotation":270,"texture":"#3"},"south":{"uv":[8,8,16,16],"rotation":90,"texture":"#3"},"west":{"uv":[8,0,0,0],"rotation":270,"texture":"#3"},"up":{"uv":[0,0,0,8],"rotation":90,"texture":"#3"},"down":{"uv":[0,0,0,8],"rotation":90,"texture":"#3"}}},{"from":[4.5,2.6,1.7],"to":[11.4,9.5,1.7],"rotation":{"angle":45,"axis":"z","origin":[8,6,1.7]},"faces":{"north":{"uv":[8,8,0,16],"rotation":180,"texture":"#3"},"east":{"uv":[0,0,0,8],"rotation":180,"texture":"#3"},"south":{"uv":[0,8,8,16],"rotation":180,"texture":"#3"},"west":{"uv":[0,0,0,8],"rotation":180,"texture":"#3"},"up":{"uv":[8,0,0,0],"texture":"#3"},"down":{"uv":[8,0,0,0],"texture":"#3"}}},{"from":[4.5,2.6,1.7],"to":[11.4,9.5,1.7],"rotation":{"angle":22.5,"axis":"z","origin":[8,6,1.7]},"faces":{"north":{"uv":[16,0,8,8],"rotation":180,"texture":"#3"},"east":{"uv":[0,0,0,8],"rotation":180,"texture":"#3"},"south":{"uv":[8,0,16,8],"rotation":180,"texture":"#3"},"west":{"uv":[0,0,0,8],"rotation":180,"texture":"#3"},"up":{"uv":[8,0,0,0],"texture":"#3"},"down":{"uv":[8,0,0,0],"texture":"#3"}}},{"from":[4.5,2.6,1.7],"to":[11.4,9.5,1.7],"rotation":{"angle":0,"axis":"y","origin":[8,6,1.7]},"faces":{"north":{"uv":[8,0,0,8],"rotation":180,"texture":"#3"},"east":{"uv":[0,0,0,8],"rotation":180,"texture":"#3"},"south":{"uv":[0,0,8,8],"rotation":180,"texture":"#3"},"west":{"uv":[0,0,0,8],"rotation":180,"texture":"#3"},"up":{"uv":[8,0,0,0],"texture":"#3"},"down":{"uv":[8,0,0,0],"texture":"#3"}}}],"gui_light":"front","display":{"thirdperson_righthand":{"rotation":[43.75,0,0],"translation":[0,3.75,1.75],"scale":[0.40852,0.40852,0.40852]},"thirdperson_lefthand":{"rotation":[43.75,0,0],"translation":[0,3.75,1.75],"scale":[0.40852,0.40852,0.40852]},"firstperson_righthand":{"rotation":[-162.49,60.68,158.82],"translation":[-3,4,1.75],"scale":[0.41602,0.41602,0.41602]},"firstperson_lefthand":{"rotation":[-162.49,60.68,158.82],"translation":[-3,4,1.75],"scale":[0.41602,0.41602,0.41602]},"ground":{"translation":[0,7.75,0],"scale":[0.83203,0.83203,0.83203]},"gui":{"rotation":[13,163,0],"translation":[-0.75,-2.25,-2],"scale":[0.39844,0.39844,0.39844]},"head":{"translation":[0,-28.75,-1.25],"scale":[1.65,1.65,1.65]},"fixed":{"rotation":[-90,0,0],"translation":[-0.25,-2.75,-17.75],"scale":[2.125,2.125,2.125]}},"groups":[{"name":"Chest","origin":[1,11,8],"color":0,"nbt":"{}","armAnimationEnabled":false,"children":[{"name":"Chain","origin":[17.5,8,8.5],"color":0,"nbt":"{}","armAnimationEnabled":false,"children":[0,1,2,3]},{"name":"group","origin":[-3,0,7.5],"color":0,"nbt":"{}","armAnimationEnabled":false,"children":[4,5]},6,7,8,9,10,11,12,13,14,15,16]},{"name":"GaLaxy","origin":[8,14.58,8],"color":0,"nbt":"{}","armAnimationEnabled":false,"children":[17,18,19,20]},{"name":"GaLaxy","origin":[8,14.58,8],"color":0,"nbt":"{}","armAnimationEnabled":false,"children":[21,22,23,24]}]}