{"credit":"MadewithBlockbench","texture_size":[32,32],"textures":{"1":"galaxy_set:galaxy_set/galaxy_ani_2","2":"galaxy_set:galaxy_set/galaxy_1","particle":"galaxy_set:galaxy_set/galaxy_1"},"elements":[{"from":[7,-3.5,8.75],"to":[9,7.5,10.65],"rotation":{"angle":0,"axis":"y","origin":[8,8,8]},"faces":{"north":{"uv":[14,4.25,14.5,7],"texture":"#2"},"east":{"uv":[13.375,4.25,13.85,7],"texture":"#2"},"south":{"uv":[15.25,4.25,15.75,7],"texture":"#2"},"west":{"uv":[13.85,4.25,13.375,7],"texture":"#2"},"up":{"uv":[12.25,6.1,12.75,5.625],"rotation":180,"texture":"#2"},"down":{"uv":[12.25,5.625,12.75,6.1],"rotation":180,"texture":"#2"}}},{"from":[8,7.5,6.75],"to":[8,24.5,12.75],"rotation":{"angle":0,"axis":"y","origin":[8,8,8]},"faces":{"north":{"uv":[0,0,0,7.25],"texture":"#2"},"east":{"uv":[13.375,0,11.875,4.25],"texture":"#2"},"south":{"uv":[0,0,0,7.25],"texture":"#2"},"west":{"uv":[11.875,0,13.375,4.25],"texture":"#2"},"up":{"uv":[0,0,1.5,0],"rotation":270,"texture":"#2"},"down":{"uv":[0,0,1.5,0],"rotation":90,"texture":"#2"}}},{"from":[6,2.77297,5.24784],"to":[10,6.77297,9.24784],"rotation":{"angle":-45,"axis":"x","origin":[8,8,8]},"faces":{"north":{"uv":[11.5,7.625,12.5,8.625],"texture":"#2"},"east":{"uv":[11.5,7.625,12.5,8.625],"texture":"#2"},"south":{"uv":[11.5,7.625,12.5,8.625],"texture":"#2"},"west":{"uv":[11.5,7.625,12.5,8.625],"texture":"#2"},"up":{"uv":[11.5,7.625,12.5,8.625],"rotation":270,"texture":"#2"},"down":{"uv":[11.5,7.625,12.5,8.625],"rotation":90,"texture":"#2"}}},{"from":[5.5,6.74074,10.73414],"to":[6.5,7.74074,11.73414],"rotation":{"angle":45,"axis":"x","origin":[8,8,8]},"faces":{"north":{"uv":[3,9,2.75,9.25],"texture":"#2"},"east":{"uv":[2.75,9,3,9.25],"texture":"#2"},"south":{"uv":[3,9,2.75,9.25],"texture":"#2"},"west":{"uv":[2.75,9,3,9.25],"texture":"#2"},"up":{"uv":[2.75,9,3,9.25],"texture":"#2"},"down":{"uv":[3,9.25,2.75,9],"texture":"#2"}}},{"from":[9.5,6.74074,10.73414],"to":[10.5,7.74074,11.73414],"rotation":{"angle":45,"axis":"x","origin":[8,8,8]},"faces":{"north":{"uv":[3,9,2.75,9.25],"texture":"#2"},"east":{"uv":[2.75,9,3,9.25],"texture":"#2"},"south":{"uv":[3,9,2.75,9.25],"texture":"#2"},"west":{"uv":[2.75,9,3,9.25],"texture":"#2"},"up":{"uv":[2.75,9,3,9.25],"texture":"#2"},"down":{"uv":[3,9.25,2.75,9],"texture":"#2"}}},{"from":[8,7.5,2.75],"to":[8,23.5,18.75],"rotation":{"angle":0,"axis":"y","origin":[8,8,8]},"faces":{"north":{"uv":[0,0,0,16],"texture":"#1"},"east":{"uv":[0,0,16,16],"texture":"#1"},"south":{"uv":[0,0,0,16],"texture":"#1"},"west":{"uv":[16,0,0,16],"texture":"#1"},"up":{"uv":[0,0,16,0],"rotation":270,"texture":"#1"},"down":{"uv":[0,0,16,0],"rotation":90,"texture":"#1"}}},{"from":[8,-7.5,1.75],"to":[8,7.5,8.75],"rotation":{"angle":0,"axis":"y","origin":[8,8,8]},"faces":{"north":{"uv":[0,0,0,1.875],"texture":"#2"},"east":{"uv":[14.25,0,16,3.75],"texture":"#2"},"south":{"uv":[0,0,0,1.875],"texture":"#2"},"west":{"uv":[16,0,14.25,3.75],"texture":"#2"},"up":{"uv":[0,0,0.875,0],"rotation":270,"texture":"#2"},"down":{"uv":[0,0,0.875,0],"rotation":90,"texture":"#2"}}}],"gui_light":"front","display":{"thirdperson_righthand":{"rotation":[-0.4,4.37,10.63],"translation":[-1,3,0.25],"scale":[0.72688,0.72688,0.72688]},"thirdperson_lefthand":{"rotation":[-0.4,4.37,10.63],"translation":[-1,3,0.25],"scale":[0.72688,0.72688,0.72688]},"firstperson_righthand":{"rotation":[-9.96,-0.99,5.68],"translation":[0.5,3.5,0],"scale":[0.55273,0.55273,0.55273]},"firstperson_lefthand":{"rotation":[-9.96,-0.99,5.68],"translation":[0.5,3.5,0],"scale":[0.55273,0.55273,0.55273]},"ground":{"rotation":[6.45,-26.56,92.07],"translation":[0,0.75,0],"scale":[0.60547,0.60547,0.60547]},"gui":{"rotation":[88,135,-88],"translation":[0,-1.25,-2],"scale":[0.5293,0.5293,0.5293]},"head":{"rotation":[-92.83,-13.5,89.36],"translation":[7.5,9.5,2.75],"scale":[0.825,0.825,0.825]},"fixed":{"rotation":[0,90,0],"translation":[-0.25,-1,-2],"scale":[1.36016,1.36016,1.36016]}},"groups":[{"name":"Dragger","origin":[8,15,10],"color":0,"nbt":"{}","armAnimationEnabled":false,"children":[0,1,2,3,4]},{"name":"Parrticles","origin":[8,8,8],"color":0,"nbt":"{}","armAnimationEnabled":false,"children":[5,6]}]}