{"credit":"MadewithBlockbench","texture_size":[64,64],"textures":{"1":"galaxy_set:galaxy_set/galaxy_1","2":"galaxy_set:galaxy_set/galaxy_ani_2","particle":"galaxy_set:galaxy_set/galaxy_1"},"elements":[{"from":[8,-15.5,9.03282],"to":[8,-0.5,16.03282],"rotation":{"angle":0,"axis":"y","origin":[8,8,8]},"faces":{"north":{"uv":[0,0,0,3.75],"texture":"#1"},"east":{"uv":[16,0,14.25,3.75],"texture":"#1"},"south":{"uv":[0,0,0,3.75],"texture":"#1"},"west":{"uv":[14.25,0,16,3.75],"texture":"#1"},"up":{"uv":[0,0,1.75,0],"rotation":90,"texture":"#1"},"down":{"uv":[0,0,1.75,0],"rotation":270,"texture":"#1"}}},{"from":[8,-15.5,0.03282],"to":[8,-0.5,7.03282],"rotation":{"angle":0,"axis":"y","origin":[8,8,8]},"faces":{"north":{"uv":[0,0,0,3.75],"texture":"#1"},"east":{"uv":[14.25,0,16,3.75],"texture":"#1"},"south":{"uv":[0,0,0,3.75],"texture":"#1"},"west":{"uv":[16,0,14.25,3.75],"texture":"#1"},"up":{"uv":[1.75,0,0,0],"rotation":90,"texture":"#1"},"down":{"uv":[1.75,0,0,0],"rotation":270,"texture":"#1"}}},{"from":[8,18.80025,8.61334],"to":[8,24.80025,18.61334],"rotation":{"angle":22.5,"axis":"x","origin":[8,8,8]},"faces":{"north":{"uv":[4,2.25,4,3.75],"texture":"#1"},"east":{"uv":[5.125,12.625,3.625,10.125],"rotation":270,"texture":"#1"},"south":{"uv":[4,2.25,4,3.75],"texture":"#1"},"west":{"uv":[5.125,10.125,3.625,12.625],"rotation":270,"texture":"#1"},"up":{"uv":[4,0,4,2.5],"rotation":180,"texture":"#1"},"down":{"uv":[4,0,4,2.5],"texture":"#1"}}},{"from":[8,18.70635,-2.65224],"to":[8,24.70635,7.34776],"rotation":{"angle":-22.5,"axis":"x","origin":[8,8,8]},"faces":{"north":{"uv":[4,2.25,4,3.75],"texture":"#1"},"east":{"uv":[5.125,10.125,3.625,12.625],"rotation":270,"texture":"#1"},"south":{"uv":[4,2.25,4,3.75],"texture":"#1"},"west":{"uv":[5.125,12.625,3.625,10.125],"rotation":270,"texture":"#1"},"up":{"uv":[4,2.5,4,0],"rotation":180,"texture":"#1"},"down":{"uv":[4,2.5,4,0],"texture":"#1"}}},{"from":[8,16.5,1.03282],"to":[8,23.5,15.03282],"rotation":{"angle":0,"axis":"y","origin":[8,8,8]},"faces":{"north":{"uv":[0,6.5,0,8.25],"texture":"#1"},"east":{"uv":[3.5,14.875,0,13.125],"texture":"#1"},"south":{"uv":[0,6.5,0,8.25],"texture":"#1"},"west":{"uv":[0,14.875,3.5,13.125],"texture":"#1"},"up":{"uv":[0,4.25,0,7.75],"rotation":180,"texture":"#1"},"down":{"uv":[0,4.25,0,7.75],"texture":"#1"}}},{"from":[8.4,-2.1,-4.76718],"to":[8.4,18.7,16.03282],"rotation":{"angle":0,"axis":"y","origin":[8,8,8]},"faces":{"north":{"uv":[0,0,0,8],"texture":"#2"},"east":{"uv":[16,0,0,16],"texture":"#2"},"south":{"uv":[0,0,0,8],"texture":"#2"},"west":{"uv":[0,0,16,16],"texture":"#2"},"up":{"uv":[0,0,8,0],"rotation":270,"texture":"#2"},"down":{"uv":[0,0,8,0],"rotation":90,"texture":"#2"}}},{"from":[7,-3.5,7.03282],"to":[9,9.5,9.03282],"rotation":{"angle":0,"axis":"y","origin":[8,8,8]},"faces":{"north":{"uv":[15.25,7.375,15.75,10.625],"rotation":180,"texture":"#1"},"east":{"uv":[15.25,7.375,15.75,10.625],"rotation":180,"texture":"#1"},"south":{"uv":[15.75,7.375,15.25,10.625],"rotation":180,"texture":"#1"},"west":{"uv":[15.75,7.375,15.25,10.625],"rotation":180,"texture":"#1"},"up":{"uv":[15.75,10.875,15.25,11.375],"rotation":90,"texture":"#1"},"down":{"uv":[15.75,10.875,15.25,11.375],"rotation":270,"texture":"#1"}}},{"from":[7,13.5,7.03282],"to":[9,23.5,9.03282],"rotation":{"angle":0,"axis":"y","origin":[8,8,8]},"faces":{"north":{"uv":[15.25,4.25,15.75,6.75],"texture":"#1"},"east":{"uv":[15.75,7.875,15.25,10.375],"rotation":180,"texture":"#1"},"south":{"uv":[15.25,4.25,15.75,6.75],"texture":"#1"},"west":{"uv":[15.25,7.875,15.75,10.375],"rotation":180,"texture":"#1"},"up":{"uv":[15.75,10.875,15.25,11.375],"rotation":90,"texture":"#1"},"down":{"uv":[15.75,10.875,15.25,11.375],"rotation":270,"texture":"#1"}}},{"from":[6,-7.5,6.03282],"to":[10,-3.5,10.03282],"rotation":{"angle":0,"axis":"y","origin":[8,8,8]},"faces":{"north":{"uv":[15,15,16,16],"rotation":180,"texture":"#1"},"east":{"uv":[15,15,16,16],"rotation":180,"texture":"#1"},"south":{"uv":[15,15,16,16],"rotation":180,"texture":"#1"},"west":{"uv":[15,15,16,16],"rotation":180,"texture":"#1"},"up":{"uv":[16,15,15,16],"rotation":90,"texture":"#1"},"down":{"uv":[16,15,15,16],"rotation":270,"texture":"#1"}}},{"from":[9.5,9.89431,9.94072],"to":[10.5,10.89431,10.94072],"rotation":{"angle":-45,"axis":"x","origin":[8,8,8]},"faces":{"north":{"uv":[2.75,9,3,9.25],"texture":"#1"},"east":{"uv":[3,9,2.75,9.25],"texture":"#1"},"south":{"uv":[2.75,9,3,9.25],"texture":"#1"},"west":{"uv":[3,9,2.75,9.25],"texture":"#1"},"up":{"uv":[3,9,2.75,9.25],"rotation":180,"texture":"#1"},"down":{"uv":[2.75,9.25,3,9],"rotation":180,"texture":"#1"}}},{"from":[5.5,9.89431,9.94072],"to":[6.5,10.89431,10.94072],"rotation":{"angle":-45,"axis":"x","origin":[8,8,8]},"faces":{"north":{"uv":[3,9,2.75,9.25],"texture":"#1"},"east":{"uv":[2.75,9,3,9.25],"texture":"#1"},"south":{"uv":[3,9,2.75,9.25],"texture":"#1"},"west":{"uv":[2.75,9,3,9.25],"texture":"#1"},"up":{"uv":[2.75,9,3,9.25],"rotation":180,"texture":"#1"},"down":{"uv":[3,9.25,2.75,9],"rotation":180,"texture":"#1"}}},{"from":[6,23.5,0.83282],"to":[10,24.5,15.23282],"rotation":{"angle":0,"axis":"y","origin":[8,8,8]},"faces":{"north":{"uv":[4,2.25,5,2.5],"texture":"#1"},"east":{"uv":[14.875,7.375,15.125,10.875],"rotation":270,"texture":"#1"},"south":{"uv":[4,2.25,5,2.5],"texture":"#1"},"west":{"uv":[15.125,7.375,14.875,10.875],"rotation":270,"texture":"#1"},"up":{"uv":[4,0,5,3.5],"rotation":180,"texture":"#1"},"down":{"uv":[4,0,5,3.5],"texture":"#1"}}},{"from":[6,24.98113,2.49372],"to":[10,25.98113,7.69372],"rotation":{"angle":-22.5,"axis":"x","origin":[8,8,8]},"faces":{"north":{"uv":[5,2.25,4,2.5],"texture":"#1"},"east":{"uv":[14.875,8.625,15.125,7.375],"rotation":270,"texture":"#1"},"south":{"uv":[5,2.25,4,2.5],"texture":"#1"},"west":{"uv":[15.125,8.625,14.875,7.375],"rotation":270,"texture":"#1"},"up":{"uv":[4,1.25,5,0],"rotation":180,"texture":"#1"},"down":{"uv":[4,1.25,5,0],"texture":"#1"}}},{"from":[6,25.00625,8.36693],"to":[10,26.00625,13.56693],"rotation":{"angle":22.5,"axis":"x","origin":[8,8,8]},"faces":{"north":{"uv":[4,2.25,5,2.5],"texture":"#1"},"east":{"uv":[14.875,7.375,15.125,8.625],"rotation":270,"texture":"#1"},"south":{"uv":[4,2.25,5,2.5],"texture":"#1"},"west":{"uv":[15.125,7.375,14.875,8.625],"rotation":270,"texture":"#1"},"up":{"uv":[4,0,5,1.25],"rotation":180,"texture":"#1"},"down":{"uv":[4,0,5,1.25],"texture":"#1"}}},{"from":[6,8.44783,3.59859],"to":[10,12.44783,7.59859],"rotation":{"angle":45,"axis":"x","origin":[8,8,8]},"faces":{"north":{"uv":[11.5,7.625,12.5,8.625],"texture":"#1"},"east":{"uv":[11.5,7.625,12.5,8.625],"texture":"#1"},"south":{"uv":[11.5,7.625,12.5,8.625],"texture":"#1"},"west":{"uv":[11.5,7.625,12.5,8.625],"texture":"#1"},"up":{"uv":[11.5,7.625,12.5,8.625],"rotation":90,"texture":"#1"},"down":{"uv":[11.5,7.625,12.5,8.625],"rotation":270,"texture":"#1"}}},{"from":[6.1,10.5,8.03282],"to":[6.1,23.5,15.03282],"rotation":{"angle":0,"axis":"y","origin":[8,8,8]},"faces":{"north":{"uv":[0,0,0,3.25],"texture":"#1"},"east":{"uv":[7.25,9.625,5.5,12.875],"texture":"#1"},"south":{"uv":[0,0,0,3.25],"texture":"#1"},"west":{"uv":[5.5,9.625,7.25,12.875],"texture":"#1"},"up":{"uv":[0,0,1.75,0],"rotation":90,"texture":"#1"},"down":{"uv":[0,0,1.75,0],"rotation":270,"texture":"#1"}}},{"from":[6.1,10.5,1.03282],"to":[6.1,23.5,8.03282],"rotation":{"angle":0,"axis":"y","origin":[8,8,8]},"faces":{"north":{"uv":[0,0,0,3.25],"texture":"#1"},"east":{"uv":[5.5,9.625,7.25,12.875],"texture":"#1"},"south":{"uv":[0,0,0,3.25],"texture":"#1"},"west":{"uv":[7.25,9.625,5.5,12.875],"texture":"#1"},"up":{"uv":[1.75,0,0,0],"rotation":90,"texture":"#1"},"down":{"uv":[1.75,0,0,0],"rotation":270,"texture":"#1"}}},{"from":[9.9,10.5,1.03282],"to":[9.9,23.5,8.03282],"rotation":{"angle":0,"axis":"y","origin":[8,8,8]},"faces":{"north":{"uv":[0,0,0,3.25],"texture":"#1"},"east":{"uv":[5.5,9.625,7.25,12.875],"texture":"#1"},"south":{"uv":[0,0,0,3.25],"texture":"#1"},"west":{"uv":[7.25,9.625,5.5,12.875],"texture":"#1"},"up":{"uv":[1.75,0,0,0],"rotation":90,"texture":"#1"},"down":{"uv":[1.75,0,0,0],"rotation":270,"texture":"#1"}}},{"from":[9.9,10.5,8.03282],"to":[9.9,23.5,15.03282],"rotation":{"angle":0,"axis":"y","origin":[8,8,8]},"faces":{"north":{"uv":[0,0,0,3.25],"texture":"#1"},"east":{"uv":[7.25,9.625,5.5,12.875],"texture":"#1"},"south":{"uv":[0,0,0,3.25],"texture":"#1"},"west":{"uv":[5.5,9.625,7.25,12.875],"texture":"#1"},"up":{"uv":[0,0,1.75,0],"rotation":90,"texture":"#1"},"down":{"uv":[0,0,1.75,0],"rotation":270,"texture":"#1"}}}],"gui_light":"front","display":{"thirdperson_righthand":{"rotation":[-0.15,2.57,6.21],"translation":[-0.75,0.5,1.5],"scale":[0.60625,0.60625,0.60625]},"thirdperson_lefthand":{"rotation":[-0.15,2.57,6.21],"translation":[-0.75,0.5,1.5],"scale":[0.60625,0.60625,0.60625]},"firstperson_righthand":{"rotation":[-13.23,0.31,5.21],"translation":[1,2.25,0.25],"scale":[0.5,0.5,0.5]},"firstperson_lefthand":{"rotation":[-13.23,0.31,5.21],"translation":[1,2.25,0.25],"scale":[0.5,0.5,0.5]},"ground":{"rotation":[6.45,-26.56,92.07],"translation":[0,0.75,0],"scale":[0.5,0.5,0.5]},"gui":{"rotation":[88,135,-88],"translation":[0.75,-0.25,-2],"scale":[0.35352,0.35352,0.35352]},"head":{"rotation":[-92.83,-13.5,89.36],"translation":[7.5,16,2.75],"scale":[0.7,0.7,0.7]},"fixed":{"rotation":[0,90,0],"translation":[-0.25,-1,-2],"scale":[1.1668,1.1668,1.1668]}},"groups":[{"name":"Particles","origin":[15,8,12],"color":0,"nbt":"{}","armAnimationEnabled":false,"children":[0,1,2,3,4,5]},{"name":"Pickaxe","origin":[8,21,8],"color":0,"nbt":"{}","armAnimationEnabled":false,"children":[6,7,8,9,10,11,12,13,14,{"name":"group","origin":[0,0,0],"color":0,"nbt":"{}","armAnimationEnabled":false,"children":[15,16,17,18]}]}]}