{"credit":"MadewithBlockbench","texture_size":[64,64],"textures":{"2":"galaxy_set:galaxy_set/galaxy_3","3":"galaxy_set:galaxy_set/galaxy_ani_2","4":"galaxy_set:galaxy_set/galaxy_2","5":"galaxy_set:galaxy_set/galaxy_1","particle":"galaxy_set:galaxy_set/galaxy_1"},"elements":[{"from":[9,9,8.9],"to":[21,21,8.9],"rotation":{"angle":0,"axis":"y","origin":[14,10,9]},"faces":{"north":{"uv":[0,10,3,13],"texture":"#5"},"east":{"uv":[0,0,0,3],"texture":"#5"},"south":{"uv":[3,10,0,13],"texture":"#5"},"west":{"uv":[0,0,0,3],"texture":"#5"},"up":{"uv":[3,0,0,0],"texture":"#5"},"down":{"uv":[3,0,0,0],"texture":"#5"}}},{"from":[9,9,8.9],"to":[21,21,8.9],"rotation":{"angle":0,"axis":"y","origin":[14,10,9]},"faces":{"north":{"uv":[0,10,3,13],"texture":"#5"},"east":{"uv":[0,0,0,3],"texture":"#5"},"south":{"uv":[3,10,0,13],"texture":"#5"},"west":{"uv":[0,0,0,3],"texture":"#5"},"up":{"uv":[3,0,0,0],"texture":"#5"},"down":{"uv":[3,0,0,0],"texture":"#5"}}},{"from":[-5,9,7.9],"to":[7,21,7.9],"rotation":{"angle":0,"axis":"y","origin":[2,10,9]},"faces":{"north":{"uv":[3,10,0,13],"texture":"#5"},"east":{"uv":[0,0,0,3],"texture":"#5"},"south":{"uv":[0,10,3,13],"texture":"#5"},"west":{"uv":[0,0,0,3],"texture":"#5"},"up":{"uv":[0,0,3,0],"texture":"#5"},"down":{"uv":[0,0,3,0],"texture":"#5"}}},{"from":[0,-16,8],"to":[7,-1,8],"rotation":{"angle":0,"axis":"y","origin":[16,0,0]},"faces":{"north":{"uv":[14.25,0,16,3.75],"texture":"#5"},"east":{"uv":[0,0,0,3.75],"texture":"#5"},"south":{"uv":[16,0,14.25,3.75],"texture":"#5"},"west":{"uv":[0,0,0,3.75],"texture":"#5"},"up":{"uv":[1.75,0,0,0],"texture":"#5"},"down":{"uv":[1.75,0,0,0],"texture":"#5"}}},{"from":[9,-16,8],"to":[16,-1,8],"faces":{"north":{"uv":[16,0,14.25,3.75],"texture":"#5"},"east":{"uv":[0,0,0,3.75],"texture":"#5"},"south":{"uv":[14.25,0,16,3.75],"texture":"#5"},"west":{"uv":[0,0,0,3.75],"texture":"#5"},"up":{"uv":[0,0,1.75,0],"texture":"#5"},"down":{"uv":[0,0,1.75,0],"texture":"#5"}}},{"from":[-2.4,-2.6,8],"to":[18.4,18.2,8],"rotation":{"angle":0,"axis":"y","origin":[2.8,0,2.8]},"faces":{"north":{"uv":[16,0,0,16],"texture":"#3"},"east":{"uv":[0,0,0,8],"texture":"#3"},"south":{"uv":[0,0,16,16],"texture":"#3"},"west":{"uv":[0,0,0,8],"texture":"#3"},"up":{"uv":[0,0,8,0],"texture":"#3"},"down":{"uv":[0,0,8,0],"texture":"#3"}}},{"from":[7,-4,7],"to":[9,9,9],"faces":{"north":{"uv":[15.25,7.375,15.75,10.625],"rotation":180,"texture":"#5"},"east":{"uv":[15.25,7.375,15.75,10.625],"rotation":180,"texture":"#5"},"south":{"uv":[15.25,7.375,15.75,10.625],"rotation":180,"texture":"#5"},"west":{"uv":[15.25,7.375,15.75,10.625],"rotation":180,"texture":"#5"},"up":{"uv":[15.75,10.875,15.25,11.375],"texture":"#5"},"down":{"uv":[15.75,10.875,15.25,11.375],"texture":"#5"}}},{"from":[8.2,17.2,9.5],"to":[9.2,18.2,10.5],"rotation":{"angle":45,"axis":"z","origin":[8,17,6]},"faces":{"north":{"uv":[3,9,2.75,9.25],"texture":"#5"},"east":{"uv":[2.75,9,3,9.25],"texture":"#5"},"south":{"uv":[3,9,2.75,9.25],"texture":"#5"},"west":{"uv":[2.75,9,3,9.25],"texture":"#5"},"up":{"uv":[3,9,2.75,9.25],"rotation":90,"texture":"#5"},"down":{"uv":[2.75,9.25,3,9],"rotation":270,"texture":"#5"}}},{"from":[7,9,7],"to":[9,19,9],"rotation":{"angle":0,"axis":"y","origin":[8,12,8]},"faces":{"north":{"uv":[15.75,7.875,15.25,10.375],"texture":"#5"},"east":{"uv":[15.25,4.25,15.75,6.75],"rotation":180,"texture":"#5"},"south":{"uv":[15.25,7.875,15.75,10.375],"texture":"#5"},"west":{"uv":[15.25,4.25,15.75,6.75],"rotation":180,"texture":"#5"},"up":{"uv":[15.75,10.875,15.25,11.375],"rotation":180,"texture":"#5"},"down":{"uv":[15.75,10.875,15.25,11.375],"rotation":180,"texture":"#5"}}},{"from":[6,-7,6],"to":[10,-3,10],"faces":{"north":{"uv":[15,15,16,16],"rotation":180,"texture":"#5"},"east":{"uv":[15,15,16,16],"rotation":180,"texture":"#5"},"south":{"uv":[15,15,16,16],"rotation":180,"texture":"#5"},"west":{"uv":[15,15,16,16],"rotation":180,"texture":"#5"},"up":{"uv":[16,15,15,16],"texture":"#5"},"down":{"uv":[16,15,15,16],"texture":"#5"}}},{"from":[3,19,8],"to":[13,30,8],"faces":{"north":{"uv":[7.625,9.5,10.125,12.25],"texture":"#4"},"east":{"uv":[0,0,0.25,2.75],"texture":"#4"},"south":{"uv":[7.625,9.5,10.125,12.25],"texture":"#4"},"west":{"uv":[0,0,0.25,2.75],"texture":"#4"},"up":{"uv":[0,0,2.25,0.25],"texture":"#4"},"down":{"uv":[0,0,2.25,0.25],"texture":"#4"}}},{"from":[6,16,6],"to":[10,20,10],"rotation":{"angle":-45,"axis":"z","origin":[8,18,2]},"faces":{"north":{"uv":[11.5,7.625,12.5,8.625],"texture":"#5"},"east":{"uv":[11.5,7.625,12.5,8.625],"texture":"#5"},"south":{"uv":[11.5,7.625,12.5,8.625],"texture":"#5"},"west":{"uv":[11.5,7.625,12.5,8.625],"texture":"#5"},"up":{"uv":[11.5,7.625,12.5,8.625],"texture":"#5"},"down":{"uv":[11.5,7.625,12.5,8.625],"texture":"#5"}}},{"from":[8.2,17.2,5.5],"to":[9.2,18.2,6.5],"rotation":{"angle":45,"axis":"z","origin":[8,17,10]},"faces":{"north":{"uv":[2.75,9,3,9.25],"texture":"#5"},"east":{"uv":[3,9,2.75,9.25],"texture":"#5"},"south":{"uv":[2.75,9,3,9.25],"texture":"#5"},"west":{"uv":[3,9,2.75,9.25],"texture":"#5"},"up":{"uv":[2.75,9,3,9.25],"rotation":90,"texture":"#5"},"down":{"uv":[3,9.25,2.75,9],"rotation":270,"texture":"#5"}}},{"from":[13.6,4,6.6],"to":[13.6,9,9.6],"rotation":{"angle":22.5,"axis":"z","origin":[11.6,5,8.1]},"faces":{"north":{"uv":[0,0,0,2],"texture":"#2"},"east":{"uv":[0,0,0.75,1.25],"texture":"#2"},"south":{"uv":[0,0,0,2],"texture":"#2"},"west":{"uv":[0,0,0.75,2],"texture":"#2"},"up":{"uv":[0,0,0.5,0],"rotation":90,"texture":"#2"},"down":{"uv":[0,0,0.5,0],"rotation":270,"texture":"#2"}}},{"from":[2.4,4,6.5],"to":[2.4,9,9.5],"rotation":{"angle":-22.5,"axis":"z","origin":[4.4,5,8]},"faces":{"north":{"uv":[0,0,0,2],"texture":"#2"},"east":{"uv":[0,0,0.75,2],"texture":"#2"},"south":{"uv":[0,0,0,2],"texture":"#2"},"west":{"uv":[0,0,0.75,1.25],"texture":"#2"},"up":{"uv":[0,0,0.5,0],"rotation":270,"texture":"#2"},"down":{"uv":[0,0,0.5,0],"rotation":90,"texture":"#2"}}},{"from":[6.4,4,2.5],"to":[9.4,9,2.5],"rotation":{"angle":22.5,"axis":"x","origin":[7.9,5,4.5]},"faces":{"north":{"uv":[0.75,0,0,1.25],"texture":"#2"},"east":{"uv":[0,0,0,2],"texture":"#2"},"south":{"uv":[0.75,0,0,2],"texture":"#2"},"west":{"uv":[0,0,0,2],"texture":"#2"},"up":{"uv":[0.5,0,0,0],"texture":"#2"},"down":{"uv":[0.5,0,0,0],"texture":"#2"}}},{"from":[6.6,4,13.6],"to":[9.6,9,13.6],"rotation":{"angle":-22.5,"axis":"x","origin":[8.1,5,11.6]},"faces":{"north":{"uv":[0.75,0,0,2],"texture":"#2"},"east":{"uv":[0,0,0,2],"texture":"#2"},"south":{"uv":[0.75,0,0,1.25],"texture":"#2"},"west":{"uv":[0,0,0,2],"texture":"#2"},"up":{"uv":[0,0,0.5,0],"texture":"#2"},"down":{"uv":[0,0,0.5,0],"texture":"#2"}}},{"from":[6,8,6],"to":[10,9,10],"rotation":{"angle":0,"axis":"y","origin":[8,7.5,8]},"faces":{"north":{"uv":[13.875,16,14.875,15.75],"rotation":180,"texture":"#5"},"east":{"uv":[13.875,16,14.875,15.75],"rotation":180,"texture":"#5"},"south":{"uv":[13.875,16,14.875,15.75],"rotation":180,"texture":"#5"},"west":{"uv":[13.875,16,14.875,15.75],"rotation":180,"texture":"#5"},"up":{"uv":[16,16,15,15],"texture":"#5"},"down":{"uv":[16,16,15,15],"texture":"#5"}}}],"gui_light":"front","display":{"thirdperson_righthand":{"rotation":[0,110,0],"translation":[0,2.5,1.75],"scale":[0.67,0.67,0.67]},"thirdperson_lefthand":{"rotation":[0,110,0],"translation":[0,2.5,1.75],"scale":[0.67,0.67,0.67]},"firstperson_righthand":{"rotation":[-100.96,79.86,99.32],"translation":[1.25,0.75,0.75],"scale":[0.5,0.5,0.5]},"firstperson_lefthand":{"rotation":[-100.96,79.86,99.32],"translation":[1.25,0.75,0.75],"scale":[0.5,0.5,0.5]},"ground":{"rotation":[90,0,0],"translation":[0,0.5,0],"scale":[0.5,0.5,0.5]},"gui":{"rotation":[0,0,-45],"translation":[0.25,-0.5,-2],"scale":[0.34,0.34,0.5]},"head":{"rotation":[0,0,130],"translation":[1.75,16.75,-0.75],"scale":[0.7,0.7,0.7]},"fixed":{"translation":[0.5,-1,-3.5],"scale":[1.1668,1.1668,1.1668]}},"groups":[{"name":"Particles","origin":[15,8,12],"color":0,"nbt":"{}","armAnimationEnabled":false,"children":[0,1,2,3,4,5]},{"name":"Shovel","origin":[8,21,8],"color":0,"nbt":"{}","armAnimationEnabled":false,"children":[6,7,8,9,10,{"name":"group","origin":[8,17,10],"color":0,"nbt":"{}","armAnimationEnabled":false,"children":[11,12]},{"name":"group","origin":[11,0,16],"color":0,"nbt":"{}","armAnimationEnabled":false,"children":[13,14,15,16,17]}]}]}