{"credit":"MadewithBlockbench","texture_size":[64,64],"textures":{"2":"galaxy_set:galaxy_set/galaxy_1","3":"galaxy_set:galaxy_set/galaxy_ani_1","4":"galaxy_set:galaxy_set/galaxy_2","5":"galaxy_set:galaxy_set/galaxy_ani_2","particle":"galaxy_set:galaxy_set/galaxy_1"},"elements":[{"from":[7,-4.3125,7.75],"to":[9,8.6875,9.75],"rotation":{"angle":0,"axis":"y","origin":[8,7.9375,8]},"faces":{"north":{"uv":[15.75,7.375,15.25,10.625],"rotation":180,"texture":"#2"},"east":{"uv":[15.75,7.375,15.25,10.625],"rotation":180,"texture":"#2"},"south":{"uv":[15.75,7.375,15.25,10.625],"rotation":180,"texture":"#2"},"west":{"uv":[15.75,7.375,15.25,10.625],"rotation":180,"texture":"#2"},"up":{"uv":[15.25,10.875,15.75,11.375],"rotation":270,"texture":"#2"},"down":{"uv":[15.25,10.875,15.75,11.375],"rotation":90,"texture":"#2"}}},{"from":[6,5.65501,7.34315],"to":[10,9.65501,11.34315],"rotation":{"angle":45,"axis":"x","origin":[8,7.9375,8]},"faces":{"north":{"uv":[12.5,7.625,11.5,8.625],"texture":"#2"},"east":{"uv":[12.5,7.625,11.5,8.625],"texture":"#2"},"south":{"uv":[12.5,7.625,11.5,8.625],"texture":"#2"},"west":{"uv":[12.5,7.625,11.5,8.625],"texture":"#2"},"up":{"uv":[12.5,7.625,11.5,8.625],"rotation":270,"texture":"#2"},"down":{"uv":[12.5,7.625,11.5,8.625],"rotation":90,"texture":"#2"}}},{"from":[6,-8.3125,6.75],"to":[10,-4.3125,10.75],"rotation":{"angle":0,"axis":"y","origin":[8,7.9375,8]},"faces":{"north":{"uv":[16,15,15,16],"rotation":180,"texture":"#2"},"east":{"uv":[16,15,15,16],"rotation":180,"texture":"#2"},"south":{"uv":[16,15,15,16],"rotation":180,"texture":"#2"},"west":{"uv":[16,15,15,16],"rotation":180,"texture":"#2"},"up":{"uv":[15,15,16,16],"rotation":270,"texture":"#2"},"down":{"uv":[15,15,16,16],"rotation":90,"texture":"#2"}}},{"from":[9.5,6.08725,7.21041],"to":[10.5,7.08725,8.21041],"rotation":{"angle":-45,"axis":"x","origin":[8,7.9375,8]},"faces":{"north":{"uv":[3,9,2.75,9.25],"texture":"#2"},"east":{"uv":[2.75,9,3,9.25],"texture":"#2"},"south":{"uv":[3,9,2.75,9.25],"texture":"#2"},"west":{"uv":[2.75,9,3,9.25],"texture":"#2"},"up":{"uv":[3,9.25,2.75,9],"texture":"#2"},"down":{"uv":[2.75,9,3,9.25],"texture":"#2"}}},{"from":[5.5,6.08725,7.21041],"to":[6.5,7.08725,8.21041],"rotation":{"angle":-45,"axis":"x","origin":[8,7.9375,8]},"faces":{"north":{"uv":[2.75,9,3,9.25],"texture":"#2"},"east":{"uv":[3,9,2.75,9.25],"texture":"#2"},"south":{"uv":[2.75,9,3,9.25],"texture":"#2"},"west":{"uv":[3,9,2.75,9.25],"texture":"#2"},"up":{"uv":[2.75,9.25,3,9],"texture":"#2"},"down":{"uv":[3,9,2.75,9.25],"texture":"#2"}}},{"from":[7,7.6875,7.75],"to":[9,17.6875,9.75],"rotation":{"angle":0,"axis":"y","origin":[8,7.9375,8]},"faces":{"north":{"uv":[15.75,4.25,15.25,6.75],"rotation":180,"texture":"#2"},"east":{"uv":[15.75,7.875,15.25,10.375],"texture":"#2"},"south":{"uv":[15.75,7.875,15.25,10.375],"texture":"#2"},"west":{"uv":[15.25,7.875,15.75,10.375],"texture":"#2"},"up":{"uv":[15.25,10.875,15.75,11.375],"rotation":90,"texture":"#2"},"down":{"uv":[15.25,10.875,15.75,11.375],"rotation":270,"texture":"#2"}}},{"from":[6,17.6875,7.75],"to":[10,25.6875,15.75],"rotation":{"angle":0,"axis":"y","origin":[8,7.9375,8]},"faces":{"north":{"uv":[15,4.25,16,6.25],"texture":"#2"},"east":{"uv":[3.875,13.125,5.875,15.125],"rotation":180,"texture":"#2"},"south":{"uv":[7.125,13.125,8.125,15.125],"rotation":180,"texture":"#2"},"west":{"uv":[5.875,13.125,3.875,15.125],"rotation":180,"texture":"#2"},"up":{"uv":[6,15.125,7,13.125],"rotation":180,"texture":"#2"},"down":{"uv":[7,15.125,6,13.125],"texture":"#2"}}},{"from":[8,11.6875,-14.25],"to":[8,25.6875,7.75],"rotation":{"angle":0,"axis":"y","origin":[8,7.9375,8]},"faces":{"north":{"uv":[6.875,0.875,10.375,0.875],"rotation":90,"texture":"#4"},"east":{"uv":[10.375,0,4.875,3.5],"texture":"#4"},"south":{"uv":[6.875,0.875,6.875,4.375],"texture":"#4"},"west":{"uv":[4.875,0,10.375,3.5],"texture":"#4"},"up":{"uv":[10.5,0.125,5,0.125],"rotation":270,"texture":"#4"},"down":{"uv":[10.375,0,4.875,0],"rotation":90,"texture":"#4"}}},{"from":[7.8,5.2875,8.25],"to":[7.8,18.2875,15.25],"rotation":{"angle":0,"axis":"y","origin":[8,7.9375,8]},"faces":{"north":{"uv":[0,0,0,1.75],"texture":"#2"},"east":{"uv":[7.25,9.625,5.5,12.875],"texture":"#2"},"south":{"uv":[0,0,0,3.25],"texture":"#2"},"west":{"uv":[5.5,9.625,7.25,12.875],"texture":"#2"},"up":{"uv":[1.75,0,0,0],"rotation":270,"texture":"#2"},"down":{"uv":[1.75,0,0,0],"rotation":90,"texture":"#2"}}},{"from":[5.8,18.67591,2.70265],"to":[5.8,25.57591,9.60265],"rotation":{"angle":22.5,"axis":"x","origin":[8,7.9375,8]},"faces":{"north":{"uv":[8,0,0,0],"rotation":270,"texture":"#3"},"east":{"uv":[8,16,16,8],"rotation":90,"texture":"#3"},"south":{"uv":[8,0,0,0],"rotation":270,"texture":"#3"},"west":{"uv":[16,16,8,8],"rotation":90,"texture":"#3"},"up":{"uv":[0,8,0,0],"texture":"#3"},"down":{"uv":[0,8,0,0],"rotation":180,"texture":"#3"}}},{"from":[5.8,11.60857,16.87437],"to":[5.8,18.50857,23.77437],"rotation":{"angle":-45,"axis":"x","origin":[8,7.9375,8]},"faces":{"north":{"uv":[0,0,0,8],"rotation":180,"texture":"#3"},"east":{"uv":[8,8,0,16],"rotation":180,"texture":"#3"},"south":{"uv":[0,0,0,8],"rotation":180,"texture":"#3"},"west":{"uv":[0,8,8,16],"rotation":180,"texture":"#3"},"up":{"uv":[0,0,8,0],"rotation":270,"texture":"#3"},"down":{"uv":[0,0,8,0],"rotation":90,"texture":"#3"}}},{"from":[5.8,15.80578,13.22645],"to":[5.8,22.70578,20.12645],"rotation":{"angle":-22.5,"axis":"x","origin":[8,7.9375,8]},"faces":{"north":{"uv":[0,0,0,8],"rotation":180,"texture":"#3"},"east":{"uv":[16,0,8,8],"rotation":180,"texture":"#3"},"south":{"uv":[0,0,0,8],"rotation":180,"texture":"#3"},"west":{"uv":[8,0,16,8],"rotation":180,"texture":"#3"},"up":{"uv":[0,0,8,0],"rotation":270,"texture":"#3"},"down":{"uv":[0,0,8,0],"rotation":90,"texture":"#3"}}},{"from":[5.8,18.2875,8.25],"to":[5.8,25.1875,15.15],"rotation":{"angle":0,"axis":"y","origin":[8,7.9375,8]},"faces":{"north":{"uv":[0,0,0,8],"rotation":180,"texture":"#3"},"east":{"uv":[8,0,0,8],"rotation":180,"texture":"#3"},"south":{"uv":[0,0,0,8],"rotation":180,"texture":"#3"},"west":{"uv":[0,0,8,8],"rotation":180,"texture":"#3"},"up":{"uv":[0,0,8,0],"rotation":270,"texture":"#3"},"down":{"uv":[0,0,8,0],"rotation":90,"texture":"#3"}}},{"from":[10.2,18.67591,2.70265],"to":[10.2,25.57591,9.60265],"rotation":{"angle":22.5,"axis":"x","origin":[8,7.9375,8]},"faces":{"north":{"uv":[8,0,0,0],"rotation":270,"texture":"#3"},"east":{"uv":[16,8,8,16],"rotation":90,"texture":"#3"},"south":{"uv":[8,0,0,0],"rotation":270,"texture":"#3"},"west":{"uv":[8,8,16,16],"rotation":90,"texture":"#3"},"up":{"uv":[0,8,0,0],"texture":"#3"},"down":{"uv":[0,8,0,0],"rotation":180,"texture":"#3"}}},{"from":[10.2,11.60857,16.87437],"to":[10.2,18.50857,23.77437],"rotation":{"angle":-45,"axis":"x","origin":[8,7.9375,8]},"faces":{"north":{"uv":[0,0,0,8],"rotation":180,"texture":"#3"},"east":{"uv":[8,8,0,16],"rotation":180,"texture":"#3"},"south":{"uv":[0,0,0,8],"rotation":180,"texture":"#3"},"west":{"uv":[0,8,8,16],"rotation":180,"texture":"#3"},"up":{"uv":[0,0,8,0],"rotation":270,"texture":"#3"},"down":{"uv":[0,0,8,0],"rotation":90,"texture":"#3"}}},{"from":[10.2,15.80578,13.22645],"to":[10.2,22.70578,20.12645],"rotation":{"angle":-22.5,"axis":"x","origin":[8,7.9375,8]},"faces":{"north":{"uv":[0,0,0,8],"rotation":180,"texture":"#3"},"east":{"uv":[16,0,8,8],"rotation":180,"texture":"#3"},"south":{"uv":[0,0,0,8],"rotation":180,"texture":"#3"},"west":{"uv":[8,0,16,8],"rotation":180,"texture":"#3"},"up":{"uv":[0,0,8,0],"rotation":270,"texture":"#3"},"down":{"uv":[0,0,8,0],"rotation":90,"texture":"#3"}}},{"from":[10.2,18.2875,8.25],"to":[10.2,25.1875,15.15],"rotation":{"angle":0,"axis":"y","origin":[8,7.9375,8]},"faces":{"north":{"uv":[0,0,0,8],"rotation":180,"texture":"#3"},"east":{"uv":[8,0,0,8],"rotation":180,"texture":"#3"},"south":{"uv":[0,0,0,8],"rotation":180,"texture":"#3"},"west":{"uv":[0,0,8,8],"rotation":180,"texture":"#3"},"up":{"uv":[0,0,8,0],"rotation":270,"texture":"#3"},"down":{"uv":[0,0,8,0],"rotation":90,"texture":"#3"}}},{"from":[8,8.0875,-1.65],"to":[8,28.8875,8.15],"rotation":{"angle":0,"axis":"y","origin":[8,7.9375,8]},"faces":{"north":{"uv":[0,0,0,8],"texture":"#3"},"east":{"uv":[8.05,0,16,16],"texture":"#5"},"south":{"uv":[0,0,0,8],"texture":"#3"},"west":{"uv":[16,0,8.05,16],"texture":"#5"},"up":{"uv":[0,0,8,0],"rotation":270,"texture":"#3"},"down":{"uv":[0,0,8,0],"rotation":90,"texture":"#3"}}},{"from":[8,-16,9.75],"to":[8,-1.3125,16.75],"rotation":{"angle":0,"axis":"y","origin":[8,7.9375,8]},"faces":{"north":{"uv":[0,0,0,3.75],"texture":"#2"},"east":{"uv":[16,0,14.25,3.75],"texture":"#2"},"south":{"uv":[0,0,0,3.75],"texture":"#2"},"west":{"uv":[14.25,0,16,3.75],"texture":"#2"},"up":{"uv":[1.75,0,0,0],"rotation":270,"texture":"#2"},"down":{"uv":[1.75,0,0,0],"rotation":90,"texture":"#2"}}},{"from":[8,-16,0.75],"to":[8,-1.3125,7.75],"rotation":{"angle":0,"axis":"y","origin":[8,7.9375,8]},"faces":{"north":{"uv":[0,0,0,3.75],"texture":"#2"},"east":{"uv":[14.25,0,16,3.75],"texture":"#2"},"south":{"uv":[0,0,0,3.75],"texture":"#2"},"west":{"uv":[16,0,14.25,3.75],"texture":"#2"},"up":{"uv":[0,0,1.75,0],"rotation":270,"texture":"#2"},"down":{"uv":[0,0,1.75,0],"rotation":90,"texture":"#2"}}},{"from":[8,20.55451,2.58579],"to":[8,26.55451,12.58579],"rotation":{"angle":45,"axis":"x","origin":[8,7.9375,8]},"faces":{"north":{"uv":[4,2.25,4,3.75],"rotation":180,"texture":"#2"},"east":{"uv":[5.125,10.125,3.625,12.625],"rotation":90,"texture":"#2"},"south":{"uv":[4,2.25,4,3.75],"rotation":180,"texture":"#2"},"west":{"uv":[5.125,12.625,3.625,10.125],"rotation":90,"texture":"#2"},"up":{"uv":[4,0,4,2.5],"rotation":180,"texture":"#2"},"down":{"uv":[4,0,4,2.5],"texture":"#2"}}},{"from":[8,21.6875,14.25],"to":[8,27.6875,24.25],"rotation":{"angle":0,"axis":"y","origin":[8,7.9375,8]},"faces":{"north":{"uv":[4,2.25,4,3.75],"rotation":180,"texture":"#2"},"east":{"uv":[5.125,10.125,3.625,12.625],"rotation":90,"texture":"#2"},"south":{"uv":[4,2.25,4,3.75],"rotation":180,"texture":"#2"},"west":{"uv":[5.125,12.625,3.625,10.125],"rotation":90,"texture":"#2"},"up":{"uv":[4,0,4,2.5],"rotation":180,"texture":"#2"},"down":{"uv":[4,0,4,2.5],"texture":"#2"}}}],"gui_light":"front","display":{"thirdperson_righthand":{"rotation":[0.28,8.97,-3.78],"translation":[-0.25,2,1.75],"scale":[0.68,0.68,0.68]},"thirdperson_lefthand":{"rotation":[0.28,8.97,-3.78],"translation":[-0.25,2,1.75],"scale":[0.68,0.68,0.68]},"firstperson_righthand":{"rotation":[-18.25,0,5.25],"translation":[1.25,3.5,1],"scale":[0.42578,0.42578,0.42578]},"firstperson_lefthand":{"rotation":[-18.25,0,5.25],"translation":[1.25,3.5,1],"scale":[0.42578,0.42578,0.42578]},"ground":{"rotation":[6.45,-26.56,92.07],"translation":[0,0.75,0],"scale":[0.5,0.5,0.5]},"gui":{"rotation":[88,135,-88],"translation":[0.75,-0.5,-2],"scale":[0.33008,0.33008,0.33008]},"head":{"rotation":[-92.83,-13.5,89.36],"translation":[5.25,20,2.75],"scale":[0.7,0.7,0.7]},"fixed":{"rotation":[0,90,0],"translation":[-0.25,-1,-2],"scale":[1.1668,1.1668,1.1668]}},"groups":[{"name":"Sickle","origin":[8,21,8],"color":0,"nbt":"{}","armAnimationEnabled":false,"children":[0,1,2,3,4,5,6]},7,8,{"name":"Particles","origin":[15,8,12],"color":0,"nbt":"{}","armAnimationEnabled":false,"children":[{"name":"GaLaxy1","origin":[8,14.58,8],"color":0,"nbt":"{}","armAnimationEnabled":false,"children":[9,10,11,12]},{"name":"GaLaxy2","origin":[8,14.58,8],"color":0,"nbt":"{}","armAnimationEnabled":false,"children":[13,14,15,16]},17,18,19,20,21]}]}