{"credit":"MadewithBlockbench","texture_size":[64,64],"textures":{"2":"galaxy_set:galaxy_set/galaxy_1","3":"galaxy_set:galaxy_set/galaxy_ani_2","particle":"galaxy_set:galaxy_set/galaxy_1"},"elements":[{"from":[7.7,6.594,9.49],"to":[7.7,11.424,14.32],"rotation":{"angle":22.5,"axis":"x","origin":[7.7,8.974,11.94]},"faces":{"north":{"uv":[8,0,0,0],"rotation":270,"texture":"#3"},"east":{"uv":[16,8,8,16],"rotation":90,"texture":"#3"},"south":{"uv":[8,0,0,0],"rotation":270,"texture":"#3"},"west":{"uv":[8,8,16,16],"rotation":90,"texture":"#3"},"up":{"uv":[0,0,0,8],"rotation":180,"texture":"#3"},"down":{"uv":[0,0,0,8],"texture":"#3"}}},{"from":[7.7,6.594,9.49],"to":[7.7,11.424,14.32],"rotation":{"angle":-45,"axis":"x","origin":[7.7,8.974,11.94]},"faces":{"north":{"uv":[0,0,0,8],"rotation":180,"texture":"#3"},"east":{"uv":[8,8,0,16],"rotation":180,"texture":"#3"},"south":{"uv":[0,0,0,8],"rotation":180,"texture":"#3"},"west":{"uv":[0,8,8,16],"rotation":180,"texture":"#3"},"up":{"uv":[8,0,0,0],"rotation":90,"texture":"#3"},"down":{"uv":[8,0,0,0],"rotation":270,"texture":"#3"}}},{"from":[7.7,6.594,9.49],"to":[7.7,11.424,14.32],"rotation":{"angle":-22.5,"axis":"x","origin":[7.7,8.974,11.94]},"faces":{"north":{"uv":[0,0,0,8],"rotation":180,"texture":"#3"},"east":{"uv":[16,0,8,8],"rotation":180,"texture":"#3"},"south":{"uv":[0,0,0,8],"rotation":180,"texture":"#3"},"west":{"uv":[8,0,16,8],"rotation":180,"texture":"#3"},"up":{"uv":[8,0,0,0],"rotation":90,"texture":"#3"},"down":{"uv":[8,0,0,0],"rotation":270,"texture":"#3"}}},{"from":[7.7,6.594,9.49],"to":[7.7,11.424,14.32],"rotation":{"angle":0,"axis":"y","origin":[7.7,8.974,11.94]},"faces":{"north":{"uv":[0,0,0,8],"rotation":180,"texture":"#3"},"east":{"uv":[8,0,0,8],"rotation":180,"texture":"#3"},"south":{"uv":[0,0,0,8],"rotation":180,"texture":"#3"},"west":{"uv":[0,0,8,8],"rotation":180,"texture":"#3"},"up":{"uv":[8,0,0,0],"rotation":90,"texture":"#3"},"down":{"uv":[8,0,0,0],"rotation":270,"texture":"#3"}}},{"from":[7.7,6.594,1.68],"to":[7.7,11.424,6.51],"rotation":{"angle":-22.5,"axis":"x","origin":[7.7,8.974,4.06]},"faces":{"north":{"uv":[8,0,0,0],"rotation":270,"texture":"#3"},"east":{"uv":[16,16,8,8],"rotation":90,"texture":"#3"},"south":{"uv":[8,0,0,0],"rotation":270,"texture":"#3"},"west":{"uv":[8,16,16,8],"rotation":90,"texture":"#3"},"up":{"uv":[0,8,0,0],"rotation":180,"texture":"#3"},"down":{"uv":[0,8,0,0],"texture":"#3"}}},{"from":[7.7,6.594,1.68],"to":[7.7,11.424,6.51],"rotation":{"angle":45,"axis":"x","origin":[7.7,8.974,4.06]},"faces":{"north":{"uv":[0,0,0,8],"rotation":180,"texture":"#3"},"east":{"uv":[0,8,8,16],"rotation":180,"texture":"#3"},"south":{"uv":[0,0,0,8],"rotation":180,"texture":"#3"},"west":{"uv":[8,8,0,16],"rotation":180,"texture":"#3"},"up":{"uv":[0,0,8,0],"rotation":90,"texture":"#3"},"down":{"uv":[0,0,8,0],"rotation":270,"texture":"#3"}}},{"from":[7.7,6.594,1.68],"to":[7.7,11.424,6.51],"rotation":{"angle":22.5,"axis":"x","origin":[7.7,8.974,4.06]},"faces":{"north":{"uv":[0,0,0,8],"rotation":180,"texture":"#3"},"east":{"uv":[8,0,16,8],"rotation":180,"texture":"#3"},"south":{"uv":[0,0,0,8],"rotation":180,"texture":"#3"},"west":{"uv":[16,0,8,8],"rotation":180,"texture":"#3"},"up":{"uv":[0,0,8,0],"rotation":90,"texture":"#3"},"down":{"uv":[0,0,8,0],"rotation":270,"texture":"#3"}}},{"from":[7.7,6.594,1.68],"to":[7.7,11.424,6.51],"rotation":{"angle":0,"axis":"y","origin":[7.7,8.974,4.06]},"faces":{"north":{"uv":[0,0,0,8],"rotation":180,"texture":"#3"},"east":{"uv":[0,0,8,8],"rotation":180,"texture":"#3"},"south":{"uv":[0,0,0,8],"rotation":180,"texture":"#3"},"west":{"uv":[8,0,0,8],"rotation":180,"texture":"#3"},"up":{"uv":[0,0,8,0],"rotation":90,"texture":"#3"},"down":{"uv":[0,0,8,0],"rotation":270,"texture":"#3"}}},{"from":[7.6,9.4,-15.4],"to":[7.6,30.2,5.4],"rotation":{"angle":0,"axis":"y","origin":[2.8,0,13.2]},"faces":{"north":{"uv":[0,0,0,8],"texture":"#3"},"east":{"uv":[0,0,16,16],"texture":"#3"},"south":{"uv":[0,0,0,8],"texture":"#3"},"west":{"uv":[16,0,0,16],"texture":"#3"},"up":{"uv":[8,0,0,0],"rotation":90,"texture":"#3"},"down":{"uv":[8,0,0,0],"rotation":270,"texture":"#3"}}},{"from":[7.6,9.4,10.6],"to":[7.6,30.2,31.4],"rotation":{"angle":0,"axis":"y","origin":[2.8,0,2.8]},"faces":{"north":{"uv":[0,0,0,8],"texture":"#3"},"east":{"uv":[16,0,0,16],"texture":"#3"},"south":{"uv":[0,0,0,8],"texture":"#3"},"west":{"uv":[0,0,16,16],"texture":"#3"},"up":{"uv":[0,0,8,0],"rotation":90,"texture":"#3"},"down":{"uv":[0,0,8,0],"rotation":270,"texture":"#3"}}},{"from":[6,19,13],"to":[6,26,21],"rotation":{"angle":45,"axis":"x","origin":[6,22,16]},"faces":{"north":{"uv":[0,0,0,4],"texture":"#2"},"east":{"uv":[0,10,1.75,8],"rotation":90,"texture":"#2"},"south":{"uv":[0,0,0,4],"texture":"#2"},"west":{"uv":[0,8,2,10],"rotation":90,"texture":"#2"},"up":{"uv":[0,0,0,8],"texture":"#2"},"down":{"uv":[0,0,0,8],"texture":"#2"}}},{"from":[7,7,7],"to":[9,12,9],"rotation":{"angle":0,"axis":"y","origin":[0,-9,0]},"faces":{"north":{"uv":[5.5,8,6,9.25],"texture":"#2"},"east":{"uv":[4,8,4.5,9.25],"texture":"#2"},"south":{"uv":[4.5,8,5,9.25],"texture":"#2"},"west":{"uv":[5,8,5.5,9.25],"texture":"#2"},"up":{"uv":[6.5,8.5,6,8],"rotation":90,"texture":"#2"},"down":{"uv":[7,8,6.5,8.5],"rotation":270,"texture":"#2"}}},{"from":[8,3.6,-12],"to":[8,14.6,4],"rotation":{"angle":-22.5,"axis":"x","origin":[8,15,-3.5]},"faces":{"north":{"uv":[0,0,0,4],"texture":"#2"},"east":{"uv":[5.75,4,11.5,8],"texture":"#2"},"south":{"uv":[0,0,0,4],"texture":"#2"},"west":{"uv":[11.5,4,5.75,8],"texture":"#2"},"up":{"uv":[0,0,5.75,0],"rotation":90,"texture":"#2"},"down":{"uv":[0,0,5.75,0],"rotation":270,"texture":"#2"}}},{"from":[8,14.6,-12],"to":[8,25.6,4],"rotation":{"angle":-22.5,"axis":"x","origin":[8,15,-3.5]},"faces":{"north":{"uv":[0,0,0,4],"texture":"#2"},"east":{"uv":[0,4,5.75,8],"texture":"#2"},"south":{"uv":[0,0,0,4],"texture":"#2"},"west":{"uv":[5.75,4,0,8],"texture":"#2"},"up":{"uv":[0,0,5.75,0],"rotation":90,"texture":"#2"},"down":{"uv":[0,0,5.75,0],"rotation":270,"texture":"#2"}}},{"from":[8,3.6,12],"to":[8,14.6,28],"rotation":{"angle":22.5,"axis":"x","origin":[8,15,19.5]},"faces":{"north":{"uv":[0,0,0,4],"texture":"#2"},"east":{"uv":[11.5,4,5.75,8],"texture":"#2"},"south":{"uv":[0,0,0,4],"texture":"#2"},"west":{"uv":[5.75,4,11.5,8],"texture":"#2"},"up":{"uv":[5.75,0,0,0],"rotation":90,"texture":"#2"},"down":{"uv":[5.75,0,0,0],"rotation":270,"texture":"#2"}}},{"from":[8,14.6,12],"to":[8,25.6,28],"rotation":{"angle":22.5,"axis":"x","origin":[8,15,19.5]},"faces":{"north":{"uv":[0,0,0,4],"texture":"#2"},"east":{"uv":[5.75,4,0,8],"texture":"#2"},"south":{"uv":[0,0,0,4],"texture":"#2"},"west":{"uv":[0,4,5.75,8],"texture":"#2"},"up":{"uv":[5.75,0,0,0],"rotation":90,"texture":"#2"},"down":{"uv":[5.75,0,0,0],"rotation":270,"texture":"#2"}}},{"from":[8,-1,4],"to":[8,7,12],"faces":{"north":{"uv":[0,0,0,2],"texture":"#2"},"east":{"uv":[3.875,8.125,1.875,10.125],"texture":"#2"},"south":{"uv":[0,0,0,2],"texture":"#2"},"west":{"uv":[1.875,8.125,3.875,10.125],"texture":"#2"},"up":{"uv":[0,0,2,0],"rotation":90,"texture":"#2"},"down":{"uv":[0,0,2,0],"rotation":270,"texture":"#2"}}},{"from":[6,22,4],"to":[6,29,12],"rotation":{"angle":0,"axis":"y","origin":[0,2,0]},"faces":{"north":{"uv":[0,0,0,4],"texture":"#2"},"east":{"uv":[0,10,1.75,8],"rotation":90,"texture":"#2"},"south":{"uv":[0,0,0,4],"texture":"#2"},"west":{"uv":[0,8,2,10],"rotation":90,"texture":"#2"},"up":{"uv":[0,0,0,8],"texture":"#2"},"down":{"uv":[0,0,0,8],"texture":"#2"}}},{"from":[6,19,-5],"to":[6,26,3],"rotation":{"angle":-45,"axis":"x","origin":[6,22,0]},"faces":{"north":{"uv":[0,0,0,4],"texture":"#2"},"east":{"uv":[0,8,1.75,10],"rotation":90,"texture":"#2"},"south":{"uv":[0,0,0,4],"texture":"#2"},"west":{"uv":[0,10,2,8],"rotation":90,"texture":"#2"},"up":{"uv":[0,8,0,0],"texture":"#2"},"down":{"uv":[0,8,0,0],"texture":"#2"}}}],"gui_light":"front","display":{"thirdperson_righthand":{"rotation":[90,90,-20],"translation":[0.25,0.5,-0.75],"scale":[0.45578,0.45578,0.45578]},"thirdperson_lefthand":{"rotation":[75.75,90,0],"translation":[-5.5,-7.25,8.5],"scale":[1.13352,1.13352,1.13352]},"firstperson_righthand":{"rotation":[0,92,0],"translation":[0.5,2.75,1.5],"scale":[0.5,0.5,0.5]},"firstperson_lefthand":{"rotation":[0,-92,0],"translation":[0.5,3,2.25],"scale":[0,0,0]},"ground":{"rotation":[7.88,-25.88,-92.94],"translation":[0,4,0],"scale":[0.66406,0.66406,0.66406]},"gui":{"rotation":[88,90,-88],"translation":[0,-2.5,-2],"scale":[0.39258,0.39258,0.39258]},"head":{"rotation":[90,90,-80],"translation":[-0.25,-15,6.5],"scale":[1.55734,1.55734,1.55734]},"fixed":{"rotation":[0,90,0],"translation":[-0.5,1.25,-3.75],"scale":[1.55742,1.55742,1.55742]}},"groups":[{"name":"Particles","origin":[8,14.58,8],"color":0,"nbt":"{}","armAnimationEnabled":false,"children":[{"name":"GaLaxy","origin":[8,14.58,8],"color":0,"nbt":"{}","armAnimationEnabled":false,"children":[0,1,2,3]},{"name":"GaLaxy","origin":[8,14.58,8],"color":0,"nbt":"{}","armAnimationEnabled":false,"children":[4,5,6,7]},8,9]},{"name":"Wing","origin":[8,8,8],"color":0,"nbt":"{}","armAnimationEnabled":false,"children":[10,11,12,13,14,15,16,17,18]}]}