{
  "credit": "MadebyPolygonMC",
  "texture_size": [
    32,
    32
  ],
  "textures": {
    "0": "lunarset:animations_2",
    "2": "lunarset:greatsword",
    "3": "lunarset:animations_1",
    "particle": "lunarset:animations_2"
  },
  "elements": [
    {
      "from": [
        7.45,
        1,
        7.45
      ],
      "to": [
        8.55,
        1.5,
        8.55
      ],
      "rotation": {
        "angle": 0,
        "axis": "y",
        "origin": [
          7.5,
          0,
          7.5
        ]
      },
      "faces": {
        "north": {
          "uv": [
            9,
            7,
            9.5,
            7.25
          ],
          "texture": "#2"
        },
        "east": {
          "uv": [
            7.5,
            9,
            8,
            9.25
          ],
          "texture": "#2"
        },
        "south": {
          "uv": [
            9,
            7.5,
            9.5,
            7.75
          ],
          "texture": "#2"
        },
        "west": {
          "uv": [
            8,
            9,
            8.5,
            9.25
          ],
          "texture": "#2"
        },
        "up": {
          "uv": [
            3,
            9.5,
            2.5,
            9
          ],
          "texture": "#2"
        },
        "down": {
          "uv": [
            3.5,
            9,
            3,
            9.5
          ],
          "texture": "#2"
        }
      }
    },
    {
      "from": [
        7.25,
        5.5,
        7.25
      ],
      "to": [
        8.75,
        6,
        8.75
      ],
      "rotation": {
        "angle": 0,
        "axis": "y",
        "origin": [
          7.5,
          0,
          7.5
        ]
      },
      "faces": {
        "north": {
          "uv": [
            9,
            3,
            9.75,
            3.25
          ],
          "texture": "#2"
        },
        "east": {
          "uv": [
            9,
            3.5,
            9.75,
            3.75
          ],
          "texture": "#2"
        },
        "south": {
          "uv": [
            4,
            9,
            4.75,
            9.25
          ],
          "texture": "#2"
        },
        "west": {
          "uv": [
            9,
            4,
            9.75,
            4.25
          ],
          "texture": "#2"
        },
        "up": {
          "uv": [
            8.25,
            1.75,
            7.5,
            1
          ],
          "texture": "#2"
        },
        "down": {
          "uv": [
            8.25,
            2,
            7.5,
            2.75
          ],
          "texture": "#2"
        }
      }
    },
    {
      "from": [
        7.5,
        1.5,
        7.5
      ],
      "to": [
        8.5,
        2.5,
        8.5
      ],
      "rotation": {
        "angle": 0,
        "axis": "y",
        "origin": [
          7.5,
          0,
          7.5
        ]
      },
      "faces": {
        "north": {
          "uv": [
            8.5,
            3,
            9,
            3.5
          ],
          "texture": "#2"
        },
        "east": {
          "uv": [
            8.5,
            3.5,
            9,
            4
          ],
          "texture": "#2"
        },
        "south": {
          "uv": [
            8.5,
            4,
            9,
            4.5
          ],
          "texture": "#2"
        },
        "west": {
          "uv": [
            8.5,
            4.5,
            9,
            5
          ],
          "texture": "#2"
        },
        "up": {
          "uv": [
            9,
            5.5,
            8.5,
            5
          ],
          "texture": "#2"
        }
      }
    },
    {
      "from": [
        7.5,
        4.5,
        7.5
      ],
      "to": [
        8.5,
        5.5,
        8.5
      ],
      "rotation": {
        "angle": 0,
        "axis": "y",
        "origin": [
          7.5,
          0.5,
          7.5
        ]
      },
      "faces": {
        "north": {
          "uv": [
            8.5,
            5.5,
            9,
            6
          ],
          "texture": "#2"
        },
        "east": {
          "uv": [
            8.5,
            6,
            9,
            6.5
          ],
          "texture": "#2"
        },
        "south": {
          "uv": [
            8.5,
            6.5,
            9,
            7
          ],
          "texture": "#2"
        },
        "west": {
          "uv": [
            8.5,
            7,
            9,
            7.5
          ],
          "texture": "#2"
        },
        "up": {
          "uv": [
            9,
            8,
            8.5,
            7.5
          ],
          "texture": "#2"
        },
        "down": {
          "uv": [
            9,
            8,
            8.5,
            8.5
          ],
          "texture": "#2"
        }
      }
    },
    {
      "from": [
        7.6,
        2.5,
        7.6
      ],
      "to": [
        8.4,
        4.5,
        8.4
      ],
      "rotation": {
        "angle": 0,
        "axis": "y",
        "origin": [
          7.5,
          0,
          7.5
        ]
      },
      "faces": {
        "north": {
          "uv": [
            4,
            8,
            4.375,
            9
          ],
          "texture": "#2"
        },
        "east": {
          "uv": [
            4.5,
            8,
            4.875,
            9
          ],
          "texture": "#2"
        },
        "south": {
          "uv": [
            5,
            8,
            5.375,
            9
          ],
          "texture": "#2"
        },
        "west": {
          "uv": [
            5.5,
            8,
            5.875,
            9
          ],
          "texture": "#2"
        }
      }
    },
    {
      "from": [
        7.5,
        -2,
        7.5
      ],
      "to": [
        8.5,
        -1,
        8.5
      ],
      "rotation": {
        "angle": 0,
        "axis": "y",
        "origin": [
          7.5,
          -3.5,
          7.5
        ]
      },
      "faces": {
        "north": {
          "uv": [
            8.5,
            3,
            9,
            3.5
          ],
          "texture": "#2"
        },
        "east": {
          "uv": [
            8.5,
            3.5,
            9,
            4
          ],
          "texture": "#2"
        },
        "south": {
          "uv": [
            8.5,
            4,
            9,
            4.5
          ],
          "texture": "#2"
        },
        "west": {
          "uv": [
            8.5,
            4.5,
            9,
            5
          ],
          "texture": "#2"
        },
        "up": {
          "uv": [
            9,
            5.5,
            8.5,
            5
          ],
          "texture": "#2"
        }
      }
    },
    {
      "from": [
        7.6,
        -1,
        7.6
      ],
      "to": [
        8.4,
        1,
        8.4
      ],
      "rotation": {
        "angle": 0,
        "axis": "y",
        "origin": [
          7.5,
          -3.5,
          7.5
        ]
      },
      "faces": {
        "north": {
          "uv": [
            4,
            8,
            4.375,
            9
          ],
          "texture": "#2"
        },
        "east": {
          "uv": [
            4.5,
            8,
            4.875,
            9
          ],
          "texture": "#2"
        },
        "south": {
          "uv": [
            5,
            8,
            5.375,
            9
          ],
          "texture": "#2"
        },
        "west": {
          "uv": [
            5.5,
            8,
            5.875,
            9
          ],
          "texture": "#2"
        }
      }
    },
    {
      "from": [
        7.25,
        -2.5,
        7.25
      ],
      "to": [
        8.75,
        -2,
        8.75
      ],
      "rotation": {
        "angle": 0,
        "axis": "y",
        "origin": [
          7.5,
          -3.5,
          7.5
        ]
      },
      "faces": {
        "north": {
          "uv": [
            9,
            4.5,
            9.75,
            4.75
          ],
          "texture": "#2"
        },
        "east": {
          "uv": [
            5,
            9,
            5.75,
            9.25
          ],
          "texture": "#2"
        },
        "south": {
          "uv": [
            9,
            5,
            9.75,
            5.25
          ],
          "texture": "#2"
        },
        "west": {
          "uv": [
            9,
            5.5,
            9.75,
            5.75
          ],
          "texture": "#2"
        },
        "up": {
          "uv": [
            8.25,
            5.75,
            7.5,
            5
          ],
          "texture": "#2"
        },
        "down": {
          "uv": [
            8.25,
            6,
            7.5,
            6.75
          ],
          "texture": "#2"
        }
      }
    },
    {
      "from": [
        7.75,
        -4.3,
        7
      ],
      "to": [
        8.25,
        -2.3,
        7.75
      ],
      "rotation": {
        "angle": -45,
        "axis": "x",
        "origin": [
          8,
          -3.3,
          8
        ]
      },
      "faces": {
        "north": {
          "uv": [
            8.5,
            8.5,
            8.75,
            9.5
          ],
          "texture": "#2"
        },
        "east": {
          "uv": [
            6.5,
            8,
            6.875,
            9
          ],
          "texture": "#2"
        },
        "south": {
          "uv": [
            9,
            0,
            9.25,
            1
          ],
          "texture": "#2"
        },
        "west": {
          "uv": [
            7,
            8,
            7.375,
            9
          ],
          "texture": "#2"
        },
        "up": {
          "uv": [
            9.25,
            8.375,
            9,
            8
          ],
          "texture": "#2"
        },
        "down": {
          "uv": [
            9.25,
            8.5,
            9,
            8.875
          ],
          "texture": "#2"
        }
      }
    },
    {
      "from": [
        7.75,
        -4.3,
        8.25
      ],
      "to": [
        8.25,
        -2.3,
        9
      ],
      "rotation": {
        "angle": -45,
        "axis": "x",
        "origin": [
          8,
          -3.3,
          8
        ]
      },
      "faces": {
        "north": {
          "uv": [
            9,
            1,
            9.25,
            2
          ],
          "texture": "#2"
        },
        "east": {
          "uv": [
            8,
            7,
            8.375,
            8
          ],
          "texture": "#2"
        },
        "south": {
          "uv": [
            9,
            2,
            9.25,
            3
          ],
          "texture": "#2"
        },
        "west": {
          "uv": [
            7.5,
            8,
            7.875,
            9
          ],
          "texture": "#2"
        },
        "up": {
          "uv": [
            9.25,
            9.375,
            9,
            9
          ],
          "texture": "#2"
        },
        "down": {
          "uv": [
            9.75,
            0,
            9.5,
            0.375
          ],
          "texture": "#2"
        }
      }
    },
    {
      "from": [
        7.75,
        -3.05,
        7.75
      ],
      "to": [
        8.25,
        -2.3,
        8.25
      ],
      "rotation": {
        "angle": -45,
        "axis": "x",
        "origin": [
          8,
          -3.3,
          8
        ]
      },
      "faces": {
        "east": {
          "uv": [
            9.5,
            0.5,
            9.75,
            0.875
          ],
          "texture": "#2"
        },
        "west": {
          "uv": [
            9.5,
            1,
            9.75,
            1.375
          ],
          "texture": "#2"
        },
        "up": {
          "uv": [
            2.75,
            9.75,
            2.5,
            9.5
          ],
          "texture": "#2"
        },
        "down": {
          "uv": [
            9.75,
            2.5,
            9.5,
            2.75
          ],
          "texture": "#2"
        }
      }
    },
    {
      "from": [
        7.75,
        -4.3,
        7.75
      ],
      "to": [
        8.25,
        -3.55,
        8.25
      ],
      "rotation": {
        "angle": -45,
        "axis": "x",
        "origin": [
          8,
          -3.3,
          8
        ]
      },
      "faces": {
        "east": {
          "uv": [
            9.5,
            1.5,
            9.75,
            1.875
          ],
          "texture": "#2"
        },
        "west": {
          "uv": [
            9.5,
            2,
            9.75,
            2.375
          ],
          "texture": "#2"
        },
        "up": {
          "uv": [
            3.25,
            9.75,
            3,
            9.5
          ],
          "texture": "#2"
        },
        "down": {
          "uv": [
            4.25,
            9.5,
            4,
            9.75
          ],
          "texture": "#2"
        }
      }
    },
    {
      "from": [
        7.4,
        6.05,
        6.9
      ],
      "to": [
        8.6,
        8.25,
        9.1
      ],
      "rotation": {
        "angle": -45,
        "axis": "x",
        "origin": [
          8,
          7.15,
          8
        ]
      },
      "faces": {
        "north": {
          "uv": [
            6.5,
            1,
            7.125,
            2.125
          ],
          "texture": "#2"
        },
        "east": {
          "uv": [
            4.5,
            2,
            5.625,
            3.125
          ],
          "texture": "#2"
        },
        "south": {
          "uv": [
            6.5,
            2.5,
            7.125,
            3.625
          ],
          "texture": "#2"
        },
        "west": {
          "uv": [
            3.5,
            4.5,
            4.625,
            5.625
          ],
          "texture": "#2"
        },
        "up": {
          "uv": [
            7.125,
            5.125,
            6.5,
            4
          ],
          "texture": "#2"
        },
        "down": {
          "uv": [
            7.125,
            5.5,
            6.5,
            6.625
          ],
          "texture": "#2"
        }
      }
    },
    {
      "from": [
        7.1,
        6.35,
        7.2
      ],
      "to": [
        8.9,
        7.95,
        8.8
      ],
      "rotation": {
        "angle": -45,
        "axis": "x",
        "origin": [
          8,
          7.15,
          8
        ]
      },
      "faces": {
        "north": {
          "uv": [
            4,
            7,
            4.875,
            7.75
          ],
          "texture": "#2"
        },
        "east": {
          "uv": [
            7.5,
            3,
            8.25,
            3.75
          ],
          "texture": "#2"
        },
        "south": {
          "uv": [
            5,
            7,
            5.875,
            7.75
          ],
          "texture": "#2"
        },
        "west": {
          "uv": [
            7.5,
            4,
            8.25,
            4.75
          ],
          "texture": "#2"
        },
        "up": {
          "uv": [
            7.375,
            7.75,
            6.5,
            7
          ],
          "texture": "#2"
        },
        "down": {
          "uv": [
            8.375,
            0,
            7.5,
            0.75
          ],
          "texture": "#2"
        }
      }
    },
    {
      "from": [
        7.5,
        6,
        5.5
      ],
      "to": [
        8.5,
        8,
        10.5
      ],
      "rotation": {
        "angle": -22.5,
        "axis": "x",
        "origin": [
          8,
          7,
          7
        ]
      },
      "faces": {
        "north": {
          "uv": [
            4.5,
            3.5,
            5,
            4.5
          ],
          "texture": "#2"
        },
        "east": {
          "uv": [
            3.5,
            0,
            6,
            1
          ],
          "texture": "#2"
        },
        "south": {
          "uv": [
            7.5,
            7,
            8,
            8
          ],
          "texture": "#2"
        },
        "west": {
          "uv": [
            3.5,
            1,
            6,
            2
          ],
          "texture": "#2"
        },
        "up": {
          "uv": [
            5.5,
            6,
            5,
            3.5
          ],
          "texture": "#2"
        },
        "down": {
          "uv": [
            6,
            3.5,
            5.5,
            6
          ],
          "texture": "#2"
        }
      }
    },
    {
      "from": [
        4,
        3.15,
        7.975
      ],
      "to": [
        12,
        11.15,
        8.025
      ],
      "rotation": {
        "angle": 45,
        "axis": "x",
        "origin": [
          8,
          7.15,
          8
        ]
      },
      "faces": {
        "north": {
          "uv": [
            0,
            16,
            16,
            0
          ],
          "rotation": 90,
          "texture": "#3"
        },
        "south": {
          "uv": [
            0,
            0,
            16,
            16
          ],
          "rotation": 90,
          "texture": "#3"
        }
      }
    },
    {
      "from": [
        4,
        7.125,
        4
      ],
      "to": [
        12,
        7.175,
        12
      ],
      "rotation": {
        "angle": 45,
        "axis": "x",
        "origin": [
          8,
          7.15,
          8
        ]
      },
      "faces": {
        "up": {
          "uv": [
            16,
            16,
            0,
            0
          ],
          "rotation": 90,
          "texture": "#3"
        },
        "down": {
          "uv": [
            16,
            0,
            0,
            16
          ],
          "rotation": 270,
          "texture": "#3"
        }
      }
    },
    {
      "from": [
        7.6,
        7.5,
        9
      ],
      "to": [
        8.4,
        9.5,
        11
      ],
      "rotation": {
        "angle": -45,
        "axis": "x",
        "origin": [
          7.75,
          7.5,
          9
        ]
      },
      "faces": {
        "north": {
          "uv": [
            8,
            8,
            8.375,
            9
          ],
          "texture": "#2"
        },
        "east": {
          "uv": [
            4,
            6,
            5,
            7
          ],
          "texture": "#2"
        },
        "south": {
          "uv": [
            8.5,
            0,
            8.875,
            1
          ],
          "texture": "#2"
        },
        "west": {
          "uv": [
            5,
            6,
            6,
            7
          ],
          "texture": "#2"
        },
        "up": {
          "uv": [
            8.875,
            2,
            8.5,
            1
          ],
          "texture": "#2"
        },
        "down": {
          "uv": [
            8.875,
            2,
            8.5,
            3
          ],
          "texture": "#2"
        }
      }
    },
    {
      "from": [
        7.85,
        8.91421,
        7.58579
      ],
      "to": [
        8.15,
        26.91421,
        9.58579
      ],
      "rotation": {
        "angle": 0,
        "axis": "x",
        "origin": [
          8,
          9.91421,
          8.58579
        ]
      },
      "faces": {
        "north": {
          "uv": [
            6,
            0,
            6.125,
            9
          ],
          "texture": "#2"
        },
        "east": {
          "uv": [
            3.5,
            0,
            2.5,
            9
          ],
          "texture": "#2"
        },
        "south": {
          "uv": [
            3.5,
            6,
            3.625,
            15
          ],
          "texture": "#2"
        },
        "west": {
          "uv": [
            2.5,
            0,
            3.5,
            9
          ],
          "texture": "#2"
        }
      }
    },
    {
      "from": [
        7.845,
        25.76777,
        8.35355
      ],
      "to": [
        8.155,
        27.76777,
        10.35355
      ],
      "rotation": {
        "angle": 45,
        "axis": "x",
        "origin": [
          7.995,
          27.26777,
          9.35355
        ]
      },
      "faces": {
        "north": {
          "uv": [
            6,
            9,
            6.125,
            10
          ],
          "texture": "#2"
        },
        "east": {
          "uv": [
            7.5,
            0,
            6.5,
            1
          ],
          "texture": "#2"
        },
        "south": {
          "uv": [
            9,
            6,
            9.125,
            7
          ],
          "texture": "#2"
        },
        "west": {
          "uv": [
            6.5,
            0,
            7.5,
            1
          ],
          "texture": "#2"
        },
        "up": {
          "uv": [
            6.625,
            10,
            6.5,
            9
          ],
          "texture": "#2"
        },
        "down": {
          "uv": [
            7.125,
            9,
            7,
            10
          ],
          "texture": "#2"
        }
      }
    },
    {
      "from": [
        7.975,
        7,
        5
      ],
      "to": [
        8.025,
        32,
        10
      ],
      "rotation": {
        "angle": 0,
        "axis": "y",
        "origin": [
          7.975,
          10,
          2
        ]
      },
      "faces": {
        "east": {
          "uv": [
            2.5,
            0,
            0,
            12.5
          ],
          "texture": "#2"
        },
        "west": {
          "uv": [
            0,
            0,
            2.5,
            12.5
          ],
          "texture": "#2"
        }
      }
    },
    {
      "from": [
        7.975,
        2.58986,
        4.675
      ],
      "to": [
        8.025,
        6.78986,
        6.475
      ],
      "rotation": {
        "angle": 22.5,
        "axis": "y",
        "origin": [
          8,
          4.68986,
          5.575
        ]
      },
      "faces": {
        "east": {
          "uv": [
            3.5,
            0,
            0,
            8.5
          ],
          "texture": "#0"
        },
        "west": {
          "uv": [
            0,
            0,
            3.5,
            8.5
          ],
          "texture": "#0"
        }
      }
    },
    {
      "from": [
        7.975,
        3.18986,
        9.275
      ],
      "to": [
        8.025,
        7.38986,
        11.075
      ],
      "rotation": {
        "angle": -22.5,
        "axis": "y",
        "origin": [
          8,
          5.28986,
          10.175
        ]
      },
      "faces": {
        "east": {
          "uv": [
            3.5,
            0,
            0,
            8.5
          ],
          "texture": "#0"
        },
        "west": {
          "uv": [
            0,
            0,
            3.5,
            8.5
          ],
          "texture": "#0"
        }
      }
    }
  ],
  "gui_light": "front",
  "display": {
    "thirdperson_righthand": {
      "translation": [
        0,
        2.5,
        1.25
      ]
    },
    "thirdperson_lefthand": {
      "translation": [
        0,
        2.5,
        1.25
      ]
    },
    "firstperson_righthand": {
      "rotation": [
        -10,
        0,
        0
      ],
      "translation": [
        0,
        2.75,
        0
      ]
    },
    "firstperson_lefthand": {
      "rotation": [
        -10,
        0,
        0
      ],
      "translation": [
        0,
        2.75,
        0
      ]
    },
    "ground": {
      "translation": [
        0,
        10,
        0
      ]
    },
    "gui": {
      "rotation": [
        -90,
        45,
        90
      ],
      "translation": [
        2.25,
        -3,
        0
      ],
      "scale": [
        0.6582,
        0.6582,
        0.6582
      ]
    },
    "head": {
      "scale": [
        0,
        0,
        0
      ]
    },
    "fixed": {
      "rotation": [
        0,
        -90,
        0
      ],
      "translation": [
        0,
        -14.5,
        -0.5
      ],
      "scale": [
        2.5,
        2.5,
        2.5
      ]
    }
  }
}