{
  "credit": "Made by LZLeon with Blockbench, Contact - Discord: LZBlocks#0261 - E-Mail: lzblocks@outlook.com",
  "texture_size": [
    64,
    64
  ],
  "textures": {
    "1": "lzfurniture:furniture/medieval_market/medieval_market_hangingpot",
    "particle": "lzfurniture:furniture/medieval_market/medieval_market_hangingpot"
  },
  "elements": [
    {
      "from": [
        3,
        0,
        3
      ],
      "to": [
        13,
        7,
        13
      ],
      "rotation": {
        "angle": 0,
        "axis": "y",
        "origin": [
          8,
          3.5,
          8
        ]
      },
      "faces": {
        "north": {
          "uv": [
            2.5,
            2.5,
            5,
            4.25
          ],
          "texture": "#1"
        },
        "east": {
          "uv": [
            0,
            2.5,
            2.5,
            4.25
          ],
          "texture": "#1"
        },
        "south": {
          "uv": [
            7.5,
            2.5,
            10,
            4.25
          ],
          "texture": "#1"
        },
        "west": {
          "uv": [
            5,
            2.5,
            7.5,
            4.25
          ],
          "texture": "#1"
        },
        "up": {
          "uv": [
            5,
            2.5,
            2.5,
            0
          ],
          "texture": "#1"
        },
        "down": {
          "uv": [
            7.5,
            0,
            5,
            2.5
          ],
          "texture": "#1"
        }
      }
    },
    {
      "from": [
        2,
        4,
        8
      ],
      "to": [
        14,
        12,
        8
      ],
      "faces": {
        "north": {
          "uv": [
            6,
            6.75,
            9,
            8.75
          ],
          "texture": "#1"
        },
        "east": {
          "uv": [
            6,
            6.75,
            6,
            8.75
          ],
          "texture": "#1"
        },
        "south": {
          "uv": [
            9,
            6.75,
            12,
            8.75
          ],
          "texture": "#1"
        },
        "west": {
          "uv": [
            9,
            6.75,
            9,
            8.75
          ],
          "texture": "#1"
        },
        "up": {
          "uv": [
            9,
            6.75,
            6,
            6.75
          ],
          "texture": "#1"
        },
        "down": {
          "uv": [
            12,
            6.75,
            9,
            6.75
          ],
          "texture": "#1"
        }
      }
    },
    {
      "from": [
        8,
        12,
        2.5
      ],
      "to": [
        8,
        16,
        14.5
      ],
      "rotation": {
        "angle": -45,
        "axis": "y",
        "origin": [
          8,
          14,
          8
        ]
      },
      "faces": {
        "north": {
          "uv": [
            3,
            7.75,
            3,
            8.75
          ],
          "texture": "#1"
        },
        "east": {
          "uv": [
            0,
            7.75,
            3,
            8.75
          ],
          "texture": "#1"
        },
        "south": {
          "uv": [
            6,
            7.75,
            6,
            8.75
          ],
          "texture": "#1"
        },
        "west": {
          "uv": [
            3,
            7.75,
            6,
            8.75
          ],
          "texture": "#1"
        },
        "up": {
          "uv": [
            3,
            7.75,
            3,
            4.75
          ],
          "texture": "#1"
        },
        "down": {
          "uv": [
            3,
            4.75,
            3,
            7.75
          ],
          "texture": "#1"
        }
      }
    },
    {
      "from": [
        8,
        12,
        1.5
      ],
      "to": [
        8,
        16,
        13.5
      ],
      "rotation": {
        "angle": 45,
        "axis": "y",
        "origin": [
          8,
          14,
          8
        ]
      },
      "faces": {
        "north": {
          "uv": [
            3,
            6.75,
            3,
            7.75
          ],
          "texture": "#1"
        },
        "east": {
          "uv": [
            0,
            6.75,
            3,
            7.75
          ],
          "texture": "#1"
        },
        "south": {
          "uv": [
            6,
            6.75,
            6,
            7.75
          ],
          "texture": "#1"
        },
        "west": {
          "uv": [
            3,
            6.75,
            6,
            7.75
          ],
          "texture": "#1"
        },
        "up": {
          "uv": [
            3,
            6.75,
            3,
            3.75
          ],
          "texture": "#1"
        },
        "down": {
          "uv": [
            3,
            3.75,
            3,
            6.75
          ],
          "texture": "#1"
        }
      }
    },
    {
      "from": [
        3,
        5,
        3
      ],
      "to": [
        13,
        5,
        13
      ],
      "faces": {
        "north": {
          "uv": [
            2.5,
            6.75,
            5,
            6.75
          ],
          "texture": "#1"
        },
        "east": {
          "uv": [
            0,
            6.75,
            2.5,
            6.75
          ],
          "texture": "#1"
        },
        "south": {
          "uv": [
            7.5,
            6.75,
            10,
            6.75
          ],
          "texture": "#1"
        },
        "west": {
          "uv": [
            5,
            6.75,
            7.5,
            6.75
          ],
          "texture": "#1"
        },
        "up": {
          "uv": [
            5,
            6.75,
            2.5,
            4.25
          ],
          "texture": "#1"
        },
        "down": {
          "uv": [
            7.5,
            4.25,
            5,
            6.75
          ],
          "texture": "#1"
        }
      }
    },
    {
      "name": "cube inverted",
      "from": [
        13,
        7,
        13
      ],
      "to": [
        3,
        0,
        3
      ],
      "rotation": {
        "angle": 0,
        "axis": "y",
        "origin": [
          8,
          3.5,
          8
        ]
      },
      "faces": {
        "north": {
          "uv": [
            7.5,
            4.25,
            10,
            2.5
          ],
          "texture": "#1"
        },
        "east": {
          "uv": [
            5,
            4.25,
            7.5,
            2.5
          ],
          "texture": "#1"
        },
        "south": {
          "uv": [
            2.5,
            4.25,
            5,
            2.5
          ],
          "texture": "#1"
        },
        "west": {
          "uv": [
            0,
            4.25,
            2.5,
            2.5
          ],
          "texture": "#1"
        },
        "up": {
          "uv": [
            5,
            0,
            7.5,
            2.5
          ],
          "texture": "#1"
        },
        "down": {
          "uv": [
            2.5,
            2.5,
            5,
            0
          ],
          "texture": "#1"
        }
      }
    }
  ],
  "display": {
    "thirdperson_righthand": {
      "rotation": [
        60,
        -160,
        0
      ],
      "translation": [
        0,
        5.5,
        2
      ],
      "scale": [
        0.8,
        0.8,
        0.8
      ]
    },
    "thirdperson_lefthand": {
      "rotation": [
        60,
        -160,
        0
      ],
      "translation": [
        0,
        5.5,
        2
      ],
      "scale": [
        0.8,
        0.8,
        0.8
      ]
    },
    "firstperson_righthand": {
      "rotation": [
        0,
        -73,
        6
      ],
      "translation": [
        0.5,
        1.5,
        0
      ],
      "scale": [
        0.6,
        0.6,
        0.6
      ]
    },
    "firstperson_lefthand": {
      "rotation": [
        0,
        -73,
        6
      ],
      "translation": [
        0.5,
        1.5,
        0
      ],
      "scale": [
        0.6,
        0.6,
        0.6
      ]
    },
    "ground": {
      "translation": [
        0,
        1.5,
        0
      ],
      "scale": [
        0.5,
        0.5,
        0.5
      ]
    },
    "gui": {
      "rotation": [
        30,
        -40,
        0
      ],
      "translation": [
        0.25,
        1.5,
        0
      ],
      "scale": [
        0.7,
        0.7,
        0.7
      ]
    },
    "head": {
      "translation": [
        0,
        -30.4,
        0
      ],
      "scale": [
        1.6,
        1.6,
        1.6
      ]
    },
    "fixed": {
      "rotation": [
        90,
        0,
        0
      ],
      "translation": [
        0,
        0,
        -15
      ],
      "scale": [
        2,
        2,
        2
      ]
    }
  }
}