{"credit":"MadewithBlockbench","texture_size":[64,64],"textures":{"3":"elitecreatures:spooky_furniture_v1/coffin_blood_animation_sheet","4":"elitecreatures:spooky_furniture_v1/coffin"},"elements":[{"from":[3.2,5.6,11],"to":[14.2,8.6,12],"rotation":{"angle":-22.5,"axis":"z","origin":[8,8.5,11.5]},"faces":{"north":{"uv":[7.25,1.5,10,2.25],"texture":"#4"},"east":{"uv":[7.25,5.5,7.5,6.25],"texture":"#4"},"south":{"uv":[7.25,2.25,10,3],"texture":"#4"},"west":{"uv":[7.25,6.25,7.5,7],"texture":"#4"},"up":{"uv":[10,3.75,7.25,3.5],"texture":"#4"},"down":{"uv":[10,3.75,7.25,4],"texture":"#4"}}},{"name":"coffin","from":[2.5,0.001,4],"to":[13.5,23.001,11],"rotation":{"angle":0,"axis":"y","origin":[0.5,0,-3]},"faces":{"north":{"uv":[0,0,2.75,5.75],"texture":"#4"},"east":{"uv":[5.5,0,7.25,5.75],"texture":"#4"},"south":{"uv":[2.75,0,5.5,5.75],"texture":"#4"},"west":{"uv":[0,5.75,1.75,11.5],"texture":"#4"},"up":{"uv":[4.5,7.5,1.75,5.75],"texture":"#4"},"down":{"uv":[7.25,5.75,4.5,7.5],"texture":"#4"}}},{"name":"blood","from":[-5,0,4],"to":[20,0,22],"rotation":{"angle":0,"axis":"y","origin":[1,0,-3]},"faces":{"north":{"uv":[6.25,0,0,0],"texture":"#3"},"east":{"uv":[4.5,0,0,0],"texture":"#3"},"south":{"uv":[6.25,0,0,0],"texture":"#3"},"west":{"uv":[4.5,0,0,0],"texture":"#3"},"up":{"uv":[0,4.5,6.25,0],"texture":"#3"},"down":{"uv":[0,0,6.25,4.5],"texture":"#3"}}},{"from":[2,15.1,11],"to":[13,18.1,12],"rotation":{"angle":22.5,"axis":"z","origin":[8,17.5,11.5]},"faces":{"north":{"uv":[7.25,0,10,0.75],"texture":"#4"},"east":{"uv":[7.25,4,7.5,4.75],"texture":"#4"},"south":{"uv":[7.25,0.75,10,1.5],"texture":"#4"},"west":{"uv":[7.25,4.75,7.5,5.5],"texture":"#4"},"up":{"uv":[10,3.25,7.25,3],"texture":"#4"},"down":{"uv":[10,3.25,7.25,3.5],"texture":"#4"}}}],"gui_light":"front","display":{"thirdperson_righthand":{"rotation":[67.5,180,0],"translation":[0,1,0.25],"scale":[0.26367,0.26367,0.26367]},"thirdperson_lefthand":{"rotation":[67.5,180,0],"translation":[0,1,0.25],"scale":[0.26367,0.26367,0.26367]},"firstperson_righthand":{"translation":[0,3.25,2.25],"scale":[0.4043,0.4043,0.4043]},"firstperson_lefthand":{"translation":[0,3.25,2.25],"scale":[0.4043,0.4043,0.4043]},"ground":{"translation":[0,2.75,0],"scale":[0.38867,0.38867,0.38867]},"gui":{"rotation":[30,45,0],"translation":[0,-1.25,0],"scale":[0.53516,0.53516,0.53516]},"head":{"translation":[0,-30.25,0.75],"scale":[0,0,0]},"fixed":{"rotation":[-90,180,0],"translation":[0,4.98,-22.25],"scale":[2.76,2.76,2.76]}},"groups":[{"name":"coffin_blood","origin":[0.5,0,-3],"color":0,"children":[0,1,2,3]}]}