{"credit":"MadewithBlockbench","texture_size":[64,64],"textures":{"2":"elitecreatures:spooky_furniture_v1/table","6":"elitecreatures:spooky_furniture_v1/skull","particle":"elitecreatures:spooky_furniture_v1/table"},"elements":[{"from":[1,8.51,1],"to":[15,8.51,15],"rotation":{"angle":0,"axis":"y","origin":[9,0.5,7]},"faces":{"north":{"uv":[0,0,3.5,0],"texture":"#2"},"east":{"uv":[0,0,3.5,0],"texture":"#2"},"south":{"uv":[0,0,3.5,0],"texture":"#2"},"west":{"uv":[0,0,3.5,0],"texture":"#2"},"up":{"uv":[3.5,3.5,0,0],"rotation":90,"texture":"#2"},"down":{"uv":[3.5,3.5,0,7],"rotation":270,"texture":"#2"}}},{"from":[0.99,2.5,1],"to":[0.99,8.5,15],"rotation":{"angle":0,"axis":"y","origin":[10.001,0.5,7]},"faces":{"north":{"uv":[0,0,0,1.5],"texture":"#2"},"east":{"uv":[7,3.5,10.5,5],"texture":"#2"},"south":{"uv":[0,0,0,1.5],"texture":"#2"},"west":{"uv":[7,3.5,10.5,5],"texture":"#2"},"up":{"uv":[3.5,0,0,0],"rotation":90,"texture":"#2"},"down":{"uv":[3.5,0,0,0],"rotation":270,"texture":"#2"}}},{"from":[15,2.5,1],"to":[15,8.5,15],"rotation":{"angle":0,"axis":"y","origin":[10.001,0.5,7]},"faces":{"north":{"uv":[0,0,0,1.5],"texture":"#2"},"east":{"uv":[7,3.5,10.5,5],"texture":"#2"},"south":{"uv":[0,0,0,1.5],"texture":"#2"},"west":{"uv":[7,3.5,10.5,5],"texture":"#2"},"up":{"uv":[3.5,0,0,0],"rotation":90,"texture":"#2"},"down":{"uv":[3.5,0,0,0],"rotation":270,"texture":"#2"}}},{"from":[1,2.5,15.01],"to":[15,8.5,15.01],"rotation":{"angle":0,"axis":"y","origin":[7,0.5,5.999]},"faces":{"north":{"uv":[7,3.5,10.5,5],"texture":"#2"},"east":{"uv":[0,0,0,1.5],"texture":"#2"},"south":{"uv":[7,3.5,10.5,5],"texture":"#2"},"west":{"uv":[0,0,0,1.5],"texture":"#2"},"up":{"uv":[3.5,0,0,0],"texture":"#2"},"down":{"uv":[3.5,0,0,0],"texture":"#2"}}},{"from":[1,2.5,0.99],"to":[15,8.5,0.99],"rotation":{"angle":0,"axis":"y","origin":[7,0.5,5.999]},"faces":{"north":{"uv":[7,3.5,10.5,5],"texture":"#2"},"east":{"uv":[0,0,0,1.5],"texture":"#2"},"south":{"uv":[7,3.5,10.5,5],"texture":"#2"},"west":{"uv":[0,0,0,1.5],"texture":"#2"},"up":{"uv":[3.5,0,0,0],"texture":"#2"},"down":{"uv":[3.5,0,0,0],"texture":"#2"}}},{"from":[1,7.5,1],"to":[15,8.5,15],"rotation":{"angle":0,"axis":"y","origin":[7,0.5,7]},"faces":{"north":{"uv":[7,6,10.5,6.25],"texture":"#2"},"east":{"uv":[7,6,10.5,6.25],"texture":"#2"},"south":{"uv":[7,6,10.5,6.25],"texture":"#2"},"west":{"uv":[7,6,10.5,6.25],"texture":"#2"},"up":{"uv":[3.5,10.5,0,7],"texture":"#2"},"down":{"uv":[10.5,0,7,3.5],"texture":"#2"}}},{"from":[7.5,3.5,7.5],"to":[8.5,7.5,8.5],"rotation":{"angle":0,"axis":"y","origin":[-0.5,3.5,15.5]},"faces":{"north":{"uv":[7,7,7.25,8],"texture":"#2"},"east":{"uv":[7.5,7,7.75,8],"texture":"#2"},"south":{"uv":[7.5,7,7.75,8],"texture":"#2"},"west":{"uv":[7.75,7,8,8],"texture":"#2"},"up":{"uv":[7.25,8.25,7,8],"texture":"#2"},"down":{"uv":[8.25,7,8,7.25],"texture":"#2"}}},{"from":[7.4528,2.8,5.84],"to":[8.72,3.18016,7.1072],"rotation":{"angle":0,"axis":"y","origin":[8.0864,4.48164,6.79498]},"faces":{"north":{"uv":[5,8,3,8.5],"texture":"#6"},"east":{"uv":[10,2.5,8,3],"texture":"#6"},"south":{"uv":[10,2,8,2.5],"texture":"#6"},"west":{"uv":[10,3,8,3.5],"texture":"#6"},"up":{"uv":[2,4,0,6],"texture":"#6"},"down":{"uv":[4,6,2,4],"texture":"#6"}}},{"from":[7.4528,3.18016,6.06176],"to":[8.72,3.97216,7.1072],"rotation":{"angle":0,"axis":"y","origin":[8.0864,4.48164,6.79498]},"faces":{"north":{"uv":[8,3.5,6,4.75],"texture":"#6"},"east":{"uv":[8.75,7,7,8.25],"texture":"#6"},"south":{"uv":[8,2,6,3.25],"texture":"#6"},"west":{"uv":[1.75,8,0,9.25],"texture":"#6"},"up":{"uv":[6,4,4,5.75],"texture":"#6"},"down":{"uv":[2,7.75,0,6],"texture":"#6"}}},{"from":[7.4528,3.18016,5.84032],"to":[8.72,3.52864,5.84032],"rotation":{"angle":0,"axis":"y","origin":[8.0864,4.48164,6.79498]},"faces":{"north":{"uv":[10,4,8,4.5],"texture":"#6"},"east":{"uv":[0,0,0,0.5],"texture":"#6"},"south":{"uv":[10,3.5,8,4],"texture":"#6"},"west":{"uv":[0,0,0,0.5],"texture":"#6"},"up":{"uv":[2,0,0,0],"texture":"#6"},"down":{"uv":[2,0,0,0],"texture":"#6"}}},{"from":[8.8928,2.8,7.3664],"to":[10.16,3.18016,8.6336],"rotation":{"angle":0,"axis":"y","origin":[9.20502,4.48164,8]},"faces":{"north":{"uv":[10,3,8,3.5],"texture":"#6"},"east":{"uv":[5,8,3,8.5],"texture":"#6"},"south":{"uv":[10,2.5,8,3],"texture":"#6"},"west":{"uv":[10,2,8,2.5],"texture":"#6"},"up":{"uv":[2,4,0,6],"rotation":90,"texture":"#6"},"down":{"uv":[4,6,2,4],"rotation":270,"texture":"#6"}}},{"from":[8.8928,3.18016,7.3664],"to":[9.93824,3.97216,8.6336],"rotation":{"angle":0,"axis":"y","origin":[9.20502,4.48164,8]},"faces":{"north":{"uv":[1.75,8,0,9.25],"texture":"#6"},"east":{"uv":[8,3.5,6,4.75],"texture":"#6"},"south":{"uv":[8.75,7,7,8.25],"texture":"#6"},"west":{"uv":[8,2,6,3.25],"texture":"#6"},"up":{"uv":[6,4,4,5.75],"rotation":90,"texture":"#6"},"down":{"uv":[2,7.75,0,6],"rotation":270,"texture":"#6"}}},{"from":[10.15968,3.18016,7.3664],"to":[10.15968,3.52864,8.6336],"rotation":{"angle":0,"axis":"y","origin":[9.20502,4.48164,8]},"faces":{"north":{"uv":[0,0,0,0.5],"texture":"#6"},"east":{"uv":[10,4,8,4.5],"texture":"#6"},"south":{"uv":[0,0,0,0.5],"texture":"#6"},"west":{"uv":[10,3.5,8,4],"texture":"#6"},"up":{"uv":[2,0,0,0],"rotation":90,"texture":"#6"},"down":{"uv":[2,0,0,0],"rotation":270,"texture":"#6"}}},{"from":[7.136,3.28984,6.28034],"to":[9.0368,3.63832,6.28034],"rotation":{"angle":22.5,"axis":"x","origin":[8.0864,4.48164,6.79498]},"faces":{"north":{"uv":[11,0.5,8,1],"texture":"#6"},"east":{"uv":[0,0,0,0.5],"texture":"#6"},"south":{"uv":[11,0,8,0.5],"texture":"#6"},"west":{"uv":[0,0,0,0.5],"texture":"#6"},"up":{"uv":[3,0,0,0],"texture":"#6"},"down":{"uv":[3,0,0,0],"texture":"#6"}}},{"from":[8.21312,3.63832,6.28002],"to":[9.0368,3.86008,6.75522],"rotation":{"angle":22.5,"axis":"x","origin":[8.0864,4.48164,6.79498]},"faces":{"north":{"uv":[11.25,4,10,4.25],"texture":"#6"},"east":{"uv":[10.75,7.5,10,7.75],"texture":"#6"},"south":{"uv":[10.25,8,9,8.25],"texture":"#6"},"west":{"uv":[10.75,8.5,10,8.75],"texture":"#6"},"up":{"uv":[4.25,8.5,3,9.25],"texture":"#6"},"down":{"uv":[8.25,9.25,7,8.5],"texture":"#6"}}},{"from":[7.136,3.63832,6.28002],"to":[7.95968,3.86008,6.75522],"rotation":{"angle":22.5,"axis":"x","origin":[8.0864,4.48164,6.79498]},"faces":{"north":{"uv":[11.25,7,10,7.25],"texture":"#6"},"east":{"uv":[10.75,9,10,9.25],"texture":"#6"},"south":{"uv":[11.25,6.5,10,6.75],"texture":"#6"},"west":{"uv":[10.75,9.5,10,9.75],"texture":"#6"},"up":{"uv":[9.75,8.5,8.5,9.25],"texture":"#6"},"down":{"uv":[10.25,1.75,9,1],"texture":"#6"}}},{"from":[7.136,3.63832,6.75522],"to":[9.0368,4.81048,7.86402],"rotation":{"angle":22.5,"axis":"x","origin":[8.0864,4.48164,6.79498]},"faces":{"north":{"uv":[3,2,0,3.75],"texture":"#6"},"east":{"uv":[7.75,0,6,1.75],"texture":"#6"},"south":{"uv":[3,0,0,1.75],"texture":"#6"},"west":{"uv":[3.75,6,2,7.75],"texture":"#6"},"up":{"uv":[6,0,3,1.75],"texture":"#6"},"down":{"uv":[6,3.75,3,2],"texture":"#6"}}},{"from":[8.72,3.86008,6.28002],"to":[9.0368,4.39864,6.75522],"rotation":{"angle":22.5,"axis":"x","origin":[8.0864,4.48164,6.79498]},"faces":{"north":{"uv":[8.5,9.5,8,10.25],"texture":"#6"},"east":{"uv":[9.75,7,9,7.75],"texture":"#6"},"south":{"uv":[4.5,9.5,4,10.25],"texture":"#6"},"west":{"uv":[0.75,9.5,0,10.25],"texture":"#6"},"up":{"uv":[9,9.5,8.5,10.25],"texture":"#6"},"down":{"uv":[9.5,10.25,9,9.5],"texture":"#6"}}},{"from":[7.95968,3.86008,6.28002],"to":[8.21312,4.39864,6.75522],"rotation":{"angle":22.5,"axis":"x","origin":[8.0864,4.48164,6.79498]},"faces":{"north":{"uv":[6,10,5.5,10.75],"texture":"#6"},"east":{"uv":[10.25,4.5,9.5,5.25],"texture":"#6"},"south":{"uv":[5.5,10,5,10.75],"texture":"#6"},"west":{"uv":[7.75,9.5,7,10.25],"texture":"#6"},"up":{"uv":[10.5,5.5,10,6.25],"texture":"#6"},"down":{"uv":[6.5,10.75,6,10],"texture":"#6"}}},{"from":[7.136,3.86008,6.28002],"to":[7.4528,4.39864,6.75522],"rotation":{"angle":22.5,"axis":"x","origin":[8.0864,4.48164,6.79498]},"faces":{"north":{"uv":[10.5,2,10,2.75],"texture":"#6"},"east":{"uv":[1.75,9.5,1,10.25],"texture":"#6"},"south":{"uv":[10,9.5,9.5,10.25],"texture":"#6"},"west":{"uv":[3.75,9.5,3,10.25],"texture":"#6"},"up":{"uv":[10.5,3,10,3.75],"texture":"#6"},"down":{"uv":[5,10.75,4.5,10],"texture":"#6"}}},{"from":[7.136,4.39864,6.28002],"to":[9.0368,4.81048,6.75522],"rotation":{"angle":22.5,"axis":"x","origin":[8.0864,4.48164,6.79498]},"faces":{"north":{"uv":[9,5,6,5.75],"texture":"#6"},"east":{"uv":[5.75,9,5,9.75],"texture":"#6"},"south":{"uv":[7,6,4,6.75],"texture":"#6"},"west":{"uv":[6.75,9,6,9.75],"texture":"#6"},"up":{"uv":[7,7,4,7.75],"texture":"#6"},"down":{"uv":[10,6.75,7,6],"texture":"#6"}}},{"from":[9.71966,3.28984,7.0496],"to":[9.71966,3.63832,8.9504],"rotation":{"angle":22.5,"axis":"z","origin":[9.20502,4.48164,8]},"faces":{"north":{"uv":[0,0,0,0.5],"texture":"#6"},"east":{"uv":[11,0.5,8,1],"texture":"#6"},"south":{"uv":[0,0,0,0.5],"texture":"#6"},"west":{"uv":[11,0,8,0.5],"texture":"#6"},"up":{"uv":[3,0,0,0],"rotation":90,"texture":"#6"},"down":{"uv":[3,0,0,0],"rotation":270,"texture":"#6"}}},{"from":[9.24478,3.63832,8.12672],"to":[9.71998,3.86008,8.9504],"rotation":{"angle":22.5,"axis":"z","origin":[9.20502,4.48164,8]},"faces":{"north":{"uv":[10.75,8.5,10,8.75],"texture":"#6"},"east":{"uv":[11.25,4,10,4.25],"texture":"#6"},"south":{"uv":[10.75,7.5,10,7.75],"texture":"#6"},"west":{"uv":[10.25,8,9,8.25],"texture":"#6"},"up":{"uv":[4.25,8.5,3,9.25],"rotation":90,"texture":"#6"},"down":{"uv":[8.25,9.25,7,8.5],"rotation":270,"texture":"#6"}}},{"from":[9.24478,3.63832,7.0496],"to":[9.71998,3.86008,7.87328],"rotation":{"angle":22.5,"axis":"z","origin":[9.20502,4.48164,8]},"faces":{"north":{"uv":[10.75,9.5,10,9.75],"texture":"#6"},"east":{"uv":[11.25,7,10,7.25],"texture":"#6"},"south":{"uv":[10.75,9,10,9.25],"texture":"#6"},"west":{"uv":[11.25,6.5,10,6.75],"texture":"#6"},"up":{"uv":[9.75,8.5,8.5,9.25],"rotation":90,"texture":"#6"},"down":{"uv":[10.25,1.75,9,1],"rotation":270,"texture":"#6"}}},{"from":[8.13598,3.63832,7.0496],"to":[9.24478,4.81048,8.9504],"rotation":{"angle":22.5,"axis":"z","origin":[9.20502,4.48164,8]},"faces":{"north":{"uv":[3.75,6,2,7.75],"texture":"#6"},"east":{"uv":[3,2,0,3.75],"texture":"#6"},"south":{"uv":[7.75,0,6,1.75],"texture":"#6"},"west":{"uv":[3,0,0,1.75],"texture":"#6"},"up":{"uv":[6,0,3,1.75],"rotation":90,"texture":"#6"},"down":{"uv":[6,3.75,3,2],"rotation":270,"texture":"#6"}}},{"from":[9.24478,3.86008,8.6336],"to":[9.71998,4.39864,8.9504],"rotation":{"angle":22.5,"axis":"z","origin":[9.20502,4.48164,8]},"faces":{"north":{"uv":[0.75,9.5,0,10.25],"texture":"#6"},"east":{"uv":[8.5,9.5,8,10.25],"texture":"#6"},"south":{"uv":[9.75,7,9,7.75],"texture":"#6"},"west":{"uv":[4.5,9.5,4,10.25],"texture":"#6"},"up":{"uv":[9,9.5,8.5,10.25],"rotation":90,"texture":"#6"},"down":{"uv":[9.5,10.25,9,9.5],"rotation":270,"texture":"#6"}}},{"from":[9.24478,3.86008,7.87328],"to":[9.71998,4.39864,8.12672],"rotation":{"angle":22.5,"axis":"z","origin":[9.20502,4.48164,8]},"faces":{"north":{"uv":[7.75,9.5,7,10.25],"texture":"#6"},"east":{"uv":[6,10,5.5,10.75],"texture":"#6"},"south":{"uv":[10.25,4.5,9.5,5.25],"texture":"#6"},"west":{"uv":[5.5,10,5,10.75],"texture":"#6"},"up":{"uv":[10.5,5.5,10,6.25],"rotation":90,"texture":"#6"},"down":{"uv":[6.5,10.75,6,10],"rotation":270,"texture":"#6"}}},{"from":[9.24478,3.86008,7.0496],"to":[9.71998,4.39864,7.3664],"rotation":{"angle":22.5,"axis":"z","origin":[9.20502,4.48164,8]},"faces":{"north":{"uv":[3.75,9.5,3,10.25],"texture":"#6"},"east":{"uv":[10.5,2,10,2.75],"texture":"#6"},"south":{"uv":[1.75,9.5,1,10.25],"texture":"#6"},"west":{"uv":[10,9.5,9.5,10.25],"texture":"#6"},"up":{"uv":[10.5,3,10,3.75],"rotation":90,"texture":"#6"},"down":{"uv":[5,10.75,4.5,10],"rotation":270,"texture":"#6"}}},{"from":[9.24478,4.39864,7.0496],"to":[9.71998,4.81048,8.9504],"rotation":{"angle":22.5,"axis":"z","origin":[9.20502,4.48164,8]},"faces":{"north":{"uv":[6.75,9,6,9.75],"texture":"#6"},"east":{"uv":[9,5,6,5.75],"texture":"#6"},"south":{"uv":[5.75,9,5,9.75],"texture":"#6"},"west":{"uv":[7,6,4,6.75],"texture":"#6"},"up":{"uv":[7,7,4,7.75],"rotation":90,"texture":"#6"},"down":{"uv":[10,6.75,7,6],"rotation":270,"texture":"#6"}}},{"from":[7.4528,2.8,8.8928],"to":[8.72,3.18016,10.16],"rotation":{"angle":0,"axis":"y","origin":[8.0864,4.48164,9.20502]},"faces":{"north":{"uv":[8,2,10,2.5],"texture":"#6"},"east":{"uv":[8,2.5,10,3],"texture":"#6"},"south":{"uv":[3,8,5,8.5],"texture":"#6"},"west":{"uv":[8,3,10,3.5],"texture":"#6"},"up":{"uv":[2,6,0,4],"texture":"#6"},"down":{"uv":[4,4,2,6],"texture":"#6"}}},{"from":[7.4528,3.18016,8.8928],"to":[8.72,3.97216,9.93824],"rotation":{"angle":0,"axis":"y","origin":[8.0864,4.48164,9.20502]},"faces":{"north":{"uv":[6,2,8,3.25],"texture":"#6"},"east":{"uv":[7,7,8.75,8.25],"texture":"#6"},"south":{"uv":[6,3.5,8,4.75],"texture":"#6"},"west":{"uv":[0,8,1.75,9.25],"texture":"#6"},"up":{"uv":[6,5.75,4,4],"texture":"#6"},"down":{"uv":[2,6,0,7.75],"texture":"#6"}}},{"from":[7.4528,3.18016,10.15968],"to":[8.72,3.52864,10.15968],"rotation":{"angle":0,"axis":"y","origin":[8.0864,4.48164,9.20502]},"faces":{"north":{"uv":[8,3.5,10,4],"texture":"#6"},"east":{"uv":[0,0,0,0.5],"texture":"#6"},"south":{"uv":[8,4,10,4.5],"texture":"#6"},"west":{"uv":[0,0,0,0.5],"texture":"#6"},"up":{"uv":[2,0,0,0],"texture":"#6"},"down":{"uv":[2,0,0,0],"texture":"#6"}}},{"from":[5.84,2.8,7.3664],"to":[7.1072,3.18016,8.6336],"rotation":{"angle":0,"axis":"y","origin":[6.79498,4.48164,8]},"faces":{"north":{"uv":[8,3,10,3.5],"texture":"#6"},"east":{"uv":[8,2,10,2.5],"texture":"#6"},"south":{"uv":[8,2.5,10,3],"texture":"#6"},"west":{"uv":[3,8,5,8.5],"texture":"#6"},"up":{"uv":[2,6,0,4],"rotation":90,"texture":"#6"},"down":{"uv":[4,4,2,6],"rotation":270,"texture":"#6"}}},{"from":[6.06176,3.18016,7.3664],"to":[7.1072,3.97216,8.6336],"rotation":{"angle":0,"axis":"y","origin":[6.79498,4.48164,8]},"faces":{"north":{"uv":[0,8,1.75,9.25],"texture":"#6"},"east":{"uv":[6,2,8,3.25],"texture":"#6"},"south":{"uv":[7,7,8.75,8.25],"texture":"#6"},"west":{"uv":[6,3.5,8,4.75],"texture":"#6"},"up":{"uv":[6,5.75,4,4],"rotation":90,"texture":"#6"},"down":{"uv":[2,6,0,7.75],"rotation":270,"texture":"#6"}}},{"from":[5.84032,3.18016,7.3664],"to":[5.84032,3.52864,8.6336],"rotation":{"angle":0,"axis":"y","origin":[6.79498,4.48164,8]},"faces":{"north":{"uv":[0,0,0,0.5],"texture":"#6"},"east":{"uv":[8,3.5,10,4],"texture":"#6"},"south":{"uv":[0,0,0,0.5],"texture":"#6"},"west":{"uv":[8,4,10,4.5],"texture":"#6"},"up":{"uv":[2,0,0,0],"rotation":90,"texture":"#6"},"down":{"uv":[2,0,0,0],"rotation":270,"texture":"#6"}}},{"from":[7.136,3.28984,9.71966],"to":[9.0368,3.63832,9.71966],"rotation":{"angle":-22.5,"axis":"x","origin":[8.0864,4.48164,9.20502]},"faces":{"north":{"uv":[8,0,11,0.5],"texture":"#6"},"east":{"uv":[0,0,0,0.5],"texture":"#6"},"south":{"uv":[8,0.5,11,1],"texture":"#6"},"west":{"uv":[0,0,0,0.5],"texture":"#6"},"up":{"uv":[3,0,0,0],"texture":"#6"},"down":{"uv":[3,0,0,0],"texture":"#6"}}},{"from":[8.21312,3.63832,9.24478],"to":[9.0368,3.86008,9.71998],"rotation":{"angle":-22.5,"axis":"x","origin":[8.0864,4.48164,9.20502]},"faces":{"north":{"uv":[9,8,10.25,8.25],"texture":"#6"},"east":{"uv":[10,7.5,10.75,7.75],"texture":"#6"},"south":{"uv":[10,4,11.25,4.25],"texture":"#6"},"west":{"uv":[10,8.5,10.75,8.75],"texture":"#6"},"up":{"uv":[4.25,9.25,3,8.5],"texture":"#6"},"down":{"uv":[8.25,8.5,7,9.25],"texture":"#6"}}},{"from":[7.136,3.63832,9.24478],"to":[7.95968,3.86008,9.71998],"rotation":{"angle":-22.5,"axis":"x","origin":[8.0864,4.48164,9.20502]},"faces":{"north":{"uv":[10,6.5,11.25,6.75],"texture":"#6"},"east":{"uv":[10,9,10.75,9.25],"texture":"#6"},"south":{"uv":[10,7,11.25,7.25],"texture":"#6"},"west":{"uv":[10,9.5,10.75,9.75],"texture":"#6"},"up":{"uv":[9.75,9.25,8.5,8.5],"texture":"#6"},"down":{"uv":[10.25,1,9,1.75],"texture":"#6"}}},{"from":[7.136,3.63832,8.13598],"to":[9.0368,4.81048,9.24478],"rotation":{"angle":-22.5,"axis":"x","origin":[8.0864,4.48164,9.20502]},"faces":{"north":{"uv":[0,0,3,1.75],"texture":"#6"},"east":{"uv":[6,0,7.75,1.75],"texture":"#6"},"south":{"uv":[0,2,3,3.75],"texture":"#6"},"west":{"uv":[2,6,3.75,7.75],"texture":"#6"},"up":{"uv":[6,1.75,3,0],"texture":"#6"},"down":{"uv":[6,2,3,3.75],"texture":"#6"}}},{"from":[8.72,3.86008,9.24478],"to":[9.0368,4.39864,9.71998],"rotation":{"angle":-22.5,"axis":"x","origin":[8.0864,4.48164,9.20502]},"faces":{"north":{"uv":[4,9.5,4.5,10.25],"texture":"#6"},"east":{"uv":[9,7,9.75,7.75],"texture":"#6"},"south":{"uv":[8,9.5,8.5,10.25],"texture":"#6"},"west":{"uv":[0,9.5,0.75,10.25],"texture":"#6"},"up":{"uv":[9,10.25,8.5,9.5],"texture":"#6"},"down":{"uv":[9.5,9.5,9,10.25],"texture":"#6"}}},{"from":[7.95968,3.86008,9.24478],"to":[8.21312,4.39864,9.71998],"rotation":{"angle":-22.5,"axis":"x","origin":[8.0864,4.48164,9.20502]},"faces":{"north":{"uv":[5,10,5.5,10.75],"texture":"#6"},"east":{"uv":[9.5,4.5,10.25,5.25],"texture":"#6"},"south":{"uv":[5.5,10,6,10.75],"texture":"#6"},"west":{"uv":[7,9.5,7.75,10.25],"texture":"#6"},"up":{"uv":[10.5,6.25,10,5.5],"texture":"#6"},"down":{"uv":[6.5,10,6,10.75],"texture":"#6"}}},{"from":[7.136,3.86008,9.24478],"to":[7.4528,4.39864,9.71998],"rotation":{"angle":-22.5,"axis":"x","origin":[8.0864,4.48164,9.20502]},"faces":{"north":{"uv":[9.5,9.5,10,10.25],"texture":"#6"},"east":{"uv":[1,9.5,1.75,10.25],"texture":"#6"},"south":{"uv":[10,2,10.5,2.75],"texture":"#6"},"west":{"uv":[3,9.5,3.75,10.25],"texture":"#6"},"up":{"uv":[10.5,3.75,10,3],"texture":"#6"},"down":{"uv":[5,10,4.5,10.75],"texture":"#6"}}},{"from":[7.136,4.39864,9.24478],"to":[9.0368,4.81048,9.71998],"rotation":{"angle":-22.5,"axis":"x","origin":[8.0864,4.48164,9.20502]},"faces":{"north":{"uv":[4,6,7,6.75],"texture":"#6"},"east":{"uv":[5,9,5.75,9.75],"texture":"#6"},"south":{"uv":[6,5,9,5.75],"texture":"#6"},"west":{"uv":[6,9,6.75,9.75],"texture":"#6"},"up":{"uv":[7,7.75,4,7],"texture":"#6"},"down":{"uv":[10,6,7,6.75],"texture":"#6"}}},{"from":[6.28034,3.28984,7.0496],"to":[6.28034,3.63832,8.9504],"rotation":{"angle":-22.5,"axis":"z","origin":[6.79498,4.48164,8]},"faces":{"north":{"uv":[0,0,0,0.5],"texture":"#6"},"east":{"uv":[8,0,11,0.5],"texture":"#6"},"south":{"uv":[0,0,0,0.5],"texture":"#6"},"west":{"uv":[8,0.5,11,1],"texture":"#6"},"up":{"uv":[3,0,0,0],"rotation":90,"texture":"#6"},"down":{"uv":[3,0,0,0],"rotation":270,"texture":"#6"}}},{"from":[6.28002,3.63832,8.12672],"to":[6.75522,3.86008,8.9504],"rotation":{"angle":-22.5,"axis":"z","origin":[6.79498,4.48164,8]},"faces":{"north":{"uv":[10,8.5,10.75,8.75],"texture":"#6"},"east":{"uv":[9,8,10.25,8.25],"texture":"#6"},"south":{"uv":[10,7.5,10.75,7.75],"texture":"#6"},"west":{"uv":[10,4,11.25,4.25],"texture":"#6"},"up":{"uv":[4.25,9.25,3,8.5],"rotation":90,"texture":"#6"},"down":{"uv":[8.25,8.5,7,9.25],"rotation":270,"texture":"#6"}}},{"from":[6.28002,3.63832,7.0496],"to":[6.75522,3.86008,7.87328],"rotation":{"angle":-22.5,"axis":"z","origin":[6.79498,4.48164,8]},"faces":{"north":{"uv":[10,9.5,10.75,9.75],"texture":"#6"},"east":{"uv":[10,6.5,11.25,6.75],"texture":"#6"},"south":{"uv":[10,9,10.75,9.25],"texture":"#6"},"west":{"uv":[10,7,11.25,7.25],"texture":"#6"},"up":{"uv":[9.75,9.25,8.5,8.5],"rotation":90,"texture":"#6"},"down":{"uv":[10.25,1,9,1.75],"rotation":270,"texture":"#6"}}},{"from":[6.75522,3.63832,7.0496],"to":[7.86402,4.81048,8.9504],"rotation":{"angle":-22.5,"axis":"z","origin":[6.79498,4.48164,8]},"faces":{"north":{"uv":[2,6,3.75,7.75],"texture":"#6"},"east":{"uv":[0,0,3,1.75],"texture":"#6"},"south":{"uv":[6,0,7.75,1.75],"texture":"#6"},"west":{"uv":[0,2,3,3.75],"texture":"#6"},"up":{"uv":[6,1.75,3,0],"rotation":90,"texture":"#6"},"down":{"uv":[6,2,3,3.75],"rotation":270,"texture":"#6"}}},{"from":[6.28002,3.86008,8.6336],"to":[6.75522,4.39864,8.9504],"rotation":{"angle":-22.5,"axis":"z","origin":[6.79498,4.48164,8]},"faces":{"north":{"uv":[0,9.5,0.75,10.25],"texture":"#6"},"east":{"uv":[4,9.5,4.5,10.25],"texture":"#6"},"south":{"uv":[9,7,9.75,7.75],"texture":"#6"},"west":{"uv":[8,9.5,8.5,10.25],"texture":"#6"},"up":{"uv":[9,10.25,8.5,9.5],"rotation":90,"texture":"#6"},"down":{"uv":[9.5,9.5,9,10.25],"rotation":270,"texture":"#6"}}},{"from":[6.28002,3.86008,7.87328],"to":[6.75522,4.39864,8.12672],"rotation":{"angle":-22.5,"axis":"z","origin":[6.79498,4.48164,8]},"faces":{"north":{"uv":[7,9.5,7.75,10.25],"texture":"#6"},"east":{"uv":[5,10,5.5,10.75],"texture":"#6"},"south":{"uv":[9.5,4.5,10.25,5.25],"texture":"#6"},"west":{"uv":[5.5,10,6,10.75],"texture":"#6"},"up":{"uv":[10.5,6.25,10,5.5],"rotation":90,"texture":"#6"},"down":{"uv":[6.5,10,6,10.75],"rotation":270,"texture":"#6"}}},{"from":[6.28002,3.86008,7.0496],"to":[6.75522,4.39864,7.3664],"rotation":{"angle":-22.5,"axis":"z","origin":[6.79498,4.48164,8]},"faces":{"north":{"uv":[3,9.5,3.75,10.25],"texture":"#6"},"east":{"uv":[9.5,9.5,10,10.25],"texture":"#6"},"south":{"uv":[1,9.5,1.75,10.25],"texture":"#6"},"west":{"uv":[10,2,10.5,2.75],"texture":"#6"},"up":{"uv":[10.5,3.75,10,3],"rotation":90,"texture":"#6"},"down":{"uv":[5,10,4.5,10.75],"rotation":270,"texture":"#6"}}},{"from":[6.28002,4.39864,7.0496],"to":[6.75522,4.81048,8.9504],"rotation":{"angle":-22.5,"axis":"z","origin":[6.79498,4.48164,8]},"faces":{"north":{"uv":[6,9,6.75,9.75],"texture":"#6"},"east":{"uv":[4,6,7,6.75],"texture":"#6"},"south":{"uv":[5,9,5.75,9.75],"texture":"#6"},"west":{"uv":[6,5,9,5.75],"texture":"#6"},"up":{"uv":[7,7.75,4,7],"rotation":90,"texture":"#6"},"down":{"uv":[10,6,7,6.75],"rotation":270,"texture":"#6"}}},{"from":[7.24,0,9.24],"to":[9,0.528,11],"rotation":{"angle":0,"axis":"y","origin":[8.12,2.3356,9.67364]},"faces":{"north":{"uv":[8,2,10,2.5],"texture":"#6"},"east":{"uv":[8,2.5,10,3],"texture":"#6"},"south":{"uv":[3,8,5,8.5],"texture":"#6"},"west":{"uv":[8,3,10,3.5],"texture":"#6"},"up":{"uv":[2,6,0,4],"texture":"#6"},"down":{"uv":[4,4,2,6],"texture":"#6"}}},{"from":[7.24,0.528,9.24],"to":[9,1.628,10.692],"rotation":{"angle":0,"axis":"y","origin":[8.12,2.3356,9.67364]},"faces":{"north":{"uv":[6,2,8,3.25],"texture":"#6"},"east":{"uv":[7,7,8.75,8.25],"texture":"#6"},"south":{"uv":[6,3.5,8,4.75],"texture":"#6"},"west":{"uv":[0,8,1.75,9.25],"texture":"#6"},"up":{"uv":[6,5.75,4,4],"texture":"#6"},"down":{"uv":[2,6,0,7.75],"texture":"#6"}}},{"from":[7.24,0.528,10.99956],"to":[9,1.012,10.99956],"rotation":{"angle":0,"axis":"y","origin":[8.12,2.3356,9.67364]},"faces":{"north":{"uv":[8,3.5,10,4],"texture":"#6"},"east":{"uv":[0,0,0,0.5],"texture":"#6"},"south":{"uv":[8,4,10,4.5],"texture":"#6"},"west":{"uv":[0,0,0,0.5],"texture":"#6"},"up":{"uv":[2,0,0,0],"texture":"#6"},"down":{"uv":[2,0,0,0],"texture":"#6"}}},{"from":[6.8,0.68033,10.38842],"to":[9.44,1.16433,10.38842],"rotation":{"angle":-22.5,"axis":"x","origin":[8.12,2.3356,9.67364]},"faces":{"north":{"uv":[8,0,11,0.5],"texture":"#6"},"east":{"uv":[0,0,0,0.5],"texture":"#6"},"south":{"uv":[8,0.5,11,1],"texture":"#6"},"west":{"uv":[0,0,0,0.5],"texture":"#6"},"up":{"uv":[3,0,0,0],"texture":"#6"},"down":{"uv":[3,0,0,0],"texture":"#6"}}},{"from":[8.296,1.16433,9.72886],"to":[9.44,1.47233,10.38886],"rotation":{"angle":-22.5,"axis":"x","origin":[8.12,2.3356,9.67364]},"faces":{"north":{"uv":[9,8,10.25,8.25],"texture":"#6"},"east":{"uv":[10,7.5,10.75,7.75],"texture":"#6"},"south":{"uv":[10,4,11.25,4.25],"texture":"#6"},"west":{"uv":[10,8.5,10.75,8.75],"texture":"#6"},"up":{"uv":[4.25,9.25,3,8.5],"texture":"#6"},"down":{"uv":[8.25,8.5,7,9.25],"texture":"#6"}}},{"from":[6.8,1.16433,9.72886],"to":[7.944,1.47233,10.38886],"rotation":{"angle":-22.5,"axis":"x","origin":[8.12,2.3356,9.67364]},"faces":{"north":{"uv":[10,6.5,11.25,6.75],"texture":"#6"},"east":{"uv":[10,9,10.75,9.25],"texture":"#6"},"south":{"uv":[10,7,11.25,7.25],"texture":"#6"},"west":{"uv":[10,9.5,10.75,9.75],"texture":"#6"},"up":{"uv":[9.75,9.25,8.5,8.5],"texture":"#6"},"down":{"uv":[10.25,1,9,1.75],"texture":"#6"}}},{"from":[6.8,1.16433,8.18886],"to":[9.44,2.79233,9.72886],"rotation":{"angle":-22.5,"axis":"x","origin":[8.12,2.3356,9.67364]},"faces":{"north":{"uv":[0,0,3,1.75],"texture":"#6"},"east":{"uv":[6,0,7.75,1.75],"texture":"#6"},"south":{"uv":[0,2,3,3.75],"texture":"#6"},"west":{"uv":[2,6,3.75,7.75],"texture":"#6"},"up":{"uv":[6,1.75,3,0],"texture":"#6"},"down":{"uv":[6,2,3,3.75],"texture":"#6"}}},{"from":[9,1.47233,9.72886],"to":[9.44,2.22033,10.38886],"rotation":{"angle":-22.5,"axis":"x","origin":[8.12,2.3356,9.67364]},"faces":{"north":{"uv":[4,9.5,4.5,10.25],"texture":"#6"},"east":{"uv":[9,7,9.75,7.75],"texture":"#6"},"south":{"uv":[8,9.5,8.5,10.25],"texture":"#6"},"west":{"uv":[0,9.5,0.75,10.25],"texture":"#6"},"up":{"uv":[9,10.25,8.5,9.5],"texture":"#6"},"down":{"uv":[9.5,9.5,9,10.25],"texture":"#6"}}},{"from":[7.944,1.47233,9.72886],"to":[8.296,2.22033,10.38886],"rotation":{"angle":-22.5,"axis":"x","origin":[8.12,2.3356,9.67364]},"faces":{"north":{"uv":[5,10,5.5,10.75],"texture":"#6"},"east":{"uv":[9.5,4.5,10.25,5.25],"texture":"#6"},"south":{"uv":[5.5,10,6,10.75],"texture":"#6"},"west":{"uv":[7,9.5,7.75,10.25],"texture":"#6"},"up":{"uv":[10.5,6.25,10,5.5],"texture":"#6"},"down":{"uv":[6.5,10,6,10.75],"texture":"#6"}}},{"from":[6.8,1.47233,9.72886],"to":[7.24,2.22033,10.38886],"rotation":{"angle":-22.5,"axis":"x","origin":[8.12,2.3356,9.67364]},"faces":{"north":{"uv":[9.5,9.5,10,10.25],"texture":"#6"},"east":{"uv":[1,9.5,1.75,10.25],"texture":"#6"},"south":{"uv":[10,2,10.5,2.75],"texture":"#6"},"west":{"uv":[3,9.5,3.75,10.25],"texture":"#6"},"up":{"uv":[10.5,3.75,10,3],"texture":"#6"},"down":{"uv":[5,10,4.5,10.75],"texture":"#6"}}},{"from":[6.8,2.22033,9.72886],"to":[9.44,2.79233,10.38886],"rotation":{"angle":-22.5,"axis":"x","origin":[8.12,2.3356,9.67364]},"faces":{"north":{"uv":[4,6,7,6.75],"texture":"#6"},"east":{"uv":[5,9,5.75,9.75],"texture":"#6"},"south":{"uv":[6,5,9,5.75],"texture":"#6"},"west":{"uv":[6,9,6.75,9.75],"texture":"#6"},"up":{"uv":[7,7.75,4,7],"texture":"#6"},"down":{"uv":[10,6,7,6.75],"texture":"#6"}}},{"from":[9.24,0,7.12],"to":[11,0.528,8.88],"rotation":{"angle":0,"axis":"y","origin":[9.67364,2.3356,8]},"faces":{"north":{"uv":[10,3,8,3.5],"texture":"#6"},"east":{"uv":[5,8,3,8.5],"texture":"#6"},"south":{"uv":[10,2.5,8,3],"texture":"#6"},"west":{"uv":[10,2,8,2.5],"texture":"#6"},"up":{"uv":[2,4,0,6],"rotation":90,"texture":"#6"},"down":{"uv":[4,6,2,4],"rotation":270,"texture":"#6"}}},{"from":[9.24,0.528,7.12],"to":[10.692,1.628,8.88],"rotation":{"angle":0,"axis":"y","origin":[9.67364,2.3356,8]},"faces":{"north":{"uv":[1.75,8,0,9.25],"texture":"#6"},"east":{"uv":[8,3.5,6,4.75],"texture":"#6"},"south":{"uv":[8.75,7,7,8.25],"texture":"#6"},"west":{"uv":[8,2,6,3.25],"texture":"#6"},"up":{"uv":[6,4,4,5.75],"rotation":90,"texture":"#6"},"down":{"uv":[2,7.75,0,6],"rotation":270,"texture":"#6"}}},{"from":[10.99956,0.528,7.12],"to":[10.99956,1.012,8.88],"rotation":{"angle":0,"axis":"y","origin":[9.67364,2.3356,8]},"faces":{"north":{"uv":[0,0,0,0.5],"texture":"#6"},"east":{"uv":[10,4,8,4.5],"texture":"#6"},"south":{"uv":[0,0,0,0.5],"texture":"#6"},"west":{"uv":[10,3.5,8,4],"texture":"#6"},"up":{"uv":[2,0,0,0],"rotation":90,"texture":"#6"},"down":{"uv":[2,0,0,0],"rotation":270,"texture":"#6"}}},{"from":[10.38842,0.68033,6.68],"to":[10.38842,1.16433,9.32],"rotation":{"angle":22.5,"axis":"z","origin":[9.67364,2.3356,8]},"faces":{"north":{"uv":[0,0,0,0.5],"texture":"#6"},"east":{"uv":[11,0.5,8,1],"texture":"#6"},"south":{"uv":[0,0,0,0.5],"texture":"#6"},"west":{"uv":[11,0,8,0.5],"texture":"#6"},"up":{"uv":[3,0,0,0],"rotation":90,"texture":"#6"},"down":{"uv":[3,0,0,0],"rotation":270,"texture":"#6"}}},{"from":[9.72886,1.16433,8.176],"to":[10.38886,1.47233,9.32],"rotation":{"angle":22.5,"axis":"z","origin":[9.67364,2.3356,8]},"faces":{"north":{"uv":[10.75,8.5,10,8.75],"texture":"#6"},"east":{"uv":[11.25,4,10,4.25],"texture":"#6"},"south":{"uv":[10.75,7.5,10,7.75],"texture":"#6"},"west":{"uv":[10.25,8,9,8.25],"texture":"#6"},"up":{"uv":[4.25,8.5,3,9.25],"rotation":90,"texture":"#6"},"down":{"uv":[8.25,9.25,7,8.5],"rotation":270,"texture":"#6"}}},{"from":[9.72886,1.16433,6.68],"to":[10.38886,1.47233,7.824],"rotation":{"angle":22.5,"axis":"z","origin":[9.67364,2.3356,8]},"faces":{"north":{"uv":[10.75,9.5,10,9.75],"texture":"#6"},"east":{"uv":[11.25,7,10,7.25],"texture":"#6"},"south":{"uv":[10.75,9,10,9.25],"texture":"#6"},"west":{"uv":[11.25,6.5,10,6.75],"texture":"#6"},"up":{"uv":[9.75,8.5,8.5,9.25],"rotation":90,"texture":"#6"},"down":{"uv":[10.25,1.75,9,1],"rotation":270,"texture":"#6"}}},{"from":[8.18886,1.16433,6.68],"to":[9.72886,2.79233,9.32],"rotation":{"angle":22.5,"axis":"z","origin":[9.67364,2.3356,8]},"faces":{"north":{"uv":[3.75,6,2,7.75],"texture":"#6"},"east":{"uv":[3,2,0,3.75],"texture":"#6"},"south":{"uv":[7.75,0,6,1.75],"texture":"#6"},"west":{"uv":[3,0,0,1.75],"texture":"#6"},"up":{"uv":[6,0,3,1.75],"rotation":90,"texture":"#6"},"down":{"uv":[6,3.75,3,2],"rotation":270,"texture":"#6"}}},{"from":[9.72886,1.47233,8.88],"to":[10.38886,2.22033,9.32],"rotation":{"angle":22.5,"axis":"z","origin":[9.67364,2.3356,8]},"faces":{"north":{"uv":[0.75,9.5,0,10.25],"texture":"#6"},"east":{"uv":[8.5,9.5,8,10.25],"texture":"#6"},"south":{"uv":[9.75,7,9,7.75],"texture":"#6"},"west":{"uv":[4.5,9.5,4,10.25],"texture":"#6"},"up":{"uv":[9,9.5,8.5,10.25],"rotation":90,"texture":"#6"},"down":{"uv":[9.5,10.25,9,9.5],"rotation":270,"texture":"#6"}}},{"from":[9.72886,1.47233,7.824],"to":[10.38886,2.22033,8.176],"rotation":{"angle":22.5,"axis":"z","origin":[9.67364,2.3356,8]},"faces":{"north":{"uv":[7.75,9.5,7,10.25],"texture":"#6"},"east":{"uv":[6,10,5.5,10.75],"texture":"#6"},"south":{"uv":[10.25,4.5,9.5,5.25],"texture":"#6"},"west":{"uv":[5.5,10,5,10.75],"texture":"#6"},"up":{"uv":[10.5,5.5,10,6.25],"rotation":90,"texture":"#6"},"down":{"uv":[6.5,10.75,6,10],"rotation":270,"texture":"#6"}}},{"from":[9.72886,1.47233,6.68],"to":[10.38886,2.22033,7.12],"rotation":{"angle":22.5,"axis":"z","origin":[9.67364,2.3356,8]},"faces":{"north":{"uv":[3.75,9.5,3,10.25],"texture":"#6"},"east":{"uv":[10.5,2,10,2.75],"texture":"#6"},"south":{"uv":[1.75,9.5,1,10.25],"texture":"#6"},"west":{"uv":[10,9.5,9.5,10.25],"texture":"#6"},"up":{"uv":[10.5,3,10,3.75],"rotation":90,"texture":"#6"},"down":{"uv":[5,10.75,4.5,10],"rotation":270,"texture":"#6"}}},{"from":[9.72886,2.22033,6.68],"to":[10.38886,2.79233,9.32],"rotation":{"angle":22.5,"axis":"z","origin":[9.67364,2.3356,8]},"faces":{"north":{"uv":[6.75,9,6,9.75],"texture":"#6"},"east":{"uv":[9,5,6,5.75],"texture":"#6"},"south":{"uv":[5.75,9,5,9.75],"texture":"#6"},"west":{"uv":[7,6,4,6.75],"texture":"#6"},"up":{"uv":[7,7,4,7.75],"rotation":90,"texture":"#6"},"down":{"uv":[10,6.75,7,6],"rotation":270,"texture":"#6"}}},{"from":[5,0,7.12],"to":[6.76,0.528,8.88],"rotation":{"angle":0,"axis":"y","origin":[6.32636,2.3356,8]},"faces":{"north":{"uv":[8,3,10,3.5],"texture":"#6"},"east":{"uv":[8,2,10,2.5],"texture":"#6"},"south":{"uv":[8,2.5,10,3],"texture":"#6"},"west":{"uv":[3,8,5,8.5],"texture":"#6"},"up":{"uv":[2,6,0,4],"rotation":90,"texture":"#6"},"down":{"uv":[4,4,2,6],"rotation":270,"texture":"#6"}}},{"from":[5.308,0.528,7.12],"to":[6.76,1.628,8.88],"rotation":{"angle":0,"axis":"y","origin":[6.32636,2.3356,8]},"faces":{"north":{"uv":[0,8,1.75,9.25],"texture":"#6"},"east":{"uv":[6,2,8,3.25],"texture":"#6"},"south":{"uv":[7,7,8.75,8.25],"texture":"#6"},"west":{"uv":[6,3.5,8,4.75],"texture":"#6"},"up":{"uv":[6,5.75,4,4],"rotation":90,"texture":"#6"},"down":{"uv":[2,6,0,7.75],"rotation":270,"texture":"#6"}}},{"from":[5.00044,0.528,7.12],"to":[5.00044,1.012,8.88],"rotation":{"angle":0,"axis":"y","origin":[6.32636,2.3356,8]},"faces":{"north":{"uv":[0,0,0,0.5],"texture":"#6"},"east":{"uv":[8,3.5,10,4],"texture":"#6"},"south":{"uv":[0,0,0,0.5],"texture":"#6"},"west":{"uv":[8,4,10,4.5],"texture":"#6"},"up":{"uv":[2,0,0,0],"rotation":90,"texture":"#6"},"down":{"uv":[2,0,0,0],"rotation":270,"texture":"#6"}}},{"from":[5.61158,0.68033,6.68],"to":[5.61158,1.16433,9.32],"rotation":{"angle":-22.5,"axis":"z","origin":[6.32636,2.3356,8]},"faces":{"north":{"uv":[0,0,0,0.5],"texture":"#6"},"east":{"uv":[8,0,11,0.5],"texture":"#6"},"south":{"uv":[0,0,0,0.5],"texture":"#6"},"west":{"uv":[8,0.5,11,1],"texture":"#6"},"up":{"uv":[3,0,0,0],"rotation":90,"texture":"#6"},"down":{"uv":[3,0,0,0],"rotation":270,"texture":"#6"}}},{"from":[5.61114,1.16433,8.176],"to":[6.27114,1.47233,9.32],"rotation":{"angle":-22.5,"axis":"z","origin":[6.32636,2.3356,8]},"faces":{"north":{"uv":[10,8.5,10.75,8.75],"texture":"#6"},"east":{"uv":[9,8,10.25,8.25],"texture":"#6"},"south":{"uv":[10,7.5,10.75,7.75],"texture":"#6"},"west":{"uv":[10,4,11.25,4.25],"texture":"#6"},"up":{"uv":[4.25,9.25,3,8.5],"rotation":90,"texture":"#6"},"down":{"uv":[8.25,8.5,7,9.25],"rotation":270,"texture":"#6"}}},{"from":[5.61114,1.16433,6.68],"to":[6.27114,1.47233,7.824],"rotation":{"angle":-22.5,"axis":"z","origin":[6.32636,2.3356,8]},"faces":{"north":{"uv":[10,9.5,10.75,9.75],"texture":"#6"},"east":{"uv":[10,6.5,11.25,6.75],"texture":"#6"},"south":{"uv":[10,9,10.75,9.25],"texture":"#6"},"west":{"uv":[10,7,11.25,7.25],"texture":"#6"},"up":{"uv":[9.75,9.25,8.5,8.5],"rotation":90,"texture":"#6"},"down":{"uv":[10.25,1,9,1.75],"rotation":270,"texture":"#6"}}},{"from":[6.27114,1.16433,6.68],"to":[7.81114,2.79233,9.32],"rotation":{"angle":-22.5,"axis":"z","origin":[6.32636,2.3356,8]},"faces":{"north":{"uv":[2,6,3.75,7.75],"texture":"#6"},"east":{"uv":[0,0,3,1.75],"texture":"#6"},"south":{"uv":[6,0,7.75,1.75],"texture":"#6"},"west":{"uv":[0,2,3,3.75],"texture":"#6"},"up":{"uv":[6,1.75,3,0],"rotation":90,"texture":"#6"},"down":{"uv":[6,2,3,3.75],"rotation":270,"texture":"#6"}}},{"from":[5.61114,1.47233,8.88],"to":[6.27114,2.22033,9.32],"rotation":{"angle":-22.5,"axis":"z","origin":[6.32636,2.3356,8]},"faces":{"north":{"uv":[0,9.5,0.75,10.25],"texture":"#6"},"east":{"uv":[4,9.5,4.5,10.25],"texture":"#6"},"south":{"uv":[9,7,9.75,7.75],"texture":"#6"},"west":{"uv":[8,9.5,8.5,10.25],"texture":"#6"},"up":{"uv":[9,10.25,8.5,9.5],"rotation":90,"texture":"#6"},"down":{"uv":[9.5,9.5,9,10.25],"rotation":270,"texture":"#6"}}},{"from":[5.61114,1.47233,7.824],"to":[6.27114,2.22033,8.176],"rotation":{"angle":-22.5,"axis":"z","origin":[6.32636,2.3356,8]},"faces":{"north":{"uv":[7,9.5,7.75,10.25],"texture":"#6"},"east":{"uv":[5,10,5.5,10.75],"texture":"#6"},"south":{"uv":[9.5,4.5,10.25,5.25],"texture":"#6"},"west":{"uv":[5.5,10,6,10.75],"texture":"#6"},"up":{"uv":[10.5,6.25,10,5.5],"rotation":90,"texture":"#6"},"down":{"uv":[6.5,10,6,10.75],"rotation":270,"texture":"#6"}}},{"from":[5.61114,1.47233,6.68],"to":[6.27114,2.22033,7.12],"rotation":{"angle":-22.5,"axis":"z","origin":[6.32636,2.3356,8]},"faces":{"north":{"uv":[3,9.5,3.75,10.25],"texture":"#6"},"east":{"uv":[9.5,9.5,10,10.25],"texture":"#6"},"south":{"uv":[1,9.5,1.75,10.25],"texture":"#6"},"west":{"uv":[10,2,10.5,2.75],"texture":"#6"},"up":{"uv":[10.5,3.75,10,3],"rotation":90,"texture":"#6"},"down":{"uv":[5,10,4.5,10.75],"rotation":270,"texture":"#6"}}},{"from":[5.61114,2.22033,6.68],"to":[6.27114,2.79233,9.32],"rotation":{"angle":-22.5,"axis":"z","origin":[6.32636,2.3356,8]},"faces":{"north":{"uv":[6,9,6.75,9.75],"texture":"#6"},"east":{"uv":[4,6,7,6.75],"texture":"#6"},"south":{"uv":[5,9,5.75,9.75],"texture":"#6"},"west":{"uv":[6,5,9,5.75],"texture":"#6"},"up":{"uv":[7,7.75,4,7],"rotation":90,"texture":"#6"},"down":{"uv":[10,6,7,6.75],"rotation":270,"texture":"#6"}}},{"from":[7.24,0,5],"to":[9,0.528,6.76],"rotation":{"angle":0,"axis":"y","origin":[8.12,2.3356,6.32636]},"faces":{"north":{"uv":[5,8,3,8.5],"texture":"#6"},"east":{"uv":[10,2.5,8,3],"texture":"#6"},"south":{"uv":[10,2,8,2.5],"texture":"#6"},"west":{"uv":[10,3,8,3.5],"texture":"#6"},"up":{"uv":[2,4,0,6],"texture":"#6"},"down":{"uv":[4,6,2,4],"texture":"#6"}}},{"from":[7.24,0.528,5.308],"to":[9,1.628,6.76],"rotation":{"angle":0,"axis":"y","origin":[8.12,2.3356,6.32636]},"faces":{"north":{"uv":[8,3.5,6,4.75],"texture":"#6"},"east":{"uv":[8.75,7,7,8.25],"texture":"#6"},"south":{"uv":[8,2,6,3.25],"texture":"#6"},"west":{"uv":[1.75,8,0,9.25],"texture":"#6"},"up":{"uv":[6,4,4,5.75],"texture":"#6"},"down":{"uv":[2,7.75,0,6],"texture":"#6"}}},{"from":[7.24,0.528,5.00044],"to":[9,1.012,5.00044],"rotation":{"angle":0,"axis":"y","origin":[8.12,2.3356,6.32636]},"faces":{"north":{"uv":[10,4,8,4.5],"texture":"#6"},"east":{"uv":[0,0,0,0.5],"texture":"#6"},"south":{"uv":[10,3.5,8,4],"texture":"#6"},"west":{"uv":[0,0,0,0.5],"texture":"#6"},"up":{"uv":[2,0,0,0],"texture":"#6"},"down":{"uv":[2,0,0,0],"texture":"#6"}}},{"from":[6.8,0.68033,5.61158],"to":[9.44,1.16433,5.61158],"rotation":{"angle":22.5,"axis":"x","origin":[8.12,2.3356,6.32636]},"faces":{"north":{"uv":[11,0.5,8,1],"texture":"#6"},"east":{"uv":[0,0,0,0.5],"texture":"#6"},"south":{"uv":[11,0,8,0.5],"texture":"#6"},"west":{"uv":[0,0,0,0.5],"texture":"#6"},"up":{"uv":[3,0,0,0],"texture":"#6"},"down":{"uv":[3,0,0,0],"texture":"#6"}}},{"from":[8.296,1.16433,5.61114],"to":[9.44,1.47233,6.27114],"rotation":{"angle":22.5,"axis":"x","origin":[8.12,2.3356,6.32636]},"faces":{"north":{"uv":[11.25,4,10,4.25],"texture":"#6"},"east":{"uv":[10.75,7.5,10,7.75],"texture":"#6"},"south":{"uv":[10.25,8,9,8.25],"texture":"#6"},"west":{"uv":[10.75,8.5,10,8.75],"texture":"#6"},"up":{"uv":[4.25,8.5,3,9.25],"texture":"#6"},"down":{"uv":[8.25,9.25,7,8.5],"texture":"#6"}}},{"from":[6.8,1.16433,5.61114],"to":[7.944,1.47233,6.27114],"rotation":{"angle":22.5,"axis":"x","origin":[8.12,2.3356,6.32636]},"faces":{"north":{"uv":[11.25,7,10,7.25],"texture":"#6"},"east":{"uv":[10.75,9,10,9.25],"texture":"#6"},"south":{"uv":[11.25,6.5,10,6.75],"texture":"#6"},"west":{"uv":[10.75,9.5,10,9.75],"texture":"#6"},"up":{"uv":[9.75,8.5,8.5,9.25],"texture":"#6"},"down":{"uv":[10.25,1.75,9,1],"texture":"#6"}}},{"from":[6.8,1.16433,6.27114],"to":[9.44,2.79233,7.81114],"rotation":{"angle":22.5,"axis":"x","origin":[8.12,2.3356,6.32636]},"faces":{"north":{"uv":[3,2,0,3.75],"texture":"#6"},"east":{"uv":[7.75,0,6,1.75],"texture":"#6"},"south":{"uv":[3,0,0,1.75],"texture":"#6"},"west":{"uv":[3.75,6,2,7.75],"texture":"#6"},"up":{"uv":[6,0,3,1.75],"texture":"#6"},"down":{"uv":[6,3.75,3,2],"texture":"#6"}}},{"from":[9,1.47233,5.61114],"to":[9.44,2.22033,6.27114],"rotation":{"angle":22.5,"axis":"x","origin":[8.12,2.3356,6.32636]},"faces":{"north":{"uv":[8.5,9.5,8,10.25],"texture":"#6"},"east":{"uv":[9.75,7,9,7.75],"texture":"#6"},"south":{"uv":[4.5,9.5,4,10.25],"texture":"#6"},"west":{"uv":[0.75,9.5,0,10.25],"texture":"#6"},"up":{"uv":[9,9.5,8.5,10.25],"texture":"#6"},"down":{"uv":[9.5,10.25,9,9.5],"texture":"#6"}}},{"from":[7.944,1.47233,5.61114],"to":[8.296,2.22033,6.27114],"rotation":{"angle":22.5,"axis":"x","origin":[8.12,2.3356,6.32636]},"faces":{"north":{"uv":[6,10,5.5,10.75],"texture":"#6"},"east":{"uv":[10.25,4.5,9.5,5.25],"texture":"#6"},"south":{"uv":[5.5,10,5,10.75],"texture":"#6"},"west":{"uv":[7.75,9.5,7,10.25],"texture":"#6"},"up":{"uv":[10.5,5.5,10,6.25],"texture":"#6"},"down":{"uv":[6.5,10.75,6,10],"texture":"#6"}}},{"from":[6.8,1.47233,5.61114],"to":[7.24,2.22033,6.27114],"rotation":{"angle":22.5,"axis":"x","origin":[8.12,2.3356,6.32636]},"faces":{"north":{"uv":[10.5,2,10,2.75],"texture":"#6"},"east":{"uv":[1.75,9.5,1,10.25],"texture":"#6"},"south":{"uv":[10,9.5,9.5,10.25],"texture":"#6"},"west":{"uv":[3.75,9.5,3,10.25],"texture":"#6"},"up":{"uv":[10.5,3,10,3.75],"texture":"#6"},"down":{"uv":[5,10.75,4.5,10],"texture":"#6"}}},{"from":[6.8,2.22033,5.61114],"to":[9.44,2.79233,6.27114],"rotation":{"angle":22.5,"axis":"x","origin":[8.12,2.3356,6.32636]},"faces":{"north":{"uv":[9,5,6,5.75],"texture":"#6"},"east":{"uv":[5.75,9,5,9.75],"texture":"#6"},"south":{"uv":[7,6,4,6.75],"texture":"#6"},"west":{"uv":[6.75,9,6,9.75],"texture":"#6"},"up":{"uv":[7,7,4,7.75],"texture":"#6"},"down":{"uv":[10,6.75,7,6],"texture":"#6"}}}],"gui_light":"front","display":{"thirdperson_righthand":{"rotation":[67.5,0,0],"translation":[0,1.75,2],"scale":[0.35937,0.35937,0.35937]},"thirdperson_lefthand":{"rotation":[67.5,0,0],"translation":[0,1.75,2],"scale":[0.35937,0.35937,0.35937]},"firstperson_righthand":{"translation":[0.5,5,2],"scale":[0.5957,0.5957,0.5957]},"firstperson_lefthand":{"translation":[0.5,5,2],"scale":[0.5957,0.5957,0.5957]},"ground":{"translation":[0,7.5,0],"scale":[0.86914,0.86914,0.86914]},"gui":{"rotation":[30,45,0],"translation":[0,0.75,0],"scale":[0.72852,0.72852,0.72852]},"head":{"translation":[0,-30.25,0.75],"scale":[0,0,0]},"fixed":{"rotation":[-90,-180,0],"translation":[0,0,-18.25],"scale":[2.29297,2.29297,2.29297]}},"groups":[{"name":"all_table","origin":[8,8,8],"color":0,"children":[{"name":"table","origin":[-0.5,3.5,15.5],"color":0,"children":[{"name":"rug","origin":[9,0.5,5.999],"color":0,"children":[0,1,2,3,4]},5,6]},{"name":"all_skulls","origin":[8,8,8],"color":0,"children":[{"name":"skull","origin":[8,8,8],"color":0,"children":[{"name":"mouth","origin":[8,8.04397,7.77449],"color":0,"children":[7,8,9,10,11,12]},{"name":"head","origin":[7,7,7],"color":0,"children":[13,14,15,16,17,18,19,20,21,22,23,24,25,26,27,28]}]},{"name":"skull","origin":[9.11862,8,9.20502],"color":0,"children":[{"name":"mouth","origin":[9.11862,8.04397,8.97951],"color":0,"children":[29,30,31,32,33,34]},{"name":"head","origin":[8.11862,7,8.20502],"color":0,"children":[35,36,37,38,39,40,41,42,43,44,45,46,47,48,49,50]}]},{"name":"skull","origin":[8,8,8],"color":0,"children":[{"name":"mouth","origin":[8,8.04397,7.77449],"color":0,"children":[51,52,53]},{"name":"head","origin":[7,7,7],"color":0,"children":[54,55,56,57,58,59,60,61]}]},{"name":"skull","origin":[9.55364,8,9.67364],"color":0,"children":[{"name":"mouth","origin":[9.55364,8.04397,9.44813],"color":0,"children":[62,63,64]},{"name":"head","origin":[8.55364,7,8.67364],"color":0,"children":[65,66,67,68,69,70,71,72]}]},{"name":"skull","origin":[9.55364,8,9.67364],"color":0,"children":[{"name":"mouth","origin":[9.55364,8.04397,9.44813],"color":0,"children":[73,74,75]},{"name":"head","origin":[8.55364,7,8.67364],"color":0,"children":[76,77,78,79,80,81,82,83]}]},{"name":"skull","origin":[8,8,8],"color":0,"children":[{"name":"mouth","origin":[8,8.04397,7.77449],"color":0,"children":[84,85,86]},{"name":"head","origin":[7,7,7],"color":0,"children":[87,88,89,90,91,92,93,94]}]}]}]}]}