{
  "credit": "MadebyBlockbench.",
  "texture_size": [
    64,
    64
  ],
  "textures": {
    "0": "elitecreatures:santa_decoration/candles_0"
  },
  "elements": [
    {
      "from": [
        3,
        0.1,
        6
      ],
      "to": [
        8,
        8.1,
        11
      ],
      "faces": {
        "north": {
          "uv": [
            4,
            6,
            5.25,
            8
          ],
          "texture": "#0"
        },
        "east": {
          "uv": [
            4,
            6,
            5.25,
            8
          ],
          "texture": "#0"
        },
        "south": {
          "uv": [
            4,
            6,
            5.25,
            8
          ],
          "texture": "#0"
        },
        "west": {
          "uv": [
            4,
            6,
            5.25,
            8
          ],
          "texture": "#0"
        },
        "up": {
          "uv": [
            1.25,
            9.25,
            0,
            8
          ],
          "texture": "#0"
        },
        "down": {
          "uv": [
            2.5,
            8,
            1.25,
            9.25
          ],
          "texture": "#0"
        }
      }
    },
    {
      "from": [
        8,
        0.1,
        3
      ],
      "to": [
        13,
        6.1,
        8
      ],
      "faces": {
        "north": {
          "uv": [
            7,
            3.5,
            8.25,
            5
          ],
          "texture": "#0"
        },
        "east": {
          "uv": [
            7,
            3.5,
            8.25,
            5
          ],
          "texture": "#0"
        },
        "south": {
          "uv": [
            7,
            3.5,
            8.25,
            5
          ],
          "texture": "#0"
        },
        "west": {
          "uv": [
            7,
            3.5,
            8.25,
            5
          ],
          "texture": "#0"
        },
        "up": {
          "uv": [
            3.75,
            9.25,
            2.5,
            8
          ],
          "texture": "#0"
        },
        "down": {
          "uv": [
            5,
            8,
            3.75,
            9.25
          ],
          "texture": "#0"
        }
      }
    },
    {
      "from": [
        8,
        0.1,
        9
      ],
      "to": [
        12,
        5.1,
        13
      ],
      "faces": {
        "north": {
          "uv": [
            7,
            3.5,
            8,
            4.75
          ],
          "texture": "#0"
        },
        "east": {
          "uv": [
            7,
            3.5,
            8,
            4.75
          ],
          "texture": "#0"
        },
        "south": {
          "uv": [
            7,
            3.5,
            8,
            4.75
          ],
          "texture": "#0"
        },
        "west": {
          "uv": [
            7,
            3.5,
            8,
            4.75
          ],
          "texture": "#0"
        },
        "up": {
          "uv": [
            9,
            9.5,
            8,
            8.5
          ],
          "texture": "#0"
        },
        "down": {
          "uv": [
            10,
            4.75,
            9,
            5.75
          ],
          "texture": "#0"
        }
      }
    },
    {
      "from": [
        2,
        0,
        2
      ],
      "to": [
        14,
        2,
        14
      ],
      "faces": {
        "north": {
          "uv": [
            8,
            8,
            11,
            8.5
          ],
          "texture": "#0"
        },
        "east": {
          "uv": [
            8,
            8,
            11,
            8.5
          ],
          "texture": "#0"
        },
        "south": {
          "uv": [
            8,
            8,
            11,
            8.5
          ],
          "texture": "#0"
        },
        "west": {
          "uv": [
            8,
            8,
            11,
            8.5
          ],
          "texture": "#0"
        },
        "up": {
          "uv": [
            7,
            3,
            4,
            0
          ],
          "texture": "#0"
        },
        "down": {
          "uv": [
            7,
            3,
            4,
            6
          ],
          "texture": "#0"
        }
      }
    },
    {
      "from": [
        0,
        1,
        0
      ],
      "to": [
        16,
        1,
        16
      ],
      "faces": {
        "north": {
          "uv": [
            0,
            0,
            4,
            0
          ],
          "texture": "#0"
        },
        "east": {
          "uv": [
            0,
            0,
            4,
            0
          ],
          "texture": "#0"
        },
        "south": {
          "uv": [
            0,
            0,
            4,
            0
          ],
          "texture": "#0"
        },
        "west": {
          "uv": [
            0,
            0,
            4,
            0
          ],
          "texture": "#0"
        },
        "up": {
          "uv": [
            4,
            4,
            0,
            0
          ],
          "texture": "#0"
        },
        "down": {
          "uv": [
            4,
            4,
            0,
            8
          ],
          "texture": "#0"
        }
      }
    },
    {
      "from": [
        5,
        5,
        13.5
      ],
      "to": [
        9,
        9,
        13.5
      ],
      "rotation": {
        "angle": 45,
        "axis": "y",
        "origin": [
          5.5,
          9.5,
          8.5
        ]
      },
      "faces": {
        "north": {
          "uv": [
            6,
            8.5,
            7,
            9.5
          ],
          "texture": "#0"
        },
        "east": {
          "uv": [
            0,
            0,
            0,
            1
          ],
          "texture": "#0"
        },
        "south": {
          "uv": [
            7,
            8.5,
            6,
            9.5
          ],
          "texture": "#0"
        },
        "west": {
          "uv": [
            0,
            0,
            0,
            1
          ],
          "texture": "#0"
        },
        "up": {
          "uv": [
            1,
            0,
            0,
            0
          ],
          "texture": "#0"
        },
        "down": {
          "uv": [
            1,
            0,
            0,
            0
          ],
          "texture": "#0"
        }
      }
    },
    {
      "from": [
        7,
        5,
        11.5
      ],
      "to": [
        7,
        9,
        15.5
      ],
      "rotation": {
        "angle": 45,
        "axis": "y",
        "origin": [
          5.5,
          10,
          8.5
        ]
      },
      "faces": {
        "north": {
          "uv": [
            0,
            0,
            0,
            1
          ],
          "texture": "#0"
        },
        "east": {
          "uv": [
            6,
            8.5,
            7,
            9.5
          ],
          "texture": "#0"
        },
        "south": {
          "uv": [
            0,
            0,
            0,
            1
          ],
          "texture": "#0"
        },
        "west": {
          "uv": [
            7,
            8.5,
            6,
            9.5
          ],
          "texture": "#0"
        },
        "up": {
          "uv": [
            1,
            0,
            0,
            0
          ],
          "rotation": 90,
          "texture": "#0"
        },
        "down": {
          "uv": [
            1,
            0,
            0,
            0
          ],
          "rotation": 270,
          "texture": "#0"
        }
      }
    },
    {
      "from": [
        3.5,
        8,
        8.5
      ],
      "to": [
        7.5,
        12,
        8.5
      ],
      "rotation": {
        "angle": 45,
        "axis": "y",
        "origin": [
          5.5,
          9.5,
          8.5
        ]
      },
      "faces": {
        "north": {
          "uv": [
            6,
            8.5,
            7,
            9.5
          ],
          "texture": "#0"
        },
        "east": {
          "uv": [
            0,
            0,
            0,
            1
          ],
          "texture": "#0"
        },
        "south": {
          "uv": [
            7,
            8.5,
            6,
            9.5
          ],
          "texture": "#0"
        },
        "west": {
          "uv": [
            0,
            0,
            0,
            1
          ],
          "texture": "#0"
        },
        "up": {
          "uv": [
            1,
            0,
            0,
            0
          ],
          "texture": "#0"
        },
        "down": {
          "uv": [
            1,
            0,
            0,
            0
          ],
          "texture": "#0"
        }
      }
    },
    {
      "from": [
        5.5,
        8,
        6.5
      ],
      "to": [
        5.5,
        12,
        10.5
      ],
      "rotation": {
        "angle": 45,
        "axis": "y",
        "origin": [
          5.5,
          10,
          8.5
        ]
      },
      "faces": {
        "north": {
          "uv": [
            0,
            0,
            0,
            1
          ],
          "texture": "#0"
        },
        "east": {
          "uv": [
            6,
            8.5,
            7,
            9.5
          ],
          "texture": "#0"
        },
        "south": {
          "uv": [
            0,
            0,
            0,
            1
          ],
          "texture": "#0"
        },
        "west": {
          "uv": [
            7,
            8.5,
            6,
            9.5
          ],
          "texture": "#0"
        },
        "up": {
          "uv": [
            1,
            0,
            0,
            0
          ],
          "rotation": 90,
          "texture": "#0"
        },
        "down": {
          "uv": [
            1,
            0,
            0,
            0
          ],
          "rotation": 270,
          "texture": "#0"
        }
      }
    },
    {
      "from": [
        11.15,
        6,
        8
      ],
      "to": [
        11.15,
        10,
        12
      ],
      "rotation": {
        "angle": 45,
        "axis": "y",
        "origin": [
          5.5,
          10,
          8.5
        ]
      },
      "faces": {
        "north": {
          "uv": [
            0,
            0,
            0,
            1
          ],
          "texture": "#0"
        },
        "east": {
          "uv": [
            6,
            8.5,
            7,
            9.5
          ],
          "texture": "#0"
        },
        "south": {
          "uv": [
            0,
            0,
            0,
            1
          ],
          "texture": "#0"
        },
        "west": {
          "uv": [
            7,
            8.5,
            6,
            9.5
          ],
          "texture": "#0"
        },
        "up": {
          "uv": [
            1,
            0,
            0,
            0
          ],
          "rotation": 90,
          "texture": "#0"
        },
        "down": {
          "uv": [
            1,
            0,
            0,
            0
          ],
          "rotation": 270,
          "texture": "#0"
        }
      }
    },
    {
      "from": [
        9.25,
        6,
        9.9
      ],
      "to": [
        13.25,
        10,
        9.9
      ],
      "rotation": {
        "angle": 45,
        "axis": "y",
        "origin": [
          5.5,
          9.5,
          8.5
        ]
      },
      "faces": {
        "north": {
          "uv": [
            6,
            8.5,
            7,
            9.5
          ],
          "texture": "#0"
        },
        "east": {
          "uv": [
            0,
            0,
            0,
            1
          ],
          "texture": "#0"
        },
        "south": {
          "uv": [
            7,
            8.5,
            6,
            9.5
          ],
          "texture": "#0"
        },
        "west": {
          "uv": [
            0,
            0,
            0,
            1
          ],
          "texture": "#0"
        },
        "up": {
          "uv": [
            1,
            0,
            0,
            0
          ],
          "texture": "#0"
        },
        "down": {
          "uv": [
            1,
            0,
            0,
            0
          ],
          "texture": "#0"
        }
      }
    }
  ],
  "gui_light": "front",
  "display": {
    "thirdperson_righthand": {
      "rotation": [
        75,
        45,
        0
      ],
      "translation": [
        0,
        2.5,
        0
      ],
      "scale": [
        0.375,
        0.375,
        0.375
      ]
    },
    "thirdperson_lefthand": {
      "rotation": [
        75,
        45,
        0
      ],
      "translation": [
        0,
        2.5,
        0
      ],
      "scale": [
        0.375,
        0.375,
        0.375
      ]
    },
    "firstperson_righthand": {
      "rotation": [
        0,
        45,
        0
      ],
      "translation": [
        0,
        3,
        0
      ],
      "scale": [
        0.4,
        0.4,
        0.4
      ]
    },
    "firstperson_lefthand": {
      "rotation": [
        0,
        45,
        0
      ],
      "translation": [
        0,
        3,
        0
      ],
      "scale": [
        0.4,
        0.4,
        0.4
      ]
    },
    "ground": {
      "translation": [
        0,
        2,
        0
      ],
      "scale": [
        0.5,
        0.5,
        0.5
      ]
    },
    "gui": {
      "rotation": [
        30,
        45,
        0
      ],
      "translation": [
        0,
        2.9,
        0
      ],
      "scale": [
        0.82813,
        0.82813,
        0.82813
      ]
    },
    "head": {
      "translation": [
        0,
        -30.4,
        0
      ],
      "scale": [
        1.6,
        1.6,
        1.6
      ]
    },
    "fixed": {
      "rotation": [
        -90,
        180,
        0
      ],
      "translation": [
        0,
        0,
        -16
      ],
      "scale": [
        2.01,
        2.01,
        2.01
      ]
    }
  }
}