{
  "credit": "MadebyBlockbench.",
  "texture_size": [
    64,
    64
  ],
  "textures": {
    "0": "elitecreatures:santa_decoration/elves_0"
  },
  "elements": [
    {
      "from": [
        4.74,
        0,
        7
      ],
      "to": [
        11.26,
        7,
        14
      ],
      "faces": {
        "north": {
          "uv": [
            0,
            3.5,
            1.625,
            5.25
          ],
          "texture": "#0"
        },
        "east": {
          "uv": [
            1.75,
            1.75,
            0,
            3.5
          ],
          "texture": "#0"
        },
        "south": {
          "uv": [
            3.5,
            0,
            5.125,
            1.75
          ],
          "texture": "#0"
        },
        "west": {
          "uv": [
            0,
            1.75,
            1.75,
            3.5
          ],
          "texture": "#0"
        },
        "up": {
          "uv": [
            3.375,
            5.25,
            1.75,
            3.5
          ],
          "texture": "#0"
        },
        "down": {
          "uv": [
            5.125,
            1.75,
            3.5,
            3.5
          ],
          "texture": "#0"
        }
      }
    },
    {
      "from": [
        4.75,
        4,
        7.75
      ],
      "to": [
        11.25,
        9,
        13.75
      ],
      "faces": {
        "north": {
          "uv": [
            0,
            5.25,
            1.625,
            6.5
          ],
          "texture": "#0"
        },
        "east": {
          "uv": [
            5.25,
            1.25,
            6.75,
            2.5
          ],
          "texture": "#0"
        },
        "south": {
          "uv": [
            1.625,
            5.25,
            0,
            6.5
          ],
          "texture": "#0"
        },
        "west": {
          "uv": [
            5.25,
            1.25,
            6.75,
            2.5
          ],
          "texture": "#0"
        },
        "up": {
          "uv": [
            5.125,
            5,
            3.5,
            3.5
          ],
          "texture": "#0"
        },
        "down": {
          "uv": [
            5.125,
            5,
            3.5,
            6.5
          ],
          "texture": "#0"
        }
      }
    },
    {
      "from": [
        10.01,
        0.11,
        3
      ],
      "to": [
        12.01,
        3.11,
        9
      ],
      "faces": {
        "north": {
          "uv": [
            6.75,
            9.5,
            7.25,
            10.25
          ],
          "texture": "#0"
        },
        "east": {
          "uv": [
            3,
            7.5,
            1.5,
            8.25
          ],
          "texture": "#0"
        },
        "south": {
          "uv": [
            7.25,
            9.5,
            7.75,
            10.25
          ],
          "texture": "#0"
        },
        "west": {
          "uv": [
            1.5,
            7.5,
            0,
            8.25
          ],
          "texture": "#0"
        },
        "up": {
          "uv": [
            8,
            9.5,
            7.5,
            8
          ],
          "texture": "#0"
        },
        "down": {
          "uv": [
            8.25,
            6.5,
            7.75,
            8
          ],
          "texture": "#0"
        }
      }
    },
    {
      "from": [
        11,
        3.01,
        9.5
      ],
      "to": [
        13,
        9.01,
        11.5
      ],
      "faces": {
        "north": {
          "uv": [
            0.5,
            8.25,
            0,
            9.75
          ],
          "texture": "#0"
        },
        "east": {
          "uv": [
            2,
            8.25,
            1.5,
            9.75
          ],
          "texture": "#0"
        },
        "south": {
          "uv": [
            0.5,
            8.25,
            0,
            9.75
          ],
          "texture": "#0"
        },
        "west": {
          "uv": [
            7,
            8,
            7.5,
            9.5
          ],
          "texture": "#0"
        },
        "up": {
          "uv": [
            10,
            9.5,
            10.5,
            9
          ],
          "texture": "#0"
        },
        "down": {
          "uv": [
            4.25,
            10,
            3.75,
            10.5
          ],
          "texture": "#0"
        }
      }
    },
    {
      "from": [
        5.5,
        9,
        8
      ],
      "to": [
        10.5,
        13,
        13
      ],
      "faces": {
        "north": {
          "uv": [
            6.5,
            3.5,
            7.75,
            4.5
          ],
          "texture": "#0"
        },
        "east": {
          "uv": [
            7.75,
            6.5,
            6.5,
            7.5
          ],
          "texture": "#0"
        },
        "south": {
          "uv": [
            6.5,
            5.5,
            7.75,
            6.5
          ],
          "texture": "#0"
        },
        "west": {
          "uv": [
            6.5,
            6.5,
            7.75,
            7.5
          ],
          "texture": "#0"
        },
        "up": {
          "uv": [
            6.5,
            3.75,
            5.25,
            2.5
          ],
          "texture": "#0"
        },
        "down": {
          "uv": [
            6.5,
            3.75,
            5.25,
            5
          ],
          "texture": "#0"
        }
      }
    },
    {
      "from": [
        10,
        0,
        2
      ],
      "to": [
        12.02,
        4,
        4
      ],
      "faces": {
        "north": {
          "uv": [
            8.75,
            0,
            9.25,
            1
          ],
          "texture": "#0"
        },
        "east": {
          "uv": [
            2.75,
            9,
            3.25,
            10
          ],
          "texture": "#0"
        },
        "south": {
          "uv": [
            3.25,
            9,
            3.75,
            10
          ],
          "texture": "#0"
        },
        "west": {
          "uv": [
            3.25,
            9,
            2.75,
            10
          ],
          "texture": "#0"
        },
        "up": {
          "uv": [
            5.5,
            10.5,
            5,
            10
          ],
          "texture": "#0"
        },
        "down": {
          "uv": [
            6,
            10,
            5.5,
            10.5
          ],
          "texture": "#0"
        }
      }
    },
    {
      "from": [
        4.5,
        11.5,
        7
      ],
      "to": [
        11.5,
        13.5,
        14
      ],
      "faces": {
        "north": {
          "uv": [
            6.75,
            2,
            8.5,
            2.5
          ],
          "texture": "#0"
        },
        "east": {
          "uv": [
            9.5,
            3.5,
            7.75,
            4
          ],
          "texture": "#0"
        },
        "south": {
          "uv": [
            8.5,
            2,
            6.75,
            2.5
          ],
          "texture": "#0"
        },
        "west": {
          "uv": [
            7.75,
            3.5,
            9.5,
            4
          ],
          "texture": "#0"
        },
        "up": {
          "uv": [
            3.5,
            1.75,
            1.75,
            0
          ],
          "texture": "#0"
        },
        "down": {
          "uv": [
            3.5,
            1.75,
            1.75,
            3.5
          ],
          "texture": "#0"
        }
      }
    },
    {
      "from": [
        11,
        3,
        9.25
      ],
      "to": [
        13.5,
        5.5,
        11.75
      ],
      "faces": {
        "north": {
          "uv": [
            4.875,
            9.5,
            4.25,
            10.125
          ],
          "texture": "#0"
        },
        "east": {
          "uv": [
            9.5,
            5.75,
            10.125,
            6.375
          ],
          "texture": "#0"
        },
        "south": {
          "uv": [
            4.25,
            9.5,
            4.875,
            10.125
          ],
          "texture": "#0"
        },
        "west": {
          "uv": [
            9.25,
            9,
            9.875,
            9.625
          ],
          "texture": "#0"
        },
        "up": {
          "uv": [
            10.125,
            1.625,
            9.5,
            1
          ],
          "texture": "#0"
        },
        "down": {
          "uv": [
            10.125,
            3.5,
            9.5,
            4.125
          ],
          "texture": "#0"
        }
      }
    },
    {
      "from": [
        5.5,
        13.5,
        8
      ],
      "to": [
        10.5,
        15.5,
        13
      ],
      "faces": {
        "north": {
          "uv": [
            8.25,
            1.25,
            9.5,
            1.75
          ],
          "texture": "#0"
        },
        "east": {
          "uv": [
            8.25,
            5,
            9.5,
            5.5
          ],
          "texture": "#0"
        },
        "south": {
          "uv": [
            9.5,
            1.25,
            8.25,
            1.75
          ],
          "texture": "#0"
        },
        "west": {
          "uv": [
            9.5,
            5,
            8.25,
            5.5
          ],
          "texture": "#0"
        },
        "up": {
          "uv": [
            6.5,
            6.25,
            5.25,
            5
          ],
          "texture": "#0"
        },
        "down": {
          "uv": [
            6.5,
            6.25,
            5.25,
            7.5
          ],
          "texture": "#0"
        }
      }
    },
    {
      "from": [
        6.5,
        13,
        12.5
      ],
      "to": [
        9.5,
        15,
        14.5
      ],
      "rotation": {
        "angle": 22.5,
        "axis": "x",
        "origin": [
          9,
          15,
          13
        ]
      },
      "faces": {
        "north": {
          "uv": [
            7.75,
            9.5,
            8.5,
            10
          ],
          "texture": "#0"
        },
        "east": {
          "uv": [
            10,
            7.25,
            10.5,
            7.75
          ],
          "texture": "#0"
        },
        "south": {
          "uv": [
            8.5,
            9.5,
            9.25,
            10
          ],
          "texture": "#0"
        },
        "west": {
          "uv": [
            10.5,
            7.25,
            10,
            7.75
          ],
          "texture": "#0"
        },
        "up": {
          "uv": [
            0.75,
            10.25,
            0,
            9.75
          ],
          "texture": "#0"
        },
        "down": {
          "uv": [
            10.5,
            0,
            9.75,
            0.5
          ],
          "texture": "#0"
        }
      }
    },
    {
      "from": [
        6.75,
        11.5,
        13.5
      ],
      "to": [
        9.25,
        14.5,
        15
      ],
      "rotation": {
        "angle": -22.5,
        "axis": "x",
        "origin": [
          8.5,
          12.5,
          14.75
        ]
      },
      "faces": {
        "north": {
          "uv": [
            8.5,
            1.75,
            9.125,
            2.5
          ],
          "texture": "#0"
        },
        "east": {
          "uv": [
            10,
            2.5,
            10.375,
            3.25
          ],
          "texture": "#0"
        },
        "south": {
          "uv": [
            9.25,
            1.75,
            9.875,
            2.5
          ],
          "texture": "#0"
        },
        "west": {
          "uv": [
            10.375,
            2.5,
            10,
            3.25
          ],
          "texture": "#0"
        },
        "up": {
          "uv": [
            10.625,
            10.375,
            10,
            10
          ],
          "texture": "#0"
        },
        "down": {
          "uv": [
            0.625,
            10.25,
            0,
            10.625
          ],
          "texture": "#0"
        }
      }
    },
    {
      "from": [
        6.5,
        10,
        13.5
      ],
      "to": [
        9.5,
        12,
        15.5
      ],
      "faces": {
        "north": {
          "uv": [
            9.75,
            0.5,
            10.5,
            1
          ],
          "texture": "#0"
        },
        "east": {
          "uv": [
            10,
            7.75,
            10.5,
            8.25
          ],
          "texture": "#0"
        },
        "south": {
          "uv": [
            0.75,
            9.75,
            1.5,
            10.25
          ],
          "texture": "#0"
        },
        "west": {
          "uv": [
            8.25,
            10,
            8.75,
            10.5
          ],
          "texture": "#0"
        },
        "up": {
          "uv": [
            10,
            10.25,
            9.25,
            9.75
          ],
          "texture": "#0"
        },
        "down": {
          "uv": [
            2.25,
            10,
            1.5,
            10.5
          ],
          "texture": "#0"
        }
      }
    },
    {
      "from": [
        4,
        10,
        9.99
      ],
      "to": [
        12,
        11.5,
        10.49
      ],
      "faces": {
        "north": {
          "uv": [
            8,
            2.5,
            10,
            2.875
          ],
          "texture": "#0"
        },
        "east": {
          "uv": [
            5,
            8,
            5.125,
            8.375
          ],
          "texture": "#0"
        },
        "south": {
          "uv": [
            8,
            3,
            10,
            3.375
          ],
          "texture": "#0"
        },
        "west": {
          "uv": [
            2.75,
            8.25,
            2.875,
            8.625
          ],
          "texture": "#0"
        },
        "up": {
          "uv": [
            12,
            3.375,
            10,
            3.25
          ],
          "texture": "#0"
        },
        "down": {
          "uv": [
            12,
            8.25,
            10,
            8.375
          ],
          "texture": "#0"
        }
      }
    },
    {
      "from": [
        10,
        0.1,
        6
      ],
      "to": [
        12.5,
        3.6,
        12
      ],
      "faces": {
        "north": {
          "uv": [
            2,
            8.25,
            2.625,
            9.125
          ],
          "texture": "#0"
        },
        "east": {
          "uv": [
            0,
            6.5,
            1.5,
            7.375
          ],
          "texture": "#0"
        },
        "south": {
          "uv": [
            8.25,
            6.5,
            8.875,
            7.375
          ],
          "texture": "#0"
        },
        "west": {
          "uv": [
            1.5,
            6.5,
            3,
            7.375
          ],
          "texture": "#0"
        },
        "up": {
          "uv": [
            5.125,
            8,
            4.5,
            6.5
          ],
          "texture": "#0"
        },
        "down": {
          "uv": [
            3.625,
            7.5,
            3,
            9
          ],
          "texture": "#0"
        }
      }
    },
    {
      "from": [
        3,
        3.01,
        9.5
      ],
      "to": [
        5,
        9.01,
        11.5
      ],
      "faces": {
        "north": {
          "uv": [
            0,
            8.25,
            0.5,
            9.75
          ],
          "texture": "#0"
        },
        "east": {
          "uv": [
            0.5,
            8.25,
            1,
            9.75
          ],
          "texture": "#0"
        },
        "south": {
          "uv": [
            0,
            8.25,
            0.5,
            9.75
          ],
          "texture": "#0"
        },
        "west": {
          "uv": [
            1.5,
            8.25,
            2,
            9.75
          ],
          "texture": "#0"
        },
        "up": {
          "uv": [
            10.5,
            9.5,
            10,
            9
          ],
          "texture": "#0"
        },
        "down": {
          "uv": [
            10.5,
            9.5,
            10,
            10
          ],
          "texture": "#0"
        }
      }
    },
    {
      "from": [
        2.5,
        3,
        9.25
      ],
      "to": [
        5,
        5.5,
        11.75
      ],
      "faces": {
        "north": {
          "uv": [
            4.25,
            9.5,
            4.875,
            10.125
          ],
          "texture": "#0"
        },
        "east": {
          "uv": [
            9.5,
            4.25,
            10.125,
            4.875
          ],
          "texture": "#0"
        },
        "south": {
          "uv": [
            4.875,
            9.5,
            4.25,
            10.125
          ],
          "texture": "#0"
        },
        "west": {
          "uv": [
            9.5,
            5.75,
            10.125,
            6.375
          ],
          "texture": "#0"
        },
        "up": {
          "uv": [
            6.625,
            10.125,
            6,
            9.5
          ],
          "texture": "#0"
        },
        "down": {
          "uv": [
            10.125,
            6.5,
            9.5,
            7.125
          ],
          "texture": "#0"
        }
      }
    },
    {
      "from": [
        4.5,
        9.5,
        10
      ],
      "to": [
        11.5,
        11.5,
        10.5
      ],
      "faces": {
        "north": {
          "uv": [
            7.75,
            4,
            9.5,
            4.5
          ],
          "texture": "#0"
        },
        "east": {
          "uv": [
            3.25,
            5.25,
            3.375,
            5.75
          ],
          "texture": "#0"
        },
        "south": {
          "uv": [
            7.75,
            4.5,
            9.5,
            5
          ],
          "texture": "#0"
        },
        "west": {
          "uv": [
            3.25,
            5.75,
            3.375,
            6.25
          ],
          "texture": "#0"
        },
        "up": {
          "uv": [
            12,
            1.125,
            10.25,
            1
          ],
          "texture": "#0"
        },
        "down": {
          "uv": [
            12,
            1.25,
            10.25,
            1.375
          ],
          "texture": "#0"
        }
      }
    },
    {
      "from": [
        3.5,
        0.1,
        6
      ],
      "to": [
        6,
        3.6,
        12
      ],
      "faces": {
        "north": {
          "uv": [
            2.625,
            8.25,
            2,
            9.125
          ],
          "texture": "#0"
        },
        "east": {
          "uv": [
            0,
            6.5,
            1.5,
            7.375
          ],
          "texture": "#0"
        },
        "south": {
          "uv": [
            8.875,
            6.5,
            8.25,
            7.375
          ],
          "texture": "#0"
        },
        "west": {
          "uv": [
            1.5,
            6.5,
            0,
            7.375
          ],
          "texture": "#0"
        },
        "up": {
          "uv": [
            4.5,
            8,
            5.125,
            6.5
          ],
          "texture": "#0"
        },
        "down": {
          "uv": [
            3,
            7.5,
            3.625,
            9
          ],
          "texture": "#0"
        }
      }
    },
    {
      "from": [
        3.98,
        0,
        2
      ],
      "to": [
        6,
        4,
        4
      ],
      "faces": {
        "north": {
          "uv": [
            9.25,
            0,
            8.75,
            1
          ],
          "texture": "#0"
        },
        "east": {
          "uv": [
            2.75,
            9,
            3.25,
            10
          ],
          "texture": "#0"
        },
        "south": {
          "uv": [
            3.75,
            9,
            3.25,
            10
          ],
          "texture": "#0"
        },
        "west": {
          "uv": [
            3.25,
            9,
            2.75,
            10
          ],
          "texture": "#0"
        },
        "up": {
          "uv": [
            5,
            10.5,
            5.5,
            10
          ],
          "texture": "#0"
        },
        "down": {
          "uv": [
            5.5,
            10,
            6,
            10.5
          ],
          "texture": "#0"
        }
      }
    },
    {
      "from": [
        3.99,
        0.11,
        3
      ],
      "to": [
        5.99,
        3.11,
        9
      ],
      "faces": {
        "north": {
          "uv": [
            7.25,
            9.5,
            6.75,
            10.25
          ],
          "texture": "#0"
        },
        "east": {
          "uv": [
            0,
            7.5,
            1.5,
            8.25
          ],
          "texture": "#0"
        },
        "south": {
          "uv": [
            7.75,
            9.5,
            7.25,
            10.25
          ],
          "texture": "#0"
        },
        "west": {
          "uv": [
            1.5,
            7.5,
            3,
            8.25
          ],
          "texture": "#0"
        },
        "up": {
          "uv": [
            7.5,
            9.5,
            8,
            8
          ],
          "texture": "#0"
        },
        "down": {
          "uv": [
            7.75,
            6.5,
            8.25,
            8
          ],
          "texture": "#0"
        }
      }
    }
  ],
  "gui_light": "front",
  "display": {
    "thirdperson_righthand": {
      "rotation": [
        75,
        45,
        0
      ],
      "translation": [
        0,
        2.5,
        0
      ],
      "scale": [
        0.375,
        0.375,
        0.375
      ]
    },
    "thirdperson_lefthand": {
      "rotation": [
        75,
        45,
        0
      ],
      "translation": [
        0,
        2.5,
        0
      ],
      "scale": [
        0.375,
        0.375,
        0.375
      ]
    },
    "firstperson_righthand": {
      "rotation": [
        -180,
        80,
        -180
      ],
      "translation": [
        0,
        3,
        0
      ],
      "scale": [
        0.4,
        0.4,
        0.4
      ]
    },
    "firstperson_lefthand": {
      "rotation": [
        -180,
        80,
        -180
      ],
      "translation": [
        0,
        3,
        0
      ],
      "scale": [
        0.4,
        0.4,
        0.4
      ]
    },
    "ground": {
      "translation": [
        0,
        2,
        0
      ],
      "scale": [
        0.5,
        0.5,
        0.5
      ]
    },
    "gui": {
      "rotation": [
        -150,
        45,
        -180
      ],
      "translation": [
        0,
        0.4,
        0
      ],
      "scale": [
        0.74609,
        0.74609,
        0.74609
      ]
    },
    "head": {
      "translation": [
        0,
        -30.4,
        0
      ],
      "scale": [
        1.6,
        1.6,
        1.6
      ]
    },
    "fixed": {
      "rotation": [
        -90,
        180,
        0
      ],
      "translation": [
        0,
        0,
        -16
      ],
      "scale": [
        2.01,
        2.01,
        2.01
      ]
    }
  }
}