{
  "credit": "MadebyBlockbench.",
  "texture_size": [
    128,
    128
  ],
  "textures": {
    "0": "elitecreatures:santa_decoration/santa_claus_bag_0"
  },
  "elements": [
    {
      "from": [
        0,
        0,
        0
      ],
      "to": [
        16,
        10,
        16
      ],
      "faces": {
        "north": {
          "uv": [
            5.75,
            1.25,
            3.75,
            2.5
          ],
          "texture": "#0"
        },
        "east": {
          "uv": [
            3.75,
            1.25,
            5.75,
            2.5
          ],
          "texture": "#0"
        },
        "south": {
          "uv": [
            3.75,
            1.25,
            5.75,
            2.5
          ],
          "texture": "#0"
        },
        "west": {
          "uv": [
            5.75,
            1.25,
            3.75,
            2.5
          ],
          "texture": "#0"
        },
        "up": {
          "uv": [
            2,
            0,
            0,
            2
          ],
          "texture": "#0"
        },
        "down": {
          "uv": [
            2,
            4,
            0,
            2
          ],
          "texture": "#0"
        }
      }
    },
    {
      "from": [
        1,
        10,
        2
      ],
      "to": [
        15,
        20,
        16
      ],
      "faces": {
        "north": {
          "uv": [
            7.25,
            2.5,
            5.5,
            3.75
          ],
          "texture": "#0"
        },
        "east": {
          "uv": [
            7.25,
            2.5,
            5.5,
            3.75
          ],
          "texture": "#0"
        },
        "south": {
          "uv": [
            7.25,
            2.5,
            5.5,
            3.75
          ],
          "texture": "#0"
        },
        "west": {
          "uv": [
            7.25,
            2.5,
            5.5,
            3.75
          ],
          "texture": "#0"
        },
        "up": {
          "uv": [
            3.75,
            0,
            2,
            1.75
          ],
          "texture": "#0"
        },
        "down": {
          "uv": [
            3.75,
            3.5,
            2,
            1.75
          ],
          "texture": "#0"
        }
      }
    },
    {
      "from": [
        3,
        20,
        4
      ],
      "to": [
        13,
        21,
        14
      ],
      "faces": {
        "north": {
          "uv": [
            1.875,
            7,
            0.625,
            7.125
          ],
          "texture": "#0"
        },
        "east": {
          "uv": [
            1.875,
            7,
            0.625,
            7.125
          ],
          "texture": "#0"
        },
        "south": {
          "uv": [
            1.875,
            7,
            0.625,
            7.125
          ],
          "texture": "#0"
        },
        "west": {
          "uv": [
            1.875,
            7,
            0.625,
            7.125
          ],
          "texture": "#0"
        },
        "up": {
          "uv": [
            6.75,
            3.75,
            5.5,
            5
          ],
          "texture": "#0"
        },
        "down": {
          "uv": [
            6.75,
            6.25,
            5.5,
            5
          ],
          "texture": "#0"
        }
      }
    },
    {
      "from": [
        2,
        21,
        3
      ],
      "to": [
        14,
        23,
        15
      ],
      "faces": {
        "north": {
          "uv": [
            1.5,
            6.5,
            0,
            6.75
          ],
          "texture": "#0"
        },
        "east": {
          "uv": [
            0,
            6.5,
            1.5,
            6.75
          ],
          "texture": "#0"
        },
        "south": {
          "uv": [
            0,
            6.5,
            1.5,
            6.75
          ],
          "texture": "#0"
        },
        "west": {
          "uv": [
            0,
            6.5,
            1.5,
            6.75
          ],
          "texture": "#0"
        },
        "up": {
          "uv": [
            5.5,
            2.5,
            4,
            4
          ],
          "texture": "#0"
        },
        "down": {
          "uv": [
            5.5,
            5.5,
            4,
            4
          ],
          "texture": "#0"
        }
      }
    },
    {
      "from": [
        6,
        20,
        1.75
      ],
      "to": [
        6.5,
        20.5,
        5
      ],
      "faces": {
        "north": {
          "uv": [
            4.5625,
            7.25,
            4.5,
            7.3125
          ],
          "texture": "#0"
        },
        "east": {
          "uv": [
            7.25,
            3.125,
            7.6875,
            3.1875
          ],
          "texture": "#0"
        },
        "south": {
          "uv": [
            7.3125,
            4.375,
            7.25,
            4.4375
          ],
          "texture": "#0"
        },
        "west": {
          "uv": [
            7.6875,
            3.125,
            7.25,
            3.1875
          ],
          "texture": "#0"
        },
        "up": {
          "uv": [
            3.3125,
            7.25,
            3.25,
            7.6875
          ],
          "texture": "#0"
        },
        "down": {
          "uv": [
            3.3125,
            7.6875,
            3.25,
            7.25
          ],
          "texture": "#0"
        }
      }
    },
    {
      "from": [
        7.5,
        20,
        1.75
      ],
      "to": [
        8,
        20.5,
        6
      ],
      "rotation": {
        "angle": -22.5,
        "axis": "y",
        "origin": [
          7.75,
          20.25,
          2.5
        ]
      },
      "faces": {
        "north": {
          "uv": [
            4.6875,
            7.25,
            4.625,
            7.3125
          ],
          "texture": "#0"
        },
        "east": {
          "uv": [
            7.5625,
            1.375,
            7,
            1.4375
          ],
          "texture": "#0"
        },
        "south": {
          "uv": [
            7.3125,
            4.5,
            7.25,
            4.5625
          ],
          "texture": "#0"
        },
        "west": {
          "uv": [
            7.5625,
            1.5,
            7,
            1.5625
          ],
          "texture": "#0"
        },
        "up": {
          "uv": [
            2.1875,
            7,
            2.125,
            7.5625
          ],
          "texture": "#0"
        },
        "down": {
          "uv": [
            2.1875,
            7.5625,
            2.125,
            7
          ],
          "texture": "#0"
        }
      }
    },
    {
      "from": [
        7.75,
        16,
        1.5
      ],
      "to": [
        8.25,
        21,
        2
      ],
      "rotation": {
        "angle": 22.5,
        "axis": "x",
        "origin": [
          8.70671,
          20.25,
          0.1903
        ]
      },
      "faces": {
        "north": {
          "uv": [
            1.9375,
            7,
            1.875,
            7.625
          ],
          "texture": "#0"
        },
        "east": {
          "uv": [
            1.9375,
            7,
            1.875,
            7.625
          ],
          "texture": "#0"
        },
        "south": {
          "uv": [
            1.9375,
            7,
            1.875,
            7.625
          ],
          "texture": "#0"
        },
        "west": {
          "uv": [
            1.9375,
            7,
            1.875,
            7.625
          ],
          "texture": "#0"
        },
        "up": {
          "uv": [
            7.3125,
            4.625,
            7.25,
            4.6875
          ],
          "texture": "#0"
        },
        "down": {
          "uv": [
            4.8125,
            7.3125,
            4.75,
            7.25
          ],
          "texture": "#0"
        }
      }
    },
    {
      "from": [
        6,
        16.49828,
        0.90292
      ],
      "to": [
        6.5,
        20.49828,
        1.40292
      ],
      "rotation": {
        "angle": 22.5,
        "axis": "x",
        "origin": [
          6.25,
          18.49828,
          1.15292
        ]
      },
      "faces": {
        "north": {
          "uv": [
            1.5625,
            7.125,
            1.5,
            7.625
          ],
          "texture": "#0"
        },
        "east": {
          "uv": [
            1.4375,
            7.125,
            1.375,
            7.625
          ],
          "texture": "#0"
        },
        "south": {
          "uv": [
            2.9375,
            7,
            2.875,
            7.5
          ],
          "texture": "#0"
        },
        "west": {
          "uv": [
            1.5625,
            7.125,
            1.5,
            7.625
          ],
          "texture": "#0"
        },
        "up": {
          "uv": [
            7.3125,
            4.75,
            7.25,
            4.8125
          ],
          "texture": "#0"
        },
        "down": {
          "uv": [
            4.9375,
            7.3125,
            4.875,
            7.25
          ],
          "texture": "#0"
        }
      }
    },
    {
      "from": [
        7.25,
        15,
        1
      ],
      "to": [
        8.75,
        16.5,
        2.5
      ],
      "rotation": {
        "angle": 22.5,
        "axis": "x",
        "origin": [
          8.70671,
          20.25,
          0.1903
        ]
      },
      "faces": {
        "north": {
          "uv": [
            6.1875,
            7,
            6,
            7.1875
          ],
          "texture": "#0"
        },
        "east": {
          "uv": [
            6,
            7,
            6.1875,
            7.1875
          ],
          "texture": "#0"
        },
        "south": {
          "uv": [
            6.1875,
            7,
            6,
            7.1875
          ],
          "texture": "#0"
        },
        "west": {
          "uv": [
            6,
            7,
            6.1875,
            7.1875
          ],
          "texture": "#0"
        },
        "up": {
          "uv": [
            1.0625,
            7.125,
            0.875,
            7.3125
          ],
          "texture": "#0"
        },
        "down": {
          "uv": [
            0.875,
            7.3125,
            1.0625,
            7.125
          ],
          "texture": "#0"
        }
      }
    },
    {
      "from": [
        3,
        23,
        8
      ],
      "to": [
        8,
        26,
        13
      ],
      "faces": {
        "north": {
          "uv": [
            7.375,
            6.875,
            6.75,
            7.25
          ],
          "texture": "#0"
        },
        "east": {
          "uv": [
            7.375,
            6.875,
            6.75,
            7.25
          ],
          "texture": "#0"
        },
        "south": {
          "uv": [
            7.375,
            6.875,
            6.75,
            7.25
          ],
          "texture": "#0"
        },
        "west": {
          "uv": [
            7.375,
            6.875,
            6.75,
            7.25
          ],
          "texture": "#0"
        },
        "up": {
          "uv": [
            6.875,
            6.25,
            6.25,
            6.875
          ],
          "texture": "#0"
        },
        "down": {
          "uv": [
            7,
            0.625,
            6.375,
            0
          ],
          "texture": "#0"
        }
      }
    },
    {
      "from": [
        4,
        21,
        3
      ],
      "to": [
        9,
        29,
        8
      ],
      "rotation": {
        "angle": -22.5,
        "axis": "x",
        "origin": [
          5.5,
          25,
          5.5
        ]
      },
      "faces": {
        "north": {
          "uv": [
            3,
            6,
            2.375,
            7
          ],
          "texture": "#0"
        },
        "east": {
          "uv": [
            3,
            6,
            2.375,
            7
          ],
          "texture": "#0"
        },
        "south": {
          "uv": [
            3,
            6,
            2.375,
            7
          ],
          "texture": "#0"
        },
        "west": {
          "uv": [
            3,
            6,
            2.375,
            7
          ],
          "texture": "#0"
        },
        "up": {
          "uv": [
            7,
            0.625,
            6.375,
            1.25
          ],
          "texture": "#0"
        },
        "down": {
          "uv": [
            7,
            0.625,
            6.375,
            1.25
          ],
          "texture": "#0"
        }
      }
    },
    {
      "from": [
        9,
        21,
        5
      ],
      "to": [
        13,
        25,
        9
      ],
      "rotation": {
        "angle": -22.5,
        "axis": "y",
        "origin": [
          12.5,
          25,
          5.5
        ]
      },
      "faces": {
        "north": {
          "uv": [
            7.25,
            3.75,
            6.75,
            4.25
          ],
          "texture": "#0"
        },
        "east": {
          "uv": [
            7.25,
            3.75,
            6.75,
            4.25
          ],
          "texture": "#0"
        },
        "south": {
          "uv": [
            7.25,
            3.75,
            6.75,
            4.25
          ],
          "texture": "#0"
        },
        "west": {
          "uv": [
            7.25,
            3.75,
            6.75,
            4.25
          ],
          "texture": "#0"
        },
        "up": {
          "uv": [
            7.25,
            4.25,
            6.75,
            4.75
          ],
          "texture": "#0"
        },
        "down": {
          "uv": [
            5,
            7.25,
            4.5,
            6.75
          ],
          "texture": "#0"
        }
      }
    },
    {
      "from": [
        11,
        21,
        10
      ],
      "to": [
        15,
        25,
        14
      ],
      "rotation": {
        "angle": -22.5,
        "axis": "y",
        "origin": [
          12.5,
          25,
          5.5
        ]
      },
      "faces": {
        "north": {
          "uv": [
            7.25,
            5.25,
            6.75,
            5.75
          ],
          "texture": "#0"
        },
        "east": {
          "uv": [
            6.75,
            5.25,
            7.25,
            5.75
          ],
          "texture": "#0"
        },
        "south": {
          "uv": [
            7.25,
            5.25,
            6.75,
            5.75
          ],
          "texture": "#0"
        },
        "west": {
          "uv": [
            6.75,
            5.25,
            7.25,
            5.75
          ],
          "texture": "#0"
        },
        "up": {
          "uv": [
            6.75,
            6.875,
            6.25,
            7.375
          ],
          "texture": "#0"
        },
        "down": {
          "uv": [
            7.375,
            6.75,
            6.875,
            6.25
          ],
          "texture": "#0"
        }
      }
    },
    {
      "from": [
        11.25,
        21,
        8.5
      ],
      "to": [
        12.25,
        27,
        9.5
      ],
      "faces": {
        "north": {
          "uv": [
            3.875,
            4.75,
            3.75,
            5.5
          ],
          "texture": "#0"
        },
        "east": {
          "uv": [
            3.75,
            4.75,
            3.875,
            5.5
          ],
          "texture": "#0"
        },
        "south": {
          "uv": [
            3.875,
            4.75,
            3.75,
            5.5
          ],
          "texture": "#0"
        },
        "west": {
          "uv": [
            3.75,
            4.75,
            3.875,
            5.5
          ],
          "texture": "#0"
        },
        "up": {
          "uv": [
            3.5,
            7.25,
            3.375,
            7.375
          ],
          "texture": "#0"
        },
        "down": {
          "uv": [
            3.625,
            7.375,
            3.5,
            7.25
          ],
          "texture": "#0"
        }
      }
    },
    {
      "from": [
        11.75,
        27.75,
        8.49
      ],
      "to": [
        12.75,
        29.75,
        9.51
      ],
      "rotation": {
        "angle": -45,
        "axis": "z",
        "origin": [
          10.42807,
          28,
          8.88896
        ]
      },
      "faces": {
        "north": {
          "uv": [
            7.375,
            2,
            7.25,
            2.25
          ],
          "texture": "#0"
        },
        "east": {
          "uv": [
            7.25,
            2,
            7.375,
            2.25
          ],
          "texture": "#0"
        },
        "south": {
          "uv": [
            7.375,
            2,
            7.25,
            2.25
          ],
          "texture": "#0"
        },
        "west": {
          "uv": [
            7.25,
            2,
            7.375,
            2.25
          ],
          "texture": "#0"
        },
        "up": {
          "uv": [
            3.75,
            7.25,
            3.625,
            7.375
          ],
          "texture": "#0"
        },
        "down": {
          "uv": [
            3.875,
            7.375,
            3.75,
            7.25
          ],
          "texture": "#0"
        }
      }
    },
    {
      "from": [
        12.6,
        27.25,
        8.5
      ],
      "to": [
        14.6,
        28.25,
        9.5
      ],
      "faces": {
        "north": {
          "uv": [
            2.625,
            7.25,
            2.375,
            7.375
          ],
          "texture": "#0"
        },
        "east": {
          "uv": [
            7.375,
            3.75,
            7.25,
            3.875
          ],
          "texture": "#0"
        },
        "south": {
          "uv": [
            2.375,
            7.375,
            2.625,
            7.25
          ],
          "texture": "#0"
        },
        "west": {
          "uv": [
            4,
            7.25,
            3.875,
            7.375
          ],
          "texture": "#0"
        },
        "up": {
          "uv": [
            2.375,
            7.25,
            2.625,
            7.375
          ],
          "texture": "#0"
        },
        "down": {
          "uv": [
            2.375,
            7.25,
            2.625,
            7.375
          ],
          "texture": "#0"
        }
      }
    },
    {
      "from": [
        14,
        27.75,
        8.49
      ],
      "to": [
        16,
        28.75,
        9.51
      ],
      "rotation": {
        "angle": -45,
        "axis": "z",
        "origin": [
          13.66091,
          27.90624,
          9
        ]
      },
      "faces": {
        "north": {
          "uv": [
            7.5,
            2.75,
            7.25,
            2.875
          ],
          "texture": "#0"
        },
        "east": {
          "uv": [
            7.375,
            3.875,
            7.25,
            4
          ],
          "texture": "#0"
        },
        "south": {
          "uv": [
            7.25,
            2.875,
            7.5,
            2.75
          ],
          "texture": "#0"
        },
        "west": {
          "uv": [
            4.125,
            7.25,
            4,
            7.375
          ],
          "texture": "#0"
        },
        "up": {
          "uv": [
            7.25,
            2.75,
            7.5,
            2.875
          ],
          "texture": "#0"
        },
        "down": {
          "uv": [
            7.25,
            2.75,
            7.5,
            2.875
          ],
          "texture": "#0"
        }
      }
    },
    {
      "from": [
        14.9,
        25.9,
        8.5
      ],
      "to": [
        15.9,
        26.9,
        9.5
      ],
      "faces": {
        "north": {
          "uv": [
            7.375,
            4.125,
            7.25,
            4.25
          ],
          "texture": "#0"
        },
        "east": {
          "uv": [
            7.25,
            4.125,
            7.375,
            4.25
          ],
          "texture": "#0"
        },
        "south": {
          "uv": [
            7.375,
            4.125,
            7.25,
            4.25
          ],
          "texture": "#0"
        },
        "west": {
          "uv": [
            7.25,
            4.125,
            7.375,
            4.25
          ],
          "texture": "#0"
        },
        "up": {
          "uv": [
            7.375,
            4.25,
            7.25,
            4.375
          ],
          "texture": "#0"
        },
        "down": {
          "uv": [
            4.5,
            7.375,
            4.375,
            7.25
          ],
          "texture": "#0"
        }
      }
    },
    {
      "from": [
        2.5,
        26,
        7.5
      ],
      "to": [
        8.5,
        27,
        13.5
      ],
      "faces": {
        "north": {
          "uv": [
            7.75,
            0.875,
            7,
            1
          ],
          "texture": "#0"
        },
        "east": {
          "uv": [
            7.75,
            0.875,
            7,
            1
          ],
          "texture": "#0"
        },
        "south": {
          "uv": [
            7.75,
            0.875,
            7,
            1
          ],
          "texture": "#0"
        },
        "west": {
          "uv": [
            7.75,
            0.875,
            7,
            1
          ],
          "texture": "#0"
        },
        "up": {
          "uv": [
            3.75,
            6,
            3,
            6.75
          ],
          "texture": "#0"
        },
        "down": {
          "uv": [
            6.25,
            7,
            5.5,
            6.25
          ],
          "texture": "#0"
        }
      }
    },
    {
      "from": [
        5.25,
        16.9,
        1
      ],
      "to": [
        6.75,
        18.4,
        2.5
      ],
      "rotation": {
        "angle": 22.5,
        "axis": "x",
        "origin": [
          8.70671,
          20.25,
          0.1903
        ]
      },
      "faces": {
        "north": {
          "uv": [
            6.1875,
            7,
            6,
            7.1875
          ],
          "texture": "#0"
        },
        "east": {
          "uv": [
            6,
            7,
            6.1875,
            7.1875
          ],
          "texture": "#0"
        },
        "south": {
          "uv": [
            6.1875,
            7,
            6,
            7.1875
          ],
          "texture": "#0"
        },
        "west": {
          "uv": [
            6,
            7,
            6.1875,
            7.1875
          ],
          "texture": "#0"
        },
        "up": {
          "uv": [
            1.0625,
            7.125,
            0.875,
            7.3125
          ],
          "texture": "#0"
        },
        "down": {
          "uv": [
            0.875,
            7.3125,
            1.0625,
            7.125
          ],
          "texture": "#0"
        }
      }
    }
  ],
  "gui_light": "front",
  "display": {
    "thirdperson_righthand": {
      "rotation": [
        75,
        45,
        0
      ],
      "translation": [
        0,
        2.5,
        0
      ],
      "scale": [
        0.375,
        0.375,
        0.375
      ]
    },
    "thirdperson_lefthand": {
      "rotation": [
        75,
        45,
        0
      ],
      "translation": [
        0,
        2.5,
        0
      ],
      "scale": [
        0.375,
        0.375,
        0.375
      ]
    },
    "firstperson_righthand": {
      "rotation": [
        0,
        45,
        0
      ],
      "scale": [
        0.4,
        0.4,
        0.4
      ]
    },
    "firstperson_lefthand": {
      "rotation": [
        0,
        45,
        0
      ],
      "scale": [
        0.4,
        0.4,
        0.4
      ]
    },
    "ground": {
      "translation": [
        0,
        2,
        0
      ],
      "scale": [
        0.5,
        0.5,
        0.5
      ]
    },
    "gui": {
      "rotation": [
        30,
        45,
        0
      ],
      "translation": [
        0,
        -1.85,
        0
      ],
      "scale": [
        0.44727,
        0.44727,
        0.44727
      ]
    },
    "head": {
      "translation": [
        0,
        -30.4,
        0
      ],
      "scale": [
        1.6,
        1.6,
        1.6
      ]
    },
    "fixed": {
      "rotation": [
        -90,
        180,
        0
      ],
      "translation": [
        0,
        0,
        -16
      ],
      "scale": [
        2.01,
        2.01,
        2.01
      ]
    }
  }
}