{
	"parent": "item/generated",
	"textures": {
		"layer0": "item/flint"
	},
	"overrides": [
		{ "predicate": { "custom_model_data": 1}, "model": "item/protocol/wings" },
		{ "predicate": { "custom_model_data": 2}, "model": "item/protocol/key" },
		{ "predicate": { "custom_model_data": 3}, "model": "item/protocol/chest" },
		{ "predicate": { "custom_model_data": 4}, "model": "item/protocol/chest_opening" },
		{ "predicate": { "custom_model_data": 5}, "model": "item/protocol/helmet_3d" },
		{ "predicate": { "custom_model_data": 6}, "model": "item/protocol/straw_hat" },
		{ "predicate": { "custom_model_data": 7}, "model": "item/protocol/top_hat" },
		 {
         "predicate":{
            "custom_model_data":8
         },
         "model":"item/protocol/jeweled_crown"
      }
	]
}