{
  "parent": "minecraft:item/generated",
  "textures": {
    "layer0": "minecraft:item/leather_horse_armor"
  },
  "overrides": [
    {
      "predicate": {
        "custom_model_data": 1
      },
      "model": "modelengine:toro_ender_dragon/neck2"
    },
    {
      "predicate": {
        "custom_model_data": 2
      },
      "model": "modelengine:toro_ender_dragon/neck3"
    },
    {
      "predicate": {
        "custom_model_data": 3
      },
      "model": "modelengine:toro_ender_dragon/head"
    },
    {
      "predicate": {
        "custom_model_data": 4
      },
      "model": "modelengine:toro_ender_dragon/jaw"
    },
    {
      "predicate": {
        "custom_model_data": 5
      },
      "model": "modelengine:toro_ender_dragon/neck1"
    },
    {
      "predicate": {
        "custom_model_data": 6
      },
      "model": "modelengine:toro_ender_dragon/chest"
    },
    {
      "predicate": {
        "custom_model_data": 7
      },
      "model": "modelengine:toro_ender_dragon/belly"
    },
    {
      "predicate": {
        "custom_model_data": 8
      },
      "model": "modelengine:toro_ender_dragon/left_arm"
    },
    {
      "predicate": {
        "custom_model_data": 9
      },
      "model": "modelengine:toro_ender_dragon/left_forearm"
    },
    {
      "predicate": {
        "custom_model_data": 10
      },
      "model": "modelengine:toro_ender_dragon/left_claw"
    },
    {
      "predicate": {
        "custom_model_data": 11
      },
      "model": "modelengine:toro_ender_dragon/right_arm"
    },
    {
      "predicate": {
        "custom_model_data": 12
      },
      "model": "modelengine:toro_ender_dragon/right_forearm"
    },
    {
      "predicate": {
        "custom_model_data": 13
      },
      "model": "modelengine:toro_ender_dragon/right_claw"
    },
    {
      "predicate": {
        "custom_model_data": 14
      },
      "model": "modelengine:toro_ender_dragon/leftwing_root"
    },
    {
      "predicate": {
        "custom_model_data": 15
      },
      "model": "modelengine:toro_ender_dragon/left_wingforearm"
    },
    {
      "predicate": {
        "custom_model_data": 16
      },
      "model": "modelengine:toro_ender_dragon/left_wing_claw_three"
    },
    {
      "predicate": {
        "custom_model_data": 17
      },
      "model": "modelengine:toro_ender_dragon/left_wing_bone_three"
    },
    {
      "predicate": {
        "custom_model_data": 18
      },
      "model": "modelengine:toro_ender_dragon/left_wing_claw_two"
    },
    {
      "predicate": {
        "custom_model_data": 19
      },
      "model": "modelengine:toro_ender_dragon/left_wing_bone_two"
    },
    {
      "predicate": {
        "custom_model_data": 20
      },
      "model": "modelengine:toro_ender_dragon/left_wingtip_two"
    },
    {
      "predicate": {
        "custom_model_data": 21
      },
      "model": "modelengine:toro_ender_dragon/left_wing_claw_one"
    },
    {
      "predicate": {
        "custom_model_data": 22
      },
      "model": "modelengine:toro_ender_dragon/left_wing_bone_one"
    },
    {
      "predicate": {
        "custom_model_data": 23
      },
      "model": "modelengine:toro_ender_dragon/left_wingtip_one"
    },
    {
      "predicate": {
        "custom_model_data": 24
      },
      "model": "modelengine:toro_ender_dragon/rightwing_root"
    },
    {
      "predicate": {
        "custom_model_data": 25
      },
      "model": "modelengine:toro_ender_dragon/right_wingforearm"
    },
    {
      "predicate": {
        "custom_model_data": 26
      },
      "model": "modelengine:toro_ender_dragon/right_wing_claw_three"
    },
    {
      "predicate": {
        "custom_model_data": 27
      },
      "model": "modelengine:toro_ender_dragon/right_wing_bone_three"
    },
    {
      "predicate": {
        "custom_model_data": 28
      },
      "model": "modelengine:toro_ender_dragon/right_wing_claw_two"
    },
    {
      "predicate": {
        "custom_model_data": 29
      },
      "model": "modelengine:toro_ender_dragon/right_wing_bone_two"
    },
    {
      "predicate": {
        "custom_model_data": 30
      },
      "model": "modelengine:toro_ender_dragon/right_wingtip_two"
    },
    {
      "predicate": {
        "custom_model_data": 31
      },
      "model": "modelengine:toro_ender_dragon/right_wing_claw_one"
    },
    {
      "predicate": {
        "custom_model_data": 32
      },
      "model": "modelengine:toro_ender_dragon/right_wing_bone_one"
    },
    {
      "predicate": {
        "custom_model_data": 33
      },
      "model": "modelengine:toro_ender_dragon/right_wingtip_one"
    },
    {
      "predicate": {
        "custom_model_data": 34
      },
      "model": "modelengine:toro_ender_dragon/left_leg"
    },
    {
      "predicate": {
        "custom_model_data": 35
      },
      "model": "modelengine:toro_ender_dragon/left_foreleg"
    },
    {
      "predicate": {
        "custom_model_data": 36
      },
      "model": "modelengine:toro_ender_dragon/left_upperfoot"
    },
    {
      "predicate": {
        "custom_model_data": 37
      },
      "model": "modelengine:toro_ender_dragon/left_foot"
    },
    {
      "predicate": {
        "custom_model_data": 38
      },
      "model": "modelengine:toro_ender_dragon/right_leg"
    },
    {
      "predicate": {
        "custom_model_data": 39
      },
      "model": "modelengine:toro_ender_dragon/right_foreleg"
    },
    {
      "predicate": {
        "custom_model_data": 40
      },
      "model": "modelengine:toro_ender_dragon/right_upperfoot"
    },
    {
      "predicate": {
        "custom_model_data": 41
      },
      "model": "modelengine:toro_ender_dragon/right_foot"
    },
    {
      "predicate": {
        "custom_model_data": 42
      },
      "model": "modelengine:toro_ender_dragon/hip"
    },
    {
      "predicate": {
        "custom_model_data": 43
      },
      "model": "modelengine:toro_ender_dragon/tail5"
    },
    {
      "predicate": {
        "custom_model_data": 44
      },
      "model": "modelengine:toro_ender_dragon/tail4"
    },
    {
      "predicate": {
        "custom_model_data": 45
      },
      "model": "modelengine:toro_ender_dragon/tail3"
    },
    {
      "predicate": {
        "custom_model_data": 46
      },
      "model": "modelengine:toro_ender_dragon/tail2"
    },
    {
      "predicate": {
        "custom_model_data": 47
      },
      "model": "modelengine:toro_ender_dragon/tail1"
    }
  ]
}