{
	"parent": "item/generated",
	"textures": {
	  "layer0": "item/leather_boots",
	  "layer1": "item/leather_boots_overlay"
	},
	"overrides": [
		{ "predicate": { "custom_model_data": 1}, "model": "item/protocol/boots" },
		{
      "predicate": {
        "custom_model_data": 10000
      },
      "model": "discordnitroset:ia_auto_gen/discordnitroboots"
    },
    {
      "predicate": {
        "custom_model_data": 10001
      },
      "model": "item/protocol/boots"
    },
    {
      "predicate": {
        "custom_model_data": 10002
      },
      "model": "item/leather_boots"
    }
	]
}