{
	"credit": "Made by PolygonMC",
	"texture_size": [4, 4],
	"textures": {
		"1": "halloween23:animations/red_eyes",
		"2": "halloween23:undertaker_backpack"
	},
	"elements": [
		{
			"from": [4.08579, 1.5, 6.5],
			"to": [5.33579, 14.5, 9.5],
			"rotation": {"angle": 0, "axis": "y", "origin": [5.08579, 1.5, 6.5]},
			"faces": {
				"north": {"uv": [7.2, 2.8, 7.7, 8], "texture": "#2"},
				"east": {"uv": [2.4, 6, 3.6, 11.2], "texture": "#2"},
				"south": {"uv": [8, 2.8, 8.5, 8], "texture": "#2"},
				"west": {"uv": [3.6, 6, 4.8, 11.2], "texture": "#2"},
				"up": {"uv": [12.9, 12.4, 12.4, 11.2], "texture": "#2"},
				"down": {"uv": [12.9, 12.4, 12.4, 13.6], "texture": "#2"}
			}
		},
		{
			"from": [5, 0.75, 6.525],
			"to": [11, 15.25, 7.775],
			"rotation": {"angle": 0, "axis": "y", "origin": [6, 1.5, 7.025]},
			"faces": {
				"north": {"uv": [0, 0, 2.4, 5.8], "texture": "#2"},
				"south": {"uv": [2.4, 0, 4.8, 5.8], "texture": "#2"}
			}
		},
		{
			"from": [5.5, 14.66421, 6.5],
			"to": [10.5, 15.91421, 9.5],
			"rotation": {"angle": 0, "axis": "y", "origin": [6.5, 2.91421, 6.5]},
			"faces": {
				"north": {"uv": [10.8, 6.4, 12.8, 6.9], "texture": "#2"},
				"east": {"uv": [12.4, 4, 13.6, 4.5], "texture": "#2"},
				"south": {"uv": [10.8, 7.2, 12.8, 7.7], "texture": "#2"},
				"west": {"uv": [0, 12.8, 1.2, 13.3], "texture": "#2"},
				"up": {"uv": [12.4, 1.2, 10.4, 0], "texture": "#2"},
				"down": {"uv": [12.4, 1.2, 10.4, 2.4], "texture": "#2"}
			}
		},
		{
			"from": [3.79289, 13.79289, 6.501],
			"to": [5.04289, 15.79289, 9.499],
			"rotation": {"angle": -45, "axis": "z", "origin": [4.79289, 13.79289, 6.501]},
			"faces": {
				"north": {"uv": [6.4, 11.2, 6.9, 12], "texture": "#2"},
				"east": {"uv": [10.8, 11.2, 12, 12], "texture": "#2"},
				"south": {"uv": [6, 12.8, 6.5, 13.6], "texture": "#2"},
				"west": {"uv": [0, 12, 1.2, 12.8], "texture": "#2"}
			}
		},
		{
			"from": [10.95711, 13.79289, 6.501],
			"to": [12.20711, 15.79289, 9.499],
			"rotation": {"angle": 45, "axis": "z", "origin": [11.20711, 13.79289, 6.501]},
			"faces": {
				"north": {"uv": [12.8, 6.4, 13.3, 7.2], "texture": "#2"},
				"east": {"uv": [1.2, 12, 2.4, 12.8], "texture": "#2"},
				"south": {"uv": [12.8, 7.2, 13.3, 8], "texture": "#2"},
				"west": {"uv": [2.4, 12, 3.6, 12.8], "texture": "#2"}
			}
		},
		{
			"from": [5.5, 0.08579, 6.5],
			"to": [10.5, 1.33579, 9.5],
			"rotation": {"angle": 0, "axis": "y", "origin": [6.5, 13.08579, 6.5]},
			"faces": {
				"north": {"uv": [10.8, 8, 12.8, 8.5], "texture": "#2"},
				"east": {"uv": [12.8, 0, 14, 0.5], "texture": "#2"},
				"south": {"uv": [10.8, 8.8, 12.8, 9.3], "texture": "#2"},
				"west": {"uv": [12.8, 0.8, 14, 1.3], "texture": "#2"},
				"up": {"uv": [12.4, 3.6, 10.4, 2.4], "texture": "#2"},
				"down": {"uv": [12.4, 3.6, 10.4, 4.8], "texture": "#2"}
			}
		},
		{
			"from": [3.79289, 0.20711, 6.501],
			"to": [5.04289, 2.20711, 9.499],
			"rotation": {"angle": 45, "axis": "z", "origin": [4.79289, 2.20711, 6.501]},
			"faces": {
				"north": {"uv": [12.8, 9.6, 13.3, 10.4], "texture": "#2"},
				"east": {"uv": [6, 12, 7.2, 12.8], "texture": "#2"},
				"south": {"uv": [12.8, 10.4, 13.3, 11.2], "texture": "#2"},
				"west": {"uv": [10.8, 12, 12, 12.8], "texture": "#2"}
			}
		},
		{
			"from": [10.95711, 0.20711, 6.501],
			"to": [12.20711, 2.20711, 9.499],
			"rotation": {"angle": -45, "axis": "z", "origin": [11.20711, 2.20711, 6.501]},
			"faces": {
				"north": {"uv": [12.8, 8, 13.3, 8.8], "texture": "#2"},
				"east": {"uv": [3.6, 12, 4.8, 12.8], "texture": "#2"},
				"south": {"uv": [12.8, 8.8, 13.3, 9.6], "texture": "#2"},
				"west": {"uv": [4.8, 12, 6, 12.8], "texture": "#2"}
			}
		},
		{
			"from": [10.66421, 1.5, 6.5],
			"to": [11.91421, 14.5, 9.5],
			"rotation": {"angle": 0, "axis": "y", "origin": [11.91421, 1.5, 6.5]},
			"faces": {
				"north": {"uv": [7.2, 8, 7.7, 13.2], "texture": "#2"},
				"east": {"uv": [4.8, 6, 6, 11.2], "texture": "#2"},
				"south": {"uv": [8, 8, 8.5, 13.2], "texture": "#2"},
				"west": {"uv": [6, 6, 7.2, 11.2], "texture": "#2"},
				"up": {"uv": [1.7, 14, 1.2, 12.8], "texture": "#2"},
				"down": {"uv": [2.5, 12.8, 2, 14], "texture": "#2"}
			}
		},
		{
			"from": [2.58579, 1.5, 9.475],
			"to": [3.58579, 14.5, 10.725],
			"rotation": {"angle": 22.5, "axis": "z", "origin": [6.5, 8, 10.3745]},
			"faces": {
				"north": {"uv": [10, 10.4, 10.4, 15.6], "texture": "#2"},
				"east": {"uv": [9.6, 0, 10.1, 5.2], "texture": "#2"},
				"south": {"uv": [10.4, 10, 10.8, 15.2], "texture": "#2"},
				"west": {"uv": [9.6, 5.2, 10.1, 10.4], "texture": "#2"},
				"up": {"uv": [14, 10.5, 13.6, 10], "texture": "#2"},
				"down": {"uv": [11.2, 13.6, 10.8, 14.1], "texture": "#2"}
			}
		},
		{
			"from": [-0.86396, 9.82843, 9.476],
			"to": [0.13604, 11.82843, 10.724],
			"rotation": {"angle": -22.5, "axis": "z", "origin": [6.5, 8, 10.3745]},
			"faces": {
				"north": {"uv": [0.8, 13.6, 1.2, 14.4], "texture": "#2"},
				"east": {"uv": [13.2, 11.2, 13.7, 12], "texture": "#2"},
				"south": {"uv": [6, 13.6, 6.4, 14.4], "texture": "#2"},
				"west": {"uv": [13.2, 12, 13.7, 12.8], "texture": "#2"}
			}
		},
		{
			"from": [2.67157, 14.36396, 9.476],
			"to": [4.67157, 15.36396, 10.724],
			"rotation": {"angle": -22.5, "axis": "z", "origin": [6.5, 8, 10.3745]},
			"faces": {
				"north": {"uv": [0, 13.6, 0.8, 14], "texture": "#2"},
				"south": {"uv": [13.6, 4, 14.4, 4.4], "texture": "#2"},
				"up": {"uv": [8.4, 13.7, 7.6, 13.2], "texture": "#2"},
				"down": {"uv": [9.2, 13.2, 8.4, 13.7], "texture": "#2"}
			}
		},
		{
			"from": [4, 14.91421, 9.475],
			"to": [9, 15.91421, 10.725],
			"rotation": {"angle": 22.5, "axis": "z", "origin": [6.5, 8, 10.3745]},
			"faces": {
				"north": {"uv": [12.4, 3.2, 14.4, 3.6], "texture": "#2"},
				"east": {"uv": [13.6, 9.2, 14.1, 9.6], "texture": "#2"},
				"south": {"uv": [12.4, 3.6, 14.4, 4], "texture": "#2"},
				"west": {"uv": [13.6, 9.6, 14.1, 10], "texture": "#2"},
				"up": {"uv": [4.4, 11.7, 2.4, 11.2], "texture": "#2"},
				"down": {"uv": [6.4, 11.2, 4.4, 11.7], "texture": "#2"}
			}
		},
		{
			"from": [4, 0.08579, 9.475],
			"to": [9, 1.08579, 10.725],
			"rotation": {"angle": 22.5, "axis": "z", "origin": [6.5, 8, 10.3745]},
			"faces": {
				"north": {"uv": [12.4, 2.4, 14.4, 2.8], "texture": "#2"},
				"east": {"uv": [13.6, 8.4, 14.1, 8.8], "texture": "#2"},
				"south": {"uv": [12.4, 2.8, 14.4, 3.2], "texture": "#2"},
				"west": {"uv": [13.6, 8.8, 14.1, 9.2], "texture": "#2"},
				"up": {"uv": [12.8, 10.1, 10.8, 9.6], "texture": "#2"},
				"down": {"uv": [12.8, 10.4, 10.8, 10.9], "texture": "#2"}
			}
		},
		{
			"from": [3.5, 0.75, 9.5],
			"to": [9.5, 15.25, 10.5],
			"rotation": {"angle": 22.5, "axis": "z", "origin": [6.5, 8, 10.3745]},
			"faces": {
				"north": {"uv": [4.8, 0, 7.2, 5.8], "texture": "#2"},
				"south": {"uv": [0, 6, 2.4, 11.8], "texture": "#2"}
			}
		},
		{
			"from": [9.41421, 1.5, 9.475],
			"to": [10.41421, 14.5, 10.725],
			"rotation": {"angle": 22.5, "axis": "z", "origin": [6.5, 8, 10.3745]},
			"faces": {
				"north": {"uv": [10.4, 4.8, 10.8, 10], "texture": "#2"},
				"east": {"uv": [8.8, 2.8, 9.3, 8], "texture": "#2"},
				"south": {"uv": [9.6, 10.4, 10, 15.6], "texture": "#2"},
				"west": {"uv": [8.8, 8, 9.3, 13.2], "texture": "#2"},
				"up": {"uv": [6.8, 14.1, 6.4, 13.6], "texture": "#2"},
				"down": {"uv": [14, 7.6, 13.6, 8.1], "texture": "#2"}
			}
		},
		{
			"from": [7.48579, 12, 8.749],
			"to": [10.31179, 14.5, 8.749],
			"rotation": {"angle": -22.5, "axis": "z", "origin": [8.99879, 12.75, 8.499]},
			"faces": {
				"south": {"uv": [0, 0, 11, 10], "texture": "#1"}
			}
		},
		{
			"from": [12.86396, 4.17157, 9.476],
			"to": [13.86396, 6.17157, 10.724],
			"rotation": {"angle": -22.5, "axis": "z", "origin": [6.5, 8, 10.3745]},
			"faces": {
				"north": {"uv": [11.6, 12.8, 12, 13.6], "texture": "#2"},
				"east": {"uv": [13.2, 5.6, 13.7, 6.4], "texture": "#2"},
				"south": {"uv": [9.2, 13.2, 9.6, 14], "texture": "#2"},
				"west": {"uv": [6.8, 13.2, 7.3, 14], "texture": "#2"}
			}
		},
		{
			"from": [8.32843, 0.63604, 9.476],
			"to": [10.32843, 1.63604, 10.724],
			"rotation": {"angle": -22.5, "axis": "z", "origin": [6.5, 8, 10.3745]},
			"faces": {
				"north": {"uv": [13.2, 12.8, 14, 13.2], "texture": "#2"},
				"south": {"uv": [13.2, 13.2, 14, 13.6], "texture": "#2"},
				"up": {"uv": [11.6, 13.3, 10.8, 12.8], "texture": "#2"},
				"down": {"uv": [14, 4.8, 13.2, 5.3], "texture": "#2"}
			}
		},
		{
			"from": [9.5, 9.08579, 2.6],
			"to": [10.5, 9.58579, 6.1],
			"rotation": {"angle": 0, "axis": "x", "origin": [9.5, 0.33579, 4.6]},
			"faces": {
				"north": {"uv": [6.8, 12.8, 7.2, 13], "texture": "#2"},
				"east": {"uv": [13.6, 4.4, 15, 4.6], "texture": "#2"},
				"west": {"uv": [13.6, 6.4, 15, 6.6], "texture": "#2"},
				"up": {"uv": [3.2, 14.2, 2.8, 12.8], "texture": "#2"},
				"down": {"uv": [3.6, 12.8, 3.2, 14.2], "texture": "#2"}
			}
		},
		{
			"from": [5.25, 2.83579, 6.1],
			"to": [10.75, 9.83579, 6.6],
			"rotation": {"angle": 0, "axis": "x", "origin": [9.5, 0.08579, 4.5]},
			"faces": {
				"north": {"uv": [7.2, 0, 9.4, 2.8], "texture": "#2"},
				"east": {"uv": [4.4, 12.8, 4.6, 15.6], "texture": "#2"},
				"west": {"uv": [4.8, 12.8, 5, 15.6], "texture": "#2"},
				"up": {"uv": [15, 1.8, 12.8, 1.6], "texture": "#2"},
				"down": {"uv": [15, 2, 12.8, 2.2], "texture": "#2"}
			}
		},
		{
			"from": [9.5, 3.58579, 2.6],
			"to": [10.5, 9.08579, 3.1],
			"rotation": {"angle": 0, "axis": "x", "origin": [10, 8.08579, 4.6]},
			"faces": {
				"north": {"uv": [12, 11.2, 12.4, 13.4], "texture": "#2"},
				"east": {"uv": [5.2, 12.8, 5.4, 15], "texture": "#2"},
				"south": {"uv": [12.4, 0, 12.8, 2.2], "texture": "#2"},
				"west": {"uv": [5.6, 12.8, 5.8, 15], "texture": "#2"}
			}
		},
		{
			"from": [9.5, 3.08579, 2.6],
			"to": [10.5, 3.58579, 6.1],
			"rotation": {"angle": 0, "axis": "x", "origin": [9.5, 0.33579, 4.6]},
			"faces": {
				"north": {"uv": [13.6, 10.8, 14, 11], "texture": "#2"},
				"east": {"uv": [13.6, 6.8, 15, 7], "texture": "#2"},
				"west": {"uv": [13.6, 7.2, 15, 7.4], "texture": "#2"},
				"up": {"uv": [4, 14.2, 3.6, 12.8], "texture": "#2"},
				"down": {"uv": [4.4, 12.8, 4, 14.2], "texture": "#2"}
			}
		},
		{
			"from": [5.5, 9.08579, 2.6],
			"to": [6.5, 9.58579, 6.1],
			"rotation": {"angle": 0, "axis": "x", "origin": [6.5, 0.33579, 4.6]},
			"faces": {
				"north": {"uv": [7.2, 12.8, 6.8, 13], "texture": "#2"},
				"east": {"uv": [15, 6.4, 13.6, 6.6], "texture": "#2"},
				"west": {"uv": [15, 4.4, 13.6, 4.6], "texture": "#2"},
				"up": {"uv": [2.8, 14.2, 3.2, 12.8], "texture": "#2"},
				"down": {"uv": [3.2, 12.8, 3.6, 14.2], "texture": "#2"}
			}
		},
		{
			"from": [5.5, 3.08579, 2.6],
			"to": [6.5, 3.58579, 6.1],
			"rotation": {"angle": 0, "axis": "x", "origin": [6.5, 0.33579, 4.6]},
			"faces": {
				"north": {"uv": [14, 10.8, 13.6, 11], "texture": "#2"},
				"east": {"uv": [15, 7.2, 13.6, 7.4], "texture": "#2"},
				"west": {"uv": [15, 6.8, 13.6, 7], "texture": "#2"},
				"up": {"uv": [3.6, 14.2, 4, 12.8], "texture": "#2"},
				"down": {"uv": [4, 12.8, 4.4, 14.2], "texture": "#2"}
			}
		},
		{
			"from": [5.5, 3.58579, 2.6],
			"to": [6.5, 9.08579, 3.1],
			"rotation": {"angle": 0, "axis": "x", "origin": [6, 8.08579, 4.6]},
			"faces": {
				"north": {"uv": [12.4, 11.2, 12, 13.4], "texture": "#2"},
				"east": {"uv": [5.8, 12.8, 5.6, 15], "texture": "#2"},
				"south": {"uv": [12.8, 0, 12.4, 2.2], "texture": "#2"},
				"west": {"uv": [5.4, 12.8, 5.2, 15], "texture": "#2"}
			}
		}
	],
	"gui_light": "front",
	"display": {
		"thirdperson_righthand": {
			"rotation": [54, 180, 0],
			"translation": [0, 0, -2]
		},
		"thirdperson_lefthand": {
			"rotation": [67.25, 0, 0],
			"translation": [-5.5, -6.75, 12.25],
			"scale": [1.47656, 1.47656, 1.47656]
		},
		"firstperson_righthand": {
			"rotation": [-10, 0, 0],
			"translation": [0, 2.25, 0]
		},
		"firstperson_lefthand": {
			"rotation": [-10, 0, 0],
			"translation": [0, 2.25, 0],
			"scale": [0, 0, 0]
		},
		"ground": {
			"rotation": [-45, 0, 0],
			"translation": [0, 5.5, 0]
		},
		"gui": {
			"rotation": [0, -40, 0],
			"translation": [0.5, 0, 0]
		},
		"head": {
			"translation": [0, -9.5, 9.25],
			"scale": [2.5, 2.5, 2.5]
		},
		"fixed": {
			"rotation": [-90, 180, 0],
			"translation": [0, -3, -24],
			"scale": [3, 3, 3]
		}
	}
}