{"credit":"MadewithBlockbench","ambientocclusion":false,"texture_size":[64,64],"textures":{"1":"elitecreatures:exotic_garden_decoration_v1/pot_1"},"elements":[{"from":[3,0,3],"to":[13,3,13],"rotation":{"angle":0,"axis":"y","origin":[8,5,8]},"faces":{"north":{"uv":[11,1.75,13.5,2.5],"texture":"#1"},"east":{"uv":[11,1.75,13.5,2.5],"texture":"#1"},"south":{"uv":[11,1.75,13.5,2.5],"texture":"#1"},"west":{"uv":[11,1.75,13.5,2.5],"texture":"#1"},"down":{"uv":[9.75,4.75,7.25,7.25],"texture":"#1"}}},{"from":[1,3,1],"to":[15,8,15],"rotation":{"angle":0,"axis":"y","origin":[8,8,8]},"faces":{"north":{"uv":[11,0.5,14.5,1.75],"texture":"#1"},"east":{"uv":[11,0.5,14.5,1.75],"texture":"#1"},"south":{"uv":[11,0.5,14.5,1.75],"texture":"#1"},"west":{"uv":[11,0.5,14.5,1.75],"texture":"#1"},"down":{"uv":[10.25,4.25,6.75,7.75],"texture":"#1"}}},{"from":[0,8,0],"to":[16,10,16],"rotation":{"angle":0,"axis":"y","origin":[8,8,8]},"faces":{"north":{"uv":[11,0,15,0.5],"texture":"#1"},"east":{"uv":[11,0,15,0.5],"texture":"#1"},"south":{"uv":[11,0,15,0.5],"texture":"#1"},"west":{"uv":[11,0,15,0.5],"texture":"#1"},"up":{"uv":[11,4,7,0],"texture":"#1"},"down":{"uv":[10.5,4,6.5,8],"texture":"#1"}}}],"display":{"thirdperson_righthand":{"translation":[0,2.25,2.25],"scale":[0.3,0.3,0.3]},"thirdperson_lefthand":{"translation":[0,1.5,3],"scale":[0.3,0.3,0.3]},"ground":{"translation":[0,1.75,0],"scale":[0.5,0.5,0.5]},"gui":{"rotation":[40,-40,0],"translation":[0,0.5,0],"scale":[0.7,0.7,0.7]},"head":{"translation":[0,-27,0],"scale":[2,2,2]},"fixed":{"translation":[0,1.25,-0.25],"scale":[0.8,0.8,0.8]}},"groups":[{"name":"vase1","origin":[-7,14.5,8],"color":0,"children":[0,1,2]}]}