{"credit":"Made with Blockbench","texture_size":[512,512],"textures":{"5":"elitecreatures:farmer_decoration_v1/farmer_wheelbarrow"},"elements":[{"from":[4,-13,-16],"to":[12,-4,-15],"faces":{"north":{"uv":[10.5,11.375,11,11.9375],"texture":"#5"},"east":{"uv":[12.6875,8.5625,12.75,9.125],"texture":"#5"},"south":{"uv":[9.25,11.4375,9.75,12],"texture":"#5"},"west":{"uv":[9.25,12.6875,9.3125,13.25],"texture":"#5"},"up":{"uv":[13.1875,9.375,12.6875,9.3125],"texture":"#5"},"down":{"uv":[13.25,8,12.75,8.0625],"texture":"#5"}}},{"from":[4,-13,-2],"to":[12,-4,-1],"rotation":{"angle":0,"axis":"y","origin":[8,-8.5,31.5]},"faces":{"north":{"uv":[9.75,11.4375,9.25,12],"texture":"#5"},"east":{"uv":[12.75,8.5625,12.6875,9.125],"texture":"#5"},"south":{"uv":[11,11.375,10.5,11.9375],"texture":"#5"},"west":{"uv":[9.3125,12.6875,9.25,13.25],"texture":"#5"},"up":{"uv":[13.1875,9.3125,12.6875,9.375],"texture":"#5"},"down":{"uv":[13.25,8.0625,12.75,8],"texture":"#5"}}},{"from":[4,-14,-3],"to":[12,-3,-2],"rotation":{"angle":0,"axis":"y","origin":[21,-4.5,27]},"faces":{"north":{"uv":[10.5,10.6875,11,11.375],"texture":"#5"},"east":{"uv":[10.75,12.25,10.8125,12.9375],"texture":"#5"},"south":{"uv":[9.25,10.75,9.75,11.4375],"texture":"#5"},"west":{"uv":[10.8125,12.25,10.875,12.9375],"texture":"#5"},"up":{"uv":[13.25,8.125,12.75,8.0625],"texture":"#5"},"down":{"uv":[13.25,8.125,12.75,8.1875],"texture":"#5"}}},{"from":[4,-14,-15],"to":[12,-3,-14],"rotation":{"angle":0,"axis":"y","origin":[8,-8.5,18.5]},"faces":{"north":{"uv":[9.75,10.75,9.25,11.4375],"texture":"#5"},"east":{"uv":[10.8125,12.25,10.75,12.9375],"texture":"#5"},"south":{"uv":[11,10.6875,10.5,11.375],"texture":"#5"},"west":{"uv":[10.875,12.25,10.8125,12.9375],"texture":"#5"},"up":{"uv":[13.25,8.0625,12.75,8.125],"texture":"#5"},"down":{"uv":[13.25,8.1875,12.75,8.125],"texture":"#5"}}},{"from":[5,-14,-14],"to":[11,-3,-3],"faces":{"north":{"uv":[11.5,11.125,11.875,11.8125],"texture":"#5"},"east":{"uv":[9.25,9.3125,9.9375,10],"texture":"#5"},"south":{"uv":[11,11.6875,11.375,12.375],"texture":"#5"},"west":{"uv":[9.9375,9.3125,9.25,10],"texture":"#5"},"up":{"uv":[12.1875,8.6875,11.8125,8],"texture":"#5"},"down":{"uv":[12.1875,8.6875,11.8125,9.375],"texture":"#5"}}},{"from":[11,-11,-11],"to":[12,-6,-6],"rotation":{"angle":0,"axis":"y","origin":[11.5,-8.5,-8.5]},"faces":{"north":{"uv":[11.25,12.375,11.375,12.6875],"texture":"#5"},"east":{"uv":[12,9.625,12.3125,9.9375],"texture":"#5"},"south":{"uv":[8.875,12.4375,9,12.75],"texture":"#5"},"west":{"uv":[9.875,12,10.1875,12.3125],"texture":"#5"},"up":{"uv":[8.5,12.875,8.375,12.5625],"texture":"#5"},"down":{"uv":[8.625,12.5625,8.5,12.875],"texture":"#5"}}},{"from":[4,-11,-11],"to":[5,-6,-6],"rotation":{"angle":0,"axis":"y","origin":[4.5,-8.5,-8.5]},"faces":{"north":{"uv":[11.375,12.375,11.25,12.6875],"texture":"#5"},"east":{"uv":[10.1875,12,9.875,12.3125],"texture":"#5"},"south":{"uv":[9,12.4375,8.875,12.75],"texture":"#5"},"west":{"uv":[12.3125,9.625,12,9.9375],"texture":"#5"},"up":{"uv":[8.375,12.875,8.5,12.5625],"texture":"#5"},"down":{"uv":[8.5,12.5625,8.625,12.875],"texture":"#5"}}},{"from":[4,-15,-14],"to":[12,-14,-3],"rotation":{"angle":0,"axis":"y","origin":[0,16,0]},"faces":{"north":{"uv":[12.75,8.1875,13.25,8.25],"texture":"#5"},"east":{"uv":[12.3125,9.875,13,9.9375],"texture":"#5"},"south":{"uv":[12.75,8.25,13.25,8.3125],"texture":"#5"},"west":{"uv":[12.3125,12,13,12.0625],"texture":"#5"},"up":{"uv":[10.25,11.4375,9.75,10.75],"texture":"#5"},"down":{"uv":[8.5,10.8125,8,11.5],"texture":"#5"}}},{"from":[4,-16,-13],"to":[12,-15,-4],"rotation":{"angle":0,"axis":"y","origin":[0,16,0]},"faces":{"north":{"uv":[12.75,8.3125,13.25,8.375],"texture":"#5"},"east":{"uv":[12.625,10.0625,13.1875,10.125],"texture":"#5"},"south":{"uv":[12.75,8.375,13.25,8.4375],"texture":"#5"},"west":{"uv":[12.625,10.125,13.1875,10.1875],"texture":"#5"},"up":{"uv":[10.25,12,9.75,11.4375],"texture":"#5"},"down":{"uv":[8.5,11.5,8,12.0625],"texture":"#5"}}},{"from":[4,-3,-14],"to":[12,-2,-3],"faces":{"north":{"uv":[12.75,8.4375,13.25,8.5],"texture":"#5"},"east":{"uv":[11.875,12.5,12.5625,12.5625],"texture":"#5"},"south":{"uv":[12.75,8.5,13.25,8.5625],"texture":"#5"},"west":{"uv":[9.25,12.5625,9.9375,12.625],"texture":"#5"},"up":{"uv":[9,11.5,8.5,10.8125],"texture":"#5"},"down":{"uv":[11.5,9.9375,11,10.625],"texture":"#5"}}},{"from":[4,-5,-5],"to":[12,-3,-3],"faces":{"north":{"uv":[8.375,12.0625,8.875,12.1875],"texture":"#5"},"east":{"uv":[12.8125,11.125,12.9375,11.25],"texture":"#5"},"south":{"uv":[11.875,12.125,12.375,12.25],"texture":"#5"},"west":{"uv":[12.8125,11.25,12.9375,11.375],"texture":"#5"},"up":{"uv":[12.6875,8.125,12.1875,8],"texture":"#5"},"down":{"uv":[12.6875,8.125,12.1875,8.25],"texture":"#5"}}},{"from":[4,-5,-14],"to":[12,-3,-12],"faces":{"north":{"uv":[12.1875,8.25,12.6875,8.375],"texture":"#5"},"east":{"uv":[12.8125,11.375,12.9375,11.5],"texture":"#5"},"south":{"uv":[8.375,12.1875,8.875,12.3125],"texture":"#5"},"west":{"uv":[12.8125,11.5,12.9375,11.625],"texture":"#5"},"up":{"uv":[12.6875,8.5,12.1875,8.375],"texture":"#5"},"down":{"uv":[12.6875,8.5,12.1875,8.625],"texture":"#5"}}},{"from":[4,-14,-14],"to":[12,-12,-12],"faces":{"north":{"uv":[12.1875,8.625,12.6875,8.75],"texture":"#5"},"east":{"uv":[12.8125,11.625,12.9375,11.75],"texture":"#5"},"south":{"uv":[12.1875,8.75,12.6875,8.875],"texture":"#5"},"west":{"uv":[12.8125,11.75,12.9375,11.875],"texture":"#5"},"up":{"uv":[12.6875,9,12.1875,8.875],"texture":"#5"},"down":{"uv":[12.6875,9,12.1875,9.125],"texture":"#5"}}},{"from":[4,-14,-5],"to":[12,-12,-3],"faces":{"north":{"uv":[12.1875,9.125,12.6875,9.25],"texture":"#5"},"east":{"uv":[12.8125,11.875,12.9375,12],"texture":"#5"},"south":{"uv":[12.1875,9.25,12.6875,9.375],"texture":"#5"},"west":{"uv":[12.75,12.8125,12.875,12.9375],"texture":"#5"},"up":{"uv":[12.375,12.375,11.875,12.25],"texture":"#5"},"down":{"uv":[8.875,12.3125,8.375,12.4375],"texture":"#5"}}},{"from":[4,-12,-4],"to":[12,-10,-3],"faces":{"north":{"uv":[9.25,12.3125,9.75,12.4375],"texture":"#5"},"east":{"uv":[11.4375,9.8125,11.5,9.9375],"texture":"#5"},"south":{"uv":[12.3125,9.625,12.8125,9.75],"texture":"#5"},"west":{"uv":[11.75,9.25,11.8125,9.375],"texture":"#5"},"up":{"uv":[13.25,8.75,12.75,8.6875],"texture":"#5"},"down":{"uv":[13.25,8.75,12.75,8.8125],"texture":"#5"}}},{"from":[4,-12,-14],"to":[12,-10,-13],"faces":{"north":{"uv":[12.3125,9.75,12.8125,9.875],"texture":"#5"},"east":{"uv":[9.875,12.3125,9.9375,12.4375],"texture":"#5"},"south":{"uv":[12.3125,11.125,12.8125,11.25],"texture":"#5"},"west":{"uv":[9.875,12.4375,9.9375,12.5625],"texture":"#5"},"up":{"uv":[13.25,8.875,12.75,8.8125],"texture":"#5"},"down":{"uv":[13.25,8.875,12.75,8.9375],"texture":"#5"}}},{"from":[4,-7,-14],"to":[12,-5,-13],"faces":{"north":{"uv":[12.3125,11.25,12.8125,11.375],"texture":"#5"},"east":{"uv":[10.875,12.8125,10.9375,12.9375],"texture":"#5"},"south":{"uv":[12.3125,11.375,12.8125,11.5],"texture":"#5"},"west":{"uv":[8.625,12.875,8.6875,13],"texture":"#5"},"up":{"uv":[13.25,9,12.75,8.9375],"texture":"#5"},"down":{"uv":[13.25,9,12.75,9.0625],"texture":"#5"}}},{"from":[4,-7,-4],"to":[12,-5,-3],"faces":{"north":{"uv":[12.3125,11.5,12.8125,11.625],"texture":"#5"},"east":{"uv":[8.6875,12.875,8.75,13],"texture":"#5"},"south":{"uv":[12.3125,11.625,12.8125,11.75],"texture":"#5"},"west":{"uv":[8.75,12.875,8.8125,13],"texture":"#5"},"up":{"uv":[13.25,9.125,12.75,9.0625],"texture":"#5"},"down":{"uv":[9.8125,12.75,9.3125,12.8125],"texture":"#5"}}},{"from":[4,-4,-12],"to":[12,-3,-10],"rotation":{"angle":0,"axis":"y","origin":[8,-5,-9.5]},"faces":{"north":{"uv":[12.75,12.625,13.25,12.6875],"texture":"#5"},"east":{"uv":[10.5,9.25,10.625,9.3125],"texture":"#5"},"south":{"uv":[12.75,12.6875,13.25,12.75],"texture":"#5"},"west":{"uv":[11.125,9.875,11.25,9.9375],"texture":"#5"},"up":{"uv":[12.8125,11.875,12.3125,11.75],"texture":"#5"},"down":{"uv":[12.8125,11.875,12.3125,12],"texture":"#5"}}},{"from":[4,-4,-7],"to":[12,-3,-5],"rotation":{"angle":0,"axis":"y","origin":[8,-5,-9.5]},"faces":{"north":{"uv":[12.75,12.75,13.25,12.8125],"texture":"#5"},"east":{"uv":[11.25,9.875,11.375,9.9375],"texture":"#5"},"south":{"uv":[9.3125,12.8125,9.8125,12.875],"texture":"#5"},"west":{"uv":[11.625,9.75,11.75,9.8125],"texture":"#5"},"up":{"uv":[12.375,12.5,11.875,12.375],"texture":"#5"},"down":{"uv":[12.875,12.125,12.375,12.25],"texture":"#5"}}},{"from":[4,-14,-7],"to":[12,-13,-5],"rotation":{"angle":0,"axis":"y","origin":[8,-5,-9.5]},"faces":{"north":{"uv":[12.8125,9.625,13.3125,9.6875],"texture":"#5"},"east":{"uv":[11.75,9.75,11.875,9.8125],"texture":"#5"},"south":{"uv":[12.8125,9.6875,13.3125,9.75],"texture":"#5"},"west":{"uv":[11.875,9.75,12,9.8125],"texture":"#5"},"up":{"uv":[12.875,12.375,12.375,12.25],"texture":"#5"},"down":{"uv":[12.875,12.375,12.375,12.5],"texture":"#5"}}},{"from":[4,-14,-12],"to":[12,-13,-10],"rotation":{"angle":0,"axis":"y","origin":[8,-5,-9.5]},"faces":{"north":{"uv":[12.8125,9.75,13.3125,9.8125],"texture":"#5"},"east":{"uv":[9.3125,12.875,9.4375,12.9375],"texture":"#5"},"south":{"uv":[12.8125,9.8125,13.3125,9.875],"texture":"#5"},"west":{"uv":[12.875,9.375,13,9.4375],"texture":"#5"},"up":{"uv":[8.875,12.5625,8.375,12.4375],"texture":"#5"},"down":{"uv":[9.75,12.4375,9.25,12.5625],"texture":"#5"}}},{"from":[4,-2,-13],"to":[12,-1,-4],"faces":{"north":{"uv":[12.75,8.5625,13.25,8.625],"texture":"#5"},"east":{"uv":[12.625,10.1875,13.1875,10.25],"texture":"#5"},"south":{"uv":[12.75,8.625,13.25,8.6875],"texture":"#5"},"west":{"uv":[12.625,10.25,13.1875,10.3125],"texture":"#5"},"up":{"uv":[9,12.0625,8.5,11.5],"texture":"#5"},"down":{"uv":[12,9.8125,11.5,10.375],"texture":"#5"}}},{"from":[13,-2.45461,-16],"to":[15,-0.45461,32],"rotation":{"angle":-22.5,"axis":"x","origin":[14,-1.45461,8.68717]},"faces":{"north":{"uv":[11.625,9.25,11.75,9.375],"texture":"#5"},"east":{"uv":[11,10.625,13.75,10.75],"texture":"#5"},"south":{"uv":[11.625,9.625,11.75,9.75],"texture":"#5"},"west":{"uv":[11,10.625,13.75,10.75],"rotation":180,"texture":"#5"},"up":{"uv":[10.375,13.5,10.25,10.75],"texture":"#5"},"down":{"uv":[10.375,10.75,10.25,13.5],"texture":"#5"}}},{"from":[1,-2.45461,-16],"to":[3,-0.45461,32],"rotation":{"angle":-22.5,"axis":"x","origin":[2,-1.45461,8.68717]},"faces":{"north":{"uv":[11.75,9.25,11.625,9.375],"texture":"#5"},"east":{"uv":[13.75,10.625,11,10.75],"rotation":180,"texture":"#5"},"south":{"uv":[11.75,9.625,11.625,9.75],"texture":"#5"},"west":{"uv":[13.75,10.625,11,10.75],"texture":"#5"},"up":{"uv":[10.25,13.5,10.375,10.75],"texture":"#5"},"down":{"uv":[10.25,10.75,10.375,13.5],"texture":"#5"}}},{"from":[3,-1,1],"to":[13,1,25],"rotation":{"angle":-22.5,"axis":"x","origin":[1,1,12]},"faces":{"north":{"uv":[15.375,14.375,16,14.5],"texture":"#5"},"south":{"uv":[15.375,14.375,16,14.5],"texture":"#5"},"up":{"uv":[16,16,15.375,14.5],"texture":"#5"},"down":{"uv":[16,14.5,15.375,16],"texture":"#5"}}},{"from":[13,-16,19],"to":[14,2.25,20],"faces":{"north":{"uv":[10.9375,11.9375,11,13.09375],"texture":"#5"},"east":{"uv":[10.1875,12,10.25,13.15625],"texture":"#5"},"south":{"uv":[8,12.0625,8.0625,13.21875],"texture":"#5"},"west":{"uv":[8.0625,12.0625,8.125,13.21875],"texture":"#5"},"up":{"uv":[11,10,10.9375,9.9375],"texture":"#5"},"down":{"uv":[11.4375,9.875,11.375,9.9375],"texture":"#5"}}},{"from":[13,-14.75,11],"to":[14,1.25,12],"rotation":{"angle":-22.5,"axis":"x","origin":[13.5,-6.875,15.5]},"faces":{"north":{"uv":[8.125,12.0625,8.1875,13.09375],"texture":"#5"},"east":{"uv":[8.1875,12.0625,8.25,13.09375],"texture":"#5"},"south":{"uv":[8.25,12.0625,8.3125,13.09375],"texture":"#5"},"west":{"uv":[8.3125,12.0625,8.375,13.09375],"texture":"#5"},"up":{"uv":[12.9375,9.5,12.875,9.4375],"texture":"#5"},"down":{"uv":[9.5625,12.875,9.5,12.9375],"texture":"#5"}}},{"from":[2.975,-7.375,19],"to":[13.025,-6.375,20],"rotation":{"angle":0,"axis":"y","origin":[13.5,-6.875,19.5]},"faces":{"north":{"uv":[11.875,12.5625,12.53125,12.625],"texture":"#5"},"east":{"uv":[8.8125,12.875,8.875,12.9375],"texture":"#5"},"south":{"uv":[12.5625,12.5,13.21875,12.5625],"texture":"#5"},"west":{"uv":[9.4375,12.875,9.5,12.9375],"texture":"#5"},"up":{"uv":[13.21875,12.625,12.5625,12.5625],"texture":"#5"},"down":{"uv":[9.90625,12.625,9.25,12.6875],"texture":"#5"}}},{"from":[13,-16,14.5],"to":[14,-15,20],"faces":{"north":{"uv":[12.875,9.5,12.9375,9.5625],"texture":"#5"},"east":{"uv":[10.625,9.9375,10.9375,10],"texture":"#5"},"south":{"uv":[9.5625,12.875,9.625,12.9375],"texture":"#5"},"west":{"uv":[11.125,9.8125,11.4375,9.875],"texture":"#5"},"up":{"uv":[11.1875,13,11.125,12.6875],"texture":"#5"},"down":{"uv":[11.25,12.6875,11.1875,13],"texture":"#5"}}},{"from":[2,-14.75,11],"to":[3,1.25,12],"rotation":{"angle":-22.5,"axis":"x","origin":[2.5,-6.875,15.5]},"faces":{"north":{"uv":[8.125,12.0625,8.1875,13.09375],"texture":"#5"},"east":{"uv":[8.1875,12.0625,8.25,13.09375],"texture":"#5"},"south":{"uv":[8.25,12.0625,8.3125,13.09375],"texture":"#5"},"west":{"uv":[8.3125,12.0625,8.375,13.09375],"texture":"#5"},"up":{"uv":[12.9375,9.5,12.875,9.4375],"texture":"#5"},"down":{"uv":[9.5625,12.875,9.5,12.9375],"texture":"#5"}}},{"from":[2,-16,19],"to":[3,2.25,20],"rotation":{"angle":0,"axis":"y","origin":[-11,0,0]},"faces":{"north":{"uv":[10.9375,11.9375,11,13.09375],"texture":"#5"},"east":{"uv":[10.1875,12,10.25,13.15625],"texture":"#5"},"south":{"uv":[8,12.0625,8.0625,13.21875],"texture":"#5"},"west":{"uv":[8.0625,12.0625,8.125,13.21875],"texture":"#5"},"up":{"uv":[11,10,10.9375,9.9375],"texture":"#5"},"down":{"uv":[11.4375,9.875,11.375,9.9375],"texture":"#5"}}},{"from":[2,-16,14.5],"to":[3,-15,20],"rotation":{"angle":0,"axis":"y","origin":[-11,0,0]},"faces":{"north":{"uv":[12.875,9.5,12.9375,9.5625],"texture":"#5"},"east":{"uv":[10.625,9.9375,10.9375,10],"texture":"#5"},"south":{"uv":[9.5625,12.875,9.625,12.9375],"texture":"#5"},"west":{"uv":[11.125,9.8125,11.4375,9.875],"texture":"#5"},"up":{"uv":[11.1875,13,11.125,12.6875],"texture":"#5"},"down":{"uv":[11.25,12.6875,11.1875,13],"texture":"#5"}}},{"from":[-2,0,-9],"to":[18,1,12],"faces":{"north":{"uv":[12,10.3125,13.25,10.375],"texture":"#5"},"east":{"uv":[12,9.9375,13.3125,10],"texture":"#5"},"south":{"uv":[11.875,12.0625,13.125,12.125],"texture":"#5"},"west":{"uv":[12,9.9375,13.3125,10],"texture":"#5"},"up":{"uv":[9.25,9.3125,8,8],"texture":"#5"},"down":{"uv":[10.5,8,9.25,9.3125],"texture":"#5"}}},{"from":[-2,1,-9],"to":[0,6,12],"faces":{"north":{"uv":[8.625,12.5625,8.75,12.875],"texture":"#5"},"east":{"uv":[10.5,8,11.8125,8.3125],"texture":"#5"},"south":{"uv":[10.1875,12.625,10.0625,12.9375],"texture":"#5"},"west":{"uv":[10.5,8.625,11.8125,8.9375],"texture":"#5"},"up":{"uv":[11.5,13,11.375,11.6875],"texture":"#5"},"down":{"uv":[11.625,11.8125,11.5,13.125],"texture":"#5"}}},{"from":[-2,0,-11],"to":[18,6,-9],"faces":{"north":{"uv":[9.25,10,10.5,10.375],"texture":"#5"},"east":{"uv":[8.875,12.0625,9,12.4375],"texture":"#5"},"south":{"uv":[9.25,10.375,10.5,10.75],"texture":"#5"},"west":{"uv":[10.5,12.25,10.625,12.625],"texture":"#5"},"up":{"uv":[12.875,9.5,11.625,9.375],"texture":"#5"},"down":{"uv":[12.875,9.5,11.625,9.625],"texture":"#5"}}},{"from":[16,1,-9],"to":[18,6,12],"faces":{"north":{"uv":[9.9375,12.625,10.0625,12.9375],"texture":"#5"},"east":{"uv":[10.5,8.625,11.8125,8.9375],"texture":"#5"},"south":{"uv":[10.0625,12.625,10.1875,12.9375],"texture":"#5"},"west":{"uv":[10.5,8.9375,11.8125,9.25],"texture":"#5"},"up":{"uv":[11.75,13.125,11.625,11.8125],"texture":"#5"},"down":{"uv":[11.875,11.8125,11.75,13.125],"texture":"#5"}}},{"from":[15,1,12],"to":[17,6,14],"faces":{"north":{"uv":[10.5,12.625,10.625,12.9375],"texture":"#5"},"east":{"uv":[11.875,12.625,12,12.9375],"texture":"#5"},"south":{"uv":[12,12.625,12.125,12.9375],"texture":"#5"},"west":{"uv":[12.125,12.625,12.25,12.9375],"texture":"#5"},"up":{"uv":[11.875,9.75,11.75,9.625],"texture":"#5"},"down":{"uv":[12,9.625,11.875,9.75],"texture":"#5"}}},{"from":[-1,1,12],"to":[1,6,14],"faces":{"north":{"uv":[12.25,12.625,12.375,12.9375],"texture":"#5"},"east":{"uv":[12.375,12.625,12.5,12.9375],"texture":"#5"},"south":{"uv":[12.125,12.625,12,12.9375],"texture":"#5"},"west":{"uv":[12,12.625,11.875,12.9375],"texture":"#5"},"up":{"uv":[9.875,12.4375,9.75,12.3125],"texture":"#5"},"down":{"uv":[9.875,12.4375,9.75,12.5625],"texture":"#5"}}},{"from":[15,1,14],"to":[16,6,21],"faces":{"north":{"uv":[11.25,12.6875,11.3125,13],"texture":"#5"},"east":{"uv":[11.875,11.125,12.3125,11.4375],"texture":"#5"},"south":{"uv":[11.3125,12.6875,11.375,13],"texture":"#5"},"west":{"uv":[11.875,11.4375,12.3125,11.75],"texture":"#5"},"up":{"uv":[9.875,13.125,9.8125,12.6875],"texture":"#5"},"down":{"uv":[9.9375,12.6875,9.875,13.125],"texture":"#5"}}},{"from":[0,1,14],"to":[1,6,21],"faces":{"north":{"uv":[8.875,12.75,8.9375,13.0625],"texture":"#5"},"east":{"uv":[11.875,11.75,12.3125,12.0625],"texture":"#5"},"south":{"uv":[11.3125,12.6875,11.375,13],"texture":"#5"},"west":{"uv":[11.875,11.125,12.3125,11.4375],"texture":"#5"},"up":{"uv":[11.0625,13.125,11,12.6875],"texture":"#5"},"down":{"uv":[11.125,12.6875,11.0625,13.125],"texture":"#5"}}},{"from":[3,7,-7],"to":[14,9,11],"faces":{"north":{"uv":[3,12.125,4.375,12.375],"texture":"#5"},"east":{"uv":[3.75,9.875,6,10.125],"texture":"#5"},"south":{"uv":[3,12.125,4.375,12.375],"texture":"#5"},"west":{"uv":[3.75,9.875,6,10.125],"texture":"#5"},"up":{"uv":[1.375,12.875,0,10.625],"texture":"#5"},"down":{"uv":[3,10.625,1.5,12.875],"texture":"#5"}}},{"from":[1,1,-9],"to":[16,7,13],"faces":{"north":{"uv":[3,10.625,5.625,11.375],"texture":"#5"},"east":{"uv":[3,10.625,5.625,11.375],"texture":"#5"},"south":{"uv":[3,10.625,4.875,11.375],"texture":"#5"},"west":{"uv":[3,10.625,5.625,11.375],"texture":"#5"},"up":{"uv":[1.875,10.75,0,8],"texture":"#5"}}},{"from":[1,-1.12132,-16],"to":[1,12.87868,-4],"rotation":{"angle":-22.5,"axis":"x","origin":[1,5.87868,-11.09188]},"faces":{"north":{"uv":[4,0,0,0],"rotation":90,"texture":"#5"},"east":{"uv":[0,4,4,0],"rotation":270,"texture":"#5"},"south":{"uv":[4,0,0,0],"rotation":90,"texture":"#5"},"west":{"uv":[0,0,4,4],"rotation":270,"texture":"#5"},"up":{"uv":[0,0,0,4],"texture":"#5"},"down":{"uv":[0,0,0,4],"rotation":180,"texture":"#5"}}},{"from":[4,13,-13],"to":[4,27,-1],"rotation":{"angle":-45,"axis":"x","origin":[-16,8,8]},"faces":{"north":{"uv":[4,0,0,0],"rotation":90,"texture":"#5"},"east":{"uv":[0,4,4,0],"rotation":270,"texture":"#5"},"south":{"uv":[4,0,0,0],"rotation":90,"texture":"#5"},"west":{"uv":[0,0,4,4],"rotation":270,"texture":"#5"},"up":{"uv":[0,0,0,4],"texture":"#5"},"down":{"uv":[0,0,0,4],"rotation":180,"texture":"#5"}}},{"from":[7,13,-13],"to":[7,27,-1],"rotation":{"angle":-45,"axis":"x","origin":[-16,8,8]},"faces":{"north":{"uv":[4,0,0,0],"rotation":90,"texture":"#5"},"east":{"uv":[0,4,4,0],"rotation":270,"texture":"#5"},"south":{"uv":[4,0,0,0],"rotation":90,"texture":"#5"},"west":{"uv":[0,0,4,4],"rotation":270,"texture":"#5"},"up":{"uv":[0,0,0,4],"texture":"#5"},"down":{"uv":[0,0,0,4],"rotation":180,"texture":"#5"}}},{"from":[11,-0.34924,-16],"to":[11,13.65076,-4],"rotation":{"angle":-22.5,"axis":"x","origin":[11,6.65076,-10.31981]},"faces":{"north":{"uv":[4,0,0,0],"rotation":90,"texture":"#5"},"east":{"uv":[0,4,4,0],"rotation":270,"texture":"#5"},"south":{"uv":[4,0,0,0],"rotation":90,"texture":"#5"},"west":{"uv":[0,0,4,4],"rotation":270,"texture":"#5"},"up":{"uv":[0,0,0,4],"texture":"#5"},"down":{"uv":[0,0,0,4],"rotation":180,"texture":"#5"}}},{"from":[15,13,-13],"to":[15,27,-1],"rotation":{"angle":-45,"axis":"x","origin":[-16,8,8]},"faces":{"north":{"uv":[4,0,0,0],"rotation":90,"texture":"#5"},"east":{"uv":[0,4,4,0],"rotation":270,"texture":"#5"},"south":{"uv":[4,0,0,0],"rotation":90,"texture":"#5"},"west":{"uv":[0,0,4,4],"rotation":270,"texture":"#5"},"up":{"uv":[0,0,0,4],"texture":"#5"},"down":{"uv":[0,0,0,4],"rotation":180,"texture":"#5"}}},{"from":[12.17767,-2.05635,-7.09188],"to":[26.17767,9.94365,-7.09188],"rotation":{"angle":22.5,"axis":"z","origin":[19.17767,5.94365,-7.09188]},"faces":{"north":{"uv":[0,0,4,4],"rotation":180,"texture":"#5"},"east":{"uv":[0,0,0,4],"rotation":180,"texture":"#5"},"south":{"uv":[0,4,4,0],"texture":"#5"},"west":{"uv":[0,0,0,4],"rotation":180,"texture":"#5"},"up":{"uv":[4,0,0,0],"rotation":180,"texture":"#5"},"down":{"uv":[4,0,0,0],"rotation":180,"texture":"#5"}}},{"from":[11,-3.02944,-2.09188],"to":[25,8.97056,-2.09188],"rotation":{"angle":45,"axis":"z","origin":[15,5.87868,-11.09188]},"faces":{"north":{"uv":[0,0,4,4],"rotation":180,"texture":"#5"},"east":{"uv":[0,0,0,4],"rotation":180,"texture":"#5"},"south":{"uv":[0,4,4,0],"texture":"#5"},"west":{"uv":[0,0,0,4],"rotation":180,"texture":"#5"},"up":{"uv":[4,0,0,0],"rotation":180,"texture":"#5"},"down":{"uv":[4,0,0,0],"rotation":180,"texture":"#5"}}},{"from":[12.17767,-1.05635,2.90812],"to":[26.17767,10.94365,2.90812],"rotation":{"angle":0,"axis":"y","origin":[19.17767,5.94365,2.90812]},"faces":{"north":{"uv":[0,0,4,4],"rotation":180,"texture":"#5"},"east":{"uv":[0,0,0,4],"rotation":180,"texture":"#5"},"south":{"uv":[0,4,4,0],"texture":"#5"},"west":{"uv":[0,0,0,4],"rotation":180,"texture":"#5"},"up":{"uv":[4,0,0,0],"rotation":180,"texture":"#5"},"down":{"uv":[4,0,0,0],"rotation":180,"texture":"#5"}}},{"from":[11,-3.02944,8.90812],"to":[25,8.97056,8.90812],"rotation":{"angle":45,"axis":"z","origin":[15,5.87868,-11.09188]},"faces":{"north":{"uv":[0,0,4,4],"rotation":180,"texture":"#5"},"east":{"uv":[0,0,0,4],"rotation":180,"texture":"#5"},"south":{"uv":[0,4,4,0],"texture":"#5"},"west":{"uv":[0,0,0,4],"rotation":180,"texture":"#5"},"up":{"uv":[4,0,0,0],"rotation":180,"texture":"#5"},"down":{"uv":[4,0,0,0],"rotation":180,"texture":"#5"}}},{"from":[-10.17767,-1.05635,8.90812],"to":[3.82233,10.94365,8.90812],"rotation":{"angle":-22.5,"axis":"z","origin":[-3.17767,5.94365,8.90812]},"faces":{"north":{"uv":[4,0,0,4],"rotation":180,"texture":"#5"},"east":{"uv":[0,0,0,4],"rotation":180,"texture":"#5"},"south":{"uv":[4,4,0,0],"texture":"#5"},"west":{"uv":[0,0,0,4],"rotation":180,"texture":"#5"},"up":{"uv":[0,0,4,0],"rotation":180,"texture":"#5"},"down":{"uv":[0,0,4,0],"rotation":180,"texture":"#5"}}},{"from":[-10.0888,-0.2709,-7.09188],"to":[3.9112,11.7291,-7.09188],"rotation":{"angle":-45,"axis":"z","origin":[-2.87424,5.94365,-1.13098]},"faces":{"north":{"uv":[4,0,0,4],"rotation":180,"texture":"#5"},"east":{"uv":[0,0,0,4],"rotation":180,"texture":"#5"},"south":{"uv":[4,4,0,0],"texture":"#5"},"west":{"uv":[0,0,0,4],"rotation":180,"texture":"#5"},"up":{"uv":[0,0,4,0],"rotation":180,"texture":"#5"},"down":{"uv":[0,0,4,0],"rotation":180,"texture":"#5"}}},{"from":[-10.33618,-2.05635,-9.32233],"to":[3.66382,9.94365,-9.32233],"rotation":{"angle":-22.5,"axis":"y","origin":[-3.33618,3.94365,-9.32233]},"faces":{"north":{"uv":[4,0,0,4],"rotation":180,"texture":"#5"},"east":{"uv":[0,0,0,4],"rotation":180,"texture":"#5"},"south":{"uv":[4,4,0,0],"texture":"#5"},"west":{"uv":[0,0,0,4],"rotation":180,"texture":"#5"},"up":{"uv":[0,0,4,0],"rotation":180,"texture":"#5"},"down":{"uv":[0,0,4,0],"rotation":180,"texture":"#5"}}},{"from":[12.33618,-2.05635,-9.32233],"to":[26.33618,9.94365,-9.32233],"rotation":{"angle":22.5,"axis":"y","origin":[19.33618,3.94365,-9.32233]},"faces":{"north":{"uv":[0,0,4,4],"rotation":180,"texture":"#5"},"east":{"uv":[0,0,0,4],"rotation":180,"texture":"#5"},"south":{"uv":[0,4,4,0],"texture":"#5"},"west":{"uv":[0,0,0,4],"rotation":180,"texture":"#5"},"up":{"uv":[4,0,0,0],"rotation":180,"texture":"#5"},"down":{"uv":[4,0,0,0],"rotation":180,"texture":"#5"}}},{"from":[-10.17767,-2.05635,-2.09188],"to":[3.82233,9.94365,-2.09188],"rotation":{"angle":-22.5,"axis":"z","origin":[-3.17767,5.94365,-2.09188]},"faces":{"north":{"uv":[4,0,0,4],"rotation":180,"texture":"#5"},"east":{"uv":[0,0,0,4],"rotation":180,"texture":"#5"},"south":{"uv":[4,4,0,0],"texture":"#5"},"west":{"uv":[0,0,0,4],"rotation":180,"texture":"#5"},"up":{"uv":[0,0,4,0],"rotation":180,"texture":"#5"},"down":{"uv":[0,0,4,0],"rotation":180,"texture":"#5"}}},{"from":[-10.0888,-0.2709,2.90812],"to":[3.9112,11.7291,2.90812],"rotation":{"angle":-45,"axis":"z","origin":[-2.87424,5.94365,-1.13098]},"faces":{"north":{"uv":[4,0,0,4],"rotation":180,"texture":"#5"},"east":{"uv":[0,0,0,4],"rotation":180,"texture":"#5"},"south":{"uv":[4,4,0,0],"texture":"#5"},"west":{"uv":[0,0,0,4],"rotation":180,"texture":"#5"},"up":{"uv":[0,0,4,0],"rotation":180,"texture":"#5"},"down":{"uv":[0,0,4,0],"rotation":180,"texture":"#5"}}},{"from":[9.5,8,2.5],"to":[9.5,20,14.5],"rotation":{"angle":-45,"axis":"x","origin":[9.5,9,10]},"faces":{"north":{"uv":[8,0,8,3],"texture":"#5"},"east":{"uv":[8,5.5,11,2.75],"rotation":270,"texture":"#5"},"south":{"uv":[8,3,8,0],"rotation":180,"texture":"#5"},"west":{"uv":[11,5.5,8,2.75],"rotation":90,"texture":"#5"},"up":{"uv":[8,2.75,8,0],"rotation":180,"texture":"#5"},"down":{"uv":[8,1.5,8,0],"texture":"#5"}}},{"from":[8.5,13,13.5],"to":[10.5,15,17.5],"rotation":{"angle":-45,"axis":"x","origin":[9.5,9,10]},"faces":{"north":{"uv":[12,1.25,11.5,1.75],"texture":"#5"},"east":{"uv":[11,2.375,11.5,1.375],"rotation":270,"texture":"#5"},"south":{"uv":[12,2.25,11.5,1.75],"rotation":180,"texture":"#5"},"west":{"uv":[11,2.375,11.5,1.375],"rotation":90,"texture":"#5"},"up":{"uv":[11,2.375,11.5,1.375],"rotation":180,"texture":"#5"},"down":{"uv":[11,2.375,11.5,1.375],"texture":"#5"}}}],"gui_light":"front","display":{"thirdperson_righthand":{"translation":[0,3,1],"scale":[0.55,0.55,0.55]},"thirdperson_lefthand":{"translation":[0,3,1],"scale":[0.55,0.55,0.55]},"firstperson_righthand":{"rotation":[0,-90,25],"translation":[1.13,3.2,1.13],"scale":[0.68,0.68,0.68]},"firstperson_lefthand":{"rotation":[0,-90,25],"translation":[1.13,3.2,1.13],"scale":[0.68,0.68,0.68]},"ground":{"translation":[0,10.75,0],"scale":[0.5,0.5,0.5]},"gui":{"rotation":[30,225,0],"translation":[-0.5,1.25,0],"scale":[0.22,0.22,0.22]},"head":{"translation":[0,-4.75,0],"scale":[1.6,1.6,1.6]},"fixed":{"rotation":[0,180,0],"scale":[0,0,0]}},"groups":[{"name":"Tractor","origin":[0,0,16],"color":0,"children":[0,1,2,3,4,5,6,7,8,9,10,11,12,13,14,15,16,17,18,19,20,21,22,23,24,25,{"name":"group","origin":[0,0,0],"color":0,"children":[26,27,28,29,30,31,32,33,34,35,36,37,38,39,40]}]},{"name":"Rices","origin":[15,5.87868,-11.09188],"color":0,"children":[41,42,43,44,45,46,47,48,49,50,51,52,53,54,55,56,57]},{"name":"Sickle","origin":[0,0,0],"color":0,"children":[58,59]}]}