{"credit":"By EliteCreatures","texture_size":[64,64],"textures":{"0":"elitecreatures:collectibles_v5_32x/curious_meerkats_inside_32","1":"elitecreatures:collectibles_v5_32x/collectibles_package","particle":"elitecreatures:collectibles_v5_32x/collectibles_package"},"elements":[{"from":[4.5,13.5,4.5],"to":[11.5,20.5,11.5],"rotation":{"angle":0,"axis":"y","origin":[7,0,7]},"faces":{"north":{"uv":[0,3.5,1.75,5.25],"texture":"#0"},"east":{"uv":[1.75,3.5,3.5,5.25],"texture":"#0"},"south":{"uv":[3.5,3.5,5.25,5.25],"texture":"#0"},"west":{"uv":[4,0,5.75,1.75],"texture":"#0"},"up":{"uv":[5.75,3.5,4,1.75],"texture":"#0"},"down":{"uv":[1.75,5.25,0,7],"texture":"#0"}}},{"from":[5,9.5,5],"to":[11,13.5,11],"rotation":{"angle":0,"axis":"y","origin":[7,0,7]},"faces":{"north":{"uv":[5.75,0,7.25,1],"texture":"#0"},"east":{"uv":[5.75,1,7.25,2],"texture":"#0"},"south":{"uv":[5.75,2,7.25,3],"texture":"#0"},"west":{"uv":[5.25,6.5,6.75,7.5],"texture":"#0"},"up":{"uv":[6.75,5,5.25,3.5],"texture":"#0"},"down":{"uv":[6.75,5,5.25,6.5],"texture":"#0"}}},{"from":[4.19396,6.68873,4.5],"to":[5.94396,13.68873,6.5],"rotation":{"angle":22.5,"axis":"x","origin":[5.06896,9.93873,5]},"faces":{"north":{"uv":[0,7,0.5,8.75],"texture":"#0"},"east":{"uv":[0.5,7,1,8.75],"texture":"#0"},"south":{"uv":[1,7,1.5,8.75],"texture":"#0"},"west":{"uv":[1.5,7,2,8.75],"texture":"#0"},"up":{"uv":[9.25,7,8.75,6.5],"texture":"#0"},"down":{"uv":[7.75,8.75,7.25,9.25],"texture":"#0"}}},{"from":[4.25,2.5,5],"to":[11.75,9.5,11.75],"rotation":{"angle":0,"axis":"y","origin":[7,0,7]},"faces":{"north":{"uv":[0,0,1.875,1.75],"texture":"#0"},"east":{"uv":[1.75,5.25,3.5,7],"texture":"#0"},"south":{"uv":[0,1.75,1.875,3.5],"texture":"#0"},"west":{"uv":[3.5,5.25,5.25,7],"texture":"#0"},"up":{"uv":[3.875,1.75,2,0],"texture":"#0"},"down":{"uv":[3.875,1.75,2,3.5],"texture":"#0"}}},{"from":[6.492,2.492,9.492],"to":[9.508,5.508,13.758],"rotation":{"angle":45,"axis":"x","origin":[8,4,12.75]},"faces":{"north":{"uv":[7.25,0,8,0.75],"texture":"#0"},"east":{"uv":[2,7,3.125,7.75],"texture":"#0"},"south":{"uv":[7.25,0.75,8,1.5],"texture":"#0"},"west":{"uv":[3.25,7,4.375,7.75],"texture":"#0"},"up":{"uv":[5.25,8.125,4.5,7],"texture":"#0"},"down":{"uv":[7.5,7,6.75,8.125],"texture":"#0"}}},{"from":[6.494,1.84755,11.51177],"to":[9.506,4.35955,14.52377],"rotation":{"angle":0,"axis":"y","origin":[8,2.22855,13.01777]},"faces":{"north":{"uv":[8,7.75,8.75,8.375],"texture":"#0"},"east":{"uv":[4.25,8.25,5,8.875],"texture":"#0"},"south":{"uv":[8.25,4.5,9,5.125],"texture":"#0"},"west":{"uv":[5,8.25,5.75,8.875],"texture":"#0"},"up":{"uv":[8,2.25,7.25,1.5],"texture":"#0"},"down":{"uv":[8,2.25,7.25,3],"texture":"#0"}}},{"from":[7.19454,0.53033,11.51777],"to":[9.79454,3.28033,14.51777],"rotation":{"angle":-45,"axis":"z","origin":[8.44454,2.03033,13.01777]},"faces":{"north":{"uv":[8.25,5.25,8.875,6],"texture":"#0"},"east":{"uv":[5.25,7.5,6,8.25],"texture":"#0"},"south":{"uv":[5.75,8.25,6.375,9],"texture":"#0"},"west":{"uv":[6,7.5,6.75,8.25],"texture":"#0"},"up":{"uv":[7.125,9,6.5,8.25],"texture":"#0"},"down":{"uv":[8.875,7,8.25,7.75],"texture":"#0"}}},{"from":[8.33448,0.01108,11.51377],"to":[11.09248,2.76908,14.52177],"rotation":{"angle":0,"axis":"y","origin":[9.58848,1.46508,13.01777]},"faces":{"north":{"uv":[7.5,7,8.25,7.75],"texture":"#0"},"east":{"uv":[2,7.75,2.75,8.5],"texture":"#0"},"south":{"uv":[2.75,7.75,3.5,8.5],"texture":"#0"},"west":{"uv":[7.75,3,8.5,3.75],"texture":"#0"},"up":{"uv":[4.25,8.5,3.5,7.75],"texture":"#0"},"down":{"uv":[8.5,3.75,7.75,4.5],"texture":"#0"}}},{"from":[9.62309,0.01308,11.73283],"to":[12.37709,2.26708,13.98683],"rotation":{"angle":45,"axis":"y","origin":[11.00009,1.39008,12.48483]},"faces":{"north":{"uv":[8.5,0,9.25,0.625],"texture":"#0"},"east":{"uv":[3.25,8.5,3.875,9.125],"texture":"#0"},"south":{"uv":[8.5,0.75,9.25,1.375],"texture":"#0"},"west":{"uv":[8.5,3.25,9.125,3.875],"texture":"#0"},"up":{"uv":[9.25,2.125,8.5,1.5],"texture":"#0"},"down":{"uv":[2.75,8.5,2,9.125],"texture":"#0"}}},{"from":[10.3271,0.01508,9.1358],"to":[11.8271,1.51508,11.8858],"rotation":{"angle":-22.5,"axis":"y","origin":[10.7021,1.14008,15.2608]},"faces":{"north":{"uv":[9,4.5,9.375,4.875],"texture":"#0"},"east":{"uv":[8.25,6,9,6.375],"texture":"#0"},"south":{"uv":[4.75,9,5.125,9.375],"texture":"#0"},"west":{"uv":[8.5,4,9.25,4.375],"texture":"#0"},"up":{"uv":[1.375,9.5,1,8.75],"texture":"#0"},"down":{"uv":[1.875,8.75,1.5,9.5],"texture":"#0"}}},{"from":[3.25,3,5.375],"to":[5.25,7,9.375],"rotation":{"angle":-45,"axis":"x","origin":[3.75,6,8.375]},"faces":{"north":{"uv":[7.5,7.75,8,8.75],"texture":"#0"},"east":{"uv":[6.75,5,7.75,6],"texture":"#0"},"south":{"uv":[8,0,8.5,1],"texture":"#0"},"west":{"uv":[6.75,6,7.75,7],"texture":"#0"},"up":{"uv":[8.5,2,8,1],"texture":"#0"},"down":{"uv":[8.5,2,8,3],"texture":"#0"}}},{"from":[3.5,0,7.5],"to":[5,3.5,9.25],"rotation":{"angle":0,"axis":"y","origin":[7,0,7]},"faces":{"north":{"uv":[0,8.75,0.375,9.625],"texture":"#0"},"east":{"uv":[8.5,2.25,9,3.125],"texture":"#0"},"south":{"uv":[0.5,8.75,0.875,9.625],"texture":"#0"},"west":{"uv":[2.75,8.5,3.25,9.375],"texture":"#0"},"up":{"uv":[9.125,8.25,8.75,7.75],"texture":"#0"},"down":{"uv":[9.375,2.25,9,2.75],"texture":"#0"}}},{"from":[3.5,0,6],"to":[5,1,7.5],"rotation":{"angle":0,"axis":"y","origin":[7,0,7]},"faces":{"north":{"uv":[5.25,9,5.625,9.25],"texture":"#0"},"east":{"uv":[9,5.25,9.375,5.5],"texture":"#0"},"south":{"uv":[9,5.5,9.375,5.75],"texture":"#0"},"west":{"uv":[5.75,9,6.125,9.25],"texture":"#0"},"up":{"uv":[9.375,3.125,9,2.75],"texture":"#0"},"down":{"uv":[4.625,9,4.25,9.375],"texture":"#0"}}},{"from":[2.5,17,7],"to":[4.5,20,8],"rotation":{"angle":0,"axis":"y","origin":[6,19,5]},"faces":{"north":{"uv":[8,8.5,8.5,9.25],"texture":"#0"},"east":{"uv":[4,8.5,4.25,9.25],"texture":"#0"},"south":{"uv":[8.5,8.5,9,9.25],"texture":"#0"},"west":{"uv":[7.75,8.75,8,9.5],"texture":"#0"},"up":{"uv":[9.25,8.5,8.75,8.25],"texture":"#0"},"down":{"uv":[9.5,5,9,5.25],"texture":"#0"}}},{"from":[11,0,6],"to":[12.5,1,7.5],"rotation":{"angle":0,"axis":"y","origin":[9,0,7]},"faces":{"north":{"uv":[5.625,9,5.25,9.25],"texture":"#0"},"east":{"uv":[6.125,9,5.75,9.25],"texture":"#0"},"south":{"uv":[9.375,5.5,9,5.75],"texture":"#0"},"west":{"uv":[9.375,5.25,9,5.5],"texture":"#0"},"up":{"uv":[9,3.125,9.375,2.75],"texture":"#0"},"down":{"uv":[4.25,9,4.625,9.375],"texture":"#0"}}},{"from":[11,0,7.5],"to":[12.5,3.5,9.25],"rotation":{"angle":0,"axis":"y","origin":[9,0,7]},"faces":{"north":{"uv":[0.375,8.75,0,9.625],"texture":"#0"},"east":{"uv":[3.25,8.5,2.75,9.375],"texture":"#0"},"south":{"uv":[0.875,8.75,0.5,9.625],"texture":"#0"},"west":{"uv":[9,2.25,8.5,3.125],"texture":"#0"},"up":{"uv":[8.75,8.25,9.125,7.75],"texture":"#0"},"down":{"uv":[9,2.25,9.375,2.75],"texture":"#0"}}},{"from":[10.75,3,5.375],"to":[12.75,7,9.375],"rotation":{"angle":-45,"axis":"x","origin":[12.25,6,8.375]},"faces":{"north":{"uv":[8,7.75,7.5,8.75],"texture":"#0"},"east":{"uv":[7.75,6,6.75,7],"texture":"#0"},"south":{"uv":[8.5,0,8,1],"texture":"#0"},"west":{"uv":[7.75,5,6.75,6],"texture":"#0"},"up":{"uv":[8,2,8.5,1],"texture":"#0"},"down":{"uv":[8,2,8.5,3],"texture":"#0"}}},{"from":[10.05604,6.68873,4.5],"to":[11.80604,13.68873,6.5],"rotation":{"angle":22.5,"axis":"x","origin":[10.93104,9.93873,5]},"faces":{"north":{"uv":[0.5,7,0,8.75],"texture":"#0"},"east":{"uv":[2,7,1.5,8.75],"texture":"#0"},"south":{"uv":[1.5,7,1,8.75],"texture":"#0"},"west":{"uv":[1,7,0.5,8.75],"texture":"#0"},"up":{"uv":[8.75,7,9.25,6.5],"texture":"#0"},"down":{"uv":[7.25,8.75,7.75,9.25],"texture":"#0"}}},{"from":[11.5,17,7],"to":[13.5,20,8],"rotation":{"angle":0,"axis":"y","origin":[10,19,5]},"faces":{"north":{"uv":[8.5,8.5,8,9.25],"texture":"#0"},"east":{"uv":[8,8.75,7.75,9.5],"texture":"#0"},"south":{"uv":[9,8.5,8.5,9.25],"texture":"#0"},"west":{"uv":[4.25,8.5,4,9.25],"texture":"#0"},"up":{"uv":[8.75,8.5,9.25,8.25],"texture":"#0"},"down":{"uv":[9,5,9.5,5.25],"texture":"#0"}}},{"from":[6,13.5,2.5],"to":[10,17.5,4.5],"rotation":{"angle":0,"axis":"y","origin":[7,0,7]},"faces":{"north":{"uv":[6.75,3,7.75,4],"texture":"#0"},"east":{"uv":[7.75,4.5,8.25,5.5],"texture":"#0"},"south":{"uv":[6.75,4,7.75,5],"texture":"#0"},"west":{"uv":[7.75,5.5,8.25,6.5],"texture":"#0"},"up":{"uv":[6.75,3.5,5.75,3],"texture":"#0"},"down":{"uv":[8.75,6.5,7.75,7],"texture":"#0"}}},{"name":"signs","from":[0.7,18,-0.075],"to":[15.3,20.8,-0.075],"rotation":{"angle":0,"axis":"y","origin":[17,6.9,0]},"faces":{"north":{"uv":[0,14.875,7.375,16],"texture":"#0"},"east":{"uv":[0,0,0,0.75],"texture":"#0"},"west":{"uv":[0,0,0,0.75],"texture":"#0"},"up":{"uv":[3.625,0,0,0],"texture":"#0"},"down":{"uv":[3.625,0,0,0],"texture":"#0"}}},{"name":"package","from":[0,-0.1,0],"to":[16,21.9,0],"faces":{"north":{"uv":[0,0,4,5.5],"texture":"#1"},"east":{"uv":[4,0,8,5.5],"texture":"#1"},"south":{"uv":[0,0,4,5.5],"texture":"#1"},"west":{"uv":[4,5.5,8,11],"texture":"#1"},"up":{"uv":[12,4,8,0],"texture":"#1"},"down":{"uv":[12,4,8,8],"texture":"#1"}}},{"name":"package","from":[0,-0.1,16],"to":[16,21.9,16],"faces":{"north":{"uv":[0,5.5,4,11],"texture":"#1"},"east":{"uv":[4,0,8,5.5],"texture":"#1"},"south":{"uv":[0,5.5,4,11],"texture":"#1"},"west":{"uv":[4,5.5,8,11],"texture":"#1"},"up":{"uv":[12,4,8,0],"texture":"#1"},"down":{"uv":[12,4,8,8],"texture":"#1"}}},{"name":"package","from":[0,-0.1,0],"to":[16,-0.1,16],"faces":{"north":{"uv":[0,0,4,5.5],"texture":"#1"},"east":{"uv":[4,0,8,5.5],"texture":"#1"},"south":{"uv":[0,5.5,4,11],"texture":"#1"},"west":{"uv":[4,5.5,8,11],"texture":"#1"},"up":{"uv":[12,4,8,8],"texture":"#1"},"down":{"uv":[12,4,8,8],"texture":"#1"}}},{"name":"package","from":[0,21.9,0],"to":[16,21.9,16],"faces":{"north":{"uv":[0,0,4,5.5],"texture":"#1"},"east":{"uv":[4,0,8,5.5],"texture":"#1"},"south":{"uv":[0,5.5,4,11],"texture":"#1"},"west":{"uv":[4,5.5,8,11],"texture":"#1"},"up":{"uv":[12,4,8,0],"texture":"#1"},"down":{"uv":[12,4,8,8],"texture":"#1"}}},{"name":"package","from":[16,-0.1,0],"to":[16,21.9,16],"faces":{"north":{"uv":[0,0,4,5.5],"texture":"#1"},"east":{"uv":[4,0,8,5.5],"texture":"#1"},"south":{"uv":[0,5.5,4,11],"texture":"#1"},"west":{"uv":[4,5.5,8,11],"texture":"#1"},"up":{"uv":[12,4,8,0],"texture":"#1"},"down":{"uv":[12,4,8,8],"texture":"#1"}}},{"name":"package","from":[0,-0.1,0],"to":[0,21.9,16],"faces":{"north":{"uv":[0,0,4,5.5],"texture":"#1"},"east":{"uv":[4,0,8,5.5],"texture":"#1"},"south":{"uv":[0,5.5,4,11],"texture":"#1"},"west":{"uv":[4,5.5,8,11],"texture":"#1"},"up":{"uv":[12,4,8,0],"texture":"#1"},"down":{"uv":[12,4,8,8],"texture":"#1"}}}],"gui_light":"front","display":{"thirdperson_righthand":{"rotation":[61.23,4.49,0.46],"translation":[0,1.75,0.75],"scale":[0.5,0.5,0.5]},"thirdperson_lefthand":{"rotation":[61.23,4.49,0.46],"translation":[0,1.75,0.75],"scale":[0.5,0.5,0.5]},"firstperson_righthand":{"rotation":[-166,53.68,171.1],"translation":[0.75,3.75,-0.75],"scale":[0.58336,0.58336,0.58336]},"firstperson_lefthand":{"rotation":[-166,53.68,171.1],"translation":[0.75,3.75,-0.75],"scale":[0.58336,0.58336,0.58336]},"ground":{"rotation":[68,0,0],"translation":[0,1.5,0],"scale":[0.5,0.5,0.5]},"gui":{"rotation":[-170,30,-180],"translation":[0,-2,0],"scale":[0.62,0.62,0.62]},"head":{"rotation":[7,180,1],"translation":[0,-60,11.25],"scale":[1.6,1.6,1.6]},"fixed":{"rotation":[-90,0,0],"translation":[0,-0.25,-16.25],"scale":[2,2,2]}}}