{"credit":"Made with Blockbench","textures":{"2":"killburn_set:animations/animation_2","3":"killburn_set:emissive_texture/01","4":"killburn_set:axe","particle":"killburn_set:axe"},"elements":[{"from":[7.25,0.25,6.75],"to":[8.75,1.75,8.25],"rotation":{"angle":45,"axis":"x","origin":[7.5,0.5,8]},"faces":{"north":{"uv":[11.33333,0,12.33333,1],"texture":"#4"},"east":{"uv":[11.33333,1.33333,12.33333,2.33333],"texture":"#4"},"south":{"uv":[8,11.33333,9,12.33333],"texture":"#4"},"west":{"uv":[9.33333,11.33333,10.33333,12.33333],"texture":"#4"},"up":{"uv":[11.66667,12.33333,10.66667,11.33333],"texture":"#4"},"down":{"uv":[13,2.66667,12,3.66667],"texture":"#4"}}},{"from":[6.75,11.75,5.75],"to":[9.25,14.25,8.25],"rotation":{"angle":45,"axis":"x","origin":[7.5,12,8]},"faces":{"north":{"uv":[0,14.33333,1.66667,16],"texture":"#4"},"east":{"uv":[7.33333,0,9,1.66667],"texture":"#4"},"south":{"uv":[2,14.33333,3.66667,16],"texture":"#4"},"west":{"uv":[7.33333,2,9,3.66667],"texture":"#4"},"up":{"uv":[9.66667,5.66667,8,4],"texture":"#4"},"down":{"uv":[9.66667,6,8,7.66667],"texture":"#4"}}},{"from":[6.5,12.1,6.1],"to":[9.5,13.9,7.9],"rotation":{"angle":45,"axis":"x","origin":[7.5,12,8]},"faces":{"north":{"uv":[2,9.33333,4,10.66667],"texture":"#4"},"east":{"uv":[4.66667,10.66667,6,12],"texture":"#4"},"south":{"uv":[9.33333,2,11.33333,3.33333],"texture":"#4"},"west":{"uv":[10.66667,4.66667,12,6],"texture":"#4"},"up":{"uv":[6,10.66667,4,9.33333],"texture":"#4"},"down":{"uv":[12,3.33333,10,4.66667],"texture":"#4"}}},{"from":[7.25,1.95711,7.25],"to":[8.75,2.45711,8.75],"rotation":{"angle":-45,"axis":"y","origin":[8,1.83211,8]},"faces":{"north":{"uv":[3.33333,14,4.33333,14.33333],"texture":"#4"},"east":{"uv":[4.66667,14,5.66667,14.33333],"texture":"#4"},"south":{"uv":[14,6,15,6.33333],"texture":"#4"},"west":{"uv":[14,6.66667,15,7],"texture":"#4"},"up":{"uv":[13,5,12,4],"texture":"#4"},"down":{"uv":[5.66667,12,4.66667,13],"texture":"#4"}}},{"from":[7.25,4.20711,7.25],"to":[8.75,4.70711,8.75],"rotation":{"angle":-45,"axis":"y","origin":[8,4.08211,8]},"faces":{"north":{"uv":[14,7.33333,15,7.66667],"texture":"#4"},"east":{"uv":[8,14,9,14.33333],"texture":"#4"},"south":{"uv":[14,8,15,8.33333],"texture":"#4"},"west":{"uv":[14,8.66667,15,9],"texture":"#4"},"up":{"uv":[13.66667,1,12.66667,0],"texture":"#4"},"down":{"uv":[2.33333,12.66667,1.33333,13.66667],"texture":"#4"}}},{"from":[7.25,6.45711,7.25],"to":[8.75,6.95711,8.75],"rotation":{"angle":-45,"axis":"y","origin":[8,6.33211,8]},"faces":{"north":{"uv":[9.33333,14,10.33333,14.33333],"texture":"#4"},"east":{"uv":[14,9.33333,15,9.66667],"texture":"#4"},"south":{"uv":[14,10,15,10.33333],"texture":"#4"},"west":{"uv":[14,10.66667,15,11],"texture":"#4"},"up":{"uv":[13.66667,2.33333,12.66667,1.33333],"texture":"#4"},"down":{"uv":[3.66667,12.66667,2.66667,13.66667],"texture":"#4"}}},{"from":[7.25,12.61951,4.18414],"to":[8.75,14.11951,7.18414],"rotation":{"angle":-22.5,"axis":"x","origin":[8,14.36951,5.55914]},"faces":{"north":{"uv":[12,5.33333,13,6.33333],"texture":"#4"},"east":{"uv":[8,10,10,11],"texture":"#4"},"south":{"uv":[12,6.66667,13,7.66667],"texture":"#4"},"west":{"uv":[10,10,12,11],"texture":"#4"},"up":{"uv":[3,12.66667,2,10.66667],"texture":"#4"},"down":{"uv":[4.33333,10.66667,3.33333,12.66667],"texture":"#4"}}},{"from":[7.25,14.11951,4.18414],"to":[8.75,15.61951,5.68414],"rotation":{"angle":-22.5,"axis":"x","origin":[8,14.36951,5.55914]},"faces":{"north":{"uv":[12,8,13,9],"texture":"#4"},"east":{"uv":[12,9.33333,13,10.33333],"texture":"#4"},"south":{"uv":[12,10.66667,13,11.66667],"texture":"#4"},"west":{"uv":[12,12,13,13],"texture":"#4"},"up":{"uv":[1,13.66667,0,12.66667],"texture":"#4"}}},{"from":[7.29289,2.45711,7],"to":[8.29289,7.45711,8],"rotation":{"angle":-45,"axis":"y","origin":[7.29289,1.45711,8]},"faces":{"north":{"uv":[6,9.33333,6.66667,12.66667],"texture":"#4"},"east":{"uv":[10,4.66667,10.66667,8],"texture":"#4"},"south":{"uv":[6.66667,10,7.33333,13.33333],"texture":"#4"},"west":{"uv":[7.33333,10,8,13.33333],"texture":"#4"},"up":{"uv":[6.66667,4.66667,6,4],"texture":"#4"}}},{"from":[7,1.61498,8.42208],"to":[9,1.64498,9.42208],"rotation":{"angle":22.5,"axis":"x","origin":[8,1.4382,9.34886]},"faces":{"up":{"uv":[12,13.33333,10.66667,12.66667],"texture":"#4"},"down":{"uv":[14.66667,2.66667,13.33333,3.33333],"texture":"#4"}}},{"from":[7,0.53914,9.50712],"to":[9,1.53914,9.53712],"rotation":{"angle":-22.5,"axis":"x","origin":[8,1.46592,9.36034]},"faces":{"north":{"uv":[13.33333,3.33333,14.66667,4],"texture":"#4"},"south":{"uv":[4,13.33333,5.33333,14],"texture":"#4"}}},{"from":[7,1.61498,6.57792],"to":[9,1.64498,7.57792],"rotation":{"angle":-22.5,"axis":"x","origin":[8,1.4382,6.65114]},"faces":{"up":{"uv":[6.66667,14,5.33333,13.33333],"texture":"#4"},"down":{"uv":[14.66667,5.33333,13.33333,6],"texture":"#4"}}},{"from":[7,0.53914,6.46288],"to":[9,1.53914,6.49288],"rotation":{"angle":22.5,"axis":"x","origin":[8,1.46592,6.63966]},"faces":{"north":{"uv":[13.33333,4,14.66667,4.66667],"texture":"#4"},"south":{"uv":[13.33333,4.66667,14.66667,5.33333],"texture":"#4"}}},{"from":[7.04289,7.45711,7.75],"to":[8.54289,12.95711,9.25],"rotation":{"angle":45,"axis":"y","origin":[7.29289,7.70711,8]},"faces":{"north":{"uv":[4,5.33333,5,9],"texture":"#4"},"east":{"uv":[5.33333,5.33333,6.33333,9],"texture":"#4"},"south":{"uv":[6,0,7,3.66667],"texture":"#4"},"west":{"uv":[6.66667,4,7.66667,7.66667],"texture":"#4"},"up":{"uv":[9,13.66667,8,12.66667],"texture":"#4"},"down":{"uv":[10.33333,12.66667,9.33333,13.66667],"texture":"#4"}}},{"from":[7.985,8,0.75],"to":[8.015,19,6.25],"rotation":{"angle":0,"axis":"y","origin":[7.985,10,0.25]},"faces":{"east":{"uv":[3.66667,0,0,7.33333],"texture":"#4"},"west":{"uv":[0,0,3.66667,7.33333],"texture":"#4"}}},{"from":[7.875,8,0.75],"to":[8.125,19,6.25],"rotation":{"angle":0,"axis":"y","origin":[7.975,10,0.25]},"faces":{"east":{"uv":[5.5,0,0,11],"texture":"#2"},"west":{"uv":[0,0,5.5,11],"texture":"#2"}}},{"from":[7.875,8,9.75],"to":[8.125,19,15.25],"rotation":{"angle":0,"axis":"y","origin":[7.975,10,15.75]},"faces":{"east":{"uv":[0,0,5.5,11],"texture":"#2"},"west":{"uv":[5.5,0,0,11],"texture":"#2"}}},{"from":[7.7535,9.75553,4.81045],"to":[8.2465,12.25553,7.46045],"rotation":{"angle":-45,"axis":"x","origin":[7.7535,9.25553,4.81045]},"faces":{"north":{"uv":[10.66667,13.33333,11,15],"texture":"#4"},"east":{"uv":[6.66667,8,8.33333,9.66667],"texture":"#4"},"south":{"uv":[13.33333,10.66667,13.66667,12.33333],"texture":"#4"},"west":{"uv":[8.66667,8,10.33333,9.66667],"texture":"#4"},"down":{"uv":[11.66667,13.33333,11.33333,15],"texture":"#4"}}},{"from":[7.7535,14.49817,4.81045],"to":[8.2465,16.99817,7.46045],"rotation":{"angle":45,"axis":"x","origin":[7.7535,17.49817,4.81045]},"faces":{"north":{"uv":[12,13.33333,12.33333,15],"texture":"#4"},"east":{"uv":[0,9.33333,1.66667,11],"texture":"#4"},"south":{"uv":[12.66667,13.33333,13,15],"texture":"#4"},"west":{"uv":[9.33333,0,11,1.66667],"texture":"#4"},"up":{"uv":[13.66667,14.33333,13.33333,12.66667],"texture":"#4"}}},{"from":[7.75,11.37685,2.68913],"to":[8.25,15.37685,5.68913],"rotation":{"angle":0,"axis":"x","origin":[7.75,11.49817,0.56781]},"faces":{"north":{"uv":[13.33333,6,13.66667,8.66667],"texture":"#4"},"east":{"uv":[4,0,6,2.66667],"texture":"#4"},"south":{"uv":[6.66667,13.33333,7,16],"texture":"#4"},"west":{"uv":[4,2.66667,6,5.33333],"texture":"#4"},"up":{"uv":[7.66667,15.33333,7.33333,13.33333],"texture":"#4"},"down":{"uv":[13.66667,8.66667,13.33333,10.66667],"texture":"#4"}}},{"from":[7.25,12.61951,8.81586],"to":[8.75,14.11951,11.81586],"rotation":{"angle":22.5,"axis":"x","origin":[8,14.36951,10.44086]},"faces":{"north":{"uv":[13,6.66667,12,7.66667],"texture":"#4"},"east":{"uv":[10,10,8,11],"texture":"#4"},"south":{"uv":[13,5.33333,12,6.33333],"texture":"#4"},"west":{"uv":[12,10,10,11],"texture":"#4"},"up":{"uv":[3,10.66667,2,12.66667],"texture":"#4"},"down":{"uv":[4.33333,12.66667,3.33333,10.66667],"texture":"#4"}}},{"from":[7.25,14.11951,10.31586],"to":[8.75,15.61951,11.81586],"rotation":{"angle":22.5,"axis":"x","origin":[8,14.36951,10.44086]},"faces":{"north":{"uv":[13,10.66667,12,11.66667],"texture":"#4"},"east":{"uv":[13,9.33333,12,10.33333],"texture":"#4"},"south":{"uv":[13,8,12,9],"texture":"#4"},"west":{"uv":[13,12,12,13],"texture":"#4"},"up":{"uv":[1,12.66667,0,13.66667],"texture":"#4"}}},{"from":[7.985,8,9.75],"to":[8.015,19,15.25],"rotation":{"angle":0,"axis":"y","origin":[7.985,10,15.75]},"faces":{"east":{"uv":[0,0,3.66667,7.33333],"texture":"#4"},"west":{"uv":[3.66667,0,0,7.33333],"texture":"#4"}}},{"from":[7.7535,9.75553,8.53955],"to":[8.2465,12.25553,11.18955],"rotation":{"angle":45,"axis":"x","origin":[7.7535,9.25553,11.18955]},"faces":{"north":{"uv":[13.66667,10.66667,13.33333,12.33333],"texture":"#4"},"east":{"uv":[8.33333,8,6.66667,9.66667],"texture":"#4"},"south":{"uv":[11,13.33333,10.66667,15],"texture":"#4"},"west":{"uv":[10.33333,8,8.66667,9.66667],"texture":"#4"},"down":{"uv":[11.66667,15,11.33333,13.33333],"texture":"#4"}}},{"from":[7.75,11.37685,10.31087],"to":[8.25,15.37685,13.31087],"rotation":{"angle":0,"axis":"x","origin":[7.75,11.49817,15.43219]},"faces":{"north":{"uv":[7,13.33333,6.66667,16],"texture":"#4"},"east":{"uv":[6,0,4,2.66667],"texture":"#4"},"south":{"uv":[13.66667,6,13.33333,8.66667],"texture":"#4"},"west":{"uv":[6,2.66667,4,5.33333],"texture":"#4"},"up":{"uv":[7.66667,13.33333,7.33333,15.33333],"texture":"#4"},"down":{"uv":[13.66667,10.66667,13.33333,8.66667],"texture":"#4"}}},{"from":[7.7535,14.49817,8.53955],"to":[8.2465,16.99817,11.18955],"rotation":{"angle":-45,"axis":"x","origin":[7.7535,17.49817,11.18955]},"faces":{"north":{"uv":[13,13.33333,12.66667,15],"texture":"#4"},"east":{"uv":[1.66667,9.33333,0,11],"texture":"#4"},"south":{"uv":[12.33333,13.33333,12,15],"texture":"#4"},"west":{"uv":[11,0,9.33333,1.66667],"texture":"#4"},"up":{"uv":[13.66667,12.66667,13.33333,14.33333],"texture":"#4"}}},{"name":"cube_outline","from":[6.7,14.05,8.05],"to":[6.15,11.95,5.95],"rotation":{"angle":45,"axis":"x","origin":[5.85,12,8]},"faces":{"north":{"uv":[4,0,5,4],"texture":"#3"},"east":{"uv":[0,0,4,4],"texture":"#3"},"south":{"uv":[4,4,5,8],"texture":"#3"},"west":{"uv":[0,4,4,8],"texture":"#3"},"up":{"uv":[7,4,6,0],"texture":"#3"},"down":{"uv":[7,4,6,8],"texture":"#3"}}},{"name":"cube_outline","from":[9.85,14.05,8.05],"to":[9.3,11.95,5.95],"rotation":{"angle":45,"axis":"x","origin":[10.15,12,8]},"faces":{"north":{"uv":[5,0,4,4],"texture":"#3"},"east":{"uv":[4,4,0,8],"texture":"#3"},"south":{"uv":[5,4,4,8],"texture":"#3"},"west":{"uv":[4,0,0,4],"texture":"#3"},"up":{"uv":[6,4,7,0],"texture":"#3"},"down":{"uv":[6,4,7,8],"texture":"#3"}}}],"gui_light":"front","display":{"thirdperson_righthand":{"translation":[0,1.5,0.75]},"thirdperson_lefthand":{"translation":[0,1.5,0.75]},"firstperson_righthand":{"rotation":[8,0,0],"translation":[0.75,0.5,0.75]},"firstperson_lefthand":{"rotation":[8,0,0],"translation":[0.75,0.5,0.75]},"ground":{"rotation":[-45,0,0],"translation":[0,5,0],"scale":[0.7,0.7,0.7]},"gui":{"rotation":[-90,45,90],"translation":[3,-3,0]},"head":{"rotation":[0,-90,0]},"fixed":{"rotation":[0,-90,0],"translation":[0,0,-1.5],"scale":[2,2,2]}}}