{"credit":"Made with Blockbench","textures":{"3":"killburn_set:emissive_texture/01","4":"killburn_set:bow","6":"killburn_set:animations/animation_7","particle":"killburn_set:animations/animation_7"},"elements":[{"from":[6.75,10.25,5.75],"to":[9.25,12.75,8.25],"rotation":{"angle":45,"axis":"x","origin":[7.5,10.5,8]},"faces":{"north":{"uv":[0.25,9.75,1.5,11],"texture":"#4"},"east":{"uv":[1.75,9.75,3,11],"texture":"#4"},"south":{"uv":[3.25,9.75,4.5,11],"texture":"#4"},"west":{"uv":[4.75,9.75,6,11],"texture":"#4"},"up":{"uv":[7.5,11,6.25,9.75],"texture":"#4"},"down":{"uv":[9,9.75,7.75,11],"texture":"#4"}}},{"from":[6.5,10.6,6.1],"to":[9.5,12.4,7.9],"rotation":{"angle":45,"axis":"x","origin":[7.5,10.5,8]},"faces":{"north":{"uv":[10.75,0.25,12.25,1.25],"texture":"#4"},"east":{"uv":[3.75,11.25,4.75,12.25],"texture":"#4"},"south":{"uv":[10.75,1.25,12.25,2.25],"texture":"#4"},"west":{"uv":[11.25,4.25,12.25,5.25],"texture":"#4"},"up":{"uv":[12.25,3.25,10.75,2.25],"texture":"#4"},"down":{"uv":[12.25,3.25,10.75,4.25],"texture":"#4"}}},{"from":[7.25,5.5,7.25],"to":[8.75,6,8.75],"rotation":{"angle":-45,"axis":"y","origin":[8,5.375,8]},"faces":{"north":{"uv":[1.25,13.75,2,14],"texture":"#4"},"east":{"uv":[2.25,13.75,3,14],"texture":"#4"},"south":{"uv":[4.25,13.75,5,14],"texture":"#4"},"west":{"uv":[5.75,13.75,6.5,14],"texture":"#4"},"up":{"uv":[13,3,12.25,2.25],"texture":"#4"},"down":{"uv":[13,3.25,12.25,4],"texture":"#4"}}},{"from":[7.25,7.75,7.25],"to":[8.75,8.25,8.75],"rotation":{"angle":-45,"axis":"y","origin":[8,7.625,8]},"faces":{"north":{"uv":[6.75,13.75,7.5,14],"texture":"#4"},"east":{"uv":[13.75,7.25,14.5,7.5],"texture":"#4"},"south":{"uv":[7.75,13.75,8.5,14],"texture":"#4"},"west":{"uv":[13.75,7.75,14.5,8],"texture":"#4"},"up":{"uv":[4.5,13,3.75,12.25],"texture":"#4"},"down":{"uv":[13,4.25,12.25,5],"texture":"#4"}}},{"from":[7.25,10,7.25],"to":[8.75,10.5,8.75],"rotation":{"angle":-45,"axis":"y","origin":[8,9.875,8]},"faces":{"north":{"uv":[13.75,8.25,14.5,8.5],"texture":"#4"},"east":{"uv":[13.75,8.75,14.5,9],"texture":"#4"},"south":{"uv":[13.75,9.25,14.5,9.5],"texture":"#4"},"west":{"uv":[13.75,9.75,14.5,10],"texture":"#4"},"up":{"uv":[5.5,13,4.75,12.25],"texture":"#4"},"down":{"uv":[13,5.25,12.25,6],"texture":"#4"}}},{"from":[7.25,12.38049,4.18414],"to":[8.75,13.88049,7.18414],"rotation":{"angle":22.5,"axis":"x","origin":[8,12.13049,5.55914]},"faces":{"north":{"uv":[12.25,6.25,13,7],"texture":"#4"},"east":{"uv":[10.75,10.75,12.25,11.5],"texture":"#4"},"south":{"uv":[12.25,10.75,13,11.5],"texture":"#4"},"west":{"uv":[0.25,11.25,1.75,12],"texture":"#4"},"up":{"uv":[2.5,12.75,1.75,11.25],"texture":"#4"},"down":{"uv":[3.5,11.25,2.75,12.75],"texture":"#4"}}},{"from":[7.25,10.88049,4.18414],"to":[8.75,12.38049,5.68414],"rotation":{"angle":22.5,"axis":"x","origin":[8,12.13049,5.55914]},"faces":{"north":{"uv":[1.25,12.75,2,13.5],"texture":"#4"},"east":{"uv":[2.25,12.75,3,13.5],"texture":"#4"},"south":{"uv":[5.75,12.75,6.5,13.5],"texture":"#4"},"west":{"uv":[6.75,12.75,7.5,13.5],"texture":"#4"},"down":{"uv":[8.5,12.75,7.75,13.5],"texture":"#4"}}},{"from":[7.29289,6,7],"to":[8.29289,11,8],"rotation":{"angle":-45,"axis":"y","origin":[7.29289,5,8]},"faces":{"north":{"uv":[10.75,4.25,11.25,6.75],"texture":"#4"},"east":{"uv":[9.25,10.75,9.75,13.25],"texture":"#4"},"south":{"uv":[9.75,10.75,10.25,13.25],"texture":"#4"},"west":{"uv":[10.25,10.75,10.75,13.25],"texture":"#4"},"up":{"uv":[11.25,7.25,10.75,6.75],"texture":"#4"}}},{"from":[7.985,11.27347,0.9585],"to":[8.015,14.27347,5.9585],"rotation":{"angle":-22.5,"axis":"x","origin":[7.985,14.27347,4.9585]},"faces":{"east":{"uv":[3.25,14.25,0.75,15.75],"texture":"#4"},"west":{"uv":[0.75,14.25,3.25,15.75],"texture":"#4"}}},{"from":[7.985,1.72653,0.9585],"to":[8.015,4.72653,5.9585],"rotation":{"angle":22.5,"axis":"x","origin":[7.985,1.72653,4.9585]},"faces":{"east":{"uv":[3.25,15.75,0.75,14.25],"texture":"#4"},"west":{"uv":[0.75,15.75,3.25,14.25],"texture":"#4"}}},{"from":[6.48579,13.08579,5.9],"to":[8.68579,14.08579,8.1],"rotation":{"angle":-45,"axis":"y","origin":[6.58579,13.08579,8]},"faces":{"north":{"uv":[12.75,10.25,13.75,10.75],"texture":"#4"},"east":{"uv":[13.25,3.25,14.25,3.75],"texture":"#4"},"south":{"uv":[13.25,3.75,14.25,4.25],"texture":"#4"},"west":{"uv":[4.25,13.25,5.25,13.75],"texture":"#4"},"up":{"uv":[5.75,12.25,4.75,11.25],"texture":"#4"},"down":{"uv":[12.25,5.25,11.25,6.25],"texture":"#4"}}},{"from":[7.25,13.25744,7.40936],"to":[8.75,15.75744,8.90936],"rotation":{"angle":-22.5,"axis":"x","origin":[7.25,13.25744,7.40936]},"faces":{"north":{"uv":[5.75,11.25,6.5,12.5],"texture":"#4"},"east":{"uv":[6.75,11.25,7.5,12.5],"texture":"#4"},"south":{"uv":[7.75,11.25,8.5,12.5],"texture":"#4"},"west":{"uv":[11.75,9.25,12.5,10.5],"texture":"#4"},"up":{"uv":[13.5,10,12.75,9.25],"texture":"#4"},"down":{"uv":[11.5,12.75,10.75,13.5],"texture":"#4"}}},{"from":[7.25,15.9884,6.07049],"to":[8.75,17.4884,8.07049],"rotation":{"angle":-22.5,"axis":"x","origin":[8,16.7384,7.32049]},"faces":{"north":{"uv":[11.75,12.75,12.5,13.5],"texture":"#4"},"east":{"uv":[11.25,6.25,12.25,7],"texture":"#4"},"south":{"uv":[12.75,11.75,13.5,12.5],"texture":"#4"},"west":{"uv":[10.75,11.75,11.75,12.5],"texture":"#4"},"up":{"uv":[12.5,12.75,11.75,11.75],"texture":"#4"},"down":{"uv":[1,12.25,0.25,13.25],"texture":"#4"}}},{"from":[7.25,15.9884,10.07049],"to":[8.75,17.4884,11.57049],"rotation":{"angle":-22.5,"axis":"x","origin":[8,16.7384,7.32049]},"faces":{"north":{"uv":[12.75,12.75,13.5,13.5],"texture":"#4"},"east":{"uv":[0.25,13.25,1,14],"texture":"#4"},"south":{"uv":[13.25,0.25,14,1],"texture":"#4"},"west":{"uv":[13.25,1.25,14,2],"texture":"#4"},"up":{"uv":[14,3,13.25,2.25],"texture":"#4"},"down":{"uv":[4,13.25,3.25,14],"texture":"#4"}}},{"from":[7.25,15.9884,8.07049],"to":[8.75,16.4884,10.07049],"rotation":{"angle":-22.5,"axis":"x","origin":[8,16.7384,7.32049]},"faces":{"north":{"uv":[10.25,13.75,11,14],"texture":"#4"},"east":{"uv":[13.25,10.75,14.25,11],"texture":"#4"},"south":{"uv":[13.75,10.25,14.5,10.5],"texture":"#4"},"west":{"uv":[13.25,11.25,14.25,11.5],"texture":"#4"},"up":{"uv":[13,1.25,12.25,0.25],"texture":"#4"},"down":{"uv":[13,1.25,12.25,2.25],"texture":"#4"}}},{"from":[7.4,16.4884,8.07049],"to":[8.6,17.3384,10.07049],"rotation":{"angle":-22.5,"axis":"x","origin":[8,16.7384,7.32049]},"faces":{"north":{"uv":[1.25,12.25,1.75,12.75],"texture":"#4"},"east":{"uv":[13.25,4.25,14.25,4.75],"texture":"#4"},"south":{"uv":[3.25,12.75,3.75,13.25],"texture":"#4"},"west":{"uv":[13.25,4.75,14.25,5.25],"texture":"#4"},"up":{"uv":[9.25,12.25,8.75,11.25],"texture":"#4"},"down":{"uv":[9.25,12.25,8.75,13.25],"texture":"#4"}}},{"from":[6.75,17.45996,9.84265],"to":[7.25,17.95996,12.34265],"rotation":{"angle":22.5,"axis":"x","origin":[7.25,17.20996,11.34265]},"faces":{"north":{"uv":[10.25,13.25,10.5,13.5],"texture":"#4"},"east":{"uv":[13.25,5.25,14.5,5.5],"texture":"#4"},"south":{"uv":[13.75,12.75,14,13],"texture":"#4"},"west":{"uv":[13.25,5.75,14.5,6],"texture":"#4"},"up":{"uv":[5.5,14.5,5.25,13.25],"texture":"#4"},"down":{"uv":[9,13.25,8.75,14.5],"texture":"#4"}}},{"from":[7.25,17.45996,11.84265],"to":[8.75,17.95996,12.34265],"rotation":{"angle":22.5,"axis":"x","origin":[7.25,17.20996,11.34265]},"faces":{"north":{"uv":[11.25,13.75,12,14],"texture":"#4"},"east":{"uv":[13.75,13.75,14,14],"texture":"#4"},"south":{"uv":[13.75,11.75,14.5,12],"texture":"#4"},"west":{"uv":[0.25,14.25,0.5,14.5],"texture":"#4"},"up":{"uv":[13,14,12.25,13.75],"texture":"#4"},"down":{"uv":[14.5,12.25,13.75,12.5],"texture":"#4"}}},{"from":[8.75,17.45996,9.84265],"to":[9.25,17.95996,12.34265],"rotation":{"angle":22.5,"axis":"x","origin":[7.25,17.20996,11.34265]},"faces":{"north":{"uv":[13.25,13.75,13.5,14],"texture":"#4"},"east":{"uv":[13.25,6.25,14.5,6.5],"texture":"#4"},"south":{"uv":[13.75,13.25,14,13.5],"texture":"#4"},"west":{"uv":[13.25,6.75,14.5,7],"texture":"#4"},"up":{"uv":[9.5,14.5,9.25,13.25],"texture":"#4"},"down":{"uv":[10,13.25,9.75,14.5],"texture":"#4"}}},{"from":[7.985,-1.5,12],"to":[8.015,17.5,18],"rotation":{"angle":0,"axis":"y","origin":[7.985,0,0]},"faces":{"east":{"uv":[3,0,0,9.5],"texture":"#4"},"west":{"uv":[0,0,3,9.5],"texture":"#4"}}},{"from":[7.985,15.70296,4.37863],"to":[8.015,19.20296,13.37863],"rotation":{"angle":-22.5,"axis":"x","origin":[6.985,16.95296,5.87863]},"faces":{"east":{"uv":[14.75,14.25,10.25,16],"texture":"#4"},"west":{"uv":[10.25,14.25,14.75,16],"texture":"#4"}}},{"from":[6.75,3.25,5.75],"to":[9.25,5.75,8.25],"rotation":{"angle":-45,"axis":"x","origin":[7.5,5.5,8]},"faces":{"north":{"uv":[0.25,11,1.5,9.75],"texture":"#4"},"east":{"uv":[1.75,11,3,9.75],"texture":"#4"},"south":{"uv":[3.25,11,4.5,9.75],"texture":"#4"},"west":{"uv":[4.75,11,6,9.75],"texture":"#4"},"up":{"uv":[9,11,7.75,9.75],"texture":"#4"},"down":{"uv":[7.5,9.75,6.25,11],"texture":"#4"}}},{"from":[6.5,3.6,6.1],"to":[9.5,5.4,7.9],"rotation":{"angle":-45,"axis":"x","origin":[7.5,5.5,8]},"faces":{"north":{"uv":[10.75,1.25,12.25,0.25],"texture":"#4"},"east":{"uv":[3.75,12.25,4.75,11.25],"texture":"#4"},"south":{"uv":[10.75,2.25,12.25,1.25],"texture":"#4"},"west":{"uv":[11.25,5.25,12.25,4.25],"texture":"#4"},"up":{"uv":[12.25,4.25,10.75,3.25],"texture":"#4"},"down":{"uv":[12.25,2.25,10.75,3.25],"texture":"#4"}}},{"from":[7.25,2.11951,4.18414],"to":[8.75,3.61951,7.18414],"rotation":{"angle":-22.5,"axis":"x","origin":[8,3.86951,5.55914]},"faces":{"north":{"uv":[12.25,7,13,6.25],"texture":"#4"},"east":{"uv":[10.75,11.5,12.25,10.75],"texture":"#4"},"south":{"uv":[12.25,11.5,13,10.75],"texture":"#4"},"west":{"uv":[0.25,12,1.75,11.25],"texture":"#4"},"up":{"uv":[3.5,12.75,2.75,11.25],"texture":"#4"},"down":{"uv":[2.5,11.25,1.75,12.75],"texture":"#4"}}},{"from":[7.25,3.61951,4.18414],"to":[8.75,5.11951,5.68414],"rotation":{"angle":-22.5,"axis":"x","origin":[8,3.86951,5.55914]},"faces":{"north":{"uv":[1.25,13.5,2,12.75],"texture":"#4"},"east":{"uv":[2.25,13.5,3,12.75],"texture":"#4"},"south":{"uv":[5.75,13.5,6.5,12.75],"texture":"#4"},"west":{"uv":[6.75,13.5,7.5,12.75],"texture":"#4"},"up":{"uv":[8.5,13.5,7.75,12.75],"texture":"#4"}}},{"from":[6.48579,1.91421,5.9],"to":[8.68579,2.91421,8.1],"rotation":{"angle":-45,"axis":"y","origin":[6.58579,2.91421,8]},"faces":{"north":{"uv":[12.75,10.75,13.75,10.25],"texture":"#4"},"east":{"uv":[13.25,3.75,14.25,3.25],"texture":"#4"},"south":{"uv":[13.25,4.25,14.25,3.75],"texture":"#4"},"west":{"uv":[4.25,13.75,5.25,13.25],"texture":"#4"},"up":{"uv":[12.25,6.25,11.25,5.25],"texture":"#4"},"down":{"uv":[5.75,11.25,4.75,12.25],"texture":"#4"}}},{"from":[7.25,0.24256,7.40936],"to":[8.75,2.74256,8.90936],"rotation":{"angle":22.5,"axis":"x","origin":[7.25,2.74256,7.40936]},"faces":{"north":{"uv":[5.75,12.5,6.5,11.25],"texture":"#4"},"east":{"uv":[6.75,12.5,7.5,11.25],"texture":"#4"},"south":{"uv":[7.75,12.5,8.5,11.25],"texture":"#4"},"west":{"uv":[11.75,10.5,12.5,9.25],"texture":"#4"},"up":{"uv":[11.5,13.5,10.75,12.75],"texture":"#4"},"down":{"uv":[13.5,9.25,12.75,10],"texture":"#4"}}},{"from":[7.25,-1.4884,6.07049],"to":[8.75,0.0116,8.07049],"rotation":{"angle":22.5,"axis":"x","origin":[8,-0.7384,7.32049]},"faces":{"north":{"uv":[11.75,13.5,12.5,12.75],"texture":"#4"},"east":{"uv":[11.25,7,12.25,6.25],"texture":"#4"},"south":{"uv":[12.75,12.5,13.5,11.75],"texture":"#4"},"west":{"uv":[10.75,12.5,11.75,11.75],"texture":"#4"},"up":{"uv":[1,13.25,0.25,12.25],"texture":"#4"},"down":{"uv":[12.5,11.75,11.75,12.75],"texture":"#4"}}},{"from":[7.25,-1.4884,10.07049],"to":[8.75,0.0116,11.57049],"rotation":{"angle":22.5,"axis":"x","origin":[8,-0.7384,7.32049]},"faces":{"north":{"uv":[12.75,13.5,13.5,12.75],"texture":"#4"},"east":{"uv":[0.25,14,1,13.25],"texture":"#4"},"south":{"uv":[13.25,1,14,0.25],"texture":"#4"},"west":{"uv":[13.25,2,14,1.25],"texture":"#4"},"up":{"uv":[4,14,3.25,13.25],"texture":"#4"},"down":{"uv":[14,2.25,13.25,3],"texture":"#4"}}},{"from":[7.25,-0.4884,8.07049],"to":[8.75,0.0116,10.07049],"rotation":{"angle":22.5,"axis":"x","origin":[8,-0.7384,7.32049]},"faces":{"north":{"uv":[10.25,14,11,13.75],"texture":"#4"},"east":{"uv":[13.25,11,14.25,10.75],"texture":"#4"},"south":{"uv":[13.75,10.5,14.5,10.25],"texture":"#4"},"west":{"uv":[13.25,11.5,14.25,11.25],"texture":"#4"},"up":{"uv":[13,2.25,12.25,1.25],"texture":"#4"},"down":{"uv":[13,0.25,12.25,1.25],"texture":"#4"}}},{"from":[7.4,-1.3384,8.07049],"to":[8.6,-0.4884,10.07049],"rotation":{"angle":22.5,"axis":"x","origin":[8,-0.7384,7.32049]},"faces":{"north":{"uv":[1.25,12.75,1.75,12.25],"texture":"#4"},"east":{"uv":[13.25,4.75,14.25,4.25],"texture":"#4"},"south":{"uv":[3.25,13.25,3.75,12.75],"texture":"#4"},"west":{"uv":[13.25,5.25,14.25,4.75],"texture":"#4"},"up":{"uv":[9.25,13.25,8.75,12.25],"texture":"#4"},"down":{"uv":[9.25,11.25,8.75,12.25],"texture":"#4"}}},{"from":[6.75,-1.95996,9.84265],"to":[7.25,-1.45996,12.34265],"rotation":{"angle":-22.5,"axis":"x","origin":[7.25,-1.20996,11.34265]},"faces":{"north":{"uv":[10.25,13.5,10.5,13.25],"texture":"#4"},"east":{"uv":[13.25,5.5,14.5,5.25],"texture":"#4"},"south":{"uv":[13.75,13,14,12.75],"texture":"#4"},"west":{"uv":[13.25,6,14.5,5.75],"texture":"#4"},"up":{"uv":[9,14.5,8.75,13.25],"texture":"#4"},"down":{"uv":[5.5,13.25,5.25,14.5],"texture":"#4"}}},{"from":[8.75,-1.95996,9.84265],"to":[9.25,-1.45996,12.34265],"rotation":{"angle":-22.5,"axis":"x","origin":[7.25,-1.20996,11.34265]},"faces":{"north":{"uv":[13.25,14,13.5,13.75],"texture":"#4"},"east":{"uv":[13.25,6.5,14.5,6.25],"texture":"#4"},"south":{"uv":[13.75,13.5,14,13.25],"texture":"#4"},"west":{"uv":[13.25,7,14.5,6.75],"texture":"#4"},"up":{"uv":[10,14.5,9.75,13.25],"texture":"#4"},"down":{"uv":[9.5,13.25,9.25,14.5],"texture":"#4"}}},{"from":[7.25,-1.95996,11.84265],"to":[8.75,-1.45996,12.34265],"rotation":{"angle":-22.5,"axis":"x","origin":[7.25,-1.20996,11.34265]},"faces":{"north":{"uv":[11.25,14,12,13.75],"texture":"#4"},"east":{"uv":[13.75,14,14,13.75],"texture":"#4"},"south":{"uv":[13.75,12,14.5,11.75],"texture":"#4"},"west":{"uv":[0.25,14.5,0.5,14.25],"texture":"#4"},"up":{"uv":[14.5,12.5,13.75,12.25],"texture":"#4"},"down":{"uv":[13,13.75,12.25,14],"texture":"#4"}}},{"from":[7.985,-3.20296,4.37863],"to":[8.015,0.29704,13.37863],"rotation":{"angle":22.5,"axis":"x","origin":[6.985,-0.95296,5.87863]},"faces":{"east":{"uv":[14.75,16,10.25,14.25],"texture":"#4"},"west":{"uv":[10.25,16,14.75,14.25],"texture":"#4"}}},{"name":"cube_outline","from":[6.7,12.55,8.05],"to":[6.15,10.45,5.95],"rotation":{"angle":45,"axis":"x","origin":[5.85,10.5,8]},"faces":{"north":{"uv":[4,0,5,4],"texture":"#3"},"east":{"uv":[0,0,4,4],"texture":"#3"},"south":{"uv":[4,4,5,8],"texture":"#3"},"west":{"uv":[0,4,4,8],"texture":"#3"},"up":{"uv":[7,4,6,0],"texture":"#3"},"down":{"uv":[7,4,6,8],"texture":"#3"}}},{"name":"cube_outline","from":[9.85,12.55,8.05],"to":[9.3,10.45,5.95],"rotation":{"angle":45,"axis":"x","origin":[10.15,10.5,8]},"faces":{"north":{"uv":[5,0,4,4],"texture":"#3"},"east":{"uv":[4,4,0,8],"texture":"#3"},"south":{"uv":[5,4,4,8],"texture":"#3"},"west":{"uv":[4,0,0,4],"texture":"#3"},"up":{"uv":[6,4,7,0],"texture":"#3"},"down":{"uv":[6,4,7,8],"texture":"#3"}}},{"name":"cube_outline","from":[9.85,5.55,8.05],"to":[9.3,3.45,5.95],"rotation":{"angle":-45,"axis":"x","origin":[10.15,5.5,8]},"faces":{"north":{"uv":[5,4,4,0],"texture":"#3"},"east":{"uv":[4,8,0,4],"texture":"#3"},"south":{"uv":[5,8,4,4],"texture":"#3"},"west":{"uv":[4,4,0,0],"texture":"#3"},"up":{"uv":[6,8,7,4],"texture":"#3"},"down":{"uv":[6,0,7,4],"texture":"#3"}}},{"name":"cube_outline","from":[6.7,5.55,8.05],"to":[6.15,3.45,5.95],"rotation":{"angle":-45,"axis":"x","origin":[5.85,5.5,8]},"faces":{"north":{"uv":[4,4,5,0],"texture":"#3"},"east":{"uv":[0,4,4,0],"texture":"#3"},"south":{"uv":[4,8,5,4],"texture":"#3"},"west":{"uv":[0,8,4,4],"texture":"#3"},"up":{"uv":[7,8,6,4],"texture":"#3"},"down":{"uv":[7,0,6,4],"texture":"#3"}}},{"from":[7.9,18.1972,3.63385],"to":[8.1,23.1972,13.63385],"rotation":{"angle":-22.5,"axis":"x","origin":[8,19.4472,8.63385]},"faces":{"east":{"uv":[0,0,10,5],"texture":"#6"},"west":{"uv":[10,0,0,5],"texture":"#6"}}},{"from":[7.9,-7.1972,3.63385],"to":[8.1,-2.1972,13.63385],"rotation":{"angle":22.5,"axis":"x","origin":[8,-3.4472,8.63385]},"faces":{"east":{"uv":[0,5,10,0],"texture":"#6"},"west":{"uv":[10,5,0,0],"texture":"#6"}}}],"gui_light":"front","display":{"thirdperson_righthand":{"translation":[0,-2,0.75]},"thirdperson_lefthand":{"translation":[0,-2,0.75]},"firstperson_righthand":{"rotation":[3,-9,0.47],"translation":[1.75,2.75,-0.75]},"firstperson_lefthand":{"rotation":[3,-9,0.47],"translation":[1.75,2.75,-0.75]},"ground":{"rotation":[45,0,0],"translation":[0,5,0],"scale":[0.7,0.7,0.7]},"gui":{"rotation":[90,45,90],"translation":[-1,1,0],"scale":[0.84961,0.84961,0.84961]},"head":{"rotation":[90,-45,90]},"fixed":{"rotation":[0,-90,0],"translation":[0,0,-1.5],"scale":[2,2,2]}}}