{"credit":"Made with Blockbench","textures":{"2":"killburn_set:animations/animation_8","3":"killburn_set:emissive_texture/01","4":"killburn_set:knife","particle":"killburn_set:knife"},"elements":[{"from":[7.25,0.25,6.75],"to":[8.75,1.75,8.25],"rotation":{"angle":45,"axis":"x","origin":[7.5,0.5,8]},"faces":{"north":{"uv":[10.66667,1.33333,11.66667,2.33333],"texture":"#4"},"east":{"uv":[10.66667,2.66667,11.66667,3.66667],"texture":"#4"},"south":{"uv":[6.66667,10.66667,7.66667,11.66667],"texture":"#4"},"west":{"uv":[8,10.66667,9,11.66667],"texture":"#4"},"up":{"uv":[11.66667,9.66667,10.66667,8.66667],"texture":"#4"},"down":{"uv":[11.66667,10,10.66667,11],"texture":"#4"}}},{"from":[6.75,6.75,5.75],"to":[9.25,9.25,8.25],"rotation":{"angle":45,"axis":"x","origin":[7.5,7,8]},"faces":{"north":{"uv":[6.66667,4,8.33333,5.66667],"texture":"#4"},"east":{"uv":[6.66667,6,8.33333,7.66667],"texture":"#4"},"south":{"uv":[4,7.33333,5.66667,9],"texture":"#4"},"west":{"uv":[0,8,1.66667,9.66667],"texture":"#4"},"up":{"uv":[9.66667,1.66667,8,0],"texture":"#4"},"down":{"uv":[3.66667,8,2,9.66667],"texture":"#4"}}},{"from":[6.5,7.1,6.1],"to":[9.5,8.9,7.9],"rotation":{"angle":45,"axis":"x","origin":[7.5,7,8]},"faces":{"north":{"uv":[6,8,8,9.33333],"texture":"#4"},"east":{"uv":[10,0,11.33333,1.33333],"texture":"#4"},"south":{"uv":[8,8,10,9.33333],"texture":"#4"},"west":{"uv":[1.33333,10,2.66667,11.33333],"texture":"#4"},"up":{"uv":[10.66667,3.33333,8.66667,2],"texture":"#4"},"down":{"uv":[10.66667,3.33333,8.66667,4.66667],"texture":"#4"}}},{"from":[7.25,1.95711,7.25],"to":[8.75,2.45711,8.75],"rotation":{"angle":-45,"axis":"y","origin":[8,1.83211,8]},"faces":{"north":{"uv":[12.66667,8,13.66667,8.33333],"texture":"#4"},"east":{"uv":[0,13.33333,1,13.66667],"texture":"#4"},"south":{"uv":[1.33333,13.33333,2.33333,13.66667],"texture":"#4"},"west":{"uv":[13.33333,1.33333,14.33333,1.66667],"texture":"#4"},"up":{"uv":[12.33333,1,11.33333,0],"texture":"#4"},"down":{"uv":[2.33333,11.33333,1.33333,12.33333],"texture":"#4"}}},{"from":[7.25,4.20711,7.25],"to":[8.75,4.70711,8.75],"rotation":{"angle":-45,"axis":"y","origin":[8,4.08211,8]},"faces":{"north":{"uv":[13.33333,2,14.33333,2.33333],"texture":"#4"},"east":{"uv":[2.66667,13.33333,3.66667,13.66667],"texture":"#4"},"south":{"uv":[13.33333,2.66667,14.33333,3],"texture":"#4"},"west":{"uv":[13.33333,3.33333,14.33333,3.66667],"texture":"#4"},"up":{"uv":[3.66667,12.33333,2.66667,11.33333],"texture":"#4"},"down":{"uv":[12.33333,4,11.33333,5],"texture":"#4"}}},{"from":[7.25,6.45711,7.25],"to":[8.75,6.95711,8.75],"rotation":{"angle":-45,"axis":"y","origin":[8,6.33211,8]},"faces":{"north":{"uv":[4,13.33333,5,13.66667],"texture":"#4"},"east":{"uv":[13.33333,4,14.33333,4.33333],"texture":"#4"},"south":{"uv":[13.33333,4.66667,14.33333,5],"texture":"#4"},"west":{"uv":[13.33333,5.33333,14.33333,5.66667],"texture":"#4"},"up":{"uv":[12.33333,6.33333,11.33333,5.33333],"texture":"#4"},"down":{"uv":[12.33333,6.66667,11.33333,7.66667],"texture":"#4"}}},{"from":[7.25,6.8553,3.96134],"to":[8.75,8.3553,6.96134],"rotation":{"angle":-45,"axis":"x","origin":[8,8.45619,5.42384]},"faces":{"north":{"uv":[9.33333,11.33333,10.33333,12.33333],"texture":"#4"},"east":{"uv":[5.33333,9.33333,7.33333,10.33333],"texture":"#4"},"south":{"uv":[10.66667,11.33333,11.66667,12.33333],"texture":"#4"},"west":{"uv":[7.33333,9.33333,9.33333,10.33333],"texture":"#4"},"up":{"uv":[10.33333,11.33333,9.33333,9.33333],"texture":"#4"},"down":{"uv":[1,10,0,12],"texture":"#4"}}},{"from":[7.25,8.3553,3.96134],"to":[8.75,9.8553,5.46134],"rotation":{"angle":-45,"axis":"x","origin":[8,8.45619,5.42384]},"faces":{"north":{"uv":[0,12,1,13],"texture":"#4"},"east":{"uv":[12,1.33333,13,2.33333],"texture":"#4"},"south":{"uv":[12,2.66667,13,3.66667],"texture":"#4"},"west":{"uv":[6.66667,12,7.66667,13],"texture":"#4"},"up":{"uv":[9,13,8,12],"texture":"#4"}}},{"from":[7.29289,2.45711,7],"to":[8.29289,7.45711,8],"rotation":{"angle":-45,"axis":"y","origin":[7.29289,1.45711,8]},"faces":{"north":{"uv":[8.66667,4.66667,9.33333,8],"texture":"#4"},"east":{"uv":[4,9.33333,4.66667,12.66667],"texture":"#4"},"south":{"uv":[4.66667,9.33333,5.33333,12.66667],"texture":"#4"},"west":{"uv":[9.33333,4.66667,10,8],"texture":"#4"},"up":{"uv":[6.66667,2.66667,6,2],"texture":"#4"}}},{"from":[7.75,11,7],"to":[8.25,17,9],"rotation":{"angle":0,"axis":"y","origin":[7.75,15,9]},"faces":{"north":{"uv":[5.33333,10.66667,5.66667,14.66667],"texture":"#4"},"east":{"uv":[4,3.33333,5.33333,7.33333],"texture":"#4"},"south":{"uv":[6,10.66667,6.33333,14.66667],"texture":"#4"},"west":{"uv":[5.33333,3.33333,6.66667,7.33333],"texture":"#4"}}},{"from":[7.7475,9.58579,5],"to":[8.2525,12.58579,8],"rotation":{"angle":45,"axis":"x","origin":[7.7475,9.58579,8]},"faces":{"north":{"uv":[12.66667,4,13,6],"texture":"#4"},"east":{"uv":[6,0,8,2],"texture":"#4"},"south":{"uv":[12.66667,6,13,8],"texture":"#4"},"west":{"uv":[6.66667,2,8.66667,4],"texture":"#4"},"up":{"uv":[9.66667,14.66667,9.33333,12.66667],"texture":"#4"},"down":{"uv":[10.33333,12.66667,10,14.66667],"texture":"#4"}}},{"from":[7.7475,15.58579,6],"to":[8.2525,17.58579,8],"rotation":{"angle":45,"axis":"x","origin":[7.7475,15.58579,8]},"faces":{"north":{"uv":[10.66667,12.66667,11,14],"texture":"#4"},"east":{"uv":[2.66667,10,4,11.33333],"texture":"#4"},"south":{"uv":[11.33333,12.66667,11.66667,14],"texture":"#4"},"west":{"uv":[10,4.66667,11.33333,6],"texture":"#4"},"up":{"uv":[12.33333,14,12,12.66667],"texture":"#4"},"down":{"uv":[13,12.66667,12.66667,14],"texture":"#4"}}},{"from":[7.985,6.8553,3.46134],"to":[8.015,11.8553,6.46134],"rotation":{"angle":-45,"axis":"x","origin":[8,8.45619,5.42384]},"faces":{"east":{"uv":[6,0,4,3.33333],"texture":"#4"},"west":{"uv":[4,0,6,3.33333],"texture":"#4"}}},{"from":[7.25,6.8553,9.03866],"to":[8.75,8.3553,12.03866],"rotation":{"angle":45,"axis":"x","origin":[8,8.45619,10.57616]},"faces":{"north":{"uv":[11.66667,11.33333,10.66667,12.33333],"texture":"#4"},"east":{"uv":[7.33333,9.33333,5.33333,10.33333],"texture":"#4"},"south":{"uv":[10.33333,11.33333,9.33333,12.33333],"texture":"#4"},"west":{"uv":[9.33333,9.33333,7.33333,10.33333],"texture":"#4"},"up":{"uv":[10.33333,9.33333,9.33333,11.33333],"texture":"#4"},"down":{"uv":[1,12,0,10],"texture":"#4"}}},{"from":[7.25,8.3553,10.53866],"to":[8.75,9.8553,12.03866],"rotation":{"angle":45,"axis":"x","origin":[8,8.45619,10.57616]},"faces":{"north":{"uv":[13,2.66667,12,3.66667],"texture":"#4"},"east":{"uv":[13,1.33333,12,2.33333],"texture":"#4"},"south":{"uv":[1,12,0,13],"texture":"#4"},"west":{"uv":[7.66667,12,6.66667,13],"texture":"#4"},"up":{"uv":[9,12,8,13],"texture":"#4"}}},{"from":[7.985,6.8553,9.53866],"to":[8.015,11.8553,12.53866],"rotation":{"angle":45,"axis":"x","origin":[8,8.45619,10.57616]},"faces":{"east":{"uv":[4,0,6,3.33333],"texture":"#4"},"west":{"uv":[6,0,4,3.33333],"texture":"#4"}}},{"from":[7.985,10.5,5.25],"to":[8.015,22,10.75],"rotation":{"angle":0,"axis":"y","origin":[-0.015,0,16.25]},"faces":{"east":{"uv":[3.66667,0,0,7.66667],"texture":"#4"},"west":{"uv":[0,0,3.66667,7.66667],"texture":"#4"}}},{"from":[6.58579,9.58579,6],"to":[8.58579,10.58579,8],"rotation":{"angle":-45,"axis":"y","origin":[6.58579,9.58579,8]},"faces":{"north":{"uv":[11.33333,8,12.66667,8.66667],"texture":"#4"},"east":{"uv":[12,8.66667,13.33333,9.33333],"texture":"#4"},"south":{"uv":[12,9.33333,13.33333,10],"texture":"#4"},"west":{"uv":[12,10,13.33333,10.66667],"texture":"#4"},"up":{"uv":[11.33333,7.33333,10,6],"texture":"#4"},"down":{"uv":[11.33333,7.33333,10,8.66667],"texture":"#4"}}},{"from":[7,1.61498,8.42208],"to":[9,1.64498,9.42208],"rotation":{"angle":22.5,"axis":"x","origin":[8,1.4382,9.34886]},"faces":{"up":{"uv":[13.33333,11.33333,12,10.66667],"texture":"#4"},"down":{"uv":[13.33333,11.33333,12,12],"texture":"#4"}}},{"from":[7,0.53914,9.50712],"to":[9,1.53914,9.53712],"rotation":{"angle":-22.5,"axis":"x","origin":[8,1.46592,9.36034]},"faces":{"north":{"uv":[12,12,13.33333,12.66667],"texture":"#4"},"south":{"uv":[12.66667,0,14,0.66667],"texture":"#4"}}},{"from":[7,1.61498,6.57792],"to":[9,1.64498,7.57792],"rotation":{"angle":-22.5,"axis":"x","origin":[8,1.4382,6.65114]},"faces":{"up":{"uv":[14,1.33333,12.66667,0.66667],"texture":"#4"},"down":{"uv":[2.66667,12.66667,1.33333,13.33333],"texture":"#4"}}},{"from":[7,0.53914,6.46288],"to":[9,1.53914,6.49288],"rotation":{"angle":22.5,"axis":"x","origin":[8,1.46592,6.63966]},"faces":{"north":{"uv":[2.66667,12.66667,4,13.33333],"texture":"#4"},"south":{"uv":[4,12.66667,5.33333,13.33333],"texture":"#4"}}},{"name":"cube_outline","from":[6.7,9.05,8.05],"to":[6.15,6.95,5.95],"rotation":{"angle":45,"axis":"x","origin":[5.85,7,8]},"faces":{"north":{"uv":[4,0,5,4],"texture":"#3"},"east":{"uv":[0,0,4,4],"texture":"#3"},"south":{"uv":[4,4,5,8],"texture":"#3"},"west":{"uv":[0,4,4,8],"texture":"#3"},"up":{"uv":[7,4,6,0],"texture":"#3"},"down":{"uv":[7,4,6,8],"texture":"#3"}}},{"name":"cube_outline","from":[9.85,9.05,8.05],"to":[9.3,6.95,5.95],"rotation":{"angle":45,"axis":"x","origin":[10.15,7,8]},"faces":{"north":{"uv":[5,0,4,4],"texture":"#3"},"east":{"uv":[4,4,0,8],"texture":"#3"},"south":{"uv":[5,4,4,8],"texture":"#3"},"west":{"uv":[4,0,0,4],"texture":"#3"},"up":{"uv":[6,4,7,0],"texture":"#3"},"down":{"uv":[6,4,7,8],"texture":"#3"}}},{"from":[7.9,12,5.25],"to":[8.1,22,10.75],"rotation":{"angle":0,"axis":"y","origin":[8,0,5.25]},"faces":{"east":{"uv":[5.5,0,0,10],"texture":"#2"},"west":{"uv":[0,0,5.5,10],"texture":"#2"}}}],"gui_light":"front","display":{"thirdperson_righthand":{"translation":[0,1.5,0.75]},"thirdperson_lefthand":{"translation":[0,1.5,0.75]},"firstperson_righthand":{"rotation":[8,0,0],"translation":[0.75,0.5,0]},"firstperson_lefthand":{"rotation":[8,0,0],"translation":[0.75,0.5,0]},"ground":{"rotation":[-45,0,0],"translation":[0,5,0],"scale":[0.7,0.7,0.7]},"gui":{"rotation":[-90,45,90],"translation":[2.25,-2.25,0]},"head":{"rotation":[0,-90,0]},"fixed":{"rotation":[0,-90,0],"translation":[0,0,-1.5],"scale":[2,2,2]}}}