{"credit":"Made with Blockbench","texture_size":[8,8],"textures":{"3":"killburn_set:emissive_texture/01","5":"killburn_set:staff","6":"killburn_set:emissive_texture/02","7":"killburn_set:animations/animation_6","particle":"killburn_set:animations/animation_6"},"elements":[{"from":[7.25,0.25,6.75],"to":[8.75,1.75,8.25],"rotation":{"angle":45,"axis":"x","origin":[7.5,0.5,8]},"faces":{"north":{"uv":[10.66667,0,11.66667,1],"texture":"#5"},"east":{"uv":[3.33333,10.66667,4.33333,11.66667],"texture":"#5"},"south":{"uv":[10.66667,4,11.66667,5],"texture":"#5"},"west":{"uv":[10.66667,5.33333,11.66667,6.33333],"texture":"#5"},"up":{"uv":[11.66667,7.66667,10.66667,6.66667],"texture":"#5"},"down":{"uv":[8.33333,10.66667,7.33333,11.66667],"texture":"#5"}}},{"from":[6.75,20.75,5.75],"to":[9.25,23.25,8.25],"rotation":{"angle":45,"axis":"x","origin":[7.5,21,8]},"faces":{"north":{"uv":[5.33333,0,7,1.66667],"texture":"#5"},"east":{"uv":[5.33333,2,7,3.66667],"texture":"#5"},"south":{"uv":[5.33333,4,7,5.66667],"texture":"#5"},"west":{"uv":[5.33333,6,7,7.66667],"texture":"#5"},"up":{"uv":[1.66667,8.33333,0,6.66667],"texture":"#5"},"down":{"uv":[3.66667,6.66667,2,8.33333],"texture":"#5"}}},{"from":[6.5,21.1,6.1],"to":[9.5,22.9,7.9],"rotation":{"angle":45,"axis":"x","origin":[7.5,21,8]},"faces":{"north":{"uv":[7.33333,0,9.33333,1.33333],"texture":"#5"},"east":{"uv":[8.66667,8,10,9.33333],"texture":"#5"},"south":{"uv":[7.33333,1.33333,9.33333,2.66667],"texture":"#5"},"west":{"uv":[9.33333,0,10.66667,1.33333],"texture":"#5"},"up":{"uv":[9.33333,4,7.33333,2.66667],"texture":"#5"},"down":{"uv":[9.33333,4,7.33333,5.33333],"texture":"#5"}}},{"from":[7.25,9.45711,7.25],"to":[8.75,9.95711,8.75],"rotation":{"angle":-45,"axis":"y","origin":[8,9.33211,8]},"faces":{"north":{"uv":[13.33333,4,14.33333,4.33333],"texture":"#5"},"east":{"uv":[13.33333,4.66667,14.33333,5],"texture":"#5"},"south":{"uv":[5.33333,13.33333,6.33333,13.66667],"texture":"#5"},"west":{"uv":[13.33333,5.33333,14.33333,5.66667],"texture":"#5"},"up":{"uv":[11.66667,9,10.66667,8],"texture":"#5"},"down":{"uv":[9.66667,10.66667,8.66667,11.66667],"texture":"#5"}}},{"from":[7.25,11.70711,7.25],"to":[8.75,12.20711,8.75],"rotation":{"angle":-45,"axis":"y","origin":[8,11.58211,8]},"faces":{"north":{"uv":[13.33333,6,14.33333,6.33333],"texture":"#5"},"east":{"uv":[6.66667,13.33333,7.66667,13.66667],"texture":"#5"},"south":{"uv":[13.33333,6.66667,14.33333,7],"texture":"#5"},"west":{"uv":[13.33333,7.33333,14.33333,7.66667],"texture":"#5"},"up":{"uv":[11.66667,10.33333,10.66667,9.33333],"texture":"#5"},"down":{"uv":[11.66667,10.66667,10.66667,11.66667],"texture":"#5"}}},{"from":[7.25,13.95711,7.25],"to":[8.75,14.45711,8.75],"rotation":{"angle":-45,"axis":"y","origin":[8,13.83211,8]},"faces":{"north":{"uv":[8,13.33333,9,13.66667],"texture":"#5"},"east":{"uv":[13.33333,8,14.33333,8.33333],"texture":"#5"},"south":{"uv":[13.33333,8.66667,14.33333,9],"texture":"#5"},"west":{"uv":[9.33333,13.33333,10.33333,13.66667],"texture":"#5"},"up":{"uv":[1,12.33333,0,11.33333],"texture":"#5"},"down":{"uv":[12.33333,1.33333,11.33333,2.33333],"texture":"#5"}}},{"from":[7.25,22.04287,4.29884],"to":[8.75,23.54287,7.29884],"rotation":{"angle":22.5,"axis":"x","origin":[8,23.04287,5.42384]},"faces":{"north":{"uv":[11.33333,2.66667,12.33333,3.66667],"texture":"#5"},"east":{"uv":[7.33333,5.33333,9.33333,6.33333],"texture":"#5"},"south":{"uv":[12,0,13,1],"texture":"#5"},"west":{"uv":[7.33333,6.66667,9.33333,7.66667],"texture":"#5"},"up":{"uv":[5,8.66667,4,6.66667],"texture":"#5"},"down":{"uv":[6.33333,8,5.33333,10],"texture":"#5"}}},{"from":[7.25,23.54287,4.29884],"to":[8.75,25.04287,5.79884],"rotation":{"angle":22.5,"axis":"x","origin":[8,23.04287,5.42384]},"faces":{"north":{"uv":[3.33333,12,4.33333,13],"texture":"#5"},"east":{"uv":[12,4,13,5],"texture":"#5"},"south":{"uv":[4.66667,12,5.66667,13],"texture":"#5"},"west":{"uv":[12,5.33333,13,6.33333],"texture":"#5"},"up":{"uv":[7,13,6,12],"texture":"#5"}}},{"from":[7.25,22.04287,8.70116],"to":[8.75,23.54287,11.70116],"rotation":{"angle":-22.5,"axis":"x","origin":[8,23.04287,10.57616]},"faces":{"north":{"uv":[1.33333,12.66667,2.33333,13.66667],"texture":"#5"},"east":{"uv":[6.66667,8,8.66667,9],"texture":"#5"},"south":{"uv":[12.66667,1.33333,13.66667,2.33333],"texture":"#5"},"west":{"uv":[0,8.66667,2,9.66667],"texture":"#5"},"up":{"uv":[3,10.66667,2,8.66667],"texture":"#5"},"down":{"uv":[4.33333,8.66667,3.33333,10.66667],"texture":"#5"}}},{"from":[7.25,23.54287,10.20116],"to":[8.75,25.04287,11.70116],"rotation":{"angle":-22.5,"axis":"x","origin":[8,23.04287,10.57616]},"faces":{"north":{"uv":[12,9.33333,13,10.33333],"texture":"#5"},"east":{"uv":[10,12,11,13],"texture":"#5"},"south":{"uv":[12,10.66667,13,11.66667],"texture":"#5"},"west":{"uv":[11.33333,12,12.33333,13],"texture":"#5"},"up":{"uv":[1,13.66667,0,12.66667],"texture":"#5"}}},{"from":[7.29289,9.95711,7],"to":[8.29289,13.95711,8],"rotation":{"angle":-45,"axis":"y","origin":[7.29289,8.95711,8]},"faces":{"north":{"uv":[4.66667,8.66667,5.33333,11.33333],"texture":"#5"},"east":{"uv":[9.33333,1.33333,10,4],"texture":"#5"},"south":{"uv":[9.33333,4,10,6.66667],"texture":"#5"},"west":{"uv":[6.66667,9.33333,7.33333,12],"texture":"#5"},"up":{"uv":[10.66667,6.66667,10,6],"texture":"#5"}}},{"from":[7.29289,6.45711,7],"to":[8.29289,9.45711,8],"rotation":{"angle":-45,"axis":"y","origin":[7.29289,5.45711,8]},"faces":{"north":{"uv":[1.33333,10,2,12],"texture":"#5"},"east":{"uv":[10,4,10.66667,6],"texture":"#5"},"south":{"uv":[5.33333,10,6,12],"texture":"#5"},"west":{"uv":[6,10,6.66667,12],"texture":"#5"}}},{"from":[7.29289,14.45711,7],"to":[8.29289,17.45711,8],"rotation":{"angle":-45,"axis":"y","origin":[7.29289,13.45711,8]},"faces":{"north":{"uv":[10,8,10.66667,10],"texture":"#5"},"east":{"uv":[10,10,10.66667,12],"texture":"#5"},"south":{"uv":[2,10.66667,2.66667,12.66667],"texture":"#5"},"west":{"uv":[2.66667,10.66667,3.33333,12.66667],"texture":"#5"}}},{"from":[7,1.61498,8.42208],"to":[9,1.64498,9.42208],"rotation":{"angle":22.5,"axis":"x","origin":[8,1.4382,9.34886]},"faces":{"up":{"uv":[14,3.33333,12.66667,2.66667],"texture":"#5"},"down":{"uv":[14,3.33333,12.66667,4],"texture":"#5"}}},{"from":[7,0.53914,9.50712],"to":[9,1.53914,9.53712],"rotation":{"angle":-22.5,"axis":"x","origin":[8,1.46592,9.36034]},"faces":{"north":{"uv":[12.66667,12,14,12.66667],"texture":"#5"},"south":{"uv":[12.66667,12.66667,14,13.33333],"texture":"#5"}}},{"from":[7,1.61498,6.57792],"to":[9,1.64498,7.57792],"rotation":{"angle":-22.5,"axis":"x","origin":[8,1.4382,6.65114]},"faces":{"up":{"uv":[14.66667,0.66667,13.33333,0],"texture":"#5"},"down":{"uv":[14.66667,0.66667,13.33333,1.33333],"texture":"#5"}}},{"from":[7,0.53914,6.46288],"to":[9,1.53914,6.49288],"rotation":{"angle":22.5,"axis":"x","origin":[8,1.46592,6.63966]},"faces":{"north":{"uv":[2.66667,13.33333,4,14],"texture":"#5"},"south":{"uv":[4,13.33333,5.33333,14],"texture":"#5"}}},{"from":[7.04289,17.45711,7.75],"to":[8.54289,21.95711,9.25],"rotation":{"angle":45,"axis":"y","origin":[7.29289,17.70711,8]},"faces":{"north":{"uv":[0,0,1,3],"texture":"#5"},"east":{"uv":[1.33333,0,2.33333,3],"texture":"#5"},"south":{"uv":[2.66667,0,3.66667,3],"texture":"#5"},"west":{"uv":[0,3.33333,1,6.33333],"texture":"#5"},"up":{"uv":[13,7.66667,12,6.66667],"texture":"#5"},"down":{"uv":[8.33333,12,7.33333,13],"texture":"#5"}}},{"from":[7.04289,1.85711,7.75],"to":[8.54289,6.45711,9.25],"rotation":{"angle":45,"axis":"y","origin":[7.29289,2.10711,8]},"faces":{"north":{"uv":[1.33333,3.33333,2.33333,6.33333],"texture":"#5"},"east":{"uv":[2.66667,3.33333,3.66667,6.33333],"texture":"#5"},"south":{"uv":[4,0,5,3],"texture":"#5"},"west":{"uv":[4,3.33333,5,6.33333],"texture":"#5"},"up":{"uv":[13,9,12,8],"texture":"#5"},"down":{"uv":[9.66667,12,8.66667,13],"texture":"#5"}}},{"name":"cube_outline","from":[6.7,23.05,8.05],"to":[6.15,20.95,5.95],"rotation":{"angle":45,"axis":"x","origin":[5.85,21,8]},"faces":{"north":{"uv":[4,0,5,4],"texture":"#3"},"east":{"uv":[0,0,4,4],"texture":"#3"},"south":{"uv":[4,4,5,8],"texture":"#3"},"west":{"uv":[0,4,4,8],"texture":"#3"},"up":{"uv":[7,4,6,0],"texture":"#3"},"down":{"uv":[7,4,6,8],"texture":"#3"}}},{"name":"cube_outline","from":[9.85,23.05,8.05],"to":[9.3,20.95,5.95],"rotation":{"angle":45,"axis":"x","origin":[10.15,21,8]},"faces":{"north":{"uv":[5,0,4,4],"texture":"#3"},"east":{"uv":[4,4,0,8],"texture":"#3"},"south":{"uv":[5,4,4,8],"texture":"#3"},"west":{"uv":[4,0,0,4],"texture":"#3"},"up":{"uv":[6,4,7,0],"texture":"#3"},"down":{"uv":[6,4,7,8],"texture":"#3"}}},{"from":[7,24,8],"to":[9,26,10],"rotation":{"angle":-45,"axis":"x","origin":[7,24,8]},"faces":{"north":{"uv":[9.33333,6.66667,10.66667,8],"texture":"#5"},"east":{"uv":[7.33333,9.33333,8.66667,10.66667],"texture":"#5"},"south":{"uv":[8.66667,9.33333,10,10.66667],"texture":"#5"},"west":{"uv":[0,10,1.33333,11.33333],"texture":"#5"},"up":{"uv":[11.33333,2.66667,10,1.33333],"texture":"#5"},"down":{"uv":[11.33333,2.66667,10,4],"texture":"#5"}}},{"from":[7.25,23.5,9.78066],"to":[8.75,28.5,9.81066],"rotation":{"angle":0,"axis":"y","origin":[8,26,8]},"faces":{"north":{"uv":[1.5,0,0,5],"texture":"#7"},"south":{"uv":[0,0,1.5,5],"texture":"#7"}}},{"from":[7.25,23.5,9.78066],"to":[8.75,28.5,9.81066],"rotation":{"angle":45,"axis":"y","origin":[8,26,8]},"faces":{"north":{"uv":[3,0,1.5,5],"texture":"#7"},"south":{"uv":[1.5,0,3,5],"texture":"#7"}}},{"from":[9.78066,23.5,7.25],"to":[9.81066,28.5,8.75],"rotation":{"angle":0,"axis":"y","origin":[8,26,8]},"faces":{"east":{"uv":[3,0,4.5,5],"texture":"#7"},"west":{"uv":[4.5,0,3,5],"texture":"#7"}}},{"from":[9.78066,23.5,7.25],"to":[9.81066,28.5,8.75],"rotation":{"angle":45,"axis":"y","origin":[8,26,8]},"faces":{"east":{"uv":[4.5,0,6,5],"texture":"#7"},"west":{"uv":[6,0,4.5,5],"texture":"#7"}}},{"from":[7.25,23.5,6.18934],"to":[8.75,28.5,6.21934],"rotation":{"angle":45,"axis":"y","origin":[8,26,8]},"faces":{"north":{"uv":[7.5,0,9,5],"texture":"#7"},"south":{"uv":[9,0,7.5,5],"texture":"#7"}}},{"from":[7.25,23.5,6.18934],"to":[8.75,28.5,6.21934],"rotation":{"angle":0,"axis":"y","origin":[8,26,8]},"faces":{"north":{"uv":[6,0,7.5,5],"texture":"#7"},"south":{"uv":[7.5,0,6,5],"texture":"#7"}}},{"from":[6.18934,23.5,7.25],"to":[6.21934,28.5,8.75],"rotation":{"angle":45,"axis":"y","origin":[8,26,8]},"faces":{"east":{"uv":[12,0,10.5,5],"texture":"#7"},"west":{"uv":[10.5,0,12,5],"texture":"#7"}}},{"from":[6.18934,23.5,7.25],"to":[6.21934,28.5,8.75],"rotation":{"angle":0,"axis":"y","origin":[8,26,8]},"faces":{"east":{"uv":[10.5,0,9,5],"texture":"#7"},"west":{"uv":[9,0,10.5,5],"texture":"#7"}}},{"name":"cube_outline","from":[9.3,26.3,10.3],"to":[6.7,23.7,7.7],"rotation":{"angle":-45,"axis":"x","origin":[7,24,8]},"faces":{"north":{"uv":[0,0,2.5,2.5],"texture":"#6"},"east":{"uv":[0,3,2.5,5.5],"texture":"#6"},"south":{"uv":[3,0,5.5,2.5],"texture":"#6"},"west":{"uv":[3,3,5.5,5.5],"texture":"#6"},"up":{"uv":[2.5,8.5,0,6],"texture":"#6"},"down":{"uv":[8.5,0,6,2.5],"texture":"#6"}}}],"gui_light":"front","display":{"thirdperson_righthand":{"translation":[0,-6,0.75]},"thirdperson_lefthand":{"translation":[0,-6,0.75]},"firstperson_righthand":{"rotation":[8,0,0],"translation":[0.75,-8,-1]},"firstperson_lefthand":{"rotation":[8,0,0],"translation":[0.75,-8,-1]},"ground":{"rotation":[-45,0,0],"translation":[0,5,0],"scale":[0.7,0.7,0.7]},"gui":{"rotation":[-90,45,90],"translation":[4.5,-4.5,0],"scale":[0.8,0.8,0.8]},"head":{"rotation":[0,-90,0]},"fixed":{"rotation":[0,-90,0],"translation":[0,-8,-1.5],"scale":[2,2,2]}}}