{"credit":"Made with Blockbench","textures":{"2":"killburn_set:animations/animation_7","3":"killburn_set:emissive_texture/01","4":"killburn_set:wings","particle":"killburn_set:wings"},"elements":[{"from":[4.64032,4.64032,5.48],"to":[9.68032,9.68032,10.52],"rotation":{"angle":45,"axis":"z","origin":[8,8,8]},"faces":{"north":{"uv":[6,9,7.66667,10.66667],"texture":"#4"},"east":{"uv":[7.66667,9,9.33333,10.66667],"texture":"#4"},"south":{"uv":[9.33333,6.66667,11,8.33333],"texture":"#4"},"west":{"uv":[9.33333,8.33333,11,10],"texture":"#4"},"up":{"uv":[11,11.66667,9.33333,10],"texture":"#4"},"down":{"uv":[7.66667,10.66667,6,12.33333],"texture":"#4"}}},{"from":[5.34592,5.34592,4.976],"to":[8.97472,8.97472,11.024],"rotation":{"angle":45,"axis":"z","origin":[8,8,8]},"faces":{"north":{"uv":[11.33333,5,12.66667,6.33333],"texture":"#4"},"east":{"uv":[11,6.66667,13,8],"texture":"#4"},"south":{"uv":[11,11.33333,12.33333,12.66667],"texture":"#4"},"west":{"uv":[11,8,13,9.33333],"texture":"#4"},"up":{"uv":[9,12.66667,7.66667,10.66667],"texture":"#4"},"down":{"uv":[12.33333,9.33333,11,11.33333],"texture":"#4"}}},{"from":[7.98763,8.03729,6.488],"to":[14.03563,11.06129,9.512],"rotation":{"angle":-22.5,"axis":"z","origin":[7,9,8]},"faces":{"north":{"uv":[11.33333,1,13.33333,2],"texture":"#4"},"east":{"uv":[9,11.66667,10,12.66667],"texture":"#4"},"south":{"uv":[11.33333,2,13.33333,3],"texture":"#4"},"west":{"uv":[10,11.66667,11,12.66667],"texture":"#4"},"up":{"uv":[13.33333,4,11.33333,3],"texture":"#4"},"down":{"uv":[13.33333,4,11.33333,5],"texture":"#4"}}},{"from":[11.01163,11.06129,6.488],"to":[14.03563,14.08529,9.512],"rotation":{"angle":-22.5,"axis":"z","origin":[7,9,8]},"faces":{"north":{"uv":[1,12,2,13],"texture":"#4"},"east":{"uv":[2,12,3,13],"texture":"#4"},"south":{"uv":[3,12,4,13],"texture":"#4"},"west":{"uv":[4,12,5,13],"texture":"#4"},"up":{"uv":[6,13,5,12],"texture":"#4"}}},{"from":[9.2782,3.34431,7.96976],"to":[19.3582,9.39231,7.99976],"rotation":{"angle":22.5,"axis":"z","origin":[7,9,8]},"faces":{"north":{"uv":[6,7,9.33333,9],"texture":"#4"},"south":{"uv":[9.33333,7,6,9],"texture":"#4"}}},{"name":"cube_outline","from":[9.27712,9.27712,5.3792],"to":[5.04352,5.04352,4.2704],"rotation":{"angle":45,"axis":"z","origin":[8,8,8]},"faces":{"north":{"uv":[0,4,4,8],"texture":"#3"},"east":{"uv":[4,0,5,4],"texture":"#3"},"south":{"uv":[0,0,4,4],"texture":"#3"},"west":{"uv":[4,4,5,8],"texture":"#3"},"up":{"uv":[7,4,6,0],"rotation":90,"texture":"#3"},"down":{"uv":[7,4,6,8],"rotation":270,"texture":"#3"}}},{"name":"cube_outline","from":[9.27712,9.27712,11.7296],"to":[5.04352,5.04352,10.6208],"rotation":{"angle":45,"axis":"z","origin":[8,8,8]},"faces":{"north":{"uv":[4,0,0,4],"texture":"#3"},"east":{"uv":[5,0,4,4],"texture":"#3"},"south":{"uv":[4,4,0,8],"texture":"#3"},"west":{"uv":[5,4,4,8],"texture":"#3"},"up":{"uv":[6,4,7,0],"rotation":90,"texture":"#3"},"down":{"uv":[6,4,7,8],"rotation":270,"texture":"#3"}}},{"from":[13,0,8.5],"to":[31,18,8.53],"rotation":{"angle":0,"axis":"y","origin":[-3,0,-0.5]},"faces":{"north":{"uv":[0,0,6,6],"texture":"#4"},"south":{"uv":[6,0,0,6],"texture":"#4"}}},{"from":[7.32107,7,16.07107],"to":[22.32107,22,16.10107],"rotation":{"angle":-45,"axis":"y","origin":[17.32107,17.5,16.07107]},"faces":{"north":{"uv":[0.33333,6.66667,5.33333,11.66667],"texture":"#4"},"south":{"uv":[5.33333,6.66667,0.33333,11.66667],"texture":"#4"}}},{"from":[9.47062,-10,12.91822],"to":[22.47062,7,12.91822],"rotation":{"angle":-22.5,"axis":"y","origin":[19.70941,-13.5,12.91822]},"faces":{"north":{"uv":[6.66667,0.33333,11,6],"texture":"#4"},"south":{"uv":[11,0.33333,6.66667,6],"texture":"#4"}}},{"from":[1.96437,8.03729,6.488],"to":[8.01237,11.06129,9.512],"rotation":{"angle":22.5,"axis":"z","origin":[9,9,8]},"faces":{"north":{"uv":[13.33333,1,11.33333,2],"texture":"#4"},"east":{"uv":[11,11.66667,10,12.66667],"texture":"#4"},"south":{"uv":[13.33333,2,11.33333,3],"texture":"#4"},"west":{"uv":[10,11.66667,9,12.66667],"texture":"#4"},"up":{"uv":[11.33333,4,13.33333,3],"texture":"#4"},"down":{"uv":[11.33333,4,13.33333,5],"texture":"#4"}}},{"from":[1.96437,11.06129,6.488],"to":[4.98837,14.08529,9.512],"rotation":{"angle":22.5,"axis":"z","origin":[9,9,8]},"faces":{"north":{"uv":[2,12,1,13],"texture":"#4"},"east":{"uv":[5,12,4,13],"texture":"#4"},"south":{"uv":[4,12,3,13],"texture":"#4"},"west":{"uv":[3,12,2,13],"texture":"#4"},"up":{"uv":[5,13,6,12],"texture":"#4"}}},{"from":[-3.3582,3.34431,7.96976],"to":[6.7218,9.39231,7.99976],"rotation":{"angle":-22.5,"axis":"z","origin":[9,9,8]},"faces":{"north":{"uv":[9.33333,7,6,9],"texture":"#4"},"south":{"uv":[6,7,9.33333,9],"texture":"#4"}}},{"from":[-15,0,8.5],"to":[3,18,8.53],"rotation":{"angle":0,"axis":"y","origin":[19,0,-0.5]},"faces":{"north":{"uv":[6,0,0,6],"texture":"#4"},"south":{"uv":[0,0,6,6],"texture":"#4"}}},{"from":[-6.32107,7,16.07107],"to":[8.67893,22,16.10107],"rotation":{"angle":45,"axis":"y","origin":[-1.32107,17.5,16.07107]},"faces":{"north":{"uv":[5.33333,6.66667,0.33333,11.66667],"texture":"#4"},"south":{"uv":[0.33333,6.66667,5.33333,11.66667],"texture":"#4"}}},{"from":[-6.47062,-10,12.91822],"to":[6.52938,7,12.91822],"rotation":{"angle":22.5,"axis":"y","origin":[-3.70941,-13.5,12.91822]},"faces":{"north":{"uv":[11,0.33333,6.66667,6],"texture":"#4"},"south":{"uv":[6.66667,0.33333,11,6],"texture":"#4"}}},{"from":[12,4.09803,7.53715],"to":[32,14.09803,7.53715],"rotation":{"angle":22.5,"axis":"z","origin":[22,8.09803,7.98715]},"faces":{"north":{"uv":[0,0,10,5],"texture":"#2"}}},{"from":[-16,4.09803,7.53715],"to":[4,14.09803,7.53715],"rotation":{"angle":-22.5,"axis":"z","origin":[-6,8.09803,7.98715]},"faces":{"north":{"uv":[10,0,0,5],"texture":"#2"}}}],"gui_light":"front","display":{"thirdperson_righthand":{"rotation":[-128.25,0,180],"translation":[0,2.25,1.25],"scale":[0.5,0.5,0.5]},"thirdperson_lefthand":{"rotation":[66.75,0,0],"translation":[-5.5,-9,10]},"firstperson_righthand":{"rotation":[-25.5,180,0],"translation":[1.5,2,0],"scale":[0.49023,0.49023,0.49023]},"firstperson_lefthand":{"rotation":[8,0,0],"translation":[0.75,0.5,0],"scale":[0,0,0]},"ground":{"rotation":[-45,0,0],"translation":[0,5,0],"scale":[0.7,0.7,0.7]},"gui":{"rotation":[0,180,0],"translation":[0.25,1,0],"scale":[0.5,0.5,0.5]},"head":{"translation":[0,-12.25,10.5],"scale":[1.6,1.6,1.6]},"fixed":{"rotation":[0,180,0],"translation":[0,0,-3],"scale":[2,2,2]}}}